OBJECTID,X,Y,areaUnitID,bicycle,bus,carStationWagon,crashDirectionDescription,crashFinancialYear,crashLocation1,crashLocation2,crashSeverity,crashSHDescription,crashYear,directionRoleDescription,fatalCount,fence,flatHill,guardRail,holiday,houseOrBuilding,kerb,light,meshblockId,minorInjuryCount,moped,motorcycle,NumberOfLanes,otherVehicleType,parkedVehicle,pedestrian,region,roadCharacter,roadLane,roadSurface,schoolBus,seriousInjuryCount,slipOrFlood,speedLimit,strayAnimal,streetLight,suv,taxi,temporarySpeedLimit,tlaId,tlaName,trafficControl,trafficIsland,trafficSign,train,tree,truck,unknownVehicleType,urban,vanOrUtility,vehicle,waterRiver,weatherA
260427,1932997.0,5601844.0,548831.0,0.0,0.0,4.0,Null,2007/2008,KARANEMA DRIVE,TE MATA ROAD,Minor Crash,No,2008,North,0.0,1.0,Flat,0.0,,0.0,0.0,Bright sun,1509700.0,1.0,0.0,0.0,4.0,0.0,1.0,,Hawke's Bay Region,Nil,2-way,Sealed,0.0,0.0,0.0,50.0,0.0,Null,0.0,0.0,,30.0,Hastings District,Give way,0.0,0.0,0.0,2.0,0.0,0.0,Urban,1.0,0.0,0.0,Fine
487943,1934936.0,5606875.0,545722.0,0.0,0.0,1.0,South,2002/2003,LAWN ROAD,MILL ROAD,Minor Crash,No,2002,South,0.0,0.0,Flat,0.0,,0.0,0.0,Dark,1406400.0,2.0,0.0,0.0,2.0,0.0,0.0,,Hawke's Bay Region,Nil,2-way,Sealed,0.0,0.0,0.0,100.0,0.0,None,0.0,0.0,,30.0,Hastings District,Nil,0.0,0.0,0.0,0.0,0.0,0.0,Open,0.0,0.0,0.0,Fine
431061,1930340.0,5604821.0,548200.0,0.0,0.0,2.0,Null,2000/2001,ST AUBYN ST EAST,HASTINGS ST NORTH,Minor Crash,No,2001,South,0.0,0.0,Flat,0.0,,0.0,0.0,Bright sun,1493501.0,1.0,0.0,0.0,4.0,0.0,0.0,,Hawke's Bay Region,Nil,2-way,Sealed,0.0,0.0,0.0,50.0,0.0,Null,0.0,0.0,,30.0,Hastings District,Traffic Signals,0.0,1.0,0.0,0.0,0.0,0.0,Urban,0.0,0.0,0.0,Fine
9122,1927914.0,5606383.0,548500.0,0.0,0.0,2.0,North,2008/2009,LOWE ST,HUIA ST,Non-Injury Crash,No,2008,North,0.0,,Flat,,,,,Bright sun,1479500.0,0.0,0.0,0.0,2.0,0.0,,,Hawke's Bay Region,Nil,2-way,Sealed,0.0,0.0,,50.0,,Null,0.0,0.0,,30.0,Hastings District,Nil,,,,,0.0,0.0,Urban,0.0,,,Fine
683817,1920488.0,5649391.0,545911.0,0.0,0.0,1.0,North,2015/2016,OHURAKURA ROAD,CLAYMORE ROAD,Minor Crash,No,2015,South,0.0,,Hill Road,,,,,Bright sun,1415900.0,1.0,0.0,0.0,2.0,0.0,,,Hawke's Bay Region,Nil,2-way,Sealed,0.0,0.0,,100.0,,Null,0.0,0.0,,30.0,Hastings District,Nil,,,,,0.0,0.0,Open,0.0,,,Fine
572150,1929819.0,5604072.0,548300.0,0.0,0.0,2.0,Null,2017/2018,MASSEY ST,WILLOWPARK ROAD SOUTH,Non-Injury Crash,No,2017,South,0.0,,Flat,,,,,Overcast,1502200.0,0.0,0.0,0.0,1.0,0.0,,,Hawke's Bay Region,Nil,2-way,Sealed,0.0,0.0,,50.0,,Null,0.0,0.0,,30.0,Hastings District,Give way,,,,,0.0,0.0,Urban,0.0,,,Fine
470142,1933574.0,5609828.0,545832.0,0.0,0.0,1.0,North,2007/2008,FARNDON ROAD,CHESTERHOPE BRIDGE,Non-Injury Crash,No,2007,North,0.0,0.0,Flat,0.0,Labour Weekend,0.0,0.0,Bright sun,1404200.0,0.0,0.0,0.0,2.0,0.0,0.0,,Hawke's Bay Region,Nil,2-way,Sealed,0.0,0.0,0.0,100.0,0.0,Null,0.0,0.0,,30.0,Hastings District,Nil,0.0,0.0,0.0,0.0,0.0,0.0,Open,0.0,0.0,0.0,Fine
187503,1932429.0,5610407.0,545832.0,0.0,0.0,2.0,West,2017/2018,HODGSON ROAD,PAKOWHAI ROAD,Non-Injury Crash,No,2018,South,0.0,0.0,Flat,0.0,,0.0,0.0,Overcast,1404100.0,0.0,0.0,0.0,2.0,0.0,1.0,,Hawke's Bay Region,Nil,2-way,Sealed,0.0,0.0,0.0,80.0,0.0,Null,0.0,0.0,,30.0,Hastings District,Unknown,0.0,0.0,0.0,0.0,0.0,0.0,Open,0.0,0.0,0.0,Null
179572,1931168.0,5605387.0,548000.0,0.0,0.0,2.0,Null,2003/2004,GROVE ROAD,AMANDA PLACE,Minor Crash,No,2003,South,0.0,,Flat,,,,,Twilight,1497100.0,1.0,0.0,0.0,2.0,0.0,,,Hawke's Bay Region,Nil,2-way,Sealed,0.0,0.0,,50.0,,Off,0.0,0.0,,30.0,Hastings District,Nil,,,,,0.0,0.0,Urban,0.0,,,Fine
278635,1924629.0,5609011.0,545710.0,0.0,0.0,0.0,South,2015/2016,OMAHU ROAD,JAMES ROCHFORT PLACE,Minor Crash,No,2016,South,0.0,,Flat,,,,,Bright sun,1470600.0,1.0,0.0,0.0,2.0,0.0,,,Hawke's Bay Region,Nil,2-way,Sealed,0.0,0.0,,70.0,,Null,0.0,0.0,,30.0,Hastings District,Nil,,,,,2.0,0.0,Urban,0.0,,,Fine
361229,1911729.0,5585707.0,545851.0,0.0,0.0,1.0,South,2000/2001,SH 2,BOUNDARY ROAD,Non-Injury Crash,Yes,2001,South,0.0,0.0,Flat,0.0,,0.0,0.0,Twilight,1464900.0,0.0,0.0,0.0,2.0,0.0,0.0,,Hawke's Bay Region,Nil,2-way,Sealed,0.0,0.0,0.0,100.0,0.0,None,0.0,0.0,,30.0,Hastings District,Nil,0.0,0.0,0.0,0.0,0.0,0.0,Open,0.0,0.0,0.0,Fine
714394,1927492.9972,5607327.2045,548400.0,0.0,0.0,2.0,South,2019/2020,HAWKES BAY EXPRESSWAY,OMAHU ROAD,Non-Injury Crash,Yes,2019,North,0.0,,Flat,,,,,Dark,1473500.0,0.0,0.0,0.0,2.0,0.0,,,Hawke's Bay Region,Nil,2-way,Sealed,0.0,0.0,,100.0,,None,0.0,0.0,,30.0,Hastings District,Nil,,,,,0.0,0.0,Open,0.0,,,Fine
722180,1929854.7808,5605479.0328,548200.0,0.0,0.0,1.0,Null,2019/2020,NELSON STREET,ST AUBYN STREET WEST,Non-Injury Crash,No,2019,South,0.0,,Flat,,,,,Bright sun,1491000.0,0.0,0.0,0.0,2.0,0.0,,,Hawke's Bay Region,Nil,2-way,Sealed,0.0,0.0,,,,Off,0.0,0.0,,30.0,Hastings District,Unknown,,,,,0.0,0.0,Urban,1.0,,,Fine
645860,1929024.0,5605966.0,547700.0,0.0,0.0,1.0,North,2016/2017,HERETAUNGA ST WEST,GALLIEN ST,Non-Injury Crash,No,2016,North,0.0,0.0,Flat,0.0,,0.0,0.0,Overcast,1487400.0,0.0,0.0,0.0,2.0,0.0,1.0,,Hawke's Bay Region,Nil,2-way,Sealed,0.0,0.0,0.0,50.0,0.0,Off,0.0,0.0,,30.0,Hastings District,Unknown,0.0,0.0,0.0,0.0,0.0,0.0,Urban,1.0,0.0,0.0,Light rain
565257,1924009.0,5607121.0,548612.0,0.0,0.0,2.0,South,2003/2004,LIVINGSTONE ROAD,BURTON CRESCENT,Non-Injury Crash,No,2004,South,0.0,,Flat,,,,,Overcast,1474003.0,0.0,0.0,0.0,2.0,0.0,,,Hawke's Bay Region,Nil,2-way,Sealed,0.0,0.0,,50.0,,Null,0.0,0.0,,30.0,Hastings District,Nil,,,,,0.0,0.0,Urban,0.0,,,Fine
43308,1926092.529,5605700.9223,545761.0,0.0,0.0,1.0,South,2019/2020,HAWKES BAY EXPRESSWAY,FLAXMERE AVENUE,Serious Crash,Yes,2020,North,0.0,1.0,Flat,1.0,Queens Birthday,0.0,0.0,Dark,1470102.0,0.0,0.0,0.0,2.0,0.0,0.0,,Hawke's Bay Region,Nil,2-way,Sealed,0.0,1.0,0.0,100.0,0.0,None,0.0,0.0,,30.0,Hastings District,Unknown,0.0,0.0,0.0,0.0,0.0,0.0,Open,0.0,0.0,0.0,Fine
267210,1925128.0,5637531.0,545811.0,0.0,0.0,1.0,West,2003/2004,SH 5,BEATTIE ROAD,Minor Crash,Yes,2004,West,0.0,0.0,Hill Road,1.0,,0.0,0.0,Dark,1414700.0,1.0,0.0,0.0,3.0,0.0,0.0,,Hawke's Bay Region,Nil,2-way,Sealed,0.0,0.0,0.0,100.0,0.0,None,0.0,0.0,,30.0,Hastings District,Nil,0.0,0.0,0.0,0.0,0.0,0.0,Open,0.0,0.0,0.0,Light rain
51618,1929312.6181,5633147.5965,545811.0,0.0,0.0,0.0,East,2018/2019,005-0249,WAIPUNGA ROAD,Non-Injury Crash,Yes,2018,East,0.0,,Flat,,,,,Overcast,1414700.0,0.0,0.0,0.0,2.0,0.0,,,Hawke's Bay Region,Nil,2-way,Sealed,0.0,0.0,,100.0,,None,1.0,0.0,,30.0,Hastings District,Unknown,,,,,0.0,0.0,Open,1.0,,,Light rain
298626,1932834.0,5601937.0,548831.0,0.0,0.0,2.0,Null,2011/2012,KARANEMA DRIVE,NAPIER ROAD,Non-Injury Crash,No,2012,South,0.0,,Flat,,,,,Dark,1509100.0,0.0,0.0,0.0,2.0,0.0,,,Hawke's Bay Region,Nil,2-way,Sealed,0.0,0.0,,50.0,,On,0.0,0.0,,30.0,Hastings District,Give way,,,,,0.0,0.0,Urban,0.0,,,Heavy rain
693063,1927641.0,5607417.0,547800.0,0.0,0.0,1.0,Null,2006/2007,SH 50A,OMAHU ROAD,Non-Injury Crash,Yes,2007,South,0.0,1.0,Flat,0.0,,0.0,0.0,Bright sun,1476600.0,0.0,0.0,0.0,4.0,0.0,0.0,,Hawke's Bay Region,Nil,2-way,Sealed,0.0,0.0,0.0,100.0,0.0,Null,0.0,0.0,,30.0,Hastings District,Give way,0.0,0.0,0.0,0.0,0.0,0.0,Open,0.0,0.0,0.0,Fine
573745,1930203.0,5600860.0,545762.0,0.0,0.0,1.0,East,2017/2018,TE AUTE ROAD,RICHARD ROAD,Non-Injury Crash,No,2017,East,0.0,,Flat,,,,,Bright sun,1465200.0,0.0,0.0,0.0,2.0,0.0,,,Hawke's Bay Region,Nil,2-way,Sealed,0.0,0.0,,100.0,,Null,0.0,0.0,,30.0,Hastings District,Unknown,,,,,0.0,0.0,Open,0.0,,,Fine
55704,1927277.0,5607671.0,545710.0,0.0,0.0,2.0,Null,2009/2010,OMAHU ROAD,WILSON ROAD,Non-Injury Crash,No,2009,East,0.0,,Flat,,,,,Overcast,1471000.0,0.0,0.0,0.0,2.0,0.0,,,Hawke's Bay Region,Nil,2-way,Sealed,0.0,0.0,,50.0,,Null,0.0,0.0,,30.0,Hastings District,Give way,,,,,0.0,0.0,Urban,0.0,,,Fine
735581,1924840.0,5606661.0,548620.0,0.0,0.0,1.0,Null,2006/2007,CAERNARVON DRIVE,SWANSEA ROAD,Minor Crash,No,2006,South,0.0,,Flat,,,,,Twilight,1475000.0,1.0,0.0,0.0,2.0,0.0,,,Hawke's Bay Region,Nil,2-way,Sealed,0.0,0.0,,50.0,,On,0.0,0.0,,30.0,Hastings District,Stop,,,,,0.0,0.0,Urban,1.0,,,Mist or Fog
522081,1929572.0,5605242.0,548200.0,0.0,0.0,1.0,North,2000/2001,HERETAUNGA ST WEST,KING ST SOUTH,Minor Crash,No,2001,East,0.0,,Flat,,,,,Bright sun,1490700.0,1.0,0.0,0.0,2.0,0.0,,1.0,Hawke's Bay Region,Nil,2-way,Sealed,0.0,0.0,,50.0,,Null,0.0,0.0,,30.0,Hastings District,Nil,,,,,0.0,0.0,Urban,0.0,,,Fine
484069,1930073.0,5605180.0,548200.0,0.0,0.0,2.0,Null,2011/2012,ST AUBYN ST EAST,RUSSELL ST NORTH,Non-Injury Crash,No,2011,North,0.0,,Flat,,,,,Bright sun,1492300.0,0.0,0.0,0.0,4.0,0.0,,,Hawke's Bay Region,Nil,2-way,Sealed,0.0,0.0,,50.0,,Null,0.0,0.0,,30.0,Hastings District,Stop,,,,,0.0,0.0,Urban,0.0,,,Fine
718271,1931284.0,5605205.0,548000.0,0.0,0.0,1.0,West,2005/2006,GROVE ROAD,WILLOWPARK ROAD NORTH,Non-Injury Crash,No,2006,West,0.0,,Flat,,,,,Overcast,1497100.0,0.0,0.0,0.0,2.0,0.0,,,Hawke's Bay Region,Nil,2-way,Sealed,0.0,0.0,,50.0,,Null,1.0,0.0,,30.0,Hastings District,Nil,,,,,0.0,0.0,Urban,0.0,,,Fine
293110,1926791.0,5605815.0,545761.0,0.0,0.0,2.0,South,2016/2017,YORK ROAD,MARAEKAKAHO ROAD,Fatal Crash,No,2017,North,1.0,,Flat,,,,,Overcast,1469905.0,1.0,0.0,0.0,2.0,0.0,,,Hawke's Bay Region,Nil,2-way,Sealed,0.0,0.0,,100.0,,Null,0.0,0.0,,30.0,Hastings District,Unknown,,,,,0.0,0.0,Open,1.0,,,Fine
397732,1934586.0,5646617.0,545911.0,0.0,0.0,1.0,North,2010/2011,SH 2,KAIWAKA ROAD,Non-Injury Crash,Yes,2011,South,0.0,,Flat,,,,,Overcast,1415400.0,0.0,0.0,0.0,2.0,0.0,,,Hawke's Bay Region,Nil,2-way,Sealed,0.0,0.0,,100.0,,Null,0.0,0.0,,30.0,Hastings District,Nil,,,,,0.0,0.0,Open,1.0,,,Heavy rain
423458,1931755.0,5631578.0,545611.0,0.0,0.0,1.0,South,2006/2007,HILL ROAD,SH 5,Non-Injury Crash,No,2007,North,0.0,1.0,Hill Road,0.0,,0.0,0.0,Dark,1413900.0,0.0,0.0,0.0,2.0,0.0,0.0,,Hawke's Bay Region,Nil,2-way,Sealed,0.0,0.0,0.0,100.0,0.0,On,0.0,0.0,,30.0,Hastings District,Nil,0.0,0.0,0.0,0.0,0.0,0.0,Open,0.0,0.0,0.0,Fine
452421,1934856.0,5647997.0,545911.0,0.0,0.0,1.0,North,2011/2012,SH 2,WAIKOAU BR,Minor Crash,Yes,2011,North,0.0,0.0,Hill Road,0.0,,0.0,0.0,Overcast,1415400.0,1.0,0.0,0.0,2.0,0.0,0.0,,Hawke's Bay Region,Nil,2-way,Sealed,0.0,0.0,0.0,100.0,0.0,Null,0.0,0.0,,30.0,Hastings District,Nil,0.0,0.0,0.0,0.0,0.0,0.0,Open,0.0,0.0,0.0,Heavy rain
553462,1930264.0,5604099.0,548300.0,0.0,0.0,2.0,South,2016/2017,RIVERSLEA ROAD SOUTH,DUFFERIN ST,Non-Injury Crash,No,2017,South,0.0,,Flat,,,,,Overcast,1501600.0,0.0,0.0,0.0,2.0,0.0,,,Hawke's Bay Region,Nil,2-way,Sealed,0.0,0.0,,50.0,,Null,0.0,0.0,,30.0,Hastings District,Nil,,,,,0.0,0.0,Urban,0.0,,,Fine
516498,1927376.1588,5604009.9973,545761.0,0.0,0.0,1.0,West,2020/2021,HEATHCOTE ROAD,SOUTHLAND ROAD,Non-Injury Crash,No,2020,South,0.0,0.0,Flat,0.0,,0.0,0.0,Bright sun,1468801.0,0.0,0.0,0.0,2.0,0.0,0.0,,Hawke's Bay Region,Nil,2-way,Sealed,0.0,0.0,0.0,100.0,0.0,Off,0.0,0.0,,30.0,Hastings District,Nil,0.0,0.0,0.0,0.0,0.0,0.0,Open,0.0,0.0,0.0,Fine
56953,1934326.0,5646553.0,545911.0,0.0,0.0,1.0,West,2015/2016,SH 2,MATAHORUA ROAD,Non-Injury Crash,Yes,2015,West,0.0,,Flat,,,,,Bright sun,1415400.0,0.0,0.0,0.0,2.0,0.0,,,Hawke's Bay Region,Nil,2-way,Sealed,0.0,0.0,,100.0,,Null,0.0,0.0,,30.0,Hastings District,Nil,,,,,1.0,0.0,Open,0.0,,,Fine
111221,1937640.0,5594921.0,545860.0,0.0,0.0,1.0,West,2010/2011,WAIMARAMA ROAD,LOPEZ LANE,Non-Injury Crash,No,2010,East,0.0,0.0,Hill Road,0.0,,0.0,0.0,Dark,1467400.0,0.0,0.0,0.0,2.0,0.0,0.0,,Hawke's Bay Region,Nil,2-way,Sealed,0.0,0.0,0.0,100.0,0.0,None,0.0,0.0,,30.0,Hastings District,Nil,0.0,0.0,0.0,0.0,0.0,0.0,Open,0.0,0.0,0.0,Light rain
527727,1928044.0,5605694.0,547900.0,0.0,0.0,0.0,Null,2010/2011,MARAEKAKAHO ROAD,KAIAPO ROAD,Non-Injury Crash,No,2010,South,0.0,0.0,Flat,0.0,,0.0,0.0,Dark,1479900.0,0.0,0.0,0.0,2.0,0.0,0.0,,Hawke's Bay Region,Nil,2-way,Sealed,0.0,0.0,0.0,50.0,0.0,On,0.0,0.0,,30.0,Hastings District,Give way,0.0,0.0,0.0,0.0,1.0,0.0,Urban,0.0,0.0,0.0,Fine
134029,1931466.0,5606300.0,545721.0,0.0,0.0,1.0,Null,2002/2003,KENILWORTH ROAD,CAROLINE ROAD,Non-Injury Crash,No,2002,East,0.0,,Flat,,,,,Overcast,1471700.0,0.0,0.0,0.0,2.0,0.0,,,Hawke's Bay Region,Nil,2-way,Sealed,0.0,0.0,,50.0,,Null,0.0,0.0,,30.0,Hastings District,Nil,,,,,0.0,0.0,Urban,1.0,,,Light rain
94755,1923079.0,5611804.0,545822.0,0.0,0.0,2.0,Null,2017/2018,SH 50,TAIHAPE ROAD,Non-Injury Crash,Yes,2017,East,0.0,,Flat,,,,,Bright sun,1409300.0,0.0,0.0,0.0,2.0,0.0,,,Hawke's Bay Region,Nil,2-way,Sealed,0.0,0.0,,50.0,,Null,0.0,0.0,,30.0,Hastings District,Give way,,,,,0.0,0.0,Urban,0.0,,,Fine
621507,1932044.0,5601046.0,548810.0,0.0,0.0,1.0,Null,2017/2018,PALMERSTON ROAD,MIDDLE ROAD,Non-Injury Crash,No,2017,North,0.0,1.0,Flat,0.0,Christmas New Year,0.0,0.0,Dark,1505500.0,0.0,0.0,0.0,2.0,0.0,0.0,,Hawke's Bay Region,Nil,2-way,Sealed,0.0,0.0,0.0,50.0,0.0,On,0.0,0.0,,30.0,Hastings District,Give way,0.0,0.0,0.0,0.0,0.0,0.0,Urban,0.0,0.0,0.0,Fine
464898,1913334.0,5595400.0,545841.0,0.0,0.0,0.0,Null,2015/2016,RAUKAWA ROAD,ANAROA ROAD,Non-Injury Crash,No,2016,South,0.0,,Flat,,Easter,,,Bright sun,1463000.0,0.0,0.0,1.0,2.0,0.0,,,Hawke's Bay Region,Nil,2-way,Sealed,0.0,0.0,,100.0,,Null,0.0,0.0,,30.0,Hastings District,Give way,,,,,0.0,0.0,Open,0.0,,,Fine
615031,1937362.0,5594912.0,545860.0,0.0,0.0,1.0,West,2016/2017,WAIMARAMA ROAD,LOPEZ LANE,Non-Injury Crash,No,2017,West,0.0,0.0,Hill Road,0.0,,0.0,0.0,Overcast,1467200.0,0.0,0.0,0.0,2.0,0.0,0.0,,Hawke's Bay Region,Nil,2-way,Sealed,0.0,0.0,0.0,100.0,0.0,Null,0.0,0.0,,30.0,Hastings District,Unknown,0.0,0.0,0.0,0.0,0.0,0.0,Open,0.0,0.0,0.0,Light rain
50300,1928501.0,5604642.0,547900.0,1.0,0.0,1.0,Null,2002/2003,SOUTHLAND ROAD,GASCOIGNE ST,Minor Crash,No,2003,South,0.0,,Flat,,,,,Overcast,1482000.0,1.0,0.0,0.0,2.0,0.0,,,Hawke's Bay Region,Nil,2-way,Sealed,0.0,0.0,,50.0,,Null,0.0,0.0,,30.0,Hastings District,Give way,,,,,0.0,0.0,Urban,0.0,,,Fine
3588,1928382.2119999998,5605950.3904,548500.0,0.0,0.0,0.0,East,2018/2019,MARAEKAKAHO ROAD,FRANCIS HICKS AVENUE,Non-Injury Crash,No,2019,North,0.0,,Flat,,,,,Bright sun,1479600.0,0.0,0.0,0.0,2.0,0.0,,,Hawke's Bay Region,Nil,2-way,Sealed,0.0,0.0,,50.0,,Off,1.0,0.0,,30.0,Hastings District,Unknown,,,,,0.0,0.0,Urban,2.0,,,Fine
554464,1932391.0,5603397.0,545721.0,0.0,0.0,1.0,South,2009/2010,ST GEORGES ROAD,CROSSES ROAD,Minor Crash,No,2010,East,0.0,0.0,Flat,0.0,,0.0,0.0,Dark,1472702.0,2.0,0.0,0.0,2.0,0.0,0.0,,Hawke's Bay Region,Nil,2-way,Sealed,0.0,0.0,0.0,80.0,0.0,On,0.0,0.0,,30.0,Hastings District,Nil,0.0,1.0,0.0,1.0,0.0,0.0,Open,0.0,0.0,0.0,Mist or Fog
696239,1932378.0,5610805.0,545832.0,0.0,0.0,1.0,North,2016/2017,PAKOWHAI ROAD,HODGSON ROAD,Minor Crash,No,2016,North,0.0,0.0,Flat,0.0,,0.0,0.0,Dark,1404000.0,1.0,0.0,0.0,2.0,0.0,0.0,,Hawke's Bay Region,Nil,2-way,Sealed,0.0,0.0,0.0,80.0,0.0,None,0.0,0.0,,30.0,Hastings District,Unknown,0.0,0.0,0.0,0.0,0.0,0.0,Open,0.0,0.0,0.0,Fine
736568,1927577.0,5607439.0,548400.0,0.0,0.0,1.0,Null,2014/2015,OMAHU ROAD,SH 50A,Non-Injury Crash,No,2015,South,0.0,,Flat,,,,,Bright sun,1473600.0,0.0,0.0,0.0,2.0,0.0,,,Hawke's Bay Region,Nil,2-way,Sealed,0.0,0.0,,50.0,,Null,0.0,0.0,,30.0,Hastings District,Give way,,,,,1.0,0.0,Urban,0.0,,,Fine
431347,1930935.0,5613540.0,545831.0,0.0,0.0,1.0,Null,2007/2008,SH 50 LINKS ROAD,SH 50A,Non-Injury Crash,Yes,2007,East,0.0,,Flat,,,,,Bright sun,1404600.0,0.0,0.0,0.0,2.0,0.0,,,Hawke's Bay Region,Nil,2-way,Sealed,0.0,0.0,,100.0,,Null,0.0,0.0,,30.0,Hastings District,Give way,,,,,0.0,0.0,Open,1.0,,,Fine
309353,1930308.7896,5660690.6879,545911.0,0.0,0.0,0.0,North,2014/2015,POHOKURA ROAD,MATAHORUA ROAD,Fatal Crash,No,2015,South,1.0,,Hill Road,,,,,Bright sun,1416100.0,0.0,0.0,0.0,2.0,1.0,,,Hawke's Bay Region,Nil,2-way,Unsealed,0.0,0.0,,100.0,,Null,0.0,0.0,,30.0,Hastings District,Nil,,,,,0.0,0.0,Open,0.0,,,Fine
513712,1928017.0,5608208.0,545710.0,0.0,0.0,1.0,North,2012/2013,ORMOND ROAD,OMAHU ROAD,Serious Crash,No,2012,North,0.0,0.0,Flat,0.0,,0.0,0.0,Dark,1471201.0,0.0,0.0,0.0,2.0,0.0,0.0,,Hawke's Bay Region,Nil,2-way,Sealed,0.0,1.0,0.0,60.0,0.0,None,0.0,0.0,,30.0,Hastings District,Nil,0.0,0.0,0.0,1.0,0.0,0.0,Urban,0.0,0.0,0.0,Fine
295191,1932738.0,5602013.0,548831.0,0.0,0.0,2.0,Null,2001/2002,KARANEMA DRIVE,DONNELLY ST,Non-Injury Crash,No,2001,South,0.0,,Flat,,,,,Twilight,1509600.0,0.0,0.0,0.0,2.0,0.0,,,Hawke's Bay Region,Nil,2-way,Sealed,0.0,0.0,,50.0,,Off,0.0,1.0,,30.0,Hastings District,Nil,,,,,0.0,0.0,Urban,0.0,,,Fine
584878,1934382.0,5601763.0,548831.0,0.0,0.0,1.0,West,2014/2015,TE MATA ROAD,DURHAM DRIVE,Minor Crash,No,2014,West,0.0,0.0,Flat,1.0,,0.0,0.0,Bright sun,1510100.0,1.0,0.0,0.0,2.0,0.0,0.0,,Hawke's Bay Region,Nil,2-way,Sealed,0.0,0.0,0.0,50.0,0.0,Null,0.0,0.0,,30.0,Hastings District,Nil,1.0,0.0,0.0,0.0,0.0,0.0,Urban,0.0,0.0,0.0,Fine
126904,1929271.0,5605639.0,547700.0,0.0,0.0,2.0,South,2013/2014,HERETAUNGA ST WEST,LOVEDALE ROAD,Non-Injury Crash,No,2013,North,0.0,0.0,Flat,0.0,,0.0,0.0,Twilight,1487900.0,0.0,0.0,0.0,2.0,0.0,0.0,,Hawke's Bay Region,Nil,2-way,Sealed,0.0,0.0,0.0,50.0,0.0,On,0.0,0.0,,30.0,Hastings District,Nil,0.0,0.0,0.0,0.0,0.0,0.0,Urban,0.0,1.0,0.0,Fine
500102,1931782.0,5604363.0,548100.0,0.0,0.0,2.0,South,2016/2017,WINDSOR AVENUE,GROVE ROAD,Non-Injury Crash,No,2016,South,0.0,0.0,Flat,0.0,,0.0,0.0,Bright sun,1499900.0,0.0,0.0,0.0,2.0,0.0,0.0,,Hawke's Bay Region,Nil,2-way,Sealed,0.0,0.0,0.0,50.0,0.0,Null,0.0,0.0,,30.0,Hastings District,Unknown,0.0,0.0,0.0,0.0,0.0,0.0,Urban,0.0,0.0,0.0,Fine
520233,1909302.0,5672304.0,545911.0,0.0,0.0,1.0,South,2002/2003,SH 5,TATARAAKINA ROAD,Non-Injury Crash,Yes,2002,North,0.0,0.0,Hill Road,0.0,,0.0,0.0,Overcast,1281200.0,0.0,0.0,0.0,2.0,0.0,0.0,,Hawke's Bay Region,Nil,2-way,Sealed,0.0,0.0,0.0,100.0,0.0,Null,0.0,0.0,,30.0,Hastings District,Nil,0.0,0.0,0.0,0.0,0.0,0.0,Open,0.0,0.0,0.0,Mist or Fog
412588,1931067.0,5605016.0,548000.0,0.0,0.0,1.0,East,2013/2014,WILLOWPARK ROAD NORTH,JERVOIS ST,Serious Crash,No,2013,West,0.0,,Flat,,,,,Bright sun,1497700.0,0.0,0.0,0.0,2.0,0.0,,1.0,Hawke's Bay Region,Nil,2-way,Sealed,0.0,1.0,,50.0,,Null,0.0,0.0,,30.0,Hastings District,Nil,,,,,0.0,0.0,Urban,0.0,,,Fine
731917,1908671.0,5674668.0,545911.0,0.0,0.0,1.0,North,2005/2006,SH 5,TARAWERA TAV,Non-Injury Crash,Yes,2006,East,0.0,0.0,Hill Road,0.0,,0.0,0.0,Overcast,1281200.0,0.0,0.0,0.0,2.0,0.0,0.0,,Hawke's Bay Region,Nil,2-way,Sealed,0.0,0.0,0.0,100.0,0.0,Null,0.0,0.0,,30.0,Hastings District,Nil,0.0,0.0,0.0,0.0,0.0,0.0,Open,0.0,0.0,0.0,Heavy rain
528829,1936855.0,5612880.0,545832.0,0.0,0.0,1.0,Null,2001/2002,SH 2,NGARURORO BR,Non-Injury Crash,Yes,2001,North,0.0,,Flat,,,,,Bright sun,1404200.0,0.0,0.0,0.0,2.0,0.0,,,Hawke's Bay Region,Bridge,2-way,Sealed,0.0,0.0,,100.0,,None,0.0,0.0,,30.0,Hastings District,Nil,,,,,0.0,0.0,Open,1.0,,,Fine
321314,1929657.0,5605330.0,548200.0,0.0,0.0,2.0,Null,2001/2002,NELSON ST NORTH,QUEEN ST WEST,Non-Injury Crash,No,2002,North,0.0,,Flat,,,,,Bright sun,1490800.0,0.0,0.0,0.0,2.0,0.0,,,Hawke's Bay Region,Nil,2-way,Sealed,0.0,0.0,,50.0,,Null,0.0,0.0,,30.0,Hastings District,Give way,,,,,0.0,0.0,Urban,0.0,,,Fine
73317,1928534.5465,5606014.3321,547700.0,0.0,0.0,2.0,South,2018/2019,SOUTHAMPTON STREET WEST,MARAEKAKAHO ROAD,Non-Injury Crash,No,2019,West,0.0,0.0,Flat,0.0,,0.0,0.0,Overcast,1486500.0,0.0,0.0,0.0,2.0,0.0,0.0,,Hawke's Bay Region,Nil,2-way,Sealed,0.0,0.0,0.0,50.0,0.0,Off,0.0,0.0,,30.0,Hastings District,Nil,1.0,1.0,0.0,0.0,0.0,0.0,Urban,0.0,0.0,0.0,Fine
661269,1930570.3421,5610883.4094,545832.0,0.0,1.0,0.0,North,2018/2019,50A-0000,EVENDEN ROAD,Non-Injury Crash,Yes,2019,South,0.0,,Flat,,,,,Overcast,1404400.0,0.0,0.0,0.0,2.0,0.0,,,Hawke's Bay Region,Nil,2-way,Sealed,0.0,0.0,,100.0,,Off,0.0,0.0,70.0,30.0,Hastings District,Unknown,,,,,0.0,0.0,Open,0.0,,,Heavy rain