OBJECTID,X,Y,areaUnitID,bicycle,bus,carStationWagon,crashDirectionDescription,crashFinancialYear,crashLocation1,crashLocation2,crashSeverity,crashSHDescription,crashYear,directionRoleDescription,fatalCount,fence,flatHill,guardRail,holiday,houseOrBuilding,kerb,light,meshblockId,minorInjuryCount,moped,motorcycle,NumberOfLanes,otherVehicleType,parkedVehicle,pedestrian,region,roadCharacter,roadLane,roadSurface,schoolBus,seriousInjuryCount,slipOrFlood,speedLimit,strayAnimal,streetLight,suv,taxi,temporarySpeedLimit,tlaId,tlaName,trafficControl,trafficIsland,trafficSign,train,tree,truck,unknownVehicleType,urban,vanOrUtility,vehicle,waterRiver,weatherA
545496,1931019.0,5604980.0,548000.0,0.0,0.0,2.0,Null,2009/2010,WILLOWPARK ROAD NORTH,JERVOIS ST,Non-Injury Crash,No,2009,North,0.0,,Flat,,,,,Overcast,1497600.0,0.0,0.0,0.0,2.0,0.0,,,Hawke's Bay Region,Nil,2-way,Sealed,0.0,0.0,,50.0,,Null,0.0,0.0,,30.0,Hastings District,Give way,,,,,0.0,0.0,Urban,0.0,,,Fine
435012,1928795.0,5606267.0,547700.0,0.0,0.0,1.0,Null,2017/2018,PAKOWHAI ROAD,HERETAUNGA ST WEST,Non-Injury Crash,No,2018,South,0.0,,Flat,,,,,Dark,1486600.0,0.0,0.0,0.0,2.0,0.0,,,Hawke's Bay Region,Nil,2-way,Sealed,0.0,0.0,,50.0,,On,1.0,0.0,,30.0,Hastings District,Give way,,,,,0.0,0.0,Urban,0.0,,,Light rain
738736,1924963.0,5607483.0,548612.0,0.0,0.0,1.0,Null,2008/2009,CHATHAM ROAD,BAFFIN PLACE,Non-Injury Crash,No,2009,South,0.0,0.0,Flat,0.0,,0.0,0.0,Bright sun,1474118.0,0.0,0.0,0.0,2.0,0.0,0.0,,Hawke's Bay Region,Nil,2-way,Sealed,0.0,0.0,0.0,50.0,0.0,Null,0.0,0.0,,30.0,Hastings District,Nil,0.0,0.0,0.0,1.0,0.0,0.0,Urban,0.0,0.0,0.0,Fine
323261,1926812.0,5604765.0,545761.0,0.0,0.0,1.0,Null,2002/2003,MARAEKAKAHO ROAD,HEATHCOTE ROAD,Non-Injury Crash,No,2003,South,0.0,,Flat,,,,,Dark,1468801.0,0.0,0.0,0.0,2.0,0.0,,,Hawke's Bay Region,Nil,2-way,Sealed,0.0,0.0,,100.0,,On,0.0,0.0,,30.0,Hastings District,Give way,,,,,0.0,0.0,Open,1.0,,,Fine
352800,1927574.0,5607442.0,548400.0,0.0,0.0,2.0,Null,2000/2001,OMAHU ROAD,SH 50A,Non-Injury Crash,No,2000,East,0.0,,Flat,,,,,Overcast,1473600.0,0.0,0.0,0.0,4.0,0.0,,,Hawke's Bay Region,Nil,2-way,Sealed,0.0,0.0,,50.0,,Null,0.0,0.0,,30.0,Hastings District,Give way,,,,,0.0,0.0,Urban,0.0,,,Fine
203605,1911392.0,5661059.0,545911.0,0.0,0.0,0.0,North,2009/2010,SH 5,MCVICAR ROAD,Minor Crash,Yes,2009,North,0.0,1.0,Hill Road,0.0,,0.0,0.0,Twilight,1414400.0,2.0,0.0,0.0,2.0,0.0,0.0,,Hawke's Bay Region,Nil,2-way,Sealed,0.0,0.0,0.0,100.0,0.0,None,1.0,0.0,,30.0,Hastings District,Nil,0.0,0.0,0.0,0.0,0.0,0.0,Open,0.0,0.0,0.0,Fine
355252,1932432.0,5609165.0,545710.0,0.0,0.0,0.0,North,2004/2005,PAKOWHAI ROAD,RUAHAPIA ROAD,Non-Injury Crash,No,2005,North,0.0,,Hill Road,,,,,Overcast,1471100.0,0.0,0.0,0.0,2.0,0.0,,,Hawke's Bay Region,Nil,2-way,Sealed,0.0,0.0,,100.0,,Null,0.0,0.0,,30.0,Hastings District,Nil,,,,,0.0,0.0,Open,1.0,,,Fine
241293,1927927.0,5622112.0,545821.0,0.0,0.0,1.0,North,2004/2005,PUKETITIRI ROAD,PUKETAPU ROAD,Minor Crash,No,2005,North,0.0,0.0,Flat,0.0,,0.0,0.0,Dark,1411200.0,1.0,0.0,0.0,2.0,0.0,0.0,,Hawke's Bay Region,Nil,2-way,Sealed,0.0,0.0,0.0,100.0,0.0,None,0.0,0.0,,30.0,Hastings District,Nil,0.0,0.0,0.0,0.0,0.0,0.0,Open,0.0,0.0,0.0,Fine
302349,1931193.0,5603814.0,545721.0,0.0,0.0,2.0,South,2001/2002,HOWARD ST,WINDSOR AVENUE,Non-Injury Crash,No,2001,South,0.0,0.0,Flat,0.0,,0.0,0.0,Overcast,1472900.0,0.0,0.0,0.0,2.0,0.0,1.0,,Hawke's Bay Region,Nil,2-way,Sealed,0.0,0.0,0.0,50.0,0.0,Null,0.0,0.0,,30.0,Hastings District,Nil,0.0,0.0,0.0,0.0,0.0,0.0,Urban,0.0,0.0,0.0,Fine
155003,1930154.0,5604967.0,548200.0,0.0,0.0,2.0,Null,2005/2006,Z CPK EXPORT MEAT,KARAMU/ST AUBYN,Non-Injury Crash,No,2006,South,0.0,0.0,Flat,0.0,,0.0,0.0,Bright sun,1492900.0,0.0,0.0,0.0,0.0,0.0,1.0,,Hawke's Bay Region,Nil,Off road,Sealed,0.0,0.0,0.0,50.0,0.0,Null,0.0,0.0,,30.0,Hastings District,Nil,0.0,0.0,0.0,0.0,0.0,0.0,Urban,0.0,0.0,0.0,Fine
647499,1926360.0,5602735.0,545761.0,1.0,0.0,1.0,South,2013/2014,LONGLANDS ROAD WEST,RAILWAY ROAD SOUTH,Minor Crash,No,2014,North,0.0,,Flat,,,,,Overcast,1468901.0,1.0,0.0,0.0,2.0,0.0,,,Hawke's Bay Region,Nil,2-way,Sealed,0.0,0.0,,100.0,,Null,0.0,0.0,,30.0,Hastings District,Unknown,,,,,0.0,0.0,Open,0.0,,,Fine
112674,1928803.8913,5605056.4649,547900.0,0.0,0.0,0.0,Null,2018/2019,CHARLES STREET,HENRY STREET,Non-Injury Crash,No,2019,North,0.0,0.0,Flat,0.0,,0.0,0.0,Twilight,1480700.0,0.0,0.0,0.0,2.0,0.0,0.0,,Hawke's Bay Region,Nil,2-way,Sealed,0.0,0.0,0.0,50.0,0.0,On,0.0,0.0,,30.0,Hastings District,Give way,0.0,0.0,0.0,1.0,0.0,0.0,Urban,1.0,0.0,0.0,Light rain
91879,1901581.0,5598715.0,545841.0,0.0,0.0,0.0,South,2015/2016,SH 50,SALISBURY ROAD,Minor Crash,Yes,2015,East,0.0,0.0,Hill Road,0.0,,0.0,0.0,Bright sun,1462500.0,1.0,0.0,1.0,2.0,0.0,0.0,,Hawke's Bay Region,Nil,2-way,Sealed,0.0,0.0,0.0,100.0,0.0,Null,0.0,0.0,,30.0,Hastings District,Nil,0.0,0.0,0.0,0.0,0.0,0.0,Open,0.0,0.0,0.0,Fine
566917,1929673.0,5605362.0,548200.0,0.0,0.0,1.0,Null,2007/2008,Z CPK MAD BUTCHER,QUEEN ST WEST,Non-Injury Crash,No,2008,North,0.0,0.0,Flat,0.0,Easter,0.0,0.0,Overcast,1490200.0,0.0,0.0,0.0,0.0,0.0,1.0,,Hawke's Bay Region,Nil,Off road,Sealed,0.0,0.0,0.0,50.0,0.0,Null,0.0,0.0,,30.0,Hastings District,Nil,0.0,0.0,0.0,0.0,0.0,0.0,Urban,1.0,0.0,0.0,Fine
587455,1929571.0,5613876.0,545831.0,0.0,0.0,1.0,East,2003/2004,SH 50,WAIOHIKI ROAD,Serious Crash,Yes,2004,West,0.0,1.0,Flat,0.0,,0.0,0.0,Twilight,1404600.0,1.0,0.0,0.0,2.0,0.0,0.0,,Hawke's Bay Region,Nil,2-way,Sealed,0.0,1.0,0.0,100.0,0.0,None,0.0,0.0,,30.0,Hastings District,Nil,0.0,0.0,0.0,0.0,0.0,0.0,Open,1.0,0.0,0.0,Light rain
35953,1927876.0,5607157.0,547800.0,0.0,0.0,2.0,Null,2006/2007,OMAHU ROAD,STONYCROFT ST,Non-Injury Crash,No,2007,East,0.0,,Flat,,,,,Bright sun,1476600.0,0.0,0.0,0.0,2.0,0.0,,,Hawke's Bay Region,Nil,2-way,Sealed,0.0,0.0,,50.0,,Null,0.0,0.0,,30.0,Hastings District,Give way,,,,,0.0,0.0,Urban,0.0,,,Fine
476537,1911823.0,5662404.0,545911.0,0.0,0.0,0.0,North,2006/2007,SH 5,MCVICAR ROAD,Non-Injury Crash,Yes,2006,South,0.0,0.0,Hill Road,0.0,,0.0,0.0,Dark,1414300.0,0.0,0.0,0.0,2.0,0.0,0.0,,Hawke's Bay Region,Nil,2-way,Sealed,0.0,0.0,0.0,100.0,0.0,None,0.0,0.0,,30.0,Hastings District,Nil,0.0,0.0,0.0,0.0,0.0,0.0,Open,1.0,0.0,0.0,Light rain
40031,1929437.0,5633102.0,545811.0,0.0,0.0,2.0,East,2010/2011,SH 5,WAIPUNGA ROAD,Minor Crash,Yes,2010,East,0.0,,Flat,,,,,Overcast,1414700.0,1.0,0.0,0.0,2.0,0.0,,,Hawke's Bay Region,Nil,2-way,Sealed,0.0,0.0,,100.0,,Null,1.0,0.0,,30.0,Hastings District,Nil,,,,,1.0,0.0,Open,0.0,,,Heavy rain
414652,1931060.0,5605543.0,548000.0,0.0,0.0,1.0,East,2007/2008,GROVE ROAD,KARAMU ROAD NORTH,Non-Injury Crash,No,2008,East,0.0,,Flat,,,,,Dark,1497500.0,0.0,0.0,0.0,2.0,0.0,,,Hawke's Bay Region,Nil,2-way,Sealed,0.0,0.0,,50.0,,On,1.0,0.0,,30.0,Hastings District,Nil,,,,,0.0,0.0,Urban,0.0,,,Light rain
742065,1929013.0,5605376.0,547700.0,0.0,0.0,2.0,Null,2009/2010,SOUTHAMPTON ST WEST,LASCELLES ST,Non-Injury Crash,No,2010,East,0.0,,Flat,,,,,Overcast,1487700.0,0.0,0.0,0.0,2.0,0.0,,,Hawke's Bay Region,Nil,2-way,Sealed,0.0,0.0,,50.0,,Null,0.0,0.0,,30.0,Hastings District,Give way,,,,,0.0,0.0,Urban,0.0,,,Light rain
26248,1929305.0,5606231.0,547700.0,0.0,0.0,1.0,North,2013/2014,ST AUBYN ST WEST,BRUNSWICK ST,Non-Injury Crash,No,2013,North,0.0,,Flat,,,,,Overcast,1486100.0,0.0,0.0,0.0,2.0,0.0,,,Hawke's Bay Region,Nil,2-way,Sealed,0.0,0.0,,50.0,,Null,0.0,0.0,,30.0,Hastings District,Nil,,,,,0.0,0.0,Urban,1.0,,,Fine
551348,1932385.0,5610776.0,545832.0,0.0,0.0,1.0,South,2013/2014,PAKOWHAI ROAD,LINKS ROAD EAST,Minor Crash,No,2014,South,0.0,,Flat,,,,,Dark,1404000.0,1.0,0.0,0.0,2.0,0.0,,1.0,Hawke's Bay Region,Nil,2-way,Sealed,0.0,0.0,,100.0,,None,0.0,0.0,,30.0,Hastings District,Nil,,,,,0.0,0.0,Open,0.0,,,Light rain
637278,1931773.0,5604810.0,548000.0,0.0,0.0,1.0,Null,1999/2000,JELLICOE ST,BEATTY ST,Minor Crash,No,2000,South,0.0,,Flat,,,,,Bright sun,1498700.0,1.0,0.0,0.0,2.0,0.0,,1.0,Hawke's Bay Region,Nil,2-way,Sealed,0.0,0.0,,50.0,,Null,0.0,0.0,,30.0,Hastings District,Nil,,,,,0.0,0.0,Urban,0.0,,,Fine
375809,1930465.0,5604250.0,548100.0,0.0,0.0,2.0,Null,2009/2010,RIVERSLEA ROAD NORTH,QUEEN ST EAST,Minor Crash,No,2010,North,0.0,0.0,Flat,0.0,,0.0,0.0,Dark,1501100.0,1.0,0.0,0.0,2.0,0.0,1.0,,Hawke's Bay Region,Nil,2-way,Sealed,0.0,0.0,0.0,50.0,0.0,On,0.0,0.0,,30.0,Hastings District,Give way,0.0,0.0,0.0,0.0,0.0,0.0,Urban,0.0,0.0,0.0,Fine
741296,1929634.0,5605762.0,548200.0,0.0,0.0,2.0,Null,2000/2001,ST AUBYN ST WEST,TOMOANA ROAD,Non-Injury Crash,No,2000,East,0.0,,Flat,,,,,Bright sun,1490300.0,0.0,0.0,0.0,3.0,0.0,,,Hawke's Bay Region,Nil,2-way,Sealed,0.0,0.0,,50.0,,Null,0.0,0.0,,30.0,Hastings District,Traffic Signals,,,,,0.0,0.0,Urban,0.0,,,Fine
435607,1936170.0,5608175.0,545722.0,0.0,0.0,1.0,South,2007/2008,LAWN ROAD,MILL ROAD,Minor Crash,No,2008,South,0.0,,Flat,,Easter,,,Bright sun,1406501.0,1.0,0.0,0.0,2.0,0.0,,,Hawke's Bay Region,Nil,2-way,Sealed,0.0,0.0,,100.0,,Null,0.0,0.0,,30.0,Hastings District,Nil,,,,,1.0,0.0,Open,0.0,,,Fine
332693,1926570.0,5606080.0,545761.0,0.0,0.0,2.0,South,2001/2002,YORK ROAD,SH 50A,Non-Injury Crash,No,2002,North,0.0,,Flat,,,,,Bright sun,1470102.0,0.0,0.0,0.0,2.0,0.0,,,Hawke's Bay Region,Nil,2-way,Sealed,0.0,0.0,,70.0,,Null,0.0,0.0,,30.0,Hastings District,Nil,,,,,0.0,0.0,Urban,0.0,,,Fine
594175,1913237.0,5635533.0,545821.0,0.0,0.0,1.0,South,2014/2015,PUKETITIRI ROAD,WAIHAU ROAD,Non-Injury Crash,No,2014,South,0.0,,Hill Road,,,,,Overcast,1412300.0,0.0,0.0,0.0,2.0,0.0,,,Hawke's Bay Region,Nil,2-way,Sealed,0.0,0.0,,100.0,,Null,0.0,0.0,,30.0,Hastings District,Nil,,,,,0.0,0.0,Open,0.0,,,Fine
101893,1932090.0,5608859.0,545710.0,0.0,0.0,0.0,South,2009/2010,PAKOWHAI ROAD,RUAHAPIA ROAD,Non-Injury Crash,No,2010,East,0.0,0.0,Flat,0.0,,0.0,0.0,Bright sun,1471100.0,0.0,0.0,0.0,2.0,0.0,0.0,,Hawke's Bay Region,Nil,2-way,Sealed,0.0,0.0,0.0,100.0,0.0,Null,0.0,0.0,,30.0,Hastings District,Nil,0.0,0.0,0.0,1.0,2.0,0.0,Open,0.0,0.0,0.0,Fine
580961,1927605.0,5607453.0,548400.0,0.0,0.0,2.0,Null,2003/2004,SH 50A,OMAHU ROAD,Non-Injury Crash,Yes,2003,East,0.0,,Flat,,,,,Bright sun,1473600.0,0.0,0.0,0.0,2.0,0.0,,,Hawke's Bay Region,Nil,2-way,Sealed,0.0,0.0,,100.0,,Null,0.0,0.0,,30.0,Hastings District,Give way,,,,,0.0,0.0,Open,0.0,,,Fine
225143,1938009.0,5608174.0,545740.0,0.0,0.0,1.0,Null,2015/2016,MILL ROAD,TUKITUKI ROAD,Non-Injury Crash,No,2015,South,0.0,1.0,Flat,0.0,,0.0,0.0,Dark,1406900.0,0.0,0.0,0.0,2.0,0.0,0.0,,Hawke's Bay Region,Nil,2-way,Sealed,0.0,0.0,0.0,100.0,0.0,None,0.0,0.0,,30.0,Hastings District,Nil,0.0,0.0,0.0,1.0,0.0,0.0,Open,0.0,0.0,0.0,Fine
454899,1928795.0,5606280.0,547800.0,0.0,0.0,1.0,Null,2012/2013,OMAHU ROAD,PAKOWHAI ROAD,Non-Injury Crash,No,2012,East,0.0,,Flat,,,,,Dark,1477800.0,0.0,0.0,0.0,2.0,0.0,,,Hawke's Bay Region,Nil,2-way,Sealed,0.0,0.0,,50.0,,None,1.0,0.0,,30.0,Hastings District,Give way,,,,,0.0,0.0,Urban,0.0,,,Light rain
533956,1929464.0,5605185.0,548200.0,0.0,0.0,1.0,Null,2016/2017,EASTBOURNE ST WEST,NELSON ST SOUTH,Non-Injury Crash,No,2017,North,0.0,,Flat,,,,,Bright sun,1488900.0,0.0,0.0,0.0,2.0,0.0,,,Hawke's Bay Region,Nil,2-way,Sealed,0.0,0.0,,50.0,,Null,1.0,0.0,,30.0,Hastings District,Stop,,,,,0.0,0.0,Urban,0.0,,,Fine
288776,1930510.0,5604594.0,548100.0,1.0,0.0,1.0,Null,2003/2004,WILLOWPARK ROAD NORTH,ST AUBYN ST EAST,Minor Crash,No,2004,North,0.0,,Flat,,,,,Bright sun,1500800.0,1.0,0.0,0.0,2.0,0.0,,,Hawke's Bay Region,Nil,2-way,Sealed,0.0,0.0,,50.0,,Null,0.0,0.0,,30.0,Hastings District,Give way,,,,,0.0,0.0,Urban,0.0,,,Fine
291631,1914186.0,5656905.0,545911.0,0.0,0.0,1.0,South,2001/2002,SH 5,MOHAKA BR,Non-Injury Crash,Yes,2001,South,0.0,0.0,Hill Road,0.0,,0.0,0.0,Dark,1415900.0,0.0,0.0,0.0,2.0,0.0,0.0,,Hawke's Bay Region,Nil,2-way,Sealed,0.0,0.0,0.0,100.0,0.0,None,0.0,0.0,,30.0,Hastings District,Nil,0.0,0.0,0.0,0.0,0.0,0.0,Open,0.0,0.0,0.0,Fine
471784,1923207.0,5611884.0,545821.0,0.0,0.0,2.0,Null,2000/2001,SH 50,HAKIWAI ROAD,Minor Crash,Yes,2000,South,0.0,,Flat,,,,,Dark,1408600.0,1.0,0.0,0.0,2.0,0.0,,,Hawke's Bay Region,Nil,2-way,Sealed,0.0,0.0,,50.0,,On,0.0,0.0,,30.0,Hastings District,Nil,,,,,0.0,0.0,Urban,0.0,,,Fine
155703,1928369.0,5604540.0,547900.0,0.0,0.0,0.0,North,2017/2018,SOUTHLAND ROAD,WALL ROAD,Non-Injury Crash,No,2018,East,0.0,,Flat,,,,,Bright sun,1481900.0,0.0,0.0,0.0,2.0,0.0,,,Hawke's Bay Region,Nil,2-way,Sealed,0.0,0.0,,50.0,,Null,0.0,0.0,,30.0,Hastings District,Unknown,,,,,0.0,0.0,Urban,2.0,,,Fine
310850,1928485.0,5613702.0,545831.0,0.0,0.0,3.0,West,2009/2010,Z DWAY 1275 KOROKIPO,SH 50/OMARUNUI,Non-Injury Crash,No,2010,West,0.0,0.0,Flat,0.0,,0.0,0.0,Overcast,1409400.0,0.0,0.0,0.0,0.0,0.0,0.0,,Hawke's Bay Region,Nil,Off road,Unsealed,0.0,0.0,0.0,50.0,0.0,Null,0.0,0.0,,30.0,Hastings District,Nil,0.0,0.0,0.0,0.0,0.0,0.0,Urban,0.0,1.0,0.0,Fine
412136,1929212.0,5605717.0,547700.0,1.0,0.0,1.0,North,2013/2014,HERETAUNGA ST WEST,MCLEAN ST,Minor Crash,No,2014,South,0.0,0.0,Flat,0.0,,0.0,0.0,Bright sun,1487800.0,1.0,0.0,0.0,2.0,0.0,1.0,,Hawke's Bay Region,Nil,2-way,Sealed,0.0,0.0,0.0,50.0,0.0,Null,0.0,0.0,,30.0,Hastings District,Unknown,0.0,0.0,0.0,0.0,0.0,0.0,Urban,0.0,0.0,0.0,Fine
249668,1911308.0,5660710.0,545911.0,0.0,0.0,0.0,North,2008/2009,SH 5,MCVICAR ROAD,Minor Crash,Yes,2008,North,0.0,,Hill Road,,,,,Dark,1414300.0,1.0,0.0,0.0,2.0,0.0,,,Hawke's Bay Region,Nil,2-way,Sealed,0.0,0.0,,100.0,,None,0.0,0.0,,30.0,Hastings District,Nil,,,,,2.0,0.0,Open,0.0,,,Fine
325484,1926978.0,5608431.0,545710.0,0.0,0.0,0.0,North,2006/2007,RAUPARE ROAD,THOMPSON ROAD,Non-Injury Crash,No,2007,North,0.0,1.0,Flat,0.0,,0.0,0.0,Dark,1471000.0,0.0,0.0,0.0,2.0,0.0,0.0,,Hawke's Bay Region,Nil,2-way,Sealed,0.0,0.0,0.0,100.0,0.0,None,1.0,0.0,,30.0,Hastings District,Nil,0.0,0.0,0.0,0.0,0.0,0.0,Open,0.0,0.0,0.0,Fine
100779,1926812.0,5604765.0,545761.0,0.0,0.0,1.0,Null,2018/2019,HEATHCOTE ROAD,MARAEKAKAHO ROAD,Non-Injury Crash,No,2018,North,0.0,0.0,Flat,0.0,,0.0,0.0,Dark,1468801.0,0.0,0.0,0.0,2.0,0.0,0.0,,Hawke's Bay Region,Nil,2-way,Sealed,0.0,0.0,0.0,100.0,0.0,On,0.0,0.0,,30.0,Hastings District,Stop,0.0,0.0,0.0,0.0,0.0,0.0,Open,0.0,0.0,0.0,Fine
95480,1929866.0,5604853.0,548200.0,0.0,0.0,1.0,North,2001/2002,HERETAUNGA ST EAST,KARAMU ROAD NORTH,Non-Injury Crash,No,2002,West,0.0,,Flat,,,,,Bright sun,1492100.0,0.0,0.0,0.0,2.0,0.0,,1.0,Hawke's Bay Region,Nil,2-way,Sealed,0.0,0.0,,50.0,,Null,0.0,0.0,,30.0,Hastings District,Nil,,,,,0.0,0.0,Urban,0.0,,,Fine
326263,1930056.0,5604625.0,548200.0,0.0,0.0,1.0,Null,2003/2004,Z CPK NEW WORLD,SH 2/HERETAUNGA,Non-Injury Crash,No,2003,North,0.0,0.0,Flat,0.0,,1.0,0.0,Bright sun,1493300.0,0.0,0.0,0.0,1.0,0.0,0.0,,Hawke's Bay Region,Nil,Off road,Sealed,0.0,0.0,0.0,50.0,0.0,Null,0.0,0.0,,30.0,Hastings District,Nil,0.0,0.0,0.0,0.0,0.0,0.0,Urban,0.0,0.0,0.0,Fine
734002,1934364.0,5601771.0,548831.0,0.0,0.0,2.0,West,2017/2018,TE MATA ROAD,DURHAM DRIVE,Non-Injury Crash,No,2018,South,0.0,,Flat,,,,,Bright sun,1510100.0,0.0,0.0,0.0,2.0,0.0,,,Hawke's Bay Region,Nil,2-way,Sealed,0.0,0.0,,30.0,,Null,0.0,0.0,,30.0,Hastings District,Unknown,,,,,0.0,0.0,Urban,0.0,,,Fine
528917,1930416.0,5605183.0,548200.0,0.0,0.0,2.0,North,2002/2003,KARAMU ROAD NORTH,VICTORIA ST,Non-Injury Crash,No,2002,North,0.0,,Flat,,,,,Bright sun,1494100.0,0.0,0.0,0.0,2.0,0.0,,,Hawke's Bay Region,Nil,2-way,Sealed,0.0,0.0,,50.0,,Null,0.0,0.0,,30.0,Hastings District,Nil,,,,,0.0,0.0,Urban,0.0,,,Fine
328003,1928870.0,5606345.0,547700.0,0.0,0.0,1.0,North,2006/2007,PAKOWHAI ROAD,HERETAUNGA ST WEST,Non-Injury Crash,No,2006,South,0.0,,Flat,,,,,Overcast,1486000.0,0.0,0.0,0.0,2.0,0.0,,,Hawke's Bay Region,Nil,2-way,Sealed,0.0,0.0,,50.0,,Null,0.0,0.0,,30.0,Hastings District,Nil,,,,,0.0,0.0,Urban,1.0,,,Fine
145208,1930795.0,5604810.0,548100.0,0.0,0.0,2.0,Null,2018/2019,ALBERT ST,WILLOWPARK ROAD NORTH,Non-Injury Crash,No,2018,South,0.0,,Flat,,,,,Twilight,1499700.0,0.0,0.0,0.0,2.0,0.0,,,Hawke's Bay Region,Nil,2-way,Sealed,0.0,0.0,,50.0,,On,0.0,0.0,,30.0,Hastings District,Give way,,,,,0.0,0.0,Urban,0.0,,,Light rain
366043,1929734.0,5605028.0,548200.0,0.0,0.0,3.0,West,2008/2009,HERETAUNGA ST WEST,MARKET ST NORTH,Non-Injury Crash,No,2009,West,0.0,0.0,Flat,0.0,,0.0,0.0,Bright sun,1491200.0,0.0,0.0,0.0,2.0,0.0,1.0,,Hawke's Bay Region,Nil,2-way,Sealed,0.0,0.0,0.0,50.0,0.0,Null,0.0,0.0,,30.0,Hastings District,Nil,0.0,0.0,0.0,0.0,0.0,0.0,Urban,0.0,0.0,0.0,Fine
303517,1925537.0,5603173.0,545842.0,0.0,0.0,1.0,Null,2002/2003,SH 50A,LONGLANDS ROAD WEST,Non-Injury Crash,Yes,2003,North,0.0,0.0,Flat,0.0,,0.0,0.0,Overcast,1470213.0,0.0,0.0,0.0,2.0,0.0,0.0,,Hawke's Bay Region,Nil,2-way,Sealed,0.0,0.0,0.0,100.0,0.0,Off,0.0,0.0,,30.0,Hastings District,Give way,0.0,0.0,0.0,0.0,0.0,0.0,Open,0.0,0.0,0.0,Heavy rain
365208,1919398.9673,5613353.5032,545821.0,0.0,0.0,1.0,West,2018/2019,TAIHAPE ROAD,OHITI ROAD,Non-Injury Crash,No,2019,East,0.0,0.0,Flat,0.0,,0.0,0.0,Overcast,1408401.0,0.0,0.0,0.0,2.0,0.0,0.0,,Hawke's Bay Region,Nil,2-way,Sealed,0.0,0.0,0.0,100.0,0.0,None,0.0,0.0,,30.0,Hastings District,Unknown,0.0,0.0,0.0,0.0,0.0,0.0,Open,0.0,0.0,0.0,Light rain
312779,1928273.0,5604467.0,547900.0,0.0,0.0,1.0,Null,2004/2005,SOUTHLAND ROAD,WALL ROAD,Non-Injury Crash,No,2005,South,0.0,,Flat,,,,,Twilight,1481900.0,0.0,0.0,0.0,2.0,0.0,,,Hawke's Bay Region,Nil,2-way,Sealed,0.0,0.0,,50.0,,On,1.0,0.0,,30.0,Hastings District,Give way,,,,,0.0,0.0,Urban,0.0,,,Fine
641699,1930595.0,5611869.0,545832.0,0.0,0.0,1.0,South,2017/2018,SH 50A,WAIMATE BR,Fatal Crash,Yes,2018,South,1.0,,Flat,,,,,Bright sun,1404400.0,0.0,0.0,0.0,2.0,0.0,,,Hawke's Bay Region,Nil,2-way,Sealed,0.0,0.0,,100.0,,Null,0.0,0.0,,30.0,Hastings District,Unknown,,,,,1.0,0.0,Open,0.0,,,Fine
86204,1928105.0,5600897.0,545852.0,0.0,0.0,1.0,South,2010/2011,TE AUTE ROAD,LONGLANDS ROAD EAST,Non-Injury Crash,No,2010,North,0.0,1.0,Flat,0.0,,0.0,0.0,Dark,1465700.0,0.0,0.0,0.0,2.0,0.0,0.0,,Hawke's Bay Region,Nil,2-way,Sealed,0.0,0.0,0.0,100.0,0.0,None,0.0,0.0,,30.0,Hastings District,Nil,0.0,0.0,0.0,0.0,0.0,0.0,Open,0.0,0.0,0.0,Fine
369404,1929739.0,5604820.0,548200.0,0.0,0.0,1.0,Null,2003/2004,EASTBOURNE ST EAST,RUSSELL ST SOUTH,Non-Injury Crash,No,2004,East,0.0,,Flat,,,,,Overcast,1492000.0,0.0,0.0,0.0,2.0,0.0,,,Hawke's Bay Region,Nil,2-way,Sealed,0.0,0.0,,50.0,,Null,0.0,0.0,,30.0,Hastings District,Traffic Signals,,,,,0.0,0.0,Urban,1.0,,,Fine
703362,1931013.0,5604988.0,548000.0,0.0,0.0,2.0,North,2012/2013,JERVOIS ST,WILLOWPARK ROAD NORTH,Non-Injury Crash,No,2012,South,0.0,,Flat,,,,,Overcast,1497600.0,0.0,0.0,0.0,2.0,0.0,,,Hawke's Bay Region,Nil,2-way,Sealed,0.0,0.0,,50.0,,Null,0.0,0.0,,30.0,Hastings District,Give way,,,,,0.0,0.0,Urban,0.0,,,Fine
556261,1929509.0,5608835.0,545710.0,0.0,0.0,1.0,Null,2018/2019,SH 50A,EVENDEN ROAD,Non-Injury Crash,Yes,2018,South,0.0,0.0,Flat,0.0,,0.0,0.0,Dark,1471100.0,0.0,0.0,0.0,4.0,0.0,0.0,,Hawke's Bay Region,Nil,2-way,Sealed,0.0,0.0,0.0,100.0,0.0,On,0.0,0.0,,30.0,Hastings District,Give way,0.0,1.0,0.0,0.0,0.0,0.0,Open,0.0,0.0,0.0,Fine
18191,1919949.0,5644739.0,545811.0,0.0,0.0,1.0,South,2015/2016,SH 5,OLD TAUPO COACH ROAD,Non-Injury Crash,Yes,2015,South,0.0,,Hill Road,,,,,Dark,1414700.0,0.0,0.0,0.0,2.0,0.0,,,Hawke's Bay Region,Nil,2-way,Sealed,0.0,0.0,,100.0,,None,0.0,0.0,,30.0,Hastings District,Nil,,,,,0.0,0.0,Open,0.0,,,Fine