OBJECTID,X,Y,areaUnitID,bicycle,bus,carStationWagon,crashDirectionDescription,crashFinancialYear,crashLocation1,crashLocation2,crashSeverity,crashSHDescription,crashYear,directionRoleDescription,fatalCount,fence,flatHill,guardRail,holiday,houseOrBuilding,kerb,light,meshblockId,minorInjuryCount,moped,motorcycle,NumberOfLanes,otherVehicleType,parkedVehicle,pedestrian,region,roadCharacter,roadLane,roadSurface,schoolBus,seriousInjuryCount,slipOrFlood,speedLimit,strayAnimal,streetLight,suv,taxi,temporarySpeedLimit,tlaId,tlaName,trafficControl,trafficIsland,trafficSign,train,tree,truck,unknownVehicleType,urban,vanOrUtility,vehicle,waterRiver,weatherA
253692,1930185.0,5605031.0,548200.0,0.0,0.0,2.0,Null,2003/2004,KARUMU ROAD NORTH,ST AUBYN ST EAST,Non-Injury Crash,No,2004,East,0.0,,Flat,,,,,Twilight,1494100.0,0.0,0.0,0.0,2.0,0.0,,,Hawke's Bay Region,Nil,2-way,Sealed,0.0,0.0,,50.0,,Off,0.0,0.0,,30.0,Hastings District,Give way,,,,,0.0,0.0,Urban,0.0,,,Fine
277988,1929711.0,5604992.0,548200.0,0.0,0.0,1.0,South,2002/2003,MARKET ST SOUTH,HERETAUNGA ST WEST,Minor Crash,No,2002,North,0.0,,Flat,,,,,Overcast,1490000.0,1.0,0.0,0.0,2.0,0.0,,1.0,Hawke's Bay Region,Nil,2-way,Sealed,0.0,0.0,,50.0,,Null,0.0,0.0,,30.0,Hastings District,Nil,,,,,0.0,0.0,Urban,0.0,,,Fine
101488,1930317.0,5604854.0,548200.0,0.0,0.0,2.0,North,2001/2002,ST AUBYN ST EAST,HASTINGS ST NORTH,Non-Injury Crash,No,2002,East,0.0,,Flat,,,,,Overcast,1494400.0,0.0,0.0,0.0,4.0,0.0,,,Hawke's Bay Region,Nil,2-way,Sealed,0.0,0.0,,50.0,,Null,0.0,0.0,,30.0,Hastings District,Nil,,,,,0.0,0.0,Urban,0.0,,,Fine
139028,1932479.0,5601628.0,548810.0,0.0,0.0,1.0,Null,2004/2005,TE AUTE ROAD,PORTER DRIVE,Minor Crash,No,2005,West,0.0,,Flat,,,,,Bright sun,1505700.0,2.0,1.0,0.0,2.0,0.0,,,Hawke's Bay Region,Nil,2-way,Sealed,0.0,0.0,,50.0,,Null,0.0,0.0,,30.0,Hastings District,Give way,,,,,0.0,0.0,Urban,0.0,,,Fine
40367,1932782.0,5608144.0,545721.0,0.0,0.0,1.0,North,2000/2001,RUAHAPIA ROAD,OTENE ROAD,Non-Injury Crash,No,2000,South,0.0,,Flat,,,,,Bright sun,1471900.0,0.0,0.0,0.0,2.0,0.0,,,Hawke's Bay Region,Rail xing,2-way,Sealed,0.0,0.0,,100.0,,None,0.0,0.0,,30.0,Hastings District,Nil,,,,,0.0,0.0,Open,2.0,,,Fine
205782,1932652.0,5609542.0,545832.0,0.0,0.0,1.0,Null,2003/2004,CHESTERHOPE BRIDGE,FARNDON ROAD,Minor Crash,No,2004,South,0.0,,Flat,,,,,Bright sun,1404300.0,2.0,0.0,0.0,2.0,0.0,,,Hawke's Bay Region,Nil,2-way,Sealed,0.0,0.0,,100.0,,Null,0.0,0.0,,30.0,Hastings District,Give way,,,,,0.0,0.0,Open,1.0,,,Fine
397667,1934541.0,5601431.0,548833.0,0.0,0.0,1.0,East,1999/2000,REEVE DRIVE,RUSH PLACE,Non-Injury Crash,No,2000,South,0.0,0.0,Flat,0.0,,0.0,0.0,Dark,1466706.0,0.0,0.0,0.0,2.0,0.0,1.0,,Hawke's Bay Region,Nil,2-way,Sealed,0.0,0.0,0.0,50.0,0.0,On,0.0,0.0,,30.0,Hastings District,Nil,0.0,0.0,0.0,0.0,0.0,0.0,Urban,1.0,0.0,0.0,Fine
532506,1911508.0,5663592.0,545911.0,0.0,0.0,0.0,East,2006/2007,SH 5,SUMMIT KIOSK,Non-Injury Crash,Yes,2006,East,0.0,1.0,Hill Road,1.0,,0.0,0.0,Overcast,1414400.0,0.0,0.0,0.0,2.0,0.0,0.0,,Hawke's Bay Region,Nil,2-way,Sealed,0.0,0.0,0.0,100.0,0.0,Null,0.0,0.0,,30.0,Hastings District,Nil,0.0,0.0,0.0,0.0,0.0,0.0,Open,1.0,0.0,0.0,Heavy rain
549363,1929634.0,5605762.0,548200.0,0.0,0.0,1.0,Null,2010/2011,ST AUBYN ST WEST,TOMOANA ROAD,Non-Injury Crash,No,2011,North,0.0,,Flat,,,,,Dark,1490300.0,0.0,0.0,0.0,2.0,0.0,,,Hawke's Bay Region,Nil,2-way,Sealed,0.0,0.0,,50.0,,On,1.0,0.0,,30.0,Hastings District,Traffic Signals,,,,,0.0,0.0,Urban,0.0,,,Fine
710304,1913268.0,5587176.0,545851.0,0.0,0.0,1.0,South,2003/2004,SH 2,WAIKAREAO ROAD,Non-Injury Crash,Yes,2004,North,0.0,0.0,Hill Road,0.0,,0.0,0.0,Dark,1464600.0,0.0,0.0,0.0,3.0,0.0,0.0,,Hawke's Bay Region,Nil,2-way,Sealed,0.0,0.0,0.0,100.0,0.0,None,0.0,0.0,,30.0,Hastings District,Nil,0.0,1.0,0.0,0.0,0.0,0.0,Open,0.0,0.0,0.0,Light rain
429824,1934330.0,5642056.0,545811.0,0.0,0.0,1.0,South,2002/2003,SH 2,KAREAARA BR,Serious Crash,Yes,2002,South,0.0,0.0,Hill Road,0.0,,0.0,0.0,Overcast,1415700.0,0.0,0.0,0.0,2.0,0.0,0.0,,Hawke's Bay Region,Nil,2-way,Sealed,0.0,1.0,0.0,100.0,0.0,Null,0.0,0.0,,30.0,Hastings District,Nil,0.0,0.0,0.0,0.0,1.0,0.0,Open,0.0,0.0,0.0,Light rain
463877,1919997.0,5644965.0,545811.0,0.0,0.0,1.0,West,2006/2007,SH 5,GLENGARRY ROAD,Minor Crash,Yes,2007,East,0.0,0.0,Hill Road,0.0,Easter,0.0,0.0,Overcast,1414600.0,1.0,0.0,0.0,2.0,0.0,0.0,,Hawke's Bay Region,Nil,2-way,Sealed,0.0,0.0,0.0,100.0,0.0,Null,0.0,0.0,,30.0,Hastings District,Nil,0.0,0.0,0.0,0.0,0.0,0.0,Open,0.0,0.0,0.0,Fine
320467,1928942.0,5606436.0,547800.0,0.0,0.0,2.0,West,2010/2011,IKANUI ROAD,PAKOWHAI ROAD,Non-Injury Crash,No,2011,North,0.0,,Flat,,,,,Dark,1477500.0,0.0,0.0,0.0,2.0,0.0,,,Hawke's Bay Region,Nil,2-way,Sealed,0.0,0.0,,50.0,,On,0.0,0.0,,30.0,Hastings District,Nil,,,,,0.0,0.0,Urban,0.0,,,Fine
150002,1931876.0,5607101.0,545721.0,0.0,0.0,1.0,South,2007/2008,ELWOOD ROAD,OTENE ROAD,Non-Injury Crash,No,2007,North,0.0,,Flat,,,,,Overcast,1471700.0,0.0,0.0,0.0,2.0,0.0,,,Hawke's Bay Region,Nil,2-way,Sealed,0.0,0.0,,100.0,,Null,1.0,0.0,,30.0,Hastings District,Nil,,,,,0.0,0.0,Open,0.0,,,Light rain
376947,1935947.0,5610692.0,545730.0,0.0,0.0,0.0,South,2004/2005,SH 2,MILL ROAD,Non-Injury Crash,Yes,2004,South,0.0,,Flat,,,,,Dark,1404700.0,0.0,0.0,0.0,2.0,0.0,,,Hawke's Bay Region,Nil,2-way,Sealed,0.0,0.0,,70.0,,On,0.0,0.0,,30.0,Hastings District,Nil,,,,,0.0,0.0,Urban,2.0,,,Fine
432287,1940084.0,5594650.0,545860.0,0.0,0.0,2.0,Null,2009/2010,OCEAN BEACH ROAD,WAIMARAMA ROAD,Non-Injury Crash,No,2009,North,0.0,,Flat,,Christmas New Year,,,Overcast,1467500.0,0.0,0.0,0.0,2.0,0.0,,,Hawke's Bay Region,Nil,2-way,Sealed,0.0,0.0,,100.0,,Null,0.0,0.0,,30.0,Hastings District,Give way,,,,,0.0,0.0,Open,0.0,,,Light rain
263896,1929641.0,5598774.0,545852.0,0.0,0.0,1.0,West,2017/2018,MIDDLE ROAD,ENDSLEIGH ROAD,Minor Crash,No,2018,West,0.0,,Flat,,,,,Overcast,1465700.0,1.0,0.0,0.0,2.0,0.0,,,Hawke's Bay Region,Nil,2-way,Sealed,0.0,0.0,,100.0,,Null,1.0,0.0,,30.0,Hastings District,Nil,,,,,0.0,0.0,Open,0.0,,,Light rain
194014,1927234.0,5602249.0,545762.0,0.0,0.0,2.0,Null,2003/2004,RAILWAY ROAD SOUTH,LONGLANDS ROAD WEST,Non-Injury Crash,No,2004,South,0.0,0.0,Flat,0.0,,0.0,0.0,Bright sun,1468200.0,0.0,0.0,0.0,2.0,0.0,0.0,,Hawke's Bay Region,Nil,2-way,Sealed,0.0,0.0,0.0,100.0,0.0,Null,0.0,0.0,,30.0,Hastings District,Give way,0.0,1.0,0.0,0.0,0.0,0.0,Open,0.0,0.0,0.0,Fine
162154,1908523.0,5674782.0,545911.0,0.0,0.0,0.0,North,2004/2005,SH 5,TARAWERA TAV,Non-Injury Crash,Yes,2005,West,0.0,,Hill Road,,Christmas New Year,,,Overcast,1281200.0,0.0,0.0,0.0,2.0,0.0,,,Hawke's Bay Region,Nil,2-way,Sealed,0.0,0.0,,100.0,,Null,0.0,0.0,,30.0,Hastings District,Nil,,,,,0.0,0.0,Open,2.0,,,Light rain
356848,1935417.0,5595864.0,545851.0,0.0,0.0,1.0,South,2000/2001,MATANGI ROAD,WAIMARAMA ROAD,Minor Crash,No,2001,North,0.0,0.0,Hill Road,0.0,,0.0,0.0,Bright sun,1467103.0,1.0,0.0,0.0,2.0,0.0,0.0,,Hawke's Bay Region,Nil,2-way,Sealed,0.0,0.0,0.0,100.0,0.0,Null,0.0,0.0,,30.0,Hastings District,Nil,0.0,0.0,0.0,0.0,0.0,0.0,Open,0.0,0.0,0.0,Fine
523269,1932998.0,5601845.0,548831.0,0.0,0.0,2.0,Null,2011/2012,TE MATA ROAD,KARANEMA DRIVE,Non-Injury Crash,No,2012,West,0.0,,Flat,,,,,Overcast,1509800.0,0.0,0.0,0.0,2.0,0.0,,,Hawke's Bay Region,Nil,2-way,Sealed,0.0,0.0,,50.0,,Null,0.0,0.0,,30.0,Hastings District,Give way,,,,,0.0,0.0,Urban,0.0,,,Fine
313679,1931038.0,5605564.0,548000.0,0.0,0.0,3.0,Null,2010/2011,GROVE ROAD,KARAMU ROAD NORTH,Non-Injury Crash,No,2011,West,0.0,,Flat,,,,,Bright sun,1495700.0,0.0,0.0,0.0,2.0,0.0,,,Hawke's Bay Region,Nil,2-way,Sealed,0.0,0.0,,50.0,,Null,0.0,0.0,,30.0,Hastings District,Traffic Signals,,,,,0.0,0.0,Urban,0.0,,,Fine
292862,1931171.0,5604895.0,548000.0,0.0,0.0,2.0,East,2010/2011,CAMBRIDGE ST,JERVOIS ST,Non-Injury Crash,No,2010,South,0.0,0.0,Flat,0.0,,0.0,0.0,Dark,1497700.0,0.0,0.0,0.0,2.0,0.0,1.0,,Hawke's Bay Region,Nil,2-way,Sealed,0.0,0.0,0.0,50.0,0.0,On,0.0,0.0,,30.0,Hastings District,Nil,0.0,0.0,0.0,0.0,0.0,0.0,Urban,0.0,0.0,0.0,Fine
669222,1932475.0,5601851.0,548810.0,0.0,0.0,2.0,South,2008/2009,HAVELOCK ROAD,KARANEMA DRIVE,Non-Injury Crash,No,2008,East,0.0,,Flat,,,,,Bright sun,1505200.0,0.0,0.0,0.0,2.0,0.0,,,Hawke's Bay Region,Nil,2-way,Sealed,0.0,0.0,,70.0,,Null,1.0,0.0,,30.0,Hastings District,Nil,,,,,0.0,0.0,Urban,0.0,,,Fine
725796,1930153.1618,5604678.4351,548200.0,0.0,0.0,1.0,Null,2019/2020,HASTINGS STREET NORTH,QUEEN STREET EAST,Non-Injury Crash,No,2020,South,0.0,,Flat,,,,,Bright sun,1493400.0,0.0,0.0,0.0,2.0,0.0,,,Hawke's Bay Region,Nil,2-way,Sealed,0.0,0.0,,50.0,,Off,0.0,0.0,,30.0,Hastings District,Give way,,,,,0.0,0.0,Urban,1.0,,,Fine
305775,1921602.5862,5622400.6343,545821.0,0.0,0.0,1.0,North,2019/2020,APLEY ROAD,DARTMOOR ROAD,Serious Crash,No,2020,South,0.0,1.0,Hill Road,0.0,,0.0,0.0,Bright sun,1411400.0,0.0,0.0,0.0,2.0,0.0,0.0,,Hawke's Bay Region,Nil,2-way,Sealed,0.0,1.0,0.0,100.0,0.0,None,0.0,0.0,,30.0,Hastings District,Nil,0.0,0.0,0.0,0.0,0.0,0.0,Open,0.0,0.0,0.0,Fine
549927,1933130.0,5610552.0,545832.0,0.0,0.0,1.0,East,2018/2019,GILBERTSON ROAD,PAKOWHAI ROAD,Minor Crash,No,2018,North,0.0,1.0,Flat,0.0,,0.0,0.0,Dark,1404000.0,1.0,0.0,0.0,2.0,0.0,0.0,,Hawke's Bay Region,Nil,2-way,Sealed,0.0,0.0,0.0,80.0,0.0,None,0.0,0.0,,30.0,Hastings District,Unknown,0.0,0.0,0.0,0.0,0.0,0.0,Open,0.0,0.0,0.0,Mist or Fog
569875,1929537.0,5605689.0,547700.0,0.0,0.0,1.0,Null,2000/2001,TOMOANA ROAD,AVENUE ROAD WEST,Serious Crash,No,2000,North,0.0,1.0,Flat,0.0,Labour Weekend,0.0,0.0,Bright sun,1488200.0,3.0,0.0,0.0,2.0,0.0,0.0,,Hawke's Bay Region,Nil,2-way,Sealed,0.0,1.0,0.0,50.0,0.0,Null,0.0,0.0,,30.0,Hastings District,Give way,0.0,0.0,0.0,0.0,0.0,0.0,Urban,1.0,0.0,0.0,Fine
85929,1930782.0,5604031.0,548100.0,0.0,0.0,1.0,Null,2017/2018,PARK ROAD NORTH,AVENUE ROAD EAST,Non-Injury Crash,No,2017,South,0.0,0.0,Flat,0.0,,0.0,0.0,Dark,1501300.0,0.0,0.0,0.0,2.0,0.0,0.0,,Hawke's Bay Region,Nil,2-way,Sealed,0.0,0.0,0.0,50.0,0.0,On,0.0,0.0,,30.0,Hastings District,Give way,0.0,0.0,0.0,1.0,0.0,0.0,Urban,0.0,0.0,0.0,Fine
335829,1933194.0,5606508.0,545721.0,0.0,0.0,2.0,Null,2004/2005,SH 2,RUAHAPIA ROAD,Non-Injury Crash,Yes,2005,East,0.0,,Flat,,Christmas New Year,,,Bright sun,1471800.0,0.0,0.0,0.0,2.0,0.0,,,Hawke's Bay Region,Nil,2-way,Sealed,0.0,0.0,,100.0,,Null,0.0,0.0,,30.0,Hastings District,Stop,,,,,0.0,0.0,Open,0.0,,,Fine
707915,1932330.0,5602094.0,548810.0,0.0,0.0,1.0,Null,2015/2016,HAVELOCK ROAD,HAVELOCK BR,Non-Injury Crash,No,2015,North,0.0,0.0,Flat,0.0,,0.0,0.0,Dark,1505200.0,0.0,0.0,0.0,2.0,0.0,0.0,,Hawke's Bay Region,Bridge,2-way,Sealed,0.0,0.0,0.0,50.0,0.0,On,0.0,0.0,,30.0,Hastings District,Unknown,0.0,0.0,0.0,0.0,0.0,0.0,Urban,0.0,0.0,0.0,Light rain
254133,1931851.0,5612130.0,545832.0,0.0,0.0,3.0,South,2006/2007,PAKOWHAI ROAD,PAKOWHAI ON SBD,Non-Injury Crash,No,2007,South,0.0,,Flat,,,,,Dark,1403900.0,0.0,0.0,0.0,2.0,0.0,,,Hawke's Bay Region,Nil,2-way,Sealed,0.0,0.0,,100.0,,None,0.0,0.0,,30.0,Hastings District,Nil,,,,,1.0,0.0,Open,0.0,,,Light rain
282003,1936384.0,5611196.0,545730.0,0.0,0.0,2.0,North,2017/2018,SH 2,FERRY ROAD,Non-Injury Crash,Yes,2018,North,0.0,,Flat,,,,,Bright sun,1404700.0,0.0,0.0,0.0,2.0,0.0,,,Hawke's Bay Region,Nil,2-way,Sealed,0.0,0.0,,50.0,,Null,0.0,0.0,,30.0,Hastings District,Unknown,,,,,0.0,0.0,Urban,0.0,,,Fine
639222,1927335.0,5607701.0,545710.0,0.0,0.0,1.0,North,2007/2008,ORMOND ROAD,OMAHU ROAD,Minor Crash,No,2007,South,0.0,0.0,Flat,0.0,,0.0,0.0,Dark,1471000.0,1.0,0.0,0.0,2.0,0.0,0.0,,Hawke's Bay Region,Nil,2-way,Sealed,0.0,0.0,0.0,100.0,0.0,None,0.0,0.0,,30.0,Hastings District,Nil,0.0,0.0,0.0,1.0,0.0,0.0,Open,0.0,0.0,0.0,Fine
574650,1935210.0,5648897.0,545911.0,0.0,0.0,2.0,North,2007/2008,SH 2,MCINTYRES ACCESS ROAD,Non-Injury Crash,Yes,2007,South,0.0,1.0,Hill Road,0.0,Christmas New Year,0.0,0.0,Overcast,1415200.0,0.0,0.0,0.0,3.0,0.0,0.0,,Hawke's Bay Region,Nil,2-way,Sealed,0.0,0.0,0.0,100.0,0.0,Null,0.0,0.0,,30.0,Hastings District,Nil,0.0,0.0,0.0,0.0,0.0,0.0,Open,0.0,0.0,0.0,Light rain
554927,1901282.5048,5598638.8586,545841.0,0.0,0.0,1.0,East,2019/2020,050-0033,GLENLYON STN ENT,Minor Crash,Yes,2019,North,0.0,,Hill Road,,,,,Overcast,1462600.0,1.0,0.0,0.0,2.0,0.0,,,Hawke's Bay Region,Nil,2-way,Sealed,0.0,0.0,,100.0,,None,0.0,0.0,,30.0,Hastings District,Unknown,,,,,0.0,0.0,Open,0.0,,,Light rain
648169,1928988.0,5606014.0,547700.0,0.0,0.0,1.0,East,2004/2005,HERETAUNGA ST WEST,DAVIS ST,Non-Injury Crash,No,2004,West,0.0,0.0,Flat,0.0,,0.0,0.0,Bright sun,1487400.0,0.0,0.0,0.0,3.0,0.0,1.0,,Hawke's Bay Region,Nil,2-way,Sealed,0.0,0.0,0.0,50.0,0.0,Null,0.0,0.0,,30.0,Hastings District,Nil,0.0,0.0,0.0,0.0,1.0,0.0,Urban,0.0,0.0,0.0,Fine
104140,1932537.0,5603588.0,545721.0,0.0,0.0,1.0,Null,2008/2009,CROSSES ROAD,ST GEORGES ROAD,Non-Injury Crash,No,2009,North,0.0,,Flat,,Easter,,,Twilight,1472702.0,0.0,0.0,0.0,2.0,0.0,,,Hawke's Bay Region,Nil,2-way,Sealed,0.0,0.0,,80.0,,Off,0.0,0.0,,30.0,Hastings District,Give way,,,,,0.0,0.0,Open,0.0,,,Light rain
162025,1929020.9797,5604098.0418,547900.0,0.0,0.0,1.0,Null,2018/2019,RAILWAY ROAD,GASCOIGNE STREET,Non-Injury Crash,No,2018,South,0.0,0.0,Flat,0.0,,0.0,0.0,Overcast,1482400.0,0.0,0.0,0.0,2.0,0.0,0.0,,Hawke's Bay Region,Nil,2-way,Sealed,0.0,0.0,0.0,50.0,0.0,Off,0.0,0.0,,30.0,Hastings District,Stop,1.0,1.0,0.0,0.0,0.0,0.0,Urban,0.0,0.0,0.0,Fine
112378,1929996.5452,5604881.6454,548200.0,0.0,0.0,2.0,Null,2018/2019,QUEEN STREET EAST,KARAMU ROAD NORTH,Serious Crash,No,2018,South,0.0,,Flat,,,,,Dark,1492800.0,0.0,0.0,0.0,2.0,0.0,,,Hawke's Bay Region,Nil,2-way,Sealed,0.0,1.0,,50.0,,On,0.0,0.0,,30.0,Hastings District,Traffic Signals,,,,,0.0,0.0,Urban,0.0,,,Fine
735208,1930253.0,5604931.0,548200.0,0.0,0.0,2.0,West,2009/2010,WARREN ST NORTH,ST AUBYN ST EAST,Non-Injury Crash,No,2009,North,0.0,,Flat,,,,,Bright sun,1493501.0,0.0,0.0,0.0,2.0,0.0,,,Hawke's Bay Region,Nil,2-way,Sealed,0.0,0.0,,50.0,,Null,0.0,0.0,,30.0,Hastings District,Give way,,,,,0.0,0.0,Urban,0.0,,,Fine
271484,1926227.0,5636271.0,545811.0,0.0,0.0,1.0,North,2016/2017,SH 5,LUCKY HILL BR,Non-Injury Crash,Yes,2017,South,0.0,0.0,Hill Road,1.0,,0.0,0.0,Overcast,1414800.0,0.0,0.0,0.0,2.0,0.0,0.0,,Hawke's Bay Region,Bridge,2-way,Sealed,0.0,0.0,0.0,100.0,0.0,Null,0.0,0.0,,30.0,Hastings District,Unknown,0.0,0.0,0.0,0.0,0.0,0.0,Open,0.0,0.0,0.0,Light rain
524514,1935392.0,5645121.0,545811.0,0.0,0.0,1.0,South,2005/2006,SH 2,TANGOIO SETTLEMENT ROAD N,Non-Injury Crash,Yes,2006,North,0.0,0.0,Hill Road,0.0,,0.0,0.0,Twilight,1415600.0,0.0,0.0,0.0,2.0,0.0,0.0,,Hawke's Bay Region,Nil,2-way,Sealed,0.0,0.0,0.0,100.0,0.0,None,0.0,0.0,,30.0,Hastings District,Nil,0.0,0.0,0.0,0.0,1.0,0.0,Open,0.0,0.0,0.0,Fine
566831,1908268.0,5675803.0,545911.0,0.0,0.0,1.0,South,2001/2002,SH 5,RUATITI BR,Non-Injury Crash,Yes,2002,East,0.0,0.0,Hill Road,0.0,,0.0,0.0,Dark,1281200.0,0.0,0.0,0.0,2.0,0.0,0.0,,Hawke's Bay Region,Nil,2-way,Sealed,0.0,0.0,0.0,100.0,0.0,None,0.0,0.0,,30.0,Hastings District,Nil,0.0,0.0,0.0,0.0,0.0,0.0,Open,0.0,0.0,0.0,Light rain
556641,1937224.0,5608689.0,545730.0,0.0,0.0,1.0,South,2013/2014,MILL ROAD,LAWN ROAD,Minor Crash,No,2013,South,0.0,,Flat,,,,,Overcast,1405300.0,2.0,0.0,0.0,2.0,0.0,,,Hawke's Bay Region,Bridge,2-way,Sealed,0.0,0.0,,100.0,,None,1.0,0.0,,30.0,Hastings District,Nil,,,,,0.0,0.0,Open,0.0,,,Light rain
676353,1932680.0,5601786.0,548831.0,0.0,0.0,1.0,West,2006/2007,PORTER DRIVE,NAPIER ROAD,Fatal Crash,No,2007,West,1.0,,Flat,,,,,Dark,1509600.0,0.0,0.0,0.0,2.0,0.0,,1.0,Hawke's Bay Region,Nil,2-way,Sealed,0.0,0.0,,50.0,,On,0.0,1.0,,30.0,Hastings District,Nil,,,,,0.0,0.0,Urban,0.0,,,Fine
64052,1933620.0,5612746.0,545832.0,0.0,0.0,2.0,Null,2003/2004,BROOKFIELDS ROAD,BROOKFIELDS BR,Non-Injury Crash,No,2004,South,0.0,,Flat,,,,,Twilight,1403900.0,0.0,0.0,0.0,2.0,0.0,,,Hawke's Bay Region,Bridge,2-way,Sealed,0.0,0.0,,100.0,,Off,0.0,0.0,,30.0,Hastings District,Nil,,,,,0.0,0.0,Open,0.0,,,Fine
484410,1928503.0,5606043.0,548500.0,0.0,0.0,1.0,Null,2004/2005,SOUTHAMPTON ST WEST,MARAEKAKAHO ROAD,Non-Injury Crash,No,2005,North,0.0,,Flat,,,,,Bright sun,1479600.0,0.0,0.0,0.0,4.0,0.0,,,Hawke's Bay Region,Nil,2-way,Sealed,0.0,0.0,,50.0,,Null,0.0,0.0,,30.0,Hastings District,Traffic Signals,,,,,0.0,0.0,Urban,1.0,,,Fine
184698,1920927.3571,5612022.5793,545822.0,0.0,0.0,1.0,East,2018/2019,TAIHAPE ROAD,OHITI ROAD,Non-Injury Crash,No,2019,West,0.0,,Flat,,,,,Dark,1409100.0,0.0,0.0,0.0,2.0,0.0,,,Hawke's Bay Region,Nil,2-way,Sealed,0.0,0.0,,100.0,,None,0.0,0.0,,30.0,Hastings District,Unknown,,,,,0.0,0.0,Open,0.0,,,Light rain
120881,1923403.0,5614722.0,545821.0,0.0,0.0,0.0,North,2012/2013,SWAMP ROAD,PIRAU ROAD,Minor Crash,No,2012,North,0.0,1.0,Flat,0.0,,0.0,0.0,Twilight,1408500.0,1.0,0.0,0.0,2.0,0.0,0.0,,Hawke's Bay Region,Nil,2-way,Sealed,0.0,0.0,0.0,100.0,0.0,None,0.0,0.0,,30.0,Hastings District,Nil,0.0,0.0,0.0,0.0,0.0,0.0,Open,1.0,0.0,0.0,Fine
381792,1927796.554,5607232.1108,548500.0,0.0,0.0,1.0,North,2019/2020,OMAHU ROAD,STONYCROFT STREET,Non-Injury Crash,No,2019,North,0.0,0.0,Flat,1.0,,0.0,0.0,Dark,1477900.0,0.0,0.0,0.0,2.0,0.0,0.0,,Hawke's Bay Region,Nil,2-way,Sealed,0.0,0.0,0.0,50.0,0.0,On,0.0,0.0,,30.0,Hastings District,Unknown,0.0,0.0,0.0,0.0,0.0,0.0,Urban,0.0,0.0,0.0,Fine
650522,1916060.0,5654848.0,545911.0,0.0,0.0,1.0,South,2005/2006,SH 5,WAITARA ROAD,Minor Crash,Yes,2005,South,0.0,,Hill Road,,,,,Bright sun,1415900.0,1.0,0.0,0.0,3.0,0.0,,,Hawke's Bay Region,Nil,2-way,Sealed,0.0,0.0,,100.0,,Null,0.0,0.0,,30.0,Hastings District,Nil,,,,,1.0,0.0,Open,0.0,,,Fine
203017,1921296.0,5595189.0,545851.0,0.0,0.0,1.0,Null,2004/2005,SH 2,TE MAHANGA ROAD,Non-Injury Crash,Yes,2004,North,0.0,1.0,Hill Road,0.0,,0.0,0.0,Dark,1463900.0,0.0,0.0,0.0,2.0,0.0,0.0,,Hawke's Bay Region,Nil,2-way,Sealed,0.0,0.0,0.0,100.0,0.0,None,0.0,0.0,,30.0,Hastings District,Give way,0.0,0.0,0.0,0.0,0.0,0.0,Open,0.0,0.0,0.0,Fine
24126,1924027.0,5607104.0,548612.0,0.0,0.0,1.0,West,2013/2014,LIVINGSTONE ROAD,STANLEY ST,Minor Crash,No,2013,East,0.0,0.0,Flat,0.0,,0.0,0.0,Bright sun,1474003.0,1.0,0.0,0.0,2.0,0.0,1.0,,Hawke's Bay Region,Nil,2-way,Sealed,0.0,0.0,0.0,50.0,0.0,Null,0.0,0.0,,30.0,Hastings District,Nil,0.0,0.0,0.0,0.0,1.0,0.0,Urban,0.0,0.0,0.0,Fine
85444,1934194.6621,5607245.7408,545722.0,0.0,0.0,2.0,Null,2018/2019,SH 51,TE ARA KAHIKATEA,Non-Injury Crash,Yes,2019,North,0.0,,Flat,,,,,Dark,1406200.0,0.0,0.0,0.0,2.0,0.0,,,Hawke's Bay Region,Nil,1-way,Sealed,0.0,0.0,,80.0,,On,0.0,0.0,,30.0,Hastings District,Give way,,,,,0.0,0.0,Open,0.0,,,Fine
169259,1932559.0,5609297.0,545832.0,0.0,0.0,0.0,South,2012/2013,PAKOWHAI ROAD,FARNDON ROAD,Non-Injury Crash,No,2012,North,0.0,,Flat,,,,,Bright sun,1404300.0,0.0,0.0,0.0,2.0,0.0,,,Hawke's Bay Region,Bridge,2-way,Sealed,0.0,0.0,,100.0,,Null,1.0,0.0,,30.0,Hastings District,Nil,,,,,0.0,0.0,Open,0.0,,,Fine
553838,1928503.0,5606043.0,548500.0,1.0,0.0,1.0,Null,2009/2010,ORCHARD ROAD,MARAEKAKAHO ROAD,Minor Crash,No,2009,South,0.0,,Flat,,,,,Bright sun,1479600.0,1.0,0.0,0.0,2.0,0.0,,,Hawke's Bay Region,Nil,2-way,Sealed,0.0,0.0,,50.0,,Null,0.0,0.0,,30.0,Hastings District,Traffic Signals,,,,,0.0,0.0,Urban,0.0,,,Fine
705252,1928437.0,5606954.0,547800.0,0.0,0.0,1.0,Null,2010/2011,FRIMLEY AVENUE,IKANUI ROAD,Non-Injury Crash,No,2010,South,0.0,,Flat,,,,,Bright sun,1476900.0,0.0,0.0,0.0,2.0,0.0,,,Hawke's Bay Region,Nil,2-way,Sealed,0.0,0.0,,50.0,,Null,1.0,0.0,,30.0,Hastings District,Give way,,,,,0.0,0.0,Urban,0.0,,,Fine