OBJECTID,X,Y,areaUnitID,bicycle,bus,carStationWagon,crashDirectionDescription,crashFinancialYear,crashLocation1,crashLocation2,crashSeverity,crashSHDescription,crashYear,directionRoleDescription,fatalCount,fence,flatHill,guardRail,holiday,houseOrBuilding,kerb,light,meshblockId,minorInjuryCount,moped,motorcycle,NumberOfLanes,otherVehicleType,parkedVehicle,pedestrian,region,roadCharacter,roadLane,roadSurface,schoolBus,seriousInjuryCount,slipOrFlood,speedLimit,strayAnimal,streetLight,suv,taxi,temporarySpeedLimit,tlaId,tlaName,trafficControl,trafficIsland,trafficSign,train,tree,truck,unknownVehicleType,urban,vanOrUtility,vehicle,waterRiver,weatherA
420253,1929634.0,5605762.0,548200.0,1.0,0.0,1.0,Null,2010/2011,ST AUBYN ST WEST,TOMOANA ROAD,Minor Crash,No,2010,South,0.0,,Flat,,,,,Bright sun,1490300.0,1.0,0.0,0.0,2.0,0.0,,,Hawke's Bay Region,Nil,2-way,Sealed,0.0,0.0,,50.0,,Null,0.0,0.0,,30.0,Hastings District,Traffic Signals,,,,,0.0,0.0,Urban,0.0,,,Fine
334411,1931286.0,5614484.0,545831.0,0.0,0.0,2.0,North,2004/2005,SH 50,PAKOWHAI ON NBD,Non-Injury Crash,Yes,2005,North,0.0,,Flat,,,,,Bright sun,1404600.0,0.0,0.0,0.0,3.0,0.0,,,Hawke's Bay Region,Nil,2-way,Sealed,0.0,0.0,,100.0,,Null,0.0,0.0,,30.0,Hastings District,Nil,,,,,0.0,0.0,Open,0.0,,,Fine
475342,1935091.0,5605900.0,545750.0,0.0,0.0,0.0,South,2009/2010,TE MATA MANGATERETERE ROA,LAWN ROAD,Serious Crash,No,2010,North,0.0,0.0,Flat,0.0,,0.0,0.0,Bright sun,1406600.0,0.0,0.0,0.0,2.0,0.0,0.0,,Hawke's Bay Region,Nil,2-way,Sealed,0.0,1.0,0.0,100.0,0.0,Null,0.0,0.0,,30.0,Hastings District,Nil,0.0,0.0,0.0,0.0,0.0,0.0,Open,1.0,0.0,0.0,Fine
343621,1915983.0,5654912.0,545912.0,0.0,0.0,1.0,South,2003/2004,SH 5,WAITARA ROAD,Non-Injury Crash,Yes,2003,North,0.0,0.0,Hill Road,0.0,,0.0,0.0,Overcast,1414504.0,0.0,0.0,0.0,2.0,0.0,0.0,,Hawke's Bay Region,Nil,2-way,Sealed,0.0,0.0,0.0,100.0,0.0,Null,0.0,0.0,,30.0,Hastings District,Nil,0.0,0.0,0.0,0.0,0.0,0.0,Open,0.0,0.0,0.0,Fine
132365,1927292.7340000002,5605135.8987,545761.0,0.0,0.0,2.0,Null,2019/2020,YORK ROAD,MARAEKAKAHO ROAD,Non-Injury Crash,No,2019,East,0.0,,Flat,,,,,Bright sun,1469905.0,0.0,0.0,0.0,2.0,0.0,,,Hawke's Bay Region,Nil,2-way,Sealed,0.0,0.0,,50.0,,Off,0.0,0.0,,30.0,Hastings District,Give way,,,,,0.0,0.0,Urban,0.0,,,Fine
275539,1928503.0,5606043.0,548500.0,0.0,0.0,2.0,Null,2000/2001,MARAEKAKAHO ROAD,SOUTHAMPTON ST WEST,Non-Injury Crash,No,2000,West,0.0,,Flat,,,,,Bright sun,1479600.0,0.0,0.0,0.0,4.0,0.0,,,Hawke's Bay Region,Nil,2-way,Sealed,0.0,0.0,,50.0,,Null,0.0,0.0,,30.0,Hastings District,Traffic Signals,,,,,0.0,0.0,Urban,0.0,,,Fine
568960,1924508.0,5607819.0,548612.0,0.0,0.0,2.0,Null,2005/2006,RALEIGH ST,CARTIER CRESCENT,Non-Injury Crash,No,2006,West,0.0,,Flat,,,,,Dark,1474106.0,0.0,0.0,0.0,2.0,0.0,,,Hawke's Bay Region,Nil,2-way,Sealed,0.0,0.0,,50.0,,On,0.0,0.0,,30.0,Hastings District,Nil,,,,,0.0,0.0,Urban,0.0,,,Heavy rain
576583,1930286.0,5606255.0,547600.0,0.0,0.0,1.0,Null,2006/2007,TOMOANA ROAD,CORNWALL ROAD,Minor Crash,No,2006,South,0.0,,Flat,,,,,Bright sun,1484300.0,1.0,0.0,0.0,2.0,0.0,,1.0,Hawke's Bay Region,Nil,2-way,Sealed,0.0,0.0,,50.0,,Null,0.0,0.0,,30.0,Hastings District,Nil,,,,,0.0,0.0,Urban,0.0,,,Fine
324079,1929549.0,5604672.0,548200.0,0.0,0.0,1.0,Null,2006/2007,RAILWAY ROAD,SOUTHAMPTON ST WEST,Non-Injury Crash,No,2006,North,0.0,,Flat,,,,,Bright sun,1489700.0,0.0,0.0,0.0,2.0,0.0,,,Hawke's Bay Region,Nil,2-way,Sealed,0.0,0.0,,50.0,,Null,1.0,0.0,,30.0,Hastings District,Traffic Signals,,,,,0.0,0.0,Urban,0.0,,,Fine
389274,1929630.0943,5605766.6558,547700.0,0.0,0.0,1.0,Null,2017/2018,ST AUBYN STREET WEST,TOMOANA ROAD,Non-Injury Crash,No,2018,South,0.0,1.0,Flat,0.0,,1.0,0.0,Bright sun,1488200.0,0.0,0.0,0.0,2.0,0.0,0.0,,Hawke's Bay Region,Nil,2-way,Sealed,0.0,0.0,0.0,50.0,0.0,Null,0.0,0.0,,30.0,Hastings District,Traffic Signals,0.0,0.0,0.0,0.0,0.0,0.0,Urban,0.0,0.0,0.0,Fine
585429,1932274.0,5609028.0,545721.0,0.0,0.0,1.0,Null,2010/2011,PAKOWHAI ROAD,RUAHAPIA ROAD,Non-Injury Crash,No,2010,North,0.0,,Flat,,,,,Overcast,1471600.0,0.0,0.0,0.0,2.0,0.0,,,Hawke's Bay Region,Nil,2-way,Sealed,0.0,0.0,,100.0,,Null,0.0,0.0,,30.0,Hastings District,Give way,,,,,0.0,0.0,Open,1.0,,,Heavy rain
46372,1929657.0,5605330.0,548200.0,0.0,0.0,1.0,Null,2001/2002,NELSON ST NORTH,QUEEN ST WEST,Non-Injury Crash,No,2002,South,0.0,,Flat,,,,,Bright sun,1490800.0,0.0,0.0,0.0,2.0,0.0,,,Hawke's Bay Region,Nil,2-way,Sealed,0.0,0.0,,50.0,,Null,0.0,0.0,,30.0,Hastings District,Give way,,,,,0.0,0.0,Urban,1.0,,,Fine
452182,1930033.0,5605235.0,548200.0,0.0,0.0,1.0,Null,2010/2011,ST AUBYN ST WEST,MARKET ST NORTH,Non-Injury Crash,No,2010,North,0.0,,Flat,,,,,Bright sun,1491500.0,0.0,0.0,0.0,2.0,0.0,,,Hawke's Bay Region,Nil,2-way,Sealed,0.0,0.0,,50.0,,Null,0.0,0.0,,30.0,Hastings District,Give way,,,,,0.0,0.0,Urban,1.0,,,Fine
189451,1930021.0,5605251.0,548200.0,0.0,0.0,2.0,West,1999/2000,ST AUBYN ST WEST,MARKET ST NORTH,Non-Injury Crash,No,2000,West,0.0,,Flat,,,,,Bright sun,1491500.0,0.0,0.0,0.0,2.0,0.0,,,Hawke's Bay Region,Rail xing,2-way,Sealed,0.0,0.0,,50.0,,Null,0.0,0.0,,30.0,Hastings District,Nil,,,,,0.0,0.0,Urban,0.0,,,Fine
125623,1926226.0,5636266.0,545811.0,0.0,0.0,0.0,South,2012/2013,SH 5,RUKUMOANA ROAD,Non-Injury Crash,Yes,2013,North,0.0,0.0,Hill Road,0.0,,0.0,0.0,Dark,1414800.0,0.0,0.0,0.0,2.0,0.0,0.0,,Hawke's Bay Region,Nil,2-way,Sealed,0.0,0.0,0.0,100.0,0.0,None,0.0,0.0,,30.0,Hastings District,Nil,0.0,0.0,0.0,0.0,0.0,0.0,Open,1.0,0.0,0.0,Fine
38685,1929179.0,5605159.0,548200.0,0.0,0.0,2.0,Null,2006/2007,SOUTHAMPTON ST WEST,SOUTHLAND ROAD,Non-Injury Crash,No,2007,West,0.0,,Flat,,,,,Dark,1488600.0,0.0,0.0,0.0,2.0,0.0,,,Hawke's Bay Region,Rail xing,2-way,Sealed,0.0,0.0,,50.0,,On,0.0,0.0,,30.0,Hastings District,Give way,,,,,0.0,0.0,Urban,0.0,,,Light rain
579590,1929549.0,5604870.0,548200.0,0.0,0.0,1.0,Null,2008/2009,LYNDON ROAD WEST,MARKET ST SOUTH,Minor Crash,No,2008,East,0.0,,Flat,,,,,Bright sun,1489802.0,1.0,0.0,0.0,2.0,0.0,,,Hawke's Bay Region,Nil,2-way,Sealed,0.0,0.0,,50.0,,Null,0.0,0.0,,30.0,Hastings District,Give way,,,,,0.0,0.0,Urban,1.0,,,Fine
368969,1924290.2394,5616218.9095,545821.0,0.0,0.0,0.0,South,2018/2019,SWAMP ROAD,OMARUNUI SETTLEMENT ROAD,Minor Crash,No,2019,South,0.0,,Flat,,,,,Bright sun,1408500.0,1.0,0.0,1.0,2.0,0.0,,,Hawke's Bay Region,Nil,2-way,Sealed,0.0,0.0,,100.0,,Off,0.0,0.0,,30.0,Hastings District,Unknown,,,,,0.0,0.0,Open,0.0,,,Fine
717106,1929657.0,5605330.0,548200.0,0.0,0.0,1.0,Null,2011/2012,NELSON ST NORTH,QUEEN ST WEST,Non-Injury Crash,No,2011,South,0.0,,Flat,,,,,Bright sun,1490800.0,0.0,0.0,0.0,2.0,0.0,,,Hawke's Bay Region,Nil,2-way,Sealed,0.0,0.0,,50.0,,Null,1.0,0.0,,30.0,Hastings District,Give way,,,,,0.0,0.0,Urban,0.0,,,Fine
688248,1930615.0,5612088.0,545832.0,0.0,0.0,1.0,South,2016/2017,SH 50A,WAIMATE BR,Non-Injury Crash,Yes,2017,North,0.0,,Flat,,,,,Bright sun,1404400.0,0.0,0.0,0.0,2.0,0.0,,,Hawke's Bay Region,Nil,2-way,Sealed,0.0,0.0,,100.0,,Null,0.0,0.0,,30.0,Hastings District,Unknown,,,,,0.0,0.0,Open,1.0,,,Fine
79701,1930985.0,5604185.0,548100.0,0.0,0.0,2.0,North,2001/2002,PARK ROAD NORTH,ELLISON ROAD,Non-Injury Crash,No,2001,West,0.0,0.0,Flat,0.0,Christmas New Year,0.0,0.0,Bright sun,1499300.0,0.0,0.0,0.0,2.0,0.0,1.0,,Hawke's Bay Region,Nil,2-way,Sealed,0.0,0.0,0.0,50.0,0.0,Null,0.0,0.0,,30.0,Hastings District,Nil,0.0,0.0,0.0,0.0,0.0,0.0,Urban,0.0,0.0,0.0,Fine
459617,1935643.0,5650702.0,545911.0,0.0,0.0,1.0,South,2004/2005,SH 2,MATAHORUA ROAD W,Non-Injury Crash,Yes,2005,South,0.0,0.0,Flat,0.0,,0.0,0.0,Dark,1415400.0,0.0,0.0,0.0,2.0,0.0,0.0,,Hawke's Bay Region,Nil,2-way,Sealed,0.0,0.0,0.0,100.0,0.0,None,0.0,0.0,,30.0,Hastings District,Nil,0.0,0.0,0.0,0.0,0.0,0.0,Open,0.0,0.0,0.0,Fine
730578,1933182.0,5602304.0,548831.0,0.0,0.0,1.0,East,2010/2011,ST HILL LANE,NAPIER ROAD,Minor Crash,No,2011,East,0.0,0.0,Hill Road,0.0,,0.0,0.0,Overcast,1509400.0,1.0,0.0,0.0,2.0,0.0,1.0,,Hawke's Bay Region,Nil,2-way,Sealed,0.0,0.0,0.0,50.0,0.0,Null,1.0,0.0,,30.0,Hastings District,Nil,0.0,0.0,0.0,0.0,0.0,0.0,Urban,0.0,0.0,0.0,Heavy rain
421333,1930485.0,5605224.0,548200.0,0.0,0.0,3.0,Null,2009/2010,KARAMU ROAD NORTH,ALBERT ST,Non-Injury Crash,No,2009,South,0.0,0.0,Flat,0.0,,0.0,0.0,Bright sun,1494100.0,0.0,0.0,0.0,2.0,0.0,2.0,,Hawke's Bay Region,Nil,2-way,Sealed,0.0,0.0,0.0,50.0,0.0,Null,0.0,0.0,,30.0,Hastings District,Give way,0.0,0.0,0.0,0.0,0.0,0.0,Urban,0.0,0.0,0.0,Fine
399630,1930795.0,5604811.0,548100.0,0.0,0.0,2.0,Null,2007/2008,WILLOWPARK ROAD NORTH,ALBERT ST,Non-Injury Crash,No,2007,North,0.0,,Flat,,,,,Dark,1499700.0,0.0,0.0,0.0,2.0,0.0,,,Hawke's Bay Region,Nil,2-way,Sealed,0.0,0.0,,50.0,,On,0.0,0.0,,30.0,Hastings District,Give way,,,,,0.0,0.0,Urban,0.0,,,Light rain
238539,1938009.0,5608174.0,545740.0,0.0,0.0,2.0,Null,2005/2006,HAUMOANA ROAD,MILL ROAD,Non-Injury Crash,No,2006,West,0.0,,Flat,,,,,Bright sun,1406900.0,0.0,0.0,0.0,3.0,0.0,,,Hawke's Bay Region,Nil,2-way,Sealed,0.0,0.0,,100.0,,Null,0.0,0.0,,30.0,Hastings District,Give way,,,,,0.0,0.0,Open,0.0,,,Fine
666381,1932692.0,5601776.0,548831.0,0.0,0.0,0.0,Null,2011/2012,NAPIER ROAD,PORTER DRIVE,Minor Crash,No,2012,North,0.0,,Flat,,,,,Bright sun,1509600.0,1.0,0.0,1.0,2.0,0.0,,,Hawke's Bay Region,Nil,2-way,Sealed,0.0,0.0,,50.0,,Null,1.0,0.0,,30.0,Hastings District,Give way,,,,,0.0,0.0,Urban,0.0,,,Fine
178690,1940454.0,5656893.0,545911.0,0.0,0.0,1.0,South,2002/2003,SH 2,MATAHORUA ROAD N,Non-Injury Crash,Yes,2003,North,0.0,0.0,Hill Road,0.0,,0.0,0.0,Overcast,1416000.0,0.0,0.0,0.0,2.0,0.0,0.0,,Hawke's Bay Region,Nil,2-way,Sealed,0.0,0.0,0.0,100.0,0.0,Null,0.0,0.0,,30.0,Hastings District,Nil,0.0,0.0,0.0,0.0,0.0,0.0,Open,0.0,0.0,0.0,Heavy rain
284310,1929961.9594,5604711.0913,548200.0,0.0,0.0,2.0,Null,2018/2019,WARREN STREET SOUTH,HERETAUNGA STREET EAST,Non-Injury Crash,No,2018,North,0.0,,Flat,,,,,Bright sun,1493200.0,0.0,0.0,0.0,2.0,0.0,,,Hawke's Bay Region,Nil,2-way,Sealed,0.0,0.0,,50.0,,Off,0.0,0.0,,30.0,Hastings District,Give way,,,,,0.0,0.0,Urban,0.0,,,Fine
447456,1915250.0,5587513.0,545851.0,0.0,0.0,0.0,West,2011/2012,TE AUTE TRUST ROAD,MIDDLE ROAD,Minor Crash,No,2011,West,0.0,,Flat,,,,,Dark,1466101.0,2.0,0.0,0.0,1.0,0.0,,,Hawke's Bay Region,Nil,2-way,Sealed,0.0,0.0,,100.0,,None,1.0,0.0,,30.0,Hastings District,Nil,,,,,0.0,0.0,Open,0.0,,,Fine
452393,1921059.7693,5594935.7058,545851.0,0.0,0.0,0.0,West,2019/2020,SH 2,TE MAHANGA ROAD,Non-Injury Crash,Yes,2020,North,0.0,0.0,Flat,0.0,,0.0,0.0,Dark,1463900.0,0.0,0.0,0.0,2.0,0.0,0.0,,Hawke's Bay Region,Nil,2-way,Sealed,0.0,0.0,0.0,100.0,0.0,None,0.0,0.0,,30.0,Hastings District,Nil,0.0,0.0,0.0,0.0,0.0,0.0,Open,1.0,0.0,0.0,Light rain
720922,1924322.3282,5607429.2388,548612.0,0.0,0.0,1.0,West,2019/2020,SCOTT DRIVE,HUDSON ROAD,Non-Injury Crash,No,2019,East,0.0,0.0,Flat,0.0,,0.0,0.0,Bright sun,1474003.0,0.0,0.0,0.0,2.0,0.0,0.0,,Hawke's Bay Region,Nil,2-way,Sealed,0.0,0.0,0.0,50.0,0.0,Off,0.0,0.0,,30.0,Hastings District,Nil,0.0,0.0,0.0,0.0,0.0,0.0,Urban,0.0,0.0,0.0,Fine
359024,1927501.0,5603870.0,545761.0,0.0,0.0,1.0,Null,2016/2017,SOUTHLAND ROAD,HEATHCOTE ROAD,Minor Crash,No,2017,West,0.0,0.0,Flat,0.0,,0.0,0.0,Dark,1468801.0,1.0,0.0,0.0,2.0,0.0,0.0,,Hawke's Bay Region,Nil,2-way,Sealed,0.0,0.0,0.0,100.0,0.0,None,0.0,0.0,,30.0,Hastings District,Give way,0.0,0.0,0.0,0.0,0.0,0.0,Open,0.0,0.0,0.0,Mist or Fog
346682,1928340.0,5606708.0,547800.0,0.0,0.0,1.0,East,2007/2008,OMAHU ROAD,CANNING ROAD,Non-Injury Crash,No,2007,East,0.0,,Flat,,,,,Bright sun,1477400.0,0.0,0.0,0.0,2.0,0.0,,,Hawke's Bay Region,Nil,2-way,Sealed,0.0,0.0,,50.0,,Null,0.0,0.0,,30.0,Hastings District,Nil,,,,,0.0,0.0,Urban,1.0,,,Fine
414602,1923279.0,5610758.0,545710.0,0.0,0.0,0.0,South,2003/2004,SH 50,GORDON ST,Non-Injury Crash,Yes,2003,North,0.0,1.0,Flat,0.0,,0.0,0.0,Bright sun,1470400.0,0.0,0.0,0.0,2.0,1.0,0.0,,Hawke's Bay Region,Nil,2-way,Sealed,0.0,0.0,0.0,50.0,0.0,Null,0.0,0.0,,30.0,Hastings District,Nil,0.0,0.0,0.0,0.0,0.0,0.0,Urban,0.0,0.0,0.0,Fine
202276,1925181.0,5607540.0,548620.0,0.0,0.0,1.0,South,2003/2004,FLAXMERE AVENUE,CHATHAM ROAD,Non-Injury Crash,No,2004,East,0.0,,Flat,,,,,Dark,1474201.0,0.0,0.0,0.0,2.0,0.0,,,Hawke's Bay Region,Nil,2-way,Sealed,0.0,0.0,,50.0,,On,0.0,0.0,,30.0,Hastings District,Nil,,,,,0.0,0.0,Urban,1.0,,,Fine
250287,1928009.0,5605668.0,547900.0,0.0,0.0,1.0,Null,2008/2009,MARAEKAKAHO ROAD,GORDON ROAD,Minor Crash,No,2009,South,0.0,,Flat,,,,,Twilight,1479900.0,1.0,1.0,0.0,2.0,0.0,,,Hawke's Bay Region,Nil,2-way,Sealed,0.0,0.0,,50.0,,On,0.0,0.0,,30.0,Hastings District,Give way,,,,,0.0,0.0,Urban,0.0,,,Fine
730898,1930787.0,5604653.0,548100.0,0.0,0.0,1.0,South,2018/2019,PRINCES ST,ALBERT ST,Minor Crash,No,2018,South,0.0,0.0,Flat,0.0,,0.0,0.0,Dark,1499600.0,1.0,0.0,0.0,2.0,0.0,0.0,,Hawke's Bay Region,Nil,2-way,Sealed,0.0,0.0,0.0,50.0,0.0,On,0.0,0.0,,30.0,Hastings District,Unknown,0.0,0.0,0.0,1.0,0.0,0.0,Urban,0.0,0.0,0.0,Light rain
421063,1931740.0,5604300.0,545721.0,0.0,0.0,2.0,South,2016/2017,BEATSON ROAD,WINDSOR AVENUE,Non-Injury Crash,No,2016,North,0.0,,Flat,,,,,Bright sun,1472701.0,0.0,0.0,0.0,2.0,0.0,,,Hawke's Bay Region,Nil,2-way,Sealed,0.0,0.0,,50.0,,Null,0.0,0.0,,30.0,Hastings District,Unknown,,,,,0.0,0.0,Urban,0.0,,,Fine
58927,1934727.0,5609860.0,545832.0,0.0,0.0,1.0,Null,2016/2017,FARNDON ROAD,FARNDON OBR,Non-Injury Crash,No,2016,East,0.0,0.0,Flat,1.0,,0.0,0.0,Overcast,1404300.0,0.0,0.0,0.0,2.0,0.0,0.0,,Hawke's Bay Region,Bridge,2-way,Sealed,0.0,0.0,0.0,100.0,0.0,Null,0.0,0.0,,30.0,Hastings District,Unknown,0.0,0.0,0.0,0.0,0.0,0.0,Open,0.0,0.0,0.0,Light rain
208642,1930145.0,5604674.0,548200.0,0.0,0.0,1.0,South,2010/2011,HASTINGS ST NORTH,QUEEN ST EAST,Minor Crash,No,2011,East,0.0,,Flat,,,,,Bright sun,1493900.0,1.0,0.0,0.0,2.0,0.0,,1.0,Hawke's Bay Region,Nil,2-way,Sealed,0.0,0.0,,50.0,,Null,0.0,0.0,,30.0,Hastings District,Give way,,,,,0.0,0.0,Urban,0.0,,,Fine
264373,1927671.0,5606735.0,548500.0,0.0,0.0,0.0,South,2005/2006,KIWI ST,MOA PLACE,Non-Injury Crash,No,2006,South,0.0,,Flat,,,,,Bright sun,1479100.0,0.0,0.0,0.0,2.0,0.0,,,Hawke's Bay Region,Nil,2-way,Sealed,0.0,0.0,,50.0,,Null,1.0,0.0,,30.0,Hastings District,Nil,,,,,0.0,0.0,Urban,0.0,,,Fine
113676,1925321.0,5599569.0,545852.0,0.0,0.0,1.0,Null,2012/2013,SH 50A PAKI PAKI ROAD,SH 2,Non-Injury Crash,Yes,2013,North,0.0,,Flat,,,,,Bright sun,1469600.0,0.0,0.0,0.0,2.0,0.0,,,Hawke's Bay Region,Nil,2-way,Sealed,0.0,0.0,,50.0,,Null,1.0,0.0,,30.0,Hastings District,Give way,,,,,0.0,0.0,Urban,0.0,,,Fine
660181,1930074.0,5604069.0,548300.0,0.0,0.0,2.0,North,2017/2018,BULLER ST,RIVERSLEA ROAD SOUTH,Non-Injury Crash,No,2017,South,0.0,0.0,Flat,0.0,,0.0,0.0,Bright sun,1501600.0,0.0,0.0,0.0,2.0,0.0,2.0,,Hawke's Bay Region,Nil,2-way,Sealed,0.0,0.0,0.0,50.0,0.0,Null,0.0,0.0,,30.0,Hastings District,Unknown,0.0,0.0,0.0,0.0,0.0,0.0,Urban,1.0,0.0,0.0,Fine
352697,1932207.0664,5603281.6957,545721.0,0.0,0.0,2.0,Null,2018/2019,ST GEORGES ROAD,ADA STREET,Non-Injury Crash,No,2019,East,0.0,,Flat,,,,,Dark,1473000.0,0.0,0.0,0.0,2.0,0.0,,,Hawke's Bay Region,Nil,2-way,Sealed,0.0,0.0,,80.0,,On,0.0,0.0,50.0,30.0,Hastings District,Stop,,,,,0.0,0.0,Open,0.0,,,Fine
2662,1936155.0,5601953.0,545750.0,0.0,0.0,1.0,West,2005/2006,TE MATA MANGATERETERE ROA,TE MATA ROAD,Serious Crash,No,2006,North,0.0,0.0,Hill Road,0.0,Christmas New Year,0.0,0.0,Dark,1466600.0,0.0,0.0,0.0,2.0,0.0,0.0,,Hawke's Bay Region,Nil,2-way,Sealed,0.0,2.0,0.0,100.0,0.0,None,0.0,0.0,,30.0,Hastings District,Nil,0.0,0.0,0.0,0.0,0.0,0.0,Open,0.0,0.0,0.0,Fine
56716,1929255.0,5609110.0,545710.0,0.0,0.0,2.0,Null,2000/2001,ORMOND ROAD,EVENDEN ROAD,Non-Injury Crash,No,2001,West,0.0,,Flat,,,,,Bright sun,1471000.0,0.0,0.0,0.0,2.0,0.0,,,Hawke's Bay Region,Nil,2-way,Sealed,0.0,0.0,,100.0,,Null,0.0,0.0,,30.0,Hastings District,Give way,,,,,0.0,0.0,Open,0.0,,,Fine
245878,1931038.0,5605564.0,548000.0,0.0,0.0,2.0,Null,2017/2018,GROVE ROAD,KARAMU ROAD NORTH,Minor Crash,No,2018,South,0.0,,Flat,,Easter,,,Dark,1495700.0,1.0,0.0,0.0,2.0,0.0,,,Hawke's Bay Region,Nil,2-way,Sealed,0.0,0.0,,50.0,,On,0.0,0.0,,30.0,Hastings District,Traffic Signals,,,,,0.0,0.0,Urban,0.0,,,Fine
208737,1930625.0,5605037.0,548200.0,0.0,0.0,2.0,Null,2001/2002,ALBERT ST,HASTINGS ST NORTH,Non-Injury Crash,No,2002,South,0.0,,Flat,,,,,Bright sun,1494600.0,0.0,0.0,0.0,2.0,0.0,,,Hawke's Bay Region,Nil,2-way,Sealed,0.0,0.0,,50.0,,Null,0.0,0.0,,30.0,Hastings District,Give way,,,,,0.0,0.0,Urban,0.0,,,Fine
474587,1928285.0,5606282.0,548500.0,0.0,0.0,3.0,North,2013/2014,ORCHARD ROAD,MCLEOD ST,Non-Injury Crash,No,2014,North,0.0,0.0,Flat,0.0,,0.0,0.0,Bright sun,1478700.0,0.0,0.0,0.0,2.0,0.0,1.0,,Hawke's Bay Region,Nil,2-way,Sealed,0.0,0.0,0.0,50.0,0.0,Null,0.0,0.0,,30.0,Hastings District,Nil,0.0,0.0,0.0,0.0,0.0,0.0,Urban,0.0,0.0,0.0,Fine
171808,1927210.0,5607723.0,545710.0,0.0,0.0,3.0,West,2006/2007,OMAHU ROAD,WILSON ROAD,Non-Injury Crash,No,2006,East,0.0,,Flat,,,,,Bright sun,1471000.0,0.0,0.0,0.0,2.0,0.0,,,Hawke's Bay Region,Nil,2-way,Sealed,0.0,0.0,,50.0,,Null,0.0,0.0,,30.0,Hastings District,Nil,,,,,0.0,0.0,Urban,0.0,,,Fine
647201,1932539.0,5601736.0,548831.0,0.0,1.0,1.0,South,2013/2014,HAVELOCK ROAD,SERVICE LANE,Non-Injury Crash,No,2013,North,0.0,0.0,Flat,0.0,,0.0,0.0,Overcast,1509600.0,0.0,0.0,0.0,2.0,0.0,1.0,,Hawke's Bay Region,Nil,2-way,Sealed,0.0,0.0,0.0,50.0,0.0,Null,0.0,0.0,,30.0,Hastings District,Nil,0.0,0.0,0.0,0.0,0.0,0.0,Urban,0.0,0.0,0.0,Fine
18678,1927604.5411,5607448.4306,548400.0,0.0,0.0,0.0,Null,2018/2019,HAWKES BAY EXPRESSWAY,OMAHU ROAD,Non-Injury Crash,Yes,2019,East,0.0,1.0,Flat,0.0,Easter,0.0,0.0,Overcast,1473600.0,0.0,0.0,0.0,2.0,0.0,0.0,,Hawke's Bay Region,Nil,2-way,Sealed,0.0,0.0,0.0,50.0,0.0,Off,1.0,0.0,,30.0,Hastings District,Give way,0.0,0.0,0.0,1.0,0.0,0.0,Urban,0.0,0.0,0.0,Light rain
99342,1929847.0,5605062.0,548200.0,0.0,0.0,1.0,South,2004/2005,Z CPK WESTPAC,QUEEN/MARKET,Non-Injury Crash,No,2004,North,0.0,0.0,Flat,0.0,,0.0,0.0,Bright sun,1491700.0,0.0,0.0,0.0,1.0,0.0,1.0,,Hawke's Bay Region,Nil,Off road,Sealed,0.0,0.0,0.0,50.0,0.0,Null,0.0,0.0,,30.0,Hastings District,Nil,0.0,0.0,0.0,0.0,0.0,0.0,Urban,1.0,0.0,0.0,Fine
695709,1928462.0,5604412.0,547900.0,0.0,0.0,1.0,South,2012/2013,MONTGOMERY ST,GASCOIGNE ST,Serious Crash,No,2013,South,0.0,,Flat,,,,,Bright sun,1482300.0,0.0,0.0,0.0,1.0,0.0,,1.0,Hawke's Bay Region,Nil,2-way,Sealed,0.0,1.0,,50.0,,Null,0.0,0.0,,30.0,Hastings District,Nil,,,,,0.0,0.0,Urban,0.0,,,Fine
582216,1936942.0,5609095.0,545722.0,0.0,0.0,0.0,Null,2015/2016,MILL ROAD,LAWN ROAD,Non-Injury Crash,No,2015,North,0.0,1.0,Flat,0.0,,0.0,0.0,Overcast,1406300.0,0.0,0.0,0.0,2.0,0.0,0.0,,Hawke's Bay Region,Nil,2-way,Sealed,0.0,0.0,0.0,100.0,0.0,Off,0.0,0.0,,30.0,Hastings District,Give way,0.0,0.0,0.0,0.0,0.0,0.0,Open,1.0,0.0,0.0,Light rain
298159,1935451.0,5601449.0,545750.0,0.0,0.0,2.0,West,2008/2009,TE MATA ROAD,BLACK BARN ROAD,Non-Injury Crash,No,2009,West,0.0,,Hill Road,,,,,Bright sun,1466501.0,0.0,0.0,0.0,2.0,0.0,,,Hawke's Bay Region,Nil,2-way,Sealed,0.0,0.0,,50.0,,Null,0.0,0.0,,30.0,Hastings District,Nil,,,,,0.0,0.0,Urban,0.0,,,Fine
480985,1940084.0,5594650.0,545860.0,0.0,0.0,2.0,Null,2002/2003,WAIMARAMA ROAD,OCEAN BEACH ROAD,Minor Crash,No,2002,East,0.0,,Flat,,,,,Bright sun,1467500.0,1.0,0.0,0.0,2.0,0.0,,,Hawke's Bay Region,Nil,2-way,Sealed,0.0,0.0,,100.0,,Null,0.0,0.0,,30.0,Hastings District,Give way,,,,,0.0,0.0,Open,0.0,,,Fine