OBJECTID,X,Y,areaUnitID,bicycle,bus,carStationWagon,crashDirectionDescription,crashFinancialYear,crashLocation1,crashLocation2,crashSeverity,crashSHDescription,crashYear,directionRoleDescription,fatalCount,fence,flatHill,guardRail,holiday,houseOrBuilding,kerb,light,meshblockId,minorInjuryCount,moped,motorcycle,NumberOfLanes,otherVehicleType,parkedVehicle,pedestrian,region,roadCharacter,roadLane,roadSurface,schoolBus,seriousInjuryCount,slipOrFlood,speedLimit,strayAnimal,streetLight,suv,taxi,temporarySpeedLimit,tlaId,tlaName,trafficControl,trafficIsland,trafficSign,train,tree,truck,unknownVehicleType,urban,vanOrUtility,vehicle,waterRiver,weatherA
254628,1930600.0,5603920.0,548100.0,0.0,0.0,2.0,West,2006/2007,HERETAUNGA ST EAST,PARK ROAD NORTH,Non-Injury Crash,No,2007,East,0.0,,Flat,,,,,Overcast,1501200.0,0.0,0.0,0.0,2.0,0.0,,,Hawke's Bay Region,Nil,2-way,Sealed,0.0,0.0,,50.0,,Null,0.0,0.0,,30.0,Hastings District,Nil,,,,,0.0,0.0,Urban,1.0,,,Light rain
6073,1929275.0,5605233.0,548200.0,0.0,0.0,2.0,Null,2015/2016,LYNDON ROAD WEST,SOUTHLAND ROAD,Minor Crash,No,2016,North,0.0,,Flat,,,,,Bright sun,1488700.0,1.0,0.0,0.0,2.0,0.0,,,Hawke's Bay Region,Nil,2-way,Sealed,0.0,0.0,,50.0,,Null,0.0,0.0,,30.0,Hastings District,Give way,,,,,0.0,0.0,Urban,0.0,,,Fine
537005,1930033.0,5604915.0,548200.0,0.0,0.0,1.0,East,2013/2014,KARAMU ROAD NORTH,QUEEN ST EAST,Non-Injury Crash,No,2013,East,0.0,0.0,Flat,0.0,,0.0,0.0,Bright sun,1492800.0,0.0,0.0,0.0,2.0,0.0,0.0,,Hawke's Bay Region,Nil,2-way,Sealed,0.0,0.0,0.0,50.0,0.0,Null,0.0,0.0,,30.0,Hastings District,Nil,0.0,0.0,0.0,1.0,0.0,0.0,Urban,0.0,0.0,0.0,Fine
321597,1925285.0,5602505.0,545842.0,0.0,0.0,1.0,West,2001/2002,SH 50A,MARAEKAKAHO ROAD,Non-Injury Crash,Yes,2001,West,0.0,,Flat,,,,,Bright sun,1470213.0,0.0,0.0,0.0,2.0,0.0,,,Hawke's Bay Region,Nil,2-way,Sealed,0.0,0.0,,70.0,,Null,0.0,0.0,,30.0,Hastings District,Nil,,,,,0.0,0.0,Urban,1.0,,,Fine
157240,1930614.0,5603905.0,548100.0,0.0,0.0,2.0,Null,2012/2013,HERETAUNGA ST EAST,PARK ROAD NORTH,Non-Injury Crash,No,2012,North,0.0,,Flat,,,,,Dark,1501200.0,0.0,0.0,0.0,2.0,0.0,,,Hawke's Bay Region,Nil,2-way,Sealed,0.0,0.0,,50.0,,On,0.0,0.0,,30.0,Hastings District,Give way,,,,,0.0,0.0,Urban,0.0,,,Fine
332211,1932483.1426,5610405.4859,545832.0,0.0,0.0,1.0,Null,2019/2020,PAKOWHAI ROAD,HODGSON ROAD,Non-Injury Crash,No,2020,South,0.0,,Flat,,,,,Bright sun,1404000.0,0.0,0.0,0.0,2.0,0.0,,,Hawke's Bay Region,Nil,2-way,Sealed,0.0,0.0,,80.0,,Off,0.0,0.0,,30.0,Hastings District,Nil,,,,,0.0,0.0,Open,1.0,,,Fine
200879,1930423.0,5604218.0,548100.0,0.0,0.0,2.0,North,2004/2005,RIVERSLEA ROAD NORTH,HERETAUNGA ST EAST,Non-Injury Crash,No,2005,South,0.0,0.0,Flat,0.0,,0.0,0.0,Overcast,1501200.0,0.0,0.0,0.0,2.0,0.0,1.0,,Hawke's Bay Region,Nil,2-way,Sealed,0.0,0.0,0.0,50.0,0.0,Null,0.0,0.0,,30.0,Hastings District,Nil,0.0,0.0,0.0,0.0,0.0,0.0,Urban,0.0,0.0,0.0,Light rain
431849,1933352.0,5602244.0,548831.0,0.0,0.0,1.0,Null,2014/2015,ST HILL LANE,BROOKVALE ROAD,Non-Injury Crash,No,2014,North,0.0,,Flat,,Christmas New Year,,,Bright sun,1509200.0,0.0,0.0,0.0,2.0,0.0,,,Hawke's Bay Region,Nil,2-way,Sealed,0.0,0.0,,50.0,,Null,1.0,0.0,,30.0,Hastings District,Give way,,,,,0.0,0.0,Urban,0.0,,,Fine
277008,1928816.0,5606301.0,547700.0,0.0,0.0,2.0,South,2009/2010,PAKOWHAI ROAD,HERETAUNGA ST WEST,Non-Injury Crash,No,2009,North,0.0,,Flat,,,,,Bright sun,1486000.0,0.0,0.0,0.0,2.0,0.0,,,Hawke's Bay Region,Nil,2-way,Sealed,0.0,0.0,,50.0,,Null,0.0,0.0,,30.0,Hastings District,Nil,,,,,0.0,0.0,Urban,0.0,,,Fine
660082,1930761.0,5604258.0,548100.0,0.0,0.0,1.0,Null,2005/2006,ST AUBYN ST EAST,SYLVAN ROAD,Minor Crash,No,2006,West,0.0,0.0,Flat,0.0,,0.0,0.0,Dark,1501300.0,1.0,0.0,0.0,2.0,0.0,0.0,,Hawke's Bay Region,Nil,2-way,Sealed,0.0,0.0,0.0,50.0,0.0,None,0.0,0.0,,30.0,Hastings District,Give way,1.0,1.0,0.0,0.0,0.0,0.0,Urban,0.0,0.0,0.0,Light rain
637680,1936266.0,5601401.0,548833.0,0.0,0.0,2.0,West,2016/2017,TE MATA ROAD,WAIMARAMA ROAD,Minor Crash,No,2016,West,0.0,,Flat,,,,,Bright sun,1466801.0,1.0,0.0,0.0,2.0,0.0,,,Hawke's Bay Region,Nil,2-way,Sealed,0.0,0.0,,80.0,,Null,0.0,0.0,,30.0,Hastings District,Nil,,,,,0.0,0.0,Open,0.0,,,Fine
408376,1927296.0,5605131.0,545761.0,0.0,0.0,2.0,Null,2013/2014,YORK ROAD,MARAEKAKAHO ROAD,Non-Injury Crash,No,2013,North,0.0,,Flat,,,,,Bright sun,1469905.0,0.0,0.0,0.0,2.0,0.0,,,Hawke's Bay Region,Nil,2-way,Sealed,0.0,0.0,,70.0,,Null,0.0,0.0,,30.0,Hastings District,Give way,,,,,0.0,0.0,Urban,0.0,,,Fine
442644,1918107.3591,5649963.0774,545911.0,0.0,0.0,1.0,North,2019/2020,SH 5,TE POHUE LOOP ROAD,Minor Crash,Yes,2020,North,0.0,1.0,Hill Road,0.0,,0.0,0.0,Overcast,1415900.0,1.0,0.0,0.0,2.0,0.0,0.0,,Hawke's Bay Region,Nil,2-way,Sealed,0.0,0.0,0.0,100.0,0.0,None,0.0,0.0,,30.0,Hastings District,Nil,0.0,0.0,0.0,0.0,0.0,0.0,Open,0.0,0.0,0.0,Heavy rain
707027,1927923.9803,5597182.7537,545851.0,0.0,0.0,0.0,South,2019/2020,MIDDLE ROAD,HILTON STATION ROAD,Minor Crash,No,2019,South,0.0,0.0,Hill Road,0.0,Christmas New Year,0.0,0.0,Dark,1465802.0,1.0,0.0,1.0,2.0,0.0,0.0,,Hawke's Bay Region,Nil,2-way,Sealed,0.0,0.0,0.0,100.0,0.0,None,0.0,0.0,,30.0,Hastings District,Unknown,0.0,0.0,0.0,0.0,0.0,0.0,Open,0.0,0.0,0.0,Fine
675564,1930912.0,5607891.0,545710.0,0.0,0.0,2.0,Null,2017/2018,PAKOWHAI ROAD,RICHMOND ROAD,Non-Injury Crash,No,2017,North,0.0,,Flat,,,,,Bright sun,1471100.0,0.0,0.0,0.0,2.0,0.0,,,Hawke's Bay Region,Nil,2-way,Sealed,0.0,0.0,,80.0,,Null,0.0,0.0,,30.0,Hastings District,Stop,,,,,0.0,0.0,Open,0.0,,,Fine
425614,1925428.0,5608447.0,545710.0,0.0,0.0,1.0,West,2009/2010,OMAHU ROAD,JARVIS ROAD,Serious Crash,No,2009,West,0.0,,Flat,,,,,Bright sun,1470900.0,1.0,0.0,0.0,2.0,0.0,,,Hawke's Bay Region,Nil,2-way,Sealed,0.0,2.0,,70.0,,Null,0.0,0.0,,30.0,Hastings District,Nil,,,,,1.0,0.0,Urban,0.0,,,Fine
87224,1928530.0,5618083.0,545821.0,0.0,0.0,1.0,East,2018/2019,PUKETAPU ROAD,SPRINGFIELD ROAD,Minor Crash,No,2018,East,0.0,0.0,Hill Road,0.0,,0.0,0.0,Overcast,1410902.0,1.0,0.0,0.0,2.0,0.0,0.0,,Hawke's Bay Region,Nil,2-way,Sealed,0.0,0.0,0.0,100.0,0.0,Null,0.0,0.0,,30.0,Hastings District,Unknown,0.0,0.0,0.0,0.0,0.0,0.0,Open,0.0,0.0,0.0,Light rain
738406,1929431.0,5606034.0,547700.0,0.0,0.0,2.0,Null,2001/2002,GRAYS ROAD,ST AUBYN ST WEST,Non-Injury Crash,No,2001,West,0.0,,Flat,,,,,Bright sun,1488100.0,0.0,0.0,0.0,2.0,0.0,,,Hawke's Bay Region,Nil,2-way,Sealed,0.0,0.0,,50.0,,Null,0.0,0.0,,30.0,Hastings District,Give way,,,,,0.0,0.0,Urban,0.0,,,Fine
507139,1923862.0,5620538.0,545821.0,0.0,0.0,1.0,West,2009/2010,DARTMOOR ROAD,VICARAGE ROAD,Non-Injury Crash,No,2009,East,0.0,1.0,Flat,0.0,,0.0,0.0,Dark,1411400.0,0.0,0.0,0.0,2.0,0.0,0.0,,Hawke's Bay Region,Nil,2-way,Sealed,0.0,0.0,0.0,100.0,0.0,None,0.0,0.0,,30.0,Hastings District,Nil,0.0,0.0,0.0,0.0,0.0,0.0,Open,0.0,0.0,0.0,Fine
600734,1930529.0,5604966.0,548200.0,0.0,0.0,1.0,Null,2015/2016,HASTINGS ST NORTH,VICTORIA ST,Non-Injury Crash,No,2015,South,0.0,,Flat,,,,,Bright sun,1494500.0,0.0,0.0,0.0,2.0,0.0,,,Hawke's Bay Region,Nil,2-way,Sealed,0.0,0.0,,50.0,,Null,0.0,0.0,,30.0,Hastings District,Give way,,,,,0.0,0.0,Urban,1.0,,,Fine
740175,1932882.0,5605555.0,545721.0,0.0,0.0,1.0,South,2002/2003,ST GEORGES ROAD,SH 2,Fatal Crash,No,2003,North,1.0,0.0,Flat,0.0,,0.0,0.0,Dark,1472100.0,0.0,0.0,0.0,2.0,0.0,0.0,,Hawke's Bay Region,Nil,2-way,Sealed,0.0,0.0,0.0,100.0,0.0,None,0.0,0.0,,30.0,Hastings District,Nil,0.0,0.0,0.0,0.0,0.0,0.0,Open,0.0,0.0,0.0,Fine
707751,1931294.0,5605188.0,548000.0,0.0,0.0,1.0,Null,2007/2008,GROVE ROAD,WILLOWPARK ROAD NORTH,Non-Injury Crash,No,2007,West,0.0,,Flat,,,,,Overcast,1496800.0,0.0,0.0,0.0,2.0,0.0,,,Hawke's Bay Region,Nil,2-way,Sealed,0.0,0.0,,50.0,,Null,1.0,0.0,,30.0,Hastings District,Give way,,,,,0.0,0.0,Urban,0.0,,,Light rain
419575,1925885.6430000002,5606595.1753,545761.0,0.0,0.0,2.0,Null,2018/2019,WILSON ROAD,FLAXMERE AVENUE,Non-Injury Crash,No,2019,West,0.0,,Flat,,,,,Bright sun,1469905.0,0.0,0.0,0.0,2.0,0.0,,,Hawke's Bay Region,Nil,2-way,Sealed,0.0,0.0,,50.0,,Off,0.0,0.0,,30.0,Hastings District,Give way,,,,,0.0,0.0,Urban,0.0,,,Fine
613855,1925368.2514,5613018.2714,545821.0,0.0,0.0,2.0,West,2019/2020,KOROKIPO ROAD,MILL STM CULV,Non-Injury Crash,Yes,2020,East,0.0,,Flat,,,,,Bright sun,1408600.0,0.0,0.0,0.0,2.0,0.0,,,Hawke's Bay Region,Nil,2-way,Sealed,0.0,0.0,,100.0,,None,0.0,0.0,,30.0,Hastings District,Nil,,,,,0.0,0.0,Open,0.0,,,Fine
118046,1909290.0,5664797.0,545911.0,0.0,0.0,1.0,North,2001/2002,SH 5,TE HAROTO ROAD,Non-Injury Crash,Yes,2002,West,0.0,,Hill Road,,,,,Dark,1414300.0,0.0,0.0,0.0,3.0,0.0,,,Hawke's Bay Region,Nil,2-way,Sealed,0.0,0.0,,100.0,,None,0.0,0.0,,30.0,Hastings District,Nil,,,,,1.0,0.0,Open,0.0,,,Mist or Fog
291202,1927202.0,5607729.0,545710.0,1.0,0.0,1.0,North,2012/2013,OMAHU ROAD,WILSON ROAD,Minor Crash,No,2013,East,0.0,,Flat,,,,,Overcast,1471000.0,1.0,0.0,0.0,2.0,0.0,,,Hawke's Bay Region,Nil,2-way,Sealed,0.0,0.0,,50.0,,Null,0.0,0.0,,30.0,Hastings District,Nil,,,,,0.0,0.0,Urban,0.0,,,Fine
1274,1936330.0,5611122.0,545730.0,0.0,0.0,2.0,East,2014/2015,SH 2,WILLIAMSON ROAD,Minor Crash,Yes,2015,East,0.0,,Flat,,,,,Bright sun,1405500.0,2.0,0.0,0.0,2.0,0.0,,,Hawke's Bay Region,Nil,2-way,Sealed,0.0,0.0,,80.0,,Null,0.0,0.0,,30.0,Hastings District,Nil,,,,,0.0,0.0,Open,0.0,,,Fine
483550,1928273.0,5604467.0,547900.0,0.0,0.0,2.0,Null,2005/2006,SOUTHLAND ROAD,WALL ROAD,Non-Injury Crash,No,2006,North,0.0,,Flat,,,,,Bright sun,1481900.0,0.0,0.0,0.0,2.0,0.0,,,Hawke's Bay Region,Nil,2-way,Sealed,0.0,0.0,,50.0,,Null,0.0,0.0,,30.0,Hastings District,Give way,,,,,0.0,0.0,Urban,0.0,,,Fine
322345,1929606.0,5604596.0,548300.0,0.0,0.0,1.0,Null,2005/2006,KARAMU ROAD SOUTH,SOUTHAMPTON ST EAST,Non-Injury Crash,No,2006,North,0.0,,Flat,,,,,Bright sun,1503100.0,0.0,0.0,0.0,2.0,0.0,,,Hawke's Bay Region,Nil,2-way,Sealed,0.0,0.0,,50.0,,Null,0.0,0.0,,30.0,Hastings District,Give way,,,,,0.0,0.0,Urban,1.0,,,Fine
546566,1929357.0,5605500.0,547700.0,0.0,0.0,2.0,Null,2003/2004,Z CPK PAK N SAVE,CHARLES ST,Non-Injury Crash,No,2003,East,0.0,0.0,Flat,0.0,,0.0,0.0,Bright sun,1487700.0,0.0,0.0,0.0,2.0,0.0,1.0,,Hawke's Bay Region,Nil,Off road,Sealed,0.0,0.0,0.0,50.0,0.0,Null,0.0,0.0,,30.0,Hastings District,Nil,0.0,0.0,0.0,0.0,0.0,0.0,Urban,0.0,0.0,0.0,Fine
245719,1925538.0,5603203.0,545842.0,0.0,0.0,1.0,Null,2009/2010,SH 50A,MARAEKAKAHO ROAD,Non-Injury Crash,Yes,2010,North,0.0,,Flat,,,,,Dark,1470213.0,0.0,0.0,0.0,2.0,0.0,,,Hawke's Bay Region,Nil,2-way,Sealed,0.0,0.0,,70.0,,On,0.0,0.0,,30.0,Hastings District,Give way,,,,,0.0,0.0,Urban,1.0,,,Light rain
678384,1932692.0,5601418.0,548821.0,0.0,0.0,0.0,East,2008/2009,JOLL ROAD,CAMPBELL ROAD,Minor Crash,No,2008,South,0.0,,Flat,,,,,Dark,1507002.0,1.0,0.0,0.0,2.0,0.0,,1.0,Hawke's Bay Region,Nil,2-way,Sealed,0.0,0.0,,50.0,,On,0.0,0.0,,30.0,Hastings District,Nil,,,,,0.0,0.0,Urban,1.0,,,Fine
538102,1918037.6983,5592803.7345,545851.0,0.0,0.0,0.0,South,2018/2019,002-0678,Poukawa rd,Serious Crash,Yes,2019,North,0.0,0.0,Flat,0.0,,0.0,0.0,Overcast,1464200.0,0.0,0.0,1.0,2.0,0.0,0.0,,Hawke's Bay Region,Nil,2-way,Sealed,0.0,1.0,0.0,100.0,0.0,None,0.0,0.0,,30.0,Hastings District,Unknown,0.0,0.0,0.0,0.0,0.0,0.0,Open,0.0,0.0,0.0,Fine
549752,1927660.0,5607366.0,548500.0,0.0,0.0,2.0,East,2006/2007,OMAHU ROAD,SH 50A,Non-Injury Crash,No,2006,East,0.0,,Flat,,,,,Overcast,1477900.0,0.0,0.0,0.0,2.0,0.0,,,Hawke's Bay Region,Nil,2-way,Sealed,0.0,0.0,,70.0,,Null,0.0,0.0,,30.0,Hastings District,Nil,,,,,0.0,0.0,Urban,0.0,,,Fine
654226,1936712.0,5609483.0,545730.0,0.0,0.0,1.0,North,2006/2007,MILL ROAD,LAWN ROAD,Non-Injury Crash,No,2006,North,0.0,0.0,Flat,0.0,,0.0,0.0,Dark,1405300.0,0.0,0.0,0.0,2.0,0.0,0.0,,Hawke's Bay Region,Nil,2-way,Sealed,0.0,0.0,0.0,100.0,0.0,None,0.0,0.0,,30.0,Hastings District,Unknown,0.0,0.0,0.0,0.0,0.0,0.0,Open,0.0,0.0,0.0,Light rain
669278,1909480.0,5671983.0,545911.0,0.0,0.0,0.0,South,2015/2016,SH 5,TARAWERA TAV,Non-Injury Crash,Yes,2015,North,0.0,,Flat,,,,,Dark,1281200.0,0.0,0.0,0.0,2.0,0.0,,,Hawke's Bay Region,Nil,2-way,Sealed,0.0,0.0,,100.0,,None,0.0,0.0,,30.0,Hastings District,Nil,,,,,0.0,0.0,Open,1.0,,,Fine
142386,1923003.0,5611430.0,545822.0,0.0,0.0,2.0,South,2005/2006,SH 50,TAIHAPE ROAD,Non-Injury Crash,Yes,2005,North,0.0,,Flat,,,,,Twilight,1409300.0,0.0,0.0,0.0,2.0,0.0,,,Hawke's Bay Region,Nil,2-way,Sealed,0.0,0.0,,50.0,,None,0.0,0.0,,30.0,Hastings District,Nil,,,,,0.0,0.0,Urban,1.0,,,Fine
115129,1926445.0,5608006.0,545710.0,0.0,0.0,3.0,West,2017/2018,OMAHU ROAD,HENDERSON ROAD,Minor Crash,No,2018,West,0.0,,Flat,,,,,Overcast,1470900.0,1.0,0.0,0.0,2.0,0.0,,,Hawke's Bay Region,Nil,2-way,Sealed,0.0,0.0,,50.0,,Null,0.0,0.0,,30.0,Hastings District,Unknown,,,,,0.0,0.0,Urban,0.0,,,Fine
139900,1929584.0,5605226.0,548200.0,0.0,0.0,1.0,East,2007/2008,HERETAUNGA ST WEST,NELSON ST SOUTH,Non-Injury Crash,No,2007,East,0.0,0.0,Flat,0.0,,0.0,0.0,Dark,1490700.0,0.0,0.0,0.0,2.0,0.0,1.0,,Hawke's Bay Region,Nil,2-way,Sealed,0.0,0.0,0.0,50.0,0.0,On,0.0,0.0,,30.0,Hastings District,Nil,0.0,0.0,0.0,0.0,0.0,0.0,Urban,1.0,0.0,0.0,Fine
31323,1928813.0,5606243.0,547700.0,0.0,0.0,1.0,East,2005/2006,HERETAUNGA ST WEST,PAKOWHAI ROAD,Non-Injury Crash,No,2006,East,0.0,,Flat,,,,,Bright sun,1486600.0,0.0,0.0,0.0,2.0,0.0,,,Hawke's Bay Region,Nil,2-way,Sealed,0.0,0.0,,50.0,,Null,0.0,0.0,,30.0,Hastings District,Nil,,,,,1.0,0.0,Urban,0.0,,,Fine
164937,1928509.0,5604648.0,547900.0,1.0,0.0,1.0,Null,2007/2008,SOUTHLAND ROAD,OLIPHANT ROAD,Minor Crash,No,2007,North,0.0,,Flat,,,,,Overcast,1482000.0,1.0,0.0,0.0,2.0,0.0,,,Hawke's Bay Region,Nil,2-way,Sealed,0.0,0.0,,50.0,,Null,0.0,0.0,,30.0,Hastings District,Give way,,,,,0.0,0.0,Urban,0.0,,,Fine
338780,1930529.0,5604966.0,548200.0,0.0,0.0,1.0,Null,2011/2012,HASTINGS ST NORTH,VICTORIA ST,Non-Injury Crash,No,2012,South,0.0,,Flat,,,,,Overcast,1494500.0,0.0,0.0,0.0,2.0,0.0,,,Hawke's Bay Region,Nil,2-way,Sealed,0.0,0.0,,50.0,,Null,1.0,0.0,,30.0,Hastings District,Give way,,,,,0.0,0.0,Urban,0.0,,,Fine
571203,1931949.0,5601650.0,548810.0,0.0,0.0,1.0,Null,2006/2007,SEFTON ST,LIPSCOMBE CRESCENT,Non-Injury Crash,No,2007,South,0.0,1.0,Flat,0.0,,0.0,0.0,Overcast,1505000.0,0.0,0.0,0.0,2.0,0.0,0.0,,Hawke's Bay Region,Nil,2-way,Sealed,0.0,0.0,0.0,50.0,0.0,Null,0.0,0.0,,30.0,Hastings District,Nil,0.0,0.0,0.0,0.0,0.0,0.0,Urban,0.0,0.0,0.0,Light rain
619674,1934971.0,5609194.0,545722.0,0.0,0.0,2.0,Null,2010/2011,RAILWAY ROAD,SH 2,Non-Injury Crash,Yes,2011,East,0.0,,Flat,,,,,Bright sun,1405900.0,0.0,0.0,0.0,2.0,0.0,,,Hawke's Bay Region,Nil,2-way,Sealed,0.0,0.0,,50.0,,Null,0.0,0.0,,30.0,Hastings District,Give way,,,,,0.0,0.0,Urban,0.0,,,Fine
506233,1911352.0,5660412.0,545911.0,0.0,0.0,1.0,South,2018/2019,SH 5,POPPELLWELLS,Minor Crash,Yes,2018,South,0.0,0.0,Hill Road,0.0,,0.0,0.0,Dark,1414300.0,1.0,0.0,0.0,2.0,0.0,0.0,,Hawke's Bay Region,Nil,2-way,Sealed,0.0,0.0,0.0,100.0,0.0,None,0.0,0.0,,30.0,Hastings District,Unknown,0.0,0.0,0.0,0.0,0.0,0.0,Open,0.0,0.0,0.0,Light rain
541357,1930739.0,5606012.0,547600.0,0.0,0.0,1.0,South,2006/2007,FREDERICK ST,NELSON ST NORTH,Non-Injury Crash,No,2007,North,0.0,0.0,Flat,0.0,,0.0,0.0,Twilight,1484100.0,0.0,0.0,0.0,2.0,0.0,1.0,,Hawke's Bay Region,Nil,2-way,Sealed,0.0,0.0,0.0,50.0,0.0,None,0.0,0.0,,30.0,Hastings District,Nil,0.0,0.0,0.0,0.0,1.0,0.0,Urban,0.0,0.0,0.0,Fine
342516,1929464.0,5605185.0,548200.0,0.0,0.0,2.0,Null,2001/2002,EASTBOURNE ST WEST,NELSON ST SOUTH,Non-Injury Crash,No,2001,West,0.0,,Flat,,,,,Overcast,1488900.0,0.0,0.0,0.0,2.0,0.0,,,Hawke's Bay Region,Nil,2-way,Sealed,0.0,0.0,,50.0,,Null,0.0,0.0,,30.0,Hastings District,Give way,,,,,0.0,0.0,Urban,0.0,,,Light rain
469832,1930257.0,5604934.0,548200.0,0.0,0.0,2.0,Null,2012/2013,ST AUBYN ST EAST,WARREN ST NORTH,Non-Injury Crash,No,2012,North,0.0,,Flat,,,,,Overcast,1493501.0,0.0,0.0,0.0,2.0,0.0,,,Hawke's Bay Region,Nil,2-way,Sealed,0.0,0.0,,50.0,,Null,0.0,0.0,,30.0,Hastings District,Give way,,,,,0.0,0.0,Urban,0.0,,,Fine
699483,1930077.0,5605138.0,548200.0,0.0,0.0,2.0,South,2005/2006,Z CPK K MART,RUSSELL/ST AUBYN,Non-Injury Crash,No,2005,South,0.0,,Flat,,,,,Bright sun,1492300.0,0.0,0.0,0.0,0.0,0.0,,,Hawke's Bay Region,Nil,Off road,Sealed,0.0,0.0,,50.0,,Null,0.0,0.0,,30.0,Hastings District,Nil,,,,,0.0,0.0,Urban,0.0,,,Fine
17613,1930576.0,5611080.0,545832.0,0.0,0.0,0.0,South,2009/2010,SH 50A,LINKS ROAD EAST,Minor Crash,Yes,2010,South,0.0,,Flat,,,,,Bright sun,1404400.0,1.0,0.0,1.0,2.0,0.0,,,Hawke's Bay Region,Nil,2-way,Sealed,0.0,0.0,,100.0,,Null,0.0,0.0,,30.0,Hastings District,Nil,,,,,0.0,0.0,Open,0.0,,,Fine
94604,1930935.0,5613540.0,545831.0,0.0,0.0,1.0,Null,2005/2006,SH 50A,LINKS ROAD,Minor Crash,Yes,2006,North,0.0,,Flat,,,,,Overcast,1404600.0,2.0,0.0,0.0,4.0,0.0,,,Hawke's Bay Region,Nil,2-way,Sealed,0.0,0.0,,100.0,,Null,1.0,0.0,,30.0,Hastings District,Give way,,,,,0.0,0.0,Open,0.0,,,Heavy rain
543886,1941554.0,5585134.0,545860.0,0.0,0.0,1.0,North,2009/2010,AIRINI ROAD,HARPER ROAD,Non-Injury Crash,No,2009,North,0.0,,Flat,,,,,Bright sun,1467901.0,0.0,0.0,0.0,2.0,0.0,,,Hawke's Bay Region,Nil,2-way,Sealed,0.0,0.0,,50.0,,Null,0.0,0.0,,30.0,Hastings District,Nil,,,,,0.0,0.0,Urban,0.0,,,Fine
334405,1937023.0,5613354.0,545832.0,0.0,0.0,0.0,North,2016/2017,SH 2,COLENSO DOMAIN,Minor Crash,Yes,2017,South,0.0,1.0,Flat,0.0,,0.0,0.0,Twilight,1404000.0,1.0,0.0,0.0,2.0,0.0,0.0,,Hawke's Bay Region,Nil,2-way,Sealed,0.0,0.0,0.0,100.0,0.0,None,0.0,0.0,,30.0,Hastings District,Unknown,0.0,0.0,0.0,0.0,0.0,0.0,Open,1.0,0.0,1.0,Fine
646188,1900621.0,5625671.0,545821.0,0.0,0.0,0.0,North,2001/2002,TAIHAPE ROAD,KOROMIKO ROAD,Serious Crash,No,2002,South,0.0,0.0,Hill Road,0.0,,0.0,0.0,Overcast,1410000.0,0.0,0.0,0.0,2.0,0.0,0.0,,Hawke's Bay Region,Nil,2-way,Sealed,0.0,1.0,0.0,100.0,0.0,Null,0.0,0.0,,30.0,Hastings District,Nil,0.0,0.0,0.0,0.0,1.0,0.0,Open,0.0,0.0,0.0,Light rain
259445,1936967.0,5597075.0,545851.0,0.0,0.0,2.0,North,2017/2018,WAIMARAMA ROAD,MATANGI ROAD,Non-Injury Crash,No,2018,North,0.0,0.0,Flat,0.0,,0.0,0.0,Overcast,1467002.0,0.0,0.0,0.0,2.0,0.0,1.0,,Hawke's Bay Region,Nil,2-way,Sealed,0.0,0.0,1.0,100.0,0.0,Null,0.0,0.0,,30.0,Hastings District,Unknown,0.0,0.0,0.0,0.0,0.0,0.0,Open,0.0,0.0,0.0,Heavy rain
198647,1909061.0,5621285.0,545821.0,0.0,0.0,0.0,East,2007/2008,TAIHAPE ROAD,FLAG RANGE ROAD,Non-Injury Crash,No,2008,South,0.0,,Hill Road,,,,,Overcast,1410200.0,0.0,0.0,0.0,2.0,0.0,,,Hawke's Bay Region,Nil,2-way,Sealed,0.0,0.0,,100.0,,Null,0.0,0.0,,30.0,Hastings District,Nil,,,,,0.0,0.0,Open,1.0,,,Fine
181462,1925419.0,5607201.0,548620.0,0.0,0.0,1.0,Null,2011/2012,FLAXMERE AVENUE,HENDERSON ROAD,Non-Injury Crash,No,2012,South,0.0,1.0,Flat,0.0,Easter,0.0,0.0,Bright sun,1474204.0,0.0,0.0,0.0,2.0,0.0,0.0,,Hawke's Bay Region,Nil,2-way,Sealed,0.0,0.0,0.0,50.0,0.0,Null,0.0,0.0,,30.0,Hastings District,Give way,0.0,0.0,0.0,0.0,0.0,0.0,Urban,0.0,0.0,0.0,Fine
510100,1931400.0,5605015.0,548000.0,0.0,0.0,2.0,East,1999/2000,GROVE ROAD,CUNNINGHAM CRESCENT,Non-Injury Crash,No,2000,East,0.0,,Flat,,,,,Overcast,1497900.0,0.0,0.0,0.0,2.0,0.0,,,Hawke's Bay Region,Nil,2-way,Sealed,0.0,0.0,,50.0,,Null,0.0,0.0,,30.0,Hastings District,Give way,,,,,0.0,0.0,Urban,0.0,,,Light rain
282623,1929464.0,5605185.0,548200.0,0.0,0.0,2.0,Null,2000/2001,NELSON ST SOUTH,EASTBOURNE ST WEST,Non-Injury Crash,No,2000,North,0.0,,Flat,,Christmas New Year,,,Twilight,1488900.0,0.0,0.0,0.0,2.0,0.0,,,Hawke's Bay Region,Nil,2-way,Sealed,0.0,0.0,,50.0,,On,0.0,0.0,,30.0,Hastings District,Give way,,,,,0.0,0.0,Urban,0.0,,,Fine