OBJECTID,X,Y,areaUnitID,bicycle,bus,carStationWagon,crashDirectionDescription,crashFinancialYear,crashLocation1,crashLocation2,crashSeverity,crashSHDescription,crashYear,directionRoleDescription,fatalCount,fence,flatHill,guardRail,holiday,houseOrBuilding,kerb,light,meshblockId,minorInjuryCount,moped,motorcycle,NumberOfLanes,otherVehicleType,parkedVehicle,pedestrian,region,roadCharacter,roadLane,roadSurface,schoolBus,seriousInjuryCount,slipOrFlood,speedLimit,strayAnimal,streetLight,suv,taxi,temporarySpeedLimit,tlaId,tlaName,trafficControl,trafficIsland,trafficSign,train,tree,truck,unknownVehicleType,urban,vanOrUtility,vehicle,waterRiver,weatherA
173876,1918106.9399,5649931.2651,545912.0,0.0,0.0,0.0,North,2019/2020,SH 5,TE POHUE LOOP ROAD,Minor Crash,Yes,2020,North,0.0,1.0,Hill Road,0.0,,0.0,0.0,Overcast,1414504.0,1.0,0.0,0.0,2.0,0.0,0.0,,Hawke's Bay Region,Nil,2-way,Sealed,0.0,0.0,0.0,100.0,0.0,None,0.0,0.0,,30.0,Hastings District,Nil,0.0,0.0,0.0,0.0,0.0,0.0,Open,1.0,0.0,0.0,Light rain
82871,1930835.0,5605863.0,548000.0,1.0,0.0,0.0,Null,2015/2016,FREDERICK ST,CAROLINE ROAD,Minor Crash,No,2016,South,0.0,,Flat,,,,,Bright sun,1495400.0,1.0,0.0,0.0,2.0,0.0,,,Hawke's Bay Region,Nil,2-way,Sealed,0.0,0.0,,50.0,,Null,1.0,0.0,,30.0,Hastings District,Give way,,,,,0.0,0.0,Urban,0.0,,,Fine
594933,1911032.0,5663821.0,545911.0,0.0,1.0,1.0,South,2017/2018,SH 5,SUMMIT KIOSK,Minor Crash,Yes,2017,West,0.0,0.0,Hill Road,1.0,,0.0,0.0,Overcast,1414400.0,2.0,0.0,0.0,2.0,0.0,0.0,,Hawke's Bay Region,Nil,2-way,Sealed,0.0,0.0,0.0,100.0,0.0,Null,0.0,0.0,70.0,30.0,Hastings District,Unknown,0.0,0.0,0.0,0.0,0.0,0.0,Open,0.0,0.0,0.0,Light rain
245558,1929634.0,5605762.0,548200.0,0.0,0.0,2.0,Null,2006/2007,ST AUBYN ST WEST,TOMOANA ROAD,Non-Injury Crash,No,2007,East,0.0,,Flat,,,,,Dark,1490300.0,0.0,0.0,0.0,2.0,0.0,,,Hawke's Bay Region,Nil,2-way,Sealed,0.0,0.0,,50.0,,On,0.0,0.0,,30.0,Hastings District,Traffic Signals,,,,,0.0,0.0,Urban,0.0,,,Fine
462027,1924758.0,5607824.0,548611.0,0.0,0.0,2.0,Null,2016/2017,FLAXMERE AVENUE,MARGATE AVENUE,Non-Injury Crash,No,2016,East,0.0,,Flat,,Christmas New Year,,,Twilight,1473804.0,0.0,0.0,0.0,2.0,0.0,,,Hawke's Bay Region,Nil,2-way,Sealed,0.0,0.0,,50.0,,On,0.0,0.0,,30.0,Hastings District,Give way,,,,,0.0,0.0,Urban,0.0,,,Fine
373146,1930912.0,5607891.0,545710.0,0.0,0.0,2.0,Null,2011/2012,RICHMOND ROAD,PAKOWHAI ROAD,Minor Crash,No,2012,West,0.0,0.0,Flat,0.0,,0.0,0.0,Dark,1471100.0,1.0,0.0,0.0,2.0,0.0,1.0,,Hawke's Bay Region,Nil,2-way,Sealed,0.0,0.0,0.0,50.0,0.0,On,0.0,0.0,,30.0,Hastings District,Give way,0.0,0.0,0.0,0.0,0.0,0.0,Urban,0.0,0.0,0.0,Fine
66966,1928533.0,5606518.0,548500.0,0.0,0.0,1.0,East,2007/2008,OMAHU ROAD,HAPUKA ST,Non-Injury Crash,No,2008,South,0.0,0.0,Flat,0.0,,0.0,0.0,Dark,1478700.0,0.0,0.0,0.0,2.0,0.0,0.0,,Hawke's Bay Region,Nil,2-way,Sealed,0.0,0.0,0.0,50.0,0.0,On,0.0,0.0,,30.0,Hastings District,Nil,1.0,0.0,0.0,0.0,0.0,0.0,Urban,0.0,0.0,0.0,Light rain
648476,1930501.0,5606417.0,547600.0,0.0,0.0,1.0,East,2006/2007,TOMOANA ROAD,FREDERICK ST,Non-Injury Crash,No,2006,East,0.0,,Flat,,,,,Bright sun,1483800.0,0.0,0.0,0.0,2.0,0.0,,,Hawke's Bay Region,Nil,2-way,Sealed,0.0,0.0,,50.0,,Null,0.0,0.0,,30.0,Hastings District,Nil,,,,,0.0,0.0,Urban,1.0,,,Fine
230801,1927149.4012,5604313.2621,545761.0,0.0,0.0,0.0,Null,2019/2020,HEATHCOTE ROAD,WELLWOOD ROAD,Non-Injury Crash,No,2020,East,0.0,1.0,Flat,0.0,,0.0,0.0,Dark,1468902.0,0.0,0.0,0.0,2.0,0.0,0.0,,Hawke's Bay Region,Nil,2-way,Sealed,0.0,0.0,0.0,100.0,0.0,None,0.0,0.0,,30.0,Hastings District,Give way,0.0,0.0,0.0,0.0,0.0,0.0,Open,1.0,0.0,0.0,Fine
41612,1929745.0,5600743.0,545762.0,0.0,0.0,1.0,East,2002/2003,TE AUTE ROAD,LONGLANDS ROAD EAST,Minor Crash,No,2003,East,0.0,1.0,Flat,0.0,,0.0,0.0,Dark,1465300.0,1.0,0.0,0.0,2.0,0.0,0.0,,Hawke's Bay Region,Nil,2-way,Sealed,0.0,0.0,0.0,100.0,0.0,None,0.0,0.0,,30.0,Hastings District,Nil,0.0,0.0,0.0,0.0,0.0,0.0,Open,0.0,0.0,0.0,Light rain
354828,1930021.874,5602994.5638,548300.0,0.0,0.0,1.0,North,2019/2020,COPELAND ROAD,NORTON ROAD,Minor Crash,No,2019,South,0.0,,Flat,,,,,Bright sun,1504700.0,1.0,0.0,0.0,2.0,0.0,,1.0,Hawke's Bay Region,Nil,2-way,Sealed,0.0,0.0,,50.0,,Off,0.0,0.0,,30.0,Hastings District,Nil,,,,,0.0,0.0,Urban,0.0,,,Fine
458670,1930486.0,5610290.0,545832.0,1.0,0.0,1.0,North,2006/2007,SH 50A,NGARURORO BR,Minor Crash,Yes,2007,South,0.0,0.0,Flat,0.0,,0.0,0.0,Bright sun,1404400.0,1.0,0.0,0.0,2.0,0.0,0.0,,Hawke's Bay Region,Nil,2-way,Sealed,0.0,0.0,0.0,100.0,0.0,Null,0.0,0.0,,30.0,Hastings District,Nil,0.0,0.0,0.0,0.0,0.0,0.0,Open,0.0,1.0,0.0,Fine
697630,1890663.0,5605133.0,545913.0,0.0,0.0,1.0,North,2012/2013,POPORANGI ROAD,DUFF ROAD,Non-Injury Crash,No,2013,North,0.0,1.0,Hill Road,0.0,,0.0,0.0,Bright sun,1462100.0,0.0,0.0,0.0,0.0,0.0,0.0,,Hawke's Bay Region,Nil,2-way,Unsealed,0.0,0.0,0.0,100.0,0.0,Null,0.0,0.0,,30.0,Hastings District,Nil,0.0,0.0,0.0,0.0,0.0,0.0,Open,0.0,0.0,0.0,Fine
134140,1931784.4638,5604576.8283,548000.0,0.0,0.0,1.0,East,2018/2019,SUSSEX STREET,GROVE ROAD,Non-Injury Crash,No,2019,North,0.0,0.0,Flat,0.0,,0.0,0.0,Twilight,1498800.0,0.0,0.0,0.0,2.0,0.0,1.0,,Hawke's Bay Region,Nil,2-way,Sealed,0.0,0.0,0.0,50.0,0.0,None,0.0,0.0,,30.0,Hastings District,Unknown,0.0,0.0,0.0,0.0,0.0,1.0,Urban,0.0,0.0,0.0,Fine
11965,1931643.0,5603636.0,548100.0,0.0,0.0,0.0,Null,2016/2017,LOUIE ST,KATHLEEN ST,Non-Injury Crash,No,2016,North,0.0,,Flat,,,,,Bright sun,1472803.0,0.0,0.0,0.0,2.0,0.0,,,Hawke's Bay Region,Nil,2-way,Sealed,0.0,0.0,,50.0,,Null,0.0,0.0,,30.0,Hastings District,Nil,,,,,0.0,0.0,Urban,2.0,,,Fine
171581,1939258.0,5606391.0,545740.0,0.0,0.0,2.0,South,2015/2016,PARKHILL ROAD,RAYMOND ROAD,Non-Injury Crash,No,2015,North,0.0,0.0,Flat,0.0,,0.0,0.0,Bright sun,1408200.0,0.0,0.0,0.0,2.0,0.0,1.0,,Hawke's Bay Region,Nil,2-way,Sealed,0.0,0.0,0.0,50.0,0.0,Null,0.0,0.0,,30.0,Hastings District,Unknown,0.0,0.0,0.0,0.0,0.0,0.0,Urban,0.0,0.0,0.0,Fine
119103,1929584.0,5605226.0,548200.0,0.0,0.0,2.0,South,2005/2006,HERETAUNGA ST WEST,NELSON ST NORTH,Non-Injury Crash,No,2005,East,0.0,0.0,Flat,0.0,,0.0,0.0,Bright sun,1490700.0,0.0,0.0,0.0,2.0,0.0,1.0,,Hawke's Bay Region,Nil,2-way,Sealed,0.0,0.0,0.0,50.0,0.0,Null,0.0,0.0,,30.0,Hastings District,Nil,0.0,0.0,0.0,0.0,0.0,0.0,Urban,0.0,0.0,0.0,Fine
624909,1931928.299,5600685.5885,548821.0,0.0,0.0,2.0,Null,2019/2020,BREADALBANE ROAD,ARCADIA LANE,Non-Injury Crash,No,2019,South,0.0,,Flat,,,,,Overcast,1465507.0,0.0,0.0,0.0,2.0,0.0,,,Hawke's Bay Region,Nil,2-way,Sealed,0.0,0.0,,50.0,,Off,0.0,0.0,,30.0,Hastings District,Nil,,,,,0.0,0.0,Urban,0.0,,,Light rain
629568,1930760.0,5612966.0,545831.0,0.0,0.0,2.0,South,2010/2011,SH 50A,SH 50,Non-Injury Crash,Yes,2011,North,0.0,,Flat,,,,,Bright sun,1404500.0,0.0,0.0,0.0,2.0,0.0,,,Hawke's Bay Region,Nil,2-way,Sealed,0.0,0.0,,100.0,,Null,0.0,0.0,,30.0,Hastings District,Nil,,,,,0.0,0.0,Open,0.0,,,Fine
76683,1933620.0,5612746.0,545832.0,0.0,0.0,1.0,Null,2003/2004,BROOKFIELDS ROAD,BROOKFIELDS BR,Non-Injury Crash,No,2004,North,0.0,,Flat,,,,,Bright sun,1403900.0,0.0,0.0,0.0,2.0,0.0,,,Hawke's Bay Region,Bridge,2-way,Sealed,0.0,0.0,,100.0,,Null,0.0,0.0,,30.0,Hastings District,Give way,,,,,0.0,0.0,Open,1.0,,,Fine
359347,1927876.0,5607157.0,547800.0,0.0,0.0,2.0,Null,2017/2018,STONYCROFT ST,OMAHU ROAD,Non-Injury Crash,No,2017,North,0.0,,Flat,,,,,Bright sun,1476600.0,0.0,0.0,0.0,2.0,0.0,,,Hawke's Bay Region,Nil,2-way,Sealed,0.0,0.0,,50.0,,Null,0.0,0.0,,30.0,Hastings District,Give way,,,,,0.0,0.0,Urban,0.0,,,Fine
650675,1928842.0,5603900.0,547900.0,0.0,0.0,2.0,Null,2004/2005,RAILWAY ROAD,MURDOCH ROAD WEST,Non-Injury Crash,No,2004,North,0.0,,Flat,,,,,Dark,1482600.0,0.0,0.0,0.0,2.0,0.0,,,Hawke's Bay Region,Nil,2-way,Sealed,0.0,0.0,,70.0,,On,0.0,0.0,,30.0,Hastings District,Stop,,,,,0.0,0.0,Urban,0.0,,,Fine
526375,1927846.0,5606525.0,548500.0,0.0,0.0,2.0,West,2003/2004,KIWI PLACE,KIWI ST,Non-Injury Crash,No,2004,West,0.0,0.0,Flat,0.0,,0.0,0.0,Twilight,1479300.0,0.0,0.0,0.0,2.0,0.0,1.0,,Hawke's Bay Region,Nil,2-way,Sealed,0.0,0.0,0.0,50.0,0.0,Off,0.0,0.0,,30.0,Hastings District,Nil,0.0,0.0,0.0,0.0,0.0,0.0,Urban,0.0,0.0,0.0,Fine
653868,1923002.0,5604115.0,545842.0,0.0,0.0,2.0,West,2005/2006,MARAEKAKAHO ROAD,NGATARAWA ROAD,Minor Crash,No,2005,West,0.0,,Flat,,,,,Dark,1470211.0,2.0,0.0,0.0,2.0,0.0,,,Hawke's Bay Region,Nil,2-way,Sealed,0.0,0.0,,100.0,,None,0.0,0.0,,30.0,Hastings District,Nil,,,,,0.0,0.0,Open,0.0,,,Fine
286674,1929555.3586,5605053.1977,548200.0,0.0,0.0,1.0,Null,2018/2019,KING STREET SOUTH,EASTBOURNE STREET WEST,Non-Injury Crash,No,2018,North,0.0,,Flat,,,,,Bright sun,1489400.0,0.0,0.0,0.0,2.0,0.0,,,Hawke's Bay Region,Nil,2-way,Sealed,0.0,0.0,,50.0,,Off,0.0,0.0,,30.0,Hastings District,Give way,,,,,0.0,0.0,Urban,1.0,,,Fine
737087,1937075.0,5655225.0,545911.0,0.0,0.0,1.0,South,2017/2018,SH 2,RIDGEMOUNT ROAD,Non-Injury Crash,Yes,2017,North,0.0,1.0,Flat,0.0,,0.0,0.0,Dark,1415200.0,0.0,0.0,0.0,2.0,0.0,0.0,,Hawke's Bay Region,Nil,2-way,Sealed,0.0,0.0,0.0,100.0,0.0,None,0.0,0.0,,30.0,Hastings District,Unknown,0.0,0.0,0.0,0.0,0.0,0.0,Open,0.0,0.0,0.0,Fine
297703,1925321.0,5599569.0,545852.0,0.0,0.0,2.0,Null,2009/2010,SH 2,SH 50A PAKI PAKI,Serious Crash,Yes,2009,North,0.0,,Flat,,,,,Overcast,1469600.0,0.0,0.0,0.0,2.0,0.0,,,Hawke's Bay Region,Nil,2-way,Sealed,0.0,2.0,,100.0,,Null,0.0,0.0,,30.0,Hastings District,Give way,,,,,0.0,0.0,Open,0.0,,,Heavy rain
700348,1930341.0,5604822.0,548200.0,0.0,0.0,2.0,Null,2018/2019,HASTINGS ST NORTH,ST AUBYN ST EAST,Non-Injury Crash,No,2018,North,0.0,,Flat,,,,,Dark,1494400.0,0.0,0.0,0.0,2.0,0.0,,,Hawke's Bay Region,Nil,2-way,Sealed,0.0,0.0,,50.0,,On,0.0,0.0,,30.0,Hastings District,Give way,,,,,0.0,0.0,Urban,0.0,,,Fine
405607,1908518.0,5664958.0,545911.0,0.0,0.0,1.0,West,2004/2005,SH 5,SUMMIT KIOSK,Non-Injury Crash,Yes,2005,South,0.0,,Flat,,,,,Dark,1414400.0,0.0,0.0,0.0,2.0,0.0,,,Hawke's Bay Region,Nil,2-way,Sealed,0.0,0.0,,100.0,,None,0.0,0.0,,30.0,Hastings District,Unknown,,,,,0.0,0.0,Open,0.0,,,Null
480183,1929511.2340000002,5605923.5343,547700.0,0.0,0.0,2.0,Null,2019/2020,ST AUBYN STREET WEST,MCLEAN STREET,Non-Injury Crash,No,2020,South,0.0,,Flat,,,,,Overcast,1488300.0,0.0,0.0,0.0,2.0,0.0,,,Hawke's Bay Region,Nil,2-way,Sealed,0.0,0.0,,50.0,,Off,0.0,0.0,,30.0,Hastings District,Nil,,,,,0.0,0.0,Urban,0.0,,,Fine
518056,1930148.0,5605698.0,548200.0,0.0,0.0,1.0,North,2003/2004,NELSON ST NORTH,FITZROY AVENUE,Non-Injury Crash,No,2004,North,0.0,,Flat,,,,,Bright sun,1491100.0,0.0,0.0,0.0,2.0,0.0,,,Hawke's Bay Region,Nil,2-way,Sealed,0.0,0.0,,50.0,,Null,0.0,0.0,,30.0,Hastings District,Nil,,,,,0.0,0.0,Urban,1.0,,,Fine
672137,1929924.0,5604976.0,548200.0,1.0,0.0,1.0,South,2013/2014,QUEEN ST EAST,MARKET ST NORTH,Serious Crash,No,2013,East,0.0,0.0,Flat,0.0,,0.0,0.0,Bright sun,1492200.0,0.0,0.0,0.0,2.0,0.0,0.0,,Hawke's Bay Region,Nil,2-way,Sealed,0.0,1.0,0.0,50.0,0.0,Off,0.0,0.0,,30.0,Hastings District,Nil,0.0,0.0,0.0,0.0,0.0,0.0,Urban,0.0,1.0,0.0,Fine
531268,1930442.0,5603522.0,548300.0,0.0,0.0,0.0,South,2010/2011,LUMSDEN ROAD,LUMSDEN PLACE,Non-Injury Crash,No,2010,South,0.0,0.0,Flat,0.0,,0.0,0.0,Dark,1502400.0,0.0,0.0,0.0,2.0,0.0,0.0,,Hawke's Bay Region,Nil,2-way,Unsealed,0.0,0.0,0.0,50.0,0.0,On,0.0,0.0,30.0,30.0,Hastings District,Nil,0.0,0.0,0.0,0.0,0.0,0.0,Urban,1.0,0.0,0.0,Light rain
388150,1930546.0,5610615.0,545832.0,0.0,0.0,1.0,North,2012/2013,SH 50A,EVENDEN ROAD,Non-Injury Crash,Yes,2013,South,0.0,,Flat,,,,,Bright sun,1404400.0,0.0,0.0,0.0,2.0,0.0,,,Hawke's Bay Region,Nil,2-way,Sealed,0.0,0.0,,100.0,,Null,0.0,0.0,,30.0,Hastings District,Nil,,,,,1.0,0.0,Open,0.0,,,Fine
680133,1932398.0,5601992.0,548831.0,0.0,0.0,1.0,South,2014/2015,HAVELOCK ROAD,KARANEMA DRIVE,Minor Crash,No,2015,South,0.0,,Flat,,Christmas New Year,,,Bright sun,1509600.0,1.0,0.0,0.0,2.0,0.0,,,Hawke's Bay Region,Nil,2-way,Sealed,0.0,0.0,,50.0,,Off,1.0,0.0,,30.0,Hastings District,Nil,,,,,0.0,0.0,Urban,0.0,,,Fine
321385,1918947.0,5652702.0,545911.0,0.0,0.0,0.0,South,2003/2004,SH 5,OLSENS GATE,Non-Injury Crash,Yes,2004,South,0.0,,Hill Road,,,,,Overcast,1415900.0,0.0,0.0,0.0,3.0,0.0,,,Hawke's Bay Region,Nil,2-way,Sealed,0.0,0.0,,100.0,,Null,0.0,0.0,,30.0,Hastings District,Nil,,,,,2.0,0.0,Open,1.0,,,Light rain
432353,1930245.0,5604748.0,548200.0,0.0,0.0,2.0,Null,2002/2003,HASTINGS ST NORTH,AVENUE ROAD EAST,Non-Injury Crash,No,2002,North,0.0,,Flat,,,,,Overcast,1493501.0,0.0,0.0,0.0,2.0,0.0,,,Hawke's Bay Region,Nil,2-way,Sealed,0.0,0.0,,50.0,,Null,0.0,0.0,,30.0,Hastings District,Give way,,,,,0.0,0.0,Urban,0.0,,,Fine
643672,1935244.4304,5653383.5597,545911.0,0.0,0.0,2.0,Null,2019/2020,SH 2,MATAHORUA ROAD,Non-Injury Crash,Yes,2019,North,0.0,,Flat,,Christmas New Year,,,Bright sun,1415200.0,0.0,0.0,0.0,2.0,0.0,,,Hawke's Bay Region,Nil,2-way,Sealed,0.0,0.0,,100.0,,None,1.0,0.0,,30.0,Hastings District,Nil,,,,,0.0,0.0,Open,0.0,,,Fine
41736,1929090.0,5605275.0,548200.0,0.0,0.0,3.0,Null,2004/2005,SOUTHAMPTON ST WEST,CHARLES ST,Non-Injury Crash,No,2004,East,0.0,,Flat,,,,,Bright sun,1488500.0,0.0,0.0,0.0,2.0,0.0,,,Hawke's Bay Region,Nil,2-way,Sealed,0.0,0.0,,50.0,,Null,0.0,0.0,,30.0,Hastings District,Give way,,,,,0.0,0.0,Urban,0.0,,,Fine
63447,1928922.0,5605476.0,547700.0,0.0,0.0,2.0,Null,2003/2004,SOUTHAMPTON ST WEST,PEPPER ST,Non-Injury Crash,No,2004,South,0.0,,Flat,,,,,Bright sun,1487000.0,0.0,0.0,0.0,2.0,0.0,,,Hawke's Bay Region,Nil,2-way,Sealed,0.0,0.0,,50.0,,Null,0.0,0.0,,30.0,Hastings District,Nil,,,,,0.0,0.0,Urban,0.0,,,Fine
325643,1925379.0,5606403.0,548620.0,0.0,0.0,1.0,North,2013/2014,PETERHEAD AVENUE,PETERHEAD PLACE,Non-Injury Crash,No,2014,North,0.0,0.0,Flat,0.0,,0.0,0.0,Overcast,1474800.0,0.0,0.0,0.0,2.0,0.0,0.0,,Hawke's Bay Region,Nil,2-way,Sealed,0.0,0.0,0.0,50.0,0.0,Off,0.0,0.0,,30.0,Hastings District,Nil,0.0,1.0,0.0,0.0,0.0,0.0,Urban,0.0,0.0,0.0,Fine
151493,1920758.0,5642492.0,545811.0,0.0,0.0,1.0,North,2001/2002,SH 5,GLENGARRY ROAD,Minor Crash,Yes,2002,North,0.0,0.0,Hill Road,0.0,,0.0,0.0,Overcast,1414600.0,1.0,0.0,0.0,2.0,0.0,0.0,,Hawke's Bay Region,Nil,2-way,Sealed,0.0,0.0,0.0,100.0,0.0,Null,0.0,0.0,,30.0,Hastings District,Nil,0.0,0.0,0.0,1.0,0.0,0.0,Open,0.0,0.0,0.0,Light rain
375442,1930254.0,5607390.0,545710.0,0.0,0.0,2.0,Null,2008/2009,PAKOWHAI ROAD,WILLIAMS ST,Non-Injury Crash,No,2008,South,0.0,,Flat,,,,,Overcast,1471300.0,0.0,0.0,0.0,2.0,0.0,,,Hawke's Bay Region,Nil,2-way,Sealed,0.0,0.0,,50.0,,Null,0.0,0.0,,30.0,Hastings District,Give way,,,,,0.0,0.0,Urban,0.0,,,Fine
337671,1928842.0,5603900.0,547900.0,0.0,0.0,1.0,Null,2010/2011,RAILWAY ROAD SOUTH,MURDOCH ROAD WEST,Non-Injury Crash,No,2010,North,0.0,,Flat,,,,,Dark,1482600.0,0.0,0.0,0.0,2.0,0.0,,,Hawke's Bay Region,Nil,2-way,Sealed,0.0,0.0,,80.0,,On,0.0,0.0,,30.0,Hastings District,Stop,,,,,0.0,0.0,Open,1.0,,,Light rain
207748,1921959.0,5624201.0,545821.0,0.0,0.0,0.0,South,2007/2008,APLEY ROAD,PUKETITIRI ROAD,Non-Injury Crash,No,2008,North,0.0,,Flat,,,,,Bright sun,1411100.0,0.0,0.0,0.0,2.0,0.0,,,Hawke's Bay Region,Nil,2-way,Sealed,0.0,0.0,,100.0,,Null,0.0,0.0,,30.0,Hastings District,Nil,,,,,1.0,0.0,Open,0.0,,,Fine
276833,1945929.0,5660862.0,545911.0,0.0,0.0,1.0,West,2010/2011,SH 2,WAIKARE ROAD,Non-Injury Crash,Yes,2011,West,0.0,,Hill Road,,,,,Overcast,1416100.0,0.0,0.0,0.0,2.0,0.0,,,Hawke's Bay Region,Nil,2-way,Sealed,0.0,0.0,,100.0,,Null,1.0,0.0,,30.0,Hastings District,Nil,,,,,0.0,0.0,Open,0.0,,,Fine
365115,1926977.0,5604890.0,545761.0,0.0,0.0,2.0,South,2006/2007,MARAEKAKAHO ROAD,YORK ROAD,Serious Crash,No,2006,South,0.0,,Flat,,,,,Twilight,1468801.0,0.0,0.0,0.0,2.0,0.0,,,Hawke's Bay Region,Nil,2-way,Sealed,0.0,2.0,,100.0,,None,0.0,0.0,,30.0,Hastings District,Nil,,,,,0.0,0.0,Open,0.0,,,Fine
453655,1930741.7809,5605381.0505,548000.0,0.0,0.0,3.0,Null,2019/2020,KARAMU ROAD NORTH,JERVOIS STREET,Minor Crash,No,2019,West,0.0,,Flat,,,,,Overcast,1497400.0,1.0,0.0,0.0,2.0,0.0,,,Hawke's Bay Region,Nil,2-way,Sealed,0.0,0.0,,50.0,,Off,0.0,0.0,,30.0,Hastings District,Give way,,,,,0.0,0.0,Urban,0.0,,,Light rain
440847,1929542.0,5605281.0,548200.0,0.0,0.0,1.0,West,2010/2011,HERETAUNGA ST WEST,NELSON ST NORTH,Minor Crash,No,2010,West,0.0,,Flat,,,,,Bright sun,1488900.0,1.0,0.0,0.0,3.0,0.0,,,Hawke's Bay Region,Nil,2-way,Sealed,0.0,0.0,,50.0,,Null,1.0,0.0,,30.0,Hastings District,Nil,,,,,0.0,0.0,Urban,0.0,,,Fine
559862,1932649.0,5609522.0,545832.0,0.0,0.0,2.0,South,2001/2002,PAKOWHAI ROAD,FARNDON ROAD,Non-Injury Crash,No,2002,South,0.0,,Flat,,,,,Overcast,1404300.0,0.0,0.0,0.0,2.0,0.0,,,Hawke's Bay Region,Nil,2-way,Sealed,0.0,0.0,,100.0,,Null,0.0,0.0,,30.0,Hastings District,Give way,,,,,0.0,0.0,Open,0.0,,,Fine
412677,1929273.0,5606648.0,547800.0,0.0,0.0,1.0,South,2010/2011,PAKOWHAI ROAD,FITZROY AVENUE,Non-Injury Crash,No,2010,West,0.0,,Flat,,,,,Bright sun,1477600.0,0.0,0.0,0.0,2.0,0.0,,,Hawke's Bay Region,Nil,2-way,Sealed,0.0,0.0,,50.0,,Null,1.0,0.0,,30.0,Hastings District,Nil,,,,,0.0,0.0,Urban,0.0,,,Fine
198256,1929072.0,5605902.0,547700.0,0.0,0.0,1.0,South,2017/2018,HERETAUNGA ST WEST,GALLIEN ST,Non-Injury Crash,No,2018,South,0.0,,Flat,,,,,Overcast,1487300.0,0.0,0.0,0.0,2.0,0.0,,,Hawke's Bay Region,Nil,2-way,Sealed,0.0,0.0,,50.0,,Null,0.0,0.0,,30.0,Hastings District,Nil,,,,,0.0,0.0,Urban,1.0,,,Light rain
670796,1937570.0,5598248.0,545860.0,0.0,0.0,0.0,Null,2006/2007,Z PRIVATE PROPERTY,1308 TUKITUKI/CRAGGY RANG,Minor Crash,No,2007,East,0.0,,Flat,,,,,Bright sun,1467200.0,1.0,0.0,0.0,0.0,0.0,,,Hawke's Bay Region,Nil,Off road,Unsealed,0.0,0.0,,100.0,,Null,0.0,0.0,,30.0,Hastings District,Nil,,,,,0.0,0.0,Open,1.0,,,Fine
380215,1924351.0,5607153.0,548612.0,0.0,0.0,2.0,Null,2006/2007,CHATHAM ROAD,WALTON WAY,Non-Injury Crash,No,2007,West,0.0,,Flat,,Queens Birthday,,,Twilight,1474003.0,0.0,0.0,0.0,2.0,0.0,,,Hawke's Bay Region,Nil,2-way,Sealed,0.0,0.0,,50.0,,Off,0.0,0.0,,30.0,Hastings District,Give way,,,,,0.0,0.0,Urban,0.0,,,Fine
254573,1932861.0,5601967.0,548831.0,0.0,0.0,1.0,North,2007/2008,NAPIER ROAD,KARANEMA DRIVE,Non-Injury Crash,No,2007,North,0.0,,Flat,,,,,Twilight,1509100.0,0.0,0.0,0.0,4.0,0.0,,,Hawke's Bay Region,Nil,2-way,Sealed,0.0,0.0,,50.0,,Off,0.0,0.0,,30.0,Hastings District,Nil,,,,,0.0,0.0,Urban,1.0,,,Fine
55764,1923079.0,5611805.0,545822.0,0.0,0.0,2.0,Null,2001/2002,SH 50,TAIHAPE ROAD,Non-Injury Crash,Yes,2001,South,0.0,0.0,Flat,0.0,,0.0,0.0,Overcast,1409300.0,0.0,0.0,0.0,2.0,0.0,0.0,,Hawke's Bay Region,Nil,2-way,Sealed,0.0,0.0,0.0,50.0,0.0,Off,0.0,0.0,,30.0,Hastings District,Nil,1.0,0.0,0.0,0.0,0.0,0.0,Urban,0.0,0.0,0.0,Fine
10649,1930510.0,5604594.0,548100.0,0.0,0.0,2.0,Null,2006/2007,ST AUBYN ST EAST,ST AUBYNS ST EAST,Minor Crash,No,2007,West,0.0,,Flat,,,,,Overcast,1500800.0,1.0,0.0,0.0,2.0,0.0,,,Hawke's Bay Region,Nil,2-way,Sealed,0.0,0.0,,50.0,,Null,0.0,0.0,,30.0,Hastings District,Give way,,,,,0.0,0.0,Urban,0.0,,,Fine
237592,1929881.0,5604833.0,548200.0,0.0,0.0,1.0,West,2004/2005,HERETAUNGA ST EAST,KARAMU ROAD NORTH,Non-Injury Crash,No,2004,West,0.0,,Flat,,,,,Dark,1492100.0,0.0,0.0,1.0,2.0,0.0,,,Hawke's Bay Region,Nil,2-way,Sealed,0.0,0.0,,50.0,,On,0.0,0.0,,30.0,Hastings District,Nil,,,,,0.0,0.0,Urban,0.0,,,Light rain
51058,1928784.0,5606268.0,548500.0,0.0,0.0,2.0,Null,2015/2016,MARAEKAKAHO ROAD,OMAHU ROAD,Non-Injury Crash,No,2016,South,0.0,,Flat,,,,,Dark,1478800.0,0.0,0.0,0.0,1.0,0.0,,,Hawke's Bay Region,Nil,1-way,Sealed,0.0,0.0,,50.0,,On,0.0,0.0,,30.0,Hastings District,Give way,,,,,0.0,0.0,Urban,0.0,,,Null