OBJECTID,X,Y,areaUnitID,bicycle,bus,carStationWagon,crashDirectionDescription,crashFinancialYear,crashLocation1,crashLocation2,crashSeverity,crashSHDescription,crashYear,directionRoleDescription,fatalCount,fence,flatHill,guardRail,holiday,houseOrBuilding,kerb,light,meshblockId,minorInjuryCount,moped,motorcycle,NumberOfLanes,otherVehicleType,parkedVehicle,pedestrian,region,roadCharacter,roadLane,roadSurface,schoolBus,seriousInjuryCount,slipOrFlood,speedLimit,strayAnimal,streetLight,suv,taxi,temporarySpeedLimit,tlaId,tlaName,trafficControl,trafficIsland,trafficSign,train,tree,truck,unknownVehicleType,urban,vanOrUtility,vehicle,waterRiver,weatherA
27836,1917866.0,5654122.0,545912.0,0.0,0.0,1.0,South,2013/2014,SH 5,WAITARA ROAD,Non-Injury Crash,Yes,2013,East,0.0,,Hill Road,,,,,Overcast,1414504.0,0.0,0.0,0.0,3.0,0.0,,,Hawke's Bay Region,Nil,2-way,Sealed,0.0,0.0,,100.0,,Null,0.0,0.0,,30.0,Hastings District,Nil,,,,,0.0,0.0,Open,0.0,,,Fine
457433,1898562.0,5593785.0,545841.0,0.0,0.0,0.0,North,2008/2009,SH 50,MANGA-O-NUKU NO3 BR,Non-Injury Crash,Yes,2008,North,0.0,,Hill Road,,Christmas New Year,,,Bright sun,1462600.0,0.0,0.0,1.0,2.0,0.0,,,Hawke's Bay Region,Nil,2-way,Sealed,0.0,0.0,,100.0,,Null,0.0,0.0,,30.0,Hastings District,Nil,,,,,0.0,0.0,Open,0.0,,,Fine
323114,1927506.0,5607508.0,548400.0,0.0,0.0,2.0,East,2004/2005,Z CPK UNIV.AUTOWORKS,OMAHU/KELFIELD,Non-Injury Crash,No,2005,East,0.0,0.0,Flat,0.0,,0.0,0.0,Bright sun,1473600.0,0.0,0.0,0.0,1.0,0.0,1.0,,Hawke's Bay Region,Nil,Off road,Sealed,0.0,0.0,0.0,50.0,0.0,Null,0.0,0.0,,30.0,Hastings District,Nil,0.0,0.0,0.0,0.0,0.0,0.0,Urban,0.0,0.0,0.0,Fine
629293,1928363.0,5606685.0,547800.0,0.0,0.0,2.0,East,2000/2001,OMAHU ROAD,KARAITIANA ST,Non-Injury Crash,No,2001,East,0.0,,Flat,,,,,Bright sun,1477400.0,0.0,0.0,0.0,2.0,0.0,,,Hawke's Bay Region,Nil,2-way,Sealed,0.0,0.0,,50.0,,Null,0.0,0.0,,30.0,Hastings District,Nil,,,,,0.0,0.0,Urban,0.0,,,Fine
378995,1928870.0,5606345.0,547700.0,0.0,0.0,3.0,North,2000/2001,PAKOWHAI ROAD,OMAHU ROAD,Minor Crash,No,2001,North,0.0,,Flat,,,,,Bright sun,1486000.0,1.0,0.0,0.0,2.0,0.0,,,Hawke's Bay Region,Nil,2-way,Sealed,0.0,0.0,,50.0,,Null,0.0,0.0,,30.0,Hastings District,Nil,,,,,0.0,0.0,Urban,0.0,,,Fine
18390,1928484.0,5606612.0,547800.0,0.0,0.0,0.0,Null,2005/2006,Z CPK ABC DAYCARE,OMAHU ROAD,Minor Crash,No,2006,East,0.0,,Flat,,,,,Overcast,1477400.0,1.0,0.0,0.0,0.0,0.0,,1.0,Hawke's Bay Region,Nil,Off road,Sealed,0.0,0.0,,50.0,,Null,0.0,0.0,,30.0,Hastings District,Nil,,,,,0.0,0.0,Urban,1.0,,,Fine
612448,1930752.0,5603757.0,548100.0,0.0,0.0,1.0,Null,2007/2008,HERETAUNGA ST EAST,LUMSDEN ROAD,Non-Injury Crash,No,2007,East,0.0,,Flat,,,,,Bright sun,1500300.0,0.0,0.0,0.0,2.0,0.0,,,Hawke's Bay Region,Nil,2-way,Sealed,0.0,0.0,,50.0,,Null,0.0,0.0,,30.0,Hastings District,Stop,,,,,0.0,0.0,Urban,1.0,,,Fine
264887,1934416.0,5609783.0,545832.0,0.0,1.0,0.0,East,2002/2003,FARNDON ROAD,CHESTERHOPE BRIDGE,Non-Injury Crash,No,2003,East,0.0,0.0,Flat,0.0,Queens Birthday,0.0,0.0,Dark,1404200.0,0.0,0.0,0.0,2.0,0.0,0.0,,Hawke's Bay Region,Nil,2-way,Sealed,0.0,0.0,0.0,100.0,0.0,None,0.0,0.0,,30.0,Hastings District,Nil,0.0,0.0,0.0,0.0,0.0,0.0,Open,0.0,0.0,0.0,Fine
176631,1927629.6272,5600672.0758,545852.0,0.0,0.0,1.0,East,2019/2020,TE AUTE ROAD,CRYSTALL ROAD,Minor Crash,No,2020,South,0.0,0.0,Flat,0.0,,0.0,0.0,Overcast,1465700.0,1.0,0.0,0.0,1.0,1.0,0.0,,Hawke's Bay Region,Nil,2-way,Sealed,0.0,0.0,0.0,100.0,0.0,None,0.0,0.0,,30.0,Hastings District,Unknown,0.0,0.0,0.0,0.0,0.0,0.0,Open,0.0,0.0,0.0,Fine
616387,1914160.0,5656977.0,545911.0,0.0,0.0,0.0,North,2009/2010,SH 5,WAITARA ROAD,Non-Injury Crash,Yes,2009,North,0.0,,Hill Road,,,,,Overcast,1415900.0,0.0,0.0,0.0,2.0,0.0,,,Hawke's Bay Region,Nil,2-way,Sealed,0.0,0.0,,100.0,,Null,0.0,0.0,,30.0,Hastings District,Nil,,,,,0.0,0.0,Open,1.0,,,Fine
78388,1928758.0,5601029.0,545762.0,0.0,0.0,0.0,East,2005/2006,LONGLANDS ROAD EAST,TE AUTE ROAD,Non-Injury Crash,No,2006,East,0.0,0.0,Flat,1.0,,0.0,0.0,Overcast,1468400.0,0.0,0.0,0.0,2.0,0.0,0.0,,Hawke's Bay Region,Bridge,2-way,Sealed,0.0,0.0,1.0,100.0,0.0,Null,0.0,0.0,,30.0,Hastings District,Nil,0.0,0.0,0.0,0.0,0.0,0.0,Open,1.0,0.0,0.0,Heavy rain
164988,1933731.0,5603272.0,545750.0,0.0,0.0,1.0,South,2013/2014,THOMPSON ROAD,NAPIER ROAD,Minor Crash,No,2013,South,0.0,0.0,Flat,0.0,,0.0,0.0,Dark,1406600.0,2.0,0.0,0.0,2.0,0.0,0.0,,Hawke's Bay Region,Nil,2-way,Sealed,0.0,0.0,0.0,100.0,0.0,None,0.0,0.0,,30.0,Hastings District,Nil,0.0,0.0,0.0,1.0,0.0,0.0,Open,0.0,0.0,0.0,Fine
233505,1925089.0,5598075.0,545851.0,0.0,0.0,2.0,South,2016/2017,SH 2,LIME WORKS ENT,Serious Crash,Yes,2017,North,0.0,,Flat,,,,,Overcast,1463900.0,1.0,0.0,0.0,2.0,0.0,,,Hawke's Bay Region,Nil,2-way,Sealed,0.0,2.0,,100.0,,Null,0.0,0.0,,30.0,Hastings District,Unknown,,,,,0.0,0.0,Open,1.0,,,Fine
265090,1929340.0,5605496.0,547700.0,0.0,0.0,1.0,Null,2005/2006,Z CPK PAK N SAVE,HERETAUNGA/CHARLES,Non-Injury Crash,No,2005,North,0.0,0.0,Flat,0.0,,0.0,0.0,Dark,1487700.0,0.0,0.0,0.0,,0.0,0.0,,Hawke's Bay Region,Nil,Off road,Sealed,0.0,0.0,0.0,50.0,0.0,On,0.0,0.0,,30.0,Hastings District,Give way,0.0,0.0,0.0,0.0,0.0,0.0,Urban,0.0,0.0,0.0,Fine
380953,1908523.0,5674782.0,545911.0,0.0,0.0,2.0,North,2004/2005,SH 5,TARAWERA TAV,Serious Crash,Yes,2004,North,0.0,0.0,Hill Road,0.0,,0.0,0.0,Twilight,1281200.0,1.0,0.0,0.0,2.0,0.0,0.0,,Hawke's Bay Region,Nil,2-way,Sealed,0.0,1.0,0.0,100.0,0.0,None,0.0,0.0,,30.0,Hastings District,Nil,0.0,0.0,0.0,0.0,0.0,0.0,Open,0.0,0.0,0.0,Fine
286694,1919324.0,5613705.0,545821.0,0.0,0.0,1.0,West,2011/2012,TAIHAPE ROAD,OHITI ROAD,Non-Injury Crash,No,2012,North,0.0,,Flat,,,,,Bright sun,1408900.0,0.0,0.0,0.0,2.0,0.0,,,Hawke's Bay Region,Nil,2-way,Sealed,0.0,0.0,,100.0,,Null,0.0,0.0,,30.0,Hastings District,Nil,,,,,0.0,0.0,Open,0.0,,,Fine
345392,1928441.0,5605093.0,547900.0,0.0,0.0,1.0,Null,2009/2010,GORDON ROAD,PEPPER ST,Non-Injury Crash,No,2009,West,0.0,,Flat,,,,,Bright sun,1480400.0,0.0,0.0,0.0,2.0,0.0,,,Hawke's Bay Region,Nil,2-way,Sealed,0.0,0.0,,50.0,,Null,1.0,0.0,,30.0,Hastings District,Give way,,,,,0.0,0.0,Urban,0.0,,,Fine
90820,1927862.0,5607171.0,547800.0,0.0,0.0,1.0,West,2003/2004,OMAHU ROAD,STONYCROFT ST,Non-Injury Crash,No,2004,North,0.0,,Flat,,,,,Overcast,1476600.0,0.0,0.0,0.0,2.0,0.0,,,Hawke's Bay Region,Nil,2-way,Sealed,0.0,0.0,,50.0,,Null,0.0,0.0,,30.0,Hastings District,Nil,,,,,0.0,0.0,Urban,1.0,,,Fine
485333,1932464.0,5601639.0,548810.0,0.0,0.0,1.0,Null,2003/2004,PORTER DRIVE,TE AUTE ROAD,Non-Injury Crash,No,2004,South,0.0,,Flat,,,,,Dark,1505200.0,0.0,0.0,0.0,2.0,0.0,,,Hawke's Bay Region,Nil,2-way,Sealed,0.0,0.0,,50.0,,On,0.0,0.0,,30.0,Hastings District,Give way,,,,,0.0,0.0,Urban,1.0,,,Heavy rain
722615,1932274.0,5609028.0,545721.0,0.0,0.0,1.0,Null,2002/2003,PAKOWHAI ROAD,RUAHAPIA ROAD,Minor Crash,No,2002,West,0.0,1.0,Flat,0.0,,0.0,0.0,Dark,1471600.0,1.0,0.0,0.0,2.0,0.0,0.0,,Hawke's Bay Region,Nil,2-way,Sealed,0.0,0.0,0.0,100.0,0.0,On,0.0,0.0,,30.0,Hastings District,Give way,0.0,0.0,0.0,0.0,0.0,0.0,Open,0.0,0.0,0.0,Fine
195733,1935187.0,5652917.0,545911.0,0.0,0.0,0.0,South,2014/2015,SH 2,WAIKOAU ROAD,Non-Injury Crash,Yes,2015,North,0.0,1.0,Hill Road,0.0,,0.0,0.0,Bright sun,1415200.0,0.0,0.0,1.0,2.0,0.0,0.0,,Hawke's Bay Region,Nil,2-way,Sealed,0.0,0.0,0.0,100.0,0.0,Null,0.0,0.0,,30.0,Hastings District,Nil,0.0,0.0,0.0,0.0,0.0,0.0,Open,0.0,0.0,0.0,Fine
588587,1930795.0,5604811.0,548100.0,0.0,0.0,2.0,Null,2002/2003,WILLOWPARK ROAD NORTH,ALBERT ST,Non-Injury Crash,No,2003,South,0.0,,Flat,,,,,Twilight,1499700.0,0.0,0.0,0.0,2.0,0.0,,,Hawke's Bay Region,Nil,2-way,Sealed,0.0,0.0,,50.0,,On,0.0,0.0,,30.0,Hastings District,Give way,,,,,0.0,0.0,Urban,0.0,,,Fine
93802,1930027.0,5600836.0,545762.0,0.0,0.0,1.0,East,2002/2003,TE AUTE ROAD,SH 2,Minor Crash,No,2003,North,0.0,,Flat,,,,,Overcast,1465300.0,1.0,0.0,0.0,2.0,0.0,,,Hawke's Bay Region,Nil,2-way,Sealed,0.0,0.0,,100.0,,Null,0.0,0.0,,30.0,Hastings District,Nil,,,,,0.0,0.0,Open,1.0,,,Fine
357356,1930403.0,5610035.0,545710.0,0.0,0.0,1.0,North,2010/2011,SH 50A,EVENDEN ROAD,Non-Injury Crash,Yes,2010,North,0.0,1.0,Flat,0.0,,0.0,0.0,Dark,1471100.0,0.0,0.0,0.0,2.0,0.0,0.0,1.0,Hawke's Bay Region,Nil,2-way,Sealed,0.0,0.0,0.0,100.0,0.0,None,0.0,0.0,,30.0,Hastings District,Nil,0.0,0.0,0.0,0.0,0.0,0.0,Open,0.0,0.0,0.0,Fine
698738,1928995.0,5606520.0,547800.0,0.0,0.0,2.0,North,2003/2004,PAKOWHAI ROAD,IKANUI ROAD,Non-Injury Crash,No,2004,East,0.0,,Flat,,Christmas New Year,,,Bright sun,1477500.0,0.0,0.0,0.0,0.0,0.0,,,Hawke's Bay Region,Nil,Off road,Sealed,0.0,0.0,,50.0,,Null,0.0,0.0,,30.0,Hastings District,Nil,,,,,0.0,0.0,Urban,0.0,,,Fine
116597,1924047.0,5606957.0,548612.0,0.0,0.0,1.0,Null,2005/2006,CHATHAM ROAD,PORTSMOUTH ROAD,Non-Injury Crash,No,2005,East,0.0,1.0,Flat,0.0,,0.0,0.0,Bright sun,1474001.0,0.0,0.0,0.0,2.0,0.0,0.0,,Hawke's Bay Region,Nil,2-way,Sealed,0.0,0.0,0.0,50.0,0.0,Null,0.0,0.0,,30.0,Hastings District,Give way,0.0,0.0,0.0,0.0,0.0,0.0,Urban,0.0,0.0,0.0,Fine
606264,1924130.3422,5607532.5323,548611.0,0.0,0.0,0.0,West,2019/2020,DIAZ DRIVE,PALGRAVE AVENUE,Non-Injury Crash,No,2020,West,0.0,,Flat,,,,,Bright sun,1473902.0,0.0,0.0,0.0,2.0,0.0,,,Hawke's Bay Region,Nil,2-way,Sealed,0.0,0.0,,40.0,,Off,0.0,0.0,,30.0,Hastings District,Nil,,,,,0.0,0.0,Urban,1.0,,,Fine
346632,1927633.9526,5607388.3403,548500.0,0.0,0.0,1.0,Null,2019/2020,OMAHU ROAD,HAWKES BAY EXPRESSWAY,Non-Injury Crash,No,2019,West,0.0,,Flat,,,,,Bright sun,1477900.0,0.0,0.0,0.0,2.0,0.0,,,Hawke's Bay Region,Nil,2-way,Sealed,0.0,0.0,,50.0,,Off,1.0,0.0,,30.0,Hastings District,Give way,,,,,0.0,0.0,Urban,0.0,,,Fine
464878,1927501.0,5603870.0,545761.0,0.0,0.0,1.0,Null,2007/2008,HEATHCOTE ROAD,SOUTHLAND ROAD,Non-Injury Crash,No,2007,South,0.0,1.0,Flat,0.0,,0.0,0.0,Dark,1468801.0,0.0,0.0,0.0,2.0,0.0,0.0,,Hawke's Bay Region,Nil,2-way,Sealed,0.0,0.0,0.0,70.0,0.0,None,0.0,0.0,,30.0,Hastings District,Give way,0.0,0.0,0.0,0.0,0.0,0.0,Urban,0.0,0.0,0.0,Fine
139541,1931104.0,5600836.0,545762.0,0.0,0.0,1.0,West,2008/2009,TE AUTE ROAD,GILPIN ROAD,Minor Crash,No,2009,West,0.0,0.0,Flat,1.0,,0.0,0.0,Overcast,1465200.0,1.0,0.0,0.0,2.0,0.0,0.0,,Hawke's Bay Region,Nil,2-way,Sealed,0.0,0.0,0.0,100.0,0.0,Null,0.0,0.0,,30.0,Hastings District,Nil,0.0,1.0,0.0,0.0,0.0,0.0,Open,0.0,0.0,0.0,Light rain
700134,1928530.0,5606522.0,547800.0,0.0,0.0,0.0,East,2006/2007,OMAHU ROAD,HAPUKA ST,Non-Injury Crash,No,2007,East,0.0,,Flat,,,,,Bright sun,1477700.0,0.0,0.0,0.0,2.0,0.0,,,Hawke's Bay Region,Nil,2-way,Sealed,0.0,0.0,,50.0,,Null,0.0,0.0,,30.0,Hastings District,Nil,,,,,0.0,0.0,Urban,2.0,,,Fine
656335,1929908.8167,5605006.4585,548200.0,0.0,0.0,1.0,Null,2020/2021,RUSSELL STREET NORTH,QUEEN STREET WEST,Minor Crash,No,2020,South,0.0,,Flat,,,,,Bright sun,1492200.0,1.0,0.0,0.0,2.0,0.0,,,Hawke's Bay Region,Nil,2-way,Sealed,0.0,0.0,,50.0,,Off,0.0,0.0,,30.0,Hastings District,Traffic Signals,,,,,0.0,0.0,Urban,1.0,,,Fine
180256,1929931.0,5604159.0,548200.0,0.0,0.0,2.0,Null,2010/2011,SOUTHAMPTON ST EAST,WILLOWPARK ROAD SOUTH,Non-Injury Crash,No,2010,North,0.0,,Flat,,,,,Bright sun,1493600.0,0.0,0.0,0.0,2.0,0.0,,,Hawke's Bay Region,Nil,2-way,Sealed,0.0,0.0,,50.0,,Null,0.0,0.0,,30.0,Hastings District,Give way,,,,,0.0,0.0,Urban,0.0,,,Fine
526733,1923153.0,5620898.0,545821.0,0.0,0.0,1.0,South,2014/2015,DARTMOOR ROAD,VICARAGE ROAD,Non-Injury Crash,No,2015,North,0.0,1.0,Flat,0.0,,0.0,0.0,Overcast,1411400.0,0.0,0.0,0.0,2.0,0.0,0.0,,Hawke's Bay Region,Nil,2-way,Sealed,0.0,0.0,0.0,100.0,0.0,None,0.0,0.0,,30.0,Hastings District,Nil,0.0,0.0,0.0,0.0,0.0,0.0,Open,0.0,0.0,0.0,Fine
639719,1904791.0,5600136.0,545841.0,0.0,0.0,1.0,South,2007/2008,SH 50,SALISBURY ROAD,Non-Injury Crash,Yes,2007,North,0.0,0.0,Hill Road,0.0,,0.0,0.0,Overcast,1462500.0,0.0,0.0,0.0,2.0,0.0,0.0,,Hawke's Bay Region,Nil,2-way,Sealed,0.0,0.0,0.0,100.0,0.0,Null,0.0,0.0,,30.0,Hastings District,Nil,0.0,0.0,0.0,0.0,0.0,0.0,Open,0.0,0.0,0.0,Light rain
345959,1930511.0,5604990.0,548200.0,0.0,0.0,2.0,North,2017/2018,VICTORIA ST,HASTINGS ST NORTH,Non-Injury Crash,No,2018,South,0.0,0.0,Flat,0.0,,0.0,0.0,Dark,1494500.0,0.0,0.0,0.0,2.0,0.0,1.0,,Hawke's Bay Region,Nil,2-way,Sealed,0.0,0.0,0.0,50.0,0.0,On,1.0,0.0,,30.0,Hastings District,Nil,0.0,0.0,0.0,0.0,0.0,0.0,Urban,0.0,0.0,0.0,Fine
477489,1929860.0,5604457.0,548200.0,0.0,0.0,2.0,Null,2002/2003,HASTINGS ST SOUTH,LYNDON ROAD EAST,Minor Crash,No,2002,South,0.0,1.0,Flat,0.0,,0.0,0.0,Bright sun,1493100.0,1.0,0.0,0.0,2.0,0.0,1.0,,Hawke's Bay Region,Nil,2-way,Sealed,0.0,0.0,0.0,50.0,0.0,Null,0.0,0.0,,30.0,Hastings District,Give way,0.0,0.0,0.0,0.0,0.0,0.0,Urban,0.0,0.0,0.0,Fine
645915,1934112.0,5601097.0,548833.0,0.0,0.0,0.0,South,2007/2008,TE MATA PEAK ROAD,GREENWOOD ROAD,Minor Crash,No,2008,North,0.0,0.0,Hill Road,0.0,,0.0,0.0,Dark,1466710.0,1.0,0.0,1.0,2.0,0.0,0.0,,Hawke's Bay Region,Nil,2-way,Sealed,0.0,0.0,0.0,50.0,0.0,On,0.0,0.0,,30.0,Hastings District,Nil,0.0,0.0,0.0,0.0,0.0,0.0,Urban,0.0,0.0,0.0,Fine
635382,1928192.0,5597482.0,545851.0,0.0,0.0,1.0,South,2014/2015,MIDDLE ROAD,HILTON STATION ROAD,Non-Injury Crash,No,2014,North,0.0,0.0,Flat,0.0,,0.0,0.0,Overcast,1465802.0,0.0,0.0,0.0,2.0,0.0,0.0,,Hawke's Bay Region,Nil,2-way,Sealed,0.0,0.0,0.0,100.0,0.0,Null,0.0,0.0,,30.0,Hastings District,Unknown,0.0,0.0,0.0,0.0,0.0,0.0,Open,0.0,0.0,0.0,Fine
653532,1932072.0,5601078.0,548810.0,0.0,0.0,2.0,Null,2014/2015,MIDDLE ROAD,UPHAM ST,Minor Crash,No,2015,South,0.0,,Flat,,,,,Bright sun,1505900.0,1.0,0.0,0.0,2.0,0.0,,,Hawke's Bay Region,Nil,2-way,Sealed,0.0,0.0,,50.0,,Null,0.0,0.0,,30.0,Hastings District,Give way,,,,,0.0,0.0,Urban,0.0,,,Fine
494342,1927633.0,5607439.0,548400.0,0.0,0.0,1.0,Null,2015/2016,SH 50A,OMAHU ROAD,Non-Injury Crash,Yes,2016,North,0.0,,Flat,,,,,Bright sun,1473600.0,0.0,0.0,0.0,2.0,0.0,,,Hawke's Bay Region,Nil,1-way,Sealed,0.0,0.0,,50.0,,Null,0.0,0.0,,30.0,Hastings District,Give way,,,,,1.0,0.0,Urban,0.0,,,Fine
508366,1931593.0,5604699.0,548000.0,0.0,0.0,2.0,Null,2009/2010,GROVE ROAD,JELLICOE ST,Serious Crash,No,2010,South,0.0,,Flat,,,,,Bright sun,1498900.0,0.0,0.0,0.0,2.0,0.0,,,Hawke's Bay Region,Nil,2-way,Sealed,0.0,1.0,,50.0,,Null,0.0,0.0,,30.0,Hastings District,Give way,,,,,0.0,0.0,Urban,0.0,,,Fine
478368,1927615.0,5615688.0,545821.0,0.0,0.0,1.0,North,2005/2006,SPRINGFIELD ROAD,WAIOHIKI ROAD,Non-Injury Crash,No,2005,North,0.0,1.0,Flat,0.0,,0.0,0.0,Dark,1411000.0,0.0,0.0,0.0,2.0,0.0,0.0,,Hawke's Bay Region,Nil,2-way,Sealed,0.0,0.0,0.0,100.0,0.0,None,0.0,0.0,,30.0,Hastings District,Nil,0.0,0.0,0.0,0.0,0.0,0.0,Open,0.0,0.0,0.0,Fine
503208,1936954.0,5637004.0,545811.0,0.0,0.0,1.0,South,2017/2018,SH 2,PAKURATAHI BR,Minor Crash,Yes,2017,North,0.0,,Flat,,,,,Overcast,1415600.0,1.0,0.0,0.0,2.0,0.0,,,Hawke's Bay Region,Nil,2-way,Sealed,0.0,0.0,,100.0,,Null,0.0,0.0,,30.0,Hastings District,Nil,,,,,0.0,0.0,Open,1.0,,,Light rain
702983,1932274.0,5609028.0,545721.0,0.0,0.0,1.0,Null,2015/2016,PAKOWHAI ROAD,RUAHAPIA ROAD,Minor Crash,No,2015,North,0.0,0.0,Flat,0.0,,0.0,0.0,Bright sun,1471600.0,1.0,0.0,0.0,2.0,0.0,0.0,,Hawke's Bay Region,Nil,2-way,Sealed,0.0,0.0,0.0,80.0,0.0,None,0.0,0.0,,30.0,Hastings District,Give way,0.0,0.0,0.0,1.0,1.0,0.0,Open,0.0,0.0,0.0,Fine
679130,1909320.0,5673416.0,545911.0,0.0,0.0,1.0,South,2007/2008,SH 5,TARAWERA TAV,Non-Injury Crash,Yes,2008,South,0.0,0.0,Hill Road,0.0,,0.0,0.0,Dark,1281200.0,0.0,0.0,0.0,2.0,0.0,0.0,,Hawke's Bay Region,Nil,2-way,Sealed,0.0,0.0,0.0,100.0,0.0,None,0.0,0.0,,30.0,Hastings District,Nil,0.0,0.0,0.0,0.0,1.0,0.0,Open,0.0,1.0,0.0,Mist or Fog
714111,1930485.0,5606405.0,547600.0,0.0,0.0,1.0,Null,2001/2002,TOMOANA ROAD,FREDERICK ST,Non-Injury Crash,No,2002,East,0.0,,Flat,,,,,Bright sun,1483800.0,0.0,0.0,0.0,4.0,0.0,,,Hawke's Bay Region,Nil,2-way,Sealed,0.0,0.0,,50.0,,Null,0.0,0.0,,30.0,Hastings District,Traffic Signals,,,,,0.0,0.0,Urban,1.0,,,Fine
616314,1929828.0,5604433.0,548200.0,0.0,0.0,2.0,West,2016/2017,HASTINGS ST SOUTH,LYNDON ROAD EAST,Minor Crash,No,2017,West,0.0,0.0,Flat,0.0,,0.0,0.0,Bright sun,1493000.0,1.0,0.0,0.0,2.0,0.0,1.0,,Hawke's Bay Region,Nil,2-way,Sealed,0.0,0.0,0.0,50.0,0.0,Null,0.0,0.0,,30.0,Hastings District,Unknown,0.0,0.0,0.0,0.0,0.0,0.0,Urban,0.0,0.0,0.0,Fine
199844,1925319.0,5606121.0,548620.0,0.0,0.0,1.0,Null,2011/2012,DUNDEE DRIVE S,WILSON ROAD,Non-Injury Crash,No,2012,South,0.0,,Flat,,,,,Dark,1475400.0,0.0,0.0,0.0,2.0,0.0,,,Hawke's Bay Region,Nil,2-way,Sealed,0.0,0.0,,50.0,,On,1.0,0.0,,30.0,Hastings District,Give way,,,,,0.0,0.0,Urban,0.0,,,Light rain
421143,1929657.0,5605330.0,548200.0,0.0,0.0,1.0,Null,2001/2002,NELSON ST NORTH,QUEEN ST WEST,Serious Crash,No,2002,North,0.0,0.0,Flat,0.0,,0.0,0.0,Bright sun,1490800.0,0.0,0.0,1.0,2.0,0.0,0.0,,Hawke's Bay Region,Nil,2-way,Sealed,0.0,1.0,0.0,50.0,0.0,Null,0.0,0.0,,30.0,Hastings District,Give way,1.0,0.0,0.0,0.0,0.0,0.0,Urban,0.0,0.0,0.0,Fine
139795,1930100.0,5605661.0,548200.0,0.0,0.0,1.0,Null,2010/2011,NELSON ST NORTH,FITZROY AVENUE,Non-Injury Crash,No,2011,East,0.0,,Flat,,,,,Overcast,1491100.0,0.0,0.0,0.0,2.0,0.0,,,Hawke's Bay Region,Nil,2-way,Sealed,0.0,0.0,,50.0,,Null,0.0,0.0,,30.0,Hastings District,Give way,,,,,0.0,0.0,Urban,1.0,,,Heavy rain
22489,1938476.0,5594683.0,545860.0,0.0,0.0,0.0,East,2008/2009,WAIMARAMA ROAD,KAHURANAKI ROAD,Minor Crash,No,2008,East,0.0,1.0,Hill Road,0.0,,0.0,0.0,Overcast,1467200.0,1.0,0.0,0.0,2.0,0.0,0.0,,Hawke's Bay Region,Nil,2-way,Sealed,0.0,0.0,0.0,100.0,0.0,Null,0.0,0.0,,30.0,Hastings District,Nil,0.0,0.0,0.0,0.0,1.0,0.0,Open,0.0,0.0,0.0,Light rain
320518,1934864.0,5641421.0,545811.0,0.0,0.0,2.0,East,2009/2010,SH 2,TE NGARU BR,Non-Injury Crash,Yes,2010,North,0.0,,Flat,,,,,Bright sun,1415700.0,0.0,0.0,0.0,2.0,0.0,,,Hawke's Bay Region,Nil,2-way,Sealed,0.0,0.0,,100.0,,Null,0.0,0.0,,30.0,Hastings District,Nil,,,,,0.0,0.0,Open,0.0,,,Fine
670989,1934041.0,5600956.0,548832.0,0.0,0.0,1.0,East,1999/2000,GREENWOOD ROAD,TOKOMARU DRIVE,Non-Injury Crash,No,2000,West,0.0,0.0,Hill Road,0.0,,0.0,0.0,Dark,1510800.0,0.0,0.0,0.0,2.0,0.0,0.0,,Hawke's Bay Region,Nil,2-way,Sealed,0.0,0.0,0.0,50.0,0.0,On,0.0,0.0,,30.0,Hastings District,Nil,0.0,0.0,0.0,0.0,0.0,0.0,Urban,0.0,0.0,1.0,Fine
557490,1933297.0,5608841.0,545722.0,0.0,0.0,0.0,Null,2005/2006,RANGITANE ROAD,JOHNSTON WAY,Minor Crash,No,2006,East,0.0,,Flat,,,,,Twilight,1405700.0,1.0,0.0,1.0,2.0,0.0,,,Hawke's Bay Region,Nil,2-way,Sealed,0.0,0.0,,100.0,,Off,0.0,0.0,,30.0,Hastings District,Give way,,,,,1.0,0.0,Open,0.0,,,Fine
682270,1905457.0,5600510.0,545841.0,0.0,0.0,0.0,South,2001/2002,SH 50,GLENCOE STATION ROAD,Serious Crash,Yes,2002,South,0.0,0.0,Hill Road,0.0,Queens Birthday,0.0,0.0,Bright sun,1462600.0,0.0,0.0,1.0,2.0,0.0,0.0,,Hawke's Bay Region,Nil,2-way,Sealed,0.0,2.0,0.0,100.0,0.0,Null,0.0,0.0,,30.0,Hastings District,Nil,0.0,1.0,0.0,0.0,0.0,0.0,Open,0.0,0.0,1.0,Fine
343725,1911811.5799,5659648.2281,545911.0,0.0,0.0,0.0,Null,2020/2021,SH 5,PAKEHO ROAD,Serious Crash,Yes,2020,North,0.0,0.0,Hill Road,0.0,,0.0,0.0,Overcast,1414300.0,0.0,0.0,0.0,3.0,0.0,0.0,,Hawke's Bay Region,Nil,2-way,Sealed,0.0,1.0,0.0,100.0,0.0,None,0.0,0.0,,30.0,Hastings District,Nil,0.0,0.0,0.0,1.0,1.0,0.0,Open,0.0,0.0,0.0,Heavy rain
677425,1927240.0,5605089.0,545761.0,0.0,0.0,1.0,South,2007/2008,MARAEKAKAHO ROAD,YORK ROAD,Non-Injury Crash,No,2007,North,0.0,,Flat,,,,,Bright sun,1470102.0,0.0,0.0,0.0,2.0,0.0,,,Hawke's Bay Region,Nil,2-way,Sealed,0.0,0.0,,70.0,,Null,1.0,0.0,,30.0,Hastings District,Nil,,,,,0.0,0.0,Urban,0.0,,,Fine