OBJECTID,X,Y,areaUnitID,bicycle,bus,carStationWagon,crashDirectionDescription,crashFinancialYear,crashLocation1,crashLocation2,crashSeverity,crashSHDescription,crashYear,directionRoleDescription,fatalCount,fence,flatHill,guardRail,holiday,houseOrBuilding,kerb,light,meshblockId,minorInjuryCount,moped,motorcycle,NumberOfLanes,otherVehicleType,parkedVehicle,pedestrian,region,roadCharacter,roadLane,roadSurface,schoolBus,seriousInjuryCount,slipOrFlood,speedLimit,strayAnimal,streetLight,suv,taxi,temporarySpeedLimit,tlaId,tlaName,trafficControl,trafficIsland,trafficSign,train,tree,truck,unknownVehicleType,urban,vanOrUtility,vehicle,waterRiver,weatherA
164158,1934180.0,5607200.0,545722.0,0.0,0.0,2.0,Null,2005/2006,SH 2,NAPIER ROAD,Minor Crash,Yes,2006,South,0.0,,Flat,,,,,Bright sun,1406200.0,2.0,0.0,0.0,2.0,0.0,,,Hawke's Bay Region,Nil,2-way,Sealed,0.0,0.0,,100.0,,Null,0.0,0.0,,30.0,Hastings District,Give way,,,,,0.0,0.0,Open,0.0,,,Fine
474217,1928329.0,5606718.0,547800.0,0.0,0.0,2.0,Null,2015/2016,CANNING ROAD,OMAHU ROAD,Non-Injury Crash,No,2015,East,0.0,,Flat,,,,,Overcast,1477100.0,0.0,0.0,0.0,2.0,0.0,,,Hawke's Bay Region,Nil,2-way,Sealed,0.0,0.0,,50.0,,Null,0.0,0.0,,30.0,Hastings District,Stop,,,,,0.0,0.0,Urban,0.0,,,Light rain
506654,1925612.0,5607339.0,548620.0,0.0,0.0,2.0,Null,2016/2017,HENDERSON ROAD,FOLKESTONE DRIVE,Non-Injury Crash,No,2017,North,0.0,,Flat,,,,,Bright sun,1476100.0,0.0,0.0,0.0,2.0,0.0,,,Hawke's Bay Region,Nil,2-way,Sealed,0.0,0.0,,50.0,,Null,0.0,0.0,,30.0,Hastings District,Give way,,,,,0.0,0.0,Urban,0.0,,,Fine
442894,1932274.0,5609028.0,545721.0,0.0,0.0,2.0,Null,2001/2002,PAKOWHAI ROAD,RUAHAPIA ROAD,Non-Injury Crash,No,2001,South,0.0,,Flat,,,,,Bright sun,1471600.0,0.0,0.0,0.0,3.0,0.0,,,Hawke's Bay Region,Nil,2-way,Sealed,0.0,0.0,,100.0,,Null,0.0,0.0,,30.0,Hastings District,Give way,,,,,0.0,0.0,Open,0.0,,,Fine
2988,1915291.0,5589637.0,545851.0,0.0,0.0,1.0,North,2004/2005,SH 2,TE AUTE TRUST ROAD,Minor Crash,Yes,2005,South,0.0,0.0,Flat,0.0,,0.0,0.0,Dark,1464500.0,1.0,0.0,0.0,2.0,0.0,0.0,,Hawke's Bay Region,Nil,2-way,Sealed,0.0,0.0,0.0,100.0,0.0,None,0.0,0.0,,30.0,Hastings District,Nil,0.0,0.0,0.0,0.0,0.0,0.0,Open,0.0,0.0,0.0,Fine
63680,1930090.0,5604957.0,548200.0,1.0,0.0,2.0,Null,2005/2006,KARAMU ROAD NORTH,AVENUE ROAD EAST,Minor Crash,No,2005,North,0.0,,Flat,,Christmas New Year,,,Bright sun,1492900.0,1.0,0.0,0.0,2.0,0.0,,,Hawke's Bay Region,Nil,2-way,Sealed,0.0,0.0,,50.0,,Null,0.0,0.0,,30.0,Hastings District,Give way,,,,,0.0,0.0,Urban,0.0,,,Fine
622421,1924864.0,5608807.0,545710.0,0.0,0.0,1.0,Null,1999/2000,OMAHU ROAD,TWYFORD ROAD,Non-Injury Crash,No,2000,West,0.0,,Flat,,,,,Bright sun,1470600.0,0.0,0.0,0.0,2.0,0.0,,,Hawke's Bay Region,Nil,2-way,Sealed,0.0,0.0,,100.0,,Null,0.0,0.0,,30.0,Hastings District,Nil,,,,,1.0,0.0,Open,0.0,,,Fine
655633,1928921.0,5605475.0,547700.0,1.0,0.0,0.0,Null,2018/2019,SOUTHAMPTON ST WEST,PEPPER ST,Minor Crash,No,2018,North,0.0,,Flat,,,,,Bright sun,1487000.0,1.0,0.0,0.0,2.0,0.0,,,Hawke's Bay Region,Nil,2-way,Sealed,0.0,0.0,,50.0,,Null,0.0,0.0,,30.0,Hastings District,Give way,,,,,0.0,0.0,Urban,1.0,,,Fine
397782,1931051.0,5613876.0,545831.0,0.0,0.0,1.0,North,2015/2016,SH 50,PAKOWHAI ON SBD,Minor Crash,Yes,2015,North,0.0,1.0,Flat,0.0,,0.0,0.0,Dark,1404600.0,1.0,0.0,0.0,4.0,0.0,0.0,,Hawke's Bay Region,Nil,2-way,Sealed,0.0,0.0,0.0,100.0,0.0,On,0.0,0.0,,30.0,Hastings District,Nil,0.0,1.0,0.0,0.0,0.0,0.0,Open,0.0,0.0,0.0,Fine
138444,1924527.0,5603990.0,545842.0,0.0,0.0,0.0,North,2015/2016,STOCK ROAD,MARAEKAKAHO ROAD,Serious Crash,No,2015,North,0.0,0.0,Flat,0.0,,0.0,0.0,Dark,1470214.0,1.0,0.0,0.0,2.0,0.0,0.0,,Hawke's Bay Region,Nil,2-way,Sealed,0.0,1.0,0.0,100.0,0.0,None,1.0,0.0,,30.0,Hastings District,Nil,0.0,0.0,0.0,0.0,0.0,0.0,Open,0.0,0.0,0.0,Fine
165252,1933134.0,5602321.0,548831.0,0.0,0.0,2.0,Null,2015/2016,NAPIER ROAD,ST HILL LANE,Non-Injury Crash,No,2016,South,0.0,0.0,Flat,0.0,,0.0,0.0,Bright sun,1509100.0,0.0,0.0,0.0,2.0,0.0,0.0,,Hawke's Bay Region,Nil,2-way,Sealed,0.0,0.0,0.0,50.0,0.0,Null,0.0,0.0,,30.0,Hastings District,Give way,1.0,1.0,0.0,0.0,0.0,0.0,Urban,0.0,0.0,0.0,Fine
447899,1925257.0,5605202.0,545842.0,0.0,0.0,1.0,South,2010/2011,STOCK ROAD,IRONGATE ROAD,Minor Crash,No,2011,South,0.0,0.0,Flat,0.0,,0.0,0.0,Bright sun,1470214.0,1.0,0.0,0.0,2.0,0.0,0.0,,Hawke's Bay Region,Nil,2-way,Sealed,0.0,0.0,0.0,100.0,0.0,Null,0.0,0.0,,30.0,Hastings District,Nil,0.0,0.0,0.0,0.0,0.0,0.0,Open,0.0,0.0,0.0,Fine
573355,1935607.0,5652184.0,545911.0,0.0,0.0,0.0,South,2013/2014,SH 2,WAIKOAU ROAD,Non-Injury Crash,Yes,2014,South,0.0,0.0,Flat,0.0,,0.0,0.0,Dark,1415400.0,0.0,0.0,0.0,2.0,0.0,0.0,,Hawke's Bay Region,Nil,2-way,Sealed,0.0,0.0,0.0,100.0,0.0,None,0.0,0.0,,30.0,Hastings District,Nil,0.0,0.0,0.0,1.0,0.0,0.0,Open,1.0,0.0,0.0,Fine
266232,1929746.0,5604827.0,548200.0,0.0,0.0,2.0,North,2006/2007,RUSSELL ST SOUTH,EASTBOURNE ST EAST,Non-Injury Crash,No,2006,East,0.0,0.0,Flat,0.0,,0.0,0.0,Overcast,1492000.0,0.0,0.0,0.0,2.0,0.0,1.0,,Hawke's Bay Region,Nil,2-way,Sealed,0.0,0.0,0.0,50.0,0.0,Null,0.0,0.0,,30.0,Hastings District,Traffic Signals,0.0,0.0,0.0,0.0,0.0,0.0,Urban,0.0,0.0,0.0,Fine
489199,1925047.0,5606919.0,548620.0,0.0,0.0,2.0,Null,2000/2001,Z CPK COMMUNITY CENTRE,SWANSEA/HENDERSON,Non-Injury Crash,No,2001,North,0.0,,Flat,,,,,Bright sun,1473700.0,0.0,0.0,0.0,1.0,0.0,,,Hawke's Bay Region,Nil,Off road,Sealed,0.0,0.0,,50.0,,Null,0.0,0.0,,30.0,Hastings District,Nil,,,,,0.0,0.0,Urban,0.0,,,Fine
38342,1930801.0,5603704.0,548100.0,0.0,0.0,2.0,West,2002/2003,HERETAUNGA ST EAST,WINDSOR AVENUE,Non-Injury Crash,No,2003,East,0.0,,Flat,,,,,Dark,1500300.0,0.0,0.0,0.0,2.0,0.0,,,Hawke's Bay Region,Nil,2-way,Sealed,0.0,0.0,,50.0,,On,0.0,0.0,,30.0,Hastings District,Nil,,,,,0.0,0.0,Urban,0.0,,,Fine
471596,1938147.0,5609992.0,545730.0,0.0,0.0,1.0,East,2007/2008,LAWN ROAD,MILL ROAD,Non-Injury Crash,No,2008,South,0.0,0.0,Flat,0.0,,0.0,0.0,Overcast,1405300.0,0.0,0.0,0.0,2.0,0.0,0.0,,Hawke's Bay Region,Nil,2-way,Sealed,0.0,0.0,0.0,100.0,0.0,Null,0.0,0.0,,30.0,Hastings District,Nil,0.0,0.0,0.0,0.0,0.0,0.0,Open,0.0,0.0,0.0,Fine
590695,1930083.6945,5605178.6173,548200.0,0.0,0.0,2.0,Null,2019/2020,SIR JAMES WATTIE PLACE,ST AUBYN STREET EAST,Non-Injury Crash,No,2020,South,0.0,,Flat,,,,,Overcast,1494100.0,0.0,0.0,0.0,2.0,0.0,,,Hawke's Bay Region,Nil,2-way,Sealed,0.0,0.0,,50.0,,On,0.0,0.0,,30.0,Hastings District,Traffic Signals,,,,,0.0,0.0,Urban,0.0,,,Light rain
451417,1918757.0,5647236.0,545811.0,0.0,0.0,1.0,North,2004/2005,SH 5,OLD TAUPO COACH ROAD,Non-Injury Crash,Yes,2004,North,0.0,0.0,Hill Road,0.0,,0.0,0.0,Overcast,1414600.0,0.0,0.0,0.0,2.0,0.0,0.0,,Hawke's Bay Region,Nil,2-way,Sealed,0.0,0.0,0.0,100.0,0.0,Null,0.0,0.0,,30.0,Hastings District,Nil,0.0,0.0,0.0,0.0,0.0,0.0,Open,0.0,0.0,0.0,Heavy rain
423934,1928167.0,5597559.0,545851.0,0.0,0.0,1.0,South,2007/2008,MIDDLE ROAD,CRYSTALL ROAD,Serious Crash,No,2008,South,0.0,0.0,Hill Road,0.0,,0.0,0.0,Dark,1465903.0,0.0,0.0,0.0,2.0,0.0,0.0,,Hawke's Bay Region,Nil,2-way,Sealed,0.0,2.0,0.0,100.0,0.0,None,0.0,0.0,,30.0,Hastings District,Nil,0.0,0.0,0.0,1.0,0.0,0.0,Open,0.0,0.0,0.0,Fine
253137,1927234.0,5602249.0,545762.0,0.0,0.0,2.0,Null,2003/2004,RAILWAY ROAD SOUTH,LONGLANDS ROAD EAST,Non-Injury Crash,No,2004,East,0.0,,Flat,,,,,Bright sun,1468200.0,0.0,0.0,0.0,2.0,0.0,,,Hawke's Bay Region,Nil,2-way,Sealed,0.0,0.0,,100.0,,Null,0.0,0.0,,30.0,Hastings District,Give way,,,,,0.0,0.0,Open,0.0,,,Fine
102708,1931613.0,5608421.0,545710.0,0.0,0.0,2.0,Null,2007/2008,ELWOOD ROAD,PAKOWHAI ROAD,Non-Injury Crash,No,2007,South,0.0,,Flat,,,,,Dark,1471100.0,0.0,0.0,0.0,2.0,0.0,,,Hawke's Bay Region,Nil,2-way,Sealed,0.0,0.0,,100.0,,On,0.0,0.0,,30.0,Hastings District,Give way,,,,,0.0,0.0,Open,0.0,,,Heavy rain
34873,1930835.0,5605863.0,548000.0,0.0,0.0,2.0,Null,2003/2004,FREDERICK ST,CAROLINE ROAD,Minor Crash,No,2004,East,0.0,,Flat,,,,,Bright sun,1495400.0,2.0,0.0,0.0,2.0,0.0,,,Hawke's Bay Region,Nil,2-way,Sealed,0.0,0.0,,50.0,,Null,0.0,0.0,,30.0,Hastings District,Give way,,,,,0.0,0.0,Urban,0.0,,,Fine
13516,1932894.0,5601781.0,548831.0,0.0,0.0,2.0,West,2003/2004,TE MATA ROAD,DUART ROAD,Non-Injury Crash,No,2004,East,0.0,,Flat,,,,,Bright sun,1509700.0,0.0,0.0,0.0,2.0,0.0,,,Hawke's Bay Region,Nil,2-way,Sealed,0.0,0.0,,50.0,,Null,0.0,0.0,,30.0,Hastings District,Nil,,,,,0.0,0.0,Urban,0.0,,,Fine
631552,1931275.0,5603197.0,545762.0,0.0,0.0,1.0,North,2013/2014,HAVELOCK ROAD,ST GEORGES ROAD,Non-Injury Crash,No,2014,South,0.0,,Flat,,,,,Dark,1468500.0,0.0,0.0,0.0,2.0,0.0,,,Hawke's Bay Region,Nil,2-way,Sealed,0.0,0.0,,70.0,,On,0.0,0.0,,30.0,Hastings District,Unknown,,,,,0.0,0.0,Urban,1.0,,,Fine
88230,1931198.0,5606140.0,548000.0,0.0,0.0,0.0,Null,2004/2005,CAROLINE ROAD,WARWICK ROAD,Non-Injury Crash,No,2004,North,0.0,,Flat,,Labour Weekend,,,Dark,1496600.0,0.0,0.0,0.0,2.0,0.0,,,Hawke's Bay Region,Nil,2-way,Sealed,0.0,0.0,,50.0,,On,0.0,0.0,,30.0,Hastings District,Give way,,,,,0.0,0.0,Urban,1.0,,,Fine
93849,1908321.9354,5674907.1097,545911.0,0.0,0.0,1.0,North,2018/2019,005-0190,TARAWERA TAV&CR;&LF;,Minor Crash,Yes,2019,South,0.0,,Hill Road,,,,,Overcast,1281200.0,1.0,0.0,0.0,2.0,0.0,,,Hawke's Bay Region,Nil,2-way,Sealed,0.0,0.0,,100.0,,None,1.0,0.0,,30.0,Hastings District,Unknown,,,,,0.0,0.0,Open,0.0,,,Fine
478937,1928181.0,5605133.0,547900.0,0.0,0.0,1.0,North,2009/2010,FLORENCE ST,OLIPHANT ROAD,Non-Injury Crash,No,2009,North,0.0,1.0,Flat,0.0,,0.0,0.0,Twilight,1480500.0,0.0,0.0,0.0,2.0,0.0,0.0,,Hawke's Bay Region,Nil,2-way,Sealed,0.0,0.0,0.0,50.0,0.0,Off,0.0,0.0,,30.0,Hastings District,Nil,0.0,0.0,0.0,0.0,0.0,0.0,Urban,0.0,0.0,0.0,Fine
138722,1929048.0,5605934.0,547700.0,0.0,0.0,2.0,Null,2001/2002,HERETAUNGA ST WEST,GALLIEN ST,Non-Injury Crash,No,2002,North,0.0,,Flat,,,,,Bright sun,1487300.0,0.0,0.0,0.0,2.0,0.0,,,Hawke's Bay Region,Nil,2-way,Sealed,0.0,0.0,,50.0,,Null,0.0,0.0,,30.0,Hastings District,Stop,,,,,0.0,0.0,Urban,0.0,,,Fine
643445,1925230.0,5599184.0,545852.0,0.0,0.0,1.0,North,2009/2010,SH 2,OLD MAIN ROAD,Non-Injury Crash,Yes,2010,North,0.0,1.0,Flat,0.0,,0.0,0.0,Dark,1463602.0,0.0,0.0,0.0,2.0,0.0,0.0,,Hawke's Bay Region,Nil,2-way,Sealed,0.0,0.0,0.0,100.0,0.0,None,0.0,0.0,,30.0,Hastings District,Nil,0.0,0.0,0.0,0.0,0.0,0.0,Open,0.0,0.0,0.0,Fine
692652,1929549.0,5604870.0,548200.0,0.0,0.0,2.0,Null,2011/2012,LYNDON ROAD WEST,MARKET ST SOUTH,Minor Crash,No,2011,South,0.0,,Flat,,,,,Overcast,1489802.0,1.0,0.0,0.0,2.0,0.0,,,Hawke's Bay Region,Nil,2-way,Sealed,0.0,0.0,,50.0,,Null,0.0,0.0,,30.0,Hastings District,Give way,,,,,0.0,0.0,Urban,0.0,,,Fine
127130,1932464.0,5601639.0,548810.0,1.0,0.0,0.0,Null,2002/2003,PORTER DRIVE,TE AUTE ROAD,Minor Crash,No,2003,South,0.0,,Flat,,,,,Bright sun,1505200.0,1.0,0.0,0.0,2.0,0.0,,,Hawke's Bay Region,Nil,2-way,Sealed,0.0,0.0,,50.0,,Null,0.0,0.0,,30.0,Hastings District,Give way,,,,,0.0,0.0,Urban,1.0,,,Fine
372015,1929560.0,5605258.0,548200.0,0.0,0.0,2.0,Null,2001/2002,NELSON ST SOUTH,HERETAUNGA ST WEST,Non-Injury Crash,No,2002,South,0.0,,Flat,,,,,Twilight,1490100.0,0.0,0.0,0.0,2.0,0.0,,,Hawke's Bay Region,Nil,2-way,Sealed,0.0,0.0,,50.0,,On,0.0,0.0,,30.0,Hastings District,Traffic Signals,,,,,0.0,0.0,Urban,0.0,,,Fine
29472,1930060.0,5605631.0,548200.0,0.0,0.0,1.0,South,2005/2006,NELSON ST NORTH,FITZROY AVENUE,Minor Crash,No,2005,South,0.0,,Flat,,,,,Bright sun,1490500.0,1.0,0.0,1.0,2.0,0.0,,,Hawke's Bay Region,Nil,2-way,Sealed,0.0,0.0,,50.0,,Null,0.0,0.0,,30.0,Hastings District,Nil,,,,,0.0,0.0,Urban,0.0,,,Fine
192775,1929288.0,5604673.0,548200.0,0.0,0.0,1.0,Null,2009/2010,MARKET ST SOUTH,PROSPECT ROAD,Minor Crash,No,2010,South,0.0,1.0,Flat,0.0,,0.0,0.0,Overcast,1489200.0,1.0,0.0,0.0,2.0,0.0,0.0,,Hawke's Bay Region,Nil,2-way,Sealed,0.0,0.0,0.0,50.0,0.0,Null,0.0,0.0,,30.0,Hastings District,Nil,0.0,0.0,0.0,0.0,0.0,0.0,Urban,0.0,0.0,0.0,Fine
517672,1928173.4542,5608322.8347,545710.0,0.0,0.0,2.0,North,2019/2020,ORMOND ROAD,OMAHU ROAD,Non-Injury Crash,No,2019,North,0.0,0.0,Flat,0.0,,0.0,0.0,Bright sun,1471201.0,0.0,0.0,0.0,2.0,0.0,0.0,,Hawke's Bay Region,Nil,2-way,Sealed,0.0,0.0,0.0,60.0,0.0,None,0.0,0.0,,30.0,Hastings District,Nil,0.0,0.0,0.0,1.0,0.0,0.0,Urban,0.0,0.0,0.0,Fine
552558,1929364.0,5605484.0,547700.0,0.0,0.0,2.0,West,2006/2007,CHARLES ST,HERETAUNGA ST WEST,Non-Injury Crash,No,2006,North,0.0,,Flat,,,,,Bright sun,1487700.0,0.0,0.0,0.0,2.0,0.0,,,Hawke's Bay Region,Nil,2-way,Sealed,0.0,0.0,,50.0,,Null,0.0,0.0,,30.0,Hastings District,Nil,,,,,0.0,0.0,Urban,0.0,,,Fine
401335,1934159.1813,5600703.4136,548833.0,0.0,0.0,1.0,South,2020/2021,TE MATA PEAK ROAD,SIMLA AVENUE,Non-Injury Crash,No,2020,North,0.0,1.0,Hill Road,0.0,,0.0,0.0,Dark,1466710.0,0.0,0.0,0.0,2.0,0.0,0.0,,Hawke's Bay Region,Nil,2-way,End of seal,0.0,0.0,0.0,60.0,0.0,None,0.0,0.0,,30.0,Hastings District,Nil,0.0,0.0,0.0,0.0,0.0,0.0,Urban,0.0,0.0,0.0,Light rain
24769,1930149.0,5604677.0,548200.0,0.0,0.0,2.0,Null,2009/2010,HASTINGS ST NORTH,QUEEN ST EAST,Non-Injury Crash,No,2010,North,0.0,,Flat,,,,,Bright sun,1493400.0,0.0,0.0,0.0,2.0,0.0,,,Hawke's Bay Region,Nil,2-way,Sealed,0.0,0.0,,50.0,,Null,0.0,0.0,,30.0,Hastings District,Give way,,,,,0.0,0.0,Urban,0.0,,,Fine
289450,1930396.0,5606803.0,547600.0,0.0,0.0,1.0,North,2018/2019,KONINI ST,FREDERICK ST,Non-Injury Crash,No,2018,South,0.0,1.0,Flat,0.0,,0.0,0.0,Dark,1483200.0,0.0,0.0,0.0,2.0,0.0,0.0,,Hawke's Bay Region,Nil,2-way,Sealed,0.0,0.0,0.0,50.0,0.0,On,0.0,0.0,,30.0,Hastings District,Unknown,0.0,0.0,0.0,0.0,0.0,0.0,Urban,0.0,0.0,0.0,Fine
215708,1928133.0,5605147.0,547900.0,0.0,0.0,2.0,North,2017/2018,OLIPHANT ROAD,FLORENCE PLACE,Non-Injury Crash,No,2017,North,0.0,0.0,Flat,0.0,,0.0,0.0,Dark,1480100.0,0.0,0.0,0.0,2.0,0.0,1.0,,Hawke's Bay Region,Nil,2-way,Sealed,0.0,0.0,0.0,50.0,0.0,On,0.0,0.0,,30.0,Hastings District,Unknown,0.0,0.0,0.0,0.0,0.0,0.0,Urban,0.0,0.0,0.0,Fine
380576,1928775.0337,5640923.6622,545811.0,0.0,0.0,1.0,North,2019/2020,ELLIS WALLACE ROAD,SH 5,Minor Crash,No,2019,East,0.0,0.0,Hill Road,0.0,,0.0,0.0,Bright sun,1414901.0,1.0,0.0,0.0,1.0,0.0,0.0,,Hawke's Bay Region,Nil,2-way,Unsealed,0.0,0.0,0.0,100.0,0.0,None,0.0,0.0,,30.0,Hastings District,Unknown,0.0,0.0,0.0,0.0,0.0,0.0,Open,0.0,0.0,0.0,Fine
560078,1921505.0,5594576.0,545851.0,0.0,0.0,2.0,East,2002/2003,TE MAHANGA ROAD,SH 2,Minor Crash,No,2003,South,0.0,,Hill Road,,,,,Bright sun,1463900.0,3.0,0.0,0.0,2.0,0.0,,,Hawke's Bay Region,Nil,2-way,Sealed,0.0,0.0,,100.0,,Null,0.0,0.0,,30.0,Hastings District,Nil,,,,,0.0,0.0,Open,0.0,,,Fine
513672,1929868.0,5605017.0,548200.0,0.0,0.0,3.0,South,2001/2002,RAILWAY ROAD,QUEEN ST WEST,Non-Injury Crash,No,2002,East,0.0,,Flat,,,,,Twilight,1491700.0,0.0,0.0,0.0,2.0,0.0,,,Hawke's Bay Region,Nil,2-way,Sealed,0.0,0.0,,50.0,,None,0.0,0.0,,30.0,Hastings District,Traffic Signals,,,,,0.0,0.0,Urban,0.0,,,Fine
444245,1921664.0,5595509.0,545851.0,0.0,0.0,1.0,North,2001/2002,SH 2,TE MAHANGA ROAD,Non-Injury Crash,Yes,2001,North,0.0,0.0,Flat,0.0,,0.0,0.0,Dark,1463900.0,0.0,0.0,0.0,2.0,0.0,0.0,,Hawke's Bay Region,Nil,2-way,Sealed,0.0,0.0,0.0,100.0,0.0,None,0.0,0.0,,30.0,Hastings District,Nil,0.0,0.0,0.0,0.0,0.0,0.0,Open,0.0,0.0,0.0,Fine
212393,1930510.0,5604594.0,548100.0,0.0,0.0,2.0,Null,2010/2011,ST AUBYN ST EAST,WILLOWPARK ROAD NORTH,Non-Injury Crash,No,2011,North,0.0,,Flat,,,,,Bright sun,1500800.0,0.0,0.0,0.0,2.0,0.0,,,Hawke's Bay Region,Nil,2-way,Sealed,0.0,0.0,,50.0,,Null,0.0,0.0,,30.0,Hastings District,Give way,,,,,0.0,0.0,Urban,0.0,,,Fine
394673,1934198.1128,5642427.7229,545811.0,0.0,0.0,0.0,North,2019/2020,SH 2,KAREAARA BR,Non-Injury Crash,Yes,2020,North,0.0,0.0,Hill Road,0.0,,0.0,0.0,Overcast,1415600.0,0.0,0.0,0.0,2.0,0.0,0.0,,Hawke's Bay Region,Nil,2-way,Sealed,0.0,0.0,0.0,100.0,0.0,None,0.0,0.0,,30.0,Hastings District,Nil,0.0,0.0,0.0,1.0,0.0,0.0,Open,1.0,0.0,0.0,Fine
214290,1924519.0,5607346.0,548612.0,0.0,0.0,1.0,Null,2009/2010,SCOTT DRIVE,AMUNDSEN AVENUE,Non-Injury Crash,No,2010,South,0.0,,Flat,,,,,Overcast,1474115.0,0.0,0.0,0.0,2.0,0.0,,,Hawke's Bay Region,Nil,2-way,Sealed,0.0,0.0,,50.0,,Null,0.0,0.0,,30.0,Hastings District,Give way,,,,,0.0,0.0,Urban,1.0,,,Fine
234508,1923040.0,5611046.0,545710.0,0.0,0.0,1.0,South,2000/2001,SH 50,NGARURORO BR,Minor Crash,Yes,2000,East,0.0,1.0,Flat,0.0,,0.0,0.0,Dark,1470400.0,8.0,0.0,0.0,2.0,0.0,0.0,,Hawke's Bay Region,Nil,2-way,Sealed,0.0,0.0,0.0,100.0,0.0,None,0.0,0.0,,30.0,Hastings District,Pointsman,0.0,0.0,0.0,0.0,0.0,0.0,Open,0.0,0.0,0.0,Heavy rain
272212,1929082.0,5606504.0,547700.0,0.0,0.0,2.0,Null,2002/2003,PAKOWHAI ROAD,ST AUBYN ST WEST,Minor Crash,No,2003,West,0.0,,Flat,,,,,Bright sun,1485900.0,1.0,0.0,0.0,4.0,0.0,,,Hawke's Bay Region,Nil,2-way,Sealed,0.0,0.0,,50.0,,Null,0.0,0.0,,30.0,Hastings District,Give way,,,,,0.0,0.0,Urban,0.0,,,Fine
449752,1929933.0,5603848.0,548300.0,0.0,0.0,1.0,Null,2008/2009,RIVERSLEA ROAD SOUTH,OAK ROAD,Non-Injury Crash,No,2009,South,0.0,1.0,Flat,0.0,,0.0,0.0,Dark,1504300.0,0.0,0.0,1.0,2.0,0.0,0.0,,Hawke's Bay Region,Nil,2-way,Sealed,0.0,0.0,0.0,50.0,0.0,On,0.0,0.0,,30.0,Hastings District,Give way,0.0,0.0,0.0,0.0,0.0,0.0,Urban,0.0,0.0,0.0,Fine
157089,1930269.0,5604716.0,548200.0,0.0,0.0,2.0,South,2016/2017,AVENUE ROAD EAST,HASTINGS ST NORTH,Non-Injury Crash,No,2017,East,0.0,0.0,Flat,0.0,,0.0,0.0,Bright sun,1493502.0,0.0,0.0,0.0,2.0,0.0,1.0,,Hawke's Bay Region,Nil,2-way,Sealed,0.0,0.0,0.0,50.0,0.0,Null,0.0,0.0,,30.0,Hastings District,Nil,0.0,0.0,0.0,0.0,0.0,0.0,Urban,0.0,0.0,0.0,Fine
498879,1925955.0,5608237.0,545710.0,0.0,0.0,1.0,Null,2007/2008,CHATHAM ROAD,OMAHU ROAD,Non-Injury Crash,No,2007,East,0.0,1.0,Flat,0.0,,0.0,0.0,Overcast,1470900.0,0.0,0.0,0.0,2.0,0.0,0.0,,Hawke's Bay Region,Nil,2-way,Sealed,0.0,0.0,0.0,50.0,0.0,Null,0.0,0.0,,30.0,Hastings District,Give way,0.0,0.0,0.0,0.0,0.0,0.0,Urban,0.0,0.0,0.0,Light rain
382795,1928818.0,5600976.0,545852.0,0.0,0.0,1.0,Null,2004/2005,LONGLANDS ROAD EAST,TE AUTE ROAD,Minor Crash,No,2005,North,0.0,0.0,Flat,1.0,,0.0,0.0,Dark,1465700.0,1.0,0.0,0.0,2.0,0.0,0.0,,Hawke's Bay Region,Nil,2-way,Sealed,0.0,0.0,0.0,100.0,0.0,None,0.0,0.0,,30.0,Hastings District,Nil,0.0,0.0,0.0,0.0,0.0,0.0,Open,0.0,0.0,0.0,Fine
415953,1915166.0,5589323.0,545851.0,0.0,0.0,2.0,South,2005/2006,SH 2,COLIN WHITE ROAD,Serious Crash,Yes,2005,North,0.0,0.0,Flat,0.0,,0.0,0.0,Bright sun,1464500.0,1.0,0.0,0.0,2.0,0.0,0.0,,Hawke's Bay Region,Nil,2-way,Sealed,0.0,2.0,0.0,100.0,0.0,Null,0.0,0.0,,30.0,Hastings District,Nil,0.0,0.0,0.0,0.0,0.0,0.0,Open,1.0,0.0,0.0,Fine
28965,1925194.0,5606249.0,548620.0,0.0,0.0,1.0,Null,2010/2011,BIRKENHEAD CRESCENT,SCARBOROUGH ROAD,Minor Crash,No,2010,West,0.0,0.0,Flat,0.0,,0.0,0.0,Dark,1475100.0,1.0,0.0,0.0,2.0,0.0,1.0,,Hawke's Bay Region,Nil,2-way,Sealed,0.0,0.0,0.0,50.0,0.0,On,0.0,0.0,,30.0,Hastings District,Nil,0.0,0.0,0.0,0.0,0.0,0.0,Urban,1.0,0.0,0.0,Fine
202640,1914531.0,5603266.0,545841.0,0.0,0.0,1.0,North,2016/2017,VALLEY ROAD,WENLEY ROAD,Non-Injury Crash,No,2016,South,0.0,0.0,Flat,0.0,,0.0,0.0,Dark,1462800.0,0.0,0.0,0.0,2.0,0.0,0.0,,Hawke's Bay Region,Nil,2-way,Sealed,0.0,0.0,0.0,100.0,0.0,None,0.0,0.0,,30.0,Hastings District,Unknown,0.0,0.0,0.0,0.0,0.0,0.0,Open,0.0,0.0,0.0,Light rain
177365,1933546.0,5603440.0,545750.0,0.0,0.0,1.0,Null,2009/2010,NAPIER ROAD,THOMPSON ROAD,Minor Crash,No,2010,North,0.0,0.0,Flat,0.0,,0.0,0.0,Bright sun,1406600.0,2.0,0.0,0.0,2.0,0.0,0.0,,Hawke's Bay Region,Nil,2-way,Sealed,0.0,0.0,0.0,100.0,0.0,Null,0.0,0.0,,30.0,Hastings District,Give way,1.0,1.0,0.0,0.0,1.0,0.0,Open,0.0,0.0,0.0,Fine