OBJECTID,X,Y,areaUnitID,bicycle,bus,carStationWagon,crashDirectionDescription,crashFinancialYear,crashLocation1,crashLocation2,crashSeverity,crashSHDescription,crashYear,directionRoleDescription,fatalCount,fence,flatHill,guardRail,holiday,houseOrBuilding,kerb,light,meshblockId,minorInjuryCount,moped,motorcycle,NumberOfLanes,otherVehicleType,parkedVehicle,pedestrian,region,roadCharacter,roadLane,roadSurface,schoolBus,seriousInjuryCount,slipOrFlood,speedLimit,strayAnimal,streetLight,suv,taxi,temporarySpeedLimit,tlaId,tlaName,trafficControl,trafficIsland,trafficSign,train,tree,truck,unknownVehicleType,urban,vanOrUtility,vehicle,waterRiver,weatherA
570133,1929464.0,5605185.0,548200.0,0.0,0.0,2.0,Null,2015/2016,NELSON ST SOUTH,EASTBOURNE ST WEST,Non-Injury Crash,No,2016,North,0.0,,Flat,,,,,Twilight,1488900.0,0.0,0.0,0.0,2.0,0.0,,,Hawke's Bay Region,Nil,2-way,Sealed,0.0,0.0,,50.0,,Off,0.0,0.0,,30.0,Hastings District,Stop,,,,,0.0,0.0,Urban,0.0,,,Fine
501940,1931290.0,5604012.0,548100.0,0.0,0.0,2.0,Null,2010/2011,WINDSOR AVENUE,LOUIE ST,Non-Injury Crash,No,2010,West,0.0,,Flat,,,,,Bright sun,1500200.0,0.0,0.0,0.0,2.0,0.0,,,Hawke's Bay Region,Nil,2-way,Sealed,0.0,0.0,,50.0,,Null,0.0,0.0,,30.0,Hastings District,Give way,,,,,0.0,0.0,Urban,0.0,,,Fine
292681,1929102.0,5605862.0,547700.0,0.0,0.0,2.0,Null,2000/2001,HERETAUNGA ST WEST,TOWNSHEND ST,Non-Injury Crash,No,2000,North,0.0,,Flat,,Labour Weekend,,,Dark,1487300.0,0.0,0.0,0.0,2.0,0.0,,,Hawke's Bay Region,Nil,2-way,Sealed,0.0,0.0,,50.0,,On,0.0,0.0,,30.0,Hastings District,Give way,,,,,0.0,0.0,Urban,0.0,,,Fine
422284,1925646.0,5600212.0,545852.0,0.0,0.0,2.0,North,2014/2015,RAILWAY ROAD SOUTH,PAKI PAKI ON NBD,Non-Injury Crash,No,2014,South,0.0,,Flat,,,,,Dark,1469600.0,0.0,0.0,0.0,2.0,0.0,,,Hawke's Bay Region,Nil,2-way,Sealed,0.0,0.0,,100.0,,None,0.0,0.0,,30.0,Hastings District,Nil,,,,,0.0,0.0,Open,0.0,,,Fine
248536,1929446.0,5608812.0,545710.0,0.0,0.0,2.0,Null,2008/2009,SH 50A,EVENDEN ROAD,Non-Injury Crash,Yes,2009,North,0.0,,Flat,,,,,Dark,1471201.0,0.0,0.0,0.0,4.0,0.0,,,Hawke's Bay Region,Nil,2-way,Sealed,0.0,0.0,,100.0,,On,0.0,0.0,,30.0,Hastings District,Give way,,,,,0.0,0.0,Open,0.0,,,Light rain
1754,1928468.0,5603424.0,545762.0,0.0,0.0,1.0,West,2006/2007,TOLLEMACHE ROAD EAST,RIVERSLEA ROAD SOUTH,Serious Crash,No,2006,East,0.0,0.0,Flat,0.0,,0.0,0.0,Dark,1468200.0,2.0,0.0,0.0,2.0,0.0,0.0,,Hawke's Bay Region,Nil,2-way,Sealed,0.0,1.0,0.0,100.0,0.0,None,0.0,0.0,,30.0,Hastings District,Nil,0.0,0.0,0.0,0.0,0.0,0.0,Open,0.0,0.0,0.0,Fine
694681,1931039.0,5605564.0,548000.0,0.0,0.0,1.0,Null,2003/2004,FREDERICK ST,KARAMU ROAD NORTH,Minor Crash,No,2004,East,0.0,,Flat,,,,,Overcast,1497100.0,1.0,0.0,0.0,2.0,0.0,,1.0,Hawke's Bay Region,Nil,2-way,Sealed,0.0,0.0,,50.0,,Null,0.0,0.0,,30.0,Hastings District,Traffic Signals,,,,,0.0,0.0,Urban,0.0,,,Fine
196068,1922947.0,5604137.0,545842.0,0.0,0.0,2.0,West,2008/2009,MARAEKAKAHO ROAD,NGATARAWA ROAD,Minor Crash,No,2008,West,0.0,1.0,Flat,0.0,,0.0,0.0,Bright sun,1470211.0,1.0,0.0,0.0,2.0,0.0,0.0,,Hawke's Bay Region,Nil,2-way,Sealed,0.0,0.0,0.0,100.0,0.0,Null,0.0,0.0,,30.0,Hastings District,Nil,0.0,1.0,0.0,1.0,0.0,0.0,Open,0.0,0.0,0.0,Fine
395873,1929373.0,5605307.0,548200.0,0.0,0.0,2.0,Null,2002/2003,SOUTHLAND ROAD,EASTBOURNE ST WEST,Non-Injury Crash,No,2002,South,0.0,,Flat,,,,,Bright sun,1488800.0,0.0,0.0,0.0,2.0,0.0,,,Hawke's Bay Region,Nil,2-way,Sealed,0.0,0.0,,50.0,,Null,0.0,0.0,,30.0,Hastings District,Give way,,,,,0.0,0.0,Urban,0.0,,,Fine
30438,1927290.0,5605139.0,545761.0,0.0,0.0,2.0,North,2013/2014,YORK ROAD,MARAEKAKAHO ROAD,Minor Crash,No,2014,South,0.0,,Flat,,,,,Overcast,1469905.0,1.0,0.0,0.0,2.0,0.0,,,Hawke's Bay Region,Nil,2-way,Sealed,0.0,0.0,,100.0,,None,0.0,0.0,,30.0,Hastings District,Give way,,,,,0.0,0.0,Open,0.0,,,Fine
107371,1934768.0,5608831.0,545722.0,0.0,0.0,0.0,Null,2003/2004,SH 2,BUCKINGHAM ST,Minor Crash,Yes,2003,South,0.0,0.0,Flat,1.0,,0.0,0.0,Dark,1406300.0,2.0,0.0,0.0,2.0,0.0,0.0,,Hawke's Bay Region,Nil,2-way,Sealed,0.0,0.0,0.0,100.0,0.0,None,0.0,0.0,,30.0,Hastings District,Give way,0.0,1.0,0.0,0.0,0.0,0.0,Open,1.0,0.0,0.0,Light rain
137174,1931538.3147,5602882.9179,545762.0,0.0,0.0,1.0,Null,2019/2020,ST GEORGES ROAD,HAVELOCK ROAD,Minor Crash,No,2020,West,0.0,,Flat,,,,,Overcast,1468500.0,2.0,0.0,0.0,2.0,0.0,,,Hawke's Bay Region,Nil,2-way,Sealed,0.0,0.0,,70.0,,Off,0.0,0.0,,30.0,Hastings District,Give way,,,,,0.0,0.0,Urban,1.0,,,Fine
396860,1929851.0,5605477.0,548200.0,0.0,0.0,2.0,Null,2007/2008,NELSON ST NORTH,ST AUBYN ST WEST,Non-Injury Crash,No,2007,South,0.0,,Flat,,,,,Bright sun,1491000.0,0.0,0.0,0.0,4.0,0.0,,,Hawke's Bay Region,Nil,2-way,Sealed,0.0,0.0,,50.0,,Null,0.0,0.0,,30.0,Hastings District,Traffic Signals,,,,,0.0,0.0,Urban,0.0,,,Fine
380402,1933145.0,5604612.0,545721.0,0.0,0.0,1.0,North,2005/2006,ST GEORGES ROAD,CROSSES ROAD,Minor Crash,No,2006,North,0.0,0.0,Flat,0.0,,0.0,0.0,Dark,1473100.0,1.0,0.0,0.0,2.0,0.0,0.0,,Hawke's Bay Region,Nil,2-way,Sealed,0.0,0.0,0.0,100.0,0.0,None,0.0,0.0,,30.0,Hastings District,Nil,0.0,0.0,0.0,0.0,0.0,0.0,Open,0.0,0.0,0.0,Fine
627812,1929073.0,5606498.0,547800.0,0.0,0.0,1.0,South,2012/2013,PAKOWHAI ROAD,ST AUBYN ST WEST,Non-Injury Crash,No,2013,North,0.0,,Flat,,,,,Overcast,1477500.0,0.0,0.0,0.0,2.0,0.0,,,Hawke's Bay Region,Nil,2-way,Sealed,0.0,0.0,,50.0,,Null,1.0,0.0,,30.0,Hastings District,Traffic Signals,,,,,0.0,0.0,Urban,0.0,,,Fine
296359,1930835.0,5605863.0,548000.0,0.0,0.0,2.0,Null,2011/2012,FREDERICK ST,CAROLINE ROAD,Minor Crash,No,2012,North,0.0,,Flat,,,,,Twilight,1495400.0,1.0,0.0,0.0,2.0,0.0,,,Hawke's Bay Region,Nil,2-way,Sealed,0.0,0.0,,50.0,,Off,0.0,0.0,,30.0,Hastings District,Give way,,,,,0.0,0.0,Urban,0.0,,,Fine
425384,1929548.0,5604672.0,548200.0,0.0,0.0,2.0,Null,2003/2004,SOUTHAMPTON ST WEST,RAILWAY ROAD,Non-Injury Crash,No,2004,South,0.0,,Flat,,,,,Twilight,1489700.0,0.0,0.0,0.0,2.0,0.0,,,Hawke's Bay Region,Nil,2-way,Sealed,0.0,0.0,,50.0,,On,0.0,0.0,,30.0,Hastings District,Nil,,,,,0.0,0.0,Urban,0.0,,,Light rain
62439,1927395.1441,5605205.7685,545761.0,0.0,0.0,1.0,East,2018/2019,MARAEKAKAHO ROAD,York rd,Non-Injury Crash,No,2019,South,0.0,0.0,Flat,0.0,,0.0,0.0,Twilight,1468801.0,0.0,0.0,0.0,2.0,0.0,0.0,,Hawke's Bay Region,Nil,2-way,Sealed,0.0,0.0,0.0,50.0,0.0,Off,0.0,0.0,,30.0,Hastings District,Unknown,1.0,1.0,0.0,0.0,0.0,0.0,Urban,0.0,0.0,0.0,Fine
590097,1931173.0,5600062.0,548822.0,0.0,0.0,2.0,Null,1999/2000,MIDDLE ROAD,IONA ROAD,Non-Injury Crash,No,2000,North,0.0,,Flat,,,,,Bright sun,1465601.0,0.0,0.0,0.0,2.0,0.0,,,Hawke's Bay Region,Nil,2-way,Sealed,0.0,0.0,,100.0,,Null,0.0,0.0,,30.0,Hastings District,Give way,,,,,0.0,0.0,Open,0.0,,,Fine
113868,1932824.0,5601936.0,548831.0,0.0,0.0,1.0,Null,2017/2018,KARANEMA DRIVE,NAPIER ROAD,Minor Crash,No,2018,South,0.0,,Hill Road,,,,,Overcast,1509600.0,1.0,0.0,0.0,2.0,0.0,,,Hawke's Bay Region,Nil,2-way,Sealed,0.0,0.0,,50.0,,Null,0.0,0.0,,30.0,Hastings District,Give way,,,,,0.0,0.0,Urban,1.0,,,Light rain
680331,1918132.0,5648856.0,545911.0,0.0,0.0,1.0,South,2012/2013,SH 5,TE POHUE HOTEL,Non-Injury Crash,Yes,2012,South,0.0,0.0,Hill Road,0.0,,0.0,0.0,Dark,1415900.0,0.0,0.0,0.0,2.0,0.0,0.0,,Hawke's Bay Region,Nil,2-way,Sealed,0.0,0.0,0.0,100.0,0.0,None,0.0,0.0,,30.0,Hastings District,Nil,0.0,0.0,0.0,0.0,0.0,0.0,Open,0.0,0.0,0.0,Fine
116934,1932464.0,5601639.0,548810.0,0.0,0.0,2.0,Null,2003/2004,TE AUTE ROAD,PORTER DRIVE,Non-Injury Crash,No,2004,East,0.0,,Flat,,,,,Overcast,1505200.0,0.0,0.0,0.0,2.0,0.0,,,Hawke's Bay Region,Nil,2-way,Sealed,0.0,0.0,,50.0,,Null,0.0,0.0,,30.0,Hastings District,Nil,,,,,0.0,0.0,Urban,0.0,,,Fine
282539,1934176.0,5601859.0,548831.0,0.0,0.0,1.0,West,2013/2014,TE MATA ROAD,EVEREST AVENUE,Non-Injury Crash,No,2014,East,0.0,,Flat,,,,,Dark,1510100.0,0.0,0.0,0.0,2.0,0.0,,1.0,Hawke's Bay Region,Nil,2-way,Sealed,0.0,0.0,,50.0,,On,0.0,0.0,,30.0,Hastings District,Unknown,,,,,0.0,0.0,Urban,0.0,,,Heavy rain
675240,1925967.0,5606655.0,545761.0,0.0,0.0,1.0,South,2007/2008,WILSON ROAD,FOLKESTONE DRIVE,Non-Injury Crash,No,2007,North,0.0,1.0,Flat,0.0,,0.0,0.0,Bright sun,1469905.0,0.0,0.0,0.0,2.0,0.0,0.0,,Hawke's Bay Region,Nil,2-way,Sealed,0.0,0.0,0.0,70.0,0.0,Null,1.0,0.0,,30.0,Hastings District,Nil,0.0,0.0,0.0,1.0,0.0,0.0,Urban,0.0,0.0,0.0,Fine
679326,1927176.0,5605040.0,545761.0,0.0,0.0,0.0,South,2007/2008,MARAEKAKAHO ROAD,YORK ROAD,Non-Injury Crash,No,2007,West,0.0,,Flat,,,,,Bright sun,1468801.0,0.0,0.0,0.0,2.0,0.0,,,Hawke's Bay Region,Nil,2-way,Sealed,0.0,0.0,,100.0,,Null,0.0,0.0,,30.0,Hastings District,Nil,,,,,0.0,0.0,Open,1.0,,,Fine
82223,1929209.1277,5608348.1144,545710.0,0.0,0.0,1.0,Null,2019/2020,HAWKES BAY SPORTS PARK - OFF ROAD CARPARK,,Minor Crash,Unknown,2019,West,0.0,,Flat,,,,,Bright sun,1471201.0,2.0,0.0,0.0,0.0,0.0,,2.0,Hawke's Bay Region,Nil,2-way,Sealed,0.0,0.0,,20.0,,None,0.0,0.0,,30.0,Hastings District,Unknown,,,,,0.0,0.0,Urban,0.0,,,Fine
697072,1929639.0,5605154.0,548200.0,0.0,0.0,1.0,West,2003/2004,HERETAUNGA ST WEST,KING ST SOUTH,Minor Crash,No,2004,West,0.0,,Flat,,,,,Bright sun,1490700.0,1.0,0.0,0.0,2.0,0.0,,1.0,Hawke's Bay Region,Nil,2-way,Sealed,0.0,0.0,,50.0,,Null,0.0,0.0,,30.0,Hastings District,Nil,,,,,0.0,0.0,Urban,0.0,,,Fine
3069,1929548.0,5604672.0,548200.0,0.0,0.0,2.0,Null,2001/2002,RAILWAY ROAD,SOUTHAMPTON ST WEST,Non-Injury Crash,No,2001,West,0.0,,Flat,,,,,Dark,1489700.0,0.0,0.0,0.0,2.0,0.0,,,Hawke's Bay Region,Nil,2-way,Sealed,0.0,0.0,,50.0,,On,0.0,0.0,,30.0,Hastings District,Traffic Signals,,,,,0.0,0.0,Urban,0.0,,,Fine
250423,1930214.0,5604383.0,548200.0,0.0,1.0,0.0,Null,2013/2014,HERETAUNGA ST EAST,WILLOWPARK ROAD SOUTH,Non-Injury Crash,No,2014,North,0.0,,Flat,,,,,Bright sun,1493800.0,0.0,0.0,1.0,2.0,0.0,,,Hawke's Bay Region,Nil,2-way,Sealed,0.0,0.0,,50.0,,Off,0.0,0.0,,30.0,Hastings District,Give way,,,,,0.0,0.0,Urban,0.0,,,Fine
68041,1925070.0,5599167.0,545852.0,0.0,0.0,1.0,North,2017/2018,OLD MAIN ROAD,ANDERSON ROAD,Non-Injury Crash,No,2018,South,0.0,0.0,Flat,0.0,,0.0,0.0,Dark,1463602.0,0.0,0.0,0.0,2.0,0.0,0.0,,Hawke's Bay Region,Nil,2-way,Sealed,0.0,0.0,0.0,50.0,0.0,None,0.0,0.0,,30.0,Hastings District,Unknown,0.0,0.0,0.0,0.0,0.0,0.0,Urban,0.0,0.0,0.0,Fine
694622,1929878.0,5605947.0,547700.0,0.0,0.0,1.0,Null,2009/2010,TOMOANA ROAD,FITZROY AVENUE,Non-Injury Crash,No,2009,North,0.0,,Flat,,,,,Bright sun,1488400.0,0.0,0.0,0.0,2.0,0.0,,,Hawke's Bay Region,Nil,2-way,Sealed,0.0,0.0,,50.0,,Null,1.0,0.0,,30.0,Hastings District,Stop,,,,,0.0,0.0,Urban,0.0,,,Fine
493118,1932844.0,5601948.0,548831.0,0.0,0.0,2.0,North,2012/2013,NAPIER ROAD,KARANEMA DRIVE,Non-Injury Crash,No,2012,South,0.0,,Flat,,,,,Bright sun,1509100.0,0.0,0.0,0.0,2.0,0.0,,,Hawke's Bay Region,Nil,2-way,Sealed,0.0,0.0,,50.0,,Null,0.0,0.0,,30.0,Hastings District,Give way,,,,,0.0,0.0,Urban,1.0,,,Fine
17527,1930935.0,5613540.0,545831.0,0.0,0.0,3.0,Null,2000/2001,SH 50A,LINKS ROAD,Minor Crash,Yes,2001,North,0.0,,Flat,,Christmas New Year,,,Bright sun,1404600.0,1.0,0.0,0.0,2.0,0.0,,,Hawke's Bay Region,Nil,2-way,Sealed,0.0,0.0,,100.0,,Null,0.0,0.0,,30.0,Hastings District,Give way,,,,,0.0,0.0,Open,0.0,,,Fine
286995,1930149.0,5604677.0,548200.0,0.0,0.0,2.0,Null,2013/2014,HASTINGS ST NORTH,QUEEN ST EAST,Non-Injury Crash,No,2014,East,0.0,,Flat,,,,,Bright sun,1493400.0,0.0,0.0,0.0,2.0,0.0,,,Hawke's Bay Region,Nil,2-way,Sealed,0.0,0.0,,50.0,,Null,0.0,0.0,,30.0,Hastings District,Give way,,,,,0.0,0.0,Urban,0.0,,,Fine
70193,1934251.0,5608947.0,545722.0,0.0,0.0,2.0,South,2017/2018,STATION ROAD,RAILWAY ROAD,Non-Injury Crash,No,2017,South,0.0,,Flat,,,,,Bright sun,1406102.0,0.0,0.0,0.0,2.0,0.0,,,Hawke's Bay Region,Nil,2-way,Sealed,0.0,0.0,,50.0,,Null,0.0,0.0,,30.0,Hastings District,Nil,,,,,0.0,0.0,Urban,0.0,,,Fine
32256,1927633.0,5607439.0,548400.0,0.0,0.0,0.0,Null,2007/2008,OMAHU ROAD,SH 50A,Minor Crash,Yes,2008,North,0.0,,Flat,,,,,Bright sun,1473600.0,1.0,0.0,1.0,2.0,0.0,,,Hawke's Bay Region,Nil,2-way,Sealed,0.0,0.0,,50.0,,Null,0.0,0.0,,30.0,Hastings District,Give way,,,,,0.0,0.0,Urban,1.0,,,Fine
697093,1919823.0,5645707.0,545811.0,0.0,0.0,2.0,North,2008/2009,SH 5,GLENGARRY ROAD,Minor Crash,Yes,2009,South,0.0,,Hill Road,,,,,Bright sun,1414600.0,1.0,0.0,0.0,2.0,0.0,,,Hawke's Bay Region,Nil,2-way,Sealed,0.0,0.0,,100.0,,Null,0.0,0.0,30.0,30.0,Hastings District,Stop,,,,,0.0,0.0,Open,0.0,,,Fine
546653,1934185.3323,5600651.332,548833.0,0.0,0.0,1.0,South,2019/2020,TE MATA PEAK ROAD,SIMLA AVENUE,Non-Injury Crash,No,2019,North,0.0,0.0,Hill Road,0.0,,0.0,0.0,Dark,1466710.0,0.0,0.0,0.0,2.0,0.0,0.0,,Hawke's Bay Region,Nil,2-way,Sealed,0.0,0.0,0.0,60.0,0.0,Off,0.0,0.0,,30.0,Hastings District,Unknown,0.0,0.0,0.0,1.0,0.0,0.0,Urban,0.0,0.0,0.0,Fine
490830,1930835.0,5605863.0,548000.0,0.0,0.0,1.0,Null,2009/2010,FREDERICK ST,CAROLINE ROAD,Non-Injury Crash,No,2010,West,0.0,,Flat,,,,,Bright sun,1495400.0,0.0,0.0,0.0,2.0,0.0,,,Hawke's Bay Region,Nil,2-way,Sealed,0.0,0.0,,50.0,,Null,1.0,0.0,,30.0,Hastings District,Give way,,,,,0.0,0.0,Urban,0.0,,,Fine
682681,1929759.0,5604843.0,548200.0,0.0,0.0,2.0,East,2015/2016,RUSSELL ST SOUTH,EASTBOURNE ST EAST,Non-Injury Crash,No,2015,West,0.0,,Flat,,,,,Bright sun,1492000.0,0.0,0.0,0.0,2.0,0.0,,,Hawke's Bay Region,Nil,2-way,Sealed,0.0,0.0,,50.0,,Null,0.0,0.0,,30.0,Hastings District,Nil,,,,,0.0,0.0,Urban,0.0,,,Fine
584169,1935967.0,5610727.0,545730.0,1.0,0.0,0.0,Null,2008/2009,SH 2,MILL ROAD,Minor Crash,Yes,2009,North,0.0,,Flat,,,,,Bright sun,1404700.0,1.0,0.0,0.0,2.0,0.0,,,Hawke's Bay Region,Nil,2-way,Sealed,0.0,0.0,,50.0,,Null,1.0,0.0,,30.0,Hastings District,Give way,,,,,0.0,0.0,Urban,0.0,,,Fine
475569,1935392.0,5607266.0,545722.0,0.0,0.0,1.0,North,2008/2009,LAWN ROAD,TE MATA MANGATERETERE ROA,Minor Crash,No,2008,North,0.0,0.0,Flat,0.0,,0.0,0.0,Dark,1406501.0,1.0,0.0,0.0,2.0,0.0,0.0,,Hawke's Bay Region,Nil,2-way,Sealed,0.0,0.0,0.0,100.0,0.0,None,0.0,0.0,,30.0,Hastings District,Nil,0.0,0.0,0.0,0.0,0.0,0.0,Open,0.0,0.0,0.0,Fine
72912,1924949.0,5607740.0,548612.0,0.0,0.0,2.0,West,2002/2003,FLAXMERE AVENUE,CHATHAM ROAD,Non-Injury Crash,No,2003,East,0.0,,Flat,,,,,Dark,1474107.0,0.0,0.0,0.0,2.0,0.0,,,Hawke's Bay Region,Nil,2-way,Sealed,0.0,0.0,,50.0,,On,0.0,0.0,,30.0,Hastings District,Nil,,,,,0.0,0.0,Urban,0.0,,,Fine
47760,1936199.0,5611800.0,545832.0,0.0,0.0,1.0,North,2008/2009,SH 2,FARNDON ROAD,Serious Crash,Yes,2008,North,0.0,,Flat,,,,,Dark,1404200.0,0.0,0.0,0.0,3.0,0.0,,1.0,Hawke's Bay Region,Nil,2-way,Sealed,0.0,1.0,,50.0,,None,0.0,0.0,,30.0,Hastings District,Nil,,,,,0.0,0.0,Urban,0.0,,,Fine
245356,1908674.0,5664591.0,545911.0,0.0,0.0,2.0,South,2017/2018,SH 5,KOWARO ROADWAY,Minor Crash,Yes,2017,East,0.0,,Hill Road,,,,,Overcast,1414400.0,1.0,0.0,0.0,3.0,0.0,,,Hawke's Bay Region,Nil,2-way,Sealed,0.0,0.0,,100.0,,Null,0.0,0.0,,30.0,Hastings District,Unknown,,,,,0.0,0.0,Open,0.0,,,Light rain
363696,1932904.0,5603224.0,545721.0,0.0,0.0,1.0,West,2006/2007,CROSSES ROAD,NAPIER ROAD,Non-Injury Crash,No,2006,North,0.0,1.0,Flat,0.0,,0.0,0.0,Overcast,1473100.0,0.0,0.0,0.0,2.0,0.0,0.0,,Hawke's Bay Region,Nil,2-way,Sealed,0.0,0.0,0.0,100.0,0.0,Null,0.0,0.0,,30.0,Hastings District,Nil,0.0,0.0,0.0,1.0,0.0,0.0,Open,0.0,0.0,0.0,Light rain
290255,1927862.0,5607171.0,547800.0,0.0,0.0,2.0,North,2000/2001,OMAHU ROAD,STONYCROFT ST,Non-Injury Crash,No,2000,South,0.0,,Flat,,,,,Dark,1476600.0,0.0,0.0,0.0,2.0,0.0,,,Hawke's Bay Region,Nil,2-way,Sealed,0.0,0.0,,50.0,,On,0.0,0.0,,30.0,Hastings District,Nil,,,,,0.0,0.0,Urban,0.0,,,Fine
203887,1928437.0,5606954.0,547800.0,0.0,0.0,2.0,Null,2007/2008,FRIMLEY AVENUE,IKANUI ROAD,Non-Injury Crash,No,2007,South,0.0,,Flat,,,,,Bright sun,1476900.0,0.0,0.0,0.0,2.0,0.0,,,Hawke's Bay Region,Nil,2-way,Sealed,0.0,0.0,,50.0,,Null,0.0,0.0,,30.0,Hastings District,Give way,,,,,0.0,0.0,Urban,0.0,,,Fine
478589,1930951.0,5606308.0,547600.0,0.0,0.0,2.0,Null,2008/2009,NELSON ST NORTH,WILLIAMS ST,Non-Injury Crash,No,2008,East,0.0,,Flat,,,,,Bright sun,1483900.0,0.0,0.0,0.0,2.0,0.0,,,Hawke's Bay Region,Nil,2-way,Sealed,0.0,0.0,,50.0,,Null,0.0,0.0,,30.0,Hastings District,Nil,,,,,0.0,0.0,Urban,0.0,,,Fine
533206,1930367.0,5604176.0,548300.0,0.0,0.0,2.0,Null,2009/2010,HERETAUNGA ST EAST,RIVERSLEA ROAD SOUTH,Non-Injury Crash,No,2009,West,0.0,,Flat,,Labour Weekend,,,Bright sun,1501600.0,0.0,0.0,0.0,2.0,0.0,,,Hawke's Bay Region,Nil,2-way,Sealed,0.0,0.0,,50.0,,Null,0.0,0.0,,30.0,Hastings District,Stop,,,,,0.0,0.0,Urban,0.0,,,Fine
554394,1929344.0,5605544.0,547700.0,0.0,0.0,1.0,Null,2013/2014,HERETAUNGA ST WEST,TOMOANA ROAD,Non-Injury Crash,No,2013,East,0.0,,Flat,,,,,Bright sun,1487900.0,0.0,0.0,0.0,2.0,0.0,,,Hawke's Bay Region,Nil,2-way,Sealed,0.0,0.0,,50.0,,Null,0.0,0.0,,30.0,Hastings District,Give way,,,,,0.0,0.0,Urban,1.0,,,Fine
113399,1928231.0,5610943.0,545710.0,0.0,0.0,1.0,North,2011/2012,NICHOLL ROAD,CARRICK ROAD,Non-Injury Crash,No,2011,North,0.0,0.0,Flat,0.0,,0.0,0.0,Overcast,1470700.0,0.0,0.0,0.0,2.0,0.0,0.0,,Hawke's Bay Region,Nil,2-way,Sealed,0.0,0.0,0.0,100.0,0.0,Null,0.0,0.0,,30.0,Hastings District,Nil,0.0,0.0,0.0,0.0,0.0,0.0,Open,0.0,0.0,0.0,Fine
181175,1929944.0,5603535.0,548300.0,0.0,0.0,2.0,North,2016/2017,CLIVE ST,PARK ROAD SOUTH,Non-Injury Crash,No,2016,North,0.0,,Flat,,,,,Overcast,1504200.0,0.0,0.0,0.0,2.0,0.0,,,Hawke's Bay Region,Nil,2-way,Sealed,0.0,0.0,,50.0,,Null,0.0,0.0,,30.0,Hastings District,Unknown,,,,,0.0,0.0,Urban,0.0,,,Light rain
174563,1931139.3348,5614106.5602,545831.0,0.0,0.0,2.0,South,2018/2019,SH 50,TUTAEKURI BR S,Minor Crash,Yes,2019,North,0.0,,Flat,,,,,Overcast,1404600.0,1.0,0.0,0.0,2.0,0.0,,,Hawke's Bay Region,Nil,2-way,Sealed,0.0,0.0,,100.0,,Off,0.0,0.0,,30.0,Hastings District,Unknown,,,,,0.0,0.0,Open,0.0,,,Fine
710550,1931466.0,5606300.0,545721.0,0.0,0.0,1.0,Null,2004/2005,KENILWORTH ROAD,CAROLINE ROAD,Non-Injury Crash,No,2005,East,0.0,0.0,Flat,0.0,,0.0,0.0,Overcast,1471700.0,0.0,0.0,0.0,2.0,0.0,0.0,,Hawke's Bay Region,Nil,2-way,Sealed,0.0,0.0,0.0,50.0,0.0,Null,0.0,0.0,,30.0,Hastings District,Give way,0.0,0.0,0.0,0.0,0.0,0.0,Urban,0.0,0.0,0.0,Fine
189093,1938892.0,5607050.0,545740.0,0.0,0.0,1.0,Null,2014/2015,PARKHILL ROAD,EAST ROAD,Non-Injury Crash,No,2014,West,0.0,0.0,Flat,0.0,,0.0,0.0,Dark,1407600.0,0.0,0.0,0.0,2.0,0.0,0.0,,Hawke's Bay Region,Nil,2-way,Sealed,0.0,0.0,0.0,100.0,0.0,On,0.0,0.0,,30.0,Hastings District,Give way,0.0,0.0,0.0,0.0,0.0,0.0,Open,0.0,0.0,0.0,Fine
15270,1930329.0,5604635.0,548200.0,0.0,0.0,2.0,Null,2010/2011,MILLER ST,AVENUE ROAD EAST,Non-Injury Crash,No,2011,West,0.0,,Flat,,,,,Overcast,1493502.0,0.0,0.0,0.0,2.0,0.0,,,Hawke's Bay Region,Nil,2-way,Sealed,0.0,0.0,,50.0,,Null,0.0,0.0,,30.0,Hastings District,Give way,,,,,0.0,0.0,Urban,0.0,,,Light rain
479128,1929271.0,5605038.0,548200.0,0.0,0.0,1.0,Null,2006/2007,NELSON ST SOUTH,SOUTHAMPTON ST WEST,Minor Crash,No,2006,East,0.0,,Flat,,,,,Bright sun,1489100.0,1.0,0.0,1.0,2.0,0.0,,,Hawke's Bay Region,Nil,2-way,Sealed,0.0,0.0,,50.0,,Null,0.0,0.0,,30.0,Hastings District,Give way,,,,,0.0,0.0,Urban,0.0,,,Fine
339787,1931074.0198,5603844.9417,548100.0,0.0,0.0,1.0,Null,2018/2019,WINDSOR AVENUE,ST AUBYN STREET EAST,Minor Crash,No,2019,South,0.0,0.0,Flat,0.0,,0.0,0.0,Dark,1500300.0,1.0,0.0,0.0,2.0,0.0,1.0,,Hawke's Bay Region,Nil,2-way,Sealed,0.0,0.0,0.0,50.0,0.0,On,1.0,0.0,,30.0,Hastings District,Nil,0.0,0.0,0.0,0.0,0.0,0.0,Urban,0.0,0.0,0.0,Fine