OBJECTID,X,Y,areaUnitID,bicycle,bus,carStationWagon,crashDirectionDescription,crashFinancialYear,crashLocation1,crashLocation2,crashSeverity,crashSHDescription,crashYear,directionRoleDescription,fatalCount,fence,flatHill,guardRail,holiday,houseOrBuilding,kerb,light,meshblockId,minorInjuryCount,moped,motorcycle,NumberOfLanes,otherVehicleType,parkedVehicle,pedestrian,region,roadCharacter,roadLane,roadSurface,schoolBus,seriousInjuryCount,slipOrFlood,speedLimit,strayAnimal,streetLight,suv,taxi,temporarySpeedLimit,tlaId,tlaName,trafficControl,trafficIsland,trafficSign,train,tree,truck,unknownVehicleType,urban,vanOrUtility,vehicle,waterRiver,weatherA
270007,1931613.0,5608421.0,545710.0,0.0,0.0,2.0,Null,2009/2010,PAKOWHAI ROAD,ELWOOD ROAD,Non-Injury Crash,No,2009,South,0.0,,Flat,,,,,Bright sun,1471100.0,0.0,0.0,0.0,2.0,0.0,,,Hawke's Bay Region,Nil,2-way,Sealed,0.0,0.0,,100.0,,Null,0.0,0.0,,30.0,Hastings District,Give way,,,,,0.0,0.0,Open,0.0,,,Fine
635742,1930581.0,5604498.0,548100.0,0.0,0.0,1.0,Null,2009/2010,ST AUBYN ST EAST,PRINCES ST,Minor Crash,No,2010,East,0.0,,Flat,,,,,Bright sun,1500700.0,1.0,0.0,0.0,2.0,0.0,,1.0,Hawke's Bay Region,Nil,2-way,Sealed,0.0,0.0,,50.0,,Null,0.0,0.0,,30.0,Hastings District,Give way,,,,,0.0,0.0,Urban,0.0,,,Fine
578474,1931784.0,5604389.0,548000.0,0.0,0.0,1.0,North,2002/2003,GROVE ROAD,WINDSOR AVENUE,Non-Injury Crash,No,2002,South,0.0,,Flat,,,,,Bright sun,1498900.0,0.0,0.0,0.0,2.0,0.0,,,Hawke's Bay Region,Nil,2-way,Sealed,0.0,0.0,,50.0,,Null,0.0,0.0,,30.0,Hastings District,Nil,,,,,0.0,0.0,Urban,1.0,,,Fine
420475,1925116.0,5607000.0,548620.0,0.0,0.0,2.0,North,2004/2005,Z CPK SWANSEA VILLAGE,SWANSEA / HENDERSON,Non-Injury Crash,No,2004,North,0.0,0.0,Flat,0.0,Christmas New Year,0.0,0.0,Overcast,1473700.0,0.0,0.0,0.0,1.0,0.0,1.0,,Hawke's Bay Region,Nil,Off road,Sealed,0.0,0.0,0.0,50.0,0.0,Null,0.0,0.0,,30.0,Hastings District,Nil,0.0,0.0,0.0,0.0,0.0,0.0,Urban,0.0,0.0,0.0,Fine
242229,1931613.0,5608421.0,545710.0,0.0,1.0,1.0,Null,2017/2018,PAKOWHAI ROAD,ELWOOD ROAD,Non-Injury Crash,No,2017,East,0.0,0.0,Flat,0.0,,0.0,0.0,Bright sun,1471100.0,0.0,0.0,0.0,2.0,0.0,0.0,,Hawke's Bay Region,Nil,2-way,Sealed,0.0,0.0,0.0,80.0,0.0,Null,0.0,0.0,,30.0,Hastings District,Stop,0.0,0.0,0.0,0.0,0.0,0.0,Open,0.0,0.0,0.0,Fine
220324,1940994.0,5605805.0,545740.0,0.0,0.0,1.0,West,2006/2007,CLIFTON ROAD,GORDON ROAD,Non-Injury Crash,No,2007,East,0.0,,Flat,,,,,Dark,1408001.0,0.0,0.0,0.0,2.0,0.0,,,Hawke's Bay Region,Nil,2-way,Sealed,0.0,0.0,,50.0,,On,0.0,0.0,,30.0,Hastings District,Nil,,,,,0.0,0.0,Urban,0.0,,,Fine
341462,1917765.0,5653955.0,545912.0,0.0,0.0,1.0,South,2005/2006,SH 5,WAITARA ROAD,Non-Injury Crash,Yes,2005,East,0.0,0.0,Hill Road,0.0,Labour Weekend,0.0,0.0,Dark,1414504.0,0.0,0.0,0.0,3.0,0.0,0.0,,Hawke's Bay Region,Nil,2-way,Sealed,0.0,0.0,1.0,100.0,0.0,None,0.0,0.0,,30.0,Hastings District,Nil,0.0,0.0,0.0,0.0,0.0,0.0,Open,0.0,0.0,0.0,Heavy rain
696564,1941332.8311,5605534.6834,545740.0,0.0,0.0,3.0,South,2019/2020,CLIFTON ROAD,GORDON ROAD,Non-Injury Crash,No,2020,North,0.0,0.0,Flat,0.0,,0.0,0.0,Twilight,1407901.0,0.0,0.0,0.0,2.0,0.0,1.0,,Hawke's Bay Region,Nil,2-way,Sealed,0.0,0.0,0.0,50.0,0.0,Off,0.0,0.0,,30.0,Hastings District,Unknown,0.0,0.0,0.0,0.0,0.0,0.0,Urban,0.0,0.0,0.0,Fine
606549,1930046.0,5606073.0,548200.0,0.0,0.0,1.0,South,2015/2016,TOMOANA ROAD,YORK ST,Minor Crash,No,2015,South,0.0,,Flat,,,,,Bright sun,1490600.0,1.0,0.0,0.0,2.0,0.0,,1.0,Hawke's Bay Region,Nil,2-way,Sealed,0.0,0.0,,50.0,,Off,0.0,0.0,,30.0,Hastings District,Unknown,,,,,0.0,0.0,Urban,0.0,,,Fine
142696,1916202.0,5598047.0,545851.0,0.0,0.0,1.0,South,2005/2006,RAUKAWA ROAD,GREEN HILL ROAD,Serious Crash,No,2005,North,0.0,1.0,Flat,0.0,,0.0,0.0,Twilight,1464101.0,0.0,0.0,0.0,2.0,0.0,0.0,,Hawke's Bay Region,Nil,2-way,Sealed,0.0,1.0,0.0,100.0,0.0,None,0.0,0.0,,30.0,Hastings District,Nil,0.0,0.0,0.0,0.0,0.0,0.0,Open,0.0,0.0,0.0,Mist or Fog
297802,1927633.0,5607439.0,548400.0,1.0,0.0,0.0,Null,2002/2003,SH 50A,OMAHU ROAD,Minor Crash,Yes,2002,North,0.0,,Flat,,,,,Bright sun,1473600.0,1.0,0.0,0.0,2.0,0.0,,,Hawke's Bay Region,Nil,2-way,Sealed,0.0,0.0,,50.0,,Null,0.0,0.0,,30.0,Hastings District,Give way,,,,,0.0,0.0,Urban,1.0,,,Fine
668001,1929789.0,5603739.0,548300.0,0.0,0.0,2.0,Null,2014/2015,RIVERSLEA ROAD SOUTH,CLIVE ST,Non-Injury Crash,No,2015,North,0.0,,Flat,,,,,Bright sun,1504200.0,0.0,0.0,0.0,2.0,0.0,,,Hawke's Bay Region,Nil,2-way,Sealed,0.0,0.0,,50.0,,Null,0.0,0.0,,30.0,Hastings District,Give way,,,,,0.0,0.0,Urban,0.0,,,Fine
236242,1933298.0,5608501.0,545722.0,0.0,0.0,1.0,Null,2004/2005,WHAKATU ROAD,ANDERSON ROAD,Non-Injury Crash,No,2005,South,0.0,0.0,Flat,0.0,,0.0,0.0,Bright sun,1405700.0,0.0,0.0,0.0,2.0,0.0,0.0,,Hawke's Bay Region,Rail xing,2-way,Sealed,0.0,0.0,0.0,100.0,0.0,Null,0.0,0.0,,30.0,Hastings District,Nil,0.0,1.0,0.0,0.0,0.0,0.0,Open,0.0,0.0,0.0,Fine
156983,1930724.0,5605372.0,548200.0,0.0,0.0,1.0,Null,2006/2007,KARAMU ROAD,JERVOIS ST,Non-Injury Crash,No,2007,West,0.0,,Flat,,,,,Bright sun,1494300.0,0.0,0.0,0.0,3.0,0.0,,,Hawke's Bay Region,Nil,2-way,Sealed,0.0,0.0,,50.0,,Null,0.0,0.0,,30.0,Hastings District,Give way,,,,,1.0,0.0,Urban,0.0,,,Fine
91235,1929518.0,5604712.0,548200.0,0.0,0.0,3.0,West,2011/2012,SOUTHAMPTON ST WEST,RAILWAY ROAD,Non-Injury Crash,No,2011,South,0.0,,Flat,,,,,Bright sun,1489802.0,0.0,0.0,0.0,2.0,0.0,,,Hawke's Bay Region,Nil,2-way,Sealed,0.0,0.0,,50.0,,Null,0.0,0.0,,30.0,Hastings District,Nil,,,,,0.0,0.0,Urban,0.0,,,Fine
271467,1930465.0,5604250.0,548100.0,0.0,0.0,1.0,Null,1999/2000,QUEEN ST EAST,RIVERSLEA ROAD NORTH,Minor Crash,No,2000,East,0.0,1.0,Flat,0.0,,0.0,0.0,Bright sun,1501100.0,2.0,0.0,0.0,2.0,0.0,0.0,,Hawke's Bay Region,Nil,2-way,Sealed,0.0,0.0,0.0,50.0,0.0,Null,0.0,0.0,,30.0,Hastings District,Give way,0.0,0.0,0.0,0.0,0.0,0.0,Urban,1.0,0.0,0.0,Fine
255428,1930677.0,5606550.0,547600.0,0.0,0.0,1.0,West,2012/2013,TOMOANA ROAD,WILLIAMS ST,Non-Injury Crash,No,2012,West,0.0,1.0,Flat,0.0,,0.0,0.0,Dark,1483900.0,0.0,0.0,0.0,2.0,0.0,0.0,,Hawke's Bay Region,Nil,2-way,Sealed,0.0,0.0,0.0,50.0,0.0,On,0.0,0.0,,30.0,Hastings District,Nil,0.0,0.0,0.0,0.0,0.0,0.0,Urban,0.0,0.0,0.0,Fine
290944,1925044.4564,5606690.9507,548620.0,0.0,0.0,1.0,Null,2019/2020,PETERHEAD AVENUE,SWANSEA ROAD,Non-Injury Crash,No,2020,North,0.0,,Flat,,,,,Bright sun,1475200.0,0.0,0.0,0.0,2.0,0.0,,,Hawke's Bay Region,Nil,2-way,Sealed,0.0,0.0,,50.0,,Off,1.0,0.0,,30.0,Hastings District,Give way,,,,,0.0,0.0,Urban,0.0,,,Fine
528149,1911478.0,5663651.0,545911.0,0.0,0.0,0.0,South,2010/2011,SH 5,TE HAROTO ROAD,Non-Injury Crash,Yes,2010,North,0.0,,Flat,,,,,Dark,1414400.0,0.0,0.0,0.0,2.0,0.0,,,Hawke's Bay Region,Nil,2-way,Sealed,0.0,0.0,,100.0,,None,0.0,0.0,,30.0,Hastings District,Nil,,,,,0.0,0.0,Open,1.0,,,Fine
208357,1928677.0,5605246.0,547700.0,0.0,0.0,0.0,South,2014/2015,HENRY ST,PEPPER ST,Minor Crash,No,2014,North,0.0,0.0,Flat,0.0,,0.0,0.0,Bright sun,1487500.0,1.0,1.0,0.0,2.0,0.0,0.0,,Hawke's Bay Region,Nil,2-way,Sealed,0.0,0.0,0.0,50.0,0.0,Null,0.0,0.0,,30.0,Hastings District,Give way,0.0,0.0,0.0,1.0,0.0,0.0,Urban,0.0,0.0,0.0,Fine
553770,1934482.0,5600945.0,548833.0,0.0,0.0,1.0,East,2009/2010,DURHAM DRIVE,BURBURY RIDGE,Minor Crash,No,2009,North,0.0,0.0,Hill Road,0.0,,0.0,0.0,Overcast,1466710.0,1.0,0.0,0.0,2.0,0.0,0.0,,Hawke's Bay Region,Nil,2-way,Sealed,0.0,0.0,0.0,50.0,0.0,Null,0.0,0.0,,30.0,Hastings District,Nil,0.0,0.0,0.0,1.0,0.0,0.0,Urban,0.0,0.0,0.0,Light rain
411497,1924371.0,5602449.0,545842.0,0.0,0.0,0.0,North,2010/2011,MANGAROA ROAD,SH 50A PAKI PAKI,Serious Crash,No,2011,North,0.0,,Flat,,,,,Twilight,1470213.0,0.0,0.0,1.0,2.0,1.0,,,Hawke's Bay Region,Nil,2-way,Sealed,0.0,1.0,,100.0,,Off,0.0,0.0,,30.0,Hastings District,Nil,,,,,0.0,0.0,Open,0.0,,,Fine
193523,1930960.0,5605515.0,548000.0,0.0,0.0,0.0,Null,2017/2018,KARAMU ROAD NORTH,WOLESLEY ST,Non-Injury Crash,No,2018,West,0.0,0.0,Flat,0.0,,0.0,0.0,Dark,1497500.0,0.0,0.0,0.0,2.0,0.0,0.0,,Hawke's Bay Region,Nil,2-way,Sealed,0.0,0.0,0.0,50.0,0.0,On,0.0,0.0,,30.0,Hastings District,Stop,0.0,0.0,0.0,0.0,0.0,0.0,Urban,1.0,0.0,0.0,Fine
544669,1932274.0,5609028.0,545721.0,0.0,0.0,2.0,Null,2016/2017,PAKOWHAI ROAD,RUAHAPIA ROAD,Minor Crash,No,2016,West,0.0,,Flat,,,,,Overcast,1471600.0,1.0,0.0,0.0,2.0,0.0,,,Hawke's Bay Region,Nil,2-way,Sealed,0.0,0.0,,80.0,,Null,0.0,0.0,,30.0,Hastings District,Give way,,,,,0.0,0.0,Open,0.0,,,Light rain
200909,1928110.0,5606547.0,548500.0,0.0,0.0,2.0,North,2001/2002,CANNING ROAD,ORCHARD ROAD,Non-Injury Crash,No,2002,East,0.0,,Flat,,,,,Bright sun,1478700.0,0.0,0.0,0.0,2.0,0.0,,,Hawke's Bay Region,Nil,2-way,Sealed,0.0,0.0,,50.0,,Null,0.0,0.0,,30.0,Hastings District,Nil,,,,,0.0,0.0,Urban,0.0,,,Fine
717405,1931551.0,5604083.0,548100.0,0.0,0.0,1.0,Null,2008/2009,ADA ST,RAINBOW AVENUE,Minor Crash,No,2009,East,0.0,,Flat,,,,,Bright sun,1500000.0,1.0,0.0,0.0,2.0,0.0,,,Hawke's Bay Region,Nil,2-way,Sealed,0.0,0.0,,50.0,,Null,0.0,0.0,,30.0,Hastings District,Give way,,,,,0.0,0.0,Urban,1.0,,,Fine
510001,1928509.0,5604648.0,547900.0,0.0,0.0,1.0,Null,1999/2000,SOUTHLAND ROAD,OLIPHANT ROAD,Non-Injury Crash,No,2000,East,0.0,,Flat,,,,,Bright sun,1482000.0,0.0,0.0,0.0,2.0,0.0,,,Hawke's Bay Region,Nil,2-way,Sealed,0.0,0.0,,50.0,,Null,0.0,0.0,,30.0,Hastings District,Give way,,,,,0.0,0.0,Urban,1.0,,,Fine
544697,1929724.0,5605241.0,548200.0,1.0,0.0,1.0,North,2014/2015,QUEEN ST WEST,KING ST NORTH,Minor Crash,No,2014,South,0.0,,Flat,,Christmas New Year,,,Bright sun,1490700.0,1.0,0.0,0.0,2.0,0.0,,,Hawke's Bay Region,Nil,2-way,Sealed,0.0,0.0,,50.0,,Off,0.0,0.0,,30.0,Hastings District,Nil,,,,,0.0,0.0,Urban,0.0,,,Fine
262996,1934646.0,5606662.0,545722.0,0.0,0.0,1.0,North,2000/2001,LAWN ROAD,NAPIER ROAD,Non-Injury Crash,No,2001,South,0.0,0.0,Flat,0.0,,0.0,0.0,Overcast,1406400.0,0.0,0.0,0.0,2.0,0.0,0.0,,Hawke's Bay Region,Nil,2-way,Sealed,0.0,0.0,0.0,100.0,0.0,Null,0.0,0.0,,30.0,Hastings District,Nil,0.0,0.0,0.0,0.0,0.0,0.0,Open,0.0,0.0,0.0,Light rain
188946,1924776.0,5603512.0,545842.0,0.0,0.0,1.0,East,2011/2012,MARAEKAKAHO ROAD,STOCK ROAD,Non-Injury Crash,No,2011,East,0.0,1.0,Flat,0.0,,0.0,0.0,Twilight,1470213.0,0.0,0.0,0.0,2.0,0.0,0.0,,Hawke's Bay Region,Nil,2-way,Sealed,0.0,0.0,0.0,100.0,0.0,Off,0.0,0.0,,30.0,Hastings District,Nil,0.0,0.0,0.0,0.0,0.0,0.0,Open,0.0,0.0,0.0,Light rain
600421,1929080.5126,5606503.1192,547800.0,0.0,0.0,0.0,Null,2018/2019,PAKOWHAI ROAD,FRIMLEY ROAD,Non-Injury Crash,No,2019,North,0.0,,Flat,,,,,Overcast,1477500.0,0.0,0.0,0.0,2.0,0.0,,,Hawke's Bay Region,Nil,2-way,Sealed,0.0,0.0,,50.0,,Off,0.0,0.0,,30.0,Hastings District,Traffic Signals,,,,,0.0,0.0,Urban,2.0,,,Heavy rain
433701,1928520.4646,5606053.7751,547700.0,0.0,0.0,2.0,Null,2018/2019,MARAEKAKAHO ROAD,ORCHARD ROAD,Non-Injury Crash,No,2019,East,0.0,,Null,,Easter,,,Bright sun,1486500.0,0.0,0.0,0.0,2.0,0.0,,,Hawke's Bay Region,Nil,2-way,Sealed,0.0,0.0,,50.0,,Null,0.0,0.0,,30.0,Hastings District,Traffic Signals,,,,,0.0,0.0,Urban,0.0,,,Null
545918,1937038.0,5597815.0,545851.0,0.0,0.0,1.0,West,2001/2002,WAIMARAMA ROAD,TE MATA ROAD,Non-Injury Crash,No,2001,South,0.0,1.0,Flat,0.0,,0.0,0.0,Bright sun,1467002.0,0.0,0.0,0.0,2.0,0.0,0.0,,Hawke's Bay Region,Nil,2-way,Sealed,0.0,0.0,0.0,100.0,0.0,Null,0.0,0.0,,30.0,Hastings District,Nil,0.0,0.0,0.0,1.0,0.0,0.0,Open,0.0,0.0,0.0,Fine
103440,1930137.0,5604489.0,548200.0,0.0,0.0,2.0,Null,2012/2013,HERETAUNGA ST EAST,MILLER ST,Minor Crash,No,2013,South,0.0,,Flat,,,,,Bright sun,1493800.0,1.0,0.0,0.0,2.0,0.0,,,Hawke's Bay Region,Nil,2-way,Sealed,0.0,0.0,,50.0,,Null,0.0,0.0,,30.0,Hastings District,Give way,,,,,0.0,0.0,Urban,0.0,,,Fine
553346,1929850.0,5605477.0,548200.0,0.0,0.0,1.0,Null,2010/2011,NELSON ST NORTH,ST AUBYN ST WEST,Minor Crash,No,2011,East,0.0,1.0,Flat,0.0,,0.0,0.0,Dark,1490405.0,1.0,0.0,0.0,2.0,0.0,0.0,,Hawke's Bay Region,Nil,2-way,Sealed,0.0,0.0,0.0,50.0,0.0,On,0.0,0.0,,30.0,Hastings District,Traffic Signals,0.0,0.0,0.0,0.0,0.0,0.0,Urban,0.0,0.0,0.0,Fine
328670,1911613.0,5661570.0,545911.0,0.0,0.0,2.0,South,2015/2016,SH 5,POPPELLWELLS,Non-Injury Crash,Yes,2016,North,0.0,0.0,Hill Road,0.0,Easter,0.0,0.0,Overcast,1414300.0,0.0,0.0,0.0,2.0,0.0,0.0,,Hawke's Bay Region,Nil,2-way,Sealed,0.0,0.0,0.0,100.0,0.0,None,0.0,0.0,,30.0,Hastings District,Nil,0.0,0.0,0.0,1.0,0.0,0.0,Open,0.0,0.0,0.0,Light rain
547599,1944374.0,5660042.0,545911.0,0.0,0.0,0.0,West,2005/2006,SH 2,PUTORINO STATION ROAD,Non-Injury Crash,Yes,2005,North,0.0,,Flat,,,,,Twilight,1415100.0,0.0,0.0,0.0,2.0,0.0,,,Hawke's Bay Region,Nil,2-way,Sealed,0.0,0.0,,100.0,,None,0.0,0.0,,30.0,Hastings District,Nil,,,,,1.0,0.0,Open,1.0,,,Fine
3504,1930750.0,5606156.0,547600.0,0.0,0.0,1.0,North,2011/2012,NELSON ST NORTH,FREDERICK ST,Non-Injury Crash,No,2011,South,0.0,,Flat,,,,,Dark,1483800.0,0.0,0.0,0.0,1.0,0.0,,,Hawke's Bay Region,Nil,2-way,Unsealed,0.0,0.0,,50.0,,On,0.0,0.0,,30.0,Hastings District,Nil,,,,,0.0,0.0,Urban,0.0,,,Light rain
243004,1924281.0,5607497.0,548612.0,0.0,0.0,2.0,Null,2007/2008,BAKER ST,SCOTT DRIVE,Non-Injury Crash,No,2008,North,0.0,,Flat,,,,,Bright sun,1474112.0,0.0,0.0,0.0,2.0,0.0,,,Hawke's Bay Region,Nil,2-way,Sealed,0.0,0.0,,50.0,,Null,0.0,0.0,,30.0,Hastings District,Nil,,,,,0.0,0.0,Urban,0.0,,,Fine
43707,1928063.072,5634991.4246,545811.0,0.0,0.0,1.0,North,2019/2020,SH 5,MARSHALLS BR,Non-Injury Crash,Yes,2020,North,0.0,0.0,Hill Road,0.0,,0.0,0.0,Overcast,1414700.0,0.0,0.0,0.0,2.0,0.0,0.0,,Hawke's Bay Region,Nil,2-way,Sealed,0.0,0.0,0.0,100.0,0.0,None,0.0,0.0,,30.0,Hastings District,Unknown,0.0,0.0,0.0,0.0,0.0,0.0,Open,1.0,0.0,0.0,Light rain
318248,1935709.0,5646453.0,545911.0,0.0,0.0,1.0,North,2000/2001,SH 2,AROPAOANUI ROAD,Minor Crash,Yes,2000,South,0.0,0.0,Hill Road,0.0,Labour Weekend,0.0,0.0,Bright sun,1415400.0,1.0,0.0,0.0,2.0,0.0,0.0,,Hawke's Bay Region,Nil,2-way,Sealed,0.0,0.0,0.0,100.0,0.0,Null,0.0,0.0,,30.0,Hastings District,Nil,0.0,0.0,0.0,0.0,0.0,0.0,Open,0.0,0.0,0.0,Fine
396045,1938593.5427,5607626.0373,545740.0,1.0,0.0,1.0,North,2019/2020,PARKHILL ROAD,PALOMINO ROAD,Non-Injury Crash,No,2020,South,0.0,1.0,Flat,0.0,,0.0,0.0,Dark,1407200.0,0.0,0.0,0.0,2.0,0.0,0.0,,Hawke's Bay Region,Nil,2-way,Sealed,0.0,0.0,0.0,100.0,0.0,None,0.0,0.0,,30.0,Hastings District,Nil,0.0,0.0,0.0,0.0,0.0,0.0,Open,0.0,0.0,0.0,Fine
381580,1929878.0,5605947.0,547700.0,0.0,0.0,2.0,Null,2000/2001,TOMOANA ROAD,FITZROY AVENUE,Non-Injury Crash,No,2000,North,0.0,,Flat,,,,,Bright sun,1488400.0,0.0,0.0,0.0,2.0,0.0,,,Hawke's Bay Region,Nil,2-way,Sealed,0.0,0.0,,50.0,,Null,0.0,0.0,,30.0,Hastings District,Stop,,,,,0.0,0.0,Urban,0.0,,,Fine
288553,1930795.0,5605415.0,548000.0,0.0,0.0,1.0,Null,2007/2008,KARAMU ROAD NORTH,CHARLOTTE CRESCENT,Minor Crash,No,2007,North,0.0,,Flat,,,,,Bright sun,1495800.0,1.0,0.0,1.0,2.0,0.0,,,Hawke's Bay Region,Nil,2-way,Sealed,0.0,0.0,,50.0,,Null,0.0,0.0,,30.0,Hastings District,Give way,,,,,0.0,0.0,Urban,0.0,,,Fine
77031,1927635.0,5607391.0,547800.0,0.0,0.0,1.0,Null,2012/2013,OMAHU ROAD,NAPIER-HASTINGS EXPRESSWA,Non-Injury Crash,No,2012,South,0.0,,Flat,,,,,Bright sun,1476600.0,0.0,0.0,0.0,2.0,0.0,,,Hawke's Bay Region,Nil,2-way,Sealed,0.0,0.0,,50.0,,Null,0.0,0.0,,30.0,Hastings District,Give way,,,,,0.0,0.0,Urban,1.0,,,Fine
202391,1931294.6457,5606998.4768,545721.0,0.0,0.0,1.0,Null,2018/2019,RICHMOND ROAD,TOMOANA ROAD,Non-Injury Crash,No,2019,North,0.0,1.0,Flat,0.0,,0.0,0.0,Dark,1471401.0,0.0,0.0,0.0,2.0,0.0,0.0,,Hawke's Bay Region,Nil,2-way,Sealed,0.0,0.0,0.0,50.0,0.0,On,0.0,0.0,,30.0,Hastings District,Nil,0.0,0.0,0.0,0.0,0.0,0.0,Urban,0.0,0.0,0.0,Fine
741307,1930398.0,5605171.0,548200.0,0.0,0.0,2.0,North,2010/2011,KARAMU ROAD NORTH,VICTORIA ST,Non-Injury Crash,No,2010,North,0.0,,Flat,,Labour Weekend,,,Bright sun,1494100.0,0.0,0.0,0.0,2.0,0.0,,,Hawke's Bay Region,Nil,2-way,Sealed,0.0,0.0,,50.0,,Null,0.0,0.0,,30.0,Hastings District,Nil,,,,,0.0,0.0,Urban,0.0,,,Fine
302522,1930687.0,5606092.0,547600.0,0.0,0.0,2.0,Null,2005/2006,FREDERICK ST,NELSON ST NORTH,Non-Injury Crash,No,2006,East,0.0,,Flat,,,,,Bright sun,1483500.0,0.0,0.0,0.0,2.0,0.0,,,Hawke's Bay Region,Nil,2-way,Sealed,0.0,0.0,,50.0,,Null,0.0,0.0,,30.0,Hastings District,Give way,,,,,0.0,0.0,Urban,0.0,,,Fine
618464,1930590.0,5607598.0,545721.0,0.0,0.0,1.0,East,2006/2007,Z CPK PERNEL FRUIT WORLD,PAKOWHAI/EVENDEN,Non-Injury Crash,No,2007,North,0.0,0.0,Flat,0.0,,0.0,0.0,Bright sun,1471401.0,0.0,0.0,0.0,0.0,0.0,1.0,,Hawke's Bay Region,Nil,Off road,Sealed,0.0,0.0,0.0,100.0,0.0,Null,0.0,0.0,,30.0,Hastings District,Nil,0.0,0.0,0.0,0.0,1.0,0.0,Open,0.0,0.0,0.0,Fine
160826,1930348.0,5605004.0,548200.0,0.0,0.0,1.0,Null,2010/2011,WARREN ST NORTH,ELLISON ROAD,Non-Injury Crash,No,2010,East,0.0,,Flat,,,,,Bright sun,1494400.0,0.0,0.0,0.0,2.0,0.0,,,Hawke's Bay Region,Nil,2-way,Sealed,0.0,0.0,,50.0,,Null,1.0,0.0,,30.0,Hastings District,Give way,,,,,0.0,0.0,Urban,0.0,,,Fine
95965,1924989.0,5637671.0,545811.0,0.0,0.0,1.0,East,2002/2003,SH 5,GLENGARRY ROAD,Non-Injury Crash,Yes,2002,South,0.0,0.0,Hill Road,0.0,,0.0,0.0,Overcast,1414800.0,0.0,0.0,0.0,2.0,0.0,0.0,,Hawke's Bay Region,Nil,2-way,Sealed,0.0,0.0,0.0,100.0,0.0,None,0.0,0.0,,30.0,Hastings District,Nil,0.0,1.0,0.0,0.0,0.0,0.0,Open,0.0,0.0,0.0,Light rain
574750,1929338.0,5606647.0,547600.0,0.0,0.0,2.0,East,2006/2007,FITZROY AVENUE,PAKOWHAI ROAD,Non-Injury Crash,No,2006,East,0.0,,Flat,,,,,Bright sun,1485100.0,0.0,0.0,0.0,2.0,0.0,,,Hawke's Bay Region,Nil,2-way,Sealed,0.0,0.0,,50.0,,Null,0.0,0.0,,30.0,Hastings District,Nil,,,,,0.0,0.0,Urban,0.0,,,Fine
204270,1923015.0,5611316.0,545822.0,0.0,0.0,1.0,North,2016/2017,SH 50,NGARURORO BR,Non-Injury Crash,Yes,2017,South,0.0,0.0,Flat,1.0,Queens Birthday,0.0,0.0,Dark,1409300.0,0.0,0.0,0.0,2.0,0.0,0.0,,Hawke's Bay Region,Bridge,2-way,Sealed,0.0,0.0,0.0,50.0,0.0,None,0.0,0.0,,30.0,Hastings District,Unknown,0.0,0.0,0.0,0.0,0.0,0.0,Urban,0.0,0.0,0.0,Light rain
314533,1930469.0,5603793.0,548300.0,0.0,0.0,2.0,South,2001/2002,PARK ROAD SOUTH,DUFFERIN ST,Non-Injury Crash,No,2001,South,0.0,0.0,Flat,0.0,,0.0,0.0,Dark,1502501.0,0.0,0.0,0.0,2.0,0.0,1.0,,Hawke's Bay Region,Nil,2-way,Sealed,0.0,0.0,0.0,50.0,0.0,On,0.0,0.0,,30.0,Hastings District,Nil,0.0,0.0,0.0,0.0,0.0,0.0,Urban,0.0,0.0,0.0,Fine
549663,1926012.0,5606434.0,545761.0,0.0,0.0,2.0,East,2002/2003,FLAXMERE AVENUE,WILSON ROAD,Non-Injury Crash,No,2003,West,0.0,,Flat,,,,,Twilight,1469905.0,0.0,0.0,0.0,2.0,0.0,,,Hawke's Bay Region,Nil,2-way,Sealed,0.0,0.0,,50.0,,On,0.0,0.0,,30.0,Hastings District,Nil,,,,,0.0,0.0,Urban,0.0,,,Fine
184814,1930149.0,5604677.0,548200.0,0.0,0.0,2.0,Null,2004/2005,HASTINGS ST NORTH,QUEEN ST EAST,Non-Injury Crash,No,2005,East,0.0,,Flat,,,,,Overcast,1493400.0,0.0,0.0,0.0,2.0,0.0,,,Hawke's Bay Region,Nil,2-way,Sealed,0.0,0.0,,50.0,,Null,0.0,0.0,,30.0,Hastings District,Give way,,,,,0.0,0.0,Urban,0.0,,,Light rain
734177,1909407.0,5667602.0,545911.0,0.0,0.0,1.0,South,2010/2011,SH 5,TATARAAKINA ROAD,Minor Crash,Yes,2011,South,0.0,0.0,Hill Road,0.0,,0.0,0.0,Overcast,1281200.0,2.0,0.0,0.0,2.0,0.0,0.0,,Hawke's Bay Region,Nil,2-way,Sealed,0.0,0.0,0.0,100.0,0.0,Null,0.0,0.0,,30.0,Hastings District,Nil,0.0,0.0,0.0,1.0,0.0,0.0,Open,0.0,0.0,0.0,Fine
266830,1925955.0,5608237.0,545710.0,0.0,0.0,1.0,Null,1999/2000,OMAHU ROAD,CHATHAM ROAD,Serious Crash,No,2000,North,0.0,,Flat,,,,,Bright sun,1470900.0,0.0,0.0,1.0,2.0,0.0,,,Hawke's Bay Region,Nil,2-way,Sealed,0.0,1.0,,70.0,,Null,0.0,0.0,,30.0,Hastings District,Give way,,,,,0.0,0.0,Urban,0.0,,,Fine