OBJECTID,X,Y,areaUnitID,bicycle,bus,carStationWagon,crashDirectionDescription,crashFinancialYear,crashLocation1,crashLocation2,crashSeverity,crashSHDescription,crashYear,directionRoleDescription,fatalCount,fence,flatHill,guardRail,holiday,houseOrBuilding,kerb,light,meshblockId,minorInjuryCount,moped,motorcycle,NumberOfLanes,otherVehicleType,parkedVehicle,pedestrian,region,roadCharacter,roadLane,roadSurface,schoolBus,seriousInjuryCount,slipOrFlood,speedLimit,strayAnimal,streetLight,suv,taxi,temporarySpeedLimit,tlaId,tlaName,trafficControl,trafficIsland,trafficSign,train,tree,truck,unknownVehicleType,urban,vanOrUtility,vehicle,waterRiver,weatherA
58188,1930510.0,5604594.0,548100.0,0.0,0.0,2.0,Null,2013/2014,ST AUBYN ST EAST,WILLOWPARK ROAD NORTH,Non-Injury Crash,No,2014,North,0.0,,Flat,,,,,Bright sun,1500800.0,0.0,0.0,0.0,2.0,0.0,,,Hawke's Bay Region,Nil,2-way,Sealed,0.0,0.0,,50.0,,Null,0.0,0.0,,30.0,Hastings District,Give way,,,,,0.0,0.0,Urban,0.0,,,Fine
505618,1925347.0,5599664.0,545852.0,0.0,0.0,1.0,North,2008/2009,RAILWAY ROAD SOUTH,SH 50A,Non-Injury Crash,No,2008,North,0.0,,Flat,,,,,Overcast,1469600.0,0.0,0.0,0.0,2.0,0.0,,,Hawke's Bay Region,Nil,2-way,Sealed,0.0,0.0,,100.0,,Null,0.0,0.0,,30.0,Hastings District,Nil,,,,,1.0,0.0,Open,0.0,,,Light rain
445828,1932274.0,5609028.0,545721.0,0.0,0.0,2.0,Null,2014/2015,PAKOWHAI ROAD,RUAHAPIA ROAD,Serious Crash,No,2015,South,0.0,,Flat,,,,,Dark,1471600.0,3.0,0.0,0.0,2.0,0.0,,,Hawke's Bay Region,Nil,2-way,Sealed,0.0,1.0,,80.0,,On,0.0,0.0,,30.0,Hastings District,Give way,,,,,0.0,0.0,Open,0.0,,,Fine
638762,1938798.0,5594407.0,545860.0,0.0,0.0,0.0,West,2004/2005,WAIMARAMA ROAD,MARAETOTARA ROAD,Non-Injury Crash,No,2004,East,0.0,,Flat,,,,,Bright sun,1467400.0,0.0,0.0,0.0,2.0,0.0,,,Hawke's Bay Region,Bridge,2-way,Sealed,0.0,0.0,,100.0,,Null,1.0,0.0,,30.0,Hastings District,Nil,,,,,1.0,0.0,Open,0.0,,,Fine
155162,1930185.0,5605031.0,548200.0,0.0,0.0,2.0,Null,2006/2007,ST AUBYN ST EAST,KARAMU ROAD NORTH,Non-Injury Crash,No,2006,North,0.0,,Flat,,,,,Dark,1494100.0,0.0,0.0,0.0,6.0,0.0,,,Hawke's Bay Region,Nil,2-way,Sealed,0.0,0.0,,50.0,,On,0.0,0.0,,30.0,Hastings District,Traffic Signals,,,,,0.0,0.0,Urban,0.0,,,Fine
736845,1934425.0,5632752.0,545812.0,0.0,0.0,1.0,North,2003/2004,SH 2,TAIT ROAD,Minor Crash,Yes,2004,South,0.0,,Flat,,,,,Bright sun,1414903.0,1.0,0.0,0.0,2.0,0.0,,,Hawke's Bay Region,Nil,2-way,Sealed,0.0,0.0,,100.0,,Null,0.0,0.0,,30.0,Hastings District,Nil,,,,,0.0,0.0,Open,0.0,,,Fine
483175,1932752.0,5608537.0,545722.0,0.0,0.0,1.0,East,2014/2015,WHAKATU ROAD,RUAHAPIA ROAD,Non-Injury Crash,No,2014,South,0.0,1.0,Flat,0.0,,0.0,0.0,Dark,1405700.0,0.0,0.0,0.0,2.0,0.0,0.0,,Hawke's Bay Region,Nil,2-way,Sealed,0.0,0.0,0.0,80.0,0.0,None,0.0,0.0,,30.0,Hastings District,Unknown,0.0,0.0,0.0,0.0,0.0,0.0,Open,0.0,0.0,0.0,Heavy rain
569034,1928825.0,5606227.0,547700.0,0.0,0.0,1.0,East,2005/2006,HERETAUNGA ST WEST,MARAEKAKAHO ROAD,Non-Injury Crash,No,2005,West,0.0,,Flat,,,,,Bright sun,1486600.0,0.0,0.0,0.0,2.0,0.0,,,Hawke's Bay Region,Nil,2-way,Sealed,0.0,0.0,,50.0,,Null,0.0,0.0,,30.0,Hastings District,Nil,,,,,0.0,0.0,Urban,1.0,,,Fine
330914,1937569.0,5603594.0,545740.0,0.0,0.0,1.0,North,2003/2004,TUKITUKI ROAD,MOORE ROAD,Minor Crash,No,2003,South,0.0,0.0,Flat,0.0,,0.0,0.0,Dark,1407500.0,1.0,0.0,0.0,2.0,0.0,0.0,,Hawke's Bay Region,Nil,2-way,Sealed,0.0,0.0,0.0,100.0,0.0,None,0.0,0.0,,30.0,Hastings District,Nil,0.0,0.0,0.0,0.0,0.0,0.0,Open,0.0,0.0,0.0,Light rain
37256,1924249.0,5607580.0,548611.0,0.0,0.0,1.0,Null,2005/2006,DIAZ DRIVE,SCOTT DRIVE,Non-Injury Crash,No,2006,North,0.0,0.0,Flat,0.0,,0.0,0.0,Bright sun,1473902.0,0.0,0.0,0.0,2.0,0.0,1.0,,Hawke's Bay Region,Nil,2-way,Sealed,0.0,0.0,0.0,50.0,0.0,Null,0.0,0.0,,30.0,Hastings District,Nil,0.0,0.0,0.0,0.0,0.0,0.0,Urban,1.0,0.0,0.0,Fine
209414,1933128.0,5610571.0,545832.0,0.0,0.0,1.0,East,2014/2015,GILBERTSON ROAD,PAKOWHAI ROAD,Minor Crash,No,2015,South,0.0,0.0,Flat,0.0,,0.0,0.0,Bright sun,1404000.0,1.0,0.0,0.0,2.0,0.0,0.0,,Hawke's Bay Region,Nil,2-way,Sealed,0.0,0.0,0.0,80.0,0.0,Null,0.0,0.0,,30.0,Hastings District,Nil,0.0,0.0,0.0,0.0,0.0,0.0,Open,0.0,0.0,0.0,Fine
7537,1930057.0,5604598.0,548200.0,0.0,0.0,2.0,Null,2008/2009,HERETAUNGA ST EAST,HASTING ST,Non-Injury Crash,No,2008,North,0.0,,Flat,,,,,Bright sun,1493900.0,0.0,0.0,0.0,2.0,0.0,,,Hawke's Bay Region,Nil,2-way,Sealed,0.0,0.0,,50.0,,Null,0.0,0.0,,30.0,Hastings District,Give way,,,,,0.0,0.0,Urban,0.0,,,Fine
659546,1933574.0,5609828.0,545832.0,0.0,0.0,1.0,North,2004/2005,FARNDON ROAD,CHESTERHOPE BRIDGE,Non-Injury Crash,No,2005,North,0.0,,Hill Road,,,,,Dark,1404200.0,0.0,0.0,0.0,2.0,0.0,,,Hawke's Bay Region,Bridge,2-way,Sealed,0.0,0.0,,100.0,,None,0.0,0.0,,30.0,Hastings District,Nil,,,,,0.0,0.0,Open,0.0,,,Light rain
492342,1929755.0,5605025.0,548200.0,0.0,0.0,1.0,North,2009/2010,MARKET ST NORTH,HERETAUNGA ST WEST,Minor Crash,No,2009,North,0.0,,Flat,,Labour Weekend,,,Bright sun,1491700.0,1.0,0.0,0.0,2.0,0.0,,1.0,Hawke's Bay Region,Nil,2-way,Sealed,0.0,0.0,,50.0,,Null,0.0,0.0,,30.0,Hastings District,Nil,,,,,0.0,0.0,Urban,0.0,,,Fine
305020,1925086.0,5607056.0,548620.0,0.0,0.0,1.0,North,2003/2004,SWANSEA ROAD,HENDERSON ROAD,Non-Injury Crash,No,2004,East,0.0,,Flat,,,,,Bright sun,1473700.0,0.0,0.0,1.0,2.0,0.0,,,Hawke's Bay Region,Nil,2-way,Sealed,0.0,0.0,,50.0,,Null,0.0,0.0,,30.0,Hastings District,Nil,,,,,0.0,0.0,Urban,0.0,,,Fine
725880,1931030.0,5613801.0,545831.0,0.0,0.0,2.0,North,2003/2004,SH 50,PAKOWHAI ON SBD,Non-Injury Crash,Yes,2004,North,0.0,,Flat,,,,,Overcast,1404600.0,0.0,0.0,0.0,4.0,0.0,,,Hawke's Bay Region,Nil,2-way,Sealed,0.0,0.0,,100.0,,Null,0.0,0.0,,30.0,Hastings District,Nil,,,,,0.0,0.0,Open,0.0,,,Fine
574736,1930155.0,5605071.0,548200.0,0.0,0.0,2.0,West,2000/2001,ST AUBYN ST EAST,KARAMU ROAD NORTH,Non-Injury Crash,No,2000,East,0.0,,Flat,,,,,Overcast,1494100.0,0.0,0.0,0.0,4.0,0.0,,,Hawke's Bay Region,Nil,2-way,Sealed,0.0,0.0,,50.0,,Null,0.0,0.0,,30.0,Hastings District,Nil,,,,,0.0,0.0,Urban,0.0,,,Heavy rain
504111,1918300.0,5653455.0,545912.0,0.0,0.0,2.0,North,2001/2002,SH 5,BROOKS ENT,Non-Injury Crash,Yes,2002,North,0.0,0.0,Hill Road,0.0,,0.0,0.0,Overcast,1414504.0,0.0,0.0,0.0,2.0,0.0,0.0,,Hawke's Bay Region,Nil,2-way,Sealed,0.0,0.0,0.0,100.0,0.0,Null,0.0,0.0,,30.0,Hastings District,Nil,0.0,0.0,0.0,0.0,0.0,0.0,Open,0.0,1.0,0.0,Mist or Fog
188989,1927633.0,5607439.0,548400.0,0.0,0.0,2.0,Null,2010/2011,OMAHU ROAD,SH 50A,Non-Injury Crash,Yes,2011,North,0.0,,Flat,,,,,Dark,1473600.0,0.0,0.0,0.0,2.0,0.0,,,Hawke's Bay Region,Nil,2-way,Sealed,0.0,0.0,,50.0,,On,0.0,0.0,,30.0,Hastings District,Give way,,,,,0.0,0.0,Urban,0.0,,,Fine
661002,1930687.0,5606092.0,547600.0,0.0,0.0,2.0,Null,2016/2017,FREDERICK ST,NELSON ST NORTH,Non-Injury Crash,No,2016,North,0.0,,Flat,,,,,Bright sun,1483500.0,0.0,0.0,0.0,2.0,0.0,,,Hawke's Bay Region,Nil,1-way,Sealed,0.0,0.0,,50.0,,Null,0.0,0.0,,30.0,Hastings District,Give way,,,,,0.0,0.0,Urban,0.0,,,Fine
329071,1930935.0,5605092.0,548000.0,0.0,0.0,1.0,Null,2004/2005,JERVOIS ST,MILLER ST,Minor Crash,No,2004,West,0.0,,Flat,,,,,Overcast,1497600.0,1.0,0.0,0.0,2.0,0.0,,1.0,Hawke's Bay Region,Nil,2-way,Sealed,0.0,0.0,,50.0,,Null,0.0,0.0,,30.0,Hastings District,Nil,,,,,0.0,0.0,Urban,0.0,,,Fine
716894,1928187.0,5601534.0,545852.0,0.0,0.0,2.0,East,2016/2017,LONGLANDS ROAD EAST,RIVERSLEA ROAD SOUTH,Minor Crash,No,2016,East,0.0,,Flat,,,,,Bright sun,1468700.0,3.0,0.0,0.0,2.0,0.0,,,Hawke's Bay Region,Nil,2-way,Sealed,0.0,0.0,,100.0,,Null,0.0,0.0,,30.0,Hastings District,Nil,,,,,0.0,0.0,Open,0.0,,,Fine
234712,1924000.0,5609586.0,545842.0,0.0,0.0,1.0,North,2012/2013,OMAHU ROAD,KIRKWOOD ROAD,Non-Injury Crash,No,2012,North,0.0,,Flat,,,,,Bright sun,1469704.0,0.0,0.0,0.0,2.0,0.0,,,Hawke's Bay Region,Nil,2-way,Sealed,0.0,0.0,,100.0,,Null,0.0,0.0,,30.0,Hastings District,Nil,,,,,0.0,0.0,Open,0.0,,,Fine
58376,1931038.0,5606044.0,548000.0,0.0,0.0,1.0,South,2010/2011,CAROLINE ROAD,MAYFAIR AVENUE,Non-Injury Crash,No,2011,North,0.0,0.0,Flat,0.0,Christmas New Year,0.0,0.0,Dark,1495600.0,0.0,0.0,0.0,2.0,0.0,1.0,,Hawke's Bay Region,Nil,2-way,Sealed,0.0,0.0,0.0,50.0,0.0,On,0.0,0.0,,30.0,Hastings District,Nil,0.0,0.0,0.0,0.0,0.0,0.0,Urban,1.0,0.0,0.0,Fine
250959,1921174.0,5621796.0,545821.0,0.0,0.0,1.0,North,2016/2017,APLEY ROAD,DARTMOOR ROAD,Non-Injury Crash,No,2016,North,0.0,1.0,Hill Road,0.0,,0.0,0.0,Overcast,1411100.0,0.0,0.0,0.0,2.0,0.0,0.0,,Hawke's Bay Region,Nil,2-way,Sealed,0.0,0.0,0.0,100.0,0.0,Null,0.0,0.0,,30.0,Hastings District,Unknown,0.0,0.0,0.0,1.0,0.0,0.0,Open,0.0,0.0,0.0,Light rain
507560,1927578.0,5607439.0,548400.0,0.0,0.0,1.0,Null,2007/2008,SH 50A,OMAHU ROAD,Non-Injury Crash,Yes,2007,East,0.0,,Flat,,,,,Dark,1473600.0,0.0,0.0,0.0,2.0,0.0,,,Hawke's Bay Region,Nil,2-way,Sealed,0.0,0.0,,100.0,,On,1.0,0.0,,30.0,Hastings District,Give way,,,,,0.0,0.0,Open,0.0,,,Fine
298458,1926679.0,5600215.0,545852.0,0.0,0.0,1.0,South,2001/2002,TE AUTE ROAD,CRYSTALL ROAD,Non-Injury Crash,No,2002,North,0.0,,Flat,,,,,Dark,1468700.0,0.0,0.0,0.0,2.0,1.0,,,Hawke's Bay Region,Nil,2-way,Sealed,0.0,0.0,,100.0,,None,0.0,0.0,,30.0,Hastings District,Nil,,,,,0.0,0.0,Open,0.0,,,Fine
31537,1941899.0,5657918.0,545911.0,0.0,0.0,1.0,East,2010/2011,SH 2,MATAHORUA UBR,Non-Injury Crash,Yes,2011,East,0.0,,Hill Road,,,,,Dark,1416100.0,0.0,0.0,0.0,1.0,0.0,,,Hawke's Bay Region,Nil,2-way,Unsealed,0.0,0.0,,100.0,,None,0.0,0.0,70.0,30.0,Hastings District,Nil,,,,,1.0,0.0,Open,0.0,,,Fine
327774,1928162.0708,5600917.9308,545852.0,0.0,0.0,1.0,West,2018/2019,TE AUTE ROAD,LONGLANDS ROAD EAST,Non-Injury Crash,No,2019,East,0.0,0.0,Flat,0.0,,0.0,0.0,Bright sun,1465700.0,0.0,0.0,0.0,2.0,0.0,0.0,,Hawke's Bay Region,Nil,2-way,Sealed,0.0,0.0,0.0,100.0,0.0,None,0.0,0.0,,30.0,Hastings District,Unknown,0.0,0.0,0.0,0.0,0.0,0.0,Open,0.0,0.0,0.0,Fine
508989,1928379.0,5606178.0,548500.0,0.0,0.0,3.0,Null,2010/2011,ORCHARD ROAD,MCLEOD ST,Non-Injury Crash,No,2010,South,0.0,,Flat,,,,,Overcast,1479600.0,0.0,0.0,0.0,2.0,0.0,,,Hawke's Bay Region,Nil,2-way,Sealed,0.0,0.0,,50.0,,Null,0.0,0.0,,30.0,Hastings District,Give way,,,,,0.0,0.0,Urban,0.0,,,Fine
535290,1920858.0,5586052.0,545851.0,0.0,0.0,1.0,North,2017/2018,MIDDLE ROAD,TE AUTE TRUST ROAD,Non-Injury Crash,No,2018,East,0.0,0.0,Hill Road,0.0,,0.0,0.0,Overcast,1466102.0,0.0,0.0,0.0,2.0,0.0,0.0,,Hawke's Bay Region,Nil,2-way,Sealed,0.0,0.0,0.0,100.0,0.0,Null,0.0,0.0,,30.0,Hastings District,Unknown,0.0,0.0,0.0,0.0,0.0,0.0,Open,0.0,0.0,0.0,Light rain
691927,1930317.0,5604449.0,548200.0,0.0,0.0,2.0,Null,2001/2002,QUEEN ST EAST,WILLOWPARK ROAD NORTH,Non-Injury Crash,No,2002,West,0.0,,Flat,,,,,Overcast,1494000.0,0.0,0.0,0.0,2.0,0.0,,,Hawke's Bay Region,Nil,2-way,Sealed,0.0,0.0,,50.0,,Null,0.0,0.0,,30.0,Hastings District,Give way,,,,,0.0,0.0,Urban,0.0,,,Fine
703461,1925252.0,5598508.0,545851.0,0.0,0.0,1.0,South,2005/2006,SH 2,OLD MAIN ROAD,Serious Crash,Yes,2006,North,0.0,,Flat,,,,,Overcast,1463900.0,0.0,0.0,0.0,2.0,0.0,,,Hawke's Bay Region,Nil,2-way,Sealed,0.0,1.0,,100.0,,Null,0.0,0.0,,30.0,Hastings District,Nil,,,,,0.0,0.0,Open,1.0,,,Heavy rain
670915,1932511.0,5601807.0,548831.0,1.0,0.0,1.0,Null,2005/2006,PORTER DRIVE,HAVELOCK ROAD,Minor Crash,No,2006,South,0.0,,Flat,,,,,Bright sun,1509600.0,1.0,0.0,0.0,2.0,0.0,,,Hawke's Bay Region,Nil,2-way,Sealed,0.0,0.0,,50.0,,Null,0.0,0.0,,30.0,Hastings District,Give way,,,,,0.0,0.0,Urban,0.0,,,Fine
691077,1929549.0,5604870.0,548200.0,0.0,0.0,1.0,Null,2001/2002,MARKET ST SOUTH,LYNDON ROAD WEST,Minor Crash,No,2002,North,0.0,,Flat,,,,,Bright sun,1489802.0,1.0,0.0,0.0,2.0,0.0,,,Hawke's Bay Region,Nil,2-way,Sealed,0.0,0.0,,50.0,,Null,0.0,0.0,,30.0,Hastings District,Give way,,,,,0.0,0.0,Urban,1.0,,,Fine
92509,1929450.0,5608815.0,545710.0,0.0,0.0,2.0,Null,2017/2018,SH 50A,EVENDEN ROAD,Non-Injury Crash,Yes,2017,North,0.0,,Flat,,,,,Bright sun,1471201.0,0.0,0.0,0.0,2.0,0.0,,,Hawke's Bay Region,Nil,2-way,Sealed,0.0,0.0,,100.0,,Null,0.0,0.0,,30.0,Hastings District,Give way,,,,,0.0,0.0,Open,0.0,,,Fine
234788,1936383.0,5664162.0,545911.0,0.0,0.0,1.0,North,2017/2018,HEAYS ACCESS ROAD,MATAHORUA ROAD,Non-Injury Crash,No,2018,South,0.0,0.0,Flat,0.0,,0.0,0.0,Bright sun,1416100.0,0.0,0.0,0.0,2.0,0.0,0.0,,Hawke's Bay Region,Nil,2-way,Unsealed,0.0,0.0,0.0,100.0,0.0,None,0.0,0.0,,30.0,Hastings District,Unknown,0.0,0.0,0.0,1.0,0.0,0.0,Open,0.0,0.0,0.0,Fine
193402,1929551.0,5633003.0,545811.0,0.0,0.0,1.0,West,2008/2009,SH 5,SHAW ROAD,Non-Injury Crash,Yes,2008,East,0.0,1.0,Flat,0.0,,0.0,0.0,Overcast,1414700.0,0.0,0.0,0.0,2.0,0.0,0.0,,Hawke's Bay Region,Nil,2-way,Sealed,0.0,0.0,0.0,100.0,0.0,Null,0.0,0.0,,30.0,Hastings District,Nil,0.0,0.0,0.0,0.0,0.0,0.0,Open,0.0,0.0,0.0,Light rain
24314,1921417.0,5641983.0,545811.0,0.0,0.0,1.0,North,2004/2005,SH 5,GLENGARRY ROAD,Non-Injury Crash,Yes,2005,South,0.0,,Hill Road,,,,,Bright sun,1414600.0,0.0,0.0,0.0,3.0,0.0,,,Hawke's Bay Region,Nil,2-way,Sealed,0.0,0.0,,100.0,,Null,0.0,0.0,,30.0,Hastings District,Nil,,,,,0.0,0.0,Open,1.0,,,Fine
669124,1927073.0,5604962.0,545761.0,0.0,0.0,1.0,South,2003/2004,MARAEKAKAHO ROAD,YORK ROAD,Non-Injury Crash,No,2004,North,0.0,1.0,Flat,0.0,,0.0,0.0,Dark,1468801.0,0.0,0.0,0.0,2.0,0.0,0.0,,Hawke's Bay Region,Nil,2-way,Sealed,0.0,0.0,0.0,100.0,0.0,None,0.0,0.0,,30.0,Hastings District,Nil,0.0,0.0,0.0,1.0,0.0,0.0,Open,0.0,0.0,0.0,Fine
191361,1906410.0,5607861.0,545841.0,0.0,0.0,1.0,Null,2009/2010,AORANGI ROAD,KERERU ROAD,Minor Crash,No,2009,West,0.0,1.0,Flat,0.0,,0.0,0.0,Bright sun,1462401.0,1.0,0.0,0.0,2.0,0.0,0.0,,Hawke's Bay Region,Nil,2-way,Sealed,0.0,0.0,0.0,100.0,0.0,Null,0.0,0.0,,30.0,Hastings District,Give way,0.0,0.0,0.0,0.0,0.0,0.0,Open,0.0,0.0,0.0,Fine
144983,1930073.0,5605180.0,548200.0,1.0,0.0,1.0,Null,2010/2011,ST AUBYN ST EAST,RUSSELL ST NORTH,Minor Crash,No,2010,North,0.0,,Flat,,,,,Bright sun,1492300.0,1.0,0.0,0.0,2.0,0.0,,,Hawke's Bay Region,Nil,2-way,Sealed,0.0,0.0,,50.0,,Null,0.0,0.0,,30.0,Hastings District,Stop,,,,,0.0,0.0,Urban,0.0,,,Fine
586724,1930272.0,5604305.0,548300.0,0.0,0.0,2.0,North,2016/2017,HERETAUNGA ST EAST,PRINCES ST,Minor Crash,No,2017,North,0.0,0.0,Flat,0.0,,0.0,0.0,Bright sun,1501500.0,1.0,0.0,0.0,2.0,0.0,1.0,,Hawke's Bay Region,Nil,2-way,Sealed,0.0,0.0,0.0,50.0,0.0,Null,0.0,0.0,,30.0,Hastings District,Unknown,0.0,0.0,0.0,0.0,0.0,0.0,Urban,0.0,0.0,0.0,Fine
70816,1925938.0,5613198.0,545821.0,0.0,0.0,1.0,East,2009/2010,SH 50,SWAMP ROAD,Minor Crash,Yes,2010,West,0.0,1.0,Flat,0.0,,0.0,0.0,Dark,1408600.0,1.0,0.0,0.0,2.0,0.0,0.0,,Hawke's Bay Region,Nil,2-way,Sealed,0.0,0.0,0.0,100.0,0.0,None,0.0,0.0,,30.0,Hastings District,Nil,0.0,0.0,0.0,0.0,0.0,0.0,Open,0.0,0.0,0.0,Light rain
711926,1924870.0,5606661.0,548620.0,0.0,0.0,2.0,East,2011/2012,SWANSEA ROAD,CAERNARVON DRIVE S,Non-Injury Crash,No,2011,West,0.0,,Flat,,Labour Weekend,,,Twilight,1475000.0,0.0,0.0,0.0,1.0,0.0,,,Hawke's Bay Region,Nil,1-way,Sealed,0.0,0.0,,50.0,,On,0.0,0.0,,30.0,Hastings District,Nil,,,,,0.0,0.0,Urban,0.0,,,Fine
263580,1926812.0,5604765.0,545761.0,0.0,0.0,1.0,Null,2006/2007,MARAEKAKAHO ROAD,HEATHCOTE ROAD,Non-Injury Crash,No,2006,North,0.0,0.0,Flat,0.0,,0.0,0.0,Overcast,1468801.0,0.0,0.0,0.0,2.0,0.0,0.0,,Hawke's Bay Region,Nil,2-way,Sealed,0.0,0.0,0.0,100.0,0.0,Null,0.0,0.0,,30.0,Hastings District,Give way,0.0,0.0,0.0,0.0,0.0,0.0,Open,0.0,0.0,0.0,Fine
681814,1933689.0,5602558.0,548831.0,0.0,0.0,2.0,Null,2002/2003,BROOKVALE ROAD,LEGORNE LANE,Non-Injury Crash,No,2002,East,0.0,,Flat,,,,,Overcast,1466401.0,0.0,0.0,0.0,2.0,0.0,,,Hawke's Bay Region,Nil,2-way,Sealed,0.0,0.0,,50.0,,Null,0.0,0.0,,30.0,Hastings District,Nil,,,,,0.0,0.0,Urban,0.0,,,Light rain
676576,1929393.0,5603396.0,548300.0,0.0,0.0,1.0,Null,2004/2005,MURDOCH ROAD EAST,RIVERSLEA ROAD SOUTH,Non-Injury Crash,No,2004,East,0.0,,Flat,,,,,Dark,1503800.0,0.0,0.0,0.0,2.0,0.0,,,Hawke's Bay Region,Nil,2-way,Sealed,0.0,0.0,,50.0,,On,0.0,0.0,,30.0,Hastings District,Give way,,,,,0.0,0.0,Urban,0.0,,,Fine
219795,1929821.0,5604912.0,548200.0,0.0,0.0,2.0,Null,2002/2003,RUSSELL ST NORTH,HERETAUNGA ST EAST,Non-Injury Crash,No,2003,West,0.0,,Flat,,,,,Bright sun,1492100.0,0.0,0.0,0.0,2.0,0.0,,,Hawke's Bay Region,Nil,2-way,Sealed,0.0,0.0,,50.0,,Null,0.0,0.0,,30.0,Hastings District,Nil,,,,,0.0,0.0,Urban,0.0,,,Fine
15525,1906844.0,5607620.0,545841.0,0.0,0.0,1.0,East,2002/2003,KERERU ROAD,AORANGI ROAD,Minor Crash,No,2002,North,0.0,1.0,Flat,0.0,,0.0,0.0,Twilight,1462401.0,1.0,0.0,0.0,2.0,0.0,0.0,,Hawke's Bay Region,Nil,2-way,Sealed,0.0,0.0,0.0,100.0,0.0,None,0.0,0.0,,30.0,Hastings District,Nil,0.0,0.0,0.0,0.0,0.0,0.0,Open,0.0,0.0,0.0,Fine
699414,1929508.0,5608847.0,545710.0,0.0,0.0,1.0,Null,2009/2010,SH 50A,EVENDEN ROAD,Non-Injury Crash,Yes,2009,South,0.0,,Flat,,,,,Bright sun,1471100.0,0.0,0.0,0.0,2.0,0.0,,,Hawke's Bay Region,Nil,2-way,Sealed,0.0,0.0,,100.0,,Null,0.0,0.0,,30.0,Hastings District,Give way,,,,,0.0,0.0,Open,1.0,,,Fine
267418,1925037.0,5606697.0,548620.0,0.0,0.0,2.0,Null,2004/2005,SWANSEA ROAD,PETERHEAD AVENUE,Non-Injury Crash,No,2004,South,0.0,,Flat,,,,,Bright sun,1473700.0,0.0,0.0,0.0,2.0,0.0,,,Hawke's Bay Region,Nil,2-way,Sealed,0.0,0.0,,50.0,,None,0.0,0.0,,30.0,Hastings District,Give way,,,,,0.0,0.0,Urban,0.0,,,Fine
226095,1929099.312,5605282.4982,547700.0,0.0,0.0,1.0,Null,2018/2019,CHARLES STREET,SOUTHAMPTON STREET WEST,Non-Injury Crash,No,2019,South,0.0,,Flat,,,,,Overcast,1487700.0,0.0,0.0,0.0,2.0,0.0,,,Hawke's Bay Region,Nil,2-way,Sealed,0.0,0.0,,50.0,,Off,1.0,0.0,,30.0,Hastings District,Give way,,,,,0.0,0.0,Urban,0.0,,,Fine
625029,1933526.0,5606722.0,545721.0,0.0,0.0,1.0,East,2007/2008,SH 2,WATSON ROAD,Non-Injury Crash,Yes,2008,North,0.0,1.0,Flat,0.0,,0.0,0.0,Twilight,1471800.0,0.0,0.0,0.0,2.0,0.0,0.0,,Hawke's Bay Region,Bridge,2-way,Sealed,0.0,0.0,0.0,100.0,0.0,Off,1.0,0.0,,30.0,Hastings District,Nil,0.0,0.0,0.0,0.0,0.0,0.0,Open,0.0,0.0,0.0,Heavy rain
315855,1932274.0,5609028.0,545721.0,1.0,0.0,1.0,Null,2003/2004,PAKOWHAI ROAD,RUAHAPIA ROAD,Minor Crash,No,2004,West,0.0,,Flat,,,,,Dark,1471600.0,1.0,0.0,0.0,2.0,0.0,,,Hawke's Bay Region,Nil,2-way,Sealed,0.0,0.0,,100.0,,On,0.0,0.0,,30.0,Hastings District,Give way,,,,,0.0,0.0,Open,0.0,,,Fine
380282,1931888.0,5600773.0,548821.0,0.0,0.0,2.0,South,2012/2013,BREADALBANE ROAD,MIDDLE ROAD,Non-Injury Crash,No,2012,North,0.0,0.0,Flat,0.0,Christmas New Year,0.0,0.0,Bright sun,1465507.0,0.0,0.0,0.0,2.0,0.0,1.0,,Hawke's Bay Region,Nil,2-way,Sealed,0.0,0.0,0.0,50.0,0.0,Null,0.0,0.0,,30.0,Hastings District,Nil,0.0,0.0,0.0,0.0,0.0,0.0,Urban,0.0,0.0,0.0,Fine
563733,1925108.0,5607599.0,548612.0,0.0,0.0,1.0,Null,2000/2001,CHATHAM ROAD,FLAXMERE AVENUE,Non-Injury Crash,No,2001,North,0.0,1.0,Flat,0.0,,0.0,0.0,Dark,1474107.0,0.0,0.0,0.0,2.0,0.0,0.0,,Hawke's Bay Region,Nil,2-way,Sealed,0.0,0.0,0.0,50.0,0.0,On,0.0,0.0,,30.0,Hastings District,Give way,1.0,0.0,0.0,1.0,0.0,0.0,Urban,0.0,0.0,0.0,Fine
404154,1911349.0,5660937.0,545911.0,0.0,0.0,1.0,South,2007/2008,SH 5,TE HAROTO ROAD,Serious Crash,Yes,2007,North,0.0,1.0,Hill Road,0.0,,0.0,0.0,Twilight,1414400.0,1.0,0.0,0.0,2.0,0.0,0.0,,Hawke's Bay Region,Nil,2-way,Sealed,0.0,1.0,0.0,100.0,0.0,None,0.0,0.0,,30.0,Hastings District,Nil,0.0,0.0,0.0,1.0,0.0,0.0,Open,0.0,0.0,0.0,Fine
545930,1929851.0,5605477.0,548200.0,0.0,0.0,1.0,Null,2005/2006,ST AUBYN ST WEST,NELSON ST NORTH,Non-Injury Crash,No,2005,South,0.0,,Flat,,,,,Bright sun,1491000.0,0.0,0.0,0.0,2.0,0.0,,,Hawke's Bay Region,Nil,2-way,Sealed,0.0,0.0,,50.0,,Null,1.0,0.0,,30.0,Hastings District,Traffic Signals,,,,,0.0,0.0,Urban,0.0,,,Fine