OBJECTID,X,Y,areaUnitID,bicycle,bus,carStationWagon,crashDirectionDescription,crashFinancialYear,crashLocation1,crashLocation2,crashSeverity,crashSHDescription,crashYear,directionRoleDescription,fatalCount,fence,flatHill,guardRail,holiday,houseOrBuilding,kerb,light,meshblockId,minorInjuryCount,moped,motorcycle,NumberOfLanes,otherVehicleType,parkedVehicle,pedestrian,region,roadCharacter,roadLane,roadSurface,schoolBus,seriousInjuryCount,slipOrFlood,speedLimit,strayAnimal,streetLight,suv,taxi,temporarySpeedLimit,tlaId,tlaName,trafficControl,trafficIsland,trafficSign,train,tree,truck,unknownVehicleType,urban,vanOrUtility,vehicle,waterRiver,weatherA
283800,1932834.0,5601937.0,548831.0,0.0,0.0,2.0,Null,2017/2018,NAPIER ROAD,KARANEMA DRIVE,Non-Injury Crash,No,2018,South,0.0,,Flat,,,,,Twilight,1509100.0,0.0,0.0,0.0,1.0,0.0,,,Hawke's Bay Region,Nil,1-way,Sealed,0.0,0.0,,50.0,,On,0.0,0.0,,30.0,Hastings District,Give way,,,,,0.0,0.0,Urban,0.0,,,Light rain
219698,1927607.0,5607382.0,548500.0,0.0,0.0,1.0,Null,2003/2004,SH 50A,OMAHU ROAD,Non-Injury Crash,Yes,2003,West,0.0,1.0,Flat,0.0,,0.0,0.0,Overcast,1477900.0,0.0,0.0,0.0,2.0,0.0,0.0,,Hawke's Bay Region,Nil,2-way,Sealed,0.0,0.0,0.0,100.0,0.0,Null,0.0,0.0,,30.0,Hastings District,Give way,1.0,1.0,0.0,0.0,0.0,0.0,Open,0.0,0.0,0.0,Fine
451177,1922666.0,5604713.0,545842.0,0.0,0.0,1.0,North,2002/2003,NGATARAWA ROAD,MARAEKAKAHO ROAD,Non-Injury Crash,No,2002,East,0.0,,Flat,,,,,Overcast,1470218.0,0.0,0.0,0.0,2.0,0.0,,,Hawke's Bay Region,Nil,2-way,Sealed,0.0,0.0,,100.0,,Null,0.0,0.0,,30.0,Hastings District,Nil,,,,,0.0,0.0,Open,1.0,,,Light rain
62507,1934327.0,5646557.0,545911.0,0.0,0.0,0.0,North,2006/2007,SH 2,AROPAOANUI ROAD,Non-Injury Crash,Yes,2007,North,0.0,,Hill Road,,,,,Overcast,1415400.0,0.0,0.0,0.0,1.0,0.0,,,Hawke's Bay Region,Nil,1-way,Sealed,0.0,0.0,,100.0,,Null,0.0,0.0,,30.0,Hastings District,Nil,,,,,2.0,0.0,Open,0.0,,,Fine
156624,1927637.0,5607442.0,548400.0,0.0,0.0,0.0,Null,2007/2008,SH 50A,OMAHU ROAD,Minor Crash,Yes,2007,East,0.0,,Flat,,,,,Bright sun,1473600.0,1.0,0.0,0.0,2.0,0.0,,,Hawke's Bay Region,Nil,2-way,Sealed,0.0,0.0,,100.0,,Null,0.0,0.0,,30.0,Hastings District,Give way,,,,,0.0,0.0,Open,2.0,,,Fine
292616,1929530.0,5606843.0,545710.0,0.0,0.0,3.0,North,2002/2003,PAKOWHAI ROAD,LYNDHURST ROAD,Non-Injury Crash,No,2002,South,0.0,,Flat,,,,,Bright sun,1471300.0,0.0,0.0,0.0,2.0,0.0,,,Hawke's Bay Region,Nil,2-way,Sealed,0.0,0.0,,50.0,,Null,0.0,0.0,,30.0,Hastings District,Give way,,,,,0.0,0.0,Urban,0.0,,,Fine
89806,1942934.0,5593759.0,545860.0,0.0,0.0,1.0,East,2014/2015,OCEAN BEACH ROAD,WAIMARAMA ROAD,Non-Injury Crash,No,2015,East,0.0,0.0,Flat,0.0,Queens Birthday,0.0,0.0,Bright sun,1467200.0,0.0,0.0,0.0,2.0,0.0,0.0,,Hawke's Bay Region,Nil,2-way,Sealed,0.0,0.0,0.0,100.0,0.0,None,0.0,0.0,,30.0,Hastings District,Nil,0.0,0.0,0.0,0.0,0.0,0.0,Open,0.0,0.0,0.0,Fine
447923,1930952.0,5613587.0,545831.0,0.0,0.0,1.0,North,2015/2016,SH 50,SH 50 LINKS ROAD,Non-Injury Crash,Yes,2016,North,0.0,,Flat,,Easter,,,Overcast,1404600.0,0.0,0.0,0.0,2.0,0.0,,,Hawke's Bay Region,Nil,2-way,Sealed,0.0,0.0,,100.0,,Off,0.0,0.0,,30.0,Hastings District,Unknown,,,,,0.0,0.0,Open,1.0,,,Light rain
559860,1929503.0,5608862.0,545710.0,0.0,0.0,2.0,Null,2006/2007,SH 50A,EVENDEN ROAD,Non-Injury Crash,Yes,2006,North,0.0,,Flat,,,,,Dark,1471100.0,0.0,0.0,0.0,2.0,0.0,,,Hawke's Bay Region,Nil,2-way,Sealed,0.0,0.0,,100.0,,On,0.0,0.0,,30.0,Hastings District,Give way,,,,,0.0,0.0,Open,0.0,,,Fine
116220,1930065.0,5604789.0,548200.0,0.0,0.0,2.0,Null,2017/2018,QUEEN ST EAST,WARREN ST NORTH,Non-Injury Crash,No,2017,East,0.0,,Flat,,,,,Overcast,1493400.0,0.0,0.0,0.0,2.0,0.0,,,Hawke's Bay Region,Nil,2-way,Sealed,0.0,0.0,,50.0,,None,0.0,0.0,,30.0,Hastings District,Give way,,,,,0.0,0.0,Urban,0.0,,,Light rain
523758,1928283.0,5604782.0,547900.0,0.0,0.0,2.0,West,2010/2011,GARRY ST,OLIPHANT ROAD,Non-Injury Crash,No,2010,West,0.0,0.0,Flat,0.0,,0.0,0.0,Dark,1480900.0,0.0,0.0,0.0,2.0,0.0,1.0,,Hawke's Bay Region,Nil,2-way,Sealed,0.0,0.0,0.0,50.0,0.0,On,0.0,0.0,,30.0,Hastings District,Nil,0.0,0.0,0.0,0.0,0.0,0.0,Urban,0.0,0.0,0.0,Fine
689274,1930036.0,5606491.0,547600.0,0.0,0.0,1.0,Null,2003/2004,DUKE ST,GRAYS ROAD,Minor Crash,No,2004,South,0.0,0.0,Flat,0.0,,0.0,0.0,Bright sun,1484500.0,1.0,0.0,0.0,2.0,0.0,1.0,,Hawke's Bay Region,Nil,2-way,Sealed,0.0,0.0,0.0,50.0,0.0,Null,0.0,0.0,,30.0,Hastings District,Nil,0.0,0.0,0.0,0.0,0.0,0.0,Urban,1.0,0.0,0.0,Fine
146858,1929201.0,5606595.0,547800.0,0.0,0.0,0.0,North,1999/2000,PAKOWHAI ROAD,ST AUBYN ST WEST,Non-Injury Crash,No,2000,South,0.0,,Flat,,,,,Bright sun,1477600.0,0.0,0.0,0.0,2.0,0.0,,,Hawke's Bay Region,Nil,2-way,Sealed,0.0,0.0,,50.0,,Null,0.0,0.0,,30.0,Hastings District,Nil,,,,,1.0,0.0,Urban,1.0,,,Fine
184358,1933354.0,5601989.0,548831.0,0.0,0.0,2.0,Null,2017/2018,TE MATA ROAD,DANVERS ST,Minor Crash,No,2018,East,0.0,,Flat,,,,,Overcast,1509900.0,1.0,0.0,0.0,2.0,0.0,,,Hawke's Bay Region,Nil,2-way,Sealed,0.0,0.0,,50.0,,Null,0.0,0.0,,30.0,Hastings District,Give way,,,,,0.0,0.0,Urban,0.0,,,Light rain
634858,1930658.0,5604394.0,548100.0,0.0,0.0,2.0,Null,2005/2006,RIVERSLEA ROAD NORTH,RIVERSLEA ROAD,Non-Injury Crash,No,2006,South,0.0,,Flat,,,,,Bright sun,1500900.0,0.0,0.0,0.0,2.0,0.0,,,Hawke's Bay Region,Nil,2-way,Sealed,0.0,0.0,,50.0,,Null,0.0,0.0,,30.0,Hastings District,Give way,,,,,0.0,0.0,Urban,0.0,,,Fine
276509,1918517.0,5653061.0,545912.0,0.0,0.0,1.0,North,1999/2000,SH 5,OHURAKURA ROAD,Serious Crash,Yes,2000,South,0.0,,Hill Road,,,,,Dark,1414504.0,0.0,0.0,0.0,3.0,0.0,,,Hawke's Bay Region,Nil,2-way,Sealed,0.0,1.0,,100.0,,None,0.0,0.0,,30.0,Hastings District,Unknown,,,,,1.0,0.0,Open,0.0,,,Light rain
301751,1931956.0,5602471.0,545762.0,0.0,0.0,2.0,East,2001/2002,HAVELOCK ROAD,ST ANDREWS ROAD,Non-Injury Crash,No,2001,West,0.0,0.0,Flat,0.0,,0.0,0.0,Bright sun,1468300.0,0.0,0.0,0.0,2.0,0.0,0.0,,Hawke's Bay Region,Nil,2-way,Sealed,0.0,0.0,0.0,70.0,0.0,Null,0.0,0.0,,30.0,Hastings District,Nil,0.0,0.0,0.0,0.0,0.0,0.0,Urban,0.0,1.0,0.0,Fine
382600,1906275.0,5604006.0,545841.0,0.0,0.0,1.0,South,2001/2002,SH 50,TAIT ROAD,Minor Crash,Yes,2002,South,0.0,0.0,Hill Road,0.0,,0.0,0.0,Dark,1462700.0,1.0,0.0,0.0,2.0,0.0,0.0,,Hawke's Bay Region,Nil,2-way,Sealed,0.0,0.0,0.0,100.0,0.0,None,0.0,0.0,,30.0,Hastings District,Nil,0.0,0.0,0.0,0.0,0.0,0.0,Open,0.0,0.0,0.0,Fine
581351,1928768.0,5606071.0,547700.0,1.0,0.0,1.0,East,2001/2002,STORTFORD ST,PLUNKET ST,Serious Crash,No,2002,North,0.0,,Flat,,,,,Bright sun,1486700.0,0.0,0.0,0.0,2.0,0.0,,,Hawke's Bay Region,Nil,2-way,Sealed,0.0,1.0,,50.0,,Null,0.0,0.0,,30.0,Hastings District,Nil,,,,,0.0,0.0,Urban,0.0,,,Fine
703623,1932883.0,5611928.0,545832.0,0.0,0.0,1.0,East,2005/2006,BROOKFIELDS ROAD,GILBERTSON ROAD,Minor Crash,No,2006,West,0.0,0.0,Flat,0.0,,0.0,0.0,Dark,1403900.0,1.0,0.0,0.0,2.0,0.0,0.0,,Hawke's Bay Region,Nil,2-way,Sealed,0.0,0.0,0.0,100.0,0.0,None,0.0,0.0,,30.0,Hastings District,Nil,0.0,0.0,0.0,0.0,0.0,0.0,Open,0.0,0.0,0.0,Light rain
135023,1927538.0,5607470.0,548400.0,0.0,0.0,1.0,North,2011/2012,OMAHU ROAD,SH 50A,Non-Injury Crash,No,2011,South,0.0,,Flat,,,,,Bright sun,1473600.0,0.0,0.0,0.0,2.0,0.0,,,Hawke's Bay Region,Nil,2-way,Sealed,0.0,0.0,,50.0,,Null,0.0,0.0,,30.0,Hastings District,Nil,,,,,1.0,0.0,Urban,0.0,,,Fine
172378,1925556.0,5608396.0,545710.0,0.0,0.0,1.0,East,2005/2006,OMAHU ROAD,BARNES PLACE,Non-Injury Crash,No,2006,West,0.0,1.0,Flat,0.0,Queens Birthday,0.0,0.0,Dark,1470900.0,0.0,0.0,0.0,2.0,0.0,0.0,,Hawke's Bay Region,Nil,2-way,Sealed,0.0,0.0,0.0,50.0,0.0,On,0.0,0.0,,30.0,Hastings District,Nil,0.0,0.0,0.0,0.0,0.0,0.0,Urban,0.0,0.0,0.0,Light rain
495738,1932032.0,5606171.0,545721.0,0.0,0.0,0.0,Null,1999/2000,SH 2,ELWOOD ROAD,Minor Crash,Yes,2000,North,0.0,,Flat,,,,,Bright sun,1472403.0,1.0,0.0,0.0,2.0,0.0,,,Hawke's Bay Region,Nil,2-way,Sealed,0.0,0.0,,100.0,,Null,0.0,0.0,,30.0,Hastings District,Give way,,,,,0.0,0.0,Open,1.0,,,Fine
713669,1930185.0,5605031.0,548200.0,0.0,0.0,2.0,Null,2003/2004,KARUMU ROAD NORTH,ST AUBYN ST EAST,Non-Injury Crash,No,2004,East,0.0,,Flat,,,,,Overcast,1494100.0,0.0,0.0,0.0,5.0,0.0,,,Hawke's Bay Region,Nil,2-way,Sealed,0.0,0.0,,50.0,,Null,0.0,0.0,,30.0,Hastings District,Traffic Signals,,,,,0.0,0.0,Urban,0.0,,,Fine
17875,1929560.0,5605055.0,548200.0,0.0,0.0,2.0,Null,2001/2002,EASTBOURNE ST WEST,KING ST SOUTH,Minor Crash,No,2001,South,0.0,0.0,Flat,0.0,,1.0,0.0,Bright sun,1489400.0,1.0,0.0,0.0,2.0,0.0,0.0,,Hawke's Bay Region,Nil,2-way,Sealed,0.0,0.0,0.0,50.0,0.0,Null,0.0,0.0,,30.0,Hastings District,Give way,0.0,1.0,0.0,0.0,0.0,0.0,Urban,0.0,0.0,0.0,Fine
153700,1926218.0,5606304.0,545761.0,0.0,0.0,2.0,Null,2000/2001,SH 50A,YORK ROAD,Non-Injury Crash,Yes,2000,North,0.0,,Flat,,,,,Overcast,1469905.0,0.0,0.0,0.0,2.0,0.0,,,Hawke's Bay Region,Nil,2-way,Sealed,0.0,0.0,,70.0,,Null,0.0,0.0,,30.0,Hastings District,Give way,,,,,0.0,0.0,Urban,0.0,,,Fine
619085,1937452.0,5606342.0,545740.0,0.0,0.0,1.0,South,2003/2004,TUKITUKI ROAD,MILL ROAD,Non-Injury Crash,No,2003,North,0.0,,Flat,,,,,Dark,1407700.0,0.0,0.0,0.0,2.0,0.0,,,Hawke's Bay Region,Nil,2-way,Sealed,0.0,0.0,,100.0,,None,0.0,0.0,,30.0,Hastings District,Nil,,,,,0.0,0.0,Open,0.0,,,Fine
14969,1925936.0,5608244.0,548400.0,0.0,0.0,2.0,West,2005/2006,OMAHU ROAD,CHATHAM ROAD,Minor Crash,No,2005,West,0.0,0.0,Flat,0.0,,0.0,0.0,Dark,1473300.0,2.0,0.0,0.0,2.0,0.0,0.0,,Hawke's Bay Region,Nil,2-way,Sealed,0.0,0.0,0.0,50.0,0.0,On,0.0,0.0,,30.0,Hastings District,Nil,0.0,0.0,0.0,0.0,0.0,0.0,Urban,0.0,1.0,0.0,Fine
548606,1935287.0,5634006.0,545812.0,0.0,0.0,0.0,North,2003/2004,SH 2,WHIRINAKI ROAD,Non-Injury Crash,Yes,2003,North,0.0,0.0,Flat,0.0,,0.0,0.0,Dark,1414903.0,0.0,0.0,0.0,2.0,0.0,0.0,,Hawke's Bay Region,Nil,2-way,Sealed,0.0,0.0,0.0,100.0,0.0,On,0.0,0.0,,30.0,Hastings District,Nil,0.0,0.0,0.0,0.0,1.0,0.0,Open,1.0,1.0,0.0,Heavy rain
150733,1932032.0,5606171.0,545721.0,0.0,0.0,2.0,Null,2001/2002,SH 2,ELWOOD ROAD,Non-Injury Crash,Yes,2001,North,0.0,,Flat,,,,,Overcast,1472403.0,0.0,0.0,0.0,2.0,0.0,,,Hawke's Bay Region,Nil,2-way,Sealed,0.0,0.0,,70.0,,Null,0.0,0.0,,30.0,Hastings District,Give way,,,,,0.0,0.0,Urban,0.0,,,Heavy rain
604529,1924752.0,5591169.0,545851.0,0.0,0.0,0.0,South,2007/2008,MIDDLE ROAD,BLIND ROAD,Serious Crash,No,2007,North,0.0,1.0,Flat,0.0,,0.0,0.0,Overcast,1465903.0,0.0,0.0,1.0,2.0,0.0,0.0,,Hawke's Bay Region,Nil,2-way,Sealed,0.0,1.0,0.0,100.0,0.0,Null,0.0,0.0,,30.0,Hastings District,Nil,0.0,0.0,0.0,0.0,0.0,0.0,Open,0.0,0.0,0.0,Fine
76210,1925080.0,5606986.0,548620.0,0.0,0.0,2.0,North,2008/2009,Z CPK SWANSEA VILLAGE,SWANSEA/HENDERSON,Non-Injury Crash,No,2009,South,0.0,0.0,Flat,0.0,,0.0,0.0,Overcast,1473700.0,0.0,0.0,0.0,0.0,0.0,1.0,,Hawke's Bay Region,Nil,Off road,Sealed,0.0,0.0,0.0,50.0,0.0,Null,0.0,0.0,,30.0,Hastings District,Nil,0.0,0.0,0.0,0.0,0.0,0.0,Urban,0.0,0.0,0.0,Fine
572780,1930103.0,5600861.0,545762.0,0.0,0.0,0.0,Null,2002/2003,TE AUTE ROAD,RICHARD ROAD,Non-Injury Crash,No,2002,East,0.0,,Flat,,,,,Bright sun,1465300.0,0.0,0.0,0.0,2.0,0.0,,,Hawke's Bay Region,Nil,2-way,Sealed,0.0,0.0,,100.0,,Null,0.0,0.0,,30.0,Hastings District,Nil,,,,,0.0,0.0,Open,2.0,,,Fine
537420,1918300.0,5653455.0,545912.0,0.0,0.0,1.0,North,2000/2001,SH 5,BROOKS ENT,Non-Injury Crash,Yes,2001,North,0.0,0.0,Hill Road,0.0,,0.0,0.0,Bright sun,1414504.0,0.0,0.0,0.0,2.0,0.0,0.0,,Hawke's Bay Region,Nil,2-way,Sealed,0.0,0.0,0.0,100.0,0.0,Null,0.0,0.0,,30.0,Hastings District,Nil,0.0,0.0,0.0,0.0,1.0,0.0,Open,0.0,0.0,0.0,Fine
108209,1932007.0,5606156.0,545721.0,0.0,0.0,2.0,South,2013/2014,SH 2,ELWOOD ROAD,Non-Injury Crash,Yes,2013,East,0.0,,Flat,,,,,Bright sun,1471700.0,0.0,0.0,0.0,2.0,0.0,,,Hawke's Bay Region,Nil,2-way,Sealed,0.0,0.0,,70.0,,Null,0.0,0.0,,30.0,Hastings District,Nil,,,,,0.0,0.0,Urban,0.0,,,Fine
741894,1928910.0,5606116.0,547700.0,0.0,0.0,3.0,South,2012/2013,HERETAUNGA ST WEST,STORTFORD ST,Non-Injury Crash,No,2013,North,0.0,,Flat,,,,,Bright sun,1486700.0,0.0,0.0,0.0,2.0,0.0,,,Hawke's Bay Region,Nil,2-way,Sealed,0.0,0.0,,50.0,,Null,0.0,0.0,,30.0,Hastings District,Nil,,,,,0.0,0.0,Urban,0.0,,,Fine
67805,1908664.0,5665269.0,545911.0,0.0,0.0,1.0,North,1999/2000,SH 5,TE HAROTO PO,Minor Crash,Yes,2000,North,0.0,0.0,Hill Road,0.0,,0.0,0.0,Dark,1414300.0,1.0,0.0,0.0,2.0,0.0,0.0,,Hawke's Bay Region,Nil,2-way,Sealed,0.0,0.0,0.0,100.0,0.0,None,0.0,0.0,,30.0,Hastings District,Give way,1.0,1.0,0.0,0.0,0.0,0.0,Open,0.0,0.0,0.0,Light rain
444414,1929921.0,5603765.0,548300.0,0.0,0.0,1.0,East,2013/2014,LAWRENCE ST,RIVERSLEA ROAD SOUTH,Non-Injury Crash,No,2013,East,0.0,,Flat,,,,,Bright sun,1504200.0,0.0,0.0,0.0,2.0,0.0,,,Hawke's Bay Region,Nil,2-way,Sealed,0.0,0.0,,50.0,,Null,0.0,0.0,,30.0,Hastings District,Nil,,,,,0.0,0.0,Urban,1.0,,,Fine
85147,1935789.0,5651990.0,545911.0,0.0,0.0,0.0,South,2004/2005,SH 2,WAIKOAU ROAD,Non-Injury Crash,Yes,2005,South,0.0,0.0,Hill Road,0.0,,0.0,0.0,Overcast,1415200.0,0.0,0.0,0.0,2.0,0.0,0.0,,Hawke's Bay Region,Nil,2-way,Sealed,0.0,0.0,0.0,100.0,0.0,Null,0.0,0.0,,30.0,Hastings District,Nil,0.0,0.0,0.0,0.0,0.0,0.0,Open,1.0,0.0,0.0,Light rain
436536,1907650.0,5676383.0,545911.0,0.0,0.0,0.0,North,2012/2013,SH 5,RUATITI BR,Minor Crash,Yes,2012,North,0.0,0.0,Flat,0.0,,0.0,0.0,Overcast,1281200.0,3.0,0.0,0.0,2.0,0.0,0.0,,Hawke's Bay Region,Nil,2-way,Sealed,0.0,0.0,0.0,100.0,0.0,Null,1.0,0.0,,30.0,Hastings District,Nil,0.0,0.0,0.0,0.0,0.0,0.0,Open,0.0,0.0,0.0,Heavy rain
604418,1930025.0,5613749.0,545831.0,0.0,0.0,0.0,Null,2005/2006,SH 50,FRANKLIN ROAD,Non-Injury Crash,Yes,2006,East,0.0,,Flat,,,,,Overcast,1404600.0,0.0,0.0,0.0,2.0,0.0,,,Hawke's Bay Region,Nil,2-way,Sealed,0.0,0.0,,100.0,,Null,2.0,0.0,,30.0,Hastings District,Stop,,,,,0.0,0.0,Open,0.0,,,Light rain
316078,1909882.0,5664760.0,545911.0,0.0,0.0,1.0,North,2005/2006,SH 5,TE HAROTO ROAD,Non-Injury Crash,Yes,2005,West,0.0,0.0,Hill Road,0.0,,0.0,0.0,Overcast,1414300.0,0.0,0.0,0.0,2.0,0.0,0.0,,Hawke's Bay Region,Nil,2-way,Sealed,0.0,0.0,0.0,100.0,0.0,Null,0.0,0.0,,30.0,Hastings District,Nil,0.0,0.0,0.0,0.0,0.0,0.0,Open,0.0,0.0,0.0,Light rain
82868,1926331.0,5606411.0,545761.0,0.0,0.0,2.0,North,2013/2014,SH 50A,FLAXMERE AVENUE,Serious Crash,Yes,2014,North,0.0,,Flat,,,,,Dark,1469905.0,1.0,0.0,0.0,4.0,0.0,,,Hawke's Bay Region,Nil,2-way,Sealed,0.0,1.0,,100.0,,None,0.0,0.0,,30.0,Hastings District,Nil,,,,,0.0,0.0,Open,0.0,,,Fine
125731,1926465.0,5608002.0,545710.0,0.0,0.0,1.0,Null,2002/2003,HENDERSON ROAD,OMAHU ROAD,Non-Injury Crash,No,2002,North,0.0,,Flat,,,,,Overcast,1470900.0,0.0,0.0,0.0,2.0,0.0,,,Hawke's Bay Region,Nil,2-way,Sealed,0.0,0.0,,70.0,,Null,0.0,0.0,,30.0,Hastings District,Give way,,,,,0.0,0.0,Urban,1.0,,,Light rain
645832,1927719.0,5607036.0,548500.0,0.0,0.0,1.0,North,2015/2016,STONYCROFT ST,ORCHARD ROAD,Non-Injury Crash,No,2016,North,0.0,,Flat,,,,,Overcast,1477900.0,0.0,0.0,0.0,2.0,0.0,,,Hawke's Bay Region,Nil,2-way,Sealed,0.0,0.0,,50.0,,Off,0.0,0.0,,30.0,Hastings District,Nil,,,,,1.0,0.0,Urban,0.0,,,Fine
74558,1928327.0,5605244.0,547900.0,0.0,0.0,1.0,Null,2018/2019,GORDON ROAD,FLORENCE ST,Minor Crash,No,2018,North,0.0,0.0,Flat,0.0,,0.0,0.0,Bright sun,1480303.0,1.0,0.0,0.0,2.0,0.0,0.0,,Hawke's Bay Region,Nil,2-way,Sealed,0.0,0.0,0.0,50.0,0.0,Null,0.0,0.0,,30.0,Hastings District,Nil,0.0,0.0,0.0,0.0,0.0,0.0,Urban,1.0,0.0,0.0,Fine
115279,1933695.0,5601149.0,548832.0,0.0,0.0,1.0,West,2016/2017,GREENWOOD ROAD,MCHARDY ST,Minor Crash,No,2016,North,0.0,1.0,Hill Road,0.0,,0.0,0.0,Bright sun,1508700.0,1.0,0.0,0.0,2.0,0.0,0.0,,Hawke's Bay Region,Nil,2-way,Sealed,0.0,0.0,0.0,50.0,0.0,Null,0.0,0.0,,30.0,Hastings District,Unknown,0.0,0.0,0.0,0.0,0.0,0.0,Urban,0.0,0.0,0.0,Fine
185911,1924826.0,5637670.0,545811.0,0.0,0.0,1.0,South,2001/2002,SH 5,GLENLANDS STN ENT,Non-Injury Crash,Yes,2002,South,0.0,0.0,Hill Road,0.0,,0.0,0.0,Bright sun,1414700.0,0.0,0.0,0.0,3.0,0.0,0.0,,Hawke's Bay Region,Nil,2-way,Sealed,0.0,0.0,0.0,100.0,0.0,Null,0.0,0.0,,30.0,Hastings District,Nil,0.0,0.0,0.0,0.0,0.0,0.0,Open,0.0,0.0,0.0,Fine
146951,1935968.8339,5610742.5394,545730.0,0.0,0.0,0.0,North,2018/2019,SH 51,MILL ROAD,Non-Injury Crash,Yes,2019,South,0.0,0.0,Flat,0.0,,0.0,0.0,Bright sun,1404700.0,0.0,0.0,0.0,2.0,0.0,0.0,,Hawke's Bay Region,Nil,2-way,Sealed,0.0,0.0,0.0,50.0,0.0,Off,0.0,0.0,,30.0,Hastings District,Nil,0.0,0.0,0.0,0.0,0.0,0.0,Urban,1.0,0.0,0.0,Fine
104564,1929279.7703,5614164.4753,545831.0,0.0,0.0,2.0,South,2018/2019,050-0012,LINKS ROAD,Non-Injury Crash,Yes,2019,North,0.0,,Flat,,,,,Overcast,1404500.0,0.0,0.0,0.0,2.0,0.0,,,Hawke's Bay Region,Nil,2-way,Sealed,0.0,0.0,,70.0,,Off,0.0,0.0,,30.0,Hastings District,Nil,,,,,0.0,0.0,Urban,0.0,,,Fine
648856,1927296.0,5605131.0,545761.0,0.0,0.0,2.0,Null,2005/2006,YORK ROAD,MARAEKAKAHO ROAD,Minor Crash,No,2005,North,0.0,,Flat,,,,,Overcast,1469905.0,1.0,0.0,0.0,2.0,0.0,,,Hawke's Bay Region,Nil,2-way,Sealed,0.0,0.0,,70.0,,Null,0.0,0.0,,30.0,Hastings District,Give way,,,,,0.0,0.0,Urban,0.0,,,Fine
355752,1936539.0,5608612.0,545722.0,0.0,0.0,1.0,South,2016/2017,LAWN ROAD,MILL ROAD,Non-Injury Crash,No,2017,South,0.0,0.0,Flat,0.0,,0.0,0.0,Bright sun,1406501.0,0.0,0.0,0.0,2.0,0.0,0.0,,Hawke's Bay Region,Nil,2-way,Sealed,0.0,0.0,0.0,100.0,0.0,Null,0.0,0.0,,30.0,Hastings District,Unknown,0.0,0.0,0.0,0.0,0.0,0.0,Open,0.0,0.0,0.0,Fine
648579,1930998.0,5632467.0,545812.0,0.0,0.0,1.0,North,2005/2006,SH 5,HILL ROAD,Non-Injury Crash,Yes,2005,South,0.0,1.0,Flat,0.0,,0.0,0.0,Dark,1414200.0,0.0,0.0,0.0,2.0,0.0,0.0,,Hawke's Bay Region,Nil,2-way,Sealed,0.0,0.0,0.0,100.0,0.0,None,0.0,0.0,,30.0,Hastings District,Nil,0.0,0.0,0.0,0.0,0.0,0.0,Open,0.0,0.0,0.0,Fine
266529,1930500.1146,5606381.3442,547600.0,0.0,0.0,1.0,South,2018/2019,FREDERICK STREET WEST,TOMOANA ROAD,Non-Injury Crash,No,2018,North,0.0,,Flat,,,,,Overcast,1483800.0,0.0,0.0,0.0,3.0,0.0,,,Hawke's Bay Region,Nil,2-way,Sealed,0.0,0.0,,50.0,,Off,0.0,0.0,,30.0,Hastings District,Nil,,,,,1.0,0.0,Urban,0.0,,,Light rain
390716,1923285.6488,5610749.8682,545710.0,0.0,0.0,1.0,South,2019/2020,SH 50,GORDON STREET,Non-Injury Crash,Yes,2020,North,0.0,0.0,Flat,0.0,,0.0,0.0,Dark,1469703.0,0.0,0.0,0.0,2.0,0.0,0.0,,Hawke's Bay Region,Nil,2-way,Sealed,0.0,0.0,0.0,50.0,0.0,Off,0.0,0.0,,30.0,Hastings District,Nil,0.0,0.0,0.0,0.0,0.0,0.0,Urban,0.0,0.0,0.0,Fine
317237,1926563.0,5607984.0,545710.0,0.0,0.0,1.0,East,2003/2004,OMAHU ROAD,HENDERSON ROAD,Non-Injury Crash,No,2004,West,0.0,,Flat,,,,,Bright sun,1470900.0,0.0,1.0,0.0,2.0,0.0,,,Hawke's Bay Region,Nil,2-way,Sealed,0.0,0.0,,50.0,,Null,0.0,0.0,,30.0,Hastings District,Nil,,,,,0.0,0.0,Urban,0.0,,,Fine
699218,1929459.0,5605391.0,548200.0,0.0,0.0,1.0,West,2003/2004,HERETAUNGA ST WEST,SOUTHLAND ROAD,Minor Crash,No,2004,East,0.0,,Flat,,,,,Dark,1490100.0,1.0,0.0,0.0,2.0,0.0,,,Hawke's Bay Region,Nil,2-way,Sealed,0.0,0.0,,50.0,,On,0.0,0.0,,30.0,Hastings District,Nil,,,,,0.0,0.0,Urban,1.0,,,Fine
160243,1934591.0,5641234.0,545811.0,0.0,0.0,0.0,North,2003/2004,SH 2,TE NGARU BR,Minor Crash,Yes,2003,South,0.0,0.0,Hill Road,1.0,,0.0,0.0,Overcast,1415600.0,1.0,0.0,0.0,2.0,0.0,0.0,,Hawke's Bay Region,Nil,2-way,Sealed,0.0,0.0,0.0,100.0,0.0,Null,0.0,0.0,,30.0,Hastings District,Nil,0.0,0.0,0.0,1.0,1.0,0.0,Open,0.0,0.0,1.0,Fine