OBJECTID,X,Y,areaUnitID,bicycle,bus,carStationWagon,crashDirectionDescription,crashFinancialYear,crashLocation1,crashLocation2,crashSeverity,crashSHDescription,crashYear,directionRoleDescription,fatalCount,fence,flatHill,guardRail,holiday,houseOrBuilding,kerb,light,meshblockId,minorInjuryCount,moped,motorcycle,NumberOfLanes,otherVehicleType,parkedVehicle,pedestrian,region,roadCharacter,roadLane,roadSurface,schoolBus,seriousInjuryCount,slipOrFlood,speedLimit,strayAnimal,streetLight,suv,taxi,temporarySpeedLimit,tlaId,tlaName,trafficControl,trafficIsland,trafficSign,train,tree,truck,unknownVehicleType,urban,vanOrUtility,vehicle,waterRiver,weatherA
683186,1930063.1506,5602947.6763,548300.0,0.0,0.0,0.0,Null,2019/2020,COPLEAND ROAD,NORTON ROAD,Minor Crash,No,2020,South,0.0,,Flat,,,,,Twilight,1504700.0,1.0,1.0,0.0,2.0,0.0,,,Hawke's Bay Region,Nil,2-way,Sealed,0.0,0.0,,50.0,,Off,0.0,0.0,,30.0,Hastings District,Nil,,,,,0.0,0.0,Urban,0.0,,,Fine
524216,1932032.0,5606171.0,545721.0,0.0,0.0,1.0,Null,2007/2008,SH 2,ELWOOD ROAD,Non-Injury Crash,Yes,2008,East,0.0,,Flat,,,,,Bright sun,1472403.0,0.0,0.0,0.0,2.0,0.0,,,Hawke's Bay Region,Nil,2-way,Sealed,0.0,0.0,,70.0,,Null,0.0,0.0,,30.0,Hastings District,Give way,,,,,0.0,0.0,Urban,1.0,,,Fine
262870,1931674.0,5604268.0,548100.0,0.0,0.0,1.0,South,2004/2005,WINDSOR AVENUE,BEATSON ROAD,Non-Injury Crash,No,2004,North,0.0,1.0,Flat,0.0,,0.0,0.0,Dark,1500200.0,0.0,0.0,0.0,2.0,0.0,0.0,,Hawke's Bay Region,Nil,2-way,Sealed,0.0,0.0,0.0,50.0,0.0,On,0.0,0.0,,30.0,Hastings District,Nil,1.0,1.0,0.0,0.0,0.0,0.0,Urban,0.0,0.0,0.0,Light rain
191172,1925315.4256,5607871.2905,548611.0,0.0,0.0,1.0,South,2018/2019,MARGATE AVENUE,Yarmouth Road,Minor Crash,No,2019,East,0.0,0.0,Flat,0.0,,0.0,0.0,Dark,1473807.0,1.0,0.0,0.0,2.0,0.0,1.0,,Hawke's Bay Region,Nil,2-way,Sealed,0.0,0.0,0.0,50.0,0.0,On,1.0,0.0,,30.0,Hastings District,Nil,0.0,0.0,0.0,0.0,0.0,0.0,Urban,0.0,0.0,0.0,Fine
1940,1930096.0,5604593.0,548200.0,0.0,0.0,2.0,South,2002/2003,Z CPK NEW WORLD,HERETAUNGA /SH 2,Non-Injury Crash,No,2002,West,0.0,0.0,Flat,0.0,,0.0,0.0,Bright sun,1493900.0,0.0,0.0,0.0,0.0,0.0,1.0,,Hawke's Bay Region,Nil,Off road,Sealed,0.0,0.0,0.0,50.0,0.0,Null,0.0,0.0,,30.0,Hastings District,Nil,0.0,0.0,0.0,0.0,0.0,0.0,Urban,0.0,0.0,0.0,Fine
179648,1929743.0,5605016.0,548200.0,0.0,0.0,1.0,Null,2008/2009,MARKET ST SOUTH,HERETAUNGA ST WEST,Non-Injury Crash,No,2008,North,0.0,0.0,Flat,0.0,,0.0,0.0,Dark,1491700.0,0.0,0.0,0.0,2.0,0.0,1.0,,Hawke's Bay Region,Nil,2-way,Sealed,0.0,0.0,0.0,50.0,0.0,On,0.0,0.0,,30.0,Hastings District,Give way,0.0,0.0,0.0,0.0,0.0,0.0,Urban,1.0,0.0,0.0,Fine
582227,1929278.0,5605642.0,547700.0,0.0,0.0,2.0,South,2003/2004,Z CPK,HERETAUNGA/MCLEAN,Non-Injury Crash,No,2004,South,0.0,,Flat,,,,,Bright sun,1487900.0,0.0,0.0,0.0,0.0,0.0,,,Hawke's Bay Region,Nil,Off road,Sealed,0.0,0.0,,50.0,,Null,0.0,0.0,,30.0,Hastings District,Nil,,,,,0.0,0.0,Urban,0.0,,,Fine
658937,1930554.0,5605267.0,548200.0,0.0,0.0,1.0,South,2000/2001,KARAMU ROAD NORTH,ALEXANDRA ST,Non-Injury Crash,No,2001,South,0.0,,Flat,,,,,Overcast,1494100.0,0.0,0.0,0.0,2.0,0.0,,,Hawke's Bay Region,Nil,2-way,Sealed,0.0,0.0,,50.0,,Null,0.0,0.0,,30.0,Hastings District,Nil,,,,,0.0,0.0,Urban,1.0,,,Fine
136851,1927876.0,5607157.0,547800.0,0.0,0.0,0.0,Null,2007/2008,OMAHU ROAD,STONYCROFT ST,Non-Injury Crash,No,2007,East,0.0,0.0,Flat,0.0,,0.0,0.0,Bright sun,1476600.0,0.0,0.0,0.0,2.0,0.0,0.0,,Hawke's Bay Region,Nil,2-way,Sealed,0.0,0.0,0.0,50.0,0.0,Null,1.0,0.0,,30.0,Hastings District,Give way,0.0,0.0,0.0,0.0,0.0,0.0,Urban,0.0,0.0,0.0,Light rain
273916,1907648.0,5676387.0,545911.0,0.0,0.0,1.0,South,2011/2012,SH 5,POHOKURA ROAD EAST,Non-Injury Crash,Yes,2012,North,0.0,0.0,Flat,0.0,,0.0,0.0,Overcast,1281200.0,0.0,0.0,0.0,2.0,0.0,0.0,,Hawke's Bay Region,Nil,2-way,Sealed,0.0,0.0,0.0,100.0,0.0,Null,0.0,0.0,,30.0,Hastings District,Nil,0.0,0.0,0.0,0.0,0.0,0.0,Open,0.0,0.0,0.0,Light rain
233968,1938260.0,5608259.0,545740.0,0.0,0.0,1.0,Null,1999/2000,PARKHILL ROAD,HAUMOANA ROAD,Non-Injury Crash,No,2000,West,0.0,,Flat,,,,,Twilight,1407300.0,0.0,0.0,0.0,2.0,0.0,,,Hawke's Bay Region,Nil,2-way,Sealed,0.0,0.0,,100.0,,Off,0.0,0.0,,30.0,Hastings District,Nil,,,,,0.0,0.0,Open,1.0,,,Fine
397289,1929370.0,5614221.0,545831.0,0.0,0.0,2.0,South,2011/2012,SH 50,LINKS ROAD,Non-Injury Crash,Yes,2011,West,0.0,,Flat,,,,,Bright sun,1409400.0,0.0,0.0,0.0,2.0,0.0,,,Hawke's Bay Region,Nil,2-way,Sealed,0.0,0.0,,70.0,,Null,0.0,0.0,,30.0,Hastings District,Nil,,,,,0.0,0.0,Urban,0.0,,,Fine
110201,1936199.0,5611045.0,545730.0,0.0,0.0,2.0,East,2016/2017,SH 2,TUCKER LANE,Minor Crash,Yes,2016,East,0.0,0.0,Flat,0.0,,0.0,0.0,Bright sun,1405500.0,1.0,0.0,0.0,2.0,0.0,1.0,,Hawke's Bay Region,Nil,2-way,Sealed,0.0,0.0,0.0,50.0,0.0,Null,0.0,0.0,,30.0,Hastings District,Unknown,0.0,0.0,0.0,0.0,0.0,0.0,Urban,0.0,0.0,0.0,Fine
198636,1935912.0,5607874.0,545722.0,0.0,0.0,1.0,East,2010/2011,LAWN ROAD,TE MATA MANGATERETERE ROA,Serious Crash,No,2010,East,0.0,0.0,Flat,0.0,,0.0,0.0,Bright sun,1406501.0,2.0,0.0,0.0,2.0,0.0,0.0,,Hawke's Bay Region,Nil,2-way,Sealed,0.0,2.0,0.0,100.0,0.0,Null,0.0,0.0,,30.0,Hastings District,Nil,0.0,0.0,0.0,0.0,1.0,0.0,Open,0.0,0.0,0.0,Fine
212193,1926351.0,5606200.0,545761.0,0.0,0.0,1.0,North,2005/2006,YORK ROAD,SH 50A,Non-Injury Crash,No,2006,South,0.0,0.0,Flat,0.0,,0.0,0.0,Dark,1469905.0,0.0,0.0,0.0,2.0,0.0,0.0,,Hawke's Bay Region,Nil,2-way,Sealed,0.0,0.0,0.0,100.0,0.0,None,0.0,0.0,,30.0,Hastings District,Nil,0.0,0.0,0.0,0.0,0.0,0.0,Open,0.0,0.0,0.0,Mist or Fog
199025,1924785.0,5637587.0,545811.0,0.0,0.0,1.0,South,2004/2005,SH 5,GLENGARRY ROAD,Non-Injury Crash,Yes,2004,North,0.0,0.0,Hill Road,1.0,,0.0,0.0,Overcast,1414800.0,0.0,0.0,0.0,3.0,0.0,0.0,,Hawke's Bay Region,Nil,2-way,Sealed,0.0,0.0,0.0,100.0,0.0,Null,0.0,0.0,,30.0,Hastings District,Nil,0.0,0.0,0.0,1.0,0.0,0.0,Open,0.0,0.0,0.0,Light rain
235738,1927574.4717,5607438.7766,548400.0,0.0,0.0,0.0,Null,2018/2019,OMAHU ROAD,HAWKES BAY EXPRESSWAY,Non-Injury Crash,No,2019,South,0.0,,Flat,,,,,Bright sun,1473500.0,0.0,0.0,0.0,2.0,0.0,,,Hawke's Bay Region,Nil,1-way,Sealed,0.0,0.0,,100.0,,Off,2.0,0.0,,30.0,Hastings District,Give way,,,,,0.0,0.0,Open,0.0,,,Fine
178833,1929993.0,5604885.0,548200.0,0.0,0.0,1.0,Null,2014/2015,QUEEN ST EAST,KARAMU ROAD NORTH,Non-Injury Crash,No,2014,South,0.0,0.0,Flat,0.0,,0.0,0.0,Overcast,1492800.0,0.0,0.0,0.0,2.0,0.0,1.0,,Hawke's Bay Region,Nil,2-way,Sealed,0.0,0.0,0.0,50.0,0.0,Off,0.0,0.0,,30.0,Hastings District,Give way,0.0,0.0,0.0,0.0,1.0,0.0,Urban,0.0,0.0,0.0,Fine
145922,1922702.0,5609941.0,545710.0,0.0,0.0,1.0,Null,2011/2012,SH 50,MERE ROAD,Non-Injury Crash,Yes,2011,South,0.0,,Flat,,,,,Bright sun,1469703.0,0.0,0.0,0.0,2.0,0.0,,,Hawke's Bay Region,Nil,2-way,Sealed,0.0,0.0,,100.0,,Null,0.0,0.0,,30.0,Hastings District,Stop,,,,,0.0,0.0,Open,1.0,,,Fine
470393,1902540.0,5599008.0,545841.0,0.0,0.0,1.0,South,2013/2014,SH 50,GLENCOE STATION ROAD,Non-Injury Crash,Yes,2013,North,0.0,0.0,Hill Road,0.0,,0.0,0.0,Dark,1462600.0,0.0,0.0,0.0,2.0,0.0,0.0,,Hawke's Bay Region,Nil,2-way,Sealed,0.0,0.0,0.0,100.0,0.0,None,0.0,0.0,,30.0,Hastings District,Nil,0.0,0.0,0.0,0.0,0.0,0.0,Open,0.0,0.0,0.0,Light rain
271066,1929901.0,5605917.0,548200.0,0.0,0.0,2.0,North,2006/2007,FITZROY AVENUE,ROBERTS ST,Non-Injury Crash,No,2007,West,0.0,0.0,Flat,0.0,,0.0,0.0,Dark,1490500.0,0.0,0.0,0.0,2.0,0.0,1.0,,Hawke's Bay Region,Nil,2-way,Sealed,0.0,0.0,0.0,50.0,0.0,On,0.0,0.0,,30.0,Hastings District,Nil,0.0,0.0,0.0,0.0,0.0,0.0,Urban,0.0,0.0,0.0,Light rain
694640,1933134.0,5602321.0,548831.0,0.0,0.0,2.0,Null,2003/2004,NAPIER ROAD,ST HILL LANE,Minor Crash,No,2003,South,0.0,0.0,Flat,0.0,,0.0,0.0,Bright sun,1509100.0,1.0,0.0,0.0,2.0,0.0,0.0,,Hawke's Bay Region,Nil,2-way,Sealed,0.0,0.0,0.0,50.0,0.0,Null,0.0,0.0,,30.0,Hastings District,Give way,0.0,1.0,0.0,0.0,0.0,0.0,Urban,0.0,0.0,0.0,Fine
107133,1931613.0,5608421.0,545710.0,1.0,0.0,1.0,Null,2003/2004,PAKOWHAI ROAD,ELWOOD ROAD,Non-Injury Crash,No,2004,West,0.0,,Flat,,,,,Twilight,1471100.0,0.0,0.0,0.0,2.0,0.0,,,Hawke's Bay Region,Nil,2-way,Sealed,0.0,0.0,,100.0,,None,0.0,0.0,,30.0,Hastings District,Give way,,,,,0.0,0.0,Open,0.0,,,Fine
34648,1931218.0,5613364.0,545832.0,0.0,0.0,1.0,East,2013/2014,PAKOWHAI ROAD,ALLEN ROAD,Non-Injury Crash,No,2014,North,0.0,,Flat,,,,,Bright sun,1403900.0,0.0,0.0,0.0,2.0,0.0,,,Hawke's Bay Region,Nil,2-way,Sealed,0.0,0.0,,80.0,,Null,0.0,0.0,,30.0,Hastings District,Unknown,,,,,1.0,0.0,Open,0.0,,,Fine
525154,1930363.0,5607697.0,545710.0,0.0,0.0,0.0,North,2018/2019,EVENDEN ROAD,PAKOWHAI ROAD,Non-Injury Crash,No,2018,South,0.0,,Flat,,,,,Overcast,1471100.0,0.0,0.0,0.0,2.0,0.0,,,Hawke's Bay Region,Nil,2-way,Sealed,0.0,0.0,,50.0,,Null,1.0,0.0,,30.0,Hastings District,Unknown,,,,,0.0,0.0,Urban,1.0,,,Fine
78384,1930935.0,5613540.0,545831.0,0.0,0.0,2.0,Null,2000/2001,SH 50A,SH 50,Non-Injury Crash,Yes,2000,North,0.0,,Flat,,,,,Overcast,1404600.0,0.0,0.0,0.0,4.0,0.0,,,Hawke's Bay Region,Nil,2-way,Sealed,0.0,0.0,,100.0,,Null,0.0,0.0,,30.0,Hastings District,Give way,,,,,0.0,0.0,Open,0.0,,,Fine
167071,1925723.0,5608329.0,545710.0,0.0,0.0,0.0,West,2001/2002,OMAHU ROAD,CHATHAM ROAD,Non-Injury Crash,No,2002,West,0.0,,Flat,,,,,Bright sun,1470900.0,0.0,0.0,0.0,2.0,0.0,,,Hawke's Bay Region,Nil,2-way,Sealed,0.0,0.0,,70.0,,Null,0.0,0.0,,30.0,Hastings District,Nil,,,,,2.0,0.0,Urban,0.0,,,Fine
498743,1929604.7812,5609418.6978,545710.0,0.0,0.0,1.0,North,2018/2019,ORMOND ROAD,EVENDEN ROAD,Non-Injury Crash,No,2019,North,0.0,0.0,Flat,0.0,,0.0,0.0,Overcast,1471100.0,0.0,0.0,0.0,2.0,0.0,0.0,,Hawke's Bay Region,Nil,2-way,Sealed,0.0,0.0,0.0,100.0,0.0,None,0.0,0.0,,30.0,Hastings District,Unknown,0.0,0.0,0.0,0.0,0.0,0.0,Open,0.0,0.0,0.0,Fine
690459,1901292.0,5598636.0,545841.0,0.0,0.0,1.0,West,2010/2011,SH 50,GLENCOE STATION ROAD,Non-Injury Crash,Yes,2011,East,0.0,1.0,Hill Road,0.0,,0.0,0.0,Overcast,1462600.0,0.0,0.0,0.0,2.0,0.0,0.0,,Hawke's Bay Region,Nil,2-way,Sealed,0.0,0.0,0.0,50.0,0.0,Null,0.0,0.0,,30.0,Hastings District,Nil,0.0,0.0,0.0,0.0,0.0,0.0,Urban,0.0,0.0,0.0,Light rain
684811,1936262.0,5611934.0,545832.0,0.0,0.0,1.0,North,2011/2012,SH 2,FARNDON ROAD,Minor Crash,Yes,2011,North,0.0,1.0,Flat,0.0,Christmas New Year,0.0,0.0,Dark,1404200.0,1.0,0.0,0.0,4.0,0.0,0.0,,Hawke's Bay Region,Nil,2-way,Sealed,0.0,0.0,0.0,100.0,0.0,None,0.0,0.0,,30.0,Hastings District,Nil,0.0,0.0,0.0,1.0,0.0,0.0,Open,1.0,0.0,0.0,Light rain
43222,1929090.0,5605275.0,548200.0,1.0,0.0,1.0,Null,2016/2017,CHARLES ST,SOUTHAMPTON ST WEST,Minor Crash,No,2017,North,0.0,,Flat,,Easter,,,Overcast,1488500.0,1.0,0.0,0.0,2.0,0.0,,,Hawke's Bay Region,Nil,2-way,Sealed,0.0,0.0,,50.0,,Null,0.0,0.0,,30.0,Hastings District,Give way,,,,,0.0,0.0,Urban,0.0,,,Fine
107679,1926501.0,5620960.0,545821.0,0.0,0.0,1.0,North,2013/2014,PUKETAPU ROAD,DARTMOOR ROAD,Serious Crash,No,2014,East,0.0,1.0,Hill Road,0.0,,0.0,0.0,Overcast,1411400.0,1.0,0.0,0.0,2.0,0.0,0.0,,Hawke's Bay Region,Nil,2-way,Sealed,0.0,1.0,0.0,100.0,0.0,None,0.0,0.0,,30.0,Hastings District,Nil,0.0,0.0,0.0,1.0,0.0,0.0,Open,0.0,0.0,0.0,Light rain
187625,1906251.0,5603840.0,545841.0,0.0,0.0,1.0,North,2011/2012,SH 50,SALISBURY ROAD,Non-Injury Crash,Yes,2012,North,0.0,0.0,Flat,0.0,,0.0,0.0,Bright sun,1462700.0,0.0,0.0,0.0,2.0,0.0,0.0,,Hawke's Bay Region,Nil,2-way,Sealed,0.0,0.0,0.0,100.0,0.0,Null,0.0,0.0,,30.0,Hastings District,Nil,0.0,0.0,0.0,0.0,0.0,0.0,Open,0.0,0.0,0.0,Fine
267823,1929603.1503,5604599.9527,548300.0,0.0,0.0,1.0,Null,2018/2019,SOUTHAMPTON STREET EAST,KARAMU ROAD SOUTH,Non-Injury Crash,No,2019,South,0.0,,Flat,,,,,Twilight,1503100.0,0.0,0.0,0.0,2.0,0.0,,,Hawke's Bay Region,Nil,2-way,Sealed,0.0,0.0,,50.0,,On,0.0,0.0,,30.0,Hastings District,Stop,,,,,0.0,0.0,Urban,1.0,,,Light rain
736301,1930876.0,5604104.0,548100.0,0.0,0.0,2.0,Null,1999/2000,ST AUBYN ST EAST,PARK ROAD NORTH,Non-Injury Crash,No,2000,East,0.0,,Flat,,,,,Dark,1501300.0,0.0,0.0,0.0,2.0,0.0,,,Hawke's Bay Region,Nil,2-way,Sealed,0.0,0.0,,50.0,,On,0.0,0.0,,30.0,Hastings District,Give way,,,,,0.0,0.0,Urban,0.0,,,Light rain
320089,1936458.0,5609908.0,545730.0,0.0,0.0,2.0,Null,2010/2011,MILL ROAD,RICHMOND ROAD,Serious Crash,No,2011,South,0.0,,Flat,,,,,Overcast,1405403.0,1.0,0.0,0.0,2.0,0.0,,,Hawke's Bay Region,Nil,2-way,Sealed,0.0,4.0,,100.0,,Null,0.0,0.0,,30.0,Hastings District,Stop,,,,,0.0,0.0,Open,0.0,,,Light rain
272280,1929851.0,5605477.0,548200.0,0.0,0.0,2.0,Null,2002/2003,ST AUBYN ST WEST,NELSON ST NORTH,Minor Crash,No,2002,North,0.0,1.0,Flat,0.0,,0.0,0.0,Bright sun,1491000.0,2.0,0.0,0.0,4.0,0.0,0.0,,Hawke's Bay Region,Nil,2-way,Sealed,0.0,0.0,0.0,50.0,0.0,Null,0.0,0.0,,30.0,Hastings District,Traffic Signals,0.0,0.0,0.0,0.0,0.0,0.0,Urban,0.0,0.0,0.0,Fine
173583,1928285.0,5606282.0,548500.0,0.0,0.0,2.0,North,2010/2011,ORCHARD ROAD,MCLEOD ST,Non-Injury Crash,No,2010,South,0.0,,Flat,,,,,Bright sun,1478700.0,0.0,0.0,0.0,2.0,0.0,,,Hawke's Bay Region,Nil,2-way,Sealed,0.0,0.0,,50.0,,Null,0.0,0.0,,30.0,Hastings District,Nil,,,,,0.0,0.0,Urban,0.0,,,Fine
569035,1928475.0,5604385.0,547900.0,0.0,0.0,1.0,West,2003/2004,MONTGOMERY ST,MONTGOMERY PLACE,Minor Crash,No,2004,East,0.0,,Flat,,,,,Twilight,1482300.0,1.0,0.0,0.0,2.0,0.0,,1.0,Hawke's Bay Region,Nil,2-way,Sealed,0.0,0.0,,50.0,,None,0.0,0.0,,30.0,Hastings District,Nil,,,,,0.0,0.0,Urban,0.0,,,Fine
369899,1930671.0,5606104.0,547600.0,0.0,0.0,1.0,Null,2004/2005,NELSON ST NORTH,FREDERICK ST,Non-Injury Crash,No,2005,North,0.0,,Flat,,,,,Bright sun,1483700.0,0.0,0.0,0.0,2.0,0.0,,,Hawke's Bay Region,Nil,2-way,Sealed,0.0,0.0,,50.0,,Null,0.0,0.0,,30.0,Hastings District,Give way,,,,,0.0,0.0,Urban,0.0,,,Fine
664204,1933345.0,5601985.0,548831.0,0.0,0.0,2.0,South,2002/2003,TE MATA ROAD,DANVERS ST,Non-Injury Crash,No,2003,West,0.0,,Hill Road,,,,,Bright sun,1509900.0,0.0,0.0,0.0,2.0,0.0,,,Hawke's Bay Region,Nil,2-way,Sealed,0.0,0.0,,50.0,,Null,0.0,0.0,,30.0,Hastings District,Give way,,,,,0.0,0.0,Urban,0.0,,,Fine
647082,1923055.3067,5611789.4712,545822.0,0.0,0.0,1.0,Null,2019/2020,KOROKIPO ROAD,TAIHAPE ROAD,Non-Injury Crash,Yes,2019,North,0.0,,Flat,,Christmas New Year,,,Overcast,1409300.0,0.0,0.0,0.0,2.0,0.0,,,Hawke's Bay Region,Nil,2-way,Sealed,0.0,0.0,,50.0,,Off,0.0,0.0,,30.0,Hastings District,Give way,,,,,0.0,0.0,Urban,1.0,,,Fine
335050,1928863.0,5599688.0,545852.0,0.0,0.0,1.0,East,2014/2015,MOUNT ERIN ROAD,CRYSTALL ROAD,Non-Injury Crash,No,2015,South,0.0,1.0,Flat,0.0,,0.0,0.0,Bright sun,1465700.0,0.0,0.0,0.0,1.0,0.0,0.0,,Hawke's Bay Region,Nil,2-way,Sealed,0.0,0.0,0.0,100.0,0.0,Null,0.0,0.0,,30.0,Hastings District,Nil,0.0,0.0,0.0,0.0,0.0,0.0,Open,0.0,0.0,0.0,Fine
409930,1925050.0,5606900.0,548620.0,0.0,0.0,2.0,Null,2002/2003,Z CPK FLAXMERE VILLAGE,SWANSEA/HENDERSON,Non-Injury Crash,No,2003,North,0.0,,Flat,,,,,Overcast,1473700.0,0.0,0.0,0.0,0.0,0.0,,,Hawke's Bay Region,Nil,Off road,Sealed,0.0,0.0,,50.0,,Null,0.0,0.0,,30.0,Hastings District,Nil,,,,,0.0,0.0,Urban,0.0,,,Fine
168559,1931039.0,5605564.0,548000.0,0.0,0.0,2.0,Null,2006/2007,KARUMU ROAD NORTH,FREDERICK ST,Non-Injury Crash,No,2006,East,0.0,,Flat,,,,,Bright sun,1497100.0,0.0,0.0,0.0,2.0,0.0,,,Hawke's Bay Region,Nil,2-way,Sealed,0.0,0.0,,50.0,,Null,0.0,0.0,,30.0,Hastings District,Traffic Signals,,,,,0.0,0.0,Urban,0.0,,,Fine
676902,1932472.0,5601614.0,548810.0,1.0,0.0,0.0,Null,2018/2019,PORTER DRIVE,TE AUTE ROAD,Minor Crash,No,2018,North,0.0,,Flat,,,,,Bright sun,1505700.0,1.0,0.0,0.0,2.0,0.0,,,Hawke's Bay Region,Nil,2-way,Sealed,0.0,0.0,,50.0,,Null,1.0,0.0,,30.0,Hastings District,Give way,,,,,0.0,0.0,Urban,0.0,,,Fine
499676,1929789.0,5604111.0,548300.0,0.0,0.0,2.0,North,2009/2010,MASSEY ST,WILLOWPARK ROAD SOUTH,Non-Injury Crash,No,2010,North,0.0,0.0,Flat,0.0,,0.0,0.0,Overcast,1503600.0,0.0,0.0,0.0,1.0,0.0,1.0,,Hawke's Bay Region,Nil,2-way,Unsealed,0.0,0.0,0.0,50.0,0.0,Null,0.0,0.0,,30.0,Hastings District,Nil,0.0,0.0,0.0,0.0,0.0,0.0,Urban,0.0,0.0,0.0,Light rain
615479,1930060.0,5604602.0,548200.0,1.0,0.0,0.0,Null,2001/2002,HASTINGS ST NORTH,HERETAUNGA ST EAST,Minor Crash,No,2002,South,0.0,,Flat,,,,,Overcast,1493900.0,1.0,0.0,0.0,2.0,0.0,,,Hawke's Bay Region,Nil,2-way,Sealed,0.0,0.0,,50.0,,Null,0.0,0.0,,30.0,Hastings District,Give way,,,,,1.0,0.0,Urban,0.0,,,Fine
302023,1931051.0,5605004.0,548000.0,0.0,0.0,2.0,North,2004/2005,WILLOWPARK ROAD NORTH,JERVOIS ST,Non-Injury Crash,No,2004,South,0.0,,Flat,,,,,Overcast,1497600.0,0.0,0.0,0.0,2.0,0.0,,,Hawke's Bay Region,Nil,2-way,Sealed,0.0,0.0,,50.0,,Null,0.0,0.0,,30.0,Hastings District,Nil,,,,,0.0,0.0,Urban,0.0,,,Fine
740676,1942979.0,5644713.0,545811.0,0.0,0.0,1.0,East,2006/2007,AROPAOANUI ROAD,SH 2,Non-Injury Crash,No,2007,East,0.0,,Hill Road,,,,,Bright sun,1415800.0,0.0,0.0,0.0,2.0,0.0,,,Hawke's Bay Region,Nil,2-way,Unsealed,0.0,0.0,,100.0,,Null,1.0,0.0,,30.0,Hastings District,Nil,,,,,0.0,0.0,Open,0.0,,,Fine
113570,1930510.0,5604594.0,548100.0,0.0,0.0,1.0,Null,2000/2001,ST AUBYN ST EAST,WILLOWPARK ROAD NORTH,Non-Injury Crash,No,2000,North,0.0,,Flat,,,,,Overcast,1500800.0,0.0,0.0,0.0,2.0,0.0,,,Hawke's Bay Region,Nil,2-way,Sealed,0.0,0.0,,50.0,,Null,0.0,0.0,,30.0,Hastings District,Give way,,,,,0.0,0.0,Urban,1.0,,,Light rain
409370,1931840.0,5605148.0,548000.0,0.0,0.0,1.0,East,2004/2005,COLLINGE ROAD,WILLOWPARK ROAD NORTH,Minor Crash,No,2005,East,0.0,,Flat,,,,,Overcast,1497000.0,1.0,0.0,0.0,2.0,0.0,,1.0,Hawke's Bay Region,Nil,2-way,Sealed,0.0,0.0,,50.0,,Null,0.0,0.0,,30.0,Hastings District,Nil,,,,,0.0,0.0,Urban,0.0,,,Fine
639851,1928452.0,5634359.0,545811.0,0.0,0.0,0.0,South,2008/2009,SH 5,ELLIS WALLACE ROAD,Minor Crash,Yes,2008,South,0.0,0.0,Hill Road,0.0,,0.0,0.0,Dark,1414700.0,1.0,0.0,0.0,2.0,0.0,0.0,,Hawke's Bay Region,Nil,2-way,Sealed,0.0,0.0,0.0,100.0,0.0,None,1.0,0.0,,30.0,Hastings District,Nil,0.0,0.0,0.0,0.0,0.0,0.0,Open,0.0,0.0,0.0,Fine
424076,1931688.0,5605956.0,545721.0,0.0,0.0,2.0,Null,2013/2014,SH 2,KENILWORTH ROAD,Non-Injury Crash,Yes,2013,West,0.0,,Flat,,,,,Bright sun,1471700.0,0.0,0.0,0.0,2.0,0.0,,,Hawke's Bay Region,Nil,2-way,Sealed,0.0,0.0,,50.0,,Null,0.0,0.0,,30.0,Hastings District,Give way,,,,,0.0,0.0,Urban,0.0,,,Fine
476734,1925108.0,5606955.0,548620.0,0.0,0.0,2.0,Null,2004/2005,Z CPK FLAXMERE VILLAGE,SWANSEA/HENDERSON,Non-Injury Crash,No,2005,North,0.0,,Flat,,,,,Bright sun,1473700.0,0.0,0.0,0.0,1.0,0.0,,,Hawke's Bay Region,Nil,Off road,Sealed,0.0,0.0,,50.0,,Null,0.0,0.0,,30.0,Hastings District,Nil,,,,,0.0,0.0,Urban,0.0,,,Fine
142952,1929787.0,5604875.0,548200.0,0.0,0.0,2.0,South,2016/2017,RUSSELL ST SOUTH,HERETAUNGA ST EAST,Non-Injury Crash,No,2016,South,0.0,,Flat,,,,,Bright sun,1492000.0,0.0,0.0,0.0,2.0,0.0,,,Hawke's Bay Region,Nil,2-way,Sealed,0.0,0.0,,50.0,,Null,0.0,0.0,,30.0,Hastings District,Unknown,,,,,0.0,0.0,Urban,0.0,,,Fine
584630,1908850.0,5628753.0,545821.0,0.0,0.0,1.0,North,2018/2019,WAIHAU ROAD,NGAROTO ROAD,Non-Injury Crash,No,2018,South,0.0,0.0,Hill Road,0.0,,0.0,0.0,Bright sun,1412300.0,0.0,0.0,0.0,2.0,0.0,0.0,,Hawke's Bay Region,Nil,2-way,Unsealed,0.0,0.0,0.0,100.0,0.0,Null,0.0,0.0,,30.0,Hastings District,Unknown,0.0,0.0,0.0,0.0,0.0,0.0,Open,0.0,0.0,0.0,Fine
621249,1929549.0,5604870.0,548200.0,0.0,0.0,2.0,Null,2005/2006,MARKET ST SOUTH,LYNDON ROAD WEST,Non-Injury Crash,No,2006,West,0.0,,Flat,,,,,Overcast,1489802.0,0.0,0.0,0.0,2.0,0.0,,,Hawke's Bay Region,Nil,2-way,Sealed,0.0,0.0,,50.0,,Null,0.0,0.0,,30.0,Hastings District,Give way,,,,,0.0,0.0,Urban,0.0,,,Fine