OBJECTID,X,Y,areaUnitID,bicycle,bus,carStationWagon,crashDirectionDescription,crashFinancialYear,crashLocation1,crashLocation2,crashSeverity,crashSHDescription,crashYear,directionRoleDescription,fatalCount,fence,flatHill,guardRail,holiday,houseOrBuilding,kerb,light,meshblockId,minorInjuryCount,moped,motorcycle,NumberOfLanes,otherVehicleType,parkedVehicle,pedestrian,region,roadCharacter,roadLane,roadSurface,schoolBus,seriousInjuryCount,slipOrFlood,speedLimit,strayAnimal,streetLight,suv,taxi,temporarySpeedLimit,tlaId,tlaName,trafficControl,trafficIsland,trafficSign,train,tree,truck,unknownVehicleType,urban,vanOrUtility,vehicle,waterRiver,weatherA
74143,1923151.0,5604054.0,545842.0,0.0,0.0,2.0,Null,2002/2003,MARAEKAKAHO ROAD,NGATARAWA ROAD,Minor Crash,No,2003,East,0.0,,Flat,,,,,Overcast,1470218.0,4.0,0.0,0.0,3.0,0.0,,,Hawke's Bay Region,Nil,2-way,Sealed,0.0,0.0,,100.0,,Null,0.0,0.0,,30.0,Hastings District,Give way,,,,,0.0,0.0,Open,0.0,,,Fine
591602,1922692.0,5651917.0,545911.0,0.0,0.0,1.0,East,2004/2005,OHURAKURA ROAD,CLAYMORE ROAD,Non-Injury Crash,No,2004,North,0.0,0.0,Flat,0.0,,0.0,0.0,Twilight,1415900.0,0.0,0.0,0.0,2.0,0.0,0.0,,Hawke's Bay Region,Nil,2-way,Unsealed,0.0,0.0,0.0,100.0,0.0,None,0.0,0.0,,30.0,Hastings District,Nil,0.0,0.0,0.0,0.0,0.0,0.0,Open,0.0,0.0,0.0,Fine
271260,1923786.0,5607356.0,548611.0,0.0,0.0,2.0,Null,2011/2012,DIAZ DRIVE,LIVINGSTONE ROAD,Non-Injury Crash,No,2011,North,0.0,,Flat,,,,,Overcast,1473901.0,0.0,0.0,0.0,2.0,0.0,,,Hawke's Bay Region,Nil,2-way,Sealed,0.0,0.0,,50.0,,Null,0.0,0.0,,30.0,Hastings District,Nil,,,,,0.0,0.0,Urban,0.0,,,Light rain
499952,1930876.0,5604104.0,548100.0,0.0,0.0,2.0,Null,2000/2001,ST AUBYN ST EAST,PARK ROAD NORTH,Non-Injury Crash,No,2000,North,0.0,,Flat,,,,,Bright sun,1501300.0,0.0,0.0,0.0,2.0,0.0,,,Hawke's Bay Region,Nil,2-way,Sealed,0.0,0.0,,50.0,,Null,0.0,0.0,,30.0,Hastings District,Give way,,,,,0.0,0.0,Urban,0.0,,,Fine
143172,1928687.0,5617978.0,545821.0,0.0,0.0,1.0,East,2016/2017,PUKETAPU ROAD,SPRINGFIELD ROAD,Non-Injury Crash,No,2016,West,0.0,,Hill Road,,,,,Dark,1410902.0,0.0,0.0,0.0,2.0,0.0,,,Hawke's Bay Region,Nil,2-way,Sealed,0.0,0.0,,50.0,,None,0.0,0.0,40.0,30.0,Hastings District,Unknown,,,,,0.0,0.0,Urban,1.0,,,Fine
254964,1930196.8075,5605047.8828,548200.0,0.0,0.0,1.0,Null,2019/2020,ST AUBYN STREET EAST,KARAMU ROAD NORTH,Minor Crash,No,2020,North,0.0,,Flat,,,,,Bright sun,1494100.0,1.0,0.0,0.0,4.0,0.0,,,Hawke's Bay Region,Nil,2-way,Sealed,0.0,0.0,,50.0,,Off,0.0,0.0,,30.0,Hastings District,Give way,,,,,0.0,0.0,Urban,1.0,,,Fine
385176,1929724.0,5605242.0,548200.0,0.0,0.0,2.0,West,2000/2001,QUEEN ST WEST,KING ST NORTH,Non-Injury Crash,No,2000,West,0.0,,Flat,,,,,Bright sun,1490800.0,0.0,0.0,0.0,2.0,0.0,,,Hawke's Bay Region,Nil,2-way,Sealed,0.0,0.0,,50.0,,Null,0.0,0.0,,30.0,Hastings District,Nil,,,,,0.0,0.0,Urban,0.0,,,Fine
10507,1911041.0,5604766.0,545841.0,0.0,0.0,1.0,East,2003/2004,SH 50,KERERU ROAD,Non-Injury Crash,Yes,2004,East,0.0,0.0,Flat,0.0,,0.0,0.0,Dark,1462800.0,0.0,0.0,0.0,2.0,0.0,0.0,,Hawke's Bay Region,Nil,2-way,Sealed,0.0,0.0,0.0,100.0,0.0,None,0.0,0.0,,30.0,Hastings District,Nil,0.0,0.0,0.0,0.0,0.0,0.0,Open,0.0,0.0,0.0,Heavy rain
337705,1934954.0,5610276.0,545832.0,0.0,0.0,0.0,North,2011/2012,FARNDON ROAD,KOHUPATIKI ROAD S,Fatal Crash,No,2011,South,1.0,0.0,Flat,0.0,,0.0,0.0,Bright sun,1404200.0,0.0,0.0,0.0,2.0,0.0,0.0,,Hawke's Bay Region,Nil,2-way,Sealed,0.0,0.0,0.0,100.0,0.0,Null,0.0,0.0,,30.0,Hastings District,Unknown,0.0,0.0,0.0,0.0,0.0,0.0,Open,1.0,0.0,0.0,Fine
700343,1929464.0,5605185.0,548200.0,0.0,0.0,2.0,Null,2006/2007,EASTBOURNE ST WEST,NELSON ST SOUTH,Non-Injury Crash,No,2006,West,0.0,,Flat,,,,,Overcast,1488900.0,0.0,0.0,0.0,2.0,0.0,,,Hawke's Bay Region,Nil,2-way,Sealed,0.0,0.0,,50.0,,Off,0.0,0.0,,30.0,Hastings District,Give way,,,,,0.0,0.0,Urban,0.0,,,Fine
424975,1930625.0,5605037.0,548200.0,0.0,0.0,1.0,Null,2018/2019,ALBERT ST,HASTINGS ST NORTH,Non-Injury Crash,No,2018,South,0.0,0.0,Flat,0.0,,0.0,0.0,Overcast,1494600.0,0.0,0.0,0.0,2.0,0.0,0.0,,Hawke's Bay Region,Nil,2-way,Sealed,0.0,0.0,0.0,50.0,0.0,Null,1.0,0.0,,30.0,Hastings District,Give way,0.0,0.0,0.0,0.0,0.0,0.0,Urban,0.0,0.0,0.0,Fine
304321,1930491.0,5605414.0,548200.0,0.0,0.0,1.0,South,2015/2016,ALEXANDRA CRESCENT,CAROLINE ROAD,Non-Injury Crash,No,2016,North,0.0,0.0,Flat,0.0,,0.0,0.0,Bright sun,1494300.0,0.0,0.0,0.0,2.0,0.0,1.0,,Hawke's Bay Region,Nil,2-way,Sealed,0.0,0.0,0.0,50.0,0.0,Null,0.0,0.0,,30.0,Hastings District,Unknown,0.0,0.0,0.0,0.0,0.0,0.0,Urban,1.0,0.0,0.0,Fine
590879,1924396.1927,5603651.9408,545842.0,0.0,0.0,1.0,Null,2019/2020,MARAEKAKAHO ROAD,STOCK ROAD,Minor Crash,No,2019,East,0.0,0.0,Flat,1.0,,0.0,0.0,Bright sun,1470218.0,8.0,0.0,0.0,2.0,0.0,0.0,,Hawke's Bay Region,Nil,2-way,Sealed,0.0,0.0,0.0,100.0,0.0,None,0.0,0.0,,30.0,Hastings District,Stop,0.0,0.0,0.0,0.0,0.0,0.0,Open,1.0,0.0,0.0,Fine
201066,1929871.0,5605087.0,548200.0,0.0,0.0,2.0,East,2003/2004,Z CPK WESTPAC,QUEEN W/MARKET S,Non-Injury Crash,No,2003,North,0.0,,Flat,,,,,Overcast,1491300.0,0.0,0.0,0.0,1.0,0.0,,,Hawke's Bay Region,Nil,Off road,Sealed,0.0,0.0,,50.0,,Null,0.0,0.0,,30.0,Hastings District,Nil,,,,,0.0,0.0,Urban,0.0,,,Light rain
205325,1933061.2912,5608355.2357,545722.0,0.0,0.0,1.0,South,2019/2020,TE ARA KAHIKATEA,WHAKATU ROAD,Non-Injury Crash,No,2019,East,0.0,0.0,Flat,1.0,,0.0,0.0,Bright sun,1405700.0,0.0,0.0,0.0,2.0,0.0,0.0,,Hawke's Bay Region,Rail xing,2-way,Sealed,0.0,0.0,0.0,80.0,0.0,Off,0.0,0.0,,30.0,Hastings District,Nil,0.0,0.0,0.0,0.0,0.0,0.0,Open,0.0,0.0,0.0,Fine
729084,1933924.0,5601978.0,548831.0,1.0,0.0,1.0,East,2012/2013,TE MATA ROAD,SIMLA AVENUE,Serious Crash,No,2012,North,0.0,,Flat,,,,,Bright sun,1510000.0,0.0,0.0,0.0,2.0,0.0,,,Hawke's Bay Region,Nil,2-way,Sealed,0.0,1.0,,50.0,,Null,0.0,0.0,,30.0,Hastings District,Nil,,,,,0.0,0.0,Urban,0.0,,,Fine
83648,1928955.0,5606058.0,547700.0,0.0,0.0,2.0,West,2002/2003,HERETAUNGA ST WEST,ALLERTON ST,Non-Injury Crash,No,2003,East,0.0,,Flat,,,,,Bright sun,1486000.0,0.0,0.0,0.0,2.0,0.0,,,Hawke's Bay Region,Nil,2-way,Sealed,0.0,0.0,,50.0,,Null,0.0,0.0,,30.0,Hastings District,Nil,,,,,0.0,0.0,Urban,0.0,,,Fine
348419,1936183.0,5611652.0,545832.0,0.0,0.0,1.0,Null,2017/2018,SH 2,FARNDON ROAD,Non-Injury Crash,Yes,2017,North,0.0,0.0,Flat,0.0,,0.0,0.0,Dark,1404200.0,0.0,0.0,0.0,2.0,0.0,0.0,,Hawke's Bay Region,Nil,2-way,Sealed,0.0,0.0,0.0,50.0,0.0,On,0.0,0.0,,30.0,Hastings District,Nil,1.0,0.0,0.0,0.0,0.0,0.0,Urban,0.0,0.0,0.0,Fine
541519,1930614.0,5603905.0,548100.0,0.0,0.0,2.0,Null,2006/2007,HERETAUNGA ST EAST,PARK ROAD SOUTH,Non-Injury Crash,No,2007,West,0.0,,Flat,,,,,Bright sun,1501200.0,0.0,0.0,0.0,2.0,0.0,,,Hawke's Bay Region,Nil,2-way,Sealed,0.0,0.0,,50.0,,Null,0.0,0.0,,30.0,Hastings District,Give way,,,,,0.0,0.0,Urban,0.0,,,Fine
619720,1928503.0,5606043.0,548500.0,0.0,0.0,2.0,Null,2005/2006,MARAEKAKAHO ROAD,SOUTHAMPTON ST WEST,Minor Crash,No,2006,South,0.0,,Flat,,,,,Bright sun,1479600.0,1.0,0.0,0.0,3.0,0.0,,,Hawke's Bay Region,Nil,2-way,Sealed,0.0,0.0,,50.0,,Null,0.0,0.0,,30.0,Hastings District,Traffic Signals,,,,,0.0,0.0,Urban,0.0,,,Fine
430288,1928555.0,5606497.0,548500.0,0.0,0.0,1.0,South,2009/2010,OMAHU ROAD,HAPUKA ST,Non-Injury Crash,No,2009,North,0.0,1.0,Flat,0.0,Christmas New Year,0.0,1.0,Dark,1478700.0,0.0,0.0,0.0,2.0,0.0,0.0,,Hawke's Bay Region,Nil,2-way,Sealed,0.0,0.0,0.0,50.0,0.0,On,0.0,0.0,,30.0,Hastings District,Nil,0.0,0.0,0.0,0.0,0.0,0.0,Urban,0.0,0.0,0.0,Fine
322297,1929715.0,5604852.0,548200.0,0.0,0.0,2.0,Null,2016/2017,EASTBOURNE ST WEST,RAILWAY ROAD,Non-Injury Crash,No,2017,North,0.0,,Flat,,,,,Overcast,1490000.0,0.0,0.0,0.0,2.0,0.0,,,Hawke's Bay Region,Nil,2-way,Sealed,0.0,0.0,,50.0,,Null,0.0,0.0,,30.0,Hastings District,Traffic Signals,,,,,0.0,0.0,Urban,0.0,,,Fine
341757,1932460.0,5601614.0,548810.0,0.0,0.0,1.0,Null,2018/2019,PORTER DRIVE,TE AUTE ROAD,Non-Injury Crash,No,2018,North,0.0,0.0,Flat,0.0,,0.0,0.0,Dark,1505700.0,0.0,0.0,0.0,2.0,0.0,0.0,,Hawke's Bay Region,Nil,2-way,Sealed,0.0,0.0,0.0,50.0,0.0,On,0.0,0.0,,30.0,Hastings District,Give way,0.0,0.0,0.0,0.0,0.0,0.0,Urban,0.0,0.0,0.0,Fine
153833,1923272.0,5596651.0,545851.0,0.0,0.0,1.0,South,2009/2010,SH 2,OLD MAIN ROAD,Minor Crash,Yes,2010,North,0.0,0.0,Flat,0.0,,0.0,0.0,Overcast,1463900.0,1.0,0.0,0.0,2.0,0.0,0.0,,Hawke's Bay Region,Nil,2-way,Sealed,0.0,0.0,0.0,100.0,0.0,Null,0.0,0.0,,30.0,Hastings District,Nil,0.0,1.0,0.0,0.0,0.0,0.0,Open,0.0,0.0,0.0,Fine
375280,1929756.0,5605231.0,548200.0,0.0,0.0,1.0,Null,2001/2002,Z CPK COUNTDOWN,KING/QUEEN,Non-Injury Crash,No,2001,North,0.0,0.0,Flat,0.0,,0.0,0.0,Overcast,1490800.0,0.0,0.0,0.0,1.0,0.0,1.0,,Hawke's Bay Region,Nil,Off road,Sealed,0.0,0.0,0.0,50.0,0.0,Null,0.0,0.0,,30.0,Hastings District,Nil,0.0,0.0,0.0,0.0,0.0,0.0,Urban,1.0,0.0,0.0,Fine
646008,1932202.0,5603282.0,545721.0,0.0,0.0,1.0,Null,2002/2003,ST GEORGES ROAD,ADA ST,Non-Injury Crash,No,2003,East,0.0,0.0,Flat,0.0,Queens Birthday,0.0,0.0,Dark,1472801.0,0.0,0.0,0.0,2.0,0.0,0.0,,Hawke's Bay Region,Nil,2-way,Sealed,0.0,0.0,0.0,100.0,0.0,On,0.0,0.0,,30.0,Hastings District,Give way,0.0,0.0,0.0,0.0,0.0,0.0,Open,0.0,0.0,0.0,Fine
158086,1929679.0,5606955.0,545710.0,1.0,0.0,0.0,Null,2002/2003,PAKOWHAI ROAD,DUKE ST,Minor Crash,No,2002,South,0.0,,Flat,,,,,Bright sun,1471300.0,1.0,0.0,0.0,2.0,0.0,,,Hawke's Bay Region,Nil,2-way,Sealed,0.0,0.0,,50.0,,Null,0.0,0.0,,30.0,Hastings District,Give way,,,,,0.0,0.0,Urban,1.0,,,Fine
70669,1914158.0,5656979.0,545911.0,0.0,0.0,0.0,South,2017/2018,SH 5,MOHAKA BR,Non-Injury Crash,Yes,2018,South,0.0,0.0,Hill Road,0.0,,0.0,0.0,Bright sun,1415900.0,0.0,0.0,0.0,3.0,0.0,0.0,,Hawke's Bay Region,Nil,2-way,Sealed,0.0,0.0,0.0,100.0,0.0,Null,0.0,0.0,,30.0,Hastings District,Unknown,0.0,0.0,0.0,0.0,0.0,0.0,Open,1.0,0.0,0.0,Fine
317811,1932598.0,5601661.0,548831.0,0.0,0.0,1.0,Null,2001/2002,NAPIER ROAD,HAVELOCK ROAD,Non-Injury Crash,No,2001,South,0.0,1.0,Flat,0.0,,0.0,0.0,Bright sun,1509700.0,0.0,0.0,0.0,2.0,0.0,0.0,,Hawke's Bay Region,Nil,2-way,Sealed,0.0,0.0,0.0,50.0,0.0,Null,0.0,0.0,,30.0,Hastings District,Give way,0.0,0.0,0.0,0.0,0.0,0.0,Urban,0.0,0.0,0.0,Fine
706223,1930080.0,5605172.0,548200.0,0.0,0.0,2.0,Null,2013/2014,ST AUBYN ST EAST,SIR JAMES WATTIE PLACE,Non-Injury Crash,No,2013,South,0.0,,Flat,,,,,Bright sun,1494100.0,0.0,0.0,0.0,4.0,0.0,,,Hawke's Bay Region,Nil,2-way,Sealed,0.0,0.0,,50.0,,Null,0.0,0.0,,30.0,Hastings District,Traffic Signals,,,,,0.0,0.0,Urban,0.0,,,Fine
55733,1926253.1358,5609924.1674,545710.0,0.0,0.0,0.0,South,2018/2019,TWYFORD ROAD,EVANS ROAD,Non-Injury Crash,No,2019,South,0.0,1.0,Flat,0.0,,0.0,0.0,Dark,1470600.0,0.0,0.0,0.0,2.0,0.0,0.0,,Hawke's Bay Region,Nil,2-way,Sealed,0.0,0.0,0.0,100.0,0.0,Null,0.0,0.0,,30.0,Hastings District,Unknown,0.0,1.0,0.0,0.0,0.0,0.0,Open,1.0,0.0,0.0,Light rain
62999,1923234.0,5596641.0,545851.0,0.0,0.0,0.0,West,2017/2018,SH 2,KENNELS CNR,Minor Crash,Yes,2018,East,0.0,,Flat,,,,,Overcast,1463900.0,1.0,0.0,0.0,2.0,0.0,,,Hawke's Bay Region,Nil,2-way,Sealed,0.0,0.0,,100.0,,Null,0.0,0.0,,30.0,Hastings District,Unknown,,,,,1.0,0.0,Open,0.0,,,Fine
368440,1915383.0,5655531.0,545911.0,0.0,0.0,1.0,East,2004/2005,SH 5,WAITARA ROAD,Non-Injury Crash,Yes,2005,West,0.0,0.0,Flat,0.0,,0.0,0.0,Bright sun,1415900.0,0.0,0.0,0.0,2.0,0.0,0.0,,Hawke's Bay Region,Nil,2-way,Sealed,0.0,0.0,0.0,100.0,0.0,Null,0.0,0.0,,30.0,Hastings District,Nil,0.0,0.0,0.0,0.0,0.0,0.0,Open,0.0,0.0,0.0,Fine
557435,1924500.0,5606836.0,548612.0,0.0,0.0,1.0,South,2003/2004,WALTON WAY,CHATHAM ROAD,Minor Crash,No,2003,South,0.0,,Flat,,,,,Bright sun,1474300.0,1.0,0.0,0.0,2.0,0.0,,1.0,Hawke's Bay Region,Nil,2-way,Sealed,0.0,0.0,,50.0,,Null,0.0,0.0,,30.0,Hastings District,Nil,,,,,0.0,0.0,Urban,0.0,,,Fine
393825,1927692.0,5601971.0,545852.0,0.0,0.0,1.0,West,2008/2009,LONGLANDS ROAD EAST,RIVERSLEA ROAD SOUTH,Non-Injury Crash,No,2008,East,0.0,0.0,Flat,0.0,,0.0,0.0,Twilight,1468700.0,0.0,0.0,0.0,2.0,0.0,0.0,,Hawke's Bay Region,Nil,2-way,Sealed,0.0,0.0,0.0,100.0,0.0,Off,0.0,0.0,,30.0,Hastings District,Nil,0.0,0.0,0.0,0.0,0.0,0.0,Open,0.0,0.0,0.0,Fine
226794,1929774.0,5604571.0,548200.0,0.0,0.0,1.0,Null,2003/2004,WARREN ST SOUTH,LYNDON ROAD EAST,Non-Injury Crash,No,2003,East,0.0,0.0,Flat,0.0,,0.0,0.0,Overcast,1493100.0,0.0,0.0,0.0,2.0,0.0,0.0,,Hawke's Bay Region,Nil,2-way,Sealed,0.0,0.0,0.0,50.0,0.0,Null,0.0,0.0,,30.0,Hastings District,Nil,1.0,1.0,0.0,0.0,0.0,0.0,Urban,0.0,0.0,0.0,Fine
671767,1927966.0,5606507.0,548500.0,0.0,0.0,1.0,Null,2003/2004,KIWI ST,LOWE ST,Non-Injury Crash,No,2004,East,0.0,,Flat,,,,,Overcast,1479500.0,0.0,0.0,0.0,2.0,0.0,,,Hawke's Bay Region,Nil,2-way,Sealed,0.0,0.0,,50.0,,Null,0.0,0.0,,30.0,Hastings District,Nil,,,,,0.0,0.0,Urban,1.0,,,Light rain
110005,1925214.0,5606875.0,548620.0,0.0,0.0,2.0,Null,2004/2005,SWANSEA ROAD,BRISTOL CRESCENT,Non-Injury Crash,No,2004,West,0.0,,Flat,,,,,Dark,1476500.0,0.0,0.0,0.0,2.0,0.0,,,Hawke's Bay Region,Nil,2-way,Sealed,0.0,0.0,,50.0,,On,0.0,0.0,,30.0,Hastings District,Nil,,,,,0.0,0.0,Urban,0.0,,,Fine
676241,1929655.0,5606937.0,545710.0,0.0,0.0,0.0,West,2017/2018,PAKOWHAI ROAD,DUKE ST,Minor Crash,No,2017,South,0.0,,Flat,,,,,Bright sun,1471300.0,1.0,0.0,1.0,2.0,0.0,,,Hawke's Bay Region,Nil,2-way,Sealed,0.0,0.0,,50.0,,Null,0.0,0.0,,30.0,Hastings District,Unknown,,,,,0.0,0.0,Urban,1.0,,,Fine
396430,1932798.0,5601691.0,548832.0,0.0,1.0,2.0,West,2003/2004,Z DWAY COMMUNITY CENTRE,TE MATA ROAD,Non-Injury Crash,No,2003,North,0.0,0.0,Flat,0.0,,0.0,0.0,Bright sun,1508400.0,0.0,0.0,0.0,0.0,0.0,1.0,,Hawke's Bay Region,Nil,Off road,Sealed,0.0,0.0,0.0,50.0,0.0,Null,0.0,0.0,,30.0,Hastings District,Nil,0.0,0.0,0.0,0.0,0.0,0.0,Urban,0.0,0.0,0.0,Fine
614546,1918125.0,5606575.0,545841.0,0.0,0.0,1.0,South,2004/2005,SH 50,NGATARAWA ROAD,Non-Injury Crash,Yes,2004,East,0.0,,Flat,,,,,Bright sun,1462901.0,0.0,0.0,0.0,2.0,0.0,,,Hawke's Bay Region,Nil,2-way,Sealed,0.0,0.0,,100.0,,Null,0.0,0.0,,30.0,Hastings District,Nil,,,,,0.0,0.0,Open,1.0,,,Fine
237220,1932274.0,5609028.0,545721.0,0.0,0.0,1.0,Null,2010/2011,PAKOWHAI ROAD,RUAHAPIA ROAD,Non-Injury Crash,No,2010,South,0.0,0.0,Flat,0.0,,0.0,0.0,Dark,1471600.0,0.0,0.0,0.0,2.0,0.0,0.0,,Hawke's Bay Region,Nil,2-way,Sealed,0.0,0.0,0.0,100.0,0.0,On,0.0,0.0,,30.0,Hastings District,Give way,0.0,0.0,0.0,0.0,0.0,0.0,Open,0.0,0.0,0.0,Light rain
708013,1929503.0,5608862.0,545710.0,0.0,0.0,2.0,Null,2015/2016,SH 50A,EVENDEN ROAD,Non-Injury Crash,Yes,2015,North,0.0,,Flat,,,,,Dark,1471100.0,0.0,0.0,0.0,2.0,0.0,,,Hawke's Bay Region,Nil,2-way,Sealed,0.0,0.0,,100.0,,On,0.0,0.0,,30.0,Hastings District,Give way,,,,,0.0,0.0,Open,0.0,,,Fine
678816,1936828.0,5595990.0,545860.0,0.0,0.0,0.0,South,2011/2012,WAIMARAMA ROAD,KAHURANAKI ROAD,Minor Crash,No,2011,South,0.0,,Hill Road,,,,,Bright sun,1467200.0,1.0,0.0,1.0,2.0,0.0,,,Hawke's Bay Region,Nil,2-way,Sealed,0.0,0.0,,100.0,,Null,0.0,0.0,,30.0,Hastings District,Nil,,,,,0.0,0.0,Open,0.0,,,Fine
422580,1933565.0,5600970.0,548821.0,0.0,0.0,1.0,Null,2010/2011,TANNER ST,DUART ROAD,Non-Injury Crash,No,2010,North,0.0,0.0,Hill Road,0.0,,0.0,0.0,Overcast,1507900.0,0.0,0.0,0.0,2.0,0.0,0.0,,Hawke's Bay Region,Nil,2-way,Sealed,0.0,0.0,0.0,50.0,0.0,Null,0.0,0.0,,30.0,Hastings District,Give way,1.0,1.0,0.0,0.0,0.0,0.0,Urban,0.0,0.0,0.0,Fine
713046,1929110.6951,5610176.4221,545710.0,0.0,0.0,0.0,North,2019/2020,NICHOLL ROAD,RAUPARE ROAD,Non-Injury Crash,No,2019,South,0.0,0.0,Flat,0.0,,0.0,0.0,Overcast,1470700.0,0.0,0.0,0.0,2.0,0.0,0.0,,Hawke's Bay Region,Nil,2-way,Sealed,0.0,0.0,0.0,100.0,0.0,None,0.0,0.0,,30.0,Hastings District,Nil,0.0,0.0,0.0,0.0,0.0,0.0,Open,1.0,0.0,1.0,Fine
146230,1929121.0,5606534.0,547800.0,0.0,0.0,3.0,North,2008/2009,PAKOWHAI ROAD,ST AUBYN ST WEST,Non-Injury Crash,No,2009,South,0.0,,Flat,,,,,Bright sun,1477600.0,0.0,0.0,0.0,2.0,0.0,,,Hawke's Bay Region,Nil,2-way,Sealed,0.0,0.0,,50.0,,Null,1.0,0.0,,30.0,Hastings District,Nil,,,,,0.0,0.0,Urban,0.0,,,Fine
108589,1929984.0,5607186.0,545710.0,0.0,0.0,2.0,Null,2002/2003,PAKOWHAI ROAD,FREDERICK ST,Non-Injury Crash,No,2003,West,0.0,,Flat,,,,,Dark,1471300.0,0.0,0.0,0.0,2.0,0.0,,,Hawke's Bay Region,Nil,2-way,Sealed,0.0,0.0,,50.0,,On,0.0,0.0,,30.0,Hastings District,Give way,,,,,0.0,0.0,Urban,0.0,,,Fine
459508,1934201.0,5600623.0,548833.0,0.0,0.0,1.0,East,2001/2002,TE MATA PEAK ROAD,SIMLA AVENUE,Non-Injury Crash,No,2002,West,0.0,0.0,Hill Road,0.0,,0.0,0.0,Dark,1466710.0,0.0,0.0,0.0,2.0,0.0,0.0,,Hawke's Bay Region,Nil,2-way,Sealed,0.0,0.0,0.0,100.0,0.0,None,0.0,0.0,,30.0,Hastings District,Nil,0.0,0.0,0.0,1.0,0.0,0.0,Open,0.0,0.0,0.0,Fine
12635,1927241.0,5607698.0,545710.0,0.0,0.0,2.0,West,1999/2000,OMAHU ROAD,WILSON ROAD,Non-Injury Crash,No,2000,East,0.0,,Flat,,,,,Overcast,1471000.0,0.0,0.0,0.0,2.0,0.0,,,Hawke's Bay Region,Nil,2-way,Sealed,0.0,0.0,,50.0,,Null,0.0,0.0,,30.0,Hastings District,Nil,,,,,0.0,0.0,Urban,0.0,,,Fine
467480,1929606.0,5604596.0,548300.0,0.0,0.0,2.0,Null,2016/2017,SOUTHAMPTON ST EAST,KARAMU ROAD SOUTH,Non-Injury Crash,No,2017,North,0.0,,Flat,,,,,Dark,1503100.0,0.0,0.0,0.0,2.0,0.0,,,Hawke's Bay Region,Nil,2-way,Sealed,0.0,0.0,,50.0,,On,0.0,0.0,,30.0,Hastings District,Give way,,,,,0.0,0.0,Urban,0.0,,,Fine
736023,1932596.0,5609833.0,545832.0,0.0,0.0,1.0,Null,2012/2013,PAKOWHAI ROAD,CHESTERHOPE BR,Non-Injury Crash,No,2013,North,0.0,,Flat,,,,,Bright sun,1404000.0,0.0,0.0,0.0,2.0,0.0,,,Hawke's Bay Region,Bridge,2-way,Sealed,0.0,0.0,,100.0,,Null,0.0,0.0,,30.0,Hastings District,Nil,,,,,0.0,0.0,Open,1.0,,,Fine
577342,1930838.7895,5605856.3382,548000.0,0.0,0.0,2.0,Null,2019/2020,FREDERICK STREET,CAROLINE ROAD,Non-Injury Crash,No,2019,West,0.0,,Flat,,Christmas New Year,,,Bright sun,1495900.0,0.0,0.0,0.0,2.0,0.0,,,Hawke's Bay Region,Nil,2-way,Sealed,0.0,0.0,,50.0,,None,0.0,0.0,,30.0,Hastings District,Stop,,,,,0.0,0.0,Urban,0.0,,,Fine
642651,1919206.0,5646897.0,545811.0,0.0,0.0,1.0,Null,2002/2003,SH 5,OLD TAUPO COACH ROAD,Minor Crash,Yes,2003,North,0.0,,Hill Road,,,,,Bright sun,1414700.0,1.0,0.0,0.0,2.0,0.0,,,Hawke's Bay Region,Nil,2-way,Sealed,0.0,0.0,,100.0,,Null,0.0,0.0,,30.0,Hastings District,Nil,,,,,1.0,0.0,Open,0.0,,,Fine
91087,1932649.0,5609522.0,545832.0,0.0,0.0,0.0,South,2003/2004,PAKOWHAI ROAD,FARNDON ROAD,Non-Injury Crash,No,2004,South,0.0,0.0,Hill Road,1.0,Queens Birthday,0.0,0.0,Dark,1404300.0,0.0,0.0,0.0,2.0,0.0,0.0,,Hawke's Bay Region,Bridge,2-way,Sealed,0.0,0.0,0.0,100.0,0.0,On,0.0,0.0,,30.0,Hastings District,Nil,0.0,0.0,0.0,0.0,0.0,0.0,Open,1.0,0.0,0.0,Fine
491597,1925906.0,5600830.0,545852.0,0.0,0.0,0.0,North,2006/2007,RAILWAY ROAD SOUTH,TE AUTE ROAD,Non-Injury Crash,No,2006,North,0.0,0.0,Flat,0.0,,0.0,0.0,Dark,1469600.0,0.0,0.0,0.0,2.0,0.0,0.0,,Hawke's Bay Region,Nil,2-way,Sealed,0.0,0.0,0.0,100.0,0.0,None,0.0,0.0,,30.0,Hastings District,Nil,0.0,0.0,0.0,0.0,0.0,0.0,Open,1.0,0.0,0.0,Fine
190384,1927234.0,5602249.0,545762.0,0.0,0.0,1.0,Null,2017/2018,LONGLANDS ROAD WEST,RAILWAY ROAD SOUTH,Non-Injury Crash,No,2017,East,0.0,0.0,Flat,0.0,,0.0,0.0,Dark,1468200.0,0.0,0.0,0.0,2.0,0.0,0.0,,Hawke's Bay Region,Nil,2-way,Sealed,0.0,0.0,0.0,100.0,0.0,On,0.0,0.0,,30.0,Hastings District,Give way,0.0,1.0,0.0,0.0,0.0,0.0,Open,0.0,0.0,0.0,Mist or Fog
536313,1929264.0,5606287.0,547700.0,0.0,0.0,2.0,Null,2009/2010,ST AUBYN ST WEST,HINAU ST,Non-Injury Crash,No,2009,North,0.0,0.0,Flat,0.0,,0.0,0.0,Bright sun,1486200.0,0.0,0.0,0.0,2.0,0.0,1.0,,Hawke's Bay Region,Nil,2-way,Sealed,0.0,0.0,0.0,50.0,0.0,Null,0.0,0.0,,30.0,Hastings District,Nil,0.0,0.0,0.0,0.0,0.0,0.0,Urban,0.0,0.0,0.0,Fine