OBJECTID,X,Y,areaUnitID,bicycle,bus,carStationWagon,crashDirectionDescription,crashFinancialYear,crashLocation1,crashLocation2,crashSeverity,crashSHDescription,crashYear,directionRoleDescription,fatalCount,fence,flatHill,guardRail,holiday,houseOrBuilding,kerb,light,meshblockId,minorInjuryCount,moped,motorcycle,NumberOfLanes,otherVehicleType,parkedVehicle,pedestrian,region,roadCharacter,roadLane,roadSurface,schoolBus,seriousInjuryCount,slipOrFlood,speedLimit,strayAnimal,streetLight,suv,taxi,temporarySpeedLimit,tlaId,tlaName,trafficControl,trafficIsland,trafficSign,train,tree,truck,unknownVehicleType,urban,vanOrUtility,vehicle,waterRiver,weatherA
10871,1932575.0,5608502.0,545721.0,0.0,0.0,1.0,Null,2007/2008,RUAHAPIA ROAD,WHAKATU ROAD,Non-Injury Crash,No,2007,South,0.0,1.0,Flat,0.0,,0.0,0.0,Overcast,1471600.0,0.0,0.0,0.0,2.0,0.0,0.0,,Hawke's Bay Region,Nil,2-way,Sealed,0.0,0.0,0.0,100.0,0.0,Null,1.0,0.0,,30.0,Hastings District,Give way,0.0,0.0,0.0,0.0,0.0,0.0,Open,0.0,0.0,0.0,Heavy rain
163401,1925087.0,5605035.0,545842.0,0.0,0.0,1.0,South,2010/2011,STOCK ROAD,IRONGATE ROAD,Fatal Crash,No,2010,North,1.0,0.0,Flat,0.0,,0.0,0.0,Bright sun,1470214.0,0.0,0.0,0.0,2.0,0.0,0.0,,Hawke's Bay Region,Nil,2-way,Sealed,0.0,1.0,0.0,100.0,0.0,Null,0.0,0.0,,30.0,Hastings District,Nil,0.0,1.0,0.0,0.0,0.0,0.0,Open,0.0,0.0,0.0,Fine
280820,1926094.0,5601248.0,545852.0,0.0,0.0,1.0,West,2017/2018,RAILWAY ROAD SOUTH,LONGLANDS ROAD EAST,Minor Crash,No,2017,North,0.0,0.0,Flat,0.0,,0.0,0.0,Bright sun,1468700.0,1.0,0.0,0.0,2.0,0.0,0.0,,Hawke's Bay Region,Nil,2-way,Sealed,0.0,0.0,0.0,100.0,0.0,Null,0.0,0.0,,30.0,Hastings District,Unknown,0.0,0.0,0.0,0.0,0.0,0.0,Open,0.0,0.0,0.0,Fine
617302,1930340.0,5604821.0,548200.0,0.0,0.0,1.0,Null,2005/2006,ST AUBYN ST EAST,HASTINGS ST NORTH,Non-Injury Crash,No,2005,North,0.0,,Flat,,,,,Bright sun,1493501.0,0.0,0.0,0.0,2.0,0.0,,,Hawke's Bay Region,Nil,2-way,Sealed,0.0,0.0,,50.0,,Null,0.0,0.0,,30.0,Hastings District,Give way,,,,,0.0,0.0,Urban,1.0,,,Fine
315786,1930835.0,5603666.0,548300.0,0.0,0.0,2.0,Null,2001/2002,HERETAUNGA ST EAST,WINDSOR AVENUE,Non-Injury Crash,No,2001,West,0.0,,Flat,,,,,Dark,1502700.0,0.0,0.0,0.0,2.0,0.0,,,Hawke's Bay Region,Nil,2-way,Sealed,0.0,0.0,,50.0,,On,0.0,0.0,30.0,30.0,Hastings District,Nil,,,,,0.0,0.0,Urban,0.0,,,Fine
422181,1930473.0,5607553.0,545721.0,0.0,0.0,2.0,Null,2007/2008,PAKOWHAI ROAD,EVENDEN ROAD,Non-Injury Crash,No,2007,North,0.0,0.0,Flat,0.0,,0.0,0.0,Overcast,1471401.0,0.0,0.0,0.0,2.0,0.0,0.0,,Hawke's Bay Region,Nil,2-way,Sealed,0.0,0.0,0.0,70.0,0.0,Null,0.0,0.0,,30.0,Hastings District,Give way,1.0,0.0,0.0,0.0,0.0,0.0,Urban,0.0,0.0,0.0,Light rain
34720,1940011.0,5606887.0,545740.0,0.0,0.0,1.0,South,2013/2014,CLIFTON ROAD,EAST ROAD,Serious Crash,No,2014,North,0.0,1.0,Flat,0.0,,0.0,0.0,Bright sun,1407800.0,0.0,0.0,0.0,2.0,0.0,0.0,,Hawke's Bay Region,Nil,2-way,Sealed,0.0,1.0,0.0,100.0,0.0,Null,0.0,0.0,,30.0,Hastings District,Unknown,0.0,0.0,0.0,0.0,0.0,0.0,Open,0.0,0.0,0.0,Fine
539468,1929912.0,5604825.0,548200.0,0.0,0.0,1.0,North,2012/2013,KARAMU ROAD NORTH,HERETAUNGA ST EAST,Non-Injury Crash,No,2012,South,0.0,,Flat,,,,,Bright sun,1492700.0,0.0,0.0,0.0,2.0,0.0,,,Hawke's Bay Region,Nil,2-way,Sealed,0.0,0.0,,50.0,,Null,0.0,0.0,,30.0,Hastings District,Nil,,,,,0.0,0.0,Urban,1.0,,,Fine
658587,1929351.0,5605499.0,547700.0,0.0,0.0,2.0,Null,2002/2003,Z CPK PAKNSAVE,CHARLES/HERETAUNGA,Non-Injury Crash,No,2003,West,0.0,,Flat,,Queens Birthday,,,Dark,1487700.0,0.0,0.0,0.0,0.0,0.0,,,Hawke's Bay Region,Nil,Off road,Sealed,0.0,0.0,,50.0,,On,0.0,0.0,,30.0,Hastings District,Nil,,,,,0.0,0.0,Urban,0.0,,,Fine
522836,1917731.5402,5653884.2459,545912.0,0.0,0.0,1.0,North,2018/2019,005-0220,TITIOKURA SUMMIT,Minor Crash,Yes,2019,North,0.0,,Hill Road,,,,,Overcast,1414504.0,1.0,0.0,0.0,3.0,0.0,,,Hawke's Bay Region,Nil,2-way,Sealed,0.0,0.0,,100.0,,None,0.0,0.0,,30.0,Hastings District,Unknown,,,,,0.0,0.0,Open,0.0,,,Heavy rain
356530,1929657.0,5605330.0,548200.0,0.0,0.0,2.0,Null,2016/2017,QUEEN ST WEST,NELSON ST NORTH,Non-Injury Crash,No,2016,West,0.0,,Flat,,Christmas New Year,,,Bright sun,1490800.0,0.0,0.0,0.0,2.0,0.0,,,Hawke's Bay Region,Nil,2-way,Sealed,0.0,0.0,,50.0,,Off,0.0,0.0,,30.0,Hastings District,Give way,,,,,0.0,0.0,Urban,0.0,,,Fine
648073,1923615.0,5612139.0,545821.0,1.0,0.0,1.0,East,2005/2006,SH 50,HAKIWAI ROAD,Minor Crash,Yes,2006,East,0.0,,Hill Road,,,,,Bright sun,1408600.0,1.0,0.0,0.0,2.0,0.0,,,Hawke's Bay Region,Nil,2-way,Sealed,0.0,0.0,,100.0,,Null,0.0,0.0,,30.0,Hastings District,Nil,,,,,0.0,0.0,Open,0.0,,,Fine
472281,1924521.0,5607628.0,548612.0,2.0,0.0,0.0,Null,2003/2004,CARTIER CRESCENT,HUDSON ROAD,Minor Crash,No,2004,East,0.0,,Flat,,,,,Bright sun,1474112.0,1.0,0.0,0.0,2.0,0.0,,,Hawke's Bay Region,Nil,2-way,Sealed,0.0,0.0,,50.0,,Null,0.0,0.0,,30.0,Hastings District,Nil,,,,,0.0,0.0,Urban,0.0,,,Fine
490105,1931039.0,5605564.0,548000.0,0.0,0.0,1.0,Null,2002/2003,KARUMU ROAD NORTH,GROVE ROAD,Serious Crash,No,2002,West,0.0,0.0,Flat,0.0,,0.0,0.0,Bright sun,1497100.0,0.0,0.0,0.0,4.0,0.0,0.0,,Hawke's Bay Region,Nil,2-way,Sealed,0.0,1.0,0.0,50.0,0.0,Null,0.0,0.0,,30.0,Hastings District,Traffic Signals,0.0,0.0,0.0,0.0,0.0,0.0,Urban,0.0,0.0,0.0,Fine
272722,1925141.0,5637534.0,545811.0,0.0,0.0,1.0,East,2006/2007,SH 5,GLENLANDS STN ENT,Minor Crash,Yes,2006,North,0.0,0.0,Hill Road,1.0,,0.0,0.0,Bright sun,1414700.0,1.0,0.0,0.0,3.0,0.0,0.0,,Hawke's Bay Region,Nil,2-way,Sealed,0.0,0.0,0.0,100.0,0.0,Null,0.0,0.0,,30.0,Hastings District,Nil,0.0,0.0,0.0,0.0,0.0,0.0,Open,0.0,0.0,0.0,Fine
334982,1932164.0,5607448.0,545721.0,0.0,0.0,2.0,Null,2016/2017,OTENE ROAD,BENNETT ROAD,Non-Injury Crash,No,2017,East,0.0,,Flat,,,,,Bright sun,1471700.0,0.0,0.0,0.0,2.0,0.0,,,Hawke's Bay Region,Nil,2-way,Sealed,0.0,0.0,,80.0,,Null,0.0,0.0,,30.0,Hastings District,Nil,,,,,0.0,0.0,Open,1.0,,,Fine
199348,1929083.2718,5605285.2143,547700.0,0.0,0.0,2.0,Null,2018/2019,SOUTHAMPTON STREET WEST,CHARLES STREET,Non-Injury Crash,No,2019,South,0.0,,Flat,,,,,Dark,1487700.0,0.0,0.0,0.0,2.0,0.0,,,Hawke's Bay Region,Nil,2-way,Sealed,0.0,0.0,,50.0,,On,0.0,0.0,,30.0,Hastings District,Give way,,,,,0.0,0.0,Urban,0.0,,,Heavy rain
502899,1930100.0,5605661.0,548200.0,0.0,0.0,3.0,Null,2003/2004,FITZROY AVENUE,NELSON ST NORTH,Non-Injury Crash,No,2003,East,0.0,,Flat,,,,,Twilight,1491100.0,0.0,0.0,0.0,2.0,0.0,,,Hawke's Bay Region,Nil,2-way,Sealed,0.0,0.0,,50.0,,Off,0.0,0.0,,30.0,Hastings District,Give way,,,,,0.0,0.0,Urban,0.0,,,Light rain
625537,1929342.0,5605501.0,547700.0,0.0,0.0,2.0,West,2003/2004,Z CPK PAK N SAVE,CHARLES ST,Non-Injury Crash,No,2004,West,0.0,0.0,Flat,0.0,,0.0,0.0,Dark,1487700.0,0.0,0.0,0.0,1.0,0.0,1.0,,Hawke's Bay Region,Nil,Off road,Sealed,0.0,0.0,0.0,50.0,0.0,On,0.0,0.0,,30.0,Hastings District,Nil,0.0,0.0,0.0,0.0,0.0,0.0,Urban,1.0,0.0,0.0,Heavy rain
648684,1935471.6001,5600897.0067,548833.0,0.0,0.0,0.0,Null,2019/2020,OFFROAD MARKET,,Minor Crash,No,2020,West,0.0,1.0,Hill Road,0.0,,0.0,0.0,Bright sun,1466801.0,1.0,0.0,0.0,,0.0,0.0,1.0,Hawke's Bay Region,Nil,Off road,Unsealed,0.0,0.0,0.0,30.0,0.0,None,0.0,0.0,,30.0,Hastings District,Nil,0.0,0.0,0.0,1.0,0.0,0.0,Urban,1.0,0.0,0.0,Fine
238032,1925557.0,5603150.0,545842.0,0.0,0.0,2.0,Null,2005/2006,SH 50A,MARAEKAKAHO ROAD,Minor Crash,Yes,2006,North,0.0,,Flat,,,,,Bright sun,1470213.0,3.0,0.0,0.0,2.0,0.0,,,Hawke's Bay Region,Nil,2-way,Sealed,0.0,0.0,,70.0,,Null,0.0,0.0,,30.0,Hastings District,Give way,,,,,0.0,0.0,Urban,0.0,,,Fine
328661,1912817.0,5618688.0,545821.0,0.0,0.0,2.0,North,2017/2018,TAIHAPE ROAD,BLACKS BR,Non-Injury Crash,No,2017,North,0.0,,Flat,,,,,Dark,1410300.0,0.0,0.0,0.0,2.0,0.0,,,Hawke's Bay Region,Nil,2-way,Sealed,0.0,0.0,,100.0,,None,0.0,0.0,,30.0,Hastings District,Nil,,,,,0.0,0.0,Open,0.0,,,Fine
638750,1933158.0,5602387.0,548831.0,0.0,0.0,2.0,North,2012/2013,NAPIER ROAD,ST HILL LANE,Non-Injury Crash,No,2013,South,0.0,,Flat,,,,,Bright sun,1509100.0,0.0,0.0,0.0,2.0,0.0,,,Hawke's Bay Region,Nil,2-way,Sealed,0.0,0.0,,50.0,,Null,0.0,0.0,,30.0,Hastings District,Nil,,,,,0.0,0.0,Urban,0.0,,,Fine
729508,1928397.9795,5614133.7037,545831.0,0.0,0.0,1.0,North,2019/2020,OMARUNUI ROAD,KOROKIPO ROAD,Minor Crash,No,2020,East,0.0,0.0,Flat,0.0,,0.0,0.0,Dark,1409400.0,1.0,0.0,0.0,2.0,0.0,0.0,,Hawke's Bay Region,Nil,2-way,Sealed,0.0,0.0,0.0,100.0,0.0,Off,0.0,0.0,,30.0,Hastings District,Nil,0.0,0.0,0.0,0.0,0.0,0.0,Open,0.0,0.0,0.0,Fine
17524,1921423.0,5606358.0,545842.0,0.0,0.0,1.0,East,2013/2014,NGATARAWA ROAD,SH 50,Non-Injury Crash,No,2013,West,0.0,,Flat,,,,,Bright sun,1470217.0,0.0,0.0,0.0,2.0,0.0,,,Hawke's Bay Region,Nil,2-way,Sealed,0.0,0.0,,100.0,,None,1.0,0.0,,30.0,Hastings District,Nil,,,,,0.0,0.0,Open,0.0,,,Fine
741203,1929179.0,5605159.0,548200.0,1.0,0.0,0.0,Null,2013/2014,SOUTHAMPTON ST WEST,SOUTHLAND ROAD,Minor Crash,No,2014,West,0.0,,Flat,,,,,Bright sun,1488600.0,1.0,0.0,0.0,2.0,0.0,,,Hawke's Bay Region,Nil,2-way,Sealed,0.0,0.0,,50.0,,Off,0.0,0.0,,30.0,Hastings District,Give way,,,,,0.0,0.0,Urban,1.0,,,Fine
273984,1932791.0,5601888.0,548831.0,0.0,0.0,2.0,South,2016/2017,NAPIER ROAD,KARANEMA DRIVE,Non-Injury Crash,No,2017,North,0.0,0.0,Flat,0.0,,0.0,0.0,Bright sun,1509600.0,0.0,0.0,0.0,2.0,0.0,1.0,,Hawke's Bay Region,Nil,2-way,Sealed,0.0,0.0,0.0,50.0,0.0,Null,0.0,0.0,,30.0,Hastings District,Unknown,0.0,0.0,0.0,0.0,0.0,0.0,Urban,0.0,0.0,0.0,Fine
362727,1929267.7682,5606281.8988,547700.0,0.0,0.0,1.0,Null,2019/2020,ST AUBYN STREET WEST,HINAU STREET,Minor Crash,No,2020,North,0.0,,Flat,,,,,Dark,1486200.0,1.0,0.0,0.0,2.0,0.0,,,Hawke's Bay Region,Nil,2-way,Sealed,0.0,0.0,,50.0,,On,0.0,0.0,,30.0,Hastings District,Give way,,,,,0.0,0.0,Urban,1.0,,,Fine
201539,1929862.0,5606342.0,547600.0,0.0,0.0,2.0,South,2012/2013,YORK ST,GRAYS ROAD,Non-Injury Crash,No,2013,South,0.0,0.0,Flat,0.0,,0.0,0.0,Dark,1484200.0,0.0,0.0,0.0,2.0,0.0,1.0,,Hawke's Bay Region,Nil,2-way,Sealed,0.0,0.0,0.0,50.0,0.0,None,0.0,0.0,,30.0,Hastings District,Nil,0.0,0.0,0.0,0.0,0.0,0.0,Urban,0.0,0.0,0.0,Fine
336892,1932464.0,5601639.0,548810.0,0.0,0.0,2.0,Null,2001/2002,PORTER DRIVE,TE AUTE ROAD,Minor Crash,No,2002,East,0.0,0.0,Flat,0.0,,0.0,0.0,Bright sun,1505200.0,2.0,0.0,0.0,2.0,0.0,0.0,,Hawke's Bay Region,Nil,2-way,Sealed,0.0,0.0,0.0,50.0,0.0,Null,0.0,0.0,,30.0,Hastings District,Stop,1.0,0.0,0.0,0.0,0.0,0.0,Urban,0.0,0.0,0.0,Fine
507303,1934169.0,5600674.0,548833.0,0.0,0.0,1.0,South,2003/2004,TE MATA PEAK ROAD,SIMLA AVENUE,Non-Injury Crash,No,2003,South,0.0,0.0,Hill Road,0.0,Christmas New Year,0.0,0.0,Overcast,1466710.0,0.0,0.0,0.0,2.0,0.0,0.0,,Hawke's Bay Region,Nil,2-way,Sealed,0.0,0.0,0.0,50.0,0.0,Null,0.0,0.0,,30.0,Hastings District,Nil,0.0,0.0,0.0,1.0,0.0,0.0,Urban,0.0,0.0,0.0,Light rain
150322,1931560.0,5602871.0,545762.0,0.0,0.0,2.0,Null,2017/2018,HAVELOCK ROAD,ST GEORGES ROAD,Non-Injury Crash,No,2018,South,0.0,,Flat,,,,,Overcast,1468600.0,0.0,0.0,0.0,2.0,0.0,,,Hawke's Bay Region,Nil,2-way,Sealed,0.0,0.0,,70.0,,Null,0.0,0.0,,30.0,Hastings District,Give way,,,,,0.0,0.0,Urban,0.0,,,Light rain
481730,1916286.0,5591235.0,545851.0,0.0,0.0,2.0,Null,2004/2005,SH 2,TE AUTE COL,Non-Injury Crash,Yes,2005,South,0.0,,Flat,,,,,Dark,1464300.0,0.0,0.0,0.0,2.0,0.0,,,Hawke's Bay Region,Nil,2-way,Sealed,0.0,0.0,,100.0,,None,0.0,0.0,,30.0,Hastings District,Nil,,,,,0.0,0.0,Open,0.0,,,Fine
659058,1924690.0,5637642.0,545811.0,0.0,0.0,0.0,South,2005/2006,SH 5,GLENGARRY ROAD,Minor Crash,Yes,2006,South,0.0,0.0,Hill Road,0.0,,0.0,0.0,Dark,1414800.0,1.0,0.0,0.0,3.0,0.0,0.0,,Hawke's Bay Region,Nil,2-way,Sealed,0.0,0.0,0.0,100.0,0.0,None,0.0,0.0,,30.0,Hastings District,Nil,0.0,0.0,0.0,0.0,1.0,0.0,Open,0.0,0.0,0.0,Fine
441983,1928420.0,5606134.0,548500.0,0.0,0.0,1.0,East,2007/2008,ORCHARD ROAD,MCLEOD ST,Non-Injury Crash,No,2007,East,0.0,0.0,Flat,0.0,,0.0,0.0,Bright sun,1479600.0,0.0,0.0,0.0,2.0,0.0,0.0,,Hawke's Bay Region,Nil,2-way,Sealed,0.0,0.0,0.0,50.0,0.0,Null,0.0,0.0,,30.0,Hastings District,Nil,0.0,0.0,0.0,0.0,0.0,0.0,Urban,0.0,0.0,0.0,Fine
453851,1928896.6936,5606135.4927,547700.0,0.0,0.0,0.0,South,2018/2019,HERETAUNGA STREET WEST,STORTFORD ST,Non-Injury Crash,No,2019,South,0.0,0.0,Flat,0.0,,0.0,0.0,Overcast,1486000.0,0.0,0.0,0.0,2.0,0.0,1.0,,Hawke's Bay Region,Nil,2-way,Sealed,0.0,0.0,0.0,50.0,0.0,Off,1.0,0.0,,30.0,Hastings District,Unknown,0.0,0.0,0.0,0.0,0.0,0.0,Urban,1.0,0.0,0.0,Fine
199521,1928955.0,5606058.0,547700.0,0.0,0.0,1.0,West,2004/2005,HERETAUNGA ST WEST,DAVIS ST,Non-Injury Crash,No,2005,West,0.0,,Flat,,,,,Bright sun,1486000.0,0.0,0.0,0.0,2.0,0.0,,,Hawke's Bay Region,Nil,2-way,Sealed,0.0,0.0,,50.0,,Null,1.0,0.0,,30.0,Hastings District,Nil,,,,,0.0,0.0,Urban,0.0,,,Fine
690997,1932823.0,5601936.0,548831.0,0.0,0.0,2.0,Null,2007/2008,NAPIER ROAD,KARANEMA ROAD,Non-Injury Crash,No,2008,East,0.0,,Flat,,,,,Twilight,1509600.0,0.0,0.0,0.0,2.0,0.0,,,Hawke's Bay Region,Nil,2-way,Sealed,0.0,0.0,,50.0,,On,0.0,0.0,,30.0,Hastings District,Give way,,,,,0.0,0.0,Urban,0.0,,,Fine
392832,1927301.0,5607664.0,545710.0,0.0,0.0,1.0,Null,2001/2002,OMAHU ROAD,ORMOND ROAD,Non-Injury Crash,No,2001,South,0.0,0.0,Flat,0.0,,0.0,0.0,Dark,1471000.0,0.0,0.0,0.0,2.0,0.0,0.0,,Hawke's Bay Region,Nil,2-way,Sealed,0.0,0.0,0.0,50.0,0.0,On,0.0,0.0,,30.0,Hastings District,Give way,1.0,1.0,0.0,0.0,0.0,0.0,Urban,0.0,0.0,0.0,Fine
625727,1930302.0,5604065.0,548300.0,0.0,0.0,2.0,South,2016/2017,DUFFERIN ST,RIVERSLEA ROAD SOUTH,Non-Injury Crash,No,2016,North,0.0,0.0,Flat,0.0,,0.0,0.0,Dark,1502000.0,0.0,0.0,0.0,2.0,0.0,1.0,,Hawke's Bay Region,Nil,2-way,Sealed,0.0,0.0,0.0,50.0,0.0,On,0.0,0.0,,30.0,Hastings District,Unknown,0.0,0.0,0.0,0.0,0.0,0.0,Urban,0.0,0.0,0.0,Light rain
10168,1929512.0,5604720.0,548200.0,0.0,0.0,2.0,North,2018/2019,SOUTHAMPTON ST WEST,RAILWAY ROAD,Non-Injury Crash,No,2018,South,0.0,,Flat,,,,,Bright sun,1489802.0,0.0,0.0,0.0,2.0,0.0,,,Hawke's Bay Region,Nil,2-way,Sealed,0.0,0.0,,50.0,,Null,0.0,0.0,,30.0,Hastings District,Unknown,,,,,0.0,0.0,Urban,0.0,,,Fine
204342,1914183.0,5656914.0,545911.0,0.0,0.0,0.0,South,2017/2018,SH 5,MOHAKA BR,Serious Crash,Yes,2018,North,0.0,0.0,Hill Road,0.0,,0.0,0.0,Dark,1415900.0,0.0,0.0,0.0,3.0,0.0,0.0,,Hawke's Bay Region,Nil,2-way,Sealed,0.0,1.0,0.0,100.0,0.0,None,0.0,0.0,,30.0,Hastings District,Unknown,0.0,0.0,0.0,0.0,1.0,0.0,Open,0.0,0.0,0.0,Heavy rain
239902,1929179.0,5605159.0,548200.0,1.0,0.0,1.0,Null,2005/2006,SOUTHAMPTON ST WEST,SOUTHLAND ROAD,Minor Crash,No,2005,West,0.0,,Flat,,,,,Overcast,1488600.0,1.0,0.0,0.0,2.0,0.0,,,Hawke's Bay Region,Nil,2-way,Sealed,0.0,0.0,,50.0,,Null,0.0,0.0,,30.0,Hastings District,Give way,,,,,0.0,0.0,Urban,0.0,,,Fine
133691,1929057.0,5606486.0,547800.0,0.0,0.0,2.0,South,2002/2003,PAKOWHAI ROAD,ST AUBYN ST WEST,Non-Injury Crash,No,2003,North,0.0,,Flat,,,,,Overcast,1477500.0,0.0,0.0,0.0,2.0,0.0,,,Hawke's Bay Region,Nil,2-way,Sealed,0.0,0.0,,50.0,,Null,0.0,0.0,,30.0,Hastings District,Traffic Signals,,,,,0.0,0.0,Urban,0.0,,,Fine
690423,1896482.8871,5629682.5452,545913.0,0.0,0.0,1.0,West,2019/2020,TAIHAPE ROAD,WAIWHARE ROAD,Serious Crash,No,2020,West,0.0,0.0,Hill Road,0.0,,0.0,0.0,Dark,1409800.0,0.0,0.0,0.0,2.0,0.0,0.0,,Hawke's Bay Region,Nil,2-way,Sealed,0.0,1.0,0.0,100.0,0.0,None,0.0,0.0,,30.0,Hastings District,Unknown,0.0,0.0,0.0,0.0,0.0,0.0,Open,0.0,0.0,0.0,Fine
626044,1935022.0,5610606.0,545832.0,0.0,0.0,1.0,North,1999/2000,FARNDON ROAD,KOHUPATIKI ROAD N,Fatal Crash,No,2000,South,1.0,,Flat,,,,,Dark,1404300.0,0.0,0.0,0.0,2.0,0.0,,1.0,Hawke's Bay Region,Nil,2-way,Sealed,0.0,0.0,,100.0,,None,0.0,0.0,,30.0,Hastings District,Nil,,,,,0.0,0.0,Open,0.0,,,Fine
17553,1922683.0,5604243.0,545842.0,0.0,0.0,1.0,East,2004/2005,MARAEKAKAHO ROAD,HIGBEE ROAD,Non-Injury Crash,No,2004,West,0.0,1.0,Flat,0.0,,0.0,0.0,Dark,1470211.0,0.0,0.0,0.0,2.0,0.0,0.0,,Hawke's Bay Region,Nil,2-way,Sealed,0.0,0.0,0.0,50.0,0.0,On,0.0,0.0,,30.0,Hastings District,Nil,0.0,0.0,0.0,0.0,0.0,0.0,Urban,0.0,0.0,0.0,Fine
398533,1927641.0,5607417.0,547800.0,0.0,0.0,1.0,Null,2005/2006,SH 50A,OMAHU ROAD,Non-Injury Crash,Yes,2005,South,0.0,,Flat,,,,,Dark,1476600.0,0.0,0.0,0.0,2.0,0.0,,,Hawke's Bay Region,Nil,2-way,Sealed,0.0,0.0,,100.0,,On,1.0,0.0,,30.0,Hastings District,Give way,,,,,0.0,0.0,Open,0.0,,,Fine
377489,1927501.0,5603870.0,545761.0,0.0,0.0,1.0,Null,2003/2004,SOUTHLAND ROAD,HEATHCOTE ROAD,Non-Injury Crash,No,2004,South,0.0,1.0,Flat,0.0,,0.0,0.0,Overcast,1468801.0,0.0,0.0,0.0,2.0,0.0,0.0,,Hawke's Bay Region,Nil,2-way,Sealed,0.0,0.0,0.0,100.0,0.0,Null,0.0,0.0,,30.0,Hastings District,Nil,0.0,0.0,0.0,0.0,0.0,0.0,Open,0.0,0.0,0.0,Light rain
273955,1932998.0,5601845.0,548831.0,1.0,0.0,1.0,Null,2016/2017,TE MATA ROAD,KARANEMA DRIVE,Minor Crash,No,2016,West,0.0,,Flat,,,,,Bright sun,1509800.0,1.0,0.0,0.0,2.0,0.0,,,Hawke's Bay Region,Nil,2-way,Sealed,0.0,0.0,,50.0,,Null,0.0,0.0,,30.0,Hastings District,Give way,,,,,0.0,0.0,Urban,0.0,,,Fine
380005,1927118.0,5605372.0,545761.0,0.0,0.0,2.0,West,2006/2007,YORK ROAD,MARAEKAKAHO ROAD,Non-Injury Crash,No,2006,West,0.0,,Flat,,,,,Bright sun,1469905.0,0.0,0.0,0.0,2.0,0.0,,,Hawke's Bay Region,Nil,2-way,Sealed,0.0,0.0,,100.0,,Null,0.0,0.0,,30.0,Hastings District,Nil,,,,,0.0,0.0,Open,0.0,,,Fine
516340,1910743.0,5670190.0,545911.0,0.0,0.0,1.0,South,2013/2014,SH 5,TATARAAKINA ROAD,Non-Injury Crash,Yes,2013,South,0.0,0.0,Hill Road,0.0,,0.0,1.0,Overcast,1281200.0,0.0,0.0,0.0,2.0,0.0,0.0,,Hawke's Bay Region,Nil,2-way,Sealed,0.0,0.0,0.0,100.0,0.0,Null,0.0,0.0,,30.0,Hastings District,Nil,0.0,0.0,0.0,0.0,0.0,0.0,Open,0.0,0.0,0.0,Fine
367368,1918248.0,5650489.0,545912.0,0.0,0.0,1.0,North,2000/2001,SH 5,TE POHUE HOTEL,Minor Crash,Yes,2000,South,0.0,1.0,Flat,0.0,,0.0,0.0,Dark,1414504.0,1.0,0.0,0.0,2.0,0.0,0.0,,Hawke's Bay Region,Nil,2-way,Sealed,0.0,0.0,0.0,100.0,0.0,None,0.0,0.0,,30.0,Hastings District,Nil,0.0,0.0,0.0,0.0,0.0,0.0,Open,0.0,0.0,0.0,Fine
295986,1929739.0,5604820.0,548200.0,0.0,0.0,2.0,Null,2010/2011,EASTBOURNE ST EAST,RUSSELL ST,Non-Injury Crash,No,2010,North,0.0,,Flat,,,,,Overcast,1492000.0,0.0,0.0,0.0,2.0,0.0,,,Hawke's Bay Region,Nil,2-way,Sealed,0.0,0.0,,50.0,,Null,0.0,0.0,,30.0,Hastings District,Nil,,,,,0.0,0.0,Urban,0.0,,,Light rain
211664,1929179.0,5605159.0,548200.0,0.0,0.0,2.0,Null,2002/2003,SOUTHAMPTON ST WEST,SOUTHLAND ROAD,Non-Injury Crash,No,2003,West,0.0,,Flat,,,,,Bright sun,1488600.0,0.0,0.0,0.0,2.0,0.0,,,Hawke's Bay Region,Nil,2-way,Sealed,0.0,0.0,,50.0,,Null,0.0,0.0,,30.0,Hastings District,Give way,,,,,0.0,0.0,Urban,0.0,,,Fine
133762,1928818.0,5600976.0,545852.0,0.0,0.0,2.0,Null,2003/2004,TE AUTE ROAD,LONGLANDS ROAD EAST,Non-Injury Crash,No,2003,West,0.0,,Flat,,,,,Bright sun,1465700.0,0.0,0.0,0.0,2.0,0.0,,,Hawke's Bay Region,Nil,2-way,Sealed,0.0,0.0,,100.0,,Null,0.0,0.0,,30.0,Hastings District,Nil,,,,,0.0,0.0,Open,0.0,,,Fine
505645,1921576.0,5595462.0,545851.0,0.0,0.0,0.0,North,2000/2001,SH 2,TE MAHANGA ROAD,Non-Injury Crash,Yes,2001,South,0.0,0.0,Flat,0.0,,0.0,0.0,Bright sun,1463900.0,0.0,0.0,0.0,2.0,0.0,0.0,,Hawke's Bay Region,Nil,2-way,Sealed,0.0,0.0,0.0,100.0,0.0,Null,0.0,0.0,,30.0,Hastings District,Nil,0.0,0.0,0.0,0.0,0.0,0.0,Open,1.0,0.0,0.0,Fine
692543,1929657.0,5605330.0,548200.0,0.0,0.0,2.0,Null,2001/2002,NELSON ST NORTH,QUEEN ST WEST,Non-Injury Crash,No,2001,South,0.0,,Flat,,,,,Overcast,1490800.0,0.0,0.0,0.0,2.0,0.0,,,Hawke's Bay Region,Nil,2-way,Sealed,0.0,0.0,,50.0,,Null,0.0,0.0,,30.0,Hastings District,Give way,,,,,0.0,0.0,Urban,0.0,,,Fine