OBJECTID,X,Y,areaUnitID,bicycle,bus,carStationWagon,crashDirectionDescription,crashFinancialYear,crashLocation1,crashLocation2,crashSeverity,crashSHDescription,crashYear,directionRoleDescription,fatalCount,fence,flatHill,guardRail,holiday,houseOrBuilding,kerb,light,meshblockId,minorInjuryCount,moped,motorcycle,NumberOfLanes,otherVehicleType,parkedVehicle,pedestrian,region,roadCharacter,roadLane,roadSurface,schoolBus,seriousInjuryCount,slipOrFlood,speedLimit,strayAnimal,streetLight,suv,taxi,temporarySpeedLimit,tlaId,tlaName,trafficControl,trafficIsland,trafficSign,train,tree,truck,unknownVehicleType,urban,vanOrUtility,vehicle,waterRiver,weatherA
369288,1936063.0,5646358.0,545911.0,0.0,0.0,2.0,North,2010/2011,SH 2,AROPAOANUI ROAD,Minor Crash,Yes,2011,West,0.0,,Hill Road,,Christmas New Year,,,Bright sun,1415200.0,1.0,0.0,0.0,2.0,0.0,,,Hawke's Bay Region,Nil,2-way,Sealed,0.0,0.0,,100.0,,Null,0.0,0.0,,30.0,Hastings District,Nil,,,,,0.0,0.0,Open,0.0,,,Fine
144096,1928842.0,5603900.0,547900.0,1.0,0.0,0.0,Null,2002/2003,RAILWAY ROAD,MURDOCH ROAD WEST,Serious Crash,No,2002,North,0.0,,Flat,,,,,Bright sun,1482600.0,0.0,0.0,0.0,2.0,0.0,,,Hawke's Bay Region,Nil,2-way,Sealed,0.0,1.0,,70.0,,Null,0.0,0.0,,30.0,Hastings District,Stop,,,,,0.0,0.0,Urban,1.0,,,Fine
328525,1928178.0,5608328.0,545710.0,0.0,0.0,1.0,North,2006/2007,ORMOND ROAD,OMAHU ROAD,Fatal Crash,No,2007,East,1.0,0.0,Flat,0.0,,0.0,0.0,Bright sun,1471000.0,0.0,0.0,0.0,2.0,0.0,0.0,,Hawke's Bay Region,Nil,2-way,Sealed,0.0,0.0,0.0,60.0,0.0,Null,0.0,0.0,,30.0,Hastings District,Nil,0.0,0.0,0.0,1.0,0.0,0.0,Urban,0.0,0.0,0.0,Fine
236888,1930025.0,5613749.0,545831.0,0.0,0.0,0.0,Null,2006/2007,SH 50,FRANKLIN ROAD,Non-Injury Crash,Yes,2006,East,0.0,,Flat,,,,,Overcast,1404600.0,0.0,0.0,0.0,2.0,1.0,,,Hawke's Bay Region,Nil,2-way,Sealed,0.0,0.0,,100.0,,Null,0.0,0.0,,30.0,Hastings District,Give way,,,,,0.0,0.0,Open,1.0,,,Fine
213272,1930473.0,5607553.0,545721.0,0.0,0.0,0.0,Null,2006/2007,PAKOWHAI ROAD,EVENDEN ROAD,Non-Injury Crash,No,2007,North,0.0,1.0,Flat,0.0,,0.0,0.0,Twilight,1471401.0,0.0,0.0,0.0,2.0,0.0,0.0,,Hawke's Bay Region,Nil,2-way,Sealed,0.0,0.0,0.0,70.0,0.0,On,1.0,0.0,,30.0,Hastings District,Give way,1.0,0.0,0.0,0.0,0.0,0.0,Urban,0.0,0.0,0.0,Light rain
544311,1927099.0,5599638.0,545852.0,0.0,0.0,0.0,West,2010/2011,STOCK ROAD,CRYSTALL ROAD,Minor Crash,No,2011,North,0.0,0.0,Flat,0.0,Easter,0.0,0.0,Dark,1465801.0,2.0,0.0,0.0,2.0,0.0,0.0,,Hawke's Bay Region,Nil,2-way,Sealed,0.0,0.0,0.0,100.0,0.0,None,1.0,0.0,,30.0,Hastings District,Nil,0.0,0.0,0.0,0.0,0.0,0.0,Open,0.0,0.0,0.0,Fine
44277,1929503.0,5608862.0,545710.0,0.0,0.0,1.0,Null,2016/2017,SH 50A,EVENDEN ROAD,Non-Injury Crash,Yes,2016,West,0.0,,Flat,,,,,Overcast,1471100.0,0.0,0.0,0.0,2.0,0.0,,,Hawke's Bay Region,Nil,2-way,Sealed,0.0,0.0,,100.0,,Off,0.0,0.0,,30.0,Hastings District,Give way,,,,,0.0,0.0,Open,1.0,,,Light rain
474845,1923207.0,5626646.0,545821.0,0.0,0.0,0.0,East,2009/2010,PUKETITIRI ROAD,GLENGARRY ROAD,Minor Crash,No,2009,North,0.0,,Hill Road,,,,,Overcast,1411100.0,1.0,0.0,0.0,2.0,0.0,,,Hawke's Bay Region,Nil,2-way,Sealed,0.0,0.0,,100.0,,Null,0.0,0.0,30.0,30.0,Hastings District,Nil,,,,,1.0,0.0,Open,0.0,,,Fine
178642,1924869.0,5637554.0,545811.0,0.0,0.0,2.0,South,2008/2009,SH 5,GLENGARRY ROAD,Non-Injury Crash,Yes,2009,East,0.0,0.0,Flat,0.0,,0.0,0.0,Dark,1414800.0,0.0,0.0,0.0,2.0,0.0,0.0,,Hawke's Bay Region,Nil,2-way,Sealed,0.0,0.0,0.0,100.0,0.0,None,0.0,0.0,,30.0,Hastings District,Nil,0.0,0.0,0.0,0.0,0.0,0.0,Open,0.0,0.0,0.0,Mist or Fog
226770,1928282.282,5605874.2539,547900.0,0.0,0.0,1.0,Null,2018/2019,MARAEKAKAHO ROAD,LOWE STREET,Non-Injury Crash,No,2018,West,0.0,1.0,Flat,0.0,,0.0,0.0,Dark,1479900.0,0.0,0.0,0.0,2.0,0.0,0.0,,Hawke's Bay Region,Nil,2-way,Sealed,0.0,0.0,0.0,50.0,0.0,On,0.0,0.0,,30.0,Hastings District,Give way,0.0,0.0,0.0,0.0,0.0,0.0,Urban,0.0,0.0,0.0,Fine
225405,1929195.0,5605171.0,548200.0,0.0,0.0,5.0,North,2013/2014,SOUTHLAND ROAD,SOUTHAMPTON ST WEST,Non-Injury Crash,No,2014,North,0.0,,Flat,,,,,Overcast,1488600.0,0.0,0.0,0.0,2.0,0.0,,,Hawke's Bay Region,Nil,2-way,Sealed,0.0,0.0,,50.0,,Null,0.0,0.0,,30.0,Hastings District,Unknown,,,,,0.0,0.0,Urban,0.0,,,Light rain
26311,1931376.0,5613051.0,545832.0,0.0,0.0,0.0,South,2008/2009,PAKOWHAI ROAD,ALLEN ROAD,Serious Crash,No,2009,South,0.0,0.0,Flat,0.0,,0.0,0.0,Dark,1403900.0,0.0,0.0,0.0,2.0,0.0,0.0,,Hawke's Bay Region,Nil,2-way,Sealed,0.0,1.0,0.0,100.0,0.0,None,0.0,0.0,,30.0,Hastings District,Nil,0.0,0.0,0.0,0.0,0.0,0.0,Open,1.0,0.0,0.0,Fine
640237,1925866.0,5606592.0,548620.0,1.0,0.0,1.0,Null,2004/2005,FLAXMERE AVENUE,WILSON ROAD,Minor Crash,No,2005,East,0.0,,Flat,,,,,Twilight,1476400.0,1.0,0.0,0.0,2.0,0.0,,,Hawke's Bay Region,Nil,2-way,Sealed,0.0,0.0,,50.0,,On,0.0,0.0,,30.0,Hastings District,Give way,,,,,0.0,0.0,Urban,0.0,,,Light rain
543175,1913131.0,5587019.0,545851.0,0.0,0.0,1.0,South,2003/2004,SH 2,WAIKAREAO ROAD,Minor Crash,Yes,2004,South,0.0,0.0,Hill Road,0.0,,0.0,0.0,Overcast,1464600.0,2.0,0.0,0.0,3.0,0.0,0.0,,Hawke's Bay Region,Nil,2-way,Sealed,0.0,0.0,0.0,100.0,0.0,Null,0.0,0.0,,30.0,Hastings District,Nil,0.0,0.0,0.0,0.0,0.0,0.0,Open,0.0,0.0,0.0,Light rain
235675,1912280.0,5586716.0,545851.0,0.0,0.0,1.0,North,2009/2010,SH 2,TE ONEPU ROAD,Serious Crash,Yes,2010,North,0.0,0.0,Hill Road,0.0,,0.0,0.0,Dark,1464600.0,2.0,0.0,0.0,2.0,0.0,0.0,,Hawke's Bay Region,Nil,2-way,Sealed,0.0,1.0,0.0,100.0,0.0,None,0.0,0.0,,30.0,Hastings District,Nil,0.0,0.0,0.0,0.0,0.0,0.0,Open,0.0,0.0,0.0,Fine
742226,1930375.0,5605158.0,548200.0,1.0,0.0,1.0,Null,2014/2015,KARAMU ROAD NORTH,VICTORIA ST,Non-Injury Crash,No,2014,West,0.0,,Flat,,,,,Bright sun,1494100.0,0.0,0.0,0.0,2.0,0.0,,,Hawke's Bay Region,Nil,2-way,Sealed,0.0,0.0,,50.0,,Off,0.0,0.0,,30.0,Hastings District,Give way,,,,,0.0,0.0,Urban,0.0,,,Fine
117374,1913288.0,5587210.0,545851.0,0.0,0.0,2.0,South,2010/2011,SH 2,WAIKAREAO ROAD,Minor Crash,Yes,2010,North,0.0,0.0,Hill Road,0.0,,0.0,0.0,Bright sun,1464600.0,3.0,0.0,0.0,2.0,0.0,0.0,,Hawke's Bay Region,Nil,2-way,Sealed,0.0,0.0,0.0,100.0,0.0,Null,0.0,0.0,30.0,30.0,Hastings District,Nil,0.0,0.0,0.0,0.0,0.0,0.0,Open,0.0,0.0,0.0,Fine
689458,1929851.0,5605477.0,548200.0,0.0,0.0,2.0,Null,2003/2004,NELSON ST NORTH,ST AUBYN ST WEST,Non-Injury Crash,No,2004,North,0.0,,Flat,,,,,Twilight,1491000.0,0.0,0.0,0.0,2.0,0.0,,,Hawke's Bay Region,Nil,2-way,Sealed,0.0,0.0,,50.0,,On,0.0,0.0,,30.0,Hastings District,Traffic Signals,,,,,0.0,0.0,Urban,0.0,,,Fine
147568,1926410.0,5606488.0,545761.0,0.0,0.0,1.0,North,2015/2016,SH 50A,YORK ROAD,Serious Crash,Yes,2016,South,0.0,,Flat,,,,,Dark,1469905.0,0.0,0.0,0.0,2.0,0.0,,,Hawke's Bay Region,Nil,2-way,Sealed,0.0,1.0,,100.0,,None,0.0,0.0,,30.0,Hastings District,Unknown,,,,,0.0,0.0,Open,0.0,,,Fine
734424,1930028.6112,5604634.4271,548200.0,0.0,0.0,1.0,North,2018/2019,HERETAUNGA STREET EAST,HASTINGS STREET NORTH,Non-Injury Crash,No,2018,South,0.0,,Flat,,,,,Overcast,1493200.0,0.0,0.0,0.0,2.0,0.0,,,Hawke's Bay Region,Nil,2-way,Sealed,0.0,0.0,,50.0,,Off,0.0,0.0,,30.0,Hastings District,Nil,,,,,0.0,0.0,Urban,1.0,,,Fine
286201,1928022.0,5606551.0,548500.0,0.0,0.0,0.0,South,2006/2007,LOWE ST,ORCHARD ROAD,Minor Crash,No,2006,South,0.0,,Flat,,,,,Bright sun,1479500.0,1.0,0.0,0.0,2.0,0.0,,1.0,Hawke's Bay Region,Nil,2-way,Sealed,0.0,0.0,,50.0,,Null,0.0,0.0,,30.0,Hastings District,Nil,,,,,0.0,0.0,Urban,1.0,,,Fine
75227,1930228.0,5604383.0,548200.0,0.0,0.0,2.0,Null,2000/2001,WILLOWPARK ROAD NORTH,HERETAUNGA ST EAST,Non-Injury Crash,No,2000,North,0.0,,Flat,,,,,Overcast,1494000.0,0.0,0.0,0.0,2.0,0.0,,,Hawke's Bay Region,Nil,2-way,Sealed,0.0,0.0,,50.0,,Null,0.0,0.0,,30.0,Hastings District,Traffic Signals,,,,,0.0,0.0,Urban,0.0,,,Fine
451912,1929743.0,5605016.0,548200.0,0.0,0.0,0.0,Null,2009/2010,HERETAUNGA ST WEST,MARKET ST SOUTH,Non-Injury Crash,No,2010,East,0.0,,Flat,,,,,Overcast,1491700.0,0.0,0.0,0.0,2.0,0.0,,,Hawke's Bay Region,Nil,2-way,Sealed,0.0,0.0,,50.0,,Null,0.0,0.0,,30.0,Hastings District,Give way,,,,,0.0,0.0,Urban,2.0,,,Light rain
153281,1930835.0,5603667.0,548100.0,1.0,0.0,1.0,Null,2015/2016,HERETAUNGA ST EAST,WINDSOR AVENUE,Minor Crash,No,2015,North,0.0,,Flat,,,,,Bright sun,1500300.0,1.0,0.0,0.0,2.0,0.0,,,Hawke's Bay Region,Nil,2-way,Sealed,0.0,0.0,,50.0,,Off,0.0,0.0,,30.0,Hastings District,Stop,,,,,0.0,0.0,Urban,0.0,,,Fine
491360,1927137.519,5602300.3258,545852.0,0.0,0.0,1.0,North,2018/2019,LONGLANDS ROAD WEST,RAILWAY ROAD SOUTH,Non-Injury Crash,No,2018,West,0.0,1.0,Flat,0.0,,0.0,0.0,Dark,1469600.0,0.0,0.0,0.0,1.0,0.0,0.0,,Hawke's Bay Region,Nil,2-way,Sealed,0.0,0.0,0.0,100.0,0.0,None,0.0,0.0,,30.0,Hastings District,Nil,0.0,0.0,0.0,0.0,0.0,0.0,Open,0.0,0.0,0.0,Heavy rain
37058,1933413.0,5602864.0,545750.0,0.0,0.0,0.0,Null,2007/2008,NAPIER ROAD,ROMANES DRIVE,Serious Crash,No,2008,South,0.0,,Flat,,,,,Overcast,1466202.0,0.0,0.0,1.0,2.0,0.0,,,Hawke's Bay Region,Nil,2-way,Sealed,0.0,1.0,,50.0,,Null,0.0,0.0,,30.0,Hastings District,Give way,,,,,0.0,0.0,Urban,0.0,,,Fine
183027,1929265.0,5605647.0,547700.0,0.0,0.0,2.0,Null,2008/2009,HERETAUNGA ST WEST,LOVEDALE ROAD,Non-Injury Crash,No,2008,East,0.0,,Flat,,,,,Bright sun,1487900.0,0.0,0.0,0.0,2.0,0.0,,,Hawke's Bay Region,Nil,2-way,Sealed,0.0,0.0,,50.0,,Null,0.0,0.0,,30.0,Hastings District,Stop,,,,,0.0,0.0,Urban,0.0,,,Fine
38135,1933388.0,5604906.0,545721.0,0.0,0.0,1.0,Null,2002/2003,ST GEORGES ROAD,HASSEL ROAD,Non-Injury Crash,No,2002,South,0.0,0.0,Flat,0.0,,0.0,0.0,Dark,1473100.0,0.0,0.0,0.0,2.0,0.0,0.0,,Hawke's Bay Region,Nil,2-way,Sealed,0.0,0.0,0.0,100.0,0.0,None,0.0,0.0,,30.0,Hastings District,Nil,0.0,0.0,0.0,1.0,0.0,0.0,Open,0.0,0.0,0.0,Light rain
148490,1928122.0,5600905.0,545852.0,0.0,0.0,1.0,South,2004/2005,TE AUTE ROAD,LONGLANDS ROAD EAST,Minor Crash,No,2005,North,0.0,0.0,Flat,0.0,,0.0,0.0,Dark,1465700.0,1.0,0.0,0.0,2.0,0.0,0.0,,Hawke's Bay Region,Nil,2-way,Sealed,0.0,0.0,0.0,100.0,0.0,None,0.0,0.0,,30.0,Hastings District,Nil,0.0,0.0,0.0,0.0,0.0,0.0,Open,0.0,0.0,0.0,Light rain
637191,1928569.0,5606483.0,548500.0,0.0,0.0,2.0,East,2004/2005,OMAHU ROAD,HAPUKA ST,Non-Injury Crash,No,2005,East,0.0,,Flat,,,,,Bright sun,1478700.0,0.0,0.0,0.0,2.0,0.0,,,Hawke's Bay Region,Nil,2-way,Sealed,0.0,0.0,,50.0,,Null,0.0,0.0,,30.0,Hastings District,Nil,,,,,0.0,0.0,Urban,0.0,,,Fine
93785,1930367.0,5604176.0,548300.0,1.0,0.0,1.0,Null,2013/2014,HERETAUNGA ST EAST,RIVERSLEA ROAD SOUTH,Non-Injury Crash,No,2014,East,0.0,,Flat,,,,,Overcast,1501600.0,0.0,0.0,0.0,2.0,0.0,,,Hawke's Bay Region,Nil,2-way,Sealed,0.0,0.0,,50.0,,Null,0.0,0.0,,30.0,Hastings District,Stop,,,,,0.0,0.0,Urban,0.0,,,Light rain
619170,1918947.0,5652702.0,545911.0,0.0,0.0,1.0,South,1999/2000,SH 5,OLSENS GATE,Minor Crash,Yes,2000,South,0.0,1.0,Hill Road,0.0,,0.0,0.0,Overcast,1415900.0,1.0,0.0,0.0,3.0,0.0,0.0,,Hawke's Bay Region,Nil,2-way,Sealed,0.0,0.0,0.0,100.0,0.0,Null,0.0,0.0,,30.0,Hastings District,Nil,0.0,0.0,0.0,0.0,0.0,0.0,Open,0.0,0.0,0.0,Light rain
139257,1936269.0,5611941.0,545832.0,0.0,0.0,1.0,North,2001/2002,SH 2,HELLYERS LANE,Serious Crash,Yes,2002,South,0.0,1.0,Flat,0.0,,1.0,0.0,Dark,1404200.0,0.0,0.0,0.0,2.0,0.0,0.0,,Hawke's Bay Region,Nil,2-way,Sealed,0.0,1.0,0.0,100.0,0.0,None,0.0,0.0,,30.0,Hastings District,Nil,0.0,0.0,0.0,0.0,0.0,0.0,Open,0.0,0.0,0.0,Fine
139892,1937368.0,5609412.0,545730.0,1.0,0.0,0.0,East,2004/2005,LAWN ROAD,MILL ROAD,Serious Crash,No,2004,West,0.0,,Flat,,,,,Bright sun,1405300.0,1.0,0.0,0.0,2.0,0.0,,,Hawke's Bay Region,Nil,2-way,Sealed,0.0,1.0,,100.0,,Null,0.0,0.0,,30.0,Hastings District,Nil,,,,,0.0,0.0,Open,1.0,,,Fine
284992,1929657.0,5605330.0,548200.0,0.0,0.0,1.0,Null,2001/2002,NELSON ST NORTH,QUEEN ST WEST,Non-Injury Crash,No,2001,North,0.0,1.0,Flat,0.0,,0.0,0.0,Overcast,1490800.0,0.0,0.0,0.0,2.0,0.0,0.0,,Hawke's Bay Region,Nil,2-way,Sealed,0.0,0.0,0.0,50.0,0.0,Null,0.0,0.0,,30.0,Hastings District,Give way,0.0,0.0,0.0,1.0,0.0,0.0,Urban,1.0,0.0,0.0,Light rain
497567,1929441.0,5608839.0,545710.0,0.0,0.0,1.0,Null,2006/2007,SH 50A,EVENDEN ROAD,Non-Injury Crash,Yes,2006,North,0.0,0.0,Flat,0.0,,0.0,0.0,Overcast,1471201.0,0.0,0.0,0.0,4.0,0.0,0.0,,Hawke's Bay Region,Nil,2-way,Sealed,0.0,0.0,0.0,100.0,0.0,Null,0.0,0.0,,30.0,Hastings District,Give way,0.0,0.0,0.0,0.0,0.0,0.0,Open,0.0,0.0,0.0,Light rain
224361,1924836.0,5620246.0,545821.0,0.0,0.0,1.0,South,2006/2007,DARTMOOR ROAD,VICARAGE ROAD,Non-Injury Crash,No,2007,North,0.0,1.0,Flat,0.0,,0.0,0.0,Overcast,1411400.0,0.0,0.0,0.0,2.0,0.0,0.0,,Hawke's Bay Region,Nil,2-way,Sealed,0.0,0.0,0.0,100.0,0.0,Null,0.0,0.0,,30.0,Hastings District,Nil,0.0,0.0,0.0,0.0,0.0,0.0,Open,0.0,0.0,0.0,Light rain
70924,1929193.0,5604963.0,548200.0,4.0,0.0,2.0,South,2009/2010,KNIGHT ST,NELSON ST SOUTH,Minor Crash,No,2009,South,0.0,0.0,Flat,0.0,,0.0,0.0,Bright sun,1489200.0,4.0,0.0,0.0,2.0,0.0,1.0,,Hawke's Bay Region,Nil,2-way,Sealed,0.0,0.0,0.0,50.0,0.0,Null,0.0,0.0,,30.0,Hastings District,Nil,0.0,0.0,0.0,0.0,0.0,0.0,Urban,0.0,0.0,0.0,Fine
200284,1929464.0,5605185.0,548200.0,0.0,0.0,2.0,Null,2012/2013,EASTBOURNE ST WEST,NELSON ST SOUTH,Non-Injury Crash,No,2013,North,0.0,,Flat,,,,,Bright sun,1488900.0,0.0,0.0,0.0,2.0,0.0,,,Hawke's Bay Region,Nil,2-way,Sealed,0.0,0.0,,50.0,,Null,1.0,0.0,,30.0,Hastings District,Stop,,,,,0.0,0.0,Urban,0.0,,,Fine
40343,1929362.1964,5605482.0746,548200.0,0.0,0.0,0.0,South,2018/2019,CHARLES STREET,HERETAUNGA STREET WEST,Minor Crash,No,2019,North,0.0,,Flat,,,,,Twilight,1488800.0,1.0,0.0,0.0,2.0,0.0,,1.0,Hawke's Bay Region,Nil,2-way,Sealed,0.0,0.0,,50.0,,Off,1.0,0.0,,30.0,Hastings District,Unknown,,,,,0.0,0.0,Urban,0.0,,,Fine
429378,1894248.0,5630107.0,545913.0,0.0,0.0,1.0,North,2007/2008,TAIHAPE ROAD,GLENROSS ROAD,Non-Injury Crash,No,2008,North,0.0,0.0,Hill Road,0.0,,0.0,0.0,Overcast,1409800.0,0.0,0.0,0.0,2.0,0.0,0.0,,Hawke's Bay Region,Nil,2-way,Unsealed,0.0,0.0,0.0,100.0,0.0,Null,0.0,0.0,,30.0,Hastings District,Nil,0.0,0.0,0.0,0.0,0.0,0.0,Open,0.0,0.0,0.0,Fine
394744,1926661.0,5600206.0,545852.0,0.0,0.0,1.0,West,2009/2010,TE AUTE ROAD,CRYSTALL ROAD,Non-Injury Crash,No,2009,East,0.0,1.0,Flat,0.0,,0.0,0.0,Bright sun,1468700.0,0.0,0.0,0.0,2.0,0.0,0.0,,Hawke's Bay Region,Nil,2-way,Sealed,0.0,0.0,0.0,100.0,0.0,Null,0.0,0.0,,30.0,Hastings District,Nil,0.0,0.0,0.0,0.0,0.0,0.0,Open,0.0,0.0,0.0,Fine
649425,1929490.0,5600705.0,545762.0,0.0,0.0,1.0,West,2000/2001,TE AUTE ROAD,ST GEORGES ROAD,Minor Crash,No,2000,West,0.0,1.0,Flat,0.0,,0.0,0.0,Overcast,1465300.0,2.0,0.0,0.0,2.0,0.0,0.0,,Hawke's Bay Region,Nil,2-way,Sealed,0.0,0.0,0.0,100.0,0.0,Null,0.0,0.0,,30.0,Hastings District,Nil,0.0,0.0,0.0,1.0,0.0,0.0,Open,0.0,0.0,0.0,Fine
364576,1924459.0,5607937.0,548612.0,0.0,0.0,1.0,Null,2007/2008,FLAXMERE AVENUE,DIAZ DRIVE,Non-Injury Crash,No,2008,East,0.0,,Flat,,,,,Bright sun,1474106.0,0.0,0.0,0.0,2.0,0.0,,,Hawke's Bay Region,Nil,2-way,Sealed,0.0,0.0,,50.0,,Null,1.0,0.0,,30.0,Hastings District,Give way,,,,,0.0,0.0,Urban,0.0,,,Fine
140619,1931412.0,5603051.0,545762.0,0.0,0.0,1.0,North,2014/2015,HAVELOCK ROAD,ST GEORGES ROAD,Minor Crash,No,2015,South,0.0,,Flat,,,,,Bright sun,1468500.0,1.0,0.0,0.0,2.0,0.0,,,Hawke's Bay Region,Nil,2-way,Sealed,0.0,0.0,,70.0,,Null,0.0,0.0,,30.0,Hastings District,Nil,,,,,0.0,0.0,Urban,1.0,,,Fine
312661,1929275.0,5605233.0,548200.0,0.0,0.0,2.0,Null,2004/2005,SOUTHLAND ROAD,LYNDON ROAD WEST,Non-Injury Crash,No,2005,South,0.0,,Flat,,,,,Bright sun,1488700.0,0.0,0.0,0.0,2.0,0.0,,,Hawke's Bay Region,Nil,2-way,Sealed,0.0,0.0,,50.0,,Null,0.0,0.0,,30.0,Hastings District,Give way,,,,,0.0,0.0,Urban,0.0,,,Fine
674441,1924951.0,5601696.0,545851.0,0.0,0.0,1.0,Null,2016/2017,SH 50A,MANGAROA ROAD,Non-Injury Crash,Yes,2017,South,0.0,1.0,Flat,0.0,,0.0,0.0,Dark,1463500.0,0.0,0.0,0.0,2.0,0.0,0.0,,Hawke's Bay Region,Nil,2-way,Sealed,0.0,0.0,0.0,100.0,0.0,On,0.0,0.0,,30.0,Hastings District,Give way,0.0,1.0,0.0,1.0,0.0,0.0,Open,0.0,0.0,0.0,Fine
40226,1929956.0,5604530.0,548200.0,0.0,0.0,2.0,Null,2002/2003,HASTINGS ST SOUTH,EASTBOURNE ST EAST,Minor Crash,No,2003,North,0.0,,Flat,,,,,Bright sun,1493200.0,5.0,0.0,0.0,2.0,0.0,,,Hawke's Bay Region,Nil,2-way,Sealed,0.0,0.0,,50.0,,Off,0.0,0.0,,30.0,Hastings District,Give way,,,,,0.0,0.0,Urban,0.0,,,Fine
289091,1922963.0,5638377.0,545811.0,0.0,0.0,0.0,Null,2004/2005,SH 5,GLENGARRY ROAD,Minor Crash,Yes,2004,South,0.0,,Flat,,Christmas New Year,,,Bright sun,1414800.0,3.0,0.0,0.0,2.0,0.0,,,Hawke's Bay Region,Nil,2-way,Sealed,0.0,0.0,,100.0,,Null,0.0,0.0,,30.0,Hastings District,Give way,,,,,0.0,0.0,Open,1.0,,,Fine
280592,1947503.0,5659644.0,545911.0,0.0,0.0,1.0,South,2006/2007,GLENBROOK ROAD,WAIKARE ROAD,Non-Injury Crash,No,2006,South,0.0,1.0,Hill Road,0.0,,0.0,0.0,Overcast,1415100.0,0.0,0.0,0.0,2.0,0.0,0.0,,Hawke's Bay Region,Nil,2-way,Sealed,0.0,0.0,0.0,100.0,0.0,Null,0.0,0.0,,30.0,Hastings District,Nil,0.0,0.0,0.0,0.0,0.0,0.0,Open,0.0,0.0,0.0,Fine
79319,1931870.0,5603690.0,545721.0,0.0,0.0,1.0,East,2008/2009,ADA ST,KATHLEEN ST,Minor Crash,No,2008,North,0.0,0.0,Flat,0.0,,0.0,0.0,Bright sun,1473200.0,1.0,0.0,0.0,2.0,0.0,0.0,,Hawke's Bay Region,Nil,2-way,Sealed,0.0,0.0,0.0,80.0,0.0,Null,0.0,0.0,,30.0,Hastings District,Nil,0.0,0.0,0.0,0.0,0.0,0.0,Open,0.0,0.0,0.0,Fine
293253,1927739.0,5607290.0,547800.0,0.0,0.0,3.0,East,2008/2009,OMAHU ROAD,SH 50A,Non-Injury Crash,No,2008,West,0.0,,Flat,,,,,Overcast,1476600.0,0.0,0.0,0.0,2.0,0.0,,,Hawke's Bay Region,Nil,2-way,Sealed,0.0,0.0,,50.0,,Null,0.0,1.0,30.0,30.0,Hastings District,Nil,,,,,0.0,0.0,Urban,0.0,,,Fine
304172,1929410.0,5605456.0,548200.0,0.0,0.0,2.0,South,2017/2018,HERETAUNGA ST WEST,CHARLES ST,Minor Crash,No,2018,North,0.0,,Flat,,,,,Overcast,1490100.0,4.0,0.0,0.0,2.0,0.0,,,Hawke's Bay Region,Nil,2-way,Sealed,0.0,0.0,,50.0,,Null,0.0,0.0,,30.0,Hastings District,Unknown,,,,,0.0,0.0,Urban,0.0,,,Fine
210218,1931771.0,5612283.0,545832.0,0.0,0.0,1.0,North,2008/2009,PAKOWHAI ROAD,BROOKFIELDS ROAD,Minor Crash,No,2009,West,0.0,,Flat,,,,,Bright sun,1403900.0,1.0,0.0,0.0,2.0,0.0,,,Hawke's Bay Region,Nil,2-way,Sealed,0.0,0.0,,100.0,,Null,0.0,0.0,,30.0,Hastings District,Nil,,,,,1.0,0.0,Open,0.0,,,Fine
456292,1927696.0,5607970.0,545710.0,0.0,0.0,1.0,North,2004/2005,ORMOND ROAD,OMAHU ROAD,Non-Injury Crash,No,2005,South,0.0,0.0,Flat,0.0,,0.0,0.0,Dark,1471201.0,0.0,0.0,0.0,2.0,0.0,0.0,,Hawke's Bay Region,Nil,2-way,Sealed,0.0,0.0,0.0,50.0,0.0,On,0.0,0.0,,30.0,Hastings District,Nil,0.0,0.0,0.0,1.0,0.0,0.0,Urban,0.0,0.0,0.0,Fine
596156,1936451.0,5610903.0,545730.0,0.0,0.0,1.0,South,2008/2009,SUTTON AVENUE,SCHOOL ROAD,Non-Injury Crash,No,2008,South,0.0,0.0,Flat,0.0,,0.0,0.0,Dark,1405500.0,0.0,0.0,0.0,2.0,0.0,1.0,,Hawke's Bay Region,Nil,2-way,Sealed,0.0,0.0,0.0,50.0,0.0,On,0.0,0.0,,30.0,Hastings District,Nil,0.0,0.0,0.0,0.0,0.0,0.0,Urban,1.0,0.0,0.0,Fine
296085,1929368.0,5605562.0,547700.0,0.0,0.0,1.0,East,2009/2010,TOMOANA ROAD,HERETAUNGA ST WEST,Non-Injury Crash,No,2010,South,0.0,,Flat,,,,,Bright sun,1487900.0,0.0,0.0,0.0,2.0,0.0,,,Hawke's Bay Region,Nil,2-way,Sealed,0.0,0.0,,50.0,,Null,0.0,0.0,,30.0,Hastings District,Nil,,,,,0.0,0.0,Urban,1.0,,,Fine
34134,1931084.9536,5605509.0447,548000.0,0.0,0.0,1.0,North,2019/2020,GROVE ROAD,KARAMU ROAD NORTH,Minor Crash,No,2020,South,0.0,,Flat,,,,,Overcast,1497500.0,1.0,0.0,0.0,2.0,0.0,,,Hawke's Bay Region,Nil,2-way,Sealed,0.0,0.0,,50.0,,Off,0.0,0.0,,30.0,Hastings District,Nil,,,,,0.0,0.0,Urban,1.0,,,Fine