OBJECTID,X,Y,areaUnitID,bicycle,bus,carStationWagon,crashDirectionDescription,crashFinancialYear,crashLocation1,crashLocation2,crashSeverity,crashSHDescription,crashYear,directionRoleDescription,fatalCount,fence,flatHill,guardRail,holiday,houseOrBuilding,kerb,light,meshblockId,minorInjuryCount,moped,motorcycle,NumberOfLanes,otherVehicleType,parkedVehicle,pedestrian,region,roadCharacter,roadLane,roadSurface,schoolBus,seriousInjuryCount,slipOrFlood,speedLimit,strayAnimal,streetLight,suv,taxi,temporarySpeedLimit,tlaId,tlaName,trafficControl,trafficIsland,trafficSign,train,tree,truck,unknownVehicleType,urban,vanOrUtility,vehicle,waterRiver,weatherA
74333,1929786.0,5604048.0,548300.0,0.0,0.0,1.0,Null,2002/2003,WILLOWPARK ROAD SOUTH,ELM ROAD,Non-Injury Crash,No,2002,South,0.0,0.0,Flat,0.0,,0.0,0.0,Twilight,1503500.0,0.0,0.0,0.0,2.0,0.0,0.0,,Hawke's Bay Region,Nil,2-way,Sealed,0.0,0.0,0.0,50.0,0.0,On,0.0,0.0,,30.0,Hastings District,Give way,0.0,0.0,0.0,0.0,0.0,0.0,Urban,0.0,0.0,0.0,Fine
235021,1928880.0,5606156.0,547700.0,1.0,0.0,0.0,Null,2002/2003,HERETAUNGA ST WEST,STORTFORD ST,Minor Crash,No,2003,West,0.0,0.0,Flat,0.0,,0.0,0.0,Overcast,1486600.0,1.0,0.0,0.0,2.0,0.0,0.0,,Hawke's Bay Region,Nil,2-way,Sealed,0.0,0.0,0.0,50.0,0.0,Null,0.0,0.0,,30.0,Hastings District,Nil,0.0,0.0,0.0,0.0,0.0,0.0,Urban,1.0,1.0,0.0,Light rain
136117,1924703.2573,5607331.8304,548612.0,0.0,0.0,1.0,Null,2019/2020,CAERNARVON DRIVE,CHATHAM ROAD,Non-Injury Crash,No,2020,West,0.0,0.0,Flat,0.0,,0.0,0.0,Bright sun,1474400.0,0.0,0.0,0.0,2.0,0.0,0.0,,Hawke's Bay Region,Nil,2-way,Sealed,0.0,0.0,0.0,50.0,0.0,Off,0.0,0.0,,30.0,Hastings District,Give way,0.0,0.0,0.0,0.0,0.0,0.0,Urban,0.0,0.0,0.0,Fine
430844,1935062.0,5598638.0,548833.0,0.0,0.0,1.0,South,2017/2018,TE MATA PEAK ROAD,PEAKHOUSE,Non-Injury Crash,No,2017,North,0.0,0.0,Hill Road,0.0,,0.0,0.0,Overcast,1467003.0,0.0,0.0,0.0,2.0,0.0,0.0,,Hawke's Bay Region,Nil,2-way,Sealed,0.0,0.0,0.0,40.0,0.0,Null,0.0,0.0,,30.0,Hastings District,Unknown,0.0,0.0,0.0,1.0,0.0,0.0,Urban,0.0,0.0,0.0,Light rain
139737,1930557.0,5606923.0,547600.0,0.0,0.0,2.0,Null,2014/2015,WILLIAMS ST,KONINI ST,Non-Injury Crash,No,2015,South,0.0,,Flat,,Christmas New Year,,,Overcast,1471402.0,0.0,0.0,0.0,2.0,0.0,,,Hawke's Bay Region,Nil,2-way,Sealed,0.0,0.0,,50.0,,None,0.0,0.0,,30.0,Hastings District,Nil,,,,,0.0,0.0,Urban,0.0,,,Fine
407365,1929137.0,5605815.0,547700.0,1.0,0.0,1.0,Null,1999/2000,HERETAUNGA ST WEST,GRAYS ROAD,Minor Crash,No,2000,East,0.0,,Flat,,,,,Dark,1487300.0,1.0,0.0,0.0,2.0,0.0,,,Hawke's Bay Region,Nil,2-way,Sealed,0.0,0.0,,50.0,,On,0.0,0.0,,30.0,Hastings District,Give way,,,,,0.0,0.0,Urban,0.0,,,Fine
399324,1928842.9291,5613900.3338,545831.0,0.0,0.0,1.0,North,2019/2020,KOROKIPO ROAD,OAMARANUI ROAD,Non-Injury Crash,Yes,2019,South,0.0,1.0,Flat,0.0,,0.0,0.0,Overcast,1404500.0,0.0,0.0,0.0,2.0,0.0,0.0,,Hawke's Bay Region,Nil,2-way,Sealed,0.0,0.0,0.0,100.0,0.0,Off,0.0,0.0,,30.0,Hastings District,Unknown,0.0,0.0,0.0,0.0,0.0,0.0,Open,0.0,0.0,0.0,Fine
7114,1932575.0,5608502.0,545721.0,0.0,0.0,2.0,Null,2010/2011,RUAHAPIA ROAD,WHAKATU ROAD,Minor Crash,No,2011,South,0.0,,Flat,,,,,Overcast,1471600.0,1.0,0.0,0.0,2.0,0.0,,,Hawke's Bay Region,Nil,2-way,Sealed,0.0,0.0,,100.0,,Null,0.0,0.0,,30.0,Hastings District,Give way,,,,,0.0,0.0,Open,0.0,,,Heavy rain
421565,1928029.6764,5604276.1367,547900.0,0.0,0.0,1.0,Null,2019/2020,SOUTHLAND ROAD,SOUTHLAND PLACE,Non-Injury Crash,No,2019,East,0.0,,Flat,,,,,Bright sun,1469303.0,0.0,0.0,0.0,2.0,0.0,,,Hawke's Bay Region,Nil,2-way,Sealed,0.0,0.0,,50.0,,None,0.0,0.0,,30.0,Hastings District,Nil,,,,,0.0,0.0,Urban,1.0,,,Fine
582926,1929048.0,5605934.0,547700.0,0.0,0.0,0.0,Null,2008/2009,HERETAUNGA ST WEST,GALLIEN ST,Non-Injury Crash,No,2009,East,0.0,0.0,Flat,0.0,,0.0,0.0,Dark,1487300.0,0.0,0.0,0.0,2.0,0.0,0.0,,Hawke's Bay Region,Nil,2-way,Sealed,0.0,0.0,0.0,50.0,0.0,On,0.0,0.0,,30.0,Hastings District,Stop,0.0,0.0,0.0,1.0,0.0,0.0,Urban,1.0,0.0,0.0,Fine
253474,1909077.0,5674647.0,545911.0,0.0,0.0,0.0,North,2006/2007,SH 5,TARAWERA TAV,Non-Injury Crash,Yes,2006,North,0.0,,Hill Road,,,,,Overcast,1281200.0,0.0,0.0,0.0,2.0,0.0,,,Hawke's Bay Region,Nil,2-way,Sealed,0.0,0.0,,100.0,,Null,0.0,0.0,,30.0,Hastings District,Nil,,,,,2.0,0.0,Open,0.0,,,Light rain
392158,1910505.7230000002,5664312.302,545911.0,0.0,0.0,0.0,North,2018/2019,005-0204,TURANGAKUMU ROAD,Minor Crash,Yes,2019,North,0.0,0.0,Hill Road,0.0,Queens Birthday,0.0,0.0,Dark,1414400.0,2.0,0.0,0.0,2.0,0.0,0.0,,Hawke's Bay Region,Nil,2-way,Sealed,0.0,0.0,0.0,100.0,0.0,None,0.0,0.0,70.0,30.0,Hastings District,Unknown,0.0,0.0,0.0,0.0,0.0,0.0,Open,1.0,0.0,0.0,Fine
184719,1932652.0,5609542.0,545832.0,0.0,0.0,1.0,Null,2017/2018,FARNDON ROAD,CHESTERHOPE BRIDGE,Minor Crash,No,2017,West,0.0,,Flat,,,,,Overcast,1404300.0,1.0,0.0,0.0,5.0,0.0,,,Hawke's Bay Region,Bridge,2-way,Sealed,0.0,0.0,,80.0,,Null,0.0,0.0,,30.0,Hastings District,Give way,,,,,0.0,0.0,Open,1.0,,,Light rain
107179,1931613.0,5608421.0,545710.0,0.0,0.0,1.0,Null,2017/2018,ELWOOD ROAD,PAKOWHAI ROAD,Non-Injury Crash,No,2018,North,0.0,,Flat,,,,,Overcast,1471100.0,0.0,0.0,0.0,2.0,0.0,,,Hawke's Bay Region,Nil,2-way,Sealed,0.0,0.0,,80.0,,Null,0.0,0.0,,30.0,Hastings District,Give way,,,,,0.0,0.0,Open,1.0,,,Fine
488140,1924850.0,5637560.0,545811.0,0.0,0.0,1.0,South,2005/2006,SH 5,GLENGARRY ROAD,Non-Injury Crash,Yes,2006,North,0.0,0.0,Hill Road,0.0,,0.0,0.0,Overcast,1414800.0,0.0,0.0,0.0,3.0,0.0,0.0,,Hawke's Bay Region,Nil,2-way,Sealed,0.0,0.0,0.0,100.0,0.0,Null,0.0,0.0,,30.0,Hastings District,Nil,0.0,0.0,0.0,1.0,0.0,0.0,Open,0.0,0.0,0.0,Heavy rain
525306,1929737.0,5614611.0,545831.0,0.0,0.0,1.0,South,2015/2016,WAIOHIKI ROAD,HATAS LANE,Non-Injury Crash,No,2015,North,0.0,,Flat,,,,,Bright sun,1404600.0,0.0,0.0,0.0,2.0,0.0,,,Hawke's Bay Region,Nil,2-way,Sealed,0.0,0.0,,70.0,,Null,0.0,0.0,,30.0,Hastings District,Unknown,,,,,0.0,0.0,Urban,0.0,,,Fine
593438,1923463.4819999998,5596657.4319,545851.0,0.0,0.0,1.0,West,2019/2020,SH 2,KENNELS CNR,Non-Injury Crash,Yes,2020,West,0.0,,Flat,,,,,Overcast,1463900.0,0.0,0.0,0.0,2.0,0.0,,,Hawke's Bay Region,Nil,2-way,Sealed,0.0,0.0,,100.0,,None,0.0,0.0,,30.0,Hastings District,Nil,,,,,0.0,0.0,Open,1.0,,,Fine
578081,1930104.0,5607276.0,545710.0,0.0,0.0,1.0,East,2011/2012,PAKOWHAI ROAD,FREDERICK ST,Minor Crash,No,2012,South,0.0,1.0,Flat,0.0,,0.0,0.0,Bright sun,1471300.0,1.0,0.0,0.0,2.0,0.0,0.0,,Hawke's Bay Region,Nil,2-way,Sealed,0.0,0.0,0.0,50.0,0.0,Null,0.0,0.0,,30.0,Hastings District,Nil,0.0,0.0,0.0,0.0,0.0,0.0,Urban,0.0,0.0,0.0,Fine
721491,1928530.0,5606522.0,547800.0,0.0,0.0,2.0,South,2013/2014,OMAHU ROAD,HAPUKA ST,Minor Crash,No,2013,South,0.0,,Flat,,,,,Bright sun,1477700.0,2.0,0.0,0.0,2.0,0.0,,,Hawke's Bay Region,Nil,2-way,Sealed,0.0,0.0,,50.0,,Null,1.0,0.0,,30.0,Hastings District,Nil,,,,,0.0,0.0,Urban,0.0,,,Fine
180694,1921378.0,5595314.0,545851.0,0.0,0.0,1.0,North,2005/2006,SH 2,TE MAHANGA ROAD,Non-Injury Crash,Yes,2006,North,0.0,0.0,Flat,0.0,,0.0,0.0,Overcast,1463900.0,0.0,0.0,0.0,2.0,0.0,0.0,,Hawke's Bay Region,Nil,2-way,Sealed,0.0,0.0,0.0,100.0,0.0,Null,0.0,0.0,,30.0,Hastings District,Nil,0.0,0.0,0.0,0.0,1.0,0.0,Open,0.0,1.0,0.0,Light rain
529838,1929186.0,5633187.0,545811.0,0.0,0.0,2.0,East,2000/2001,SH 5,WAIPUNGA ROAD,Non-Injury Crash,Yes,2000,West,0.0,,Flat,,Christmas New Year,,,Bright sun,1414700.0,0.0,0.0,0.0,2.0,0.0,,,Hawke's Bay Region,Nil,2-way,Sealed,0.0,0.0,,100.0,,Null,0.0,0.0,,30.0,Hastings District,Nil,,,,,0.0,0.0,Open,0.0,,,Fine
396094,1930149.0,5604677.0,548200.0,0.0,0.0,2.0,Null,2004/2005,QUEEN ST EAST,HASTINGS ST NORTH,Non-Injury Crash,No,2005,North,0.0,,Flat,,,,,Overcast,1493400.0,0.0,0.0,0.0,2.0,0.0,,,Hawke's Bay Region,Nil,2-way,Sealed,0.0,0.0,,50.0,,Null,0.0,0.0,,30.0,Hastings District,Give way,,,,,0.0,0.0,Urban,0.0,,,Light rain
331750,1936878.0,5594967.0,545860.0,0.0,0.0,0.0,South,2009/2010,WAIMARAMA ROAD,TUKI TUKI ROAD,Non-Injury Crash,No,2009,North,0.0,,Hill Road,,,,,Bright sun,1467200.0,0.0,0.0,0.0,2.0,0.0,,,Hawke's Bay Region,Nil,2-way,Sealed,0.0,0.0,,100.0,,Null,0.0,0.0,,30.0,Hastings District,Nil,,,,,1.0,0.0,Open,1.0,,,Fine
618882,1930733.0,5605377.0,548200.0,0.0,0.0,0.0,North,2009/2010,KARAMU ROAD NORTH,JERVOIS ST,Non-Injury Crash,No,2010,South,0.0,,Flat,,,,,Bright sun,1494300.0,0.0,0.0,0.0,2.0,0.0,,,Hawke's Bay Region,Nil,2-way,Sealed,0.0,0.0,,50.0,,Null,1.0,0.0,,30.0,Hastings District,Nil,,,,,0.0,0.0,Urban,1.0,,,Fine
172910,1931039.0,5605564.0,548000.0,0.0,0.0,2.0,Null,2003/2004,KARAMU ROAD NORTH,FREDERICK ST,Non-Injury Crash,No,2004,North,0.0,,Flat,,,,,Dark,1497100.0,0.0,0.0,0.0,3.0,0.0,,,Hawke's Bay Region,Nil,2-way,Sealed,0.0,0.0,,50.0,,On,0.0,0.0,,30.0,Hastings District,Traffic Signals,,,,,0.0,0.0,Urban,0.0,,,Light rain
347461,1925700.0,5607168.0,548620.0,0.0,0.0,2.0,Null,2014/2015,FOLKESTONE DRIVE,DEAL CRESCENT N,Non-Injury Crash,No,2015,North,0.0,,Flat,,,,,Bright sun,1476000.0,0.0,0.0,0.0,2.0,0.0,,,Hawke's Bay Region,Nil,2-way,Sealed,0.0,0.0,,50.0,,Null,0.0,0.0,,30.0,Hastings District,Nil,,,,,0.0,0.0,Urban,0.0,,,Fine
66954,1936884.0,5612952.0,545832.0,0.0,0.0,2.0,North,2000/2001,SH 2,WAITANGI STM BR,Non-Injury Crash,Yes,2000,South,0.0,,Flat,,,,,Bright sun,1404000.0,0.0,0.0,0.0,2.0,0.0,,,Hawke's Bay Region,Nil,2-way,Sealed,0.0,0.0,,100.0,,Null,0.0,0.0,,30.0,Hastings District,Nil,,,,,0.0,0.0,Open,0.0,,,Fine
448382,1932373.0,5608854.0,545721.0,0.0,0.0,0.0,South,2015/2016,RUAHAPIA ROAD,PAKOWHAI ROAD,Minor Crash,No,2016,South,0.0,0.0,Flat,0.0,,0.0,0.0,Bright sun,1471600.0,1.0,0.0,0.0,2.0,0.0,0.0,,Hawke's Bay Region,Nil,2-way,Sealed,0.0,0.0,0.0,80.0,0.0,Null,0.0,0.0,,30.0,Hastings District,Unknown,0.0,0.0,0.0,0.0,0.0,0.0,Open,1.0,0.0,0.0,Fine
165872,1937596.0,5655527.0,545911.0,0.0,1.0,1.0,East,2017/2018,SH 2,RIDGEMOUNT RD,Non-Injury Crash,Yes,2017,West,0.0,,Hill Road,,,,,Overcast,1416000.0,0.0,0.0,0.0,3.0,0.0,,,Hawke's Bay Region,Nil,2-way,Sealed,0.0,0.0,,100.0,,Null,0.0,0.0,,30.0,Hastings District,Unknown,,,,,0.0,0.0,Open,0.0,,,Light rain
214216,1933793.0,5609805.0,545832.0,0.0,0.0,1.0,West,2017/2018,FARNDON ROAD,FARNDON OBR,Non-Injury Crash,No,2017,West,0.0,0.0,Flat,0.0,,0.0,0.0,Bright sun,1404200.0,0.0,0.0,0.0,2.0,0.0,0.0,,Hawke's Bay Region,Nil,2-way,Sealed,0.0,0.0,0.0,100.0,0.0,None,0.0,0.0,,30.0,Hastings District,Unknown,0.0,0.0,0.0,0.0,0.0,0.0,Open,0.0,0.0,0.0,Fine
194294,1930752.0,5603756.0,548300.0,0.0,0.0,2.0,Null,2012/2013,HERETAUNGA ST EAST,LUMSDEN ROAD,Minor Crash,No,2012,North,0.0,,Flat,,,,,Overcast,1502700.0,1.0,0.0,0.0,2.0,0.0,,,Hawke's Bay Region,Nil,2-way,Sealed,0.0,0.0,,50.0,,Null,0.0,0.0,,30.0,Hastings District,Stop,,,,,0.0,0.0,Urban,0.0,,,Light rain
311282,1922496.0,5604314.0,545842.0,0.0,0.0,2.0,East,2003/2004,MARAEKAKAHO ROAD,HIGBEE ROAD,Non-Injury Crash,No,2003,West,0.0,,Flat,,,,,Twilight,1462902.0,0.0,0.0,0.0,2.0,0.0,,,Hawke's Bay Region,Nil,2-way,Sealed,0.0,0.0,,50.0,,On,0.0,0.0,,30.0,Hastings District,Nil,,,,,0.0,0.0,Urban,0.0,,,Fine
393645,1927348.0,5602346.0,545762.0,0.0,0.0,1.0,North,2014/2015,RAILWAY ROAD SOUTH,LONGLANDS ROAD EAST,Minor Crash,No,2015,South,0.0,,Hill Road,,,,,Dark,1468200.0,2.0,0.0,0.0,2.0,0.0,,,Hawke's Bay Region,Nil,2-way,Sealed,0.0,0.0,,100.0,,None,0.0,0.0,,30.0,Hastings District,Nil,,,,,0.0,0.0,Open,1.0,,,Light rain
384598,1926627.0,5618970.0,545821.0,0.0,0.0,1.0,South,2009/2010,PUKETAPU ROAD,DARTMOOR ROAD,Minor Crash,No,2009,West,0.0,1.0,Flat,0.0,,0.0,0.0,Overcast,1411000.0,1.0,0.0,0.0,2.0,0.0,0.0,,Hawke's Bay Region,Nil,2-way,Sealed,0.0,0.0,0.0,100.0,0.0,Null,0.0,0.0,,30.0,Hastings District,Nil,0.0,0.0,0.0,0.0,0.0,0.0,Open,0.0,0.0,0.0,Fine
293168,1930468.0,5605213.0,548200.0,0.0,0.0,2.0,West,2008/2009,KARAMU ROAD NORTH,ALBERT ST,Non-Injury Crash,No,2008,South,0.0,0.0,Flat,0.0,,0.0,0.0,Overcast,1494500.0,0.0,0.0,0.0,2.0,0.0,1.0,,Hawke's Bay Region,Nil,2-way,Sealed,0.0,0.0,0.0,50.0,0.0,Null,0.0,0.0,,30.0,Hastings District,Nil,0.0,0.0,0.0,0.0,0.0,0.0,Urban,0.0,0.0,0.0,Fine
275433,1925103.0,5606946.0,548620.0,0.0,0.0,2.0,North,2005/2006,Z CPK SWANSEA VILLAGE,SWANSEA / HENDERSON,Non-Injury Crash,No,2005,North,0.0,,Flat,,,,,Bright sun,1473700.0,0.0,0.0,0.0,1.0,0.0,,,Hawke's Bay Region,Nil,Off road,Sealed,0.0,0.0,,50.0,,Null,0.0,0.0,,30.0,Hastings District,Nil,,,,,0.0,0.0,Urban,0.0,,,Fine
356018,1925587.0,5603148.0,545852.0,0.0,0.0,1.0,Null,2004/2005,SH 50A,LONGLANDS ROAD WEST,Minor Crash,Yes,2004,West,0.0,1.0,Flat,0.0,,0.0,0.0,Overcast,1469600.0,1.0,0.0,0.0,2.0,0.0,0.0,,Hawke's Bay Region,Nil,2-way,Sealed,0.0,0.0,0.0,50.0,0.0,Null,0.0,0.0,,30.0,Hastings District,Give way,0.0,0.0,0.0,0.0,0.0,0.0,Urban,0.0,0.0,0.0,Light rain
32730,1942177.0,5604650.0,545740.0,0.0,0.0,1.0,South,2003/2004,CLIFTON ROAD,CHARLTON ROAD,Minor Crash,No,2004,West,0.0,0.0,Hill Road,0.0,Christmas New Year,0.0,0.0,Bright sun,1408100.0,1.0,0.0,0.0,2.0,0.0,0.0,,Hawke's Bay Region,Nil,2-way,Sealed,0.0,0.0,0.0,100.0,0.0,Null,0.0,0.0,,30.0,Hastings District,Nil,0.0,0.0,0.0,0.0,0.0,0.0,Open,0.0,0.0,0.0,Fine
307896,1927234.0,5602249.0,545762.0,0.0,0.0,1.0,Null,2014/2015,LONGLANDS ROAD EAST,RAILWAY ROAD SOUTH,Non-Injury Crash,No,2015,West,0.0,0.0,Flat,0.0,,0.0,0.0,Dark,1468200.0,0.0,0.0,0.0,2.0,0.0,0.0,,Hawke's Bay Region,Nil,2-way,Sealed,0.0,0.0,0.0,100.0,0.0,On,0.0,0.0,,30.0,Hastings District,Give way,1.0,1.0,0.0,0.0,0.0,0.0,Open,0.0,0.0,0.0,Fine
191464,1929249.2408,5605666.4763,547700.0,0.0,0.0,2.0,North,2018/2019,HERETAUNGA STREET WEST,LOVEDALE ROAD,Non-Injury Crash,No,2019,West,0.0,,Flat,,,,,Dark,1487200.0,0.0,0.0,0.0,2.0,0.0,,,Hawke's Bay Region,Nil,2-way,Sealed,0.0,0.0,,50.0,,On,0.0,0.0,,30.0,Hastings District,Unknown,,,,,0.0,0.0,Urban,0.0,,,Fine
191908,1931134.0,5606880.0,545721.0,0.0,0.0,1.0,Null,2003/2004,TOMOANA ROAD,COVENTRY ROAD,Non-Injury Crash,No,2004,West,0.0,0.0,Flat,0.0,,0.0,0.0,Twilight,1471401.0,0.0,0.0,0.0,2.0,0.0,1.0,,Hawke's Bay Region,Nil,2-way,Sealed,0.0,0.0,0.0,50.0,0.0,Off,0.0,0.0,,30.0,Hastings District,Nil,0.0,0.0,0.0,0.0,0.0,0.0,Urban,1.0,0.0,0.0,Fine
287714,1932281.0,5601314.0,548810.0,0.0,0.0,2.0,Null,2015/2016,MIDDLE ROAD,NGARIMU ST,Non-Injury Crash,No,2015,South,0.0,,Flat,,Christmas New Year,,,Bright sun,1505800.0,0.0,0.0,0.0,2.0,0.0,,,Hawke's Bay Region,Nil,2-way,Sealed,0.0,0.0,,50.0,,Null,0.0,0.0,,30.0,Hastings District,Give way,,,,,0.0,0.0,Urban,0.0,,,Fine
541571,1929301.0,5605599.0,547700.0,0.0,0.0,1.0,East,2002/2003,HERETAUNGA ST WEST,LOVEDALE ROAD,Non-Injury Crash,No,2003,East,0.0,0.0,Flat,0.0,,0.0,0.0,Bright sun,1487700.0,0.0,0.0,0.0,2.0,0.0,1.0,,Hawke's Bay Region,Nil,2-way,Sealed,0.0,0.0,0.0,50.0,0.0,Null,0.0,0.0,,30.0,Hastings District,Nil,0.0,0.0,0.0,1.0,0.0,0.0,Urban,1.0,0.0,0.0,Fine
607851,1924239.0,5608021.0,548611.0,0.0,0.0,2.0,Null,2016/2017,FLAXMERE AVENUE,KIRKWOOD ROAD,Minor Crash,No,2017,East,0.0,,Flat,,,,,Bright sun,1470316.0,1.0,0.0,0.0,2.0,0.0,,,Hawke's Bay Region,Nil,2-way,Sealed,0.0,0.0,,50.0,,Null,0.0,0.0,,30.0,Hastings District,Give way,,,,,0.0,0.0,Urban,0.0,,,Fine
616085,1909894.4223,5670788.4617,545911.0,0.0,0.0,1.0,North,2020/2021,SH 5,STONEY CREEK CUL,Non-Injury Crash,Yes,2020,North,0.0,0.0,Flat,1.0,,0.0,0.0,Bright sun,1281200.0,0.0,0.0,0.0,3.0,0.0,0.0,,Hawke's Bay Region,Nil,2-way,Sealed,0.0,0.0,0.0,100.0,0.0,None,0.0,0.0,,30.0,Hastings District,Nil,0.0,0.0,0.0,0.0,0.0,0.0,Open,0.0,0.0,0.0,Fine
256777,1930341.0,5604822.0,548200.0,0.0,0.0,1.0,Null,2015/2016,ST AUBYN ST EAST,HASTINGS ST NORTH,Non-Injury Crash,No,2015,East,0.0,,Flat,,,,,Overcast,1494400.0,0.0,0.0,0.0,4.0,0.0,,,Hawke's Bay Region,Nil,2-way,Sealed,0.0,0.0,,50.0,,Null,1.0,0.0,,30.0,Hastings District,Stop,,,,,0.0,0.0,Urban,0.0,,,Light rain
312112,1932576.0,5611782.0,545832.0,0.0,0.0,2.0,West,2018/2019,BROOKFIELDS ROAD,GILBERTSON ROAD,Minor Crash,No,2018,East,0.0,0.0,Flat,0.0,,0.0,0.0,Overcast,1403900.0,1.0,0.0,0.0,2.0,0.0,0.0,,Hawke's Bay Region,Nil,2-way,Sealed,0.0,0.0,0.0,80.0,0.0,Null,1.0,0.0,,30.0,Hastings District,Unknown,0.0,0.0,0.0,0.0,0.0,0.0,Open,0.0,0.0,0.0,Fine
79974,1929908.0,5604797.0,548200.0,0.0,0.0,1.0,East,2010/2011,HERETAUNGA ST EAST,KARAMU ROAD NORTH,Minor Crash,No,2011,West,0.0,,Flat,,,,,Bright sun,1492700.0,1.0,0.0,0.0,2.0,0.0,,1.0,Hawke's Bay Region,Nil,2-way,Sealed,0.0,0.0,,50.0,,Null,0.0,0.0,,30.0,Hastings District,Nil,,,,,0.0,0.0,Urban,0.0,,,Fine
72004,1929343.0,5605346.0,548200.0,0.0,0.0,1.0,North,2012/2013,EASTBOURNE ROAD WEST,SOUTHLAND ROAD,Minor Crash,No,2012,North,0.0,,Flat,,,,,Bright sun,1488800.0,1.0,0.0,0.0,0.0,0.0,,1.0,Hawke's Bay Region,Nil,Off road,Sealed,0.0,0.0,,50.0,,Null,0.0,0.0,,30.0,Hastings District,Nil,,,,,0.0,0.0,Urban,0.0,,,Fine
247443,1923433.0,5610094.0,545710.0,0.0,0.0,1.0,East,2010/2011,OMAHU ROAD,SH 50,Non-Injury Crash,No,2010,East,0.0,,Flat,,,,,Bright sun,1470500.0,0.0,0.0,0.0,2.0,0.0,,,Hawke's Bay Region,Nil,2-way,Sealed,0.0,0.0,,100.0,,Null,1.0,0.0,,30.0,Hastings District,Nil,,,,,0.0,0.0,Open,0.0,,,Fine
638851,1911349.0,5660937.0,545911.0,0.0,0.0,1.0,South,2003/2004,SH 5,TE HAROTO ROAD,Non-Injury Crash,Yes,2004,North,0.0,1.0,Flat,0.0,,0.0,0.0,Bright sun,1414400.0,0.0,0.0,0.0,2.0,0.0,0.0,,Hawke's Bay Region,Nil,2-way,Sealed,0.0,0.0,0.0,100.0,0.0,Null,0.0,0.0,,30.0,Hastings District,Nil,0.0,0.0,0.0,0.0,0.0,0.0,Open,0.0,0.0,0.0,Fine
594509,1929441.0,5605616.0,547700.0,0.0,0.0,2.0,Null,2010/2011,TOMOANA ROAD,QUEEN ST WEST,Non-Injury Crash,No,2011,North,0.0,,Flat,,,,,Dark,1488000.0,0.0,0.0,0.0,2.0,0.0,,,Hawke's Bay Region,Nil,2-way,Sealed,0.0,0.0,,50.0,,On,0.0,0.0,,30.0,Hastings District,Give way,,,,,0.0,0.0,Urban,0.0,,,Light rain
242816,1930920.0,5613543.0,545831.0,0.0,0.0,1.0,West,2007/2008,SH 50 LINKS ROAD,SH 50A,Non-Injury Crash,Yes,2007,West,0.0,,Flat,,,,,Bright sun,1404600.0,0.0,0.0,1.0,2.0,0.0,,,Hawke's Bay Region,Nil,2-way,Sealed,0.0,0.0,,100.0,,Null,0.0,0.0,,30.0,Hastings District,Give way,,,,,0.0,0.0,Open,0.0,,,Fine
48337,1932559.0,5610031.0,545832.0,0.0,0.0,0.0,South,2006/2007,PAKOWHAI ROAD,GILBERTSON ROAD,Minor Crash,No,2007,South,0.0,0.0,Flat,0.0,,0.0,0.0,Dark,1404400.0,1.0,0.0,0.0,2.0,0.0,0.0,,Hawke's Bay Region,Bridge,2-way,Sealed,0.0,0.0,0.0,100.0,0.0,On,1.0,0.0,,30.0,Hastings District,Nil,0.0,0.0,0.0,0.0,0.0,0.0,Open,0.0,0.0,0.0,Fine
196173,1924980.0,5608712.0,545710.0,0.0,0.0,1.0,East,2006/2007,OMAHU ROAD,TWYFORD ROAD,Non-Injury Crash,No,2006,East,0.0,,Flat,,,,,Bright sun,1470900.0,0.0,0.0,0.0,2.0,0.0,,,Hawke's Bay Region,Nil,2-way,Sealed,0.0,0.0,,50.0,,Null,0.0,0.0,,30.0,Hastings District,Nil,,,,,1.0,0.0,Urban,0.0,,,Fine
584589,1925843.5039,5637693.437999999,545811.0,0.0,0.0,1.0,East,2019/2020,SH 5,DILLONS HILL CUL,Non-Injury Crash,Yes,2019,East,0.0,0.0,Hill Road,1.0,,0.0,0.0,Overcast,1414700.0,0.0,0.0,0.0,1.0,0.0,0.0,,Hawke's Bay Region,Nil,2-way,Sealed,0.0,0.0,1.0,100.0,0.0,None,0.0,0.0,,30.0,Hastings District,Unknown,0.0,0.0,0.0,0.0,0.0,0.0,Open,0.0,0.0,0.0,Heavy rain
491543,1918689.9895,5647312.0612,545811.0,0.0,0.0,0.0,West,2018/2019,005-0233,RUKUMOANA ROAD,Non-Injury Crash,Yes,2019,South,0.0,0.0,Hill Road,0.0,,0.0,0.0,Bright sun,1414700.0,0.0,0.0,0.0,2.0,0.0,0.0,,Hawke's Bay Region,Nil,2-way,Sealed,0.0,0.0,0.0,100.0,0.0,None,0.0,0.0,,30.0,Hastings District,Unknown,0.0,0.0,0.0,0.0,1.0,0.0,Open,0.0,0.0,0.0,Fine
245143,1929373.0,5605307.0,548200.0,0.0,0.0,2.0,Null,2011/2012,SOUTHLAND ROAD,EASTBOURNE ST,Non-Injury Crash,No,2011,East,0.0,,Flat,,,,,Bright sun,1488800.0,0.0,0.0,0.0,2.0,0.0,,,Hawke's Bay Region,Nil,2-way,Sealed,0.0,0.0,,50.0,,Null,0.0,0.0,,30.0,Hastings District,Give way,,,,,0.0,0.0,Urban,0.0,,,Fine