OBJECTID,X,Y,areaUnitID,bicycle,bus,carStationWagon,crashDirectionDescription,crashFinancialYear,crashLocation1,crashLocation2,crashSeverity,crashSHDescription,crashYear,directionRoleDescription,fatalCount,fence,flatHill,guardRail,holiday,houseOrBuilding,kerb,light,meshblockId,minorInjuryCount,moped,motorcycle,NumberOfLanes,otherVehicleType,parkedVehicle,pedestrian,region,roadCharacter,roadLane,roadSurface,schoolBus,seriousInjuryCount,slipOrFlood,speedLimit,strayAnimal,streetLight,suv,taxi,temporarySpeedLimit,tlaId,tlaName,trafficControl,trafficIsland,trafficSign,train,tree,truck,unknownVehicleType,urban,vanOrUtility,vehicle,waterRiver,weatherA
709980,1930090.0,5604957.0,548200.0,0.0,0.0,0.0,Null,2016/2017,KARAMU ROAD NORTH,AVENUE ROAD EAST,Non-Injury Crash,No,2016,West,0.0,,Flat,,,,,Bright sun,1492900.0,0.0,0.0,0.0,2.0,0.0,,,Hawke's Bay Region,Nil,2-way,Sealed,0.0,0.0,,50.0,,Null,0.0,0.0,,30.0,Hastings District,Give way,,,,,1.0,0.0,Urban,1.0,,,Fine
304637,1911326.0,5604887.0,545841.0,0.0,0.0,1.0,East,2006/2007,SH 50,KERERU ROAD,Minor Crash,Yes,2006,East,0.0,0.0,Flat,0.0,,0.0,0.0,Overcast,1462800.0,1.0,0.0,0.0,2.0,0.0,0.0,,Hawke's Bay Region,Nil,2-way,Sealed,0.0,0.0,0.0,100.0,0.0,Null,0.0,0.0,,30.0,Hastings District,Nil,0.0,0.0,0.0,0.0,0.0,0.0,Open,0.0,0.0,0.0,Light rain
570851,1930512.0,5606363.0,547600.0,0.0,0.0,1.0,East,2006/2007,FREDERICK ST,TOMOANA ROAD,Non-Injury Crash,No,2007,North,0.0,,Flat,,,,,Bright sun,1483800.0,0.0,0.0,0.0,2.0,0.0,,,Hawke's Bay Region,Nil,2-way,Sealed,0.0,0.0,,50.0,,Null,1.0,0.0,,30.0,Hastings District,Nil,,,,,0.0,0.0,Urban,0.0,,,Fine
416119,1923506.0,5603893.0,545842.0,0.0,0.0,1.0,East,2002/2003,MARAEKAKAHO ROAD,MANGAROA ROAD,Fatal Crash,No,2003,West,1.0,1.0,Flat,0.0,,0.0,0.0,Overcast,1470213.0,0.0,0.0,0.0,2.0,0.0,0.0,,Hawke's Bay Region,Nil,2-way,Sealed,0.0,0.0,0.0,100.0,0.0,None,0.0,0.0,,30.0,Hastings District,Nil,0.0,0.0,0.0,1.0,0.0,0.0,Open,0.0,0.0,0.0,Fine
558027,1936458.0,5609908.0,545730.0,0.0,0.0,1.0,Null,2005/2006,MILL ROAD,RICHMOND ROAD,Minor Crash,No,2006,South,0.0,,Flat,,,,,Bright sun,1405403.0,1.0,0.0,0.0,2.0,0.0,,,Hawke's Bay Region,Nil,2-way,Sealed,0.0,0.0,,100.0,,Null,0.0,0.0,,30.0,Hastings District,Stop,,,,,0.0,0.0,Open,1.0,,,Fine
12956,1930425.0,5604707.0,548200.0,0.0,0.0,3.0,Null,2006/2007,ST AUBYN ST EAST,MILLER ST,Minor Crash,No,2006,West,0.0,,Flat,,,,,Bright sun,1493502.0,2.0,0.0,0.0,2.0,0.0,,,Hawke's Bay Region,Nil,2-way,Sealed,0.0,0.0,,50.0,,Null,1.0,0.0,,30.0,Hastings District,Stop,,,,,0.0,0.0,Urban,0.0,,,Fine
156873,1927837.0,5605538.0,547900.0,0.0,0.0,1.0,Null,2010/2011,MARAEKAKAHO ROAD,OLIPHANT ROAD,Non-Injury Crash,No,2010,North,0.0,,Flat,,,,,Bright sun,1479800.0,0.0,0.0,0.0,2.0,0.0,,,Hawke's Bay Region,Nil,2-way,Sealed,0.0,0.0,,50.0,,Null,0.0,0.0,,30.0,Hastings District,Give way,,,,,0.0,0.0,Urban,1.0,,,Fine
639597,1927355.0,5606837.0,548500.0,0.0,0.0,2.0,West,2002/2003,HUIA ST,TAKAHE ST,Non-Injury Crash,No,2003,West,0.0,0.0,Flat,0.0,,0.0,0.0,Dark,1478200.0,0.0,0.0,0.0,1.0,0.0,1.0,,Hawke's Bay Region,Nil,2-way,Sealed,0.0,0.0,0.0,50.0,0.0,On,0.0,0.0,,30.0,Hastings District,Nil,0.0,0.0,0.0,0.0,0.0,0.0,Urban,0.0,0.0,0.0,Fine
716819,1925382.0,5605551.0,545842.0,0.0,0.0,1.0,North,2016/2017,STOCK ROAD,IRONGATE LANE,Non-Injury Crash,No,2017,North,0.0,1.0,Flat,0.0,,0.0,0.0,Dark,1470101.0,0.0,0.0,0.0,2.0,0.0,0.0,,Hawke's Bay Region,Nil,2-way,Sealed,0.0,0.0,0.0,100.0,0.0,Off,0.0,0.0,,30.0,Hastings District,Unknown,0.0,0.0,0.0,0.0,0.0,0.0,Open,0.0,0.0,0.0,Fine
129434,1926099.0,5613244.0,545822.0,0.0,0.0,1.0,West,2003/2004,SH 50,OMARUNUI ROAD,Non-Injury Crash,Yes,2003,East,0.0,0.0,Flat,0.0,,0.0,0.0,Dark,1408800.0,0.0,0.0,0.0,2.0,0.0,0.0,,Hawke's Bay Region,Nil,2-way,Sealed,0.0,0.0,0.0,100.0,0.0,None,0.0,0.0,,30.0,Hastings District,Nil,0.0,0.0,0.0,0.0,0.0,0.0,Open,0.0,0.0,0.0,Fine
288533,1931461.0,5604915.0,548000.0,0.0,0.0,2.0,West,2008/2009,GROVE ROAD,SYLVAN ROAD,Non-Injury Crash,No,2009,West,0.0,,Flat,,Easter,,,Bright sun,1497900.0,0.0,0.0,0.0,2.0,0.0,,,Hawke's Bay Region,Nil,2-way,Sealed,0.0,0.0,,50.0,,Null,0.0,0.0,,30.0,Hastings District,Nil,,,,,0.0,0.0,Urban,0.0,,,Fine
500787,1932274.0,5609028.0,545721.0,0.0,0.0,1.0,Null,2005/2006,PAKOWHAI ROAD,RUAHAPIA ROAD,Fatal Crash,No,2006,South,1.0,,Flat,,Easter,,,Twilight,1471600.0,0.0,0.0,1.0,4.0,0.0,,,Hawke's Bay Region,Nil,2-way,Sealed,0.0,1.0,,100.0,,None,0.0,0.0,,30.0,Hastings District,Give way,,,,,0.0,0.0,Open,0.0,,,Fine
596368,1932827.0,5601504.0,548832.0,0.0,0.0,1.0,West,2016/2017,CAMPBELL ST,BUSBY HILL,Minor Crash,No,2017,East,0.0,,Flat,,,,,Bright sun,1508400.0,1.0,0.0,0.0,2.0,0.0,,1.0,Hawke's Bay Region,Nil,2-way,Sealed,0.0,0.0,,50.0,,Null,0.0,0.0,,30.0,Hastings District,Unknown,,,,,0.0,0.0,Urban,0.0,,,Fine
369506,1928801.0,5606259.0,547700.0,0.0,0.0,0.0,South,2011/2012,HERETAUNGA ST WEST,PAKOWHAI ROAD,Non-Injury Crash,No,2012,North,0.0,,Flat,,,,,Overcast,1486600.0,0.0,1.0,0.0,2.0,0.0,,,Hawke's Bay Region,Nil,2-way,Sealed,0.0,0.0,,50.0,,Null,0.0,0.0,,30.0,Hastings District,Give way,,,,,0.0,0.0,Urban,1.0,,,Light rain
203781,1928904.0,5606124.0,547700.0,0.0,0.0,2.0,East,2005/2006,HERETAUNGA ST WEST,STORTFORD ST,Non-Injury Crash,No,2005,West,0.0,,Flat,,,,,Bright sun,1486700.0,0.0,0.0,0.0,2.0,0.0,,,Hawke's Bay Region,Nil,2-way,Sealed,0.0,0.0,,50.0,,Null,1.0,0.0,,30.0,Hastings District,Nil,,,,,0.0,0.0,Urban,0.0,,,Fine
416147,1930296.0,5604272.0,548300.0,0.0,0.0,1.0,Null,2017/2018,HERETAUNGA ST EAST,PRINCES ST,Non-Injury Crash,No,2018,North,0.0,,Flat,,,,,Bright sun,1501600.0,0.0,0.0,0.0,2.0,0.0,,,Hawke's Bay Region,Nil,2-way,Sealed,0.0,0.0,,50.0,,Null,1.0,0.0,,30.0,Hastings District,Stop,,,,,0.0,0.0,Urban,0.0,,,Fine
91963,1929649.0,5605123.0,548200.0,0.0,0.0,2.0,South,2014/2015,KING ST SOUTH,HERETAUNGA ST WEST,Minor Crash,No,2015,North,0.0,,Flat,,,,,Bright sun,1489500.0,1.0,0.0,0.0,2.0,0.0,,,Hawke's Bay Region,Nil,2-way,Sealed,0.0,0.0,,50.0,,Null,0.0,0.0,,30.0,Hastings District,Nil,,,,,0.0,0.0,Urban,0.0,,,Fine
366303,1929345.0,5605495.0,547700.0,0.0,0.0,1.0,Null,1999/2000,Z CPK WRITEPRICE,HERETAUNGA/CHARLES,Non-Injury Crash,No,2000,East,0.0,,Flat,,,,,Twilight,1487700.0,0.0,0.0,0.0,2.0,0.0,,,Hawke's Bay Region,Nil,Off road,Sealed,0.0,0.0,,50.0,,On,0.0,0.0,,30.0,Hastings District,Nil,,,,,0.0,0.0,Urban,0.0,,,Fine
344113,1931120.0,5599895.0,548822.0,0.0,0.0,1.0,South,2012/2013,MIDDLE ROAD,GILPIN ROAD,Non-Injury Crash,No,2013,North,0.0,1.0,Hill Road,0.0,,0.0,0.0,Dark,1465901.0,0.0,0.0,0.0,2.0,0.0,0.0,,Hawke's Bay Region,Nil,2-way,Sealed,0.0,0.0,0.0,100.0,0.0,None,0.0,0.0,,30.0,Hastings District,Nil,0.0,0.0,0.0,0.0,0.0,0.0,Open,0.0,0.0,0.0,Fine
593063,1929819.0,5604072.0,548300.0,0.0,0.0,2.0,Null,2000/2001,WILLOWPARK ROAD SOUTH,MASSEY ST,Non-Injury Crash,No,2001,South,0.0,,Flat,,,,,Dark,1502200.0,0.0,0.0,0.0,2.0,0.0,,,Hawke's Bay Region,Nil,2-way,Sealed,0.0,0.0,,50.0,,On,0.0,0.0,,30.0,Hastings District,Give way,,,,,0.0,0.0,Urban,0.0,,,Heavy rain
376766,1923352.0,5610218.0,545710.0,0.0,0.0,1.0,Null,2002/2003,SH 50,OMAHU ROAD,Non-Injury Crash,Yes,2002,North,0.0,,Flat,,,,,Dark,1470500.0,0.0,0.0,0.0,2.0,0.0,,,Hawke's Bay Region,Nil,2-way,Sealed,0.0,0.0,,100.0,,On,0.0,0.0,,30.0,Hastings District,Give way,,,,,1.0,0.0,Open,0.0,,,Fine
168651,1927993.0,5605655.0,547900.0,0.0,0.0,1.0,South,2010/2011,MARAEKAKAHO ROAD,GORDON ROAD,Non-Injury Crash,No,2010,North,0.0,,Flat,,,,,Bright sun,1479800.0,0.0,0.0,0.0,2.0,0.0,,,Hawke's Bay Region,Nil,2-way,Sealed,0.0,0.0,,50.0,,Null,1.0,0.0,,30.0,Hastings District,Nil,,,,,0.0,0.0,Urban,0.0,,,Fine
14982,1942001.0,5605332.0,545740.0,0.0,0.0,1.0,Null,2012/2013,PIPI ST,WELLWOOD TERRACE,Non-Injury Crash,No,2012,North,0.0,0.0,Flat,0.0,,0.0,0.0,Dark,1408001.0,0.0,0.0,0.0,1.0,0.0,0.0,,Hawke's Bay Region,Nil,2-way,Sealed,0.0,0.0,0.0,50.0,0.0,On,0.0,0.0,,30.0,Hastings District,Nil,0.0,0.0,0.0,0.0,0.0,0.0,Urban,0.0,0.0,1.0,Fine
698158,1940646.2743,5586734.2701,545860.0,0.0,0.0,0.0,South,2018/2019,WAIMARAMA ROAD,WAITANGI ROAD,Non-Injury Crash,No,2019,South,0.0,,Flat,,,,,Dark,1467500.0,0.0,0.0,0.0,2.0,0.0,,,Hawke's Bay Region,Nil,2-way,Sealed,0.0,0.0,,100.0,,Off,0.0,0.0,,30.0,Hastings District,Unknown,,,,,0.0,0.0,Open,1.0,,,Fine
236266,1938892.0,5607050.0,545740.0,0.0,0.0,1.0,Null,2015/2016,EAST ROAD,PARKHILL ROAD,Non-Injury Crash,No,2016,West,0.0,0.0,Flat,0.0,,0.0,0.0,Overcast,1407600.0,0.0,0.0,0.0,2.0,0.0,0.0,,Hawke's Bay Region,Nil,2-way,Sealed,0.0,0.0,0.0,100.0,0.0,Null,0.0,0.0,,30.0,Hastings District,Give way,0.0,0.0,0.0,0.0,0.0,0.0,Open,0.0,0.0,0.0,Light rain
22509,1927657.0,5607457.0,548400.0,0.0,0.0,1.0,North,2013/2014,SH 50A,OMAHU ROAD,Non-Injury Crash,Yes,2014,South,0.0,,Flat,,,,,Bright sun,1473600.0,0.0,0.0,0.0,2.0,0.0,,,Hawke's Bay Region,Nil,2-way,Sealed,0.0,0.0,,100.0,,Null,0.0,0.0,,30.0,Hastings District,Unknown,,,,,1.0,0.0,Open,0.0,,,Fine
331196,1925505.1983,5606316.0247,548620.0,0.0,0.0,2.0,North,2019/2020,WILSON ROAD,PETERHEAD AVENUE,Minor Crash,No,2020,South,0.0,0.0,Flat,0.0,,0.0,0.0,Overcast,1475300.0,1.0,0.0,0.0,2.0,0.0,0.0,,Hawke's Bay Region,Nil,2-way,Sealed,0.0,0.0,0.0,50.0,0.0,Off,0.0,0.0,,30.0,Hastings District,Unknown,0.0,1.0,0.0,0.0,0.0,0.0,Urban,0.0,0.0,0.0,Fine
576270,1927178.0,5607747.0,545710.0,0.0,0.0,1.0,West,2004/2005,OMAHU ROAD,WILSON ROAD,Non-Injury Crash,No,2004,West,0.0,,Flat,,,,,Dark,1471000.0,0.0,0.0,0.0,2.0,0.0,,,Hawke's Bay Region,Nil,2-way,Sealed,0.0,0.0,,50.0,,On,0.0,0.0,,30.0,Hastings District,Nil,,,,,0.0,0.0,Urban,1.0,,,Light rain
563074,1927469.0,5609008.0,545710.0,0.0,0.0,1.0,West,2007/2008,RAUPARE ROAD,MCNAB ROAD,Minor Crash,No,2007,South,0.0,1.0,Flat,0.0,,0.0,0.0,Dark,1471000.0,1.0,0.0,0.0,2.0,0.0,0.0,,Hawke's Bay Region,Nil,2-way,Sealed,0.0,0.0,0.0,100.0,0.0,None,0.0,0.0,,30.0,Hastings District,Nil,0.0,0.0,0.0,1.0,0.0,0.0,Open,0.0,0.0,0.0,Fine
100400,1911654.4532,5663242.0196,545911.0,0.0,0.0,0.0,Null,2018/2019,005-0204,TE HAROTO PO,Non-Injury Crash,Yes,2018,East,0.0,0.0,Flat,0.0,,0.0,0.0,Dark,1414300.0,0.0,0.0,0.0,2.0,0.0,0.0,,Hawke's Bay Region,Nil,2-way,Sealed,0.0,0.0,0.0,100.0,0.0,None,0.0,0.0,,30.0,Hastings District,Unknown,0.0,0.0,0.0,0.0,0.0,0.0,Open,1.0,0.0,0.0,Light rain
722955,1928970.0,5606038.0,547700.0,1.0,0.0,1.0,West,2008/2009,HERETAUNGA ST WEST,ALLERTON ST,Non-Injury Crash,No,2008,East,0.0,0.0,Flat,0.0,,0.0,0.0,Bright sun,1486000.0,0.0,0.0,0.0,2.0,0.0,1.0,,Hawke's Bay Region,Nil,2-way,Sealed,0.0,0.0,0.0,50.0,0.0,Null,0.0,0.0,,30.0,Hastings District,Nil,0.0,0.0,0.0,0.0,0.0,0.0,Urban,0.0,0.0,0.0,Fine
152617,1924411.0,5607184.0,548612.0,0.0,0.0,1.0,Null,2003/2004,CHATHAM ROAD,CABOT PLACE,Minor Crash,No,2003,East,0.0,1.0,Flat,0.0,,0.0,0.0,Twilight,1474003.0,1.0,0.0,0.0,2.0,0.0,0.0,,Hawke's Bay Region,Nil,2-way,Sealed,0.0,0.0,0.0,50.0,0.0,On,0.0,0.0,,30.0,Hastings District,Nil,0.0,0.0,0.0,0.0,0.0,0.0,Urban,0.0,0.0,0.0,Fine
231871,1926829.6467,5602472.582,545761.0,0.0,0.0,1.0,West,2019/2020,LONGLANDS ROAD WEST,RAILWAY ROAD SOUTH,Non-Injury Crash,No,2020,East,0.0,0.0,Flat,0.0,,0.0,0.0,Overcast,1468901.0,0.0,0.0,0.0,2.0,0.0,0.0,,Hawke's Bay Region,Nil,2-way,Sealed,0.0,0.0,0.0,100.0,0.0,None,0.0,0.0,,30.0,Hastings District,Unknown,0.0,0.0,0.0,0.0,0.0,0.0,Open,0.0,0.0,0.0,Fine
210083,1924385.0,5609222.0,545710.0,0.0,0.0,0.0,East,2014/2015,OMAHU ROAD,KIRKWOOD ROAD,Non-Injury Crash,No,2015,East,0.0,0.0,Flat,0.0,,0.0,0.0,Dark,1470600.0,0.0,0.0,0.0,2.0,0.0,0.0,,Hawke's Bay Region,Nil,2-way,Sealed,0.0,0.0,0.0,70.0,0.0,On,1.0,0.0,,30.0,Hastings District,Nil,1.0,0.0,0.0,0.0,0.0,0.0,Urban,0.0,0.0,0.0,Fine
27733,1925122.0,5607604.0,548611.0,1.0,0.0,1.0,Null,2008/2009,FLAXMERE AVENUE,CHATHAM ROAD,Serious Crash,No,2009,South,0.0,,Flat,,,,,Dark,1473806.0,0.0,0.0,0.0,2.0,0.0,,,Hawke's Bay Region,Nil,2-way,Sealed,0.0,1.0,,50.0,,On,0.0,0.0,,30.0,Hastings District,Give way,,,,,0.0,0.0,Urban,0.0,,,Fine
365657,1929453.0,5604796.0,548200.0,0.0,0.0,2.0,Null,2016/2017,MARKET ST SOUTH,SOUTHAMPTON ST W,Non-Injury Crash,No,2017,West,0.0,,Flat,,,,,Overcast,1489802.0,0.0,0.0,0.0,2.0,0.0,,,Hawke's Bay Region,Nil,2-way,Sealed,0.0,0.0,,50.0,,Null,0.0,0.0,,30.0,Hastings District,Give way,,,,,0.0,0.0,Urban,0.0,,,Fine
611691,1933557.0,5603529.0,545750.0,0.0,0.0,2.0,North,2001/2002,NAPIER ROAD,THOMPSON ROAD,Non-Injury Crash,No,2001,South,0.0,,Flat,,,,,Bright sun,1406600.0,0.0,0.0,0.0,2.0,0.0,,,Hawke's Bay Region,Nil,2-way,Sealed,0.0,0.0,,100.0,,Null,0.0,0.0,,30.0,Hastings District,Nil,,,,,0.0,0.0,Open,0.0,,,Fine
694085,1930257.0,5604934.0,548200.0,0.0,0.0,2.0,Null,2004/2005,ST AUBYN ST EAST,WARREN ST NORTH,Minor Crash,No,2004,West,0.0,,Flat,,,,,Bright sun,1493501.0,1.0,0.0,0.0,4.0,0.0,,,Hawke's Bay Region,Nil,2-way,Sealed,0.0,0.0,,50.0,,Null,0.0,0.0,,30.0,Hastings District,Give way,,,,,0.0,0.0,Urban,0.0,,,Fine
300292,1929713.0,5605056.0,548200.0,0.0,0.0,0.0,West,2007/2008,HERETAUNGA ST WEST,MARKET ST NORTH,Non-Injury Crash,No,2008,East,0.0,0.0,Flat,0.0,,0.0,0.0,Bright sun,1491200.0,0.0,0.0,0.0,2.0,0.0,1.0,,Hawke's Bay Region,Nil,2-way,Sealed,0.0,0.0,0.0,50.0,0.0,Null,1.0,0.0,,30.0,Hastings District,Nil,0.0,0.0,0.0,0.0,0.0,0.0,Urban,1.0,0.0,0.0,Fine
401247,1927025.0,5608468.0,545710.0,0.0,0.0,0.0,North,2008/2009,RAUPARE ROAD,THOMPSON ROAD,Minor Crash,No,2009,North,0.0,1.0,Flat,0.0,,0.0,0.0,Overcast,1471000.0,1.0,0.0,0.0,2.0,0.0,0.0,,Hawke's Bay Region,Nil,2-way,Sealed,0.0,0.0,0.0,100.0,0.0,Null,0.0,0.0,,30.0,Hastings District,Nil,0.0,0.0,0.0,0.0,1.0,0.0,Open,0.0,0.0,0.0,Fine
665198,1932858.0,5605608.0,545721.0,0.0,0.0,1.0,North,2008/2009,ST GEORGES ROAD,FARMLET ROAD,Non-Injury Crash,No,2009,North,0.0,0.0,Flat,0.0,,0.0,0.0,Dark,1472405.0,0.0,0.0,0.0,2.0,0.0,0.0,,Hawke's Bay Region,Nil,2-way,Sealed,0.0,0.0,0.0,100.0,0.0,On,0.0,0.0,,30.0,Hastings District,Nil,0.0,0.0,0.0,0.0,0.0,0.0,Open,0.0,0.0,0.0,Fine
162065,1935626.0,5634815.0,545812.0,0.0,0.0,1.0,North,2013/2014,SH 2,WHIRINAKI ROAD,Non-Injury Crash,Yes,2014,North,0.0,,Flat,,,,,Bright sun,1414903.0,0.0,0.0,0.0,2.0,0.0,,,Hawke's Bay Region,Nil,2-way,Sealed,0.0,0.0,,100.0,,None,0.0,0.0,,30.0,Hastings District,Nil,,,,,0.0,0.0,Open,0.0,,,Fine
462402,1928856.0,5606188.0,547700.0,0.0,0.0,2.0,South,2001/2002,HERETAUNGA ST WEST,PAKOWHAI ROAD,Non-Injury Crash,No,2001,South,0.0,0.0,Flat,0.0,,0.0,0.0,Twilight,1486600.0,0.0,0.0,0.0,2.0,0.0,1.0,,Hawke's Bay Region,Nil,2-way,Sealed,0.0,0.0,0.0,50.0,0.0,On,0.0,0.0,,30.0,Hastings District,Nil,0.0,0.0,0.0,0.0,0.0,0.0,Urban,0.0,0.0,0.0,Fine
215485,1925282.0,5606059.0,548620.0,0.0,0.0,1.0,South,2016/2017,WILSON ROAD,SUNDERLAND DRIVE,Non-Injury Crash,No,2016,South,0.0,,Flat,,,,,Bright sun,1475000.0,0.0,0.0,0.0,2.0,0.0,,,Hawke's Bay Region,Nil,2-way,Sealed,0.0,0.0,,50.0,,Null,0.0,0.0,,30.0,Hastings District,Give way,,,,,0.0,0.0,Urban,1.0,,,Heavy rain
146421,1929983.0,5605161.0,548200.0,0.0,0.0,2.0,Null,2002/2003,Z CPK WAREHOUSE,MARKET/ST AUBYN,Non-Injury Crash,No,2003,South,0.0,0.0,Flat,0.0,,0.0,0.0,Overcast,1491400.0,0.0,0.0,0.0,0.0,0.0,1.0,,Hawke's Bay Region,Nil,Off road,Sealed,0.0,0.0,0.0,50.0,0.0,Null,0.0,0.0,,30.0,Hastings District,Nil,0.0,0.0,0.0,0.0,0.0,0.0,Urban,0.0,0.0,0.0,Fine
310734,1924276.0,5608007.0,548611.0,0.0,0.0,1.0,East,2007/2008,FLAXMERE AVENUE,KIRKWOOD ROAD,Non-Injury Crash,No,2008,East,0.0,0.0,Flat,0.0,,0.0,0.0,Dark,1469709.0,0.0,0.0,0.0,2.0,0.0,0.0,,Hawke's Bay Region,Nil,2-way,Sealed,0.0,0.0,0.0,50.0,0.0,On,0.0,0.0,,30.0,Hastings District,Nil,0.0,0.0,0.0,0.0,0.0,0.0,Urban,0.0,0.0,0.0,Fine
453575,1924157.0,5607119.0,548612.0,0.0,0.0,0.0,North,2007/2008,STANLEY ST,CHATHAM ROAD,Non-Injury Crash,No,2008,South,0.0,1.0,Flat,0.0,,0.0,0.0,Dark,1474003.0,0.0,0.0,0.0,2.0,0.0,0.0,,Hawke's Bay Region,Nil,2-way,Sealed,0.0,0.0,0.0,50.0,0.0,On,0.0,0.0,,30.0,Hastings District,Nil,0.0,0.0,0.0,0.0,0.0,0.0,Urban,1.0,0.0,0.0,Fine
686452,1929606.0,5604596.0,548300.0,0.0,0.0,2.0,Null,2016/2017,SOUTHAMPTON ST EAST,KARAMU ROAD SOUTH,Non-Injury Crash,No,2016,South,0.0,,Flat,,,,,Bright sun,1503100.0,0.0,0.0,0.0,2.0,0.0,,,Hawke's Bay Region,Nil,2-way,Sealed,0.0,0.0,,50.0,,Null,0.0,0.0,,30.0,Hastings District,Give way,,,,,0.0,0.0,Urban,0.0,,,Fine
482414,1900359.0,5624047.0,545821.0,0.0,0.0,1.0,East,2002/2003,KOROMIKO ROAD,TAIHAPE ROAD,Non-Injury Crash,No,2003,East,0.0,1.0,Flat,0.0,,0.0,0.0,Bright sun,1410000.0,0.0,0.0,0.0,2.0,0.0,0.0,,Hawke's Bay Region,Nil,2-way,Sealed,0.0,0.0,0.0,100.0,0.0,Null,0.0,0.0,,30.0,Hastings District,Nil,0.0,0.0,0.0,0.0,0.0,0.0,Open,0.0,0.0,0.0,Fine
155205,1935127.0,5633458.0,545812.0,0.0,0.0,0.0,Null,2006/2007,Z DWAY 62 WHIRINAKI,WHIRINAKI ROAD,Serious Crash,No,2007,South,0.0,1.0,Flat,0.0,,0.0,0.0,Dark,1414905.0,0.0,0.0,0.0,2.0,0.0,0.0,1.0,Hawke's Bay Region,Nil,2-way,Sealed,0.0,1.0,0.0,50.0,0.0,On,1.0,0.0,,30.0,Hastings District,Nil,0.0,0.0,0.0,0.0,0.0,0.0,Urban,0.0,0.0,0.0,Fine
475268,1928898.0,5606132.0,547700.0,0.0,0.0,1.0,South,2016/2017,HERETAUNGA ST WEST,STORTFORD ST,Non-Injury Crash,No,2016,South,0.0,,Flat,,,,,Bright sun,1486700.0,0.0,0.0,0.0,2.0,0.0,,,Hawke's Bay Region,Nil,2-way,Sealed,0.0,0.0,,50.0,,Null,0.0,0.0,,30.0,Hastings District,Unknown,,,,,0.0,0.0,Urban,2.0,,,Fine
37910,1925321.0,5599569.0,545852.0,0.0,0.0,0.0,Null,2012/2013,RAILWAY ROAD SOUTH,PAKI PAKI ROAD,Non-Injury Crash,Yes,2013,South,0.0,,Flat,,,,,Bright sun,1469600.0,0.0,0.0,0.0,3.0,0.0,,,Hawke's Bay Region,Nil,2-way,Sealed,0.0,0.0,,80.0,,Null,0.0,0.0,,30.0,Hastings District,Give way,,,,,1.0,0.0,Open,1.0,,,Fine
474115,1928563.0,5604564.0,547900.0,0.0,0.0,1.0,South,2002/2003,GASCOIGNE ST,SOUTHLAND ROAD,Non-Injury Crash,No,2002,East,0.0,,Flat,,,,,Bright sun,1482000.0,0.0,0.0,0.0,2.0,0.0,,,Hawke's Bay Region,Nil,2-way,Sealed,0.0,0.0,,50.0,,Null,0.0,0.0,,30.0,Hastings District,Nil,,,,,0.0,0.0,Urban,1.0,,,Fine
665098,1909032.0,5674669.0,545911.0,0.0,0.0,1.0,North,2004/2005,SH 5,TARAWERA TAV,Non-Injury Crash,Yes,2004,West,0.0,0.0,Hill Road,1.0,Labour Weekend,0.0,0.0,Overcast,1281200.0,0.0,0.0,0.0,2.0,0.0,0.0,,Hawke's Bay Region,Nil,2-way,Sealed,0.0,0.0,0.0,100.0,0.0,Null,0.0,0.0,,30.0,Hastings District,Nil,0.0,0.0,0.0,0.0,0.0,0.0,Open,0.0,0.0,0.0,Light rain
543062,1917081.0,5654612.0,545911.0,0.0,0.0,1.0,South,2003/2004,SH 5,WAITARA ROAD,Non-Injury Crash,Yes,2004,East,0.0,0.0,Hill Road,0.0,Queens Birthday,0.0,0.0,Overcast,1415900.0,0.0,0.0,0.0,3.0,0.0,0.0,,Hawke's Bay Region,Nil,2-way,Sealed,0.0,0.0,0.0,100.0,0.0,None,0.0,0.0,,30.0,Hastings District,Nil,0.0,1.0,0.0,0.0,0.0,0.0,Open,0.0,0.0,0.0,Snow
115270,1930090.0,5604957.0,548200.0,0.0,0.0,0.0,Null,2016/2017,KARAMU ROAD NORTH,AVENUE ROAD EAST,Non-Injury Crash,No,2016,West,0.0,,Flat,,,,,Bright sun,1492900.0,0.0,0.0,0.0,2.0,0.0,,,Hawke's Bay Region,Nil,2-way,Sealed,0.0,0.0,,50.0,,Null,1.0,0.0,,30.0,Hastings District,Stop,,,,,0.0,0.0,Urban,1.0,,,Fine
284461,1927805.0,5607226.0,547800.0,0.0,0.0,2.0,North,2010/2011,OMAHU ROAD,STONYCROFT ST,Non-Injury Crash,No,2011,North,0.0,,Flat,,Easter,,,Overcast,1476600.0,0.0,0.0,0.0,2.0,0.0,,,Hawke's Bay Region,Nil,2-way,Sealed,0.0,0.0,,50.0,,Null,0.0,0.0,,30.0,Hastings District,Nil,,,,,0.0,0.0,Urban,0.0,,,Light rain
299703,1932597.0,5601855.0,548831.0,0.0,0.0,2.0,Null,2017/2018,PORTER DRIVE,DONNELLY ST,Non-Injury Crash,No,2017,East,0.0,,Flat,,,,,Bright sun,1509600.0,0.0,0.0,0.0,2.0,0.0,,,Hawke's Bay Region,Nil,2-way,Sealed,0.0,0.0,,50.0,,Null,0.0,0.0,,30.0,Hastings District,Give way,,,,,0.0,0.0,Urban,0.0,,,Fine