OBJECTID,X,Y,areaUnitID,bicycle,bus,carStationWagon,crashDirectionDescription,crashFinancialYear,crashLocation1,crashLocation2,crashSeverity,crashSHDescription,crashYear,directionRoleDescription,fatalCount,fence,flatHill,guardRail,holiday,houseOrBuilding,kerb,light,meshblockId,minorInjuryCount,moped,motorcycle,NumberOfLanes,otherVehicleType,parkedVehicle,pedestrian,region,roadCharacter,roadLane,roadSurface,schoolBus,seriousInjuryCount,slipOrFlood,speedLimit,strayAnimal,streetLight,suv,taxi,temporarySpeedLimit,tlaId,tlaName,trafficControl,trafficIsland,trafficSign,train,tree,truck,unknownVehicleType,urban,vanOrUtility,vehicle,waterRiver,weatherA
561800,1929772.0,5604857.0,548200.0,0.0,0.0,2.0,North,2003/2004,RUSSELL ST SOUTH,EASTBOURNE ST EAST,Non-Injury Crash,No,2004,South,0.0,,Flat,,,,,Bright sun,1492000.0,0.0,0.0,0.0,2.0,0.0,,,Hawke's Bay Region,Nil,2-way,Sealed,0.0,0.0,,50.0,,Null,0.0,0.0,,30.0,Hastings District,Nil,,,,,0.0,0.0,Urban,0.0,,,Fine
38393,1931613.0,5608421.0,545710.0,0.0,0.0,1.0,Null,2007/2008,PAKOWHAI ROAD,ELWOOD ROAD,Minor Crash,No,2007,South,0.0,,Flat,,,,,Overcast,1471100.0,1.0,0.0,0.0,2.0,0.0,,,Hawke's Bay Region,Nil,2-way,Sealed,0.0,0.0,,100.0,,Null,0.0,0.0,,30.0,Hastings District,Give way,,,,,0.0,0.0,Open,1.0,,,Heavy rain
720277,1927615.6025,5607447.6734,548400.0,0.0,0.0,0.0,Null,2018/2019,HAWKES BAY EXPRESSWAY,OMAHU ROAD,Non-Injury Crash,Yes,2018,East,0.0,0.0,Flat,0.0,,0.0,0.0,Twilight,1473600.0,0.0,0.0,0.0,2.0,0.0,0.0,,Hawke's Bay Region,Nil,2-way,Sealed,0.0,0.0,0.0,100.0,0.0,On,0.0,0.0,,30.0,Hastings District,Give way,0.0,0.0,0.0,0.0,0.0,0.0,Open,1.0,0.0,0.0,Light rain
136746,1924673.0,5637652.0,545811.0,0.0,0.0,0.0,South,2005/2006,SH 5,GLENGARRY ROAD,Serious Crash,Yes,2005,South,0.0,,Hill Road,,,,,Dark,1414800.0,1.0,0.0,0.0,3.0,0.0,,,Hawke's Bay Region,Nil,2-way,Sealed,0.0,1.0,,100.0,,None,1.0,0.0,,30.0,Hastings District,Nil,,,,,0.0,0.0,Open,1.0,,,Light rain
287641,1910737.0,5669962.0,545911.0,0.0,0.0,0.0,North,2017/2018,SH 5,BAKERS CULV,Serious Crash,Yes,2017,North,0.0,0.0,Hill Road,0.0,,0.0,0.0,Dark,1281200.0,3.0,0.0,0.0,2.0,0.0,0.0,,Hawke's Bay Region,Nil,2-way,Sealed,0.0,1.0,0.0,100.0,0.0,Off,0.0,0.0,,30.0,Hastings District,Unknown,0.0,0.0,0.0,0.0,1.0,0.0,Open,0.0,0.0,0.0,Fine
730216,1935332.0,5609375.0,545722.0,0.0,0.0,1.0,South,2006/2007,SH 2,RICHMOND ROAD,Minor Crash,Yes,2006,North,0.0,,Flat,,,,,Dark,1406000.0,1.0,0.0,0.0,2.0,0.0,,,Hawke's Bay Region,Nil,2-way,Sealed,0.0,0.0,,100.0,,None,1.0,0.0,,30.0,Hastings District,Nil,,,,,0.0,0.0,Open,0.0,,,Fine
664060,1931026.0,5605572.0,548000.0,0.0,0.0,1.0,North,2011/2012,FREDERICK ST,KARAMU ROAD NORTH,Minor Crash,No,2011,North,0.0,,Flat,,,,,Dark,1495700.0,1.0,0.0,1.0,2.0,0.0,,,Hawke's Bay Region,Nil,2-way,Sealed,0.0,0.0,,50.0,,On,0.0,0.0,,30.0,Hastings District,Nil,,,,,0.0,0.0,Urban,0.0,,,Fine
332902,1929969.0,5604717.0,548200.0,0.0,0.0,2.0,Null,2007/2008,HERETAUNGA ST EAST,WARREN ST NORTH,Non-Injury Crash,No,2007,West,0.0,0.0,Flat,0.0,,0.0,0.0,Bright sun,1493300.0,0.0,0.0,0.0,2.0,0.0,1.0,,Hawke's Bay Region,Nil,2-way,Sealed,0.0,0.0,0.0,50.0,0.0,Null,0.0,0.0,,30.0,Hastings District,Give way,0.0,0.0,0.0,0.0,0.0,0.0,Urban,0.0,0.0,0.0,Fine
383288,1931298.0,5606996.0,545721.0,0.0,0.0,1.0,Null,2006/2007,RICHMOND ROAD,TOMOANA ROAD,Non-Injury Crash,No,2007,South,0.0,1.0,Flat,0.0,,0.0,0.0,Dark,1471500.0,0.0,0.0,0.0,2.0,0.0,0.0,,Hawke's Bay Region,Nil,2-way,Sealed,0.0,0.0,0.0,100.0,0.0,None,0.0,0.0,,30.0,Hastings District,Nil,0.0,0.0,0.0,0.0,0.0,0.0,Open,0.0,0.0,0.0,Fine
280824,1929503.1429,5604513.6829,548300.0,0.0,0.0,1.0,West,2019/2020,KARAMU ROAD SOUTH,SOUTHAMPTON STREET EAST,Non-Injury Crash,No,2020,North,0.0,0.0,Flat,0.0,,0.0,0.0,Dark,1503100.0,0.0,0.0,0.0,2.0,0.0,0.0,,Hawke's Bay Region,Nil,2-way,Sealed,0.0,0.0,0.0,50.0,0.0,On,0.0,0.0,,30.0,Hastings District,Nil,0.0,0.0,0.0,0.0,0.0,0.0,Urban,0.0,0.0,0.0,Fine
389181,1934400.0,5599437.0,548833.0,0.0,0.0,1.0,North,2016/2017,TE MATA PEAK ROAD,PARK GATE,Non-Injury Crash,No,2017,North,0.0,0.0,Hill Road,0.0,,0.0,0.0,Dark,1467003.0,0.0,0.0,0.0,2.0,0.0,0.0,,Hawke's Bay Region,Nil,2-way,Sealed,0.0,0.0,0.0,60.0,0.0,None,0.0,0.0,,30.0,Hastings District,Unknown,0.0,0.0,0.0,1.0,0.0,0.0,Urban,0.0,0.0,0.0,Fine
435757,1923079.0,5611805.0,545822.0,0.0,0.0,3.0,Null,2000/2001,SH 50,SWAMP ROAD,Non-Injury Crash,Yes,2001,North,0.0,,Flat,,,,,Dark,1409300.0,0.0,0.0,0.0,2.0,0.0,,,Hawke's Bay Region,Nil,2-way,Sealed,0.0,0.0,,50.0,,On,0.0,0.0,,30.0,Hastings District,Give way,,,,,0.0,0.0,Urban,0.0,,,Fine
470739,1924715.0,5637679.0,545811.0,0.0,0.0,1.0,West,2001/2002,SH 5,DILLONS HILL CUL,Non-Injury Crash,Yes,2001,South,0.0,0.0,Hill Road,0.0,,0.0,0.0,Overcast,1414800.0,0.0,0.0,0.0,2.0,0.0,0.0,,Hawke's Bay Region,Nil,2-way,Sealed,0.0,0.0,0.0,100.0,0.0,Null,0.0,0.0,,30.0,Hastings District,Nil,0.0,0.0,0.0,1.0,0.0,0.0,Open,0.0,0.0,0.0,Fine
387449,1928111.0,5607801.0,545710.0,0.0,0.0,1.0,East,2013/2014,SH 50A,OMAHU ROAD,Non-Injury Crash,Yes,2014,East,0.0,1.0,Hill Road,0.0,,0.0,0.0,Dark,1471201.0,0.0,0.0,0.0,2.0,0.0,0.0,,Hawke's Bay Region,Nil,2-way,Sealed,0.0,0.0,0.0,100.0,0.0,None,0.0,0.0,,30.0,Hastings District,Nil,0.0,0.0,0.0,0.0,0.0,0.0,Open,0.0,0.0,0.0,Fine
434763,1928503.0,5606043.0,548500.0,0.0,0.0,2.0,Null,2006/2007,MARAEKAKAHO ROAD,SOUTHAMPTON ST WEST,Non-Injury Crash,No,2006,West,0.0,,Flat,,,,,Bright sun,1479600.0,0.0,0.0,0.0,2.0,0.0,,,Hawke's Bay Region,Nil,2-way,Sealed,0.0,0.0,,50.0,,Null,0.0,0.0,,30.0,Hastings District,Give way,,,,,0.0,0.0,Urban,0.0,,,Fine
459609,1932227.0,5602181.0,545721.0,0.0,0.0,1.0,North,2001/2002,HAVELOCK ROAD,KARANEMA DRIVE,Non-Injury Crash,No,2001,West,0.0,,Flat,,,,,Overcast,1473000.0,0.0,0.0,0.0,2.0,0.0,,,Hawke's Bay Region,Nil,2-way,Sealed,0.0,0.0,,70.0,,Null,0.0,0.0,,30.0,Hastings District,Nil,,,,,0.0,0.0,Urban,1.0,,,Light rain
360780,1924292.0,5608195.0,548611.0,0.0,0.0,1.0,North,2002/2003,KIRKWOOD ROAD,TARBET ST,Non-Injury Crash,No,2002,South,0.0,,Flat,,,,,Overcast,1469709.0,0.0,0.0,0.0,2.0,0.0,,,Hawke's Bay Region,Nil,2-way,Sealed,0.0,0.0,,50.0,,Null,0.0,0.0,,30.0,Hastings District,Nil,,,,,1.0,0.0,Urban,0.0,,,Light rain
360587,1920136.0,5611481.0,545821.0,0.0,0.0,1.0,North,2007/2008,OHITI ROAD,TAIHAPE ROAD,Non-Injury Crash,No,2008,South,0.0,1.0,Hill Road,0.0,,0.0,0.0,Overcast,1408900.0,0.0,0.0,0.0,2.0,0.0,0.0,,Hawke's Bay Region,Nil,2-way,Sealed,0.0,0.0,0.0,100.0,0.0,Null,0.0,0.0,,30.0,Hastings District,Nil,0.0,0.0,0.0,0.0,0.0,0.0,Open,0.0,0.0,0.0,Fine
597795,1933546.0,5603440.0,545750.0,0.0,0.0,3.0,Null,2005/2006,NAPIER ROAD,THOMPSON ROAD,Minor Crash,No,2006,North,0.0,,Flat,,,,,Bright sun,1406600.0,1.0,0.0,0.0,2.0,0.0,,,Hawke's Bay Region,Nil,2-way,Sealed,0.0,0.0,,100.0,,Null,0.0,0.0,,30.0,Hastings District,Nil,,,,,0.0,0.0,Open,0.0,,,Fine
16495,1930935.0,5613540.0,545831.0,0.0,0.0,2.0,Null,2003/2004,SH 50A,LINKS ROAD,Non-Injury Crash,Yes,2004,West,0.0,,Flat,,,,,Twilight,1404600.0,0.0,0.0,0.0,2.0,0.0,,,Hawke's Bay Region,Nil,2-way,Sealed,0.0,0.0,,100.0,,On,0.0,0.0,,30.0,Hastings District,Give way,,,,,0.0,0.0,Open,0.0,,,Light rain
423882,1929718.7130000002,5605247.1092,548200.0,0.0,0.0,1.0,North,2018/2019,QUEEN STREET WEST,KING STREET NORTH,Non-Injury Crash,No,2018,South,0.0,,Flat,,,,,Overcast,1490700.0,0.0,0.0,0.0,2.0,0.0,,,Hawke's Bay Region,Nil,2-way,Sealed,0.0,0.0,,50.0,,Off,1.0,0.0,,30.0,Hastings District,Nil,,,,,0.0,0.0,Urban,0.0,,,Light rain
46556,1929848.0,5605095.0,548200.0,1.0,0.0,1.0,East,2015/2016,MARKET ST NORTH,QUEEN ST WEST,Minor Crash,No,2016,East,0.0,,Flat,,,,,Bright sun,1491300.0,1.0,0.0,0.0,2.0,0.0,,,Hawke's Bay Region,Nil,2-way,Sealed,0.0,0.0,,50.0,,Null,0.0,0.0,,30.0,Hastings District,Nil,,,,,0.0,0.0,Urban,0.0,,,Fine
246617,1930785.0,5613063.0,545831.0,0.0,0.0,1.0,South,2008/2009,SH 50A,SH 50,Non-Injury Crash,Yes,2009,North,0.0,,Flat,,,,,Bright sun,1404500.0,0.0,0.0,0.0,2.0,0.0,,,Hawke's Bay Region,Nil,2-way,Sealed,0.0,0.0,,100.0,,Null,0.0,0.0,,30.0,Hastings District,Nil,,,,,1.0,0.0,Open,0.0,,,Fine
322537,1929548.0,5604672.0,548200.0,0.0,0.0,2.0,Null,2000/2001,RAILWAY ROAD,SOUTHAMPTON ST WEST,Non-Injury Crash,No,2001,West,0.0,,Flat,,,,,Bright sun,1489700.0,0.0,0.0,0.0,2.0,0.0,,,Hawke's Bay Region,Nil,2-way,Sealed,0.0,0.0,,50.0,,Null,0.0,0.0,,30.0,Hastings District,Traffic Signals,,,,,0.0,0.0,Urban,0.0,,,Fine
611830,1938522.0,5594644.0,545860.0,0.0,0.0,1.0,West,2014/2015,WAIMARAMA ROAD,MARAETOTARA ROAD,Non-Injury Crash,No,2014,East,0.0,1.0,Hill Road,0.0,,0.0,0.0,Dark,1467400.0,0.0,0.0,0.0,2.0,0.0,0.0,,Hawke's Bay Region,Nil,2-way,Sealed,0.0,0.0,0.0,100.0,0.0,None,0.0,0.0,,30.0,Hastings District,Nil,0.0,0.0,0.0,0.0,0.0,0.0,Open,0.0,0.0,0.0,Heavy rain
429363,1925372.0,5607152.0,548620.0,0.0,0.0,1.0,South,2017/2018,HENDERSON ROAD,FLAXMERE AVENUE,Non-Injury Crash,No,2018,North,0.0,0.0,Flat,0.0,,0.0,0.0,Dark,1474201.0,0.0,0.0,0.0,2.0,0.0,0.0,,Hawke's Bay Region,Nil,2-way,Sealed,0.0,0.0,0.0,50.0,0.0,On,0.0,0.0,,30.0,Hastings District,Unknown,1.0,1.0,0.0,0.0,0.0,0.0,Urban,0.0,0.0,0.0,Light rain
617875,1929645.0,5604943.0,548200.0,1.0,0.0,0.0,Null,2003/2004,MARKET ST SOUTH,EASTBOURNE ST WEST,Minor Crash,No,2003,South,0.0,,Flat,,,,,Overcast,1489600.0,1.0,0.0,0.0,4.0,0.0,,,Hawke's Bay Region,Nil,2-way,Sealed,0.0,0.0,,50.0,,Off,0.0,0.0,,30.0,Hastings District,Give way,,,,,1.0,0.0,Urban,0.0,,,Fine
413640,1936676.0,5639582.0,545811.0,0.0,0.0,0.0,North,2011/2012,SH 2,TANGOIO SETTLEMENT ROAD,Non-Injury Crash,Yes,2012,North,0.0,0.0,Flat,0.0,,0.0,0.0,Dark,1415700.0,0.0,0.0,0.0,2.0,0.0,0.0,,Hawke's Bay Region,Nil,2-way,Unsealed,0.0,0.0,0.0,100.0,0.0,Off,0.0,0.0,30.0,30.0,Hastings District,Nil,0.0,0.0,0.0,0.0,1.0,0.0,Open,0.0,0.0,0.0,Fine
734013,1927886.0,5607148.0,547800.0,0.0,0.0,1.0,Null,2004/2005,OMAHU ROAD,BALLANTYNE ST,Non-Injury Crash,No,2005,South,0.0,,Flat,,,,,Overcast,1476700.0,0.0,0.0,0.0,2.0,0.0,,,Hawke's Bay Region,Nil,2-way,Sealed,0.0,0.0,,50.0,,Null,0.0,0.0,,30.0,Hastings District,Give way,,,,,0.0,0.0,Urban,1.0,,,Light rain
680157,1931858.0,5605119.0,548000.0,0.0,0.0,1.0,North,2018/2019,COLLINGE ROAD,JUBILEE ST,Non-Injury Crash,No,2018,East,0.0,1.0,Flat,0.0,,0.0,0.0,Bright sun,1472500.0,0.0,0.0,0.0,2.0,0.0,0.0,,Hawke's Bay Region,Nil,2-way,Sealed,0.0,0.0,0.0,50.0,0.0,Null,0.0,0.0,,30.0,Hastings District,Unknown,0.0,0.0,0.0,1.0,0.0,0.0,Urban,0.0,0.0,0.0,Fine
448571,1939502.0,5607789.0,545740.0,0.0,0.0,1.0,South,2007/2008,BEACH ROAD,VAN ASCH ROAD,Serious Crash,No,2008,North,0.0,0.0,Flat,0.0,,0.0,0.0,Dark,1407200.0,1.0,0.0,0.0,2.0,0.0,1.0,1.0,Hawke's Bay Region,Nil,2-way,Sealed,0.0,1.0,0.0,50.0,0.0,On,0.0,0.0,,30.0,Hastings District,Nil,0.0,0.0,0.0,0.0,0.0,0.0,Urban,1.0,0.0,0.0,Fine
169306,1919838.0,5644304.0,545811.0,0.0,0.0,1.0,South,2004/2005,SH 5,PALMER ROAD,Non-Injury Crash,Yes,2005,North,0.0,,Hill Road,,,,,Bright sun,1414700.0,0.0,0.0,0.0,2.0,0.0,,,Hawke's Bay Region,Nil,2-way,Sealed,0.0,0.0,,100.0,,Null,0.0,0.0,,30.0,Hastings District,Nil,,,,,0.0,0.0,Open,0.0,,,Fine
563375,1927447.0,5607160.0,548500.0,0.0,0.0,0.0,West,2008/2009,KOTUKU ST,TAKAPU ROAD,Non-Injury Crash,No,2008,East,0.0,1.0,Flat,0.0,Christmas New Year,0.0,0.0,Overcast,1478100.0,0.0,0.0,0.0,2.0,0.0,0.0,,Hawke's Bay Region,Nil,2-way,Sealed,0.0,0.0,0.0,50.0,0.0,Null,0.0,0.0,,30.0,Hastings District,Nil,0.0,0.0,0.0,0.0,0.0,0.0,Urban,1.0,0.0,0.0,Fine
623212,1931364.0,5605880.0,548000.0,0.0,0.0,2.0,West,2006/2007,WARWICK ROAD,SH 2,Non-Injury Crash,No,2006,West,0.0,,Flat,,,,,Bright sun,1496700.0,0.0,0.0,0.0,2.0,0.0,,,Hawke's Bay Region,Nil,2-way,Sealed,0.0,0.0,,50.0,,Null,0.0,0.0,,30.0,Hastings District,Nil,,,,,0.0,0.0,Urban,0.0,,,Fine
474222,1910095.0,5664401.0,545911.0,0.0,0.0,2.0,North,2002/2003,SH 5,TE HAROTO ROAD,Non-Injury Crash,Yes,2002,North,0.0,,Hill Road,,,,,Overcast,1414400.0,0.0,0.0,0.0,2.0,0.0,,,Hawke's Bay Region,Nil,2-way,Sealed,0.0,0.0,,100.0,,Null,0.0,0.0,,30.0,Hastings District,Nil,,,,,0.0,0.0,Open,0.0,,,Light rain
535028,1927409.0,5602152.0,545762.0,0.0,0.0,0.0,East,2008/2009,LONGLANDS ROAD EAST,RAILWAY ROAD SOUTH,Non-Injury Crash,No,2008,West,0.0,1.0,Flat,0.0,,0.0,0.0,Dark,1468200.0,0.0,0.0,0.0,2.0,0.0,0.0,,Hawke's Bay Region,Nil,2-way,Sealed,0.0,0.0,0.0,100.0,0.0,On,1.0,0.0,,30.0,Hastings District,Nil,1.0,0.0,0.0,0.0,0.0,0.0,Open,0.0,0.0,0.0,Fine
643331,1931153.0,5600843.0,545762.0,0.0,0.0,1.0,Null,2008/2009,TE AUTE ROAD,GILPIN ROAD,Serious Crash,No,2008,West,0.0,1.0,Flat,0.0,,0.0,0.0,Twilight,1465200.0,0.0,0.0,0.0,2.0,0.0,0.0,,Hawke's Bay Region,Bridge,2-way,Sealed,0.0,1.0,0.0,100.0,0.0,None,0.0,0.0,,30.0,Hastings District,Give way,0.0,0.0,0.0,0.0,0.0,0.0,Open,0.0,0.0,1.0,Fine
468923,1929373.0,5605307.0,548200.0,0.0,0.0,1.0,Null,2015/2016,SOUTHLAND ROAD,EASTBOURNE ST WEST,Non-Injury Crash,No,2016,West,0.0,,Flat,,,,,Bright sun,1488800.0,0.0,1.0,0.0,2.0,0.0,,,Hawke's Bay Region,Nil,2-way,Sealed,0.0,0.0,,50.0,,Null,0.0,0.0,,30.0,Hastings District,Give way,,,,,0.0,0.0,Urban,0.0,,,Fine
350732,1930362.3602,5605218.8285,548200.0,0.0,0.0,1.0,Null,2019/2020,OFF ROAD CAR PARK,,Minor Crash,No,2020,North,0.0,,Flat,,,,,Overcast,1494100.0,1.0,0.0,0.0,,0.0,,1.0,Hawke's Bay Region,Nil,Off road,Sealed,0.0,0.0,,20.0,,Off,0.0,0.0,,30.0,Hastings District,Nil,,,,,0.0,0.0,Urban,0.0,,,Fine
122439,1929963.0,5603193.0,548300.0,0.0,0.0,1.0,North,2004/2005,Z PRIVATE DWAY,LUMSDEN/COPELAND,Non-Injury Crash,No,2005,North,0.0,1.0,Flat,0.0,,1.0,0.0,Bright sun,1504400.0,0.0,0.0,0.0,0.0,0.0,0.0,,Hawke's Bay Region,Nil,Off road,Sealed,0.0,0.0,0.0,50.0,0.0,Null,0.0,0.0,,30.0,Hastings District,Nil,0.0,0.0,0.0,0.0,0.0,0.0,Urban,0.0,0.0,0.0,Fine
458265,1929949.0,5604072.0,548300.0,0.0,0.0,2.0,East,2007/2008,BEECH ST,WILLOWPARK ROAD SOUTH,Non-Injury Crash,No,2007,East,0.0,0.0,Flat,0.0,,0.0,0.0,Dark,1502100.0,0.0,0.0,0.0,2.0,0.0,1.0,,Hawke's Bay Region,Nil,2-way,Sealed,0.0,0.0,0.0,50.0,0.0,On,0.0,0.0,,30.0,Hastings District,Nil,0.0,0.0,0.0,0.0,0.0,0.0,Urban,0.0,0.0,0.0,Light rain
402384,1909257.0,5664780.0,545911.0,0.0,0.0,1.0,South,2015/2016,SH 5,KOWARO ROADWAY,Non-Injury Crash,Yes,2016,East,0.0,0.0,Hill Road,0.0,Queens Birthday,0.0,0.0,Bright sun,1414300.0,0.0,0.0,0.0,3.0,0.0,0.0,,Hawke's Bay Region,Nil,2-way,Sealed,0.0,0.0,0.0,100.0,0.0,Null,0.0,0.0,,30.0,Hastings District,Unknown,0.0,0.0,0.0,0.0,0.0,0.0,Open,0.0,0.0,0.0,Fine
600472,1932611.0,5601613.0,548832.0,0.0,0.0,1.0,North,2001/2002,JOLL ROAD,TE MATA ROAD,Non-Injury Crash,No,2001,East,0.0,0.0,Flat,0.0,Labour Weekend,1.0,0.0,Bright sun,1508300.0,0.0,0.0,0.0,2.0,0.0,0.0,,Hawke's Bay Region,Nil,2-way,Sealed,0.0,0.0,0.0,50.0,0.0,Null,0.0,0.0,,30.0,Hastings District,Nil,0.0,0.0,0.0,0.0,0.0,0.0,Urban,0.0,0.0,0.0,Fine
597544,1929464.0,5605185.0,548200.0,0.0,0.0,2.0,Null,2004/2005,EASTBOURNE ST WEST,NELSON ST SOUTH,Non-Injury Crash,No,2005,West,0.0,,Flat,,,,,Bright sun,1488900.0,0.0,0.0,0.0,2.0,0.0,,,Hawke's Bay Region,Nil,2-way,Sealed,0.0,0.0,,50.0,,Null,0.0,0.0,,30.0,Hastings District,Give way,,,,,0.0,0.0,Urban,0.0,,,Fine
553460,1929477.0,5608874.0,545710.0,0.0,0.0,1.0,Null,2009/2010,EVENDEN ROAD,SH 50A,Non-Injury Crash,Yes,2010,East,0.0,,Flat,,,,,Dark,1471100.0,0.0,0.0,0.0,4.0,0.0,,,Hawke's Bay Region,Nil,2-way,Sealed,0.0,0.0,,100.0,,On,0.0,0.0,,30.0,Hastings District,Give way,,,,,0.0,0.0,Open,0.0,,,Light rain
23209,1929564.0,5632976.0,545811.0,0.0,0.0,0.0,Null,2001/2002,SH 5,SHAW ROAD,Non-Injury Crash,Yes,2001,North,0.0,0.0,Flat,0.0,,0.0,0.0,Dark,1414700.0,0.0,0.0,0.0,2.0,0.0,0.0,,Hawke's Bay Region,Nil,2-way,Sealed,0.0,0.0,0.0,100.0,0.0,None,0.0,0.0,,30.0,Hastings District,Nil,0.0,0.0,0.0,0.0,0.0,0.0,Open,1.0,0.0,0.0,Light rain
279905,1929179.0,5605159.0,548200.0,0.0,0.0,2.0,Null,2012/2013,SOUTHAMPTON ST WEST,SOUTHLAND ROAD,Non-Injury Crash,No,2013,North,0.0,,Flat,,,,,Overcast,1488600.0,0.0,0.0,0.0,2.0,0.0,,,Hawke's Bay Region,Nil,2-way,Sealed,0.0,0.0,,50.0,,Null,0.0,0.0,,30.0,Hastings District,Give way,,,,,0.0,0.0,Urban,0.0,,,Fine
273191,1928856.0,5606188.0,547700.0,1.0,0.0,1.0,East,2004/2005,HERETAUNGA ST WEST,MARAEKAKAHO ROAD,Non-Injury Crash,No,2005,East,0.0,,Flat,,,,,Bright sun,1486600.0,0.0,0.0,0.0,2.0,0.0,,,Hawke's Bay Region,Nil,2-way,Sealed,0.0,0.0,,50.0,,Null,0.0,0.0,,30.0,Hastings District,Nil,,,,,0.0,0.0,Urban,0.0,,,Fine
265943,1923352.0,5610218.0,545710.0,0.0,0.0,1.0,Null,2007/2008,SH 50,OMAHU ROAD,Fatal Crash,Yes,2007,North,1.0,,Flat,,,,,Bright sun,1470500.0,0.0,0.0,0.0,2.0,0.0,,,Hawke's Bay Region,Nil,2-way,Sealed,0.0,0.0,,100.0,,Null,0.0,0.0,,30.0,Hastings District,Give way,,,,,1.0,0.0,Open,0.0,,,Fine
403588,1929418.1412,5604118.4137,548300.0,0.0,0.0,1.0,West,2020/2021,HASTINGS STREET SOUTH,AKINA STREET,Minor Crash,No,2020,North,0.0,,Flat,,,,,Bright sun,1503300.0,1.0,0.0,0.0,2.0,0.0,,1.0,Hawke's Bay Region,Nil,2-way,Sealed,0.0,0.0,,50.0,,Off,0.0,0.0,,30.0,Hastings District,Nil,,,,,0.0,0.0,Urban,0.0,,,Fine
330279,1939128.0,5594407.0,545860.0,0.0,0.0,1.0,West,2004/2005,WAIMARAMA ROAD,OCEAN BEACH ROAD,Non-Injury Crash,No,2004,South,0.0,0.0,Hill Road,0.0,Christmas New Year,0.0,0.0,Bright sun,1467500.0,0.0,0.0,0.0,2.0,0.0,0.0,,Hawke's Bay Region,Nil,2-way,Sealed,0.0,0.0,0.0,100.0,0.0,Null,0.0,0.0,,30.0,Hastings District,Nil,0.0,0.0,0.0,0.0,0.0,0.0,Open,0.0,0.0,0.0,Fine
719860,1910255.0,5604658.0,545841.0,0.0,0.0,0.0,Null,2012/2013,SH 50,WHAKAPIRAU ROAD,Fatal Crash,Yes,2012,West,1.0,,Hill Road,,,,,Bright sun,1462800.0,1.0,0.0,0.0,2.0,0.0,,,Hawke's Bay Region,Nil,2-way,Sealed,0.0,0.0,,100.0,,Null,0.0,0.0,,30.0,Hastings District,Give way,,,,,0.0,0.0,Open,2.0,,,Fine
322522,1912660.0,5586854.0,545851.0,0.0,0.0,0.0,South,2001/2002,SH 2,WAIKAREAO ROAD,Non-Injury Crash,Yes,2002,North,0.0,0.0,Hill Road,0.0,,0.0,0.0,Bright sun,1464600.0,0.0,0.0,0.0,2.0,0.0,0.0,,Hawke's Bay Region,Nil,2-way,Sealed,0.0,0.0,0.0,100.0,0.0,Null,0.0,0.0,,30.0,Hastings District,Nil,0.0,0.0,0.0,1.0,0.0,0.0,Open,1.0,0.0,0.0,Fine
177870,1930959.0,5613606.0,545831.0,0.0,0.0,0.0,North,2009/2010,SH 50,SH 50A,Non-Injury Crash,Yes,2010,North,0.0,,Flat,,,,,Overcast,1404600.0,0.0,0.0,1.0,2.0,0.0,,,Hawke's Bay Region,Nil,2-way,Sealed,0.0,0.0,,70.0,,Null,1.0,0.0,,30.0,Hastings District,Nil,,,,,0.0,0.0,Urban,0.0,,,Fine
291517,1925321.0,5599569.0,545852.0,0.0,0.0,1.0,Null,2014/2015,SH 2,SH 50A,Serious Crash,Yes,2014,North,0.0,,Flat,,,,,Overcast,1469600.0,0.0,0.0,0.0,2.0,0.0,,,Hawke's Bay Region,Nil,2-way,Sealed,0.0,2.0,,80.0,,Null,0.0,0.0,,30.0,Hastings District,Give way,,,,,1.0,0.0,Open,0.0,,,Fine
639310,1930230.0,5606805.0,547600.0,0.0,0.0,2.0,South,2009/2010,FREDERICK ST,TAWA ST,Non-Injury Crash,No,2009,North,0.0,,Flat,,,,,Bright sun,1483000.0,0.0,0.0,0.0,2.0,0.0,,,Hawke's Bay Region,Nil,2-way,Sealed,0.0,0.0,,50.0,,Null,0.0,0.0,,30.0,Hastings District,Nil,,,,,0.0,0.0,Urban,0.0,,,Fine
205185,1928512.9169,5607216.5804,547800.0,0.0,0.0,1.0,Null,2018/2019,NOTTINGLEY ROAD,MATARIKI AVENUE,Non-Injury Crash,No,2018,South,0.0,,Flat,,,,,Bright sun,1477300.0,0.0,0.0,0.0,2.0,0.0,,,Hawke's Bay Region,Nil,2-way,Sealed,0.0,0.0,,50.0,,Off,1.0,0.0,,30.0,Hastings District,Give way,,,,,0.0,0.0,Urban,0.0,,,Fine
724113,1929101.0,5605862.0,547700.0,0.0,0.0,1.0,Null,2010/2011,HERETAUNGA ST WEST,TOWNSHEND ST,Non-Injury Crash,No,2010,North,0.0,0.0,Flat,0.0,Christmas New Year,1.0,0.0,Overcast,1486800.0,0.0,0.0,0.0,2.0,0.0,0.0,,Hawke's Bay Region,Nil,2-way,Sealed,0.0,0.0,0.0,50.0,0.0,Null,0.0,0.0,,30.0,Hastings District,Give way,0.0,0.0,0.0,0.0,0.0,0.0,Urban,0.0,0.0,0.0,Fine