OBJECTID,X,Y,areaUnitID,bicycle,bus,carStationWagon,crashDirectionDescription,crashFinancialYear,crashLocation1,crashLocation2,crashSeverity,crashSHDescription,crashYear,directionRoleDescription,fatalCount,fence,flatHill,guardRail,holiday,houseOrBuilding,kerb,light,meshblockId,minorInjuryCount,moped,motorcycle,NumberOfLanes,otherVehicleType,parkedVehicle,pedestrian,region,roadCharacter,roadLane,roadSurface,schoolBus,seriousInjuryCount,slipOrFlood,speedLimit,strayAnimal,streetLight,suv,taxi,temporarySpeedLimit,tlaId,tlaName,trafficControl,trafficIsland,trafficSign,train,tree,truck,unknownVehicleType,urban,vanOrUtility,vehicle,waterRiver,weatherA
585125,1907848.0,5675539.0,545911.0,0.0,0.0,1.0,South,2016/2017,SH 5,RUATITI BR,Minor Crash,Yes,2016,North,0.0,,Flat,,,,,Overcast,1281200.0,1.0,0.0,0.0,2.0,0.0,,,Hawke's Bay Region,Nil,2-way,Sealed,0.0,0.0,,100.0,,Null,0.0,0.0,,30.0,Hastings District,Unknown,,,,,0.0,0.0,Open,0.0,,,Null
630276,1925285.0,5606377.0,548620.0,0.0,0.0,0.0,East,2013/2014,LIVERPOOL CRESCENT,TILBURY ST,Non-Injury Crash,No,2013,East,0.0,0.0,Flat,0.0,,0.0,0.0,Bright sun,1474900.0,0.0,0.0,1.0,1.0,0.0,0.0,,Hawke's Bay Region,Nil,2-way,Sealed,0.0,0.0,0.0,50.0,0.0,Null,0.0,0.0,,30.0,Hastings District,Nil,0.0,0.0,0.0,0.0,0.0,0.0,Urban,0.0,0.0,0.0,Fine
143771,1939101.0,5608666.0,545740.0,0.0,0.0,0.0,North,2014/2015,Z BCH GASKIN PLACE,SPRINGFIELD ROAD,Serious Crash,No,2014,East,0.0,0.0,Hill Road,0.0,,0.0,0.0,Bright sun,1407000.0,0.0,0.0,1.0,0.0,0.0,0.0,,Hawke's Bay Region,Nil,Off road,Sealed,0.0,1.0,0.0,80.0,0.0,Null,0.0,0.0,,30.0,Hastings District,Nil,0.0,0.0,0.0,0.0,0.0,0.0,Open,0.0,0.0,0.0,Fine
646629,1931406.0,5606460.0,545721.0,0.0,0.0,2.0,Null,2007/2008,Z CPK SHARPES GOLF RANGE,KENILWORTH ROAD,Non-Injury Crash,No,2008,North,0.0,0.0,Flat,0.0,,0.0,0.0,Bright sun,1471700.0,0.0,0.0,0.0,0.0,0.0,1.0,,Hawke's Bay Region,Nil,Off road,Sealed,0.0,0.0,0.0,50.0,0.0,Null,0.0,0.0,,30.0,Hastings District,Nil,0.0,0.0,0.0,0.0,0.0,0.0,Urban,0.0,0.0,0.0,Fine
553012,1930912.0,5607891.0,545710.0,0.0,0.0,1.0,Null,2006/2007,RICHMOND ROAD,PAKOWHAI ROAD,Non-Injury Crash,No,2007,West,0.0,,Flat,,,,,Bright sun,1471100.0,0.0,0.0,0.0,2.0,0.0,,,Hawke's Bay Region,Nil,2-way,Sealed,0.0,0.0,,50.0,,Null,0.0,0.0,,30.0,Hastings District,Give way,,,,,1.0,0.0,Urban,0.0,,,Fine
319006,1929509.1176,5608835.6799,545710.0,0.0,0.0,1.0,Null,2019/2020,HAWKES BAY EXPRESSWAY,EVENDEN ROAD,Non-Injury Crash,Yes,2020,South,0.0,,Flat,,,,,Bright sun,1471100.0,0.0,0.0,0.0,4.0,0.0,,,Hawke's Bay Region,Nil,2-way,Sealed,0.0,0.0,,100.0,,Off,0.0,0.0,,30.0,Hastings District,Give way,,,,,0.0,0.0,Open,1.0,,,Fine
729925,1939148.9127,5606567.7345,545740.0,0.0,0.0,1.0,North,2019/2020,PARKHILL ROAD,RAYMOND ROAD,Non-Injury Crash,No,2019,South,0.0,0.0,Hill Road,0.0,Christmas New Year,0.0,0.0,Dark,1407800.0,0.0,0.0,0.0,2.0,0.0,0.0,,Hawke's Bay Region,Nil,2-way,Sealed,0.0,0.0,0.0,50.0,0.0,None,0.0,0.0,,30.0,Hastings District,Nil,0.0,0.0,0.0,1.0,0.0,0.0,Urban,0.0,0.0,0.0,Fine
689107,1909387.0,5673634.0,545911.0,0.0,0.0,2.0,North,2006/2007,SH 5,TATARAAKINA ROAD,Non-Injury Crash,Yes,2007,North,0.0,,Flat,,Christmas New Year,,,Overcast,1281200.0,0.0,0.0,0.0,2.0,0.0,,,Hawke's Bay Region,Nil,2-way,Sealed,0.0,0.0,,100.0,,Null,0.0,0.0,,30.0,Hastings District,Nil,,,,,0.0,0.0,Open,0.0,,,Light rain
176261,1941686.0,5657780.0,545911.0,0.0,0.0,0.0,West,2001/2002,SH 2,MATAHORUA UBR,Non-Injury Crash,Yes,2002,East,0.0,0.0,Hill Road,0.0,,0.0,0.0,Bright sun,1415100.0,0.0,0.0,0.0,2.0,0.0,0.0,,Hawke's Bay Region,Nil,2-way,Sealed,0.0,0.0,0.0,100.0,0.0,Null,0.0,0.0,,30.0,Hastings District,Nil,0.0,0.0,0.0,0.0,0.0,0.0,Open,1.0,0.0,0.0,Fine
237247,1928376.0,5614145.0,545831.0,0.0,0.0,1.0,South,2014/2015,OMARUNUI ROAD,STROME ROAD,Non-Injury Crash,No,2014,South,0.0,1.0,Flat,0.0,,0.0,0.0,Bright sun,1409400.0,0.0,0.0,0.0,2.0,0.0,0.0,,Hawke's Bay Region,Nil,2-way,Sealed,0.0,0.0,0.0,100.0,0.0,Null,0.0,0.0,,30.0,Hastings District,Nil,0.0,0.0,0.0,0.0,0.0,0.0,Open,0.0,0.0,0.0,Fine
64236,1931696.0,5613816.0,545831.0,0.0,0.0,0.0,North,2007/2008,ALLEN ROAD,PAKOWHAI ROAD,Non-Injury Crash,No,2008,South,0.0,0.0,Flat,0.0,,0.0,0.0,Overcast,1404600.0,0.0,0.0,0.0,2.0,0.0,0.0,,Hawke's Bay Region,Nil,2-way,Sealed,0.0,0.0,0.0,100.0,0.0,Null,1.0,0.0,,30.0,Hastings District,Nil,0.0,0.0,0.0,0.0,0.0,0.0,Open,0.0,0.0,0.0,Fine
87076,1932472.0,5601614.0,548810.0,0.0,0.0,2.0,Null,2010/2011,PORTER DRIVE,TE AUTE ROAD,Minor Crash,No,2011,West,0.0,,Flat,,,,,Dark,1505700.0,1.0,0.0,0.0,2.0,0.0,,,Hawke's Bay Region,Nil,2-way,Sealed,0.0,0.0,,50.0,,On,0.0,0.0,,30.0,Hastings District,Give way,,,,,0.0,0.0,Urban,0.0,,,Fine
677079,1929438.4508,5608856.8882,545710.0,0.0,0.0,1.0,Null,2020/2021,EVENDEN ROAD,HAWKES BAY EXPRESSWAY,Non-Injury Crash,No,2020,North,0.0,1.0,Flat,0.0,,0.0,0.0,Dark,1471201.0,0.0,0.0,0.0,2.0,0.0,0.0,,Hawke's Bay Region,Nil,2-way,Sealed,0.0,0.0,0.0,100.0,0.0,On,0.0,0.0,,30.0,Hastings District,Give way,0.0,0.0,0.0,0.0,0.0,0.0,Open,0.0,0.0,0.0,Heavy rain
452615,1932606.0,5606198.0,545721.0,0.0,0.0,2.0,Null,2005/2006,ST GEORGES ROAD,SH 2,Minor Crash,Yes,2006,West,0.0,,Flat,,,,,Overcast,1472300.0,2.0,0.0,0.0,2.0,0.0,,,Hawke's Bay Region,Nil,2-way,Sealed,0.0,0.0,,70.0,,Null,0.0,0.0,,30.0,Hastings District,Give way,,,,,0.0,0.0,Urban,0.0,,,Fine
175551,1929225.0,5614134.0,545831.0,0.0,0.0,2.0,West,2014/2015,SH 50,SH 50A,Minor Crash,Yes,2014,West,0.0,,Flat,,,,,Overcast,1409400.0,2.0,0.0,0.0,2.0,0.0,,,Hawke's Bay Region,Nil,2-way,Sealed,0.0,0.0,,100.0,,None,0.0,0.0,,30.0,Hastings District,Nil,,,,,0.0,0.0,Open,0.0,,,Fine
47951,1930472.0,5607553.0,545721.0,0.0,0.0,0.0,Null,2016/2017,PAKOWHAI ROAD,EVENDEN ROAD,Non-Injury Crash,No,2016,North,0.0,,Flat,,,,,Dark,1471401.0,0.0,0.0,0.0,2.0,0.0,,,Hawke's Bay Region,Nil,2-way,Sealed,0.0,0.0,,50.0,,On,1.0,0.0,,30.0,Hastings District,Give way,,,,,0.0,0.0,Urban,0.0,,,Fine
606434,1928873.0,5603872.0,548300.0,0.0,0.0,1.0,Null,2006/2007,MURDOCH ROAD EAST,KARAMU ROAD SOUTH,Minor Crash,No,2006,South,0.0,1.0,Flat,0.0,,0.0,0.0,Dark,1503203.0,2.0,0.0,0.0,2.0,0.0,0.0,,Hawke's Bay Region,Rail xing,2-way,Sealed,0.0,0.0,0.0,50.0,0.0,On,0.0,0.0,,30.0,Hastings District,Stop,0.0,0.0,0.0,0.0,0.0,0.0,Urban,0.0,0.0,0.0,Fine
595862,1927917.0,5601772.0,545762.0,0.0,0.0,1.0,Null,2003/2004,RIVERSLEA ROAD SOUTH,LONGLANDS ROAD EAST,Serious Crash,No,2004,South,0.0,1.0,Flat,0.0,Easter,0.0,0.0,Dark,1468400.0,0.0,0.0,0.0,2.0,0.0,0.0,,Hawke's Bay Region,Nil,2-way,Sealed,0.0,1.0,0.0,100.0,0.0,None,0.0,0.0,,30.0,Hastings District,Give way,0.0,0.0,0.0,1.0,0.0,0.0,Open,0.0,0.0,0.0,Fine
236572,1930857.0,5603644.0,548100.0,1.0,0.0,0.0,North,2011/2012,HERETAUNGA ST EAST,NORTON ROAD,Minor Crash,No,2012,South,0.0,,Flat,,,,,Bright sun,1500300.0,2.0,0.0,0.0,2.0,0.0,,,Hawke's Bay Region,Nil,2-way,Sealed,0.0,0.0,,70.0,,Null,0.0,0.0,,30.0,Hastings District,Nil,,,,,1.0,0.0,Urban,0.0,,,Fine
631996,1926429.376,5606513.4086,545761.0,0.0,0.0,1.0,North,2019/2020,HAWKES BAY EXPRESSWAY,YORK ROAD,Non-Injury Crash,Yes,2019,South,0.0,0.0,Flat,1.0,,0.0,0.0,Overcast,1469905.0,0.0,0.0,0.0,2.0,0.0,0.0,,Hawke's Bay Region,Nil,2-way,Sealed,0.0,0.0,0.0,100.0,0.0,None,0.0,0.0,,30.0,Hastings District,Unknown,0.0,0.0,0.0,0.0,0.0,0.0,Open,0.0,0.0,0.0,Fine
403793,1929584.0,5600691.0,545762.0,0.0,0.0,2.0,Null,2005/2006,TE AUTE ROAD,ST GEORGES ROAD,Non-Injury Crash,No,2006,East,0.0,,Flat,,,,,Bright sun,1465300.0,0.0,0.0,0.0,2.0,0.0,,,Hawke's Bay Region,Nil,2-way,Sealed,0.0,0.0,,100.0,,Null,0.0,0.0,,30.0,Hastings District,Give way,,,,,0.0,0.0,Open,0.0,,,Fine
550286,1938892.0,5607050.0,545740.0,0.0,0.0,1.0,Null,2009/2010,PARKHILL ROAD,EAST ROAD,Non-Injury Crash,No,2010,South,0.0,1.0,Flat,0.0,,1.0,0.0,Dark,1407600.0,0.0,0.0,0.0,2.0,0.0,0.0,,Hawke's Bay Region,Nil,2-way,Sealed,0.0,0.0,0.0,100.0,0.0,On,0.0,0.0,,30.0,Hastings District,Nil,0.0,0.0,0.0,0.0,0.0,0.0,Open,0.0,0.0,0.0,Fine
594589,1930752.0,5603757.0,548100.0,0.0,0.0,2.0,Null,2011/2012,HERETAUNGA ST EAST,LUMSDEN ROAD,Non-Injury Crash,No,2011,North,0.0,,Flat,,,,,Overcast,1500300.0,0.0,0.0,0.0,2.0,0.0,,,Hawke's Bay Region,Nil,2-way,Sealed,0.0,0.0,,50.0,,Null,0.0,0.0,,30.0,Hastings District,Stop,,,,,0.0,0.0,Urban,0.0,,,Fine
729064,1925600.0,5606412.0,548620.0,0.0,0.0,1.0,West,2010/2011,PLYMOUTH ROAD,WILSON ROAD,Non-Injury Crash,No,2011,South,0.0,0.0,Flat,0.0,,0.0,0.0,Bright sun,1476500.0,0.0,0.0,0.0,2.0,0.0,1.0,,Hawke's Bay Region,Nil,2-way,Sealed,0.0,0.0,0.0,50.0,0.0,Null,0.0,0.0,,30.0,Hastings District,Nil,0.0,0.0,0.0,0.0,0.0,0.0,Urban,1.0,0.0,0.0,Fine
128374,1931067.1915,5603843.0285,548100.0,1.0,0.0,0.0,Null,2019/2020,WINDSOR AVENUE,ST AUBYN STREET EAST,Minor Crash,No,2020,North,0.0,,Flat,,,,,Overcast,1500300.0,2.0,0.0,0.0,2.0,0.0,,,Hawke's Bay Region,Nil,2-way,Sealed,0.0,0.0,,50.0,,Off,1.0,0.0,,30.0,Hastings District,Nil,,,,,0.0,0.0,Urban,0.0,,,Fine
194231,1929571.0,5613876.0,545831.0,0.0,0.0,1.0,South,2011/2012,SH 50 LINKS,WAIOHIKI ROAD,Serious Crash,Yes,2012,North,0.0,0.0,Flat,0.0,,0.0,0.0,Overcast,1404600.0,0.0,0.0,0.0,2.0,0.0,0.0,,Hawke's Bay Region,Nil,2-way,Sealed,0.0,1.0,0.0,100.0,0.0,Null,0.0,0.0,,30.0,Hastings District,Nil,0.0,0.0,0.0,0.0,0.0,0.0,Open,0.0,0.0,0.0,Fine
165125,1937613.0,5603317.0,545860.0,0.0,0.0,1.0,South,2009/2010,TUKI TUKI ROAD,MOORE ROAD,Serious Crash,No,2010,North,0.0,,Flat,,,,,Bright sun,1408301.0,0.0,0.0,1.0,2.0,0.0,,,Hawke's Bay Region,Nil,2-way,Sealed,0.0,1.0,,100.0,,Null,0.0,0.0,,30.0,Hastings District,Nil,,,,,0.0,0.0,Open,0.0,,,Fine
482765,1910695.0,5664159.0,545911.0,0.0,0.0,1.0,North,2001/2002,SH 5,TE HAROTO ROAD,Minor Crash,Yes,2001,North,0.0,0.0,Flat,0.0,,0.0,0.0,Overcast,1414300.0,1.0,0.0,0.0,2.0,0.0,0.0,,Hawke's Bay Region,Nil,2-way,Sealed,0.0,0.0,0.0,100.0,0.0,Null,0.0,0.0,,30.0,Hastings District,Nil,0.0,0.0,0.0,1.0,0.0,0.0,Open,0.0,0.0,0.0,Light rain
466311,1929464.0,5605185.0,548200.0,0.0,0.0,2.0,Null,2002/2003,NELSON ST SOUTH,EASTBOURNE ST WEST,Non-Injury Crash,No,2003,East,0.0,,Flat,,,,,Bright sun,1488900.0,0.0,0.0,0.0,2.0,0.0,,,Hawke's Bay Region,Nil,2-way,Sealed,0.0,0.0,,50.0,,Null,0.0,0.0,,30.0,Hastings District,Give way,,,,,0.0,0.0,Urban,0.0,,,Fine
506380,1927178.0,5607747.0,545710.0,0.0,0.0,0.0,North,2017/2018,OMAHU ROAD,WILSON ROAD,Non-Injury Crash,No,2018,North,0.0,,Flat,,,,,Bright sun,1471000.0,0.0,0.0,0.0,2.0,0.0,,,Hawke's Bay Region,Nil,2-way,Sealed,0.0,0.0,,50.0,,Null,0.0,0.0,,30.0,Hastings District,Unknown,,,,,2.0,0.0,Urban,0.0,,,Fine
273853,1932472.0,5601614.0,548810.0,0.0,0.0,2.0,Null,2014/2015,PORTER DRIVE,TE AUTE ROAD,Non-Injury Crash,No,2015,South,0.0,,Flat,,,,,Bright sun,1505700.0,0.0,0.0,0.0,2.0,0.0,,,Hawke's Bay Region,Nil,2-way,Sealed,0.0,0.0,,50.0,,Off,0.0,0.0,,30.0,Hastings District,Give way,,,,,0.0,0.0,Urban,0.0,,,Fine
78944,1932834.0,5601937.0,548831.0,1.0,0.0,1.0,Null,2011/2012,RUAMAHANGA CRESCENT,NAPIER ROAD,Minor Crash,No,2011,South,0.0,,Flat,,,,,Bright sun,1509100.0,1.0,0.0,0.0,2.0,0.0,,,Hawke's Bay Region,Nil,2-way,Sealed,0.0,0.0,,50.0,,Null,0.0,0.0,,30.0,Hastings District,Give way,,,,,0.0,0.0,Urban,0.0,,,Fine
445997,1934865.0,5641423.0,545811.0,0.0,0.0,1.0,North,2009/2010,SH 2,TANGOIO SETTLEMENT ROAD S,Minor Crash,Yes,2010,South,0.0,,Hill Road,,,,,Bright sun,1415700.0,3.0,0.0,0.0,2.0,0.0,,,Hawke's Bay Region,Nil,2-way,Sealed,0.0,0.0,,100.0,,Null,0.0,0.0,,30.0,Hastings District,Nil,,,,,0.0,0.0,Open,1.0,,,Fine
245793,1937468.0,5608601.0,545730.0,0.0,0.0,1.0,South,2003/2004,MILL ROAD,LAWN ROAD,Non-Injury Crash,No,2004,West,0.0,0.0,Flat,0.0,,0.0,0.0,Bright sun,1405300.0,0.0,0.0,0.0,2.0,0.0,0.0,,Hawke's Bay Region,Bridge,2-way,Sealed,0.0,0.0,0.0,100.0,0.0,Null,0.0,0.0,,30.0,Hastings District,Nil,0.0,0.0,0.0,0.0,0.0,0.0,Open,0.0,0.0,0.0,Fine
722904,1929644.2489,5605768.2512,548200.0,0.0,0.0,1.0,Null,2019/2020,TOMOANA ROAD,ST AUBYN STREET WEST,Minor Crash,No,2020,West,0.0,0.0,Flat,0.0,,0.0,1.0,Dark,1490401.0,1.0,0.0,0.0,2.0,0.0,0.0,,Hawke's Bay Region,Nil,2-way,Sealed,0.0,0.0,0.0,50.0,0.0,On,0.0,0.0,,30.0,Hastings District,Traffic Signals,0.0,0.0,0.0,0.0,0.0,0.0,Urban,0.0,0.0,0.0,Light rain
356445,1925179.0,5607761.0,548611.0,0.0,0.0,1.0,West,2006/2007,YARMOUTH ROAD,FLEETWOOD CRESCENT,Non-Injury Crash,No,2007,North,0.0,0.0,Flat,0.0,,0.0,0.0,Bright sun,1473811.0,0.0,0.0,0.0,2.0,0.0,1.0,,Hawke's Bay Region,Nil,2-way,Sealed,0.0,0.0,0.0,50.0,0.0,Null,0.0,0.0,,30.0,Hastings District,Nil,0.0,0.0,0.0,0.0,0.0,0.0,Urban,1.0,0.0,0.0,Fine
7910,1919865.7218,5644363.5882,545811.0,0.0,0.0,2.0,North,2019/2020,SH 5,MCALLISTER ENT,Minor Crash,Yes,2020,South,0.0,,Hill Road,,,,,Overcast,1414600.0,3.0,0.0,0.0,2.0,0.0,,,Hawke's Bay Region,Nil,2-way,Sealed,0.0,0.0,,100.0,,None,0.0,0.0,,30.0,Hastings District,Nil,,,,,0.0,0.0,Open,0.0,,,Light rain
155208,1929790.0,5605557.0,548200.0,0.0,0.0,2.0,North,2013/2014,ST AUBYN ST WEST,NELSON ST NORTH,Non-Injury Crash,No,2014,North,0.0,,Flat,,,,,Dark,1490403.0,0.0,0.0,0.0,2.0,0.0,,,Hawke's Bay Region,Nil,2-way,Sealed,0.0,0.0,,50.0,,On,0.0,0.0,,30.0,Hastings District,Unknown,,,,,0.0,0.0,Urban,0.0,,,Light rain
337492,1933489.0,5602049.0,548832.0,0.0,0.0,1.0,East,2018/2019,TE MATA ROAD,ST HILL LANE,Minor Crash,No,2018,West,0.0,,Flat,,,,,Bright sun,1510200.0,1.0,0.0,0.0,2.0,0.0,,1.0,Hawke's Bay Region,Nil,2-way,Sealed,0.0,0.0,,50.0,,Null,0.0,0.0,,30.0,Hastings District,Unknown,,,,,0.0,0.0,Urban,0.0,,,Fine
748,1935641.0,5650769.0,545911.0,0.0,0.0,2.0,South,2005/2006,SH 2,WAIKOAU ROAD,Minor Crash,Yes,2006,North,0.0,,Flat,,,,,Overcast,1415200.0,1.0,0.0,0.0,2.0,0.0,,,Hawke's Bay Region,Nil,2-way,Sealed,0.0,0.0,,100.0,,Null,0.0,0.0,,30.0,Hastings District,Nil,,,,,0.0,0.0,Open,0.0,,,Light rain
461535,1918202.0,5650370.0,545912.0,0.0,0.0,1.0,North,2016/2017,SH 5,TE POHUE LOOP ROAD N,Non-Injury Crash,Yes,2016,North,0.0,0.0,Hill Road,0.0,,0.0,0.0,Overcast,1414504.0,0.0,0.0,0.0,3.0,0.0,0.0,,Hawke's Bay Region,Nil,2-way,Sealed,0.0,0.0,0.0,100.0,0.0,Null,0.0,0.0,,30.0,Hastings District,Unknown,0.0,0.0,0.0,0.0,0.0,0.0,Open,0.0,0.0,0.0,Light rain
593285,1928856.014,5603890.2321,547900.0,0.0,0.0,0.0,Null,2018/2019,MURDOCH ROAD EAST,RAILWAY ROAD,Minor Crash,No,2019,East,0.0,,Hill Road,,,,,Dark,1482600.0,1.0,0.0,0.0,1.0,0.0,,,Hawke's Bay Region,Rail xing,2-way,Sealed,0.0,0.0,,50.0,,On,0.0,0.0,,30.0,Hastings District,Stop,,,,,0.0,0.0,Urban,1.0,,,Fine
742015,1929878.0,5605947.0,547700.0,0.0,0.0,3.0,Null,2008/2009,TOMOANA ROAD,FITZROY AVENUE,Minor Crash,No,2009,South,0.0,,Flat,,,,,Bright sun,1488400.0,1.0,0.0,0.0,2.0,0.0,,,Hawke's Bay Region,Nil,2-way,Sealed,0.0,0.0,,50.0,,Null,0.0,0.0,,30.0,Hastings District,Stop,,,,,0.0,0.0,Urban,0.0,,,Fine
726450,1932652.0,5609542.0,545832.0,0.0,0.0,1.0,Null,2002/2003,CHESTERHOPE BRIDGE,FARNDON ROAD,Non-Injury Crash,No,2003,North,0.0,,Flat,,,,,Overcast,1404300.0,0.0,0.0,0.0,2.0,0.0,,,Hawke's Bay Region,Nil,2-way,Sealed,0.0,0.0,,100.0,,Null,0.0,0.0,,30.0,Hastings District,Give way,,,,,0.0,0.0,Open,0.0,,,Mist or Fog
36318,1932702.0,5611843.0,545832.0,0.0,0.0,0.0,Null,2010/2011,BROOKFIELDS ROAD,GILLIGAN ROAD,Minor Crash,No,2010,East,0.0,,Flat,,,,,Bright sun,1403900.0,2.0,0.0,0.0,2.0,0.0,,,Hawke's Bay Region,Nil,2-way,Sealed,0.0,0.0,,100.0,,Null,0.0,0.0,,30.0,Hastings District,Give way,,,,,0.0,0.0,Open,2.0,,,Fine
681104,1920126.0,5627289.0,545821.0,0.0,0.0,1.0,South,2010/2011,PUKETITIRI ROAD,SOLDIERS SETTLEMENT ROAD,Non-Injury Crash,No,2011,North,0.0,,Flat,,,,,Overcast,1411100.0,0.0,0.0,0.0,2.0,0.0,,,Hawke's Bay Region,Nil,2-way,Sealed,0.0,0.0,,100.0,,Null,0.0,0.0,,30.0,Hastings District,Nil,,,,,0.0,0.0,Open,0.0,,,Mist or Fog
413405,1933297.0,5608841.0,545722.0,0.0,0.0,1.0,Null,2017/2018,RANGITANE ROAD,JOHNSTON WAY,Non-Injury Crash,No,2018,East,0.0,,Flat,,,,,Overcast,1405700.0,0.0,0.0,0.0,2.0,0.0,,,Hawke's Bay Region,Nil,2-way,Sealed,0.0,0.0,,50.0,,Null,1.0,0.0,,30.0,Hastings District,Give way,,,,,0.0,0.0,Urban,0.0,,,Light rain
408113,1929174.0,5605767.0,547700.0,0.0,0.0,1.0,South,2003/2004,HERETAUNGA ST WEST,GRAYS ROAD,Minor Crash,No,2003,South,0.0,0.0,Flat,0.0,,0.0,0.0,Overcast,1487800.0,1.0,0.0,0.0,2.0,0.0,0.0,,Hawke's Bay Region,Nil,2-way,Sealed,0.0,0.0,0.0,50.0,0.0,Null,0.0,0.0,,30.0,Hastings District,Nil,0.0,0.0,0.0,1.0,0.0,0.0,Urban,0.0,0.0,0.0,Fine
107788,1931643.0,5603636.0,548100.0,0.0,0.0,0.0,Null,2007/2008,LOUIE ST,KATHLEEN ST,Minor Crash,No,2007,East,0.0,1.0,Flat,0.0,,0.0,1.0,Dark,1472803.0,1.0,0.0,0.0,2.0,0.0,0.0,,Hawke's Bay Region,Nil,2-way,Sealed,0.0,0.0,0.0,50.0,0.0,On,0.0,0.0,,30.0,Hastings District,Nil,0.0,0.0,0.0,1.0,0.0,0.0,Urban,1.0,0.0,0.0,Light rain
68764,1930540.0,5610565.0,545832.0,0.0,0.0,2.0,North,2007/2008,SH 50A,NGARURORO BR,Non-Injury Crash,Yes,2008,South,0.0,,Flat,,,,,Overcast,1404400.0,0.0,0.0,0.0,2.0,0.0,,,Hawke's Bay Region,Nil,2-way,Sealed,0.0,0.0,,100.0,,Null,0.0,0.0,,30.0,Hastings District,Nil,,,,,0.0,0.0,Open,0.0,,,Light rain
386720,1919329.0585,5613713.8114,545821.0,0.0,0.0,1.0,South,2019/2020,TAIHAPE ROAD,KAWERA ROAD,Non-Injury Crash,No,2020,West,0.0,0.0,Hill Road,0.0,,0.0,0.0,Overcast,1408401.0,0.0,0.0,0.0,1.0,0.0,0.0,,Hawke's Bay Region,Nil,2-way,Sealed,0.0,0.0,0.0,100.0,0.0,None,0.0,0.0,,30.0,Hastings District,Unknown,0.0,0.0,0.0,0.0,0.0,0.0,Open,0.0,0.0,0.0,Light rain
353746,1924951.0,5601696.0,545851.0,0.0,0.0,2.0,Null,2002/2003,SH 50A,MANGAROA ROAD,Non-Injury Crash,Yes,2003,South,0.0,0.0,Flat,0.0,,0.0,0.0,Dark,1463500.0,0.0,0.0,0.0,2.0,0.0,0.0,,Hawke's Bay Region,Nil,2-way,Sealed,0.0,0.0,0.0,100.0,0.0,None,0.0,0.0,,30.0,Hastings District,Give way,0.0,1.0,0.0,0.0,0.0,0.0,Open,0.0,0.0,0.0,Fine
508825,1928178.0,5608328.0,545710.0,0.0,0.0,1.0,South,2007/2008,ORMOND ROAD,OMAHU ROAD,Non-Injury Crash,No,2007,North,0.0,0.0,Flat,0.0,,0.0,0.0,Overcast,1471000.0,0.0,0.0,0.0,2.0,0.0,0.0,,Hawke's Bay Region,Nil,2-way,Sealed,0.0,0.0,0.0,60.0,0.0,Null,0.0,0.0,,30.0,Hastings District,Nil,0.0,0.0,0.0,1.0,0.0,0.0,Urban,0.0,0.0,0.0,Fine
51257,1930566.0,5603956.0,548100.0,0.0,0.0,3.0,North,2016/2017,HERETAUNGA ST EAST,PARK ROAD SOUTH,Non-Injury Crash,No,2017,North,0.0,,Flat,,,,,Overcast,1501200.0,0.0,0.0,0.0,2.0,0.0,,,Hawke's Bay Region,Nil,2-way,Sealed,0.0,0.0,,50.0,,Null,0.0,0.0,,30.0,Hastings District,Unknown,,,,,0.0,0.0,Urban,0.0,,,Heavy rain
629537,1928842.0,5603900.0,547900.0,0.0,0.0,2.0,Null,2013/2014,MURDOCH ROAD WEST,RAILWAY ROAD,Non-Injury Crash,No,2014,South,0.0,,Hill Road,,,,,Bright sun,1482600.0,0.0,0.0,0.0,2.0,0.0,,,Hawke's Bay Region,Rail xing,2-way,Sealed,0.0,0.0,,50.0,,Off,0.0,0.0,,30.0,Hastings District,Stop,,,,,0.0,0.0,Urban,0.0,,,Fine
498894,1929320.0,5605499.0,547700.0,0.0,0.0,2.0,Null,2003/2004,Z CPK PAK N SAVE,CHARLES/HERETAUNGA,Non-Injury Crash,No,2003,West,0.0,,Flat,,,,,Overcast,1487700.0,0.0,0.0,0.0,0.0,0.0,,,Hawke's Bay Region,Nil,Off road,Sealed,0.0,0.0,,50.0,,Null,0.0,0.0,,30.0,Hastings District,Nil,,,,,0.0,0.0,Urban,0.0,,,Light rain
404146,1926225.0,5606280.0,545761.0,0.0,0.0,0.0,Null,2017/2018,SH 50A,YORK ROAD,Non-Injury Crash,Yes,2017,South,0.0,,Flat,,,,,Bright sun,1469905.0,0.0,0.0,0.0,2.0,0.0,,,Hawke's Bay Region,Nil,2-way,Sealed,0.0,0.0,,100.0,,Null,0.0,0.0,,30.0,Hastings District,Give way,,,,,1.0,0.0,Open,0.0,,,Fine
203345,1930973.0,5605523.0,548000.0,0.0,0.0,2.0,North,2009/2010,KARAMU ROAD NORTH,WOLSELEY ST,Non-Injury Crash,No,2009,North,0.0,,Flat,,,,,Dark,1497500.0,0.0,0.0,0.0,2.0,0.0,,,Hawke's Bay Region,Nil,2-way,Sealed,0.0,0.0,,50.0,,On,0.0,0.0,,30.0,Hastings District,Nil,,,,,0.0,0.0,Urban,0.0,,,Fine