OBJECTID,X,Y,areaUnitID,bicycle,bus,carStationWagon,crashDirectionDescription,crashFinancialYear,crashLocation1,crashLocation2,crashSeverity,crashSHDescription,crashYear,directionRoleDescription,fatalCount,fence,flatHill,guardRail,holiday,houseOrBuilding,kerb,light,meshblockId,minorInjuryCount,moped,motorcycle,NumberOfLanes,otherVehicleType,parkedVehicle,pedestrian,region,roadCharacter,roadLane,roadSurface,schoolBus,seriousInjuryCount,slipOrFlood,speedLimit,strayAnimal,streetLight,suv,taxi,temporarySpeedLimit,tlaId,tlaName,trafficControl,trafficIsland,trafficSign,train,tree,truck,unknownVehicleType,urban,vanOrUtility,vehicle,waterRiver,weatherA
396928,1929875.4201,5604840.3378,548200.0,0.0,0.0,1.0,North,2019/2020,HERETAUNGA STREET EAST,KARAMU ROAD NORTH,Non-Injury Crash,No,2020,South,0.0,,Flat,,,,,Overcast,1492100.0,0.0,0.0,0.0,2.0,0.0,,,Hawke's Bay Region,Nil,2-way,Sealed,0.0,0.0,,50.0,,Off,1.0,0.0,,30.0,Hastings District,Unknown,,,,,0.0,0.0,Urban,0.0,,,Fine
126305,1923596.0,5618939.0,545821.0,0.0,0.0,0.0,Null,2011/2012,MOTEO PA ROAD,ROADWAY,Minor Crash,No,2011,West,0.0,0.0,Flat,0.0,,0.0,0.0,Dark,1409500.0,1.0,0.0,0.0,2.0,0.0,0.0,,Hawke's Bay Region,Nil,2-way,Sealed,0.0,0.0,0.0,100.0,0.0,None,0.0,0.0,,30.0,Hastings District,Nil,0.0,0.0,0.0,0.0,0.0,0.0,Open,1.0,0.0,0.0,Fine
428971,1934161.0,5606308.0,545722.0,0.0,0.0,2.0,Null,2009/2010,NAPIER ROAD,LAWN ROAD,Non-Injury Crash,No,2010,North,0.0,,Flat,,,,,Bright sun,1406701.0,0.0,0.0,0.0,2.0,0.0,,,Hawke's Bay Region,Nil,2-way,Sealed,0.0,0.0,,100.0,,Null,0.0,0.0,,30.0,Hastings District,Give way,,,,,1.0,0.0,Open,0.0,,,Fine
301582,1931153.0,5600843.0,545762.0,0.0,0.0,1.0,Null,2003/2004,TE AUTE ROAD,GILPIN ROAD,Minor Crash,No,2004,South,0.0,0.0,Flat,0.0,,0.0,0.0,Dark,1465200.0,1.0,0.0,0.0,2.0,0.0,0.0,,Hawke's Bay Region,Nil,2-way,Sealed,0.0,0.0,0.0,100.0,0.0,On,0.0,0.0,,30.0,Hastings District,Nil,0.0,0.0,0.0,0.0,0.0,0.0,Open,0.0,0.0,0.0,Fine
417134,1924431.5766,5607865.3576,548611.0,0.0,0.0,1.0,North,2019/2020,DIAZ DRIVE,CARTIER CRESCENT,Non-Injury Crash,No,2019,North,0.0,,Flat,,,,,Dark,1470316.0,0.0,0.0,0.0,1.0,0.0,,,Hawke's Bay Region,Nil,2-way,Sealed,0.0,0.0,,50.0,,On,1.0,0.0,,30.0,Hastings District,Nil,,,,,0.0,0.0,Urban,0.0,,,Fine
105570,1931021.0,5606033.0,548000.0,0.0,0.0,3.0,South,2005/2006,CAROLINE ROAD,MAYFAIR AVENUE,Non-Injury Crash,No,2006,North,0.0,0.0,Flat,0.0,,0.0,0.0,Overcast,1495500.0,0.0,0.0,0.0,2.0,0.0,1.0,,Hawke's Bay Region,Nil,2-way,Sealed,0.0,0.0,0.0,50.0,0.0,Null,0.0,0.0,,30.0,Hastings District,Nil,0.0,0.0,0.0,0.0,0.0,0.0,Urban,0.0,0.0,0.0,Fine
317396,1936454.0,5653955.0,545911.0,0.0,0.0,0.0,South,2016/2017,SH 2,SANDY CREEK ROAD,Non-Injury Crash,Yes,2017,South,0.0,,Hill Road,,,,,Bright sun,1415200.0,0.0,0.0,0.0,2.0,0.0,,,Hawke's Bay Region,Nil,2-way,Sealed,0.0,0.0,,100.0,,Null,0.0,0.0,,30.0,Hastings District,Unknown,,,,,1.0,0.0,Open,0.0,,,Fine
518010,1924281.0,5608333.0,548611.0,0.0,0.0,2.0,South,2018/2019,KIRKWOOD ROAD,WILKES PLACE,Non-Injury Crash,No,2018,South,0.0,0.0,Flat,0.0,,0.0,0.0,Dark,1469708.0,0.0,0.0,0.0,2.0,0.0,1.0,,Hawke's Bay Region,Nil,2-way,Sealed,0.0,0.0,0.0,50.0,0.0,On,0.0,0.0,,30.0,Hastings District,Nil,0.0,0.0,0.0,0.0,0.0,0.0,Urban,0.0,0.0,0.0,Light rain
192015,1929289.0,5605615.0,547700.0,0.0,0.0,2.0,East,2006/2007,HERETAUNGA ST WEST,LOVEDALE ROAD,Non-Injury Crash,No,2006,South,0.0,,Flat,,,,,Bright sun,1487900.0,0.0,0.0,0.0,2.0,0.0,,,Hawke's Bay Region,Nil,2-way,Sealed,0.0,0.0,,50.0,,Null,0.0,0.0,,30.0,Hastings District,Nil,,,,,0.0,0.0,Urban,0.0,,,Fine
28698,1930757.0,5606610.0,547600.0,0.0,0.0,2.0,Null,2010/2011,TOMOANA ROAD,WILLIAMS ST,Non-Injury Crash,No,2011,South,0.0,,Flat,,,,,Bright sun,1484000.0,0.0,0.0,0.0,2.0,0.0,,,Hawke's Bay Region,Nil,2-way,Sealed,0.0,0.0,,50.0,,Null,0.0,0.0,,30.0,Hastings District,Stop,,,,,0.0,0.0,Urban,0.0,,,Fine
291703,1936701.0,5636526.0,545812.0,0.0,0.0,1.0,South,1999/2000,SH 2,PAKURATAHI VALLEY ROAD,Non-Injury Crash,Yes,2000,South,0.0,1.0,Flat,0.0,Christmas New Year,0.0,0.0,Bright sun,1414903.0,0.0,0.0,0.0,2.0,0.0,0.0,,Hawke's Bay Region,Nil,2-way,Sealed,0.0,0.0,0.0,100.0,0.0,Null,0.0,0.0,,30.0,Hastings District,Nil,0.0,0.0,0.0,0.0,0.0,0.0,Open,0.0,0.0,0.0,Fine
403619,1928327.0,5605244.0,547900.0,0.0,0.0,1.0,Null,2005/2006,GORDON ROAD,FLORENCE ST,Non-Injury Crash,No,2005,South,0.0,1.0,Flat,0.0,,1.0,0.0,Dark,1480303.0,0.0,0.0,0.0,2.0,0.0,0.0,,Hawke's Bay Region,Nil,2-way,Sealed,0.0,0.0,0.0,50.0,0.0,On,0.0,0.0,,30.0,Hastings District,Give way,0.0,0.0,0.0,0.0,0.0,0.0,Urban,0.0,0.0,0.0,Fine
23505,1922148.0,5587462.0,545851.0,0.0,0.0,0.0,South,2014/2015,MIDDLE ROAD,ROWE ROAD,Minor Crash,No,2014,South,0.0,,Flat,,,,,Bright sun,1466102.0,1.0,0.0,1.0,2.0,0.0,,,Hawke's Bay Region,Nil,2-way,Sealed,0.0,0.0,,100.0,,None,0.0,0.0,,30.0,Hastings District,Nil,,,,,0.0,0.0,Open,0.0,,,Fine
290091,1935549.0,5645198.0,545811.0,0.0,0.0,0.0,South,2000/2001,SH 2,KAIWAKA ROAD,Non-Injury Crash,Yes,2000,North,0.0,,Hill Road,,,,,Dark,1415600.0,0.0,0.0,0.0,2.0,0.0,,,Hawke's Bay Region,Nil,2-way,Sealed,0.0,0.0,,100.0,,None,0.0,0.0,,30.0,Hastings District,Nil,,,,,1.0,0.0,Open,1.0,,,Fine
113283,1936476.0,5610651.0,545730.0,0.0,0.0,0.0,South,2007/2008,TUCKER LANE,VALERIE ST,Non-Injury Crash,No,2008,North,0.0,0.0,Flat,0.0,,0.0,0.0,Dark,1405500.0,0.0,0.0,0.0,2.0,0.0,1.0,,Hawke's Bay Region,Nil,2-way,Sealed,0.0,0.0,0.0,50.0,0.0,On,1.0,0.0,,30.0,Hastings District,Nil,0.0,0.0,0.0,0.0,0.0,0.0,Urban,1.0,0.0,0.0,Fine
315182,1898510.0,5593897.0,545841.0,0.0,0.0,1.0,North,2011/2012,SH 50,MANGA-O-NUKU NO 3 BR,Non-Injury Crash,Yes,2012,North,0.0,,Hill Road,,,,,Bright sun,1462600.0,0.0,0.0,0.0,2.0,0.0,,,Hawke's Bay Region,Nil,2-way,Sealed,0.0,0.0,,100.0,,Null,1.0,0.0,,30.0,Hastings District,Nil,,,,,0.0,0.0,Open,0.0,,,Fine
250852,1927501.0,5603870.0,545761.0,0.0,0.0,1.0,Null,2009/2010,SOUTHLAND ROAD,HEATHCOTE ROAD,Non-Injury Crash,No,2010,South,0.0,0.0,Flat,0.0,Easter,0.0,0.0,Bright sun,1468801.0,0.0,0.0,0.0,2.0,0.0,0.0,,Hawke's Bay Region,Nil,2-way,Sealed,0.0,0.0,0.0,100.0,0.0,Null,0.0,0.0,,30.0,Hastings District,Give way,0.0,0.0,0.0,0.0,0.0,0.0,Open,0.0,0.0,0.0,Fine
179086,1932251.0,5611294.0,545832.0,0.0,0.0,0.0,South,2007/2008,PAKOWHAI ROAD,BROOKFIELDS ROAD,Non-Injury Crash,No,2008,South,0.0,0.0,Flat,0.0,,0.0,0.0,Dark,1404000.0,0.0,0.0,0.0,2.0,0.0,0.0,,Hawke's Bay Region,Nil,2-way,Sealed,0.0,0.0,0.0,100.0,0.0,None,0.0,0.0,,30.0,Hastings District,Nil,0.0,0.0,0.0,0.0,0.0,0.0,Open,1.0,0.0,0.0,Light rain
285813,1928113.0,5606912.0,548500.0,0.0,0.0,1.0,Null,2010/2011,OMAHU ROAD,NOTTINGLEY ROAD,Non-Injury Crash,No,2011,West,0.0,0.0,Flat,1.0,,0.0,0.0,Dark,1478500.0,0.0,0.0,0.0,2.0,0.0,0.0,,Hawke's Bay Region,Nil,2-way,Sealed,0.0,0.0,0.0,50.0,0.0,On,0.0,0.0,,30.0,Hastings District,Give way,0.0,1.0,0.0,0.0,0.0,0.0,Urban,0.0,0.0,0.0,Light rain
90228,1930484.0,5604425.0,548100.0,0.0,0.0,1.0,Null,2000/2001,AVENUE ROAD EAST,PRINCES ST,Non-Injury Crash,No,2001,West,0.0,1.0,Flat,0.0,,0.0,0.0,Twilight,1500600.0,0.0,0.0,0.0,2.0,0.0,0.0,,Hawke's Bay Region,Nil,2-way,Sealed,0.0,0.0,0.0,50.0,0.0,Off,0.0,0.0,,30.0,Hastings District,Give way,0.0,0.0,0.0,0.0,0.0,0.0,Urban,0.0,0.0,0.0,Fine
483419,1929893.0,5605421.0,548200.0,0.0,0.0,3.0,East,2003/2004,ST AUBYN ST WEST,NELSON ST NORTH,Non-Injury Crash,No,2003,East,0.0,,Flat,,,,,Bright sun,1491000.0,0.0,0.0,0.0,4.0,0.0,,,Hawke's Bay Region,Nil,2-way,Sealed,0.0,0.0,,50.0,,Null,0.0,0.0,,30.0,Hastings District,Nil,,,,,0.0,0.0,Urban,0.0,,,Fine
703122,1925955.0,5608237.0,545710.0,0.0,0.0,1.0,Null,2007/2008,CHATHAM ROAD,OMAHU ROAD,Non-Injury Crash,No,2008,North,0.0,,Flat,,,,,Overcast,1470900.0,0.0,0.0,0.0,2.0,0.0,,,Hawke's Bay Region,Nil,2-way,Sealed,0.0,0.0,,50.0,,Null,0.0,0.0,,30.0,Hastings District,Give way,,,,,0.0,0.0,Urban,1.0,,,Light rain
366196,1930413.0,5604522.0,548200.0,0.0,0.0,2.0,Null,2001/2002,WILLOWPARK ROAD NORTH,AVENUE ROAD EAST,Non-Injury Crash,No,2001,North,0.0,,Flat,,,,,Overcast,1493502.0,0.0,0.0,0.0,2.0,0.0,,,Hawke's Bay Region,Nil,2-way,Sealed,0.0,0.0,,50.0,,Null,0.0,0.0,,30.0,Hastings District,Give way,,,,,0.0,0.0,Urban,0.0,,,Fine
6631,1931270.6963,5604021.5069,548100.0,0.0,0.0,1.0,Null,2019/2020,HAIG STREET,WINDSOR AVENUE,Non-Injury Crash,No,2019,West,0.0,0.0,Flat,0.0,,0.0,0.0,Overcast,1500400.0,0.0,0.0,0.0,2.0,0.0,1.0,,Hawke's Bay Region,Nil,2-way,Sealed,0.0,0.0,0.0,50.0,0.0,Off,0.0,0.0,,30.0,Hastings District,Nil,0.0,0.0,0.0,0.0,0.0,0.0,Urban,1.0,0.0,0.0,Fine
504261,1932966.0,5610829.0,545832.0,0.0,0.0,0.0,East,2014/2015,Z FARM DWY GILBERTSON RD,PAKOWHAI ROAD,Minor Crash,No,2014,West,0.0,,Hill Road,,,,,Bright sun,1404000.0,2.0,0.0,2.0,0.0,0.0,,,Hawke's Bay Region,Nil,Off road,Unsealed,0.0,0.0,,50.0,,Null,0.0,0.0,,30.0,Hastings District,Nil,,,,,0.0,0.0,Urban,0.0,,,Fine
262520,1928842.0,5603900.0,547900.0,0.0,0.0,2.0,Null,2006/2007,RAILWAY ROAD,MURDOCH ROAD WEST,Minor Crash,No,2007,North,0.0,,Flat,,,,,Bright sun,1482600.0,1.0,0.0,0.0,2.0,0.0,,,Hawke's Bay Region,Nil,2-way,Sealed,0.0,0.0,,70.0,,Null,0.0,0.0,,30.0,Hastings District,Stop,,,,,0.0,0.0,Urban,0.0,,,Fine
486264,1918544.0,5653013.0,545912.0,0.0,0.0,0.0,North,2006/2007,SH 5,TE POHUE LOOP ROAD N,Non-Injury Crash,Yes,2007,South,0.0,0.0,Hill Road,0.0,,0.0,0.0,Dark,1414504.0,0.0,0.0,0.0,3.0,0.0,0.0,,Hawke's Bay Region,Nil,2-way,Sealed,0.0,0.0,0.0,100.0,0.0,None,0.0,0.0,,30.0,Hastings District,Nil,0.0,0.0,0.0,0.0,1.0,0.0,Open,0.0,0.0,0.0,Fine
497476,1936339.5888,5612018.6736,545832.0,0.0,0.0,1.0,North,2019/2020,SH 51,HELLYERS LANE,Non-Injury Crash,Yes,2019,North,0.0,,Flat,,,,,Overcast,1404200.0,0.0,0.0,0.0,3.0,0.0,,,Hawke's Bay Region,Nil,2-way,Sealed,0.0,0.0,,100.0,,Off,0.0,0.0,,30.0,Hastings District,Unknown,,,,,0.0,0.0,Open,0.0,,,Light rain
593345,1927762.0,5606643.0,548500.0,0.0,0.0,1.0,West,2005/2006,KIWI ST,TUI PLACE,Minor Crash,No,2005,East,0.0,,Flat,,,,,Bright sun,1478400.0,1.0,0.0,0.0,2.0,0.0,,1.0,Hawke's Bay Region,Nil,2-way,Sealed,0.0,0.0,,50.0,,Null,0.0,0.0,,30.0,Hastings District,Nil,,,,,0.0,0.0,Urban,0.0,,,Fine
217302,1930161.0,5604861.0,548200.0,0.0,0.0,2.0,Null,2013/2014,AVENUE ROAD EAST,WARREN ST NORTH,Non-Injury Crash,No,2013,South,0.0,,Flat,,,,,Overcast,1493400.0,0.0,0.0,0.0,2.0,0.0,,,Hawke's Bay Region,Nil,2-way,Sealed,0.0,0.0,,50.0,,Null,0.0,0.0,,30.0,Hastings District,Give way,,,,,0.0,0.0,Urban,0.0,,,Fine
481474,1926029.0,5619982.0,545821.0,0.0,0.0,1.0,North,2012/2013,PUKETAPU ROAD,DARTMOOR ROAD,Non-Injury Crash,No,2012,North,0.0,0.0,Flat,0.0,,0.0,0.0,Dark,1410902.0,0.0,0.0,0.0,2.0,0.0,0.0,,Hawke's Bay Region,Nil,2-way,Sealed,0.0,0.0,0.0,100.0,0.0,None,0.0,0.0,,30.0,Hastings District,Nil,0.0,0.0,0.0,1.0,0.0,0.0,Open,0.0,0.0,0.0,Fine
550415,1930341.0,5605137.0,548200.0,0.0,0.0,1.0,South,2003/2004,KARAMU ROAD NORTH,VICTORIA ST,Non-Injury Crash,No,2003,North,0.0,,Flat,,,,,Bright sun,1494100.0,0.0,0.0,0.0,2.0,0.0,,,Hawke's Bay Region,Nil,2-way,Sealed,0.0,0.0,,50.0,,Null,0.0,0.0,,30.0,Hastings District,Nil,,,,,1.0,0.0,Urban,1.0,,,Fine
490084,1931580.0,5602901.0,545721.0,0.0,0.0,1.0,Null,2002/2003,HAVELOCK ROAD,ST GEORGES ROAD,Non-Injury Crash,No,2003,North,0.0,,Flat,,,,,Overcast,1472900.0,0.0,0.0,0.0,2.0,0.0,,,Hawke's Bay Region,Nil,2-way,Sealed,0.0,0.0,,70.0,,Null,0.0,0.0,,30.0,Hastings District,Stop,,,,,0.0,0.0,Urban,1.0,,,Fine
320638,1929373.0,5605307.0,548200.0,0.0,0.0,2.0,Null,2001/2002,SOUTHLAND ROAD,EASTBOURNE ST WEST,Non-Injury Crash,No,2002,West,0.0,,Flat,,,,,Overcast,1488800.0,0.0,0.0,0.0,2.0,0.0,,,Hawke's Bay Region,Nil,2-way,Sealed,0.0,0.0,,50.0,,Off,0.0,0.0,,30.0,Hastings District,Give way,,,,,0.0,0.0,Urban,0.0,,,Fine
395598,1925164.0,5606953.0,548620.0,0.0,0.0,2.0,South,2015/2016,SWANSEA ROAD,HENDERSON ROAD,Non-Injury Crash,No,2015,South,0.0,,Flat,,,,,Dark,1473700.0,0.0,0.0,0.0,2.0,0.0,,,Hawke's Bay Region,Nil,2-way,Sealed,0.0,0.0,,50.0,,On,0.0,0.0,,30.0,Hastings District,Nil,,,,,0.0,0.0,Urban,0.0,,,Null
587203,1912562.0,5658250.0,545911.0,0.0,0.0,1.0,North,2005/2006,SH 5,MCVICAR ROAD,Non-Injury Crash,Yes,2005,North,0.0,,Hill Road,,,,,Bright sun,1414300.0,0.0,0.0,0.0,2.0,0.0,,,Hawke's Bay Region,Nil,2-way,Sealed,0.0,0.0,,100.0,,Null,0.0,0.0,,30.0,Hastings District,Nil,,,,,0.0,0.0,Open,1.0,,,Fine
216414,1926088.0,5601240.0,545852.0,0.0,0.0,1.0,West,2016/2017,RAILWAY ROAD SOUTH,LONGLANDS ROAD EAST,Serious Crash,No,2016,East,0.0,0.0,Flat,0.0,,0.0,0.0,Bright sun,1468700.0,0.0,0.0,0.0,2.0,0.0,0.0,,Hawke's Bay Region,Nil,2-way,Sealed,0.0,1.0,0.0,100.0,0.0,Null,0.0,0.0,,30.0,Hastings District,Unknown,0.0,0.0,0.0,0.0,0.0,0.0,Open,0.0,0.0,0.0,Fine
222655,1925695.0,5603932.0,545842.0,0.0,0.0,2.0,North,2014/2015,SH 50A,MARAEKAKAHO ROAD,Non-Injury Crash,Yes,2015,North,0.0,,Flat,,,,,Bright sun,1470214.0,0.0,0.0,0.0,3.0,0.0,,,Hawke's Bay Region,Nil,2-way,Sealed,0.0,0.0,,100.0,,Null,0.0,0.0,,30.0,Hastings District,Nil,,,,,0.0,0.0,Open,0.0,,,Fine
641182,1911608.0,5663272.0,545911.0,0.0,0.0,1.0,South,2016/2017,SH 5,TE HAROTO PO,Non-Injury Crash,Yes,2016,South,0.0,0.0,Hill Road,1.0,,0.0,0.0,Dark,1414300.0,0.0,0.0,0.0,2.0,0.0,0.0,,Hawke's Bay Region,Nil,2-way,Sealed,0.0,0.0,0.0,100.0,0.0,None,0.0,0.0,,30.0,Hastings District,Unknown,0.0,0.0,0.0,0.0,0.0,0.0,Open,0.0,0.0,0.0,Mist or Fog
424899,1929484.0,5604757.0,548200.0,0.0,0.0,1.0,South,2018/2019,SOUTHAMPTON ST WEST,MARKET ST SOUTH,Non-Injury Crash,No,2018,North,0.0,,Flat,,,,,Bright sun,1489802.0,0.0,0.0,1.0,2.0,0.0,,,Hawke's Bay Region,Nil,2-way,Sealed,0.0,0.0,,50.0,,Null,0.0,0.0,,30.0,Hastings District,Nil,,,,,0.0,0.0,Urban,0.0,,,Fine
695521,1929464.0,5605185.0,548200.0,0.0,0.0,1.0,Null,2008/2009,NELSON ST SOUTH,EASTBOURNE ST WEST,Non-Injury Crash,No,2008,North,0.0,,Flat,,,,,Bright sun,1488900.0,0.0,0.0,0.0,2.0,0.0,,,Hawke's Bay Region,Nil,2-way,Sealed,0.0,0.0,,50.0,,Null,0.0,0.0,,30.0,Hastings District,Stop,,,,,0.0,0.0,Urban,1.0,,,Fine
361104,1928076.0,5605578.0,547900.0,0.0,0.0,2.0,Null,2002/2003,GORDON ROAD,WENTWORTH ST,Non-Injury Crash,No,2002,East,0.0,,Flat,,,,,Bright sun,1479900.0,0.0,0.0,0.0,2.0,0.0,,,Hawke's Bay Region,Nil,2-way,Sealed,0.0,0.0,,50.0,,Null,0.0,0.0,,30.0,Hastings District,Nil,,,,,0.0,0.0,Urban,0.0,,,Fine
161952,1914887.0,5596982.0,545851.0,0.0,0.0,1.0,North,2015/2016,RAUKAWA ROAD,BURMA ROAD,Minor Crash,No,2015,North,0.0,1.0,Flat,0.0,Christmas New Year,0.0,0.0,Bright sun,1464101.0,1.0,0.0,0.0,2.0,0.0,0.0,,Hawke's Bay Region,Nil,2-way,Sealed,0.0,0.0,0.0,100.0,0.0,Null,0.0,0.0,,30.0,Hastings District,Unknown,0.0,0.0,0.0,0.0,0.0,0.0,Open,0.0,0.0,0.0,Fine
532575,1937660.0881,5598435.2402,545860.0,0.0,0.0,0.0,North,2019/2020,TUKI TUKI ROAD,CRAGGY RANGE ROAD,Non-Injury Crash,No,2019,North,0.0,,Flat,,,,,Bright sun,1408301.0,0.0,0.0,0.0,2.0,0.0,,,Hawke's Bay Region,Nil,2-way,Sealed,0.0,0.0,,100.0,,None,0.0,0.0,,30.0,Hastings District,Unknown,,,,,1.0,0.0,Open,0.0,,,Fine
492193,1931870.0,5607130.0,545721.0,0.0,0.0,1.0,Null,2010/2011,OTENE ROAD,ELWOOD ROAD,Non-Injury Crash,No,2011,South,0.0,,Flat,,Christmas New Year,,,Bright sun,1471700.0,0.0,0.0,1.0,2.0,0.0,,,Hawke's Bay Region,Nil,2-way,Sealed,0.0,0.0,,100.0,,Null,0.0,0.0,,30.0,Hastings District,Give way,,,,,0.0,0.0,Open,0.0,,,Fine
225040,1924791.0,5600131.0,545852.0,0.0,0.0,1.0,South,2016/2017,SH 50A,TURAMOE ROAD,Non-Injury Crash,Yes,2017,North,0.0,0.0,Flat,0.0,,0.0,0.0,Dark,1463700.0,0.0,0.0,0.0,2.0,0.0,0.0,,Hawke's Bay Region,Nil,2-way,Sealed,0.0,0.0,0.0,80.0,0.0,None,0.0,0.0,,30.0,Hastings District,Unknown,0.0,1.0,0.0,0.0,0.0,0.0,Open,0.0,0.0,0.0,Fine
371350,1931769.0,5603814.0,545721.0,0.0,0.0,1.0,North,2017/2018,ADA ST,KATHLEEN ST,Non-Injury Crash,No,2018,South,0.0,,Flat,,,,,Bright sun,1473200.0,0.0,0.0,0.0,2.0,0.0,,,Hawke's Bay Region,Nil,2-way,Sealed,0.0,0.0,,50.0,,Null,0.0,0.0,,30.0,Hastings District,Nil,,,,,0.0,0.0,Urban,1.0,,,Fine
26958,1929379.0,5604893.0,548200.0,0.0,0.0,1.0,East,2005/2006,SOUTHAMPTON ST WEST,KING ST SOUTH,Non-Injury Crash,No,2005,West,0.0,,Flat,,,,,Overcast,1489100.0,0.0,0.0,0.0,2.0,0.0,,,Hawke's Bay Region,Nil,2-way,Sealed,0.0,0.0,,50.0,,Null,0.0,0.0,,30.0,Hastings District,Nil,,,,,0.0,0.0,Urban,1.0,,,Fine
393553,1924020.0,5607762.0,548611.0,0.0,0.0,0.0,Null,2005/2006,Z VACANT SECTION,PALGRAVE/KINGSLEY,Minor Crash,No,2005,North,0.0,,Flat,,,,,Twilight,1470305.0,1.0,0.0,0.0,0.0,1.0,,,Hawke's Bay Region,Nil,Off road,Unsealed,0.0,0.0,,50.0,,None,0.0,0.0,,30.0,Hastings District,Nil,,,,,0.0,0.0,Urban,0.0,,,Fine
60383,1929536.0,5604688.0,548200.0,0.0,0.0,2.0,West,2008/2009,SOUTHAMPTON ST WEST,RAILWAY ROAD,Non-Injury Crash,No,2009,East,0.0,,Flat,,,,,Twilight,1489802.0,0.0,0.0,0.0,2.0,0.0,,,Hawke's Bay Region,Nil,2-way,Sealed,0.0,0.0,,50.0,,Off,1.0,0.0,,30.0,Hastings District,Nil,,,,,0.0,0.0,Urban,0.0,,,Fine
169559,1934160.0,5601868.0,548831.0,0.0,0.0,2.0,East,1999/2000,TE MATA ROAD,JAMES COOK ST,Non-Injury Crash,No,2000,East,0.0,,Flat,,,,,Overcast,1510100.0,0.0,0.0,0.0,2.0,0.0,,,Hawke's Bay Region,Nil,2-way,Sealed,0.0,0.0,,50.0,,Null,0.0,0.0,,30.0,Hastings District,Give way,,,,,0.0,0.0,Urban,0.0,,,Light rain
236975,1930639.0,5605223.0,548200.0,1.0,0.0,1.0,Null,2006/2007,WARREN ST NORTH,ALEXANDRA ST,Minor Crash,No,2006,South,0.0,,Flat,,,,,Bright sun,1494700.0,1.0,0.0,0.0,2.0,0.0,,,Hawke's Bay Region,Nil,2-way,Sealed,0.0,0.0,,50.0,,Null,0.0,0.0,,30.0,Hastings District,Give way,,,,,0.0,0.0,Urban,0.0,,,Fine
340969,1909642.0,5664938.0,545911.0,0.0,0.0,1.0,North,2009/2010,SH 5,TE HAROTO ROAD,Non-Injury Crash,Yes,2010,North,0.0,0.0,Hill Road,0.0,,0.0,0.0,Bright sun,1414400.0,0.0,0.0,0.0,2.0,0.0,0.0,,Hawke's Bay Region,Nil,2-way,Sealed,0.0,0.0,0.0,100.0,0.0,Null,0.0,0.0,,30.0,Hastings District,Nil,0.0,0.0,0.0,0.0,0.0,0.0,Open,0.0,0.0,0.0,Fine
417363,1909364.0,5673835.0,545911.0,0.0,0.0,1.0,South,2017/2018,SH 5,TARAWERA TAV,Non-Injury Crash,Yes,2018,North,0.0,0.0,Flat,1.0,,0.0,0.0,Overcast,1281200.0,0.0,0.0,0.0,2.0,0.0,0.0,,Hawke's Bay Region,Nil,2-way,Sealed,0.0,0.0,0.0,100.0,0.0,Null,0.0,0.0,,30.0,Hastings District,Unknown,0.0,0.0,0.0,0.0,0.0,0.0,Open,0.0,0.0,0.0,Light rain
404429,1928642.6012,5606412.6314,547800.0,1.0,0.0,1.0,North,2019/2020,OMAHU ROAD,MCLEOD STREET,Minor Crash,No,2020,South,0.0,,Flat,,,,,Twilight,1477700.0,1.0,0.0,0.0,2.0,0.0,,,Hawke's Bay Region,Nil,2-way,Sealed,0.0,0.0,,50.0,,Off,0.0,0.0,,30.0,Hastings District,Nil,,,,,0.0,0.0,Urban,0.0,,,Fine
143051,1931428.0,5614915.0,545831.0,0.0,0.0,2.0,North,2003/2004,SH 50,TUTAEKURI BR S,Non-Injury Crash,Yes,2004,South,0.0,,Flat,,,,,Twilight,1404600.0,0.0,0.0,0.0,2.0,0.0,,,Hawke's Bay Region,Bridge,2-way,Sealed,0.0,0.0,,100.0,,None,0.0,0.0,,30.0,Hastings District,Nil,,,,,1.0,0.0,Open,0.0,,,Fine
214722,1935786.0,5652049.0,545911.0,0.0,0.0,1.0,South,2005/2006,SH 2,WAIKOAU ROAD,Minor Crash,Yes,2006,South,0.0,0.0,Flat,1.0,,0.0,0.0,Overcast,1415200.0,1.0,0.0,0.0,2.0,0.0,0.0,,Hawke's Bay Region,Nil,2-way,Sealed,0.0,0.0,0.0,100.0,0.0,Null,0.0,0.0,,30.0,Hastings District,Nil,0.0,0.0,0.0,0.0,0.0,0.0,Open,0.0,0.0,0.0,Light rain
375784,1936815.0,5596023.0,545860.0,0.0,0.0,2.0,Null,2005/2006,WAIMARAMA ROAD,KAHURANAKI ROAD,Non-Injury Crash,No,2005,South,0.0,,Hill Road,,,,,Overcast,1467200.0,0.0,0.0,0.0,2.0,0.0,,,Hawke's Bay Region,Nil,2-way,Sealed,0.0,0.0,,100.0,,Null,0.0,0.0,,30.0,Hastings District,Give way,,,,,0.0,0.0,Open,0.0,,,Light rain
650728,1931862.0,5604887.0,548000.0,0.0,0.0,2.0,West,2003/2004,CUNNINGHAM CRESCENT,JELLICOE ST,Non-Injury Crash,No,2004,North,0.0,0.0,Flat,0.0,,0.0,0.0,Bright sun,1497000.0,0.0,0.0,0.0,2.0,0.0,0.0,,Hawke's Bay Region,Nil,2-way,Sealed,0.0,0.0,0.0,50.0,0.0,Null,0.0,0.0,,30.0,Hastings District,Nil,0.0,0.0,0.0,0.0,0.0,0.0,Urban,0.0,1.0,0.0,Fine