OBJECTID,X,Y,areaUnitID,bicycle,bus,carStationWagon,crashDirectionDescription,crashFinancialYear,crashLocation1,crashLocation2,crashSeverity,crashSHDescription,crashYear,directionRoleDescription,fatalCount,fence,flatHill,guardRail,holiday,houseOrBuilding,kerb,light,meshblockId,minorInjuryCount,moped,motorcycle,NumberOfLanes,otherVehicleType,parkedVehicle,pedestrian,region,roadCharacter,roadLane,roadSurface,schoolBus,seriousInjuryCount,slipOrFlood,speedLimit,strayAnimal,streetLight,suv,taxi,temporarySpeedLimit,tlaId,tlaName,trafficControl,trafficIsland,trafficSign,train,tree,truck,unknownVehicleType,urban,vanOrUtility,vehicle,waterRiver,weatherA
419111,1924459.0,5607938.0,548611.0,0.0,0.0,0.0,Null,2018/2019,FLAXMERE AVENUE,DIAZ DRIVE,Serious Crash,No,2018,West,0.0,,Flat,,,,,Bright sun,1469710.0,0.0,0.0,1.0,2.0,0.0,,,Hawke's Bay Region,Nil,2-way,Sealed,0.0,1.0,,50.0,,Null,0.0,0.0,,30.0,Hastings District,Give way,,,,,0.0,0.0,Urban,0.0,,,Fine
549323,1930340.0,5604821.0,548200.0,0.0,0.0,2.0,Null,2004/2005,HASTINGS ST NORTH,ST AUBYN ST EAST,Minor Crash,No,2004,West,0.0,,Flat,,Christmas New Year,,,Bright sun,1493501.0,1.0,0.0,0.0,3.0,0.0,,,Hawke's Bay Region,Nil,2-way,Sealed,0.0,0.0,,50.0,,Null,0.0,0.0,,30.0,Hastings District,Give way,,,,,0.0,0.0,Urban,0.0,,,Fine
7161,1925268.0,5598906.0,545852.0,0.0,0.0,1.0,North,2009/2010,SH 2,STOCK ROAD,Non-Injury Crash,Yes,2010,South,0.0,,Flat,,,,,Overcast,1465801.0,0.0,0.0,0.0,2.0,0.0,,,Hawke's Bay Region,Nil,2-way,Sealed,0.0,0.0,,100.0,,Null,0.0,0.0,,30.0,Hastings District,Nil,,,,,0.0,0.0,Open,0.0,,,Fine
51375,1928784.0,5606279.0,547800.0,0.0,0.0,1.0,Null,2016/2017,PAKOWHAI ROAD,OMAHU ROAD,Non-Injury Crash,No,2017,South,0.0,1.0,Flat,0.0,,0.0,0.0,Dark,1477800.0,0.0,0.0,0.0,4.0,0.0,0.0,,Hawke's Bay Region,Nil,2-way,Sealed,0.0,0.0,0.0,50.0,0.0,On,0.0,0.0,,30.0,Hastings District,Give way,0.0,0.0,0.0,1.0,0.0,0.0,Urban,1.0,0.0,0.0,Fine
246009,1928921.0,5605475.0,547700.0,0.0,0.0,1.0,Null,2013/2014,SOUTHAMPTON ST WEST,PEPPER ST,Non-Injury Crash,No,2014,South,0.0,,Flat,,Queens Birthday,,,Overcast,1487000.0,0.0,0.0,0.0,2.0,0.0,,,Hawke's Bay Region,Nil,2-way,Sealed,0.0,0.0,,50.0,,Null,0.0,0.0,,30.0,Hastings District,Give way,,,,,0.0,0.0,Urban,1.0,,,Fine
156510,1926244.0,5606261.0,545761.0,0.0,0.0,1.0,Null,2005/2006,SH 50A,FLAXMERE AVENUE,Non-Injury Crash,Yes,2006,North,0.0,,Flat,,,,,Bright sun,1469905.0,0.0,0.0,0.0,2.0,0.0,,,Hawke's Bay Region,Nil,2-way,Sealed,0.0,0.0,,100.0,,Null,0.0,0.0,,30.0,Hastings District,Give way,,,,,0.0,0.0,Open,1.0,,,Fine
71276,1928503.0,5606043.0,548500.0,0.0,0.0,1.0,Null,2001/2002,MARAEKAKAHO ROAD,ORCHARD ROAD,Non-Injury Crash,No,2001,North,0.0,,Flat,,,,,Bright sun,1479600.0,0.0,0.0,0.0,3.0,0.0,,,Hawke's Bay Region,Nil,2-way,Sealed,0.0,0.0,,50.0,,Null,0.0,0.0,,30.0,Hastings District,Traffic Signals,,,,,1.0,0.0,Urban,0.0,,,Fine
738389,1924508.0,5607819.0,548612.0,0.0,0.0,1.0,Null,2001/2002,CARTIER CRESCENT,RALEIGH ST N,Non-Injury Crash,No,2002,West,0.0,1.0,Flat,0.0,Queens Birthday,0.0,0.0,Overcast,1474106.0,0.0,0.0,0.0,2.0,0.0,0.0,,Hawke's Bay Region,Nil,2-way,Sealed,0.0,0.0,0.0,50.0,0.0,Null,0.0,0.0,,30.0,Hastings District,Nil,0.0,0.0,0.0,0.0,0.0,0.0,Urban,0.0,0.0,0.0,Fine
253979,1934385.0,5608801.0,545722.0,0.0,0.0,3.0,North,2014/2015,STATION ROAD,GROOME PLACE,Non-Injury Crash,No,2015,North,0.0,,Flat,,,,,Bright sun,1406102.0,0.0,0.0,0.0,2.0,0.0,,,Hawke's Bay Region,Nil,2-way,Sealed,0.0,0.0,,50.0,,Off,0.0,0.0,,30.0,Hastings District,Nil,,,,,0.0,0.0,Urban,0.0,,,Fine
81287,1928314.0,5604225.0,547900.0,0.0,0.0,1.0,South,2007/2008,HEMI ST,SOUTHLAND ROAD,Non-Injury Crash,No,2008,West,0.0,,Flat,,Queens Birthday,,,Dark,1469201.0,0.0,0.0,0.0,2.0,0.0,,,Hawke's Bay Region,Nil,2-way,Sealed,0.0,0.0,,50.0,,On,1.0,0.0,,30.0,Hastings District,Nil,,,,,0.0,0.0,Urban,1.0,,,Fine
123181,1929872.0,5604644.0,548200.0,0.0,0.0,2.0,Null,2015/2016,WARREN ST SOUTH,EASTBOURNE ST EAST,Non-Injury Crash,No,2016,South,0.0,,Flat,,,,,Bright sun,1493200.0,0.0,0.0,0.0,2.0,0.0,,,Hawke's Bay Region,Nil,2-way,Sealed,0.0,0.0,,50.0,,Null,0.0,0.0,,30.0,Hastings District,Give way,,,,,0.0,0.0,Urban,0.0,,,Fine
335872,1929989.0,5605577.0,548200.0,0.0,0.0,1.0,Null,2010/2011,NELSON ST NORTH,WHITEHEAD ROAD,Non-Injury Crash,No,2011,South,0.0,1.0,Hill Road,0.0,,0.0,0.0,Bright sun,1490500.0,0.0,0.0,0.0,2.0,0.0,0.0,,Hawke's Bay Region,Nil,2-way,Sealed,0.0,0.0,0.0,50.0,0.0,Null,0.0,0.0,,30.0,Hastings District,Give way,0.0,0.0,0.0,0.0,0.0,0.0,Urban,0.0,0.0,0.0,Fine
413475,1925000.0,5627002.0,545821.0,0.0,0.0,1.0,East,2009/2010,PUKETITIRI ROAD,SOLDIERS SETTLEMENT ROAD,Serious Crash,No,2009,South,0.0,1.0,Hill Road,0.0,,0.0,0.0,Dark,1411200.0,0.0,0.0,0.0,2.0,0.0,0.0,,Hawke's Bay Region,Nil,2-way,Sealed,0.0,1.0,0.0,100.0,0.0,None,0.0,0.0,,30.0,Hastings District,Nil,0.0,0.0,0.0,0.0,0.0,0.0,Open,0.0,0.0,0.0,Fine
377514,1943358.0,5593357.0,545860.0,0.0,0.0,1.0,East,2015/2016,OCEAN BEACH ROAD,WAIMARAMA ROAD,Non-Injury Crash,No,2016,South,0.0,0.0,Hill Road,0.0,,0.0,0.0,Twilight,1467200.0,0.0,0.0,0.0,1.0,0.0,0.0,,Hawke's Bay Region,Nil,2-way,Sealed,0.0,0.0,0.0,100.0,0.0,None,0.0,0.0,30.0,30.0,Hastings District,Unknown,0.0,0.0,0.0,0.0,0.0,0.0,Open,0.0,0.0,0.0,Fine
468327,1924047.0,5606957.0,548612.0,0.0,0.0,1.0,Null,2017/2018,PORTSMOUTH ROAD,CHATHAM ROAD,Minor Crash,No,2017,West,0.0,0.0,Flat,0.0,,1.0,0.0,Overcast,1474001.0,1.0,0.0,0.0,2.0,0.0,0.0,,Hawke's Bay Region,Nil,2-way,Sealed,0.0,0.0,0.0,50.0,0.0,Null,0.0,0.0,,30.0,Hastings District,Give way,1.0,0.0,0.0,0.0,0.0,0.0,Urban,0.0,0.0,0.0,Light rain
386389,1931998.0,5606150.0,545721.0,0.0,0.0,2.0,South,2002/2003,SH 2,ELWOOD ROAD,Non-Injury Crash,Yes,2003,South,0.0,,Flat,,,,,Overcast,1471700.0,0.0,0.0,0.0,2.0,0.0,,,Hawke's Bay Region,Nil,2-way,Sealed,0.0,0.0,,70.0,,Null,0.0,0.0,,30.0,Hastings District,Nil,,,,,0.0,0.0,Urban,0.0,,,Fine
161391,1928607.0,5606351.0,548500.0,0.0,0.0,2.0,South,2016/2017,MCLEOD ST,OMAHU ROAD,Non-Injury Crash,No,2017,North,0.0,0.0,Flat,0.0,,0.0,0.0,Dark,1478800.0,0.0,0.0,0.0,2.0,0.0,1.0,,Hawke's Bay Region,Nil,2-way,Sealed,0.0,0.0,0.0,50.0,0.0,On,0.0,0.0,,30.0,Hastings District,Unknown,0.0,0.0,0.0,0.0,0.0,0.0,Urban,0.0,0.0,0.0,Fine
733449,1923158.0,5610117.0,545710.0,0.0,0.0,0.0,South,2010/2011,SH 50,TAIHAPE ROAD,Non-Injury Crash,Yes,2011,South,0.0,0.0,Flat,0.0,,0.0,0.0,Dark,1469703.0,0.0,0.0,0.0,2.0,0.0,0.0,,Hawke's Bay Region,Nil,2-way,Sealed,0.0,0.0,0.0,100.0,0.0,None,1.0,0.0,,30.0,Hastings District,Nil,0.0,0.0,0.0,0.0,0.0,0.0,Open,0.0,0.0,0.0,Light rain
86294,1928071.0,5606516.0,548500.0,0.0,0.0,1.0,Null,2005/2006,CANNING ROAD,ORCHARD ROAD,Non-Injury Crash,No,2006,South,0.0,,Flat,,,,,Bright sun,1478700.0,0.0,0.0,0.0,2.0,0.0,,,Hawke's Bay Region,Nil,2-way,Sealed,0.0,0.0,,50.0,,Null,0.0,0.0,,30.0,Hastings District,Give way,,,,,0.0,0.0,Urban,1.0,,,Fine
516504,1929227.0,5602724.0,545762.0,0.0,0.0,1.0,Null,2015/2016,TOLLEMACHE ROAD EAST,PARK ROAD SOUTH,Non-Injury Crash,No,2016,North,0.0,1.0,Flat,0.0,,0.0,0.0,Bright sun,1468000.0,0.0,0.0,0.0,2.0,0.0,0.0,,Hawke's Bay Region,Nil,2-way,Sealed,0.0,0.0,0.0,70.0,0.0,Null,0.0,0.0,50.0,30.0,Hastings District,Give way,0.0,0.0,0.0,0.0,0.0,0.0,Urban,0.0,0.0,0.0,Fine
740976,1928547.0,5606505.0,547800.0,0.0,0.0,2.0,North,2016/2017,OMAHU ROAD,MCLEOD ST,Non-Injury Crash,No,2017,South,0.0,,Flat,,,,,Overcast,1477700.0,0.0,0.0,0.0,2.0,0.0,,,Hawke's Bay Region,Nil,2-way,Sealed,0.0,0.0,,50.0,,Null,0.0,0.0,,30.0,Hastings District,Unknown,,,,,0.0,0.0,Urban,0.0,,,Light rain
515524,1929048.0,5605934.0,547700.0,0.0,0.0,2.0,Null,2011/2012,HERETAUNGA ST WEST,GALLIEN ST,Minor Crash,No,2011,North,0.0,,Flat,,,,,Bright sun,1487300.0,1.0,0.0,0.0,2.0,0.0,,,Hawke's Bay Region,Nil,2-way,Sealed,0.0,0.0,,50.0,,Null,0.0,0.0,,30.0,Hastings District,Stop,,,,,0.0,0.0,Urban,0.0,,,Fine
488796,1929009.0,5604080.0,547900.0,0.0,0.0,1.0,Null,2015/2016,RAILWAY ROAD,GASCOIGNE ST,Non-Injury Crash,No,2015,North,0.0,0.0,Flat,1.0,,0.0,0.0,Bright sun,1482400.0,0.0,0.0,0.0,2.0,0.0,0.0,,Hawke's Bay Region,Nil,2-way,Sealed,0.0,0.0,0.0,50.0,0.0,Null,0.0,0.0,,30.0,Hastings District,Stop,0.0,0.0,0.0,0.0,0.0,0.0,Urban,0.0,0.0,0.0,Fine
661463,1925195.0,5606249.0,548620.0,0.0,0.0,2.0,Null,2002/2003,SCARBOROUGH ROAD,BIRKENHEAD CRESCENT E,Minor Crash,No,2003,East,0.0,,Flat,,,,,Overcast,1474900.0,2.0,0.0,0.0,2.0,0.0,,,Hawke's Bay Region,Nil,2-way,Sealed,0.0,0.0,,50.0,,Null,0.0,0.0,,30.0,Hastings District,Nil,,,,,0.0,0.0,Urban,0.0,,,Light rain
208168,1930614.0,5603905.0,548100.0,0.0,0.0,0.0,Null,2005/2006,PARK ROAD SOUTH,HERETAUNGA ST EAST,Non-Injury Crash,No,2006,North,0.0,1.0,Flat,0.0,,0.0,0.0,Dark,1501200.0,0.0,0.0,0.0,2.0,0.0,0.0,,Hawke's Bay Region,Nil,2-way,Sealed,0.0,0.0,0.0,50.0,0.0,On,0.0,0.0,,30.0,Hastings District,Give way,1.0,0.0,0.0,0.0,0.0,0.0,Urban,1.0,0.0,0.0,Fine
148567,1930442.0,5607593.0,545710.0,0.0,0.0,2.0,North,2000/2001,EVENDEN ROAD,PAKOWHAI ROAD,Non-Injury Crash,No,2001,East,0.0,,Flat,,,,,Overcast,1471100.0,0.0,0.0,0.0,2.0,0.0,,,Hawke's Bay Region,Nil,2-way,Sealed,0.0,0.0,,50.0,,Null,0.0,0.0,,30.0,Hastings District,Nil,,,,,0.0,0.0,Urban,0.0,,,Fine
247289,1909684.939,5664915.6445,545911.0,0.0,0.0,0.0,South,2019/2020,SH 5,KOWARO ROADWAY,Non-Injury Crash,Yes,2020,South,0.0,,Hill Road,,,,,Bright sun,1414400.0,0.0,0.0,0.0,3.0,0.0,,,Hawke's Bay Region,Nil,2-way,Sealed,0.0,0.0,,100.0,,None,0.0,0.0,,30.0,Hastings District,Unknown,,,,,1.0,0.0,Open,1.0,,,Fine
156744,1944444.0,5660076.0,545911.0,0.0,0.0,1.0,West,2001/2002,SH 2,WAIKARE ROAD,Minor Crash,Yes,2001,East,0.0,0.0,Flat,0.0,,0.0,0.0,Twilight,1416100.0,1.0,0.0,0.0,2.0,0.0,0.0,,Hawke's Bay Region,Nil,2-way,Sealed,0.0,0.0,0.0,100.0,0.0,None,0.0,0.0,,30.0,Hastings District,Nil,0.0,0.0,0.0,0.0,0.0,0.0,Open,0.0,0.0,0.0,Heavy rain
105605,1929322.0,5605775.0,547700.0,0.0,0.0,3.0,Null,2017/2018,QUEEN ST WEST,MCLEAN ST,Non-Injury Crash,No,2018,North,0.0,1.0,Flat,0.0,,0.0,0.0,Twilight,1488000.0,0.0,0.0,0.0,2.0,0.0,1.0,,Hawke's Bay Region,Nil,2-way,Sealed,0.0,0.0,0.0,50.0,0.0,On,0.0,0.0,,30.0,Hastings District,Give way,0.0,0.0,0.0,0.0,0.0,0.0,Urban,0.0,0.0,0.0,Fine
162983,1924797.1965,5607149.4851,548612.0,0.0,0.0,1.0,Null,2018/2019,CAERNARVON DRIVE,TENBY TERRACE,Minor Crash,No,2019,East,0.0,,Flat,,,,,Bright sun,1474400.0,2.0,0.0,0.0,2.0,0.0,,,Hawke's Bay Region,Nil,2-way,Sealed,0.0,0.0,,50.0,,Off,1.0,0.0,,30.0,Hastings District,Nil,,,,,0.0,0.0,Urban,0.0,,,Fine
571659,1932274.0,5609028.0,545721.0,0.0,0.0,2.0,Null,2005/2006,PAKOWHAI ROAD,RUAHAPIA ROAD,Non-Injury Crash,No,2005,South,0.0,,Flat,,,,,Dark,1471600.0,0.0,0.0,0.0,2.0,0.0,,,Hawke's Bay Region,Nil,2-way,Sealed,0.0,0.0,,100.0,,On,0.0,0.0,,30.0,Hastings District,Give way,,,,,0.0,0.0,Open,0.0,,,Fine
152476,1929781.0,5605246.0,548200.0,0.0,0.0,2.0,North,2004/2005,Z CPK COUNTDOWN,QUEEN/KING,Non-Injury Crash,No,2004,East,0.0,,Flat,,,,,Bright sun,1490800.0,0.0,0.0,0.0,1.0,0.0,,,Hawke's Bay Region,Nil,Off road,Sealed,0.0,0.0,,50.0,,Null,0.0,0.0,,30.0,Hastings District,Nil,,,,,0.0,0.0,Urban,0.0,,,Fine
191645,1930684.0,5606096.0,547600.0,1.0,0.0,1.0,Null,2010/2011,FREDERICK ST,NELSON ST NORTH,Minor Crash,No,2010,West,0.0,,Flat,,,,,Overcast,1483500.0,1.0,0.0,0.0,2.0,0.0,,,Hawke's Bay Region,Nil,2-way,Sealed,0.0,0.0,,50.0,,Null,0.0,0.0,,30.0,Hastings District,Give way,,,,,0.0,0.0,Urban,0.0,,,Light rain
524364,1927234.0,5602249.0,545762.0,0.0,0.0,2.0,Null,2010/2011,RAILWAY ROAD SOUTH,LONGLANDS ROAD EAST,Non-Injury Crash,No,2011,South,0.0,,Flat,,,,,Dark,1468200.0,0.0,0.0,0.0,2.0,0.0,,,Hawke's Bay Region,Nil,2-way,Sealed,0.0,0.0,,100.0,,Off,0.0,0.0,,30.0,Hastings District,Give way,,,,,0.0,0.0,Open,0.0,,,Heavy rain
570378,1929993.0,5604885.0,548200.0,0.0,0.0,2.0,Null,2005/2006,QUEEN ST EAST,QUEEN ST,Non-Injury Crash,No,2005,West,0.0,,Flat,,,,,Bright sun,1492800.0,0.0,0.0,0.0,3.0,0.0,,,Hawke's Bay Region,Nil,2-way,Sealed,0.0,0.0,,50.0,,Null,0.0,0.0,,30.0,Hastings District,Traffic Signals,,,,,0.0,0.0,Urban,0.0,,,Fine
173727,1932606.0,5606198.0,545721.0,0.0,0.0,1.0,Null,2010/2011,SH 2,ST GEORGES ROAD,Non-Injury Crash,Yes,2011,West,0.0,1.0,Flat,0.0,,0.0,0.0,Dark,1472300.0,0.0,0.0,0.0,2.0,0.0,0.0,,Hawke's Bay Region,Nil,2-way,Sealed,0.0,0.0,0.0,70.0,0.0,On,0.0,0.0,,30.0,Hastings District,Give way,0.0,0.0,0.0,0.0,0.0,0.0,Urban,0.0,0.0,0.0,Light rain
301093,1930340.0,5604821.0,548200.0,0.0,0.0,1.0,Null,2000/2001,HASTINGS ST NORTH,ST AUBYN ST EAST,Non-Injury Crash,No,2000,North,0.0,,Flat,,,,,Bright sun,1493501.0,0.0,0.0,0.0,3.0,0.0,,,Hawke's Bay Region,Nil,2-way,Sealed,0.0,0.0,,50.0,,Null,0.0,0.0,,30.0,Hastings District,Give way,,,,,0.0,0.0,Urban,1.0,,,Fine
542076,1933205.0,5602516.0,548831.0,0.0,0.0,2.0,Null,2011/2012,NAPIER ROAD,CROSSES ROAD,Non-Injury Crash,No,2012,South,0.0,,Flat,,,,,Bright sun,1509100.0,0.0,0.0,0.0,2.0,0.0,,,Hawke's Bay Region,Nil,2-way,Sealed,0.0,0.0,,50.0,,Null,0.0,0.0,,30.0,Hastings District,Give way,,,,,0.0,0.0,Urban,0.0,,,Fine
525721,1936366.0,5601391.0,548833.0,0.0,0.0,2.0,Null,2003/2004,TE MATA MANGATERETERE ROA,TE MATA ROAD,Minor Crash,No,2003,South,0.0,,Flat,,,,,Bright sun,1466802.0,1.0,0.0,0.0,2.0,0.0,,,Hawke's Bay Region,Nil,2-way,Sealed,0.0,0.0,,100.0,,Null,0.0,0.0,,30.0,Hastings District,Give way,,,,,0.0,0.0,Open,0.0,,,Fine
146222,1916018.0,5590908.0,545851.0,0.0,0.0,1.0,North,2001/2002,SH 2,COLIN WHITE ROAD,Non-Injury Crash,Yes,2002,North,0.0,0.0,Flat,0.0,,0.0,0.0,Overcast,1464400.0,0.0,0.0,0.0,2.0,0.0,0.0,,Hawke's Bay Region,Nil,2-way,Sealed,0.0,0.0,0.0,100.0,0.0,Null,0.0,0.0,,30.0,Hastings District,Nil,0.0,0.0,0.0,0.0,0.0,0.0,Open,0.0,0.0,0.0,Fine
714271,1929586.0,5604211.0,548300.0,0.0,0.0,0.0,South,2012/2013,FRENCH ST,HASTINGS ST SOUTH,Serious Crash,No,2012,South,0.0,0.0,Flat,0.0,,0.0,1.0,Bright sun,1503500.0,0.0,0.0,1.0,2.0,0.0,0.0,,Hawke's Bay Region,Nil,2-way,Sealed,0.0,1.0,0.0,50.0,0.0,Null,0.0,0.0,,30.0,Hastings District,Nil,0.0,0.0,0.0,0.0,0.0,0.0,Urban,0.0,0.0,0.0,Fine
731439,1929193.0,5606588.0,547800.0,0.0,0.0,2.0,North,2003/2004,PAKOWHAI ROAD,ST AUBYN ST WEST,Non-Injury Crash,No,2004,South,0.0,,Flat,,,,,Overcast,1477600.0,0.0,0.0,0.0,2.0,0.0,,,Hawke's Bay Region,Nil,2-way,Sealed,0.0,0.0,,50.0,,Null,0.0,0.0,,30.0,Hastings District,Nil,,,,,1.0,0.0,Urban,1.0,,,Fine
71151,1933106.0,5601629.0,548832.0,0.0,0.0,2.0,Null,2006/2007,DUART ROAD,CAMPBELL ST,Serious Crash,No,2006,South,0.0,,Hill Road,,,,,Dark,1508600.0,0.0,0.0,0.0,2.0,0.0,,,Hawke's Bay Region,Nil,2-way,Sealed,0.0,1.0,,50.0,,On,0.0,0.0,,30.0,Hastings District,Give way,,,,,0.0,0.0,Urban,0.0,,,Fine
129166,1923055.0,5611786.0,545822.0,0.0,0.0,2.0,South,2015/2016,SH 50,TAIHAPE ROAD,Non-Injury Crash,Yes,2015,East,0.0,,Flat,,,,,Bright sun,1409300.0,0.0,0.0,0.0,2.0,0.0,,,Hawke's Bay Region,Nil,2-way,Sealed,0.0,0.0,,50.0,,Null,0.0,0.0,,30.0,Hastings District,Unknown,,,,,0.0,0.0,Urban,0.0,,,Fine
554487,1930340.0,5604821.0,548200.0,0.0,0.0,1.0,Null,2000/2001,HASTINGS ST NORTH,ST AUBYN ST EAST,Non-Injury Crash,No,2001,North,0.0,,Flat,,,,,Bright sun,1493501.0,0.0,0.0,0.0,2.0,0.0,,,Hawke's Bay Region,Nil,2-way,Sealed,0.0,0.0,,50.0,,Null,0.0,0.0,,30.0,Hastings District,Give way,,,,,0.0,0.0,Urban,1.0,,,Fine
403961,1911507.0,5663595.0,545911.0,0.0,0.0,0.0,South,2017/2018,SH 5,TE HAROTO PO,Fatal Crash,Yes,2017,South,1.0,0.0,Hill Road,1.0,,0.0,0.0,Overcast,1414400.0,0.0,0.0,0.0,2.0,0.0,0.0,,Hawke's Bay Region,Nil,2-way,Sealed,0.0,3.0,0.0,100.0,0.0,Null,0.0,0.0,,30.0,Hastings District,Unknown,0.0,0.0,0.0,0.0,0.0,0.0,Open,2.0,0.0,0.0,Light rain
322824,1930216.0,5603351.0,548300.0,0.0,0.0,2.0,South,2010/2011,LUMSDEN ROAD,OUTRAM ROAD,Minor Crash,No,2010,North,0.0,0.0,Flat,0.0,,0.0,0.0,Bright sun,1502900.0,1.0,0.0,0.0,1.0,0.0,1.0,,Hawke's Bay Region,Nil,2-way,Sealed,0.0,0.0,0.0,50.0,0.0,Null,0.0,0.0,,30.0,Hastings District,Nil,0.0,0.0,0.0,0.0,0.0,0.0,Urban,0.0,0.0,0.0,Fine
240128,1928930.0,5633253.0,545811.0,0.0,0.0,1.0,West,2016/2017,SH 5,WAIPUNGA ROAD,Non-Injury Crash,Yes,2017,East,0.0,1.0,Flat,0.0,,0.0,0.0,Bright sun,1414700.0,0.0,0.0,0.0,2.0,0.0,0.0,,Hawke's Bay Region,Nil,2-way,Sealed,0.0,0.0,0.0,100.0,0.0,Null,0.0,0.0,,30.0,Hastings District,Unknown,0.0,0.0,0.0,0.0,0.0,0.0,Open,0.0,0.0,0.0,Fine
134722,1932539.0,5610129.0,545832.0,0.0,0.0,3.0,North,2017/2018,PAKOWHAI ROAD,GILBERTSON ROAD,Non-Injury Crash,No,2018,North,0.0,,Flat,,,,,Overcast,1404100.0,0.0,0.0,0.0,2.0,0.0,,,Hawke's Bay Region,Nil,2-way,Sealed,0.0,0.0,,80.0,,Null,0.0,0.0,,30.0,Hastings District,Unknown,,,,,0.0,0.0,Open,0.0,,,Fine
223122,1929572.0,5605039.0,548200.0,0.0,0.0,1.0,East,2008/2009,EASTBOURNE ST WEST,KING ST SOUTH,Non-Injury Crash,No,2009,East,0.0,,Flat,,,,,Bright sun,1489600.0,0.0,0.0,0.0,2.0,0.0,,,Hawke's Bay Region,Nil,2-way,Sealed,0.0,0.0,,50.0,,Null,0.0,0.0,,30.0,Hastings District,Nil,,,,,0.0,0.0,Urban,1.0,,,Fine
578499,1932809.0,5601496.0,548832.0,0.0,0.0,1.0,East,2016/2017,CAMPBELL ST,JOLL ROAD,Non-Injury Crash,No,2017,West,0.0,,Flat,,,,,Bright sun,1508400.0,0.0,0.0,0.0,2.0,0.0,,,Hawke's Bay Region,Nil,2-way,Sealed,0.0,0.0,,50.0,,Null,0.0,0.0,,30.0,Hastings District,Unknown,,,,,0.0,0.0,Urban,1.0,,,Fine
266717,1930174.0,5661567.0,545911.0,0.0,0.0,0.0,West,2011/2012,POHOKURA ROAD,MATAHORUA ROAD,Non-Injury Crash,No,2011,South,0.0,,Hill Road,,,,,Bright sun,1416100.0,0.0,0.0,0.0,2.0,0.0,,,Hawke's Bay Region,Nil,2-way,Unsealed,0.0,0.0,,100.0,,Null,1.0,0.0,,30.0,Hastings District,Nil,,,,,0.0,0.0,Open,1.0,,,Fine
679471,1927252.0,5602240.0,545762.0,0.0,0.0,1.0,East,2005/2006,LONGLANDS ROAD EAST,RAILWAY ROAD SOUTH,Non-Injury Crash,No,2006,West,0.0,1.0,Flat,0.0,,0.0,0.0,Bright sun,1468200.0,0.0,0.0,0.0,2.0,0.0,0.0,,Hawke's Bay Region,Nil,2-way,Sealed,0.0,0.0,0.0,100.0,0.0,Null,0.0,0.0,,30.0,Hastings District,Nil,0.0,0.0,0.0,0.0,0.0,0.0,Open,0.0,0.0,0.0,Fine
671650,1931158.0,5607236.0,545721.0,0.0,0.0,2.0,North,2017/2018,RICHMOND ROAD,TOMOANA ROAD,Minor Crash,No,2017,South,0.0,1.0,Flat,0.0,,0.0,0.0,Overcast,1471500.0,1.0,0.0,0.0,2.0,0.0,1.0,,Hawke's Bay Region,Nil,2-way,Sealed,0.0,0.0,0.0,80.0,0.0,Null,0.0,0.0,,30.0,Hastings District,Unknown,0.0,0.0,0.0,0.0,0.0,0.0,Open,1.0,0.0,0.0,Light rain
231201,1924802.279,5600101.9492,545852.0,0.0,0.0,0.0,South,2018/2019,50A-0000/07.55,TURAMOE ROAD,Non-Injury Crash,Yes,2019,North,0.0,0.0,Flat,0.0,,0.0,0.0,Overcast,1469600.0,0.0,0.0,0.0,2.0,0.0,0.0,,Hawke's Bay Region,Nil,2-way,Sealed,0.0,0.0,0.0,80.0,0.0,None,0.0,0.0,,30.0,Hastings District,Unknown,0.0,0.0,0.0,0.0,0.0,0.0,Open,1.0,0.0,0.0,Light rain
663967,1932475.0,5601853.0,548831.0,0.0,0.0,3.0,North,2006/2007,HAVELOCK ROAD,PORTER DRIVE,Non-Injury Crash,No,2007,South,0.0,,Flat,,,,,Bright sun,1509600.0,0.0,0.0,0.0,2.0,0.0,,,Hawke's Bay Region,Nil,2-way,Sealed,0.0,0.0,,50.0,,Null,0.0,0.0,,30.0,Hastings District,Nil,,,,,0.0,0.0,Urban,0.0,,,Fine
593525,1926365.0,5606971.0,545761.0,0.0,0.0,1.0,East,2011/2012,WILSON ROAD,FOLKESTONE DRIVE,Minor Crash,No,2012,East,0.0,0.0,Flat,0.0,,0.0,0.0,Bright sun,1469905.0,1.0,0.0,0.0,2.0,0.0,0.0,,Hawke's Bay Region,Nil,2-way,Sealed,0.0,0.0,0.0,70.0,0.0,Null,0.0,0.0,,30.0,Hastings District,Nil,0.0,0.0,0.0,1.0,0.0,0.0,Urban,0.0,0.0,0.0,Fine
96666,1918089.0,5649866.0,545912.0,0.0,0.0,0.0,North,2012/2013,SH 5,TE POHUE LOOP ROAD N,Non-Injury Crash,Yes,2012,South,0.0,,Hill Road,,,,,Bright sun,1414504.0,0.0,0.0,0.0,3.0,0.0,,,Hawke's Bay Region,Nil,2-way,Sealed,0.0,0.0,,100.0,,Null,1.0,0.0,,30.0,Hastings District,Nil,,,,,0.0,0.0,Open,0.0,,,Fine