OBJECTID,X,Y,areaUnitID,bicycle,bus,carStationWagon,crashDirectionDescription,crashFinancialYear,crashLocation1,crashLocation2,crashSeverity,crashSHDescription,crashYear,directionRoleDescription,fatalCount,fence,flatHill,guardRail,holiday,houseOrBuilding,kerb,light,meshblockId,minorInjuryCount,moped,motorcycle,NumberOfLanes,otherVehicleType,parkedVehicle,pedestrian,region,roadCharacter,roadLane,roadSurface,schoolBus,seriousInjuryCount,slipOrFlood,speedLimit,strayAnimal,streetLight,suv,taxi,temporarySpeedLimit,tlaId,tlaName,trafficControl,trafficIsland,trafficSign,train,tree,truck,unknownVehicleType,urban,vanOrUtility,vehicle,waterRiver,weatherA
720926,1929549.0,5604870.0,548200.0,0.0,0.0,1.0,Null,2008/2009,LYNDON ROAD WEST,MARKET ST SOUTH,Non-Injury Crash,No,2008,South,0.0,,Flat,,,,,Bright sun,1489802.0,0.0,0.0,0.0,2.0,0.0,,,Hawke's Bay Region,Nil,2-way,Sealed,0.0,0.0,,50.0,,Null,0.0,0.0,,30.0,Hastings District,Give way,,,,,1.0,0.0,Urban,0.0,,,Fine
526438,1930969.0,5613634.0,545831.0,0.0,0.0,0.0,East,2016/2017,SH 50,SH 50A,Non-Injury Crash,Yes,2016,North,0.0,0.0,Flat,0.0,,0.0,0.0,Bright sun,1404600.0,0.0,0.0,0.0,2.0,0.0,0.0,,Hawke's Bay Region,Nil,2-way,Sealed,0.0,0.0,0.0,100.0,0.0,Null,0.0,0.0,,30.0,Hastings District,Unknown,1.0,0.0,0.0,0.0,0.0,0.0,Open,1.0,0.0,0.0,Fine
163258,1931384.0,5605775.0,548000.0,0.0,0.0,2.0,South,2004/2005,KARAMU ROAD NORTH,WARWICK ROAD,Non-Injury Crash,No,2004,North,0.0,,Flat,,Christmas New Year,,,Bright sun,1496100.0,0.0,0.0,0.0,2.0,0.0,,,Hawke's Bay Region,Nil,2-way,Sealed,0.0,0.0,,50.0,,Null,0.0,0.0,,30.0,Hastings District,Nil,,,,,0.0,0.0,Urban,0.0,,,Fine
63408,1900966.0,5598525.0,545841.0,0.0,0.0,1.0,South,1999/2000,SH 50,SALISBURY ROAD,Non-Injury Crash,Yes,2000,North,0.0,0.0,Hill Road,1.0,,0.0,0.0,Overcast,1462600.0,0.0,0.0,0.0,2.0,0.0,0.0,,Hawke's Bay Region,Nil,2-way,Sealed,0.0,0.0,0.0,100.0,0.0,Null,0.0,0.0,,30.0,Hastings District,Unknown,0.0,0.0,0.0,0.0,0.0,0.0,Open,0.0,0.0,0.0,Light rain
16032,1933620.0,5612746.0,545832.0,0.0,0.0,1.0,Null,1999/2000,BROOKFIELDS ROAD,BROOKFIELDS BR,Non-Injury Crash,No,2000,North,0.0,0.0,Flat,1.0,,0.0,0.0,Overcast,1403900.0,0.0,0.0,0.0,1.0,0.0,0.0,,Hawke's Bay Region,Bridge,2-way,Sealed,0.0,0.0,0.0,100.0,0.0,None,0.0,0.0,,30.0,Hastings District,Give way,0.0,0.0,0.0,0.0,0.0,0.0,Open,0.0,0.0,0.0,Light rain
313371,1933444.0,5602029.0,548831.0,0.0,0.0,1.0,Null,2012/2013,TE MATA ROAD,ST HILL LANE,Non-Injury Crash,No,2012,West,0.0,0.0,Hill Road,0.0,,0.0,0.0,Dark,1509200.0,0.0,0.0,0.0,2.0,0.0,0.0,,Hawke's Bay Region,Nil,2-way,Sealed,0.0,0.0,0.0,50.0,0.0,On,0.0,0.0,,30.0,Hastings District,Give way,0.0,1.0,0.0,0.0,0.0,0.0,Urban,0.0,0.0,0.0,Fine
507687,1929380.0,5605496.0,548200.0,0.0,0.0,1.0,Null,2007/2008,HERETAUNGA ST WEST,CHARLES ST,Non-Injury Crash,No,2007,West,0.0,0.0,Flat,0.0,,0.0,0.0,Dark,1490100.0,0.0,0.0,0.0,2.0,0.0,0.0,,Hawke's Bay Region,Nil,2-way,Sealed,0.0,0.0,0.0,50.0,0.0,On,0.0,0.0,,30.0,Hastings District,Give way,0.0,0.0,0.0,0.0,0.0,0.0,Urban,0.0,0.0,0.0,Fine
22781,1930453.2726,5607531.1119,545721.0,0.0,0.0,1.0,Null,2019/2020,PAKOWHAI ROAD,EVENDEN ROAD,Non-Injury Crash,No,2020,North,0.0,,Flat,,,,,Overcast,1471401.0,0.0,0.0,0.0,2.0,0.0,,,Hawke's Bay Region,Nil,2-way,Sealed,0.0,0.0,,50.0,,Null,1.0,0.0,,30.0,Hastings District,Give way,,,,,0.0,0.0,Urban,0.0,,,Null
13654,1929085.0,5600874.0,545762.0,0.0,0.0,1.0,East,2018/2019,TE AUTE ROAD,LONGLANDS ROAD EAST,Minor Crash,No,2018,West,0.0,1.0,Flat,0.0,,0.0,0.0,Dark,1465300.0,1.0,0.0,0.0,2.0,0.0,0.0,,Hawke's Bay Region,Nil,2-way,Sealed,0.0,0.0,0.0,100.0,0.0,None,0.0,0.0,,30.0,Hastings District,Unknown,0.0,0.0,0.0,1.0,0.0,0.0,Open,0.0,0.0,0.0,Fine
641130,1926225.0,5606280.0,545761.0,0.0,0.0,1.0,Null,2016/2017,SH 50A,FLAXMERE AVENUE,Non-Injury Crash,Yes,2016,North,0.0,0.0,Flat,0.0,,0.0,1.0,Dark,1469905.0,0.0,0.0,0.0,1.0,0.0,0.0,,Hawke's Bay Region,Nil,1-way,Sealed,0.0,0.0,0.0,100.0,0.0,On,0.0,0.0,,30.0,Hastings District,Give way,1.0,1.0,0.0,1.0,0.0,0.0,Open,0.0,0.0,0.0,Heavy rain
686654,1929137.0,5605815.0,547700.0,0.0,0.0,2.0,Null,2010/2011,HERETAUNGA ST WEST,GRAYS ROAD,Non-Injury Crash,No,2010,South,0.0,,Flat,,,,,Bright sun,1487300.0,0.0,0.0,0.0,2.0,0.0,,,Hawke's Bay Region,Nil,2-way,Sealed,0.0,0.0,,50.0,,Null,0.0,0.0,,30.0,Hastings District,Give way,,,,,0.0,0.0,Urban,0.0,,,Fine
337287,1929905.0,5605001.0,548200.0,0.0,0.0,2.0,Null,2011/2012,QUEEN ST EAST,RUSSELL ST NORTH,Non-Injury Crash,No,2012,South,0.0,,Flat,,,,,Dark,1492200.0,0.0,0.0,0.0,2.0,0.0,,,Hawke's Bay Region,Nil,2-way,Sealed,0.0,0.0,,50.0,,On,0.0,0.0,,30.0,Hastings District,Traffic Signals,,,,,0.0,0.0,Urban,0.0,,,Fine
637013,1930185.0,5605031.0,548200.0,0.0,0.0,2.0,Null,2007/2008,KARAMU ROAD NORTH,ST AUBYN ST EAST,Non-Injury Crash,No,2007,North,0.0,,Flat,,,,,Bright sun,1494100.0,0.0,0.0,0.0,4.0,0.0,,,Hawke's Bay Region,Nil,2-way,Sealed,0.0,0.0,,50.0,,Null,0.0,0.0,,30.0,Hastings District,Traffic Signals,,,,,0.0,0.0,Urban,0.0,,,Fine
565866,1929187.6016,5606583.7494,547800.0,0.0,0.0,2.0,North,2018/2019,PAKOWHAI ROAD,FRIMLEY ROAD,Non-Injury Crash,No,2018,North,0.0,,Flat,,,,,Bright sun,1477600.0,0.0,0.0,0.0,2.0,0.0,,,Hawke's Bay Region,Nil,2-way,Sealed,0.0,0.0,,50.0,,Off,0.0,0.0,,30.0,Hastings District,Unknown,,,,,0.0,0.0,Urban,0.0,,,Fine
477025,1930480.0,5604047.0,548300.0,0.0,0.0,2.0,Null,2009/2010,HERETAUNGA ST EAST,SYLVAN ROAD,Non-Injury Crash,No,2010,West,0.0,,Flat,,,,,Dark,1502000.0,0.0,0.0,0.0,2.0,0.0,,,Hawke's Bay Region,Nil,2-way,Sealed,0.0,0.0,,50.0,,On,0.0,0.0,,30.0,Hastings District,Give way,,,,,0.0,0.0,Urban,0.0,,,Fine
525881,1929009.0,5604080.0,547900.0,0.0,0.0,1.0,Null,2015/2016,RAILWAY ROAD,GASCOIGNE ST,Non-Injury Crash,No,2016,South,0.0,0.0,Flat,0.0,,0.0,0.0,Dark,1482400.0,0.0,0.0,0.0,2.0,0.0,0.0,,Hawke's Bay Region,Nil,2-way,Sealed,0.0,0.0,0.0,50.0,0.0,On,0.0,0.0,,30.0,Hastings District,Stop,0.0,0.0,0.0,0.0,0.0,0.0,Urban,0.0,0.0,0.0,Fine
117523,1925321.0,5599569.0,545852.0,0.0,0.0,0.0,Null,2009/2010,SH 50A PAKI PAKI,SH 2,Serious Crash,Yes,2009,East,0.0,0.0,Flat,0.0,,0.0,0.0,Dark,1469600.0,0.0,0.0,0.0,2.0,0.0,0.0,,Hawke's Bay Region,Nil,2-way,Sealed,0.0,1.0,0.0,100.0,0.0,On,0.0,0.0,,30.0,Hastings District,Give way,0.0,0.0,0.0,1.0,1.0,0.0,Open,0.0,0.0,0.0,Fine
309595,1910953.0,5663855.0,545911.0,0.0,0.0,2.0,South,2002/2003,SH 5,TE HAROTO ROAD,Non-Injury Crash,Yes,2002,South,0.0,,Hill Road,,,,,Overcast,1414400.0,0.0,0.0,0.0,2.0,0.0,,,Hawke's Bay Region,Nil,2-way,Sealed,0.0,0.0,,100.0,,Null,0.0,0.0,,30.0,Hastings District,Nil,,,,,1.0,0.0,Open,0.0,,,Light rain
467270,1929936.0,5605162.0,548200.0,0.0,0.0,0.0,Null,2015/2016,MARKET ST NORTH,AVENUE ROAD WEST,Serious Crash,No,2016,North,0.0,,Flat,,,,,Overcast,1491400.0,0.0,0.0,0.0,2.0,0.0,,1.0,Hawke's Bay Region,Nil,2-way,Sealed,0.0,1.0,,50.0,,Null,0.0,0.0,,30.0,Hastings District,Give way,,,,,0.0,0.0,Urban,1.0,,,Fine
245804,1910161.0,5664377.0,545911.0,0.0,0.0,1.0,North,2005/2006,SH 5,TE HAROTO ROAD,Non-Injury Crash,Yes,2006,West,0.0,,Flat,,,,,Overcast,1414400.0,0.0,0.0,0.0,2.0,0.0,,,Hawke's Bay Region,Nil,2-way,Sealed,0.0,0.0,,100.0,,Null,0.0,0.0,,30.0,Hastings District,Nil,,,,,0.0,0.0,Open,0.0,,,Heavy rain
583708,1930710.868,5604923.1138,548200.0,0.0,0.0,2.0,South,2018/2019,MILLER STREET,Albert Street,Minor Crash,No,2019,East,0.0,,Flat,,,,,Overcast,1495100.0,1.0,0.0,0.0,2.0,0.0,,,Hawke's Bay Region,Nil,2-way,Sealed,0.0,0.0,,50.0,,Off,0.0,0.0,,30.0,Hastings District,Give way,,,,,0.0,0.0,Urban,0.0,,,Fine
8969,1929872.0,5604644.0,548200.0,0.0,0.0,2.0,Null,2010/2011,EASTBOURNE ST EAST,WARREN ST SOUTH,Non-Injury Crash,No,2011,East,0.0,,Flat,,,,,Overcast,1493200.0,0.0,0.0,0.0,2.0,0.0,,,Hawke's Bay Region,Nil,2-way,Sealed,0.0,0.0,,50.0,,Null,0.0,0.0,,30.0,Hastings District,Give way,,,,,0.0,0.0,Urban,0.0,,,Heavy rain
605979,1931290.0,5604012.0,548100.0,0.0,0.0,1.0,Null,2001/2002,WINDSOR AVENUE,LOUIE ST,Non-Injury Crash,No,2001,North,0.0,1.0,Flat,0.0,Labour Weekend,0.0,0.0,Dark,1500200.0,0.0,0.0,0.0,2.0,0.0,0.0,,Hawke's Bay Region,Nil,2-way,Sealed,0.0,0.0,0.0,50.0,0.0,On,0.0,0.0,,30.0,Hastings District,Give way,0.0,0.0,0.0,0.0,0.0,0.0,Urban,0.0,0.0,0.0,Fine
522141,1940398.4376,5586913.4633,545860.0,0.0,0.0,1.0,North,2018/2019,WAIMARAMA ROAD,Waitangi Rd,Non-Injury Crash,No,2019,South,0.0,1.0,Hill Road,0.0,,0.0,0.0,Dark,1467600.0,0.0,0.0,0.0,2.0,0.0,0.0,,Hawke's Bay Region,Nil,2-way,Unsealed,0.0,0.0,0.0,100.0,0.0,None,0.0,0.0,,30.0,Hastings District,Unknown,0.0,0.0,0.0,0.0,0.0,0.0,Open,0.0,0.0,0.0,Fine
663451,1940001.8288,5606960.9547,545740.0,0.0,0.0,1.0,South,2016/2017,CLIFTON ROAD,EAST ROAD,Minor Crash,No,2016,West,0.0,0.0,Flat,1.0,,0.0,0.0,Overcast,1407800.0,1.0,0.0,0.0,2.0,0.0,0.0,,Hawke's Bay Region,Nil,2-way,Sealed,0.0,0.0,0.0,100.0,0.0,None,0.0,0.0,,30.0,Hastings District,Unknown,0.0,0.0,0.0,0.0,0.0,0.0,Open,0.0,0.0,0.0,Fine
650711,1929081.0,5606504.0,547800.0,0.0,0.0,1.0,Null,2011/2012,ST AUBYN ST WEST,PAKOWHAI ROAD,Non-Injury Crash,No,2012,South,0.0,,Flat,,,,,Overcast,1477500.0,0.0,0.0,0.0,3.0,0.0,,,Hawke's Bay Region,Nil,2-way,Sealed,0.0,0.0,,50.0,,Null,1.0,0.0,,30.0,Hastings District,Traffic Signals,,,,,0.0,0.0,Urban,0.0,,,Fine
343498,1927807.0,5606866.0,548500.0,0.0,0.0,1.0,East,2002/2003,ORCHARD ROAD,STONYCROFT ST,Minor Crash,No,2003,East,0.0,,Flat,,,,,Twilight,1478500.0,1.0,0.0,0.0,2.0,0.0,,1.0,Hawke's Bay Region,Nil,2-way,Sealed,0.0,0.0,,50.0,,Off,0.0,0.0,,30.0,Hastings District,Nil,,,,,0.0,0.0,Urban,0.0,,,Fine
98015,1931644.0,5605070.0,548000.0,0.0,0.0,2.0,East,2009/2010,CUNNINGHAM CRESCENT,ANSON ST,Non-Injury Crash,No,2009,South,0.0,0.0,Flat,0.0,,0.0,0.0,Bright sun,1498400.0,0.0,0.0,0.0,2.0,0.0,1.0,,Hawke's Bay Region,Nil,2-way,Sealed,0.0,0.0,0.0,50.0,0.0,Null,0.0,0.0,,30.0,Hastings District,Nil,0.0,0.0,0.0,0.0,0.0,0.0,Urban,0.0,0.0,0.0,Fine
202551,1915898.0,5590748.0,545851.0,0.0,0.0,1.0,Null,2001/2002,SH 2,COLIN WHITE ROAD,Fatal Crash,Yes,2002,North,1.0,1.0,Flat,0.0,,0.0,0.0,Dark,1464500.0,0.0,0.0,0.0,2.0,0.0,0.0,,Hawke's Bay Region,Nil,2-way,Sealed,0.0,0.0,0.0,100.0,0.0,On,0.0,0.0,,30.0,Hastings District,Give way,0.0,0.0,0.0,0.0,1.0,0.0,Open,0.0,0.0,0.0,Fine
177328,1929288.6771,5605421.2202,548200.0,0.0,0.0,2.0,Null,2019/2020,CHARLES STREET,EASTBOURNE STREET WEST,Minor Crash,No,2019,West,0.0,,Flat,,,,,Bright sun,1488800.0,1.0,0.0,0.0,2.0,0.0,,,Hawke's Bay Region,Nil,2-way,Sealed,0.0,0.0,,50.0,,Off,0.0,0.0,,30.0,Hastings District,Give way,,,,,0.0,0.0,Urban,0.0,,,Fine
242588,1934483.0,5602392.0,548831.0,0.0,0.0,1.0,Null,2015/2016,RUSSELL ROBERTSON DRIVE,THE CROFT,Non-Injury Crash,No,2015,South,0.0,,Flat,,,,,Dark,1466408.0,0.0,0.0,0.0,2.0,0.0,,,Hawke's Bay Region,Nil,2-way,Sealed,0.0,0.0,,50.0,,On,0.0,0.0,,30.0,Hastings District,Nil,,,,,0.0,0.0,Urban,0.0,,,Fine
419807,1933620.0,5612746.0,545832.0,0.0,0.0,2.0,Null,2010/2011,BROOKFIELDS ROAD,BROOKFIELDS BR,Minor Crash,No,2010,North,0.0,0.0,Flat,0.0,,0.0,0.0,Dark,1403900.0,1.0,0.0,0.0,1.0,0.0,0.0,,Hawke's Bay Region,Bridge,2-way,Sealed,0.0,0.0,0.0,100.0,0.0,None,0.0,0.0,,30.0,Hastings District,Nil,0.0,0.0,0.0,0.0,0.0,0.0,Open,0.0,0.0,0.0,Fine
595069,1930031.0,5605107.0,548200.0,0.0,0.0,2.0,Null,2001/2002,Z CPK KMART,RUSSELL/AVENUE,Non-Injury Crash,No,2001,West,0.0,0.0,Flat,0.0,,0.0,0.0,Overcast,1492300.0,0.0,0.0,0.0,0.0,0.0,1.0,,Hawke's Bay Region,Nil,Off road,Sealed,0.0,0.0,0.0,50.0,0.0,Null,0.0,0.0,,30.0,Hastings District,Nil,0.0,0.0,0.0,0.0,0.0,0.0,Urban,0.0,0.0,0.0,Fine
721294,1929380.0,5605496.0,548200.0,0.0,0.0,2.0,Null,2005/2006,HERETAUNGA ST WEST,CHARLES ST,Non-Injury Crash,No,2005,North,0.0,,Flat,,,,,Dark,1490100.0,0.0,0.0,0.0,2.0,0.0,,,Hawke's Bay Region,Nil,2-way,Sealed,0.0,0.0,,50.0,,On,0.0,0.0,,30.0,Hastings District,Give way,,,,,0.0,0.0,Urban,0.0,,,Fine
481838,1933388.0,5604906.0,545721.0,0.0,0.0,0.0,Null,2003/2004,ST GEORGES ROAD,HASSEL ROAD,Minor Crash,No,2004,North,0.0,1.0,Flat,0.0,,0.0,0.0,Bright sun,1473100.0,1.0,0.0,0.0,2.0,0.0,0.0,,Hawke's Bay Region,Nil,2-way,Sealed,0.0,0.0,0.0,100.0,0.0,Null,0.0,0.0,,30.0,Hastings District,Nil,0.0,0.0,0.0,0.0,1.0,0.0,Open,0.0,0.0,0.0,Fine
478355,1928110.0,5606547.0,548500.0,0.0,0.0,1.0,East,2009/2010,CANNING ROAD,ORCHARD ROAD,Non-Injury Crash,No,2010,South,0.0,0.0,Flat,0.0,,0.0,0.0,Bright sun,1478700.0,0.0,0.0,0.0,2.0,0.0,0.0,,Hawke's Bay Region,Nil,2-way,Sealed,0.0,0.0,0.0,50.0,0.0,Null,0.0,0.0,,30.0,Hastings District,Nil,0.0,0.0,0.0,1.0,0.0,0.0,Urban,0.0,0.0,0.0,Fine
142659,1931143.0,5603876.0,548100.0,0.0,0.0,2.0,East,2012/2013,HOWARD ST,WINDSOR AVENUE,Non-Injury Crash,No,2013,South,0.0,,Flat,,,,,Bright sun,1500400.0,0.0,0.0,0.0,2.0,0.0,,,Hawke's Bay Region,Nil,2-way,Sealed,0.0,0.0,,50.0,,Null,0.0,0.0,,30.0,Hastings District,Nil,,,,,0.0,0.0,Urban,0.0,,,Fine
497511,1941104.0,5586351.0,545860.0,0.0,0.0,1.0,West,2004/2005,WAIMARAMA ROAD,WAITANGI ROAD,Minor Crash,No,2005,West,0.0,,Flat,,,,,Bright sun,1467600.0,1.0,0.0,0.0,2.0,0.0,,,Hawke's Bay Region,Nil,2-way,Sealed,0.0,0.0,,100.0,,Null,1.0,0.0,,30.0,Hastings District,Nil,,,,,0.0,0.0,Open,0.0,,,Fine
546966,1927597.0,5605358.0,545761.0,0.0,0.0,1.0,Null,2013/2014,WALL ROAD,MARAEKAKAHO ROAD,Non-Injury Crash,No,2013,West,0.0,1.0,Flat,0.0,,0.0,0.0,Dark,1469905.0,0.0,0.0,0.0,2.0,0.0,0.0,,Hawke's Bay Region,Nil,2-way,Sealed,0.0,0.0,0.0,50.0,0.0,On,0.0,0.0,,30.0,Hastings District,Give way,0.0,0.0,0.0,0.0,0.0,0.0,Urban,0.0,0.0,0.0,Fine
550518,1929015.0,5605978.0,547700.0,0.0,0.0,2.0,South,2017/2018,HERETAUNGA ST WEST,DAVIS ST,Non-Injury Crash,No,2018,South,0.0,0.0,Flat,0.0,,0.0,0.0,Bright sun,1487400.0,0.0,0.0,0.0,2.0,0.0,1.0,,Hawke's Bay Region,Nil,2-way,Sealed,0.0,0.0,0.0,50.0,0.0,Null,0.0,0.0,,30.0,Hastings District,Unknown,0.0,0.0,0.0,0.0,0.0,0.0,Urban,0.0,0.0,0.0,Fine
342313,1925110.0,5607604.0,548612.0,0.0,0.0,0.0,Null,2006/2007,FLAXMERE AVENUE,CHATHAM ROAD,Non-Injury Crash,No,2007,East,0.0,,Flat,,,,,Overcast,1474107.0,0.0,0.0,0.0,2.0,0.0,,,Hawke's Bay Region,Nil,2-way,Sealed,0.0,0.0,,50.0,,Null,0.0,0.0,,30.0,Hastings District,Give way,,,,,0.0,0.0,Urban,2.0,,,Light rain
368573,1915185.0,5604884.0,545841.0,0.0,0.0,1.0,North,2008/2009,SH 50,VALLEY ROAD,Non-Injury Crash,Yes,2009,North,0.0,,Flat,,,,,Bright sun,1462901.0,0.0,0.0,0.0,2.0,0.0,,,Hawke's Bay Region,Nil,2-way,Sealed,0.0,0.0,,100.0,,Null,0.0,0.0,,30.0,Hastings District,Nil,,,,,0.0,0.0,Open,1.0,,,Fine
210960,1932577.0,5609933.0,545832.0,0.0,0.0,3.0,South,2004/2005,PAKOWHAI ROAD,GILBERTSON ROAD,Minor Crash,No,2005,South,0.0,,Flat,,,,,Overcast,1404400.0,1.0,0.0,0.0,2.0,0.0,,,Hawke's Bay Region,Nil,2-way,Sealed,0.0,0.0,,100.0,,Null,0.0,0.0,,30.0,Hastings District,Nil,,,,,0.0,0.0,Open,1.0,,,Heavy rain
49721,1931174.0,5600062.0,548822.0,0.0,0.0,2.0,Null,2017/2018,IONA ROAD,MIDDLE ROAD,Minor Crash,No,2017,North,0.0,,Flat,,,,,Overcast,1465601.0,1.0,0.0,0.0,2.0,0.0,,,Hawke's Bay Region,Nil,2-way,Sealed,0.0,0.0,,100.0,,Null,0.0,0.0,,30.0,Hastings District,Give way,,,,,0.0,0.0,Open,0.0,,,Fine
312013,1926463.0,5637457.0,545811.0,0.0,0.0,1.0,North,2004/2005,SH 5,LUCKY HILL BR,Non-Injury Crash,Yes,2005,South,0.0,0.0,Flat,0.0,Easter,0.0,0.0,Overcast,1414700.0,0.0,0.0,0.0,2.0,0.0,0.0,,Hawke's Bay Region,Nil,2-way,Sealed,0.0,0.0,0.0,100.0,0.0,Null,0.0,0.0,,30.0,Hastings District,Nil,0.0,0.0,0.0,1.0,0.0,0.0,Open,0.0,0.0,0.0,Mist or Fog
703487,1930492.0,5604618.0,548200.0,0.0,0.0,2.0,North,2017/2018,ST AUBYN ST EAST,WILLOWPARK ROAD NORTH,Minor Crash,No,2017,South,0.0,,Flat,,,,,Overcast,1494800.0,1.0,0.0,0.0,2.0,0.0,,,Hawke's Bay Region,Nil,2-way,Sealed,0.0,0.0,,50.0,,Null,0.0,0.0,,30.0,Hastings District,Nil,,,,,0.0,0.0,Urban,0.0,,,Light rain
692339,1934798.0,5641277.0,545811.0,0.0,0.0,1.0,North,2018/2019,SH 2,TE NGARU BR,Minor Crash,Yes,2018,South,0.0,0.0,Hill Road,0.0,,0.0,0.0,Overcast,1415700.0,1.0,0.0,0.0,2.0,0.0,0.0,,Hawke's Bay Region,Nil,2-way,Sealed,0.0,0.0,0.0,100.0,0.0,Null,0.0,0.0,,30.0,Hastings District,Unknown,0.0,0.0,0.0,0.0,0.0,0.0,Open,0.0,0.0,0.0,Light rain
736412,1927597.0,5605358.0,545761.0,0.0,0.0,1.0,Null,2010/2011,MARAEKAKAHO ROAD,WALL ROAD,Minor Crash,No,2010,South,0.0,,Flat,,,,,Bright sun,1469905.0,2.0,0.0,0.0,2.0,0.0,,,Hawke's Bay Region,Nil,2-way,Sealed,0.0,0.0,,70.0,,Null,0.0,0.0,,30.0,Hastings District,Give way,,,,,0.0,0.0,Urban,1.0,,,Fine
455631,1931482.0,5604805.0,548000.0,0.0,0.0,2.0,South,2008/2009,SYLVAN ROAD,GROVE ROAD,Non-Injury Crash,No,2008,North,0.0,,Flat,,,,,Bright sun,1497900.0,0.0,0.0,0.0,2.0,0.0,,,Hawke's Bay Region,Nil,2-way,Sealed,0.0,0.0,,50.0,,Null,0.0,0.0,,30.0,Hastings District,Nil,,,,,0.0,0.0,Urban,0.0,,,Fine
247712,1929105.0,5606522.0,547800.0,0.0,0.0,4.0,North,2007/2008,PAKOWHAI ROAD,ST AUBYN ST WEST,Non-Injury Crash,No,2008,South,0.0,,Flat,,,,,Bright sun,1477600.0,0.0,0.0,0.0,2.0,0.0,,,Hawke's Bay Region,Nil,2-way,Sealed,0.0,0.0,,50.0,,Null,0.0,0.0,,30.0,Hastings District,Nil,,,,,0.0,0.0,Urban,0.0,,,Fine
717093,1929466.0,5606795.0,547800.0,0.0,0.0,2.0,West,2017/2018,PAKOWHAI ROAD,LYNDHURST ROAD,Non-Injury Crash,No,2017,West,0.0,1.0,Flat,0.0,,0.0,0.0,Twilight,1477600.0,0.0,0.0,0.0,2.0,0.0,1.0,,Hawke's Bay Region,Nil,2-way,Unsealed,0.0,0.0,0.0,50.0,0.0,On,0.0,0.0,30.0,30.0,Hastings District,Unknown,0.0,1.0,0.0,0.0,0.0,0.0,Urban,0.0,0.0,0.0,Fine
613614,1933116.0,5605321.0,545721.0,0.0,0.0,1.0,South,2014/2015,ST GEORGES ROAD,FARMLET ROAD,Non-Injury Crash,No,2015,South,0.0,,Flat,,,,,Dark,1472600.0,0.0,0.0,0.0,2.0,0.0,,,Hawke's Bay Region,Nil,2-way,Sealed,0.0,0.0,,80.0,,None,0.0,0.0,,30.0,Hastings District,Nil,,,,,0.0,0.0,Open,1.0,,,Fine
291914,1931039.0,5605564.0,548000.0,0.0,0.0,1.0,Null,2006/2007,KARAMU ROAD NORTH,FREDERICK ST,Serious Crash,No,2006,East,0.0,,Flat,,,,,Bright sun,1497100.0,1.0,0.0,1.0,4.0,0.0,,,Hawke's Bay Region,Nil,2-way,Sealed,0.0,1.0,,50.0,,Null,0.0,0.0,,30.0,Hastings District,Traffic Signals,,,,,0.0,0.0,Urban,0.0,,,Fine
604334,1930801.0,5605826.0,548000.0,0.0,0.0,1.0,South,2003/2004,CAROLINE ROAD,FREDERICK ST,Non-Injury Crash,No,2003,North,0.0,0.0,Flat,0.0,,0.0,0.0,Dark,1495400.0,0.0,0.0,0.0,2.0,0.0,0.0,,Hawke's Bay Region,Nil,2-way,Unsealed,0.0,0.0,0.0,50.0,0.0,On,0.0,0.0,30.0,30.0,Hastings District,Nil,0.0,0.0,0.0,0.0,0.0,0.0,Urban,0.0,0.0,0.0,Heavy rain
238554,1929704.0,5605815.0,547700.0,0.0,0.0,1.0,South,2008/2009,TOMOANA ROAD,WHITEHEAD ROAD,Minor Crash,No,2009,South,0.0,,Flat,,,,,Twilight,1488300.0,1.0,0.0,1.0,2.0,0.0,,,Hawke's Bay Region,Nil,2-way,Sealed,0.0,0.0,,50.0,,Off,0.0,0.0,,30.0,Hastings District,Nil,,,,,0.0,0.0,Urban,0.0,,,Fine
118422,1933068.0,5602200.0,548831.0,0.0,0.0,2.0,South,2014/2015,NAPIER ROAD,GODDARD LANE,Minor Crash,No,2014,North,0.0,1.0,Flat,0.0,,0.0,0.0,Twilight,1509800.0,1.0,0.0,0.0,2.0,0.0,0.0,,Hawke's Bay Region,Nil,2-way,Sealed,0.0,0.0,0.0,50.0,0.0,On,0.0,0.0,,30.0,Hastings District,Nil,0.0,0.0,0.0,0.0,0.0,0.0,Urban,0.0,0.0,0.0,Fine
82734,1929082.0,5606504.0,547700.0,0.0,0.0,0.0,Null,2009/2010,PAKOWHAI ROAD,ST AUBYN ST WEST,Non-Injury Crash,No,2010,South,0.0,0.0,Flat,1.0,,0.0,0.0,Dark,1485900.0,0.0,0.0,0.0,4.0,0.0,0.0,,Hawke's Bay Region,Nil,2-way,Sealed,0.0,0.0,0.0,50.0,0.0,On,0.0,0.0,,30.0,Hastings District,Traffic Signals,1.0,1.0,0.0,0.0,0.0,0.0,Urban,1.0,0.0,0.0,Light rain
672995,1933698.0,5601150.0,548832.0,0.0,0.0,1.0,East,2010/2011,GREENWOOD ROAD,DUART ROAD,Non-Injury Crash,No,2011,East,0.0,1.0,Hill Road,0.0,,0.0,0.0,Dark,1508700.0,0.0,0.0,0.0,1.0,0.0,0.0,,Hawke's Bay Region,Nil,2-way,Sealed,0.0,0.0,0.0,50.0,0.0,Off,0.0,0.0,,30.0,Hastings District,Nil,0.0,0.0,0.0,0.0,0.0,0.0,Urban,0.0,0.0,0.0,Fine