OBJECTID,X,Y,areaUnitID,bicycle,bus,carStationWagon,crashDirectionDescription,crashFinancialYear,crashLocation1,crashLocation2,crashSeverity,crashSHDescription,crashYear,directionRoleDescription,fatalCount,fence,flatHill,guardRail,holiday,houseOrBuilding,kerb,light,meshblockId,minorInjuryCount,moped,motorcycle,NumberOfLanes,otherVehicleType,parkedVehicle,pedestrian,region,roadCharacter,roadLane,roadSurface,schoolBus,seriousInjuryCount,slipOrFlood,speedLimit,strayAnimal,streetLight,suv,taxi,temporarySpeedLimit,tlaId,tlaName,trafficControl,trafficIsland,trafficSign,train,tree,truck,unknownVehicleType,urban,vanOrUtility,vehicle,waterRiver,weatherA
709544,1932172.0,5601190.0,548821.0,0.0,0.0,2.0,North,2010/2011,MIDDLE ROAD,UPHAM ST,Non-Injury Crash,No,2010,North,0.0,0.0,Flat,0.0,,0.0,0.0,Overcast,1506800.0,0.0,0.0,0.0,2.0,0.0,1.0,,Hawke's Bay Region,Nil,2-way,Sealed,0.0,0.0,0.0,50.0,0.0,Null,0.0,0.0,,30.0,Hastings District,Nil,0.0,0.0,0.0,0.0,0.0,0.0,Urban,0.0,0.0,0.0,Fine
498911,1909306.0,5674223.0,545911.0,0.0,0.0,1.0,North,2002/2003,SH 5,TARAWERA TAV,Non-Injury Crash,Yes,2002,North,0.0,,Hill Road,,,,,Dark,1281200.0,0.0,0.0,0.0,2.0,0.0,,,Hawke's Bay Region,Nil,2-way,Sealed,0.0,0.0,,100.0,,None,0.0,0.0,,30.0,Hastings District,Nil,,,,,0.0,0.0,Open,0.0,,,Light rain
562167,1926520.0,5635856.0,545811.0,0.0,0.0,1.0,North,2005/2006,SH 5,BEATTIE ROAD,Minor Crash,Yes,2006,North,0.0,,Flat,,Easter,,,Bright sun,1414700.0,4.0,0.0,0.0,2.0,0.0,,,Hawke's Bay Region,Nil,2-way,Sealed,0.0,0.0,,100.0,,Null,1.0,0.0,,30.0,Hastings District,Nil,,,,,0.0,0.0,Open,0.0,,,Fine
730359,1929003.0,5605387.0,547700.0,0.0,0.0,1.0,North,2014/2015,SOUTHAMPTON ST WEST,LASCELLES ST,Non-Injury Crash,No,2014,North,0.0,,Flat,,,,,Bright sun,1487500.0,0.0,0.0,0.0,2.0,0.0,,,Hawke's Bay Region,Nil,2-way,Sealed,0.0,0.0,,50.0,,Null,1.0,0.0,,30.0,Hastings District,Unknown,,,,,0.0,0.0,Urban,0.0,,,Fine
224761,1929657.0,5605330.0,548200.0,0.0,0.0,2.0,Null,2008/2009,NELSON ST NORTH,QUEEN ST WEST,Minor Crash,No,2009,South,0.0,,Flat,,,,,Bright sun,1490800.0,1.0,0.0,0.0,2.0,0.0,,,Hawke's Bay Region,Nil,2-way,Sealed,0.0,0.0,,50.0,,Null,0.0,0.0,,30.0,Hastings District,Give way,,,,,0.0,0.0,Urban,0.0,,,Fine
726028,1929439.0,5606032.0,547700.0,0.0,0.0,1.0,Null,2007/2008,ST AUBYN ST WEST,GRAYS ROAD,Non-Injury Crash,No,2007,North,0.0,,Flat,,,,,Overcast,1488300.0,0.0,0.0,0.0,2.0,0.0,,,Hawke's Bay Region,Nil,2-way,Sealed,0.0,0.0,,50.0,,Null,0.0,0.0,,30.0,Hastings District,Give way,,,,,0.0,0.0,Urban,1.0,,,Light rain
650461,1929464.0,5605185.0,548200.0,0.0,0.0,1.0,Null,2007/2008,NELSON ST SOUTH,EASTBOURNE ST WEST,Minor Crash,No,2007,West,0.0,0.0,Flat,0.0,,1.0,0.0,Dark,1488900.0,2.0,0.0,0.0,2.0,0.0,0.0,,Hawke's Bay Region,Nil,2-way,Sealed,0.0,0.0,0.0,50.0,0.0,On,0.0,0.0,,30.0,Hastings District,Stop,0.0,1.0,0.0,0.0,1.0,0.0,Urban,0.0,0.0,0.0,Fine
249208,1924649.3308,5620206.69,545821.0,0.0,0.0,1.0,South,2018/2019,DARTMOOR ROAD,VICARAGE ROAD,Non-Injury Crash,No,2018,East,0.0,0.0,Flat,0.0,,0.0,0.0,Dark,1411400.0,0.0,0.0,0.0,2.0,0.0,0.0,,Hawke's Bay Region,Nil,2-way,Sealed,0.0,0.0,0.0,50.0,0.0,None,0.0,0.0,,30.0,Hastings District,Unknown,0.0,0.0,0.0,0.0,0.0,0.0,Urban,0.0,0.0,0.0,Fine
449800,1929101.0,5605862.0,547700.0,0.0,0.0,3.0,Null,2012/2013,HERETAUNGA ST WEST,TOWNSHEND ST,Non-Injury Crash,No,2013,North,0.0,0.0,Flat,0.0,,0.0,0.0,Dark,1486800.0,0.0,0.0,0.0,2.0,0.0,1.0,,Hawke's Bay Region,Nil,2-way,Sealed,0.0,0.0,0.0,50.0,0.0,On,0.0,0.0,,30.0,Hastings District,Give way,0.0,0.0,0.0,0.0,0.0,0.0,Urban,0.0,0.0,0.0,Fine
418232,1930242.0,5606222.0,547600.0,1.0,0.0,0.0,Null,2003/2004,TOMOANA ROAD,DUKE ST,Serious Crash,No,2004,South,0.0,,Flat,,,,,Overcast,1484300.0,0.0,0.0,0.0,2.0,0.0,,,Hawke's Bay Region,Nil,2-way,Sealed,0.0,1.0,,50.0,,Null,0.0,0.0,,30.0,Hastings District,Give way,,,,,0.0,0.0,Urban,1.0,,,Fine
388488,1929641.0,5606499.0,547600.0,0.0,0.0,2.0,Null,2007/2008,TITOKI ST,LANE ST,Non-Injury Crash,No,2008,East,0.0,0.0,Flat,0.0,,0.0,0.0,Bright sun,1485400.0,0.0,0.0,0.0,2.0,0.0,1.0,,Hawke's Bay Region,Nil,2-way,Sealed,0.0,0.0,0.0,50.0,0.0,Null,0.0,0.0,,30.0,Hastings District,Nil,0.0,0.0,0.0,0.0,0.0,0.0,Urban,0.0,0.0,0.0,Fine
572367,1929441.0,5608839.0,545710.0,0.0,0.0,0.0,Null,2009/2010,SH 50A,EVENDEN ROAD,Non-Injury Crash,Yes,2010,North,0.0,0.0,Flat,0.0,,0.0,0.0,Dark,1471201.0,0.0,0.0,0.0,2.0,0.0,0.0,,Hawke's Bay Region,Nil,2-way,Sealed,0.0,0.0,0.0,100.0,0.0,On,1.0,0.0,,30.0,Hastings District,Give way,0.0,0.0,0.0,0.0,0.0,0.0,Open,0.0,0.0,0.0,Heavy rain
191638,1910331.0,5664346.0,545911.0,0.0,0.0,1.0,South,2014/2015,SH 5,KOWARO ROADWAY,Non-Injury Crash,Yes,2015,North,0.0,0.0,Flat,0.0,Queens Birthday,0.0,0.0,Dark,1414400.0,0.0,0.0,0.0,2.0,0.0,0.0,,Hawke's Bay Region,Nil,2-way,Sealed,0.0,0.0,0.0,100.0,0.0,None,0.0,0.0,,30.0,Hastings District,Unknown,0.0,0.0,0.0,0.0,0.0,0.0,Open,0.0,0.0,0.0,Mist or Fog
543369,1934578.0,5633072.0,545812.0,0.0,0.0,0.0,South,2015/2016,SH 2,NORTH SHORE ROAD,Non-Injury Crash,Yes,2016,South,0.0,0.0,Flat,0.0,,0.0,0.0,Dark,1414905.0,0.0,0.0,0.0,2.0,0.0,0.0,,Hawke's Bay Region,Nil,2-way,Sealed,0.0,0.0,0.0,100.0,0.0,None,0.0,0.0,,30.0,Hastings District,Unknown,0.0,0.0,0.0,0.0,0.0,0.0,Open,1.0,0.0,0.0,Null
257222,1930481.0,5610272.0,545832.0,0.0,0.0,3.0,North,2009/2010,SH 50A,EVENDEN ROAD,Minor Crash,Yes,2010,North,0.0,,Flat,,,,,Overcast,1404400.0,1.0,0.0,0.0,2.0,0.0,,,Hawke's Bay Region,Bridge,2-way,Sealed,0.0,0.0,,100.0,,Null,0.0,0.0,,30.0,Hastings District,Nil,,,,,0.0,0.0,Open,1.0,,,Fine
585189,1934240.0,5607461.0,545722.0,0.0,0.0,1.0,Null,2003/2004,SH 2,PILCHER ROAD,Serious Crash,Yes,2004,South,0.0,,Flat,,,,,Overcast,1406300.0,7.0,0.0,0.0,2.0,0.0,,,Hawke's Bay Region,Nil,2-way,Sealed,0.0,1.0,,50.0,,Null,0.0,0.0,,30.0,Hastings District,Stop,,,,,0.0,0.0,Urban,1.0,,,Fine
229111,1924314.0,5616279.0,545821.0,0.0,0.0,2.0,North,2009/2010,SWAMP ROAD,OMARUNUI ROAD,Serious Crash,No,2009,South,0.0,0.0,Flat,0.0,,0.0,0.0,Bright sun,1408600.0,4.0,0.0,0.0,2.0,0.0,0.0,,Hawke's Bay Region,Nil,2-way,Sealed,0.0,1.0,0.0,100.0,0.0,Null,0.0,0.0,,30.0,Hastings District,Nil,0.0,0.0,0.0,0.0,0.0,0.0,Open,0.0,0.0,0.0,Fine
125024,1932667.0,5601682.0,548831.0,0.0,0.0,2.0,South,2011/2012,TE MATA ROAD,PORTER DRIVE,Minor Crash,No,2012,West,0.0,0.0,Flat,0.0,,0.0,0.0,Bright sun,1509700.0,1.0,0.0,0.0,2.0,0.0,1.0,1.0,Hawke's Bay Region,Nil,2-way,Sealed,0.0,0.0,0.0,50.0,0.0,Null,0.0,0.0,,30.0,Hastings District,Nil,0.0,0.0,0.0,0.0,0.0,0.0,Urban,0.0,0.0,0.0,Fine
191237,1929639.042,5605765.1462,548200.0,0.0,0.0,0.0,Null,2020/2021,TOMOANA ROAD,ST AUBYN STREET WEST,Non-Injury Crash,No,2020,South,0.0,,Flat,,,,,Unknown,1490401.0,0.0,0.0,0.0,2.0,0.0,,,Hawke's Bay Region,Nil,2-way,Sealed,0.0,0.0,,50.0,,Null,1.0,0.0,,30.0,Hastings District,Traffic Signals,,,,,0.0,0.0,Urban,1.0,,,Fine
617562,1920473.0,5642558.0,545811.0,0.0,0.0,1.0,West,2016/2017,SH 5,PENINSULA ROAD (FORESTRY),Non-Injury Crash,Yes,2016,West,0.0,0.0,Hill Road,0.0,,0.0,0.0,Dark,1414600.0,0.0,0.0,0.0,3.0,0.0,0.0,,Hawke's Bay Region,Nil,2-way,Sealed,0.0,0.0,0.0,100.0,0.0,None,0.0,0.0,,30.0,Hastings District,Unknown,0.0,0.0,0.0,0.0,0.0,0.0,Open,0.0,0.0,0.0,Fine
197218,1932652.0,5609542.0,545832.0,1.0,0.0,1.0,Null,2009/2010,CHESTERHOPE BRIDGE,FARNDON ROAD,Minor Crash,No,2010,South,0.0,,Flat,,,,,Dark,1404300.0,1.0,0.0,0.0,2.0,0.0,,,Hawke's Bay Region,Nil,2-way,Sealed,0.0,0.0,,100.0,,On,0.0,0.0,,30.0,Hastings District,Give way,,,,,0.0,0.0,Open,0.0,,,Fine
16427,1929767.0,5605034.0,548200.0,0.0,0.0,2.0,North,2007/2008,MARKET ST NORTH,HERETAUNGA ST WEST,Non-Injury Crash,No,2008,East,0.0,0.0,Flat,0.0,,0.0,0.0,Overcast,1491700.0,0.0,0.0,0.0,2.0,0.0,1.0,,Hawke's Bay Region,Nil,2-way,Sealed,0.0,0.0,0.0,50.0,0.0,Null,0.0,0.0,,30.0,Hastings District,Nil,0.0,0.0,0.0,0.0,0.0,0.0,Urban,0.0,0.0,0.0,Fine
579853,1927833.0,5607199.0,547800.0,0.0,0.0,1.0,West,2003/2004,OMAHU ROAD,STONYCROFT ST,Minor Crash,No,2003,South,0.0,,Flat,,,,,Bright sun,1476600.0,1.0,0.0,0.0,2.0,0.0,,,Hawke's Bay Region,Nil,2-way,Sealed,0.0,0.0,,50.0,,Null,0.0,0.0,,30.0,Hastings District,Nil,,,,,0.0,0.0,Urban,1.0,,,Fine
651567,1929468.0,5605379.0,548200.0,0.0,0.0,2.0,Null,2015/2016,HERETAUNGA ST WEST,SOUTHLAND ROAD,Minor Crash,No,2016,North,0.0,,Flat,,,,,Bright sun,1490100.0,1.0,0.0,0.0,2.0,0.0,,,Hawke's Bay Region,Nil,2-way,Sealed,0.0,0.0,,50.0,,Null,0.0,0.0,,30.0,Hastings District,Stop,,,,,0.0,0.0,Urban,0.0,,,Fine
638707,1933194.0,5606508.0,545721.0,0.0,0.0,1.0,Null,2006/2007,SH 2,RUAHAPIA ROAD,Non-Injury Crash,Yes,2006,North,0.0,,Flat,,,,,Overcast,1471800.0,0.0,0.0,0.0,3.0,0.0,,,Hawke's Bay Region,Nil,2-way,Sealed,0.0,0.0,,100.0,,Null,1.0,0.0,,30.0,Hastings District,Stop,,,,,0.0,0.0,Open,0.0,,,Fine
676750,1929019.0,5606457.0,547800.0,0.0,0.0,2.0,East,2013/2014,PAKOWHAI ROAD,IKANUI ROAD,Non-Injury Crash,No,2013,East,0.0,,Flat,,,,,Bright sun,1477500.0,0.0,0.0,0.0,2.0,0.0,,,Hawke's Bay Region,Nil,2-way,Sealed,0.0,0.0,,50.0,,Null,0.0,0.0,,30.0,Hastings District,Nil,,,,,0.0,0.0,Urban,0.0,,,Fine
572159,1932599.0,5601703.0,548831.0,0.0,0.0,2.0,North,2007/2008,Z CPK TURKS BAR,HAVELOCK/NAPIER,Non-Injury Crash,No,2008,East,0.0,,Flat,,,,,Dark,1509600.0,0.0,0.0,0.0,0.0,0.0,,,Hawke's Bay Region,Nil,Off road,Sealed,0.0,0.0,,50.0,,None,0.0,0.0,,30.0,Hastings District,Nil,,,,,0.0,0.0,Urban,0.0,,,Fine
319453,1929101.0,5605862.0,547700.0,0.0,0.0,1.0,Null,2004/2005,HERETAUNGA ST WEST,TOWNSHEND ST,Non-Injury Crash,No,2005,East,0.0,0.0,Flat,0.0,,0.0,0.0,Dark,1486800.0,0.0,0.0,0.0,2.0,0.0,0.0,,Hawke's Bay Region,Nil,2-way,Sealed,0.0,0.0,0.0,50.0,0.0,On,0.0,0.0,,30.0,Hastings District,Give way,1.0,1.0,0.0,0.0,0.0,0.0,Urban,0.0,0.0,0.0,Fine
292092,1927162.0,5607760.0,545710.0,0.0,0.0,0.0,West,2016/2017,OMAHU ROAD,ORMOND ROAD,Non-Injury Crash,No,2017,East,0.0,,Flat,,,,,Bright sun,1471000.0,0.0,0.0,0.0,2.0,0.0,,,Hawke's Bay Region,Nil,2-way,Sealed,0.0,0.0,,50.0,,Null,1.0,0.0,,30.0,Hastings District,Unknown,,,,,0.0,0.0,Urban,1.0,,,Fine
254920,1888226.0,5635321.0,545912.0,0.0,0.0,0.0,East,2008/2009,TAIHAPE ROAD,KURIPAPANGO,Non-Injury Crash,No,2008,South,0.0,0.0,Flat,0.0,,0.0,0.0,Overcast,1409700.0,0.0,0.0,0.0,2.0,0.0,0.0,,Hawke's Bay Region,Nil,2-way,Unsealed,0.0,0.0,0.0,100.0,0.0,Null,1.0,0.0,,30.0,Hastings District,Nil,0.0,0.0,0.0,0.0,0.0,0.0,Open,0.0,0.0,0.0,Fine
338574,1930621.0,5603898.0,548100.0,0.0,0.0,1.0,East,2005/2006,HERETAUNGA ST EAST,PARK ROAD NORTH,Minor Crash,No,2005,West,0.0,,Flat,,,,,Dark,1501400.0,1.0,0.0,0.0,2.0,0.0,,1.0,Hawke's Bay Region,Nil,2-way,Sealed,0.0,0.0,,50.0,,On,0.0,0.0,,30.0,Hastings District,Nil,,,,,0.0,0.0,Urban,0.0,,,Fine
370420,1924344.0,5607654.0,548611.0,0.0,0.0,1.0,South,2002/2003,DIAZ DRIVE,CARTIER CRESCENT S,Non-Injury Crash,No,2002,South,0.0,1.0,Flat,0.0,,0.0,0.0,Overcast,1473902.0,0.0,0.0,0.0,2.0,0.0,0.0,,Hawke's Bay Region,Nil,2-way,Sealed,0.0,0.0,0.0,50.0,0.0,None,0.0,0.0,,30.0,Hastings District,Nil,0.0,0.0,0.0,0.0,0.0,0.0,Urban,0.0,0.0,0.0,Fine
5959,1934041.0,5600946.0,548832.0,0.0,0.0,1.0,East,2005/2006,GREENWOOD ROAD,TOKOMARU DRIVE,Non-Injury Crash,No,2005,West,0.0,0.0,Hill Road,0.0,,0.0,0.0,Dark,1510800.0,0.0,0.0,0.0,2.0,0.0,0.0,,Hawke's Bay Region,Nil,2-way,Sealed,0.0,0.0,0.0,50.0,0.0,On,0.0,0.0,,30.0,Hastings District,Nil,0.0,0.0,0.0,0.0,0.0,0.0,Urban,0.0,0.0,0.0,Fine
440848,1931635.0,5612546.0,545832.0,0.0,0.0,0.0,North,2017/2018,PAKOWHAI ROAD,CHESTERHOPE ROAD,Minor Crash,No,2018,North,0.0,1.0,Flat,0.0,,0.0,0.0,Dark,1403900.0,1.0,0.0,0.0,2.0,0.0,0.0,,Hawke's Bay Region,Nil,2-way,Sealed,0.0,0.0,0.0,80.0,0.0,None,0.0,0.0,,30.0,Hastings District,Unknown,0.0,0.0,0.0,0.0,0.0,0.0,Open,1.0,0.0,0.0,Fine
92593,1931194.0,5605659.0,548000.0,0.0,0.0,0.0,East,2017/2018,KARAMU ROAD NORTH,TUDOR AVENUE,Non-Injury Crash,No,2017,East,0.0,,Flat,,,,,Overcast,1495600.0,0.0,0.0,0.0,2.0,0.0,,,Hawke's Bay Region,Nil,2-way,Sealed,0.0,0.0,,50.0,,Null,1.0,0.0,,30.0,Hastings District,Unknown,,,,,0.0,0.0,Urban,1.0,,,Light rain
376180,1929772.0,5650448.0,545911.0,0.0,0.0,0.0,Null,2016/2017,WAIKOAU ROAD,MOKAMOKA ROAD,Serious Crash,No,2016,North,0.0,,Hill Road,,,,,Twilight,1416200.0,0.0,0.0,1.0,2.0,0.0,,,Hawke's Bay Region,Nil,2-way,Sealed,0.0,2.0,,100.0,,None,0.0,0.0,,30.0,Hastings District,Nil,,,,,0.0,0.0,Open,0.0,,,Fine
304614,1928786.0,5605625.0,547700.0,1.0,0.0,1.0,Null,2006/2007,TOWNSHEND ST,TOWNSHEND STREET,Minor Crash,No,2006,North,0.0,,Flat,,,,,Overcast,1486800.0,1.0,0.0,0.0,2.0,0.0,,,Hawke's Bay Region,Nil,2-way,Sealed,0.0,0.0,,50.0,,Null,0.0,0.0,,30.0,Hastings District,Give way,,,,,0.0,0.0,Urban,0.0,,,Fine
143872,1929283.0,5605623.0,547700.0,0.0,0.0,2.0,West,2002/2003,HERETAUNGA ST WEST,TOMOANA ROAD,Non-Injury Crash,No,2002,West,0.0,,Flat,,,,,Bright sun,1487900.0,0.0,0.0,0.0,2.0,0.0,,,Hawke's Bay Region,Nil,2-way,Sealed,0.0,0.0,,50.0,,Null,0.0,0.0,,30.0,Hastings District,Nil,,,,,0.0,0.0,Urban,0.0,,,Fine
177157,1930344.0,5604208.0,548100.0,0.0,0.0,2.0,North,2016/2017,HERETAUNGA ST EAST,RIVERSLEA ROAD SOUTH,Non-Injury Crash,No,2016,South,0.0,,Flat,,,,,Bright sun,1501200.0,0.0,0.0,0.0,2.0,0.0,,,Hawke's Bay Region,Nil,2-way,Sealed,0.0,0.0,,50.0,,Null,0.0,0.0,,30.0,Hastings District,Unknown,,,,,0.0,0.0,Urban,0.0,,,Fine
235093,1927019.0,5623925.0,545821.0,0.0,0.0,0.0,North,2018/2019,Z TRACK,PUKETAPU ROAD,Serious Crash,No,2018,South,0.0,1.0,Hill Road,0.0,,0.0,0.0,Bright sun,1410801.0,0.0,0.0,0.0,,1.0,0.0,,Hawke's Bay Region,Nil,Off road,Unsealed,0.0,1.0,0.0,100.0,0.0,Null,0.0,0.0,,30.0,Hastings District,Unknown,0.0,0.0,0.0,0.0,0.0,0.0,Open,0.0,0.0,0.0,Fine
364136,1930769.1006,5613003.6191,545831.0,0.0,0.0,2.0,North,2020/2021,HAWKES BAY EXPRESSWAY,WAIMATE BR,Non-Injury Crash,Yes,2020,South,0.0,,Flat,,,,,Overcast,1404500.0,0.0,0.0,0.0,4.0,0.0,,,Hawke's Bay Region,Nil,2-way,Sealed,0.0,0.0,,100.0,,Off,0.0,0.0,,30.0,Hastings District,Unknown,,,,,0.0,0.0,Open,0.0,,,Fine
278675,1926659.0,5616068.0,545821.0,0.0,0.0,2.0,Null,2015/2016,OMARUNUI ROAD,LANDFILL ACCESS ROAD,Non-Injury Crash,No,2016,North,0.0,,Flat,,,,,Bright sun,1408700.0,0.0,0.0,0.0,2.0,0.0,,,Hawke's Bay Region,Nil,2-way,Sealed,0.0,0.0,,100.0,,Null,0.0,0.0,,30.0,Hastings District,Nil,,,,,0.0,0.0,Open,0.0,,,Fine
588880,1931126.0,5604567.0,548100.0,0.0,0.0,2.0,North,2016/2017,ALEXANDRA ST,SYLVAN ROAD,Non-Injury Crash,No,2017,North,0.0,0.0,Flat,0.0,,0.0,0.0,Dark,1499800.0,0.0,0.0,0.0,2.0,0.0,1.0,,Hawke's Bay Region,Nil,2-way,Sealed,0.0,0.0,0.0,50.0,0.0,On,0.0,0.0,,30.0,Hastings District,Unknown,0.0,0.0,0.0,0.0,0.0,0.0,Urban,0.0,0.0,0.0,Fine
121920,1925919.0,5606731.0,548620.0,0.0,0.0,1.0,West,2010/2011,DOVER ROAD,FOLKESTONE DRIVE,Non-Injury Crash,No,2010,North,0.0,0.0,Flat,0.0,,0.0,0.0,Overcast,1476300.0,0.0,0.0,0.0,2.0,0.0,1.0,,Hawke's Bay Region,Nil,2-way,Sealed,0.0,0.0,0.0,50.0,0.0,Null,0.0,0.0,,30.0,Hastings District,Nil,0.0,0.0,0.0,0.0,0.0,0.0,Urban,1.0,0.0,0.0,Heavy rain
29556,1934110.0,5601891.0,548831.0,0.0,0.0,2.0,West,2001/2002,TE MATA ROAD,JAMES COOK ST,Non-Injury Crash,No,2002,West,0.0,,Flat,,,,,Bright sun,1510100.0,0.0,0.0,0.0,2.0,0.0,,,Hawke's Bay Region,Nil,2-way,Sealed,0.0,0.0,,50.0,,Null,0.0,0.0,,30.0,Hastings District,Nil,,,,,0.0,0.0,Urban,0.0,,,Fine
129845,1919217.0,5601556.0,545841.0,0.0,0.0,0.0,North,2017/2018,RAUKAWA ROAD,GREEN HILL ROAD,Minor Crash,No,2017,South,0.0,,Hill Road,,,,,Bright sun,1463000.0,1.0,0.0,1.0,2.0,0.0,,,Hawke's Bay Region,Nil,2-way,Sealed,0.0,0.0,,100.0,,Null,0.0,0.0,,30.0,Hastings District,Unknown,,,,,0.0,0.0,Open,0.0,,,Fine
651259,1914812.0,5588772.0,545851.0,0.0,0.0,1.0,North,2000/2001,SH 2,TE AUTE TRUST ROAD,Non-Injury Crash,Yes,2001,South,0.0,,Flat,,,,,Bright sun,1464500.0,0.0,0.0,1.0,2.0,0.0,,,Hawke's Bay Region,Nil,2-way,Sealed,0.0,0.0,,100.0,,Null,0.0,0.0,,30.0,Hastings District,Nil,,,,,0.0,0.0,Open,0.0,,,Fine
711481,1929058.5155,5605251.5819,547700.0,0.0,0.0,1.0,West,2019/2020,CHARLES STREET,SOUTHAMPTON STREET WEST,Minor Crash,No,2020,East,0.0,,Flat,,,,,Twilight,1487600.0,1.0,0.0,0.0,2.0,0.0,,,Hawke's Bay Region,Nil,2-way,Sealed,0.0,0.0,,50.0,,On,0.0,0.0,,30.0,Hastings District,Nil,,,,,0.0,0.0,Urban,1.0,,,Light rain
322223,1930876.0,5604104.0,548100.0,0.0,0.0,0.0,Null,2006/2007,PARK ROAD NORTH,PARK ROAD,Minor Crash,No,2007,North,0.0,1.0,Flat,0.0,,0.0,0.0,Dark,1501300.0,1.0,0.0,0.0,2.0,0.0,0.0,,Hawke's Bay Region,Nil,2-way,Sealed,0.0,0.0,0.0,50.0,0.0,On,0.0,0.0,,30.0,Hastings District,Give way,0.0,0.0,0.0,0.0,0.0,0.0,Urban,1.0,0.0,0.0,Fine
319989,1928584.0,5606102.0,548500.0,0.0,0.0,1.0,East,2005/2006,MARAEKAKAHO ROAD,ORCHARD ROAD,Minor Crash,No,2005,South,0.0,,Flat,,Christmas New Year,,,Twilight,1478800.0,1.0,0.0,0.0,2.0,0.0,,,Hawke's Bay Region,Nil,2-way,Sealed,0.0,0.0,,50.0,,Off,0.0,0.0,,30.0,Hastings District,Nil,,,,,0.0,0.0,Urban,0.0,,,Fine
255992,1929872.0,5604644.0,548200.0,0.0,0.0,2.0,Null,2010/2011,EASTBOURNE ST EAST,WARREN ST SOUTH,Non-Injury Crash,No,2011,West,0.0,,Flat,,,,,Overcast,1493200.0,0.0,0.0,0.0,2.0,0.0,,,Hawke's Bay Region,Nil,2-way,Sealed,0.0,0.0,,50.0,,Null,0.0,0.0,,30.0,Hastings District,Give way,,,,,0.0,0.0,Urban,0.0,,,Light rain
49449,1929739.0,5604820.0,548200.0,0.0,0.0,2.0,Null,2001/2002,EASTBOURNE ST EAST,RUSSELL ST SOUTH,Non-Injury Crash,No,2001,East,0.0,0.0,Flat,0.0,,0.0,0.0,Bright sun,1492000.0,0.0,0.0,0.0,1.0,0.0,1.0,,Hawke's Bay Region,Nil,1-way,Sealed,0.0,0.0,0.0,50.0,0.0,Null,0.0,0.0,,30.0,Hastings District,Give way,0.0,0.0,0.0,0.0,0.0,0.0,Urban,0.0,0.0,0.0,Fine
694186,1932428.0,5610611.0,545832.0,0.0,0.0,0.0,North,2014/2015,PAKOWHAI ROAD,HODGSON ROAD,Minor Crash,No,2015,South,0.0,0.0,Flat,0.0,,0.0,0.0,Overcast,1404000.0,1.0,0.0,0.0,2.0,0.0,1.0,,Hawke's Bay Region,Nil,2-way,Unsealed,0.0,0.0,0.0,80.0,0.0,Null,0.0,0.0,30.0,30.0,Hastings District,Nil,0.0,0.0,0.0,0.0,2.0,0.0,Open,0.0,0.0,0.0,Fine
43000,1926106.0,5624986.0,545821.0,0.0,0.0,1.0,South,2012/2013,PUKETITIRI ROAD,SEAFIELD ROAD,Minor Crash,No,2013,South,0.0,0.0,Flat,0.0,,0.0,0.0,Dark,1410801.0,1.0,0.0,0.0,2.0,0.0,0.0,,Hawke's Bay Region,Nil,2-way,Sealed,0.0,0.0,0.0,100.0,0.0,None,0.0,0.0,,30.0,Hastings District,Nil,0.0,0.0,0.0,0.0,0.0,0.0,Open,0.0,0.0,0.0,Fine
545068,1926897.0,5604830.0,545761.0,0.0,0.0,1.0,South,2009/2010,MARAEKAKAHO ROAD,YORK ROAD,Minor Crash,No,2009,North,0.0,1.0,Flat,0.0,,0.0,0.0,Dark,1468801.0,1.0,0.0,0.0,2.0,0.0,0.0,,Hawke's Bay Region,Nil,2-way,Sealed,0.0,0.0,0.0,100.0,0.0,On,0.0,0.0,,30.0,Hastings District,Nil,0.0,0.0,0.0,0.0,0.0,0.0,Open,0.0,0.0,0.0,Fine
645444,1925525.0529,5603295.8062,545842.0,0.0,0.0,0.0,Null,2019/2020,PAKI PAKI ROAD,MARAEKAKAHO ROAD,Non-Injury Crash,Yes,2020,North,0.0,0.0,Flat,0.0,Queens Birthday,0.0,0.0,Overcast,1470214.0,0.0,0.0,0.0,1.0,0.0,0.0,,Hawke's Bay Region,Nil,1-way,Sealed,0.0,0.0,0.0,100.0,0.0,Off,0.0,0.0,,30.0,Hastings District,Give way,1.0,0.0,0.0,0.0,0.0,0.0,Open,1.0,0.0,0.0,Light rain
189323,1936686.0,5608788.0,545722.0,0.0,0.0,2.0,South,2008/2009,LAWN ROAD,MILL ROAD,Non-Injury Crash,No,2008,South,0.0,0.0,Flat,0.0,,0.0,0.0,Bright sun,1406501.0,0.0,0.0,0.0,2.0,0.0,0.0,,Hawke's Bay Region,Nil,2-way,Sealed,0.0,0.0,0.0,100.0,0.0,Null,0.0,0.0,,30.0,Hastings District,Nil,0.0,0.0,0.0,0.0,0.0,0.0,Open,0.0,0.0,0.0,Fine
101801,1929494.0,5605344.0,548200.0,0.0,0.0,2.0,East,2006/2007,HERETAUNGA ST WEST,TOMOANA ROAD,Non-Injury Crash,No,2007,West,0.0,,Flat,,,,,Dark,1488900.0,0.0,0.0,0.0,2.0,0.0,,,Hawke's Bay Region,Nil,2-way,Sealed,0.0,0.0,,50.0,,On,0.0,0.0,,30.0,Hastings District,Nil,,,,,0.0,0.0,Urban,0.0,,,Fine