OBJECTID,X,Y,areaUnitID,bicycle,bus,carStationWagon,crashDirectionDescription,crashFinancialYear,crashLocation1,crashLocation2,crashSeverity,crashSHDescription,crashYear,directionRoleDescription,fatalCount,fence,flatHill,guardRail,holiday,houseOrBuilding,kerb,light,meshblockId,minorInjuryCount,moped,motorcycle,NumberOfLanes,otherVehicleType,parkedVehicle,pedestrian,region,roadCharacter,roadLane,roadSurface,schoolBus,seriousInjuryCount,slipOrFlood,speedLimit,strayAnimal,streetLight,suv,taxi,temporarySpeedLimit,tlaId,tlaName,trafficControl,trafficIsland,trafficSign,train,tree,truck,unknownVehicleType,urban,vanOrUtility,vehicle,waterRiver,weatherA
170085,1924928.0,5606660.0,548620.0,0.0,0.0,1.0,Null,2017/2018,SUNDERLAND DRIVE,SWANSEA ROAD,Non-Injury Crash,No,2017,West,0.0,,Flat,,,,,Bright sun,1473700.0,0.0,0.0,0.0,2.0,0.0,,,Hawke's Bay Region,Nil,2-way,Sealed,0.0,0.0,,50.0,,Null,1.0,0.0,,30.0,Hastings District,Give way,,,,,0.0,0.0,Urban,0.0,,,Fine
681670,1932978.0,5609762.0,545832.0,0.0,0.0,1.0,North,2015/2016,FARNDON ROAD,CHESTERHOPE BRIDGE,Non-Injury Crash,No,2016,East,0.0,,Flat,,,,,Overcast,1404200.0,0.0,0.0,0.0,2.0,0.0,,,Hawke's Bay Region,Nil,2-way,Sealed,0.0,0.0,,100.0,,Null,0.0,0.0,,30.0,Hastings District,Unknown,,,,,1.0,0.0,Open,0.0,,,Null
659986,1920277.0,5649014.0,545911.0,0.0,0.0,0.0,South,2009/2010,OHURAKURA ROAD,CLAYMORE ROAD,Non-Injury Crash,No,2010,West,0.0,1.0,Flat,0.0,,0.0,0.0,Dark,1415900.0,0.0,0.0,0.0,1.0,0.0,0.0,,Hawke's Bay Region,Nil,2-way,Sealed,0.0,0.0,0.0,100.0,0.0,None,0.0,0.0,,30.0,Hastings District,Nil,0.0,0.0,0.0,1.0,0.0,0.0,Open,1.0,0.0,0.0,Fine
209166,1936921.0,5601551.0,545750.0,0.0,0.0,1.0,East,2004/2005,RIVER ROAD,WAIMARAMA ROAD,Minor Crash,No,2004,East,0.0,0.0,Hill Road,0.0,,0.0,0.0,Dark,1466600.0,1.0,0.0,0.0,2.0,0.0,0.0,,Hawke's Bay Region,Nil,2-way,Sealed,0.0,0.0,0.0,100.0,0.0,None,0.0,0.0,,30.0,Hastings District,Nil,0.0,0.0,0.0,0.0,0.0,0.0,Open,0.0,0.0,0.0,Fine
603585,1928980.0,5633247.0,545811.0,0.0,0.0,1.0,West,2000/2001,SH 5,WAIPUNGA ROAD,Non-Injury Crash,Yes,2000,South,0.0,0.0,Flat,0.0,,0.0,0.0,Overcast,1414700.0,0.0,0.0,0.0,2.0,0.0,0.0,,Hawke's Bay Region,Nil,2-way,Sealed,0.0,0.0,0.0,100.0,0.0,Null,0.0,0.0,,30.0,Hastings District,Unknown,0.0,0.0,0.0,0.0,0.0,0.0,Open,0.0,0.0,0.0,Light rain
11116,1931560.0,5602871.0,545762.0,0.0,0.0,0.0,Null,2018/2019,HAVELOCK ROAD,ST GEORGES ROAD,Serious Crash,No,2018,North,0.0,,Flat,,,,,Overcast,1468600.0,0.0,0.0,1.0,4.0,0.0,,,Hawke's Bay Region,Nil,2-way,Sealed,0.0,1.0,,70.0,,Null,0.0,0.0,,30.0,Hastings District,Give way,,,,,0.0,0.0,Urban,0.0,,,Heavy rain
576181,1931130.0,5603892.0,548100.0,0.0,0.0,2.0,Null,2016/2017,WINDSOR AVENUE,HOWARD ST,Non-Injury Crash,No,2016,South,0.0,,Flat,,,,,Bright sun,1500400.0,0.0,0.0,0.0,2.0,0.0,,,Hawke's Bay Region,Nil,2-way,Sealed,0.0,0.0,,50.0,,Null,0.0,0.0,,30.0,Hastings District,Give way,,,,,0.0,0.0,Urban,0.0,,,Fine
541041,1932544.0,5610109.0,545832.0,0.0,0.0,2.0,Null,2002/2003,PAKOWHAI ROAD,GILBERTSON ROAD,Non-Injury Crash,No,2002,South,0.0,,Flat,,,,,Bright sun,1404100.0,0.0,0.0,0.0,2.0,0.0,,,Hawke's Bay Region,Bridge,2-way,Sealed,0.0,0.0,,100.0,,Null,0.0,0.0,,30.0,Hastings District,Nil,,,,,0.0,0.0,Open,0.0,,,Fine
191715,1909320.0,5673416.0,545911.0,0.0,0.0,1.0,South,2003/2004,SH 5,TARAWERA TAV,Serious Crash,Yes,2004,North,0.0,,Flat,,,,,Dark,1281200.0,0.0,0.0,1.0,2.0,0.0,,,Hawke's Bay Region,Nil,2-way,Sealed,0.0,1.0,,100.0,,None,0.0,0.0,,30.0,Hastings District,Nil,,,,,0.0,0.0,Open,0.0,,,Light rain
43442,1912657.0,5604753.0,545841.0,0.0,0.0,0.0,East,2010/2011,SH 50,KERERU ROAD,Minor Crash,Yes,2010,West,0.0,0.0,Flat,0.0,,0.0,0.0,Dark,1462800.0,1.0,0.0,0.0,2.0,0.0,0.0,,Hawke's Bay Region,Nil,2-way,Sealed,0.0,0.0,0.0,100.0,0.0,None,1.0,0.0,,30.0,Hastings District,Nil,0.0,0.0,0.0,0.0,0.0,0.0,Open,0.0,0.0,0.0,Fine
245948,1932652.0,5609542.0,545832.0,0.0,0.0,1.0,Null,2002/2003,PAKOWHAI ROAD,FARNDON ROAD,Non-Injury Crash,No,2002,South,0.0,,Flat,,,,,Bright sun,1404300.0,0.0,0.0,0.0,2.0,0.0,,,Hawke's Bay Region,Nil,2-way,Sealed,0.0,0.0,,100.0,,Null,0.0,0.0,,30.0,Hastings District,Give way,,,,,0.0,0.0,Open,1.0,,,Fine
693264,1931039.0,5605564.0,548000.0,0.0,0.0,2.0,Null,2006/2007,KARAMU ROAD NORTH,FREDERICK ST,Non-Injury Crash,No,2006,North,0.0,,Flat,,,,,Overcast,1497100.0,0.0,0.0,0.0,2.0,0.0,,,Hawke's Bay Region,Nil,2-way,Sealed,0.0,0.0,,50.0,,Null,0.0,0.0,,30.0,Hastings District,Traffic Signals,,,,,0.0,0.0,Urban,0.0,,,Light rain
131468,1930063.0,5602938.0,548300.0,0.0,0.0,1.0,Null,2010/2011,COPELAND ROAD,NORTON ROAD,Non-Injury Crash,No,2011,South,0.0,0.0,Flat,0.0,,0.0,0.0,Dark,1504700.0,0.0,0.0,0.0,2.0,0.0,0.0,,Hawke's Bay Region,Nil,2-way,Sealed,0.0,0.0,0.0,50.0,0.0,On,0.0,0.0,,30.0,Hastings District,Give way,0.0,0.0,0.0,1.0,0.0,0.0,Urban,0.0,0.0,0.0,Fine
499506,1928436.0,5603458.0,545761.0,0.0,0.0,2.0,Null,2002/2003,RAILWAY ROAD,TOLLEMACHE ROAD WEST,Non-Injury Crash,No,2003,East,0.0,,Flat,,,,,Bright sun,1469100.0,0.0,0.0,0.0,2.0,0.0,,,Hawke's Bay Region,Nil,2-way,Sealed,0.0,0.0,,100.0,,Null,0.0,0.0,,30.0,Hastings District,Stop,,,,,0.0,0.0,Open,0.0,,,Fine
154838,1930075.0,5604573.0,548200.0,0.0,0.0,2.0,East,2008/2009,HERETAUNGA ST EAST,HASTINGS ST SOUTH,Non-Injury Crash,No,2009,East,0.0,,Flat,,,,,Bright sun,1493900.0,0.0,0.0,0.0,2.0,0.0,,,Hawke's Bay Region,Nil,2-way,Sealed,0.0,0.0,,50.0,,Null,0.0,0.0,,30.0,Hastings District,Nil,,,,,0.0,0.0,Urban,0.0,,,Fine
548902,1936855.0,5612880.0,545832.0,0.0,0.0,0.0,Null,2000/2001,SH 2,NGARURORO BR,Non-Injury Crash,Yes,2001,South,0.0,0.0,Flat,0.0,,0.0,0.0,Bright sun,1404200.0,0.0,0.0,0.0,2.0,0.0,0.0,,Hawke's Bay Region,Bridge,2-way,Sealed,0.0,0.0,0.0,100.0,0.0,Null,0.0,0.0,,30.0,Hastings District,Nil,0.0,0.0,0.0,0.0,0.0,0.0,Open,2.0,0.0,0.0,Fine
306745,1933536.0,5601000.0,548832.0,0.0,0.0,1.0,Null,2003/2004,DUART ROAD,GREENWOOD ROAD,Non-Injury Crash,No,2004,South,0.0,,Flat,,,,,Bright sun,1508800.0,0.0,0.0,0.0,2.0,0.0,,,Hawke's Bay Region,Nil,2-way,Sealed,0.0,0.0,,50.0,,Null,0.0,0.0,,30.0,Hastings District,Stop,,,,,0.0,0.0,Urban,1.0,,,Fine
453659,1929514.0,5606831.0,545710.0,0.0,0.0,1.0,Null,2006/2007,PAKOWHAI ROAD,LYNDHURST ROAD,Minor Crash,No,2007,North,0.0,,Flat,,,,,Bright sun,1471300.0,1.0,0.0,0.0,2.0,0.0,,,Hawke's Bay Region,Nil,2-way,Sealed,0.0,0.0,,50.0,,Null,0.0,0.0,,30.0,Hastings District,Give way,,,,,0.0,0.0,Urban,1.0,,,Fine
566569,1934161.0,5606308.0,545722.0,0.0,1.0,1.0,Null,2008/2009,NAPIER ROAD,LAWN ROAD,Minor Crash,No,2009,South,0.0,0.0,Flat,0.0,,0.0,0.0,Bright sun,1406701.0,3.0,0.0,0.0,2.0,0.0,0.0,,Hawke's Bay Region,Nil,2-way,Sealed,0.0,0.0,0.0,100.0,0.0,Null,0.0,0.0,,30.0,Hastings District,Give way,1.0,1.0,0.0,0.0,0.0,0.0,Open,0.0,0.0,0.0,Fine
706491,1930248.0,5604087.0,548300.0,0.0,0.0,2.0,South,2016/2017,RIVERSLEA ROAD SOUTH,DUFFERIN ST,Non-Injury Crash,No,2016,North,0.0,0.0,Flat,0.0,,0.0,0.0,Dark,1501600.0,0.0,0.0,0.0,2.0,0.0,1.0,,Hawke's Bay Region,Nil,2-way,Sealed,0.0,0.0,0.0,50.0,0.0,On,0.0,0.0,,30.0,Hastings District,Unknown,0.0,0.0,0.0,0.0,0.0,0.0,Urban,0.0,0.0,0.0,Mist or Fog
307023,1931145.0,5605420.0,548000.0,0.0,0.0,1.0,North,2017/2018,GROVE ROAD,AMANDA PLACE,Minor Crash,No,2018,North,0.0,,Flat,,,,,Overcast,1497500.0,1.0,1.0,0.0,2.0,0.0,,,Hawke's Bay Region,Nil,2-way,Sealed,0.0,0.0,,50.0,,Null,0.0,0.0,,30.0,Hastings District,Unknown,,,,,0.0,0.0,Urban,0.0,,,Light rain
344090,1930214.0,5604383.0,548200.0,0.0,0.0,1.0,Null,2012/2013,HERETAUNGA ST EAST,WILLOWPARK ROAD SOUTH,Non-Injury Crash,No,2013,North,0.0,,Flat,,,,,Overcast,1493800.0,0.0,0.0,0.0,2.0,0.0,,,Hawke's Bay Region,Nil,2-way,Sealed,0.0,0.0,,50.0,,Null,1.0,0.0,,30.0,Hastings District,Give way,,,,,0.0,0.0,Urban,0.0,,,Fine
541815,1918304.0,5648908.0,545911.0,0.0,0.0,1.0,South,2009/2010,SH 5,TE POHUE LOOP ROAD S,Minor Crash,Yes,2010,East,0.0,0.0,Hill Road,0.0,,0.0,0.0,Overcast,1415900.0,1.0,0.0,0.0,2.0,0.0,0.0,,Hawke's Bay Region,Nil,2-way,Unsealed,0.0,0.0,0.0,100.0,0.0,Null,0.0,0.0,30.0,30.0,Hastings District,Nil,0.0,0.0,0.0,1.0,0.0,0.0,Open,0.0,0.0,0.0,Light rain
388858,1915993.0,5592765.0,545851.0,0.0,0.0,2.0,North,1999/2000,BURMA ROAD,SH 2,Non-Injury Crash,No,2000,South,0.0,,Hill Road,,,,,Bright sun,1464300.0,0.0,0.0,0.0,1.0,0.0,,,Hawke's Bay Region,Nil,2-way,Unsealed,0.0,0.0,,100.0,,Null,0.0,0.0,,30.0,Hastings District,Nil,,,,,0.0,0.0,Open,0.0,,,Fine
530900,1933407.0,5602956.0,545750.0,0.0,0.0,1.0,North,2010/2011,NAPIER ROAD,ROMANES DRIVE,Minor Crash,No,2011,South,0.0,1.0,Flat,0.0,,0.0,0.0,Bright sun,1466202.0,1.0,0.0,0.0,2.0,0.0,0.0,,Hawke's Bay Region,Nil,2-way,Sealed,0.0,0.0,0.0,100.0,0.0,Null,0.0,0.0,,30.0,Hastings District,Nil,0.0,0.0,0.0,0.0,0.0,0.0,Open,0.0,0.0,0.0,Fine
400851,1928014.0,5606602.0,548500.0,0.0,0.0,1.0,East,2006/2007,ORCHARD ROAD,MURRAY PLACE,Minor Crash,No,2007,East,0.0,1.0,Flat,0.0,,0.0,0.0,Dark,1478600.0,1.0,0.0,0.0,2.0,0.0,0.0,,Hawke's Bay Region,Nil,2-way,Sealed,0.0,0.0,0.0,50.0,0.0,On,0.0,0.0,,30.0,Hastings District,Nil,0.0,0.0,0.0,0.0,0.0,0.0,Urban,0.0,0.0,0.0,Light rain
730592,1931148.0,5614108.0,545831.0,0.0,0.0,1.0,North,2008/2009,SH 50,PAKOWHAI ON NBD,Non-Injury Crash,Yes,2008,North,0.0,,Flat,,,,,Overcast,1404600.0,0.0,0.0,0.0,2.0,0.0,,,Hawke's Bay Region,Nil,2-way,Sealed,0.0,0.0,,100.0,,Null,0.0,0.0,,30.0,Hastings District,Nil,,,,,0.0,0.0,Open,1.0,,,Fine
381478,1932274.0,5609028.0,545721.0,0.0,0.0,2.0,Null,2003/2004,PAKOWHAI ROAD,RUAHAPIA ROAD,Non-Injury Crash,No,2004,South,0.0,,Flat,,,,,Twilight,1471600.0,0.0,0.0,0.0,2.0,0.0,,,Hawke's Bay Region,Nil,2-way,Sealed,0.0,0.0,,100.0,,On,0.0,0.0,,30.0,Hastings District,Give way,,,,,0.0,0.0,Open,0.0,,,Light rain
153780,1929536.2938,5600689.2484,545762.0,0.0,0.0,1.0,West,2019/2020,TE AUTE ROAD,MOUNT ERIN ROAD,Non-Injury Crash,No,2020,North,0.0,1.0,Flat,0.0,Queens Birthday,0.0,0.0,Overcast,1465300.0,0.0,0.0,0.0,2.0,0.0,0.0,,Hawke's Bay Region,Nil,2-way,Sealed,0.0,0.0,0.0,100.0,0.0,None,0.0,0.0,,30.0,Hastings District,Nil,0.0,0.0,0.0,0.0,0.0,0.0,Open,0.0,0.0,0.0,Light rain
81521,1928898.0,5606132.0,547700.0,0.0,0.0,2.0,South,2009/2010,HERETAUNGA ST WEST,STORTFORD ST,Non-Injury Crash,No,2009,West,0.0,,Flat,,,,,Overcast,1486700.0,0.0,0.0,0.0,2.0,0.0,,,Hawke's Bay Region,Nil,2-way,Sealed,0.0,0.0,,50.0,,Null,0.0,0.0,,30.0,Hastings District,Nil,,,,,0.0,0.0,Urban,0.0,,,Light rain
725850,1929179.0,5605159.0,548200.0,0.0,0.0,2.0,Null,2005/2006,SOUTHAMPTON ST WEST,SOUTHLAND ROAD,Non-Injury Crash,No,2006,North,0.0,,Flat,,,,,Overcast,1488600.0,0.0,0.0,0.0,2.0,0.0,,,Hawke's Bay Region,Nil,2-way,Sealed,0.0,0.0,,50.0,,Null,0.0,0.0,,30.0,Hastings District,Give way,,,,,0.0,0.0,Urban,0.0,,,Fine
607624,1929090.0,5605275.0,548200.0,1.0,0.0,0.0,Null,2014/2015,SOUTHAMPTON ST WEST,CHARLES ST,Non-Injury Crash,No,2014,South,0.0,,Flat,,,,,Bright sun,1488500.0,0.0,0.0,0.0,2.0,0.0,,,Hawke's Bay Region,Nil,2-way,Sealed,0.0,0.0,,50.0,,Null,1.0,0.0,,30.0,Hastings District,Give way,,,,,0.0,0.0,Urban,0.0,,,Fine
592766,1929590.0,5605218.0,548200.0,0.0,0.0,2.0,East,2003/2004,HERETAUNGA ST WEST,NELSON ST SOUTH,Non-Injury Crash,No,2004,East,0.0,,Flat,,,,,Bright sun,1490700.0,0.0,0.0,0.0,2.0,0.0,,,Hawke's Bay Region,Nil,2-way,Sealed,0.0,0.0,,50.0,,Null,0.0,0.0,,30.0,Hastings District,Nil,,,,,0.0,0.0,Urban,0.0,,,Fine
420850,1927607.0,5607382.0,548500.0,0.0,0.0,1.0,Null,2017/2018,OMAHU ROAD,SH 50A,Non-Injury Crash,Yes,2018,South,0.0,1.0,Flat,0.0,,0.0,0.0,Dark,1477900.0,0.0,0.0,0.0,2.0,0.0,0.0,,Hawke's Bay Region,Nil,2-way,Sealed,0.0,0.0,0.0,50.0,0.0,On,0.0,0.0,,30.0,Hastings District,Give way,0.0,0.0,0.0,1.0,0.0,0.0,Urban,0.0,0.0,0.0,Fine
50925,1929464.0,5605185.0,548200.0,0.0,0.0,2.0,Null,2003/2004,NELSON ST SOUTH,EASTBOURNE ST WEST,Non-Injury Crash,No,2004,West,0.0,,Flat,,,,,Bright sun,1488900.0,0.0,0.0,0.0,2.0,0.0,,,Hawke's Bay Region,Nil,2-way,Sealed,0.0,0.0,,50.0,,Null,0.0,0.0,,30.0,Hastings District,Give way,,,,,0.0,0.0,Urban,0.0,,,Fine
286939,1928358.0,5606690.0,547800.0,1.0,0.0,1.0,South,2011/2012,OMAHU ROAD,CANNING ROAD,Minor Crash,No,2011,North,0.0,,Flat,,,,,Bright sun,1477400.0,1.0,0.0,0.0,2.0,0.0,,,Hawke's Bay Region,Nil,2-way,Sealed,0.0,0.0,,50.0,,Null,0.0,0.0,,30.0,Hastings District,Nil,,,,,0.0,0.0,Urban,0.0,,,Fine
584780,1929468.0,5605379.0,548200.0,0.0,0.0,1.0,Null,2002/2003,HERETAUNGA ST WEST,SOUTHLAND ROAD,Non-Injury Crash,No,2002,West,0.0,,Flat,,,,,Bright sun,1490100.0,0.0,0.0,0.0,2.0,0.0,,,Hawke's Bay Region,Nil,2-way,Sealed,0.0,0.0,,50.0,,Null,0.0,0.0,,30.0,Hastings District,Give way,,,,,1.0,0.0,Urban,0.0,,,Fine
709352,1928921.0,5605475.0,547700.0,0.0,0.0,2.0,Null,2016/2017,SOUTHAMPTON ST WEST,PEPPER ST,Non-Injury Crash,No,2017,North,0.0,,Flat,,,,,Bright sun,1487000.0,0.0,0.0,0.0,2.0,0.0,,,Hawke's Bay Region,Nil,2-way,Sealed,0.0,0.0,,50.0,,Null,0.0,0.0,,30.0,Hastings District,Give way,,,,,0.0,0.0,Urban,0.0,,,Fine
168272,1932606.0,5606198.0,545721.0,0.0,0.0,2.0,Null,2010/2011,SH 2,ST GEORGES ROAD,Minor Crash,Yes,2011,West,0.0,,Flat,,,,,Overcast,1472300.0,2.0,0.0,0.0,2.0,0.0,,,Hawke's Bay Region,Nil,2-way,Sealed,0.0,0.0,,70.0,,Null,0.0,0.0,,30.0,Hastings District,Give way,,,,,0.0,0.0,Urban,0.0,,,Fine
665141,1924305.0,5608283.0,548611.0,0.0,0.0,1.0,North,2004/2005,KIRKWOOD ROAD,TARBET ST,Non-Injury Crash,No,2005,South,0.0,0.0,Flat,0.0,,0.0,0.0,Overcast,1469708.0,0.0,0.0,0.0,2.0,0.0,0.0,,Hawke's Bay Region,Nil,2-way,Sealed,0.0,0.0,0.0,50.0,0.0,Null,0.0,0.0,,30.0,Hastings District,Nil,0.0,0.0,0.0,0.0,0.0,0.0,Urban,0.0,0.0,0.0,Light rain
498839,1929878.0,5605947.0,547700.0,0.0,0.0,2.0,Null,2008/2009,TOMOANA ROAD,FITZROY AVENUE,Non-Injury Crash,No,2008,South,0.0,,Flat,,,,,Dark,1488400.0,0.0,0.0,0.0,2.0,0.0,,,Hawke's Bay Region,Nil,2-way,Sealed,0.0,0.0,,50.0,,On,0.0,0.0,,30.0,Hastings District,Stop,,,,,0.0,0.0,Urban,0.0,,,Fine
115192,1927955.0,5607079.0,548500.0,0.0,0.0,2.0,West,2007/2008,OMAHU ROAD,NOTTINGLEY ROAD,Non-Injury Crash,No,2008,East,0.0,,Flat,,,,,Bright sun,1478500.0,0.0,0.0,0.0,2.0,0.0,,,Hawke's Bay Region,Nil,2-way,Sealed,0.0,0.0,,50.0,,Null,0.0,0.0,,30.0,Hastings District,Nil,,,,,0.0,0.0,Urban,0.0,,,Fine
640992,1938505.0,5594668.0,545860.0,0.0,0.0,1.0,North,2012/2013,WAIMARAMA ROAD,MARAETOTARA ROAD,Minor Crash,No,2012,South,0.0,0.0,Hill Road,0.0,,0.0,0.0,Dark,1467200.0,2.0,0.0,0.0,2.0,0.0,0.0,,Hawke's Bay Region,Nil,2-way,Sealed,0.0,0.0,0.0,100.0,0.0,None,0.0,0.0,,30.0,Hastings District,Nil,0.0,0.0,0.0,0.0,0.0,0.0,Open,0.0,0.0,0.0,Fine
649910,1928303.0,5605276.0,547900.0,1.0,0.0,1.0,North,2004/2005,GORDON ROAD,FLORENCE ST,Minor Crash,No,2005,North,0.0,,Flat,,,,,Overcast,1480303.0,1.0,0.0,0.0,2.0,0.0,,,Hawke's Bay Region,Nil,2-way,Sealed,0.0,0.0,,50.0,,Null,0.0,0.0,,30.0,Hastings District,Nil,,,,,0.0,0.0,Urban,0.0,,,Fine
650178,1930761.0,5604258.0,548100.0,0.0,0.0,1.0,Null,2005/2006,ST AUBYN ST EAST,SYLVAN ROAD,Non-Injury Crash,No,2005,North,0.0,1.0,Flat,0.0,Christmas New Year,0.0,0.0,Overcast,1501300.0,0.0,0.0,0.0,2.0,0.0,0.0,,Hawke's Bay Region,Nil,2-way,Sealed,0.0,0.0,0.0,50.0,0.0,Null,0.0,0.0,,30.0,Hastings District,Give way,1.0,0.0,0.0,0.0,0.0,0.0,Urban,0.0,0.0,0.0,Light rain
113368,1932704.0,5601697.0,548832.0,1.0,0.0,1.0,West,2011/2012,TE MATA ROAD,PORTER DRIVE,Minor Crash,No,2012,East,0.0,,Flat,,,,,Overcast,1508300.0,1.0,0.0,0.0,2.0,0.0,,,Hawke's Bay Region,Nil,2-way,Sealed,0.0,0.0,,50.0,,Null,0.0,0.0,,30.0,Hastings District,Nil,,,,,0.0,0.0,Urban,0.0,,,Fine
272661,1930228.0,5604383.0,548200.0,0.0,0.0,2.0,Null,2003/2004,WILLOWPARK ROAD NORTH,HERETAUNGA ST EAST,Non-Injury Crash,No,2004,North,0.0,,Flat,,,,,Bright sun,1494000.0,0.0,0.0,0.0,2.0,0.0,,,Hawke's Bay Region,Nil,2-way,Sealed,0.0,0.0,,50.0,,Null,0.0,0.0,,30.0,Hastings District,Give way,,,,,0.0,0.0,Urban,0.0,,,Fine
152421,1932998.0,5601845.0,548831.0,0.0,0.0,2.0,Null,2013/2014,TE MATA ROAD,KARANEMA DRIVE,Non-Injury Crash,No,2013,West,0.0,,Flat,,,,,Dark,1509800.0,0.0,0.0,0.0,2.0,0.0,,,Hawke's Bay Region,Nil,2-way,Sealed,0.0,0.0,,50.0,,On,0.0,0.0,,30.0,Hastings District,Give way,,,,,0.0,0.0,Urban,0.0,,,Light rain
428958,1929905.0,5605001.0,548200.0,0.0,0.0,2.0,Null,2000/2001,RUSSELL ST NORTH,RUSSELL ST,Non-Injury Crash,No,2001,South,0.0,,Flat,,,,,Bright sun,1492200.0,0.0,0.0,0.0,2.0,0.0,,,Hawke's Bay Region,Nil,2-way,Sealed,0.0,0.0,,50.0,,Null,0.0,0.0,,30.0,Hastings District,Traffic Signals,,,,,0.0,0.0,Urban,0.0,,,Fine
394946,1929634.0,5605762.0,548200.0,0.0,0.0,2.0,Null,2000/2001,ST AUBYN ST WEST,TOMOANA ROAD,Non-Injury Crash,No,2000,East,0.0,,Flat,,,,,Bright sun,1490300.0,0.0,0.0,0.0,2.0,0.0,,,Hawke's Bay Region,Nil,2-way,Sealed,0.0,0.0,,50.0,,Null,0.0,0.0,,30.0,Hastings District,Traffic Signals,,,,,0.0,0.0,Urban,0.0,,,Fine
319545,1931048.0,5603439.0,545762.0,0.0,0.0,2.0,South,2017/2018,HAVELOCK ROAD,NORTON ROAD,Non-Injury Crash,No,2017,South,0.0,,Flat,,,,,Bright sun,1468500.0,0.0,0.0,0.0,2.0,0.0,,,Hawke's Bay Region,Nil,2-way,Sealed,0.0,0.0,,50.0,,Null,0.0,0.0,,30.0,Hastings District,Unknown,,,,,0.0,0.0,Urban,0.0,,,Fine
523011,1924200.3064,5606828.4997,548612.0,0.0,0.0,1.0,North,2018/2019,PORTSMOUTH ROAD,ARDROSSAN AVENUE,Non-Injury Crash,No,2019,North,0.0,0.0,Flat,0.0,,0.0,0.0,Dark,1474300.0,0.0,0.0,0.0,2.0,0.0,0.0,,Hawke's Bay Region,Nil,2-way,Sealed,0.0,0.0,0.0,50.0,0.0,On,0.0,0.0,,30.0,Hastings District,Unknown,0.0,0.0,0.0,1.0,0.0,0.0,Urban,0.0,0.0,0.0,Fine
44978,1931533.0,5608361.0,545710.0,0.0,0.0,2.0,West,2014/2015,PAKOWHAI ROAD,ELWOOD ROAD,Non-Injury Crash,No,2015,West,0.0,0.0,Flat,0.0,,0.0,0.0,Bright sun,1471100.0,0.0,0.0,0.0,2.0,0.0,0.0,,Hawke's Bay Region,Nil,2-way,Sealed,0.0,0.0,0.0,80.0,0.0,Off,0.0,0.0,,30.0,Hastings District,Nil,0.0,0.0,0.0,0.0,0.0,0.0,Open,0.0,0.0,0.0,Fine
649215,1935566.0,5609736.0,545730.0,1.0,0.0,1.0,North,2014/2015,SH 2,RICHMOND ROAD,Serious Crash,Yes,2015,South,0.0,,Flat,,,,,Twilight,1405600.0,0.0,0.0,0.0,2.0,0.0,,,Hawke's Bay Region,Nil,2-way,Sealed,0.0,1.0,,80.0,,None,0.0,0.0,,30.0,Hastings District,Nil,,,,,0.0,0.0,Open,0.0,,,Fine
414061,1911395.0,5637300.0,545912.0,0.0,0.0,0.0,North,2005/2006,PUKETITIRI ROAD,WAIHAU ROAD,Fatal Crash,No,2005,East,1.0,1.0,Hill Road,0.0,,0.0,0.0,Bright sun,1411800.0,7.0,0.0,0.0,2.0,0.0,0.0,,Hawke's Bay Region,Nil,2-way,Sealed,0.0,1.0,0.0,100.0,0.0,Null,0.0,0.0,,30.0,Hastings District,Nil,0.0,0.0,0.0,0.0,0.0,0.0,Open,1.0,0.0,0.0,Fine
244587,1931038.0,5605564.0,548000.0,0.0,0.0,1.0,Null,2010/2011,KARAMU ROAD NORTH,GROVE ROAD,Non-Injury Crash,No,2011,South,0.0,,Flat,,,,,Bright sun,1495700.0,0.0,0.0,0.0,2.0,0.0,,,Hawke's Bay Region,Nil,2-way,Sealed,0.0,0.0,,50.0,,Null,1.0,0.0,,30.0,Hastings District,Traffic Signals,,,,,0.0,0.0,Urban,0.0,,,Fine
671517,1933065.0,5605381.0,545721.0,0.0,0.0,1.0,South,2005/2006,ST GEORGES ROAD,FARMLET ROAD,Minor Crash,No,2006,South,0.0,0.0,Flat,0.0,,0.0,0.0,Overcast,1472600.0,1.0,0.0,0.0,2.0,0.0,0.0,,Hawke's Bay Region,Nil,2-way,Sealed,0.0,0.0,0.0,100.0,0.0,Null,0.0,0.0,,30.0,Hastings District,Nil,0.0,0.0,0.0,0.0,0.0,0.0,Open,0.0,0.0,0.0,Light rain
112963,1932841.0,5601757.0,548832.0,0.0,0.0,1.0,East,2017/2018,TE MATA ROAD,PORTER DRIVE,Minor Crash,No,2017,East,0.0,,Flat,,,,,Overcast,1508400.0,1.0,0.0,0.0,2.0,0.0,,1.0,Hawke's Bay Region,Nil,2-way,Sealed,0.0,0.0,,50.0,,Null,0.0,0.0,,30.0,Hastings District,Unknown,,,,,0.0,0.0,Urban,0.0,,,Fine
469212,1930614.0,5603905.0,548100.0,0.0,0.0,2.0,Null,2003/2004,HERETAUNGA ST EAST,PARK ROAD NORTH,Non-Injury Crash,No,2004,East,0.0,,Flat,,,,,Dark,1501200.0,0.0,0.0,0.0,2.0,0.0,,,Hawke's Bay Region,Nil,2-way,Sealed,0.0,0.0,,50.0,,On,0.0,0.0,,30.0,Hastings District,Give way,,,,,0.0,0.0,Urban,0.0,,,Fine