OBJECTID,X,Y,areaUnitID,bicycle,bus,carStationWagon,crashDirectionDescription,crashFinancialYear,crashLocation1,crashLocation2,crashSeverity,crashSHDescription,crashYear,directionRoleDescription,fatalCount,fence,flatHill,guardRail,holiday,houseOrBuilding,kerb,light,meshblockId,minorInjuryCount,moped,motorcycle,NumberOfLanes,otherVehicleType,parkedVehicle,pedestrian,region,roadCharacter,roadLane,roadSurface,schoolBus,seriousInjuryCount,slipOrFlood,speedLimit,strayAnimal,streetLight,suv,taxi,temporarySpeedLimit,tlaId,tlaName,trafficControl,trafficIsland,trafficSign,train,tree,truck,unknownVehicleType,urban,vanOrUtility,vehicle,waterRiver,weatherA
725599,1928509.0,5604648.0,547900.0,0.0,0.0,2.0,Null,2000/2001,SOUTHLAND ROAD,OLIPHANT ROAD,Non-Injury Crash,No,2000,North,0.0,,Flat,,,,,Overcast,1482000.0,0.0,0.0,0.0,2.0,0.0,,,Hawke's Bay Region,Nil,2-way,Sealed,0.0,0.0,,50.0,,Null,0.0,0.0,,30.0,Hastings District,Give way,,,,,0.0,0.0,Urban,0.0,,,Heavy rain
416038,1925325.0,5605390.0,545842.0,0.0,0.0,2.0,Null,2006/2007,STOCK ROAD,IRONGATE ROAD,Minor Crash,No,2007,North,0.0,,Flat,,,,,Bright sun,1470214.0,1.0,0.0,0.0,2.0,0.0,,,Hawke's Bay Region,Nil,2-way,Sealed,0.0,0.0,,100.0,,Null,0.0,0.0,,30.0,Hastings District,Stop,,,,,0.0,0.0,Open,0.0,,,Fine
249675,1925810.0,5606801.0,548620.0,0.0,0.0,2.0,South,2002/2003,DOVER ROAD,POOLE ST,Non-Injury Crash,No,2002,North,0.0,0.0,Flat,0.0,,0.0,0.0,Bright sun,1476300.0,0.0,0.0,0.0,2.0,0.0,1.0,,Hawke's Bay Region,Nil,2-way,Sealed,0.0,0.0,0.0,50.0,0.0,Off,0.0,0.0,,30.0,Hastings District,Nil,0.0,0.0,0.0,0.0,0.0,0.0,Urban,0.0,0.0,0.0,Fine
187083,1914559.0,5603281.0,545841.0,0.0,0.0,1.0,East,2012/2013,VALLEY ROAD,WENLEY ROAD,Non-Injury Crash,No,2012,South,0.0,0.0,Hill Road,0.0,,0.0,0.0,Dark,1462800.0,0.0,0.0,0.0,2.0,0.0,0.0,,Hawke's Bay Region,Nil,2-way,Sealed,0.0,0.0,0.0,100.0,0.0,None,0.0,0.0,,30.0,Hastings District,Nil,0.0,0.0,0.0,0.0,0.0,0.0,Open,0.0,0.0,0.0,Fine
258753,1930104.2625,5605669.6293,548200.0,0.0,0.0,1.0,Null,2019/2020,NELSON STREET NORTH,FITZROY AVENUE,Minor Crash,No,2020,South,0.0,,Flat,,,,,Bright sun,1490600.0,1.0,0.0,0.0,2.0,0.0,,,Hawke's Bay Region,Nil,2-way,Sealed,0.0,0.0,,50.0,,Off,0.0,0.0,,30.0,Hastings District,Give way,,,,,0.0,0.0,Urban,1.0,,,Fine
55988,1928527.0,5606061.0,548500.0,0.0,0.0,2.0,East,2014/2015,MARAEKAKAHO ROAD,ORCHARD ROAD,Minor Crash,No,2015,West,0.0,,Flat,,,,,Bright sun,1478800.0,1.0,0.0,0.0,2.0,0.0,,,Hawke's Bay Region,Nil,2-way,Sealed,0.0,0.0,,50.0,,Null,0.0,0.0,,30.0,Hastings District,Nil,,,,,0.0,0.0,Urban,0.0,,,Fine
480426,1931864.0,5601913.0,548810.0,0.0,0.0,2.0,West,2007/2008,LIPSCOMBE CRESCENT,PANCKHURST ST,Non-Injury Crash,No,2007,West,0.0,,Flat,,,,,Bright sun,1504900.0,0.0,0.0,0.0,2.0,0.0,,,Hawke's Bay Region,Nil,2-way,Sealed,0.0,0.0,,50.0,,Null,0.0,0.0,,30.0,Hastings District,Nil,,,,,0.0,0.0,Urban,0.0,,,Fine
481999,1925499.0,5607251.0,548620.0,0.0,0.0,2.0,North,2015/2016,HENDERSON ROAD,FLAXMERE AVENUE,Non-Injury Crash,No,2016,North,0.0,,Flat,,,,,Overcast,1475900.0,0.0,0.0,0.0,2.0,0.0,,,Hawke's Bay Region,Nil,2-way,Sealed,0.0,0.0,,50.0,,Null,0.0,0.0,,30.0,Hastings District,Nil,,,,,0.0,0.0,Urban,0.0,,,Fine
683056,1915709.9963,5590514.7086,545851.0,0.0,0.0,1.0,South,2018/2019,002-0691,COLIN WHITE ROAD,Non-Injury Crash,Yes,2018,South,0.0,,Flat,,,,,Bright sun,1464500.0,0.0,0.0,0.0,2.0,0.0,,,Hawke's Bay Region,Nil,2-way,Sealed,0.0,0.0,,100.0,,Off,0.0,0.0,,30.0,Hastings District,Unknown,,,,,0.0,0.0,Open,1.0,,,Fine
611555,1929849.0,5605078.0,548200.0,0.0,0.0,2.0,East,2004/2005,QUEEN ST WEST,MARKET ST NORTH,Non-Injury Crash,No,2004,West,0.0,,Flat,,,,,Overcast,1491300.0,0.0,0.0,0.0,3.0,0.0,,,Hawke's Bay Region,Nil,2-way,Sealed,0.0,0.0,,50.0,,Null,0.0,0.0,,30.0,Hastings District,Traffic Signals,,,,,0.0,0.0,Urban,0.0,,,Fine
193208,1927542.0,5607057.0,548500.0,0.0,0.0,1.0,Null,2008/2009,TAKAPU ROAD,KOTUKU ST,Non-Injury Crash,No,2008,East,0.0,0.0,Flat,0.0,,0.0,0.0,Bright sun,1478000.0,0.0,0.0,0.0,2.0,0.0,1.0,,Hawke's Bay Region,Nil,2-way,Sealed,0.0,0.0,0.0,50.0,0.0,Null,0.0,0.0,,30.0,Hastings District,Nil,0.0,0.0,0.0,0.0,1.0,0.0,Urban,0.0,0.0,0.0,Fine
244661,1925068.0,5607065.0,548620.0,0.0,0.0,1.0,North,2010/2011,SWANSEA ROAD,HENDERSON ROAD,Non-Injury Crash,No,2010,South,0.0,,Flat,,,,,Bright sun,1473700.0,0.0,0.0,0.0,2.0,0.0,,,Hawke's Bay Region,Nil,2-way,Sealed,0.0,0.0,,50.0,,Null,0.0,0.0,,30.0,Hastings District,Nil,,,,,0.0,0.0,Urban,0.0,,,Fine
606636,1931130.0,5603892.0,548100.0,0.0,0.0,0.0,Null,2007/2008,WINDSOR AVENUE,HOWARD ST,Non-Injury Crash,No,2007,North,0.0,,Flat,,,,,Bright sun,1500400.0,0.0,0.0,0.0,2.0,0.0,,,Hawke's Bay Region,Nil,2-way,Sealed,0.0,0.0,,50.0,,Null,0.0,0.0,,30.0,Hastings District,Give way,,,,,1.0,0.0,Urban,0.0,,,Fine
124591,1923454.0,5626540.0,545821.0,0.0,0.0,0.0,South,2016/2017,PUKETITIRI ROAD,GLENGARRY ROAD,Non-Injury Crash,No,2016,South,0.0,0.0,Hill Road,0.0,,0.0,0.0,Dark,1411200.0,0.0,0.0,0.0,2.0,0.0,0.0,,Hawke's Bay Region,Nil,2-way,Sealed,0.0,0.0,0.0,100.0,0.0,None,1.0,0.0,,30.0,Hastings District,Unknown,0.0,1.0,0.0,0.0,0.0,0.0,Open,0.0,0.0,0.0,Fine
606881,1909096.0,5664779.0,545911.0,0.0,0.0,1.0,North,2001/2002,SH 5,TE HAROTO ROAD,Non-Injury Crash,Yes,2002,North,0.0,0.0,Hill Road,0.0,,0.0,0.0,Overcast,1414400.0,0.0,0.0,0.0,3.0,0.0,0.0,,Hawke's Bay Region,Nil,2-way,Sealed,0.0,0.0,0.0,100.0,0.0,Null,0.0,0.0,,30.0,Hastings District,Nil,0.0,0.0,0.0,0.0,0.0,0.0,Open,0.0,0.0,0.0,Light rain
252966,1918776.0,5630674.0,545821.0,0.0,0.0,1.0,West,2004/2005,PUKETITIRI ROAD,SOLDIERS SETTLEMENT ROAD,Non-Injury Crash,No,2005,East,0.0,1.0,Hill Road,0.0,Christmas New Year,0.0,0.0,Overcast,1412200.0,0.0,0.0,0.0,2.0,0.0,0.0,,Hawke's Bay Region,Nil,2-way,Sealed,0.0,0.0,0.0,100.0,0.0,Null,0.0,0.0,,30.0,Hastings District,Nil,0.0,0.0,0.0,0.0,0.0,0.0,Open,0.0,0.0,0.0,Light rain
359393,1929289.0,5606660.0,547800.0,0.0,0.0,1.0,South,2015/2016,PAKOWHAI ROAD,FITZROY AVENUE,Minor Crash,No,2016,South,0.0,,Flat,,,,,Bright sun,1477600.0,1.0,0.0,0.0,2.0,0.0,,1.0,Hawke's Bay Region,Nil,2-way,Sealed,0.0,0.0,,50.0,,Null,0.0,0.0,,30.0,Hastings District,Unknown,,,,,0.0,0.0,Urban,0.0,,,Fine
651895,1911507.0,5663490.0,545911.0,0.0,0.0,2.0,South,2012/2013,SH 5,TE HAROTO ROAD,Non-Injury Crash,Yes,2013,North,0.0,,Hill Road,,,,,Overcast,1414300.0,0.0,0.0,0.0,2.0,0.0,,,Hawke's Bay Region,Nil,2-way,Sealed,0.0,0.0,,100.0,,Null,0.0,0.0,,30.0,Hastings District,Nil,,,,,0.0,0.0,Open,0.0,,,Fine
39450,1930761.0,5604258.0,548100.0,0.0,0.0,1.0,Null,2004/2005,ST AUBYN ST EAST,SYLVAN ROAD,Minor Crash,No,2004,West,0.0,,Flat,,,,,Bright sun,1501300.0,1.0,0.0,0.0,2.0,0.0,,,Hawke's Bay Region,Nil,2-way,Sealed,0.0,0.0,,50.0,,Null,0.0,0.0,,30.0,Hastings District,Give way,,,,,0.0,0.0,Urban,1.0,,,Fine
677352,1929880.0,5605120.0,548200.0,0.0,0.0,1.0,East,2004/2005,MARKET ST NORTH,QUEEN ST WEST,Non-Injury Crash,No,2005,North,0.0,0.0,Flat,0.0,,0.0,0.0,Bright sun,1491300.0,0.0,0.0,0.0,2.0,0.0,0.0,,Hawke's Bay Region,Nil,2-way,Sealed,0.0,0.0,0.0,50.0,0.0,Null,0.0,0.0,,30.0,Hastings District,Nil,0.0,0.0,0.0,0.0,1.0,0.0,Urban,0.0,1.0,0.0,Fine
633405,1923220.0,5610812.0,545710.0,0.0,0.0,0.0,West,2011/2012,SH 50,GORDON ST,Minor Crash,Yes,2012,North,0.0,1.0,Flat,0.0,,0.0,0.0,Dark,1470400.0,1.0,0.0,0.0,2.0,0.0,0.0,,Hawke's Bay Region,Nil,2-way,Sealed,0.0,0.0,0.0,50.0,0.0,None,1.0,0.0,,30.0,Hastings District,Nil,0.0,0.0,0.0,1.0,0.0,0.0,Urban,0.0,0.0,0.0,Fine
541655,1933546.0,5603440.0,545750.0,0.0,0.0,2.0,Null,2009/2010,NAPIER ROAD,THOMPSON ROAD,Non-Injury Crash,No,2010,North,0.0,,Flat,,,,,Bright sun,1406600.0,0.0,0.0,0.0,2.0,0.0,,,Hawke's Bay Region,Nil,2-way,Sealed,0.0,0.0,,100.0,,Null,0.0,0.0,,30.0,Hastings District,Give way,,,,,0.0,0.0,Open,0.0,,,Fine
53226,1929301.5665,5605597.719,547700.0,0.0,0.0,1.0,South,2019/2020,HERETAUNGA STREET WEST,LOVEDALE ROAD,Minor Crash,No,2019,South,0.0,,Flat,,,,,Overcast,1487700.0,1.0,0.0,0.0,2.0,0.0,,,Hawke's Bay Region,Nil,2-way,Sealed,0.0,0.0,,50.0,,Off,0.0,0.0,,30.0,Hastings District,Unknown,,,,,0.0,0.0,Urban,1.0,,,Fine
243080,1918964.0,5646985.0,545811.0,0.0,0.0,0.0,North,2004/2005,SH 5,OLD TAUPO COACH ROAD,Non-Injury Crash,Yes,2005,South,0.0,0.0,Hill Road,0.0,,0.0,0.0,Dark,1414600.0,0.0,0.0,0.0,3.0,0.0,0.0,,Hawke's Bay Region,Nil,2-way,Sealed,0.0,0.0,0.0,100.0,0.0,None,0.0,0.0,,30.0,Hastings District,Nil,0.0,0.0,0.0,0.0,0.0,0.0,Open,1.0,0.0,0.0,Light rain
641137,1927597.0,5605358.0,545761.0,0.0,0.0,1.0,Null,2003/2004,MARAEKAKAHO ROAD,WALL ROAD,Non-Injury Crash,No,2003,South,0.0,,Flat,,,,,Bright sun,1469905.0,0.0,0.0,0.0,3.0,0.0,,,Hawke's Bay Region,Nil,2-way,Sealed,0.0,0.0,,50.0,,Null,0.0,0.0,,30.0,Hastings District,Nil,,,,,0.0,0.0,Urban,1.0,,,Fine
52452,1938161.0,5610003.0,545730.0,0.0,0.0,1.0,Null,2017/2018,LAWN ROAD,WAIPUREKU ST,Non-Injury Crash,No,2018,East,0.0,0.0,Flat,0.0,,0.0,0.0,Dark,1405200.0,0.0,0.0,0.0,2.0,0.0,0.0,,Hawke's Bay Region,Nil,2-way,Sealed,0.0,0.0,0.0,100.0,0.0,None,0.0,0.0,,30.0,Hastings District,Give way,0.0,0.0,0.0,0.0,0.0,0.0,Open,0.0,0.0,0.0,Mist or Fog
445725,1927296.0,5605131.0,545761.0,0.0,0.0,1.0,Null,2013/2014,YORK ROAD,MARAEKAKAHO ROAD,Non-Injury Crash,No,2013,West,0.0,,Flat,,,,,Overcast,1469905.0,0.0,0.0,0.0,2.0,0.0,,,Hawke's Bay Region,Nil,2-way,Sealed,0.0,0.0,,70.0,,Null,1.0,0.0,,30.0,Hastings District,Give way,,,,,0.0,0.0,Urban,0.0,,,Mist or Fog
631752,1930835.0,5605864.0,548000.0,1.0,0.0,0.0,Null,2000/2001,FREDERICK ST,CAROLINE ROAD,Minor Crash,No,2001,North,0.0,,Flat,,,,,Bright sun,1495500.0,1.0,0.0,0.0,2.0,0.0,,,Hawke's Bay Region,Nil,2-way,Sealed,0.0,0.0,,50.0,,Null,0.0,0.0,,30.0,Hastings District,Give way,,,,,0.0,0.0,Urban,1.0,,,Fine
280968,1929373.0,5605307.0,548200.0,0.0,0.0,0.0,Null,2015/2016,EASTBOURNE ST WEST,SOUTHLAND ROAD,Non-Injury Crash,No,2016,North,0.0,,Hill Road,,,,,Overcast,1488800.0,0.0,0.0,0.0,2.0,0.0,,,Hawke's Bay Region,Nil,2-way,Sealed,0.0,0.0,,50.0,,Null,1.0,0.0,,30.0,Hastings District,Give way,,,,,0.0,0.0,Urban,1.0,,,Null
233269,1924942.0,5601658.0,545851.0,0.0,0.0,1.0,South,2002/2003,SH 50A,MANGAROA ROAD,Non-Injury Crash,Yes,2002,North,0.0,0.0,Flat,0.0,,0.0,0.0,Dark,1463500.0,0.0,0.0,0.0,2.0,0.0,0.0,,Hawke's Bay Region,Nil,2-way,Sealed,0.0,0.0,0.0,100.0,0.0,None,0.0,0.0,,30.0,Hastings District,Nil,0.0,0.0,0.0,0.0,0.0,0.0,Open,0.0,0.0,0.0,Fine
223908,1907725.0,5677000.0,545911.0,0.0,0.0,1.0,South,2018/2019,SH 5,POHOKURA ROAD,Non-Injury Crash,Yes,2018,North,0.0,,Hill Road,,,,,Bright sun,1281200.0,0.0,0.0,0.0,1.0,0.0,,,Hawke's Bay Region,Nil,2-way,Sealed,0.0,0.0,,100.0,,Null,0.0,0.0,,30.0,Hastings District,Unknown,,,,,0.0,0.0,Open,0.0,,,Fine
332253,1932472.0,5601614.0,548810.0,1.0,0.0,1.0,Null,2010/2011,PORTER DRIVE,TE AUTE ROAD,Minor Crash,No,2010,North,0.0,,Flat,,,,,Bright sun,1505700.0,1.0,0.0,0.0,1.0,0.0,,,Hawke's Bay Region,Nil,2-way,Sealed,0.0,0.0,,50.0,,Null,0.0,0.0,,30.0,Hastings District,Give way,,,,,0.0,0.0,Urban,0.0,,,Fine
372521,1929057.0,5606486.0,547800.0,0.0,0.0,0.0,West,2015/2016,PAKOWHAI ROAD,ST AUBYN ST WEST,Non-Injury Crash,No,2016,West,0.0,,Flat,,,,,Overcast,1477500.0,0.0,0.0,1.0,2.0,0.0,,,Hawke's Bay Region,Nil,2-way,Sealed,0.0,0.0,,50.0,,Null,0.0,0.0,,30.0,Hastings District,Unknown,,,,,0.0,0.0,Urban,1.0,,,Null
368773,1929584.0,5600691.0,545762.0,0.0,0.0,0.0,Null,2006/2007,TE AUTE ROAD,ST GEORGES ROAD,Non-Injury Crash,No,2007,West,0.0,,Flat,,,,,Bright sun,1465300.0,0.0,0.0,0.0,2.0,0.0,,,Hawke's Bay Region,Nil,2-way,Sealed,0.0,0.0,,100.0,,Null,0.0,0.0,,30.0,Hastings District,Give way,,,,,0.0,0.0,Open,2.0,,,Fine
16601,1923443.0,5614334.0,545821.0,0.0,0.0,0.0,North,2016/2017,SWAMP ROAD,PIRAU ROAD,Non-Injury Crash,No,2017,South,0.0,0.0,Flat,0.0,,0.0,0.0,Dark,1408500.0,0.0,0.0,0.0,2.0,0.0,0.0,,Hawke's Bay Region,Nil,2-way,Sealed,0.0,0.0,0.0,100.0,0.0,None,0.0,0.0,,30.0,Hastings District,Unknown,0.0,0.0,0.0,0.0,0.0,0.0,Open,1.0,0.0,0.0,Light rain
444774,1939997.0,5606913.0,545740.0,0.0,0.0,1.0,East,2002/2003,CLIFTON ROAD,EAST ROAD,Non-Injury Crash,No,2003,West,0.0,,Flat,,,,,Bright sun,1407800.0,0.0,0.0,0.0,2.0,0.0,,,Hawke's Bay Region,Nil,2-way,Sealed,0.0,0.0,,100.0,,Null,0.0,0.0,,30.0,Hastings District,Nil,,,,,1.0,0.0,Open,0.0,,,Fine
601202,1929657.0,5605330.0,548200.0,0.0,0.0,3.0,Null,2002/2003,NELSON ST NORTH,QUEEN ST WEST,Non-Injury Crash,No,2003,North,0.0,,Flat,,,,,Overcast,1490800.0,0.0,0.0,0.0,2.0,0.0,,,Hawke's Bay Region,Nil,2-way,Sealed,0.0,0.0,,50.0,,Null,0.0,0.0,,30.0,Hastings District,Give way,,,,,0.0,0.0,Urban,0.0,,,Light rain
426880,1929738.0,5601655.0,545762.0,0.0,0.0,1.0,North,2004/2005,ST GEORGES ROAD,TE AUTE ROAD,Non-Injury Crash,No,2004,North,0.0,1.0,Flat,0.0,,0.0,0.0,Dark,1468400.0,0.0,0.0,0.0,2.0,0.0,0.0,,Hawke's Bay Region,Nil,2-way,Sealed,0.0,0.0,0.0,100.0,0.0,None,0.0,0.0,,30.0,Hastings District,Nil,0.0,0.0,0.0,1.0,0.0,0.0,Open,0.0,0.0,0.0,Mist or Fog
540013,1929514.0,5606831.0,545710.0,0.0,0.0,0.0,Null,2016/2017,LYNDHURST ROAD,PAKOWHAI ROAD,Minor Crash,No,2016,West,0.0,,Flat,,,,,Overcast,1471300.0,1.0,0.0,0.0,2.0,0.0,,1.0,Hawke's Bay Region,Nil,2-way,Sealed,0.0,0.0,,50.0,,Null,1.0,0.0,,30.0,Hastings District,Give way,,,,,0.0,0.0,Urban,0.0,,,Heavy rain
428420,1930149.0,5604677.0,548200.0,0.0,0.0,2.0,Null,2009/2010,QUEEN ST EAST,HASTINGS ST NORTH,Non-Injury Crash,No,2009,East,0.0,,Flat,,,,,Bright sun,1493400.0,0.0,0.0,0.0,2.0,0.0,,,Hawke's Bay Region,Nil,2-way,Sealed,0.0,0.0,,50.0,,Null,0.0,0.0,,30.0,Hastings District,Give way,,,,,0.0,0.0,Urban,0.0,,,Fine
306038,1922857.0,5621046.0,545821.0,0.0,0.0,1.0,North,2005/2006,DARTMOOR ROAD,PUKETAPU ROAD,Minor Crash,No,2005,South,0.0,1.0,Flat,0.0,,0.0,0.0,Dark,1411400.0,1.0,0.0,0.0,2.0,0.0,0.0,,Hawke's Bay Region,Nil,2-way,Sealed,0.0,0.0,0.0,100.0,0.0,None,0.0,0.0,,30.0,Hastings District,Nil,0.0,0.0,0.0,0.0,0.0,0.0,Open,0.0,0.0,0.0,Light rain
326906,1912358.0,5604774.0,545841.0,0.0,0.0,0.0,East,2003/2004,SH 50,KERERU ROAD,Minor Crash,Yes,2004,South,0.0,1.0,Flat,0.0,,0.0,0.0,Bright sun,1462800.0,3.0,0.0,0.0,2.0,0.0,0.0,,Hawke's Bay Region,Nil,2-way,Sealed,0.0,0.0,0.0,100.0,0.0,Null,0.0,0.0,,30.0,Hastings District,Nil,0.0,0.0,0.0,0.0,1.0,0.0,Open,0.0,0.0,0.0,Fine
643215,1927992.0,5601706.0,545852.0,0.0,0.0,1.0,East,2000/2001,LONGLANDS ROAD EAST,RIVERSLEA ROAD SOUTH,Non-Injury Crash,No,2001,East,0.0,0.0,Flat,0.0,,0.0,0.0,Twilight,1468700.0,0.0,0.0,0.0,2.0,0.0,0.0,,Hawke's Bay Region,Nil,2-way,Sealed,0.0,0.0,0.0,100.0,0.0,None,0.0,0.0,,30.0,Hastings District,Nil,0.0,0.0,0.0,0.0,0.0,0.0,Open,0.0,0.0,0.0,Fine
195968,1929657.0,5605330.0,548200.0,0.0,0.0,1.0,Null,2004/2005,NELSON ST NORTH,QUEEN ST WEST,Non-Injury Crash,No,2005,West,0.0,,Flat,,,,,Bright sun,1490800.0,0.0,0.0,0.0,2.0,0.0,,,Hawke's Bay Region,Nil,2-way,Sealed,0.0,0.0,,50.0,,Null,0.0,0.0,,30.0,Hastings District,Give way,,,,,0.0,0.0,Urban,1.0,,,Fine
248932,1933106.0,5601629.0,548832.0,0.0,0.0,2.0,Null,2001/2002,DUART ROAD,CAMPBELL ST,Non-Injury Crash,No,2002,East,0.0,,Flat,,,,,Twilight,1508600.0,0.0,0.0,0.0,2.0,0.0,,,Hawke's Bay Region,Nil,2-way,Sealed,0.0,0.0,,50.0,,Off,0.0,0.0,,30.0,Hastings District,Give way,,,,,0.0,0.0,Urban,0.0,,,Fine
118675,1930065.0,5604789.0,548200.0,0.0,0.0,1.0,Null,2006/2007,WARREN ST NORTH,QUEEN ST EAST,Non-Injury Crash,No,2007,East,0.0,,Flat,,,,,Overcast,1493400.0,0.0,0.0,0.0,2.0,0.0,,,Hawke's Bay Region,Nil,2-way,Sealed,0.0,0.0,,50.0,,Null,0.0,0.0,,30.0,Hastings District,Give way,,,,,0.0,0.0,Urban,1.0,,,Light rain
395004,1928922.0,5605476.0,547700.0,0.0,0.0,1.0,Null,2005/2006,SOUTHAMPTON ST WEST,PEPPER ST,Minor Crash,No,2006,West,0.0,,Flat,,,,,Bright sun,1487000.0,1.0,0.0,0.0,2.0,0.0,,,Hawke's Bay Region,Nil,2-way,Sealed,0.0,0.0,,50.0,,Null,0.0,0.0,,30.0,Hastings District,Give way,,,,,0.0,0.0,Urban,1.0,,,Fine
224027,1898599.0,5593546.0,545841.0,0.0,0.0,0.0,South,2002/2003,SH 50,MANGA-O-NUKU NO3 BR,Serious Crash,Yes,2002,North,0.0,,Hill Road,,,,,Bright sun,1462600.0,0.0,0.0,1.0,2.0,0.0,,,Hawke's Bay Region,Nil,2-way,Sealed,0.0,1.0,,100.0,,Null,0.0,0.0,,30.0,Hastings District,Nil,,,,,0.0,0.0,Open,0.0,,,Fine
678663,1928992.0,5603764.0,548300.0,0.0,0.0,0.0,South,2013/2014,MURDOCH ROAD EAST,FRANCES ST,Serious Crash,No,2013,South,0.0,,Flat,,,,,Bright sun,1503203.0,0.0,0.0,0.0,2.0,0.0,,1.0,Hawke's Bay Region,Nil,2-way,Sealed,0.0,1.0,,50.0,,Null,0.0,0.0,,30.0,Hastings District,Nil,,,,,0.0,0.0,Urban,1.0,,,Fine
105433,1929774.0,5604571.0,548200.0,0.0,0.0,2.0,Null,2009/2010,LYNDON ROAD EAST,WARREN ST SOUTH,Non-Injury Crash,No,2010,East,0.0,,Flat,,,,,Bright sun,1493100.0,0.0,0.0,0.0,2.0,0.0,,,Hawke's Bay Region,Nil,2-way,Sealed,0.0,0.0,,50.0,,Null,0.0,0.0,,30.0,Hastings District,Nil,,,,,0.0,0.0,Urban,0.0,,,Fine
537131,1929560.0,5605258.0,548200.0,0.0,0.0,3.0,Null,2007/2008,HERETAUNGA ST WEST,NELSON ST NORTH,Minor Crash,No,2008,East,0.0,,Flat,,,,,Bright sun,1490100.0,1.0,0.0,0.0,2.0,0.0,,,Hawke's Bay Region,Nil,2-way,Sealed,0.0,0.0,,50.0,,Null,0.0,0.0,,30.0,Hastings District,Traffic Signals,,,,,0.0,0.0,Urban,0.0,,,Fine
425116,1932164.0,5607448.0,545721.0,0.0,0.0,1.0,Null,2001/2002,OTENE ROAD,BENNETT ROAD,Minor Crash,No,2002,North,0.0,0.0,Flat,0.0,,0.0,0.0,Dark,1471700.0,1.0,0.0,0.0,2.0,0.0,0.0,,Hawke's Bay Region,Nil,2-way,Sealed,0.0,0.0,0.0,100.0,0.0,None,0.0,0.0,,30.0,Hastings District,Nil,0.0,0.0,0.0,0.0,1.0,0.0,Open,0.0,0.0,0.0,Fine
712551,1925501.0,5606312.0,548620.0,0.0,0.0,2.0,East,2015/2016,WILSON ROAD,PETERHEAD AVENUE,Non-Injury Crash,No,2015,East,0.0,,Flat,,,,,Overcast,1475300.0,0.0,0.0,0.0,2.0,0.0,,,Hawke's Bay Region,Nil,2-way,Sealed,0.0,0.0,,50.0,,Null,0.0,0.0,,30.0,Hastings District,Nil,,,,,0.0,0.0,Urban,0.0,,,Fine
34271,1929137.0,5605815.0,547700.0,1.0,0.0,1.0,Null,2006/2007,HERETAUNGA ST WEST,GRAYS ROAD,Minor Crash,No,2007,East,0.0,,Flat,,,,,Overcast,1487300.0,2.0,0.0,0.0,2.0,0.0,,,Hawke's Bay Region,Nil,2-way,Sealed,0.0,0.0,,50.0,,Null,0.0,0.0,,30.0,Hastings District,Give way,,,,,0.0,0.0,Urban,0.0,,,Fine
705491,1933194.0,5606508.0,545721.0,0.0,0.0,2.0,Null,2000/2001,SH 2,RUAHAPIA ROAD,Non-Injury Crash,Yes,2001,North,0.0,,Flat,,,,,Bright sun,1471800.0,0.0,0.0,0.0,2.0,0.0,,,Hawke's Bay Region,Nil,2-way,Sealed,0.0,0.0,,50.0,,Null,0.0,0.0,,30.0,Hastings District,Give way,,,,,0.0,0.0,Urban,0.0,,,Fine
383832,1932652.0,5609542.0,545832.0,0.0,0.0,2.0,Null,2009/2010,FARNDON ROAD,PAKOWHAI ROAD,Non-Injury Crash,No,2010,West,0.0,,Flat,,,,,Overcast,1404300.0,0.0,0.0,0.0,2.0,0.0,,,Hawke's Bay Region,Nil,2-way,Sealed,0.0,0.0,,100.0,,Null,0.0,0.0,,30.0,Hastings District,Give way,,,,,0.0,0.0,Open,0.0,,,Fine
95674,1919885.0,5644607.0,545811.0,0.0,0.0,1.0,North,2016/2017,SH 5,MCALLISTER ENT,Non-Injury Crash,Yes,2017,South,0.0,1.0,Hill Road,0.0,Christmas New Year,0.0,0.0,Overcast,1414600.0,0.0,0.0,0.0,2.0,0.0,0.0,,Hawke's Bay Region,Nil,2-way,Sealed,0.0,0.0,0.0,100.0,0.0,Null,0.0,0.0,,30.0,Hastings District,Unknown,0.0,0.0,0.0,0.0,0.0,0.0,Open,0.0,0.0,0.0,Light rain
31836,1926115.5458,5608155.5634,545710.0,0.0,0.0,1.0,East,2018/2019,OMAHU ROAD,CHATHAM ROAD,Non-Injury Crash,No,2019,West,0.0,,Flat,,,,,Bright sun,1470900.0,0.0,0.0,0.0,2.0,0.0,,,Hawke's Bay Region,Nil,2-way,Sealed,0.0,0.0,,50.0,,Off,0.0,0.0,,30.0,Hastings District,Unknown,,,,,0.0,0.0,Urban,1.0,,,Fine
97744,1923079.0,5611805.0,545822.0,0.0,0.0,1.0,Null,2009/2010,SH 50,TAIHAPE ROAD,Non-Injury Crash,Yes,2010,West,0.0,,Flat,,,,,Bright sun,1409300.0,0.0,0.0,0.0,2.0,0.0,,,Hawke's Bay Region,Nil,2-way,Sealed,0.0,0.0,,50.0,,Null,0.0,0.0,,30.0,Hastings District,Give way,,,,,0.0,0.0,Urban,1.0,,,Fine