OBJECTID,X,Y,areaUnitID,bicycle,bus,carStationWagon,crashDirectionDescription,crashFinancialYear,crashLocation1,crashLocation2,crashSeverity,crashSHDescription,crashYear,directionRoleDescription,fatalCount,fence,flatHill,guardRail,holiday,houseOrBuilding,kerb,light,meshblockId,minorInjuryCount,moped,motorcycle,NumberOfLanes,otherVehicleType,parkedVehicle,pedestrian,region,roadCharacter,roadLane,roadSurface,schoolBus,seriousInjuryCount,slipOrFlood,speedLimit,strayAnimal,streetLight,suv,taxi,temporarySpeedLimit,tlaId,tlaName,trafficControl,trafficIsland,trafficSign,train,tree,truck,unknownVehicleType,urban,vanOrUtility,vehicle,waterRiver,weatherA
671357,1929872.0,5604644.0,548200.0,0.0,0.0,1.0,Null,1999/2000,EASTBOURNE ST EAST,WARREN ST SOUTH,Non-Injury Crash,No,2000,West,0.0,,Flat,,,,,Bright sun,1493200.0,0.0,0.0,0.0,2.0,0.0,,,Hawke's Bay Region,Nil,2-way,Sealed,0.0,0.0,,50.0,,Null,0.0,0.0,,30.0,Hastings District,Give way,,,,,0.0,0.0,Urban,1.0,,,Fine
435327,1932423.0,5601619.0,548810.0,0.0,0.0,4.0,West,2012/2013,TE AUTE ROAD,PORTER DRIVE,Non-Injury Crash,No,2012,West,0.0,0.0,Flat,0.0,,0.0,0.0,Bright sun,1505200.0,0.0,0.0,0.0,2.0,0.0,3.0,,Hawke's Bay Region,Nil,2-way,Sealed,0.0,0.0,0.0,50.0,0.0,Null,0.0,0.0,,30.0,Hastings District,Nil,0.0,0.0,0.0,0.0,0.0,0.0,Urban,0.0,0.0,0.0,Fine
48886,1928794.0,5606256.0,547700.0,0.0,0.0,1.0,West,2018/2019,Z BP CONNECT,HERETAUNGA ST WEST,Minor Crash,No,2018,North,0.0,,Null,,,,,Bright sun,1486600.0,1.0,0.0,0.0,,0.0,,,Hawke's Bay Region,Nil,Off road,Sealed,0.0,0.0,,50.0,,Null,1.0,0.0,,30.0,Hastings District,Unknown,,,,,0.0,0.0,Urban,1.0,,,Null
691027,1928248.0,5604448.0,547900.0,0.0,0.0,1.0,Null,2000/2001,SOUTHLAND ROAD,MURDOCH ROAD WEST,Non-Injury Crash,No,2001,West,0.0,0.0,Flat,0.0,,0.0,0.0,Bright sun,1469201.0,0.0,0.0,0.0,2.0,0.0,0.0,,Hawke's Bay Region,Nil,2-way,Sealed,0.0,0.0,0.0,50.0,0.0,Null,0.0,0.0,,30.0,Hastings District,Give way,0.0,0.0,0.0,0.0,0.0,0.0,Urban,0.0,0.0,0.0,Fine
650490,1925088.9022,5607577.8481,548620.0,0.0,0.0,1.0,Null,2018/2019,CHATHAM ROAD,FLAXMERE AVENUE,Non-Injury Crash,No,2019,South,0.0,1.0,Flat,0.0,,0.0,1.0,Dark,1474201.0,0.0,0.0,0.0,2.0,0.0,0.0,,Hawke's Bay Region,Nil,2-way,Sealed,0.0,0.0,0.0,50.0,0.0,On,0.0,0.0,,30.0,Hastings District,Give way,0.0,0.0,0.0,0.0,0.0,0.0,Urban,0.0,0.0,0.0,Heavy rain
247418,1913563.0,5657515.0,545911.0,0.0,0.0,1.0,North,2002/2003,SH 5,MOHAKA BR,Minor Crash,Yes,2003,South,0.0,,Flat,,,,,Bright sun,1414400.0,1.0,0.0,0.0,2.0,0.0,,,Hawke's Bay Region,Nil,2-way,Sealed,0.0,0.0,,100.0,,Null,0.0,0.0,,30.0,Hastings District,Nil,,,,,0.0,0.0,Open,0.0,,,Fine
27972,1931325.0,5601088.0,545762.0,0.0,0.0,1.0,North,2012/2013,TE AUTE ROAD,GILPIN ROAD,Non-Injury Crash,No,2012,South,0.0,,Flat,,,,,Bright sun,1465200.0,0.0,0.0,0.0,2.0,0.0,,,Hawke's Bay Region,Nil,2-way,Sealed,0.0,0.0,,100.0,,Null,1.0,0.0,,30.0,Hastings District,Nil,,,,,0.0,0.0,Open,0.0,,,Fine
191897,1932839.0,5601756.0,548832.0,0.0,0.0,2.0,West,2007/2008,TE MATA ROAD,DUART ROAD,Non-Injury Crash,No,2008,East,0.0,0.0,Flat,0.0,,0.0,0.0,Bright sun,1508400.0,0.0,0.0,0.0,2.0,0.0,1.0,,Hawke's Bay Region,Nil,2-way,Sealed,0.0,0.0,0.0,50.0,0.0,Null,0.0,0.0,,30.0,Hastings District,Nil,0.0,0.0,0.0,0.0,0.0,0.0,Urban,0.0,0.0,0.0,Fine
9666,1930272.0,5604105.0,548300.0,1.0,0.0,1.0,Null,2012/2013,RIVERSLEA ROAD SOUTH,DUFFERIN ST,Minor Crash,No,2013,South,0.0,,Flat,,,,,Bright sun,1501600.0,1.0,0.0,0.0,2.0,0.0,,,Hawke's Bay Region,Nil,2-way,Sealed,0.0,0.0,,50.0,,Null,0.0,0.0,,30.0,Hastings District,Nil,,,,,0.0,0.0,Urban,0.0,,,Fine
290943,1931401.0,5605786.0,548000.0,0.0,0.0,2.0,South,2009/2010,KARAMU ROAD NORTH,WARWICK ROAD,Minor Crash,No,2010,North,0.0,,Flat,,,,,Bright sun,1496100.0,1.0,0.0,0.0,2.0,0.0,,,Hawke's Bay Region,Nil,2-way,Sealed,0.0,0.0,,50.0,,Null,0.0,0.0,,30.0,Hastings District,Nil,,,,,0.0,0.0,Urban,0.0,,,Fine
463428,1936165.0,5646398.0,545911.0,0.0,0.0,0.0,North,2013/2014,SH 2,AROPAOANUI ROAD,Non-Injury Crash,Yes,2014,North,0.0,,Hill Road,,,,,Dark,1415200.0,0.0,0.0,0.0,3.0,0.0,,,Hawke's Bay Region,Nil,2-way,Sealed,0.0,0.0,,100.0,,None,1.0,0.0,,30.0,Hastings District,Nil,,,,,0.0,0.0,Open,0.0,,,Fine
389787,1925440.0,5602873.0,545842.0,0.0,0.0,3.0,South,2016/2017,SH 50A,MARAEKAKAHO ROAD,Non-Injury Crash,Yes,2017,North,0.0,,Flat,,,,,Bright sun,1470213.0,0.0,0.0,0.0,2.0,0.0,,,Hawke's Bay Region,Nil,2-way,Sealed,0.0,0.0,,100.0,,Null,0.0,0.0,,30.0,Hastings District,Unknown,,,,,0.0,0.0,Open,0.0,,,Fine
595847,1930226.0,5606210.0,547600.0,0.0,0.0,1.0,South,2004/2005,TOMOANA ROAD,DUKE ST,Minor Crash,No,2005,North,0.0,1.0,Flat,0.0,,0.0,0.0,Dark,1484200.0,1.0,0.0,0.0,2.0,0.0,0.0,,Hawke's Bay Region,Nil,2-way,Sealed,0.0,0.0,0.0,50.0,0.0,On,0.0,0.0,,30.0,Hastings District,Nil,0.0,0.0,0.0,1.0,0.0,0.0,Urban,0.0,0.0,0.0,Fine
471568,1927477.1205,5606700.9396,548500.0,0.0,0.0,1.0,South,2019/2020,HUIA STREET,TAKAHE STREET,Non-Injury Crash,No,2019,North,0.0,0.0,Flat,0.0,,0.0,0.0,Bright sun,1479000.0,0.0,0.0,0.0,2.0,0.0,0.0,,Hawke's Bay Region,Nil,2-way,Sealed,0.0,0.0,0.0,50.0,1.0,Off,0.0,0.0,,30.0,Hastings District,Unknown,0.0,0.0,0.0,0.0,0.0,0.0,Urban,0.0,0.0,0.0,Fine
402294,1937799.0,5594931.0,545860.0,0.0,0.0,1.0,West,2000/2001,WAIMARAMA ROAD,MARAETOTARA ROAD,Non-Injury Crash,No,2000,West,0.0,1.0,Hill Road,0.0,,0.0,0.0,Overcast,1467400.0,0.0,0.0,0.0,2.0,0.0,0.0,,Hawke's Bay Region,Nil,2-way,Sealed,0.0,0.0,0.0,100.0,0.0,Null,0.0,0.0,,30.0,Hastings District,Nil,0.0,0.0,0.0,0.0,0.0,0.0,Open,0.0,0.0,0.0,Heavy rain
344170,1929036.0,5605950.0,547700.0,0.0,0.0,1.0,West,2004/2005,HERETAUNGA ST WEST,GALLIEN ST,Minor Crash,No,2005,West,0.0,,Flat,,,,,Bright sun,1487400.0,1.0,1.0,0.0,2.0,0.0,,,Hawke's Bay Region,Nil,2-way,Sealed,0.0,0.0,,50.0,,Null,0.0,0.0,,30.0,Hastings District,Nil,,,,,0.0,0.0,Urban,0.0,,,Fine
490085,1926435.0,5608008.0,545710.0,0.0,0.0,2.0,West,2017/2018,OMAHU ROAD,HENDERSON ROAD,Non-Injury Crash,No,2017,West,0.0,,Flat,,,,,Overcast,1470900.0,0.0,0.0,0.0,2.0,0.0,,,Hawke's Bay Region,Nil,2-way,Sealed,0.0,0.0,,50.0,,Null,0.0,0.0,,30.0,Hastings District,Unknown,,,,,0.0,0.0,Urban,0.0,,,Fine
133383,1929657.0,5605129.0,548200.0,0.0,0.0,2.0,Null,2007/2008,AVENUE ROAD WEST,KING ST SOUTH,Non-Injury Crash,No,2007,West,0.0,,Flat,,,,,Bright sun,1491200.0,0.0,0.0,0.0,2.0,0.0,,,Hawke's Bay Region,Nil,2-way,Sealed,0.0,0.0,,50.0,,Null,0.0,0.0,,30.0,Hastings District,Stop,,,,,0.0,0.0,Urban,0.0,,,Fine
95703,1927603.0,5613542.0,545822.0,0.0,0.0,1.0,South,2010/2011,SH 50,OMARUNUI ROAD,Minor Crash,Yes,2011,East,0.0,0.0,Flat,0.0,,0.0,0.0,Bright sun,1408800.0,1.0,0.0,0.0,2.0,0.0,0.0,,Hawke's Bay Region,Nil,2-way,Sealed,0.0,0.0,0.0,100.0,0.0,Null,0.0,0.0,,30.0,Hastings District,Nil,0.0,0.0,0.0,0.0,0.0,0.0,Open,0.0,0.0,0.0,Fine
173099,1937078.7637,5597695.1976,545851.0,0.0,0.0,2.0,North,2019/2020,WAIMARAMA ROAD,MATANGI ROAD,Minor Crash,No,2020,North,0.0,,Flat,,,,,Bright sun,1467002.0,2.0,0.0,0.0,1.0,0.0,,,Hawke's Bay Region,Nil,2-way,Sealed,0.0,0.0,,100.0,,None,0.0,0.0,,30.0,Hastings District,Nil,,,,,0.0,0.0,Open,0.0,,,Fine
680065,1929851.0,5605477.0,548200.0,0.0,0.0,2.0,Null,2000/2001,ST AUBYN ST WEST,NELSON ST NORTH,Non-Injury Crash,No,2001,West,0.0,,Flat,,,,,Bright sun,1491000.0,0.0,0.0,0.0,3.0,0.0,,,Hawke's Bay Region,Nil,2-way,Sealed,0.0,0.0,,50.0,,Null,0.0,0.0,,30.0,Hastings District,Traffic Signals,,,,,0.0,0.0,Urban,0.0,,,Fine
417927,1924249.0,5637873.0,545811.0,0.0,0.0,1.0,South,2005/2006,SH 5,GLENGARRY ROAD,Non-Injury Crash,Yes,2006,South,0.0,0.0,Hill Road,0.0,,0.0,0.0,Overcast,1414700.0,0.0,0.0,0.0,3.0,0.0,0.0,,Hawke's Bay Region,Nil,2-way,Sealed,0.0,0.0,0.0,100.0,0.0,Null,0.0,0.0,,30.0,Hastings District,Nil,0.0,0.0,0.0,0.0,0.0,0.0,Open,0.0,0.0,0.0,Light rain
3339,1934648.0,5608535.0,545722.0,0.0,0.0,2.0,North,2016/2017,SH 2,STATION ROAD,Minor Crash,Yes,2017,South,0.0,,Flat,,,,,Bright sun,1406300.0,1.0,0.0,0.0,2.0,0.0,,,Hawke's Bay Region,Nil,2-way,Sealed,0.0,0.0,,80.0,,Null,0.0,0.0,,30.0,Hastings District,Stop,,,,,1.0,0.0,Open,0.0,,,Fine
408435,1929549.0,5606376.0,547600.0,0.0,0.0,1.0,Null,2006/2007,FITZROY AVENUE,BRUNSWICK ST,Minor Crash,No,2006,North,0.0,,Flat,,,,,Bright sun,1485300.0,2.0,1.0,0.0,2.0,0.0,,,Hawke's Bay Region,Nil,2-way,Sealed,0.0,0.0,,50.0,,Null,0.0,0.0,,30.0,Hastings District,Nil,,,,,0.0,0.0,Urban,0.0,,,Fine
672992,1929764.0,5604384.0,548200.0,0.0,0.0,1.0,Null,2003/2004,HASTINGS ST SOUTH,SOUTHAMPTON ST EAST,Non-Injury Crash,No,2004,North,0.0,0.0,Flat,0.0,,0.0,0.0,Bright sun,1493000.0,0.0,0.0,0.0,2.0,0.0,0.0,,Hawke's Bay Region,Nil,2-way,Sealed,0.0,0.0,0.0,50.0,0.0,Null,0.0,0.0,,30.0,Hastings District,Give way,1.0,1.0,0.0,0.0,1.0,0.0,Urban,0.0,0.0,0.0,Fine
416357,1930914.3846,5607891.0537,545710.0,0.0,0.0,2.0,Null,2018/2019,PAKOWHAI ROAD,RICHMOND ROAD,Non-Injury Crash,No,2019,South,0.0,0.0,Flat,0.0,,0.0,0.0,Dark,1471100.0,0.0,0.0,0.0,2.0,0.0,0.0,,Hawke's Bay Region,Nil,2-way,Sealed,0.0,0.0,0.0,80.0,0.0,None,0.0,0.0,,30.0,Hastings District,Stop,0.0,1.0,0.0,0.0,0.0,0.0,Open,0.0,0.0,0.0,Fine
599049,1931069.0,5603846.0,548100.0,0.0,0.0,1.0,Null,2016/2017,WINDSOR AVENUE,ST AUBYN ST EAST,Non-Injury Crash,No,2017,East,0.0,,Flat,,,,,Bright sun,1500400.0,0.0,0.0,0.0,2.0,0.0,,,Hawke's Bay Region,Nil,2-way,Sealed,0.0,0.0,,50.0,,Null,0.0,0.0,,30.0,Hastings District,Give way,,,,,1.0,0.0,Urban,0.0,,,Fine
586597,1925958.0,5606649.0,545761.0,0.0,0.0,1.0,East,2002/2003,WILSON ROAD,FLAXMERE AVENUE,Non-Injury Crash,No,2002,West,0.0,,Flat,,,,,Bright sun,1469905.0,0.0,0.0,0.0,2.0,0.0,,,Hawke's Bay Region,Nil,2-way,Sealed,0.0,0.0,,70.0,,Null,0.0,0.0,,30.0,Hastings District,Nil,,,,,0.0,0.0,Urban,1.0,,,Fine
577536,1928889.9459,5610440.1679,545710.0,0.0,0.0,1.0,North,2019/2020,NICHOLL ROAD,RAUPARE ROAD,Non-Injury Crash,No,2019,South,0.0,0.0,Flat,0.0,,0.0,0.0,Bright sun,1470700.0,0.0,0.0,0.0,2.0,0.0,0.0,,Hawke's Bay Region,Nil,2-way,Sealed,0.0,0.0,0.0,100.0,0.0,None,0.0,0.0,,30.0,Hastings District,Nil,0.0,0.0,0.0,0.0,0.0,0.0,Open,0.0,0.0,0.0,Fine
626332,1929919.0,5603128.0,548300.0,0.0,0.0,1.0,Null,2005/2006,COPELAND ROAD,LUMSDEN ROAD,Non-Injury Crash,No,2005,South,0.0,1.0,Flat,0.0,,0.0,0.0,Bright sun,1504400.0,0.0,0.0,0.0,2.0,0.0,0.0,,Hawke's Bay Region,Nil,2-way,Sealed,0.0,0.0,0.0,50.0,0.0,Null,0.0,0.0,,30.0,Hastings District,Give way,0.0,0.0,0.0,0.0,0.0,0.0,Urban,0.0,0.0,0.0,Fine
364254,1928078.0,5605221.0,547900.0,0.0,0.0,2.0,North,2018/2019,OLIPHANT ROAD,OLIPHANT PLACE,Non-Injury Crash,No,2018,West,0.0,0.0,Flat,0.0,,0.0,0.0,Bright sun,1480100.0,0.0,0.0,0.0,2.0,0.0,1.0,,Hawke's Bay Region,Nil,2-way,Sealed,0.0,0.0,0.0,50.0,0.0,Null,0.0,0.0,,30.0,Hastings District,Unknown,0.0,0.0,0.0,0.0,0.0,0.0,Urban,0.0,0.0,0.0,Fine
205667,1933556.0,5602079.0,548832.0,1.0,0.0,1.0,Null,2005/2006,TE MATA ROAD,HILLSBROOK PLACE,Minor Crash,No,2006,North,0.0,,Flat,,,,,Bright sun,1510200.0,1.0,0.0,0.0,2.0,0.0,,,Hawke's Bay Region,Nil,2-way,Sealed,0.0,0.0,,50.0,,Null,0.0,0.0,30.0,30.0,Hastings District,Give way,,,,,0.0,0.0,Urban,0.0,,,Fine
377146,1929931.0,5604159.0,548200.0,1.0,0.0,1.0,Null,2013/2014,SOUTHAMPTON ST EAST,WILLOWPARK ROAD SOUTH,Minor Crash,No,2014,East,0.0,,Flat,,,,,Overcast,1493600.0,1.0,0.0,0.0,2.0,0.0,,,Hawke's Bay Region,Nil,2-way,Sealed,0.0,0.0,,50.0,,Off,0.0,0.0,,30.0,Hastings District,Give way,,,,,0.0,0.0,Urban,0.0,,,Fine
470619,1930992.0,5606134.0,548000.0,0.0,0.0,1.0,North,2008/2009,MAYFAIR AVENUE,CAROLINE ROAD,Non-Injury Crash,No,2009,East,0.0,0.0,Flat,0.0,,0.0,0.0,Dark,1495500.0,0.0,0.0,0.0,2.0,0.0,1.0,,Hawke's Bay Region,Nil,2-way,Sealed,0.0,0.0,0.0,50.0,0.0,On,0.0,0.0,,30.0,Hastings District,Nil,0.0,0.0,0.0,0.0,0.0,0.0,Urban,1.0,0.0,0.0,Fine
77644,1930227.0,5604974.0,548200.0,0.0,0.0,2.0,North,2015/2016,ST AUBYN ST EAST,WARREN ST NORTH,Non-Injury Crash,No,2016,North,0.0,,Flat,,,,,Bright sun,1492900.0,0.0,0.0,0.0,4.0,0.0,,,Hawke's Bay Region,Nil,2-way,Sealed,0.0,0.0,,50.0,,Null,0.0,0.0,,30.0,Hastings District,Unknown,,,,,0.0,0.0,Urban,0.0,,,Fine
532088,1931398.0,5613005.0,545832.0,0.0,0.0,1.0,East,2004/2005,PAKOWHAI ROAD,ALLEN ROAD,Non-Injury Crash,No,2004,South,0.0,0.0,Flat,0.0,,0.0,0.0,Overcast,1403900.0,0.0,0.0,0.0,2.0,0.0,0.0,,Hawke's Bay Region,Nil,2-way,Sealed,0.0,0.0,0.0,100.0,0.0,Null,0.0,0.0,,30.0,Hastings District,Nil,0.0,0.0,0.0,0.0,0.0,0.0,Open,0.0,0.0,0.0,Fine
579888,1911840.0,5586070.0,545851.0,0.0,0.0,1.0,Null,2002/2003,SH 2,TE ONEPU ROAD,Minor Crash,Yes,2002,North,0.0,,Flat,,,,,Twilight,1464900.0,2.0,0.0,0.0,2.0,0.0,,,Hawke's Bay Region,Nil,2-way,Sealed,0.0,0.0,,100.0,,None,0.0,0.0,,30.0,Hastings District,Give way,,,,,0.0,0.0,Open,1.0,,,Fine
23916,1935079.1802,5653956.8646,545911.0,0.0,0.0,1.0,Null,2019/2020,MATAHORUA ROAD,TUTIRA STATION ROAD,Fatal Crash,No,2020,South,1.0,,Hill Road,,,,,Bright sun,1416000.0,1.0,0.0,0.0,2.0,0.0,,,Hawke's Bay Region,Nil,2-way,Sealed,0.0,0.0,,100.0,,None,0.0,0.0,,30.0,Hastings District,Nil,,,,,0.0,0.0,Open,1.0,,,Fine
32243,1932544.0,5610109.0,545832.0,0.0,0.0,1.0,Null,2005/2006,PAKOWHAI ROAD,GILBERTSON ROAD,Minor Crash,No,2006,South,0.0,0.0,Flat,1.0,,0.0,0.0,Dark,1404100.0,1.0,0.0,0.0,2.0,0.0,0.0,,Hawke's Bay Region,Nil,2-way,Sealed,0.0,0.0,0.0,100.0,0.0,On,0.0,0.0,,30.0,Hastings District,Give way,0.0,0.0,0.0,0.0,0.0,0.0,Open,0.0,0.0,0.0,Fine
301091,1929942.0,5605355.0,548200.0,0.0,0.0,2.0,North,2013/2014,ST AUBYN ST WEST,KING ST NORTH,Non-Injury Crash,No,2013,South,0.0,,Flat,,,,,Bright sun,1491000.0,0.0,0.0,0.0,2.0,0.0,,,Hawke's Bay Region,Nil,2-way,Sealed,0.0,0.0,,50.0,,Null,0.0,0.0,,30.0,Hastings District,Give way,,,,,0.0,0.0,Urban,0.0,,,Fine
288222,1934009.8058,5605079.9381,545750.0,0.0,0.0,2.0,South,2019/2020,NAPIER ROAD,FLANDERS ROAD,Non-Injury Crash,No,2020,South,0.0,,Flat,,,,,Dark,1406600.0,0.0,0.0,0.0,2.0,0.0,,,Hawke's Bay Region,Nil,2-way,Sealed,0.0,0.0,,80.0,,None,0.0,0.0,,30.0,Hastings District,Nil,,,,,0.0,0.0,Open,0.0,,,Fine
6860,1925142.0,5619127.0,545821.0,0.0,0.0,1.0,Null,2010/2011,OMARUNUI ROAD,SWAMP ROAD,Non-Injury Crash,No,2010,East,0.0,0.0,Flat,0.0,,0.0,0.0,Bright sun,1408500.0,0.0,0.0,0.0,2.0,0.0,0.0,,Hawke's Bay Region,Nil,2-way,Sealed,0.0,0.0,0.0,100.0,0.0,Null,0.0,0.0,,30.0,Hastings District,Give way,0.0,0.0,0.0,0.0,0.0,0.0,Open,0.0,0.0,0.0,Fine
588629,1929706.0,5614768.0,545831.0,0.0,0.0,0.0,South,2008/2009,WAIOHIKI ROAD,SPRINGFIELD ROAD,Minor Crash,No,2009,North,0.0,,Flat,,,,,Overcast,1409400.0,1.0,0.0,1.0,2.0,0.0,,,Hawke's Bay Region,Nil,2-way,Sealed,0.0,0.0,,70.0,,Null,0.0,0.0,,30.0,Hastings District,Nil,,,,,0.0,0.0,Urban,0.0,,,Light rain
478853,1930643.0,5606160.0,547600.0,0.0,0.0,3.0,North,2003/2004,FREDERICK ST,NELSON ST NORTH,Minor Crash,No,2003,North,0.0,,Flat,,,,,Overcast,1483700.0,2.0,0.0,0.0,2.0,0.0,,,Hawke's Bay Region,Nil,2-way,Sealed,0.0,0.0,,50.0,,Null,0.0,0.0,,30.0,Hastings District,Nil,,,,,0.0,0.0,Urban,0.0,,,Light rain
464662,1913537.0,5634984.0,545821.0,0.0,0.0,1.0,South,2017/2018,PUKETITIRI ROAD,WAIHAI ROAD,Non-Injury Crash,No,2017,West,0.0,0.0,Hill Road,0.0,Christmas New Year,0.0,0.0,Overcast,1412300.0,0.0,0.0,0.0,2.0,0.0,0.0,,Hawke's Bay Region,Nil,2-way,Sealed,0.0,0.0,0.0,100.0,0.0,Null,0.0,0.0,,30.0,Hastings District,Unknown,0.0,0.0,0.0,0.0,0.0,0.0,Open,0.0,0.0,0.0,Fine
725037,1929441.0,5608839.0,545710.0,0.0,0.0,1.0,Null,2007/2008,SH 50A,EVENDEN ROAD,Non-Injury Crash,Yes,2008,East,0.0,0.0,Flat,0.0,,0.0,0.0,Dark,1471201.0,0.0,0.0,0.0,2.0,0.0,0.0,,Hawke's Bay Region,Nil,2-way,Sealed,0.0,0.0,0.0,100.0,0.0,On,0.0,0.0,,30.0,Hastings District,Give way,0.0,0.0,0.0,0.0,0.0,0.0,Open,0.0,0.0,0.0,Mist or Fog
511740,1929013.0,5605376.0,547700.0,0.0,0.0,2.0,Null,2016/2017,SOUTHAMPTON ST WEST,LASCELLES ST,Minor Crash,No,2016,West,0.0,,Flat,,,,,Bright sun,1487700.0,1.0,0.0,0.0,2.0,0.0,,,Hawke's Bay Region,Nil,2-way,Sealed,0.0,0.0,,50.0,,Null,0.0,0.0,,30.0,Hastings District,Give way,,,,,0.0,0.0,Urban,0.0,,,Fine
435985,1930375.0,5606323.0,547600.0,0.0,0.0,2.0,Null,2009/2010,TOMOANA ROAD,BURNETT ST,Non-Injury Crash,No,2010,South,0.0,0.0,Flat,0.0,,0.0,0.0,Dark,1484400.0,0.0,0.0,0.0,2.0,0.0,1.0,,Hawke's Bay Region,Nil,2-way,Sealed,0.0,0.0,0.0,50.0,0.0,On,0.0,0.0,,30.0,Hastings District,Nil,0.0,0.0,0.0,0.0,0.0,0.0,Urban,0.0,0.0,0.0,Fine
192752,1929632.0,5604761.0,548200.0,0.0,0.0,2.0,Null,2007/2008,RAILWAY ROAD,LYNDON ROAD WEST,Non-Injury Crash,No,2008,North,0.0,,Flat,,,,,Overcast,1489900.0,0.0,0.0,0.0,2.0,0.0,,,Hawke's Bay Region,Nil,2-way,Sealed,0.0,0.0,,50.0,,Null,0.0,0.0,,30.0,Hastings District,Stop,,,,,0.0,0.0,Urban,0.0,,,Light rain
567881,1927770.9966,5604079.1015,545761.0,0.0,0.0,1.0,Null,2018/2019,SOUTHLAND ROAD,TOLLEMACHE ROAD WEST,Non-Injury Crash,No,2019,South,0.0,0.0,Flat,0.0,,0.0,0.0,Twilight,1469100.0,0.0,0.0,0.0,2.0,0.0,0.0,,Hawke's Bay Region,Nil,2-way,Sealed,0.0,0.0,0.0,80.0,0.0,None,0.0,0.0,,30.0,Hastings District,Give way,0.0,0.0,0.0,0.0,0.0,0.0,Open,0.0,0.0,0.0,Fine
286906,1928542.0,5602466.0,545762.0,0.0,0.0,1.0,North,2011/2012,RIVERSLEA ROAD SOUTH,ALGERNON ROAD,Minor Crash,No,2011,North,0.0,,Flat,,,,,Dark,1468100.0,1.0,0.0,0.0,2.0,0.0,,,Hawke's Bay Region,Nil,2-way,Sealed,0.0,0.0,,100.0,,None,0.0,0.0,,30.0,Hastings District,Nil,,,,,0.0,0.0,Open,0.0,,,Fine
98271,1925511.0,5619363.0,545821.0,0.0,0.0,1.0,South,2015/2016,VICARAGE ROAD,DARTMOOR ROAD,Minor Crash,No,2015,South,0.0,0.0,Flat,0.0,,0.0,0.0,Overcast,1408500.0,1.0,0.0,0.0,2.0,0.0,0.0,,Hawke's Bay Region,Nil,2-way,Sealed,0.0,0.0,0.0,100.0,0.0,On,0.0,0.0,,30.0,Hastings District,Unknown,0.0,0.0,0.0,0.0,0.0,0.0,Open,0.0,0.0,0.0,Mist or Fog
244815,1930410.0,5605899.0,548200.0,0.0,0.0,2.0,Null,2018/2019,NELSON ST NORTH,KITCHENER ST,Minor Crash,No,2018,South,0.0,,Flat,,,,,Overcast,1491600.0,1.0,0.0,0.0,2.0,0.0,,,Hawke's Bay Region,Nil,2-way,Sealed,0.0,0.0,,50.0,,Null,0.0,0.0,,30.0,Hastings District,Give way,,,,,0.0,0.0,Urban,0.0,,,Light rain
199229,1918549.0,5648811.0,545811.0,0.0,0.0,1.0,South,2017/2018,SH 5,TE POHUE LOOP ROAD S,Non-Injury Crash,Yes,2017,South,0.0,0.0,Hill Road,0.0,,0.0,0.0,Overcast,1414600.0,0.0,0.0,0.0,3.0,0.0,0.0,,Hawke's Bay Region,Nil,2-way,Sealed,0.0,0.0,1.0,100.0,0.0,Null,0.0,0.0,,30.0,Hastings District,Unknown,0.0,0.0,0.0,0.0,0.0,0.0,Open,0.0,0.0,0.0,Heavy rain
40705,1931077.0,5603852.0,548100.0,0.0,0.0,2.0,North,2000/2001,WINDSOR AVENUE,ST AUBYN ST EAST,Non-Injury Crash,No,2000,South,0.0,,Flat,,,,,Bright sun,1500400.0,0.0,0.0,0.0,2.0,0.0,,,Hawke's Bay Region,Nil,2-way,Sealed,0.0,0.0,,50.0,,Null,0.0,0.0,,30.0,Hastings District,Nil,,,,,0.0,0.0,Urban,0.0,,,Fine
573929,1930298.0,5607323.0,547600.0,0.0,0.0,1.0,South,2002/2003,WILLIAMS ST,PAKOWHAI ROAD,Non-Injury Crash,No,2002,North,0.0,,Flat,,,,,Bright sun,1482700.0,0.0,0.0,0.0,2.0,0.0,,,Hawke's Bay Region,Nil,2-way,Sealed,0.0,0.0,,50.0,,Null,0.0,0.0,,30.0,Hastings District,Nil,,,,,0.0,0.0,Urban,1.0,,,Fine
604058,1931270.0,5605706.0,548000.0,0.0,0.0,2.0,Null,2010/2011,KARAMU ROAD NORTH,FENWICK ST,Non-Injury Crash,No,2011,South,0.0,,Flat,,,,,Bright sun,1495600.0,0.0,0.0,0.0,2.0,0.0,,,Hawke's Bay Region,Nil,2-way,Sealed,0.0,0.0,,50.0,,Null,0.0,0.0,,30.0,Hastings District,Stop,,,,,0.0,0.0,Urban,0.0,,,Fine
475745,1931162.0,5604318.0,548100.0,0.0,0.0,1.0,Null,2008/2009,PARK ROAD,ALBERT ST,Non-Injury Crash,No,2008,East,0.0,,Flat,,,,,Bright sun,1500100.0,0.0,0.0,0.0,2.0,0.0,,,Hawke's Bay Region,Nil,2-way,Sealed,0.0,0.0,,50.0,,Null,0.0,0.0,,30.0,Hastings District,Give way,,,,,0.0,0.0,Urban,0.0,,,Fine