OBJECTID,X,Y,areaUnitID,bicycle,bus,carStationWagon,crashDirectionDescription,crashFinancialYear,crashLocation1,crashLocation2,crashSeverity,crashSHDescription,crashYear,directionRoleDescription,fatalCount,fence,flatHill,guardRail,holiday,houseOrBuilding,kerb,light,meshblockId,minorInjuryCount,moped,motorcycle,NumberOfLanes,otherVehicleType,parkedVehicle,pedestrian,region,roadCharacter,roadLane,roadSurface,schoolBus,seriousInjuryCount,slipOrFlood,speedLimit,strayAnimal,streetLight,suv,taxi,temporarySpeedLimit,tlaId,tlaName,trafficControl,trafficIsland,trafficSign,train,tree,truck,unknownVehicleType,urban,vanOrUtility,vehicle,waterRiver,weatherA
216614,1930481.0,5604047.0,548100.0,0.0,0.0,2.0,Null,2008/2009,HERETAUNGA ST EAST,SYLVAN ROAD,Non-Injury Crash,No,2008,West,0.0,,Flat,,,,,Overcast,1501200.0,0.0,0.0,0.0,2.0,0.0,,,Hawke's Bay Region,Nil,2-way,Sealed,0.0,0.0,,50.0,,Null,0.0,0.0,,30.0,Hastings District,Give way,,,,,0.0,0.0,Urban,0.0,,,Mist or Fog
496936,1931378.7592,5614768.9946,545831.0,0.0,0.0,3.0,South,2020/2021,HAWKES BAY EXPRESSWAY,TUTAEKURI BR S,Minor Crash,Yes,2020,South,0.0,,Hill Road,,,,,Dark,1404600.0,1.0,0.0,0.0,2.0,0.0,,,Hawke's Bay Region,Nil,2-way,Sealed,0.0,0.0,,100.0,,None,0.0,0.0,,30.0,Hastings District,Nil,,,,,0.0,0.0,Open,0.0,,,Fine
679111,1929387.0,5614231.0,545831.0,0.0,0.0,2.0,Null,2006/2007,SH 50,WAIOHIKI ROAD,Serious Crash,Yes,2007,West,0.0,,Flat,,,,,Overcast,1409400.0,4.0,0.0,0.0,2.0,0.0,,,Hawke's Bay Region,Nil,2-way,Sealed,0.0,1.0,,100.0,,Null,0.0,0.0,,30.0,Hastings District,Give way,,,,,0.0,0.0,Open,0.0,,,Fine
479817,1932480.0,5601844.0,548831.0,0.0,0.0,2.0,West,1999/2000,HAVELOCK ROAD,PORTER DRIVE,Non-Injury Crash,No,2000,West,0.0,,Flat,,,,,Overcast,1509600.0,0.0,0.0,0.0,2.0,0.0,,,Hawke's Bay Region,Nil,2-way,Sealed,0.0,0.0,,50.0,,Null,0.0,0.0,,30.0,Hastings District,Unknown,,,,,0.0,0.0,Urban,0.0,,,Light rain
559983,1935942.0,5649666.0,545911.0,0.0,0.0,1.0,South,2016/2017,SH 2,TUTIRA RESERVE ROAD,Non-Injury Crash,Yes,2017,North,0.0,0.0,Hill Road,0.0,,0.0,0.0,Dark,1415400.0,0.0,0.0,0.0,2.0,0.0,0.0,,Hawke's Bay Region,Nil,2-way,Sealed,0.0,0.0,0.0,100.0,0.0,None,0.0,0.0,,30.0,Hastings District,Unknown,0.0,0.0,0.0,0.0,0.0,0.0,Open,0.0,0.0,0.0,Light rain
41320,1929739.0,5604820.0,548200.0,0.0,0.0,2.0,Null,2012/2013,RUSSELL ST SOUTH,EASTBOURNE ST EAST,Non-Injury Crash,No,2012,South,0.0,,Flat,,,,,Bright sun,1492000.0,0.0,0.0,0.0,2.0,0.0,,,Hawke's Bay Region,Nil,2-way,Sealed,0.0,0.0,,50.0,,Null,0.0,0.0,,30.0,Hastings District,Traffic Signals,,,,,0.0,0.0,Urban,0.0,,,Fine
311334,1914020.0,5657150.0,545911.0,0.0,0.0,1.0,Null,2002/2003,SH 5,MOHAKA BR,Non-Injury Crash,Yes,2002,North,0.0,0.0,Flat,0.0,,0.0,0.0,Dark,1415900.0,0.0,0.0,0.0,2.0,0.0,1.0,,Hawke's Bay Region,Bridge,2-way,Sealed,0.0,0.0,0.0,100.0,0.0,None,0.0,0.0,,30.0,Hastings District,Nil,0.0,0.0,0.0,0.0,1.0,0.0,Open,0.0,0.0,0.0,Fine
27064,1930843.0,5606476.0,547600.0,0.0,0.0,1.0,West,2002/2003,WILLIAMS ST,NELSON ST NORTH,Non-Injury Crash,No,2003,North,0.0,,Flat,,,,,Overcast,1484000.0,0.0,0.0,0.0,2.0,0.0,,,Hawke's Bay Region,Nil,2-way,Sealed,0.0,0.0,,50.0,,Null,0.0,0.0,,30.0,Hastings District,Nil,,,,,0.0,0.0,Urban,1.0,,,Fine
402918,1930516.0,5610417.0,545832.0,0.0,0.0,1.0,North,2012/2013,SH 50A,EVENDEN ROAD,Non-Injury Crash,Yes,2012,North,0.0,0.0,Flat,0.0,,0.0,0.0,Bright sun,1404400.0,0.0,0.0,0.0,2.0,0.0,0.0,,Hawke's Bay Region,Bridge,2-way,Sealed,0.0,0.0,0.0,100.0,0.0,Null,0.0,0.0,,30.0,Hastings District,Nil,0.0,0.0,0.0,0.0,0.0,0.0,Open,0.0,0.0,0.0,Fine
282437,1928742.0,5605319.0,547700.0,0.0,0.0,1.0,Null,2010/2011,PEPPER ST,FRANCIS HICKS AVENUE,Non-Injury Crash,No,2010,North,0.0,,Flat,,,,,Bright sun,1487500.0,0.0,0.0,0.0,2.0,0.0,,,Hawke's Bay Region,Nil,2-way,Sealed,0.0,0.0,,50.0,,Null,0.0,0.0,,30.0,Hastings District,Nil,,,,,0.0,0.0,Urban,0.0,,,Fine
639039,1928867.0,5608799.0,545710.0,0.0,0.0,1.0,South,2002/2003,ORMOND ROAD,EVENDEN ROAD,Non-Injury Crash,No,2002,South,0.0,,Flat,,,,,Dark,1471000.0,0.0,0.0,0.0,2.0,0.0,,,Hawke's Bay Region,Nil,2-way,Sealed,0.0,0.0,,100.0,,None,0.0,0.0,,30.0,Hastings District,Unknown,,,,,0.0,0.0,Open,0.0,,,Fine
271418,1930835.0,5605864.0,548000.0,0.0,0.0,2.0,Null,2007/2008,FREDERICK ST,CAROLINE ROAD,Non-Injury Crash,No,2007,North,0.0,,Flat,,,,,Dark,1495500.0,0.0,0.0,0.0,2.0,0.0,,,Hawke's Bay Region,Nil,2-way,Sealed,0.0,0.0,,50.0,,None,0.0,0.0,,30.0,Hastings District,Give way,,,,,0.0,0.0,Urban,0.0,,,Fine
201708,1929290.0,5608695.0,545710.0,0.0,0.0,1.0,South,2008/2009,SH 50A,EVENDEN ROAD,Non-Injury Crash,Yes,2008,South,0.0,1.0,Flat,0.0,,0.0,0.0,Dark,1471201.0,0.0,0.0,0.0,2.0,0.0,0.0,,Hawke's Bay Region,Nil,2-way,Sealed,0.0,0.0,0.0,100.0,0.0,On,0.0,0.0,,30.0,Hastings District,Nil,0.0,0.0,0.0,0.0,0.0,0.0,Open,0.0,0.0,0.0,Fine
326306,1931007.0,5607966.0,545710.0,0.0,0.0,1.0,Null,2003/2004,PAKOWHAI ROAD,MORLEY ROAD,Non-Injury Crash,No,2003,West,0.0,0.0,Flat,1.0,,0.0,0.0,Overcast,1471100.0,0.0,0.0,0.0,2.0,0.0,0.0,,Hawke's Bay Region,Nil,2-way,Sealed,0.0,0.0,0.0,70.0,0.0,Null,0.0,0.0,,30.0,Hastings District,Give way,0.0,0.0,0.0,0.0,1.0,0.0,Urban,0.0,0.0,0.0,Heavy rain
351897,1927876.0,5607157.0,547800.0,1.0,0.0,1.0,Null,2010/2011,OMAHU ROAD,STONYCROFT ST,Minor Crash,No,2010,West,0.0,,Flat,,,,,Bright sun,1476600.0,1.0,0.0,0.0,2.0,0.0,,,Hawke's Bay Region,Nil,2-way,Sealed,0.0,0.0,,50.0,,Null,0.0,0.0,,30.0,Hastings District,Give way,,,,,0.0,0.0,Urban,0.0,,,Fine
610954,1925295.0,5606081.0,548620.0,0.0,0.0,2.0,Null,2003/2004,WILSON ROAD,SUNDERLAND DRIVE,Non-Injury Crash,No,2003,North,0.0,,Flat,,,,,Overcast,1474800.0,0.0,0.0,0.0,2.0,0.0,,,Hawke's Bay Region,Nil,2-way,Sealed,0.0,0.0,,50.0,,Null,0.0,0.0,,30.0,Hastings District,Nil,,,,,0.0,0.0,Urban,0.0,,,Light rain
290867,1929821.0,5604912.0,548200.0,0.0,0.0,2.0,Null,2005/2006,HERETAUNGA ST EAST,RUSSELL ST,Non-Injury Crash,No,2006,North,0.0,,Flat,,,,,Bright sun,1492100.0,0.0,0.0,0.0,2.0,0.0,,,Hawke's Bay Region,Nil,2-way,Sealed,0.0,0.0,,50.0,,Null,0.0,0.0,,30.0,Hastings District,Give way,,,,,0.0,0.0,Urban,0.0,,,Fine
486282,1932484.0,5601835.0,548831.0,0.0,0.0,2.0,West,2001/2002,HAVELOCK ROAD,PORTER DRIVE,Non-Injury Crash,No,2001,East,0.0,,Hill Road,,,,,Bright sun,1509600.0,0.0,0.0,0.0,2.0,0.0,,,Hawke's Bay Region,Nil,2-way,Sealed,0.0,0.0,,50.0,,Null,0.0,0.0,,30.0,Hastings District,Nil,,,,,0.0,0.0,Urban,0.0,,,Fine
164664,1931910.0,5612017.0,545832.0,0.0,0.0,0.0,North,2008/2009,PAKOWHAI ROAD,BROOKFIELDS ROAD,Non-Injury Crash,No,2008,North,0.0,0.0,Flat,0.0,,0.0,0.0,Dark,1403900.0,0.0,0.0,0.0,2.0,0.0,0.0,,Hawke's Bay Region,Nil,2-way,Sealed,0.0,0.0,0.0,100.0,0.0,None,0.0,0.0,,30.0,Hastings District,Nil,0.0,0.0,0.0,0.0,0.0,0.0,Open,1.0,0.0,0.0,Fine
559086,1930751.0,5604465.0,548100.0,0.0,0.0,3.0,Null,2015/2016,ELLISON ROAD,RIVERSLEA ROAD NORTH,Minor Crash,No,2016,North,0.0,1.0,Flat,0.0,,0.0,0.0,Dark,1500900.0,1.0,0.0,0.0,2.0,0.0,1.0,,Hawke's Bay Region,Nil,2-way,Sealed,0.0,0.0,0.0,50.0,0.0,On,0.0,0.0,,30.0,Hastings District,Give way,0.0,0.0,0.0,0.0,0.0,0.0,Urban,0.0,0.0,0.0,Fine
479212,1929774.0,5605040.0,548200.0,0.0,0.0,1.0,North,2017/2018,MARKET ST NORTH,HERETAUNGA ST WEST,Non-Injury Crash,No,2017,North,0.0,0.0,Flat,0.0,,0.0,0.0,Bright sun,1491700.0,0.0,0.0,0.0,2.0,0.0,1.0,,Hawke's Bay Region,Nil,2-way,Sealed,0.0,0.0,0.0,50.0,0.0,Null,0.0,0.0,,30.0,Hastings District,Unknown,0.0,0.0,0.0,0.0,0.0,0.0,Urban,1.0,0.0,0.0,Fine
434355,1927296.0,5605131.0,545761.0,0.0,0.0,1.0,Null,2016/2017,YORK ROAD,MARAEKAKAHO ROAD,Non-Injury Crash,No,2016,South,0.0,0.0,Flat,1.0,,0.0,0.0,Dark,1469905.0,0.0,0.0,0.0,2.0,0.0,0.0,,Hawke's Bay Region,Nil,2-way,Sealed,0.0,0.0,0.0,70.0,0.0,On,0.0,0.0,,30.0,Hastings District,Stop,0.0,1.0,0.0,0.0,0.0,0.0,Urban,0.0,0.0,0.0,Fine
423844,1922635.0745,5609913.4255,545842.0,0.0,0.0,0.0,West,2018/2019,050-0017,MERE ROAD,Non-Injury Crash,Yes,2019,North,0.0,0.0,Flat,0.0,,0.0,0.0,Dark,1470308.0,0.0,0.0,0.0,2.0,0.0,0.0,,Hawke's Bay Region,Nil,2-way,Sealed,0.0,0.0,0.0,100.0,1.0,None,0.0,0.0,,30.0,Hastings District,Unknown,0.0,0.0,0.0,0.0,0.0,0.0,Open,1.0,0.0,0.0,Fine
258880,1925134.0,5606993.0,548620.0,0.0,0.0,2.0,North,2012/2013,SWANSEA ROAD,HENDERSON ROAD,Non-Injury Crash,No,2013,North,0.0,,Flat,,,,,Bright sun,1473700.0,0.0,0.0,0.0,2.0,0.0,,,Hawke's Bay Region,Nil,2-way,Sealed,0.0,0.0,,50.0,,Null,0.0,0.0,,30.0,Hastings District,Nil,,,,,0.0,0.0,Urban,0.0,,,Fine
626362,1929729.0,5601576.0,545762.0,0.0,0.0,1.0,North,2003/2004,ST GEORGES ROAD,TE AUTE ROAD,Minor Crash,No,2004,North,0.0,1.0,Flat,0.0,,0.0,0.0,Dark,1468400.0,2.0,0.0,0.0,2.0,0.0,0.0,,Hawke's Bay Region,Nil,2-way,Sealed,0.0,0.0,0.0,100.0,0.0,None,0.0,0.0,,30.0,Hastings District,Nil,0.0,0.0,0.0,0.0,0.0,0.0,Open,0.0,0.0,0.0,Fine
468890,1936201.0,5611809.0,545832.0,0.0,0.0,2.0,Null,2002/2003,SH 2,HELLYERS LANE,Non-Injury Crash,Yes,2002,North,0.0,,Flat,,,,,Bright sun,1404200.0,0.0,0.0,0.0,2.0,0.0,,,Hawke's Bay Region,Nil,2-way,Sealed,0.0,0.0,,50.0,,Null,0.0,0.0,,30.0,Hastings District,Nil,,,,,0.0,0.0,Urban,0.0,,,Fine
604110,1930289.0,5604241.0,548300.0,0.0,0.0,2.0,Null,2006/2007,Z FCT MOBIL,HERETAUNGA/MADDISON,Non-Injury Crash,No,2007,North,0.0,0.0,Flat,0.0,,0.0,0.0,Overcast,1501600.0,0.0,0.0,0.0,0.0,0.0,1.0,,Hawke's Bay Region,Nil,Off road,Sealed,0.0,0.0,0.0,50.0,0.0,Null,0.0,0.0,,30.0,Hastings District,Nil,0.0,0.0,0.0,0.0,0.0,0.0,Urban,0.0,0.0,0.0,Fine
125696,1931584.0,5602869.0,545721.0,0.0,0.0,2.0,East,2000/2001,HAVELOCK ROAD,ST GEORGES ROAD,Non-Injury Crash,No,2000,North,0.0,,Flat,,,,,Bright sun,1473000.0,0.0,0.0,0.0,2.0,0.0,,,Hawke's Bay Region,Nil,2-way,Sealed,0.0,0.0,,70.0,,Null,0.0,0.0,,30.0,Hastings District,Nil,,,,,0.0,0.0,Urban,0.0,,,Fine
481269,1929036.0,5605950.0,547700.0,0.0,0.0,2.0,North,2010/2011,HERETAUNGA ST WEST,GALLIEN ST,Non-Injury Crash,No,2011,North,0.0,,Flat,,,,,Dark,1487400.0,0.0,0.0,0.0,2.0,0.0,,,Hawke's Bay Region,Nil,2-way,Sealed,0.0,0.0,,50.0,,On,0.0,0.0,,30.0,Hastings District,Nil,,,,,0.0,0.0,Urban,0.0,,,Fine
597967,1909187.0,5674552.0,545911.0,0.0,0.0,0.0,North,2002/2003,SH 5,TARAWERA TAV,Non-Injury Crash,Yes,2003,South,0.0,0.0,Hill Road,0.0,,0.0,1.0,Overcast,1281200.0,0.0,0.0,0.0,2.0,0.0,0.0,,Hawke's Bay Region,Nil,2-way,Sealed,0.0,0.0,0.0,100.0,0.0,Null,0.0,0.0,,30.0,Hastings District,Nil,0.0,0.0,0.0,0.0,0.0,0.0,Open,1.0,0.0,0.0,Light rain
633731,1930933.2576,5605708.9565,548000.0,0.0,0.0,3.0,North,2019/2020,FREDERICK STREET,KARAMU ROAD NORTH,Non-Injury Crash,No,2019,North,0.0,,Flat,,,,,Bright sun,1495900.0,0.0,0.0,0.0,2.0,0.0,,,Hawke's Bay Region,Nil,2-way,Sealed,0.0,0.0,,50.0,,Off,1.0,0.0,,30.0,Hastings District,Unknown,,,,,0.0,0.0,Urban,1.0,,,Fine
217751,1929724.0,5614593.0,545831.0,0.0,0.0,0.0,North,2008/2009,WAIOHIKI ROAD,SH 50,Non-Injury Crash,No,2008,South,0.0,,Flat,,,,,Overcast,1404600.0,0.0,0.0,0.0,2.0,0.0,,,Hawke's Bay Region,Nil,2-way,Sealed,0.0,0.0,,70.0,,Null,1.0,0.0,,30.0,Hastings District,Nil,,,,,0.0,0.0,Urban,0.0,,,Heavy rain
318383,1929179.0,5605159.0,548200.0,1.0,0.0,1.0,Null,2008/2009,SOUTHAMPTON ST WEST,SOUTHLAND ROAD,Minor Crash,No,2009,West,0.0,,Flat,,,,,Bright sun,1488600.0,2.0,0.0,0.0,2.0,0.0,,,Hawke's Bay Region,Nil,2-way,Sealed,0.0,0.0,,50.0,,Null,0.0,0.0,,30.0,Hastings District,Give way,,,,,0.0,0.0,Urban,0.0,,,Fine
360691,1929850.0,5605477.0,548200.0,0.0,0.0,2.0,Null,2010/2011,NELSON ST NORTH,ST AUBYN ST WEST,Minor Crash,No,2010,West,0.0,,Flat,,,,,Bright sun,1490405.0,1.0,0.0,0.0,2.0,0.0,,,Hawke's Bay Region,Nil,2-way,Sealed,0.0,0.0,,50.0,,Null,0.0,0.0,,30.0,Hastings District,Traffic Signals,,,,,0.0,0.0,Urban,0.0,,,Fine
695914,1930149.0,5604677.0,548200.0,0.0,0.0,1.0,Null,2002/2003,HASTINGS ST NORTH,QUEEN ST EAST,Minor Crash,No,2002,South,0.0,0.0,Flat,0.0,,1.0,0.0,Overcast,1493400.0,2.0,0.0,0.0,2.0,0.0,0.0,,Hawke's Bay Region,Nil,2-way,Sealed,0.0,0.0,0.0,50.0,0.0,Null,0.0,0.0,,30.0,Hastings District,Give way,0.0,0.0,0.0,0.0,0.0,0.0,Urban,1.0,0.0,0.0,Light rain
479154,1912369.0,5616310.0,545821.0,0.0,0.0,1.0,West,2017/2018,CROWNTHORPE SETTLEMENT RO,MATAPIRO ROAD,Non-Injury Crash,No,2017,West,0.0,0.0,Hill Road,0.0,,0.0,0.0,Dark,1410200.0,0.0,0.0,0.0,2.0,0.0,0.0,,Hawke's Bay Region,Nil,2-way,Sealed,0.0,0.0,0.0,100.0,0.0,None,0.0,0.0,,30.0,Hastings District,Unknown,0.0,0.0,0.0,1.0,0.0,0.0,Open,0.0,0.0,0.0,Light rain
695543,1924116.0,5603742.0,545842.0,0.0,0.0,1.0,West,1999/2000,MARAEKAKAHO ROAD,STOCK ROAD,Non-Injury Crash,No,2000,West,0.0,1.0,Flat,0.0,,0.0,0.0,Twilight,1470213.0,0.0,0.0,0.0,2.0,0.0,0.0,,Hawke's Bay Region,Nil,2-way,Sealed,0.0,0.0,0.0,100.0,0.0,None,0.0,0.0,,30.0,Hastings District,Nil,0.0,0.0,0.0,0.0,0.0,0.0,Open,0.0,0.0,0.0,Fine
55892,1929464.0,5605185.0,548200.0,0.0,0.0,2.0,Null,2014/2015,NELSON ST SOUTH,EASTBOURNE ST WEST,Non-Injury Crash,No,2014,East,0.0,,Flat,,,,,Bright sun,1488900.0,0.0,0.0,0.0,2.0,0.0,,,Hawke's Bay Region,Nil,2-way,Sealed,0.0,0.0,,50.0,,Null,0.0,0.0,,30.0,Hastings District,Stop,,,,,0.0,0.0,Urban,0.0,,,Fine
343104,1936942.0,5609095.0,545722.0,0.0,0.0,0.0,Null,2007/2008,MILL ROAD,LAWN ROAD,Non-Injury Crash,No,2007,South,0.0,0.0,Flat,0.0,Christmas New Year,0.0,1.0,Bright sun,1406300.0,0.0,0.0,0.0,2.0,0.0,0.0,,Hawke's Bay Region,Nil,2-way,Sealed,0.0,0.0,0.0,100.0,0.0,Null,0.0,0.0,,30.0,Hastings District,Give way,0.0,0.0,0.0,0.0,1.0,0.0,Open,0.0,0.0,0.0,Fine
536968,1906235.8735,5603607.8246,545841.0,0.0,0.0,0.0,North,2019/2020,SH 50,BEN LOMOND BR,Minor Crash,Yes,2020,East,0.0,,Flat,,,,,Bright sun,1462700.0,1.0,0.0,0.0,2.0,0.0,,,Hawke's Bay Region,Nil,2-way,Sealed,0.0,0.0,,100.0,,None,0.0,0.0,,30.0,Hastings District,Nil,,,,,0.0,0.0,Open,2.0,,,Fine
173161,1933827.0,5606920.0,545722.0,0.0,0.0,2.0,East,2015/2016,SH 2,WATSON ROAD,Non-Injury Crash,Yes,2016,West,0.0,,Flat,,,,,Bright sun,1406701.0,0.0,0.0,0.0,2.0,0.0,,,Hawke's Bay Region,Nil,2-way,Sealed,0.0,0.0,,80.0,,Null,0.0,0.0,,30.0,Hastings District,Unknown,,,,,0.0,0.0,Open,0.0,,,Null
400760,1931947.0,5600936.0,548821.0,0.0,0.0,1.0,Null,2012/2013,GRANT ST,MIDDLE ROAD,Non-Injury Crash,No,2013,South,0.0,,Flat,,,,,Bright sun,1465508.0,0.0,0.0,0.0,2.0,0.0,,,Hawke's Bay Region,Nil,2-way,Sealed,0.0,0.0,,50.0,,Null,0.0,0.0,,30.0,Hastings District,Give way,,,,,0.0,0.0,Urban,1.0,,,Fine
571947,1928805.0,5598178.0,545851.0,0.0,0.0,1.0,South,2002/2003,MIDDLE ROAD,CRYSTALL ROAD,Non-Injury Crash,No,2003,North,0.0,0.0,Flat,0.0,,0.0,0.0,Dark,1465802.0,0.0,0.0,0.0,2.0,0.0,0.0,,Hawke's Bay Region,Nil,2-way,Sealed,0.0,0.0,0.0,100.0,0.0,None,0.0,0.0,,30.0,Hastings District,Nil,0.0,0.0,0.0,0.0,0.0,0.0,Open,0.0,0.0,0.0,Fine
30530,1931997.0,5601431.0,548810.0,0.0,0.0,1.0,West,2009/2010,ELLIOTT CRESCENT,CRICHTON PLACE,Minor Crash,No,2009,North,0.0,1.0,Flat,0.0,,0.0,0.0,Dark,1506000.0,1.0,0.0,0.0,2.0,0.0,1.0,,Hawke's Bay Region,Nil,2-way,Sealed,0.0,0.0,0.0,50.0,0.0,On,0.0,0.0,,30.0,Hastings District,Nil,0.0,0.0,0.0,0.0,0.0,0.0,Urban,1.0,0.0,0.0,Fine
199380,1927542.0,5607057.0,548500.0,0.0,0.0,1.0,Null,2017/2018,TAKAPU ROAD,KOTUKU ST,Non-Injury Crash,No,2017,South,0.0,0.0,Flat,0.0,,1.0,0.0,Dark,1478000.0,0.0,0.0,0.0,2.0,0.0,0.0,,Hawke's Bay Region,Nil,2-way,Sealed,0.0,0.0,0.0,50.0,0.0,On,0.0,0.0,,30.0,Hastings District,Nil,0.0,0.0,0.0,0.0,0.0,0.0,Urban,0.0,0.0,0.0,Fine
44305,1933106.0,5601629.0,548832.0,0.0,0.0,2.0,Null,2002/2003,DUART ROAD,CAMPBELL ST,Non-Injury Crash,No,2002,West,0.0,,Hill Road,,,,,Bright sun,1508600.0,0.0,0.0,0.0,2.0,0.0,,,Hawke's Bay Region,Nil,2-way,Sealed,0.0,0.0,,50.0,,Null,0.0,0.0,,30.0,Hastings District,Give way,,,,,0.0,0.0,Urban,0.0,,,Fine
645975,1931567.0,5612677.0,545832.0,0.0,0.0,2.0,South,2014/2015,PAKOWHAI ROAD,ALLEN ROAD,Non-Injury Crash,No,2014,South,0.0,,Flat,,,,,Overcast,1403900.0,0.0,0.0,0.0,2.0,0.0,,,Hawke's Bay Region,Nil,2-way,Sealed,0.0,0.0,,80.0,,Null,0.0,0.0,,30.0,Hastings District,Unknown,,,,,0.0,0.0,Open,0.0,,,Fine
686352,1936370.0,5600391.0,548833.0,0.0,0.0,1.0,South,2002/2003,WAIMARAMA ROAD,TE MATA ROAD,Non-Injury Crash,No,2002,North,0.0,0.0,Hill Road,0.0,,0.0,0.0,Dark,1466802.0,0.0,0.0,0.0,2.0,0.0,0.0,,Hawke's Bay Region,Nil,2-way,Sealed,0.0,0.0,0.0,100.0,0.0,None,0.0,0.0,,30.0,Hastings District,Nil,0.0,0.0,0.0,0.0,0.0,0.0,Open,0.0,0.0,0.0,Fine
352708,1929949.0,5605140.0,548200.0,0.0,0.0,1.0,Null,2000/2001,Z CPK WAREHOUSE,MARKET/AVENUE,Non-Injury Crash,No,2001,East,0.0,0.0,Flat,0.0,,0.0,0.0,Bright sun,1491300.0,0.0,0.0,0.0,1.0,0.0,1.0,,Hawke's Bay Region,Nil,Off road,Sealed,0.0,0.0,0.0,50.0,0.0,Null,0.0,0.0,,30.0,Hastings District,Nil,0.0,0.0,0.0,0.0,0.0,0.0,Urban,1.0,0.0,0.0,Fine
431396,1931139.0,5603343.0,545762.0,0.0,0.0,3.0,North,2003/2004,HAVELOCK ROAD,ST GEORGES ROAD,Non-Injury Crash,No,2004,South,0.0,0.0,Flat,0.0,,0.0,0.0,Overcast,1468500.0,0.0,0.0,0.0,2.0,0.0,0.0,,Hawke's Bay Region,Nil,2-way,Sealed,0.0,0.0,0.0,70.0,0.0,Null,0.0,0.0,,30.0,Hastings District,Nil,0.0,0.0,0.0,0.0,0.0,0.0,Urban,1.0,0.0,0.0,Fine
470160,1896692.0,5629882.0,545912.0,0.0,0.0,1.0,West,2001/2002,Z WAIWHARE (FORESTRY) RD,TAIHAPE ROAD,Non-Injury Crash,No,2001,East,0.0,,Hill Road,,,,,Bright sun,1409700.0,0.0,0.0,0.0,1.0,0.0,,,Hawke's Bay Region,Nil,Off road,Unsealed,0.0,0.0,,100.0,,Null,0.0,0.0,,30.0,Hastings District,Nil,,,,,0.0,0.0,Open,1.0,,,Fine
582842,1931577.0,5602876.0,545721.0,0.0,0.0,2.0,Null,2003/2004,HAVELOCK ROAD,ST GEORGES ROAD,Non-Injury Crash,No,2004,East,0.0,,Flat,,,,,Dark,1473000.0,0.0,0.0,0.0,2.0,0.0,,,Hawke's Bay Region,Nil,2-way,Sealed,0.0,0.0,,70.0,,None,0.0,0.0,,30.0,Hastings District,Stop,,,,,0.0,0.0,Urban,0.0,,,Fine
466827,1914481.0,5604194.0,545841.0,0.0,0.0,1.0,South,2014/2015,VALLEY ROAD,SH 50,Minor Crash,No,2015,North,0.0,1.0,Hill Road,0.0,,0.0,0.0,Dark,1462800.0,1.0,0.0,0.0,2.0,0.0,0.0,,Hawke's Bay Region,Nil,2-way,Sealed,0.0,0.0,0.0,100.0,0.0,None,0.0,0.0,,30.0,Hastings District,Nil,0.0,0.0,0.0,0.0,0.0,0.0,Open,0.0,0.0,0.0,Fine
227753,1929840.0,5605089.0,548200.0,0.0,0.0,2.0,Null,2018/2019,QUEEN ST WEST,MARKET ST NORTH,Non-Injury Crash,No,2018,South,0.0,,Flat,,,,,Dark,1491300.0,0.0,0.0,0.0,2.0,0.0,,,Hawke's Bay Region,Nil,2-way,Sealed,0.0,0.0,,50.0,,On,0.0,0.0,,30.0,Hastings District,Traffic Signals,,,,,0.0,0.0,Urban,0.0,,,Fine
617155,1925305.0,5607100.0,548620.0,0.0,0.0,2.0,East,2006/2007,HENDERSON ROAD,SWANSEA ROAD,Non-Injury Crash,No,2006,East,0.0,0.0,Flat,0.0,,0.0,0.0,Bright sun,1474201.0,0.0,0.0,0.0,2.0,0.0,1.0,,Hawke's Bay Region,Nil,2-way,Sealed,0.0,0.0,0.0,50.0,0.0,Null,0.0,0.0,,30.0,Hastings District,Nil,0.0,0.0,0.0,0.0,0.0,0.0,Urban,0.0,0.0,0.0,Fine
708543,1933376.0159,5601954.3841,548832.0,0.0,0.0,2.0,South,2019/2020,LINDSAY STREET,TE MATA ROAD,Non-Injury Crash,No,2019,North,0.0,0.0,Flat,0.0,Labour Weekend,0.0,0.0,Bright sun,1508200.0,0.0,0.0,0.0,2.0,0.0,1.0,,Hawke's Bay Region,Nil,2-way,Sealed,0.0,0.0,0.0,50.0,0.0,Off,0.0,0.0,,30.0,Hastings District,Nil,0.0,0.0,0.0,0.0,0.0,0.0,Urban,0.0,0.0,0.0,Fine
451183,1934195.3256,5607196.7231,545722.0,0.0,0.0,1.0,Null,2018/2019,SH 51,TE ARA KAHIKATEA,Non-Injury Crash,Yes,2019,North,0.0,,Flat,,,,,Dark,1406701.0,0.0,0.0,0.0,2.0,0.0,,,Hawke's Bay Region,Nil,2-way,Sealed,0.0,0.0,,80.0,,On,0.0,0.0,,30.0,Hastings District,Give way,,,,,0.0,0.0,Open,1.0,,,Fine
244929,1929682.0,5606704.0,547600.0,0.0,0.0,0.0,South,2004/2005,NGAIO ST,DUKE ST,Non-Injury Crash,No,2004,East,0.0,,Flat,,,,,Dark,1485200.0,0.0,0.0,0.0,2.0,0.0,,,Hawke's Bay Region,Nil,2-way,Sealed,0.0,0.0,,50.0,,None,0.0,0.0,,30.0,Hastings District,Nil,,,,,0.0,0.0,Urban,1.0,,,Fine