OBJECTID,X,Y,areaUnitID,bicycle,bus,carStationWagon,crashDirectionDescription,crashFinancialYear,crashLocation1,crashLocation2,crashSeverity,crashSHDescription,crashYear,directionRoleDescription,fatalCount,fence,flatHill,guardRail,holiday,houseOrBuilding,kerb,light,meshblockId,minorInjuryCount,moped,motorcycle,NumberOfLanes,otherVehicleType,parkedVehicle,pedestrian,region,roadCharacter,roadLane,roadSurface,schoolBus,seriousInjuryCount,slipOrFlood,speedLimit,strayAnimal,streetLight,suv,taxi,temporarySpeedLimit,tlaId,tlaName,trafficControl,trafficIsland,trafficSign,train,tree,truck,unknownVehicleType,urban,vanOrUtility,vehicle,waterRiver,weatherA
521770,1929450.0,5608815.0,545710.0,0.0,0.0,1.0,Null,2012/2013,SH 50A,EVENDEN ROAD,Minor Crash,Yes,2012,East,0.0,0.0,Flat,0.0,,0.0,0.0,Dark,1471201.0,1.0,0.0,1.0,2.0,0.0,0.0,,Hawke's Bay Region,Nil,2-way,Unsealed,0.0,0.0,0.0,100.0,0.0,On,0.0,0.0,,30.0,Hastings District,Give way,1.0,0.0,0.0,0.0,0.0,0.0,Open,0.0,0.0,0.0,Fine
296117,1928653.0,5608211.0,545710.0,1.0,0.0,0.0,South,2013/2014,SH 50A,EVENDEN ROAD,Serious Crash,Yes,2014,East,0.0,0.0,Flat,0.0,,0.0,0.0,Overcast,1471201.0,0.0,0.0,0.0,2.0,0.0,0.0,,Hawke's Bay Region,Nil,2-way,Sealed,0.0,1.0,0.0,100.0,0.0,Null,0.0,0.0,,30.0,Hastings District,Unknown,0.0,0.0,0.0,0.0,0.0,0.0,Open,1.0,1.0,0.0,Fine
173924,1930072.0,5604577.0,548200.0,0.0,0.0,2.0,East,2004/2005,HERETAUNGA ST EAST,SH 2,Minor Crash,No,2004,West,0.0,,Flat,,,,,Bright sun,1493900.0,1.0,0.0,0.0,2.0,0.0,,,Hawke's Bay Region,Nil,2-way,Sealed,0.0,0.0,,50.0,,Null,0.0,0.0,,30.0,Hastings District,Nil,,,,,0.0,0.0,Urban,0.0,,,Fine
286053,1927378.4436,5616151.7262,545821.0,0.0,0.0,1.0,West,2020/2021,SPRINGFIELD ROAD,REDCLIFFE SUB STN,Non-Injury Crash,No,2020,North,0.0,0.0,Flat,0.0,,0.0,0.0,Overcast,1411000.0,0.0,0.0,0.0,2.0,0.0,0.0,,Hawke's Bay Region,Nil,2-way,Sealed,0.0,0.0,0.0,100.0,0.0,None,0.0,0.0,,30.0,Hastings District,Nil,0.0,0.0,0.0,0.0,0.0,0.0,Open,0.0,0.0,0.0,Heavy rain
466192,1929659.0,5608987.0,545710.0,0.0,0.0,1.0,North,2000/2001,SH 50A,EVENDEN ROAD,Non-Injury Crash,Yes,2000,North,0.0,1.0,Flat,0.0,,0.0,0.0,Dark,1471100.0,0.0,0.0,0.0,2.0,0.0,0.0,,Hawke's Bay Region,Nil,2-way,Sealed,0.0,0.0,0.0,100.0,0.0,None,0.0,0.0,,30.0,Hastings District,Nil,0.0,0.0,0.0,0.0,0.0,0.0,Open,0.0,0.0,0.0,Fine
700623,1929991.1847,5607191.5957,545710.0,0.0,0.0,2.0,Null,2019/2020,PAKOWHAI ROAD,FREDERICK STREET,Minor Crash,No,2020,South,0.0,,Flat,,,,,Bright sun,1471300.0,1.0,0.0,0.0,2.0,0.0,,,Hawke's Bay Region,Nil,2-way,Sealed,0.0,0.0,,50.0,,Off,0.0,0.0,,30.0,Hastings District,Give way,,,,,0.0,0.0,Urban,0.0,,,Fine
470568,1928356.0,5606692.0,547800.0,0.0,0.0,2.0,South,2013/2014,OMAHU ROAD,KARAITIANA ST,Non-Injury Crash,No,2013,North,0.0,,Flat,,,,,Bright sun,1477400.0,0.0,0.0,0.0,2.0,0.0,,,Hawke's Bay Region,Nil,2-way,Sealed,0.0,0.0,,50.0,,Null,0.0,0.0,,30.0,Hastings District,Nil,,,,,0.0,0.0,Urban,0.0,,,Fine
708058,1918216.1496,5650386.2757,545911.0,0.0,0.0,1.0,North,2019/2020,SH 5,TE POHUE LOOP ROAD,Minor Crash,Yes,2020,South,0.0,1.0,Flat,0.0,,0.0,0.0,Dark,1415900.0,1.0,0.0,0.0,2.0,0.0,0.0,,Hawke's Bay Region,Nil,2-way,Sealed,0.0,0.0,0.0,100.0,0.0,None,0.0,0.0,,30.0,Hastings District,Unknown,0.0,0.0,0.0,0.0,0.0,0.0,Open,0.0,0.0,0.0,Fine
15375,1941803.0,5585263.0,545860.0,0.0,0.0,2.0,South,2008/2009,DOMAIN ROAD,MOORI ROAD,Non-Injury Crash,No,2008,North,0.0,,Flat,,,,,Overcast,1467901.0,0.0,0.0,0.0,2.0,0.0,,,Hawke's Bay Region,Nil,2-way,Unsealed,0.0,0.0,,30.0,,Null,0.0,0.0,,30.0,Hastings District,Nil,,,,,0.0,0.0,Urban,0.0,,,Fine
235153,1911738.0,5661711.0,545911.0,0.0,0.0,1.0,North,2005/2006,SH 5,MCVICAR ROAD,Serious Crash,Yes,2006,South,0.0,,Hill Road,,,,,Overcast,1414400.0,2.0,0.0,0.0,2.0,0.0,,,Hawke's Bay Region,Nil,2-way,Sealed,0.0,4.0,,100.0,,Null,1.0,0.0,,30.0,Hastings District,Nil,,,,,0.0,0.0,Open,0.0,,,Light rain
107483,1929488.0,5604752.0,548200.0,0.0,0.0,2.0,North,2010/2011,SOUTHAMPTON ST WEST,RAILWAY ROAD,Non-Injury Crash,No,2010,East,0.0,0.0,Flat,0.0,,0.0,0.0,Bright sun,1489802.0,0.0,0.0,0.0,2.0,0.0,1.0,,Hawke's Bay Region,Nil,2-way,Sealed,0.0,0.0,0.0,50.0,0.0,Null,0.0,0.0,,30.0,Hastings District,Nil,0.0,0.0,0.0,0.0,0.0,0.0,Urban,0.0,0.0,0.0,Fine
570557,1931911.0,5604584.0,548000.0,0.0,0.0,3.0,West,2001/2002,BEATTY ST,HOOD ST,Non-Injury Crash,No,2001,West,0.0,0.0,Flat,0.0,,0.0,0.0,Bright sun,1498300.0,0.0,0.0,0.0,2.0,0.0,2.0,,Hawke's Bay Region,Nil,2-way,Sealed,0.0,0.0,0.0,50.0,0.0,Null,0.0,0.0,30.0,30.0,Hastings District,Nil,0.0,0.0,0.0,0.0,0.0,0.0,Urban,0.0,0.0,0.0,Fine
207463,1932202.0,5603282.0,545721.0,0.0,0.0,2.0,Null,2006/2007,ST GEORGES ROAD,ST GEORGE ROAD,Non-Injury Crash,No,2007,North,0.0,,Flat,,,,,Bright sun,1472801.0,0.0,0.0,0.0,2.0,0.0,,,Hawke's Bay Region,Nil,2-way,Sealed,0.0,0.0,,50.0,,Null,0.0,0.0,,30.0,Hastings District,Give way,,,,,0.0,0.0,Urban,0.0,,,Fine
62086,1932609.0,5603519.0,545721.0,0.0,0.0,2.0,East,2012/2013,CROSSES ROAD,ST GEORGES ROAD,Minor Crash,No,2013,North,0.0,,Flat,,,,,Dark,1473100.0,1.0,0.0,0.0,2.0,0.0,,,Hawke's Bay Region,Nil,2-way,Sealed,0.0,0.0,,100.0,,None,0.0,0.0,,30.0,Hastings District,Nil,,,,,0.0,0.0,Open,0.0,,,Fine
157057,1909722.0,5620360.0,545821.0,0.0,0.0,0.0,East,2004/2005,TAIHAPE ROAD,FLAG RANGE ROAD,Minor Crash,No,2005,North,0.0,1.0,Hill Road,0.0,,0.0,0.0,Bright sun,1410200.0,1.0,0.0,0.0,2.0,0.0,0.0,,Hawke's Bay Region,Nil,2-way,Sealed,0.0,0.0,0.0,100.0,0.0,Null,0.0,0.0,,30.0,Hastings District,Nil,0.0,0.0,0.0,0.0,1.0,0.0,Open,0.0,0.0,0.0,Fine
344172,1928329.0,5606718.0,547800.0,0.0,0.0,2.0,Null,2015/2016,OMAHU ROAD,CANNING ROAD,Non-Injury Crash,No,2016,West,0.0,,Flat,,,,,Bright sun,1477100.0,0.0,0.0,0.0,2.0,0.0,,,Hawke's Bay Region,Nil,2-way,Sealed,0.0,0.0,,50.0,,Off,0.0,0.0,,30.0,Hastings District,Give way,,,,,0.0,0.0,Urban,0.0,,,Fine
639867,1930700.0,5606071.0,547600.0,0.0,0.0,2.0,South,2017/2018,FREDERICK ST,NELSON ST NORTH,Non-Injury Crash,No,2018,North,0.0,,Flat,,,,,Overcast,1483500.0,0.0,0.0,0.0,2.0,0.0,,,Hawke's Bay Region,Nil,2-way,Sealed,0.0,0.0,,50.0,,Null,0.0,0.0,,30.0,Hastings District,Unknown,,,,,0.0,0.0,Urban,0.0,,,Light rain
362528,1931461.0,5604915.0,548000.0,0.0,0.0,1.0,West,2015/2016,GROVE ROAD,SYLVAN ROAD,Minor Crash,No,2015,North,0.0,1.0,Flat,0.0,,0.0,1.0,Dark,1497900.0,3.0,0.0,0.0,1.0,0.0,0.0,,Hawke's Bay Region,Nil,2-way,Sealed,0.0,0.0,0.0,50.0,0.0,On,0.0,0.0,,30.0,Hastings District,Nil,0.0,0.0,0.0,0.0,0.0,0.0,Urban,0.0,0.0,0.0,Fine
429641,1929687.0,5605290.0,548200.0,0.0,0.0,2.0,East,2002/2003,QUEEN ST WEST,NELSON ST NORTH,Non-Injury Crash,No,2003,East,0.0,0.0,Flat,0.0,,0.0,0.0,Bright sun,1490700.0,0.0,0.0,0.0,2.0,0.0,1.0,,Hawke's Bay Region,Nil,2-way,Sealed,0.0,0.0,0.0,50.0,0.0,Null,0.0,0.0,,30.0,Hastings District,Nil,0.0,0.0,0.0,0.0,0.0,0.0,Urban,0.0,0.0,0.0,Fine
324529,1925214.0,5606875.0,548620.0,0.0,0.0,1.0,Null,2011/2012,BRISTOL CRESCENT,SWANSEA ROAD,Non-Injury Crash,No,2012,North,0.0,,Flat,,,,,Bright sun,1476500.0,0.0,0.0,0.0,1.0,0.0,,,Hawke's Bay Region,Nil,2-way,Sealed,0.0,0.0,,50.0,,Null,0.0,0.0,,30.0,Hastings District,Nil,,,,,1.0,0.0,Urban,0.0,,,Fine
345418,1931207.0,5600099.0,545762.0,0.0,0.0,1.0,North,2007/2008,MIDDLE ROAD,GILPIN ROAD,Non-Injury Crash,No,2008,North,0.0,1.0,Flat,0.0,,0.0,0.0,Overcast,1465506.0,0.0,0.0,0.0,2.0,0.0,0.0,,Hawke's Bay Region,Nil,2-way,Sealed,0.0,0.0,0.0,100.0,0.0,Null,0.0,0.0,,30.0,Hastings District,Nil,0.0,0.0,0.0,0.0,0.0,0.0,Open,0.0,0.0,0.0,Light rain
568326,1935397.0,5640232.0,545811.0,0.0,0.0,0.0,North,2005/2006,SH 2,TANGOIO SETTLEMENT ROAD S,Minor Crash,Yes,2006,North,0.0,1.0,Flat,0.0,,0.0,0.0,Dark,1415700.0,1.0,0.0,0.0,2.0,0.0,0.0,,Hawke's Bay Region,Nil,2-way,Sealed,0.0,0.0,0.0,100.0,0.0,None,1.0,0.0,,30.0,Hastings District,Nil,0.0,0.0,0.0,0.0,0.0,0.0,Open,0.0,0.0,0.0,Light rain
586657,1933907.0,5606972.0,545722.0,0.0,0.0,0.0,South,2004/2005,SH 2,NAPIER ROAD,Minor Crash,Yes,2005,South,0.0,,Flat,,,,,Bright sun,1406701.0,1.0,0.0,0.0,2.0,0.0,,,Hawke's Bay Region,Nil,2-way,Sealed,0.0,0.0,,100.0,,Null,0.0,0.0,,30.0,Hastings District,Nil,,,,,0.0,0.0,Open,2.0,,,Fine
315294,1923079.0,5611805.0,545822.0,0.0,0.0,2.0,Null,2009/2010,SH 50,TAIHAPE ROAD,Minor Crash,Yes,2009,North,0.0,,Flat,,,,,Overcast,1409300.0,1.0,0.0,0.0,2.0,0.0,,,Hawke's Bay Region,Nil,2-way,Sealed,0.0,0.0,,50.0,,Null,0.0,0.0,,30.0,Hastings District,Give way,,,,,0.0,0.0,Urban,0.0,,,Fine
480294,1930049.0,5604611.0,548200.0,0.0,0.0,0.0,Null,2013/2014,HERETAUNGA ST EAST,HASTINGS ST SOUTH,Non-Injury Crash,No,2014,North,0.0,,Flat,,,,,Overcast,1493300.0,0.0,0.0,0.0,2.0,0.0,,,Hawke's Bay Region,Nil,2-way,Sealed,0.0,0.0,,50.0,,Null,2.0,0.0,,30.0,Hastings District,Give way,,,,,0.0,0.0,Urban,0.0,,,Light rain
692699,1910906.0,5663896.0,545911.0,0.0,0.0,1.0,South,2015/2016,SH 5,SUMMIT KIOSK,Minor Crash,Yes,2016,South,0.0,0.0,Hill Road,0.0,Queens Birthday,0.0,0.0,Dark,1414400.0,1.0,0.0,0.0,2.0,0.0,0.0,,Hawke's Bay Region,Nil,2-way,Sealed,0.0,0.0,0.0,100.0,0.0,None,0.0,0.0,,30.0,Hastings District,Unknown,0.0,0.0,0.0,0.0,0.0,0.0,Open,0.0,0.0,0.0,Fine
177893,1912076.6919,5586530.4994,545851.0,0.0,0.0,0.0,North,2017/2018,002-0691,TE ONEPU ROAD,Non-Injury Crash,Yes,2017,North,0.0,,Flat,,Christmas New Year,,,Overcast,1464600.0,0.0,0.0,0.0,3.0,0.0,,,Hawke's Bay Region,Nil,2-way,Sealed,0.0,0.0,,100.0,,None,0.0,0.0,,30.0,Hastings District,Unknown,,,,,0.0,0.0,Open,1.0,,,Heavy rain
522650,1934240.0,5607461.0,545722.0,0.0,0.0,2.0,Null,2000/2001,SH 2,PILCHER ROAD,Non-Injury Crash,Yes,2000,South,0.0,,Flat,,,,,Bright sun,1406300.0,0.0,0.0,0.0,2.0,0.0,,,Hawke's Bay Region,Nil,2-way,Sealed,0.0,0.0,,100.0,,Null,0.0,0.0,,30.0,Hastings District,Stop,,,,,0.0,0.0,Open,0.0,,,Fine
40310,1925567.0,5603225.0,545842.0,0.0,0.0,1.0,Null,2002/2003,SH 50A,MARAEKAKAHO ROAD,Non-Injury Crash,Yes,2002,South,0.0,,Flat,,,,,Overcast,1470214.0,0.0,0.0,0.0,2.0,0.0,,,Hawke's Bay Region,Nil,2-way,Sealed,0.0,0.0,,100.0,,Null,0.0,0.0,,30.0,Hastings District,Give way,,,,,1.0,0.0,Open,0.0,,,Fine
402447,1921899.0,5604094.0,545842.0,0.0,0.0,1.0,South,2010/2011,Z DWAY #37,RAUKAWA/MARAEKAKAHO,Serious Crash,No,2010,East,0.0,,Flat,,,,,Bright sun,1463200.0,0.0,0.0,0.0,0.0,0.0,,1.0,Hawke's Bay Region,Nil,Off road,Unsealed,0.0,1.0,,50.0,,Null,0.0,0.0,,30.0,Hastings District,Nil,,,,,0.0,0.0,Urban,0.0,,,Fine
567060,1932704.0,5603952.0,545721.0,0.0,0.0,1.0,North,2002/2003,ST GEORGES ROAD,CROSSES ROAD,Non-Injury Crash,No,2002,South,0.0,,Flat,,,,,Bright sun,1472702.0,0.0,0.0,0.0,2.0,1.0,,,Hawke's Bay Region,Nil,2-way,Sealed,0.0,0.0,,100.0,,Null,0.0,0.0,,30.0,Hastings District,Nil,,,,,0.0,0.0,Open,0.0,,,Fine
564486,1931099.0,5605040.0,548000.0,0.0,0.0,1.0,North,2008/2009,WILLOWPARK ROAD NORTH,JERVOIS ST,Minor Crash,No,2008,North,0.0,,Flat,,,,,Bright sun,1497700.0,1.0,0.0,0.0,2.0,0.0,,,Hawke's Bay Region,Nil,2-way,Sealed,0.0,0.0,,50.0,,Null,1.0,0.0,,30.0,Hastings District,Nil,,,,,0.0,0.0,Urban,0.0,,,Fine
248425,1924758.0,5607227.0,548612.0,0.0,0.0,2.0,West,2009/2010,CAERNARVON DRIVE,TENBY TERRACE,Non-Injury Crash,No,2010,West,0.0,1.0,Flat,0.0,,0.0,0.0,Overcast,1474400.0,0.0,0.0,0.0,2.0,0.0,0.0,,Hawke's Bay Region,Nil,2-way,Sealed,0.0,0.0,0.0,50.0,0.0,Null,0.0,0.0,,30.0,Hastings District,Nil,0.0,0.0,0.0,0.0,0.0,0.0,Urban,0.0,0.0,0.0,Fine
664711,1928138.0,5606443.0,548500.0,0.0,0.0,1.0,South,2014/2015,ORCHARD ROAD,CANNING ROAD,Minor Crash,No,2015,North,0.0,,Flat,,,,,Bright sun,1478700.0,1.0,0.0,0.0,2.0,0.0,,,Hawke's Bay Region,Nil,2-way,Sealed,0.0,0.0,,50.0,,Off,0.0,0.0,,30.0,Hastings District,Nil,,,,,0.0,0.0,Urban,1.0,,,Fine
86045,1930263.0,5605088.0,548200.0,0.0,0.0,1.0,West,2008/2009,KARAMU ROAD NORTH,ELLISON ROAD,Non-Injury Crash,No,2009,West,0.0,0.0,Flat,0.0,,0.0,0.0,Twilight,1494100.0,0.0,0.0,0.0,2.0,0.0,1.0,,Hawke's Bay Region,Nil,2-way,Sealed,0.0,0.0,0.0,50.0,0.0,Off,1.0,0.0,,30.0,Hastings District,Nil,0.0,0.0,0.0,0.0,0.0,0.0,Urban,0.0,0.0,0.0,Light rain
296095,1927574.0,5607442.0,548400.0,0.0,0.0,2.0,Null,2007/2008,OMAHU ROAD,SH 50A,Non-Injury Crash,No,2008,East,0.0,,Flat,,,,,Bright sun,1473600.0,0.0,0.0,0.0,4.0,0.0,,,Hawke's Bay Region,Nil,2-way,Sealed,0.0,0.0,,50.0,,Null,0.0,0.0,,30.0,Hastings District,Give way,,,,,0.0,0.0,Urban,0.0,,,Fine
535628,1924188.0,5609407.0,545842.0,0.0,0.0,1.0,North,2014/2015,OMAHU ROAD,KIRKWOOD ROAD,Non-Injury Crash,No,2014,North,0.0,1.0,Flat,0.0,,0.0,0.0,Dark,1469704.0,0.0,0.0,0.0,2.0,0.0,0.0,,Hawke's Bay Region,Nil,2-way,Unsealed,0.0,0.0,0.0,100.0,0.0,None,0.0,0.0,30.0,30.0,Hastings District,Nil,0.0,0.0,0.0,0.0,0.0,0.0,Open,0.0,0.0,0.0,Fine
203421,1929945.0,5604850.0,548200.0,0.0,0.0,2.0,South,2011/2012,KARAMU ROAD NORTH,QUEEN ST EAST,Non-Injury Crash,No,2011,North,0.0,0.0,Flat,0.0,,0.0,0.0,Bright sun,1492100.0,0.0,0.0,0.0,2.0,0.0,1.0,,Hawke's Bay Region,Nil,2-way,Sealed,0.0,0.0,0.0,50.0,0.0,Null,0.0,0.0,,30.0,Hastings District,Nil,0.0,0.0,0.0,0.0,0.0,0.0,Urban,0.0,0.0,0.0,Fine
111725,1931789.2197,5604375.6291,548100.0,0.0,0.0,1.0,North,2019/2020,GROVE ROAD,WINDSOR AVENUE,Non-Injury Crash,No,2020,East,0.0,1.0,Flat,0.0,,0.0,0.0,Dark,1499900.0,0.0,0.0,0.0,2.0,0.0,0.0,,Hawke's Bay Region,Nil,2-way,Sealed,0.0,0.0,0.0,50.0,0.0,On,0.0,0.0,,30.0,Hastings District,Unknown,0.0,0.0,0.0,0.0,0.0,0.0,Urban,0.0,0.0,0.0,Fine
555658,1905606.0,5608457.0,545841.0,0.0,0.0,1.0,West,2005/2006,MANGATAHI ROAD,AORANGI KERERU ROAD,Serious Crash,No,2005,West,0.0,0.0,Flat,0.0,,0.0,0.0,Dark,1462401.0,0.0,0.0,0.0,2.0,0.0,0.0,,Hawke's Bay Region,Nil,2-way,Sealed,0.0,1.0,0.0,100.0,0.0,None,0.0,0.0,,30.0,Hastings District,Nil,0.0,0.0,0.0,0.0,0.0,0.0,Open,0.0,0.0,0.0,Fine
669512,1908303.0,5674962.0,545911.0,0.0,0.0,1.0,South,2008/2009,SH 5,POHOKURA ROAD,Non-Injury Crash,Yes,2008,North,0.0,0.0,Hill Road,0.0,,0.0,0.0,Overcast,1281200.0,0.0,0.0,0.0,2.0,0.0,0.0,,Hawke's Bay Region,Nil,2-way,Sealed,0.0,0.0,0.0,100.0,0.0,Null,0.0,0.0,,30.0,Hastings District,Nil,0.0,0.0,0.0,0.0,0.0,0.0,Open,0.0,0.0,0.0,Light rain
57629,1931896.0,5605061.0,548000.0,0.0,0.0,1.0,Null,2013/2014,COLLINGE ROAD,JUBILEE ST,Non-Injury Crash,No,2013,South,0.0,0.0,Flat,0.0,,0.0,0.0,Dark,1472500.0,0.0,0.0,0.0,2.0,0.0,0.0,,Hawke's Bay Region,Nil,2-way,Sealed,0.0,0.0,0.0,50.0,0.0,On,0.0,0.0,,30.0,Hastings District,Nil,0.0,0.0,0.0,1.0,0.0,0.0,Urban,0.0,0.0,0.0,Fine
20252,1929872.0,5604644.0,548200.0,0.0,0.0,2.0,Null,2011/2012,WARREN ST SOUTH,EASTBOURNE ST EAST,Minor Crash,No,2012,South,0.0,0.0,Flat,0.0,,0.0,0.0,Bright sun,1493200.0,1.0,0.0,0.0,2.0,0.0,0.0,,Hawke's Bay Region,Nil,2-way,Sealed,0.0,0.0,0.0,50.0,0.0,Null,0.0,0.0,,30.0,Hastings District,Give way,0.0,1.0,0.0,0.0,0.0,0.0,Urban,0.0,0.0,0.0,Fine
389619,1932728.0,5601736.0,548831.0,0.0,0.0,2.0,West,2001/2002,Z PORTER DRIVE,TE MATA ROAD,Non-Injury Crash,No,2001,West,0.0,0.0,Flat,0.0,,0.0,0.0,Bright sun,1509700.0,0.0,0.0,0.0,2.0,0.0,1.0,,Hawke's Bay Region,Nil,Off road,Sealed,0.0,0.0,0.0,50.0,0.0,Null,0.0,0.0,,30.0,Hastings District,Nil,0.0,0.0,0.0,0.0,0.0,0.0,Urban,0.0,0.0,0.0,Fine
288445,1929980.0,5604196.0,548200.0,0.0,0.0,2.0,Null,2016/2017,WILLOWPARK ROAD SOUTH,BULLER ST,Non-Injury Crash,No,2017,South,0.0,,Flat,,,,,Bright sun,1493600.0,0.0,0.0,0.0,2.0,0.0,,,Hawke's Bay Region,Nil,2-way,Sealed,0.0,0.0,,50.0,,Null,0.0,0.0,,30.0,Hastings District,Nil,,,,,0.0,0.0,Urban,0.0,,,Fine
501914,1931291.7243,5607016.3995,545721.0,0.0,0.0,1.0,North,2018/2019,RICHMOND ROAD,TOMOANA ROAD,Non-Injury Crash,No,2019,North,0.0,0.0,Flat,1.0,,0.0,0.0,Dark,1471500.0,0.0,0.0,0.0,2.0,0.0,0.0,,Hawke's Bay Region,Nil,2-way,Sealed,0.0,0.0,0.0,80.0,0.0,None,0.0,0.0,,30.0,Hastings District,Unknown,0.0,0.0,0.0,0.0,0.0,0.0,Open,0.0,0.0,0.0,Fine
581425,1909025.0,5674672.0,545911.0,0.0,0.0,2.0,North,2004/2005,SH 5,TATARAAKINA ROAD,Non-Injury Crash,Yes,2004,North,0.0,,Hill Road,,Christmas New Year,,,Overcast,1281200.0,0.0,0.0,0.0,2.0,0.0,,,Hawke's Bay Region,Nil,2-way,Sealed,0.0,0.0,,100.0,,Null,0.0,0.0,,30.0,Hastings District,Nil,,,,,0.0,0.0,Open,0.0,,,Light rain
375702,1930597.0,5604661.0,548200.0,0.0,0.0,1.0,East,2006/2007,WILLOWPARK ROAD NORTH,ST AUBYN ST EAST,Non-Injury Crash,No,2007,East,0.0,1.0,Flat,0.0,,0.0,0.0,Bright sun,1494800.0,0.0,0.0,0.0,2.0,0.0,0.0,,Hawke's Bay Region,Nil,2-way,Sealed,0.0,0.0,0.0,50.0,0.0,Null,0.0,0.0,,30.0,Hastings District,Nil,0.0,0.0,0.0,1.0,0.0,0.0,Urban,0.0,0.0,0.0,Fine
394815,1929464.0,5605185.0,548200.0,0.0,0.0,2.0,Null,2013/2014,NELSON ST SOUTH,EASTBOURNE ST WEST,Non-Injury Crash,No,2014,East,0.0,,Flat,,,,,Bright sun,1488900.0,0.0,0.0,0.0,2.0,0.0,,,Hawke's Bay Region,Nil,2-way,Sealed,0.0,0.0,,50.0,,Off,0.0,0.0,,30.0,Hastings District,Stop,,,,,0.0,0.0,Urban,0.0,,,Fine
308654,1930935.0,5613540.0,545831.0,0.0,0.0,2.0,Null,2007/2008,SH 50 LINKS ROAD,SH 50A NAPIER-HASTINGS,Minor Crash,Yes,2007,East,0.0,,Flat,,,,,Overcast,1404600.0,1.0,0.0,0.0,2.0,0.0,,,Hawke's Bay Region,Nil,2-way,Sealed,0.0,0.0,,100.0,,Null,0.0,0.0,,30.0,Hastings District,Give way,,,,,0.0,0.0,Open,0.0,,,Fine
614107,1928151.0,5604373.0,547900.0,0.0,0.0,1.0,Null,2011/2012,SOUTHLAND ROAD,HEMI ST,Non-Injury Crash,No,2012,North,0.0,0.0,Flat,0.0,,0.0,0.0,Dark,1469202.0,0.0,0.0,0.0,2.0,0.0,0.0,,Hawke's Bay Region,Nil,2-way,Sealed,0.0,0.0,0.0,50.0,0.0,On,0.0,0.0,,30.0,Hastings District,Nil,0.0,0.0,0.0,1.0,0.0,0.0,Urban,0.0,0.0,0.0,Fine
658529,1918163.2464,5650314.2997,545912.0,0.0,0.0,1.0,North,2018/2019,SH 5, TE POHUE LOOP ROAD,Minor Crash,Yes,2019,South,0.0,1.0,Flat,0.0,,0.0,0.0,Dark,1414504.0,1.0,0.0,0.0,2.0,0.0,0.0,,Hawke's Bay Region,Nil,2-way,Sealed,0.0,0.0,0.0,100.0,0.0,None,0.0,0.0,,30.0,Hastings District,Unknown,0.0,0.0,0.0,0.0,0.0,0.0,Open,0.0,0.0,0.0,Light rain
62457,1930658.0,5612477.0,545832.0,0.0,0.0,2.0,South,2007/2008,SH 50A,SH 50,Non-Injury Crash,Yes,2008,North,0.0,,Flat,,,,,Dark,1404400.0,0.0,0.0,0.0,2.0,0.0,,,Hawke's Bay Region,Nil,2-way,Sealed,0.0,0.0,,100.0,,None,0.0,0.0,,30.0,Hastings District,Nil,,,,,0.0,0.0,Open,0.0,,,Heavy rain
394567,1929464.0,5605185.0,548200.0,0.0,0.0,2.0,Null,2005/2006,NELSON ST SOUTH,EASTBOURNE ST WEST,Non-Injury Crash,No,2006,North,0.0,,Flat,,,,,Bright sun,1488900.0,0.0,0.0,0.0,2.0,0.0,,,Hawke's Bay Region,Nil,2-way,Sealed,0.0,0.0,,50.0,,Null,0.0,0.0,,30.0,Hastings District,Give way,,,,,0.0,0.0,Urban,0.0,,,Fine
193775,1928933.945,5604976.1107,548200.0,0.0,0.0,1.0,North,2018/2019,SOUTHLAND ROAD,Henry St,Minor Crash,No,2019,North,0.0,1.0,Flat,0.0,,0.0,1.0,Bright sun,1488500.0,1.0,0.0,0.0,2.0,0.0,0.0,,Hawke's Bay Region,Nil,2-way,Sealed,0.0,0.0,0.0,50.0,0.0,None,0.0,0.0,,30.0,Hastings District,Unknown,0.0,0.0,0.0,1.0,0.0,0.0,Urban,0.0,0.0,0.0,Fine
569353,1924970.0,5597980.0,545851.0,0.0,0.0,2.0,South,2005/2006,SH 2,STOCK ROAD,Non-Injury Crash,Yes,2005,South,0.0,,Flat,,,,,Overcast,1463900.0,0.0,0.0,0.0,2.0,0.0,,,Hawke's Bay Region,Nil,2-way,Sealed,0.0,0.0,,100.0,,Null,0.0,0.0,,30.0,Hastings District,Nil,,,,,0.0,0.0,Open,0.0,,,Light rain
75215,1930439.0,5603520.0,548300.0,0.0,0.0,1.0,North,2014/2015,LUMSDEN ROAD,OUTRAM ROAD,Serious Crash,No,2014,South,0.0,,Flat,,,,,Dark,1502400.0,1.0,0.0,0.0,2.0,0.0,,1.0,Hawke's Bay Region,Nil,2-way,Sealed,0.0,1.0,,50.0,,On,0.0,0.0,,30.0,Hastings District,Unknown,,,,,0.0,0.0,Urban,0.0,,,Light rain
105034,1932196.0082,5603286.5655,545721.0,0.0,0.0,1.0,Null,2019/2020,ADA STREET,ST GEORGES ROAD,Non-Injury Crash,No,2020,South,0.0,,Flat,,,,,Overcast,1472801.0,0.0,0.0,0.0,2.0,0.0,,,Hawke's Bay Region,Nil,2-way,Sealed,0.0,0.0,,80.0,,None,1.0,0.0,,30.0,Hastings District,Stop,,,,,0.0,0.0,Open,0.0,,,Light rain