OBJECTID,X,Y,areaUnitID,bicycle,bus,carStationWagon,crashDirectionDescription,crashFinancialYear,crashLocation1,crashLocation2,crashSeverity,crashSHDescription,crashYear,directionRoleDescription,fatalCount,fence,flatHill,guardRail,holiday,houseOrBuilding,kerb,light,meshblockId,minorInjuryCount,moped,motorcycle,NumberOfLanes,otherVehicleType,parkedVehicle,pedestrian,region,roadCharacter,roadLane,roadSurface,schoolBus,seriousInjuryCount,slipOrFlood,speedLimit,strayAnimal,streetLight,suv,taxi,temporarySpeedLimit,tlaId,tlaName,trafficControl,trafficIsland,trafficSign,train,tree,truck,unknownVehicleType,urban,vanOrUtility,vehicle,waterRiver,weatherA
163202,1930605.0,5604667.0,548200.0,0.0,0.0,2.0,East,2005/2006,WILLOWPARK ROAD NORTH,ST AUBYN ST EAST,Non-Injury Crash,No,2005,South,0.0,0.0,Flat,0.0,,0.0,0.0,Overcast,1494900.0,0.0,0.0,0.0,2.0,0.0,0.0,,Hawke's Bay Region,Nil,2-way,Sealed,0.0,0.0,0.0,50.0,0.0,Null,0.0,0.0,,30.0,Hastings District,Nil,0.0,0.0,0.0,1.0,0.0,0.0,Urban,0.0,0.0,0.0,Fine
92832,1928002.0,5609518.0,545710.0,0.0,0.0,2.0,West,2007/2008,RAUPARE ROAD,TROTTER ROAD,Non-Injury Crash,No,2007,South,0.0,,Flat,,,,,Dark,1470800.0,0.0,0.0,0.0,2.0,0.0,,,Hawke's Bay Region,Nil,2-way,Sealed,0.0,0.0,,100.0,,None,0.0,0.0,,30.0,Hastings District,Nil,,,,,0.0,0.0,Open,0.0,,,Fine
265261,1928271.0,5606296.0,548500.0,0.0,0.0,2.0,North,2008/2009,ORCHARD ROAD,MCLEOD ST,Non-Injury Crash,No,2009,South,0.0,,Flat,,,,,Bright sun,1479600.0,0.0,0.0,0.0,2.0,0.0,,,Hawke's Bay Region,Nil,2-way,Sealed,0.0,0.0,,50.0,,Off,0.0,0.0,,30.0,Hastings District,Nil,,,,,0.0,0.0,Urban,0.0,,,Fine
17754,1918372.0,5648897.0,545811.0,0.0,0.0,1.0,South,2007/2008,SH 5,TE POHUE LOOP ROAD S,Non-Injury Crash,Yes,2007,West,0.0,0.0,Hill Road,0.0,,0.0,1.0,Overcast,1414600.0,0.0,0.0,0.0,2.0,0.0,0.0,,Hawke's Bay Region,Nil,2-way,Sealed,0.0,0.0,0.0,100.0,0.0,Null,0.0,0.0,,30.0,Hastings District,Nil,0.0,0.0,0.0,0.0,0.0,0.0,Open,0.0,0.0,0.0,Light rain
529368,1931662.0,5605940.0,548000.0,0.0,0.0,2.0,South,2007/2008,KARAMU ROAD NORTH,KENILWORTH ROAD,Non-Injury Crash,No,2008,South,0.0,,Flat,,,,,Overcast,1496700.0,0.0,0.0,0.0,2.0,0.0,,,Hawke's Bay Region,Nil,2-way,Sealed,0.0,0.0,,50.0,,Null,0.0,0.0,,30.0,Hastings District,Nil,,,,,0.0,0.0,Urban,0.0,,,Fine
663844,1924303.0,5597241.0,545851.0,0.0,0.0,1.0,South,2006/2007,SH 2,OLD MAIN ROAD,Non-Injury Crash,Yes,2007,South,0.0,1.0,Flat,0.0,,0.0,0.0,Dark,1463900.0,0.0,0.0,0.0,2.0,0.0,0.0,,Hawke's Bay Region,Nil,2-way,Sealed,0.0,0.0,0.0,100.0,0.0,None,0.0,0.0,,30.0,Hastings District,Nil,0.0,0.0,0.0,0.0,0.0,0.0,Open,0.0,0.0,0.0,Fine
502555,1928456.0,5604255.0,547900.0,0.0,0.0,1.0,Null,2008/2009,MURDOCH ROAD WEST,HEMI ST,Non-Injury Crash,No,2009,South,0.0,0.0,Flat,0.0,,0.0,0.0,Overcast,1469201.0,0.0,0.0,0.0,2.0,0.0,0.0,,Hawke's Bay Region,Nil,2-way,Sealed,0.0,0.0,0.0,50.0,0.0,Null,0.0,0.0,,30.0,Hastings District,Nil,0.0,0.0,0.0,0.0,0.0,0.0,Urban,0.0,0.0,0.0,Fine
497761,1913179.0,5587055.0,545851.0,0.0,0.0,0.0,South,2000/2001,SH 2,TE AUTE TRUST ROAD,Minor Crash,Yes,2001,North,0.0,,Hill Road,,,,,Overcast,1464600.0,1.0,0.0,0.0,3.0,0.0,,,Hawke's Bay Region,Nil,2-way,Sealed,0.0,0.0,,100.0,,Null,0.0,0.0,,30.0,Hastings District,Nil,,,,,1.0,0.0,Open,1.0,,,Fine
361368,1927118.0,5605372.0,545761.0,0.0,0.0,4.0,West,2006/2007,YORK ROAD,MARAEKAKAHO ROAD,Non-Injury Crash,No,2006,East,0.0,,Flat,,,,,Bright sun,1469905.0,0.0,0.0,0.0,2.0,0.0,,,Hawke's Bay Region,Nil,2-way,Sealed,0.0,0.0,,100.0,,Null,0.0,0.0,,30.0,Hastings District,Nil,,,,,0.0,0.0,Open,0.0,,,Fine
522273,1926353.0,5606432.0,545761.0,0.0,0.0,0.0,East,2000/2001,SH 50A,YORK ROAD,Non-Injury Crash,Yes,2001,East,0.0,,Flat,,,,,Overcast,1469905.0,0.0,0.0,0.0,2.0,0.0,,,Hawke's Bay Region,Nil,2-way,Sealed,0.0,0.0,,70.0,,Null,0.0,0.0,,30.0,Hastings District,Nil,,,,,0.0,0.0,Urban,2.0,,,Fine
512418,1917924.0,5653667.0,545911.0,0.0,0.0,1.0,East,2002/2003,SH 5,WAITARA ROAD,Minor Crash,Yes,2003,North,0.0,1.0,Hill Road,0.0,Easter,0.0,0.0,Overcast,1415900.0,1.0,0.0,0.0,2.0,0.0,0.0,,Hawke's Bay Region,Nil,2-way,Sealed,0.0,0.0,0.0,100.0,0.0,Null,0.0,0.0,,30.0,Hastings District,Nil,0.0,0.0,0.0,0.0,0.0,0.0,Open,0.0,0.0,0.0,Light rain
716921,1926279.0,5636544.0,545811.0,0.0,0.0,1.0,North,2007/2008,SH 5,BEATTIE ROAD,Minor Crash,Yes,2007,South,0.0,0.0,Hill Road,0.0,,0.0,0.0,Twilight,1414800.0,4.0,0.0,0.0,3.0,0.0,0.0,,Hawke's Bay Region,Nil,2-way,Sealed,0.0,0.0,0.0,100.0,0.0,None,0.0,0.0,,30.0,Hastings District,Nil,0.0,0.0,0.0,0.0,0.0,0.0,Open,0.0,0.0,0.0,Light rain
444518,1923352.0,5610218.0,545710.0,0.0,0.0,1.0,Null,2005/2006,SH 50,OMAHU ROAD,Non-Injury Crash,Yes,2006,East,0.0,1.0,Flat,0.0,Queens Birthday,0.0,0.0,Overcast,1470500.0,0.0,0.0,0.0,2.0,0.0,0.0,,Hawke's Bay Region,Nil,2-way,Sealed,0.0,0.0,0.0,100.0,0.0,Null,0.0,0.0,,30.0,Hastings District,Give way,0.0,0.0,0.0,0.0,0.0,0.0,Open,0.0,0.0,0.0,Light rain
546428,1928257.0,5606788.0,547800.0,0.0,0.0,1.0,West,2008/2009,OMAHU ROAD,CANNING ROAD,Non-Injury Crash,No,2009,East,0.0,,Flat,,Easter,,,Bright sun,1477100.0,0.0,0.0,0.0,2.0,0.0,,,Hawke's Bay Region,Nil,2-way,Sealed,0.0,0.0,,50.0,,Null,0.0,0.0,,30.0,Hastings District,Nil,,,,,0.0,0.0,Urban,1.0,,,Fine
50056,1923093.0,5596548.0,545851.0,0.0,0.0,1.0,North,2010/2011,SH 2,TE MAHANGA ROAD,Non-Injury Crash,Yes,2011,North,0.0,0.0,Flat,0.0,,0.0,0.0,Overcast,1463900.0,0.0,0.0,0.0,2.0,0.0,0.0,,Hawke's Bay Region,Nil,2-way,Unsealed,0.0,0.0,0.0,100.0,0.0,Null,0.0,0.0,,30.0,Hastings District,Nil,0.0,0.0,0.0,0.0,0.0,0.0,Open,0.0,0.0,0.0,Fine
39044,1927577.0,5607439.0,548400.0,1.0,0.0,0.0,Null,2009/2010,OMAHU ROAD,SH 50A,Minor Crash,No,2010,South,0.0,,Flat,,,,,Overcast,1473600.0,1.0,0.0,0.0,4.0,0.0,,,Hawke's Bay Region,Nil,2-way,Sealed,0.0,0.0,,50.0,,Null,0.0,0.0,,30.0,Hastings District,Give way,,,,,0.0,0.0,Urban,1.0,,,Fine
646091,1929852.9225,5605099.4303,548200.0,0.0,0.0,2.0,Null,2018/2019,MARKET STREET NORTH,QUEEN STREET WEST,Non-Injury Crash,No,2019,North,0.0,,Flat,,,,,Bright sun,1491300.0,0.0,0.0,0.0,2.0,0.0,,,Hawke's Bay Region,Nil,2-way,Sealed,0.0,0.0,,50.0,,Off,0.0,0.0,,30.0,Hastings District,Traffic Signals,,,,,0.0,0.0,Urban,0.0,,,Fine
190219,1937549.0,5605410.0,545740.0,0.0,0.0,0.0,South,2006/2007,TUKITUKI ROAD,TENNANT ROAD,Minor Crash,No,2007,North,0.0,,Flat,,,,,Overcast,1408200.0,2.0,0.0,1.0,2.0,0.0,,,Hawke's Bay Region,Nil,2-way,Sealed,0.0,0.0,,100.0,,Null,0.0,0.0,,30.0,Hastings District,Nil,,,,,0.0,0.0,Open,0.0,,,Heavy rain
91664,1924864.0,5608807.0,545710.0,0.0,0.0,0.0,Null,2010/2011,OMAHU ROAD,TWYFORD ROAD,Minor Crash,No,2011,North,0.0,,Flat,,,,,Overcast,1470600.0,1.0,1.0,0.0,2.0,0.0,,,Hawke's Bay Region,Nil,2-way,Sealed,0.0,0.0,,60.0,,Null,0.0,0.0,,30.0,Hastings District,Give way,,,,,0.0,0.0,Urban,0.0,,,Heavy rain
454882,1933933.0,5606989.0,545722.0,0.0,0.0,1.0,South,2013/2014,SH 2,PILCHER ROAD,Non-Injury Crash,Yes,2014,South,0.0,0.0,Flat,0.0,,0.0,0.0,Bright sun,1406701.0,0.0,0.0,0.0,2.0,0.0,0.0,,Hawke's Bay Region,Nil,2-way,Sealed,0.0,0.0,0.0,80.0,0.0,Off,0.0,0.0,,30.0,Hastings District,Nil,0.0,0.0,0.0,0.0,0.0,0.0,Open,0.0,0.0,0.0,Fine
693529,1929987.0,5604893.0,548200.0,0.0,0.0,1.0,North,2006/2007,QUEEN ST EAST,KARAMU ROAD NORTH,Non-Injury Crash,No,2007,South,0.0,,Flat,,,,,Overcast,1492200.0,0.0,1.0,0.0,2.0,0.0,,,Hawke's Bay Region,Nil,2-way,Sealed,0.0,0.0,,50.0,,Null,0.0,0.0,,30.0,Hastings District,Nil,,,,,0.0,0.0,Urban,0.0,,,Light rain
468372,1934180.0,5607200.0,545722.0,0.0,0.0,2.0,Null,2017/2018,SH 2,NAPIER ROAD,Non-Injury Crash,Yes,2018,North,0.0,,Flat,,,,,Bright sun,1406200.0,0.0,0.0,0.0,2.0,0.0,,,Hawke's Bay Region,Nil,1-way,Sealed,0.0,0.0,,80.0,,Null,0.0,0.0,,30.0,Hastings District,Give way,,,,,0.0,0.0,Open,0.0,,,Fine
86922,1929634.0,5605762.0,548200.0,0.0,0.0,2.0,Null,2009/2010,TOMOANA ROAD,ST AUBYN ST WEST,Non-Injury Crash,No,2010,South,0.0,,Flat,,,,,Overcast,1490300.0,0.0,0.0,0.0,2.0,0.0,,,Hawke's Bay Region,Nil,2-way,Sealed,0.0,0.0,,50.0,,Null,0.0,0.0,,30.0,Hastings District,Traffic Signals,,,,,0.0,0.0,Urban,0.0,,,Fine
468383,1934992.0,5607139.0,545722.0,0.0,0.0,1.0,West,2005/2006,PILCHER ROAD,LAWN ROAD,Non-Injury Crash,No,2006,North,0.0,0.0,Flat,0.0,,0.0,0.0,Dark,1406400.0,0.0,0.0,0.0,2.0,0.0,0.0,,Hawke's Bay Region,Nil,2-way,Sealed,0.0,0.0,0.0,100.0,0.0,None,0.0,0.0,,30.0,Hastings District,Nil,0.0,0.0,0.0,0.0,0.0,0.0,Open,0.0,0.0,0.0,Fine
520361,1930606.0,5605199.0,548200.0,0.0,0.0,2.0,North,2004/2005,WARREN ST NORTH,ALBERT ST,Non-Injury Crash,No,2005,North,0.0,,Flat,,,,,Overcast,1494600.0,0.0,0.0,0.0,2.0,0.0,,,Hawke's Bay Region,Nil,2-way,Sealed,0.0,0.0,,50.0,,Null,0.0,0.0,,30.0,Hastings District,Nil,,,,,0.0,0.0,Urban,0.0,,,Light rain
480337,1929560.0,5605258.0,548200.0,1.0,0.0,1.0,Null,2002/2003,NELSON ST NORTH,HERETAUNGA ST WEST,Minor Crash,No,2002,South,0.0,,Flat,,,,,Bright sun,1490100.0,1.0,0.0,0.0,2.0,0.0,,,Hawke's Bay Region,Nil,2-way,Sealed,0.0,0.0,,50.0,,Null,0.0,0.0,,30.0,Hastings District,Traffic Signals,,,,,0.0,0.0,Urban,0.0,,,Fine
484281,1932368.0,5608863.0,545721.0,0.0,0.0,1.0,East,2001/2002,RUAHAPIA ROAD,PAKOWHAI ROAD,Non-Injury Crash,No,2001,East,0.0,0.0,Flat,0.0,,0.0,0.0,Dark,1471600.0,0.0,0.0,0.0,2.0,0.0,0.0,,Hawke's Bay Region,Nil,2-way,Sealed,0.0,0.0,0.0,100.0,0.0,None,0.0,0.0,,30.0,Hastings District,Nil,0.0,0.0,0.0,0.0,0.0,0.0,Open,0.0,0.0,0.0,Fine
498072,1924459.0,5607938.0,548611.0,0.0,0.0,2.0,Null,2010/2011,FLAXMERE AVENUE,DIAZ DRIVE,Non-Injury Crash,No,2011,West,0.0,,Flat,,,,,Dark,1469710.0,0.0,0.0,0.0,2.0,0.0,,,Hawke's Bay Region,Nil,2-way,Sealed,0.0,0.0,,50.0,,On,0.0,0.0,,30.0,Hastings District,Give way,,,,,0.0,0.0,Urban,0.0,,,Fine
556047,1914124.0,5588056.0,545851.0,0.0,0.0,1.0,Null,2002/2003,SH 2,TE AUTE TRUST ROAD,Non-Injury Crash,Yes,2003,South,0.0,,Flat,,,,,Dark,1464600.0,0.0,0.0,0.0,2.0,0.0,,,Hawke's Bay Region,Nil,2-way,Sealed,0.0,0.0,,100.0,,None,0.0,0.0,,30.0,Hastings District,Give way,,,,,0.0,0.0,Open,1.0,,,Fine
455843,1929851.0,5605477.0,548200.0,0.0,0.0,2.0,Null,2005/2006,NELSON ST NORTH,ST AUBYN ST WEST,Minor Crash,No,2005,South,0.0,,Flat,,,,,Dark,1491000.0,1.0,0.0,0.0,4.0,0.0,,,Hawke's Bay Region,Nil,2-way,Sealed,0.0,0.0,,50.0,,On,0.0,0.0,,30.0,Hastings District,Traffic Signals,,,,,0.0,0.0,Urban,0.0,,,Fine
731437,1931366.0,5614707.0,545831.0,0.0,0.0,3.0,South,2013/2014,SH 50,MEEANEE OFF SBD,Non-Injury Crash,Yes,2014,South,0.0,,Flat,,,,,Dark,1404600.0,0.0,0.0,0.0,2.0,0.0,,,Hawke's Bay Region,Nil,2-way,Sealed,0.0,0.0,,100.0,,On,0.0,0.0,,30.0,Hastings District,Nil,,,,,0.0,0.0,Open,0.0,,,Fine
187257,1928248.0,5604448.0,547900.0,0.0,0.0,1.0,Null,2005/2006,MURDOCH ROAD WEST,SOUTHLAND ROAD,Non-Injury Crash,No,2006,South,0.0,,Flat,,,,,Dark,1469201.0,0.0,0.0,0.0,2.0,0.0,,,Hawke's Bay Region,Nil,2-way,Sealed,0.0,0.0,,50.0,,On,0.0,0.0,,30.0,Hastings District,Give way,,,,,1.0,0.0,Urban,0.0,,,Light rain
637936,1929227.0,5606335.0,547700.0,0.0,0.0,2.0,Null,2007/2008,ST AUBYN ST WEST,NIKAU ST,Non-Injury Crash,No,2007,East,0.0,0.0,Flat,0.0,,0.0,0.0,Overcast,1486200.0,0.0,0.0,0.0,2.0,0.0,1.0,,Hawke's Bay Region,Nil,2-way,Sealed,0.0,0.0,0.0,50.0,0.0,Null,0.0,0.0,,30.0,Hastings District,Give way,0.0,0.0,0.0,0.0,0.0,0.0,Urban,1.0,0.0,0.0,Light rain
504453,1928462.0909,5608062.534,545710.0,0.0,0.0,0.0,East,2018/2019,50A-0000/05.26,Omahu Road,Non-Injury Crash,Yes,2018,North,0.0,,Flat,,,,,Bright sun,1471201.0,0.0,0.0,0.0,2.0,0.0,,,Hawke's Bay Region,Nil,2-way,Sealed,0.0,0.0,,100.0,,Off,0.0,0.0,,30.0,Hastings District,Unknown,,,,,0.0,0.0,Open,1.0,,,Fine
37528,1929441.0,5605616.0,547700.0,0.0,0.0,2.0,Null,2016/2017,TOMOANA ROAD,QUEEN ST WEST,Non-Injury Crash,No,2016,North,0.0,,Flat,,,,,Bright sun,1488000.0,0.0,0.0,0.0,2.0,0.0,,,Hawke's Bay Region,Nil,2-way,Sealed,0.0,0.0,,50.0,,Null,0.0,0.0,,30.0,Hastings District,Stop,,,,,0.0,0.0,Urban,0.0,,,Fine
199173,1910846.0,5663960.0,545911.0,0.0,0.0,1.0,South,2014/2015,SH 5,TE HAROTO ROAD,Non-Injury Crash,Yes,2015,North,0.0,1.0,Hill Road,0.0,,0.0,0.0,Dark,1414400.0,0.0,0.0,0.0,2.0,0.0,0.0,,Hawke's Bay Region,Nil,2-way,Sealed,0.0,0.0,0.0,100.0,0.0,On,0.0,0.0,,30.0,Hastings District,Nil,0.0,0.0,0.0,0.0,0.0,0.0,Open,0.0,0.0,0.0,Mist or Fog
669903,1928541.0,5606511.0,547800.0,0.0,0.0,1.0,South,2009/2010,OMAHU ROAD,HAPUKA ST,Fatal Crash,No,2010,South,1.0,,Flat,,,,,Bright sun,1477700.0,0.0,0.0,0.0,2.0,0.0,,1.0,Hawke's Bay Region,Nil,2-way,Sealed,0.0,0.0,,50.0,,Null,0.0,0.0,,30.0,Hastings District,Nil,,,,,0.0,0.0,Urban,0.0,,,Fine
511733,1927572.0,5607430.0,548400.0,0.0,0.0,3.0,Null,2009/2010,SH 50A,OMAHU ROAD,Non-Injury Crash,Yes,2009,West,0.0,,Flat,,,,,Dark,1473500.0,0.0,0.0,0.0,2.0,0.0,,,Hawke's Bay Region,Nil,2-way,Sealed,0.0,0.0,,100.0,,On,0.0,0.0,,30.0,Hastings District,Give way,,,,,0.0,0.0,Open,0.0,,,Fine
414672,1936881.0,5609199.0,545730.0,0.0,0.0,0.0,North,2018/2019,MILL ROAD,LAWN ROAD,Minor Crash,No,2018,South,0.0,0.0,Flat,0.0,Labour Weekend,0.0,0.0,Dark,1405300.0,1.0,0.0,0.0,2.0,0.0,0.0,,Hawke's Bay Region,Nil,2-way,Sealed,0.0,0.0,0.0,100.0,0.0,None,0.0,0.0,,30.0,Hastings District,Unknown,0.0,0.0,0.0,0.0,0.0,0.0,Open,1.0,0.0,0.0,Fine
661360,1928982.0,5602949.0,545762.0,0.0,0.0,1.0,Null,2007/2008,RIVERSLEA ROAD SOUTH,TOLLEMACHE ROAD EAST,Non-Injury Crash,No,2007,East,0.0,,Flat,,,,,Bright sun,1468200.0,0.0,0.0,0.0,2.0,0.0,,,Hawke's Bay Region,Nil,2-way,Sealed,0.0,0.0,,100.0,,Null,0.0,0.0,,30.0,Hastings District,Stop,,,,,0.0,0.0,Open,1.0,,,Fine
203339,1903249.0,5599308.0,545841.0,0.0,0.0,0.0,West,2017/2018,SH 50,AWATEA STUD,Non-Injury Crash,Yes,2017,West,0.0,0.0,Flat,0.0,,0.0,0.0,Dark,1462500.0,0.0,0.0,0.0,2.0,0.0,0.0,,Hawke's Bay Region,Nil,2-way,Sealed,0.0,0.0,0.0,100.0,0.0,None,0.0,0.0,,30.0,Hastings District,Unknown,0.0,0.0,0.0,0.0,1.0,0.0,Open,0.0,0.0,0.0,Mist or Fog
616783,1930100.0,5605661.0,548200.0,0.0,0.0,2.0,Null,2016/2017,FITZROY AVENUE,NELSON ST NORTH,Non-Injury Crash,No,2017,East,0.0,,Flat,,,,,Bright sun,1491100.0,0.0,0.0,0.0,2.0,0.0,,,Hawke's Bay Region,Nil,2-way,Sealed,0.0,0.0,,50.0,,Null,0.0,0.0,,30.0,Hastings District,Give way,,,,,0.0,0.0,Urban,0.0,,,Fine
65646,1930197.0,5605040.0,548200.0,0.0,0.0,2.0,North,2001/2002,KARAMU ROAD NORTH,ST AUBYN ST EAST,Non-Injury Crash,No,2002,South,0.0,,Flat,,Easter,,,Overcast,1494100.0,0.0,0.0,0.0,2.0,0.0,,,Hawke's Bay Region,Nil,2-way,Sealed,0.0,0.0,,50.0,,Null,0.0,0.0,,30.0,Hastings District,Nil,,,,,0.0,0.0,Urban,0.0,,,Fine
204352,1926815.0,5613411.0,545822.0,0.0,0.0,2.0,South,2002/2003,SH 50,OMARUNUI ROAD,Non-Injury Crash,Yes,2003,South,0.0,0.0,Flat,0.0,,0.0,0.0,Overcast,1408800.0,0.0,0.0,0.0,2.0,0.0,0.0,,Hawke's Bay Region,Nil,2-way,Sealed,0.0,0.0,0.0,100.0,0.0,Null,0.0,0.0,,30.0,Hastings District,Nil,0.0,0.0,0.0,0.0,0.0,0.0,Open,0.0,0.0,0.0,Fine
679565,1908586.0,5674697.0,545911.0,0.0,0.0,1.0,North,2005/2006,SH 5,SUMMIT KIOSK,Non-Injury Crash,Yes,2006,North,0.0,0.0,Hill Road,0.0,,0.0,0.0,Dark,1281200.0,0.0,0.0,0.0,2.0,0.0,0.0,,Hawke's Bay Region,Nil,2-way,Sealed,0.0,0.0,0.0,100.0,0.0,None,0.0,0.0,,30.0,Hastings District,Nil,0.0,0.0,0.0,0.0,0.0,0.0,Open,0.0,0.0,0.0,Heavy rain
16972,1945307.1447,5660430.9932,545911.0,0.0,0.0,0.0,West,2019/2020,SH 2,PUTORINO STATION ROAD,Minor Crash,Yes,2020,North,0.0,0.0,Flat,0.0,,0.0,0.0,Bright sun,1416100.0,1.0,0.0,0.0,2.0,1.0,0.0,,Hawke's Bay Region,Nil,2-way,Sealed,0.0,0.0,0.0,100.0,0.0,None,0.0,0.0,,30.0,Hastings District,Unknown,0.0,0.0,0.0,0.0,1.0,0.0,Open,0.0,0.0,0.0,Fine
446570,1927573.0,5607406.0,548400.0,0.0,0.0,2.0,North,2007/2008,SH 50A,OMAHU ROAD,Non-Injury Crash,Yes,2007,South,0.0,,Flat,,,,,Bright sun,1473500.0,0.0,0.0,0.0,2.0,0.0,,,Hawke's Bay Region,Nil,2-way,Sealed,0.0,0.0,,100.0,,Null,0.0,0.0,,30.0,Hastings District,Nil,,,,,0.0,0.0,Open,0.0,,,Fine
564946,1928849.0,5606196.0,547700.0,0.0,0.0,2.0,North,2006/2007,HERETAUNGA ST WEST,STORTFORD ST,Non-Injury Crash,No,2007,East,0.0,,Flat,,,,,Bright sun,1486600.0,0.0,0.0,0.0,2.0,0.0,,,Hawke's Bay Region,Nil,2-way,Sealed,0.0,0.0,,50.0,,Null,0.0,0.0,,30.0,Hastings District,Nil,,,,,0.0,0.0,Urban,0.0,,,Fine
489408,1934585.0,5633080.0,545812.0,0.0,0.0,1.0,South,1999/2000,SH 2,NORTH SHORE ROAD,Serious Crash,Yes,2000,North,0.0,0.0,Flat,0.0,,0.0,0.0,Dark,1414905.0,0.0,0.0,0.0,2.0,0.0,0.0,,Hawke's Bay Region,Nil,2-way,Sealed,0.0,1.0,0.0,100.0,0.0,None,0.0,0.0,,30.0,Hastings District,Nil,0.0,0.0,0.0,0.0,0.0,0.0,Open,0.0,0.0,0.0,Fine
504136,1913171.3874,5587044.176,545851.0,0.0,0.0,0.0,South,2019/2020,SH 2,WAIKAREAO ROAD,Non-Injury Crash,Yes,2019,South,0.0,1.0,Hill Road,1.0,,0.0,0.0,Bright sun,1464600.0,0.0,0.0,0.0,3.0,1.0,0.0,,Hawke's Bay Region,Nil,2-way,Sealed,0.0,0.0,0.0,100.0,0.0,Off,0.0,0.0,,30.0,Hastings District,Unknown,0.0,0.0,0.0,0.0,1.0,0.0,Open,0.0,0.0,0.0,Fine
78383,1931065.0,5613777.0,545831.0,0.0,0.0,2.0,Null,2012/2013,PAKOWHAI ROAD,PAKOWHAI ON SBD,Non-Injury Crash,No,2012,North,0.0,,Flat,,,,,Overcast,1404600.0,0.0,0.0,0.0,2.0,0.0,,,Hawke's Bay Region,Nil,2-way,Sealed,0.0,0.0,,100.0,,Null,0.0,0.0,,30.0,Hastings District,Traffic Signals,,,,,0.0,0.0,Open,0.0,,,Light rain
595224,1930340.0,5604821.0,548200.0,0.0,0.0,2.0,Null,2003/2004,HASTINGS ST NORTH,ST AUBYN ST EAST,Non-Injury Crash,No,2003,North,0.0,,Flat,,,,,Bright sun,1493501.0,0.0,0.0,0.0,2.0,0.0,,,Hawke's Bay Region,Nil,2-way,Sealed,0.0,0.0,,50.0,,Null,0.0,0.0,,30.0,Hastings District,Give way,,,,,0.0,0.0,Urban,0.0,,,Fine
590372,1929920.0,5607137.0,545710.0,0.0,0.0,2.0,South,2005/2006,PAKOWHAI ROAD,FREDERICK ST,Non-Injury Crash,No,2005,South,0.0,0.0,Flat,0.0,,0.0,0.0,Overcast,1471300.0,0.0,0.0,0.0,2.0,0.0,1.0,,Hawke's Bay Region,Nil,2-way,Sealed,0.0,0.0,0.0,50.0,0.0,Null,0.0,0.0,,30.0,Hastings District,Nil,0.0,0.0,0.0,0.0,0.0,0.0,Urban,0.0,0.0,0.0,Fine
165229,1932384.0,5601612.0,548810.0,0.0,0.0,1.0,North,2016/2017,TE AUTE ROAD,PORTER DRIVE,Non-Injury Crash,No,2016,West,0.0,0.0,Flat,0.0,,0.0,0.0,Dark,1505700.0,0.0,0.0,0.0,2.0,0.0,1.0,,Hawke's Bay Region,Nil,2-way,Sealed,0.0,0.0,0.0,50.0,0.0,On,0.0,0.0,,30.0,Hastings District,Unknown,0.0,0.0,0.0,0.0,0.0,0.0,Urban,0.0,0.0,0.0,Fine
196263,1928294.0,5604933.0,547900.0,0.0,0.0,1.0,Null,2006/2007,OLIPHANT ROAD,CAMPBELL ST,Non-Injury Crash,No,2007,West,0.0,0.0,Flat,0.0,,0.0,1.0,Dark,1480800.0,0.0,0.0,0.0,2.0,0.0,0.0,,Hawke's Bay Region,Nil,2-way,Unsealed,0.0,0.0,0.0,50.0,0.0,On,0.0,0.0,30.0,30.0,Hastings District,Nil,0.0,0.0,0.0,0.0,0.0,0.0,Urban,0.0,0.0,0.0,Fine
96423,1929360.9417,5604403.6981,548300.0,0.0,0.0,2.0,Null,2017/2018,KARAMU ROAD SOUTH,PATTISON ROAD,Minor Crash,No,2018,North,0.0,0.0,Flat,0.0,,0.0,0.0,Overcast,1503201.0,1.0,0.0,0.0,1.0,0.0,0.0,,Hawke's Bay Region,Nil,1-way,Sealed,0.0,0.0,0.0,50.0,0.0,Null,0.0,0.0,30.0,30.0,Hastings District,Give way,0.0,0.0,0.0,0.0,0.0,0.0,Urban,0.0,0.0,0.0,Fine
709987,1930120.0,5605119.0,548200.0,0.0,0.0,1.0,East,2008/2009,ST AUBYN ST EAST,HOLT PLACE,Non-Injury Crash,No,2009,South,0.0,,Flat,,,,,Bright sun,1494100.0,0.0,0.0,0.0,4.0,0.0,,,Hawke's Bay Region,Nil,2-way,Sealed,0.0,0.0,,50.0,,Null,1.0,0.0,,30.0,Hastings District,Give way,,,,,0.0,0.0,Urban,0.0,,,Fine
424423,1930123.0,5613726.0,545831.0,0.0,0.0,2.0,East,2009/2010,SH 50,FRANKLIN ROAD,Minor Crash,Yes,2010,West,0.0,,Flat,,,,,Overcast,1404600.0,1.0,0.0,0.0,2.0,0.0,,,Hawke's Bay Region,Nil,2-way,Sealed,0.0,0.0,,100.0,,Null,0.0,0.0,,30.0,Hastings District,Nil,,,,,0.0,0.0,Open,0.0,,,Light rain
670767,1932717.0,5603415.0,545721.0,0.0,0.0,1.0,East,2004/2005,CROSSES ROAD,ST GEORGES ROAD,Non-Injury Crash,No,2004,East,0.0,0.0,Flat,0.0,,0.0,0.0,Dark,1473100.0,0.0,0.0,0.0,2.0,0.0,0.0,,Hawke's Bay Region,Nil,2-way,Sealed,0.0,0.0,0.0,50.0,0.0,None,0.0,0.0,,30.0,Hastings District,Nil,0.0,0.0,0.0,0.0,0.0,0.0,Urban,0.0,0.0,0.0,Mist or Fog