OBJECTID,X,Y,areaUnitID,bicycle,bus,carStationWagon,crashDirectionDescription,crashFinancialYear,crashLocation1,crashLocation2,crashSeverity,crashSHDescription,crashYear,directionRoleDescription,fatalCount,fence,flatHill,guardRail,holiday,houseOrBuilding,kerb,light,meshblockId,minorInjuryCount,moped,motorcycle,NumberOfLanes,otherVehicleType,parkedVehicle,pedestrian,region,roadCharacter,roadLane,roadSurface,schoolBus,seriousInjuryCount,slipOrFlood,speedLimit,strayAnimal,streetLight,suv,taxi,temporarySpeedLimit,tlaId,tlaName,trafficControl,trafficIsland,trafficSign,train,tree,truck,unknownVehicleType,urban,vanOrUtility,vehicle,waterRiver,weatherA
49386,1909814.0,5604671.0,545841.0,0.0,0.0,2.0,West,2013/2014,SH 50,WHAKAPIRAU ROAD,Fatal Crash,Yes,2014,East,1.0,0.0,Flat,0.0,,0.0,0.0,Bright sun,1462700.0,3.0,0.0,0.0,2.0,0.0,0.0,,Hawke's Bay Region,Nil,2-way,Sealed,0.0,0.0,0.0,100.0,0.0,Null,0.0,0.0,,30.0,Hastings District,Unknown,0.0,0.0,0.0,0.0,0.0,0.0,Open,0.0,0.0,0.0,Fine
116417,1937821.0,5608450.0,545740.0,0.0,0.0,1.0,East,2006/2007,MILL ROAD,LAWN ROAD,Non-Injury Crash,No,2006,South,0.0,0.0,Hill Road,0.0,,0.0,0.0,Overcast,1406900.0,0.0,0.0,0.0,2.0,0.0,0.0,,Hawke's Bay Region,Nil,2-way,Sealed,0.0,0.0,0.0,100.0,0.0,Null,0.0,0.0,,30.0,Hastings District,Nil,0.0,0.0,0.0,0.0,0.0,0.0,Open,0.0,0.0,0.0,Fine
356499,1931560.0,5602871.0,545762.0,0.0,0.0,1.0,Null,2009/2010,HAVELOCK ROAD,ST GEORGES ROAD,Non-Injury Crash,No,2010,South,0.0,0.0,Flat,0.0,,0.0,0.0,Dark,1468600.0,0.0,0.0,0.0,2.0,0.0,0.0,,Hawke's Bay Region,Nil,2-way,Sealed,0.0,0.0,0.0,70.0,0.0,On,0.0,0.0,,30.0,Hastings District,Give way,0.0,0.0,0.0,0.0,0.0,0.0,Urban,0.0,0.0,0.0,Fine
222034,1928679.0,5604778.0,547900.0,0.0,0.0,2.0,Null,2008/2009,SOUTHLAND ROAD,GORDON ROAD,Non-Injury Crash,No,2009,West,0.0,,Flat,,,,,Overcast,1482100.0,0.0,0.0,0.0,2.0,0.0,,,Hawke's Bay Region,Nil,2-way,Sealed,0.0,0.0,,50.0,,Null,0.0,0.0,,30.0,Hastings District,Nil,,,,,0.0,0.0,Urban,0.0,,,Fine
517030,1930185.0,5605031.0,548200.0,0.0,0.0,2.0,Null,2010/2011,ST AUBYN ST EAST,KARAMU ROAD NORTH,Minor Crash,No,2011,South,0.0,,Flat,,,,,Dark,1494100.0,1.0,0.0,0.0,4.0,0.0,,,Hawke's Bay Region,Nil,2-way,Sealed,0.0,0.0,,50.0,,On,0.0,0.0,,30.0,Hastings District,Traffic Signals,,,,,0.0,0.0,Urban,0.0,,,Fine
322339,1933426.7073,5602862.7949,545750.0,0.0,0.0,1.0,Null,2018/2019,ROMANES DRIVE,NAPIER ROAD,Non-Injury Crash,No,2018,West,0.0,0.0,Flat,0.0,,0.0,0.0,Dark,1466202.0,0.0,0.0,0.0,2.0,0.0,0.0,,Hawke's Bay Region,Nil,2-way,Sealed,0.0,0.0,0.0,50.0,0.0,On,0.0,0.0,,30.0,Hastings District,Give way,1.0,0.0,0.0,0.0,0.0,0.0,Urban,0.0,0.0,0.0,Fine
11064,1935457.0,5607342.0,545722.0,0.0,0.0,1.0,North,2012/2013,LAWN ROAD,PILCHER ROAD,Minor Crash,No,2013,South,0.0,0.0,Flat,0.0,,0.0,0.0,Overcast,1406501.0,1.0,0.0,0.0,2.0,0.0,0.0,,Hawke's Bay Region,Nil,2-way,Sealed,0.0,0.0,0.0,100.0,0.0,Null,0.0,0.0,,30.0,Hastings District,Nil,0.0,0.0,0.0,0.0,0.0,0.0,Open,0.0,0.0,0.0,Fine
23295,1929119.0,5605838.0,547700.0,1.0,0.0,1.0,South,2016/2017,HERETAUNGA ST WEST,TOWNSHEND ST,Minor Crash,No,2016,South,0.0,,Flat,,Christmas New Year,,,Bright sun,1487100.0,2.0,0.0,0.0,2.0,0.0,,,Hawke's Bay Region,Nil,2-way,Sealed,0.0,0.0,,50.0,,Null,0.0,0.0,,30.0,Hastings District,Nil,,,,,0.0,0.0,Urban,0.0,,,Fine
127790,1924450.0,5607666.0,548612.0,0.0,0.0,1.0,North,2001/2002,RALEIGH ST,CARTIER CRESCENT S,Non-Injury Crash,No,2001,North,0.0,0.0,Flat,0.0,,0.0,0.0,Bright sun,1474111.0,0.0,0.0,0.0,2.0,0.0,0.0,,Hawke's Bay Region,Nil,2-way,Sealed,0.0,0.0,0.0,50.0,0.0,Null,0.0,0.0,,30.0,Hastings District,Nil,0.0,0.0,0.0,0.0,0.0,0.0,Urban,0.0,0.0,0.0,Fine
249198,1932575.0,5608502.0,545721.0,0.0,0.0,2.0,Null,2000/2001,RUAHAPIA ROAD,WHAKATU ROAD,Non-Injury Crash,No,2000,East,0.0,,Flat,,,,,Twilight,1471600.0,0.0,0.0,0.0,2.0,0.0,,,Hawke's Bay Region,Nil,2-way,Sealed,0.0,0.0,,100.0,,Off,0.0,0.0,,30.0,Hastings District,Give way,,,,,0.0,0.0,Open,0.0,,,Fine
152020,1910034.0,5664457.0,545911.0,0.0,0.0,1.0,North,2005/2006,SH 5,SUMMIT KIOSK,Non-Injury Crash,Yes,2005,South,0.0,0.0,Hill Road,0.0,,0.0,0.0,Overcast,1414300.0,0.0,0.0,0.0,2.0,0.0,0.0,,Hawke's Bay Region,Nil,2-way,Sealed,0.0,0.0,0.0,100.0,0.0,Null,0.0,0.0,,30.0,Hastings District,Nil,0.0,0.0,0.0,0.0,0.0,0.0,Open,0.0,0.0,0.0,Light rain
625652,1927416.0,5605221.0,545761.0,0.0,0.0,1.0,West,2002/2003,MARAEKAKAHO ROAD,SH 50A,Non-Injury Crash,No,2002,East,0.0,,Flat,,,,,Overcast,1468801.0,0.0,0.0,0.0,2.0,0.0,,,Hawke's Bay Region,Nil,2-way,Sealed,0.0,0.0,,100.0,,Null,0.0,0.0,,30.0,Hastings District,Nil,,,,,0.0,0.0,Open,1.0,,,Fine
564433,1938925.0,5594401.0,545860.0,0.0,0.0,1.0,East,2006/2007,WAIMARAMA ROAD,MARAETOTARA ROAD,Minor Crash,No,2006,South,0.0,,Flat,,,,,Bright sun,1467500.0,1.0,0.0,0.0,2.0,0.0,,,Hawke's Bay Region,Nil,2-way,Sealed,0.0,0.0,,100.0,,Null,0.0,0.0,,30.0,Hastings District,Nil,,,,,0.0,0.0,Open,1.0,,,Fine
238913,1930065.0,5604789.0,548200.0,0.0,0.0,2.0,Null,2011/2012,WARREN ST NORTH,QUEEN ST EAST,Non-Injury Crash,No,2012,South,0.0,,Flat,,,,,Bright sun,1493400.0,0.0,0.0,0.0,2.0,0.0,,,Hawke's Bay Region,Nil,2-way,Sealed,0.0,0.0,,50.0,,Null,0.0,0.0,,30.0,Hastings District,Give way,,,,,0.0,0.0,Urban,0.0,,,Fine
520088,1934165.0,5606358.0,545722.0,0.0,0.0,1.0,North,2013/2014,NAPIER ROAD,LAWN ROAD,Non-Injury Crash,No,2014,North,0.0,,Flat,,,,,Bright sun,1406701.0,0.0,0.0,0.0,2.0,0.0,,,Hawke's Bay Region,Nil,2-way,Sealed,0.0,0.0,,80.0,,Null,0.0,0.0,,30.0,Hastings District,Unknown,,,,,1.0,0.0,Open,0.0,,,Fine
19503,1921029.0,5620994.0,545821.0,0.0,0.0,0.0,West,2017/2018,DARTMOOR ROAD,APLEY ROAD,Minor Crash,No,2018,East,0.0,,Flat,,,,,Overcast,1411100.0,1.0,0.0,1.0,2.0,0.0,,,Hawke's Bay Region,Nil,2-way,Sealed,0.0,0.0,,100.0,,Null,0.0,0.0,,30.0,Hastings District,Unknown,,,,,0.0,0.0,Open,0.0,,,Fine
356714,1910336.0,5604646.0,545841.0,0.0,0.0,1.0,South,2001/2002,SH 50,KERERU ROAD,Minor Crash,Yes,2001,North,0.0,0.0,Flat,0.0,,0.0,0.0,Dark,1462401.0,1.0,0.0,0.0,2.0,0.0,0.0,,Hawke's Bay Region,Nil,2-way,Sealed,0.0,0.0,0.0,100.0,0.0,None,0.0,0.0,,30.0,Hastings District,Nil,0.0,1.0,0.0,0.0,0.0,0.0,Open,0.0,0.0,0.0,Light rain
417310,1908333.0,5674890.0,545911.0,0.0,0.0,0.0,North,2005/2006,SH 5,TARAWERA TAV,Non-Injury Crash,Yes,2005,North,0.0,,Hill Road,,,,,Overcast,1281200.0,0.0,0.0,0.0,2.0,0.0,,,Hawke's Bay Region,Nil,2-way,Sealed,0.0,0.0,,100.0,,Null,1.0,0.0,,30.0,Hastings District,Nil,,,,,0.0,0.0,Open,0.0,,,Mist or Fog
243661,1929814.0,5604753.0,548200.0,0.0,0.0,1.0,North,2004/2005,KARAMU ROAD SOUTH,EASTBOURNE ST EAST,Minor Crash,No,2005,North,0.0,0.0,Flat,0.0,,0.0,0.0,Bright sun,1492000.0,1.0,0.0,0.0,2.0,0.0,1.0,,Hawke's Bay Region,Nil,2-way,Sealed,0.0,0.0,0.0,50.0,0.0,Null,0.0,0.0,,30.0,Hastings District,Nil,0.0,0.0,0.0,0.0,0.0,0.0,Urban,2.0,0.0,0.0,Fine
481498,1917772.0,5653964.0,545912.0,0.0,0.0,0.0,North,2010/2011,SH 5,TE POHUE LOOP ROAD,Non-Injury Crash,Yes,2010,North,0.0,0.0,Hill Road,0.0,Christmas New Year,0.0,0.0,Dark,1414504.0,0.0,0.0,0.0,3.0,0.0,0.0,,Hawke's Bay Region,Nil,2-way,Sealed,0.0,0.0,0.0,100.0,0.0,None,0.0,0.0,,30.0,Hastings District,Nil,0.0,0.0,0.0,0.0,0.0,0.0,Open,1.0,0.0,0.0,Fine
703772,1928256.0,5602150.0,545762.0,1.0,0.0,1.0,North,2006/2007,RIVERSLEA ROAD SOUTH,DAVIS ROAD,Serious Crash,No,2006,North,0.0,,Flat,,,,,Bright sun,1468200.0,0.0,0.0,0.0,2.0,0.0,,,Hawke's Bay Region,Nil,2-way,Sealed,0.0,1.0,,100.0,,Null,0.0,0.0,,30.0,Hastings District,Nil,,,,,0.0,0.0,Open,0.0,,,Fine
501558,1931747.0,5601947.0,548810.0,0.0,0.0,4.0,West,2017/2018,LIPSCOMBE CRESCENT,MCDUFF PLACE,Non-Injury Crash,No,2018,East,0.0,0.0,Flat,0.0,,0.0,0.0,Overcast,1504900.0,0.0,0.0,0.0,1.0,0.0,3.0,,Hawke's Bay Region,Nil,2-way,Sealed,0.0,0.0,0.0,50.0,0.0,Null,0.0,0.0,,30.0,Hastings District,Unknown,0.0,0.0,0.0,0.0,0.0,0.0,Urban,0.0,0.0,0.0,Fine
38172,1926056.0,5618621.0,545821.0,0.0,0.0,1.0,East,2001/2002,OMARUNUI ROAD,VICARAGE ROAD,Minor Crash,No,2001,East,0.0,,Hill Road,,,,,Bright sun,1408700.0,1.0,0.0,0.0,2.0,0.0,,,Hawke's Bay Region,Nil,2-way,Sealed,0.0,0.0,,100.0,,Null,0.0,0.0,,30.0,Hastings District,Nil,,,,,0.0,0.0,Open,1.0,,,Fine
308270,1925561.0,5613092.0,545822.0,0.0,0.0,1.0,South,2001/2002,SH 50,OMARUNUI ROAD,Non-Injury Crash,Yes,2002,North,0.0,1.0,Flat,0.0,,0.0,0.0,Dark,1408800.0,0.0,0.0,0.0,2.0,0.0,0.0,,Hawke's Bay Region,Nil,2-way,Sealed,0.0,0.0,0.0,100.0,0.0,None,0.0,0.0,,30.0,Hastings District,Nil,0.0,0.0,0.0,0.0,0.0,0.0,Open,0.0,0.0,0.0,Fine
318236,1928379.0,5606178.0,548500.0,0.0,0.0,1.0,Null,2007/2008,ORCHARD ROAD,MCLEOD ST,Non-Injury Crash,No,2008,West,0.0,1.0,Flat,0.0,,0.0,0.0,Dark,1479600.0,0.0,0.0,0.0,2.0,0.0,0.0,,Hawke's Bay Region,Nil,2-way,Sealed,0.0,0.0,0.0,50.0,0.0,On,0.0,0.0,,30.0,Hastings District,Give way,0.0,0.0,0.0,0.0,0.0,0.0,Urban,0.0,0.0,0.0,Fine
359779,1933123.0,5610546.0,545832.0,0.0,0.0,0.0,East,2016/2017,GILBERTSON ROAD,PAKOWHAI ROAD,Minor Crash,No,2017,East,0.0,0.0,Flat,0.0,,0.0,0.0,Overcast,1404000.0,1.0,0.0,0.0,1.0,0.0,0.0,,Hawke's Bay Region,Nil,2-way,Sealed,0.0,0.0,0.0,80.0,0.0,Null,0.0,0.0,,30.0,Hastings District,Unknown,0.0,0.0,0.0,0.0,0.0,0.0,Open,1.0,0.0,0.0,Fine
282654,1934195.0,5607174.0,545722.0,0.0,0.0,1.0,South,2008/2009,NAPIER ROAD,SH 2,Non-Injury Crash,No,2008,North,0.0,0.0,Flat,0.0,,0.0,0.0,Twilight,1406701.0,0.0,0.0,0.0,2.0,0.0,0.0,,Hawke's Bay Region,Nil,2-way,Sealed,0.0,0.0,0.0,100.0,0.0,On,0.0,0.0,,30.0,Hastings District,Give way,1.0,0.0,0.0,0.0,0.0,0.0,Open,0.0,0.0,0.0,Fine
236094,1929956.0,5604530.0,548200.0,0.0,0.0,2.0,Null,2003/2004,HASTINGS ST SOUTH,EASTBOURNE ST EAST,Non-Injury Crash,No,2004,North,0.0,,Flat,,,,,Bright sun,1493200.0,0.0,0.0,0.0,2.0,0.0,,,Hawke's Bay Region,Nil,2-way,Sealed,0.0,0.0,,50.0,,Null,0.0,0.0,,30.0,Hastings District,Give way,,,,,0.0,0.0,Urban,0.0,,,Fine
148636,1930725.0,5606586.0,547600.0,1.0,0.0,1.0,South,2000/2001,TOMOANA ROAD,WILLIAMS ST,Minor Crash,No,2001,North,0.0,,Flat,,,,,Bright sun,1483900.0,1.0,0.0,0.0,2.0,0.0,,,Hawke's Bay Region,Nil,2-way,Sealed,0.0,0.0,,50.0,,Null,0.0,0.0,,30.0,Hastings District,Nil,,,,,0.0,0.0,Urban,0.0,,,Fine
159803,1927299.0,5607674.0,545710.0,0.0,0.0,2.0,Null,2000/2001,ORMOND ROAD,OMAHU ROAD,Non-Injury Crash,No,2001,South,0.0,,Flat,,,,,Twilight,1471000.0,0.0,0.0,0.0,2.0,0.0,,,Hawke's Bay Region,Nil,2-way,Sealed,0.0,0.0,,50.0,,On,0.0,0.0,,30.0,Hastings District,Give way,,,,,0.0,0.0,Urban,0.0,,,Light rain
573187,1918643.0,5652876.0,545912.0,0.0,0.0,1.0,North,2014/2015,SH 5,TE POHUE LOOP ROAD S,Non-Injury Crash,Yes,2014,North,0.0,0.0,Hill Road,0.0,Christmas New Year,0.0,0.0,Dark,1414504.0,0.0,0.0,0.0,2.0,0.0,0.0,,Hawke's Bay Region,Nil,2-way,Sealed,0.0,0.0,0.0,100.0,0.0,None,0.0,0.0,,30.0,Hastings District,Unknown,0.0,0.0,0.0,0.0,0.0,0.0,Open,0.0,0.0,0.0,Fine
228465,1935947.0,5646349.0,545911.0,0.0,0.0,0.0,North,2008/2009,SH 2,AROPAOANUI ROAD,Non-Injury Crash,Yes,2008,West,0.0,,Hill Road,,,,,Bright sun,1415400.0,0.0,0.0,0.0,2.0,0.0,,,Hawke's Bay Region,Nil,2-way,Sealed,0.0,0.0,,100.0,,Null,0.0,0.0,,30.0,Hastings District,Nil,,,,,1.0,0.0,Open,1.0,,,Fine
268397,1929277.0,5605030.0,548200.0,0.0,0.0,0.0,South,2015/2016,SOUTHAMPTON ST WEST,NELSON ST SOUTH,Non-Injury Crash,No,2015,North,0.0,,Flat,,,,,Overcast,1489100.0,0.0,0.0,0.0,2.0,0.0,,,Hawke's Bay Region,Nil,2-way,Sealed,0.0,0.0,,50.0,,Null,1.0,0.0,,30.0,Hastings District,Give way,,,,,0.0,0.0,Urban,1.0,,,Light rain
674458,1927852.0,5606544.0,548500.0,0.0,0.0,1.0,Null,2011/2012,KIWI ST,EVENDEN ROAD,Non-Injury Crash,No,2011,North,0.0,,Flat,,,,,Bright sun,1479300.0,0.0,0.0,0.0,4.0,0.0,,,Hawke's Bay Region,Nil,2-way,Sealed,0.0,0.0,,100.0,,Null,0.0,0.0,,30.0,Hastings District,Give way,,,,,1.0,0.0,Open,0.0,,,Fine
337333,1932032.0,5606171.0,545721.0,1.0,0.0,1.0,Null,2004/2005,SH 2,ELWOOD ROAD,Fatal Crash,Yes,2005,East,1.0,,Flat,,,,,Twilight,1472403.0,0.0,0.0,0.0,2.0,0.0,,,Hawke's Bay Region,Nil,2-way,Sealed,0.0,0.0,,70.0,,Off,0.0,0.0,,30.0,Hastings District,Give way,,,,,0.0,0.0,Urban,0.0,,,Fine
45983,1929428.0,5605348.0,548200.0,0.0,0.0,2.0,South,2005/2006,SOUTHLAND ROAD,HERETAUNGA ST WEST,Non-Injury Crash,No,2006,West,0.0,,Flat,,,,,Dark,1488800.0,0.0,0.0,0.0,2.0,0.0,,,Hawke's Bay Region,Nil,2-way,Sealed,0.0,0.0,,50.0,,On,0.0,0.0,,30.0,Hastings District,Nil,,,,,0.0,0.0,Urban,0.0,,,Fine
505621,1933205.0,5602516.0,548831.0,0.0,0.0,2.0,Null,2004/2005,NAPIER ROAD,CROSSES ROAD,Non-Injury Crash,No,2004,North,0.0,,Flat,,,,,Bright sun,1509100.0,0.0,0.0,0.0,2.0,0.0,,,Hawke's Bay Region,Nil,2-way,Sealed,0.0,0.0,,50.0,,Null,0.0,0.0,,30.0,Hastings District,Give way,,,,,0.0,0.0,Urban,0.0,,,Fine
211864,1929851.0,5605477.0,548200.0,0.0,0.0,2.0,Null,2005/2006,ST AUBYN ST WEST,NELSON ST NORTH,Minor Crash,No,2006,South,0.0,,Flat,,,,,Dark,1491000.0,1.0,0.0,0.0,6.0,0.0,,,Hawke's Bay Region,Nil,2-way,Sealed,0.0,0.0,,50.0,,On,0.0,0.0,,30.0,Hastings District,Traffic Signals,,,,,0.0,0.0,Urban,0.0,,,Fine
119473,1924708.0,5637681.0,545811.0,0.0,0.0,1.0,South,2001/2002,SH 5,GLENGARRY ROAD,Non-Injury Crash,Yes,2001,North,0.0,0.0,Hill Road,0.0,,0.0,0.0,Bright sun,1414800.0,0.0,0.0,0.0,3.0,0.0,0.0,,Hawke's Bay Region,Nil,2-way,Sealed,0.0,0.0,0.0,100.0,0.0,Null,0.0,0.0,,30.0,Hastings District,Nil,0.0,0.0,0.0,0.0,0.0,0.0,Open,0.0,0.0,0.0,Fine
372992,1932339.6357,5606187.5205,545721.0,0.0,0.0,2.0,West,2019/2020,SH 51,BENNETT ROAD,Non-Injury Crash,Yes,2019,East,0.0,,Flat,,,,,Overcast,1471700.0,0.0,0.0,0.0,2.0,0.0,,,Hawke's Bay Region,Nil,2-way,Sealed,0.0,0.0,,70.0,,None,0.0,0.0,,30.0,Hastings District,Unknown,,,,,0.0,0.0,Urban,0.0,,,Fine
108079,1923780.0,5607222.0,548612.0,0.0,0.0,1.0,East,2009/2010,PORTSMOUTH ROAD,DIAZ DRIVE,Serious Crash,No,2010,West,0.0,0.0,Flat,0.0,,0.0,0.0,Dark,1474001.0,0.0,0.0,0.0,2.0,0.0,0.0,,Hawke's Bay Region,Nil,2-way,Sealed,0.0,1.0,0.0,50.0,0.0,On,0.0,0.0,,30.0,Hastings District,Nil,0.0,0.0,0.0,1.0,0.0,0.0,Urban,0.0,0.0,0.0,Fine
438113,1929640.0,5604801.0,548200.0,0.0,0.0,2.0,East,2005/2006,Z CPK GGC TOWER,RAILWAY/LYNDON WEST,Non-Injury Crash,No,2006,North,0.0,0.0,Flat,0.0,,0.0,0.0,Bright sun,1489900.0,0.0,0.0,0.0,1.0,0.0,1.0,,Hawke's Bay Region,Nil,Off road,Sealed,0.0,0.0,0.0,50.0,0.0,Null,0.0,0.0,,30.0,Hastings District,Nil,0.0,0.0,0.0,0.0,0.0,0.0,Urban,0.0,0.0,0.0,Fine
489239,1927147.0,5607772.0,545710.0,0.0,0.0,1.0,North,2016/2017,OMAHU ROAD,WILSON ROAD,Non-Injury Crash,No,2017,North,0.0,,Flat,,,,,Bright sun,1471000.0,0.0,0.0,0.0,2.0,0.0,,,Hawke's Bay Region,Nil,2-way,Sealed,0.0,0.0,,50.0,,Null,0.0,0.0,,30.0,Hastings District,Nil,,,,,1.0,0.0,Urban,0.0,,,Fine
369578,1934550.0,5641199.0,545811.0,0.0,0.0,3.0,North,2014/2015,SH 2,TANGOIO SETTLEMENT ROAD S,Serious Crash,Yes,2014,South,0.0,,Hill Road,,Christmas New Year,,,Bright sun,1415600.0,2.0,0.0,0.0,2.0,0.0,,,Hawke's Bay Region,Nil,2-way,Sealed,0.0,1.0,,100.0,,None,0.0,0.0,,30.0,Hastings District,Nil,,,,,0.0,0.0,Open,0.0,,,Fine
495256,1932606.0,5606198.0,545721.0,0.0,0.0,2.0,Null,2009/2010,SH 2,ST GEORGES ROAD,Non-Injury Crash,Yes,2010,South,0.0,,Flat,,,,,Bright sun,1472300.0,0.0,0.0,0.0,2.0,0.0,,,Hawke's Bay Region,Nil,2-way,Sealed,0.0,0.0,,70.0,,Null,0.0,0.0,,30.0,Hastings District,Give way,,,,,0.0,0.0,Urban,0.0,,,Fine
355050,1933311.0,5601490.0,548832.0,0.0,0.0,1.0,Null,2004/2005,DUART ROAD,GILLEAN ST,Non-Injury Crash,No,2005,South,0.0,1.0,Hill Road,0.0,,0.0,0.0,Overcast,1509000.0,0.0,0.0,0.0,2.0,0.0,0.0,,Hawke's Bay Region,Nil,2-way,Sealed,0.0,0.0,0.0,50.0,0.0,Null,0.0,0.0,,30.0,Hastings District,Give way,0.0,0.0,0.0,1.0,0.0,0.0,Urban,0.0,0.0,0.0,Fine
602749,1929464.0,5605185.0,548200.0,0.0,0.0,2.0,Null,2015/2016,NELSON ST SOUTH,EASTBOURNE ST WEST,Non-Injury Crash,No,2016,North,0.0,,Flat,,,,,Bright sun,1488900.0,0.0,0.0,0.0,2.0,0.0,,,Hawke's Bay Region,Nil,2-way,Sealed,0.0,0.0,,50.0,,Off,0.0,0.0,,30.0,Hastings District,Stop,,,,,0.0,0.0,Urban,0.0,,,Fine
127544,1926060.0,5607687.0,545761.0,0.0,0.0,1.0,South,2009/2010,HENDERSON ROAD,STEVENS PLACE,Non-Injury Crash,No,2010,North,0.0,,Flat,,,,,Overcast,1470002.0,0.0,0.0,0.0,2.0,0.0,,,Hawke's Bay Region,Nil,2-way,Sealed,0.0,0.0,,50.0,,Null,1.0,0.0,,30.0,Hastings District,Nil,,,,,0.0,0.0,Urban,0.0,,,Light rain
290688,1931330.0,5614639.0,545831.0,0.0,0.0,2.0,North,2008/2009,SH 50,SH 50A,Non-Injury Crash,Yes,2009,North,0.0,,Flat,,,,,Dark,1404600.0,0.0,0.0,0.0,2.0,0.0,,,Hawke's Bay Region,Nil,2-way,Sealed,0.0,0.0,,100.0,,None,1.0,0.0,,30.0,Hastings District,Nil,,,,,0.0,0.0,Open,0.0,,,Light rain
652993,1930149.0,5604677.0,548200.0,0.0,0.0,2.0,Null,2001/2002,HASTINGS ST NORTH,QUEEN ST EAST,Non-Injury Crash,No,2002,North,0.0,,Flat,,,,,Bright sun,1493400.0,0.0,0.0,0.0,2.0,0.0,,,Hawke's Bay Region,Nil,2-way,Sealed,0.0,0.0,,50.0,,Null,0.0,0.0,,30.0,Hastings District,Give way,,,,,0.0,0.0,Urban,0.0,,,Fine
271208,1929549.0,5604672.0,548200.0,0.0,0.0,1.0,Null,2010/2011,RAILWAY ROAD,SOUTHAMPTON ST WEST,Non-Injury Crash,No,2011,East,0.0,,Flat,,Queens Birthday,,,Bright sun,1489700.0,0.0,0.0,0.0,2.0,0.0,,,Hawke's Bay Region,Nil,2-way,Sealed,0.0,0.0,,50.0,,Null,0.0,0.0,,30.0,Hastings District,Traffic Signals,,,,,0.0,0.0,Urban,1.0,,,Fine
427797,1928402.0,5634502.0,545811.0,0.0,0.0,0.0,South,2013/2014,SH 5,ELLIS WALLACE ROAD,Non-Injury Crash,Yes,2014,South,0.0,1.0,Hill Road,0.0,,0.0,0.0,Overcast,1414800.0,0.0,0.0,0.0,2.0,0.0,0.0,,Hawke's Bay Region,Nil,2-way,Sealed,0.0,0.0,0.0,100.0,0.0,Null,0.0,0.0,,30.0,Hastings District,Unknown,0.0,0.0,0.0,0.0,1.0,0.0,Open,0.0,0.0,0.0,Fine
494344,1934180.0,5607200.0,545722.0,0.0,0.0,1.0,Null,2004/2005,SH 2,NAPIER ROAD,Fatal Crash,Yes,2005,South,1.0,,Flat,,,,,Overcast,1406200.0,0.0,0.0,0.0,3.0,0.0,,,Hawke's Bay Region,Nil,2-way,Sealed,0.0,0.0,,100.0,,On,0.0,0.0,,30.0,Hastings District,Give way,,,,,1.0,0.0,Open,0.0,,,Fine
721455,1930835.0,5605863.0,548000.0,0.0,0.0,1.0,Null,2013/2014,CAROLINE ROAD,FREDERICK ST,Non-Injury Crash,No,2014,East,0.0,0.0,Flat,0.0,,0.0,0.0,Overcast,1495400.0,0.0,0.0,0.0,2.0,0.0,0.0,,Hawke's Bay Region,Nil,2-way,Sealed,0.0,0.0,0.0,50.0,0.0,Off,0.0,0.0,,30.0,Hastings District,Give way,0.0,0.0,0.0,0.0,0.0,0.0,Urban,0.0,0.0,0.0,Light rain
388526,1936488.0,5611059.0,545730.0,0.0,0.0,1.0,West,2008/2009,SCHOOL ROAD,CLIVE TERRACE,Non-Injury Crash,No,2009,East,0.0,0.0,Flat,0.0,,0.0,0.0,Dark,1405006.0,0.0,0.0,0.0,2.0,0.0,0.0,,Hawke's Bay Region,Nil,2-way,Sealed,0.0,0.0,0.0,100.0,0.0,None,0.0,0.0,,30.0,Hastings District,Nil,0.0,0.0,0.0,0.0,0.0,0.0,Open,0.0,0.0,0.0,Mist or Fog
431478,1928377.0,5606672.0,547800.0,0.0,0.0,2.0,East,2004/2005,OMAHU ROAD,KARAITIANA ST,Non-Injury Crash,No,2005,West,0.0,,Flat,,,,,Bright sun,1477400.0,0.0,0.0,0.0,2.0,0.0,,,Hawke's Bay Region,Nil,2-way,Sealed,0.0,0.0,,50.0,,Null,0.0,0.0,,30.0,Hastings District,Nil,,,,,0.0,0.0,Urban,0.0,,,Fine
720708,1930257.0,5604934.0,548200.0,0.0,0.0,2.0,Null,2015/2016,WARREN ST NORTH,ST AUBYN ST EAST,Non-Injury Crash,No,2015,South,0.0,0.0,Flat,0.0,,0.0,0.0,Bright sun,1493501.0,0.0,0.0,0.0,2.0,0.0,0.0,,Hawke's Bay Region,Nil,2-way,Sealed,0.0,0.0,0.0,50.0,0.0,Null,0.0,0.0,,30.0,Hastings District,Give way,1.0,0.0,0.0,0.0,0.0,0.0,Urban,0.0,0.0,0.0,Fine
376305,1930161.0,5604861.0,548200.0,0.0,0.0,2.0,Null,2004/2005,WARREN STREET NORTH,AVENUE ROAD EAST,Non-Injury Crash,No,2005,East,0.0,,Flat,,,,,Overcast,1493400.0,0.0,0.0,0.0,2.0,0.0,,,Hawke's Bay Region,Nil,2-way,Sealed,0.0,0.0,,50.0,,Null,0.0,1.0,,30.0,Hastings District,Give way,,,,,0.0,0.0,Urban,0.0,,,Light rain