OBJECTID,X,Y,areaUnitID,bicycle,bus,carStationWagon,crashDirectionDescription,crashFinancialYear,crashLocation1,crashLocation2,crashSeverity,crashSHDescription,crashYear,directionRoleDescription,fatalCount,fence,flatHill,guardRail,holiday,houseOrBuilding,kerb,light,meshblockId,minorInjuryCount,moped,motorcycle,NumberOfLanes,otherVehicleType,parkedVehicle,pedestrian,region,roadCharacter,roadLane,roadSurface,schoolBus,seriousInjuryCount,slipOrFlood,speedLimit,strayAnimal,streetLight,suv,taxi,temporarySpeedLimit,tlaId,tlaName,trafficControl,trafficIsland,trafficSign,train,tree,truck,unknownVehicleType,urban,vanOrUtility,vehicle,waterRiver,weatherA
518654,1930149.0,5604677.0,548200.0,0.0,0.0,2.0,Null,2012/2013,HASTINGS ST NORTH,QUEEN ST EAST,Non-Injury Crash,No,2012,West,0.0,,Flat,,,,,Bright sun,1493400.0,0.0,0.0,0.0,2.0,0.0,,,Hawke's Bay Region,Nil,2-way,Sealed,0.0,0.0,,50.0,,Null,0.0,0.0,,30.0,Hastings District,Give way,,,,,0.0,0.0,Urban,0.0,,,Fine
527252,1932537.0,5603588.0,545721.0,2.0,0.0,1.0,Null,2002/2003,ST GEORGES ROAD,CROSSES ROAD,Minor Crash,No,2003,North,0.0,,Flat,,,,,Bright sun,1472702.0,2.0,0.0,0.0,2.0,0.0,,,Hawke's Bay Region,Nil,2-way,Sealed,0.0,0.0,,100.0,,Null,0.0,0.0,,30.0,Hastings District,Give way,,,,,0.0,0.0,Open,0.0,,,Fine
585361,1930082.0,5603553.0,548300.0,0.0,0.0,1.0,East,2000/2001,LAWRENCE ST,PARK ROAD SOUTH,Non-Injury Crash,No,2001,West,0.0,1.0,Flat,0.0,,0.0,0.0,Bright sun,1504300.0,0.0,0.0,0.0,2.0,0.0,0.0,,Hawke's Bay Region,Nil,2-way,Sealed,0.0,0.0,0.0,50.0,0.0,Null,0.0,0.0,,30.0,Hastings District,Nil,0.0,0.0,0.0,0.0,0.0,0.0,Urban,0.0,0.0,0.0,Fine
720233,1919206.0,5646897.0,545811.0,0.0,0.0,1.0,Null,2000/2001,SH 5,OLD TAUPO COACH ROAD,Non-Injury Crash,Yes,2001,North,0.0,,Hill Road,,,,,Overcast,1414700.0,0.0,0.0,0.0,2.0,0.0,,,Hawke's Bay Region,Nil,2-way,Sealed,0.0,0.0,,100.0,,Null,0.0,0.0,,30.0,Hastings District,Nil,,,,,0.0,0.0,Open,0.0,,,Light rain
683806,1931764.0,5604421.0,548000.0,1.0,0.0,1.0,Null,2006/2007,GROVE ROAD,SUSSEX ST,Minor Crash,No,2007,North,0.0,0.0,Flat,0.0,,0.0,0.0,Bright sun,1498900.0,1.0,0.0,0.0,2.0,0.0,0.0,,Hawke's Bay Region,Nil,2-way,Sealed,0.0,0.0,0.0,50.0,0.0,Null,0.0,0.0,,30.0,Hastings District,Nil,0.0,0.0,0.0,0.0,0.0,0.0,Urban,0.0,1.0,0.0,Fine
617820,1928588.0,5604897.0,547900.0,0.0,0.0,2.0,Null,2009/2010,GORDON ROAD,CHARLES ST,Non-Injury Crash,No,2010,South,0.0,,Flat,,Queens Birthday,,,Bright sun,1480800.0,0.0,0.0,0.0,2.0,0.0,,,Hawke's Bay Region,Nil,2-way,Sealed,0.0,0.0,,50.0,,Null,0.0,0.0,,30.0,Hastings District,Give way,,,,,0.0,0.0,Urban,0.0,,,Fine
254647,1929179.0,5605159.0,548200.0,0.0,0.0,2.0,Null,2010/2011,SOUTHAMPTON ST WEST,SOUTHLAND ROAD,Non-Injury Crash,No,2010,South,0.0,,Null,,,,,Dark,1488600.0,0.0,0.0,0.0,1.0,0.0,,,Hawke's Bay Region,Nil,2-way,Sealed,0.0,0.0,,50.0,,On,0.0,0.0,,30.0,Hastings District,Give way,,,,,0.0,0.0,Urban,0.0,,,Heavy rain
687783,1938984.0,5608974.0,545740.0,0.0,0.0,0.0,East,2012/2013,DOMAIN ROAD,GRANGE ROAD NORTH,Serious Crash,No,2013,North,0.0,,Hill Road,,Easter,,,Bright sun,1406801.0,0.0,0.0,1.0,2.0,0.0,,,Hawke's Bay Region,Nil,2-way,Sealed,0.0,1.0,,50.0,,Null,0.0,0.0,,30.0,Hastings District,Nil,,,,,0.0,0.0,Urban,0.0,,,Fine
129676,1905897.0,5600919.0,545841.0,0.0,1.0,1.0,South,2003/2004,SH 50,GLENCOE STATION ROAD,Serious Crash,Yes,2004,South,0.0,1.0,Hill Road,0.0,,0.0,0.0,Overcast,1462500.0,3.0,0.0,0.0,2.0,0.0,0.0,,Hawke's Bay Region,Nil,2-way,Sealed,0.0,1.0,0.0,100.0,0.0,Null,0.0,0.0,,30.0,Hastings District,Nil,0.0,0.0,0.0,0.0,0.0,0.0,Open,0.0,0.0,0.0,Light rain
412090,1918077.8504,5649843.2288,545911.0,0.0,0.0,1.0,North,2019/2020,SH 5,TE POHUE LOOP ROAD,Fatal Crash,Yes,2020,South,2.0,,Hill Road,,,,,Overcast,1415900.0,0.0,0.0,0.0,2.0,0.0,,,Hawke's Bay Region,Nil,2-way,Sealed,0.0,1.0,,100.0,,None,1.0,0.0,,30.0,Hastings District,Nil,,,,,0.0,0.0,Open,0.0,,,Light rain
40178,1930425.0,5604707.0,548200.0,0.0,0.0,2.0,Null,2007/2008,ST AUBYN ST,MILLER ST,Non-Injury Crash,No,2007,North,0.0,,Flat,,Christmas New Year,,,Twilight,1493502.0,0.0,0.0,0.0,2.0,0.0,,,Hawke's Bay Region,Nil,2-way,Sealed,0.0,0.0,,50.0,,Off,0.0,0.0,,30.0,Hastings District,Stop,,,,,0.0,0.0,Urban,0.0,,,Fine
446961,1932571.0,5601673.0,548831.0,0.0,0.0,2.0,Null,2002/2003,HAVELOCK ROAD,NAPIER ROAD,Non-Injury Crash,No,2003,South,0.0,,Flat,,,,,Overcast,1509600.0,0.0,0.0,0.0,2.0,0.0,,,Hawke's Bay Region,Nil,2-way,Sealed,0.0,0.0,,50.0,,Null,0.0,0.0,,30.0,Hastings District,Give way,,,,,0.0,0.0,Urban,0.0,,,Light rain
691239,1909292.0,5673320.0,545911.0,0.0,0.0,1.0,South,2008/2009,SH 5,TARAWERA TAV,Serious Crash,Yes,2008,North,0.0,,Hill Road,,Labour Weekend,,,Dark,1281200.0,1.0,0.0,0.0,2.0,0.0,,,Hawke's Bay Region,Nil,2-way,Sealed,0.0,1.0,,100.0,,None,1.0,0.0,,30.0,Hastings District,Nil,,,,,0.0,0.0,Open,0.0,,,Fine
503647,1931339.0,5605747.0,548000.0,0.0,0.0,4.0,East,2016/2017,KARAMU ROAD NORTH,FENWICK ST,Non-Injury Crash,No,2017,West,0.0,0.0,Flat,0.0,,0.0,0.0,Dark,1497200.0,0.0,0.0,0.0,2.0,0.0,1.0,,Hawke's Bay Region,Nil,2-way,Sealed,0.0,0.0,0.0,50.0,0.0,On,0.0,0.0,,30.0,Hastings District,Unknown,0.0,0.0,0.0,0.0,0.0,0.0,Urban,0.0,0.0,0.0,Fine
305489,1932313.0,5608958.0,545721.0,0.0,0.0,1.0,South,2011/2012,RUAHAPIA ROAD,PAKOWHAI ROAD,Non-Injury Crash,No,2011,South,0.0,0.0,Flat,0.0,,0.0,0.0,Bright sun,1471600.0,0.0,0.0,0.0,3.0,0.0,1.0,,Hawke's Bay Region,Nil,2-way,Sealed,0.0,0.0,0.0,100.0,0.0,Null,1.0,0.0,,30.0,Hastings District,Nil,0.0,0.0,0.0,0.0,0.0,0.0,Open,0.0,0.0,0.0,Fine
457764,1923402.0,5614732.0,545821.0,0.0,0.0,1.0,North,2015/2016,SWAMP ROAD,PIRAU ROAD,Minor Crash,No,2016,North,0.0,0.0,Flat,0.0,,0.0,0.0,Dark,1408500.0,1.0,0.0,0.0,2.0,0.0,0.0,,Hawke's Bay Region,Nil,2-way,Sealed,0.0,0.0,0.0,100.0,0.0,Off,0.0,0.0,,30.0,Hastings District,Unknown,0.0,0.0,0.0,0.0,0.0,0.0,Open,0.0,0.0,0.0,Fine
712156,1926471.0,5601602.0,545852.0,0.0,0.0,0.0,South,2008/2009,RAILWAY ROAD SOUTH,LONGLANDS ROAD EAST,Non-Injury Crash,No,2009,South,0.0,0.0,Hill Road,0.0,,0.0,0.0,Dark,1468700.0,0.0,0.0,0.0,2.0,0.0,0.0,,Hawke's Bay Region,Nil,2-way,Sealed,0.0,0.0,0.0,100.0,0.0,None,0.0,0.0,,30.0,Hastings District,Nil,0.0,0.0,0.0,0.0,1.0,0.0,Open,0.0,0.0,0.0,Fine
91995,1932489.0,5601598.0,548810.0,0.0,0.0,2.0,North,2002/2003,Z CPK NEW WORLD,PORTER/MIDDLE,Non-Injury Crash,No,2002,South,0.0,,Flat,,,,,Overcast,1505700.0,0.0,0.0,0.0,1.0,0.0,,,Hawke's Bay Region,Nil,Off road,Sealed,0.0,0.0,,50.0,,Null,0.0,0.0,,30.0,Hastings District,Nil,,,,,0.0,0.0,Urban,0.0,,,Fine
698105,1930367.0,5604176.0,548300.0,0.0,0.0,2.0,Null,2003/2004,HERETAUNGA ST EAST,RIVERSLEA ROAD NORTH,Non-Injury Crash,No,2003,West,0.0,,Flat,,,,,Dark,1501600.0,0.0,0.0,0.0,2.0,0.0,,,Hawke's Bay Region,Nil,2-way,Sealed,0.0,0.0,,50.0,,On,0.0,0.0,,30.0,Hastings District,Give way,,,,,0.0,0.0,Urban,0.0,,,Fine
704029,1929728.5328,5606394.9953,547600.0,0.0,0.0,2.0,Null,2019/2020,TAMATEA STREET,LANE STREET,Non-Injury Crash,No,2020,South,0.0,0.0,Flat,0.0,,0.0,0.0,Bright sun,1485600.0,0.0,0.0,0.0,1.0,0.0,1.0,,Hawke's Bay Region,Nil,2-way,Sealed,0.0,0.0,0.0,50.0,0.0,Off,0.0,0.0,,30.0,Hastings District,Nil,0.0,0.0,0.0,0.0,0.0,0.0,Urban,0.0,0.0,0.0,Fine
510452,1930472.0,5607553.0,545721.0,0.0,0.0,1.0,Null,2018/2019,PAKOWHAI ROAD,EVENDEN ROAD,Non-Injury Crash,No,2018,South,0.0,0.0,Flat,0.0,,0.0,0.0,Overcast,1471401.0,0.0,0.0,0.0,2.0,0.0,0.0,,Hawke's Bay Region,Nil,2-way,Sealed,0.0,0.0,0.0,50.0,0.0,Null,0.0,0.0,,30.0,Hastings District,Give way,0.0,0.0,0.0,0.0,0.0,0.0,Urban,0.0,0.0,0.0,Light rain
513719,1929507.0,5608865.0,545710.0,0.0,0.0,2.0,Null,2015/2016,EVENDEN ROAD,SH 50A,Non-Injury Crash,Yes,2015,North,0.0,,Flat,,,,,Overcast,1471100.0,0.0,0.0,0.0,2.0,0.0,,,Hawke's Bay Region,Nil,2-way,Sealed,0.0,0.0,,100.0,,Null,0.0,0.0,,30.0,Hastings District,Give way,,,,,0.0,0.0,Open,0.0,,,Fine
271754,1929367.0,5604909.0,548200.0,0.0,0.0,2.0,Null,2003/2004,SOUTHAMPTON ST WEST,KING ST SOUTH,Non-Injury Crash,No,2003,East,0.0,,Flat,,,,,Bright sun,1489100.0,0.0,0.0,0.0,2.0,0.0,,,Hawke's Bay Region,Nil,2-way,Sealed,0.0,0.0,,50.0,,Null,0.0,0.0,,30.0,Hastings District,Give way,,,,,0.0,0.0,Urban,0.0,,,Fine
689808,1929715.0,5604651.0,548200.0,0.0,0.0,2.0,East,2005/2006,LYNDON ROAD EAST,KARAMU ROAD SOUTH,Minor Crash,No,2006,East,0.0,,Flat,,,,,Bright sun,1492500.0,2.0,0.0,0.0,2.0,0.0,,,Hawke's Bay Region,Nil,2-way,Sealed,0.0,0.0,,50.0,,Null,0.0,0.0,,30.0,Hastings District,Nil,,,,,0.0,0.0,Urban,0.0,,,Fine
59768,1925538.0,5605925.0,548620.0,0.0,0.0,1.0,West,2016/2017,DUNDEE DRIVE,MONTROSE ST,Non-Injury Crash,No,2017,East,0.0,0.0,Flat,0.0,,0.0,0.0,Dark,1475500.0,0.0,0.0,0.0,2.0,0.0,0.0,,Hawke's Bay Region,Nil,2-way,Sealed,0.0,0.0,0.0,50.0,0.0,On,0.0,0.0,,30.0,Hastings District,Unknown,0.0,0.0,0.0,1.0,0.0,0.0,Urban,0.0,0.0,0.0,Light rain
365291,1925487.6298,5606299.5061,548620.0,0.0,0.0,1.0,North,2019/2020,WILSON ROAD,PETERHEAD AVENUE,Non-Injury Crash,No,2019,Null,0.0,,Flat,,,,,Overcast,1475500.0,0.0,0.0,0.0,2.0,0.0,,,Hawke's Bay Region,Nil,2-way,Sealed,0.0,0.0,,50.0,,On,0.0,0.0,,30.0,Hastings District,Nil,,,,,0.0,0.0,Urban,0.0,,,Fine
84866,1928104.0,5606479.0,548500.0,0.0,0.0,1.0,East,2005/2006,ORCHARD ROAD,CANNING ROAD,Serious Crash,No,2006,East,0.0,,Flat,,,,,Bright sun,1479500.0,0.0,0.0,0.0,2.0,0.0,,1.0,Hawke's Bay Region,Nil,2-way,Sealed,0.0,1.0,,50.0,,Null,0.0,0.0,,30.0,Hastings District,Nil,,,,,0.0,0.0,Urban,0.0,,,Fine
410136,1927202.0,5607729.0,545710.0,0.0,0.0,1.0,West,2016/2017,OMAHU ROAD,WILSON ROAD,Non-Injury Crash,No,2016,West,0.0,,Flat,,,,,Bright sun,1471000.0,0.0,0.0,0.0,2.0,0.0,,,Hawke's Bay Region,Nil,2-way,Sealed,0.0,0.0,,50.0,,Null,0.0,0.0,,30.0,Hastings District,Nil,,,,,0.0,0.0,Urban,1.0,,,Fine
685679,1930302.0,5604065.0,548300.0,0.0,0.0,1.0,East,2002/2003,DUFFERIN ST,RIVERSLEA ROAD SOUTH,Non-Injury Crash,No,2003,North,0.0,0.0,Flat,0.0,,0.0,0.0,Bright sun,1502000.0,0.0,0.0,0.0,2.0,0.0,1.0,,Hawke's Bay Region,Nil,2-way,Sealed,0.0,0.0,0.0,50.0,0.0,Null,0.0,0.0,,30.0,Hastings District,Nil,0.0,0.0,0.0,0.0,1.0,0.0,Urban,0.0,0.0,0.0,Fine
621483,1931135.0,5599974.0,548822.0,0.0,0.0,1.0,South,2014/2015,MIDDLE ROAD,IONA ROAD,Non-Injury Crash,No,2015,South,0.0,0.0,Flat,0.0,,0.0,0.0,Dark,1465901.0,0.0,0.0,0.0,1.0,0.0,0.0,,Hawke's Bay Region,Nil,2-way,Unsealed,0.0,0.0,0.0,80.0,0.0,None,0.0,0.0,30.0,30.0,Hastings District,Unknown,0.0,0.0,0.0,0.0,0.0,0.0,Open,0.0,0.0,0.0,Fine
116033,1925775.0,5619745.0,545821.0,0.0,0.0,1.0,Null,2007/2008,VICARAGE ROAD,DARTMOOR ROAD,Non-Injury Crash,No,2007,North,0.0,,Flat,,Christmas New Year,,,Bright sun,1411400.0,0.0,0.0,0.0,2.0,0.0,,,Hawke's Bay Region,Nil,2-way,Sealed,0.0,0.0,,50.0,,Null,1.0,0.0,,30.0,Hastings District,Give way,,,,,0.0,0.0,Urban,0.0,,,Fine
591124,1932411.0,5606189.0,545721.0,0.0,0.0,1.0,Null,2009/2010,SH 2,BENNETT ROAD,Non-Injury Crash,Yes,2010,East,0.0,,Flat,,,,,Bright sun,1472300.0,0.0,0.0,0.0,2.0,0.0,,,Hawke's Bay Region,Nil,2-way,Sealed,0.0,0.0,,70.0,,Null,1.0,0.0,,30.0,Hastings District,Stop,,,,,0.0,0.0,Urban,0.0,,,Fine
194470,1928982.0,5602949.0,545762.0,0.0,0.0,2.0,Null,2005/2006,TOLLEMACHE ROAD,RIVERSLEA ROAD SOUTH,Non-Injury Crash,No,2006,North,0.0,,Flat,,,,,Bright sun,1468200.0,0.0,0.0,0.0,2.0,0.0,,,Hawke's Bay Region,Nil,2-way,Sealed,0.0,0.0,,50.0,,Null,0.0,0.0,30.0,30.0,Hastings District,Give way,,,,,0.0,0.0,Urban,0.0,,,Fine
580131,1931039.0,5605564.0,548000.0,0.0,0.0,2.0,Null,2009/2010,GROVE ROAD,KARAMU ROAD NORTH,Non-Injury Crash,No,2009,West,0.0,,Flat,,,,,Twilight,1497100.0,0.0,0.0,0.0,2.0,0.0,,,Hawke's Bay Region,Nil,2-way,Sealed,0.0,0.0,,50.0,,Off,0.0,0.0,,30.0,Hastings District,Traffic Signals,,,,,0.0,0.0,Urban,0.0,,,Fine
299885,1930321.0,5607752.0,545710.0,0.0,0.0,1.0,North,2010/2011,EVENDEN ROAD,PAKOWHAI ROAD,Minor Crash,No,2011,South,0.0,0.0,Flat,0.0,,0.0,0.0,Dark,1471100.0,1.0,0.0,0.0,2.0,0.0,0.0,,Hawke's Bay Region,Nil,2-way,Sealed,0.0,0.0,0.0,100.0,0.0,On,0.0,0.0,,30.0,Hastings District,Nil,0.0,0.0,0.0,0.0,0.0,0.0,Open,0.0,0.0,0.0,Fine
388087,1931587.0,5602865.0,545721.0,0.0,0.0,2.0,East,2003/2004,HAVELOCK ROAD,ST GEORGES ROAD,Non-Injury Crash,No,2004,West,0.0,,Flat,,,,,Bright sun,1473000.0,0.0,0.0,0.0,2.0,0.0,,,Hawke's Bay Region,Nil,2-way,Sealed,0.0,0.0,,70.0,,Null,0.0,0.0,,30.0,Hastings District,Nil,,,,,0.0,0.0,Urban,0.0,,,Fine
266486,1916474.0,5591427.0,545851.0,0.0,0.0,2.0,South,2004/2005,SH 2,BURMA ROAD,Minor Crash,Yes,2004,South,0.0,,Flat,,,,,Bright sun,1464300.0,1.0,0.0,0.0,3.0,0.0,,,Hawke's Bay Region,Nil,2-way,Sealed,0.0,0.0,,100.0,,Null,0.0,0.0,,30.0,Hastings District,Nil,,,,,0.0,0.0,Open,0.0,,,Fine
304578,1929840.0,5605089.0,548200.0,0.0,0.0,2.0,Null,2014/2015,QUEEN ST WEST,MARKET ST NORTH,Non-Injury Crash,No,2014,South,0.0,,Flat,,,,,Bright sun,1491300.0,0.0,0.0,0.0,2.0,0.0,,,Hawke's Bay Region,Nil,2-way,Sealed,0.0,0.0,,50.0,,Off,0.0,0.0,,30.0,Hastings District,Traffic Signals,,,,,0.0,0.0,Urban,1.0,,,Fine
151124,1917913.0,5648894.0,545911.0,0.0,0.0,1.0,South,2017/2018,SH 5,TE POHUE LOOP ROAD,Non-Injury Crash,Yes,2017,West,0.0,0.0,Hill Road,0.0,,0.0,0.0,Overcast,1415900.0,0.0,0.0,0.0,2.0,0.0,0.0,,Hawke's Bay Region,Nil,2-way,Sealed,0.0,0.0,0.0,100.0,0.0,None,0.0,0.0,,30.0,Hastings District,Unknown,0.0,0.0,0.0,0.0,0.0,0.0,Open,0.0,0.0,0.0,Light rain
312481,1927296.0,5605131.0,545761.0,0.0,0.0,0.0,Null,2005/2006,MARAEKAKAHO ROAD,YORK ROAD,Non-Injury Crash,No,2006,East,0.0,1.0,Flat,0.0,,0.0,0.0,Dark,1469905.0,0.0,0.0,0.0,2.0,0.0,0.0,,Hawke's Bay Region,Nil,2-way,Sealed,0.0,0.0,0.0,100.0,0.0,On,0.0,0.0,,30.0,Hastings District,Give way,0.0,0.0,0.0,0.0,1.0,0.0,Open,0.0,0.0,0.0,Light rain
137495,1925583.0,5608385.0,545710.0,0.0,0.0,1.0,East,2004/2005,OMAHU ROAD,BARNES PLACE,Minor Crash,No,2005,West,0.0,,Flat,,,,,Bright sun,1470900.0,1.0,0.0,0.0,2.0,0.0,,,Hawke's Bay Region,Nil,2-way,Sealed,0.0,0.0,,70.0,,Null,0.0,0.0,,30.0,Hastings District,Nil,,,,,1.0,0.0,Urban,0.0,,,Fine
720823,1927633.0,5607439.0,548400.0,0.0,0.0,1.0,Null,2009/2010,SH 50A,OMAHU ROAD,Non-Injury Crash,Yes,2009,South,0.0,,Flat,,,,,Bright sun,1473600.0,0.0,0.0,0.0,4.0,0.0,,,Hawke's Bay Region,Nil,2-way,Sealed,0.0,0.0,,100.0,,Null,0.0,0.0,,30.0,Hastings District,Give way,,,,,1.0,0.0,Open,0.0,,,Fine
227998,1925461.0,5605850.0,545842.0,0.0,0.0,2.0,West,2006/2007,PORTSMOUTH ROAD,STOCK ROAD,Non-Injury Crash,No,2007,West,0.0,,Flat,,,,,Bright sun,1470207.0,0.0,0.0,0.0,2.0,0.0,,,Hawke's Bay Region,Nil,2-way,Sealed,0.0,0.0,,50.0,,Null,0.0,0.0,,30.0,Hastings District,Nil,,,,,0.0,0.0,Urban,0.0,,,Fine
535835,1930667.0,5604382.0,548100.0,0.0,0.0,1.0,East,2002/2003,ST AUBYN ST EAST,RIVERSLEA ROAD NORTH,Minor Crash,No,2002,East,0.0,,Flat,,,,,Dark,1500900.0,1.0,0.0,0.0,2.0,0.0,,1.0,Hawke's Bay Region,Nil,2-way,Sealed,0.0,0.0,,50.0,,On,0.0,0.0,,30.0,Hastings District,Nil,,,,,0.0,0.0,Urban,0.0,,,Heavy rain
677126,1937460.0,5604860.0,545740.0,0.0,0.0,0.0,South,2012/2013,TUKITUKI ROAD,RAYMOND ROAD,Non-Injury Crash,No,2013,North,0.0,1.0,Flat,0.0,,0.0,0.0,Bright sun,1408200.0,0.0,0.0,0.0,2.0,0.0,0.0,,Hawke's Bay Region,Nil,2-way,Sealed,0.0,0.0,0.0,100.0,0.0,Null,0.0,0.0,,30.0,Hastings District,Nil,0.0,0.0,0.0,1.0,0.0,0.0,Open,1.0,0.0,0.0,Fine
653029,1919370.0,5604761.0,545841.0,0.0,0.0,1.0,East,2014/2015,MARAEKAKAHO ROAD,SH 50,Non-Injury Crash,No,2014,West,0.0,1.0,Flat,0.0,,0.0,0.0,Bright sun,1462901.0,0.0,0.0,0.0,2.0,0.0,0.0,,Hawke's Bay Region,Nil,2-way,Sealed,0.0,0.0,0.0,100.0,0.0,Null,0.0,0.0,,30.0,Hastings District,Nil,0.0,0.0,0.0,0.0,0.0,0.0,Open,0.0,0.0,0.0,Fine
183903,1924711.0,5607841.0,548612.0,0.0,0.0,2.0,West,2018/2019,FLAXMERE AVENUE,MARGATE AVENUE,Non-Injury Crash,No,2018,West,0.0,,Flat,,,,,Bright sun,1474106.0,0.0,0.0,0.0,2.0,0.0,,,Hawke's Bay Region,Nil,2-way,Sealed,0.0,0.0,,50.0,,Null,0.0,0.0,,30.0,Hastings District,Nil,,,,,0.0,0.0,Urban,0.0,,,Fine
38029,1925480.0,5626473.0,545821.0,0.0,0.0,0.0,Null,2016/2017,SEAFIELD ROAD,PUKETITIRI ROAD,Serious Crash,No,2016,South,0.0,,Hill Road,,,,,Bright sun,1411100.0,0.0,0.0,1.0,2.0,0.0,,,Hawke's Bay Region,Nil,2-way,Sealed,0.0,1.0,,100.0,,Null,0.0,0.0,50.0,30.0,Hastings District,Give way,,,,,0.0,0.0,Open,0.0,,,Fine
1773,1935293.0,5652817.0,545911.0,0.0,0.0,1.0,South,2003/2004,SH 2,MATAHORUA ROAD S,Minor Crash,Yes,2003,North,0.0,0.0,Flat,0.0,,0.0,0.0,Dark,1415200.0,1.0,0.0,0.0,2.0,0.0,0.0,,Hawke's Bay Region,Nil,2-way,Sealed,0.0,0.0,0.0,100.0,0.0,None,0.0,0.0,,30.0,Hastings District,Nil,0.0,0.0,0.0,0.0,0.0,0.0,Open,0.0,0.0,0.0,Fine
565049,1934970.0,5609194.0,545722.0,0.0,0.0,2.0,Null,2006/2007,SH 2,RAILWAY ROAD,Non-Injury Crash,Yes,2006,North,0.0,,Flat,,,,,Bright sun,1405900.0,0.0,0.0,0.0,2.0,0.0,,,Hawke's Bay Region,Nil,2-way,Sealed,0.0,0.0,,50.0,,Null,0.0,0.0,,30.0,Hastings District,Give way,,,,,0.0,0.0,Urban,0.0,,,Fine
287719,1934256.0,5600294.0,548833.0,0.0,0.0,1.0,South,2002/2003,TE MATA PEAK ROAD,SIMLA AVENUE,Serious Crash,No,2003,South,0.0,1.0,Hill Road,0.0,,0.0,0.0,Dark,1466710.0,1.0,0.0,0.0,2.0,0.0,0.0,,Hawke's Bay Region,Nil,2-way,Sealed,0.0,1.0,0.0,100.0,0.0,None,0.0,0.0,,30.0,Hastings District,Nil,0.0,0.0,0.0,1.0,0.0,0.0,Open,0.0,0.0,0.0,Fine
659396,1929743.0,5605016.0,548200.0,0.0,0.0,2.0,Null,2009/2010,HERETAUNGA ST WEST,HERETAUNGA ST,Non-Injury Crash,No,2010,East,0.0,0.0,Flat,0.0,,0.0,0.0,Bright sun,1491700.0,0.0,0.0,0.0,2.0,0.0,1.0,,Hawke's Bay Region,Nil,2-way,Sealed,0.0,0.0,0.0,50.0,0.0,Null,1.0,0.0,,30.0,Hastings District,Give way,0.0,0.0,0.0,0.0,0.0,0.0,Urban,0.0,0.0,0.0,Fine
135187,1925505.0,5619342.0,545821.0,0.0,0.0,0.0,North,2012/2013,VICARAGE ROAD,OMARUNUI ROAD,Non-Injury Crash,No,2013,South,0.0,,Flat,,,,,Twilight,1408700.0,0.0,0.0,1.0,2.0,0.0,,,Hawke's Bay Region,Nil,2-way,Sealed,0.0,0.0,,100.0,,None,1.0,0.0,,30.0,Hastings District,Nil,,,,,0.0,0.0,Open,0.0,,,Fine
602087,1932274.0,5609028.0,545721.0,0.0,0.0,2.0,Null,2001/2002,RUAHAPIA ROAD,PAKOWHAI ROAD,Non-Injury Crash,No,2001,South,0.0,,Flat,,,,,Bright sun,1471600.0,0.0,0.0,0.0,2.0,0.0,,,Hawke's Bay Region,Nil,2-way,Sealed,0.0,0.0,,100.0,,Null,0.0,0.0,,30.0,Hastings District,Give way,,,,,0.0,0.0,Open,0.0,,,Fine
427540,1935256.0,5653395.0,545911.0,0.0,0.0,1.0,Null,2002/2003,SH 2,MATAHORUA ROAD S,Non-Injury Crash,Yes,2002,North,0.0,0.0,Flat,0.0,,0.0,0.0,Dark,1415200.0,0.0,0.0,0.0,2.0,0.0,0.0,,Hawke's Bay Region,Nil,2-way,Sealed,0.0,0.0,0.0,100.0,0.0,None,0.0,0.0,,30.0,Hastings District,Nil,0.0,0.0,0.0,0.0,0.0,0.0,Open,0.0,0.0,0.0,Light rain
406062,1937533.0,5605993.0,545740.0,0.0,0.0,1.0,North,2016/2017,TUKITUKI ROAD,TENNANT ROAD,Non-Injury Crash,No,2017,North,0.0,,Flat,,,,,Bright sun,1407700.0,0.0,0.0,0.0,2.0,0.0,,,Hawke's Bay Region,Nil,2-way,Sealed,0.0,0.0,,100.0,,Null,0.0,0.0,,30.0,Hastings District,Unknown,,,,,0.0,0.0,Open,0.0,,,Fine
408474,1932898.0,5603242.0,545721.0,0.0,0.0,1.0,South,2005/2006,CROSSES ROAD,ST GEORGES ROAD,Non-Injury Crash,No,2005,North,0.0,1.0,Flat,0.0,,0.0,0.0,Overcast,1473100.0,0.0,0.0,0.0,2.0,0.0,0.0,,Hawke's Bay Region,Nil,2-way,Sealed,0.0,0.0,0.0,100.0,0.0,Null,0.0,0.0,,30.0,Hastings District,Nil,0.0,0.0,0.0,0.0,0.0,0.0,Open,0.0,0.0,0.0,Mist or Fog
482545,1932472.0,5601614.0,548810.0,1.0,0.0,1.0,Null,2008/2009,TE AUTE ROAD,PORTER DRIVE,Minor Crash,No,2009,North,0.0,,Flat,,,,,Overcast,1505700.0,1.0,0.0,0.0,2.0,0.0,,,Hawke's Bay Region,Nil,2-way,Sealed,0.0,0.0,,50.0,,Null,0.0,0.0,,30.0,Hastings District,Give way,,,,,0.0,0.0,Urban,0.0,,,Fine