OBJECTID,X,Y,areaUnitID,bicycle,bus,carStationWagon,crashDirectionDescription,crashFinancialYear,crashLocation1,crashLocation2,crashSeverity,crashSHDescription,crashYear,directionRoleDescription,fatalCount,fence,flatHill,guardRail,holiday,houseOrBuilding,kerb,light,meshblockId,minorInjuryCount,moped,motorcycle,NumberOfLanes,otherVehicleType,parkedVehicle,pedestrian,region,roadCharacter,roadLane,roadSurface,schoolBus,seriousInjuryCount,slipOrFlood,speedLimit,strayAnimal,streetLight,suv,taxi,temporarySpeedLimit,tlaId,tlaName,trafficControl,trafficIsland,trafficSign,train,tree,truck,unknownVehicleType,urban,vanOrUtility,vehicle,waterRiver,weatherA
597236,1930779.0,5591999.0,545860.0,0.0,0.0,0.0,North,1999/2000,KAHURANAKI ROAD,ROCHFORT ROAD,Minor Crash,No,2000,South,0.0,0.0,Hill Road,0.0,,0.0,0.0,Bright sun,1467400.0,1.0,0.0,0.0,2.0,0.0,0.0,,Hawke's Bay Region,Nil,2-way,Sealed,0.0,0.0,0.0,100.0,0.0,Null,0.0,0.0,,30.0,Hastings District,Nil,0.0,0.0,0.0,0.0,1.0,0.0,Open,0.0,0.0,0.0,Fine
49305,1930491.0,5604036.0,548100.0,0.0,0.0,2.0,East,2010/2011,HERETAUNGA ST EAST,SYLVAN ROAD,Non-Injury Crash,No,2010,West,0.0,,Flat,,,,,Overcast,1501200.0,0.0,0.0,0.0,2.0,0.0,,,Hawke's Bay Region,Nil,2-way,Sealed,0.0,0.0,,50.0,,Null,0.0,0.0,,30.0,Hastings District,Nil,,,,,0.0,0.0,Urban,0.0,,,Fine
306360,1930761.0,5604258.0,548100.0,0.0,0.0,2.0,Null,2006/2007,ST AUBYN ST EAST,SYLVAN ROAD,Non-Injury Crash,No,2007,South,0.0,,Flat,,,,,Dark,1501300.0,0.0,0.0,0.0,2.0,0.0,,,Hawke's Bay Region,Nil,2-way,Sealed,0.0,0.0,,50.0,,On,0.0,0.0,,30.0,Hastings District,Give way,,,,,0.0,0.0,Urban,0.0,,,Fine
370405,1932139.0,5611571.0,545832.0,0.0,0.0,2.0,Null,2010/2011,PAKOWHAI ROAD,BROOKFIELDS ROAD,Minor Crash,No,2011,South,0.0,,Flat,,,,,Bright sun,1403900.0,2.0,0.0,0.0,4.0,0.0,,,Hawke's Bay Region,Nil,2-way,Sealed,0.0,0.0,,70.0,,Null,0.0,0.0,,30.0,Hastings District,Give way,,,,,0.0,0.0,Urban,0.0,,,Fine
57921,1939722.0,5607436.0,545740.0,0.0,0.0,1.0,South,2008/2009,CLIFTON ROAD,EAST ROAD,Non-Injury Crash,No,2009,South,0.0,,Flat,,,,,Dark,1407800.0,0.0,0.0,0.0,2.0,0.0,,,Hawke's Bay Region,Nil,2-way,Sealed,0.0,0.0,,50.0,,On,0.0,0.0,,30.0,Hastings District,Nil,,,,,0.0,0.0,Urban,1.0,,,Fine
179917,1935952.0,5607921.0,545722.0,0.0,0.0,3.0,North,2006/2007,LAWN ROAD,PILCHER ROAD,Minor Crash,No,2006,North,0.0,,Flat,,,,,Dark,1406501.0,1.0,0.0,0.0,2.0,0.0,,,Hawke's Bay Region,Nil,2-way,Sealed,0.0,0.0,,100.0,,None,0.0,0.0,,30.0,Hastings District,Nil,,,,,0.0,0.0,Open,0.0,,,Fine
464239,1916636.0,5591590.0,545851.0,0.0,0.0,1.0,North,2007/2008,SH 2,BURMA ROAD,Serious Crash,Yes,2008,South,0.0,1.0,Flat,0.0,,0.0,0.0,Dark,1464200.0,0.0,0.0,0.0,2.0,0.0,0.0,,Hawke's Bay Region,Nil,2-way,Sealed,0.0,2.0,0.0,100.0,0.0,None,0.0,0.0,,30.0,Hastings District,Nil,0.0,0.0,0.0,0.0,0.0,0.0,Open,0.0,0.0,0.0,Fine
713004,1930573.0,5603949.0,548100.0,0.0,0.0,2.0,West,2001/2002,HERETAUNGA ST EAST,PARK ROAD NORTH,Minor Crash,No,2002,West,0.0,,Flat,,,,,Bright sun,1501200.0,1.0,0.0,0.0,2.0,0.0,,,Hawke's Bay Region,Nil,2-way,Sealed,0.0,0.0,,50.0,,Null,0.0,0.0,,30.0,Hastings District,Nil,,,,,0.0,0.0,Urban,0.0,,,Fine
77191,1928437.0,5606954.0,547800.0,0.0,0.0,2.0,Null,2006/2007,IKANUI ROAD,FRIMLEY AVENUE,Non-Injury Crash,No,2006,West,0.0,,Flat,,,,,Bright sun,1476900.0,0.0,0.0,0.0,2.0,0.0,,,Hawke's Bay Region,Nil,2-way,Sealed,0.0,0.0,,50.0,,Null,0.0,0.0,,30.0,Hastings District,Give way,,,,,0.0,0.0,Urban,0.0,,,Fine
615763,1936855.0,5612880.0,545832.0,0.0,0.0,2.0,Null,2008/2009,SH 2,NGARURORO BR,Non-Injury Crash,Yes,2009,North,0.0,,Flat,,,,,Twilight,1404200.0,0.0,0.0,0.0,2.0,0.0,,,Hawke's Bay Region,Bridge,2-way,Sealed,0.0,0.0,,100.0,,None,0.0,0.0,,30.0,Hastings District,Nil,,,,,0.0,0.0,Open,0.0,,,Light rain
572575,1929920.0,5604981.0,548200.0,0.0,0.0,1.0,South,2003/2004,QUEEN ST EAST,RUSSELL ST NORTH,Minor Crash,No,2004,East,0.0,0.0,Flat,0.0,,1.0,0.0,Overcast,1492200.0,3.0,0.0,0.0,2.0,0.0,0.0,,Hawke's Bay Region,Nil,2-way,Sealed,0.0,0.0,0.0,50.0,0.0,Null,0.0,0.0,,30.0,Hastings District,Nil,0.0,0.0,0.0,0.0,0.0,0.0,Urban,1.0,0.0,0.0,Fine
295205,1938898.0,5608818.0,545740.0,0.0,0.0,2.0,Null,1999/2000,HAUMOANA ROAD,GRANGE ROAD NORTH,Non-Injury Crash,No,2000,West,0.0,0.0,Flat,0.0,Christmas New Year,0.0,0.0,Bright sun,1406801.0,0.0,0.0,0.0,2.0,0.0,1.0,,Hawke's Bay Region,Nil,2-way,Sealed,0.0,0.0,0.0,50.0,0.0,Null,0.0,0.0,,30.0,Hastings District,Nil,0.0,0.0,0.0,0.0,0.0,0.0,Urban,0.0,0.0,0.0,Fine
467393,1928645.9851,5605519.2461,547700.0,0.0,0.0,2.0,East,2019/2020,TOWNSHEND STREET,FRANCIS HICKS AVENUE,Non-Injury Crash,No,2019,South,0.0,,Flat,,,,,Overcast,1487000.0,0.0,0.0,0.0,2.0,0.0,,,Hawke's Bay Region,Nil,2-way,Sealed,0.0,0.0,,50.0,,Off,0.0,0.0,,30.0,Hastings District,Nil,,,,,0.0,0.0,Urban,0.0,,,Fine
477640,1931244.0,5613313.0,545832.0,0.0,0.0,1.0,East,2008/2009,PAKOWHAI ROAD,SH 50,Non-Injury Crash,No,2009,West,0.0,0.0,Flat,0.0,,0.0,0.0,Dark,1403900.0,0.0,0.0,0.0,2.0,0.0,0.0,,Hawke's Bay Region,Nil,2-way,Sealed,0.0,0.0,0.0,100.0,0.0,On,0.0,0.0,,30.0,Hastings District,Nil,0.0,0.0,0.0,0.0,0.0,0.0,Open,0.0,0.0,0.0,Light rain
419989,1929001.0,5604013.0,548300.0,0.0,0.0,2.0,East,2015/2016,KARAMU ROAD SOUTH,MURDOCH ROAD EAST,Minor Crash,No,2015,North,0.0,,Flat,,,,,Overcast,1503203.0,1.0,0.0,0.0,2.0,0.0,,,Hawke's Bay Region,Nil,2-way,Sealed,0.0,0.0,,50.0,,Null,0.0,0.0,,30.0,Hastings District,Nil,,,,,0.0,0.0,Urban,0.0,,,Light rain
282197,1929387.0,5614231.0,545831.0,0.0,0.0,2.0,Null,2001/2002,SH 50,WAIOHIKI ROAD,Non-Injury Crash,Yes,2002,West,0.0,,Flat,,Queens Birthday,,,Overcast,1409400.0,0.0,0.0,0.0,3.0,0.0,,,Hawke's Bay Region,Nil,2-way,Sealed,0.0,0.0,,100.0,,Null,0.0,0.0,,30.0,Hastings District,Give way,,,,,0.0,0.0,Open,0.0,,,Fine
733682,1927122.0,5607790.0,548400.0,0.0,0.0,1.0,West,2002/2003,OMAHU ROAD,ORMOND ROAD,Non-Injury Crash,No,2002,South,0.0,0.0,Flat,0.0,,1.0,0.0,Overcast,1473400.0,0.0,0.0,0.0,2.0,0.0,0.0,,Hawke's Bay Region,Nil,2-way,Sealed,0.0,0.0,0.0,50.0,0.0,Off,0.0,0.0,,30.0,Hastings District,Nil,0.0,0.0,0.0,0.0,0.0,0.0,Urban,0.0,0.0,0.0,Light rain
489351,1928739.0,5606229.0,548500.0,0.0,0.0,1.0,South,1999/2000,MARAEKAKAHO ROAD,HERETAUNGA ST WEST,Serious Crash,No,2000,North,0.0,,Flat,,,,,Bright sun,1478800.0,0.0,0.0,0.0,3.0,0.0,,1.0,Hawke's Bay Region,Nil,2-way,Sealed,0.0,1.0,,50.0,,Null,0.0,0.0,,30.0,Hastings District,Nil,,,,,0.0,0.0,Urban,0.0,,,Fine
135425,1934970.0,5609194.0,545722.0,0.0,0.0,1.0,Null,2001/2002,SH 2,RAILWAY ROAD,Minor Crash,Yes,2001,North,0.0,1.0,Flat,0.0,,0.0,0.0,Dark,1405900.0,1.0,0.0,0.0,2.0,0.0,0.0,,Hawke's Bay Region,Nil,2-way,Sealed,0.0,0.0,0.0,100.0,0.0,None,0.0,0.0,,30.0,Hastings District,Give way,0.0,0.0,0.0,0.0,0.0,0.0,Open,0.0,0.0,0.0,Heavy rain
9614,1911325.0,5663734.0,545911.0,0.0,0.0,1.0,North,2000/2001,SH 5,TE HAROTO PO,Minor Crash,Yes,2001,North,0.0,,Hill Road,,,,,Dark,1414400.0,2.0,0.0,0.0,2.0,0.0,,,Hawke's Bay Region,Nil,2-way,Sealed,0.0,0.0,,100.0,,None,0.0,0.0,,30.0,Hastings District,Nil,,,,,0.0,0.0,Open,0.0,,,Fine
623900,1930100.0,5605661.0,548200.0,0.0,0.0,2.0,Null,1999/2000,NELSON ST NORTH,FITZROY AVENUE,Non-Injury Crash,No,2000,West,0.0,,Flat,,,,,Bright sun,1491100.0,0.0,0.0,0.0,2.0,0.0,,,Hawke's Bay Region,Nil,2-way,Sealed,0.0,0.0,,50.0,,Null,0.0,0.0,,30.0,Hastings District,Give way,,,,,0.0,0.0,Urban,0.0,,,Fine
703120,1929322.0,5605512.0,547700.0,0.0,0.0,1.0,Null,2001/2002,Z CK WRITE PRICE,CHARLES/HERETAUNGA,Minor Crash,No,2002,North,0.0,,Flat,,,,,Bright sun,1487700.0,1.0,0.0,0.0,0.0,0.0,,1.0,Hawke's Bay Region,Nil,Off road,Sealed,0.0,0.0,,50.0,,Null,0.0,0.0,,30.0,Hastings District,Nil,,,,,0.0,0.0,Urban,0.0,,,Fine
712796,1927386.0,5614864.0,545831.0,0.0,0.0,0.0,West,2007/2008,OMARUNUI ROAD,STROME ROAD,Serious Crash,No,2007,North,0.0,1.0,Flat,0.0,,0.0,0.0,Overcast,1409400.0,0.0,0.0,0.0,2.0,0.0,0.0,,Hawke's Bay Region,Nil,2-way,Sealed,0.0,1.0,0.0,100.0,0.0,Null,1.0,0.0,,30.0,Hastings District,Nil,0.0,0.0,0.0,0.0,0.0,0.0,Open,0.0,0.0,0.0,Light rain
262621,1930258.9851,5607392.9736,545721.0,0.0,0.0,2.0,Null,2019/2020,PAKOWHAI ROAD,WILLIAMS STREET,Minor Crash,No,2020,South,0.0,,Flat,,,,,Bright sun,1471401.0,1.0,0.0,0.0,2.0,0.0,,,Hawke's Bay Region,Nil,2-way,Sealed,0.0,0.0,,50.0,,Off,0.0,0.0,,30.0,Hastings District,Give way,,,,,0.0,0.0,Urban,0.0,,,Fine
472097,1924951.1813,5617826.2378,545821.0,0.0,0.0,1.0,South,2018/2019,SWAMP ROAD,OMARUNUI SETTLEMENT ROAD,Non-Injury Crash,No,2019,South,0.0,0.0,Flat,0.0,,0.0,0.0,Overcast,1408500.0,0.0,0.0,0.0,2.0,0.0,0.0,,Hawke's Bay Region,Nil,2-way,Sealed,0.0,0.0,0.0,100.0,0.0,Off,0.0,0.0,,30.0,Hastings District,Unknown,0.0,1.0,0.0,0.0,0.0,0.0,Open,0.0,0.0,0.0,Fine
363590,1929739.0,5604820.0,548200.0,0.0,0.0,1.0,Null,2013/2014,EASTBOURNE ST EAST,RUSSELL ST SOUTH,Non-Injury Crash,No,2013,North,0.0,,Flat,,,,,Twilight,1492000.0,0.0,0.0,0.0,2.0,0.0,,,Hawke's Bay Region,Nil,2-way,Sealed,0.0,0.0,,50.0,,Off,1.0,0.0,,30.0,Hastings District,Traffic Signals,,,,,0.0,0.0,Urban,0.0,,,Fine
146065,1931834.0,5608624.0,545710.0,0.0,0.0,2.0,North,2009/2010,PAKOWHAI ROAD,ELWOOD ROAD,Minor Crash,No,2009,South,0.0,,Flat,,,,,Bright sun,1471100.0,1.0,0.0,0.0,2.0,0.0,,,Hawke's Bay Region,Nil,2-way,Sealed,0.0,0.0,,100.0,,Null,0.0,0.0,,30.0,Hastings District,Nil,,,,,0.0,0.0,Open,0.0,,,Fine
556958,1931217.0,5614296.0,545831.0,0.0,0.0,2.0,North,2009/2010,SH 50,PAKOWHAI ON NBD,Non-Injury Crash,Yes,2009,North,0.0,,Flat,,,,,Overcast,1404600.0,0.0,0.0,0.0,2.0,0.0,,,Hawke's Bay Region,Nil,2-way,Sealed,0.0,0.0,,100.0,,Null,0.0,0.0,,30.0,Hastings District,Nil,,,,,0.0,0.0,Open,0.0,,,Heavy rain
704681,1914011.0,5614147.0,545821.0,0.0,0.0,1.0,South,2002/2003,MATAPIRO ROAD,CROWNTHORPE SETTLEMENT RO,Minor Crash,No,2003,North,0.0,1.0,Flat,0.0,,0.0,0.0,Bright sun,1408900.0,1.0,0.0,0.0,2.0,0.0,0.0,,Hawke's Bay Region,Nil,2-way,Sealed,0.0,0.0,0.0,100.0,0.0,Null,0.0,0.0,,30.0,Hastings District,Nil,0.0,0.0,0.0,0.0,0.0,0.0,Open,0.0,0.0,0.0,Fine
338557,1928969.0,5606038.0,547700.0,0.0,0.0,0.0,North,2013/2014,HERETAUNGA ST WEST,DAVIS ST,Non-Injury Crash,No,2014,North,0.0,,Flat,,,,,Dark,1486000.0,0.0,0.0,0.0,2.0,0.0,,,Hawke's Bay Region,Nil,2-way,Sealed,0.0,0.0,,50.0,,On,0.0,0.0,,30.0,Hastings District,Nil,,,,,0.0,0.0,Urban,2.0,,,Light rain
409502,1926215.0,5609892.0,545710.0,0.0,0.0,1.0,East,2000/2001,TWYFORD ROAD,EVANS ROAD,Non-Injury Crash,No,2001,North,0.0,0.0,Flat,0.0,Queens Birthday,0.0,0.0,Dark,1470600.0,0.0,0.0,0.0,2.0,0.0,0.0,,Hawke's Bay Region,Nil,2-way,Sealed,0.0,0.0,0.0,100.0,0.0,None,0.0,0.0,,30.0,Hastings District,Nil,0.0,0.0,0.0,0.0,0.0,0.0,Open,0.0,0.0,0.0,Fine
88376,1929330.0,5609176.0,545710.0,0.0,0.0,1.0,East,2015/2016,ORMOND ROAD,EVENDEN ROAD,Minor Crash,No,2016,East,0.0,0.0,Flat,0.0,,0.0,0.0,Overcast,1471100.0,2.0,0.0,0.0,2.0,0.0,0.0,1.0,Hawke's Bay Region,Nil,2-way,Sealed,0.0,0.0,0.0,100.0,0.0,Null,0.0,0.0,,30.0,Hastings District,Unknown,0.0,0.0,0.0,0.0,0.0,0.0,Open,0.0,0.0,0.0,Fine
338417,1930149.0,5604677.0,548200.0,0.0,0.0,2.0,Null,1999/2000,HASTINGS ST NORTH,QUEEN ST EAST,Non-Injury Crash,No,2000,East,0.0,,Flat,,,,,Overcast,1493400.0,0.0,0.0,0.0,2.0,0.0,,,Hawke's Bay Region,Nil,2-way,Sealed,0.0,0.0,,50.0,,Null,0.0,0.0,,30.0,Hastings District,Give way,,,,,0.0,0.0,Urban,0.0,,,Heavy rain
488811,1938367.0,5608055.0,545740.0,0.0,0.0,2.0,South,2010/2011,PARKHILL ROAD,HAUMOANA ROAD,Non-Injury Crash,No,2010,North,0.0,,Flat,,,,,Overcast,1407300.0,0.0,0.0,0.0,2.0,0.0,,,Hawke's Bay Region,Nil,2-way,Sealed,0.0,0.0,,100.0,,Null,0.0,0.0,,30.0,Hastings District,Nil,,,,,0.0,0.0,Open,0.0,,,Fine
79458,1927234.0,5602249.0,545762.0,0.0,0.0,2.0,Null,2003/2004,RAILWAY ROAD SOUTH,LONGLANDS ROAD EAST,Minor Crash,No,2003,North,0.0,0.0,Flat,0.0,,0.0,0.0,Bright sun,1468200.0,1.0,0.0,0.0,2.0,0.0,0.0,,Hawke's Bay Region,Nil,2-way,Sealed,0.0,0.0,0.0,100.0,0.0,Null,0.0,0.0,,30.0,Hastings District,Give way,1.0,0.0,0.0,0.0,0.0,0.0,Open,0.0,0.0,0.0,Fine
281174,1932606.0,5606198.0,545721.0,0.0,0.0,2.0,Null,2003/2004,SH 2,ST GEORGES ROAD,Non-Injury Crash,Yes,2003,East,0.0,,Flat,,,,,Bright sun,1472300.0,0.0,0.0,0.0,3.0,0.0,,,Hawke's Bay Region,Nil,2-way,Sealed,0.0,0.0,,70.0,,Null,0.0,0.0,,30.0,Hastings District,Give way,,,,,0.0,0.0,Urban,0.0,,,Fine
273116,1925835.0,5606422.0,548620.0,0.0,0.0,2.0,South,2002/2003,DUNDEE DRIVE,WILSON ROAD N,Non-Injury Crash,No,2003,South,0.0,,Flat,,,,,Dark,1475800.0,0.0,0.0,0.0,2.0,0.0,,,Hawke's Bay Region,Nil,2-way,Sealed,0.0,0.0,,50.0,,On,0.0,0.0,,30.0,Hastings District,Nil,,,,,0.0,0.0,Urban,0.0,,,Fine
638799,1928394.0,5636690.0,545811.0,0.0,0.0,1.0,North,2008/2009,ELLIS WALLACE ROAD,SH 5,Minor Crash,No,2009,North,0.0,0.0,Hill Road,0.0,,0.0,0.0,Twilight,1414700.0,1.0,0.0,0.0,2.0,0.0,0.0,,Hawke's Bay Region,Nil,2-way,Sealed,0.0,0.0,0.0,100.0,0.0,None,0.0,0.0,,30.0,Hastings District,Nil,0.0,0.0,0.0,0.0,0.0,0.0,Open,0.0,0.0,0.0,Fine
356007,1934238.0,5607431.0,545722.0,0.0,1.0,1.0,South,2002/2003,SH 2,PILCHER ROAD,Non-Injury Crash,Yes,2003,North,0.0,,Flat,,,,,Bright sun,1406400.0,0.0,0.0,0.0,3.0,0.0,,,Hawke's Bay Region,Nil,2-way,Sealed,0.0,0.0,,100.0,,Null,0.0,0.0,,30.0,Hastings District,Nil,,,,,0.0,0.0,Open,0.0,,,Fine
625067,1941277.0,5605598.0,545740.0,0.0,0.0,1.0,Null,2017/2018,CLIFTON ROAD,GORDON ROAD,Serious Crash,No,2017,West,0.0,,Flat,,,,,Bright sun,1407901.0,0.0,0.0,0.0,2.0,0.0,,1.0,Hawke's Bay Region,Nil,2-way,Sealed,0.0,1.0,,50.0,,Null,0.0,0.0,,30.0,Hastings District,Nil,,,,,0.0,0.0,Urban,0.0,,,Light rain
427995,1924105.0,5616140.0,545821.0,0.0,0.0,1.0,South,2015/2016,SWAMP ROAD,OMARUNUI SETTLEMENT ROAD,Non-Injury Crash,No,2016,North,0.0,0.0,Flat,0.0,,0.0,0.0,Bright sun,1408600.0,0.0,0.0,0.0,2.0,0.0,0.0,,Hawke's Bay Region,Nil,2-way,Unsealed,0.0,0.0,0.0,100.0,0.0,None,0.0,0.0,50.0,30.0,Hastings District,Unknown,0.0,0.0,0.0,0.0,0.0,0.0,Open,0.0,0.0,0.0,Fine
646518,1931022.0,5613782.0,545831.0,0.0,0.0,1.0,Null,2016/2017,PAKOWHAI ON SBD,SH 50,Minor Crash,Yes,2016,West,0.0,,Flat,,,,,Overcast,1404600.0,1.0,0.0,0.0,4.0,0.0,,,Hawke's Bay Region,Nil,2-way,Unsealed,0.0,0.0,,100.0,,Null,0.0,0.0,,30.0,Hastings District,Give way,,,,,0.0,0.0,Open,1.0,,,Fine
95934,1929203.1830000002,5605729.5819,547700.0,0.0,0.0,3.0,North,2019/2020,HERETAUNGA STREET WEST,MCLEAN STREET,Non-Injury Crash,No,2019,South,0.0,,Flat,,,,,Bright sun,1487800.0,0.0,0.0,0.0,2.0,0.0,,,Hawke's Bay Region,Nil,2-way,Sealed,0.0,0.0,,50.0,,Off,0.0,0.0,,30.0,Hastings District,Nil,,,,,0.0,0.0,Urban,0.0,,,Fine
274116,1911435.9906,5640525.5947,545912.0,0.0,0.0,1.0,North,2019/2020,HENDLEY ROAD,HUIARANGI ROAD,Minor Crash,No,2020,North,0.0,0.0,Flat,0.0,,0.0,0.0,Overcast,1412100.0,1.0,0.0,0.0,2.0,0.0,0.0,,Hawke's Bay Region,Nil,2-way,Sealed,0.0,0.0,0.0,100.0,0.0,Off,0.0,0.0,,30.0,Hastings District,Nil,0.0,0.0,0.0,1.0,0.0,0.0,Open,0.0,0.0,0.0,Mist or Fog
484453,1936104.0,5611590.0,545832.0,0.0,0.0,2.0,South,2003/2004,FARNDON ROAD,SH 2,Non-Injury Crash,No,2004,North,0.0,0.0,Flat,0.0,,0.0,0.0,Overcast,1404300.0,0.0,0.0,0.0,2.0,0.0,0.0,,Hawke's Bay Region,Nil,2-way,Sealed,0.0,0.0,0.0,50.0,0.0,Null,0.0,0.0,,30.0,Hastings District,Nil,0.0,0.0,0.0,0.0,0.0,0.0,Urban,0.0,0.0,0.0,Fine
462282,1924529.2675,5618079.6112,545821.0,0.0,0.0,1.0,West,2018/2019,OMARUNUI SETTLEMENT ROAD,SWAMP ROAD,Non-Injury Crash,No,2019,North,0.0,1.0,Flat,0.0,,0.0,0.0,Dark,1408500.0,0.0,0.0,0.0,2.0,0.0,0.0,,Hawke's Bay Region,Nil,2-way,Sealed,0.0,0.0,0.0,100.0,0.0,None,0.0,0.0,,30.0,Hastings District,Unknown,0.0,0.0,0.0,0.0,0.0,0.0,Open,0.0,0.0,0.0,Fine
466642,1925734.0,5608068.0,545761.0,0.0,0.0,1.0,South,2015/2016,CHATHAM ROAD,HAZELWOOD ST,Non-Injury Crash,No,2016,North,0.0,,Flat,,,,,Bright sun,1470001.0,0.0,0.0,0.0,2.0,0.0,,,Hawke's Bay Region,Nil,2-way,Sealed,0.0,0.0,,70.0,,Null,0.0,0.0,,30.0,Hastings District,Nil,,,,,0.0,0.0,Urban,1.0,,,Fine
210614,1925244.0,5606665.0,548620.0,0.0,0.0,0.0,West,2015/2016,BRISTOL PLACE,BRISTOL CRESCENT,Serious Crash,No,2015,South,0.0,,Flat,,,,,Bright sun,1475200.0,0.0,0.0,0.0,1.0,0.0,,1.0,Hawke's Bay Region,Nil,2-way,Sealed,0.0,1.0,,50.0,,Null,0.0,0.0,,30.0,Hastings District,Unknown,,,,,0.0,0.0,Urban,1.0,,,Fine
11763,1929851.0,5605477.0,548200.0,0.0,0.0,2.0,Null,1999/2000,ST AUBYN ST WEST,NELSON ST NORTH,Minor Crash,No,2000,West,0.0,,Flat,,,,,Overcast,1491000.0,2.0,0.0,0.0,2.0,0.0,,,Hawke's Bay Region,Nil,2-way,Sealed,0.0,0.0,,50.0,,Null,0.0,0.0,,30.0,Hastings District,Traffic Signals,,,,,0.0,0.0,Urban,0.0,,,Fine
699302,1930093.0,5604344.0,548200.0,0.0,0.0,1.0,North,2010/2011,EASTBOURNE ST EAST,WILLOWPARK ROAD SOUTH,Non-Injury Crash,No,2011,North,0.0,,Flat,,,,,Dark,1493800.0,0.0,0.0,1.0,2.0,0.0,,,Hawke's Bay Region,Nil,2-way,Sealed,0.0,0.0,,50.0,,On,0.0,0.0,,30.0,Hastings District,Nil,,,,,0.0,0.0,Urban,0.0,,,Fine
473949,1910626.0,5669549.0,545911.0,0.0,0.0,1.0,North,2010/2011,SH 5,KOWARO ROADWAY,Non-Injury Crash,Yes,2011,North,0.0,,Flat,,,,,Overcast,1281200.0,0.0,0.0,0.0,2.0,0.0,,,Hawke's Bay Region,Nil,2-way,Sealed,0.0,0.0,,100.0,,Null,0.0,0.0,30.0,30.0,Hastings District,Nil,,,,,1.0,0.0,Open,0.0,,,Fine
101286,1930065.0,5604789.0,548200.0,0.0,0.0,1.0,Null,2009/2010,QUEEN ST EAST,WARREN ST NORTH,Non-Injury Crash,No,2009,West,0.0,0.0,Flat,0.0,,0.0,0.0,Bright sun,1493400.0,0.0,0.0,0.0,2.0,0.0,0.0,,Hawke's Bay Region,Nil,2-way,Sealed,0.0,0.0,0.0,50.0,0.0,Null,1.0,0.0,,30.0,Hastings District,Give way,1.0,1.0,0.0,0.0,0.0,0.0,Urban,0.0,0.0,0.0,Fine
3206,1935267.0,5601494.0,545750.0,1.0,0.0,1.0,West,2014/2015,TE MATA ROAD,BLACK BARN ROAD,Minor Crash,No,2015,East,0.0,,Flat,,,,,Bright sun,1466501.0,1.0,0.0,0.0,2.0,0.0,,,Hawke's Bay Region,Nil,2-way,Sealed,0.0,0.0,,50.0,,Null,0.0,0.0,,30.0,Hastings District,Unknown,,,,,0.0,0.0,Urban,0.0,,,Fine
371239,1930218.0,5606822.0,547600.0,0.0,0.0,1.0,South,2011/2012,FREDERICK ST,TAWA ST,Non-Injury Crash,No,2012,North,0.0,,Flat,,,,,Bright sun,1483000.0,0.0,0.0,0.0,2.0,0.0,,,Hawke's Bay Region,Nil,2-way,Sealed,0.0,0.0,,50.0,,Null,0.0,0.0,,30.0,Hastings District,Nil,,,,,0.0,0.0,Urban,1.0,,,Fine
686998,1929464.0,5605185.0,548200.0,0.0,0.0,2.0,Null,2015/2016,EASTBOURNE ST WEST,NELSON ST SOUTH,Non-Injury Crash,No,2016,North,0.0,,Flat,,,,,Overcast,1488900.0,0.0,0.0,0.0,2.0,0.0,,,Hawke's Bay Region,Nil,2-way,Sealed,0.0,0.0,,50.0,,On,0.0,0.0,,30.0,Hastings District,Stop,,,,,0.0,0.0,Urban,0.0,,,Fine
143584,1937276.0,5608664.0,545730.0,0.0,0.0,1.0,West,2016/2017,MILL ROAD,BLACKS BR,Non-Injury Crash,No,2017,West,0.0,0.0,Hill Road,0.0,,0.0,0.0,Bright sun,1405300.0,0.0,0.0,0.0,2.0,0.0,0.0,,Hawke's Bay Region,Nil,2-way,Unsealed,0.0,0.0,0.0,100.0,0.0,Null,0.0,0.0,,30.0,Hastings District,Unknown,0.0,0.0,0.0,0.0,0.0,0.0,Open,1.0,0.0,0.0,Fine
198463,1929405.0,5605509.0,548200.0,0.0,0.0,0.0,East,2007/2008,Z CPK GOLDEN SPRINGS,HERETAUNGA/LOVEDALE,Non-Injury Crash,No,2007,East,0.0,0.0,Flat,0.0,Christmas New Year,1.0,0.0,Bright sun,1490100.0,0.0,0.0,0.0,0.0,0.0,0.0,,Hawke's Bay Region,Nil,Off road,Sealed,0.0,0.0,0.0,50.0,0.0,Null,1.0,0.0,,30.0,Hastings District,Nil,0.0,0.0,0.0,0.0,0.0,0.0,Urban,0.0,0.0,0.0,Fine
26215,1934719.0,5601612.0,548833.0,0.0,0.0,1.0,Null,2012/2013,TE MATA ROAD,ARATAKI ROAD,Minor Crash,No,2013,West,0.0,0.0,Flat,0.0,,0.0,1.0,Dark,1466708.0,1.0,0.0,0.0,2.0,0.0,0.0,,Hawke's Bay Region,Nil,2-way,Sealed,0.0,0.0,0.0,50.0,0.0,On,0.0,0.0,,30.0,Hastings District,Give way,1.0,0.0,0.0,1.0,0.0,0.0,Urban,0.0,0.0,0.0,Fine
210494,1931148.0,5614108.0,545831.0,0.0,0.0,0.0,North,2015/2016,SH 50,PAKOWHAI ON NBD,Non-Injury Crash,Yes,2016,North,0.0,,Flat,,,,,Bright sun,1404600.0,0.0,0.0,0.0,1.0,0.0,,,Hawke's Bay Region,Nil,1-way,Sealed,0.0,0.0,,100.0,,Null,0.0,0.0,,30.0,Hastings District,Unknown,,,,,0.0,0.0,Open,2.0,,,Fine