OBJECTID,X,Y,areaUnitID,bicycle,bus,carStationWagon,crashDirectionDescription,crashFinancialYear,crashLocation1,crashLocation2,crashSeverity,crashSHDescription,crashYear,directionRoleDescription,fatalCount,fence,flatHill,guardRail,holiday,houseOrBuilding,kerb,light,meshblockId,minorInjuryCount,moped,motorcycle,NumberOfLanes,otherVehicleType,parkedVehicle,pedestrian,region,roadCharacter,roadLane,roadSurface,schoolBus,seriousInjuryCount,slipOrFlood,speedLimit,strayAnimal,streetLight,suv,taxi,temporarySpeedLimit,tlaId,tlaName,trafficControl,trafficIsland,trafficSign,train,tree,truck,unknownVehicleType,urban,vanOrUtility,vehicle,waterRiver,weatherA
525484,1931295.0,5603177.0,545721.0,0.0,0.0,2.0,South,2002/2003,HAVELOCK ROAD,NORTON ROAD,Non-Injury Crash,No,2003,East,0.0,,Flat,,,,,Dark,1472900.0,0.0,0.0,0.0,2.0,0.0,,,Hawke's Bay Region,Nil,2-way,Sealed,0.0,0.0,,70.0,,On,0.0,0.0,,30.0,Hastings District,Nil,,,,,0.0,0.0,Urban,0.0,,,Fine
300538,1908133.0,5605111.0,545841.0,0.0,0.0,2.0,West,2006/2007,SH 50,WHAKAPIRAU ROAD,Non-Injury Crash,Yes,2007,West,0.0,0.0,Flat,0.0,,0.0,0.0,Overcast,1462700.0,0.0,0.0,0.0,2.0,0.0,1.0,,Hawke's Bay Region,Nil,2-way,Sealed,0.0,0.0,0.0,100.0,0.0,Null,0.0,0.0,,30.0,Hastings District,Nil,0.0,0.0,0.0,0.0,0.0,0.0,Open,0.0,0.0,0.0,Light rain
284178,1930230.0,5606805.0,547600.0,0.0,0.0,2.0,East,2003/2004,FREDERICK ST,TAWA ST,Non-Injury Crash,No,2004,West,0.0,,Flat,,,,,Bright sun,1483000.0,0.0,0.0,0.0,2.0,0.0,,,Hawke's Bay Region,Nil,2-way,Sealed,0.0,0.0,,50.0,,Null,0.0,0.0,,30.0,Hastings District,School Patrol/warden,,,,,0.0,0.0,Urban,0.0,,,Fine
24037,1936879.1686,5598082.5618,545851.0,0.0,0.0,1.0,North,2019/2020,WAIMARAMA ROAD,MATANGI ROAD,Serious Crash,No,2020,North,0.0,,Hill Road,,,,,Dark,1467002.0,0.0,0.0,0.0,2.0,0.0,,,Hawke's Bay Region,Nil,2-way,Sealed,0.0,1.0,,100.0,,None,0.0,0.0,,30.0,Hastings District,Nil,,,,,0.0,0.0,Open,0.0,,,Fine
270501,1930064.6034,5604785.8012,548200.0,0.0,0.0,2.0,Null,2018/2019,QUEEN STREET EAST,WARREN STREET NORTH,Non-Injury Crash,No,2019,South,0.0,,Flat,,,,,Bright sun,1493300.0,0.0,0.0,0.0,2.0,0.0,,,Hawke's Bay Region,Nil,2-way,Sealed,0.0,0.0,,50.0,,Off,0.0,0.0,,30.0,Hastings District,Give way,,,,,0.0,0.0,Urban,0.0,,,Fine
722569,1930905.0,5613444.0,545831.0,0.0,0.0,1.0,South,2014/2015,SH 50A,SH 50,Non-Injury Crash,Yes,2014,South,0.0,,Flat,,,,,Dark,1404500.0,0.0,0.0,0.0,2.0,0.0,,,Hawke's Bay Region,Nil,2-way,Sealed,0.0,0.0,,100.0,,None,1.0,0.0,,30.0,Hastings District,Nil,,,,,0.0,0.0,Open,0.0,,,Light rain
612129,1925347.0,5599664.0,545852.0,0.0,0.0,1.0,North,2008/2009,RAILWAY ROAD SOUTH,PAKI PAKI ROAD,Minor Crash,No,2008,South,0.0,0.0,Flat,0.0,Christmas New Year,0.0,0.0,Dark,1469600.0,1.0,0.0,0.0,2.0,0.0,0.0,,Hawke's Bay Region,Nil,2-way,Sealed,0.0,0.0,0.0,100.0,0.0,On,0.0,0.0,,30.0,Hastings District,Nil,1.0,0.0,0.0,1.0,0.0,0.0,Open,0.0,0.0,0.0,Fine
121437,1933317.0,5602402.0,548831.0,0.0,0.0,2.0,West,2015/2016,BALE PLACE,BROOKVALE ROAD,Non-Injury Crash,No,2016,North,0.0,0.0,Flat,0.0,,0.0,0.0,Bright sun,1509400.0,0.0,0.0,0.0,2.0,0.0,1.0,,Hawke's Bay Region,Nil,2-way,Sealed,0.0,0.0,0.0,50.0,0.0,Null,0.0,0.0,,30.0,Hastings District,Unknown,0.0,0.0,0.0,0.0,0.0,0.0,Urban,0.0,0.0,0.0,Fine
319010,1925834.0,5606110.0,548620.0,0.0,0.0,1.0,East,2013/2014,DUNDEE DRIVE N,WILSON ROAD,Non-Injury Crash,No,2014,West,0.0,1.0,Flat,0.0,,0.0,0.0,Dark,1475701.0,0.0,0.0,0.0,2.0,0.0,0.0,,Hawke's Bay Region,Nil,2-way,Sealed,0.0,0.0,0.0,50.0,0.0,On,0.0,0.0,,30.0,Hastings District,Unknown,0.0,0.0,0.0,0.0,0.0,0.0,Urban,0.0,0.0,0.0,Fine
519882,1925587.0,5603148.0,545852.0,0.0,0.0,1.0,Null,2005/2006,SH 50A,LONGLANDS ROAD WEST,Minor Crash,Yes,2006,West,0.0,0.0,Flat,0.0,,0.0,0.0,Dark,1469600.0,1.0,0.0,0.0,2.0,0.0,0.0,,Hawke's Bay Region,Nil,2-way,Sealed,0.0,0.0,0.0,50.0,0.0,On,0.0,0.0,,30.0,Hastings District,Give way,0.0,0.0,0.0,0.0,0.0,0.0,Urban,0.0,0.0,0.0,Fine
247234,1937784.0,5608483.0,545740.0,0.0,0.0,1.0,East,2009/2010,MILL ROAD,LAWN ROAD,Non-Injury Crash,No,2009,North,0.0,1.0,Flat,0.0,,0.0,0.0,Dark,1407700.0,0.0,0.0,0.0,2.0,0.0,0.0,,Hawke's Bay Region,Nil,2-way,Sealed,0.0,0.0,0.0,100.0,0.0,None,0.0,0.0,,30.0,Hastings District,Nil,0.0,0.0,0.0,0.0,0.0,0.0,Open,0.0,0.0,0.0,Fine
34545,1928730.8081,5603777.9992,545762.0,0.0,0.0,1.0,South,2018/2019,RAILWAY ROAD SOUTH,MURDOCH ROAD EAST,Non-Injury Crash,No,2018,North,0.0,0.0,Flat,0.0,Christmas New Year,0.0,0.0,Dark,1469500.0,0.0,0.0,0.0,2.0,0.0,0.0,,Hawke's Bay Region,Nil,2-way,Sealed,0.0,0.0,0.0,100.0,0.0,None,0.0,0.0,,30.0,Hastings District,Unknown,0.0,1.0,0.0,0.0,0.0,0.0,Open,0.0,0.0,0.0,Fine
178338,1928349.0,5606699.0,547800.0,0.0,0.0,1.0,Null,2000/2001,OMAHU ROAD,KARAITIANA ST,Non-Injury Crash,No,2001,South,0.0,,Flat,,,,,Overcast,1477400.0,0.0,0.0,0.0,2.0,0.0,,,Hawke's Bay Region,Nil,2-way,Sealed,0.0,0.0,,50.0,,Null,0.0,0.0,,30.0,Hastings District,Stop,,,,,1.0,0.0,Urban,0.0,,,Fine
220594,1936366.0,5601391.0,548833.0,0.0,0.0,1.0,Null,2015/2016,WAIMARAMA ROAD,TE MATA ROAD,Non-Injury Crash,No,2016,East,0.0,,Flat,,,,,Bright sun,1466802.0,0.0,0.0,0.0,2.0,0.0,,,Hawke's Bay Region,Nil,2-way,Sealed,0.0,0.0,,80.0,,Null,0.0,0.0,,30.0,Hastings District,Give way,,,,,0.0,0.0,Open,1.0,,,Fine
106121,1929851.0,5605477.0,548200.0,0.0,0.0,1.0,Null,2009/2010,ST AUBYN ST WEST,NELSON ST NORTH,Non-Injury Crash,No,2009,North,0.0,,Flat,,,,,Bright sun,1491000.0,0.0,0.0,0.0,4.0,0.0,,,Hawke's Bay Region,Nil,2-way,Sealed,0.0,0.0,,50.0,,Null,0.0,0.0,,30.0,Hastings District,Traffic Signals,,,,,0.0,0.0,Urban,1.0,,,Fine
61743,1927705.4013,5601955.0475,545852.0,0.0,0.0,2.0,North,2018/2019, LONGLANDS ROAD EAST,RIVERSLEA ROAD SOUTH,Minor Crash,No,2019,South,0.0,,Flat,,,,,Bright sun,1468700.0,1.0,0.0,0.0,2.0,0.0,,,Hawke's Bay Region,Nil,2-way,Sealed,0.0,0.0,,100.0,,None,0.0,0.0,,30.0,Hastings District,Nil,,,,,0.0,0.0,Open,0.0,,,Fine
716924,1907902.0,5675611.0,545911.0,0.0,0.0,0.0,North,2003/2004,SH 5,TARAWERA TAV,Non-Injury Crash,Yes,2003,South,0.0,0.0,Flat,0.0,Christmas New Year,0.0,0.0,Overcast,1281200.0,0.0,0.0,0.0,2.0,0.0,0.0,,Hawke's Bay Region,Nil,2-way,Sealed,0.0,0.0,0.0,100.0,0.0,Null,0.0,0.0,,30.0,Hastings District,Nil,0.0,0.0,0.0,0.0,0.0,0.0,Open,1.0,0.0,1.0,Light rain
205863,1930360.1897,5604172.9584,548300.0,0.0,0.0,2.0,Null,2019/2020,RIVERSLEA ROAD SOUTH,HERETAUNGA STREET EAST,Non-Injury Crash,No,2020,East,0.0,,Flat,,,,,Dark,1501600.0,0.0,0.0,0.0,2.0,0.0,,,Hawke's Bay Region,Nil,2-way,Sealed,0.0,0.0,,50.0,,On,0.0,0.0,,30.0,Hastings District,Stop,,,,,0.0,0.0,Urban,0.0,,,Fine
27407,1928798.0,5606263.0,547700.0,0.0,0.0,2.0,Null,2017/2018,HERETAUNGA ST WEST,PAKOWHAI ROAD,Non-Injury Crash,No,2017,North,0.0,,Flat,,,,,Bright sun,1486600.0,0.0,0.0,0.0,2.0,0.0,,,Hawke's Bay Region,Nil,1-way,Sealed,0.0,0.0,,50.0,,Null,0.0,0.0,,30.0,Hastings District,Give way,,,,,0.0,0.0,Urban,0.0,,,Fine
59725,1931931.0,5601537.0,548810.0,0.0,0.0,1.0,West,2007/2008,TE AUTE ROAD,LIPSCOMBE CRESCENT,Minor Crash,No,2007,West,0.0,,Flat,,,,,Bright sun,1505400.0,1.0,0.0,0.0,2.0,0.0,,,Hawke's Bay Region,Nil,2-way,Sealed,0.0,0.0,,50.0,,Null,0.0,0.0,,30.0,Hastings District,Nil,,,,,0.0,0.0,Urban,1.0,,,Fine
242665,1930065.0,5604789.0,548200.0,0.0,0.0,2.0,Null,2007/2008,QUEEN ST EAST,WARREN ST NORTH,Non-Injury Crash,No,2008,North,0.0,,Flat,,,,,Overcast,1493400.0,0.0,0.0,0.0,2.0,0.0,,,Hawke's Bay Region,Nil,2-way,Sealed,0.0,0.0,,50.0,,Null,0.0,0.0,,30.0,Hastings District,Give way,,,,,0.0,0.0,Urban,0.0,,,Fine
471101,1934210.0,5608991.0,545722.0,0.0,0.0,1.0,Null,2014/2015,ANDERSON ROAD,STATION ROAD,Minor Crash,No,2015,East,0.0,,Flat,,,,,Overcast,1406200.0,1.0,0.0,0.0,2.0,0.0,,,Hawke's Bay Region,Nil,2-way,Sealed,0.0,0.0,,50.0,,Null,0.0,0.0,,30.0,Hastings District,Give way,,,,,1.0,0.0,Urban,0.0,,,Fine
726414,1935083.0,5598195.0,548833.0,0.0,0.0,2.0,South,2002/2003,TE MATA PEAK ROAD,SIMLA AVENUE,Non-Injury Crash,No,2003,South,0.0,,Hill Road,,,,,Overcast,1467003.0,0.0,0.0,0.0,2.0,0.0,,,Hawke's Bay Region,Nil,2-way,Sealed,0.0,0.0,,100.0,,Null,0.0,0.0,,30.0,Hastings District,Nil,,,,,0.0,0.0,Open,0.0,,,Mist or Fog
652653,1930724.0,5605372.0,548200.0,0.0,0.0,2.0,Null,2007/2008,KARAMU ROAD NORTH,JERVOIS ST,Non-Injury Crash,No,2008,South,0.0,,Flat,,,,,Overcast,1494300.0,0.0,0.0,0.0,2.0,0.0,,,Hawke's Bay Region,Nil,2-way,Sealed,0.0,0.0,,50.0,,Null,0.0,0.0,,30.0,Hastings District,Give way,,,,,0.0,0.0,Urban,0.0,,,Light rain
550987,1930037.0,5607102.0,547600.0,0.0,0.0,2.0,Null,2014/2015,FREDERICK ST,RIMU ST,Non-Injury Crash,No,2015,North,0.0,,Flat,,,,,Bright sun,1482700.0,0.0,0.0,0.0,2.0,0.0,,,Hawke's Bay Region,Nil,2-way,Sealed,0.0,0.0,,50.0,,Null,0.0,0.0,,30.0,Hastings District,Nil,,,,,0.0,0.0,Urban,0.0,,,Fine
735181,1923118.0,5612406.0,545821.0,0.0,0.0,2.0,West,2009/2010,SWAMP ROAD,SH 50,Minor Crash,No,2009,West,0.0,,Flat,,,,,Bright sun,1408600.0,1.0,0.0,0.0,2.0,0.0,,,Hawke's Bay Region,Nil,2-way,Sealed,0.0,0.0,,100.0,,Null,0.0,0.0,,30.0,Hastings District,Nil,,,,,0.0,0.0,Open,0.0,,,Fine
55322,1932289.0,5609040.0,545721.0,0.0,0.0,1.0,East,2006/2007,PAKOWHAI ROAD,RUAHAPIA ROAD,Non-Injury Crash,No,2007,North,0.0,0.0,Flat,0.0,,0.0,0.0,Dark,1471600.0,0.0,0.0,0.0,2.0,0.0,0.0,,Hawke's Bay Region,Nil,2-way,Sealed,0.0,0.0,0.0,100.0,0.0,None,0.0,0.0,,30.0,Hastings District,Nil,0.0,0.0,0.0,0.0,0.0,0.0,Open,0.0,0.0,0.0,Fine
253608,1904881.0,5627849.0,545821.0,0.0,0.0,0.0,East,2001/2002,RIVER ROAD,TAIHAPE ROAD,Minor Crash,No,2002,South,0.0,0.0,Hill Road,0.0,,0.0,0.0,Overcast,1410000.0,1.0,0.0,0.0,0.0,0.0,0.0,,Hawke's Bay Region,Nil,2-way,Unsealed,0.0,0.0,0.0,100.0,0.0,Null,0.0,0.0,,30.0,Hastings District,Nil,0.0,0.0,0.0,0.0,1.0,0.0,Open,0.0,0.0,0.0,Fine
362937,1930898.0,5603599.0,545762.0,0.0,0.0,3.0,East,2007/2008,HAVELOCK ROAD,NORTON ROAD,Non-Injury Crash,No,2007,East,0.0,,Flat,,,,,Bright sun,1468500.0,0.0,0.0,0.0,2.0,0.0,,,Hawke's Bay Region,Nil,2-way,Sealed,0.0,0.0,,50.0,,Null,0.0,0.0,,30.0,Hastings District,Nil,,,,,0.0,0.0,Urban,0.0,,,Fine
431529,1929956.0,5604530.0,548200.0,0.0,0.0,2.0,Null,2014/2015,EASTBOURNE ST EAST,HASTINGS ST SOUTH,Non-Injury Crash,No,2015,South,0.0,,Flat,,,,,Bright sun,1493200.0,0.0,0.0,0.0,2.0,0.0,,,Hawke's Bay Region,Nil,2-way,Sealed,0.0,0.0,,50.0,,Null,0.0,0.0,,30.0,Hastings District,Give way,,,,,0.0,0.0,Urban,0.0,,,Fine
317828,1931038.0,5605564.0,548000.0,0.0,0.0,2.0,Null,2017/2018,KARAMU ROAD NORTH,FREDERICK ST,Non-Injury Crash,No,2018,East,0.0,,Flat,,,,,Overcast,1495700.0,0.0,0.0,0.0,2.0,0.0,,,Hawke's Bay Region,Nil,2-way,Sealed,0.0,0.0,,50.0,,Null,0.0,0.0,,30.0,Hastings District,Traffic Signals,,,,,0.0,0.0,Urban,0.0,,,Fine
305022,1918635.0,5647353.0,545811.0,0.0,0.0,0.0,North,2001/2002,SH 5,RUKUMOANA ROAD,Minor Crash,Yes,2002,South,0.0,0.0,Hill Road,0.0,,0.0,0.0,Dark,1414700.0,1.0,0.0,0.0,2.0,0.0,0.0,,Hawke's Bay Region,Nil,2-way,Sealed,0.0,0.0,0.0,100.0,0.0,On,0.0,0.0,,30.0,Hastings District,Nil,0.0,0.0,0.0,0.0,1.0,0.0,Open,0.0,0.0,0.0,Fine
75534,1929743.0,5605016.0,548200.0,0.0,0.0,1.0,Null,2009/2010,MARKET ST SOUTH,HERETAUNGA ST WEST,Non-Injury Crash,No,2010,South,0.0,0.0,Flat,0.0,,1.0,0.0,Twilight,1491700.0,0.0,0.0,0.0,2.0,0.0,0.0,,Hawke's Bay Region,Nil,2-way,Sealed,0.0,0.0,0.0,50.0,0.0,On,0.0,0.0,,30.0,Hastings District,Give way,0.0,0.0,0.0,0.0,0.0,0.0,Urban,0.0,0.0,0.0,Fine
716538,1925775.0,5619745.0,545821.0,0.0,0.0,0.0,Null,2003/2004,VICARAGE ROAD,DARTMOOR ROAD,Serious Crash,No,2003,North,0.0,,Hill Road,,Labour Weekend,,,Overcast,1411400.0,0.0,0.0,1.0,2.0,0.0,,,Hawke's Bay Region,Nil,2-way,Sealed,0.0,1.0,,50.0,,Null,0.0,0.0,,30.0,Hastings District,Give way,,,,,0.0,0.0,Urban,0.0,,,Fine
50356,1911714.0,5585659.0,545851.0,0.0,0.0,1.0,South,2005/2006,SH 2,BOUNDARY ROAD,Non-Injury Crash,Yes,2005,South,0.0,0.0,Hill Road,0.0,,0.0,0.0,Dark,1464900.0,0.0,0.0,0.0,2.0,0.0,0.0,,Hawke's Bay Region,Nil,2-way,Sealed,0.0,0.0,0.0,100.0,0.0,None,0.0,0.0,,30.0,Hastings District,Nil,0.0,0.0,0.0,0.0,0.0,0.0,Open,0.0,0.0,0.0,Fine
716775,1932138.0,5601442.0,548810.0,0.0,0.0,2.0,Null,2006/2007,NGARIMU ST,CRICHTON PLACE,Non-Injury Crash,No,2007,North,0.0,,Flat,,,,,Overcast,1505800.0,0.0,0.0,0.0,2.0,0.0,,,Hawke's Bay Region,Nil,2-way,Sealed,0.0,0.0,,50.0,,Null,0.0,0.0,,30.0,Hastings District,Nil,,,,,0.0,0.0,Urban,0.0,,,Mist or Fog
298771,1931046.0,5604473.0,548100.0,1.0,0.0,1.0,Null,2001/2002,SYLVAN ROAD,ALBERT ST,Minor Crash,No,2002,East,0.0,,Flat,,,,,Overcast,1499900.0,1.0,0.0,0.0,2.0,0.0,,,Hawke's Bay Region,Nil,2-way,Sealed,0.0,0.0,,50.0,,Null,0.0,0.0,,30.0,Hastings District,Give way,,,,,0.0,0.0,Urban,0.0,,,Fine
230359,1928784.0,5606279.0,547800.0,0.0,0.0,2.0,Null,2000/2001,MARAEKAKAHO ROAD,OMAHU ROAD,Non-Injury Crash,No,2001,West,0.0,0.0,Flat,0.0,,0.0,0.0,Bright sun,1477800.0,0.0,0.0,0.0,4.0,0.0,0.0,,Hawke's Bay Region,Nil,2-way,Sealed,0.0,0.0,0.0,50.0,0.0,Null,0.0,0.0,,30.0,Hastings District,Give way,1.0,0.0,0.0,0.0,0.0,0.0,Urban,0.0,0.0,0.0,Fine
325269,1929878.0,5605947.0,547700.0,0.0,0.0,2.0,Null,2016/2017,TOMOANA ROAD,FITZROY AVENUE,Non-Injury Crash,No,2017,East,0.0,,Flat,,,,,Bright sun,1488400.0,0.0,0.0,0.0,2.0,0.0,,,Hawke's Bay Region,Nil,2-way,Sealed,0.0,0.0,,50.0,,Null,0.0,0.0,,30.0,Hastings District,Stop,,,,,0.0,0.0,Urban,0.0,,,Null
193561,1934411.0,5646577.0,545911.0,0.0,0.0,1.0,North,2006/2007,SH 2,AROPAOANUI ROAD,Non-Injury Crash,Yes,2007,East,0.0,0.0,Hill Road,0.0,,0.0,0.0,Dark,1415400.0,0.0,0.0,0.0,2.0,0.0,0.0,,Hawke's Bay Region,Nil,2-way,Sealed,0.0,0.0,0.0,100.0,0.0,None,0.0,0.0,,30.0,Hastings District,Nil,0.0,0.0,0.0,0.0,0.0,0.0,Open,0.0,0.0,0.0,Fine
667383,1937241.0,5594931.0,545860.0,0.0,0.0,0.0,East,2004/2005,WAIMARAMA ROAD,KAHURANAKI ROAD,Minor Crash,No,2005,North,0.0,0.0,Hill Road,0.0,,0.0,0.0,Overcast,1467200.0,1.0,0.0,0.0,2.0,0.0,0.0,,Hawke's Bay Region,Nil,2-way,Sealed,0.0,0.0,0.0,100.0,0.0,Null,0.0,0.0,,30.0,Hastings District,Nil,0.0,0.0,0.0,0.0,0.0,0.0,Open,1.0,0.0,0.0,Fine
608640,1932786.0,5601969.0,548831.0,1.0,0.0,1.0,North,2004/2005,KARANEMA DRIVE,NAPIER ROAD,Minor Crash,No,2005,East,0.0,,Flat,,,,,Bright sun,1509600.0,1.0,0.0,0.0,2.0,0.0,,,Hawke's Bay Region,Nil,2-way,Sealed,0.0,0.0,,50.0,,Null,0.0,0.0,,30.0,Hastings District,Nil,,,,,0.0,0.0,Urban,0.0,,,Fine
71814,1929367.0,5604909.0,548200.0,0.0,0.0,2.0,Null,2015/2016,SOUTHAMPTON ST WEST,KING ST SOUTH,Non-Injury Crash,No,2015,West,0.0,,Flat,,,,,Overcast,1489100.0,0.0,0.0,0.0,2.0,0.0,,,Hawke's Bay Region,Nil,2-way,Sealed,0.0,0.0,,50.0,,Null,0.0,0.0,,30.0,Hastings District,Give way,,,,,0.0,0.0,Urban,0.0,,,Mist or Fog
358537,1926048.0,5637650.0,545811.0,0.0,0.0,1.0,North,2007/2008,SH 5,BEATTIE ROAD,Non-Injury Crash,Yes,2007,South,0.0,,Flat,,,,,Overcast,1414800.0,0.0,0.0,0.0,2.0,0.0,,,Hawke's Bay Region,Nil,2-way,Sealed,0.0,0.0,,100.0,,Null,0.0,0.0,,30.0,Hastings District,Nil,,,,,1.0,0.0,Open,0.0,,,Fine
28289,1930149.0,5604677.0,548200.0,0.0,0.0,2.0,Null,2017/2018,HASTINGS ST NORTH,QUEEN ST EAST,Non-Injury Crash,No,2018,North,0.0,,Flat,,,,,Bright sun,1493400.0,0.0,0.0,0.0,2.0,0.0,,,Hawke's Bay Region,Nil,2-way,Sealed,0.0,0.0,,50.0,,Null,0.0,0.0,,30.0,Hastings District,Give way,,,,,0.0,0.0,Urban,0.0,,,Fine
535276,1928327.0,5605244.0,547900.0,0.0,0.0,1.0,Null,2004/2005,GORDON ROAD,FLORENCE ST,Non-Injury Crash,No,2004,East,0.0,0.0,Flat,0.0,,0.0,0.0,Overcast,1480303.0,0.0,0.0,0.0,2.0,0.0,0.0,,Hawke's Bay Region,Nil,2-way,Sealed,0.0,0.0,0.0,50.0,0.0,Null,0.0,0.0,,30.0,Hastings District,Give way,0.0,0.0,0.0,1.0,0.0,0.0,Urban,0.0,0.0,0.0,Fine
528267,1928978.8186,5606025.9802,547700.0,0.0,0.0,1.0,Null,2019/2020,ALLERTON STREET,HERETAUNGA STREET WEST,Non-Injury Crash,No,2020,South,0.0,,Flat,,,,,Dark,1487400.0,0.0,0.0,0.0,2.0,0.0,,,Hawke's Bay Region,Nil,2-way,Sealed,0.0,0.0,,50.0,,On,1.0,0.0,,30.0,Hastings District,Stop,,,,,0.0,0.0,Urban,0.0,,,Fine
462898,1931296.0,5605722.0,548000.0,0.0,0.0,2.0,North,2003/2004,KARAMU ROAD NORTH,MAYFAIR AVENUE,Minor Crash,No,2004,North,0.0,,Flat,,,,,Dark,1496000.0,1.0,0.0,0.0,2.0,0.0,,,Hawke's Bay Region,Nil,2-way,Sealed,0.0,0.0,,50.0,,On,0.0,0.0,,30.0,Hastings District,Nil,,,,,0.0,0.0,Urban,0.0,,,Fine
475603,1928278.0,5606678.0,548500.0,0.0,0.0,2.0,Null,2009/2010,CANNING ROAD,HAPIA ST,Non-Injury Crash,No,2009,North,0.0,0.0,Flat,0.0,,0.0,0.0,Overcast,1478700.0,0.0,0.0,0.0,2.0,0.0,1.0,,Hawke's Bay Region,Nil,2-way,Sealed,0.0,0.0,0.0,50.0,0.0,Null,0.0,0.0,,30.0,Hastings District,Nil,0.0,0.0,0.0,0.0,0.0,0.0,Urban,0.0,0.0,0.0,Fine
158971,1931294.0,5605188.0,548000.0,1.0,0.0,1.0,Null,2004/2005,WILLOWPARK ROAD NORTH,GROVE ROAD,Minor Crash,No,2005,East,0.0,,Flat,,,,,Bright sun,1496800.0,1.0,0.0,0.0,2.0,0.0,,,Hawke's Bay Region,Nil,2-way,Sealed,0.0,0.0,,50.0,,Null,0.0,0.0,,30.0,Hastings District,Give way,,,,,0.0,0.0,Urban,0.0,,,Fine
539020,1929023.0,5604095.0,547900.0,1.0,0.0,1.0,North,2000/2001,RAILWAY ROAD,GASCOIGNE ST,Minor Crash,No,2001,South,0.0,,Flat,,,,,Overcast,1482400.0,1.0,0.0,0.0,3.0,0.0,,,Hawke's Bay Region,Nil,2-way,Sealed,0.0,0.0,,70.0,,Null,0.0,0.0,,30.0,Hastings District,Stop,,,,,0.0,0.0,Urban,0.0,,,Fine
340027,1929584.0,5605226.0,548200.0,0.0,0.0,0.0,South,2016/2017,HERETAUNGA ST WEST,NELSON ST SOUTH,Non-Injury Crash,No,2017,North,0.0,,Flat,,,,,Bright sun,1490700.0,0.0,0.0,0.0,2.0,0.0,,,Hawke's Bay Region,Nil,2-way,Sealed,0.0,0.0,,50.0,,Null,0.0,0.0,,30.0,Hastings District,Unknown,,,,,0.0,0.0,Urban,2.0,,,Fine
410373,1927531.0,5599978.0,545851.0,0.0,0.0,0.0,South,2006/2007,STOCK ROAD,CRYSTALL ROAD,Non-Injury Crash,No,2007,South,0.0,0.0,Flat,0.0,Queens Birthday,0.0,0.0,Dark,1465802.0,0.0,0.0,0.0,2.0,0.0,0.0,,Hawke's Bay Region,Nil,2-way,Sealed,0.0,0.0,0.0,100.0,0.0,None,0.0,0.0,,30.0,Hastings District,Nil,0.0,0.0,0.0,0.0,0.0,0.0,Open,1.0,0.0,0.0,Fine
56384,1927860.0,5605012.0,547900.0,0.0,0.0,1.0,West,2002/2003,WALL ROAD,CAMPBELL ST,Minor Crash,No,2002,North,0.0,1.0,Flat,0.0,,0.0,0.0,Overcast,1481300.0,1.0,0.0,0.0,2.0,0.0,0.0,,Hawke's Bay Region,Nil,2-way,Sealed,0.0,0.0,0.0,50.0,0.0,Null,0.0,0.0,,30.0,Hastings District,Nil,0.0,0.0,0.0,0.0,0.0,0.0,Urban,0.0,0.0,0.0,Fine
48097,1930876.0,5604104.0,548100.0,0.0,0.0,1.0,Null,2010/2011,PARK ROAD NORTH,ST AUBYN ST EAST,Minor Crash,No,2011,North,0.0,1.0,Flat,0.0,,0.0,0.0,Twilight,1501300.0,1.0,0.0,0.0,2.0,0.0,0.0,,Hawke's Bay Region,Nil,2-way,Sealed,0.0,0.0,0.0,50.0,0.0,Off,0.0,0.0,,30.0,Hastings District,Give way,0.0,0.0,0.0,0.0,0.0,0.0,Urban,0.0,0.0,0.0,Fine
602193,1929179.0,5605159.0,548200.0,0.0,0.0,1.0,Null,2002/2003,SOUTHAMPTON ST WEST,SOUTHLAND ROAD,Non-Injury Crash,No,2002,South,0.0,,Flat,,,,,Dark,1488600.0,0.0,0.0,0.0,2.0,0.0,,1.0,Hawke's Bay Region,Nil,2-way,Sealed,0.0,0.0,,50.0,,On,0.0,0.0,,30.0,Hastings District,Give way,,,,,0.0,0.0,Urban,0.0,,,Fine
14266,1932389.0,5602025.0,548831.0,0.0,0.0,2.0,Null,2013/2014,HAVELOCK ROAD,KARANEMA DRIVE,Non-Injury Crash,No,2014,South,0.0,,Flat,,,,,Bright sun,1509600.0,0.0,0.0,0.0,2.0,0.0,,,Hawke's Bay Region,Nil,2-way,Sealed,0.0,0.0,,50.0,,Off,0.0,0.0,,30.0,Hastings District,Give way,,,,,0.0,0.0,Urban,0.0,,,Fine
324798,1927891.3729,5606654.8201,548500.0,0.0,0.0,0.0,Null,2019/2020,TUI PLACE,TUI PLACE,Non-Injury Crash,No,2020,North,0.0,,Flat,,,,,Bright sun,1478600.0,0.0,0.0,0.0,2.0,0.0,,,Hawke's Bay Region,Nil,2-way,Sealed,0.0,0.0,,50.0,,Off,1.0,0.0,,30.0,Hastings District,Nil,,,,,1.0,0.0,Urban,0.0,,,Fine
285881,1929549.0,5604870.0,548200.0,0.0,0.0,2.0,Null,2000/2001,MARKET ST SOUTH,LYNDON ROAD WEST,Non-Injury Crash,No,2001,East,0.0,,Flat,,,,,Overcast,1489802.0,0.0,0.0,0.0,2.0,0.0,,,Hawke's Bay Region,Nil,2-way,Sealed,0.0,0.0,,50.0,,Null,0.0,0.0,,30.0,Hastings District,Give way,,,,,0.0,0.0,Urban,0.0,,,Fine