OBJECTID,X,Y,areaUnitID,bicycle,bus,carStationWagon,crashDirectionDescription,crashFinancialYear,crashLocation1,crashLocation2,crashSeverity,crashSHDescription,crashYear,directionRoleDescription,fatalCount,fence,flatHill,guardRail,holiday,houseOrBuilding,kerb,light,meshblockId,minorInjuryCount,moped,motorcycle,NumberOfLanes,otherVehicleType,parkedVehicle,pedestrian,region,roadCharacter,roadLane,roadSurface,schoolBus,seriousInjuryCount,slipOrFlood,speedLimit,strayAnimal,streetLight,suv,taxi,temporarySpeedLimit,tlaId,tlaName,trafficControl,trafficIsland,trafficSign,train,tree,truck,unknownVehicleType,urban,vanOrUtility,vehicle,waterRiver,weatherA
30868,1924428.0,5607387.0,548612.0,0.0,0.0,1.0,Null,2003/2004,SCOTT DRIVE,HUDSON ROAD,Non-Injury Crash,No,2003,South,0.0,1.0,Flat,0.0,,0.0,0.0,Dark,1474112.0,0.0,0.0,0.0,2.0,0.0,0.0,,Hawke's Bay Region,Nil,2-way,Sealed,0.0,0.0,0.0,50.0,0.0,On,0.0,0.0,,30.0,Hastings District,Give way,0.0,0.0,0.0,0.0,0.0,0.0,Urban,0.0,0.0,0.0,Fine
706865,1925551.0,5603217.0,545842.0,0.0,0.0,1.0,Null,2006/2007,MARAEKAKAHO ROAD,LONGLANDS ROAD WEST,Non-Injury Crash,Yes,2006,North,0.0,0.0,Flat,0.0,,0.0,0.0,Bright sun,1470214.0,0.0,0.0,0.0,2.0,0.0,0.0,,Hawke's Bay Region,Nil,2-way,Sealed,0.0,0.0,0.0,100.0,0.0,Null,0.0,0.0,,30.0,Hastings District,Give way,0.0,0.0,0.0,0.0,0.0,0.0,Open,0.0,0.0,0.0,Light rain
447289,1930757.0,5606610.0,547600.0,0.0,0.0,0.0,Null,2003/2004,TOMOANA ROAD,WILLIAMS ST,Non-Injury Crash,No,2004,North,0.0,,Flat,,,,,Bright sun,1484000.0,0.0,0.0,1.0,2.0,0.0,,,Hawke's Bay Region,Nil,2-way,Sealed,0.0,0.0,,50.0,,Null,0.0,0.0,,30.0,Hastings District,Stop,,,,,0.0,0.0,Urban,1.0,,,Fine
119881,1934423.0,5601034.0,548833.0,0.0,0.0,2.0,South,2000/2001,DURHAM DRIVE,JAMES COOK ST,Non-Injury Crash,No,2001,North,0.0,0.0,Hill Road,0.0,,0.0,0.0,Dark,1466706.0,0.0,0.0,0.0,2.0,0.0,1.0,,Hawke's Bay Region,Nil,2-way,Sealed,0.0,0.0,0.0,50.0,0.0,On,0.0,0.0,,30.0,Hastings District,Nil,0.0,0.0,0.0,0.0,0.0,0.0,Urban,0.0,0.0,0.0,Fine
535696,1911829.0,5662338.0,545911.0,0.0,0.0,0.0,South,2007/2008,SH 5,TE HAROTO ROAD,Minor Crash,Yes,2008,North,0.0,,Hill Road,,,,,Bright sun,1414300.0,1.0,0.0,1.0,2.0,0.0,,,Hawke's Bay Region,Nil,2-way,Sealed,0.0,0.0,,100.0,,Null,0.0,0.0,,30.0,Hastings District,Nil,,,,,2.0,0.0,Open,0.0,,,Fine
650970,1927234.0,5602249.0,545762.0,0.0,0.0,1.0,Null,2010/2011,RAILWAY ROAD SOUTH,LONGLANDS ROAD EAST,Non-Injury Crash,No,2011,North,0.0,,Flat,,,,,Bright sun,1468200.0,0.0,0.0,0.0,2.0,0.0,,,Hawke's Bay Region,Nil,2-way,Sealed,0.0,0.0,,100.0,,Null,1.0,0.0,,30.0,Hastings District,Give way,,,,,0.0,0.0,Open,0.0,,,Fine
388325,1929891.0,5605048.0,548200.0,0.0,0.0,0.0,Null,2009/2010,Z CPK NATIONAL BANK,QUEEN/RAILWAY,Non-Injury Crash,No,2010,North,0.0,0.0,Flat,0.0,,0.0,0.0,Bright sun,1491300.0,0.0,0.0,0.0,2.0,0.0,1.0,,Hawke's Bay Region,Nil,2-way,Sealed,0.0,0.0,0.0,50.0,0.0,Null,0.0,0.0,,30.0,Hastings District,Nil,0.0,0.0,0.0,0.0,0.0,0.0,Urban,2.0,0.0,0.0,Fine
185741,1930752.0,5603756.0,548300.0,0.0,0.0,2.0,Null,2012/2013,HERETAUNGA ST EAST,LUMSDEN ROAD,Non-Injury Crash,No,2013,South,0.0,,Flat,,,,,Overcast,1502700.0,0.0,0.0,0.0,2.0,0.0,,,Hawke's Bay Region,Nil,2-way,Sealed,0.0,0.0,,50.0,,Null,0.0,0.0,,30.0,Hastings District,Stop,,,,,0.0,0.0,Urban,0.0,,,Fine
393650,1933205.0,5602516.0,548831.0,0.0,0.0,2.0,Null,2006/2007,CROSSES ROAD,NAPIER ROAD,Non-Injury Crash,No,2007,North,0.0,,Flat,,,,,Overcast,1509100.0,0.0,0.0,0.0,2.0,0.0,,,Hawke's Bay Region,Nil,2-way,Sealed,0.0,0.0,,50.0,,Null,0.0,0.0,,30.0,Hastings District,Give way,,,,,0.0,0.0,Urban,0.0,,,Fine
54058,1936120.0,5611602.0,545832.0,0.0,0.0,1.0,South,2004/2005,FARNDON ROAD,SH 2,Non-Injury Crash,No,2005,West,0.0,1.0,Flat,0.0,,0.0,0.0,Bright sun,1404300.0,0.0,0.0,0.0,2.0,0.0,0.0,,Hawke's Bay Region,Nil,2-way,Sealed,0.0,0.0,0.0,50.0,0.0,Null,0.0,0.0,,30.0,Hastings District,Nil,0.0,0.0,0.0,0.0,1.0,0.0,Urban,0.0,0.0,0.0,Fine
140009,1932497.6562,5601805.9921,548810.0,1.0,0.0,0.0,Null,2018/2019,HAVELOCK ROAD,PORTER DRIVE,Minor Crash,No,2019,Null,0.0,,Null,,,,,Bright sun,1505200.0,1.0,0.0,0.0,2.0,0.0,,,Hawke's Bay Region,Nil,2-way,Sealed,0.0,0.0,,50.0,,Null,0.0,0.0,,30.0,Hastings District,Give way,,,,,0.0,0.0,Urban,0.0,,,Null
563505,1929215.0,5605713.0,547700.0,0.0,0.0,3.0,North,2004/2005,HERETAUNGA ST WEST,MCLEAN ST,Non-Injury Crash,No,2005,South,0.0,,Flat,,,,,Bright sun,1487800.0,0.0,0.0,0.0,2.0,0.0,,,Hawke's Bay Region,Nil,2-way,Sealed,0.0,0.0,,50.0,,Null,0.0,0.0,,30.0,Hastings District,Nil,,,,,0.0,0.0,Urban,0.0,,,Fine
639149,1941115.0,5605717.0,545740.0,0.0,0.0,0.0,West,2008/2009,CLIFTON ROAD,GORDON ROAD,Minor Crash,No,2009,East,0.0,1.0,Flat,0.0,,0.0,0.0,Dark,1408001.0,1.0,0.0,0.0,2.0,0.0,0.0,,Hawke's Bay Region,Nil,2-way,Sealed,0.0,0.0,0.0,50.0,0.0,Off,0.0,0.0,,30.0,Hastings District,Nil,0.0,0.0,0.0,0.0,0.0,0.0,Urban,1.0,0.0,0.0,Fine
273152,1930686.7895,5606092.3158,547600.0,0.0,0.0,1.0,Null,2019/2020,FREDERICK STREET,NELSON STREET NORTH,Non-Injury Crash,No,2019,North,0.0,0.0,Flat,0.0,,0.0,1.0,Bright sun,1483500.0,0.0,0.0,0.0,2.0,0.0,0.0,,Hawke's Bay Region,Nil,2-way,Sealed,0.0,0.0,0.0,50.0,0.0,Off,0.0,0.0,,30.0,Hastings District,Give way,0.0,0.0,0.0,0.0,1.0,0.0,Urban,0.0,0.0,0.0,Fine
611,1929090.3505,5606510.4388,547700.0,0.0,0.0,2.0,Null,2019/2020,PAKOWHAI ROAD,FRIMLEY ROAD,Minor Crash,No,2019,West,0.0,,Flat,,,,,Twilight,1485800.0,1.0,0.0,0.0,2.0,0.0,,,Hawke's Bay Region,Nil,2-way,Sealed,0.0,0.0,,50.0,,On,0.0,0.0,,30.0,Hastings District,Traffic Signals,,,,,0.0,0.0,Urban,0.0,,,Fine
458659,1926785.0,5605822.0,545761.0,0.0,0.0,1.0,North,2005/2006,YORK ROAD,MARAEKAKAHO ROAD,Non-Injury Crash,No,2006,North,0.0,0.0,Flat,0.0,,0.0,0.0,Dark,1469905.0,0.0,0.0,0.0,2.0,0.0,0.0,,Hawke's Bay Region,Nil,2-way,Sealed,0.0,0.0,0.0,100.0,0.0,On,0.0,0.0,,30.0,Hastings District,Nil,0.0,0.0,0.0,0.0,0.0,0.0,Open,0.0,0.0,0.0,Light rain
291699,1929883.0,5604980.0,548200.0,0.0,0.0,1.0,South,2011/2012,RUSSELL ST NORTH,QUEEN ST EAST,Non-Injury Crash,No,2011,South,0.0,,Flat,,,,,Bright sun,1492100.0,0.0,0.0,0.0,2.0,0.0,,,Hawke's Bay Region,Nil,2-way,Sealed,0.0,0.0,,50.0,,Null,0.0,0.0,,30.0,Hastings District,Nil,,,,,0.0,0.0,Urban,1.0,,,Fine
135382,1930245.0,5604748.0,548200.0,0.0,0.0,2.0,Null,2016/2017,HASTINGS ST NORTH,AVENUE ROAD EAST,Non-Injury Crash,No,2017,South,0.0,,Flat,,,,,Bright sun,1493501.0,0.0,0.0,0.0,2.0,0.0,,,Hawke's Bay Region,Nil,2-way,Sealed,0.0,0.0,,50.0,,Null,0.0,0.0,,30.0,Hastings District,Give way,,,,,0.0,0.0,Urban,0.0,,,Fine
502496,1928975.2117,5602943.9485,545762.0,0.0,0.0,1.0,Null,2019/2020,RIVERSLEA ROAD SOUTH,TOLLEMACHE ROAD EAST,Non-Injury Crash,No,2019,North,0.0,,Flat,,,,,Dark,1468200.0,0.0,0.0,0.0,2.0,0.0,,,Hawke's Bay Region,Nil,2-way,Sealed,0.0,0.0,,50.0,,None,0.0,0.0,,30.0,Hastings District,Stop,,,,,0.0,0.0,Urban,1.0,,,Fine
284716,1923786.0,5607356.0,548611.0,0.0,0.0,1.0,Null,2012/2013,LIVINGSTONE ROAD,DIAZ DRIVE,Non-Injury Crash,No,2013,South,0.0,0.0,Flat,0.0,,0.0,1.0,Dark,1473901.0,0.0,0.0,0.0,2.0,0.0,0.0,,Hawke's Bay Region,Nil,2-way,Sealed,0.0,0.0,0.0,50.0,0.0,On,0.0,0.0,,30.0,Hastings District,Nil,0.0,0.0,0.0,0.0,0.0,0.0,Urban,0.0,0.0,0.0,Fine
362808,1932246.0,5611314.0,545832.0,0.0,0.0,2.0,South,2011/2012,PAKOWHAI ROAD,BROOKFIELDS ROAD,Minor Crash,No,2011,North,0.0,,Flat,,,,,Bright sun,1404000.0,1.0,0.0,0.0,2.0,0.0,,,Hawke's Bay Region,Nil,2-way,Sealed,0.0,0.0,,70.0,,Null,0.0,0.0,,30.0,Hastings District,Nil,,,,,0.0,0.0,Urban,0.0,,,Fine
445353,1930658.0,5604394.0,548100.0,0.0,0.0,2.0,Null,2011/2012,ST AUBYN ST EAST,RIVERSLEA ROAD NORTH,Non-Injury Crash,No,2012,North,0.0,,Flat,,,,,Bright sun,1500900.0,0.0,0.0,0.0,2.0,0.0,,,Hawke's Bay Region,Nil,2-way,Sealed,0.0,0.0,,50.0,,Null,0.0,0.0,,30.0,Hastings District,Stop,,,,,0.0,0.0,Urban,0.0,,,Fine
676741,1927296.0,5605131.0,545761.0,0.0,0.0,1.0,Null,2004/2005,MARAEKAKAHO ROAD,YORK ROAD,Minor Crash,No,2005,North,0.0,,Flat,,,,,Twilight,1469905.0,1.0,0.0,0.0,2.0,0.0,,,Hawke's Bay Region,Nil,2-way,Sealed,0.0,0.0,,100.0,,Off,0.0,0.0,,30.0,Hastings District,Give way,,,,,0.0,0.0,Open,1.0,,,Fine
136278,1924078.0,5607270.0,548612.0,0.0,0.0,2.0,East,2002/2003,STANLEY ST,BURTON CRESCENT,Minor Crash,No,2002,North,0.0,,Flat,,,,,Bright sun,1474003.0,1.0,0.0,0.0,2.0,0.0,,,Hawke's Bay Region,Nil,2-way,Sealed,0.0,0.0,,50.0,,Null,0.0,0.0,,30.0,Hastings District,Nil,,,,,0.0,0.0,Urban,0.0,,,Fine
283430,1929464.0,5605185.0,548200.0,0.0,0.0,2.0,Null,2014/2015,EASTBOURNE ST WEST,NELSON ST SOUTH,Non-Injury Crash,No,2015,East,0.0,,Flat,,,,,Overcast,1488900.0,0.0,0.0,0.0,2.0,0.0,,,Hawke's Bay Region,Nil,2-way,Sealed,0.0,0.0,,50.0,,Null,0.0,0.0,,30.0,Hastings District,Stop,,,,,0.0,0.0,Urban,0.0,,,Fine
97059,1929549.0,5604870.0,548200.0,0.0,0.0,2.0,Null,2012/2013,MARKET ST SOUTH,LYNDON ROAD WEST,Non-Injury Crash,No,2012,North,0.0,,Flat,,,,,Bright sun,1489802.0,0.0,0.0,0.0,2.0,0.0,,,Hawke's Bay Region,Nil,2-way,Sealed,0.0,0.0,,50.0,,Null,0.0,0.0,,30.0,Hastings District,Give way,,,,,0.0,0.0,Urban,0.0,,,Fine
738724,1928886.0,5606148.0,547700.0,0.0,0.0,2.0,East,2004/2005,HERETAUNGA ST WEST,STORTFORD ST,Non-Injury Crash,No,2004,West,0.0,,Flat,,,,,Dark,1486700.0,0.0,0.0,0.0,3.0,0.0,,,Hawke's Bay Region,Nil,2-way,Sealed,0.0,0.0,,50.0,,On,0.0,0.0,,30.0,Hastings District,Give way,,,,,0.0,0.0,Urban,0.0,,,Fine
665200,1934727.0,5609860.0,545832.0,0.0,0.0,1.0,Null,2013/2014,FARNDON ROAD,FARNDON OBR,Non-Injury Crash,No,2014,South,0.0,,Hill Road,,,,,Overcast,1404300.0,0.0,0.0,0.0,2.0,0.0,,,Hawke's Bay Region,Nil,2-way,Sealed,0.0,0.0,,100.0,,Null,0.0,0.0,,30.0,Hastings District,Nil,,,,,1.0,0.0,Open,0.0,,,Fine
521889,1930935.0,5613540.0,545831.0,0.0,0.0,2.0,Null,2016/2017,SH 50,SH 50A,Non-Injury Crash,Yes,2017,East,0.0,,Flat,,,,,Overcast,1404600.0,0.0,0.0,0.0,2.0,0.0,,,Hawke's Bay Region,Nil,2-way,Sealed,0.0,0.0,,100.0,,Null,0.0,0.0,,30.0,Hastings District,Give way,,,,,0.0,0.0,Open,0.0,,,Fine
469338,1931007.0,5607966.0,545710.0,0.0,0.0,0.0,Null,2013/2014,PAKOWHAI ROAD,MORLEY ROAD,Minor Crash,No,2014,South,0.0,,Flat,,,,,Bright sun,1471100.0,1.0,0.0,0.0,2.0,1.0,,,Hawke's Bay Region,Nil,2-way,Sealed,0.0,0.0,,80.0,,None,0.0,0.0,,30.0,Hastings District,Stop,,,,,1.0,0.0,Open,0.0,,,Fine
57719,1928842.0,5603900.0,547900.0,0.0,0.0,2.0,Null,2011/2012,RAILWAY ROAD,MURDOCH ROAD WEST,Non-Injury Crash,No,2011,North,0.0,,Flat,,,,,Overcast,1482600.0,0.0,0.0,0.0,2.0,0.0,,,Hawke's Bay Region,Nil,2-way,Sealed,0.0,0.0,,50.0,,Null,0.0,0.0,,30.0,Hastings District,Stop,,,,,0.0,0.0,Urban,0.0,,,Fine
100612,1929884.0,5608325.0,545710.0,0.0,0.0,2.0,South,2017/2018,EVENDEN ROAD,PERCIVAL ROAD,Non-Injury Crash,No,2018,North,0.0,,Flat,,,,,Bright sun,1471300.0,0.0,0.0,0.0,2.0,0.0,,,Hawke's Bay Region,Nil,2-way,Sealed,0.0,0.0,,80.0,,Null,0.0,0.0,,30.0,Hastings District,Nil,,,,,0.0,0.0,Open,0.0,,,Fine
357442,1928813.0,5603927.0,547900.0,0.0,0.0,1.0,North,2015/2016,MURDOCH ROAD WEST,RAILWAY ROAD,Non-Injury Crash,No,2016,North,0.0,,Flat,,,,,Dark,1482600.0,0.0,0.0,0.0,2.0,0.0,,,Hawke's Bay Region,Nil,2-way,Sealed,0.0,0.0,,50.0,,On,0.0,0.0,,30.0,Hastings District,Unknown,,,,,0.0,0.0,Urban,0.0,,,Fine
260018,1919682.0,5611629.0,545821.0,0.0,0.0,1.0,South,2009/2010,OHITI ROAD,TAIHAPE ROAD,Minor Crash,No,2010,North,0.0,1.0,Hill Road,0.0,,0.0,0.0,Bright sun,1408900.0,1.0,0.0,0.0,2.0,0.0,0.0,,Hawke's Bay Region,Nil,2-way,Sealed,0.0,0.0,0.0,80.0,0.0,Null,0.0,0.0,,30.0,Hastings District,Nil,0.0,0.0,0.0,0.0,0.0,0.0,Open,0.0,0.0,0.0,Fine
179686,1921967.0,5604153.0,545841.0,0.0,0.0,2.0,South,2000/2001,RAUKAWA ROAD,MARAEKAKAHO ROAD,Minor Crash,No,2001,North,0.0,,Flat,,,,,Bright sun,1463000.0,2.0,0.0,0.0,2.0,0.0,,,Hawke's Bay Region,Nil,2-way,Sealed,0.0,0.0,,70.0,,Null,0.0,0.0,,30.0,Hastings District,Nil,,,,,0.0,0.0,Urban,0.0,,,Fine
675987,1929549.0,5604672.0,548200.0,0.0,0.0,2.0,Null,2002/2003,RAILWAY ROAD,SOUTHAMPTON ST WEST,Non-Injury Crash,No,2003,East,0.0,,Flat,,,,,Bright sun,1489700.0,0.0,0.0,0.0,3.0,0.0,,,Hawke's Bay Region,Nil,2-way,Sealed,0.0,0.0,,50.0,,Null,0.0,0.0,,30.0,Hastings District,Traffic Signals,,,,,0.0,0.0,Urban,0.0,,,Fine
738498,1932568.0,5609980.0,545832.0,0.0,0.0,0.0,North,2017/2018,PAKOWHAI ROAD,CHESTERHOPE BR,Non-Injury Crash,No,2018,South,0.0,0.0,Flat,0.0,,0.0,0.0,Dark,1404400.0,0.0,0.0,0.0,2.0,0.0,0.0,,Hawke's Bay Region,Bridge,2-way,Sealed,0.0,0.0,0.0,80.0,0.0,None,0.0,0.0,,30.0,Hastings District,Unknown,0.0,0.0,0.0,0.0,0.0,0.0,Open,1.0,0.0,0.0,Light rain
734566,1930257.0,5604934.0,548200.0,0.0,0.0,2.0,Null,2017/2018,ST AUBYN ST EAST,WARREN ST NORTH,Non-Injury Crash,No,2018,North,0.0,,Flat,,,,,Bright sun,1493501.0,0.0,0.0,0.0,3.0,0.0,,,Hawke's Bay Region,Nil,2-way,Sealed,0.0,0.0,,50.0,,Null,0.0,0.0,,30.0,Hastings District,Give way,,,,,0.0,0.0,Urban,0.0,,,Fine
187132,1929464.0,5605185.0,548200.0,0.0,0.0,2.0,Null,2013/2014,NELSON ST SOUTH,EASTBOURNE ST WEST,Non-Injury Crash,No,2013,South,0.0,,Flat,,,,,Bright sun,1488900.0,0.0,0.0,0.0,2.0,0.0,,,Hawke's Bay Region,Nil,2-way,Sealed,0.0,0.0,,50.0,,Off,0.0,0.0,,30.0,Hastings District,Stop,,,,,0.0,0.0,Urban,0.0,,,Fine
450319,1928777.0,5606261.0,548500.0,1.0,0.0,1.0,South,2006/2007,MARAEKAKAHO ROAD,HERETAUNGA ST WEST,Minor Crash,No,2007,North,0.0,,Flat,,,,,Overcast,1478800.0,1.0,0.0,0.0,2.0,0.0,,,Hawke's Bay Region,Nil,2-way,Sealed,0.0,0.0,,50.0,,Null,0.0,0.0,,30.0,Hastings District,Give way,,,,,0.0,0.0,Urban,0.0,,,Fine
666046,1933166.8745,5602388.5179,548831.0,0.0,0.0,2.0,North,2019/2020,NAPIER ROAD,ST HILL LANE,Non-Injury Crash,No,2019,South,0.0,0.0,Flat,0.0,,0.0,0.0,Bright sun,1509400.0,0.0,0.0,0.0,2.0,0.0,2.0,,Hawke's Bay Region,Nil,2-way,Sealed,0.0,0.0,0.0,50.0,0.0,Off,1.0,0.0,,30.0,Hastings District,Unknown,0.0,0.0,0.0,0.0,0.0,0.0,Urban,0.0,0.0,0.0,Fine
97451,1929905.0,5605001.0,548200.0,0.0,0.0,2.0,Null,2007/2008,RUSSELL ST NORTH,QUEEN ST EAST,Non-Injury Crash,No,2007,North,0.0,,Flat,,,,,Bright sun,1492200.0,0.0,0.0,0.0,3.0,0.0,,,Hawke's Bay Region,Nil,2-way,Sealed,0.0,0.0,,50.0,,Null,0.0,0.0,,30.0,Hastings District,Traffic Signals,,,,,0.0,0.0,Urban,0.0,,,Fine
306729,1929393.0,5603396.0,548300.0,0.0,0.0,1.0,Null,2001/2002,MURDOCH ROAD EAST,RIVERSLEA ROAD SOUTH,Non-Injury Crash,No,2002,North,0.0,,Flat,,,,,Bright sun,1503800.0,0.0,0.0,0.0,2.0,0.0,,,Hawke's Bay Region,Nil,2-way,Sealed,0.0,0.0,,50.0,,Null,0.0,0.0,,30.0,Hastings District,Stop,,,,,1.0,0.0,Urban,0.0,,,Fine
574418,1929896.0,5604813.0,548200.0,0.0,0.0,2.0,Null,2003/2004,KARAMU ROAD NORTH,HERETAUNGA ST EAST,Minor Crash,No,2003,North,0.0,,Flat,,,,,Bright sun,1492700.0,1.0,0.0,0.0,2.0,0.0,,,Hawke's Bay Region,Nil,2-way,Sealed,0.0,0.0,,50.0,,Null,0.0,0.0,,30.0,Hastings District,Traffic Signals,,,,,0.0,0.0,Urban,0.0,,,Fine
413222,1928943.0,5606074.0,547700.0,0.0,0.0,2.0,North,2006/2007,HERETAUNGA ST WEST,ALLERTON ST,Non-Injury Crash,No,2007,East,0.0,,Flat,,,,,Overcast,1486000.0,0.0,0.0,0.0,2.0,0.0,,,Hawke's Bay Region,Nil,2-way,Sealed,0.0,0.0,,50.0,,Null,0.0,0.0,,30.0,Hastings District,Nil,,,,,0.0,0.0,Urban,0.0,,,Light rain
322831,1926245.0,5606266.0,545761.0,0.0,0.0,2.0,Null,2017/2018,SH 50A,FLAXMERE AVENUE,Non-Injury Crash,Yes,2018,North,0.0,,Flat,,,,,Bright sun,1469905.0,0.0,0.0,0.0,2.0,0.0,,,Hawke's Bay Region,Nil,1-way,Sealed,0.0,0.0,,100.0,,Null,0.0,0.0,,30.0,Hastings District,Give way,,,,,0.0,0.0,Open,0.0,,,Fine
273328,1924362.0,5609242.0,545710.0,0.0,0.0,0.0,Null,2007/2008,OMAHU ROAD,KIRKWOOD ROAD,Non-Injury Crash,No,2007,North,0.0,,Flat,,Labour Weekend,,,Dark,1470600.0,0.0,0.0,0.0,2.0,0.0,,,Hawke's Bay Region,Nil,2-way,Sealed,0.0,0.0,,70.0,,On,0.0,0.0,,30.0,Hastings District,Give way,,,,,0.0,0.0,Urban,2.0,,,Fine
248308,1928607.0,5606118.0,547700.0,0.0,0.0,2.0,Null,2002/2003,MARAEKAKAHO ROAD,PLUNKET ST,Non-Injury Crash,No,2003,South,0.0,,Flat,,,,,Dark,1486500.0,0.0,0.0,0.0,2.0,0.0,,,Hawke's Bay Region,Nil,2-way,Sealed,0.0,0.0,,50.0,,None,0.0,0.0,,30.0,Hastings District,Nil,,,,,0.0,0.0,Urban,0.0,,,Fine
582998,1932139.0,5611571.0,545832.0,0.0,0.0,1.0,Null,2006/2007,PAKOWHAI ROAD,BROOKFIELDS ROAD,Minor Crash,No,2007,South,0.0,0.0,Flat,0.0,,0.0,0.0,Bright sun,1403900.0,1.0,0.0,0.0,2.0,0.0,0.0,,Hawke's Bay Region,Nil,2-way,Sealed,0.0,0.0,0.0,70.0,0.0,Null,0.0,0.0,,30.0,Hastings District,Give way,0.0,0.0,0.0,0.0,0.0,0.0,Urban,0.0,0.0,0.0,Fine
363780,1930935.0,5613540.0,545831.0,0.0,0.0,1.0,Null,2011/2012,SH 50 LINKS ROAD,SH 50A,Non-Injury Crash,Yes,2011,East,0.0,,Flat,,,,,Overcast,1404600.0,0.0,0.0,0.0,2.0,0.0,,,Hawke's Bay Region,Nil,2-way,Sealed,0.0,0.0,,100.0,,Null,2.0,0.0,,30.0,Hastings District,Give way,,,,,0.0,0.0,Open,0.0,,,Fine
342251,1929872.0,5604644.0,548200.0,0.0,0.0,1.0,Null,2004/2005,EASTBOURNE ST EAST,WARREN ST SOUTH,Non-Injury Crash,No,2004,North,0.0,,Flat,,,,,Overcast,1493200.0,0.0,0.0,0.0,2.0,0.0,,,Hawke's Bay Region,Nil,2-way,Sealed,0.0,0.0,,50.0,,Null,0.0,0.0,,30.0,Hastings District,Give way,,,,,0.0,0.0,Urban,1.0,,,Light rain
220307,1931577.0,5602876.0,545721.0,0.0,0.0,2.0,Null,2017/2018,HAVELOCK ROAD, ST GEORGES ROAD,Non-Injury Crash,No,2017,North,0.0,,Flat,,,,,Bright sun,1473000.0,0.0,0.0,0.0,2.0,0.0,,,Hawke's Bay Region,Nil,2-way,Sealed,0.0,0.0,,70.0,,Null,0.0,0.0,,30.0,Hastings District,Give way,,,,,0.0,0.0,Urban,0.0,,,Fine
657285,1934199.1554,5600611.2183,548833.0,0.0,0.0,1.0,South,2018/2019,TE MATA PEAK ROAD,GREENWOOD ROAD,Non-Injury Crash,No,2019,North,0.0,,Hill Road,,,,,Dark,1466710.0,0.0,0.0,0.0,2.0,0.0,,,Hawke's Bay Region,Nil,2-way,Sealed,0.0,0.0,,60.0,,Off,0.0,0.0,,30.0,Hastings District,Unknown,,,,,0.0,0.0,Urban,0.0,,,Fine
635501,1916085.8468,5604838.5986,545841.0,0.0,0.0,1.0,Null,2018/2019,SH 50,MARAEKAKAHO ROAD,Non-Injury Crash,Yes,2019,South,0.0,1.0,Flat,0.0,Queens Birthday,0.0,0.0,Dark,1462901.0,0.0,0.0,0.0,2.0,0.0,0.0,,Hawke's Bay Region,Nil,2-way,Sealed,0.0,0.0,0.0,100.0,0.0,Off,0.0,0.0,,30.0,Hastings District,Give way,0.0,1.0,0.0,0.0,0.0,0.0,Open,0.0,0.0,0.0,Fine
690460,1932680.0,5601476.0,548832.0,0.0,0.0,2.0,West,2002/2003,JOLL ROAD,PORTER DRIVE,Non-Injury Crash,No,2002,West,0.0,,Flat,,,,,Overcast,1508300.0,0.0,0.0,0.0,2.0,0.0,,,Hawke's Bay Region,Nil,2-way,Sealed,0.0,0.0,,50.0,,Null,0.0,0.0,,30.0,Hastings District,Nil,,,,,0.0,0.0,Urban,0.0,,,Fine
509014,1932925.0,5603146.0,545721.0,0.0,0.0,1.0,East,2003/2004,CROSSES ROAD,ST GEORGES ROAD,Non-Injury Crash,No,2004,North,0.0,1.0,Flat,0.0,,0.0,0.0,Dark,1473100.0,0.0,0.0,0.0,2.0,0.0,0.0,,Hawke's Bay Region,Nil,2-way,Sealed,0.0,0.0,0.0,100.0,0.0,None,0.0,0.0,,30.0,Hastings District,Nil,0.0,0.0,0.0,0.0,0.0,0.0,Open,0.0,0.0,0.0,Fine
674995,1930614.0,5612079.0,545832.0,0.0,0.0,1.0,South,2007/2008,SH 50A,SH 50,Non-Injury Crash,Yes,2008,South,0.0,,Flat,,,,,Overcast,1404400.0,0.0,0.0,0.0,2.0,0.0,,,Hawke's Bay Region,Nil,2-way,Sealed,0.0,0.0,,100.0,,Null,1.0,0.0,,30.0,Hastings District,Nil,,,,,0.0,0.0,Open,0.0,,,Fine
300861,1930128.0,5606960.0,547600.0,0.0,0.0,1.0,Null,2005/2006,FREDERICK ST,KAURI ST,Non-Injury Crash,No,2006,North,0.0,,Flat,,Christmas New Year,,,Overcast,1484900.0,0.0,0.0,0.0,2.0,0.0,,,Hawke's Bay Region,Nil,2-way,Sealed,0.0,0.0,,50.0,,Null,1.0,0.0,,30.0,Hastings District,Nil,,,,,0.0,0.0,Urban,0.0,,,Fine
628638,1935763.6499,5646470.2206,545911.0,0.0,0.0,0.0,East,2018/2019,002-0608,DEVILS ELBOW,Non-Injury Crash,Yes,2018,North,0.0,0.0,Hill Road,0.0,,0.0,0.0,Bright sun,1415400.0,0.0,0.0,0.0,2.0,0.0,0.0,,Hawke's Bay Region,Nil,2-way,Sealed,0.0,0.0,0.0,100.0,0.0,None,0.0,0.0,,30.0,Hastings District,Unknown,0.0,0.0,0.0,0.0,0.0,0.0,Open,1.0,0.0,0.0,Fine