OBJECTID,X,Y,areaUnitID,bicycle,bus,carStationWagon,crashDirectionDescription,crashFinancialYear,crashLocation1,crashLocation2,crashSeverity,crashSHDescription,crashYear,directionRoleDescription,fatalCount,fence,flatHill,guardRail,holiday,houseOrBuilding,kerb,light,meshblockId,minorInjuryCount,moped,motorcycle,NumberOfLanes,otherVehicleType,parkedVehicle,pedestrian,region,roadCharacter,roadLane,roadSurface,schoolBus,seriousInjuryCount,slipOrFlood,speedLimit,strayAnimal,streetLight,suv,taxi,temporarySpeedLimit,tlaId,tlaName,trafficControl,trafficIsland,trafficSign,train,tree,truck,unknownVehicleType,urban,vanOrUtility,vehicle,waterRiver,weatherA
204493,1926994.0,5604527.0,545761.0,0.0,0.0,2.0,South,2007/2008,HEATHCOTE ROAD,SH 50A,Non-Injury Crash,No,2007,North,0.0,,Flat,,,,,Bright sun,1468801.0,0.0,0.0,0.0,2.0,0.0,,,Hawke's Bay Region,Nil,2-way,Sealed,0.0,0.0,,100.0,,Null,0.0,0.0,,30.0,Hastings District,Nil,,,,,0.0,0.0,Open,0.0,,,Fine
1500,1928937.0,5606082.0,547700.0,1.0,0.0,0.0,North,2009/2010,HERETAUNGA ST WEST,ALLERTON ST,Minor Crash,No,2009,West,0.0,,Flat,,,,,Overcast,1486000.0,1.0,0.0,0.0,2.0,0.0,,,Hawke's Bay Region,Nil,2-way,Sealed,0.0,0.0,,50.0,,Null,0.0,0.0,,30.0,Hastings District,Nil,,,,,0.0,0.0,Urban,1.0,,,Fine
397406,1906046.0,5620531.0,545821.0,0.0,0.0,1.0,East,2015/2016,TAIHAPE ROAD,CROWNTHORPE SETTLEMENT RO,Minor Crash,No,2015,East,0.0,0.0,Flat,0.0,,0.0,0.0,Overcast,1410200.0,1.0,0.0,0.0,2.0,0.0,0.0,,Hawke's Bay Region,Nil,2-way,Sealed,0.0,0.0,0.0,100.0,0.0,Null,0.0,0.0,,30.0,Hastings District,Unknown,0.0,0.0,0.0,0.0,0.0,0.0,Open,0.0,0.0,0.0,Light rain
533258,1925214.0,5606875.0,548620.0,1.0,0.0,1.0,Null,2004/2005,SWANSEA ROAD,BRISTOL CRESCENT,Non-Injury Crash,No,2005,North,0.0,,Flat,,,,,Overcast,1476500.0,0.0,0.0,0.0,2.0,0.0,,,Hawke's Bay Region,Nil,2-way,Sealed,0.0,0.0,,50.0,,Null,0.0,0.0,,30.0,Hastings District,Nil,,,,,0.0,0.0,Urban,0.0,,,Fine
292790,1910894.0,5663909.0,545911.0,0.0,0.0,0.0,South,2000/2001,SH 5,TE HAROTO ROAD,Non-Injury Crash,Yes,2001,North,0.0,,Hill Road,,Easter,,,Overcast,1414400.0,0.0,0.0,0.0,2.0,0.0,,,Hawke's Bay Region,Nil,2-way,Sealed,0.0,0.0,,100.0,,Null,0.0,0.0,,30.0,Hastings District,Nil,,,,,0.0,0.0,Open,1.0,,,Heavy rain
658723,1929441.0,5605616.0,547700.0,0.0,0.0,2.0,Null,2003/2004,TOMOANA ROAD,QUEEN ST WEST,Non-Injury Crash,No,2003,South,0.0,,Flat,,,,,Overcast,1488000.0,0.0,0.0,0.0,2.0,0.0,,,Hawke's Bay Region,Nil,2-way,Sealed,0.0,0.0,,50.0,,Null,0.0,0.0,,30.0,Hastings District,Give way,,,,,0.0,0.0,Urban,0.0,,,Light rain
331336,1930341.0,5604822.0,548200.0,0.0,0.0,2.0,Null,2017/2018,HASTINGS ST NORTH,ST AUBYN ST EAST,Minor Crash,No,2018,East,0.0,,Flat,,,,,Bright sun,1494400.0,1.0,0.0,0.0,2.0,0.0,,,Hawke's Bay Region,Nil,2-way,Sealed,0.0,0.0,,50.0,,Null,0.0,0.0,,30.0,Hastings District,Stop,,,,,0.0,0.0,Urban,0.0,,,Fine
608869,1930912.0,5607891.0,545710.0,0.0,0.0,2.0,Null,2016/2017,RICHMOND ROAD,PAKOWHAI ROAD,Non-Injury Crash,No,2016,North,0.0,,Flat,,,,,Bright sun,1471100.0,0.0,0.0,0.0,2.0,0.0,,,Hawke's Bay Region,Nil,2-way,Sealed,0.0,0.0,,80.0,,Null,0.0,0.0,,30.0,Hastings District,Stop,,,,,0.0,0.0,Open,0.0,,,Fine
533420,1923183.0,5610858.0,545710.0,0.0,0.0,1.0,North,2000/2001,SH 50,GORDON ST,Non-Injury Crash,Yes,2001,North,0.0,1.0,Flat,0.0,,0.0,0.0,Dark,1470400.0,0.0,0.0,0.0,2.0,0.0,0.0,,Hawke's Bay Region,Nil,2-way,Unsealed,0.0,0.0,0.0,50.0,0.0,On,0.0,0.0,30.0,30.0,Hastings District,Nil,0.0,0.0,0.0,0.0,0.0,0.0,Urban,0.0,0.0,0.0,Fine
330713,1908572.0,5605009.0,545841.0,0.0,0.0,1.0,West,2017/2018,SH 50,QUARRY BR,Non-Injury Crash,Yes,2018,East,0.0,0.0,Flat,0.0,,0.0,0.0,Dark,1462700.0,0.0,0.0,0.0,2.0,0.0,0.0,,Hawke's Bay Region,Nil,2-way,Sealed,0.0,0.0,0.0,100.0,0.0,None,0.0,0.0,,30.0,Hastings District,Unknown,0.0,0.0,0.0,0.0,0.0,0.0,Open,0.0,0.0,0.0,Fine
219757,1924459.0,5607938.0,548611.0,0.0,0.0,2.0,Null,2016/2017,FLAXMERE AVENUE,DIAZ DRIVE,Non-Injury Crash,No,2017,North,0.0,0.0,Flat,0.0,,0.0,0.0,Dark,1469710.0,0.0,0.0,0.0,4.0,0.0,1.0,,Hawke's Bay Region,Nil,2-way,Sealed,0.0,0.0,0.0,50.0,0.0,On,0.0,0.0,,30.0,Hastings District,Give way,1.0,0.0,0.0,0.0,0.0,0.0,Urban,0.0,0.0,0.0,Fine
356102,1928755.0,5606306.0,547800.0,0.0,0.0,1.0,West,1999/2000,OMAHU ROAD,PAKOWHAI ROAD,Non-Injury Crash,No,2000,East,0.0,,Flat,,,,,Bright sun,1477800.0,0.0,0.0,0.0,2.0,0.0,,,Hawke's Bay Region,Nil,2-way,Sealed,0.0,0.0,,50.0,,Null,0.0,0.0,,30.0,Hastings District,Nil,,,,,0.0,0.0,Urban,1.0,,,Fine
333657,1917606.0,5592447.0,545851.0,0.0,0.0,1.0,South,2008/2009,SH 2,POUKAWA ROAD,Non-Injury Crash,Yes,2008,North,0.0,0.0,Flat,0.0,,0.0,0.0,Bright sun,1464200.0,0.0,0.0,0.0,2.0,0.0,0.0,,Hawke's Bay Region,Nil,2-way,Sealed,0.0,0.0,0.0,100.0,0.0,Null,0.0,0.0,,30.0,Hastings District,Nil,0.0,0.0,0.0,0.0,0.0,0.0,Open,0.0,0.0,0.0,Fine
339655,1925300.0,5599420.0,545852.0,0.0,0.0,1.0,South,2000/2001,SH 2,TE AUTE ROAD,Non-Injury Crash,Yes,2001,North,0.0,1.0,Flat,0.0,,0.0,0.0,Overcast,1463700.0,0.0,0.0,0.0,2.0,0.0,0.0,,Hawke's Bay Region,Nil,2-way,Sealed,0.0,0.0,0.0,100.0,0.0,Null,0.0,0.0,,30.0,Hastings District,Nil,0.0,0.0,0.0,0.0,0.0,0.0,Open,0.0,0.0,0.0,Fine
614981,1927805.0,5607226.0,547800.0,0.0,0.0,2.0,West,2003/2004,OMAHU ROAD,STONYCROFT ST,Non-Injury Crash,No,2003,West,0.0,,Flat,,,,,Overcast,1476600.0,0.0,0.0,0.0,4.0,0.0,,,Hawke's Bay Region,Nil,2-way,Sealed,0.0,0.0,,70.0,,Null,0.0,0.0,,30.0,Hastings District,Nil,,,,,0.0,0.0,Urban,0.0,,,Fine
191624,1930257.0,5604934.0,548200.0,0.0,0.0,1.0,Null,2004/2005,ST AUBYN ST EAST,WARREN ST NORTH,Minor Crash,No,2005,East,0.0,,Flat,,,,,Bright sun,1493501.0,1.0,0.0,1.0,4.0,0.0,,,Hawke's Bay Region,Nil,2-way,Sealed,0.0,0.0,,50.0,,Null,0.0,0.0,,30.0,Hastings District,Give way,,,,,0.0,0.0,Urban,0.0,,,Fine
416706,1927868.0,5605169.0,547900.0,0.0,0.0,2.0,South,2016/2017,BLEDISLOE ST,COBHAM ST,Non-Injury Crash,No,2016,North,0.0,0.0,Flat,0.0,,0.0,0.0,Dark,1481400.0,0.0,0.0,0.0,2.0,0.0,1.0,,Hawke's Bay Region,Nil,2-way,Sealed,0.0,0.0,0.0,50.0,0.0,On,0.0,0.0,,30.0,Hastings District,Unknown,0.0,0.0,0.0,0.0,0.0,0.0,Urban,0.0,0.0,0.0,Light rain
312279,1929441.0,5606027.0,547700.0,0.0,0.0,2.0,Null,2005/2006,ST AUBYN ST WEST,GRAYS ROAD,Non-Injury Crash,No,2006,South,0.0,,Flat,,,,,Overcast,1488300.0,0.0,0.0,0.0,2.0,0.0,,,Hawke's Bay Region,Nil,2-way,Sealed,0.0,0.0,,50.0,,Null,0.0,0.0,,30.0,Hastings District,Give way,,,,,0.0,0.0,Urban,0.0,,,Fine
431581,1934032.0,5600944.0,548832.0,0.0,0.0,1.0,East,2006/2007,GREENWOOD ROAD,TOKOMARU DRIVE,Non-Injury Crash,No,2007,South,0.0,0.0,Hill Road,0.0,,0.0,0.0,Dark,1510800.0,0.0,0.0,0.0,2.0,0.0,0.0,,Hawke's Bay Region,Nil,2-way,Sealed,0.0,0.0,0.0,50.0,0.0,On,0.0,0.0,,30.0,Hastings District,Nil,0.0,0.0,0.0,0.0,0.0,0.0,Urban,0.0,0.0,0.0,Light rain
59476,1929552.0,5606127.0,547700.0,0.0,0.0,2.0,South,2011/2012,GRAYS ROAD,WHITEHEAD ROAD,Non-Injury Crash,No,2011,South,0.0,0.0,Flat,0.0,,0.0,0.0,Overcast,1488300.0,0.0,0.0,0.0,2.0,0.0,1.0,,Hawke's Bay Region,Nil,2-way,Sealed,0.0,0.0,0.0,50.0,0.0,Null,0.0,0.0,,30.0,Hastings District,Give way,0.0,0.0,0.0,0.0,0.0,0.0,Urban,0.0,0.0,0.0,Fine
16500,1927641.0,5607417.0,547800.0,0.0,0.0,2.0,Null,2005/2006,SH 50A,OMAHU ROAD,Minor Crash,Yes,2006,South,0.0,,Flat,,,,,Bright sun,1476600.0,1.0,0.0,0.0,4.0,0.0,,,Hawke's Bay Region,Nil,2-way,Sealed,0.0,0.0,,100.0,,Null,0.0,0.0,,30.0,Hastings District,Give way,,,,,0.0,0.0,Open,0.0,,,Fine
694547,1931748.0,5603004.0,545721.0,0.0,0.0,1.0,West,2013/2014,ST GEORGES ROAD,HOWARD ST,Non-Injury Crash,No,2013,West,0.0,,Flat,,,,,Overcast,1473000.0,0.0,0.0,0.0,2.0,0.0,,,Hawke's Bay Region,Nil,2-way,Sealed,0.0,0.0,,80.0,,Null,0.0,0.0,,30.0,Hastings District,Nil,,,,,0.0,0.0,Open,1.0,,,Fine
446329,1930060.0,5604608.0,548200.0,0.0,0.0,2.0,Null,1999/2000,HASTINGS ST NORTH,HASTINGS,Non-Injury Crash,No,2000,East,0.0,,Flat,,,,,Twilight,1493900.0,0.0,0.0,0.0,4.0,0.0,,,Hawke's Bay Region,Nil,2-way,Sealed,0.0,0.0,,50.0,,On,0.0,0.0,,30.0,Hastings District,Give way,,,,,0.0,0.0,Urban,0.0,,,Fine
648611,1930337.0,5605995.0,548200.0,0.0,0.0,1.0,Null,2003/2004,KITCHENER ST,ROBERTS ST,Non-Injury Crash,No,2003,West,0.0,0.0,Flat,0.0,,0.0,0.0,Dark,1490600.0,0.0,0.0,0.0,2.0,0.0,0.0,,Hawke's Bay Region,Nil,2-way,Sealed,0.0,0.0,0.0,50.0,0.0,On,0.0,0.0,,30.0,Hastings District,Nil,0.0,0.0,0.0,1.0,0.0,0.0,Urban,0.0,0.0,0.0,Fine
384017,1930486.8793,5606402.391,547600.0,0.0,0.0,2.0,Null,2020/2021,FREDERICK STREET,TOMOANA ROAD,Non-Injury Crash,No,2020,North,0.0,,Null,,,,,Unknown,1483800.0,0.0,0.0,0.0,2.0,0.0,,,Hawke's Bay Region,Nil,2-way,Null,0.0,0.0,,50.0,,Null,0.0,0.0,,30.0,Hastings District,Traffic Signals,,,,,0.0,0.0,Urban,0.0,,,Null
373961,1932941.0,5606376.0,545721.0,0.0,0.0,1.0,North,2014/2015,SH 2,WAIPATU SETTLEMENT ROAD,Serious Crash,Yes,2014,South,0.0,,Flat,,,,,Bright sun,1471800.0,3.0,0.0,0.0,2.0,0.0,,,Hawke's Bay Region,Nil,2-way,Sealed,0.0,1.0,,80.0,,Null,1.0,0.0,,30.0,Hastings District,Unknown,,,,,0.0,0.0,Open,0.0,,,Fine
10400,1928675.0,5605803.0,547700.0,0.0,0.0,1.0,Null,2017/2018,SOUTHAMPTON ST WEST,DAVIS ST,Non-Injury Crash,No,2017,South,0.0,,Flat,,,,,Bright sun,1486500.0,0.0,0.0,0.0,2.0,0.0,,,Hawke's Bay Region,Nil,2-way,Sealed,0.0,0.0,,50.0,,Null,0.0,0.0,,30.0,Hastings District,Give way,,,,,0.0,0.0,Urban,1.0,,,Fine
603802,1917443.0,5654329.0,545911.0,0.0,0.0,1.0,East,2003/2004,SH 5,WAITARA ROAD,Non-Injury Crash,Yes,2004,West,0.0,0.0,Hill Road,0.0,,0.0,0.0,Dark,1415900.0,0.0,0.0,0.0,2.0,0.0,0.0,,Hawke's Bay Region,Nil,2-way,Sealed,0.0,0.0,0.0,100.0,0.0,None,0.0,0.0,,30.0,Hastings District,Nil,0.0,0.0,0.0,0.0,0.0,0.0,Open,0.0,0.0,0.0,Light rain
323429,1920849.0,5602970.0,545841.0,0.0,0.0,1.0,South,2003/2004,RAUKAWA ROAD,MARAEKAKAHO ROAD,Minor Crash,No,2003,North,0.0,1.0,Flat,0.0,,0.0,0.0,Dark,1463000.0,1.0,0.0,0.0,2.0,0.0,0.0,,Hawke's Bay Region,Nil,2-way,Sealed,0.0,0.0,0.0,100.0,0.0,None,0.0,0.0,,30.0,Hastings District,Nil,0.0,0.0,0.0,0.0,0.0,0.0,Open,0.0,0.0,0.0,Fine
734204,1929481.0,5603816.0,548300.0,0.0,0.0,3.0,Null,2007/2008,WILLOWPARK ROAD SOUTH,WILLOW PLACE,Non-Injury Crash,No,2007,South,0.0,0.0,Flat,0.0,,0.0,0.0,Bright sun,1503900.0,0.0,0.0,0.0,2.0,0.0,1.0,,Hawke's Bay Region,Nil,2-way,Sealed,0.0,0.0,0.0,50.0,0.0,Null,0.0,0.0,,30.0,Hastings District,Nil,0.0,0.0,0.0,0.0,0.0,0.0,Urban,0.0,0.0,0.0,Fine
509047,1930473.0,5607553.0,545721.0,0.0,0.0,1.0,Null,2005/2006,PAKOWHAI ROAD,EVENDEN ROAD,Non-Injury Crash,No,2005,North,0.0,0.0,Flat,0.0,,0.0,0.0,Twilight,1471401.0,0.0,0.0,0.0,2.0,0.0,0.0,,Hawke's Bay Region,Nil,2-way,Sealed,0.0,0.0,0.0,70.0,0.0,On,0.0,0.0,,30.0,Hastings District,Give way,1.0,1.0,0.0,0.0,0.0,0.0,Urban,0.0,0.0,0.0,Fine
51231,1930229.0,5604363.0,548300.0,0.0,0.0,1.0,Null,2006/2007,HERETAUNGA ST EAST,WILLOWPARK ROAD NORTH,Non-Injury Crash,No,2007,North,0.0,,Flat,,,,,Dark,1501500.0,0.0,0.0,0.0,2.0,0.0,,,Hawke's Bay Region,Nil,2-way,Sealed,0.0,0.0,,50.0,,On,0.0,0.0,,30.0,Hastings District,Give way,,,,,0.0,0.0,Urban,1.0,,,Fine
110759,1926812.0,5604765.0,545761.0,0.0,0.0,0.0,Null,2013/2014,HEATHCOTE ROAD,MARAEKAKAHO ROAD,Minor Crash,No,2013,North,0.0,,Flat,,,,,Overcast,1468801.0,1.0,1.0,0.0,2.0,0.0,,,Hawke's Bay Region,Nil,2-way,Sealed,0.0,0.0,,100.0,,Off,0.0,0.0,,30.0,Hastings District,Stop,,,,,0.0,0.0,Open,0.0,,,Fine
86979,1929740.0,5605248.0,548200.0,0.0,0.0,2.0,North,2001/2002,Z CPK,KING/QUEEN,Non-Injury Crash,No,2001,West,0.0,0.0,Flat,0.0,,0.0,0.0,Overcast,1490800.0,0.0,0.0,0.0,1.0,0.0,1.0,,Hawke's Bay Region,Nil,Off road,Sealed,0.0,0.0,0.0,50.0,0.0,Null,0.0,0.0,,30.0,Hastings District,Nil,0.0,0.0,0.0,0.0,0.0,0.0,Urban,0.0,0.0,0.0,Fine
99406,1930254.0,5605591.0,548200.0,0.0,0.0,2.0,East,2004/2005,KING ST NORTH,FITZROY AVENUE,Minor Crash,No,2004,East,0.0,,Flat,,,,,Dark,1491100.0,1.0,0.0,0.0,2.0,0.0,,,Hawke's Bay Region,Nil,2-way,Sealed,0.0,0.0,,50.0,,On,0.0,0.0,,30.0,Hastings District,Nil,,,,,0.0,0.0,Urban,0.0,,,Fine
139019,1926288.0,5606307.0,545761.0,0.0,0.0,0.0,Null,2001/2002,SH 50A,FLAXMERE AVENUE,Non-Injury Crash,Yes,2001,East,0.0,1.0,Flat,0.0,,0.0,0.0,Twilight,1469905.0,0.0,0.0,0.0,2.0,0.0,0.0,,Hawke's Bay Region,Nil,2-way,Sealed,0.0,0.0,0.0,50.0,0.0,On,0.0,0.0,30.0,30.0,Hastings District,Nil,0.0,0.0,0.0,0.0,0.0,0.0,Urban,1.0,0.0,0.0,Fine
105128,1923077.0,5604084.0,545842.0,0.0,0.0,2.0,West,2006/2007,MARAEKAKAHO ROAD,NGATARAWA ROAD,Non-Injury Crash,No,2007,West,0.0,,Flat,,,,,Bright sun,1470211.0,0.0,0.0,0.0,2.0,0.0,,,Hawke's Bay Region,Nil,2-way,Sealed,0.0,0.0,,100.0,,Null,0.0,0.0,,30.0,Hastings District,Unknown,,,,,0.0,0.0,Open,0.0,,,Fine
690826,1937323.0,5594920.0,545860.0,0.0,0.0,1.0,West,2017/2018,WAIMARAMA ROAD,LOPEZ LANE,Non-Injury Crash,No,2018,West,0.0,1.0,Flat,0.0,,0.0,0.0,Overcast,1467200.0,0.0,0.0,0.0,2.0,0.0,0.0,,Hawke's Bay Region,Nil,2-way,Sealed,0.0,0.0,0.0,50.0,0.0,Null,0.0,0.0,,30.0,Hastings District,Unknown,0.0,0.0,0.0,1.0,0.0,0.0,Urban,0.0,0.0,0.0,Light rain
524238,1930228.0,5604383.0,548200.0,0.0,0.0,1.0,Null,2000/2001,HERETAUNGA ST EAST,WILLOWPARK ROAD NORTH,Fatal Crash,No,2001,South,1.0,0.0,Flat,0.0,,0.0,0.0,Bright sun,1494000.0,1.0,0.0,0.0,4.0,0.0,0.0,,Hawke's Bay Region,Nil,2-way,Sealed,0.0,0.0,0.0,50.0,0.0,Null,0.0,0.0,,30.0,Hastings District,Traffic Signals,0.0,1.0,0.0,0.0,0.0,0.0,Urban,1.0,0.0,0.0,Fine
450001,1935053.0,5598634.0,548833.0,0.0,0.0,1.0,South,2017/2018,TE MATA PEAK ROAD,PEAKHOUSE,Non-Injury Crash,No,2018,West,0.0,0.0,Hill Road,1.0,,0.0,0.0,Dark,1467003.0,0.0,0.0,0.0,2.0,0.0,0.0,,Hawke's Bay Region,Nil,2-way,Sealed,0.0,0.0,0.0,40.0,0.0,None,0.0,0.0,,30.0,Hastings District,Unknown,0.0,0.0,0.0,1.0,0.0,0.0,Urban,0.0,0.0,0.0,Light rain
408299,1934539.0,5607432.0,545722.0,0.0,0.0,1.0,East,2003/2004,PILCHER ROAD,SH 2,Non-Injury Crash,No,2003,West,0.0,0.0,Flat,0.0,,0.0,0.0,Twilight,1406300.0,0.0,0.0,0.0,2.0,1.0,0.0,,Hawke's Bay Region,Nil,2-way,Sealed,0.0,0.0,0.0,100.0,0.0,None,0.0,0.0,,30.0,Hastings District,Nil,0.0,0.0,0.0,0.0,0.0,0.0,Open,0.0,0.0,0.0,Fine
478903,1926607.0,5606047.0,545761.0,0.0,0.0,0.0,South,2015/2016,YORK ROAD,SH 50A,Non-Injury Crash,No,2016,South,0.0,0.0,Flat,0.0,,0.0,0.0,Overcast,1470102.0,0.0,0.0,0.0,2.0,0.0,0.0,,Hawke's Bay Region,Nil,2-way,Sealed,0.0,0.0,0.0,100.0,0.0,Null,0.0,0.0,,30.0,Hastings District,Unknown,0.0,0.0,0.0,0.0,0.0,0.0,Open,1.0,0.0,0.0,Light rain
338138,1923835.0,5596835.0,545851.0,0.0,0.0,2.0,South,2005/2006,SH 2,STOCK ROAD,Minor Crash,Yes,2006,North,0.0,0.0,Hill Road,0.0,,0.0,0.0,Dark,1463900.0,2.0,0.0,0.0,2.0,0.0,1.0,,Hawke's Bay Region,Nil,2-way,Sealed,0.0,0.0,0.0,100.0,0.0,None,0.0,0.0,,30.0,Hastings District,Nil,0.0,0.0,0.0,0.0,0.0,0.0,Open,0.0,0.0,0.0,Light rain
188756,1935701.8588,5653775.5728,545911.0,0.0,1.0,0.0,South,2019/2020,SH 2,ROADWAY,Minor Crash,Yes,2020,South,0.0,,Flat,,,,,Twilight,1415200.0,1.0,0.0,0.0,2.0,0.0,,1.0,Hawke's Bay Region,Nil,2-way,Sealed,0.0,0.0,,100.0,,None,0.0,0.0,,30.0,Hastings District,Nil,,,,,0.0,0.0,Open,0.0,,,Fine
360843,1929730.0,5605234.0,548200.0,0.0,0.0,2.0,North,2001/2002,QUEEN ST WEST,KING ST NORTH,Non-Injury Crash,No,2001,North,0.0,0.0,Flat,0.0,,0.0,0.0,Bright sun,1490800.0,0.0,0.0,0.0,2.0,0.0,1.0,,Hawke's Bay Region,Nil,2-way,Sealed,0.0,0.0,0.0,50.0,0.0,Null,0.0,0.0,,30.0,Hastings District,Nil,0.0,0.0,0.0,0.0,0.0,0.0,Urban,0.0,0.0,0.0,Fine
665179,1930614.0,5604851.0,548200.0,0.0,0.0,2.0,Null,2006/2007,VICTORIA ST,MILLER ST,Minor Crash,No,2006,South,0.0,1.0,Flat,0.0,,0.0,0.0,Dark,1495000.0,1.0,0.0,0.0,2.0,0.0,0.0,,Hawke's Bay Region,Nil,2-way,Sealed,0.0,0.0,0.0,50.0,0.0,On,0.0,0.0,,30.0,Hastings District,Give way,0.0,0.0,0.0,0.0,0.0,0.0,Urban,0.0,0.0,0.0,Fine
164140,1933407.0,5602013.0,548831.0,0.0,0.0,0.0,West,2008/2009,TE MATA ROAD,ST HILL LANE,Non-Injury Crash,No,2009,East,0.0,,Flat,,,,,Twilight,1509900.0,0.0,0.0,0.0,2.0,0.0,,,Hawke's Bay Region,Nil,2-way,Sealed,0.0,0.0,,50.0,,On,0.0,0.0,,30.0,Hastings District,Nil,,,,,0.0,0.0,Urban,2.0,,,Fine
604210,1929387.0,5614231.0,545831.0,0.0,0.0,1.0,Null,2009/2010,SH 50,WAIOHIKI ROAD,Non-Injury Crash,Yes,2010,North,0.0,,Flat,,,,,Bright sun,1409400.0,0.0,0.0,0.0,2.0,0.0,,,Hawke's Bay Region,Nil,2-way,Sealed,0.0,0.0,,100.0,,Null,0.0,0.0,,30.0,Hastings District,Give way,,,,,0.0,0.0,Open,1.0,,,Fine
247009,1931440.0,5614950.0,545831.0,0.0,0.0,1.0,North,2009/2010,SH 50,SH 50A,Non-Injury Crash,Yes,2010,North,0.0,0.0,Flat,1.0,,0.0,0.0,Bright sun,1404600.0,0.0,0.0,0.0,2.0,0.0,0.0,,Hawke's Bay Region,Nil,2-way,Sealed,0.0,0.0,0.0,100.0,0.0,Null,0.0,0.0,,30.0,Hastings District,Nil,0.0,0.0,0.0,1.0,0.0,0.0,Open,0.0,0.0,0.0,Fine
379678,1930212.0,5604371.0,548200.0,0.0,0.0,2.0,Null,2009/2010,HERETAUNGA ST EAST,WILLOWPARK ROAD,Non-Injury Crash,No,2009,North,0.0,,Flat,,,,,Bright sun,1493800.0,0.0,0.0,0.0,2.0,0.0,,,Hawke's Bay Region,Nil,2-way,Sealed,0.0,0.0,,50.0,,Null,0.0,0.0,,30.0,Hastings District,Give way,,,,,0.0,0.0,Urban,0.0,,,Fine
525166,1917489.0,5615284.0,545821.0,0.0,0.0,0.0,Null,2002/2003,TAIHAPE ROAD,SHANLEY ROAD,Minor Crash,No,2003,West,0.0,,Flat,,,,,Overcast,1410300.0,1.0,0.0,0.0,2.0,0.0,,,Hawke's Bay Region,Nil,2-way,Sealed,0.0,0.0,,100.0,,Null,0.0,0.0,,30.0,Hastings District,Nil,,,,,2.0,0.0,Open,0.0,,,Fine
557253,1931271.0,5605706.0,548000.0,0.0,0.0,1.0,Null,2002/2003,KARAMU ROAD NORTH,FENWICK ST,Non-Injury Crash,No,2003,South,0.0,,Flat,,,,,Overcast,1497200.0,0.0,0.0,0.0,2.0,0.0,,,Hawke's Bay Region,Nil,2-way,Sealed,0.0,0.0,,50.0,,Null,0.0,0.0,,30.0,Hastings District,Stop,,,,,0.0,0.0,Urban,1.0,,,Light rain
560883,1930212.0,5604371.0,548200.0,1.0,0.0,1.0,Null,2014/2015,HERETAUNGA ST EAST,WILLOWPARK ROAD SOUTH,Minor Crash,No,2014,East,0.0,,Flat,,,,,Bright sun,1493800.0,1.0,0.0,0.0,2.0,0.0,,,Hawke's Bay Region,Nil,2-way,Sealed,0.0,0.0,,50.0,,Off,0.0,0.0,,30.0,Hastings District,Give way,,,,,0.0,0.0,Urban,0.0,,,Fine
363397,1920001.0,5645328.0,545811.0,0.0,0.0,1.0,South,2017/2018,SH 5,PALMER ROAD,Minor Crash,Yes,2018,South,0.0,0.0,Hill Road,0.0,,0.0,0.0,Bright sun,1414600.0,1.0,0.0,0.0,3.0,0.0,0.0,,Hawke's Bay Region,Nil,2-way,Sealed,0.0,0.0,0.0,100.0,0.0,Null,0.0,0.0,,30.0,Hastings District,Unknown,0.0,0.0,0.0,1.0,0.0,0.0,Open,0.0,0.0,0.0,Fine
20797,1929654.0,5605777.0,548200.0,0.0,0.0,1.0,East,2017/2018,TOMOANA ROAD,ST AUBYN ST WEST,Non-Injury Crash,No,2018,East,0.0,,Flat,,,,,Bright sun,1490401.0,0.0,0.0,0.0,2.0,0.0,,,Hawke's Bay Region,Nil,2-way,Sealed,0.0,0.0,,50.0,,Null,0.0,0.0,,30.0,Hastings District,Traffic Signals,,,,,0.0,0.0,Urban,1.0,,,Fine
703828,1930675.0,5606109.0,547600.0,1.0,0.0,1.0,Null,2013/2014,NELSON ST NORTH,FREDERICK ST,Minor Crash,No,2014,East,0.0,,Flat,,,,,Bright sun,1483700.0,1.0,0.0,0.0,2.0,0.0,,,Hawke's Bay Region,Nil,2-way,Sealed,0.0,0.0,,50.0,,Null,0.0,0.0,,30.0,Hastings District,Give way,,,,,0.0,0.0,Urban,0.0,,,Fine
371340,1931581.0,5604217.0,548100.0,0.0,0.0,1.0,East,2016/2017,WINDSOR AVENUE,ADA ST,Minor Crash,No,2016,East,0.0,0.0,Flat,0.0,,0.0,0.0,Dark,1500200.0,2.0,0.0,0.0,2.0,0.0,0.0,,Hawke's Bay Region,Nil,2-way,Sealed,0.0,0.0,0.0,50.0,0.0,On,0.0,0.0,,30.0,Hastings District,Unknown,0.0,0.0,0.0,1.0,0.0,0.0,Urban,0.0,0.0,0.0,Light rain
451268,1929465.0,5604983.0,548200.0,0.0,0.0,2.0,Null,2000/2001,LYNDON ROAD WEST,KING ST SOUTH,Non-Injury Crash,No,2001,East,0.0,,Flat,,,,,Overcast,1489801.0,0.0,0.0,0.0,2.0,0.0,,,Hawke's Bay Region,Nil,2-way,Sealed,0.0,0.0,,50.0,,Null,0.0,0.0,,30.0,Hastings District,Give way,,,,,0.0,0.0,Urban,0.0,,,Light rain