OBJECTID,X,Y,areaUnitID,bicycle,bus,carStationWagon,crashDirectionDescription,crashFinancialYear,crashLocation1,crashLocation2,crashSeverity,crashSHDescription,crashYear,directionRoleDescription,fatalCount,fence,flatHill,guardRail,holiday,houseOrBuilding,kerb,light,meshblockId,minorInjuryCount,moped,motorcycle,NumberOfLanes,otherVehicleType,parkedVehicle,pedestrian,region,roadCharacter,roadLane,roadSurface,schoolBus,seriousInjuryCount,slipOrFlood,speedLimit,strayAnimal,streetLight,suv,taxi,temporarySpeedLimit,tlaId,tlaName,trafficControl,trafficIsland,trafficSign,train,tree,truck,unknownVehicleType,urban,vanOrUtility,vehicle,waterRiver,weatherA
280867,1937835.0,5602925.0,545860.0,0.0,0.0,0.0,South,2013/2014,TUKI TUKI ROAD,MOORE ROAD,Serious Crash,No,2014,South,0.0,0.0,Flat,0.0,Queens Birthday,0.0,0.0,Bright sun,1408301.0,0.0,0.0,1.0,2.0,0.0,0.0,,Hawke's Bay Region,Nil,2-way,Sealed,0.0,1.0,0.0,100.0,0.0,None,0.0,0.0,,30.0,Hastings District,Nil,0.0,0.0,0.0,0.0,0.0,0.0,Open,0.0,0.0,0.0,Fine
227536,1936366.0,5601391.0,548833.0,0.0,0.0,2.0,Null,2004/2005,WAIMARAMA ROAD,TE MATA ROAD,Non-Injury Crash,No,2005,South,0.0,0.0,Flat,0.0,Queens Birthday,0.0,0.0,Overcast,1466802.0,0.0,0.0,0.0,2.0,0.0,0.0,,Hawke's Bay Region,Nil,2-way,Sealed,0.0,0.0,0.0,100.0,0.0,Null,0.0,0.0,,30.0,Hastings District,Give way,0.0,0.0,0.0,0.0,0.0,0.0,Open,0.0,0.0,0.0,Light rain
548394,1929464.0,5605185.0,548200.0,0.0,0.0,1.0,Null,2001/2002,EASTBOURNE ST WEST,NELSON ST SOUTH,Serious Crash,No,2002,North,0.0,0.0,Flat,0.0,,0.0,0.0,Bright sun,1488900.0,1.0,0.0,0.0,2.0,0.0,0.0,,Hawke's Bay Region,Nil,2-way,Sealed,0.0,1.0,0.0,50.0,0.0,Null,0.0,0.0,,30.0,Hastings District,Give way,1.0,1.0,0.0,0.0,0.0,0.0,Urban,1.0,0.0,0.0,Fine
235034,1917807.0,5648983.0,545911.0,0.0,0.0,1.0,North,2005/2006,SH 5,TE POHUE LOOP ROAD S,Non-Injury Crash,Yes,2006,South,0.0,0.0,Hill Road,0.0,,0.0,0.0,Bright sun,1415900.0,0.0,0.0,0.0,2.0,0.0,1.0,,Hawke's Bay Region,Nil,2-way,Sealed,0.0,0.0,0.0,100.0,0.0,Null,0.0,0.0,,30.0,Hastings District,Nil,0.0,0.0,0.0,0.0,1.0,0.0,Open,0.0,0.0,0.0,Fine
408321,1930285.0,5606719.0,547600.0,0.0,0.0,1.0,Null,2016/2017,FREDERICK ST,KONINI ST,Minor Crash,No,2016,South,0.0,,Flat,,,,,Overcast,1483200.0,1.0,1.0,0.0,2.0,0.0,,,Hawke's Bay Region,Nil,2-way,Sealed,0.0,0.0,,50.0,,Null,0.0,0.0,,30.0,Hastings District,Give way,,,,,0.0,0.0,Urban,0.0,,,Light rain
711786,1936220.0,5611855.0,545832.0,0.0,0.0,0.0,North,2006/2007,SH 2,HELLYERS LANE,Non-Injury Crash,Yes,2007,South,0.0,1.0,Flat,0.0,,0.0,0.0,Overcast,1404200.0,0.0,0.0,0.0,2.0,0.0,0.0,,Hawke's Bay Region,Nil,2-way,Sealed,0.0,0.0,0.0,50.0,0.0,Null,1.0,0.0,,30.0,Hastings District,Nil,0.0,0.0,0.0,0.0,0.0,0.0,Urban,0.0,0.0,0.0,Light rain
108935,1915700.0,5634187.0,545821.0,0.0,0.0,2.0,South,2000/2001,PUKETITIRI ROAD,WAIHAU ROAD,Non-Injury Crash,No,2000,East,0.0,,Flat,,,,,Twilight,1412200.0,0.0,0.0,0.0,2.0,0.0,,,Hawke's Bay Region,Nil,2-way,Sealed,0.0,0.0,,100.0,,None,0.0,0.0,,30.0,Hastings District,Nil,,,,,0.0,0.0,Open,0.0,,,Fine
594377,1937042.0,5613468.0,545832.0,0.0,0.0,1.0,South,2017/2018,SH 2,WAITANGI BR,Minor Crash,Yes,2018,North,0.0,,Flat,,,,,Bright sun,1404000.0,1.0,0.0,0.0,2.0,0.0,,,Hawke's Bay Region,Bridge,2-way,Sealed,0.0,0.0,,100.0,,Null,0.0,0.0,,30.0,Hastings District,Unknown,,,,,0.0,0.0,Open,1.0,,,Fine
21573,1930935.0,5613540.0,545831.0,0.0,0.0,1.0,Null,1999/2000,SH 50A,LINKS ROAD,Non-Injury Crash,Yes,2000,North,0.0,,Flat,,,,,Bright sun,1404600.0,0.0,0.0,0.0,4.0,0.0,,,Hawke's Bay Region,Nil,2-way,Sealed,0.0,0.0,,100.0,,Null,0.0,0.0,,30.0,Hastings District,Give way,,,,,0.0,0.0,Open,1.0,,,Fine
102519,1929104.0,5598369.0,545851.0,0.0,0.0,1.0,North,2007/2008,MIDDLE ROAD,CRYSTALL ROAD,Serious Crash,No,2008,South,0.0,0.0,Flat,0.0,,0.0,0.0,Dark,1465903.0,0.0,0.0,0.0,2.0,0.0,0.0,,Hawke's Bay Region,Nil,2-way,Sealed,0.0,2.0,0.0,100.0,0.0,None,0.0,0.0,,30.0,Hastings District,Nil,0.0,0.0,0.0,0.0,0.0,0.0,Open,0.0,0.0,0.0,Fine
725697,1934626.0,5586392.0,545860.0,0.0,0.0,0.0,North,2018/2019,MARAETOTARA ROAD,WAIPOAPOA ROAD,Minor Crash,No,2018,South,0.0,,Flat,,,,,Overcast,1467400.0,1.0,0.0,1.0,2.0,0.0,,,Hawke's Bay Region,Nil,2-way,Sealed,0.0,0.0,,100.0,,Null,0.0,0.0,,30.0,Hastings District,Unknown,,,,,0.0,0.0,Open,0.0,,,Fine
97362,1917728.0,5653857.0,545912.0,0.0,0.0,1.0,North,2002/2003,SH 5,TITIOKURA SUMMIT,Non-Injury Crash,Yes,2003,North,0.0,,Hill Road,,,,,Dark,1414504.0,0.0,0.0,0.0,2.0,0.0,,,Hawke's Bay Region,Nil,2-way,Sealed,0.0,0.0,,100.0,,None,0.0,0.0,,30.0,Hastings District,Nil,,,,,0.0,0.0,Open,0.0,,,Fine
494170,1926804.0,5613410.0,545822.0,0.0,0.0,1.0,West,2009/2010,SH 50,WHEATLEY ROAD,Non-Injury Crash,Yes,2010,West,0.0,1.0,Flat,0.0,,0.0,0.0,Overcast,1408800.0,0.0,0.0,0.0,2.0,0.0,0.0,,Hawke's Bay Region,Nil,2-way,Sealed,0.0,0.0,0.0,100.0,0.0,Null,0.0,0.0,,30.0,Hastings District,Nil,0.0,0.0,0.0,0.0,0.0,0.0,Open,0.0,0.0,0.0,Light rain
546799,1912165.0,5658916.0,545911.0,0.0,0.0,0.0,North,2014/2015,SH 5,MCVICAR ROAD,Non-Injury Crash,Yes,2014,North,0.0,0.0,Hill Road,0.0,,0.0,0.0,Overcast,1414300.0,0.0,0.0,0.0,2.0,0.0,0.0,,Hawke's Bay Region,Nil,2-way,Sealed,0.0,0.0,0.0,100.0,0.0,None,0.0,0.0,,30.0,Hastings District,Nil,0.0,0.0,0.0,0.0,0.0,0.0,Open,1.0,0.0,0.0,Fine
530394,1941152.0,5592517.0,545860.0,0.0,0.0,0.0,South,2000/2001,WAIMARAMA ROAD,OCEAN BEACH ROAD,Non-Injury Crash,No,2001,East,0.0,0.0,Flat,0.0,,0.0,0.0,Bright sun,1467600.0,0.0,0.0,0.0,2.0,1.0,0.0,,Hawke's Bay Region,Nil,2-way,Sealed,0.0,0.0,0.0,100.0,0.0,Null,0.0,0.0,,30.0,Hastings District,Nil,0.0,0.0,0.0,0.0,0.0,0.0,Open,0.0,0.0,0.0,Fine
742551,1929896.0,5604813.0,548200.0,0.0,0.0,2.0,Null,2002/2003,KARAMU ROAD SOUTH,HERETAUNGA ST EAST,Minor Crash,No,2003,North,0.0,,Flat,,,,,Dark,1492700.0,1.0,0.0,0.0,2.0,0.0,,,Hawke's Bay Region,Nil,2-way,Sealed,0.0,0.0,,50.0,,On,0.0,0.0,,30.0,Hastings District,Traffic Signals,,,,,0.0,0.0,Urban,0.0,,,Heavy rain
169453,1921342.0,5606466.0,545842.0,0.0,0.0,2.0,North,2005/2006,NGATARAWA ROAD,VALENTINE ROAD,Minor Crash,No,2005,North,0.0,1.0,Flat,0.0,,0.0,0.0,Bright sun,1470307.0,1.0,0.0,0.0,2.0,0.0,0.0,,Hawke's Bay Region,Nil,2-way,Sealed,0.0,0.0,0.0,100.0,0.0,Null,0.0,0.0,,30.0,Hastings District,Nil,0.0,0.0,0.0,0.0,0.0,0.0,Open,0.0,0.0,0.0,Fine
127704,1929675.0,5605105.0,548200.0,0.0,0.0,1.0,East,2004/2005,HERETAUNGA ST WEST,KING ST SOUTH,Non-Injury Crash,No,2004,North,0.0,0.0,Flat,0.0,,0.0,0.0,Bright sun,1491200.0,0.0,0.0,0.0,2.0,0.0,1.0,,Hawke's Bay Region,Nil,2-way,Sealed,0.0,0.0,0.0,50.0,0.0,Null,0.0,0.0,,30.0,Hastings District,Nil,0.0,0.0,0.0,0.0,1.0,0.0,Urban,0.0,0.0,0.0,Fine
199359,1924845.0,5606983.0,548620.0,0.0,0.0,1.0,Null,2001/2002,CAERNARVON DRIVE,SWANSEA ROAD N,Serious Crash,No,2001,South,0.0,,Flat,,,,,Overcast,1473700.0,0.0,0.0,1.0,1.0,0.0,,,Hawke's Bay Region,Nil,2-way,Sealed,0.0,1.0,,50.0,,Null,0.0,0.0,,30.0,Hastings District,Give way,,,,,0.0,0.0,Urban,0.0,,,Fine
520739,1929081.0,5606504.0,547800.0,0.0,0.0,2.0,Null,2015/2016,PAKOWHAI ROAD,ST AUBYN ST WEST,Non-Injury Crash,No,2015,East,0.0,,Flat,,,,,Bright sun,1477500.0,0.0,0.0,0.0,4.0,0.0,,,Hawke's Bay Region,Nil,2-way,Sealed,0.0,0.0,,50.0,,Null,0.0,0.0,,30.0,Hastings District,Traffic Signals,,,,,0.0,0.0,Urban,0.0,,,Fine
37762,1930581.0,5611280.0,545832.0,0.0,0.0,2.0,South,2006/2007,SH 50A,LINKS ROAD,Minor Crash,Yes,2007,South,0.0,,Flat,,,,,Dark,1404400.0,1.0,0.0,0.0,2.0,1.0,,,Hawke's Bay Region,Nil,2-way,Sealed,0.0,0.0,,100.0,,None,0.0,0.0,,30.0,Hastings District,Nil,,,,,0.0,0.0,Open,0.0,,,Heavy rain
473153,1931687.0,5608489.0,545710.0,0.0,0.0,1.0,North,2013/2014,PAKOWHAI ROAD,ELWOOD ROAD,Minor Crash,No,2013,South,0.0,0.0,Flat,0.0,,0.0,0.0,Overcast,1471100.0,2.0,0.0,0.0,2.0,0.0,0.0,,Hawke's Bay Region,Nil,2-way,Sealed,0.0,0.0,0.0,80.0,0.0,Null,0.0,0.0,,30.0,Hastings District,Unknown,0.0,0.0,0.0,0.0,0.0,0.0,Open,0.0,0.0,0.0,Fine
53638,1927177.0,5605292.0,545761.0,0.0,0.0,1.0,North,2003/2004,YORK ROAD,MARAEKAKAHO ROAD,Non-Injury Crash,No,2004,South,0.0,,Flat,,,,,Bright sun,1469905.0,0.0,0.0,0.0,2.0,0.0,,,Hawke's Bay Region,Nil,2-way,Sealed,0.0,0.0,,100.0,,Null,0.0,0.0,,30.0,Hastings District,Nil,,,,,0.0,0.0,Open,0.0,,,Fine
501592,1929509.0,5608835.0,545710.0,0.0,0.0,0.0,Null,2011/2012,SH 50A,EVENDEN ROAD,Serious Crash,Yes,2012,South,0.0,0.0,Flat,0.0,,0.0,0.0,Overcast,1471100.0,0.0,1.0,0.0,2.0,0.0,0.0,,Hawke's Bay Region,Nil,Null,Sealed,0.0,1.0,0.0,100.0,0.0,Null,0.0,0.0,,30.0,Hastings District,Give way,1.0,0.0,0.0,0.0,0.0,0.0,Open,0.0,0.0,0.0,Fine
406010,1928906.0,5605489.0,547700.0,0.0,0.0,3.0,North,2014/2015,SOUTHAMPTON ST WEST,PEPPER ST,Minor Crash,No,2014,South,0.0,,Flat,,,,,Overcast,1487000.0,1.0,0.0,0.0,2.0,0.0,,,Hawke's Bay Region,Nil,2-way,Sealed,0.0,0.0,,50.0,,Null,0.0,0.0,,30.0,Hastings District,Nil,,,,,0.0,0.0,Urban,0.0,,,Fine
477195,1919909.0,5644670.0,545811.0,0.0,0.0,1.0,South,2000/2001,SH 5,OLD TAUPO COACH ROAD,Non-Injury Crash,Yes,2001,South,0.0,0.0,Hill Road,0.0,,0.0,0.0,Overcast,1414600.0,0.0,0.0,0.0,2.0,0.0,0.0,,Hawke's Bay Region,Nil,2-way,Sealed,0.0,0.0,0.0,100.0,0.0,Null,0.0,0.0,,30.0,Hastings District,Nil,0.0,0.0,0.0,0.0,0.0,0.0,Open,0.0,0.0,0.0,Light rain
7723,1918606.0,5593277.0,545851.0,0.0,0.0,1.0,Null,2007/2008,SH 2,POUKAWA ROAD,Non-Injury Crash,Yes,2008,South,0.0,0.0,Flat,0.0,,0.0,0.0,Dark,1464200.0,0.0,0.0,0.0,2.0,0.0,0.0,,Hawke's Bay Region,Nil,2-way,Sealed,0.0,0.0,0.0,100.0,0.0,Off,0.0,0.0,,30.0,Hastings District,Give way,0.0,0.0,0.0,0.0,0.0,0.0,Open,0.0,0.0,0.0,Fine
288147,1930341.0,5604822.0,548200.0,0.0,0.0,1.0,Null,2010/2011,ST AUBYN ST EAST,HASTINGS ST NORTH,Non-Injury Crash,No,2011,North,0.0,,Flat,,,,,Twilight,1494400.0,0.0,0.0,0.0,2.0,0.0,,,Hawke's Bay Region,Nil,2-way,Sealed,0.0,0.0,,50.0,,Off,1.0,0.0,,30.0,Hastings District,Stop,,,,,0.0,0.0,Urban,0.0,,,Fine
9587,1930542.0,5605151.0,548200.0,0.0,0.0,2.0,Null,2013/2014,WARREN ST NORTH,ALBERT ST,Minor Crash,No,2013,North,0.0,,Flat,,,,,Bright sun,1494600.0,2.0,0.0,0.0,2.0,0.0,,,Hawke's Bay Region,Nil,2-way,Sealed,0.0,0.0,,50.0,,Null,0.0,0.0,,30.0,Hastings District,Give way,,,,,0.0,0.0,Urban,0.0,,,Fine
490069,1929935.0,5604961.0,548200.0,0.0,0.0,1.0,South,2009/2010,QUEEN ST EAST,RUSSELL ST NORTH,Non-Injury Crash,No,2009,North,0.0,0.0,Flat,0.0,,0.0,0.0,Bright sun,1492200.0,0.0,0.0,0.0,2.0,0.0,1.0,,Hawke's Bay Region,Nil,2-way,Sealed,0.0,0.0,0.0,50.0,0.0,Null,1.0,0.0,,30.0,Hastings District,Nil,0.0,0.0,0.0,0.0,0.0,0.0,Urban,0.0,0.0,0.0,Fine
720087,1929281.0,5606654.0,547800.0,0.0,0.0,3.0,South,2007/2008,PAKOWHAI ROAD,FITZROY AVENUE,Non-Injury Crash,No,2007,South,0.0,,Flat,,,,,Overcast,1477600.0,0.0,0.0,0.0,1.0,0.0,,,Hawke's Bay Region,Nil,2-way,Sealed,0.0,0.0,,50.0,,Null,1.0,0.0,,30.0,Hastings District,Nil,,,,,0.0,0.0,Urban,0.0,,,Light rain
735095,1930513.0,5603575.0,548300.0,0.0,0.0,1.0,South,2008/2009,LUMSDEN ROAD,HERETAUNGA ST EAST,Non-Injury Crash,No,2008,North,0.0,0.0,Flat,0.0,,0.0,0.0,Dark,1502800.0,0.0,0.0,0.0,2.0,0.0,1.0,,Hawke's Bay Region,Nil,2-way,Sealed,0.0,0.0,0.0,50.0,0.0,On,0.0,0.0,,30.0,Hastings District,Nil,0.0,0.0,0.0,0.0,0.0,0.0,Urban,1.0,0.0,0.0,Fine
443034,1924840.0,5606662.0,548620.0,0.0,0.0,2.0,Null,2009/2010,CAERNARVON DRIVE,SWANSEA ROAD S,Non-Injury Crash,No,2010,South,0.0,,Flat,,,,,Overcast,1473700.0,0.0,0.0,0.0,2.0,0.0,,,Hawke's Bay Region,Nil,2-way,Sealed,0.0,0.0,,50.0,,Null,0.0,0.0,,30.0,Hastings District,Nil,,,,,0.0,0.0,Urban,0.0,,,Light rain
641718,1930197.0,5605015.0,548200.0,0.0,0.0,2.0,South,1999/2000,ST AUBYN ST EAST,KARAMU ROAD NORTH,Non-Injury Crash,No,2000,East,0.0,,Flat,,,,,Overcast,1494400.0,0.0,0.0,0.0,4.0,0.0,,,Hawke's Bay Region,Nil,2-way,Sealed,0.0,0.0,,50.0,,Null,0.0,0.0,,30.0,Hastings District,Nil,,,,,0.0,0.0,Urban,0.0,,,Fine
447597,1918972.0,5652613.0,545911.0,0.0,0.0,2.0,North,1999/2000,SH 5,TE POHUE HOTEL,Non-Injury Crash,Yes,2000,North,0.0,,Hill Road,,,,,Overcast,1415900.0,0.0,0.0,0.0,3.0,0.0,,,Hawke's Bay Region,Nil,2-way,Sealed,0.0,0.0,,100.0,,Null,0.0,0.0,,30.0,Hastings District,Nil,,,,,0.0,0.0,Open,0.0,,,Heavy rain
12174,1930979.0,5605643.0,548000.0,0.0,0.0,2.0,North,2011/2012,FREDERICK ST,KARAMU ROAD NORTH,Non-Injury Crash,No,2011,South,0.0,,Flat,,,,,Dark,1495700.0,0.0,0.0,0.0,2.0,0.0,,,Hawke's Bay Region,Nil,2-way,Sealed,0.0,0.0,,50.0,,On,0.0,0.0,,30.0,Hastings District,Nil,,,,,0.0,0.0,Urban,0.0,,,Fine
361148,1934727.0,5598604.0,548833.0,0.0,0.0,1.0,East,2008/2009,TE MATA PEAK ROAD,SIMLA AVENUE,Minor Crash,No,2009,East,0.0,0.0,Hill Road,0.0,,0.0,0.0,Dark,1467003.0,1.0,0.0,0.0,2.0,0.0,0.0,,Hawke's Bay Region,Nil,2-way,Sealed,0.0,0.0,0.0,100.0,0.0,None,0.0,0.0,,30.0,Hastings District,Nil,0.0,0.0,0.0,0.0,0.0,0.0,Open,0.0,0.0,0.0,Fine
209410,1929206.7286,5609054.7209,545710.0,0.0,0.0,2.0,South,2019/2020,ORMOND ROAD,EVENDEN ROAD,Minor Crash,No,2019,North,0.0,0.0,Flat,0.0,,0.0,0.0,Bright sun,1471000.0,2.0,0.0,0.0,2.0,0.0,1.0,,Hawke's Bay Region,Nil,2-way,Sealed,0.0,0.0,0.0,100.0,0.0,None,0.0,0.0,,30.0,Hastings District,Unknown,0.0,0.0,0.0,0.0,0.0,0.0,Open,0.0,0.0,0.0,Fine
54916,1930795.0,5604810.0,548100.0,0.0,0.0,1.0,Null,2017/2018,WILLOWPARK ROAD NORTH,ALBERT ST,Minor Crash,No,2017,North,0.0,,Flat,,Labour Weekend,,,Overcast,1499700.0,2.0,0.0,0.0,2.0,0.0,,,Hawke's Bay Region,Nil,2-way,Sealed,0.0,0.0,,50.0,,Null,1.0,0.0,,30.0,Hastings District,Give way,,,,,0.0,0.0,Urban,0.0,,,Light rain
450874,1930935.0,5613540.0,545831.0,0.0,0.0,1.0,Null,2007/2008,SH 50,SH 50 LINKS ROAD,Non-Injury Crash,Yes,2007,South,0.0,,Flat,,,,,Overcast,1404600.0,0.0,0.0,0.0,2.0,0.0,,,Hawke's Bay Region,Nil,2-way,Sealed,0.0,0.0,,100.0,,Null,0.0,0.0,,30.0,Hastings District,Give way,,,,,1.0,0.0,Open,0.0,,,Fine
121036,1911739.0,5659808.0,545911.0,0.0,0.0,0.0,North,2008/2009,SH 5,MCVICAR ROAD,Non-Injury Crash,Yes,2008,South,0.0,0.0,Hill Road,0.0,,0.0,1.0,Overcast,1414300.0,0.0,0.0,0.0,3.0,0.0,0.0,,Hawke's Bay Region,Nil,2-way,Sealed,0.0,0.0,0.0,100.0,0.0,Null,0.0,0.0,,30.0,Hastings District,Nil,0.0,0.0,0.0,0.0,1.0,0.0,Open,0.0,0.0,0.0,Light rain
235500,1930444.4522,5607096.6409,547600.0,0.0,0.0,1.0,North,2019/2020,WILLIAMS STREET,NORTHWOOD AVENUE,Non-Injury Crash,No,2020,North,0.0,0.0,Flat,0.0,,0.0,0.0,Dark,1483000.0,0.0,0.0,0.0,2.0,0.0,0.0,,Hawke's Bay Region,Nil,2-way,Sealed,0.0,0.0,0.0,50.0,0.0,On,0.0,0.0,,30.0,Hastings District,Nil,0.0,0.0,0.0,1.0,0.0,0.0,Urban,0.0,0.0,0.0,Fine
343121,1927501.0,5603870.0,545761.0,0.0,0.0,1.0,Null,2012/2013,HEATHCOTE ROAD,SOUTHLAND ROAD,Non-Injury Crash,No,2013,South,0.0,1.0,Flat,0.0,,0.0,0.0,Overcast,1468801.0,0.0,0.0,0.0,2.0,0.0,0.0,,Hawke's Bay Region,Nil,2-way,Sealed,0.0,0.0,0.0,100.0,0.0,Null,0.0,0.0,,30.0,Hastings District,Give way,0.0,0.0,0.0,0.0,0.0,0.0,Open,0.0,0.0,0.0,Fine
227861,1930795.0,5604810.0,548100.0,0.0,0.0,2.0,Null,2013/2014,WILLOWPARK ROAD NORTH,ALBERT ST,Non-Injury Crash,No,2013,North,0.0,,Flat,,,,,Bright sun,1499700.0,0.0,0.0,0.0,2.0,0.0,,,Hawke's Bay Region,Nil,2-way,Sealed,0.0,0.0,,50.0,,Null,0.0,0.0,,30.0,Hastings District,Give way,,,,,0.0,0.0,Urban,0.0,,,Fine
665246,1931022.0,5613782.0,545831.0,0.0,0.0,2.0,Null,2006/2007,SH 50,PAKOWHAI ON SBD,Non-Injury Crash,Yes,2007,South,0.0,,Flat,,,,,Bright sun,1404600.0,0.0,0.0,0.0,4.0,0.0,,,Hawke's Bay Region,Nil,2-way,Sealed,0.0,0.0,,100.0,,Null,0.0,0.0,,30.0,Hastings District,Traffic Signals,,,,,0.0,0.0,Open,0.0,,,Fine
573097,1929360.0,5605556.0,547700.0,0.0,0.0,1.0,East,2012/2013,TOMOANA ROAD,HERETAUNGA ST WEST,Non-Injury Crash,No,2013,East,0.0,,Flat,,,,,Dark,1487900.0,0.0,0.0,0.0,2.0,0.0,,,Hawke's Bay Region,Nil,2-way,Sealed,0.0,0.0,,50.0,,On,0.0,0.0,,30.0,Hastings District,Nil,,,,,0.0,0.0,Urban,1.0,,,Fine
86577,1924819.0,5607941.0,548611.0,0.0,0.0,1.0,North,2013/2014,MARGATE AVENUE,PRESTIGE PLACE,Non-Injury Crash,No,2013,South,0.0,0.0,Flat,0.0,,0.0,0.0,Dark,1473804.0,0.0,0.0,0.0,2.0,0.0,1.0,,Hawke's Bay Region,Nil,2-way,Sealed,0.0,0.0,0.0,50.0,0.0,On,0.0,0.0,,30.0,Hastings District,Nil,0.0,0.0,0.0,0.0,0.0,0.0,Urban,1.0,0.0,0.0,Fine
735717,1931866.0,5601414.0,548810.0,0.0,0.0,2.0,North,2010/2011,ELLIOTT CRESCENT,UPHAM ST,Non-Injury Crash,No,2011,South,0.0,0.0,Flat,0.0,,0.0,0.0,Dark,1506000.0,0.0,0.0,0.0,2.0,0.0,1.0,,Hawke's Bay Region,Nil,2-way,Sealed,0.0,0.0,0.0,50.0,0.0,On,0.0,0.0,,30.0,Hastings District,Nil,0.0,0.0,0.0,0.0,0.0,0.0,Urban,0.0,0.0,0.0,Fine
339434,1932575.0,5608502.0,545721.0,0.0,0.0,1.0,Null,2017/2018,WHAKATU ROAD,RUAHAPIA ROAD,Non-Injury Crash,No,2018,North,0.0,0.0,Flat,0.0,Easter,0.0,0.0,Dark,1471600.0,0.0,0.0,0.0,2.0,0.0,0.0,,Hawke's Bay Region,Nil,2-way,Sealed,0.0,0.0,0.0,80.0,0.0,On,0.0,0.0,,30.0,Hastings District,Give way,1.0,0.0,0.0,0.0,0.0,0.0,Open,0.0,0.0,0.0,Fine
738759,1908541.0,5674756.0,545911.0,0.0,0.0,1.0,North,2013/2014,SH 5,TATARAAKINA ROAD,Non-Injury Crash,Yes,2014,North,0.0,,Hill Road,,,,,Dark,1281200.0,0.0,0.0,0.0,2.0,0.0,,,Hawke's Bay Region,Nil,2-way,Sealed,0.0,0.0,,100.0,,None,1.0,0.0,,30.0,Hastings District,Unknown,,,,,0.0,0.0,Open,0.0,,,Light rain
72531,1927792.0,5607560.0,545710.0,0.0,0.0,1.0,East,2014/2015,SH 50A,OMAHU ROAD,Minor Crash,Yes,2015,East,0.0,,Flat,,,,,Bright sun,1471201.0,1.0,0.0,0.0,2.0,0.0,,,Hawke's Bay Region,Nil,2-way,Sealed,0.0,0.0,,100.0,,Null,0.0,0.0,,30.0,Hastings District,Nil,,,,,0.0,0.0,Open,1.0,,,Fine
539830,1938042.0,5609914.0,545730.0,0.0,0.0,1.0,South,2005/2006,LAWN ROAD,SCHOOL ROAD,Minor Crash,No,2005,East,0.0,0.0,Flat,0.0,,0.0,0.0,Dark,1405300.0,1.0,0.0,0.0,2.0,0.0,0.0,,Hawke's Bay Region,Nil,2-way,Sealed,0.0,0.0,0.0,100.0,0.0,None,0.0,0.0,,30.0,Hastings District,Nil,0.0,0.0,0.0,0.0,0.0,0.0,Open,0.0,0.0,0.0,Fine
22075,1930912.0,5607891.0,545710.0,0.0,0.0,1.0,Null,2008/2009,PAKOWHAI ROAD,RICHMOND ROAD,Non-Injury Crash,No,2008,West,0.0,1.0,Hill Road,0.0,,0.0,0.0,Dark,1471100.0,0.0,0.0,0.0,2.0,0.0,0.0,,Hawke's Bay Region,Nil,2-way,Sealed,0.0,0.0,0.0,70.0,0.0,None,0.0,0.0,,30.0,Hastings District,Give way,0.0,0.0,0.0,0.0,0.0,0.0,Urban,0.0,0.0,0.0,Light rain
424428,1925153.0,5637503.0,545811.0,0.0,0.0,2.0,West,2001/2002,SH 5,DILLONS HILL CUL,Non-Injury Crash,Yes,2002,West,0.0,,Hill Road,,,,,Overcast,1414800.0,0.0,0.0,0.0,3.0,0.0,,,Hawke's Bay Region,Nil,2-way,Sealed,0.0,0.0,,100.0,,Null,0.0,0.0,,30.0,Hastings District,Nil,,,,,0.0,0.0,Open,0.0,,,Heavy rain
499503,1930718.2681,5605736.6592,548000.0,0.0,0.0,2.0,South,2018/2019,CAROLINE ROAD,HEATHCOTE AVENUE,Non-Injury Crash,No,2019,South,0.0,0.0,Flat,0.0,,0.0,0.0,Bright sun,1495300.0,0.0,0.0,0.0,2.0,0.0,1.0,,Hawke's Bay Region,Nil,2-way,Sealed,0.0,0.0,0.0,50.0,0.0,Off,0.0,0.0,,30.0,Hastings District,Unknown,0.0,0.0,0.0,0.0,0.0,0.0,Urban,0.0,0.0,0.0,Fine
629519,1933041.0,5602170.0,548831.0,0.0,0.0,2.0,South,2012/2013,NAPIER ROAD,GODDARD LANE,Non-Injury Crash,No,2012,North,0.0,0.0,Flat,0.0,,0.0,0.0,Bright sun,1509800.0,0.0,0.0,0.0,2.0,0.0,1.0,,Hawke's Bay Region,Nil,2-way,Sealed,0.0,0.0,0.0,50.0,0.0,Null,0.0,0.0,,30.0,Hastings District,Nil,0.0,0.0,0.0,0.0,0.0,0.0,Urban,0.0,0.0,0.0,Fine
675629,1926225.0,5606280.0,545761.0,0.0,0.0,1.0,Null,2002/2003,SH 50A,FLAXMERE AVENUE,Non-Injury Crash,Yes,2002,West,0.0,0.0,Flat,0.0,,1.0,0.0,Bright sun,1469905.0,0.0,0.0,0.0,2.0,0.0,0.0,,Hawke's Bay Region,Nil,2-way,Sealed,0.0,0.0,0.0,100.0,0.0,Null,0.0,0.0,,30.0,Hastings District,Give way,0.0,1.0,0.0,0.0,0.0,0.0,Open,0.0,0.0,0.0,Fine
684460,1933601.0,5602099.0,548832.0,0.0,0.0,0.0,East,2007/2008,TE MATA ROAD,HILLSBROOK PLACE,Serious Crash,No,2007,East,0.0,1.0,Flat,0.0,,0.0,1.0,Dark,1510200.0,0.0,0.0,1.0,2.0,0.0,0.0,,Hawke's Bay Region,Nil,2-way,Sealed,0.0,1.0,0.0,50.0,0.0,On,0.0,0.0,,30.0,Hastings District,Nil,0.0,0.0,0.0,0.0,0.0,0.0,Urban,0.0,0.0,0.0,Fine