OBJECTID,X,Y,areaUnitID,bicycle,bus,carStationWagon,crashDirectionDescription,crashFinancialYear,crashLocation1,crashLocation2,crashSeverity,crashSHDescription,crashYear,directionRoleDescription,fatalCount,fence,flatHill,guardRail,holiday,houseOrBuilding,kerb,light,meshblockId,minorInjuryCount,moped,motorcycle,NumberOfLanes,otherVehicleType,parkedVehicle,pedestrian,region,roadCharacter,roadLane,roadSurface,schoolBus,seriousInjuryCount,slipOrFlood,speedLimit,strayAnimal,streetLight,suv,taxi,temporarySpeedLimit,tlaId,tlaName,trafficControl,trafficIsland,trafficSign,train,tree,truck,unknownVehicleType,urban,vanOrUtility,vehicle,waterRiver,weatherA
508160,1938823.0,5655714.0,545911.0,0.0,0.0,0.0,North,2003/2004,SH 2,RIDGEMOUNT ROAD,Serious Crash,Yes,2003,South,0.0,,Flat,,,,,Bright sun,1415200.0,0.0,0.0,0.0,2.0,0.0,,,Hawke's Bay Region,Nil,2-way,Sealed,0.0,1.0,,100.0,,Null,0.0,0.0,,30.0,Hastings District,Nil,,,,,1.0,0.0,Open,0.0,,,Fine
137972,1931245.0,5605690.0,548000.0,0.0,0.0,2.0,West,2018/2019,KARAMU ROAD NORTH,FENWICK ST,Minor Crash,No,2018,East,0.0,,Flat,,,,,Overcast,1497100.0,1.0,0.0,0.0,2.0,0.0,,,Hawke's Bay Region,Nil,2-way,Sealed,0.0,0.0,,50.0,,Null,1.0,0.0,,30.0,Hastings District,Unknown,,,,,0.0,0.0,Urban,0.0,,,Light rain
591465,1929129.0,5606540.0,547800.0,0.0,0.0,4.0,North,2003/2004,PAKOWHAI ROAD,ST AUBYN ST WEST,Minor Crash,No,2004,South,0.0,,Flat,,,,,Overcast,1477600.0,1.0,0.0,0.0,2.0,0.0,,,Hawke's Bay Region,Nil,2-way,Sealed,0.0,0.0,,50.0,,Null,0.0,0.0,,30.0,Hastings District,Nil,,,,,0.0,0.0,Urban,0.0,,,Fine
167387,1936248.0,5611919.0,545832.0,0.0,0.0,0.0,North,2017/2018,SH 2,HELLYERS LANE,Non-Injury Crash,Yes,2018,North,0.0,0.0,Flat,0.0,,0.0,0.0,Bright sun,1404200.0,0.0,0.0,0.0,3.0,0.0,0.0,,Hawke's Bay Region,Nil,2-way,Sealed,0.0,0.0,0.0,100.0,0.0,Null,0.0,0.0,,30.0,Hastings District,Unknown,0.0,0.0,0.0,1.0,0.0,0.0,Open,1.0,0.0,0.0,Light rain
691071,1936276.0,5611476.0,545832.0,0.0,0.0,1.0,South,2005/2006,SH 2,FARNDON ROAD,Serious Crash,Yes,2006,East,0.0,0.0,Flat,0.0,Queens Birthday,0.0,0.0,Dark,1404200.0,0.0,0.0,0.0,2.0,0.0,0.0,,Hawke's Bay Region,Nil,2-way,Sealed,0.0,1.0,1.0,50.0,0.0,On,0.0,0.0,,30.0,Hastings District,Nil,0.0,1.0,0.0,0.0,0.0,0.0,Urban,0.0,0.0,0.0,Fine
77062,1925271.0,5598887.0,545852.0,0.0,0.0,1.0,Null,2017/2018,SH 2,STOCK ROAD,Non-Injury Crash,Yes,2018,North,0.0,,Flat,,,,,Bright sun,1465801.0,0.0,0.0,0.0,2.0,0.0,,,Hawke's Bay Region,Nil,2-way,Sealed,0.0,0.0,,100.0,,Null,0.0,0.0,,30.0,Hastings District,Give way,,,,,1.0,0.0,Open,0.0,,,Fine
406079,1929323.0,5606207.0,547700.0,0.0,0.0,2.0,Null,2006/2007,ST AUBYN ST WEST,BRUNSWICK ST,Non-Injury Crash,No,2007,West,0.0,,Flat,,,,,Bright sun,1486100.0,0.0,0.0,0.0,2.0,0.0,,,Hawke's Bay Region,Nil,2-way,Sealed,0.0,0.0,,50.0,,Null,0.0,0.0,,30.0,Hastings District,Give way,,,,,0.0,0.0,Urban,0.0,,,Fine
514863,1930149.0,5604677.0,548200.0,0.0,0.0,2.0,Null,2009/2010,HASTINGS ST NORTH,QUEEN ST EAST,Minor Crash,No,2010,South,0.0,0.0,Flat,0.0,,0.0,0.0,Bright sun,1493400.0,1.0,0.0,0.0,2.0,0.0,0.0,,Hawke's Bay Region,Nil,2-way,Sealed,0.0,0.0,0.0,50.0,0.0,Null,0.0,0.0,,30.0,Hastings District,Give way,0.0,0.0,0.0,0.0,0.0,0.0,Urban,0.0,0.0,0.0,Fine
329272,1932274.0,5609028.0,545721.0,1.0,0.0,1.0,Null,2004/2005,RUAHAPIA ROAD,PAKOWHAI ROAD,Minor Crash,No,2004,West,0.0,,Flat,,,,,Bright sun,1471600.0,1.0,0.0,0.0,2.0,0.0,,,Hawke's Bay Region,Nil,2-way,Sealed,0.0,0.0,,100.0,,Null,0.0,0.0,,30.0,Hastings District,Stop,,,,,0.0,0.0,Open,0.0,,,Fine
102041,1924303.0,5597241.0,545851.0,0.0,0.0,0.0,South,2008/2009,SH 2,OLD MAIN ROAD,Non-Injury Crash,Yes,2008,North,0.0,0.0,Flat,0.0,,0.0,0.0,Overcast,1463900.0,0.0,0.0,0.0,2.0,0.0,0.0,,Hawke's Bay Region,Nil,2-way,Sealed,0.0,0.0,0.0,100.0,0.0,Null,0.0,0.0,,30.0,Hastings District,Nil,0.0,0.0,0.0,0.0,1.0,0.0,Open,0.0,0.0,0.0,Fine
128200,1930935.0,5613540.0,545831.0,0.0,0.0,2.0,Null,2006/2007,SH 50,SH 50A,Non-Injury Crash,Yes,2006,North,0.0,,Flat,,,,,Bright sun,1404600.0,0.0,0.0,0.0,4.0,0.0,,,Hawke's Bay Region,Nil,2-way,Sealed,0.0,0.0,,100.0,,Null,0.0,0.0,,30.0,Hastings District,Give way,,,,,0.0,0.0,Open,0.0,,,Fine
339428,1919879.8923,5644417.0394,545811.0,0.0,0.0,1.0,North,2018/2019,005-0233,MCALLISTER ENT,Non-Injury Crash,Yes,2018,South,0.0,1.0,Hill Road,0.0,,0.0,0.0,Overcast,1414700.0,0.0,0.0,0.0,2.0,0.0,0.0,,Hawke's Bay Region,Nil,2-way,Sealed,0.0,0.0,0.0,100.0,0.0,None,0.0,0.0,,30.0,Hastings District,Unknown,0.0,0.0,0.0,0.0,0.0,0.0,Open,0.0,0.0,0.0,Light rain
81106,1930445.0,5606375.0,547600.0,0.0,0.0,2.0,South,2014/2015,TOMOANA ROAD,FREDERICK ST,Minor Crash,No,2014,South,0.0,0.0,Flat,0.0,,0.0,0.0,Bright sun,1483700.0,1.0,0.0,0.0,2.0,0.0,1.0,,Hawke's Bay Region,Nil,2-way,Sealed,0.0,0.0,0.0,50.0,0.0,Null,0.0,0.0,,30.0,Hastings District,Unknown,0.0,0.0,0.0,0.0,0.0,0.0,Urban,0.0,0.0,0.0,Fine
636509,1925110.0,5607604.0,548612.0,0.0,0.0,2.0,Null,2001/2002,CHATHAM ROAD,FLAXMERE AVENUE,Non-Injury Crash,No,2002,East,0.0,,Flat,,,,,Bright sun,1474107.0,0.0,0.0,0.0,2.0,0.0,,,Hawke's Bay Region,Nil,2-way,Sealed,0.0,0.0,,50.0,,Null,0.0,0.0,,30.0,Hastings District,Give way,,,,,0.0,0.0,Urban,0.0,,,Fine
664839,1912129.0,5586586.0,545851.0,0.0,0.0,0.0,North,2006/2007,SH 2,TE ONEPU ROAD,Non-Injury Crash,Yes,2007,North,0.0,0.0,Hill Road,0.0,,0.0,0.0,Bright sun,1464600.0,0.0,0.0,0.0,2.0,0.0,1.0,,Hawke's Bay Region,Nil,2-way,Sealed,0.0,0.0,0.0,100.0,0.0,Null,1.0,0.0,30.0,30.0,Hastings District,Unknown,0.0,0.0,0.0,0.0,1.0,0.0,Open,0.0,0.0,0.0,Fine
646142,1924843.0,5600703.0,545851.0,0.0,0.0,0.0,South,2008/2009,SH 50A,MANGAROA ROAD,Non-Injury Crash,Yes,2009,South,0.0,0.0,Flat,0.0,,0.0,0.0,Dark,1463500.0,0.0,0.0,0.0,2.0,0.0,0.0,,Hawke's Bay Region,Nil,2-way,Sealed,0.0,0.0,0.0,100.0,0.0,None,0.0,0.0,,30.0,Hastings District,Nil,0.0,0.0,0.0,0.0,1.0,0.0,Open,0.0,0.0,0.0,Fine
114818,1930488.0,5607566.0,545710.0,0.0,0.0,1.0,East,2018/2019,PAKOWHAI ROAD,EVENDEN ROAD,Minor Crash,No,2018,East,0.0,,Flat,,,,,Overcast,1471100.0,1.0,0.0,1.0,2.0,0.0,,,Hawke's Bay Region,Nil,2-way,Sealed,0.0,0.0,,50.0,,Null,0.0,0.0,,30.0,Hastings District,Give way,,,,,0.0,0.0,Urban,0.0,,,Fine
223602,1930009.0,5605592.0,548200.0,0.0,0.0,2.0,East,2018/2019,NELSON ST NORTH,WHITEHEAD ROAD,Non-Injury Crash,No,2018,South,0.0,,Flat,,,,,Bright sun,1491000.0,0.0,0.0,0.0,2.0,0.0,,,Hawke's Bay Region,Nil,2-way,Sealed,0.0,0.0,,50.0,,Null,0.0,0.0,,30.0,Hastings District,Unknown,,,,,0.0,0.0,Urban,0.0,,,Fine
114243,1930187.9322,5605031.7504,548200.0,0.0,0.0,1.0,Null,2019/2020,KARAMU ROAD NORTH,ST AUBYN STREET EAST,Non-Injury Crash,No,2019,South,0.0,,Flat,,,,,Bright sun,1494400.0,0.0,0.0,0.0,3.0,0.0,,1.0,Hawke's Bay Region,Nil,2-way,Sealed,0.0,0.0,,50.0,,Off,0.0,0.0,,30.0,Hastings District,Traffic Signals,,,,,0.0,0.0,Urban,0.0,,,Fine
301860,1929657.0,5605330.0,548200.0,0.0,0.0,2.0,Null,1999/2000,NELSON ST NORTH,QUEEN ST WEST,Non-Injury Crash,No,2000,North,0.0,,Flat,,,,,Bright sun,1490800.0,0.0,0.0,0.0,2.0,0.0,,,Hawke's Bay Region,Nil,2-way,Sealed,0.0,0.0,,50.0,,Null,0.0,0.0,,30.0,Hastings District,Give way,,,,,0.0,0.0,Urban,0.0,,,Fine
616743,1914020.0,5657150.0,545911.0,0.0,0.0,0.0,Null,2004/2005,SH 5,MOHAKA BR,Non-Injury Crash,Yes,2004,North,0.0,0.0,Flat,0.0,,0.0,0.0,Bright sun,1415900.0,0.0,0.0,0.0,2.0,0.0,0.0,,Hawke's Bay Region,Bridge,2-way,Sealed,0.0,0.0,0.0,100.0,0.0,Null,0.0,0.0,,30.0,Hastings District,Nil,0.0,0.0,0.0,0.0,0.0,0.0,Open,1.0,0.0,0.0,Mist or Fog
121768,1924421.0,5607836.0,548612.0,0.0,0.0,1.0,South,2014/2015,DIAZ DRIVE,CARTIER CRESCENT N,Non-Injury Crash,No,2014,South,0.0,,Flat,,,,,Overcast,1474109.0,0.0,0.0,0.0,2.0,0.0,,,Hawke's Bay Region,Nil,2-way,Sealed,0.0,0.0,,50.0,,Null,0.0,0.0,,30.0,Hastings District,Nil,,,,,0.0,0.0,Urban,1.0,,,Fine
323396,1924701.0,5607336.0,548612.0,0.0,0.0,1.0,Null,2000/2001,CHATHAM ROAD,CAERNARVON DRIVE,Non-Injury Crash,No,2001,South,0.0,,Flat,,Easter,,,Dark,1474400.0,0.0,0.0,0.0,2.0,0.0,,,Hawke's Bay Region,Nil,2-way,Sealed,0.0,0.0,,50.0,,On,0.0,0.0,,30.0,Hastings District,Give way,,,,,0.0,0.0,Urban,1.0,,,Heavy rain
524663,1930899.0,5604890.0,548100.0,0.0,0.0,2.0,North,2001/2002,WILLOWPARK ROAD NORTH,ALEXANDRA ST,Non-Injury Crash,No,2001,North,0.0,0.0,Flat,0.0,,0.0,0.0,Bright sun,1499100.0,0.0,0.0,0.0,2.0,0.0,1.0,,Hawke's Bay Region,Nil,2-way,Sealed,0.0,0.0,0.0,50.0,0.0,Null,0.0,0.0,,30.0,Hastings District,Nil,0.0,0.0,0.0,0.0,0.0,0.0,Urban,0.0,0.0,0.0,Fine
682149,1927296.0,5605131.0,545761.0,0.0,0.0,2.0,Null,2007/2008,MARAEKAKAHO ROAD,YORK ROAD,Non-Injury Crash,No,2008,North,0.0,,Flat,,,,,Dark,1469905.0,0.0,0.0,0.0,2.0,0.0,,,Hawke's Bay Region,Nil,2-way,Sealed,0.0,0.0,,70.0,,On,0.0,0.0,,30.0,Hastings District,Give way,,,,,0.0,0.0,Urban,0.0,,,Light rain
133369,1932949.0,5601805.0,548831.0,0.0,0.0,2.0,Null,2016/2017,TE MATA ROAD,DUART ROAD,Non-Injury Crash,No,2017,East,0.0,,Flat,,,,,Overcast,1509700.0,0.0,0.0,0.0,2.0,0.0,,,Hawke's Bay Region,Nil,2-way,Sealed,0.0,0.0,,50.0,,Null,0.0,0.0,,30.0,Hastings District,Give way,,,,,0.0,0.0,Urban,0.0,,,Fine
303700,1926551.0,5607106.0,545761.0,0.0,0.0,1.0,East,2012/2013,WILSON ROAD,FOLKESTONE DRIVE,Non-Injury Crash,No,2012,East,0.0,0.0,Flat,0.0,,0.0,0.0,Overcast,1469905.0,0.0,0.0,0.0,2.0,0.0,0.0,,Hawke's Bay Region,Nil,2-way,Sealed,0.0,0.0,0.0,70.0,0.0,Null,0.0,0.0,,30.0,Hastings District,Nil,0.0,0.0,0.0,1.0,0.0,0.0,Urban,0.0,0.0,0.0,Light rain
11311,1936815.0,5596023.0,545860.0,0.0,0.0,2.0,Null,2000/2001,KAHURANAKI ROAD,WAIMARAMA ROAD,Non-Injury Crash,No,2001,South,0.0,,Flat,,,,,Bright sun,1467200.0,0.0,0.0,0.0,2.0,0.0,,,Hawke's Bay Region,Nil,2-way,Sealed,0.0,0.0,,100.0,,Null,0.0,0.0,,30.0,Hastings District,Give way,,,,,0.0,0.0,Open,0.0,,,Fine
599365,1931059.0,5605010.0,548000.0,0.0,0.0,1.0,North,2010/2011,WILLOWPARK ROAD NORTH,JERVOIS ST,Non-Injury Crash,No,2011,North,0.0,,Flat,,,,,Dark,1497600.0,0.0,0.0,0.0,2.0,0.0,,,Hawke's Bay Region,Nil,2-way,Sealed,0.0,0.0,,50.0,,On,1.0,0.0,,30.0,Hastings District,Nil,,,,,0.0,0.0,Urban,0.0,,,Light rain
396307,1928848.0,5602801.0,545762.0,0.0,0.0,1.0,South,2012/2013,RIVERSLEA ROAD SOUTH,TOLLEMACHE ROAD EAST,Minor Crash,No,2013,North,0.0,,Flat,,,,,Bright sun,1468100.0,1.0,0.0,0.0,2.0,0.0,,,Hawke's Bay Region,Nil,2-way,Sealed,0.0,0.0,,100.0,,Null,0.0,0.0,,30.0,Hastings District,Nil,,,,,0.0,0.0,Open,0.0,,,Fine
72474,1928379.0,5606178.0,548500.0,0.0,0.0,0.0,Null,2008/2009,ORCHARD ROAD,MCLEOD ST,Non-Injury Crash,No,2009,East,0.0,,Flat,,,,,Overcast,1479600.0,0.0,0.0,0.0,2.0,1.0,,,Hawke's Bay Region,Nil,2-way,Sealed,0.0,0.0,,50.0,,Null,1.0,0.0,,30.0,Hastings District,Give way,,,,,0.0,0.0,Urban,0.0,,,Fine
518024,1928842.0,5603900.0,547900.0,0.0,0.0,2.0,Null,2007/2008,MURDOCH ROAD WEST,RAILWAY ROAD,Non-Injury Crash,No,2008,West,0.0,,Flat,,,,,Overcast,1482600.0,0.0,0.0,0.0,2.0,0.0,,,Hawke's Bay Region,Nil,2-way,Sealed,0.0,0.0,,50.0,,Null,0.0,0.0,,30.0,Hastings District,Stop,,,,,0.0,0.0,Urban,0.0,,,Light rain
249845,1927597.0,5605358.0,545761.0,0.0,0.0,2.0,Null,2010/2011,WALL ROAD,MARAEKAKAHO ROAD,Non-Injury Crash,No,2011,North,0.0,,Flat,,,,,Bright sun,1469905.0,0.0,0.0,0.0,2.0,0.0,,,Hawke's Bay Region,Nil,2-way,Sealed,0.0,0.0,,50.0,,Null,0.0,0.0,,30.0,Hastings District,Give way,,,,,0.0,0.0,Urban,0.0,,,Fine
682909,1931885.0,5604753.0,548000.0,0.0,0.0,0.0,North,2009/2010,BEATTY PLACE,BEATTY ST,Non-Injury Crash,No,2010,South,0.0,1.0,Flat,0.0,,0.0,0.0,Twilight,1498300.0,0.0,0.0,0.0,2.0,0.0,0.0,,Hawke's Bay Region,Nil,2-way,Sealed,0.0,0.0,0.0,50.0,0.0,Off,0.0,0.0,,30.0,Hastings District,Nil,0.0,0.0,0.0,0.0,0.0,0.0,Urban,1.0,0.0,0.0,Fine
705123,1934800.0,5641248.0,545811.0,0.0,0.0,1.0,East,2002/2003,SH 2,TE NGARU BR,Non-Injury Crash,Yes,2003,South,0.0,0.0,Hill Road,0.0,,0.0,0.0,Overcast,1415700.0,0.0,0.0,0.0,2.0,0.0,0.0,,Hawke's Bay Region,Nil,2-way,Sealed,0.0,0.0,0.0,100.0,0.0,Null,0.0,0.0,,30.0,Hastings District,Nil,0.0,0.0,0.0,1.0,0.0,0.0,Open,0.0,0.0,0.0,Light rain
388531,1935162.0,5648679.0,545911.0,0.0,0.0,0.0,North,2006/2007,SH 2,KAIWAKA ROAD,Minor Crash,Yes,2007,South,0.0,,Hill Road,,,,,Bright sun,1415400.0,2.0,0.0,1.0,2.0,0.0,,,Hawke's Bay Region,Nil,2-way,Sealed,0.0,0.0,,100.0,,Null,0.0,0.0,,30.0,Hastings District,Nil,,,,,0.0,0.0,Open,0.0,,,Fine
291846,1932499.0,5601809.0,548831.0,0.0,0.0,2.0,Null,2002/2003,PORTER DRIVE,HAVELOCK ROAD,Non-Injury Crash,No,2002,South,0.0,,Flat,,,,,Twilight,1509600.0,0.0,0.0,0.0,2.0,0.0,,,Hawke's Bay Region,Nil,2-way,Sealed,0.0,0.0,,50.0,,On,0.0,0.0,,30.0,Hastings District,Give way,,,,,0.0,0.0,Urban,0.0,,,Fine
140838,1921223.0,5595081.0,545851.0,0.0,0.0,1.0,South,2000/2001,SH 2,TE MAHANGA ROAD,Non-Injury Crash,Yes,2001,South,0.0,,Flat,,,,,Bright sun,1463900.0,0.0,0.0,0.0,2.0,0.0,,,Hawke's Bay Region,Nil,2-way,Sealed,0.0,0.0,,100.0,,Null,0.0,0.0,,30.0,Hastings District,Nil,,,,,1.0,0.0,Open,1.0,,,Fine
452626,1931488.0,5604161.0,548100.0,0.0,0.0,1.0,Null,2008/2009,WINDSOR AVENUE,ADA ST,Non-Injury Crash,No,2008,North,0.0,,Flat,,,,,Bright sun,1499900.0,0.0,0.0,0.0,2.0,0.0,,,Hawke's Bay Region,Nil,2-way,Sealed,0.0,0.0,,50.0,,Null,1.0,0.0,,30.0,Hastings District,Give way,,,,,0.0,0.0,Urban,0.0,,,Fine
307343,1930423.0,5605186.0,548200.0,0.0,0.0,1.0,North,2007/2008,KARAMU ROAD NORTH,VICTORIA ST,Non-Injury Crash,No,2008,North,0.0,,Flat,,,,,Bright sun,1494500.0,0.0,0.0,0.0,2.0,0.0,,,Hawke's Bay Region,Nil,2-way,Sealed,0.0,0.0,,50.0,,Null,1.0,0.0,,30.0,Hastings District,Nil,,,,,0.0,0.0,Urban,0.0,,,Fine
512401,1930935.0,5613540.0,545831.0,0.0,0.0,2.0,Null,2006/2007,SH 50,SH 50A,Minor Crash,Yes,2006,North,0.0,,Flat,,,,,Twilight,1404600.0,1.0,0.0,0.0,2.0,0.0,,,Hawke's Bay Region,Nil,2-way,Sealed,0.0,0.0,,100.0,,Off,0.0,0.0,,30.0,Hastings District,Give way,,,,,0.0,0.0,Open,0.0,,,Fine
336473,1938926.0,5644757.0,545911.0,0.0,0.0,1.0,East,2016/2017,AROPAOANUI ROAD,KAIWAKA ROAD,Minor Crash,No,2017,East,0.0,0.0,Hill Road,0.0,,0.0,0.0,Bright sun,1415200.0,2.0,0.0,0.0,2.0,0.0,0.0,,Hawke's Bay Region,Nil,2-way,Unsealed,0.0,0.0,0.0,100.0,0.0,Null,0.0,0.0,,30.0,Hastings District,Unknown,0.0,0.0,0.0,0.0,0.0,0.0,Open,0.0,0.0,0.0,Fine
55266,1924459.0,5607938.0,548611.0,0.0,0.0,2.0,Null,2013/2014,FLAXMERE AVENUE,DIAZ DRIVE,Non-Injury Crash,No,2013,West,0.0,,Flat,,,,,Twilight,1469710.0,0.0,0.0,0.0,1.0,0.0,,,Hawke's Bay Region,Nil,1-way,Sealed,0.0,0.0,,50.0,,On,0.0,0.0,,30.0,Hastings District,Give way,,,,,0.0,0.0,Urban,0.0,,,Fine
108671,1927637.0,5607442.0,548400.0,0.0,0.0,0.0,Null,2003/2004,SH 50A,OMAHU ROAD,Minor Crash,Yes,2004,North,0.0,,Flat,,,,,Bright sun,1473600.0,1.0,0.0,2.0,2.0,0.0,,,Hawke's Bay Region,Nil,2-way,Sealed,0.0,0.0,,100.0,,Null,0.0,0.0,,30.0,Hastings District,Give way,,,,,0.0,0.0,Open,0.0,,,Fine
665534,1936201.0,5611809.0,545832.0,0.0,0.0,1.0,Null,2011/2012,SH 2,HELLYERS LANE,Minor Crash,Yes,2012,South,0.0,1.0,Flat,0.0,,0.0,0.0,Dark,1404200.0,1.0,0.0,0.0,2.0,0.0,0.0,,Hawke's Bay Region,Nil,2-way,Sealed,0.0,0.0,0.0,50.0,0.0,On,0.0,0.0,,30.0,Hastings District,Stop,0.0,0.0,0.0,0.0,0.0,0.0,Urban,0.0,0.0,0.0,Light rain
17938,1929878.0,5605947.0,547700.0,1.0,0.0,2.0,Null,2002/2003,TOMOANA ROAD,FITZROY AVENUE,Minor Crash,No,2002,South,0.0,,Flat,,,,,Overcast,1488400.0,1.0,0.0,0.0,2.0,0.0,,,Hawke's Bay Region,Nil,2-way,Sealed,0.0,0.0,,50.0,,Null,0.0,0.0,,30.0,Hastings District,Stop,,,,,0.0,0.0,Urban,0.0,,,Fine
320161,1929814.0,5606473.0,547600.0,0.0,0.0,2.0,South,2016/2017,TAMATEA ST,TAMATEA PLACE,Non-Injury Crash,No,2017,South,0.0,0.0,Flat,0.0,,0.0,0.0,Dark,1485600.0,0.0,0.0,0.0,2.0,0.0,1.0,,Hawke's Bay Region,Nil,2-way,Sealed,0.0,0.0,0.0,50.0,0.0,On,0.0,0.0,,30.0,Hastings District,Unknown,0.0,0.0,0.0,0.0,0.0,0.0,Urban,0.0,0.0,0.0,Fine
722265,1926338.0,5606418.0,545761.0,0.0,0.0,1.0,North,2012/2013,SH 50A,YORK ROAD,Non-Injury Crash,Yes,2012,North,0.0,0.0,Flat,0.0,,0.0,0.0,Twilight,1469905.0,0.0,0.0,0.0,2.0,0.0,0.0,,Hawke's Bay Region,Nil,2-way,Unsealed,0.0,0.0,0.0,80.0,0.0,Off,0.0,0.0,,30.0,Hastings District,Nil,0.0,0.0,0.0,0.0,0.0,0.0,Open,0.0,0.0,0.0,Light rain
461894,1927641.0,5607417.0,547800.0,0.0,0.0,2.0,Null,2007/2008,SH 50A,OMAHU ROAD,Non-Injury Crash,Yes,2007,South,0.0,,Flat,,,,,Bright sun,1476600.0,0.0,0.0,0.0,2.0,0.0,,,Hawke's Bay Region,Nil,2-way,Sealed,0.0,0.0,,100.0,,Null,0.0,0.0,,30.0,Hastings District,Give way,,,,,0.0,0.0,Open,0.0,,,Fine
115884,1905698.0,5613929.0,545821.0,0.0,0.0,1.0,North,2014/2015,CROWNTHORPE ROAD,MATAPIRO ROAD,Non-Injury Crash,No,2015,North,0.0,0.0,Hill Road,0.0,,0.0,0.0,Bright sun,1410100.0,0.0,0.0,0.0,2.0,0.0,0.0,,Hawke's Bay Region,Nil,2-way,Sealed,0.0,0.0,0.0,100.0,0.0,Null,0.0,0.0,,30.0,Hastings District,Nil,0.0,0.0,0.0,0.0,0.0,0.0,Open,0.0,0.0,0.0,Fine
514895,1930413.0,5604522.0,548200.0,0.0,0.0,2.0,Null,2015/2016,WILLOWPARK ROAD NORTH,AVENUE ROAD EAST,Non-Injury Crash,No,2015,East,0.0,,Flat,,,,,Bright sun,1493502.0,0.0,0.0,0.0,2.0,0.0,,,Hawke's Bay Region,Nil,2-way,Sealed,0.0,0.0,,50.0,,Null,0.0,0.0,,30.0,Hastings District,Give way,,,,,0.0,0.0,Urban,0.0,,,Fine
686132,1930095.1378,5605151.961,548200.0,0.0,0.0,2.0,North,2018/2019,ST AUBYN STREET EAST,K-MART CPK ENTRANCE,Non-Injury Crash,No,2019,North,0.0,,Flat,,,,,Bright sun,1494100.0,0.0,0.0,0.0,2.0,0.0,,,Hawke's Bay Region,Nil,2-way,Sealed,0.0,0.0,,50.0,,Off,0.0,0.0,,30.0,Hastings District,Unknown,,,,,0.0,0.0,Urban,0.0,,,Fine
26694,1925955.0,5608237.0,545710.0,0.0,0.0,0.0,Null,2003/2004,OMAHU ROAD,CHATHAM ROAD,Non-Injury Crash,No,2004,West,0.0,,Flat,,,,,Bright sun,1470900.0,0.0,0.0,0.0,3.0,0.0,,,Hawke's Bay Region,Nil,2-way,Sealed,0.0,0.0,,50.0,,Null,0.0,0.0,,30.0,Hastings District,Nil,,,,,1.0,0.0,Urban,1.0,,,Fine
199792,1940945.0,5588219.0,545860.0,0.0,0.0,1.0,South,2018/2019,WAIMARAMA ROAD,TIMOTI ROAD,Non-Injury Crash,No,2018,North,0.0,1.0,Hill Road,0.0,,0.0,0.0,Dark,1467500.0,0.0,0.0,0.0,2.0,0.0,0.0,,Hawke's Bay Region,Nil,2-way,Sealed,0.0,0.0,0.0,100.0,0.0,None,0.0,0.0,,30.0,Hastings District,Unknown,0.0,0.0,0.0,0.0,0.0,0.0,Open,0.0,0.0,0.0,Fine
649637,1912260.9425,5586695.6868,545851.0,0.0,0.0,1.0,North,2016/2017,002-0691,TE ONEPU ROAD ,Non-Injury Crash,Yes,2016,North,0.0,0.0,Flat,0.0,,0.0,0.0,Dark,1464600.0,0.0,0.0,0.0,2.0,0.0,0.0,,Hawke's Bay Region,Nil,2-way,Sealed,0.0,0.0,0.0,100.0,1.0,On,0.0,0.0,,30.0,Hastings District,Unknown,0.0,0.0,0.0,0.0,0.0,0.0,Open,0.0,0.0,0.0,Fine
114825,1914579.0,5594197.0,545851.0,0.0,0.0,0.0,South,2011/2012,BURMA ROAD,RAUKAWA ROAD,Minor Crash,No,2012,South,0.0,0.0,Hill Road,0.0,,0.0,0.0,Bright sun,1464101.0,1.0,0.0,1.0,2.0,0.0,0.0,,Hawke's Bay Region,Nil,2-way,Sealed,0.0,0.0,0.0,100.0,0.0,Null,0.0,0.0,,30.0,Hastings District,Nil,0.0,0.0,0.0,0.0,0.0,0.0,Open,0.0,0.0,0.0,Fine
661249,1929453.0,5604796.0,548200.0,0.0,0.0,2.0,Null,2007/2008,SOUTHAMPTON ST WEST,MARKET ST SOUTH,Minor Crash,No,2008,North,0.0,1.0,Flat,0.0,,0.0,0.0,Bright sun,1489802.0,1.0,0.0,0.0,2.0,0.0,0.0,,Hawke's Bay Region,Nil,2-way,Sealed,0.0,0.0,0.0,50.0,0.0,Null,0.0,0.0,,30.0,Hastings District,Give way,0.0,0.0,0.0,0.0,0.0,0.0,Urban,0.0,0.0,0.0,Fine
425228,1928217.0,5604424.0,547900.0,0.0,0.0,1.0,West,2016/2017,SOUTHLAND ROAD,MURDOCH ROAD WEST,Minor Crash,No,2017,West,0.0,1.0,Flat,0.0,,0.0,0.0,Overcast,1469201.0,1.0,0.0,0.0,2.0,0.0,0.0,,Hawke's Bay Region,Nil,2-way,Sealed,0.0,0.0,0.0,50.0,0.0,Null,0.0,0.0,,30.0,Hastings District,Unknown,0.0,0.0,0.0,0.0,0.0,0.0,Urban,0.0,0.0,0.0,Fine