OBJECTID,X,Y,areaUnitID,bicycle,bus,carStationWagon,crashDirectionDescription,crashFinancialYear,crashLocation1,crashLocation2,crashSeverity,crashSHDescription,crashYear,directionRoleDescription,fatalCount,fence,flatHill,guardRail,holiday,houseOrBuilding,kerb,light,meshblockId,minorInjuryCount,moped,motorcycle,NumberOfLanes,otherVehicleType,parkedVehicle,pedestrian,region,roadCharacter,roadLane,roadSurface,schoolBus,seriousInjuryCount,slipOrFlood,speedLimit,strayAnimal,streetLight,suv,taxi,temporarySpeedLimit,tlaId,tlaName,trafficControl,trafficIsland,trafficSign,train,tree,truck,unknownVehicleType,urban,vanOrUtility,vehicle,waterRiver,weatherA
58925,1927728.0,5607512.0,545710.0,0.0,0.0,0.0,North,2013/2014,SH 50A,OMAHU ROAD,Serious Crash,Yes,2014,South,0.0,0.0,Flat,0.0,Easter,0.0,0.0,Bright sun,1471201.0,0.0,0.0,1.0,4.0,0.0,0.0,,Hawke's Bay Region,Nil,2-way,Sealed,0.0,1.0,0.0,100.0,0.0,Null,0.0,0.0,,30.0,Hastings District,Unknown,1.0,0.0,0.0,0.0,0.0,0.0,Open,0.0,0.0,0.0,Fine
442636,1928010.0,5605310.0,547900.0,0.0,0.0,1.0,Null,2011/2012,OLIPHANT ROAD,COBHAM ST,Minor Crash,No,2011,North,0.0,,Flat,,,,,Bright sun,1480100.0,1.0,1.0,0.0,2.0,0.0,,,Hawke's Bay Region,Nil,2-way,Sealed,0.0,0.0,,50.0,,Null,0.0,0.0,,30.0,Hastings District,Nil,,,,,0.0,0.0,Urban,0.0,,,Fine
193518,1924754.0,5607236.0,548612.0,0.0,0.0,1.0,North,2003/2004,CAERNARVON DRIVE,TENBY TERRACE,Non-Injury Crash,No,2003,North,0.0,1.0,Flat,0.0,,0.0,0.0,Overcast,1474400.0,0.0,0.0,0.0,2.0,0.0,0.0,,Hawke's Bay Region,Nil,2-way,Sealed,0.0,0.0,0.0,50.0,0.0,Null,0.0,0.0,,30.0,Hastings District,Nil,0.0,0.0,0.0,0.0,0.0,0.0,Urban,0.0,0.0,0.0,Fine
644562,1930786.0,5603720.0,548100.0,0.0,0.0,2.0,East,2007/2008,HERETAUNGA ST EAST,LUMSDEN ROAD,Minor Crash,No,2007,East,0.0,,Flat,,,,,Dark,1500300.0,1.0,0.0,0.0,2.0,0.0,,,Hawke's Bay Region,Nil,2-way,Sealed,0.0,0.0,,50.0,,On,0.0,0.0,,30.0,Hastings District,Nil,,,,,0.0,0.0,Urban,0.0,,,Fine
144709,1925793.0,5619762.0,545821.0,0.0,0.0,1.0,North,2001/2002,DARTMOOR ROAD,VICARAGE ROAD,Non-Injury Crash,No,2001,South,0.0,0.0,Hill Road,0.0,,0.0,0.0,Dark,1411400.0,0.0,0.0,0.0,2.0,0.0,0.0,,Hawke's Bay Region,Nil,2-way,Sealed,0.0,0.0,0.0,50.0,0.0,On,0.0,0.0,,30.0,Hastings District,Nil,0.0,0.0,0.0,0.0,0.0,0.0,Urban,0.0,0.0,0.0,Fine
726588,1916086.4108,5604839.6178,545841.0,0.0,0.0,1.0,Null,2018/2019,SH 50,MARAEKAKAHO ROAD,Non-Injury Crash,Yes,2019,South,0.0,1.0,Flat,0.0,,0.0,0.0,Bright sun,1462901.0,0.0,0.0,0.0,2.0,0.0,0.0,,Hawke's Bay Region,Nil,2-way,Sealed,0.0,0.0,0.0,100.0,0.0,Off,0.0,0.0,,30.0,Hastings District,Give way,0.0,0.0,0.0,0.0,0.0,0.0,Open,0.0,0.0,0.0,Fine
243509,1932203.0,5611435.0,545832.0,0.0,0.0,1.0,South,2002/2003,PAKOWHAI ROAD,BROOKFIELDS ROAD,Serious Crash,No,2002,North,0.0,0.0,Flat,0.0,,0.0,0.0,Dark,1404000.0,0.0,0.0,0.0,2.0,0.0,0.0,,Hawke's Bay Region,Nil,2-way,Sealed,0.0,1.0,0.0,70.0,0.0,None,0.0,0.0,,30.0,Hastings District,Nil,0.0,0.0,0.0,1.0,0.0,0.0,Urban,0.0,0.0,0.0,Fine
283501,1908359.0,5674872.0,545911.0,0.0,0.0,1.0,North,2012/2013,SH 5,TATARAAKINA ROAD,Minor Crash,Yes,2012,North,0.0,0.0,Flat,0.0,,0.0,0.0,Overcast,1281200.0,1.0,0.0,0.0,2.0,0.0,0.0,,Hawke's Bay Region,Nil,2-way,Sealed,0.0,0.0,0.0,100.0,0.0,Null,0.0,0.0,,30.0,Hastings District,Nil,0.0,0.0,0.0,0.0,0.0,0.0,Open,0.0,0.0,0.0,Fine
301424,1932836.0,5601508.0,548832.0,0.0,0.0,0.0,East,2010/2011,CAMPBELL ST,JOLL ROAD,Minor Crash,No,2011,East,0.0,,Flat,,,,,Bright sun,1508400.0,1.0,0.0,0.0,2.0,0.0,,1.0,Hawke's Bay Region,Nil,2-way,Sealed,0.0,0.0,,50.0,,Null,1.0,0.0,,30.0,Hastings District,Nil,,,,,0.0,0.0,Urban,0.0,,,Fine
20993,1927296.0,5605131.0,545761.0,0.0,0.0,2.0,Null,2012/2013,YORK ROAD,MARAEKAKAHO ROAD,Non-Injury Crash,No,2013,South,0.0,,Flat,,,,,Overcast,1469905.0,0.0,0.0,0.0,2.0,0.0,,,Hawke's Bay Region,Nil,2-way,Sealed,0.0,0.0,,50.0,,Null,0.0,0.0,,30.0,Hastings District,Give way,,,,,0.0,0.0,Urban,0.0,,,Fine
121019,1927234.0,5602249.0,545762.0,0.0,0.0,0.0,Null,2004/2005,LONGLANDS ROAD WEST,RAILWAY ROAD SOUTH,Minor Crash,No,2005,East,0.0,,Flat,,,,,Overcast,1468200.0,1.0,0.0,0.0,2.0,0.0,,,Hawke's Bay Region,Nil,2-way,Sealed,0.0,0.0,,100.0,,Null,0.0,0.0,,30.0,Hastings District,Give way,,,,,0.0,0.0,Open,2.0,,,Fine
508225,1898607.0,5593575.0,545841.0,0.0,0.0,1.0,Null,2006/2007,SH 50,MANGA-O-NUKU NO3 BR,Minor Crash,Yes,2007,North,0.0,1.0,Hill Road,0.0,,0.0,0.0,Overcast,1462600.0,1.0,0.0,0.0,1.0,0.0,0.0,,Hawke's Bay Region,Bridge,2-way,Sealed,0.0,0.0,0.0,100.0,0.0,Null,0.0,0.0,,30.0,Hastings District,Give way,0.0,0.0,0.0,0.0,0.0,0.0,Open,1.0,0.0,0.0,Light rain
624396,1932722.0,5601705.0,548832.0,0.0,0.0,2.0,West,2010/2011,TE MATA ROAD,PORTER DRIVE,Non-Injury Crash,No,2010,West,0.0,0.0,Flat,0.0,,0.0,0.0,Bright sun,1508300.0,0.0,0.0,0.0,2.0,0.0,1.0,,Hawke's Bay Region,Nil,2-way,Sealed,0.0,0.0,0.0,50.0,0.0,Null,0.0,0.0,,30.0,Hastings District,Nil,0.0,0.0,0.0,0.0,0.0,0.0,Urban,0.0,0.0,0.0,Fine
630698,1930658.0,5604394.0,548100.0,0.0,0.0,2.0,Null,2003/2004,ST AUBYN ST EAST,RIVERSLEA ROAD NORTH,Non-Injury Crash,No,2003,West,0.0,,Flat,,,,,Overcast,1500900.0,0.0,0.0,0.0,2.0,0.0,,,Hawke's Bay Region,Nil,2-way,Sealed,0.0,0.0,,50.0,,Null,0.0,0.0,,30.0,Hastings District,Give way,,,,,0.0,0.0,Urban,0.0,,,Light rain
398554,1936735.0,5610022.0,545730.0,0.0,0.0,1.0,East,2011/2012,RICHMOND ROAD,MILL ROAD,Serious Crash,No,2011,West,0.0,0.0,Flat,0.0,,0.0,0.0,Dark,1405403.0,0.0,0.0,0.0,2.0,0.0,0.0,,Hawke's Bay Region,Nil,2-way,Sealed,0.0,1.0,0.0,100.0,0.0,None,0.0,0.0,,30.0,Hastings District,Nil,0.0,0.0,0.0,0.0,0.0,0.0,Open,0.0,0.0,0.0,Light rain
570253,1929388.0477,5603388.6427,548300.0,0.0,0.0,1.0,North,2018/2019,RIVERSLEA ROAD SOUTH,MURDOCH ROAD EAST,Non-Injury Crash,No,2018,North,0.0,,Flat,,,,,Bright sun,1503800.0,0.0,0.0,0.0,2.0,0.0,,,Hawke's Bay Region,Nil,2-way,Sealed,0.0,0.0,,50.0,,Off,0.0,0.0,,30.0,Hastings District,Give way,,,,,0.0,0.0,Urban,1.0,,,Fine
596574,1922287.0,5595922.0,545851.0,0.0,0.0,1.0,South,2001/2002,SH 2,STOCK ROAD,Minor Crash,Yes,2001,South,0.0,0.0,Flat,0.0,,0.0,0.0,Bright sun,1463900.0,1.0,0.0,0.0,2.0,0.0,0.0,,Hawke's Bay Region,Nil,2-way,Sealed,0.0,0.0,0.0,100.0,0.0,Null,0.0,0.0,,30.0,Hastings District,Nil,0.0,0.0,0.0,0.0,0.0,0.0,Open,0.0,0.0,0.0,Fine
271697,1934394.0,5599453.0,548833.0,0.0,0.0,1.0,East,2008/2009,TE MATA PEAK ROAD,SIMLA CRESCENT,Non-Injury Crash,No,2008,West,0.0,0.0,Hill Road,0.0,,0.0,0.0,Dark,1467003.0,0.0,0.0,0.0,2.0,0.0,0.0,,Hawke's Bay Region,Nil,2-way,Sealed,0.0,0.0,0.0,100.0,0.0,None,0.0,0.0,,30.0,Hastings District,Nil,0.0,0.0,0.0,0.0,0.0,0.0,Open,0.0,0.0,0.0,Light rain
113442,1918142.8751,5650284.6484,545912.0,0.0,0.0,1.0,North,2019/2020,SH 5,TE POHUE LOOP ROAD,Non-Injury Crash,Yes,2019,East,0.0,1.0,Hill Road,0.0,,0.0,0.0,Dark,1414504.0,0.0,0.0,0.0,2.0,0.0,0.0,,Hawke's Bay Region,Nil,2-way,Sealed,0.0,0.0,0.0,100.0,0.0,None,0.0,0.0,,30.0,Hastings District,Nil,0.0,0.0,0.0,0.0,0.0,0.0,Open,0.0,0.0,0.0,Light rain
634119,1929895.0,5605170.0,548200.0,0.0,0.0,2.0,Null,2006/2007,Z CPK WAREHOUSE,MARKET/AVENUE,Non-Injury Crash,No,2006,South,0.0,0.0,Flat,0.0,,0.0,0.0,Bright sun,1491300.0,0.0,0.0,0.0,1.0,0.0,1.0,,Hawke's Bay Region,Nil,Off road,Sealed,0.0,0.0,0.0,50.0,0.0,Null,0.0,0.0,,30.0,Hastings District,Nil,0.0,0.0,0.0,0.0,0.0,0.0,Urban,0.0,0.0,0.0,Fine
33265,1936183.0,5611721.0,545832.0,0.0,0.0,1.0,South,2015/2016,SH 2,HELLYERS LANE,Non-Injury Crash,Yes,2016,North,0.0,0.0,Flat,0.0,,0.0,0.0,Dark,1404200.0,0.0,0.0,0.0,2.0,0.0,0.0,,Hawke's Bay Region,Nil,2-way,Sealed,0.0,0.0,0.0,100.0,0.0,None,0.0,0.0,,30.0,Hastings District,Unknown,0.0,0.0,0.0,1.0,0.0,0.0,Open,0.0,0.0,0.0,Null
228880,1935007.0,5609210.0,545722.0,0.0,0.0,1.0,North,2002/2003,SH 2,RAILWAY ROAD,Non-Injury Crash,Yes,2002,North,0.0,0.0,Flat,1.0,,0.0,0.0,Dark,1406000.0,0.0,0.0,0.0,2.0,0.0,0.0,,Hawke's Bay Region,Nil,2-way,Sealed,0.0,0.0,0.0,100.0,0.0,On,0.0,0.0,,30.0,Hastings District,Nil,0.0,0.0,0.0,0.0,0.0,0.0,Open,0.0,0.0,0.0,Fine
502424,1935034.0,5640871.0,545811.0,0.0,0.0,0.0,North,2007/2008,SH 2,TANGOIO SETTLEMENT ROAD S,Non-Injury Crash,Yes,2008,South,0.0,1.0,Flat,0.0,,0.0,0.0,Bright sun,1415700.0,0.0,0.0,0.0,2.0,0.0,0.0,,Hawke's Bay Region,Nil,2-way,Sealed,0.0,0.0,0.0,100.0,0.0,Null,0.0,0.0,,30.0,Hastings District,Nil,0.0,0.0,0.0,0.0,1.0,0.0,Open,0.0,0.0,0.0,Fine
584297,1930764.0,5605318.0,548000.0,0.0,0.0,1.0,Null,2009/2010,JERVOIS ST,WARREN ST NORTH,Non-Injury Crash,No,2010,West,0.0,,Flat,,,,,Bright sun,1497400.0,0.0,0.0,0.0,2.0,0.0,,,Hawke's Bay Region,Nil,2-way,Sealed,0.0,0.0,,50.0,,Null,1.0,0.0,,30.0,Hastings District,Give way,,,,,0.0,0.0,Urban,0.0,,,Fine
741944,1930838.0,5606668.0,547600.0,0.0,0.0,4.0,North,2016/2017,TOMOANA ROAD,WILLIAMS ST,Non-Injury Crash,No,2017,South,0.0,0.0,Flat,0.0,,0.0,0.0,Overcast,1484000.0,0.0,0.0,0.0,2.0,0.0,1.0,,Hawke's Bay Region,Nil,2-way,Sealed,0.0,0.0,0.0,50.0,0.0,Off,0.0,0.0,,30.0,Hastings District,Unknown,0.0,0.0,0.0,0.0,0.0,0.0,Urban,0.0,0.0,0.0,Fine
223209,1929993.0,5604885.0,548200.0,0.0,0.0,1.0,Null,2002/2003,KARAMU ROAD NORTH,QUEEN ST EAST,Non-Injury Crash,No,2002,South,0.0,,Flat,,,,,Bright sun,1492800.0,0.0,0.0,0.0,3.0,0.0,,,Hawke's Bay Region,Nil,2-way,Sealed,0.0,0.0,,50.0,,Null,0.0,0.0,,30.0,Hastings District,Traffic Signals,,,,,1.0,0.0,Urban,0.0,,,Fine
46054,1923352.0,5610218.0,545710.0,0.0,0.0,2.0,Null,2000/2001,SH 50,OMAHU ROAD,Non-Injury Crash,Yes,2000,North,0.0,,Flat,,,,,Bright sun,1470500.0,0.0,0.0,0.0,3.0,0.0,,,Hawke's Bay Region,Nil,2-way,Sealed,0.0,0.0,,100.0,,Null,0.0,0.0,,30.0,Hastings District,Give way,,,,,0.0,0.0,Open,0.0,,,Fine
342645,1935454.0,5651311.0,545911.0,0.0,0.0,1.0,South,2006/2007,SH 2,WAIKOAU ROAD,Non-Injury Crash,Yes,2007,South,0.0,0.0,Flat,0.0,,0.0,0.0,Overcast,1415400.0,0.0,0.0,0.0,2.0,0.0,0.0,,Hawke's Bay Region,Nil,2-way,Sealed,0.0,0.0,0.0,100.0,0.0,Null,0.0,0.0,,30.0,Hastings District,Nil,0.0,0.0,0.0,0.0,0.0,0.0,Open,0.0,0.0,0.0,Heavy rain
70003,1925558.0,5626960.0,545821.0,0.0,0.0,1.0,East,2007/2008,SEAFIELD ROAD,PUKETITIRI ROAD,Non-Injury Crash,No,2007,West,0.0,,Hill Road,,,,,Twilight,1410801.0,0.0,0.0,0.0,2.0,0.0,,,Hawke's Bay Region,Nil,2-way,Sealed,0.0,0.0,,100.0,,None,0.0,0.0,,30.0,Hastings District,Nil,,,,,0.0,0.0,Open,0.0,,,Fine
661108,1929304.0,5603477.0,548300.0,0.0,0.0,1.0,West,2011/2012,MURDOCH ROAD EAST,RIVERSLEA ROAD SOUTH,Non-Injury Crash,No,2011,South,0.0,,Flat,,,,,Overcast,1503800.0,0.0,0.0,0.0,2.0,0.0,,,Hawke's Bay Region,Nil,2-way,Sealed,0.0,0.0,,50.0,,Null,0.0,0.0,,30.0,Hastings District,Nil,,,,,1.0,0.0,Urban,0.0,,,Fine
266505,1931210.0,5604153.0,548100.0,0.0,0.0,1.0,East,2016/2017,TERRACE ROAD,HAIG ST,Non-Injury Crash,No,2016,West,0.0,0.0,Flat,0.0,,0.0,0.0,Dark,1500100.0,0.0,0.0,0.0,2.0,0.0,0.0,,Hawke's Bay Region,Nil,2-way,Sealed,0.0,0.0,0.0,50.0,0.0,On,0.0,0.0,,30.0,Hastings District,Unknown,0.0,0.0,0.0,1.0,0.0,0.0,Urban,0.0,0.0,0.0,Fine
540884,1924306.1722,5608278.073,548611.0,0.0,0.0,1.0,North,2019/2020,KIRKWOOD ROAD,TARBET STREET,Non-Injury Crash,No,2020,South,0.0,0.0,Flat,0.0,,0.0,0.0,Dark,1469708.0,0.0,0.0,0.0,2.0,0.0,0.0,,Hawke's Bay Region,Nil,2-way,Sealed,0.0,0.0,0.0,50.0,0.0,On,0.0,0.0,,30.0,Hastings District,Unknown,0.0,0.0,0.0,1.0,0.0,0.0,Urban,0.0,0.0,0.0,Fine
307689,1928026.0,5606100.0,548500.0,0.0,0.0,2.0,East,2002/2003,LOWE ST,SUNNYBANK CRESCENT,Non-Injury Crash,No,2003,East,0.0,1.0,Flat,0.0,,0.0,0.0,Overcast,1479600.0,0.0,0.0,0.0,2.0,0.0,0.0,,Hawke's Bay Region,Nil,2-way,Sealed,0.0,0.0,0.0,50.0,0.0,Null,0.0,0.0,,30.0,Hastings District,Nil,0.0,0.0,0.0,0.0,0.0,0.0,Urban,0.0,0.0,0.0,Light rain
697889,1930510.0,5604594.0,548100.0,0.0,0.0,2.0,Null,2000/2001,ST AUBYN ST EAST,WILLOWPARK ROAD NORTH,Non-Injury Crash,No,2001,West,0.0,,Flat,,,,,Bright sun,1500800.0,0.0,0.0,0.0,2.0,0.0,,,Hawke's Bay Region,Nil,2-way,Sealed,0.0,0.0,,50.0,,Null,0.0,0.0,,30.0,Hastings District,Give way,,,,,0.0,0.0,Urban,0.0,,,Fine
384839,1934364.0,5600097.0,548833.0,0.0,0.0,1.0,South,2007/2008,TE MATA PEAK ROAD,GREENWOOD ROAD,Minor Crash,No,2008,North,0.0,0.0,Hill Road,0.0,,0.0,1.0,Dark,1466710.0,1.0,0.0,0.0,2.0,0.0,0.0,,Hawke's Bay Region,Nil,2-way,Sealed,0.0,0.0,0.0,100.0,0.0,None,0.0,0.0,,30.0,Hastings District,Nil,0.0,0.0,0.0,0.0,0.0,0.0,Open,0.0,0.0,0.0,Fine
402215,1928871.0,5606168.0,547700.0,1.0,0.0,1.0,West,2008/2009,HERETAUNGA ST WEST,STORTFORD ST,Minor Crash,No,2009,West,0.0,,Flat,,,,,Bright sun,1486600.0,1.0,0.0,0.0,2.0,0.0,,,Hawke's Bay Region,Nil,2-way,Sealed,0.0,0.0,,50.0,,Null,0.0,0.0,,30.0,Hastings District,Nil,,,,,0.0,0.0,Urban,0.0,,,Fine
142826,1929816.0,5605122.0,548200.0,0.0,0.0,1.0,West,2005/2006,QUEEN ST WEST,MARKET ST NORTH,Minor Crash,No,2005,East,0.0,,Flat,,,,,Bright sun,1491300.0,1.0,0.0,0.0,2.0,0.0,,1.0,Hawke's Bay Region,Nil,2-way,Sealed,0.0,0.0,,50.0,,Null,0.0,0.0,,30.0,Hastings District,Nil,,,,,0.0,0.0,Urban,0.0,,,Fine
358355,1924326.0,5607891.0,548611.0,0.0,0.0,2.0,East,2009/2010,PEARY PLACE,PEARY CRESCENT,Non-Injury Crash,No,2010,East,0.0,1.0,Flat,0.0,,1.0,0.0,Dark,1470316.0,0.0,0.0,0.0,2.0,0.0,0.0,,Hawke's Bay Region,Nil,2-way,Sealed,0.0,0.0,0.0,50.0,0.0,On,0.0,0.0,,30.0,Hastings District,Nil,0.0,0.0,0.0,0.0,0.0,0.0,Urban,0.0,0.0,0.0,Fine
535633,1929657.0,5605330.0,548200.0,0.0,0.0,2.0,Null,2006/2007,NELSON ST NORTH,QUEEN ST WEST,Non-Injury Crash,No,2006,East,0.0,,Flat,,,,,Overcast,1490800.0,0.0,0.0,0.0,2.0,0.0,,,Hawke's Bay Region,Nil,2-way,Sealed,0.0,0.0,,50.0,,Null,0.0,0.0,,30.0,Hastings District,Give way,,,,,0.0,0.0,Urban,0.0,,,Light rain
229656,1929851.0,5605275.0,548200.0,0.0,0.0,3.0,Null,2003/2004,KING ST NORTH,AVENUE ROAD WEST,Non-Injury Crash,No,2004,North,0.0,,Flat,,,,,Bright sun,1490900.0,0.0,0.0,0.0,2.0,0.0,,,Hawke's Bay Region,Nil,2-way,Sealed,0.0,0.0,,50.0,,Null,0.0,0.0,,30.0,Hastings District,Give way,,,,,0.0,0.0,Urban,0.0,,,Fine
135813,1930658.0,5604394.0,548100.0,0.0,0.0,2.0,Null,2007/2008,ST AUBYN ST EAST,RIVERSLEA ROAD NORTH,Minor Crash,No,2007,East,0.0,,Flat,,,,,Bright sun,1500900.0,1.0,0.0,0.0,2.0,0.0,,,Hawke's Bay Region,Nil,2-way,Sealed,0.0,0.0,,50.0,,Null,0.0,0.0,,30.0,Hastings District,Stop,,,,,0.0,0.0,Urban,1.0,,,Fine
292423,1928251.0,5606319.0,548500.0,0.0,0.0,1.0,North,2001/2002,ORCHARD ROAD,MCLEOD ST,Non-Injury Crash,No,2002,West,0.0,,Flat,,,,,Bright sun,1478700.0,0.0,0.0,0.0,2.0,0.0,,,Hawke's Bay Region,Nil,2-way,Sealed,0.0,0.0,,50.0,,Null,0.0,0.0,,30.0,Hastings District,Nil,,,,,0.0,0.0,Urban,1.0,,,Fine
94566,1932052.0,5602369.0,545721.0,0.0,0.0,2.0,South,2017/2018,HAVELOCK ROAD,ST ANDREWS ROAD,Non-Injury Crash,No,2017,North,0.0,,Flat,,,,,Bright sun,1473000.0,0.0,0.0,0.0,2.0,0.0,,,Hawke's Bay Region,Nil,2-way,Sealed,0.0,0.0,,70.0,,Null,0.0,0.0,,30.0,Hastings District,Nil,,,,,0.0,0.0,Urban,0.0,,,Fine
197624,1927652.0804,5602610.5745,545761.0,0.0,0.0,1.0,Null,2018/2019,RAILWAY ROAD SOUTH,DAVIS ROAD,Non-Injury Crash,No,2019,North,0.0,,Flat,,,,,Dark,1469000.0,0.0,0.0,0.0,2.0,0.0,,,Hawke's Bay Region,Nil,2-way,Sealed,0.0,0.0,,100.0,,None,0.0,0.0,,30.0,Hastings District,Stop,,,,,0.0,0.0,Open,0.0,,,Fine
686188,1931613.0,5608421.0,545710.0,0.0,0.0,2.0,Null,2007/2008,PAKOWHAI ROAD,ELWOOD ROAD,Non-Injury Crash,No,2008,South,0.0,,Flat,,,,,Bright sun,1471100.0,0.0,0.0,0.0,2.0,0.0,,,Hawke's Bay Region,Nil,2-way,Sealed,0.0,0.0,,100.0,,Null,0.0,0.0,,30.0,Hastings District,Give way,,,,,0.0,0.0,Open,0.0,,,Fine
583332,1927123.0,5607790.0,545710.0,0.0,0.0,0.0,West,2015/2016,OMAHU ROAD,WILSON ROAD,Non-Injury Crash,No,2015,West,0.0,,Flat,,,,,Overcast,1471000.0,0.0,0.0,0.0,2.0,0.0,,,Hawke's Bay Region,Nil,2-way,Sealed,0.0,0.0,,50.0,,Null,0.0,0.0,,30.0,Hastings District,Unknown,,,,,1.0,0.0,Urban,1.0,,,Light rain
585761,1928327.0,5605244.0,547900.0,0.0,0.0,1.0,Null,2004/2005,FLORENCE ST,GORDON ROAD,Non-Injury Crash,No,2004,North,0.0,1.0,Flat,0.0,,1.0,0.0,Dark,1480303.0,0.0,0.0,0.0,2.0,0.0,0.0,,Hawke's Bay Region,Nil,2-way,Sealed,0.0,0.0,0.0,50.0,0.0,On,0.0,0.0,,30.0,Hastings District,Nil,0.0,1.0,0.0,0.0,0.0,0.0,Urban,0.0,0.0,0.0,Fine
228690,1929922.5946,5604979.9428,548200.0,0.0,0.0,1.0,South,2018/2019,QUEEN STREET EAST,RUSSELL STREET NORTH,Minor Crash,No,2019,South,0.0,0.0,Flat,0.0,,0.0,0.0,Dark,1492200.0,1.0,0.0,0.0,2.0,0.0,1.0,,Hawke's Bay Region,Nil,2-way,Sealed,0.0,0.0,0.0,50.0,0.0,On,0.0,0.0,,30.0,Hastings District,Unknown,0.0,0.0,0.0,0.0,0.0,0.0,Urban,1.0,0.0,0.0,Fine
222719,1927735.0,5606419.0,548500.0,0.0,0.0,1.0,North,2002/2003,HUIA ST,LOWE ST,Non-Injury Crash,No,2003,South,0.0,0.0,Flat,0.0,,0.0,0.0,Dark,1479300.0,0.0,0.0,0.0,2.0,0.0,0.0,,Hawke's Bay Region,Nil,2-way,Sealed,0.0,0.0,0.0,50.0,0.0,On,0.0,0.0,,30.0,Hastings District,Nil,1.0,0.0,0.0,0.0,0.0,0.0,Urban,0.0,0.0,0.0,Fine
100918,1924496.0,5607731.0,548612.0,0.0,0.0,1.0,East,2013/2014,RALEIGH PLACE,RALEIGH ST,Non-Injury Crash,No,2014,South,0.0,,Flat,,,,,Bright sun,1474110.0,0.0,0.0,0.0,2.0,0.0,,,Hawke's Bay Region,Nil,2-way,Sealed,0.0,0.0,,50.0,,Null,0.0,0.0,,30.0,Hastings District,Unknown,,,,,1.0,0.0,Urban,0.0,,,Fine
314254,1929179.0,5605159.0,548200.0,1.0,0.0,1.0,Null,2000/2001,SOUTHAMPTON ST WEST,SOUTHLAND ROAD,Non-Injury Crash,No,2000,North,0.0,,Flat,,,,,Bright sun,1488600.0,0.0,0.0,0.0,2.0,0.0,,,Hawke's Bay Region,Nil,2-way,Sealed,0.0,0.0,,50.0,,Null,0.0,0.0,,30.0,Hastings District,Give way,,,,,0.0,0.0,Urban,0.0,,,Fine
196683,1928248.0,5604448.0,547900.0,0.0,0.0,1.0,Null,2001/2002,SOUTHLAND ROAD,MURDOCH ROAD WEST,Non-Injury Crash,No,2002,South,0.0,1.0,Flat,0.0,,0.0,0.0,Dark,1469201.0,0.0,0.0,0.0,2.0,0.0,0.0,,Hawke's Bay Region,Nil,2-way,Sealed,0.0,0.0,0.0,50.0,0.0,On,0.0,0.0,,30.0,Hastings District,Give way,0.0,0.0,0.0,0.0,0.0,0.0,Urban,0.0,0.0,0.0,Fine
625750,1930263.0,5605088.0,548200.0,0.0,0.0,2.0,South,2000/2001,KARAMU ROAD NORTH,ELLISON ROAD,Non-Injury Crash,No,2000,East,0.0,,Flat,,Christmas New Year,,,Bright sun,1494100.0,0.0,0.0,0.0,2.0,0.0,,,Hawke's Bay Region,Nil,2-way,Sealed,0.0,0.0,,50.0,,Null,0.0,0.0,,30.0,Hastings District,Nil,,,,,0.0,0.0,Urban,0.0,,,Fine
73609,1933836.0,5604282.0,545750.0,0.0,0.0,2.0,North,1999/2000,NAPIER ROAD,THOMPSON ROAD,Minor Crash,No,2000,North,0.0,,Flat,,,,,Dark,1406702.0,1.0,0.0,0.0,2.0,0.0,,,Hawke's Bay Region,Nil,2-way,Sealed,0.0,0.0,,100.0,,None,0.0,0.0,,30.0,Hastings District,Nil,,,,,0.0,0.0,Open,0.0,,,Fine
453892,1928025.0,5605680.0,547900.0,0.0,0.0,1.0,North,2001/2002,MARAEKAKAHO ROAD,GORDON ROAD,Non-Injury Crash,No,2002,South,0.0,,Flat,,,,,Bright sun,1479900.0,0.0,0.0,0.0,2.0,0.0,,,Hawke's Bay Region,Nil,2-way,Sealed,0.0,0.0,,50.0,,Null,0.0,0.0,,30.0,Hastings District,Nil,,,,,0.0,0.0,Urban,1.0,,,Fine
581232,1930465.0,5606390.0,547600.0,0.0,0.0,2.0,South,2002/2003,TOMOANA ROAD,FREDERICK ST,Non-Injury Crash,No,2003,North,0.0,,Flat,,,,,Bright sun,1483700.0,0.0,0.0,0.0,2.0,0.0,,,Hawke's Bay Region,Nil,2-way,Sealed,0.0,0.0,,50.0,,Null,0.0,0.0,,30.0,Hastings District,Nil,,,,,0.0,0.0,Urban,0.0,,,Fine
690662,1931637.0,5605925.0,548000.0,0.0,0.0,1.0,South,2009/2010,KARAMU ROAD NORTH,KENILWORTH ROAD,Non-Injury Crash,No,2010,North,0.0,,Flat,,,,,Bright sun,1496700.0,0.0,0.0,1.0,2.0,0.0,,,Hawke's Bay Region,Nil,2-way,Sealed,0.0,0.0,,50.0,,Null,0.0,0.0,,30.0,Hastings District,Nil,,,,,0.0,0.0,Urban,0.0,,,Fine
498672,1930955.0,5604932.0,548200.0,0.0,0.0,2.0,South,2002/2003,WILLOWPARK ROAD NORTH,JERVOIS ST,Non-Injury Crash,No,2002,North,0.0,,Flat,,,,,Dark,1495200.0,0.0,0.0,0.0,2.0,0.0,,,Hawke's Bay Region,Nil,2-way,Sealed,0.0,0.0,,50.0,,On,0.0,0.0,,30.0,Hastings District,Nil,,,,,0.0,0.0,Urban,0.0,,,Fine