OBJECTID,X,Y,areaUnitID,bicycle,bus,carStationWagon,crashDirectionDescription,crashFinancialYear,crashLocation1,crashLocation2,crashSeverity,crashSHDescription,crashYear,directionRoleDescription,fatalCount,fence,flatHill,guardRail,holiday,houseOrBuilding,kerb,light,meshblockId,minorInjuryCount,moped,motorcycle,NumberOfLanes,otherVehicleType,parkedVehicle,pedestrian,region,roadCharacter,roadLane,roadSurface,schoolBus,seriousInjuryCount,slipOrFlood,speedLimit,strayAnimal,streetLight,suv,taxi,temporarySpeedLimit,tlaId,tlaName,trafficControl,trafficIsland,trafficSign,train,tree,truck,unknownVehicleType,urban,vanOrUtility,vehicle,waterRiver,weatherA
480826,1924622.0,5607294.0,548612.0,0.0,0.0,1.0,West,2010/2011,CHATHAM ROAD,CAERNARVON DRIVE,Non-Injury Crash,No,2010,West,0.0,0.0,Flat,0.0,,0.0,0.0,Dark,1474400.0,0.0,0.0,0.0,2.0,0.0,1.0,,Hawke's Bay Region,Nil,2-way,Sealed,0.0,0.0,0.0,50.0,0.0,On,0.0,0.0,,30.0,Hastings District,Nil,0.0,0.0,0.0,0.0,1.0,0.0,Urban,0.0,0.0,0.0,Fine
586886,1908140.0,5675709.0,545911.0,0.0,0.0,2.0,South,2003/2004,SH 5,RUATITI BR,Serious Crash,Yes,2003,South,0.0,,Flat,,,,,Overcast,1281200.0,0.0,0.0,0.0,2.0,0.0,,,Hawke's Bay Region,Nil,2-way,Sealed,0.0,3.0,,100.0,,Null,0.0,0.0,,30.0,Hastings District,Nil,,,,,0.0,0.0,Open,0.0,,,Fine
201009,1922683.0,5604243.0,545842.0,0.0,0.0,1.0,East,2001/2002,MARAEKAKAHO ROAD,HIGBEE ROAD,Minor Crash,No,2002,East,0.0,,Flat,,,,,Bright sun,1470211.0,1.0,0.0,0.0,2.0,0.0,,,Hawke's Bay Region,Nil,2-way,Sealed,0.0,0.0,,50.0,,Null,0.0,0.0,,30.0,Hastings District,Nil,,,,,0.0,0.0,Urban,1.0,,,Fine
698983,1930348.0,5605005.0,548200.0,0.0,0.0,0.0,Null,2008/2009,WARREN ST NORTH,WARREN ST,Minor Crash,No,2009,North,0.0,,Flat,,,,,Overcast,1494400.0,1.0,0.0,0.0,2.0,0.0,,,Hawke's Bay Region,Nil,2-way,Sealed,0.0,0.0,,50.0,,Null,0.0,0.0,,30.0,Hastings District,Give way,,,,,1.0,0.0,Urban,1.0,,,Heavy rain
45738,1928095.0,5600892.0,545852.0,0.0,0.0,1.0,West,2016/2017,TE AUTE ROAD,LONGLANDS ROAD EAST,Serious Crash,No,2017,East,0.0,0.0,Flat,0.0,,0.0,0.0,Dark,1465700.0,0.0,0.0,0.0,2.0,0.0,0.0,,Hawke's Bay Region,Nil,2-way,Sealed,0.0,1.0,0.0,100.0,0.0,None,0.0,0.0,,30.0,Hastings District,Unknown,0.0,0.0,0.0,0.0,0.0,0.0,Open,0.0,0.0,0.0,Fine
375933,1927330.0,5635713.0,545811.0,0.0,0.0,0.0,South,2009/2010,SH 5,BEATTIE ROAD,Minor Crash,Yes,2009,South,0.0,0.0,Flat,0.0,Christmas New Year,0.0,0.0,Twilight,1414700.0,1.0,0.0,0.0,2.0,0.0,0.0,,Hawke's Bay Region,Nil,2-way,Sealed,0.0,0.0,0.0,100.0,0.0,None,1.0,0.0,,30.0,Hastings District,Nil,0.0,0.0,0.0,0.0,0.0,0.0,Open,0.0,0.0,0.0,Fine
375584,1927679.0,5607006.0,548500.0,0.0,0.0,0.0,Null,2005/2006,ORCHARD ROAD,STONYCROFT ST,Non-Injury Crash,No,2005,South,0.0,1.0,Flat,0.0,,0.0,0.0,Dark,1477900.0,0.0,0.0,0.0,2.0,0.0,0.0,,Hawke's Bay Region,Nil,2-way,Sealed,0.0,0.0,0.0,50.0,0.0,On,0.0,0.0,,30.0,Hastings District,Nil,1.0,0.0,0.0,0.0,0.0,0.0,Urban,1.0,0.0,0.0,Fine
186371,1925910.0,5606882.0,548620.0,0.0,0.0,2.0,Null,2007/2008,FOLKSTONE DRIVE,DEAL CRESCENT,Non-Injury Crash,No,2007,West,0.0,0.0,Flat,0.0,,0.0,0.0,Overcast,1476200.0,0.0,0.0,0.0,2.0,0.0,1.0,,Hawke's Bay Region,Nil,2-way,Sealed,0.0,0.0,0.0,50.0,0.0,Null,0.0,0.0,,30.0,Hastings District,Nil,0.0,0.0,0.0,0.0,0.0,0.0,Urban,0.0,0.0,0.0,Fine
409875,1930375.0,5605158.0,548200.0,0.0,0.0,1.0,Null,2008/2009,KARAMU ROAD NORTH,VICTORIA ST,Non-Injury Crash,No,2009,North,0.0,,Flat,,,,,Bright sun,1494100.0,0.0,0.0,0.0,2.0,0.0,,,Hawke's Bay Region,Nil,2-way,Sealed,0.0,0.0,,50.0,,Null,0.0,0.0,,30.0,Hastings District,Give way,,,,,0.0,0.0,Urban,1.0,,,Fine
242715,1925203.0,5606850.0,548620.0,0.0,0.0,2.0,South,2005/2006,SWANSEA ROAD,HENDERSON ROAD,Non-Injury Crash,No,2006,North,0.0,0.0,Flat,0.0,,0.0,0.0,Bright sun,1473700.0,0.0,0.0,0.0,2.0,0.0,1.0,,Hawke's Bay Region,Nil,2-way,Sealed,0.0,0.0,0.0,50.0,0.0,Null,0.0,0.0,,30.0,Hastings District,Nil,0.0,0.0,0.0,0.0,0.0,0.0,Urban,1.0,0.0,0.0,Fine
130260,1930969.0,5604173.0,548100.0,1.0,0.0,1.0,Null,2004/2005,PARK ROAD NORTH,ELLISON ROAD,Minor Crash,No,2005,North,0.0,,Flat,,,,,Bright sun,1499300.0,1.0,0.0,0.0,2.0,0.0,,,Hawke's Bay Region,Nil,2-way,Sealed,0.0,0.0,,50.0,,Null,0.0,0.0,,30.0,Hastings District,Nil,,,,,0.0,0.0,Urban,0.0,,,Fine
369826,1918044.0,5648846.0,545911.0,0.0,0.0,1.0,East,2016/2017,SH 5,TE POHUE HOTEL,Minor Crash,Yes,2017,East,0.0,,Hill Road,,Christmas New Year,,,Overcast,1415900.0,1.0,0.0,0.0,2.0,0.0,,,Hawke's Bay Region,Nil,2-way,Sealed,0.0,0.0,,100.0,,Null,0.0,0.0,,30.0,Hastings District,Unknown,,,,,0.0,0.0,Open,0.0,,,Light rain
166367,1929560.0,5605258.0,548200.0,0.0,0.0,2.0,Null,2016/2017,NELSON ST SOUTH,HERETAUNGA ST WEST,Non-Injury Crash,No,2016,North,0.0,,Flat,,,,,Dark,1490100.0,0.0,0.0,0.0,2.0,0.0,,,Hawke's Bay Region,Nil,2-way,Sealed,0.0,0.0,,50.0,,On,0.0,0.0,,30.0,Hastings District,Traffic Signals,,,,,0.0,0.0,Urban,0.0,,,Fine
579606,1936517.0,5654466.0,545911.0,0.0,0.0,2.0,North,2007/2008,SH 2,MATAHORUA ROAD,Minor Crash,Yes,2008,North,0.0,0.0,Flat,0.0,,0.0,0.0,Overcast,1415200.0,1.0,0.0,0.0,2.0,0.0,0.0,,Hawke's Bay Region,Nil,2-way,Sealed,0.0,0.0,0.0,100.0,0.0,Null,0.0,0.0,,30.0,Hastings District,Nil,0.0,0.0,0.0,0.0,0.0,0.0,Open,0.0,0.0,0.0,Fine
352300,1932274.0,5609028.0,545721.0,0.0,0.0,1.0,Null,2006/2007,PAKOWHAI ROAD,RUAHAPIA ROAD,Non-Injury Crash,No,2007,West,0.0,1.0,Flat,0.0,,0.0,0.0,Dark,1471600.0,0.0,0.0,0.0,2.0,0.0,0.0,,Hawke's Bay Region,Nil,2-way,Sealed,0.0,0.0,0.0,100.0,0.0,On,0.0,0.0,,30.0,Hastings District,Give way,0.0,0.0,0.0,1.0,0.0,0.0,Open,0.0,0.0,0.0,Mist or Fog
367437,1925247.0,5606512.0,548620.0,0.0,0.0,2.0,Null,2003/2004,PETERHEAD AVENUE,BRISTOL CRESCENT,Non-Injury Crash,No,2003,East,0.0,,Flat,,,,,Dark,1474700.0,0.0,0.0,0.0,2.0,0.0,,,Hawke's Bay Region,Nil,2-way,Sealed,0.0,0.0,,50.0,,On,0.0,0.0,,30.0,Hastings District,Nil,,,,,0.0,0.0,Urban,0.0,,,Fine
587075,1919658.0,5643943.0,545811.0,0.0,0.0,1.0,South,1999/2000,SH 5,MCALLISTER ENT,Non-Injury Crash,Yes,2000,South,0.0,0.0,Flat,0.0,,0.0,0.0,Overcast,1414600.0,0.0,0.0,0.0,2.0,0.0,0.0,,Hawke's Bay Region,Nil,2-way,Sealed,0.0,0.0,0.0,100.0,0.0,Null,0.0,0.0,,30.0,Hastings District,Nil,0.0,0.0,0.0,0.0,0.0,0.0,Open,0.0,0.0,0.0,Light rain
407076,1928149.0,5606892.0,547800.0,0.0,0.0,1.0,East,2003/2004,OMAHU ROAD,NOTTINGLEY ROAD,Non-Injury Crash,No,2003,East,0.0,,Flat,,Christmas New Year,,,Overcast,1476800.0,0.0,0.0,0.0,2.0,0.0,,,Hawke's Bay Region,Nil,2-way,Sealed,0.0,0.0,,50.0,,Null,0.0,0.0,,30.0,Hastings District,Nil,,,,,1.0,0.0,Urban,0.0,,,Light rain
162044,1929341.0,5606184.0,547700.0,0.0,0.0,1.0,East,2010/2011,ST AUBYN ST WEST,BRUNSWICK ST,Non-Injury Crash,No,2011,North,0.0,,Flat,,,,,Bright sun,1486400.0,0.0,0.0,0.0,2.0,0.0,,,Hawke's Bay Region,Nil,2-way,Sealed,0.0,0.0,,50.0,,Null,0.0,0.0,,30.0,Hastings District,Nil,,,,,0.0,0.0,Urban,1.0,,,Fine
583556,1934707.0,5643970.0,545811.0,0.0,0.0,1.0,South,2000/2001,SH 2,TANGOIO SETTLEMENT ROAD N,Non-Injury Crash,Yes,2000,East,0.0,0.0,Flat,0.0,Christmas New Year,0.0,0.0,Bright sun,1415600.0,0.0,0.0,0.0,2.0,0.0,0.0,,Hawke's Bay Region,Nil,2-way,Sealed,0.0,0.0,0.0,100.0,0.0,Null,0.0,0.0,,30.0,Hastings District,Nil,0.0,0.0,0.0,0.0,0.0,0.0,Open,0.0,0.0,0.0,Fine
538741,1924362.0,5609242.0,545710.0,0.0,0.0,0.0,Null,2017/2018,OMAHU ROAD,KIRKWOOD ROAD,Non-Injury Crash,No,2017,West,0.0,,Flat,,,,,Bright sun,1470600.0,0.0,0.0,0.0,2.0,1.0,,,Hawke's Bay Region,Nil,2-way,Sealed,0.0,0.0,,70.0,,Null,0.0,0.0,,30.0,Hastings District,Give way,,,,,1.0,0.0,Urban,0.0,,,Fine
1462,1920147.0,5628210.0,545821.0,0.0,0.0,1.0,North,2015/2016,PUKETITIRI ROAD,SOLDIERS SETTLEMENT ROAD,Minor Crash,No,2015,South,0.0,0.0,Flat,0.0,,0.0,0.0,Dark,1412300.0,1.0,0.0,0.0,2.0,0.0,0.0,,Hawke's Bay Region,Nil,2-way,Sealed,0.0,0.0,0.0,100.0,0.0,None,0.0,0.0,,30.0,Hastings District,Unknown,0.0,0.0,0.0,0.0,0.0,0.0,Open,0.0,0.0,0.0,Fine
229173,1907728.7891,5676933.0415,545911.0,0.0,0.0,1.0,North,2018/2019,005-0190,POHOKURA ROAD EAST,Non-Injury Crash,Yes,2018,South,0.0,1.0,Flat,0.0,,0.0,0.0,Overcast,1281200.0,0.0,0.0,0.0,2.0,0.0,0.0,,Hawke's Bay Region,Nil,2-way,Sealed,0.0,0.0,0.0,100.0,0.0,None,0.0,0.0,,30.0,Hastings District,Unknown,0.0,0.0,0.0,0.0,0.0,0.0,Open,0.0,0.0,0.0,Fine
198032,1930341.0,5604822.0,548200.0,1.0,0.0,0.0,Null,2015/2016,ST AUBYN ST EAST,HASTINGS ST NORTH,Non-Injury Crash,No,2016,South,0.0,,Flat,,,,,Bright sun,1494400.0,0.0,0.0,0.0,2.0,0.0,,,Hawke's Bay Region,Nil,2-way,Sealed,0.0,0.0,,50.0,,Null,0.0,0.0,,30.0,Hastings District,Give way,,,,,0.0,0.0,Urban,1.0,,,Fine
101574,1927605.0,5607453.0,548400.0,0.0,0.0,1.0,Null,2006/2007,OMAHU ROAD,SH 50A,Non-Injury Crash,Yes,2007,South,0.0,,Flat,,,,,Bright sun,1473600.0,0.0,0.0,0.0,4.0,0.0,,,Hawke's Bay Region,Nil,2-way,Sealed,0.0,0.0,,100.0,,Null,0.0,0.0,,30.0,Hastings District,Give way,,,,,1.0,0.0,Open,0.0,,,Fine
242025,1929993.0,5604885.0,548200.0,0.0,0.0,3.0,Null,2008/2009,KARAMU ROAD,QUEEN ST EAST,Non-Injury Crash,No,2008,East,0.0,,Flat,,,,,Overcast,1492800.0,0.0,0.0,0.0,2.0,0.0,,,Hawke's Bay Region,Nil,2-way,Sealed,0.0,0.0,,50.0,,Null,0.0,0.0,,30.0,Hastings District,Traffic Signals,,,,,0.0,0.0,Urban,1.0,,,Fine
251968,1935967.0,5610727.0,545730.0,0.0,0.0,1.0,Null,2016/2017,MILL ROAD,SH 2,Non-Injury Crash,Yes,2016,North,0.0,,Flat,,,,,Bright sun,1404700.0,0.0,0.0,0.0,2.0,0.0,,,Hawke's Bay Region,Nil,2-way,Sealed,0.0,0.0,,50.0,,Null,1.0,0.0,,30.0,Hastings District,Give way,,,,,0.0,0.0,Urban,0.0,,,Fine
322672,1928539.0,5606008.0,547700.0,0.0,0.0,1.0,South,2015/2016,SOUTHAMPTON ST WEST,MARAEKAKAHO ROAD,Non-Injury Crash,No,2015,South,0.0,1.0,Flat,0.0,,0.0,0.0,Bright sun,1486500.0,0.0,0.0,0.0,2.0,0.0,0.0,,Hawke's Bay Region,Nil,2-way,Sealed,0.0,0.0,0.0,50.0,0.0,Null,0.0,0.0,,30.0,Hastings District,Unknown,0.0,0.0,0.0,0.0,0.0,0.0,Urban,0.0,0.0,0.0,Fine
722006,1906221.0,5601378.0,545841.0,0.0,0.0,0.0,South,2002/2003,SH 50,SALISBURY ROAD,Minor Crash,Yes,2002,North,0.0,1.0,Hill Road,0.0,,0.0,0.0,Dark,1462600.0,1.0,0.0,0.0,2.0,0.0,0.0,,Hawke's Bay Region,Nil,2-way,Sealed,0.0,0.0,0.0,100.0,0.0,None,0.0,0.0,,30.0,Hastings District,Nil,0.0,0.0,0.0,0.0,0.0,0.0,Open,1.0,0.0,0.0,Fine
77717,1929878.0,5605947.0,547700.0,0.0,0.0,2.0,Null,2017/2018,TOMOANA ROAD,FITZROY AVENUE,Non-Injury Crash,No,2017,South,0.0,,Flat,,,,,Overcast,1488400.0,0.0,0.0,0.0,2.0,0.0,,,Hawke's Bay Region,Nil,2-way,Sealed,0.0,0.0,,50.0,,Null,0.0,0.0,,30.0,Hastings District,Stop,,,,,0.0,0.0,Urban,0.0,,,Light rain
451440,1914923.0,5615168.0,545821.0,0.0,0.0,0.0,West,2000/2001,MATAPIRO ROAD,CROWNTHORPE SETTLEMENT RO,Non-Injury Crash,No,2001,East,0.0,0.0,Hill Road,0.0,,0.0,0.0,Dark,1410400.0,0.0,0.0,0.0,2.0,0.0,0.0,,Hawke's Bay Region,Nil,2-way,Sealed,0.0,0.0,0.0,100.0,0.0,None,0.0,0.0,,30.0,Hastings District,Nil,0.0,0.0,0.0,0.0,0.0,0.0,Open,1.0,0.0,0.0,Light rain
101094,1919696.0,5604747.0,545841.0,0.0,0.0,1.0,West,2018/2019,MARAEKAKAHO ROAD,RAUKAWA ROAD,Minor Crash,No,2018,West,0.0,,Flat,,,,,Bright sun,1462901.0,1.0,0.0,0.0,2.0,0.0,,,Hawke's Bay Region,Nil,2-way,Sealed,0.0,0.0,,100.0,,Null,0.0,0.0,,30.0,Hastings District,Nil,,,,,1.0,0.0,Open,0.0,,,Fine
505013,1929090.0,5605275.0,548200.0,1.0,0.0,1.0,Null,2012/2013,SOUTHAMPTON ST WEST,CHARLES ST,Minor Crash,No,2013,South,0.0,,Flat,,,,,Bright sun,1488500.0,1.0,0.0,0.0,2.0,0.0,,,Hawke's Bay Region,Nil,2-way,Sealed,0.0,0.0,,50.0,,Null,0.0,0.0,,30.0,Hastings District,Give way,,,,,0.0,0.0,Urban,0.0,,,Fine
416452,1929481.0,5603816.0,548300.0,0.0,0.0,1.0,Null,2000/2001,WILLOWPARK ROAD SOUTH,WILLOW PLACE,Non-Injury Crash,No,2001,North,0.0,1.0,Flat,0.0,,0.0,0.0,Bright sun,1503900.0,0.0,0.0,0.0,2.0,0.0,0.0,,Hawke's Bay Region,Nil,2-way,Sealed,0.0,0.0,0.0,50.0,0.0,Null,0.0,0.0,,30.0,Hastings District,Nil,0.0,0.0,0.0,0.0,0.0,0.0,Urban,0.0,0.0,0.0,Fine
173304,1929860.0,5605105.0,548200.0,0.0,0.0,2.0,North,2006/2007,MARKET ST NORTH,QUEEN ST WEST,Non-Injury Crash,No,2007,North,0.0,,Flat,,,,,Bright sun,1491300.0,0.0,0.0,0.0,2.0,0.0,,,Hawke's Bay Region,Nil,2-way,Sealed,0.0,0.0,,50.0,,Null,0.0,0.0,,30.0,Hastings District,Nil,,,,,0.0,0.0,Urban,0.0,,,Fine
87231,1933077.0,5609773.0,545832.0,0.0,0.0,0.0,East,2006/2007,FARNDON ROAD,CHESTERHOPE BRIDGE,Non-Injury Crash,No,2007,West,0.0,0.0,Flat,0.0,,0.0,0.0,Dark,1404200.0,0.0,0.0,0.0,2.0,0.0,0.0,,Hawke's Bay Region,Nil,2-way,Sealed,0.0,0.0,0.0,100.0,0.0,None,0.0,0.0,,30.0,Hastings District,Nil,0.0,0.0,0.0,0.0,0.0,0.0,Open,1.0,0.0,0.0,Fine
626212,1927296.0,5605131.0,545761.0,0.0,0.0,0.0,Null,2017/2018,YORK ROAD,MARAEKAKAHO ROAD,Non-Injury Crash,No,2018,North,0.0,0.0,Flat,0.0,,0.0,0.0,Twilight,1469905.0,0.0,0.0,0.0,2.0,0.0,0.0,,Hawke's Bay Region,Nil,2-way,Sealed,0.0,0.0,0.0,70.0,0.0,On,0.0,0.0,,30.0,Hastings District,Nil,0.0,0.0,0.0,0.0,0.0,0.0,Urban,1.0,0.0,0.0,Light rain
678696,1929477.0,5604967.0,548200.0,0.0,0.0,1.0,South,2014/2015,LYNDON ROAD WEST,KING ST SOUTH,Non-Injury Crash,No,2014,South,0.0,0.0,Flat,0.0,,0.0,0.0,Bright sun,1489600.0,0.0,0.0,0.0,2.0,0.0,1.0,,Hawke's Bay Region,Nil,2-way,Sealed,0.0,0.0,0.0,50.0,0.0,Null,0.0,0.0,,30.0,Hastings District,Unknown,0.0,0.0,0.0,0.0,0.0,0.0,Urban,1.0,0.0,0.0,Fine
423916,1929746.0,5604408.0,548200.0,0.0,0.0,3.0,North,2005/2006,SOUTHAMPTON ST EAST,HASTINGS ST SOUTH,Non-Injury Crash,No,2005,South,0.0,0.0,Flat,0.0,,0.0,0.0,Bright sun,1493000.0,0.0,0.0,0.0,4.0,0.0,1.0,,Hawke's Bay Region,Nil,2-way,Sealed,0.0,0.0,0.0,50.0,0.0,Null,0.0,0.0,,30.0,Hastings District,Nil,1.0,0.0,0.0,0.0,0.0,0.0,Urban,0.0,0.0,0.0,Fine
731001,1935991.0,5610771.0,545730.0,0.0,0.0,0.0,North,2006/2007,SH 2,MILL ROAD,Non-Injury Crash,Yes,2007,North,0.0,,Flat,,,,,Dark,1404700.0,0.0,0.0,0.0,2.0,0.0,,,Hawke's Bay Region,Nil,2-way,Sealed,0.0,0.0,,50.0,,On,0.0,0.0,,30.0,Hastings District,Nil,,,,,0.0,0.0,Urban,1.0,,,Fine
497690,1929843.5095,5605481.6149,548200.0,0.0,0.0,0.0,Null,2019/2020,ST AUBYN STREET WEST,NELSON STREET NORTH,Minor Crash,No,2020,South,0.0,0.0,Flat,0.0,,0.0,0.0,Overcast,1490300.0,1.0,0.0,0.0,4.0,0.0,0.0,,Hawke's Bay Region,Nil,2-way,Sealed,0.0,0.0,0.0,50.0,0.0,Off,1.0,0.0,,30.0,Hastings District,Traffic Signals,0.0,1.0,0.0,0.0,0.0,0.0,Urban,0.0,0.0,0.0,Fine
150704,1914017.0,5657154.0,545911.0,0.0,0.0,0.0,East,2006/2007,SH 5,MCVICAR ROAD,Serious Crash,Yes,2006,South,0.0,0.0,Hill Road,0.0,,0.0,0.0,Bright sun,1414400.0,0.0,0.0,0.0,2.0,0.0,0.0,,Hawke's Bay Region,Nil,2-way,Sealed,0.0,1.0,0.0,100.0,0.0,Null,1.0,0.0,,30.0,Hastings District,Nil,0.0,0.0,0.0,0.0,0.0,0.0,Open,0.0,0.0,0.0,Fine
679429,1931294.0,5605188.0,548000.0,1.0,0.0,0.0,Null,2008/2009,GROVE ROAD,WILLOWPARK ROAD NORTH,Minor Crash,No,2009,West,0.0,,Flat,,,,,Bright sun,1496800.0,1.0,0.0,0.0,2.0,0.0,,,Hawke's Bay Region,Nil,2-way,Sealed,0.0,0.0,,50.0,,Null,0.0,0.0,,30.0,Hastings District,Give way,,,,,0.0,0.0,Urban,1.0,,,Fine
90062,1930690.0,5606088.0,547600.0,0.0,0.0,2.0,South,2000/2001,FREDERICK ST,NELSON ST NORTH,Non-Injury Crash,No,2001,South,0.0,,Flat,,,,,Bright sun,1483500.0,0.0,0.0,0.0,2.0,0.0,,,Hawke's Bay Region,Nil,2-way,Sealed,0.0,0.0,,50.0,,Null,0.0,0.0,,30.0,Hastings District,Nil,,,,,0.0,0.0,Urban,0.0,,,Fine
391230,1929444.4098,5605608.6222,548200.0,0.0,0.0,1.0,Null,2018/2019,QUEEN STREET WEST,TOMOANA ROAD,Non-Injury Crash,No,2018,North,0.0,,Flat,,,,,Overcast,1490100.0,0.0,0.0,0.0,2.0,0.0,,,Hawke's Bay Region,Nil,2-way,Sealed,0.0,0.0,,50.0,,Null,0.0,0.0,,30.0,Hastings District,Stop,,,,,0.0,0.0,Urban,1.0,,,Fine
336833,1929851.0,5605477.0,548200.0,0.0,0.0,1.0,Null,2003/2004,NELSON ST NORTH,ST AUBYN ST WEST,Non-Injury Crash,No,2004,South,0.0,,Flat,,,,,Bright sun,1491000.0,0.0,0.0,0.0,3.0,0.0,,,Hawke's Bay Region,Nil,2-way,Sealed,0.0,0.0,,50.0,,Null,0.0,0.0,,30.0,Hastings District,Traffic Signals,,,,,0.0,0.0,Urban,1.0,,,Fine
469886,1929465.0,5604983.0,548200.0,0.0,0.0,2.0,Null,2006/2007,KING ST SOUTH,LYNDON ROAD WEST,Non-Injury Crash,No,2006,East,0.0,,Flat,,,,,Overcast,1489801.0,0.0,0.0,0.0,2.0,0.0,,,Hawke's Bay Region,Nil,2-way,Sealed,0.0,0.0,,50.0,,Null,0.0,0.0,,30.0,Hastings District,Give way,,,,,0.0,0.0,Urban,0.0,,,Light rain
540979,1929606.0,5604760.0,548200.0,0.0,0.0,2.0,Null,2006/2007,Z CPK TOWER,RAILWAY/LYNDON,Non-Injury Crash,No,2007,East,0.0,0.0,Flat,0.0,,0.0,0.0,Overcast,1489802.0,0.0,0.0,0.0,0.0,0.0,1.0,,Hawke's Bay Region,Nil,Off road,Sealed,0.0,0.0,0.0,50.0,0.0,Null,0.0,0.0,,30.0,Hastings District,Nil,0.0,0.0,0.0,0.0,0.0,0.0,Urban,0.0,0.0,0.0,Fine
479706,1929450.0,5608815.0,545710.0,0.0,0.0,1.0,Null,2003/2004,SH 50A,EVENDEN ROAD,Non-Injury Crash,Yes,2003,North,0.0,,Flat,,,,,Overcast,1471201.0,0.0,0.0,0.0,2.0,0.0,,,Hawke's Bay Region,Nil,2-way,Sealed,0.0,0.0,,100.0,,Null,0.0,0.0,,30.0,Hastings District,Give way,,,,,1.0,0.0,Open,0.0,,,Fine
127526,1924399.0,5603646.0,545842.0,0.0,0.0,0.0,Null,2008/2009,MARAEKAKAHO ROAD,STOCK ROAD,Minor Crash,No,2009,East,0.0,,Flat,,,,,Bright sun,1470213.0,1.0,0.0,0.0,2.0,0.0,,,Hawke's Bay Region,Nil,2-way,Sealed,0.0,0.0,,100.0,,Null,1.0,0.0,,30.0,Hastings District,Stop,,,,,0.0,0.0,Open,1.0,,,Fine
227100,1936396.0,5612084.0,545832.0,0.0,0.0,2.0,North,2006/2007,SH 2,FARNDON ROAD,Minor Crash,Yes,2007,North,0.0,,Flat,,,,,Bright sun,1404200.0,1.0,0.0,0.0,2.0,0.0,,,Hawke's Bay Region,Bridge,2-way,Sealed,0.0,0.0,,100.0,,Null,0.0,0.0,,30.0,Hastings District,Nil,,,,,0.0,0.0,Open,2.0,,,Fine
188652,1930724.0,5605372.0,548200.0,0.0,0.0,1.0,Null,2005/2006,KARAMU ROAD NORTH,JERVOIS ST,Serious Crash,No,2005,South,0.0,,Flat,,,,,Bright sun,1494300.0,0.0,0.0,1.0,2.0,0.0,,,Hawke's Bay Region,Nil,2-way,Sealed,0.0,1.0,,50.0,,Null,0.0,0.0,,30.0,Hastings District,Give way,,,,,0.0,0.0,Urban,0.0,,,Fine
349056,1934240.0,5607461.0,545722.0,0.0,0.0,0.0,Null,2016/2017,SH 2,PILCHER ROAD,Non-Injury Crash,Yes,2017,North,0.0,,Flat,,,,,Bright sun,1406300.0,0.0,0.0,0.0,2.0,0.0,,,Hawke's Bay Region,Nil,2-way,Sealed,0.0,0.0,,80.0,,Null,2.0,0.0,30.0,30.0,Hastings District,Give way,,,,,0.0,0.0,Open,0.0,,,Fine
186390,1909957.0,5587156.0,545851.0,0.0,0.0,0.0,West,2014/2015,TE ONEPU ROAD,SH 2,Non-Injury Crash,No,2015,West,0.0,1.0,Hill Road,0.0,Queens Birthday,0.0,0.0,Twilight,1464600.0,0.0,0.0,0.0,2.0,0.0,0.0,,Hawke's Bay Region,Nil,2-way,Sealed,0.0,0.0,0.0,100.0,0.0,None,1.0,0.0,,30.0,Hastings District,Nil,0.0,0.0,0.0,0.0,0.0,0.0,Open,0.0,0.0,0.0,Fine
467468,1930340.0,5604821.0,548200.0,0.0,0.0,2.0,Null,2001/2002,HASTINGS ST NORTH,ST AUBYN ST EAST,Minor Crash,No,2001,North,0.0,,Flat,,,,,Bright sun,1493501.0,1.0,0.0,0.0,2.0,0.0,,,Hawke's Bay Region,Nil,2-way,Sealed,0.0,0.0,,50.0,,Null,0.0,0.0,,30.0,Hastings District,Give way,,,,,0.0,0.0,Urban,0.0,,,Fine
6344,1928436.0,5603458.0,545761.0,0.0,1.0,1.0,Null,2018/2019,RAILWAY ROAD SOUTH,TOLLEMACHE ROAD WEST,Non-Injury Crash,No,2018,North,0.0,,Flat,,,,,Dark,1469100.0,0.0,0.0,0.0,2.0,0.0,,,Hawke's Bay Region,Nil,2-way,Sealed,0.0,0.0,,100.0,,None,0.0,0.0,,30.0,Hastings District,Stop,,,,,0.0,0.0,Open,0.0,,,Fine
537472,1930243.0,5607055.0,547600.0,0.0,0.0,2.0,South,2001/2002,KAURI ST,KAURI PLACE,Non-Injury Crash,No,2002,South,0.0,0.0,Flat,0.0,,0.0,0.0,Overcast,1482800.0,0.0,0.0,0.0,2.0,0.0,1.0,,Hawke's Bay Region,Nil,2-way,Sealed,0.0,0.0,0.0,50.0,0.0,Null,0.0,0.0,,30.0,Hastings District,Nil,0.0,0.0,0.0,0.0,0.0,0.0,Urban,0.0,0.0,0.0,Fine
687212,1931305.0,5605726.0,548000.0,0.0,0.0,0.0,East,2017/2018,KARAMU ROAD NORTH,FENWICK ST,Minor Crash,No,2017,West,0.0,,Flat,,,,,Bright sun,1497200.0,1.0,0.0,2.0,2.0,0.0,,,Hawke's Bay Region,Nil,2-way,Sealed,0.0,0.0,,50.0,,Null,0.0,0.0,,30.0,Hastings District,Unknown,,,,,0.0,0.0,Urban,0.0,,,Fine