OBJECTID,X,Y,areaUnitID,bicycle,bus,carStationWagon,crashDirectionDescription,crashFinancialYear,crashLocation1,crashLocation2,crashSeverity,crashSHDescription,crashYear,directionRoleDescription,fatalCount,fence,flatHill,guardRail,holiday,houseOrBuilding,kerb,light,meshblockId,minorInjuryCount,moped,motorcycle,NumberOfLanes,otherVehicleType,parkedVehicle,pedestrian,region,roadCharacter,roadLane,roadSurface,schoolBus,seriousInjuryCount,slipOrFlood,speedLimit,strayAnimal,streetLight,suv,taxi,temporarySpeedLimit,tlaId,tlaName,trafficControl,trafficIsland,trafficSign,train,tree,truck,unknownVehicleType,urban,vanOrUtility,vehicle,waterRiver,weatherA
564557,1917729.1649,5653838.5282,545912.0,0.0,0.0,1.0,West,2019/2020,005-0220,TITIOKURA SUMMIT,Minor Crash,Yes,2019,North,0.0,0.0,Hill Road,0.0,,0.0,0.0,Dark,1414504.0,1.0,0.0,0.0,3.0,0.0,0.0,,Hawke's Bay Region,Nil,2-way,Sealed,0.0,0.0,0.0,100.0,0.0,None,0.0,0.0,,30.0,Hastings District,Unknown,0.0,0.0,0.0,0.0,0.0,0.0,Open,0.0,0.0,0.0,Fine
634416,1928246.1418,5599188.9386,545852.0,0.0,0.0,1.0,South,2018/2019,CRYSTALL ROAD,MOUNT ERIN ROAD,Minor Crash,No,2019,South,0.0,,Flat,,,,,Dark,1465700.0,1.0,0.0,0.0,2.0,0.0,,,Hawke's Bay Region,Nil,2-way,Sealed,0.0,0.0,,100.0,,Off,0.0,0.0,,30.0,Hastings District,Give way,,,,,0.0,0.0,Open,0.0,,,Fine
100932,1928199.0,5606843.0,547800.0,0.0,0.0,1.0,East,2007/2008,OMAHU ROAD,NOTTINGLEY ROAD,Minor Crash,No,2007,West,0.0,1.0,Flat,0.0,,0.0,0.0,Dark,1476800.0,1.0,0.0,0.0,2.0,0.0,0.0,,Hawke's Bay Region,Nil,2-way,Sealed,0.0,0.0,0.0,50.0,0.0,On,0.0,0.0,,30.0,Hastings District,Nil,0.0,0.0,0.0,0.0,0.0,0.0,Urban,0.0,0.0,0.0,Light rain
595766,1935537.0,5651002.0,545911.0,0.0,0.0,1.0,North,2012/2013,SH 2,MCINTYRES ACCESS ROAD,Minor Crash,Yes,2013,North,0.0,0.0,Flat,0.0,,0.0,0.0,Overcast,1415200.0,1.0,0.0,0.0,2.0,0.0,0.0,,Hawke's Bay Region,Nil,2-way,Sealed,0.0,0.0,0.0,100.0,0.0,Null,0.0,0.0,,30.0,Hastings District,Nil,0.0,0.0,0.0,1.0,0.0,0.0,Open,0.0,0.0,0.0,Fine
197707,1936552.0,5608627.0,545722.0,0.0,0.0,1.0,South,2017/2018,LAWN ROAD,MILL ROAD,Non-Injury Crash,No,2018,South,0.0,0.0,Flat,0.0,,0.0,0.0,Dark,1406501.0,0.0,0.0,0.0,2.0,0.0,0.0,,Hawke's Bay Region,Nil,2-way,Sealed,0.0,0.0,0.0,100.0,0.0,None,0.0,0.0,,30.0,Hastings District,Unknown,0.0,0.0,0.0,0.0,0.0,0.0,Open,0.0,0.0,0.0,Fine
3021,1915548.7549,5590192.5553,545851.0,0.0,0.0,1.0,South,2019/2020,SH 2,COLIN WHITE ROAD,Non-Injury Crash,Yes,2019,South,0.0,0.0,Flat,0.0,,0.0,0.0,Bright sun,1464500.0,0.0,0.0,0.0,2.0,0.0,0.0,,Hawke's Bay Region,Nil,2-way,Sealed,0.0,0.0,0.0,100.0,0.0,None,0.0,0.0,,30.0,Hastings District,Nil,0.0,0.0,0.0,0.0,0.0,0.0,Open,0.0,0.0,1.0,Fine
250181,1930465.0,5604250.0,548100.0,0.0,0.0,1.0,Null,2004/2005,RIVERSLEA ROAD NORTH,QUEEN ST EAST,Non-Injury Crash,No,2004,West,0.0,,Flat,,,,,Twilight,1501100.0,0.0,0.0,0.0,2.0,0.0,,,Hawke's Bay Region,Nil,2-way,Sealed,0.0,0.0,,50.0,,On,0.0,0.0,,30.0,Hastings District,Give way,,,,,0.0,0.0,Urban,1.0,,,Light rain
606305,1929313.0,5606678.0,547800.0,0.0,0.0,1.0,Null,2017/2018,PAKOWHAI ROAD,FITZROY AVENUE,Minor Crash,No,2018,West,0.0,1.0,Flat,0.0,,0.0,0.0,Bright sun,1477600.0,1.0,0.0,0.0,2.0,0.0,0.0,,Hawke's Bay Region,Nil,2-way,Sealed,0.0,0.0,0.0,50.0,0.0,Null,0.0,0.0,,30.0,Hastings District,Give way,0.0,0.0,0.0,1.0,0.0,0.0,Urban,0.0,0.0,0.0,Fine
414119,1928246.0,5606653.0,548500.0,0.0,0.0,1.0,South,2011/2012,CANNING ROAD,HAPIA ST,Non-Injury Crash,No,2011,South,0.0,,Flat,,,,,Bright sun,1478700.0,0.0,0.0,0.0,2.0,0.0,,,Hawke's Bay Region,Nil,2-way,Sealed,0.0,0.0,,50.0,,Null,0.0,0.0,,30.0,Hastings District,Nil,,,,,0.0,0.0,Urban,1.0,,,Fine
153678,1929768.0,5605863.0,547700.0,0.0,0.0,1.0,Null,2006/2007,TOMOANA ROAD,WHITEHEAD ROAD,Minor Crash,No,2007,West,0.0,,Flat,,,,,Bright sun,1488400.0,2.0,0.0,0.0,2.0,0.0,,,Hawke's Bay Region,Nil,2-way,Sealed,0.0,0.0,,50.0,,Null,0.0,0.0,,30.0,Hastings District,Give way,,,,,1.0,0.0,Urban,0.0,,,Fine
669097,1926224.0,5636116.0,545811.0,0.0,0.0,0.0,South,2017/2018,SH 5,LUCKY HILL BR,Non-Injury Crash,Yes,2017,South,0.0,0.0,Flat,1.0,,0.0,0.0,Bright sun,1414800.0,0.0,0.0,0.0,2.0,0.0,0.0,,Hawke's Bay Region,Bridge,2-way,Sealed,0.0,0.0,0.0,100.0,0.0,None,1.0,0.0,,30.0,Hastings District,Unknown,0.0,0.0,0.0,0.0,0.0,0.0,Open,0.0,0.0,0.0,Fine
199931,1926338.0,5602748.0,545761.0,0.0,0.0,0.0,East,2006/2007,LONGLANDS ROAD WEST,SH 50A,Serious Crash,No,2007,East,0.0,,Flat,,Easter,,,Bright sun,1468901.0,0.0,0.0,1.0,2.0,1.0,,,Hawke's Bay Region,Nil,2-way,Sealed,0.0,1.0,,100.0,,Null,0.0,0.0,,30.0,Hastings District,Nil,,,,,0.0,0.0,Open,0.0,,,Fine
625128,1924951.0,5601696.0,545851.0,0.0,0.0,1.0,Null,2013/2014,SH 50A,MANGAROA ROAD,Non-Injury Crash,Yes,2014,South,0.0,,Flat,,,,,Overcast,1463500.0,0.0,0.0,0.0,2.0,0.0,,,Hawke's Bay Region,Nil,2-way,Sealed,0.0,0.0,,100.0,,Null,0.0,0.0,,30.0,Hastings District,Give way,,,,,0.0,0.0,Open,0.0,,,Mist or Fog
314010,1932035.8547,5604728.109,548000.0,0.0,0.0,2.0,East,2019/2020,HOOD STREET,BEATTY STREET,Non-Injury Crash,No,2019,West,0.0,0.0,Flat,0.0,,0.0,1.0,Bright sun,1498100.0,0.0,0.0,0.0,2.0,0.0,1.0,,Hawke's Bay Region,Nil,2-way,Sealed,0.0,0.0,0.0,50.0,0.0,Off,0.0,0.0,,30.0,Hastings District,Unknown,0.0,0.0,0.0,0.0,0.0,0.0,Urban,0.0,0.0,0.0,Fine
440964,1911953.0,5659473.0,545911.0,0.0,0.0,1.0,North,2015/2016,SH 5,OTAWHIRI CUL,Minor Crash,Yes,2016,South,0.0,0.0,Hill Road,0.0,,0.0,0.0,Dark,1414400.0,1.0,0.0,0.0,3.0,0.0,0.0,,Hawke's Bay Region,Nil,2-way,Sealed,0.0,0.0,0.0,100.0,0.0,None,0.0,0.0,,30.0,Hastings District,Unknown,0.0,0.0,0.0,0.0,0.0,0.0,Open,0.0,0.0,0.0,Light rain
303929,1929905.0,5605001.0,548200.0,0.0,0.0,2.0,Null,2007/2008,QUEEN ST EAST,RUSSELL ST NORTH,Non-Injury Crash,No,2007,East,0.0,,Flat,,Christmas New Year,,,Dark,1492200.0,0.0,0.0,0.0,3.0,0.0,,,Hawke's Bay Region,Nil,2-way,Sealed,0.0,0.0,,50.0,,On,0.0,0.0,,30.0,Hastings District,Traffic Signals,,,,,0.0,0.0,Urban,0.0,,,Light rain
678122,1930477.7369,5604051.1696,548100.0,1.0,0.0,1.0,Null,2019/2020,HERETAUNGA STREET EAST,SYLVAN ROAD,Non-Injury Crash,No,2019,South,0.0,,Flat,,,,,Twilight,1501200.0,0.0,0.0,0.0,2.0,0.0,,,Hawke's Bay Region,Nil,2-way,Sealed,0.0,0.0,,50.0,,Off,0.0,0.0,,30.0,Hastings District,Give way,,,,,0.0,0.0,Urban,0.0,,,Fine
497254,1906372.0,5604157.0,545841.0,0.0,0.0,1.0,South,2007/2008,SH 50,TAIT ROAD,Non-Injury Crash,Yes,2008,North,0.0,1.0,Flat,0.0,,0.0,0.0,Bright sun,1462700.0,0.0,0.0,0.0,2.0,0.0,0.0,,Hawke's Bay Region,Nil,2-way,Sealed,0.0,0.0,0.0,100.0,0.0,Null,0.0,0.0,,30.0,Hastings District,Nil,0.0,0.0,0.0,0.0,0.0,0.0,Open,0.0,0.0,0.0,Fine
214705,1928509.0,5604648.0,547900.0,0.0,0.0,1.0,Null,2006/2007,SOUTHLAND ROAD,OLIPHANT ROAD,Non-Injury Crash,No,2007,North,0.0,,Flat,,,,,Bright sun,1482000.0,0.0,0.0,0.0,2.0,0.0,,,Hawke's Bay Region,Nil,2-way,Sealed,0.0,0.0,,100.0,,Null,0.0,0.0,30.0,30.0,Hastings District,Give way,,,,,1.0,0.0,Open,0.0,,,Fine
430854,1911585.0,5663291.0,545911.0,0.0,0.0,1.0,North,2009/2010,SH 5,POPPELLWELLS,Non-Injury Crash,Yes,2009,North,0.0,0.0,Hill Road,0.0,,0.0,0.0,Bright sun,1414300.0,0.0,0.0,0.0,2.0,0.0,0.0,,Hawke's Bay Region,Nil,2-way,Sealed,0.0,0.0,0.0,100.0,0.0,Null,0.0,0.0,,30.0,Hastings District,Nil,0.0,0.0,0.0,0.0,0.0,0.0,Open,0.0,0.0,0.0,Fine
434409,1917396.0,5654365.0,545912.0,0.0,0.0,0.0,South,2002/2003,SH 5,WAITARA ROAD,Minor Crash,Yes,2003,North,0.0,0.0,Hill Road,0.0,,0.0,0.0,Twilight,1414504.0,2.0,0.0,0.0,3.0,0.0,0.0,,Hawke's Bay Region,Nil,2-way,Sealed,0.0,0.0,0.0,100.0,0.0,None,0.0,0.0,,30.0,Hastings District,Nil,0.0,0.0,0.0,0.0,1.0,0.0,Open,1.0,0.0,0.0,Mist or Fog
149986,1927954.0,5604222.0,545761.0,0.0,0.0,1.0,South,2012/2013,SOUTHLAND ROAD,SOUTHLAND PLACE,Serious Crash,No,2012,South,0.0,0.0,Flat,1.0,,0.0,0.0,Dark,1468801.0,0.0,0.0,0.0,2.0,0.0,0.0,,Hawke's Bay Region,Nil,2-way,Sealed,0.0,1.0,0.0,50.0,0.0,On,0.0,0.0,,30.0,Hastings District,Nil,0.0,0.0,0.0,0.0,0.0,0.0,Urban,0.0,0.0,0.0,Fine
218758,1918864.0,5593491.0,545851.0,0.0,0.0,1.0,South,2005/2006,SH 2,TE MAHANGA ROAD,Non-Injury Crash,Yes,2005,South,0.0,0.0,Flat,0.0,,0.0,0.0,Dark,1464102.0,0.0,0.0,0.0,2.0,0.0,0.0,,Hawke's Bay Region,Nil,2-way,Sealed,0.0,0.0,0.0,100.0,0.0,None,0.0,0.0,,30.0,Hastings District,Nil,0.0,0.0,0.0,0.0,0.0,0.0,Open,0.0,0.0,0.0,Fine
165255,1928139.5246,5600914.5744,545852.0,0.0,0.0,0.0,West,2018/2019,TE AUTE ROAD,LONGLANDS ROAD EAST,Serious Crash,No,2019,West,0.0,,Flat,,,,,Dark,1465700.0,0.0,0.0,0.0,2.0,0.0,,,Hawke's Bay Region,Nil,2-way,Sealed,0.0,1.0,,100.0,,None,0.0,0.0,,30.0,Hastings District,Unknown,,,,,0.0,0.0,Open,1.0,,,Fine
103545,1924271.0,5607592.0,548611.0,0.0,0.0,2.0,East,2017/2018,DIAZ DRIVE,SCOTT DRIVE,Non-Injury Crash,No,2018,East,0.0,,Flat,,,,,Dark,1473902.0,0.0,0.0,0.0,2.0,0.0,,,Hawke's Bay Region,Nil,2-way,Sealed,0.0,0.0,,50.0,,On,0.0,0.0,,30.0,Hastings District,Nil,,,,,0.0,0.0,Urban,0.0,,,Fine
33335,1929956.0,5604530.0,548200.0,0.0,0.0,3.0,Null,1999/2000,HASTINGS ST SOUTH,EASTBOURNE ST EAST,Non-Injury Crash,No,2000,East,0.0,,Flat,,,,,Bright sun,1493200.0,0.0,0.0,0.0,2.0,0.0,,,Hawke's Bay Region,Nil,2-way,Sealed,0.0,0.0,,50.0,,Null,0.0,0.0,,30.0,Hastings District,Give way,,,,,0.0,0.0,Urban,0.0,,,Fine
422432,1934240.0,5607461.0,545722.0,0.0,0.0,1.0,Null,2016/2017,SH 2,PILCHER ROAD,Minor Crash,Yes,2017,North,0.0,1.0,Flat,0.0,,0.0,0.0,Bright sun,1406300.0,1.0,0.0,0.0,2.0,0.0,0.0,,Hawke's Bay Region,Nil,2-way,Sealed,0.0,0.0,0.0,100.0,0.0,Null,0.0,0.0,30.0,30.0,Hastings District,Give way,0.0,0.0,0.0,0.0,0.0,0.0,Open,1.0,0.0,0.0,Fine
432026,1924399.0,5603646.0,545842.0,0.0,0.0,2.0,Null,2002/2003,MARAEKAKAHO ROAD,STOCK ROAD,Minor Crash,No,2002,East,0.0,,Flat,,,,,Bright sun,1470213.0,1.0,0.0,0.0,2.0,0.0,,,Hawke's Bay Region,Nil,2-way,Sealed,0.0,0.0,,100.0,,Null,0.0,0.0,,30.0,Hastings District,Give way,,,,,0.0,0.0,Open,0.0,,,Fine
14312,1932667.0,5601747.0,548831.0,0.0,0.0,1.0,Null,2011/2012,NAPIER ROAD,TREACHERS LANE,Minor Crash,No,2011,North,0.0,0.0,Flat,0.0,,0.0,0.0,Bright sun,1509700.0,1.0,0.0,0.0,2.0,0.0,0.0,,Hawke's Bay Region,Nil,2-way,Sealed,0.0,0.0,0.0,50.0,0.0,Null,0.0,0.0,,30.0,Hastings District,Nil,0.0,0.0,0.0,1.0,0.0,0.0,Urban,0.0,0.0,0.0,Fine
689666,1933709.0,5602080.0,548831.0,0.0,0.0,2.0,East,2006/2007,TE MATA ROAD,GUTHRIE ROAD,Non-Injury Crash,No,2006,North,0.0,,Flat,,,,,Bright sun,1510000.0,0.0,0.0,0.0,2.0,0.0,,,Hawke's Bay Region,Nil,2-way,Sealed,0.0,0.0,,50.0,,Null,0.0,0.0,,30.0,Hastings District,Give way,,,,,0.0,0.0,Urban,0.0,,,Fine
96246,1930358.0,5606606.0,547600.0,0.0,0.0,2.0,Null,2007/2008,FREDERICK ST,RANGIORA ST,Non-Injury Crash,No,2007,West,0.0,,Flat,,,,,Overcast,1483200.0,0.0,0.0,0.0,2.0,0.0,,,Hawke's Bay Region,Nil,2-way,Sealed,0.0,0.0,,50.0,,Null,0.0,0.0,,30.0,Hastings District,Give way,,,,,0.0,0.0,Urban,0.0,,,Fine
85235,1923131.0357,5604054.7884,545842.0,0.0,0.0,2.0,Null,2018/2019,MARAEKAKAHO ROAD,NGATARAWA ROAD,Non-Injury Crash,No,2019,North,0.0,,Flat,,,,,Bright sun,1463300.0,0.0,0.0,0.0,2.0,0.0,,,Hawke's Bay Region,Nil,2-way,Sealed,0.0,0.0,,100.0,,Off,0.0,0.0,,30.0,Hastings District,Nil,,,,,0.0,0.0,Open,0.0,,,Fine
240705,1935133.0,5640493.0,545811.0,0.0,0.0,2.0,North,2006/2007,SH 2,TANGOIO SETTLEMENT ROAD S,Non-Injury Crash,Yes,2006,South,0.0,,Flat,,,,,Bright sun,1415600.0,0.0,0.0,0.0,2.0,0.0,,,Hawke's Bay Region,Nil,2-way,Sealed,0.0,0.0,,100.0,,Null,0.0,0.0,,30.0,Hastings District,Nil,,,,,0.0,0.0,Open,1.0,,,Fine
171199,1925955.0,5608237.0,545710.0,0.0,0.0,1.0,Null,1999/2000,OMAHU ROAD,CHATHAM ROAD,Non-Injury Crash,No,2000,East,0.0,,Flat,,,,,Bright sun,1470900.0,0.0,0.0,0.0,2.0,0.0,,,Hawke's Bay Region,Nil,2-way,Sealed,0.0,0.0,,70.0,,Null,0.0,0.0,,30.0,Hastings District,Give way,,,,,1.0,0.0,Urban,0.0,,,Fine
700484,1930185.0,5605031.0,548200.0,0.0,0.0,1.0,Null,2015/2016,ST AUBYN ST EAST,KARAMU ROAD NORTH,Non-Injury Crash,No,2016,South,0.0,0.0,Flat,0.0,,0.0,0.0,Twilight,1494100.0,0.0,0.0,0.0,2.0,0.0,0.0,,Hawke's Bay Region,Nil,2-way,Sealed,0.0,0.0,0.0,50.0,0.0,On,0.0,0.0,,30.0,Hastings District,Traffic Signals,0.0,0.0,0.0,0.0,0.0,0.0,Urban,1.0,0.0,0.0,Fine
182395,1943270.0,5593517.0,545860.0,0.0,0.0,0.0,East,2006/2007,OCEAN BEACH ROAD,WAIMARAMA ROAD,Minor Crash,No,2007,South,0.0,,Hill Road,,,,,Bright sun,1467200.0,2.0,0.0,0.0,2.0,0.0,,,Hawke's Bay Region,Nil,2-way,Unsealed,0.0,0.0,,100.0,,Null,1.0,0.0,,30.0,Hastings District,Nil,,,,,0.0,0.0,Open,0.0,,,Fine
460008,1930303.0,5605067.0,548200.0,0.0,0.0,1.0,East,2003/2004,ELLISON ROAD,KARAMU ROAD NORTH,Non-Injury Crash,No,2003,West,0.0,0.0,Flat,0.0,,0.0,0.0,Overcast,1494400.0,0.0,0.0,0.0,2.0,0.0,1.0,,Hawke's Bay Region,Nil,2-way,Sealed,0.0,0.0,0.0,50.0,0.0,Null,0.0,0.0,,30.0,Hastings District,Nil,0.0,0.0,0.0,0.0,1.0,0.0,Urban,0.0,0.0,0.0,Fine
150280,1927547.0,5602515.0,545762.0,0.0,0.0,0.0,South,2006/2007,RAILWAY ROAD SOUTH,DAVIS ROAD,Minor Crash,No,2006,South,0.0,0.0,Hill Road,0.0,,0.0,0.0,Bright sun,1468200.0,1.0,0.0,0.0,2.0,0.0,0.0,,Hawke's Bay Region,Nil,2-way,Sealed,0.0,0.0,0.0,100.0,0.0,Null,0.0,0.0,,30.0,Hastings District,Nil,0.0,0.0,0.0,1.0,0.0,0.0,Open,1.0,0.0,0.0,Fine
731013,1935722.0,5603564.0,545750.0,0.0,0.0,0.0,South,2000/2001,TE MATA MANGATERETERE ROA,THOMPSON ROAD,Minor Crash,No,2001,South,0.0,1.0,Flat,0.0,,0.0,0.0,Bright sun,1466501.0,1.0,0.0,0.0,2.0,0.0,0.0,,Hawke's Bay Region,Nil,2-way,Sealed,0.0,0.0,0.0,100.0,0.0,Null,0.0,0.0,,30.0,Hastings District,Nil,0.0,0.0,0.0,0.0,1.0,0.0,Open,0.0,0.0,0.0,Fine
722977,1928244.0,5605354.0,547900.0,0.0,0.0,0.0,South,2017/2018,GORDON ROAD,KENNEDY ROAD,Non-Injury Crash,No,2018,South,0.0,0.0,Flat,0.0,,0.0,0.0,Bright sun,1480303.0,0.0,0.0,0.0,2.0,0.0,1.0,,Hawke's Bay Region,Nil,2-way,Sealed,0.0,0.0,0.0,50.0,0.0,Null,0.0,0.0,,30.0,Hastings District,Unknown,0.0,0.0,0.0,0.0,0.0,0.0,Urban,2.0,0.0,0.0,Fine
709535,1932675.0,5601443.0,548821.0,0.0,0.0,2.0,Null,2012/2013,PORTER DRIVE,JOLL ROAD,Non-Injury Crash,No,2013,East,0.0,,Hill Road,,,,,Dark,1507001.0,0.0,0.0,0.0,2.0,0.0,,,Hawke's Bay Region,Nil,2-way,Sealed,0.0,0.0,,50.0,,On,0.0,0.0,,30.0,Hastings District,Give way,,,,,0.0,0.0,Urban,0.0,,,Fine
652327,1930753.0,5612936.0,545831.0,0.0,0.0,1.0,North,2017/2018,SH 50A,WAIMATE BR,Minor Crash,Yes,2018,North,0.0,0.0,Flat,0.0,,0.0,0.0,Dark,1404500.0,1.0,0.0,0.0,2.0,0.0,0.0,,Hawke's Bay Region,Nil,2-way,Sealed,0.0,0.0,0.0,100.0,0.0,None,0.0,0.0,50.0,30.0,Hastings District,Unknown,0.0,0.0,0.0,0.0,0.0,0.0,Open,2.0,0.0,0.0,Fine
629715,1929609.0,5603604.0,548300.0,0.0,0.0,0.0,North,2000/2001,RIVERSLEA ROAD SOUTH,COPELAND ROAD,Non-Injury Crash,No,2000,North,0.0,0.0,Flat,0.0,,0.0,0.0,Bright sun,1503900.0,0.0,0.0,0.0,2.0,0.0,1.0,,Hawke's Bay Region,Nil,2-way,Sealed,0.0,0.0,0.0,50.0,0.0,Null,0.0,0.0,,30.0,Hastings District,Unknown,0.0,0.0,0.0,0.0,1.0,0.0,Urban,1.0,0.0,0.0,Fine
721918,1934534.0,5633019.0,545812.0,0.0,0.0,1.0,South,2014/2015,SH 2,NORTH SHORE ROAD,Non-Injury Crash,Yes,2014,North,0.0,1.0,Flat,0.0,,0.0,0.0,Dark,1414905.0,0.0,0.0,0.0,2.0,0.0,0.0,,Hawke's Bay Region,Nil,2-way,Sealed,0.0,0.0,0.0,100.0,0.0,On,0.0,0.0,,30.0,Hastings District,Nil,0.0,0.0,0.0,0.0,0.0,0.0,Open,0.0,0.0,0.0,Fine
378196,1928602.0,5605944.0,547700.0,0.0,0.0,1.0,South,2016/2017,SOUTHAMPTON ST WEST,MARAEKAKAHO ROAD,Minor Crash,No,2017,South,0.0,0.0,Flat,0.0,,0.0,0.0,Twilight,1486500.0,1.0,0.0,0.0,2.0,0.0,0.0,,Hawke's Bay Region,Nil,2-way,Sealed,0.0,0.0,0.0,50.0,0.0,Off,0.0,0.0,,30.0,Hastings District,Unknown,0.0,0.0,0.0,1.0,0.0,0.0,Urban,0.0,0.0,0.0,Fine
234625,1924399.0,5603646.0,545842.0,0.0,0.0,1.0,Null,2004/2005,MARAEKAKAHO ROAD,STOCK ROAD,Non-Injury Crash,No,2004,East,0.0,1.0,Flat,0.0,,0.0,0.0,Dark,1470213.0,0.0,0.0,0.0,2.0,0.0,0.0,,Hawke's Bay Region,Nil,2-way,Sealed,0.0,0.0,0.0,100.0,0.0,On,0.0,0.0,,30.0,Hastings District,Nil,0.0,0.0,0.0,0.0,0.0,0.0,Open,0.0,0.0,0.0,Fine
529310,1932575.0,5608502.0,545721.0,0.0,0.0,1.0,Null,2013/2014,RUAHAPIA ROAD,WHAKATU ROAD,Minor Crash,No,2014,South,0.0,,Flat,,,,,Twilight,1471600.0,1.0,0.0,0.0,2.0,0.0,,,Hawke's Bay Region,Nil,2-way,Sealed,0.0,0.0,,100.0,,On,1.0,0.0,,30.0,Hastings District,Give way,,,,,0.0,0.0,Open,0.0,,,Fine
592455,1925911.0,5606725.0,548620.0,0.0,0.0,2.0,West,2007/2008,DOVER ROAD,FOLKESTONE DRIVE,Non-Injury Crash,No,2008,West,0.0,,Flat,,,,,Dark,1476300.0,0.0,0.0,0.0,2.0,0.0,,,Hawke's Bay Region,Nil,2-way,Sealed,0.0,0.0,,50.0,,On,0.0,0.0,,30.0,Hastings District,Nil,,,,,0.0,0.0,Urban,0.0,,,Fine
661728,1929631.0,5604761.0,548200.0,0.0,0.0,3.0,Null,2010/2011,RAILWAY ROAD,LYNDON ROAD WEST,Non-Injury Crash,No,2010,North,0.0,,Flat,,,,,Overcast,1489802.0,0.0,0.0,0.0,2.0,0.0,,,Hawke's Bay Region,Nil,2-way,Sealed,0.0,0.0,,50.0,,Null,0.0,0.0,,30.0,Hastings District,Stop,,,,,0.0,0.0,Urban,0.0,,,Fine
247215,1929387.0,5614231.0,545831.0,0.0,0.0,1.0,Null,2004/2005,SH 50,WAIOHIKI ROAD,Serious Crash,Yes,2004,West,0.0,,Flat,,,,,Bright sun,1409400.0,0.0,0.0,0.0,4.0,0.0,,,Hawke's Bay Region,Nil,2-way,Sealed,0.0,1.0,,100.0,,Null,0.0,0.0,,30.0,Hastings District,Nil,,,,,1.0,0.0,Open,0.0,,,Fine
684166,1926626.5631,5606034.8781,545761.0,0.0,0.0,1.0,South,2018/2019,YORK ROAD,SH 50A,Non-Injury Crash,No,2018,East,0.0,0.0,Flat,0.0,,0.0,0.0,Twilight,1469905.0,0.0,0.0,0.0,2.0,0.0,0.0,,Hawke's Bay Region,Nil,2-way,Sealed,0.0,0.0,0.0,100.0,0.0,Off,0.0,0.0,,30.0,Hastings District,Unknown,0.0,0.0,0.0,0.0,0.0,0.0,Open,0.0,0.0,0.0,Light rain
199043,1929137.0,5605815.0,547700.0,0.0,0.0,2.0,Null,2001/2002,HERETAUNGA ST WEST,GRAYS ROAD,Non-Injury Crash,No,2001,South,0.0,,Flat,,,,,Overcast,1487300.0,0.0,0.0,0.0,2.0,0.0,,,Hawke's Bay Region,Nil,2-way,Sealed,0.0,0.0,,50.0,,Null,0.0,0.0,,30.0,Hastings District,Give way,,,,,0.0,0.0,Urban,0.0,,,Fine
307279,1929511.0,5608868.0,545710.0,0.0,0.0,2.0,North,2012/2013,SH 50A,EVENDEN ROAD,Non-Injury Crash,Yes,2013,North,0.0,,Flat,,,,,Twilight,1471100.0,0.0,0.0,0.0,2.0,0.0,,,Hawke's Bay Region,Nil,2-way,Sealed,0.0,0.0,,50.0,,On,0.0,0.0,,30.0,Hastings District,Give way,,,,,0.0,0.0,Urban,0.0,,,Fine
92590,1929524.0,5605305.0,548200.0,0.0,0.0,2.0,North,2016/2017,HERETAUNGA ST WEST,NELSON ST NORTH,Non-Injury Crash,No,2016,North,0.0,0.0,Hill Road,0.0,,0.0,0.0,Bright sun,1490100.0,0.0,0.0,0.0,2.0,0.0,1.0,,Hawke's Bay Region,Nil,2-way,Sealed,0.0,0.0,0.0,50.0,0.0,Null,0.0,0.0,,30.0,Hastings District,Unknown,0.0,0.0,0.0,0.0,0.0,0.0,Urban,0.0,0.0,0.0,Fine
523289,1932422.0,5602067.0,548831.0,0.0,0.0,2.0,Null,2004/2005,KARANEMA DRIVE,HAVELOCK ROAD,Non-Injury Crash,No,2005,North,0.0,,Flat,,,,,Bright sun,1509600.0,0.0,0.0,0.0,2.0,0.0,,,Hawke's Bay Region,Nil,2-way,Sealed,0.0,0.0,,50.0,,Null,0.0,0.0,,30.0,Hastings District,Give way,,,,,0.0,0.0,Urban,0.0,,,Fine
22849,1929218.0,5605709.0,547700.0,0.0,0.0,2.0,North,2001/2002,HERETAUNGA ST WEST,MCLEAN ST,Non-Injury Crash,No,2001,South,0.0,,Flat,,Christmas New Year,,,Dark,1487800.0,0.0,0.0,0.0,2.0,0.0,,,Hawke's Bay Region,Nil,2-way,Sealed,0.0,0.0,,50.0,,On,0.0,0.0,,30.0,Hastings District,Nil,,,,,0.0,0.0,Urban,0.0,,,Fine
50205,1926504.0,5637363.0,545811.0,0.0,0.0,3.0,East,2015/2016,SH 5,DILLONS HILL CUL,Serious Crash,Yes,2016,North,0.0,,Flat,,,,,Bright sun,1414700.0,2.0,0.0,0.0,2.0,0.0,,,Hawke's Bay Region,Nil,2-way,Sealed,0.0,2.0,,100.0,,Off,1.0,0.0,,30.0,Hastings District,Unknown,,,,,0.0,0.0,Open,0.0,,,Fine
297450,1933205.0,5602516.0,548831.0,0.0,0.0,1.0,Null,2009/2010,NAPIER ROAD,CROSSES ROAD,Non-Injury Crash,No,2009,North,0.0,1.0,Flat,0.0,,0.0,0.0,Dark,1509100.0,0.0,0.0,0.0,2.0,0.0,0.0,,Hawke's Bay Region,Nil,2-way,Sealed,0.0,0.0,0.0,50.0,0.0,On,0.0,0.0,,30.0,Hastings District,Give way,0.0,1.0,0.0,0.0,0.0,0.0,Urban,0.0,0.0,0.0,Fine