OBJECTID,X,Y,areaUnitID,bicycle,bus,carStationWagon,crashDirectionDescription,crashFinancialYear,crashLocation1,crashLocation2,crashSeverity,crashSHDescription,crashYear,directionRoleDescription,fatalCount,fence,flatHill,guardRail,holiday,houseOrBuilding,kerb,light,meshblockId,minorInjuryCount,moped,motorcycle,NumberOfLanes,otherVehicleType,parkedVehicle,pedestrian,region,roadCharacter,roadLane,roadSurface,schoolBus,seriousInjuryCount,slipOrFlood,speedLimit,strayAnimal,streetLight,suv,taxi,temporarySpeedLimit,tlaId,tlaName,trafficControl,trafficIsland,trafficSign,train,tree,truck,unknownVehicleType,urban,vanOrUtility,vehicle,waterRiver,weatherA
310929,1931683.0,5605403.0,548000.0,0.0,0.0,1.0,Null,2012/2013,COLLINGE ROAD,WILLOWPARK ROAD NORTH,Non-Injury Crash,No,2013,North,0.0,,Flat,,,,,Overcast,1497300.0,0.0,0.0,0.0,2.0,0.0,,,Hawke's Bay Region,Nil,2-way,Sealed,0.0,0.0,,50.0,,Null,0.0,0.0,,30.0,Hastings District,Give way,,,,,0.0,0.0,Urban,1.0,,,Fine
366447,1907234.0,5605041.0,545841.0,0.0,0.0,1.0,North,2007/2008,SH 50,TAIT ROAD,Minor Crash,Yes,2008,East,0.0,1.0,Flat,0.0,,0.0,0.0,Overcast,1462700.0,1.0,0.0,0.0,2.0,0.0,0.0,,Hawke's Bay Region,Nil,2-way,Sealed,0.0,0.0,0.0,100.0,0.0,Null,0.0,0.0,,30.0,Hastings District,Nil,0.0,0.0,0.0,0.0,0.0,0.0,Open,0.0,0.0,0.0,Fine
436990,1929090.0,5605275.0,548200.0,0.0,0.0,2.0,Null,2015/2016,SOUTHAMPTON ST WEST,CHARLES ST,Non-Injury Crash,No,2016,South,0.0,,Flat,,,,,Bright sun,1488500.0,0.0,0.0,0.0,2.0,0.0,,,Hawke's Bay Region,Nil,2-way,Sealed,0.0,0.0,,50.0,,Null,0.0,0.0,,30.0,Hastings District,Give way,,,,,0.0,0.0,Urban,0.0,,,Fine
93868,1922880.0,5596382.0,545851.0,0.0,0.0,1.0,North,2015/2016,SH 2,TE MAHANGA ROAD,Serious Crash,Yes,2015,North,0.0,,Flat,,,,,Dark,1463900.0,2.0,0.0,0.0,2.0,0.0,,,Hawke's Bay Region,Nil,2-way,Sealed,0.0,1.0,,100.0,,None,0.0,0.0,,30.0,Hastings District,Unknown,,,,,0.0,0.0,Open,0.0,,,Fine
500244,1926742.0,5603282.0,545761.0,0.0,0.0,1.0,South,2012/2013,SOUTHLAND ROAD,HEATHCOTE ROAD,Non-Injury Crash,No,2013,South,0.0,,Flat,,,,,Bright sun,1468902.0,0.0,0.0,0.0,0.0,0.0,,,Hawke's Bay Region,Nil,2-way,Sealed,0.0,0.0,,100.0,,Null,0.0,0.0,,30.0,Hastings District,Nil,,,,,0.0,0.0,Open,1.0,,,Fine
335113,1908495.0,5664749.0,545911.0,0.0,0.0,1.0,Null,2015/2016,SH 5,KOWARO ROADWAY,Non-Injury Crash,Yes,2016,South,0.0,0.0,Hill Road,0.0,,0.0,0.0,Dark,1414400.0,0.0,0.0,0.0,3.0,0.0,0.0,,Hawke's Bay Region,Nil,2-way,Sealed,0.0,0.0,0.0,100.0,0.0,None,0.0,0.0,,30.0,Hastings District,Unknown,0.0,0.0,0.0,0.0,0.0,0.0,Open,0.0,0.0,0.0,Fine
466438,1927501.0,5603870.0,545761.0,0.0,0.0,1.0,Null,2007/2008,SOUTHLAND ROAD,HEATHCOTE ROAD,Serious Crash,No,2007,South,0.0,1.0,Flat,0.0,,0.0,0.0,Overcast,1468801.0,1.0,0.0,0.0,2.0,0.0,0.0,,Hawke's Bay Region,Nil,2-way,Sealed,0.0,2.0,0.0,100.0,0.0,Null,0.0,0.0,,30.0,Hastings District,Give way,0.0,0.0,0.0,0.0,0.0,0.0,Open,0.0,0.0,0.0,Light rain
670744,1930884.0,5603614.0,548300.0,0.0,0.0,1.0,Null,2015/2016,NORTON ROAD,HERETAUNGA ST EAST,Minor Crash,No,2016,West,0.0,,Flat,,,,,Bright sun,1502700.0,1.0,0.0,0.0,2.0,0.0,,1.0,Hawke's Bay Region,Nil,2-way,Sealed,0.0,0.0,,50.0,,Null,0.0,0.0,,30.0,Hastings District,Give way,,,,,0.0,0.0,Urban,0.0,,,Fine
68604,1932032.0,5606172.0,545721.0,0.0,0.0,0.0,Null,2016/2017,ELWOOD ROAD,SH 2,Non-Injury Crash,Yes,2016,South,0.0,0.0,Flat,0.0,,0.0,0.0,Dark,1471700.0,0.0,0.0,0.0,2.0,0.0,0.0,,Hawke's Bay Region,Nil,2-way,Sealed,0.0,0.0,0.0,70.0,0.0,On,0.0,0.0,,30.0,Hastings District,Give way,0.0,1.0,0.0,0.0,0.0,0.0,Urban,1.0,0.0,0.0,Fine
216994,1936426.2235,5608486.5185,545722.0,0.0,0.0,0.0,South,2018/2019,LAWN ROAD,MILL ROAD,Non-Injury Crash,No,2018,North,0.0,,Flat,,,,,Unknown,1406300.0,0.0,0.0,0.0,2.0,0.0,,,Hawke's Bay Region,Nil,2-way,Sealed,0.0,0.0,,100.0,,Null,1.0,0.0,,30.0,Hastings District,Nil,,,,,0.0,0.0,Open,1.0,,,Null
528875,1936149.0,5599486.0,545851.0,0.0,0.0,2.0,South,2008/2009,WAIMARAMA ROAD,TE MATA MANGATERETERE RD,Non-Injury Crash,No,2009,South,0.0,,Flat,,Christmas New Year,,,Overcast,1467002.0,0.0,0.0,0.0,2.0,0.0,,,Hawke's Bay Region,Nil,2-way,Sealed,0.0,0.0,,100.0,,Null,0.0,0.0,,30.0,Hastings District,Nil,,,,,0.0,0.0,Open,0.0,,,Fine
204658,1928963.0,5606415.0,547800.0,0.0,0.0,1.0,Null,2009/2010,PAKOWHAI ROAD,IKANUI ROAD,Non-Injury Crash,No,2010,South,0.0,,Flat,,,,,Overcast,1477500.0,0.0,0.0,0.0,2.0,0.0,,,Hawke's Bay Region,Nil,2-way,Sealed,0.0,0.0,,50.0,,Null,1.0,0.0,,30.0,Hastings District,Give way,,,,,0.0,0.0,Urban,1.0,,,Heavy rain
378550,1929548.0,5604672.0,548200.0,0.0,0.0,2.0,Null,2002/2003,RAILWAY ROAD,SOUTHAMPTON ST WEST,Non-Injury Crash,No,2003,West,0.0,,Flat,,,,,Twilight,1489700.0,0.0,0.0,0.0,2.0,0.0,,,Hawke's Bay Region,Nil,2-way,Sealed,0.0,0.0,,50.0,,Off,0.0,0.0,,30.0,Hastings District,Traffic Signals,,,,,0.0,0.0,Urban,0.0,,,Fine
683259,1934828.0,5607354.0,545722.0,1.0,0.0,1.0,West,2008/2009,PILCHER ROAD,LAWN ROAD,Minor Crash,No,2009,East,0.0,0.0,Flat,0.0,,0.0,0.0,Twilight,1406400.0,1.0,0.0,0.0,2.0,0.0,0.0,,Hawke's Bay Region,Nil,2-way,Sealed,0.0,0.0,0.0,100.0,0.0,None,0.0,0.0,,30.0,Hastings District,Nil,0.0,0.0,0.0,0.0,0.0,0.0,Open,0.0,0.0,0.0,Fine
470295,1936619.0,5611343.0,545730.0,0.0,0.0,2.0,Null,2011/2012,FERRY ROAD,HEYNES PLACE,Non-Injury Crash,No,2011,South,0.0,,Flat,,,,,Dark,1405005.0,0.0,0.0,0.0,1.0,0.0,,,Hawke's Bay Region,Nil,2-way,Sealed,0.0,0.0,,50.0,,On,0.0,0.0,,30.0,Hastings District,Give way,,,,,0.0,0.0,Urban,1.0,,,Fine
228402,1930756.0,5599559.0,548822.0,0.0,0.0,1.0,East,2014/2015,MIDDLE ROAD,SCHOOL ROAD,Non-Injury Crash,No,2015,East,0.0,0.0,Flat,0.0,,0.0,0.0,Dark,1465901.0,0.0,0.0,0.0,2.0,0.0,0.0,,Hawke's Bay Region,Nil,2-way,Sealed,0.0,0.0,0.0,100.0,0.0,None,0.0,0.0,,30.0,Hastings District,Unknown,0.0,0.0,0.0,0.0,0.0,0.0,Open,0.0,0.0,0.0,Fine
452026,1927954.0,5601739.0,545852.0,0.0,0.0,1.0,South,2015/2016,LONGLANDS ROAD EAST,RIVERSLEA ROAD SOUTH,Non-Injury Crash,No,2016,South,0.0,1.0,Flat,0.0,,0.0,0.0,Overcast,1468700.0,0.0,0.0,0.0,2.0,0.0,0.0,,Hawke's Bay Region,Nil,2-way,Sealed,0.0,0.0,0.0,100.0,0.0,Null,0.0,0.0,,30.0,Hastings District,Unknown,0.0,1.0,0.0,0.0,0.0,0.0,Open,0.0,0.0,0.0,Fine
363870,1930872.0,5607861.0,545710.0,0.0,0.0,1.0,South,2005/2006,PAKOWHAI ROAD,RICHMOND ROAD,Non-Injury Crash,No,2006,North,0.0,0.0,Flat,0.0,,0.0,0.0,Dark,1471100.0,0.0,0.0,0.0,2.0,0.0,0.0,,Hawke's Bay Region,Nil,2-way,Sealed,0.0,0.0,0.0,70.0,0.0,On,0.0,0.0,,30.0,Hastings District,Nil,0.0,0.0,0.0,0.0,0.0,0.0,Urban,0.0,0.0,0.0,Fine
216284,1927543.0,5607856.0,545710.0,0.0,0.0,1.0,North,2018/2019,ORMOND ROAD,OMAHU ROAD,Minor Crash,No,2018,South,0.0,0.0,Flat,0.0,,0.0,0.0,Bright sun,1471201.0,1.0,0.0,0.0,2.0,0.0,0.0,,Hawke's Bay Region,Nil,2-way,Sealed,0.0,0.0,0.0,60.0,0.0,Null,0.0,0.0,,30.0,Hastings District,Unknown,0.0,0.0,0.0,1.0,0.0,0.0,Urban,0.0,0.0,0.0,Fine
528475,1927574.0,5607442.0,548400.0,0.0,0.0,2.0,Null,2006/2007,OMAHU ROAD,SH 50A,Non-Injury Crash,No,2006,East,0.0,,Flat,,,,,Overcast,1473600.0,0.0,0.0,0.0,2.0,0.0,,,Hawke's Bay Region,Nil,2-way,Sealed,0.0,0.0,,50.0,,Null,0.0,0.0,,30.0,Hastings District,Give way,,,,,0.0,0.0,Urban,0.0,,,Fine
649388,1933322.0,5604997.0,545721.0,0.0,0.0,0.0,North,2003/2004,ST GEORGES ROAD,GRASMERE AVENUE,Non-Injury Crash,No,2004,North,0.0,1.0,Flat,0.0,,0.0,0.0,Dark,1472600.0,0.0,0.0,0.0,2.0,0.0,0.0,,Hawke's Bay Region,Nil,2-way,Sealed,0.0,0.0,0.0,100.0,0.0,None,0.0,0.0,,30.0,Hastings District,Nil,0.0,0.0,0.0,0.0,0.0,0.0,Open,1.0,0.0,0.0,Light rain
367114,1932895.4302,5606351.4766,545721.0,0.0,0.0,1.0,Null,2018/2019,SH 51,WAIPATU SETTLEMENT ROAD,Non-Injury Crash,Yes,2019,North,0.0,,Flat,,,,,Bright sun,1472100.0,0.0,0.0,0.0,2.0,0.0,,,Hawke's Bay Region,Nil,2-way,Sealed,0.0,0.0,,80.0,,None,1.0,0.0,,30.0,Hastings District,Stop,,,,,0.0,0.0,Open,0.0,,,Fine
407567,1932007.0,5606400.0,545721.0,0.0,0.0,1.0,North,2005/2006,ELWOOD ROAD,SH 2,Non-Injury Crash,No,2006,North,0.0,,Flat,,,,,Bright sun,1471700.0,0.0,0.0,0.0,2.0,0.0,,,Hawke's Bay Region,Nil,2-way,Sealed,0.0,0.0,,70.0,,Null,0.0,0.0,,30.0,Hastings District,Nil,,,,,0.0,0.0,Urban,1.0,,,Fine
110414,1941608.0,5594797.0,545860.0,0.0,0.0,1.0,East,2012/2013,OCEAN BEACH ROAD,WAIMARAMA ROAD,Minor Crash,No,2012,West,0.0,0.0,Hill Road,0.0,,0.0,0.0,Dark,1467600.0,1.0,0.0,0.0,2.0,0.0,0.0,,Hawke's Bay Region,Nil,2-way,Sealed,0.0,0.0,0.0,100.0,0.0,None,0.0,0.0,,30.0,Hastings District,Nil,0.0,0.0,0.0,0.0,0.0,0.0,Open,0.0,0.0,0.0,Fine
581534,1932617.0,5609725.0,545710.0,0.0,0.0,2.0,South,2017/2018,PAKOWHAI ROAD,CHESTERHOPE BR,Non-Injury Crash,No,2018,South,0.0,,Flat,,,,,Overcast,1471100.0,0.0,0.0,0.0,2.0,0.0,,,Hawke's Bay Region,Bridge,2-way,Sealed,0.0,0.0,,80.0,,Null,0.0,0.0,,30.0,Hastings District,Unknown,,,,,0.0,0.0,Open,0.0,,,Fine
522855,1934592.0,5609827.0,545832.0,0.0,0.0,1.0,South,2007/2008,FARNDON ROAD,KOHUPATIKI ROAD S,Non-Injury Crash,No,2008,South,0.0,0.0,Flat,0.0,,0.0,0.0,Dark,1404300.0,0.0,0.0,0.0,2.0,0.0,0.0,,Hawke's Bay Region,Bridge,2-way,Sealed,0.0,0.0,0.0,100.0,0.0,None,0.0,0.0,,30.0,Hastings District,Nil,0.0,0.0,0.0,0.0,0.0,0.0,Open,0.0,0.0,0.0,Fine
718460,1932647.0,5601673.0,548831.0,0.0,0.0,1.0,East,2013/2014,TE MATA ROAD,NAPIER ROAD,Non-Injury Crash,No,2013,West,0.0,0.0,Flat,0.0,Christmas New Year,1.0,0.0,Bright sun,1509700.0,0.0,0.0,0.0,2.0,0.0,0.0,,Hawke's Bay Region,Nil,2-way,Sealed,0.0,0.0,0.0,50.0,0.0,Null,0.0,0.0,,30.0,Hastings District,Nil,0.0,0.0,0.0,0.0,0.0,0.0,Urban,0.0,0.0,0.0,Fine
305851,1932791.0,5608142.0,545721.0,0.0,0.0,2.0,North,2014/2015,RUAHAPIA ROAD,OTENE ROAD,Minor Crash,No,2015,South,0.0,0.0,Flat,0.0,,0.0,0.0,Overcast,1471900.0,1.0,0.0,0.0,2.0,0.0,0.0,,Hawke's Bay Region,Rail xing,2-way,Sealed,0.0,0.0,0.0,80.0,0.0,Null,0.0,0.0,,30.0,Hastings District,Traffic Signals,0.0,0.0,0.0,0.0,0.0,0.0,Open,0.0,0.0,0.0,Fine
206864,1928132.0,5600910.0,545852.0,0.0,0.0,1.0,West,2013/2014,TE AUTE ROAD,LONGLANDS ROAD EAST,Non-Injury Crash,No,2014,West,0.0,0.0,Flat,0.0,,0.0,0.0,Dark,1465700.0,0.0,0.0,0.0,2.0,0.0,0.0,,Hawke's Bay Region,Nil,2-way,Unsealed,0.0,0.0,0.0,100.0,0.0,None,0.0,0.0,30.0,30.0,Hastings District,Unknown,0.0,0.0,0.0,0.0,0.0,0.0,Open,0.0,0.0,0.0,Fine
673561,1935795.0,5646444.0,545911.0,0.0,0.0,1.0,North,2008/2009,SH 2,AROPAOANUI ROAD,Non-Injury Crash,Yes,2009,South,0.0,0.0,Hill Road,0.0,,0.0,0.0,Overcast,1415400.0,0.0,0.0,0.0,2.0,0.0,0.0,,Hawke's Bay Region,Nil,2-way,Sealed,0.0,0.0,0.0,100.0,0.0,Null,0.0,0.0,,30.0,Hastings District,Nil,0.0,0.0,0.0,0.0,0.0,0.0,Open,0.0,0.0,0.0,Heavy rain
125526,1924426.0,5607950.0,548611.0,0.0,0.0,1.0,East,2001/2002,FLAXMERE AVENUE,KIRKWOOD ROAD,Minor Crash,No,2002,East,0.0,0.0,Flat,0.0,,0.0,0.0,Bright sun,1470316.0,1.0,0.0,0.0,2.0,0.0,0.0,,Hawke's Bay Region,Nil,2-way,Sealed,0.0,0.0,0.0,50.0,0.0,Off,0.0,0.0,,30.0,Hastings District,Nil,1.0,0.0,0.0,0.0,0.0,0.0,Urban,0.0,0.0,0.0,Fine
76812,1916147.8573,5604829.9945,545841.0,0.0,0.0,0.0,East,2019/2020,MARAEKAKAHO ROAD,SH 50,Non-Injury Crash,No,2019,West,0.0,1.0,Flat,0.0,,0.0,0.0,Dark,1462901.0,0.0,0.0,0.0,2.0,0.0,0.0,,Hawke's Bay Region,Nil,2-way,Sealed,0.0,0.0,0.0,100.0,0.0,None,0.0,0.0,,30.0,Hastings District,Nil,0.0,0.0,0.0,0.0,0.0,0.0,Open,1.0,0.0,0.0,Fine
461573,1932467.0,5601585.0,548810.0,0.0,0.0,2.0,North,2005/2006,Z CPK NEW WORLD,PORTER DRIVE/MIDDLE ROAD,Non-Injury Crash,No,2005,East,0.0,0.0,Flat,0.0,,0.0,0.0,Bright sun,1505700.0,0.0,0.0,0.0,0.0,0.0,1.0,,Hawke's Bay Region,Nil,Off road,Sealed,0.0,0.0,0.0,50.0,0.0,Null,0.0,0.0,,30.0,Hastings District,Nil,0.0,0.0,0.0,0.0,0.0,0.0,Urban,0.0,0.0,0.0,Fine
414190,1909155.7985,5674593.8267,545911.0,0.0,0.0,1.0,North,2019/2020,SH 5,TARAWERA TAV,Minor Crash,Yes,2020,South,0.0,0.0,Hill Road,0.0,,0.0,0.0,Twilight,1281200.0,1.0,0.0,0.0,2.0,0.0,0.0,,Hawke's Bay Region,Nil,2-way,Sealed,0.0,0.0,0.0,100.0,0.0,None,0.0,0.0,30.0,30.0,Hastings District,Nil,0.0,0.0,0.0,0.0,0.0,0.0,Open,0.0,0.0,0.0,Fine
113335,1929317.0,5605515.0,547700.0,0.0,0.0,3.0,Null,2008/2009,Z CPK PAK N SAVE,CHARLES/HERETAUNGA,Non-Injury Crash,No,2008,East,0.0,0.0,Flat,0.0,,0.0,0.0,Dark,1487700.0,0.0,0.0,0.0,1.0,0.0,2.0,,Hawke's Bay Region,Nil,Off road,Sealed,0.0,0.0,0.0,50.0,0.0,On,0.0,0.0,,30.0,Hastings District,Nil,0.0,0.0,0.0,0.0,0.0,0.0,Urban,0.0,0.0,0.0,Fine
732727,1934465.0,5643501.0,545811.0,0.0,0.0,1.0,South,2016/2017,SH 2,WHITE PINE BUSH ENT,Minor Crash,Yes,2017,North,0.0,0.0,Hill Road,0.0,,0.0,0.0,Overcast,1415700.0,1.0,0.0,0.0,2.0,0.0,0.0,,Hawke's Bay Region,Nil,2-way,Sealed,0.0,0.0,0.0,100.0,0.0,Null,0.0,0.0,,30.0,Hastings District,Unknown,0.0,0.0,0.0,1.0,0.0,0.0,Open,0.0,0.0,0.0,Fine
11441,1914489.0,5588391.0,545851.0,0.0,0.0,1.0,North,2000/2001,SH 2,TE AUTE TRUST ROAD,Minor Crash,Yes,2001,North,0.0,,Flat,,,,,Bright sun,1464500.0,1.0,0.0,1.0,2.0,0.0,,,Hawke's Bay Region,Nil,2-way,Sealed,0.0,0.0,,100.0,,Null,0.0,0.0,,30.0,Hastings District,Nil,,,,,0.0,0.0,Open,0.0,,,Fine
311091,1935101.0,5606996.0,545722.0,0.0,0.0,0.0,Null,2014/2015,LAWN ROAD,TE MATA MANGATERETERE ROA,Serious Crash,No,2014,North,0.0,0.0,Flat,0.0,,0.0,1.0,Bright sun,1406400.0,1.0,0.0,1.0,2.0,0.0,0.0,,Hawke's Bay Region,Nil,2-way,Sealed,0.0,1.0,0.0,100.0,0.0,Null,0.0,0.0,,30.0,Hastings District,Give way,0.0,0.0,0.0,0.0,0.0,0.0,Open,0.0,0.0,0.0,Fine
668480,1929952.6144,5607163.4215,545710.0,0.0,0.0,2.0,South,2018/2019,PAKOWHAI ROAD,FREDERICK STREET WEST,Non-Injury Crash,No,2019,South,0.0,,Flat,,,,,Bright sun,1471300.0,0.0,0.0,0.0,2.0,0.0,,,Hawke's Bay Region,Nil,2-way,Sealed,0.0,0.0,,50.0,,Off,0.0,0.0,,30.0,Hastings District,Nil,,,,,0.0,0.0,Urban,0.0,,,Fine
634205,1933556.0,5602079.0,548832.0,0.0,0.0,2.0,Null,2016/2017,TE MATA ROAD,HILLSBROOK PLACE,Non-Injury Crash,No,2016,East,0.0,,Flat,,,,,Bright sun,1510200.0,0.0,0.0,0.0,2.0,0.0,,,Hawke's Bay Region,Nil,2-way,Sealed,0.0,0.0,,50.0,,Null,0.0,0.0,,30.0,Hastings District,Give way,,,,,0.0,0.0,Urban,0.0,,,Fine
657785,1920341.0,5607797.0,545842.0,0.0,0.0,2.0,Null,2003/2004,SH 50,NGATARAWA ROAD,Non-Injury Crash,Yes,2004,South,0.0,,Flat,,,,,Bright sun,1470307.0,0.0,0.0,0.0,2.0,0.0,,,Hawke's Bay Region,Nil,2-way,Sealed,0.0,0.0,,100.0,,Null,0.0,0.0,,30.0,Hastings District,Give way,,,,,0.0,0.0,Open,0.0,,,Fine
550320,1932927.0,5601549.0,548832.0,0.0,0.0,2.0,Null,2002/2003,CAMPBELL ST,BUSBY HILL,Non-Injury Crash,No,2002,North,0.0,0.0,Flat,0.0,,0.0,0.0,Bright sun,1508400.0,0.0,0.0,0.0,2.0,0.0,1.0,,Hawke's Bay Region,Nil,2-way,Sealed,0.0,0.0,0.0,50.0,0.0,Null,0.0,0.0,,30.0,Hastings District,Nil,0.0,0.0,0.0,0.0,0.0,0.0,Urban,0.0,0.0,0.0,Fine
688393,1929158.0,5605788.0,547700.0,0.0,0.0,1.0,Null,2011/2012,BERESFORD ST,HERETAUNGA ST WEST,Minor Crash,No,2011,East,0.0,,Flat,,Christmas New Year,,,Dark,1487800.0,1.0,0.0,0.0,2.0,0.0,,1.0,Hawke's Bay Region,Nil,2-way,Sealed,0.0,0.0,,50.0,,On,0.0,0.0,,30.0,Hastings District,Nil,,,,,0.0,0.0,Urban,0.0,,,Light rain
285430,1930694.0,5604734.0,548100.0,0.0,0.0,1.0,West,2015/2016,WILLOWPARK ROAD NORTH,VICTORIA ST,Non-Injury Crash,No,2015,East,0.0,0.0,Null,0.0,,0.0,0.0,Dark,1499500.0,0.0,0.0,0.0,,0.0,1.0,,Hawke's Bay Region,Nil,2-way,Sealed,0.0,0.0,0.0,50.0,0.0,On,0.0,0.0,,30.0,Hastings District,Give way,0.0,0.0,0.0,0.0,0.0,0.0,Urban,1.0,0.0,0.0,Fine
618382,1914292.0,5588166.0,545851.0,0.0,0.0,1.0,East,2005/2006,SH 2,TE AUTE TRUST ROAD,Minor Crash,Yes,2005,South,0.0,1.0,Flat,0.0,,0.0,0.0,Bright sun,1464500.0,1.0,0.0,0.0,2.0,0.0,0.0,,Hawke's Bay Region,Nil,2-way,Sealed,0.0,0.0,0.0,100.0,0.0,Null,0.0,0.0,,30.0,Hastings District,Nil,0.0,0.0,0.0,0.0,0.0,0.0,Open,0.0,0.0,0.0,Fine
432511,1929768.0,5604781.0,548200.0,0.0,0.0,1.0,North,2015/2016,EASTBOURNE ST EAST,KARAMU ROAD SOUTH,Non-Injury Crash,No,2016,North,0.0,,Flat,,,,,Bright sun,1492000.0,0.0,0.0,0.0,2.0,0.0,,,Hawke's Bay Region,Nil,2-way,Sealed,0.0,0.0,,50.0,,Null,0.0,0.0,,30.0,Hastings District,Unknown,,,,,0.0,0.0,Urban,1.0,,,Fine
348484,1929468.0,5605379.0,548200.0,0.0,0.0,2.0,Null,2004/2005,HERETAUNGA ST WEST,SOUTHLAND ROAD,Non-Injury Crash,No,2004,North,0.0,,Flat,,,,,Overcast,1490100.0,0.0,0.0,0.0,2.0,0.0,,,Hawke's Bay Region,Nil,2-way,Sealed,0.0,0.0,,50.0,,None,0.0,0.0,,30.0,Hastings District,Give way,,,,,0.0,0.0,Urban,0.0,,,Fine
501271,1928863.0,5599689.0,545852.0,0.0,0.0,2.0,North,2002/2003,MOUNT ERIN ROAD,CRYSTALL ROAD,Non-Injury Crash,No,2002,North,0.0,,Flat,,,,,Overcast,1465700.0,0.0,0.0,0.0,2.0,0.0,,,Hawke's Bay Region,Nil,2-way,Sealed,0.0,0.0,,100.0,,Null,0.0,0.0,,30.0,Hastings District,Nil,,,,,0.0,0.0,Open,0.0,,,Fine
225536,1938009.0,5608174.0,545740.0,0.0,0.0,2.0,Null,2006/2007,TUKITUKI ROAD,HAUMOANA ROAD,Non-Injury Crash,No,2007,North,0.0,,Flat,,,,,Dark,1406900.0,0.0,0.0,0.0,2.0,0.0,,,Hawke's Bay Region,Nil,2-way,Sealed,0.0,0.0,,100.0,,None,0.0,0.0,,30.0,Hastings District,Give way,,,,,0.0,0.0,Open,0.0,,,Fine
238085,1930782.0,5605407.0,548200.0,0.0,0.0,1.0,South,2006/2007,KARAMU ROAD NORTH,CHARLOTTE CRESCENT,Serious Crash,No,2006,North,0.0,,Flat,,,,,Twilight,1494300.0,0.0,0.0,0.0,2.0,0.0,,1.0,Hawke's Bay Region,Nil,2-way,Sealed,0.0,1.0,,50.0,,Off,0.0,0.0,,30.0,Hastings District,Nil,,,,,0.0,0.0,Urban,0.0,,,Fine
637467,1924459.0,5607938.0,548611.0,0.0,0.0,1.0,Null,2018/2019,FLAXMERE AVENUE,DIAZ DRIVE,Minor Crash,No,2018,West,0.0,0.0,Flat,0.0,,0.0,1.0,Bright sun,1469710.0,2.0,0.0,1.0,2.0,0.0,0.0,,Hawke's Bay Region,Nil,2-way,Sealed,0.0,0.0,0.0,50.0,0.0,Null,0.0,0.0,,30.0,Hastings District,Nil,0.0,0.0,0.0,0.0,0.0,0.0,Urban,0.0,0.0,0.0,Fine
249597,1928937.6809,5605159.9301,548200.0,0.0,0.0,2.0,East,2018/2019,CHARLES STREET,HENRY STREET,Non-Injury Crash,No,2019,North,0.0,0.0,Flat,0.0,,0.0,0.0,Dark,1488500.0,0.0,0.0,0.0,2.0,0.0,1.0,,Hawke's Bay Region,Nil,2-way,Sealed,0.0,0.0,0.0,50.0,0.0,On,0.0,0.0,,30.0,Hastings District,Unknown,0.0,0.0,0.0,0.0,0.0,0.0,Urban,0.0,0.0,0.0,Fine
708639,1936164.0,5646349.0,545911.0,0.0,0.0,1.0,North,2000/2001,SH 2,AROPAOANUI ROAD,Non-Injury Crash,Yes,2000,South,0.0,,Hill Road,,,,,Bright sun,1415400.0,0.0,0.0,0.0,2.0,0.0,,,Hawke's Bay Region,Nil,2-way,Sealed,0.0,0.0,,100.0,,None,0.0,0.0,,30.0,Hastings District,Nil,,,,,1.0,0.0,Open,0.0,,,Fine
11131,1930626.0,5612209.0,545832.0,0.0,0.0,1.0,South,2004/2005,SH 50A,SH 50,Serious Crash,Yes,2004,North,0.0,,Flat,,,,,Overcast,1404400.0,1.0,0.0,0.0,2.0,0.0,,,Hawke's Bay Region,Nil,2-way,Sealed,0.0,1.0,,100.0,,Null,0.0,0.0,,30.0,Hastings District,Nil,,,,,1.0,0.0,Open,0.0,,,Fine
580397,1925429.0,5599776.0,545852.0,0.0,0.0,1.0,North,2000/2001,RAILWAY ROAD SOUTH,TE AUTE ROAD,Non-Injury Crash,No,2001,South,0.0,1.0,Flat,0.0,Christmas New Year,0.0,0.0,Overcast,1469600.0,0.0,0.0,0.0,2.0,0.0,0.0,,Hawke's Bay Region,Nil,2-way,Sealed,0.0,0.0,0.0,100.0,0.0,Null,0.0,0.0,,30.0,Hastings District,Nil,0.0,0.0,0.0,0.0,0.0,0.0,Open,0.0,0.0,0.0,Fine
286122,1928519.0,5606532.0,547800.0,0.0,0.0,0.0,Null,2000/2001,OMAHU ROAD,HAPUKA ST,Non-Injury Crash,No,2001,West,0.0,,Flat,,,,,Bright sun,1477700.0,0.0,0.0,0.0,2.0,0.0,,,Hawke's Bay Region,Nil,2-way,Sealed,0.0,0.0,,50.0,,Null,0.0,0.0,,30.0,Hastings District,Nil,,,,,0.0,0.0,Urban,2.0,,,Fine
142044,1924506.0,5607920.0,548611.0,0.0,0.0,1.0,East,2003/2004,FLAXMERE AVENUE,DIAZ DRIVE,Minor Crash,No,2003,East,0.0,,Flat,,,,,Bright sun,1469710.0,1.0,0.0,0.0,2.0,0.0,,1.0,Hawke's Bay Region,Nil,2-way,Sealed,0.0,0.0,,50.0,,Null,0.0,0.0,,30.0,Hastings District,Nil,,,,,0.0,0.0,Urban,0.0,,,Fine
371648,1929286.0,5605544.0,547700.0,0.0,0.0,1.0,South,2017/2018,Z CARPARK,LOVEDALE ROAD,Minor Crash,No,2018,North,0.0,,Flat,,,,,Dark,1487700.0,1.0,0.0,0.0,,0.0,,1.0,Hawke's Bay Region,Nil,Off road,Sealed,0.0,0.0,,20.0,,On,0.0,0.0,10.0,30.0,Hastings District,Unknown,,,,,0.0,0.0,Urban,0.0,,,Fine