OBJECTID,X,Y,areaUnitID,bicycle,bus,carStationWagon,crashDirectionDescription,crashFinancialYear,crashLocation1,crashLocation2,crashSeverity,crashSHDescription,crashYear,directionRoleDescription,fatalCount,fence,flatHill,guardRail,holiday,houseOrBuilding,kerb,light,meshblockId,minorInjuryCount,moped,motorcycle,NumberOfLanes,otherVehicleType,parkedVehicle,pedestrian,region,roadCharacter,roadLane,roadSurface,schoolBus,seriousInjuryCount,slipOrFlood,speedLimit,strayAnimal,streetLight,suv,taxi,temporarySpeedLimit,tlaId,tlaName,trafficControl,trafficIsland,trafficSign,train,tree,truck,unknownVehicleType,urban,vanOrUtility,vehicle,waterRiver,weatherA
532779,1930336.4602,5604421.3104,548100.0,0.0,0.0,0.0,South,2018/2019,QUEEN STREET EAST,WILLOWPARK ROAD NORTH,Non-Injury Crash,No,2019,Null,0.0,1.0,Flat,0.0,,0.0,0.0,Dark,1500500.0,0.0,0.0,0.0,2.0,0.0,0.0,,Hawke's Bay Region,Nil,2-way,Sealed,0.0,0.0,0.0,50.0,0.0,On,0.0,0.0,,30.0,Hastings District,Unknown,0.0,0.0,0.0,0.0,0.0,0.0,Urban,0.0,0.0,0.0,Fine
62653,1930593.0,5611780.0,545832.0,0.0,0.0,2.0,South,2005/2006,SH 50A,SH 50,Fatal Crash,Yes,2005,North,2.0,,Flat,,,,,Dark,1404400.0,2.0,0.0,0.0,2.0,0.0,,,Hawke's Bay Region,Nil,2-way,Sealed,0.0,4.0,,100.0,,None,0.0,0.0,,30.0,Hastings District,Nil,,,,,0.0,0.0,Open,0.0,,,Heavy rain
283786,1928248.0,5604448.0,547900.0,0.0,0.0,1.0,Null,2007/2008,SOUTHLAND ROAD,MURDOCH ROAD WEST,Non-Injury Crash,No,2007,North,0.0,,Flat,,,,,Bright sun,1469201.0,0.0,0.0,0.0,2.0,0.0,,,Hawke's Bay Region,Nil,2-way,Sealed,0.0,0.0,,50.0,,Null,0.0,0.0,,30.0,Hastings District,Give way,,,,,0.0,0.0,Urban,1.0,,,Fine
617818,1940939.0,5586599.0,545860.0,0.0,0.0,1.0,South,2017/2018,WAIMARAMA ROAD,WAITANGI ROAD,Minor Crash,No,2018,West,0.0,1.0,Flat,0.0,,0.0,0.0,Dark,1467600.0,1.0,0.0,0.0,2.0,0.0,0.0,,Hawke's Bay Region,Nil,2-way,Sealed,0.0,0.0,0.0,100.0,0.0,None,0.0,0.0,80.0,30.0,Hastings District,Unknown,0.0,0.0,0.0,1.0,0.0,0.0,Open,0.0,0.0,0.0,Fine
344586,1923025.0,5611728.0,545822.0,0.0,0.0,2.0,West,2001/2002,SH 50,HAKIWAI ROAD,Non-Injury Crash,Yes,2001,East,0.0,,Flat,,,,,Dark,1409300.0,0.0,0.0,0.0,2.0,0.0,,,Hawke's Bay Region,Nil,2-way,Sealed,0.0,0.0,,100.0,,None,0.0,0.0,,30.0,Hastings District,Nil,,,,,0.0,0.0,Open,0.0,,,Light rain
361210,1929397.0,5605325.0,548200.0,0.0,0.0,1.0,North,2003/2004,SOUTHLAND ROAD,EASTBOURNE ST WEST,Non-Injury Crash,No,2003,North,0.0,0.0,Flat,0.0,,0.0,0.0,Overcast,1488800.0,0.0,0.0,0.0,2.0,0.0,0.0,,Hawke's Bay Region,Nil,2-way,Sealed,0.0,0.0,0.0,50.0,0.0,Off,0.0,0.0,,30.0,Hastings District,Nil,0.0,0.0,0.0,0.0,1.0,0.0,Urban,1.0,1.0,0.0,Fine
321890,1930339.0,5605845.0,548200.0,0.0,0.0,3.0,South,2017/2018,NELSON ST NORTH,KITCHENER ST,Non-Injury Crash,No,2017,North,0.0,0.0,Flat,0.0,,0.0,0.0,Dark,1491100.0,0.0,0.0,0.0,2.0,0.0,2.0,,Hawke's Bay Region,Nil,2-way,Sealed,0.0,0.0,0.0,50.0,0.0,On,1.0,0.0,,30.0,Hastings District,Unknown,0.0,0.0,0.0,0.0,0.0,0.0,Urban,0.0,0.0,0.0,Fine
238266,1930951.0,5607922.0,545710.0,0.0,0.0,1.0,North,2006/2007,PAKOWHAI ROAD,RICHMOND ROAD,Non-Injury Crash,No,2007,South,0.0,0.0,Flat,0.0,,0.0,0.0,Dark,1471100.0,0.0,0.0,0.0,2.0,0.0,0.0,,Hawke's Bay Region,Nil,2-way,Sealed,0.0,0.0,0.0,100.0,0.0,None,0.0,0.0,,30.0,Hastings District,Nil,0.0,0.0,0.0,0.0,0.0,0.0,Open,0.0,0.0,0.0,Fine
279469,1931127.0,5607603.0,545721.0,0.0,0.0,1.0,South,2016/2017,RICHMOND ROAD,PAKOWHAI ROAD,Non-Injury Crash,No,2017,North,0.0,0.0,Flat,0.0,,0.0,0.0,Dark,1471401.0,0.0,0.0,0.0,2.0,0.0,0.0,,Hawke's Bay Region,Nil,2-way,Sealed,0.0,0.0,0.0,70.0,0.0,None,0.0,0.0,,30.0,Hastings District,Unknown,0.0,0.0,0.0,0.0,0.0,0.0,Urban,0.0,0.0,0.0,Fine
660877,1932509.0,5610270.0,545832.0,0.0,0.0,0.0,South,2005/2006,PAKOWHAI ROAD,HODGSON ROAD,Non-Injury Crash,No,2006,South,0.0,0.0,Flat,0.0,,0.0,0.0,Dark,1404100.0,0.0,0.0,0.0,2.0,0.0,0.0,,Hawke's Bay Region,Nil,2-way,Sealed,0.0,0.0,0.0,100.0,0.0,None,0.0,0.0,,30.0,Hastings District,Nil,0.0,0.0,0.0,0.0,0.0,0.0,Open,1.0,0.0,0.0,Light rain
733287,1930025.0,5605130.0,548200.0,0.0,0.0,2.0,South,2017/2018,RUSSELL ST NORTH,ST AUBYN ST EAST,Non-Injury Crash,No,2018,South,0.0,,Flat,,,,,Bright sun,1492300.0,0.0,0.0,0.0,2.0,0.0,,,Hawke's Bay Region,Nil,2-way,Sealed,0.0,0.0,,50.0,,Null,0.0,0.0,,30.0,Hastings District,Unknown,,,,,0.0,0.0,Urban,0.0,,,Fine
528714,1929916.0,5605435.0,548200.0,0.0,0.0,2.0,Null,2002/2003,Z CPK COUNTDOWN,QUEEN/NELSON,Non-Injury Crash,No,2003,West,0.0,0.0,Flat,0.0,,0.0,0.0,Overcast,1491000.0,0.0,0.0,0.0,0.0,0.0,1.0,,Hawke's Bay Region,Nil,Off road,Sealed,0.0,0.0,0.0,50.0,0.0,Null,0.0,0.0,,30.0,Hastings District,Nil,0.0,0.0,0.0,0.0,0.0,0.0,Urban,0.0,0.0,0.0,Fine
726195,1931613.0,5608421.0,545710.0,0.0,0.0,2.0,Null,2012/2013,PAKOWHAI ROAD,ELWOOD ROAD,Non-Injury Crash,No,2013,North,0.0,,Flat,,,,,Bright sun,1471100.0,0.0,0.0,0.0,3.0,0.0,,,Hawke's Bay Region,Nil,2-way,Sealed,0.0,0.0,,100.0,,Null,0.0,0.0,,30.0,Hastings District,Give way,,,,,0.0,0.0,Open,0.0,,,Fine
138218,1931743.0,5604455.0,548000.0,0.0,0.0,2.0,North,2006/2007,GROVE ROAD,SUSSEX ST,Non-Injury Crash,No,2006,South,0.0,,Flat,,,,,Bright sun,1498800.0,0.0,0.0,0.0,2.0,0.0,,,Hawke's Bay Region,Nil,2-way,Sealed,0.0,0.0,,50.0,,Null,0.0,0.0,,30.0,Hastings District,Nil,,,,,0.0,0.0,Urban,0.0,,,Fine
560036,1919485.0,5592188.0,545851.0,0.0,0.0,1.0,North,2010/2011,TE MAHANGA ROAD,POUKAWA ROAD,Non-Injury Crash,No,2010,North,0.0,0.0,Flat,0.0,,0.0,0.0,Dark,1466002.0,0.0,0.0,0.0,1.0,0.0,0.0,,Hawke's Bay Region,Nil,2-way,Sealed,0.0,0.0,0.0,100.0,0.0,None,0.0,0.0,,30.0,Hastings District,Nil,0.0,0.0,0.0,0.0,0.0,0.0,Open,0.0,0.0,0.0,Fine
473772,1929464.0,5605185.0,548200.0,0.0,0.0,2.0,Null,2005/2006,NELSON ST SOUTH,EASTBOURNE ST WEST,Minor Crash,No,2006,North,0.0,,Flat,,Easter,,,Overcast,1488900.0,1.0,0.0,0.0,2.0,0.0,,,Hawke's Bay Region,Nil,2-way,Sealed,0.0,0.0,,50.0,,Null,0.0,0.0,,30.0,Hastings District,Give way,,,,,0.0,0.0,Urban,0.0,,,Fine
515051,1932838.0,5601941.0,548831.0,0.0,0.0,2.0,Null,2015/2016,NAPIER ROAD,KARANEMA DRIVE,Non-Injury Crash,No,2016,North,0.0,,Flat,,,,,Bright sun,1509100.0,0.0,0.0,0.0,2.0,0.0,,,Hawke's Bay Region,Nil,2-way,Sealed,0.0,0.0,,50.0,,Null,0.0,0.0,,30.0,Hastings District,Give way,,,,,0.0,0.0,Urban,0.0,,,Fine
21674,1931549.0,5602906.0,545721.0,0.0,0.0,2.0,Null,2017/2018,HAVELOCK ROAD,ST GEORGES ROAD,Non-Injury Crash,No,2018,North,0.0,,Flat,,,,,Bright sun,1472900.0,0.0,0.0,0.0,2.0,0.0,,,Hawke's Bay Region,Nil,2-way,Sealed,0.0,0.0,,70.0,,Null,0.0,0.0,,30.0,Hastings District,Give way,,,,,0.0,0.0,Urban,0.0,,,Light rain
654942,1922391.0,5639610.0,545811.0,0.0,0.0,0.0,North,2004/2005,SH 5,GLENGARRY ROAD,Non-Injury Crash,Yes,2004,North,0.0,0.0,Hill Road,0.0,,0.0,0.0,Overcast,1414600.0,0.0,0.0,0.0,2.0,0.0,0.0,,Hawke's Bay Region,Nil,2-way,Sealed,0.0,0.0,0.0,100.0,0.0,Null,0.0,0.0,,30.0,Hastings District,Nil,0.0,0.0,0.0,0.0,0.0,0.0,Open,1.0,0.0,0.0,Heavy rain
10598,1912660.0,5586854.0,545851.0,0.0,0.0,0.0,South,2011/2012,SH 2,WAIKAREAO ROAD,Minor Crash,Yes,2012,South,0.0,0.0,Hill Road,0.0,,0.0,0.0,Bright sun,1464600.0,1.0,0.0,0.0,3.0,0.0,0.0,,Hawke's Bay Region,Nil,2-way,Sealed,0.0,0.0,0.0,100.0,0.0,Null,0.0,0.0,,30.0,Hastings District,Nil,0.0,0.0,0.0,0.0,2.0,0.0,Open,0.0,0.0,0.0,Fine
370087,1928982.0,5602949.0,545762.0,0.0,0.0,2.0,Null,2018/2019,RIVERSLEA ROAD SOUTH,TOLLEMACHE ROAD EAST,Minor Crash,No,2018,West,0.0,,Flat,,,,,Twilight,1468200.0,3.0,0.0,0.0,2.0,0.0,,,Hawke's Bay Region,Nil,2-way,Sealed,0.0,0.0,,50.0,,On,0.0,0.0,,30.0,Hastings District,Stop,,,,,0.0,0.0,Urban,0.0,,,Fine
716712,1936704.0,5601513.0,548833.0,0.0,0.0,1.0,North,2013/2014,RIVER ROAD,TE MATA MANGATERETERE ROA,Serious Crash,No,2013,South,0.0,1.0,Hill Road,0.0,,0.0,0.0,Dark,1466802.0,0.0,0.0,0.0,2.0,0.0,0.0,,Hawke's Bay Region,Nil,2-way,Sealed,0.0,1.0,0.0,100.0,0.0,None,0.0,0.0,,30.0,Hastings District,Nil,0.0,0.0,0.0,0.0,0.0,0.0,Open,0.0,0.0,0.0,Fine
326876,1931829.0,5592519.0,545860.0,0.0,0.0,1.0,South,2006/2007,KAHURANAKI ROAD,WAIMARAMA ROAD,Non-Injury Crash,No,2007,North,0.0,1.0,Flat,0.0,,0.0,0.0,Bright sun,1467400.0,0.0,0.0,0.0,2.0,0.0,0.0,,Hawke's Bay Region,Nil,2-way,Sealed,0.0,0.0,0.0,100.0,0.0,Null,0.0,0.0,,30.0,Hastings District,Nil,0.0,0.0,0.0,0.0,0.0,0.0,Open,0.0,0.0,0.0,Fine
18754,1928283.0,5602180.0,545762.0,0.0,0.0,1.0,North,2017/2018,RIVERSLEA ROAD SOUTH,DAVIS ROAD,Minor Crash,No,2018,North,0.0,,Flat,,,,,Bright sun,1468200.0,2.0,0.0,0.0,2.0,0.0,,,Hawke's Bay Region,Nil,2-way,Sealed,0.0,0.0,,100.0,,Null,1.0,0.0,,30.0,Hastings District,Nil,,,,,0.0,0.0,Open,0.0,,,Fine
416762,1923175.0,5612734.0,545822.0,0.0,0.0,0.0,South,2002/2003,SWAMP ROAD,PIRAU ROAD,Minor Crash,No,2003,South,0.0,,Flat,,,,,Overcast,1408402.0,1.0,0.0,0.0,2.0,1.0,,,Hawke's Bay Region,Nil,2-way,Sealed,0.0,0.0,,100.0,,None,0.0,0.0,,30.0,Hastings District,Nil,,,,,0.0,0.0,Open,0.0,,,Fine
702879,1933411.0,5601813.0,548832.0,0.0,0.0,1.0,Null,2004/2005,MCHARDY ST,LINDSAY ST,Minor Crash,No,2005,East,0.0,,Flat,,,,,Overcast,1508200.0,1.0,0.0,0.0,2.0,0.0,,,Hawke's Bay Region,Nil,2-way,Unsealed,0.0,0.0,,50.0,,Null,0.0,0.0,,30.0,Hastings District,Nil,,,,,0.0,0.0,Urban,1.0,,,Fine
440073,1929036.0,5603008.0,545762.0,0.0,0.0,1.0,North,2001/2002,RIVERSLEA ROAD SOUTH,TOLLEMACHE ROAD EAST,Non-Injury Crash,No,2002,South,0.0,0.0,Flat,0.0,,0.0,0.0,Dark,1469500.0,0.0,0.0,0.0,2.0,0.0,0.0,,Hawke's Bay Region,Nil,2-way,Sealed,0.0,0.0,0.0,50.0,0.0,None,0.0,0.0,,30.0,Hastings District,Nil,0.0,0.0,0.0,0.0,0.0,0.0,Urban,0.0,0.0,0.0,Fine
305913,1929548.0,5604672.0,548200.0,0.0,0.0,2.0,Null,2000/2001,RAILWAY ROAD,SOUTHAMPTON ST WEST,Non-Injury Crash,No,2000,West,0.0,,Flat,,,,,Overcast,1489700.0,0.0,0.0,0.0,3.0,0.0,,,Hawke's Bay Region,Nil,2-way,Sealed,0.0,0.0,,50.0,,Null,0.0,0.0,,30.0,Hastings District,Traffic Signals,,,,,0.0,0.0,Urban,0.0,,,Light rain
369669,1932605.0,5609787.0,545832.0,0.0,0.0,2.0,North,2012/2013,PAKOWHAI ROAD,FARNDON ROAD,Non-Injury Crash,No,2012,South,0.0,,Flat,,,,,Dark,1404200.0,0.0,0.0,0.0,2.0,0.0,,,Hawke's Bay Region,Bridge,2-way,Sealed,0.0,0.0,,100.0,,None,0.0,0.0,,30.0,Hastings District,Nil,,,,,0.0,0.0,Open,0.0,,,Fine
473206,1930912.0,5607891.0,545710.0,0.0,0.0,2.0,Null,2016/2017,RICHMOND ROAD,PAKOWHAI ROAD,Minor Crash,No,2017,South,0.0,,Flat,,,,,Overcast,1471100.0,2.0,0.0,0.0,2.0,0.0,,,Hawke's Bay Region,Nil,2-way,Sealed,0.0,0.0,,80.0,,Null,0.0,0.0,,30.0,Hastings District,Stop,,,,,0.0,0.0,Open,0.0,,,Fine
468977,1927582.0,5607392.0,548400.0,0.0,0.0,2.0,Null,2009/2010,SH 50A,OMAHU ROAD,Non-Injury Crash,Yes,2010,North,0.0,,Flat,,,,,Bright sun,1473500.0,0.0,0.0,0.0,2.0,0.0,,,Hawke's Bay Region,Nil,2-way,Sealed,0.0,0.0,,100.0,,Null,0.0,0.0,,30.0,Hastings District,Give way,,,,,0.0,0.0,Open,0.0,,,Fine
384971,1930935.0,5613540.0,545831.0,0.0,0.0,0.0,Null,2005/2006,SH 50A,SH 50,Non-Injury Crash,Yes,2005,North,0.0,,Flat,,,,,Bright sun,1404600.0,0.0,0.0,0.0,3.0,1.0,,,Hawke's Bay Region,Nil,2-way,Sealed,0.0,0.0,,100.0,,Null,0.0,0.0,,30.0,Hastings District,Give way,,,,,0.0,0.0,Open,1.0,,,Fine
632165,1930614.0,5603905.0,548100.0,0.0,0.0,2.0,Null,2011/2012,HERETAUNGA ST EAST,PARK ROAD SOUTH,Non-Injury Crash,No,2011,South,0.0,,Flat,,,,,Overcast,1501200.0,0.0,0.0,0.0,2.0,0.0,,,Hawke's Bay Region,Nil,2-way,Sealed,0.0,0.0,,50.0,,Null,0.0,0.0,,30.0,Hastings District,Give way,,,,,0.0,0.0,Urban,0.0,,,Fine
506926,1934955.0,5609181.0,545722.0,0.0,0.0,1.0,South,2003/2004,SH 2,RAILWAY ROAD,Non-Injury Crash,Yes,2004,North,0.0,0.0,Flat,1.0,,0.0,0.0,Bright sun,1406300.0,0.0,0.0,0.0,2.0,0.0,0.0,,Hawke's Bay Region,Nil,2-way,Sealed,0.0,0.0,0.0,100.0,0.0,Null,0.0,0.0,,30.0,Hastings District,Nil,0.0,0.0,0.0,0.0,1.0,0.0,Open,0.0,0.0,0.0,Fine
552648,1925635.0,5613121.0,545822.0,0.0,1.0,1.0,West,2006/2007,SH 50,OMARUNUI ROAD,Non-Injury Crash,Yes,2006,East,0.0,,Flat,,,,,Overcast,1408800.0,0.0,0.0,0.0,2.0,0.0,,,Hawke's Bay Region,Nil,2-way,Sealed,0.0,0.0,,100.0,,Null,0.0,0.0,,30.0,Hastings District,Nil,,,,,0.0,0.0,Open,0.0,,,Mist or Fog
639732,1935544.0,5611148.0,545832.0,0.0,0.0,1.0,South,2016/2017,FARNDON ROAD,WAITAHA PLACE,Non-Injury Crash,No,2017,South,0.0,0.0,Flat,0.0,Christmas New Year,0.0,0.0,Overcast,1404300.0,0.0,0.0,0.0,2.0,0.0,0.0,,Hawke's Bay Region,Nil,2-way,Sealed,0.0,0.0,0.0,100.0,0.0,Null,0.0,0.0,,30.0,Hastings District,Unknown,0.0,0.0,0.0,0.0,0.0,0.0,Open,1.0,0.0,0.0,Light rain
150908,1925399.0,5606234.0,548620.0,0.0,0.0,0.0,North,2005/2006,WILSON ROAD,DUNDEE DRIVE,Non-Injury Crash,No,2005,South,0.0,,Flat,,,,,Bright sun,1474800.0,0.0,0.0,0.0,2.0,0.0,,,Hawke's Bay Region,Nil,2-way,Sealed,0.0,0.0,,50.0,,Null,0.0,0.0,,30.0,Hastings District,Nil,,,,,0.0,0.0,Urban,2.0,,,Fine
28088,1909879.0,5639535.0,545912.0,0.0,0.0,0.0,West,2009/2010,PUKETITIRI ROAD,HENDLEY ROAD,Serious Crash,No,2010,East,0.0,0.0,Hill Road,0.0,,0.0,0.0,Dark,1411800.0,0.0,0.0,0.0,2.0,0.0,0.0,,Hawke's Bay Region,Nil,2-way,Sealed,0.0,1.0,0.0,100.0,0.0,None,1.0,0.0,,30.0,Hastings District,Nil,0.0,0.0,0.0,0.0,0.0,0.0,Open,0.0,0.0,0.0,Fine
553610,1929956.0,5604530.0,548200.0,0.0,0.0,3.0,Null,2000/2001,HASTINGS ST SOUTH,EASTBOURNE ST EAST,Non-Injury Crash,No,2000,North,0.0,,Flat,,,,,Overcast,1493200.0,0.0,0.0,0.0,2.0,0.0,,,Hawke's Bay Region,Nil,2-way,Sealed,0.0,0.0,,50.0,,Null,0.0,0.0,,30.0,Hastings District,Give way,,,,,0.0,0.0,Urban,0.0,,,Fine
427212,1924161.0,5607566.0,548611.0,0.0,0.0,2.0,North,2003/2004,PALGRAVE AVENUE,DIAZ DRIVE,Minor Crash,No,2003,North,0.0,,Flat,,,,,Dark,1473902.0,1.0,0.0,0.0,1.0,0.0,,,Hawke's Bay Region,Nil,2-way,Sealed,0.0,0.0,,50.0,,On,0.0,0.0,,30.0,Hastings District,Nil,,,,,0.0,0.0,Urban,0.0,,,Fine
521105,1929719.0,5606985.0,545710.0,0.0,0.0,2.0,East,2016/2017,PAKOWHAI ROAD,DUKE ST,Non-Injury Crash,No,2016,North,0.0,,Flat,,,,,Bright sun,1471300.0,0.0,0.0,0.0,2.0,0.0,,,Hawke's Bay Region,Nil,2-way,Sealed,0.0,0.0,,50.0,,Off,0.0,0.0,,30.0,Hastings District,Unknown,,,,,0.0,0.0,Urban,0.0,,,Fine
181431,1930001.0,5605586.0,548200.0,0.0,0.0,1.0,North,2001/2002,NELSON ST NORTH,WHITEHEAD ROAD,Non-Injury Crash,No,2002,North,0.0,0.0,Flat,0.0,,0.0,1.0,Overcast,1491000.0,0.0,0.0,0.0,2.0,0.0,0.0,,Hawke's Bay Region,Nil,2-way,Sealed,0.0,0.0,0.0,50.0,0.0,Null,0.0,0.0,,30.0,Hastings District,Nil,0.0,1.0,0.0,0.0,0.0,0.0,Urban,0.0,0.0,0.0,Fine
695586,1934220.0736,5607189.3897,545722.0,0.0,0.0,1.0,Null,2018/2019,SH 51,NAPIER ROAD,Non-Injury Crash,Yes,2019,North,0.0,,Flat,,,,,Overcast,1406400.0,0.0,0.0,0.0,2.0,0.0,,,Hawke's Bay Region,Nil,1-way,Sealed,0.0,0.0,,80.0,,Off,0.0,0.0,,30.0,Hastings District,Give way,,,,,0.0,0.0,Open,1.0,,,Fine
741549,1927908.2688,5601779.5697,545852.0,0.0,0.0,1.0,Null,2019/2020,LONGLANDS ROAD EAST,RIVERSLEA ROAD SOUTH,Non-Injury Crash,No,2020,North,0.0,,Flat,,,,,Dark,1468700.0,0.0,0.0,0.0,2.0,0.0,,,Hawke's Bay Region,Nil,2-way,Sealed,0.0,0.0,,100.0,,On,0.0,0.0,,30.0,Hastings District,Give way,,,,,0.0,0.0,Open,1.0,,,Light rain
20548,1932090.0,5608859.0,545710.0,0.0,0.0,1.0,West,2015/2016,PAKOWHAI ROAD,RUAHAPIA ROAD,Non-Injury Crash,No,2015,West,0.0,,Flat,,,,,Bright sun,1471100.0,0.0,0.0,0.0,2.0,0.0,,,Hawke's Bay Region,Nil,2-way,Sealed,0.0,0.0,,80.0,,Null,0.0,0.0,,30.0,Hastings District,Unknown,,,,,0.0,0.0,Open,0.0,,,Fine
519783,1930065.0,5604789.0,548200.0,1.0,0.0,1.0,Null,2001/2002,QUEEN ST EAST,WARREN ST NORTH,Minor Crash,No,2002,South,0.0,,Flat,,,,,Bright sun,1493400.0,1.0,0.0,0.0,2.0,0.0,,,Hawke's Bay Region,Nil,2-way,Sealed,0.0,0.0,,50.0,,Null,0.0,0.0,,30.0,Hastings District,Give way,,,,,0.0,0.0,Urban,0.0,,,Fine
309854,1929851.0,5605477.0,548200.0,0.0,0.0,2.0,Null,2004/2005,ST AUBYN ST WEST,NELSON ST NORTH,Non-Injury Crash,No,2005,West,0.0,,Flat,,,,,Bright sun,1491000.0,0.0,0.0,0.0,4.0,0.0,,,Hawke's Bay Region,Nil,2-way,Sealed,0.0,0.0,,50.0,,Null,0.0,0.0,,30.0,Hastings District,Traffic Signals,,,,,0.0,0.0,Urban,0.0,,,Fine
307548,1923352.0,5610218.0,545710.0,0.0,0.0,1.0,Null,2002/2003,SH 50,OMAHU ROAD,Minor Crash,Yes,2003,North,0.0,,Flat,,,,,Bright sun,1470500.0,2.0,0.0,0.0,2.0,0.0,,,Hawke's Bay Region,Nil,2-way,Sealed,0.0,0.0,,100.0,,Null,0.0,0.0,,30.0,Hastings District,Give way,,,,,0.0,0.0,Open,1.0,,,Fine
254840,1931045.0,5605391.0,548000.0,0.0,0.0,2.0,South,2001/2002,WOLSELEY ST,SH 2,Non-Injury Crash,No,2001,South,0.0,,Flat,,,,,Bright sun,1497500.0,0.0,0.0,0.0,2.0,0.0,,,Hawke's Bay Region,Nil,2-way,Sealed,0.0,0.0,,50.0,,Null,0.0,0.0,,30.0,Hastings District,Nil,,,,,0.0,0.0,Urban,0.0,,,Fine
391721,1934095.0,5601274.0,548832.0,0.0,0.0,1.0,North,2003/2004,SIMLA AVENUE,TE MATA PEAK ROAD,Non-Injury Crash,No,2003,North,0.0,1.0,Hill Road,0.0,,0.0,0.0,Bright sun,1510500.0,0.0,0.0,0.0,2.0,0.0,0.0,,Hawke's Bay Region,Nil,2-way,Sealed,0.0,0.0,0.0,50.0,0.0,Null,0.0,0.0,,30.0,Hastings District,Nil,0.0,0.0,0.0,0.0,0.0,0.0,Urban,0.0,0.0,0.0,Fine
35547,1934885.0,5609098.0,545722.0,0.0,0.0,1.0,South,2006/2007,SH 2,RAILWAY ROAD,Serious Crash,Yes,2007,North,0.0,,Flat,,,,,Dark,1406300.0,0.0,0.0,0.0,2.0,0.0,,1.0,Hawke's Bay Region,Nil,2-way,Sealed,0.0,1.0,,100.0,,On,0.0,0.0,,30.0,Hastings District,Unknown,,,,,0.0,0.0,Open,0.0,,,Fine
91433,1937778.0,5606558.0,545740.0,0.0,0.0,1.0,North,2016/2017,TUKITUKI ROAD,TENNANT ROAD,Serious Crash,No,2016,South,0.0,0.0,Flat,0.0,,0.0,0.0,Dark,1407600.0,0.0,0.0,0.0,2.0,0.0,0.0,,Hawke's Bay Region,Nil,2-way,Sealed,0.0,1.0,0.0,100.0,0.0,None,0.0,0.0,,30.0,Hastings District,Unknown,0.0,0.0,0.0,0.0,0.0,0.0,Open,0.0,0.0,0.0,Light rain
112747,1923352.0,5610218.0,545710.0,0.0,0.0,0.0,Null,2008/2009,OMAHU ROAD,SH 50,Non-Injury Crash,No,2009,North,0.0,,Flat,,,,,Overcast,1470500.0,0.0,0.0,0.0,2.0,0.0,,,Hawke's Bay Region,Nil,2-way,Sealed,0.0,0.0,,100.0,,Null,0.0,0.0,,30.0,Hastings District,Give way,,,,,1.0,0.0,Open,1.0,,,Fine
69697,1928165.0,5597555.0,545851.0,0.0,0.0,0.0,South,2017/2018,MIDDLE ROAD,HILTON STATION ROAD,Non-Injury Crash,No,2018,South,0.0,1.0,Hill Road,0.0,,0.0,0.0,Twilight,1465802.0,0.0,0.0,0.0,2.0,0.0,0.0,,Hawke's Bay Region,Nil,2-way,Sealed,0.0,0.0,0.0,100.0,0.0,None,1.0,0.0,30.0,30.0,Hastings District,Unknown,0.0,0.0,0.0,1.0,0.0,0.0,Open,0.0,0.0,0.0,Fine
685632,1930367.0,5604176.0,548300.0,0.0,0.0,2.0,Null,2009/2010,HERETAUNGA ST EAST,RIVERSLEA ROAD,Non-Injury Crash,No,2010,South,0.0,1.0,Flat,0.0,,1.0,0.0,Dark,1501600.0,0.0,0.0,0.0,2.0,0.0,0.0,,Hawke's Bay Region,Nil,2-way,Sealed,0.0,0.0,0.0,50.0,0.0,On,0.0,0.0,,30.0,Hastings District,Give way,0.0,1.0,0.0,0.0,0.0,0.0,Urban,0.0,0.0,0.0,Fine
217371,1924838.0,5600649.0,545851.0,0.0,0.0,1.0,North,2012/2013,SH 50A PAKI PAKI ROAD,TURAMOE ROAD,Minor Crash,Yes,2012,North,0.0,,Flat,,,,,Bright sun,1463500.0,3.0,0.0,0.0,2.0,0.0,,,Hawke's Bay Region,Nil,2-way,Sealed,0.0,0.0,,100.0,,Null,0.0,0.0,,30.0,Hastings District,Nil,,,,,1.0,0.0,Open,1.0,,,Fine
720713,1924146.0,5607853.0,548611.0,0.0,0.0,1.0,East,2011/2012,KINGSLEY DRIVE,PEARY CRESCENT W,Non-Injury Crash,No,2011,East,0.0,0.0,Flat,0.0,,0.0,1.0,Overcast,1470317.0,0.0,0.0,0.0,2.0,0.0,0.0,,Hawke's Bay Region,Nil,2-way,Sealed,0.0,0.0,0.0,50.0,0.0,Null,0.0,0.0,,30.0,Hastings District,Nil,0.0,0.0,0.0,1.0,0.0,0.0,Urban,0.0,0.0,0.0,Fine
122518,1930147.1619999998,5604674.8112,548200.0,0.0,0.0,2.0,North,2016/2017,HASTINGS STREET NORTH,QUEEN ST EAST,Minor Crash,No,2017,East,0.0,,Flat,,,,,Bright sun,1493900.0,1.0,0.0,0.0,2.0,0.0,,,Hawke's Bay Region,Nil,2-way,Sealed,0.0,0.0,,50.0,,Off,0.0,0.0,,30.0,Hastings District,Give way,,,,,0.0,0.0,Urban,0.0,,,Fine