OBJECTID,X,Y,areaUnitID,bicycle,bus,carStationWagon,crashDirectionDescription,crashFinancialYear,crashLocation1,crashLocation2,crashSeverity,crashSHDescription,crashYear,directionRoleDescription,fatalCount,fence,flatHill,guardRail,holiday,houseOrBuilding,kerb,light,meshblockId,minorInjuryCount,moped,motorcycle,NumberOfLanes,otherVehicleType,parkedVehicle,pedestrian,region,roadCharacter,roadLane,roadSurface,schoolBus,seriousInjuryCount,slipOrFlood,speedLimit,strayAnimal,streetLight,suv,taxi,temporarySpeedLimit,tlaId,tlaName,trafficControl,trafficIsland,trafficSign,train,tree,truck,unknownVehicleType,urban,vanOrUtility,vehicle,waterRiver,weatherA
645669,1935072.0,5598358.0,548833.0,0.0,0.0,2.0,South,2010/2011,TE MATA PEAK ROAD,PEAKHOUSE,Minor Crash,No,2011,North,0.0,,Flat,,,,,Bright sun,1467003.0,1.0,0.0,0.0,2.0,0.0,,,Hawke's Bay Region,Nil,2-way,Sealed,0.0,0.0,,100.0,,None,0.0,0.0,,30.0,Hastings District,Nil,,,,,0.0,0.0,Open,0.0,,,Fine
728031,1930061.0597,5604608.2148,548200.0,1.0,0.0,1.0,Null,2019/2020,HASTINGS STREET NORTH,HERETAUNGA STREET EAST,Minor Crash,No,2019,South,0.0,,Flat,,,,,Overcast,1493900.0,1.0,0.0,0.0,2.0,0.0,,,Hawke's Bay Region,Nil,2-way,Sealed,0.0,0.0,,50.0,,Off,0.0,0.0,,30.0,Hastings District,Give way,,,,,0.0,0.0,Urban,0.0,,,Fine
657378,1936458.0,5609908.0,545730.0,0.0,0.0,0.0,Null,2005/2006,MILL ROAD,RICHMOND ROAD,Non-Injury Crash,No,2005,West,0.0,0.0,Flat,0.0,,0.0,0.0,Bright sun,1405403.0,0.0,0.0,0.0,2.0,1.0,0.0,,Hawke's Bay Region,Nil,2-way,Sealed,0.0,0.0,0.0,100.0,0.0,Null,0.0,0.0,,30.0,Hastings District,Give way,0.0,0.0,0.0,0.0,1.0,0.0,Open,0.0,0.0,0.0,Fine
662563,1931789.8833,5631375.4641,545611.0,0.0,0.0,1.0,South,2005/2006,HILL ROAD,SH 5,Fatal Crash,No,2006,North,1.0,1.0,Hill Road,0.0,,0.0,0.0,Dark,1413900.0,0.0,0.0,0.0,2.0,0.0,0.0,,Hawke's Bay Region,Nil,2-way,Sealed,0.0,0.0,0.0,100.0,0.0,None,0.0,0.0,,30.0,Hastings District,Nil,0.0,0.0,0.0,1.0,0.0,0.0,Open,0.0,0.0,0.0,Fine
559161,1910953.0,5663855.0,545911.0,0.0,0.0,1.0,South,2017/2018,SH 5,TE HAROTO ROAD,Non-Injury Crash,Yes,2017,South,0.0,0.0,Flat,1.0,,0.0,0.0,Bright sun,1414400.0,0.0,0.0,0.0,2.0,0.0,0.0,,Hawke's Bay Region,Nil,2-way,Sealed,0.0,0.0,0.0,100.0,0.0,Null,0.0,0.0,,30.0,Hastings District,Unknown,0.0,0.0,0.0,0.0,0.0,0.0,Open,0.0,0.0,0.0,Fine
704089,1925116.0,5607017.0,548620.0,0.0,0.0,2.0,West,2002/2003,SWANSEA ROAD,HENDERSON ROAD,Minor Crash,No,2002,West,0.0,,Flat,,,,,Overcast,1473700.0,1.0,0.0,0.0,2.0,0.0,,,Hawke's Bay Region,Nil,2-way,Sealed,0.0,0.0,,50.0,,Null,0.0,0.0,,30.0,Hastings District,Nil,,,,,0.0,0.0,Urban,0.0,,,Light rain
477822,1928910.0,5606116.0,547700.0,0.0,0.0,1.0,South,2012/2013,HERETAUNGA ST WEST,STORTFORD ST,Non-Injury Crash,No,2012,South,0.0,,Flat,,,,,Overcast,1486700.0,0.0,0.0,0.0,2.0,0.0,,,Hawke's Bay Region,Nil,2-way,Sealed,0.0,0.0,,50.0,,Null,0.0,0.0,,30.0,Hastings District,Nil,,,,,0.0,0.0,Urban,2.0,,,Fine
471769,1921351.0,5642047.0,545811.0,0.0,0.0,0.0,North,2009/2010,SH 5,ELAND STN ENT,Minor Crash,Yes,2010,North,0.0,,Hill Road,,,,,Bright sun,1414700.0,1.0,0.0,0.0,3.0,0.0,,,Hawke's Bay Region,Nil,2-way,Sealed,0.0,0.0,,100.0,,Null,2.0,0.0,,30.0,Hastings District,Nil,,,,,0.0,0.0,Open,1.0,,,Fine
489611,1928827.0,5603914.0,547900.0,1.0,0.0,1.0,West,2010/2011,MURDOCH ROAD WEST,RAILWAY ROAD,Minor Crash,No,2010,East,0.0,0.0,Flat,0.0,,0.0,0.0,Bright sun,1482600.0,1.0,0.0,0.0,2.0,0.0,0.0,,Hawke's Bay Region,Nil,2-way,Sealed,0.0,0.0,0.0,50.0,0.0,Null,0.0,0.0,,30.0,Hastings District,Nil,0.0,0.0,0.0,0.0,0.0,0.0,Urban,0.0,1.0,0.0,Fine
615681,1925233.0,5607688.0,548620.0,0.0,0.0,2.0,North,2001/2002,CHATHAM ROAD,WHITBY CRESCENT,Non-Injury Crash,No,2002,South,0.0,,Flat,,,,,Dark,1474204.0,0.0,0.0,0.0,2.0,0.0,,,Hawke's Bay Region,Nil,2-way,Sealed,0.0,0.0,,50.0,,On,0.0,0.0,,30.0,Hastings District,Nil,,,,,0.0,0.0,Urban,0.0,,,Fine
57309,1932464.0,5601639.0,548810.0,0.0,0.0,2.0,Null,2008/2009,TE AUTE ROAD,PORTER DRIVE,Non-Injury Crash,No,2008,North,0.0,,Flat,,,,,Bright sun,1505200.0,0.0,0.0,0.0,2.0,0.0,,,Hawke's Bay Region,Nil,2-way,Sealed,0.0,0.0,,50.0,,Null,0.0,0.0,,30.0,Hastings District,Give way,,,,,0.0,0.0,Urban,0.0,,,Fine
735658,1933556.0,5602079.0,548832.0,0.0,0.0,2.0,Null,2015/2016,TE MATA ROAD,HILLSBROOK PLACE,Non-Injury Crash,No,2016,West,0.0,,Flat,,,,,Overcast,1510200.0,0.0,0.0,0.0,2.0,0.0,,,Hawke's Bay Region,Nil,2-way,Sealed,0.0,0.0,,50.0,,Null,0.0,0.0,,30.0,Hastings District,Give way,,,,,0.0,0.0,Urban,0.0,,,Null
553831,1930963.0,5604938.0,548200.0,0.0,0.0,2.0,East,2017/2018,WILLOWPARK ROAD NORTH,ALEXANDRA ST,Minor Crash,No,2017,East,0.0,0.0,Flat,0.0,,0.0,0.0,Overcast,1495200.0,1.0,0.0,0.0,2.0,0.0,1.0,,Hawke's Bay Region,Nil,2-way,Sealed,0.0,0.0,0.0,50.0,0.0,Off,0.0,0.0,,30.0,Hastings District,Unknown,0.0,0.0,0.0,0.0,0.0,0.0,Urban,0.0,0.0,0.0,Light rain
684739,1928929.7854,5606695.0271,547800.0,0.0,0.0,1.0,South,2019/2020,FRIMLEY ROAD,HAPUKU STREET,Minor Crash,No,2020,South,0.0,,Flat,,,,,Bright sun,1477600.0,1.0,0.0,0.0,2.0,0.0,,,Hawke's Bay Region,Nil,2-way,Sealed,0.0,0.0,,50.0,,Off,1.0,0.0,,30.0,Hastings District,Nil,,,,,0.0,0.0,Urban,0.0,,,Fine
506284,1932164.0,5607448.0,545721.0,0.0,0.0,1.0,Null,2010/2011,OTENE ROAD,BENNETT ROAD,Non-Injury Crash,No,2010,North,0.0,1.0,Flat,0.0,,0.0,0.0,Dark,1471700.0,0.0,0.0,0.0,2.0,0.0,0.0,,Hawke's Bay Region,Nil,2-way,Sealed,0.0,0.0,0.0,100.0,0.0,None,0.0,0.0,,30.0,Hastings District,Nil,0.0,0.0,0.0,0.0,0.0,0.0,Open,0.0,0.0,0.0,Fine
439798,1924335.0,5607424.0,548612.0,0.0,0.0,2.0,West,2015/2016,SCOTT DRIVE,HUDSON ROAD,Non-Injury Crash,No,2016,East,0.0,,Flat,,,,,Bright sun,1474112.0,0.0,0.0,0.0,2.0,0.0,,,Hawke's Bay Region,Nil,2-way,Sealed,0.0,0.0,,50.0,,Null,0.0,0.0,,30.0,Hastings District,Unknown,,,,,0.0,0.0,Urban,0.0,,,Fine
268948,1931870.0,5607130.0,545721.0,0.0,0.0,2.0,Null,2016/2017,ELWOOD ROAD,OTENE ROAD,Minor Crash,No,2016,South,0.0,,Flat,,,,,Bright sun,1471700.0,1.0,0.0,0.0,2.0,0.0,,,Hawke's Bay Region,Nil,2-way,Sealed,0.0,0.0,,80.0,,Null,0.0,0.0,,30.0,Hastings District,Give way,,,,,0.0,0.0,Open,0.0,,,Fine
75998,1909174.0,5674579.0,545911.0,0.0,0.0,1.0,North,2011/2012,SH 5,TARAWERA TAV,Non-Injury Crash,Yes,2012,North,0.0,0.0,Hill Road,0.0,Queens Birthday,0.0,0.0,Overcast,1281200.0,0.0,0.0,0.0,2.0,0.0,0.0,,Hawke's Bay Region,Nil,2-way,Sealed,0.0,0.0,0.0,100.0,0.0,Null,0.0,0.0,,30.0,Hastings District,Nil,0.0,0.0,0.0,0.0,0.0,0.0,Open,0.0,0.0,0.0,Fine
531612,1928719.0,5605351.0,547700.0,0.0,0.0,2.0,North,2016/2017,FRANCIS HICKS AVENUE,PEPPER ST,Non-Injury Crash,No,2017,South,0.0,0.0,Flat,0.0,,0.0,0.0,Overcast,1487000.0,0.0,0.0,0.0,2.0,0.0,2.0,,Hawke's Bay Region,Nil,2-way,Sealed,0.0,0.0,0.0,50.0,0.0,Null,0.0,0.0,,30.0,Hastings District,Unknown,0.0,0.0,0.0,0.0,0.0,0.0,Urban,1.0,0.0,0.0,Fine
286263,1936183.0,5611652.0,545832.0,0.0,0.0,2.0,Null,2009/2010,SH 2,FARNDON ROAD,Minor Crash,Yes,2009,North,0.0,,Flat,,,,,Bright sun,1404200.0,1.0,0.0,0.0,2.0,0.0,,,Hawke's Bay Region,Nil,2-way,Sealed,0.0,0.0,,50.0,,Null,0.0,0.0,,30.0,Hastings District,Give way,,,,,0.0,0.0,Urban,0.0,,,Fine
295501,1930718.0,5606131.0,547600.0,0.0,0.0,1.0,East,2015/2016,NELSON ST NORTH,FREDERICK ST,Non-Injury Crash,No,2015,East,0.0,0.0,Flat,0.0,,0.0,0.0,Bright sun,1484100.0,0.0,0.0,0.0,2.0,0.0,1.0,,Hawke's Bay Region,Nil,2-way,Sealed,0.0,0.0,0.0,50.0,0.0,Null,0.0,0.0,,30.0,Hastings District,Unknown,0.0,0.0,0.0,0.0,0.0,0.0,Urban,1.0,0.0,0.0,Fine
20381,1927641.0,5607417.0,547800.0,0.0,0.0,1.0,Null,2002/2003,SH 50A,OMAHU ROAD,Non-Injury Crash,Yes,2002,West,0.0,0.0,Flat,0.0,,0.0,0.0,Bright sun,1476600.0,0.0,0.0,0.0,2.0,0.0,0.0,,Hawke's Bay Region,Nil,2-way,Sealed,0.0,0.0,0.0,50.0,0.0,Null,0.0,0.0,,30.0,Hastings District,Give way,1.0,0.0,0.0,0.0,1.0,0.0,Urban,0.0,0.0,0.0,Fine
276077,1932838.0621,5601932.522999999,548831.0,0.0,0.0,2.0,Null,2018/2019,NAPIER ROAD,KARANEMA DRIVE,Minor Crash,No,2019,South,0.0,,Hill Road,,,,,Bright sun,1509800.0,1.0,0.0,0.0,2.0,0.0,,,Hawke's Bay Region,Nil,2-way,Sealed,0.0,0.0,,50.0,,Off,0.0,0.0,,30.0,Hastings District,Give way,,,,,0.0,0.0,Urban,0.0,,,Fine
314658,1915320.0,5659052.0,545911.0,0.0,0.0,0.0,North,2004/2005,WAITARA ROAD,SH 5,Serious Crash,No,2004,South,0.0,,Hill Road,,,,,Bright sun,1415900.0,1.0,0.0,0.0,1.0,0.0,,,Hawke's Bay Region,Nil,2-way,Sealed,0.0,1.0,,100.0,,Null,0.0,0.0,,30.0,Hastings District,Nil,,,,,0.0,0.0,Open,2.0,,,Fine
127549,1932181.0,5611481.0,545832.0,0.0,0.0,2.0,South,2018/2019,PAKOWHAI ROAD,BROOKFIELDS ROAD,Minor Crash,No,2018,South,0.0,,Flat,,,,,Overcast,1404000.0,1.0,0.0,0.0,2.0,0.0,,,Hawke's Bay Region,Nil,2-way,Sealed,0.0,0.0,,60.0,,Null,0.0,0.0,,30.0,Hastings District,Unknown,,,,,0.0,0.0,Urban,0.0,,,Fine
540259,1931038.0,5605564.0,548000.0,0.0,0.0,1.0,Null,2015/2016,GROVE ROAD,KARAMU ROAD NORTH,Non-Injury Crash,No,2016,South,0.0,,Flat,,,,,Dark,1495700.0,0.0,0.0,0.0,2.0,0.0,,,Hawke's Bay Region,Nil,2-way,Sealed,0.0,0.0,,50.0,,On,0.0,0.0,,30.0,Hastings District,Traffic Signals,,,,,0.0,0.0,Urban,1.0,,,Fine
685386,1923013.0,5611328.0,545822.0,0.0,0.0,2.0,North,2012/2013,SH 50 KOROKIPO ROAD,HOTEL ROAD,Non-Injury Crash,Yes,2012,South,0.0,,Flat,,,,,Overcast,1409300.0,0.0,0.0,0.0,2.0,0.0,,,Hawke's Bay Region,Bridge,2-way,Unsealed,0.0,0.0,,50.0,,Null,0.0,0.0,,30.0,Hastings District,Nil,,,,,0.0,0.0,Urban,0.0,,,Fine
117377,1925552.0,5607930.0,545761.0,0.0,0.0,2.0,North,2005/2006,CHATHAM ROAD,MARGATE AVENUE,Non-Injury Crash,No,2005,North,0.0,,Flat,,,,,Dark,1470001.0,0.0,0.0,0.0,2.0,0.0,,,Hawke's Bay Region,Nil,2-way,Sealed,0.0,0.0,,70.0,,On,0.0,0.0,,30.0,Hastings District,Nil,,,,,0.0,0.0,Urban,0.0,,,Fine
223686,1927296.0,5605131.0,545761.0,0.0,0.0,1.0,Null,2009/2010,MARAEKAKAHO ROAD,YORK ROAD,Non-Injury Crash,No,2009,East,0.0,0.0,Flat,1.0,,0.0,0.0,Dark,1469905.0,0.0,0.0,0.0,2.0,0.0,0.0,,Hawke's Bay Region,Nil,2-way,Sealed,0.0,0.0,0.0,70.0,0.0,On,0.0,0.0,,30.0,Hastings District,Give way,0.0,0.0,0.0,0.0,0.0,0.0,Urban,0.0,0.0,0.0,Fine
571860,1932509.0,5610270.0,545832.0,0.0,0.0,2.0,South,2008/2009,PAKOWHAI ROAD,HODGSON ROAD,Minor Crash,No,2009,South,0.0,,Flat,,,,,Bright sun,1404100.0,1.0,0.0,0.0,2.0,0.0,,,Hawke's Bay Region,Nil,2-way,Sealed,0.0,0.0,,100.0,,Null,0.0,0.0,,30.0,Hastings District,Nil,,,,,0.0,0.0,Open,0.0,,,Fine
430259,1928005.0,5604821.0,547900.0,0.0,0.0,2.0,Null,2013/2014,WALL ROAD,CAMPBELL ST,Non-Injury Crash,No,2013,North,0.0,,Flat,,,,,Bright sun,1480900.0,0.0,0.0,0.0,2.0,0.0,,,Hawke's Bay Region,Nil,2-way,Sealed,0.0,0.0,,50.0,,Null,0.0,0.0,,30.0,Hastings District,Give way,,,,,0.0,0.0,Urban,0.0,,,Fine
649464,1932606.0,5606198.0,545721.0,0.0,0.0,1.0,Null,2012/2013,SH 2,ST GEORGES ROAD,Non-Injury Crash,Yes,2013,South,0.0,0.0,Flat,1.0,Christmas New Year,0.0,0.0,Dark,1472300.0,0.0,0.0,0.0,2.0,0.0,0.0,,Hawke's Bay Region,Nil,2-way,Sealed,0.0,0.0,0.0,80.0,0.0,On,0.0,0.0,,30.0,Hastings District,Give way,0.0,0.0,0.0,1.0,0.0,0.0,Open,0.0,0.0,0.0,Fine
305070,1924804.0,5603502.0,545842.0,0.0,0.0,1.0,South,2008/2009,MARAEKAKAHO ROAD,STOCK ROAD,Non-Injury Crash,No,2008,South,0.0,1.0,Flat,0.0,,0.0,0.0,Bright sun,1470213.0,0.0,0.0,0.0,2.0,0.0,0.0,,Hawke's Bay Region,Nil,2-way,Sealed,0.0,0.0,0.0,100.0,0.0,Null,0.0,0.0,,30.0,Hastings District,Nil,0.0,0.0,0.0,1.0,0.0,0.0,Open,0.0,0.0,0.0,Fine
496801,1933336.0,5601980.0,548832.0,0.0,0.0,2.0,South,2015/2016,TE MATA ROAD,DANVERS ST,Minor Crash,No,2016,East,0.0,,Flat,,,,,Overcast,1508200.0,1.0,0.0,0.0,2.0,0.0,,,Hawke's Bay Region,Nil,2-way,Sealed,0.0,0.0,,50.0,,Null,0.0,0.0,,30.0,Hastings District,Give way,,,,,0.0,0.0,Urban,0.0,,,Fine
59600,1927234.0,5602249.0,545762.0,0.0,0.0,2.0,Null,2014/2015,RAILWAY ROAD SOUTH,LONGLANDS ROAD WEST,Non-Injury Crash,No,2015,South,0.0,,Flat,,,,,Dark,1468200.0,0.0,0.0,0.0,2.0,0.0,,,Hawke's Bay Region,Nil,2-way,Sealed,0.0,0.0,,100.0,,On,0.0,0.0,,30.0,Hastings District,Give way,,,,,0.0,0.0,Open,0.0,,,Fine
254459,1929172.0,5633192.0,545811.0,0.0,0.0,2.0,Null,2010/2011,SH 5,WAIPUNGA ROAD,Non-Injury Crash,Yes,2011,West,0.0,,Flat,,,,,Overcast,1414700.0,0.0,0.0,0.0,2.0,0.0,,,Hawke's Bay Region,Nil,2-way,Sealed,0.0,0.0,,100.0,,Null,0.0,0.0,,30.0,Hastings District,Nil,,,,,0.0,0.0,Open,0.0,,,Fine
198736,1928533.0,5606518.0,548500.0,0.0,0.0,2.0,South,2013/2014,OMAHU ROAD,HAPUKA ST,Non-Injury Crash,No,2014,South,0.0,,Flat,,,,,Bright sun,1478700.0,0.0,0.0,0.0,2.0,0.0,,,Hawke's Bay Region,Nil,2-way,Sealed,0.0,0.0,,50.0,,Null,0.0,0.0,,30.0,Hastings District,Nil,,,,,0.0,0.0,Urban,0.0,,,Fine
673008,1930063.2232,5604610.9024,548200.0,1.0,0.0,1.0,Null,2019/2020,HASTINGS STREET NORTH,HERETAUNGA STREET EAST,Minor Crash,No,2020,South,0.0,,Flat,,,,,Bright sun,1493900.0,1.0,0.0,0.0,2.0,0.0,,,Hawke's Bay Region,Nil,2-way,Sealed,0.0,0.0,,50.0,,Off,0.0,0.0,,30.0,Hastings District,Give way,,,,,0.0,0.0,Urban,0.0,,,Fine
510857,1931896.0,5605061.0,548000.0,0.0,0.0,0.0,Null,1999/2000,COLLINGE ROAD,JUBILEE ST,Non-Injury Crash,No,2000,East,0.0,0.0,Flat,0.0,,0.0,0.0,Dark,1472500.0,0.0,0.0,0.0,2.0,0.0,0.0,,Hawke's Bay Region,Nil,2-way,Sealed,0.0,0.0,0.0,50.0,0.0,On,0.0,0.0,,30.0,Hastings District,Give way,0.0,1.0,0.0,0.0,0.0,0.0,Urban,1.0,0.0,0.0,Fine
96821,1933675.0,5601103.0,548832.0,0.0,0.0,2.0,West,2007/2008,GREENWOOD ROAD,MCHARDY ST,Non-Injury Crash,No,2008,West,0.0,1.0,Flat,0.0,,0.0,0.0,Twilight,1508700.0,0.0,0.0,0.0,2.0,0.0,1.0,,Hawke's Bay Region,Nil,2-way,Sealed,0.0,0.0,0.0,50.0,0.0,On,0.0,0.0,,30.0,Hastings District,Nil,0.0,0.0,0.0,0.0,0.0,0.0,Urban,0.0,0.0,0.0,Fine
68440,1925192.0,5606343.0,548620.0,0.0,0.0,2.0,North,2009/2010,BIRKENHEAD CRESCENT,SCARBOROUGH ROAD,Non-Injury Crash,No,2009,West,0.0,,Flat,,,,,Overcast,1474900.0,0.0,0.0,0.0,2.0,0.0,,,Hawke's Bay Region,Nil,2-way,Sealed,0.0,0.0,,50.0,,Null,0.0,0.0,,30.0,Hastings District,Nil,,,,,0.0,0.0,Urban,0.0,,,Light rain
55018,1928731.0,5606222.0,548500.0,0.0,0.0,2.0,South,2001/2002,MARAEKAKAHO ROAD,OMAHU ROAD,Minor Crash,No,2002,North,0.0,,Flat,,,,,Bright sun,1478800.0,1.0,0.0,0.0,2.0,0.0,,,Hawke's Bay Region,Nil,2-way,Sealed,0.0,0.0,,50.0,,Null,0.0,0.0,,30.0,Hastings District,Nil,,,,,0.0,0.0,Urban,0.0,,,Fine
708809,1931688.0,5605956.0,545721.0,0.0,0.0,2.0,Null,2017/2018,SH 2,KENILWORTH ROAD,Non-Injury Crash,Yes,2017,West,0.0,,Flat,,,,,Bright sun,1471700.0,0.0,0.0,0.0,2.0,0.0,,,Hawke's Bay Region,Nil,2-way,Sealed,0.0,0.0,,50.0,,Null,0.0,0.0,,30.0,Hastings District,Give way,,,,,0.0,0.0,Urban,0.0,,,Fine
431945,1928779.0,5606231.0,547700.0,0.0,0.0,2.0,Null,2004/2005,Z FCT B.P.,MARAEKAKAHO/HERETAUNGA,Non-Injury Crash,No,2004,South,0.0,,Flat,,,,,Overcast,1486600.0,0.0,0.0,0.0,1.0,0.0,,,Hawke's Bay Region,Nil,Off road,Sealed,0.0,0.0,,50.0,,Null,0.0,0.0,,30.0,Hastings District,Nil,,,,,0.0,0.0,Urban,0.0,,,Fine
516156,1928978.5207,5606023.3707,547700.0,0.0,0.0,2.0,Null,2018/2019,HERETAUNGA STREET WEST,DAVIS STREET,Non-Injury Crash,No,2019,West,0.0,0.0,Flat,0.0,,1.0,0.0,Dark,1486800.0,0.0,0.0,0.0,2.0,0.0,0.0,,Hawke's Bay Region,Nil,2-way,Sealed,0.0,0.0,0.0,50.0,0.0,On,0.0,0.0,,30.0,Hastings District,Stop,0.0,0.0,0.0,0.0,0.0,0.0,Urban,0.0,0.0,0.0,Fine
532974,1928917.0,5606708.0,547800.0,1.0,0.0,1.0,South,2013/2014,FRIMLEY ROAD,HAPUKA ST,Minor Crash,No,2013,North,0.0,0.0,Flat,0.0,,0.0,0.0,Bright sun,1477500.0,1.0,0.0,0.0,2.0,0.0,0.0,,Hawke's Bay Region,Nil,2-way,Sealed,0.0,0.0,0.0,50.0,0.0,Null,0.0,0.0,,30.0,Hastings District,Nil,0.0,0.0,0.0,0.0,0.0,0.0,Urban,0.0,1.0,0.0,Fine
323559,1932575.0,5608502.0,545721.0,0.0,0.0,2.0,Null,2012/2013,WHAKATU ROAD,RUAHAPIA ROAD,Minor Crash,No,2012,West,0.0,,Flat,,,,,Overcast,1471600.0,1.0,0.0,0.0,5.0,0.0,,,Hawke's Bay Region,Nil,2-way,Sealed,0.0,0.0,,100.0,,Null,0.0,0.0,,30.0,Hastings District,Give way,,,,,0.0,0.0,Open,0.0,,,Fine
429171,1927633.0,5607439.0,548400.0,0.0,0.0,2.0,Null,2016/2017,SH 50A,OMAHU ROAD,Non-Injury Crash,Yes,2017,West,0.0,,Flat,,,,,Overcast,1473600.0,0.0,0.0,0.0,2.0,0.0,,,Hawke's Bay Region,Nil,2-way,Sealed,0.0,0.0,,100.0,,Null,0.0,0.0,,30.0,Hastings District,Give way,,,,,0.0,0.0,Open,0.0,,,Fine
495724,1932537.0,5603588.0,545721.0,0.0,0.0,2.0,Null,2017/2018,CROSSES ROAD,ST GEORGES ROAD,Non-Injury Crash,No,2017,North,0.0,,Flat,,,,,Overcast,1472702.0,0.0,0.0,0.0,2.0,0.0,,,Hawke's Bay Region,Nil,2-way,Sealed,0.0,0.0,,80.0,,Null,0.0,0.0,,30.0,Hastings District,Stop,,,,,0.0,0.0,Open,0.0,,,Fine
364174,1936321.1695,5601391.9631,548833.0,0.0,0.0,1.0,Null,2019/2020,TE MATA ROAD,WAIMARAMA ROAD,Non-Injury Crash,No,2020,North,0.0,,Flat,,,,,Bright sun,1466801.0,0.0,0.0,0.0,2.0,0.0,,,Hawke's Bay Region,Nil,2-way,Sealed,0.0,0.0,,80.0,,Off,0.0,0.0,,30.0,Hastings District,Give way,,,,,0.0,0.0,Open,1.0,,,Fine
700406,1929367.0,5605111.0,548200.0,0.0,0.0,2.0,Null,2006/2007,LYNDON ROAD WEST,NELSON ST SOUTH,Minor Crash,No,2007,South,0.0,,Flat,,,,,Bright sun,1489400.0,1.0,0.0,0.0,2.0,0.0,,,Hawke's Bay Region,Nil,2-way,Sealed,0.0,0.0,,50.0,,Null,0.0,0.0,,30.0,Hastings District,Give way,,,,,0.0,0.0,Urban,0.0,,,Fine
300531,1930485.0,5606405.0,547600.0,0.0,0.0,2.0,Null,2015/2016,FREDERICK ST,TOMOANA ROAD,Non-Injury Crash,No,2016,South,0.0,,Flat,,,,,Twilight,1483800.0,0.0,0.0,0.0,2.0,0.0,,,Hawke's Bay Region,Nil,2-way,Sealed,0.0,0.0,,50.0,,Off,0.0,0.0,,30.0,Hastings District,Traffic Signals,,,,,0.0,0.0,Urban,0.0,,,Fine
727845,1932410.0,5603421.0,545721.0,0.0,0.0,2.0,South,2005/2006,ST GEORGES ROAD,CROSSES ROAD,Serious Crash,No,2006,South,0.0,,Flat,,,,,Dark,1472702.0,1.0,0.0,0.0,2.0,0.0,,,Hawke's Bay Region,Nil,2-way,Sealed,0.0,2.0,,100.0,,None,0.0,0.0,,30.0,Hastings District,Nil,,,,,0.0,0.0,Open,0.0,,,Heavy rain
159028,1928734.7631,5613833.1837,545831.0,0.0,0.0,2.0,Null,2018/2019,KOROKIPO ROAD,OMARUNUI ROAD,Non-Injury Crash,Yes,2019,South,0.0,,Flat,,,,,Overcast,1404500.0,0.0,0.0,0.0,2.0,0.0,,,Hawke's Bay Region,Nil,2-way,Sealed,0.0,0.0,,70.0,,Off,0.0,0.0,,30.0,Hastings District,Give way,,,,,0.0,0.0,Urban,0.0,,,Fine
726230,1936401.2008,5611269.7382,545730.0,0.0,0.0,1.0,North,2018/2019,002-0661,SCHOOL ROAD,Non-Injury Crash,Yes,2019,North,0.0,0.0,Hill Road,1.0,,0.0,0.0,Overcast,1404800.0,0.0,0.0,0.0,2.0,0.0,0.0,,Hawke's Bay Region,Bridge,2-way,Sealed,0.0,0.0,0.0,50.0,0.0,Off,0.0,0.0,,30.0,Hastings District,Unknown,0.0,0.0,0.0,0.0,0.0,0.0,Urban,0.0,0.0,0.0,Light rain
401584,1925271.0,5607432.0,548620.0,0.0,0.0,1.0,West,2000/2001,FLAXMERE AVENUE,WHITBY CRESCENT,Non-Injury Crash,No,2001,East,0.0,,Flat,,,,,Overcast,1474201.0,0.0,0.0,0.0,2.0,0.0,,,Hawke's Bay Region,Nil,2-way,Sealed,0.0,0.0,,50.0,,Null,0.0,0.0,,30.0,Hastings District,Nil,,,,,0.0,0.0,Urban,1.0,,,Fine
649723,1929464.0,5605185.0,548200.0,0.0,0.0,1.0,Null,2012/2013,EASTBOURNE ST WEST,NELSON ST SOUTH,Minor Crash,No,2013,North,0.0,,Flat,,,,,Bright sun,1488900.0,1.0,0.0,0.0,2.0,0.0,,,Hawke's Bay Region,Nil,2-way,Sealed,0.0,0.0,,50.0,,Null,1.0,0.0,,30.0,Hastings District,Stop,,,,,0.0,0.0,Urban,0.0,,,Fine
92628,1928976.0,5607517.0,545710.0,0.0,0.0,0.0,South,2017/2018,LYNDHURST ROAD,NOTTINGLEY ROAD,Non-Injury Crash,No,2017,North,0.0,0.0,Flat,0.0,,0.0,0.0,Bright sun,1471300.0,0.0,0.0,0.0,2.0,0.0,0.0,,Hawke's Bay Region,Nil,2-way,Sealed,0.0,0.0,0.0,50.0,0.0,Null,0.0,0.0,,30.0,Hastings District,Unknown,0.0,0.0,0.0,0.0,1.0,0.0,Urban,0.0,0.0,0.0,Fine
684754,1934231.0,5607341.0,545722.0,0.0,0.0,0.0,South,2012/2013,SH 2,PILCHER ROAD,Non-Injury Crash,Yes,2013,South,0.0,1.0,Hill Road,0.0,,0.0,0.0,Bright sun,1406400.0,0.0,0.0,0.0,2.0,0.0,0.0,,Hawke's Bay Region,Nil,2-way,Sealed,0.0,0.0,0.0,100.0,0.0,Null,0.0,0.0,,30.0,Hastings District,Nil,0.0,0.0,0.0,0.0,1.0,0.0,Open,0.0,0.0,0.0,Fine