OBJECTID,X,Y,areaUnitID,bicycle,bus,carStationWagon,crashDirectionDescription,crashFinancialYear,crashLocation1,crashLocation2,crashSeverity,crashSHDescription,crashYear,directionRoleDescription,fatalCount,fence,flatHill,guardRail,holiday,houseOrBuilding,kerb,light,meshblockId,minorInjuryCount,moped,motorcycle,NumberOfLanes,otherVehicleType,parkedVehicle,pedestrian,region,roadCharacter,roadLane,roadSurface,schoolBus,seriousInjuryCount,slipOrFlood,speedLimit,strayAnimal,streetLight,suv,taxi,temporarySpeedLimit,tlaId,tlaName,trafficControl,trafficIsland,trafficSign,train,tree,truck,unknownVehicleType,urban,vanOrUtility,vehicle,waterRiver,weatherA
497592,1931076.0,5613728.0,545831.0,0.0,1.0,1.0,South,2008/2009,PAKOWHAI ROAD,PAKOWHAI ON SBD,Non-Injury Crash,No,2008,South,0.0,,Flat,,,,,Bright sun,1404600.0,0.0,0.0,0.0,2.0,0.0,,,Hawke's Bay Region,Nil,2-way,Sealed,0.0,0.0,,100.0,,Null,0.0,0.0,,30.0,Hastings District,Nil,,,,,0.0,0.0,Open,0.0,,,Fine
561980,1927539.0,5602508.0,545762.0,0.0,0.0,1.0,North,1999/2000,RAILWAY ROAD SOUTH,LONGLANDS ROAD EAST,Non-Injury Crash,No,2000,South,0.0,0.0,Hill Road,0.0,,0.0,0.0,Dark,1468200.0,0.0,0.0,0.0,2.0,0.0,0.0,,Hawke's Bay Region,Nil,2-way,Sealed,0.0,0.0,0.0,100.0,0.0,None,0.0,0.0,30.0,30.0,Hastings District,Nil,0.0,0.0,0.0,0.0,0.0,0.0,Open,0.0,0.0,0.0,Fine
443069,1929450.0,5608815.0,545710.0,0.0,0.0,2.0,Null,2012/2013,SH 50A,EVENDEN ROAD,Non-Injury Crash,Yes,2012,East,0.0,,Flat,,,,,Overcast,1471201.0,0.0,0.0,0.0,2.0,0.0,,,Hawke's Bay Region,Nil,2-way,Sealed,0.0,0.0,,50.0,,Null,0.0,0.0,,30.0,Hastings District,Give way,,,,,1.0,0.0,Urban,0.0,,,Fine
737666,1925559.6865,5606360.5002,548620.0,0.0,0.0,2.0,Null,2019/2020,WILSON ROAD,ARBROATH AVENUE,Non-Injury Crash,No,2019,East,0.0,,Flat,,,,,Overcast,1475300.0,0.0,0.0,0.0,2.0,0.0,,,Hawke's Bay Region,Nil,2-way,Sealed,0.0,0.0,,50.0,,Off,0.0,0.0,,30.0,Hastings District,Nil,,,,,0.0,0.0,Urban,0.0,,,Fine
263593,1929657.0,5605330.0,548200.0,0.0,0.0,2.0,Null,1999/2000,NELSON ST NORTH,QUEEN ST WEST,Non-Injury Crash,No,2000,South,0.0,,Flat,,,,,Bright sun,1490800.0,0.0,0.0,0.0,2.0,0.0,,,Hawke's Bay Region,Nil,2-way,Sealed,0.0,0.0,,50.0,,Null,0.0,0.0,,30.0,Hastings District,Give way,,,,,0.0,0.0,Urban,0.0,,,Fine
491556,1928254.0,5604902.0,547900.0,0.0,0.0,2.0,South,2004/2005,CAMPBELL ST,OLIPHANT ROAD,Non-Injury Crash,No,2005,South,0.0,,Flat,,,,,Bright sun,1481800.0,0.0,0.0,0.0,2.0,0.0,,,Hawke's Bay Region,Nil,2-way,Sealed,0.0,0.0,,50.0,,Null,0.0,0.0,,30.0,Hastings District,Nil,,,,,0.0,0.0,Urban,0.0,,,Fine
192082,1930254.0,5607390.0,545710.0,0.0,0.0,2.0,Null,2007/2008,PAKOWHAI ROAD,WILLIAMS ST,Non-Injury Crash,No,2007,South,0.0,,Flat,,,,,Overcast,1471300.0,0.0,0.0,0.0,2.0,0.0,,,Hawke's Bay Region,Nil,2-way,Sealed,0.0,0.0,,50.0,,Null,0.0,0.0,,30.0,Hastings District,Give way,,,,,0.0,0.0,Urban,0.0,,,Fine
447292,1935076.0,5598172.0,548833.0,0.0,0.0,1.0,South,2012/2013,TE MATA PEAK ROAD,PEAKHOUSE,Fatal Crash,No,2013,North,1.0,0.0,Hill Road,0.0,,0.0,0.0,Dark,1467003.0,0.0,0.0,0.0,1.0,0.0,0.0,,Hawke's Bay Region,Nil,2-way,Sealed,0.0,0.0,0.0,50.0,0.0,None,0.0,0.0,,30.0,Hastings District,Nil,0.0,0.0,0.0,0.0,0.0,0.0,Urban,0.0,0.0,0.0,Fine
639889,1929314.0,5605583.0,547700.0,0.0,0.0,1.0,North,2014/2015,HERETAUNGA ST WEST,TOMOANA ROAD,Serious Crash,No,2015,South,0.0,,Flat,,,,,Bright sun,1487900.0,0.0,1.0,0.0,2.0,0.0,,,Hawke's Bay Region,Nil,2-way,Sealed,0.0,1.0,,50.0,,Null,0.0,0.0,,30.0,Hastings District,Nil,,,,,0.0,0.0,Urban,0.0,,,Fine
186271,1918552.0,5648809.0,545811.0,0.0,0.0,1.0,North,2017/2018,SH 5,OHURAKURA ROAD,Minor Crash,Yes,2017,South,0.0,0.0,Hill Road,0.0,Christmas New Year,0.0,0.0,Overcast,1414600.0,1.0,0.0,0.0,3.0,0.0,0.0,,Hawke's Bay Region,Nil,2-way,Sealed,0.0,0.0,0.0,100.0,0.0,Null,0.0,0.0,,30.0,Hastings District,Unknown,0.0,0.0,0.0,0.0,0.0,0.0,Open,0.0,0.0,0.0,Light rain
544186,1932475.0,5601853.0,548831.0,0.0,0.0,1.0,West,2001/2002,HAVELOCK ROAD,PORTER DRIVE,Non-Injury Crash,No,2002,West,0.0,1.0,Flat,0.0,,0.0,0.0,Dark,1509600.0,0.0,0.0,0.0,2.0,0.0,0.0,,Hawke's Bay Region,Nil,2-way,Sealed,0.0,0.0,0.0,50.0,0.0,Off,0.0,0.0,,30.0,Hastings District,Nil,0.0,1.0,0.0,1.0,0.0,0.0,Urban,0.0,0.0,0.0,Light rain
158146,1930328.0,5603435.0,548300.0,0.0,0.0,1.0,Null,2009/2010,LUMSDEN ROAD,OUTRAM ROAD,Minor Crash,No,2009,East,0.0,0.0,Flat,0.0,,0.0,0.0,Twilight,1502800.0,1.0,1.0,0.0,2.0,0.0,0.0,,Hawke's Bay Region,Nil,2-way,Sealed,0.0,0.0,0.0,50.0,0.0,Off,0.0,0.0,,30.0,Hastings District,Give way,1.0,1.0,0.0,0.0,0.0,0.0,Urban,0.0,0.0,0.0,Fine
174026,1929549.0,5604870.0,548200.0,0.0,0.0,1.0,Null,2012/2013,MARKET ST SOUTH,LYNDON ROAD WEST,Minor Crash,No,2012,West,0.0,,Flat,,,,,Bright sun,1489802.0,1.0,0.0,0.0,2.0,0.0,,,Hawke's Bay Region,Nil,2-way,Sealed,0.0,0.0,,50.0,,Null,0.0,0.0,,30.0,Hastings District,Give way,,,,,0.0,0.0,Urban,1.0,,,Fine
345644,1932489.0,5601575.0,548810.0,0.0,0.0,1.0,North,1999/2000,PORTER DRIVE,MIDDLE ROAD,Non-Injury Crash,No,2000,North,0.0,0.0,Flat,0.0,,0.0,0.0,Dark,1505700.0,0.0,0.0,0.0,2.0,0.0,0.0,,Hawke's Bay Region,Nil,2-way,Sealed,0.0,0.0,0.0,50.0,0.0,On,0.0,0.0,,30.0,Hastings District,Nil,0.0,0.0,0.0,1.0,0.0,0.0,Urban,0.0,0.0,0.0,Fine
536890,1929032.8530000001,5605955.0887,547700.0,1.0,0.0,1.0,North,2019/2020,HERETAUNGA STREET WEST,GALLIEN STREET,Minor Crash,No,2020,South,0.0,,Flat,,,,,Overcast,1487400.0,1.0,0.0,0.0,2.0,0.0,,,Hawke's Bay Region,Nil,2-way,Sealed,0.0,0.0,,50.0,,Off,0.0,0.0,,30.0,Hastings District,Nil,,,,,0.0,0.0,Urban,0.0,,,Fine
74834,1908958.0,5674691.0,545911.0,0.0,0.0,4.0,North,2003/2004,SH 5,TATARAAKINA ROAD,Non-Injury Crash,Yes,2004,South,0.0,,Hill Road,,Easter,,,Overcast,1281200.0,0.0,0.0,0.0,2.0,0.0,,,Hawke's Bay Region,Nil,2-way,Sealed,0.0,0.0,,100.0,,Null,0.0,0.0,,30.0,Hastings District,Nil,,,,,0.0,0.0,Open,0.0,,,Light rain
354465,1929119.0,5605839.0,547700.0,0.0,0.0,2.0,West,2010/2011,HERETAUNGA ST WEST,GRAYS ROAD,Non-Injury Crash,No,2010,East,0.0,,Flat,,,,,Overcast,1487300.0,0.0,0.0,0.0,2.0,0.0,,,Hawke's Bay Region,Nil,2-way,Sealed,0.0,0.0,,50.0,,Null,0.0,0.0,,30.0,Hastings District,Nil,,,,,0.0,0.0,Urban,0.0,,,Fine
77464,1925939.0,5594343.0,545851.0,1.0,0.0,0.0,South,2016/2017,MIDDLE ROAD,MUTINY ROAD,Minor Crash,No,2016,North,0.0,,Flat,,,,,Overcast,1465903.0,1.0,0.0,0.0,2.0,0.0,,,Hawke's Bay Region,Nil,2-way,Sealed,0.0,0.0,,100.0,,Null,0.0,0.0,,30.0,Hastings District,Unknown,,,,,0.0,0.0,Open,1.0,,,Fine
551186,1927216.0,5605071.0,545761.0,0.0,0.0,1.0,South,2004/2005,MARAEKAKAHO ROAD,YORK ROAD,Non-Injury Crash,No,2004,North,0.0,,Flat,,,,,Overcast,1470102.0,0.0,0.0,0.0,2.0,0.0,,,Hawke's Bay Region,Nil,2-way,Sealed,0.0,0.0,,70.0,,Null,0.0,0.0,,30.0,Hastings District,Nil,,,,,0.0,0.0,Urban,0.0,,,Fine
192016,1932274.0,5609028.0,545721.0,0.0,0.0,2.0,Null,2001/2002,PAKOWHAI ROAD,RUAHAPIA ROAD,Minor Crash,No,2001,South,0.0,1.0,Flat,0.0,,0.0,0.0,Overcast,1471600.0,2.0,0.0,0.0,2.0,0.0,0.0,,Hawke's Bay Region,Nil,2-way,Sealed,0.0,0.0,0.0,100.0,0.0,Null,0.0,0.0,,30.0,Hastings District,Give way,0.0,0.0,0.0,0.0,0.0,0.0,Open,0.0,0.0,0.0,Fine
52496,1929674.0,5614873.0,545831.0,0.0,0.0,1.0,South,2008/2009,WAIOHIKI ROAD,GLOUCESTER ST,Non-Injury Crash,No,2009,North,0.0,,Flat,,,,,Overcast,1409400.0,0.0,0.0,0.0,2.0,0.0,,,Hawke's Bay Region,Nil,2-way,Sealed,0.0,0.0,,70.0,,Null,0.0,0.0,,30.0,Hastings District,Nil,,,,,0.0,0.0,Urban,1.0,,,Light rain
678062,1931916.0,5604575.0,548000.0,0.0,0.0,1.0,North,2015/2016,BEATTY ST,HOOD ST,Non-Injury Crash,No,2016,South,0.0,,Flat,,,,,Bright sun,1499000.0,0.0,0.0,0.0,2.0,0.0,,1.0,Hawke's Bay Region,Nil,2-way,Sealed,0.0,0.0,,50.0,,Null,0.0,0.0,,30.0,Hastings District,Nil,,,,,0.0,0.0,Urban,0.0,,,Fine
436584,1930935.0,5613540.0,545831.0,0.0,0.0,0.0,Null,2006/2007,SH 50,SH 50A,Non-Injury Crash,Yes,2006,East,0.0,,Flat,,,,,Overcast,1404600.0,0.0,0.0,0.0,4.0,0.0,,,Hawke's Bay Region,Nil,2-way,Sealed,0.0,0.0,,100.0,,Null,1.0,0.0,,30.0,Hastings District,Give way,,,,,0.0,0.0,Open,1.0,,,Fine
733142,1928892.0,5606140.0,547700.0,0.0,0.0,3.0,East,2004/2005,HERETAUNGA ST WEST,STORTFORD ST,Minor Crash,No,2005,East,0.0,0.0,Flat,0.0,,0.0,0.0,Dark,1486700.0,1.0,0.0,0.0,2.0,0.0,1.0,,Hawke's Bay Region,Nil,2-way,Sealed,0.0,0.0,0.0,50.0,0.0,On,0.0,0.0,,30.0,Hastings District,Nil,0.0,0.0,0.0,0.0,0.0,0.0,Urban,0.0,0.0,0.0,Fine
725733,1931873.0,5607115.0,545721.0,0.0,0.0,1.0,South,2014/2015,ELWOOD ROAD,OTENE ROAD,Non-Injury Crash,No,2015,North,0.0,1.0,Flat,0.0,,0.0,0.0,Overcast,1471700.0,0.0,0.0,0.0,2.0,0.0,0.0,,Hawke's Bay Region,Nil,2-way,Sealed,0.0,0.0,0.0,80.0,0.0,Null,0.0,0.0,,30.0,Hastings District,Unknown,0.0,0.0,0.0,0.0,0.0,0.0,Open,0.0,0.0,0.0,Fine
322748,1926212.0,5608103.0,545710.0,0.0,0.0,1.0,East,2018/2019,OMAHU ROAD,CHATHAM ROAD,Non-Injury Crash,No,2018,West,0.0,1.0,Flat,0.0,,0.0,0.0,Dark,1470900.0,0.0,0.0,0.0,2.0,0.0,0.0,,Hawke's Bay Region,Nil,2-way,Sealed,0.0,0.0,0.0,50.0,0.0,On,0.0,0.0,,30.0,Hastings District,Unknown,0.0,0.0,0.0,0.0,0.0,0.0,Urban,0.0,0.0,0.0,Light rain
23347,1930935.0,5613540.0,545831.0,0.0,0.0,3.0,Null,2001/2002,SH 50A,LINKS ROAD,Minor Crash,Yes,2002,North,0.0,0.0,Flat,0.0,,0.0,0.0,Bright sun,1404600.0,3.0,0.0,0.0,4.0,0.0,0.0,,Hawke's Bay Region,Nil,2-way,Sealed,0.0,0.0,0.0,100.0,0.0,Null,0.0,0.0,,30.0,Hastings District,Give way,0.0,1.0,0.0,0.0,0.0,0.0,Open,0.0,2.0,0.0,Fine
269435,1913311.0,5587249.0,545851.0,0.0,0.0,2.0,North,2011/2012,SH 2,TE ONEPU ROAD,Non-Injury Crash,Yes,2012,South,0.0,,Hill Road,,Queens Birthday,,,Bright sun,1464600.0,0.0,0.0,0.0,2.0,0.0,,,Hawke's Bay Region,Nil,2-way,Sealed,0.0,0.0,,100.0,,Null,0.0,0.0,,30.0,Hastings District,Nil,,,,,1.0,0.0,Open,0.0,,,Fine
81973,1929490.0,5606813.0,547800.0,0.0,0.0,2.0,South,2018/2019,PAKOWHAI ROAD,LYNDHURST ROAD,Non-Injury Crash,No,2018,South,0.0,0.0,Flat,0.0,,0.0,0.0,Dark,1477600.0,0.0,0.0,0.0,2.0,0.0,1.0,,Hawke's Bay Region,Nil,2-way,Sealed,0.0,0.0,0.0,50.0,0.0,On,0.0,0.0,,30.0,Hastings District,Unknown,0.0,0.0,0.0,0.0,0.0,0.0,Urban,0.0,0.0,0.0,Fine
190242,1937412.0,5606299.0,545740.0,0.0,0.0,1.0,North,2013/2014,TUKITUKI ROAD,TENNANT ROAD,Serious Crash,No,2013,North,0.0,,Flat,,,,,Bright sun,1407700.0,0.0,0.0,0.0,2.0,0.0,,,Hawke's Bay Region,Nil,2-way,Sealed,0.0,1.0,,100.0,,Null,0.0,0.0,,30.0,Hastings District,Nil,,,,,0.0,0.0,Open,0.0,,,Fine
458723,1925193.0,5607658.0,548620.0,0.0,0.0,1.0,Null,2015/2016,CHATHAM ROAD,WHITBY CRESCENT,Minor Crash,No,2016,West,0.0,,Flat,,,,,Overcast,1474204.0,1.0,0.0,0.0,2.0,0.0,,,Hawke's Bay Region,Nil,2-way,Sealed,0.0,0.0,,50.0,,Null,0.0,0.0,,30.0,Hastings District,Nil,,,,,0.0,0.0,Urban,1.0,,,Fine
493144,1930397.0,5603740.0,548300.0,0.0,0.0,0.0,Null,2010/2011,PARK ROAD SOUTH,LYELL ST,Minor Crash,No,2011,North,0.0,,Flat,,,,,Dark,1502501.0,1.0,1.0,0.0,2.0,0.0,,,Hawke's Bay Region,Nil,2-way,Sealed,0.0,0.0,,50.0,,On,1.0,0.0,,30.0,Hastings District,Nil,,,,,0.0,0.0,Urban,0.0,,,Light rain
360770,1929730.0,5605636.0,548200.0,0.0,0.0,1.0,North,2015/2016,ST AUBYN ST WEST,NELSON ST NORTH,Non-Injury Crash,No,2015,South,0.0,,Flat,,,,,Overcast,1490403.0,0.0,0.0,0.0,2.0,0.0,,,Hawke's Bay Region,Nil,2-way,Sealed,0.0,0.0,,50.0,,Null,1.0,0.0,,30.0,Hastings District,Nil,,,,,0.0,0.0,Urban,0.0,,,Fine
659711,1925189.0,5606918.0,548620.0,0.0,0.0,2.0,West,2011/2012,SWANSEA ROAD,BRISTOL CRESCENT,Non-Injury Crash,No,2012,North,0.0,,Flat,,,,,Bright sun,1473700.0,0.0,0.0,0.0,3.0,0.0,,,Hawke's Bay Region,Nil,2-way,Sealed,0.0,0.0,,50.0,,Null,0.0,0.0,,30.0,Hastings District,Nil,,,,,0.0,0.0,Urban,0.0,,,Fine
418843,1929560.0,5605258.0,548200.0,0.0,0.0,2.0,Null,2014/2015,NELSON ST SOUTH,HERETAUNGA ST WEST,Minor Crash,No,2015,East,0.0,,Flat,,,,,Overcast,1490100.0,2.0,0.0,0.0,2.0,0.0,,,Hawke's Bay Region,Nil,2-way,Sealed,0.0,0.0,,50.0,,Null,0.0,0.0,,30.0,Hastings District,Traffic Signals,,,,,0.0,0.0,Urban,0.0,,,Fine
337598,1934180.0,5607200.0,545722.0,0.0,0.0,2.0,Null,2002/2003,SH 2,NAPIER ROAD,Minor Crash,Yes,2003,South,0.0,,Flat,,,,,Dark,1406200.0,5.0,0.0,0.0,2.0,0.0,,,Hawke's Bay Region,Nil,2-way,Sealed,0.0,0.0,,100.0,,On,0.0,0.0,,30.0,Hastings District,Give way,,,,,0.0,0.0,Open,0.0,,,Fine
324167,1923511.0,5596659.0,545851.0,0.0,0.0,0.0,South,2007/2008,SH 2,OLD MAIN ROAD,Serious Crash,Yes,2008,South,0.0,0.0,Flat,0.0,,0.0,0.0,Dark,1463900.0,3.0,0.0,0.0,2.0,0.0,0.0,,Hawke's Bay Region,Nil,2-way,Sealed,0.0,1.0,0.0,100.0,0.0,None,0.0,0.0,,30.0,Hastings District,Nil,0.0,0.0,0.0,0.0,0.0,0.0,Open,1.0,0.0,1.0,Fine
659111,1933327.0,5601977.0,548831.0,0.0,0.0,2.0,West,2000/2001,TE MATA ROAD,DANVERS ST,Non-Injury Crash,No,2000,East,0.0,,Flat,,,,,Bright sun,1509900.0,0.0,0.0,0.0,2.0,0.0,,,Hawke's Bay Region,Nil,2-way,Sealed,0.0,0.0,,50.0,,Null,0.0,0.0,,30.0,Hastings District,Nil,,,,,0.0,0.0,Urban,0.0,,,Fine
564637,1920584.0,5594623.0,545851.0,0.0,0.0,0.0,South,2016/2017,SH 2,TE MAHANGA ROAD,Non-Injury Crash,Yes,2017,North,0.0,0.0,Flat,0.0,,0.0,0.0,Overcast,1463900.0,0.0,0.0,0.0,2.0,0.0,0.0,,Hawke's Bay Region,Nil,2-way,Sealed,0.0,0.0,0.0,100.0,0.0,Null,0.0,0.0,,30.0,Hastings District,Unknown,0.0,0.0,0.0,0.0,0.0,0.0,Open,1.0,0.0,0.0,Fine
723634,1930951.0,5606308.0,547600.0,0.0,0.0,1.0,Null,2006/2007,WILLIAMS ST,NELSON ST NORTH,Non-Injury Crash,No,2007,South,0.0,0.0,Flat,0.0,,0.0,0.0,Dark,1483900.0,0.0,0.0,0.0,2.0,0.0,0.0,,Hawke's Bay Region,Nil,2-way,Sealed,0.0,0.0,0.0,50.0,0.0,On,0.0,0.0,,30.0,Hastings District,Nil,0.0,0.0,0.0,0.0,0.0,0.0,Urban,0.0,0.0,0.0,Fine
659205,1927288.0,5607671.0,545710.0,0.0,0.0,1.0,Null,2000/2001,OMAHU ROAD,WILSON ROAD,Non-Injury Crash,No,2001,East,0.0,0.0,Flat,0.0,,0.0,0.0,Dark,1471000.0,0.0,0.0,0.0,2.0,0.0,0.0,,Hawke's Bay Region,Nil,2-way,Sealed,0.0,0.0,0.0,50.0,0.0,On,0.0,0.0,,30.0,Hastings District,Nil,1.0,0.0,0.0,0.0,0.0,0.0,Urban,0.0,0.0,0.0,Fine
9019,1931169.0,5607210.0,545721.0,0.0,0.0,1.0,North,2014/2015,RICHMOND ROAD,TOMOANA ROAD,Minor Crash,No,2015,North,0.0,0.0,Flat,0.0,,0.0,0.0,Bright sun,1471500.0,1.0,0.0,0.0,2.0,0.0,0.0,,Hawke's Bay Region,Nil,2-way,Sealed,0.0,0.0,0.0,80.0,0.0,Null,0.0,0.0,,30.0,Hastings District,Nil,0.0,0.0,0.0,1.0,0.0,0.0,Open,0.0,0.0,0.0,Fine
200054,1930254.0,5607390.0,545710.0,0.0,0.0,1.0,Null,2010/2011,PAKOWHAI ROAD,WILLIAMS ST,Non-Injury Crash,No,2010,West,0.0,0.0,Flat,0.0,,0.0,0.0,Overcast,1471300.0,0.0,0.0,0.0,2.0,0.0,0.0,,Hawke's Bay Region,Nil,2-way,Sealed,0.0,0.0,0.0,50.0,0.0,Null,0.0,0.0,,30.0,Hastings District,Give way,0.0,1.0,0.0,0.0,0.0,0.0,Urban,0.0,0.0,0.0,Fine
226675,1931074.0,5600834.0,545762.0,0.0,0.0,2.0,West,2017/2018,TE AUTE ROAD,GILPIN ROAD,Non-Injury Crash,No,2018,East,0.0,0.0,Flat,0.0,,0.0,0.0,Overcast,1465200.0,0.0,0.0,0.0,2.0,0.0,0.0,,Hawke's Bay Region,Bridge,2-way,Sealed,0.0,0.0,0.0,100.0,0.0,Null,0.0,0.0,,30.0,Hastings District,Unknown,0.0,0.0,0.0,0.0,0.0,0.0,Open,0.0,0.0,0.0,Fine
644685,1909401.0,5673754.0,545911.0,0.0,0.0,1.0,South,2016/2017,SH 5,TARAWERA TAV,Serious Crash,Yes,2017,North,0.0,0.0,Flat,0.0,,0.0,0.0,Overcast,1281200.0,1.0,0.0,0.0,2.0,0.0,0.0,,Hawke's Bay Region,Nil,2-way,Sealed,0.0,1.0,0.0,100.0,0.0,Null,0.0,0.0,,30.0,Hastings District,Unknown,0.0,0.0,0.0,0.0,0.0,0.0,Open,0.0,0.0,0.0,Light rain
428797,1932629.0,5601781.0,548831.0,0.0,0.0,0.0,West,2007/2008,TREACHERS LANE,NAPIER ROAD,Non-Injury Crash,No,2008,West,0.0,0.0,Flat,0.0,,0.0,0.0,Dark,1509600.0,0.0,0.0,0.0,2.0,0.0,1.0,,Hawke's Bay Region,Nil,2-way,Sealed,0.0,0.0,0.0,50.0,0.0,On,1.0,0.0,,30.0,Hastings District,Nil,0.0,0.0,0.0,0.0,0.0,0.0,Urban,1.0,0.0,0.0,Fine
355392,1929549.0,5604672.0,548200.0,0.0,0.0,1.0,Null,2010/2011,SOUTHAMPTON ST WEST,RAILWAY ROAD,Non-Injury Crash,No,2011,East,0.0,,Flat,,,,,Bright sun,1489700.0,0.0,0.0,0.0,3.0,0.0,,,Hawke's Bay Region,Nil,2-way,Sealed,0.0,0.0,,50.0,,Null,0.0,0.0,,30.0,Hastings District,Traffic Signals,,,,,0.0,0.0,Urban,1.0,,,Fine
216592,1929908.0,5604797.0,548200.0,0.0,0.0,1.0,East,2008/2009,HERETAUNGA ST EAST,KARAMU ROAD SOUTH,Non-Injury Crash,No,2008,North,0.0,0.0,Flat,0.0,,0.0,0.0,Bright sun,1492700.0,0.0,0.0,0.0,2.0,0.0,1.0,,Hawke's Bay Region,Nil,2-way,Sealed,0.0,0.0,0.0,50.0,0.0,Null,1.0,0.0,,30.0,Hastings District,Nil,0.0,0.0,0.0,0.0,0.0,0.0,Urban,0.0,0.0,0.0,Fine
295387,1932772.0,5608148.0,545721.0,0.0,0.0,0.0,North,2011/2012,RUAHAPIA ROAD,OTENE ROAD,Minor Crash,No,2012,South,0.0,0.0,Flat,1.0,,0.0,0.0,Dark,1471600.0,1.0,0.0,0.0,2.0,0.0,0.0,,Hawke's Bay Region,Nil,2-way,Sealed,0.0,0.0,0.0,100.0,0.0,None,0.0,0.0,,30.0,Hastings District,Traffic Signals,0.0,1.0,0.0,0.0,0.0,0.0,Open,1.0,0.0,0.0,Fine
83688,1929439.0,5606032.0,547700.0,1.0,0.0,1.0,Null,2005/2006,ST AUBYN ST WEST,GRAYS ROAD,Minor Crash,No,2006,North,0.0,,Flat,,,,,Overcast,1488300.0,1.0,0.0,0.0,2.0,0.0,,,Hawke's Bay Region,Nil,2-way,Sealed,0.0,0.0,,50.0,,Null,0.0,0.0,,30.0,Hastings District,Give way,,,,,0.0,0.0,Urban,0.0,,,Heavy rain
479229,1928238.0,5605842.0,548500.0,0.0,0.0,2.0,South,2006/2007,MARAEKAKAHO ROAD,LOWE ST,Minor Crash,No,2006,South,0.0,,Flat,,Christmas New Year,,,Overcast,1479700.0,1.0,0.0,0.0,2.0,0.0,,,Hawke's Bay Region,Nil,2-way,Sealed,0.0,0.0,,50.0,,Null,0.0,0.0,,30.0,Hastings District,Nil,,,,,0.0,0.0,Urban,0.0,,,Fine
273765,1931233.0,5606949.0,545721.0,0.0,0.0,1.0,South,2010/2011,TOMOANA ROAD,RICHMOND ROAD,Non-Injury Crash,No,2010,South,0.0,1.0,Flat,0.0,,0.0,0.0,Overcast,1471500.0,0.0,0.0,0.0,2.0,0.0,0.0,,Hawke's Bay Region,Nil,2-way,Sealed,0.0,0.0,0.0,50.0,0.0,Null,0.0,0.0,,30.0,Hastings District,Nil,0.0,0.0,0.0,0.0,0.0,0.0,Urban,0.0,0.0,0.0,Light rain
640797,1919862.0,5645514.0,545811.0,0.0,0.0,0.0,North,2007/2008,SH 5,GLENGARRY ROAD,Minor Crash,Yes,2008,North,0.0,0.0,Hill Road,0.0,,0.0,0.0,Bright sun,1414700.0,1.0,0.0,1.0,3.0,0.0,0.0,,Hawke's Bay Region,Nil,2-way,Sealed,0.0,0.0,0.0,100.0,0.0,Null,0.0,0.0,,30.0,Hastings District,Nil,0.0,0.0,0.0,0.0,0.0,0.0,Open,0.0,0.0,0.0,Fine
216941,1921400.0,5646450.0,545811.0,0.0,0.0,0.0,East,2008/2009,OLD TAUPO COACH ROAD,SH 5,Minor Crash,No,2009,East,0.0,,Hill Road,,,,,Bright sun,1414700.0,3.0,0.0,0.0,2.0,0.0,,,Hawke's Bay Region,Nil,2-way,Unsealed,0.0,0.0,,100.0,,Null,1.0,0.0,,30.0,Hastings District,Nil,,,,,0.0,0.0,Open,0.0,,,Fine
438722,1920588.0,5607469.0,545842.0,0.0,0.0,1.0,South,2004/2005,NGATARAWA ROAD,SH 50,Minor Crash,No,2005,South,0.0,1.0,Flat,0.0,,0.0,0.0,Bright sun,1470307.0,1.0,0.0,0.0,2.0,0.0,0.0,,Hawke's Bay Region,Nil,2-way,Sealed,0.0,0.0,0.0,100.0,0.0,Null,0.0,0.0,,30.0,Hastings District,Nil,0.0,0.0,0.0,1.0,0.0,0.0,Open,0.0,0.0,0.0,Fine
729345,1931391.3385,5614797.7353,545831.0,0.0,0.0,1.0,South,2018/2019,050-0005,TUTAEKURI BR S,Non-Injury Crash,Yes,2019,North,0.0,,Flat,,,,,Bright sun,1404600.0,0.0,0.0,0.0,2.0,0.0,,,Hawke's Bay Region,Nil,2-way,Sealed,0.0,0.0,,100.0,,Off,0.0,0.0,,30.0,Hastings District,Unknown,,,,,0.0,0.0,Open,1.0,,,Fine
654535,1929379.0,5604893.0,548200.0,0.0,0.0,1.0,East,2014/2015,SOUTHAMPTON ST WEST,KING ST SOUTH,Minor Crash,No,2015,North,0.0,,Flat,,,,,Bright sun,1489100.0,1.0,0.0,0.0,2.0,0.0,,,Hawke's Bay Region,Nil,2-way,Sealed,0.0,0.0,,50.0,,Null,0.0,0.0,,30.0,Hastings District,Unknown,,,,,0.0,0.0,Urban,1.0,,,Fine
462875,1930340.0,5604821.0,548200.0,0.0,0.0,1.0,Null,2006/2007,ST AUBYN ST EAST,HASTINGS ST NORTH,Non-Injury Crash,No,2007,North,0.0,,Flat,,,,,Bright sun,1493501.0,0.0,0.0,0.0,2.0,0.0,,,Hawke's Bay Region,Nil,2-way,Sealed,0.0,0.0,,50.0,,Null,0.0,0.0,,30.0,Hastings District,Stop,,,,,1.0,0.0,Urban,0.0,,,Fine
157817,1928640.0,5605518.0,547700.0,1.0,0.0,1.0,East,2007/2008,TOWNSHEND ST,FRANCIS HICKS AVENUE,Non-Injury Crash,No,2008,South,0.0,,Flat,,,,,Bright sun,1486800.0,0.0,0.0,0.0,2.0,0.0,,,Hawke's Bay Region,Nil,2-way,Sealed,0.0,0.0,,50.0,,Null,0.0,0.0,,30.0,Hastings District,Nil,,,,,0.0,0.0,Urban,0.0,,,Fine