OBJECTID,X,Y,areaUnitID,bicycle,bus,carStationWagon,crashDirectionDescription,crashFinancialYear,crashLocation1,crashLocation2,crashSeverity,crashSHDescription,crashYear,directionRoleDescription,fatalCount,fence,flatHill,guardRail,holiday,houseOrBuilding,kerb,light,meshblockId,minorInjuryCount,moped,motorcycle,NumberOfLanes,otherVehicleType,parkedVehicle,pedestrian,region,roadCharacter,roadLane,roadSurface,schoolBus,seriousInjuryCount,slipOrFlood,speedLimit,strayAnimal,streetLight,suv,taxi,temporarySpeedLimit,tlaId,tlaName,trafficControl,trafficIsland,trafficSign,train,tree,truck,unknownVehicleType,urban,vanOrUtility,vehicle,waterRiver,weatherA
89740,1925259.0,5606503.0,548620.0,0.0,0.0,0.0,East,2003/2004,PETERHEAD AVENUE,BRISTOL CRESCENT,Minor Crash,No,2003,West,0.0,,Flat,,,,,Bright sun,1474700.0,1.0,0.0,0.0,2.0,0.0,,1.0,Hawke's Bay Region,Nil,2-way,Sealed,0.0,0.0,,50.0,,Null,0.0,0.0,,30.0,Hastings District,Nil,,,,,0.0,0.0,Urban,1.0,,,Fine
548741,1939698.0,5607480.0,545740.0,0.0,0.0,0.0,Null,2007/2008,EAST ROAD,CLIFTON ROAD,Minor Crash,No,2007,West,0.0,,Flat,,,,,Bright sun,1407200.0,1.0,0.0,1.0,2.0,0.0,,,Hawke's Bay Region,Nil,2-way,Sealed,0.0,0.0,,50.0,,Null,0.0,0.0,,30.0,Hastings District,Give way,,,,,0.0,0.0,Urban,0.0,,,Fine
133395,1924399.0,5603646.0,545842.0,0.0,0.0,0.0,Null,2008/2009,MARAEKAKAHO ROAD,STOCK ROAD,Non-Injury Crash,No,2009,West,0.0,,Flat,,,,,Overcast,1470213.0,0.0,0.0,0.0,2.0,0.0,,,Hawke's Bay Region,Nil,2-way,Sealed,0.0,0.0,,100.0,,Null,0.0,0.0,,30.0,Hastings District,Stop,,,,,0.0,0.0,Open,2.0,,,Light rain
44785,1925489.0,5606303.0,548620.0,0.0,0.0,1.0,North,2003/2004,WILSON ROAD,PETERHEAD AVENUE,Minor Crash,No,2004,North,0.0,,Flat,,,,,Bright sun,1475300.0,1.0,0.0,0.0,2.0,0.0,,1.0,Hawke's Bay Region,Nil,2-way,Sealed,0.0,0.0,,50.0,,Null,0.0,0.0,,30.0,Hastings District,Nil,,,,,0.0,0.0,Urban,0.0,,,Fine
83184,1936814.0,5596023.0,545860.0,0.0,0.0,0.0,Null,2010/2011,WAIMARAMA ROAD,KAHURANAKI ROAD,Serious Crash,No,2011,North,0.0,,Flat,,,,,Bright sun,1467200.0,0.0,0.0,0.0,2.0,0.0,,,Hawke's Bay Region,Nil,2-way,Sealed,0.0,1.0,,100.0,,Null,1.0,0.0,,30.0,Hastings District,Give way,,,,,0.0,0.0,Open,1.0,,,Fine
6417,1930510.0,5604594.0,548100.0,0.0,0.0,2.0,Null,2000/2001,ST AUBYN ST EAST,WILLOWPARK ROAD NORTH,Non-Injury Crash,No,2000,East,0.0,,Flat,,Christmas New Year,,,Bright sun,1500800.0,0.0,0.0,0.0,1.0,0.0,,,Hawke's Bay Region,Nil,2-way,Sealed,0.0,0.0,,50.0,,Null,0.0,0.0,,30.0,Hastings District,Give way,,,,,0.0,0.0,Urban,0.0,,,Fine
298919,1916356.1637,5654733.1998,545911.0,0.0,0.0,0.0,North,2018/2019,005-0220,TITIOKURA SUMMIT,Serious Crash,Yes,2019,South,0.0,0.0,Hill Road,0.0,,0.0,0.0,Overcast,1415900.0,2.0,0.0,0.0,3.0,0.0,0.0,,Hawke's Bay Region,Nil,2-way,Sealed,0.0,1.0,0.0,100.0,0.0,None,0.0,0.0,,30.0,Hastings District,Unknown,0.0,0.0,0.0,1.0,0.0,0.0,Open,1.0,0.0,0.0,Light rain
390999,1926999.0,5607436.0,545761.0,1.0,0.0,1.0,South,2005/2006,WILSON ROAD,MANCHESTER ST,Serious Crash,No,2005,North,0.0,,Flat,,,,,Bright sun,1470003.0,0.0,0.0,0.0,2.0,0.0,,,Hawke's Bay Region,Nil,2-way,Sealed,0.0,1.0,,50.0,,Null,0.0,0.0,,30.0,Hastings District,Nil,,,,,0.0,0.0,Urban,0.0,,,Fine
550354,1934735.0,5601618.0,548833.0,0.0,0.0,1.0,Null,2010/2011,TE MATA ROAD,ARATAKI ROAD,Non-Injury Crash,No,2011,West,0.0,,Flat,,,,,Bright sun,1466708.0,0.0,0.0,0.0,2.0,0.0,,,Hawke's Bay Region,Nil,2-way,Sealed,0.0,0.0,,50.0,,Null,1.0,0.0,,30.0,Hastings District,Give way,,,,,0.0,0.0,Urban,0.0,,,Fine
667284,1935423.0,5646453.0,545911.0,0.0,0.0,1.0,South,2001/2002,SH 2,DEVILS ELBOW,Non-Injury Crash,Yes,2002,North,0.0,0.0,Hill Road,0.0,,0.0,0.0,Bright sun,1415400.0,0.0,0.0,0.0,2.0,0.0,0.0,,Hawke's Bay Region,Nil,2-way,Sealed,0.0,0.0,1.0,100.0,0.0,Null,0.0,0.0,,30.0,Hastings District,Nil,0.0,0.0,0.0,0.0,1.0,0.0,Open,0.0,0.0,0.0,Fine
43300,1932472.0,5601614.0,548810.0,0.0,0.0,2.0,Null,2004/2005,PORTER DRIVE,TE AUTE ROAD,Non-Injury Crash,No,2004,West,0.0,,Flat,,,,,Dark,1505700.0,0.0,0.0,0.0,2.0,0.0,,,Hawke's Bay Region,Nil,2-way,Sealed,0.0,0.0,,50.0,,On,0.0,0.0,,30.0,Hastings District,Give way,,,,,0.0,0.0,Urban,0.0,,,Fine
367023,1937459.0,5608605.0,545730.0,0.0,0.0,0.0,South,2003/2004,MILL ROAD,LAWN ROAD,Non-Injury Crash,No,2003,West,0.0,,Flat,,Christmas New Year,,,Bright sun,1405300.0,0.0,0.0,0.0,2.0,0.0,,,Hawke's Bay Region,Bridge,2-way,Sealed,0.0,0.0,,100.0,,Null,0.0,0.0,,30.0,Hastings District,Nil,,,,,1.0,0.0,Open,1.0,,,Fine
379607,1936108.0,5608103.0,545722.0,0.0,0.0,1.0,North,2004/2005,LAWN ROAD,PILCHER ROAD,Non-Injury Crash,No,2004,North,0.0,0.0,Flat,0.0,,0.0,0.0,Dark,1406501.0,0.0,0.0,0.0,2.0,0.0,0.0,,Hawke's Bay Region,Nil,2-way,Sealed,0.0,0.0,0.0,100.0,0.0,None,0.0,0.0,,30.0,Hastings District,Unknown,0.0,0.0,0.0,0.0,0.0,0.0,Open,0.0,0.0,0.0,Fine
81441,1923610.0,5596672.0,545851.0,0.0,0.0,1.0,South,2013/2014,SH 2,STOCK ROAD,Non-Injury Crash,Yes,2014,North,0.0,0.0,Hill Road,1.0,,0.0,0.0,Overcast,1463900.0,0.0,0.0,0.0,2.0,0.0,0.0,,Hawke's Bay Region,Nil,2-way,Sealed,0.0,0.0,0.0,100.0,0.0,Null,0.0,0.0,,30.0,Hastings District,Nil,0.0,0.0,0.0,0.0,0.0,0.0,Open,0.0,0.0,0.0,Fine
50773,1930075.0,5604621.0,548200.0,0.0,0.0,2.0,East,2013/2014,HASTINGS ST NORTH,HERETAUNGA ST EAST,Non-Injury Crash,No,2013,West,0.0,,Flat,,,,,Bright sun,1493300.0,0.0,0.0,0.0,2.0,0.0,,,Hawke's Bay Region,Nil,2-way,Sealed,0.0,0.0,,50.0,,Null,0.0,0.0,,30.0,Hastings District,Give way,,,,,0.0,0.0,Urban,0.0,,,Fine
319782,1912034.0,5659294.0,545911.0,0.0,0.0,1.0,North,2014/2015,SH 5,MCVICAR ROAD,Non-Injury Crash,Yes,2014,South,0.0,,Hill Road,,,,,Bright sun,1414300.0,0.0,0.0,0.0,2.0,0.0,,,Hawke's Bay Region,Nil,2-way,Sealed,0.0,0.0,,100.0,,Off,0.0,0.0,,30.0,Hastings District,Nil,,,,,0.0,0.0,Open,0.0,,,Fine
304107,1927417.0,5606942.0,548500.0,0.0,0.0,2.0,Null,2004/2005,KIWI ST,TAKAPU ROAD,Minor Crash,No,2005,North,0.0,,Flat,,,,,Dark,1478900.0,2.0,0.0,0.0,2.0,0.0,,,Hawke's Bay Region,Nil,2-way,Sealed,0.0,0.0,,50.0,,On,0.0,0.0,,30.0,Hastings District,Nil,,,,,0.0,0.0,Urban,0.0,,,Fine
411946,1905625.0,5600672.0,545841.0,0.0,0.0,1.0,South,2000/2001,SH 50,GLENCOE STATION ROAD,Non-Injury Crash,Yes,2000,North,0.0,1.0,Hill Road,0.0,,0.0,0.0,Dark,1462600.0,0.0,0.0,0.0,2.0,0.0,0.0,,Hawke's Bay Region,Nil,2-way,Sealed,0.0,0.0,0.0,100.0,0.0,None,0.0,0.0,,30.0,Hastings District,Nil,0.0,0.0,0.0,0.0,0.0,0.0,Open,0.0,0.0,0.0,Light rain
359632,1930100.0,5605661.0,548200.0,0.0,0.0,2.0,Null,2007/2008,NELSON ST NORTH,FITZROY AVENUE,Non-Injury Crash,No,2007,North,0.0,0.0,Flat,0.0,,0.0,0.0,Bright sun,1491100.0,0.0,0.0,0.0,2.0,0.0,1.0,,Hawke's Bay Region,Nil,2-way,Sealed,0.0,0.0,0.0,50.0,0.0,Null,0.0,0.0,,30.0,Hastings District,Give way,0.0,0.0,0.0,0.0,0.0,0.0,Urban,0.0,0.0,0.0,Fine
696700,1936703.0,5596594.0,545851.0,0.0,0.0,2.0,North,2000/2001,WAIMARAMA ROAD,MATANGI ROAD,Non-Injury Crash,No,2000,South,0.0,,Flat,,,,,Overcast,1467002.0,0.0,0.0,0.0,2.0,0.0,,,Hawke's Bay Region,Nil,2-way,Sealed,0.0,0.0,,100.0,,Null,0.0,0.0,,30.0,Hastings District,Nil,,,,,0.0,0.0,Open,0.0,,,Light rain
640056,1928960.0,5606050.0,547700.0,0.0,0.0,2.0,North,2016/2017,HERETAUNGA ST WEST,ALLERTON ST,Non-Injury Crash,No,2016,North,0.0,0.0,Flat,0.0,,0.0,0.0,Dark,1486000.0,0.0,0.0,0.0,2.0,0.0,1.0,,Hawke's Bay Region,Nil,2-way,Sealed,0.0,0.0,0.0,50.0,0.0,On,0.0,0.0,,30.0,Hastings District,Unknown,0.0,0.0,0.0,0.0,0.0,0.0,Urban,0.0,0.0,0.0,Null
136380,1936968.0,5637712.0,545811.0,0.0,0.0,1.0,North,2011/2012,SH 2,PAKURATAHI VALLEY ROAD,Serious Crash,Yes,2012,North,0.0,0.0,Flat,0.0,,0.0,0.0,Dark,1415800.0,0.0,0.0,0.0,2.0,0.0,0.0,,Hawke's Bay Region,Nil,2-way,Sealed,0.0,1.0,0.0,100.0,0.0,None,0.0,0.0,,30.0,Hastings District,Nil,0.0,0.0,0.0,0.0,0.0,0.0,Open,0.0,0.0,0.0,Fine
343200,1927641.0,5607417.0,547800.0,0.0,0.0,2.0,Null,2004/2005,SH 50A,OMAHU ROAD,Non-Injury Crash,Yes,2005,South,0.0,0.0,Hill Road,0.0,,0.0,0.0,Dark,1476600.0,0.0,0.0,0.0,4.0,0.0,0.0,,Hawke's Bay Region,Nil,2-way,Sealed,0.0,0.0,0.0,100.0,0.0,On,0.0,0.0,,30.0,Hastings District,Give way,1.0,0.0,0.0,0.0,0.0,0.0,Open,0.0,0.0,0.0,Fine
39720,1931316.0,5605956.0,548000.0,0.0,0.0,1.0,Null,2008/2009,WARWICK ROAD,WARWICK AVENUE,Non-Injury Crash,No,2009,North,0.0,1.0,Flat,0.0,,0.0,0.0,Dark,1496500.0,0.0,0.0,0.0,2.0,0.0,0.0,,Hawke's Bay Region,Nil,2-way,Sealed,0.0,0.0,0.0,50.0,0.0,On,0.0,0.0,,30.0,Hastings District,Nil,0.0,0.0,0.0,0.0,0.0,0.0,Urban,0.0,0.0,0.0,Light rain
144420,1928626.0,5606428.0,548500.0,0.0,0.0,2.0,West,2006/2007,OMAHU ROAD,MCLEOD ST,Non-Injury Crash,No,2007,North,0.0,,Flat,,,,,Overcast,1478800.0,0.0,0.0,0.0,2.0,0.0,,,Hawke's Bay Region,Nil,2-way,Sealed,0.0,0.0,,50.0,,Null,0.0,0.0,,30.0,Hastings District,Nil,,,,,0.0,0.0,Urban,0.0,,,Fine
202296,1924159.0,5600467.0,545851.0,0.0,0.0,1.0,Null,2016/2017,TURAMOE ROAD,GLEN ROAD,Non-Injury Crash,No,2017,West,0.0,1.0,Flat,0.0,,0.0,0.0,Overcast,1463500.0,0.0,0.0,0.0,2.0,0.0,0.0,,Hawke's Bay Region,Nil,2-way,Sealed,0.0,0.0,0.0,100.0,0.0,Null,0.0,0.0,,30.0,Hastings District,Give way,0.0,0.0,0.0,0.0,0.0,0.0,Open,0.0,0.0,0.0,Light rain
14806,1927957.6974,5606511.8225,548500.0,0.0,0.0,0.0,Null,2019/2020,LOWE STREET,KIWI STREET,Minor Crash,No,2020,East,0.0,0.0,Flat,0.0,,0.0,1.0,Bright sun,1478600.0,1.0,0.0,0.0,2.0,0.0,0.0,,Hawke's Bay Region,Nil,2-way,Sealed,0.0,0.0,0.0,50.0,0.0,None,0.0,0.0,,30.0,Hastings District,Give way,0.0,0.0,0.0,0.0,0.0,1.0,Urban,0.0,0.0,0.0,Fine
656961,1932652.0,5609542.0,545832.0,0.0,0.0,1.0,Null,2000/2001,PAKOWHAI ROAD,FARNDON ROAD,Non-Injury Crash,No,2000,North,0.0,,Flat,,,,,Overcast,1404300.0,0.0,0.0,0.0,2.0,0.0,,,Hawke's Bay Region,Nil,2-way,Sealed,0.0,0.0,,100.0,,Null,0.0,0.0,,30.0,Hastings District,Give way,,,,,0.0,0.0,Open,1.0,,,Light rain
426664,1935686.0,5652132.0,545911.0,0.0,0.0,1.0,South,2004/2005,SH 2,MATAHORUA ROAD W,Non-Injury Crash,Yes,2004,North,0.0,0.0,Hill Road,0.0,,0.0,0.0,Overcast,1415200.0,0.0,0.0,0.0,2.0,0.0,0.0,,Hawke's Bay Region,Nil,2-way,Sealed,0.0,0.0,0.0,100.0,0.0,Null,0.0,0.0,,30.0,Hastings District,Nil,0.0,0.0,0.0,0.0,0.0,0.0,Open,0.0,0.0,0.0,Light rain
705683,1929364.0,5605559.0,547700.0,0.0,0.0,2.0,East,2016/2017,TOMOANA ROAD,HERETAUNGA ST WEST,Non-Injury Crash,No,2017,East,0.0,,Flat,,,,,Bright sun,1487900.0,0.0,0.0,0.0,2.0,0.0,,,Hawke's Bay Region,Nil,2-way,Sealed,0.0,0.0,,50.0,,Null,0.0,0.0,,30.0,Hastings District,Unknown,,,,,0.0,0.0,Urban,0.0,,,Fine
183701,1931870.0,5607130.0,545721.0,0.0,0.0,0.0,Null,2010/2011,ELWOOD ROAD,OTENE ROAD,Minor Crash,No,2011,South,0.0,,Flat,,,,,Dark,1471700.0,2.0,0.0,0.0,2.0,0.0,,,Hawke's Bay Region,Nil,2-way,Sealed,0.0,0.0,,100.0,,On,1.0,0.0,,30.0,Hastings District,Give way,,,,,0.0,0.0,Open,1.0,,,Fine
158745,1932209.0,5607497.0,545721.0,0.0,0.0,1.0,East,2013/2014,OTENE ROAD,ELWOOD ROAD,Non-Injury Crash,No,2014,East,0.0,0.0,Flat,0.0,,0.0,0.0,Overcast,1471800.0,0.0,0.0,0.0,2.0,0.0,0.0,,Hawke's Bay Region,Nil,2-way,Sealed,0.0,0.0,0.0,80.0,0.0,Null,0.0,0.0,,30.0,Hastings District,Unknown,0.0,0.0,0.0,0.0,0.0,0.0,Open,0.0,0.0,0.0,Fine
512871,1929692.0,5605328.0,548200.0,0.0,0.0,1.0,North,2008/2009,Z CPK COUNTDOWN,QUEEN/NELSON,Minor Crash,No,2009,South,0.0,0.0,Flat,0.0,,0.0,0.0,Bright sun,1490800.0,1.0,0.0,0.0,2.0,0.0,1.0,,Hawke's Bay Region,Nil,Off road,Sealed,0.0,0.0,0.0,50.0,0.0,Null,1.0,0.0,,30.0,Hastings District,Nil,0.0,0.0,0.0,0.0,0.0,0.0,Urban,0.0,0.0,0.0,Fine
20463,1934971.0,5609194.0,545722.0,0.0,0.0,1.0,Null,2016/2017,SH 2,RAILWAY ROAD,Non-Injury Crash,Yes,2016,North,0.0,0.0,Flat,1.0,,0.0,0.0,Dark,1405900.0,0.0,0.0,0.0,2.0,0.0,0.0,,Hawke's Bay Region,Nil,2-way,Sealed,0.0,0.0,0.0,80.0,0.0,On,0.0,0.0,,30.0,Hastings District,Give way,0.0,0.0,0.0,0.0,0.0,0.0,Open,0.0,0.0,0.0,Fine
65092,1932274.0,5609028.0,545721.0,0.0,0.0,0.0,Null,2007/2008,RUAHAPIA ROAD,PAKOWHAI ROAD,Non-Injury Crash,No,2008,North,0.0,0.0,Flat,0.0,,0.0,0.0,Dark,1471600.0,0.0,0.0,0.0,2.0,0.0,0.0,,Hawke's Bay Region,Nil,2-way,Sealed,0.0,0.0,0.0,100.0,0.0,On,0.0,0.0,,30.0,Hastings District,Give way,0.0,0.0,0.0,1.0,0.0,0.0,Open,1.0,0.0,0.0,Fine
373282,1934249.0,5601826.0,548831.0,0.0,0.0,1.0,West,1999/2000,TE MATA ROAD,EVEREST AVENUE,Non-Injury Crash,No,2000,East,0.0,0.0,Flat,0.0,,0.0,0.0,Bright sun,1510100.0,0.0,0.0,0.0,2.0,0.0,1.0,,Hawke's Bay Region,Nil,2-way,Sealed,0.0,0.0,0.0,50.0,0.0,Null,0.0,0.0,,30.0,Hastings District,Unknown,0.0,0.0,0.0,0.0,1.0,0.0,Urban,0.0,0.0,0.0,Fine
643103,1936366.0,5601391.0,548833.0,0.0,0.0,1.0,Null,2000/2001,WAIMARAMA ROAD,TE MATA ROAD,Minor Crash,No,2001,North,0.0,,Flat,,,,,Dark,1466802.0,3.0,0.0,0.0,2.0,0.0,,,Hawke's Bay Region,Nil,2-way,Sealed,0.0,0.0,,100.0,,On,0.0,0.0,,30.0,Hastings District,Give way,,,,,0.0,0.0,Open,1.0,,,Fine
473741,1925910.295,5620389.2993,545821.0,0.0,0.0,1.0,North,2019/2020,PUKETAPU ROAD,DARTMOOR ROAD,Non-Injury Crash,No,2019,East,0.0,0.0,Flat,0.0,,0.0,0.0,Dark,1411400.0,0.0,0.0,0.0,2.0,0.0,0.0,,Hawke's Bay Region,Nil,2-way,Sealed,0.0,0.0,0.0,100.0,0.0,None,0.0,0.0,,30.0,Hastings District,Unknown,0.0,0.0,0.0,0.0,0.0,0.0,Open,0.0,0.0,0.0,Fine
60121,1925209.0,5606545.0,548620.0,0.0,0.0,2.0,North,2000/2001,PETERHEAD AVENUE,BRISTOL CRESCENT,Non-Injury Crash,No,2001,North,0.0,,Flat,,,,,Bright sun,1475200.0,0.0,0.0,0.0,2.0,0.0,,,Hawke's Bay Region,Nil,2-way,Sealed,0.0,0.0,,50.0,,Null,0.0,0.0,,30.0,Hastings District,Nil,,,,,0.0,0.0,Urban,0.0,,,Fine
347068,1924608.0,5607881.0,548611.0,0.0,0.0,1.0,West,2001/2002,FLAXMERE AVENUE,MARGATE AVENUE,Minor Crash,No,2002,West,0.0,,Flat,,,,,Bright sun,1469710.0,6.0,0.0,0.0,2.0,0.0,,,Hawke's Bay Region,Nil,2-way,Sealed,0.0,0.0,,50.0,,Null,0.0,0.0,,30.0,Hastings District,Nil,,,,,0.0,0.0,Urban,1.0,,,Fine
93504,1933854.0,5602644.0,545750.0,0.0,0.0,1.0,Null,2012/2013,BROOKVALE ROAD,ROMANES DRIVE,Non-Injury Crash,No,2013,East,0.0,0.0,Flat,0.0,,1.0,0.0,Dark,1466202.0,0.0,0.0,0.0,1.0,0.0,0.0,,Hawke's Bay Region,Nil,2-way,Sealed,0.0,0.0,0.0,50.0,0.0,On,0.0,0.0,,30.0,Hastings District,Give way,0.0,1.0,0.0,0.0,0.0,0.0,Urban,0.0,0.0,0.0,Light rain
282774,1929877.0,5604973.0,548200.0,0.0,0.0,1.0,South,2003/2004,RUSSELL ST NORTH,QUEEN ST EAST,Serious Crash,No,2003,South,0.0,,Flat,,,,,Overcast,1492100.0,0.0,0.0,0.0,2.0,0.0,,1.0,Hawke's Bay Region,Nil,2-way,Sealed,0.0,1.0,,50.0,,Null,0.0,0.0,,30.0,Hastings District,Nil,,,,,0.0,0.0,Urban,0.0,,,Fine
719519,1934544.0,5633035.0,545812.0,0.0,0.0,1.0,South,2002/2003,SH 2,NORTH SHORE ROAD,Minor Crash,Yes,2003,North,0.0,0.0,Flat,0.0,,0.0,0.0,Dark,1414905.0,1.0,0.0,0.0,2.0,0.0,0.0,,Hawke's Bay Region,Nil,2-way,Sealed,0.0,0.0,0.0,100.0,0.0,None,0.0,0.0,,30.0,Hastings District,Nil,0.0,0.0,0.0,0.0,0.0,0.0,Open,0.0,0.0,0.0,Fine
427169,1930197.0,5604407.0,548200.0,0.0,0.0,2.0,North,2001/2002,HERETAUNGA ST EAST,WILLOWPARK ROAD NORTH,Minor Crash,No,2002,North,0.0,,Flat,,,,,Bright sun,1493800.0,1.0,0.0,0.0,2.0,0.0,,,Hawke's Bay Region,Nil,2-way,Sealed,0.0,0.0,,50.0,,Null,0.0,0.0,,30.0,Hastings District,Nil,,,,,0.0,0.0,Urban,0.0,,,Fine
182036,1941496.0,5644593.0,545911.0,0.0,0.0,1.0,East,2000/2001,AROPAOANUI ROAD,SH 2,Minor Crash,No,2000,West,0.0,,Hill Road,,Christmas New Year,,,Twilight,1415200.0,4.0,0.0,0.0,2.0,0.0,,,Hawke's Bay Region,Nil,2-way,Unsealed,0.0,0.0,,100.0,,None,0.0,0.0,,30.0,Hastings District,Nil,,,,,0.0,0.0,Open,1.0,,,Fine
708799,1930710.0,5604924.0,548200.0,0.0,0.0,1.0,Null,2008/2009,ALBERT ST,MILLER ST,Minor Crash,No,2009,East,0.0,0.0,Flat,0.0,,0.0,0.0,Dark,1495100.0,1.0,0.0,0.0,2.0,0.0,0.0,,Hawke's Bay Region,Nil,2-way,Unsealed,0.0,0.0,0.0,50.0,0.0,On,0.0,0.0,30.0,30.0,Hastings District,Give way,0.0,0.0,0.0,0.0,0.0,0.0,Urban,0.0,0.0,0.0,Mist or Fog
123197,1933205.0,5602516.0,548831.0,0.0,0.0,1.0,Null,2002/2003,NAPIER ROAD,CROSSES ROAD,Non-Injury Crash,No,2002,North,0.0,,Flat,,,,,Overcast,1509100.0,0.0,0.0,0.0,2.0,0.0,,,Hawke's Bay Region,Nil,2-way,Sealed,0.0,0.0,,50.0,,Null,0.0,0.0,,30.0,Hastings District,Give way,,,,,0.0,0.0,Urban,1.0,,,Fine
235444,1929441.0,5608839.0,545710.0,0.0,0.0,0.0,Null,2000/2001,SH 50A,EVENDEN ROAD,Minor Crash,Yes,2001,North,0.0,,Flat,,,,,Bright sun,1471201.0,1.0,0.0,0.0,4.0,0.0,,,Hawke's Bay Region,Nil,2-way,Sealed,0.0,0.0,,100.0,,None,0.0,0.0,,30.0,Hastings District,Give way,,,,,1.0,0.0,Open,0.0,,,Fine
49233,1929607.0,5604596.0,548200.0,0.0,0.0,2.0,Null,2002/2003,SOUTHAMPTON ST EAST,KARAMU ROAD SOUTH,Non-Injury Crash,No,2002,South,0.0,,Flat,,,,,Overcast,1492400.0,0.0,0.0,0.0,2.0,0.0,,,Hawke's Bay Region,Nil,2-way,Sealed,0.0,0.0,,50.0,,Null,0.0,0.0,,30.0,Hastings District,Give way,,,,,0.0,0.0,Urban,0.0,,,Light rain
733535,1929978.0,5605307.0,548200.0,0.0,0.0,1.0,East,2009/2010,ST AUBYN ST WEST,KING ST NORTH,Minor Crash,No,2009,West,0.0,0.0,Flat,0.0,,0.0,0.0,Dark,1491500.0,1.0,0.0,0.0,2.0,0.0,0.0,,Hawke's Bay Region,Nil,2-way,Sealed,0.0,0.0,0.0,50.0,0.0,On,0.0,0.0,,30.0,Hastings District,Nil,0.0,0.0,0.0,0.0,0.0,0.0,Urban,0.0,0.0,0.0,Fine
252858,1929992.0,5604482.0,548200.0,0.0,0.0,2.0,South,2015/2016,EASTBOURNE ST EAST,HASTINGS ST SOUTH,Non-Injury Crash,No,2015,North,0.0,0.0,Flat,0.0,,0.0,0.0,Bright sun,1493800.0,0.0,0.0,0.0,2.0,0.0,1.0,,Hawke's Bay Region,Nil,2-way,Sealed,0.0,0.0,0.0,50.0,0.0,Null,0.0,0.0,,30.0,Hastings District,Unknown,0.0,0.0,0.0,0.0,0.0,0.0,Urban,0.0,0.0,0.0,Fine
478551,1929179.0,5605159.0,548200.0,1.0,0.0,0.0,Null,2016/2017,SOUTHAMPTON ST WEST,SOUTHLAND ROAD,Non-Injury Crash,No,2017,North,0.0,,Flat,,,,,Overcast,1488600.0,0.0,0.0,0.0,2.0,0.0,,,Hawke's Bay Region,Nil,2-way,Sealed,0.0,0.0,,50.0,,Null,0.0,0.0,,30.0,Hastings District,Give way,,,,,0.0,0.0,Urban,1.0,,,Null
695219,1928437.0,5606954.0,547800.0,0.0,0.0,2.0,Null,2006/2007,FRIMLEY AVENUE,IKANUI ROAD,Minor Crash,No,2006,East,0.0,,Flat,,,,,Bright sun,1476900.0,1.0,0.0,0.0,2.0,0.0,,,Hawke's Bay Region,Nil,2-way,Sealed,0.0,0.0,,50.0,,Null,0.0,0.0,,30.0,Hastings District,Give way,,,,,0.0,0.0,Urban,0.0,,,Fine
680023,1930552.0,5607614.0,545721.0,0.0,0.0,2.0,North,2007/2008,PAKOWHAI ROAD,EVENDEN ROAD,Non-Injury Crash,No,2008,South,0.0,1.0,Flat,0.0,,0.0,0.0,Bright sun,1471401.0,0.0,0.0,0.0,2.0,0.0,0.0,,Hawke's Bay Region,Nil,2-way,Sealed,0.0,0.0,0.0,70.0,0.0,Null,0.0,0.0,,30.0,Hastings District,Nil,0.0,0.0,0.0,0.0,0.0,0.0,Urban,0.0,0.0,0.0,Fine
120444,1932584.0,5601670.0,548831.0,0.0,0.0,0.0,Null,2010/2011,HAVELOCK ROAD,TE AUTE ROAD,Minor Crash,No,2011,South,0.0,0.0,Flat,0.0,,0.0,0.0,Overcast,1509600.0,1.0,0.0,0.0,2.0,0.0,0.0,,Hawke's Bay Region,Nil,2-way,Sealed,0.0,0.0,0.0,50.0,0.0,Null,1.0,0.0,,30.0,Hastings District,Give way,1.0,0.0,0.0,0.0,0.0,0.0,Urban,0.0,0.0,0.0,Fine
453657,1925209.0787,5606861.9554,548620.0,0.0,0.0,1.0,South,2018/2019,SWANSEA ROAD,Bristol Crescent,Non-Injury Crash,No,2018,Null,0.0,,Flat,,,,,Overcast,1473700.0,0.0,0.0,0.0,2.0,0.0,,,Hawke's Bay Region,Nil,2-way,Sealed,0.0,0.0,,50.0,,Off,0.0,0.0,,30.0,Hastings District,Unknown,,,,,0.0,0.0,Urban,0.0,,,Fine
361058,1909880.0,5668516.0,545911.0,0.0,0.0,0.0,North,2007/2008,SH 5,WAIONE BR,Minor Crash,Yes,2007,South,0.0,0.0,Flat,0.0,,0.0,0.0,Dark,1281200.0,1.0,0.0,0.0,2.0,0.0,0.0,,Hawke's Bay Region,Nil,2-way,Sealed,0.0,0.0,0.0,100.0,0.0,None,1.0,0.0,,30.0,Hastings District,Nil,0.0,0.0,0.0,0.0,0.0,0.0,Open,0.0,0.0,0.0,Light rain
351125,1932758.0,5601851.0,548831.0,0.0,0.0,2.0,South,2001/2002,NAPIER ROAD,KARANEMA DRIVE,Non-Injury Crash,No,2002,South,0.0,,Flat,,,,,Overcast,1509600.0,0.0,0.0,0.0,2.0,0.0,,,Hawke's Bay Region,Nil,2-way,Sealed,0.0,0.0,,50.0,,Null,0.0,0.0,,30.0,Hastings District,Nil,,,,,0.0,0.0,Urban,0.0,,,Fine