OBJECTID,X,Y,areaUnitID,bicycle,bus,carStationWagon,crashDirectionDescription,crashFinancialYear,crashLocation1,crashLocation2,crashSeverity,crashSHDescription,crashYear,directionRoleDescription,fatalCount,fence,flatHill,guardRail,holiday,houseOrBuilding,kerb,light,meshblockId,minorInjuryCount,moped,motorcycle,NumberOfLanes,otherVehicleType,parkedVehicle,pedestrian,region,roadCharacter,roadLane,roadSurface,schoolBus,seriousInjuryCount,slipOrFlood,speedLimit,strayAnimal,streetLight,suv,taxi,temporarySpeedLimit,tlaId,tlaName,trafficControl,trafficIsland,trafficSign,train,tree,truck,unknownVehicleType,urban,vanOrUtility,vehicle,waterRiver,weatherA
723837,1921576.0,5595462.0,545851.0,0.0,0.0,1.0,North,2009/2010,SH 2,TE MAHANGA ROAD,Non-Injury Crash,Yes,2009,North,0.0,1.0,Flat,0.0,,0.0,0.0,Dark,1463900.0,0.0,0.0,0.0,2.0,0.0,0.0,,Hawke's Bay Region,Nil,2-way,Sealed,0.0,0.0,0.0,100.0,0.0,None,0.0,0.0,,30.0,Hastings District,Nil,0.0,0.0,0.0,0.0,0.0,0.0,Open,0.0,0.0,0.0,Fine
203481,1931695.6621,5602765.8219,545721.0,0.0,0.0,1.0,South,2019/2020,HAVELOCK ROAD,ST GEORGES ROAD,Non-Injury Crash,No,2019,North,0.0,,Flat,,,,,Bright sun,1473000.0,0.0,0.0,0.0,2.0,0.0,,,Hawke's Bay Region,Nil,2-way,Sealed,0.0,0.0,,70.0,,Off,0.0,0.0,,30.0,Hastings District,Unknown,,,,,0.0,0.0,Urban,1.0,,,Fine
201121,1928722.0,5606338.0,547800.0,0.0,0.0,2.0,South,2016/2017,OMAHU ROAD,RENATA ST,Non-Injury Crash,No,2016,South,0.0,,Flat,,,,,Bright sun,1477800.0,0.0,0.0,0.0,1.0,0.0,,,Hawke's Bay Region,Nil,2-way,Sealed,0.0,0.0,,50.0,,Null,0.0,0.0,,30.0,Hastings District,Unknown,,,,,0.0,0.0,Urban,0.0,,,Fine
535766,1930517.0,5610419.0,545832.0,0.0,0.0,2.0,North,2000/2001,SH 50A,EVENDEN ROAD,Non-Injury Crash,Yes,2001,North,0.0,,Flat,,,,,Bright sun,1404400.0,0.0,0.0,0.0,2.0,0.0,,,Hawke's Bay Region,Bridge,2-way,Sealed,0.0,0.0,,100.0,,Null,0.0,0.0,,30.0,Hastings District,Nil,,,,,0.0,0.0,Open,0.0,,,Fine
501762,1928804.0,5606255.0,547700.0,0.0,0.0,2.0,South,2010/2011,HERETAUNGA ST WEST,MARAEKAKAHO ROAD,Minor Crash,No,2011,North,0.0,,Flat,,,,,Overcast,1486600.0,1.0,0.0,0.0,2.0,0.0,,,Hawke's Bay Region,Nil,2-way,Sealed,0.0,0.0,,50.0,,Null,0.0,0.0,,30.0,Hastings District,Nil,,,,,0.0,0.0,Urban,0.0,,,Light rain
114917,1930149.0,5604677.0,548200.0,0.0,0.0,2.0,Null,2000/2001,HASTINGS ST NORTH,QUEEN ST EAST,Minor Crash,No,2000,South,0.0,,Flat,,,,,Bright sun,1493400.0,1.0,0.0,0.0,2.0,0.0,,,Hawke's Bay Region,Nil,2-way,Sealed,0.0,0.0,,50.0,,Null,0.0,0.0,,30.0,Hastings District,Give way,,,,,0.0,0.0,Urban,1.0,,,Fine
374540,1932274.0,5609028.0,545721.0,0.0,0.0,1.0,Null,2000/2001,PAKOWHAI ROAD,RUAHAPIA ROAD,Non-Injury Crash,No,2001,South,0.0,,Flat,,,,,Dark,1471600.0,0.0,0.0,0.0,2.0,0.0,,,Hawke's Bay Region,Nil,2-way,Sealed,0.0,0.0,,100.0,,On,0.0,0.0,,30.0,Hastings District,Stop,,,,,0.0,0.0,Open,1.0,,,Fine
38556,1929671.0,5606217.0,547600.0,1.0,0.0,1.0,Null,2007/2008,GRAYS ROAD,FITZROY AVENUE,Minor Crash,No,2007,South,0.0,,Flat,,,,,Overcast,1485300.0,1.0,0.0,0.0,2.0,0.0,,,Hawke's Bay Region,Nil,2-way,Sealed,0.0,0.0,,50.0,,Null,0.0,0.0,,30.0,Hastings District,Give way,,,,,0.0,0.0,Urban,0.0,,,Fine
270114,1936967.0,5609041.0,545722.0,0.0,0.0,1.0,South,2006/2007,MILL ROAD,LAWN ROAD,Non-Injury Crash,No,2007,West,0.0,,Flat,,Easter,,,Dark,1406501.0,0.0,0.0,0.0,2.0,0.0,,,Hawke's Bay Region,Nil,2-way,Sealed,0.0,0.0,,100.0,,None,0.0,0.0,,30.0,Hastings District,Nil,,,,,0.0,0.0,Open,0.0,,,Fine
80915,1931015.5375,5604976.0012,548100.0,0.0,0.0,0.0,Null,2018/2019,WILLOWPARK ROAD NORTH,JERVOIS STREET,Minor Crash,No,2019,North,0.0,,Flat,,,,,Dark,1499100.0,2.0,0.0,1.0,2.0,0.0,,1.0,Hawke's Bay Region,Nil,2-way,Sealed,0.0,0.0,,50.0,,On,0.0,0.0,,30.0,Hastings District,Give way,,,,,0.0,0.0,Urban,0.0,,,Fine
91264,1932274.0,5609028.0,545721.0,0.0,0.0,2.0,Null,2011/2012,PAKOWHAI ROAD,RUAHAPIA ROAD,Non-Injury Crash,No,2012,South,0.0,,Flat,,,,,Bright sun,1471600.0,0.0,0.0,0.0,2.0,0.0,,,Hawke's Bay Region,Nil,2-way,Sealed,0.0,0.0,,100.0,,Null,0.0,0.0,,30.0,Hastings District,Give way,,,,,0.0,0.0,Open,0.0,,,Fine
455043,1927296.0,5605131.0,545761.0,0.0,0.0,0.0,Null,2011/2012,MARAEKAKAHO ROAD,YORK ROAD,Serious Crash,No,2012,North,0.0,,Flat,,,,,Bright sun,1469905.0,0.0,0.0,0.0,2.0,0.0,,,Hawke's Bay Region,Nil,2-way,Sealed,0.0,1.0,,50.0,,Null,0.0,0.0,,30.0,Hastings District,Give way,,,,,1.0,0.0,Urban,1.0,,,Fine
407806,1929275.0,5605233.0,548200.0,0.0,0.0,2.0,Null,1999/2000,SOUTHLAND ROAD,LYNDON ROAD WEST,Non-Injury Crash,No,2000,South,0.0,,Flat,,,,,Overcast,1488700.0,0.0,0.0,0.0,2.0,0.0,,,Hawke's Bay Region,Nil,2-way,Sealed,0.0,0.0,,50.0,,Null,0.0,0.0,,30.0,Hastings District,Give way,,,,,0.0,0.0,Urban,0.0,,,Fine
618944,1930185.0,5605031.0,548200.0,0.0,0.0,2.0,Null,2001/2002,KARAMU ROAD NORTH,ST AUBYN ST,Non-Injury Crash,No,2002,North,0.0,,Flat,,,,,Dark,1494100.0,0.0,0.0,0.0,2.0,0.0,,,Hawke's Bay Region,Nil,2-way,Sealed,0.0,0.0,,50.0,,On,0.0,0.0,,30.0,Hastings District,Give way,,,,,0.0,0.0,Urban,0.0,,,Fine
229578,1924019.0,5607775.0,548611.0,0.0,0.0,2.0,Null,2008/2009,PALGRAVE AVENUE,KINGSLEY DRIVE,Non-Injury Crash,No,2008,West,0.0,,Flat,,,,,Dark,1470313.0,0.0,0.0,0.0,2.0,0.0,,,Hawke's Bay Region,Nil,2-way,Sealed,0.0,0.0,,50.0,,On,0.0,0.0,,30.0,Hastings District,Nil,,,,,0.0,0.0,Urban,0.0,,,Fine
286238,1928692.4139,5604978.8279,547900.0,0.0,0.0,1.0,North,2019/2020,CHARLES STREET,GORDON ROAD,Non-Injury Crash,No,2020,North,0.0,0.0,Flat,0.0,,0.0,0.0,Bright sun,1480600.0,0.0,0.0,0.0,2.0,0.0,1.0,,Hawke's Bay Region,Nil,2-way,Sealed,0.0,0.0,0.0,50.0,0.0,Off,0.0,0.0,,30.0,Hastings District,Nil,0.0,0.0,0.0,0.0,0.0,0.0,Urban,1.0,0.0,0.0,Fine
182436,1930835.0,5603667.0,548100.0,0.0,0.0,1.0,Null,2016/2017,WINDSOR AVENUE,HERETAUNGA ST EAST,Non-Injury Crash,No,2016,West,0.0,0.0,Flat,0.0,,0.0,0.0,Overcast,1500300.0,0.0,0.0,0.0,2.0,0.0,0.0,,Hawke's Bay Region,Nil,2-way,Sealed,0.0,0.0,0.0,50.0,0.0,Null,0.0,0.0,,30.0,Hastings District,Stop,0.0,0.0,0.0,0.0,0.0,0.0,Urban,0.0,0.0,0.0,Light rain
175729,1930639.0,5605223.0,548200.0,0.0,0.0,1.0,Null,2001/2002,WARREN ST NORTH,ALEXANDRA ST,Non-Injury Crash,No,2002,North,0.0,,Flat,,Queens Birthday,,,Overcast,1494700.0,0.0,0.0,0.0,2.0,0.0,,,Hawke's Bay Region,Nil,2-way,Sealed,0.0,0.0,,50.0,,Null,0.0,0.0,,30.0,Hastings District,Give way,,,,,0.0,0.0,Urban,1.0,,,Fine
204167,1938009.0,5608174.0,545740.0,0.0,0.0,1.0,Null,2002/2003,MILL ROAD,TUKITUKI ROAD,Non-Injury Crash,No,2003,North,0.0,,Flat,,,,,Bright sun,1406900.0,0.0,0.0,0.0,2.0,0.0,,,Hawke's Bay Region,Nil,2-way,Sealed,0.0,0.0,,100.0,,Null,1.0,0.0,,30.0,Hastings District,Give way,,,,,0.0,0.0,Open,0.0,,,Fine
281930,1934187.0,5607178.0,545722.0,0.0,0.0,2.0,Null,1999/2000,SH 2,NAPIER ROAD,Non-Injury Crash,Yes,2000,South,0.0,,Flat,,Easter,,,Bright sun,1406701.0,0.0,0.0,0.0,2.0,0.0,,,Hawke's Bay Region,Nil,2-way,Sealed,0.0,0.0,,100.0,,Null,0.0,0.0,,30.0,Hastings District,Give way,,,,,0.0,0.0,Open,0.0,,,Fine
120981,1912425.0,5611494.0,545821.0,2.0,0.0,0.0,North,2009/2010,MATAPIRO ROAD,OHITI ROAD,Serious Crash,No,2010,North,0.0,,Flat,,,,,Overcast,1410400.0,1.0,0.0,0.0,2.0,0.0,,,Hawke's Bay Region,Nil,2-way,Sealed,0.0,1.0,,100.0,,Null,0.0,0.0,,30.0,Hastings District,Nil,,,,,0.0,0.0,Open,1.0,,,Fine
217491,1929102.4178,5606479.5129,547700.0,0.0,0.0,1.0,Null,2020/2021,ST AUBYN STREET WEST,PAKOWHAI ROAD,Minor Crash,No,2020,South,0.0,,Flat,,,,,Bright sun,1485800.0,1.0,0.0,0.0,2.0,0.0,,,Hawke's Bay Region,Nil,2-way,Sealed,0.0,0.0,,50.0,,Off,0.0,0.0,,30.0,Hastings District,Give way,,,,,1.0,0.0,Urban,0.0,,,Fine
653886,1915710.0,5590515.0,545851.0,0.0,0.0,1.0,South,2005/2006,SH 2,COLIN WHITE ROAD,Minor Crash,Yes,2006,South,0.0,1.0,Flat,0.0,,0.0,0.0,Overcast,1464500.0,1.0,0.0,0.0,2.0,0.0,0.0,,Hawke's Bay Region,Nil,2-way,Sealed,0.0,0.0,0.0,100.0,0.0,Null,0.0,0.0,,30.0,Hastings District,Nil,0.0,0.0,0.0,0.0,0.0,0.0,Open,0.0,0.0,0.0,Fine
605715,1931151.0,5613498.0,545831.0,0.0,0.0,1.0,Null,2014/2015,PAKOWHAI ROAD,ALLEN ROAD,Non-Injury Crash,No,2014,North,0.0,1.0,Flat,0.0,,0.0,0.0,Dark,1404600.0,0.0,0.0,0.0,2.0,0.0,0.0,,Hawke's Bay Region,Nil,2-way,Sealed,0.0,0.0,0.0,100.0,0.0,On,0.0,0.0,,30.0,Hastings District,Give way,0.0,0.0,0.0,0.0,0.0,0.0,Open,0.0,0.0,0.0,Fine
585695,1933205.0,5602516.0,548831.0,0.0,0.0,2.0,Null,2014/2015,NAPIER ROAD,CROSSES ROAD,Non-Injury Crash,No,2014,East,0.0,0.0,Flat,0.0,Christmas New Year,0.0,0.0,Bright sun,1509100.0,0.0,0.0,0.0,2.0,0.0,1.0,,Hawke's Bay Region,Nil,2-way,Sealed,0.0,0.0,0.0,50.0,0.0,Null,0.0,0.0,,30.0,Hastings District,Give way,0.0,0.0,0.0,0.0,0.0,0.0,Urban,0.0,0.0,0.0,Fine
91826,1927491.0,5613526.0,545822.0,0.0,0.0,2.0,East,2017/2018,SH 50,WHEATLEY ROAD,Non-Injury Crash,Yes,2017,West,0.0,,Flat,,,,,Dark,1408800.0,0.0,0.0,0.0,2.0,0.0,,,Hawke's Bay Region,Nil,2-way,Sealed,0.0,0.0,,100.0,,None,0.0,0.0,,30.0,Hastings District,Unknown,,,,,0.0,0.0,Open,0.0,,,Fine
159261,1929217.0,5606606.0,547800.0,0.0,0.0,1.0,West,2017/2018,PAKOWHAI ROAD,FITZROY AVENUE,Minor Crash,No,2018,East,0.0,,Flat,,,,,Bright sun,1477600.0,1.0,0.0,0.0,2.0,0.0,,,Hawke's Bay Region,Nil,2-way,Sealed,0.0,0.0,,50.0,,Null,0.0,0.0,,30.0,Hastings District,Unknown,,,,,0.0,0.0,Urban,1.0,,,Fine
195557,1934391.0,5641977.0,545811.0,0.0,0.0,1.0,South,2005/2006,SH 2,KAREAARA BR,Non-Injury Crash,Yes,2005,North,0.0,0.0,Hill Road,0.0,,0.0,0.0,Twilight,1415700.0,0.0,0.0,0.0,2.0,0.0,0.0,,Hawke's Bay Region,Nil,2-way,Sealed,0.0,0.0,0.0,100.0,0.0,None,0.0,0.0,,30.0,Hastings District,Nil,0.0,0.0,0.0,0.0,0.0,0.0,Open,0.0,0.0,0.0,Light rain
214580,1930741.0,5603767.0,548300.0,0.0,0.0,2.0,North,2013/2014,HERETAUNGA ST EAST,LUMSDEN ROAD,Non-Injury Crash,No,2014,South,0.0,,Flat,,,,,Bright sun,1502600.0,0.0,0.0,0.0,2.0,0.0,,,Hawke's Bay Region,Nil,2-way,Sealed,0.0,0.0,,50.0,,Null,0.0,0.0,,30.0,Hastings District,Stop,,,,,0.0,0.0,Urban,0.0,,,Fine
710017,1929577.0,5603580.0,548300.0,0.0,0.0,1.0,Null,2002/2003,RIVERSLEA ROAD SOUTH,COPELAND ROAD,Minor Crash,No,2002,North,0.0,1.0,Flat,0.0,,0.0,0.0,Dark,1503800.0,2.0,0.0,0.0,2.0,0.0,0.0,2.0,Hawke's Bay Region,Nil,2-way,Sealed,0.0,0.0,0.0,50.0,0.0,On,0.0,0.0,,30.0,Hastings District,Give way,0.0,0.0,0.0,0.0,0.0,0.0,Urban,0.0,0.0,0.0,Fine
15125,1929097.0,5606516.0,547800.0,0.0,0.0,2.0,East,2014/2015,PAKOWHAI ROAD,ST AUBYN ST WEST,Non-Injury Crash,No,2015,West,0.0,,Flat,,,,,Bright sun,1477600.0,0.0,0.0,0.0,2.0,0.0,,,Hawke's Bay Region,Nil,2-way,Sealed,0.0,0.0,,50.0,,Null,0.0,0.0,,30.0,Hastings District,Traffic Signals,,,,,0.0,0.0,Urban,0.0,,,Fine
697036,1931599.0,5601478.0,545762.0,0.0,0.0,1.0,West,2003/2004,TE AUTE ROAD,UPHAM ST,Non-Injury Crash,No,2004,West,0.0,,Flat,,,,,Overcast,1465503.0,0.0,0.0,0.0,2.0,0.0,,,Hawke's Bay Region,Nil,2-way,Sealed,0.0,0.0,,100.0,,Null,0.0,0.0,,30.0,Hastings District,Nil,,,,,0.0,0.0,Open,1.0,,,Fine
401278,1931420.0,5614860.0,545831.0,0.0,0.0,2.0,South,2006/2007,SH 50,MEEANEE ROAD,Non-Injury Crash,Yes,2006,South,0.0,,Flat,,,,,Overcast,1404600.0,0.0,0.0,0.0,2.0,0.0,,,Hawke's Bay Region,Nil,2-way,Sealed,0.0,0.0,,100.0,,Null,0.0,0.0,,30.0,Hastings District,Nil,,,,,0.0,0.0,Open,0.0,,,Fine
572375,1925582.7619,5606432.6182,548620.0,0.0,0.0,2.0,North,2017/2018,PLYMOUTH ROAD,WILSON ROAD,Non-Injury Crash,No,2017,West,0.0,0.0,Flat,0.0,Christmas New Year,0.0,0.0,Bright sun,1475300.0,0.0,0.0,0.0,2.0,0.0,1.0,,Hawke's Bay Region,Nil,2-way,Sealed,0.0,0.0,0.0,50.0,0.0,Off,1.0,0.0,,30.0,Hastings District,Unknown,0.0,0.0,0.0,0.0,0.0,0.0,Urban,0.0,0.0,0.0,Fine
44851,1917484.0,5654305.0,545912.0,0.0,0.0,1.0,North,2003/2004,SH 5,TITIOKURA SUMMIT,Non-Injury Crash,Yes,2003,North,0.0,0.0,Hill Road,0.0,,0.0,0.0,Dark,1414504.0,0.0,0.0,0.0,2.0,0.0,0.0,,Hawke's Bay Region,Nil,2-way,Sealed,0.0,0.0,0.0,100.0,0.0,None,0.0,0.0,,30.0,Hastings District,Nil,0.0,0.0,0.0,0.0,0.0,0.0,Open,0.0,0.0,0.0,Heavy rain
522559,1905544.0,5600559.0,545841.0,0.0,0.0,1.0,South,2011/2012,SH 50,GLENCOE STATION ROAD,Minor Crash,Yes,2011,North,0.0,,Hill Road,,,,,Dark,1462600.0,1.0,0.0,0.0,2.0,0.0,,,Hawke's Bay Region,Nil,2-way,Sealed,0.0,0.0,,100.0,,None,0.0,0.0,,30.0,Hastings District,Nil,,,,,0.0,0.0,Open,0.0,,,Light rain
412066,1929081.0658,5606503.1226,547700.0,0.0,0.0,1.0,Null,2019/2020,PAKOWHAI ROAD,FRIMLEY ROAD,Non-Injury Crash,No,2020,South,0.0,1.0,Flat,0.0,,0.0,0.0,Dark,1485900.0,0.0,0.0,0.0,2.0,0.0,0.0,,Hawke's Bay Region,Nil,2-way,Sealed,0.0,0.0,0.0,50.0,0.0,On,0.0,0.0,,30.0,Hastings District,Traffic Signals,0.0,0.0,0.0,0.0,0.0,0.0,Urban,0.0,0.0,0.0,Fine
505048,1901520.0,5598765.0,545841.0,0.0,0.0,0.0,South,2013/2014,SH 50,GLENCOE STATION ROAD,Minor Crash,Yes,2013,South,0.0,,Hill Road,,Christmas New Year,,,Bright sun,1462600.0,1.0,0.0,1.0,2.0,0.0,,,Hawke's Bay Region,Nil,2-way,Sealed,0.0,0.0,,100.0,,None,0.0,0.0,,30.0,Hastings District,Nil,,,,,0.0,0.0,Open,0.0,,,Fine
111126,1924277.0,5606764.0,545842.0,0.0,0.0,1.0,East,2006/2007,PORTSMOUTH ROAD,CHATHAM ROAD,Non-Injury Crash,No,2007,North,0.0,0.0,Flat,0.0,Christmas New Year,0.0,0.0,Dark,1470207.0,0.0,0.0,0.0,2.0,0.0,1.0,,Hawke's Bay Region,Nil,2-way,Sealed,0.0,0.0,0.0,50.0,0.0,On,1.0,0.0,,30.0,Hastings District,Nil,0.0,0.0,0.0,0.0,0.0,0.0,Urban,0.0,0.0,0.0,Light rain
6277,1929905.0,5605001.0,548200.0,0.0,0.0,2.0,Null,2003/2004,QUEEN ST EAST,RUSSELL ST NORTH,Non-Injury Crash,No,2003,East,0.0,,Flat,,,,,Bright sun,1492200.0,0.0,0.0,0.0,3.0,0.0,,,Hawke's Bay Region,Nil,2-way,Sealed,0.0,0.0,,50.0,,Null,0.0,0.0,,30.0,Hastings District,Traffic Signals,,,,,0.0,0.0,Urban,0.0,,,Fine
20024,1925567.0,5603225.0,545842.0,0.0,0.0,0.0,Null,2017/2018,HAWKES BAY EXPRESSWAY,MARAEKAKAHO ROAD,Non-Injury Crash,Yes,2018,South,0.0,0.0,Flat,0.0,,0.0,0.0,Overcast,1470214.0,0.0,0.0,0.0,2.0,0.0,0.0,,Hawke's Bay Region,Nil,2-way,Sealed,0.0,0.0,0.0,100.0,0.0,Null,0.0,0.0,,30.0,Hastings District,Give way,0.0,0.0,0.0,0.0,0.0,0.0,Open,1.0,0.0,0.0,Light rain
270180,1929577.0,5603580.0,548300.0,0.0,0.0,1.0,Null,2009/2010,RIVERSLEA ROAD SOUTH,COPELAND ROAD,Non-Injury Crash,No,2010,North,0.0,,Flat,,,,,Overcast,1503800.0,0.0,0.0,0.0,2.0,0.0,,,Hawke's Bay Region,Nil,2-way,Sealed,0.0,0.0,,50.0,,Null,0.0,0.0,,30.0,Hastings District,Give way,,,,,0.0,0.0,Urban,1.0,,,Fine
332789,1936835.0,5594959.0,545860.0,0.0,0.0,1.0,South,2015/2016,WAIMARAMA ROAD,MATANGI ROAD,Non-Injury Crash,No,2015,South,0.0,0.0,Flat,0.0,,0.0,0.0,Dark,1467200.0,0.0,0.0,0.0,2.0,0.0,0.0,,Hawke's Bay Region,Nil,2-way,Sealed,0.0,0.0,0.0,100.0,0.0,None,0.0,0.0,,30.0,Hastings District,Unknown,0.0,0.0,0.0,0.0,0.0,0.0,Open,0.0,0.0,0.0,Mist or Fog
80121,1930286.0,5606255.0,547600.0,0.0,0.0,2.0,Null,2009/2010,CORNWALL ROAD,TOMOANA ROAD,Non-Injury Crash,No,2009,North,0.0,0.0,Flat,0.0,,0.0,0.0,Dark,1484300.0,0.0,0.0,0.0,2.0,0.0,1.0,,Hawke's Bay Region,Nil,2-way,Sealed,0.0,0.0,0.0,50.0,0.0,On,0.0,0.0,,30.0,Hastings District,Nil,0.0,0.0,0.0,0.0,0.0,0.0,Urban,0.0,0.0,0.0,Fine
574242,1936624.0,5592293.0,545860.0,0.0,0.0,1.0,South,2005/2006,MARAETOTARA ROAD,WAIMARAMA ROAD,Non-Injury Crash,No,2006,North,0.0,0.0,Hill Road,0.0,,0.0,0.0,Bright sun,1467500.0,0.0,0.0,0.0,2.0,0.0,0.0,,Hawke's Bay Region,Nil,2-way,Sealed,0.0,0.0,0.0,100.0,0.0,Null,0.0,0.0,,30.0,Hastings District,Nil,0.0,0.0,0.0,0.0,0.0,0.0,Open,0.0,0.0,0.0,Fine
432629,1930781.0,5605947.0,548000.0,0.0,0.0,1.0,West,2007/2008,FREDERICK ST,CAROLINE ROAD,Non-Injury Crash,No,2008,East,0.0,,Flat,,,,,Dark,1495500.0,0.0,0.0,0.0,2.0,0.0,,,Hawke's Bay Region,Nil,2-way,Sealed,0.0,0.0,,50.0,,On,1.0,0.0,,30.0,Hastings District,Nil,,,,,0.0,0.0,Urban,0.0,,,Fine
585736,1929255.0,5609110.0,545710.0,0.0,0.0,1.0,Null,2004/2005,ORMOND ROAD,EVENDEN ROAD,Non-Injury Crash,No,2005,North,0.0,,Flat,,,,,Bright sun,1471000.0,0.0,0.0,0.0,2.0,0.0,,,Hawke's Bay Region,Nil,2-way,Sealed,0.0,0.0,,100.0,,Null,0.0,0.0,,30.0,Hastings District,Give way,,,,,0.0,0.0,Open,0.0,,,Null
236308,1933544.648,5603437.4121,545750.0,0.0,0.0,2.0,Null,2019/2020,NAPIER ROAD,THOMPSON ROAD,Non-Injury Crash,No,2020,South,0.0,1.0,Flat,0.0,,0.0,0.0,Overcast,1466202.0,0.0,0.0,0.0,2.0,0.0,0.0,,Hawke's Bay Region,Nil,2-way,Sealed,0.0,0.0,0.0,80.0,0.0,Off,0.0,0.0,,30.0,Hastings District,Nil,0.0,0.0,0.0,0.0,0.0,0.0,Open,0.0,0.0,0.0,Light rain
666954,1936997.7527,5597932.5209,545851.0,0.0,0.0,1.0,North,2019/2020,WAIMARAMA ROAD,MATANGI ROAD,Non-Injury Crash,No,2020,North,0.0,1.0,Hill Road,0.0,Queens Birthday,0.0,0.0,Overcast,1467002.0,0.0,0.0,0.0,2.0,0.0,0.0,,Hawke's Bay Region,Nil,2-way,Sealed,0.0,0.0,0.0,100.0,0.0,None,0.0,0.0,,30.0,Hastings District,Unknown,0.0,0.0,0.0,0.0,0.0,0.0,Open,0.0,0.0,0.0,Light rain
402102,1917837.0,5592638.0,545851.0,0.0,0.0,0.0,South,2005/2006,SH 2,POUKAWA ROAD,Minor Crash,Yes,2005,South,0.0,0.0,Flat,0.0,,0.0,0.0,Dark,1464200.0,1.0,0.0,0.0,2.0,0.0,0.0,,Hawke's Bay Region,Nil,2-way,Sealed,0.0,0.0,0.0,100.0,0.0,None,0.0,0.0,,30.0,Hastings District,Nil,0.0,0.0,0.0,1.0,0.0,0.0,Open,1.0,0.0,0.0,Fine
305655,1930371.0,5605155.0,548200.0,0.0,0.0,2.0,Null,2011/2012,KARAMU ROAD NORTH,VICTORIA ST,Non-Injury Crash,No,2012,West,0.0,,Flat,,,,,Bright sun,1494100.0,0.0,0.0,0.0,2.0,0.0,,,Hawke's Bay Region,Nil,2-way,Sealed,0.0,0.0,,50.0,,Null,0.0,0.0,,30.0,Hastings District,Give way,,,,,0.0,0.0,Urban,0.0,,,Fine
253517,1932998.0,5601845.0,548831.0,0.0,0.0,2.0,Null,2014/2015,TE MATA ROAD,KARANEMA DRIVE,Non-Injury Crash,No,2014,West,0.0,,Flat,,,,,Dark,1509800.0,0.0,0.0,0.0,2.0,0.0,,,Hawke's Bay Region,Nil,2-way,Sealed,0.0,0.0,,50.0,,On,0.0,0.0,,30.0,Hastings District,Give way,,,,,0.0,0.0,Urban,0.0,,,Fine
321865,1917207.0,5654513.0,545911.0,0.0,0.0,1.0,North,2006/2007,SH 5,TE POHUE HOTEL,Minor Crash,Yes,2006,South,0.0,0.0,Hill Road,0.0,,0.0,0.0,Dark,1415900.0,1.0,0.0,0.0,3.0,0.0,0.0,,Hawke's Bay Region,Nil,2-way,Sealed,0.0,0.0,0.0,100.0,0.0,None,0.0,0.0,,30.0,Hastings District,Nil,0.0,0.0,0.0,0.0,0.0,0.0,Open,0.0,0.0,0.0,Fine
271811,1929657.0,5605330.0,548200.0,0.0,0.0,1.0,Null,2014/2015,NELSON ST NORTH,QUEEN ST WEST,Non-Injury Crash,No,2014,East,0.0,,Flat,,,,,Bright sun,1490800.0,0.0,0.0,0.0,2.0,0.0,,,Hawke's Bay Region,Nil,2-way,Sealed,0.0,0.0,,50.0,,Null,0.0,0.0,,30.0,Hastings District,Give way,,,,,0.0,0.0,Urban,1.0,,,Fine
299293,1929671.0,5606216.0,547700.0,0.0,0.0,1.0,Null,2011/2012,FITZROY AVENUE,GRAYS ROAD,Non-Injury Crash,No,2011,South,0.0,0.0,Flat,0.0,,0.0,1.0,Dark,1488400.0,0.0,0.0,0.0,2.0,0.0,0.0,,Hawke's Bay Region,Nil,2-way,Sealed,0.0,0.0,0.0,50.0,0.0,On,0.0,0.0,,30.0,Hastings District,Give way,0.0,0.0,0.0,1.0,0.0,0.0,Urban,0.0,0.0,0.0,Fine
86255,1933371.0,5612159.0,545832.0,0.0,0.0,0.0,South,2015/2016,BROOKFIELDS ROAD,SISSONS ROAD,Non-Injury Crash,No,2016,South,0.0,1.0,Flat,0.0,,0.0,0.0,Bright sun,1404000.0,0.0,0.0,0.0,2.0,0.0,0.0,,Hawke's Bay Region,Nil,2-way,Sealed,0.0,0.0,0.0,100.0,0.0,Null,0.0,0.0,,30.0,Hastings District,Unknown,0.0,0.0,0.0,0.0,0.0,0.0,Open,1.0,0.0,0.0,Light rain
13722,1934133.0,5605909.0,545750.0,0.0,0.0,2.0,South,2000/2001,NAPIER ROAD,LAWN ROAD,Serious Crash,No,2001,South,0.0,,Flat,,,,,Bright sun,1406702.0,5.0,0.0,0.0,2.0,0.0,,,Hawke's Bay Region,Nil,2-way,Sealed,0.0,1.0,,100.0,,Null,0.0,0.0,,30.0,Hastings District,Nil,,,,,0.0,0.0,Open,0.0,,,Fine
522451,1930473.0,5606396.0,547600.0,0.0,0.0,2.0,South,2008/2009,TOMOANA ROAD,FREDERICK ST,Non-Injury Crash,No,2008,South,0.0,0.0,Flat,0.0,,0.0,0.0,Bright sun,1483700.0,0.0,0.0,0.0,2.0,0.0,1.0,,Hawke's Bay Region,Nil,2-way,Sealed,0.0,0.0,0.0,50.0,0.0,Null,0.0,0.0,,30.0,Hastings District,Nil,0.0,0.0,0.0,0.0,0.0,0.0,Urban,0.0,0.0,0.0,Fine