OBJECTID,X,Y,areaUnitID,bicycle,bus,carStationWagon,crashDirectionDescription,crashFinancialYear,crashLocation1,crashLocation2,crashSeverity,crashSHDescription,crashYear,directionRoleDescription,fatalCount,fence,flatHill,guardRail,holiday,houseOrBuilding,kerb,light,meshblockId,minorInjuryCount,moped,motorcycle,NumberOfLanes,otherVehicleType,parkedVehicle,pedestrian,region,roadCharacter,roadLane,roadSurface,schoolBus,seriousInjuryCount,slipOrFlood,speedLimit,strayAnimal,streetLight,suv,taxi,temporarySpeedLimit,tlaId,tlaName,trafficControl,trafficIsland,trafficSign,train,tree,truck,unknownVehicleType,urban,vanOrUtility,vehicle,waterRiver,weatherA
617714,1929465.0,5604983.0,548200.0,0.0,0.0,1.0,Null,2001/2002,KING ST SOUTH,LYNDON ROAD WEST,Non-Injury Crash,No,2002,West,0.0,,Flat,,,,,Bright sun,1489801.0,0.0,0.0,0.0,2.0,0.0,,,Hawke's Bay Region,Nil,2-way,Sealed,0.0,0.0,,50.0,,Null,0.0,0.0,,30.0,Hastings District,Give way,,,,,0.0,0.0,Urban,1.0,,,Fine
343657,1929851.0,5605477.0,548200.0,0.0,0.0,1.0,Null,2005/2006,NELSON ST NORTH,ST AUBYN ST WEST,Non-Injury Crash,No,2006,West,0.0,,Flat,,,,,Dark,1491000.0,0.0,0.0,0.0,3.0,0.0,,,Hawke's Bay Region,Nil,2-way,Sealed,0.0,0.0,,50.0,,On,1.0,0.0,,30.0,Hastings District,Traffic Signals,,,,,0.0,0.0,Urban,0.0,,,Fine
418933,1928650.4428,5606630.2638,547800.0,0.0,0.0,3.0,North,2018/2019,HAPUKU STREET,IKANUI ROAD,Non-Injury Crash,No,2018,South,0.0,0.0,Flat,0.0,,0.0,0.0,Bright sun,1477700.0,0.0,0.0,0.0,2.0,0.0,1.0,,Hawke's Bay Region,Nil,2-way,Sealed,0.0,0.0,0.0,50.0,0.0,Off,0.0,0.0,,30.0,Hastings District,Unknown,0.0,0.0,0.0,0.0,0.0,0.0,Urban,0.0,0.0,0.0,Fine
374179,1925649.0,5626003.0,545821.0,0.0,0.0,1.0,South,2013/2014,PUKETITIRI ROAD,SEAFIELD ROAD,Minor Crash,No,2014,North,0.0,0.0,Hill Road,0.0,,0.0,0.0,Overcast,1411200.0,1.0,0.0,0.0,2.0,0.0,0.0,,Hawke's Bay Region,Nil,2-way,Sealed,0.0,0.0,0.0,100.0,0.0,Null,0.0,0.0,,30.0,Hastings District,Unknown,0.0,0.0,0.0,0.0,0.0,0.0,Open,0.0,0.0,0.0,Fine
38522,1929387.0,5614231.0,545831.0,0.0,0.0,0.0,Null,2003/2004,SH 50,WAIOHIKI ROAD,Non-Injury Crash,Yes,2003,West,0.0,,Flat,,,,,Overcast,1409400.0,0.0,0.0,0.0,3.0,0.0,,,Hawke's Bay Region,Nil,2-way,Sealed,0.0,0.0,,100.0,,Null,0.0,0.0,,30.0,Hastings District,Give way,,,,,0.0,0.0,Open,2.0,,,Fine
525397,1935338.0,5609384.0,545722.0,0.0,0.0,2.0,South,1999/2000,SH 2,RICHMOND ROAD,Non-Injury Crash,Yes,2000,South,0.0,,Flat,,Christmas New Year,,,Overcast,1406000.0,0.0,0.0,0.0,2.0,0.0,,,Hawke's Bay Region,Nil,2-way,Sealed,0.0,0.0,,100.0,,Null,0.0,0.0,,30.0,Hastings District,Nil,,,,,0.0,0.0,Open,0.0,,,Fine
585617,1934768.0,5608831.0,545722.0,0.0,0.0,1.0,Null,2013/2014,SH 2,BUCKINGHAM ST,Minor Crash,Yes,2013,North,0.0,,Flat,,,,,Bright sun,1406300.0,2.0,0.0,0.0,2.0,0.0,,,Hawke's Bay Region,Nil,2-way,Sealed,0.0,0.0,,80.0,,Null,0.0,0.0,,30.0,Hastings District,Nil,,,,,0.0,0.0,Open,1.0,,,Fine
1108,1935463.0,5604322.0,545750.0,0.0,0.0,1.0,South,2010/2011,TE MATA MANGATERETERE ROA,THOMPSON ROAD,Serious Crash,No,2010,North,0.0,1.0,Flat,0.0,Christmas New Year,0.0,0.0,Bright sun,1466501.0,0.0,0.0,0.0,2.0,0.0,0.0,,Hawke's Bay Region,Nil,2-way,Sealed,0.0,1.0,0.0,100.0,0.0,Null,0.0,0.0,,30.0,Hastings District,Nil,0.0,0.0,0.0,0.0,0.0,0.0,Open,0.0,0.0,0.0,Fine
609524,1931773.0,5604809.0,548000.0,0.0,0.0,0.0,Null,2015/2016,JELLICOE ST,BEATTY ST,Non-Injury Crash,No,2015,South,0.0,,Flat,,,,,Bright sun,1498200.0,0.0,0.0,0.0,2.0,0.0,,,Hawke's Bay Region,Nil,2-way,Sealed,0.0,0.0,,50.0,,Off,1.0,0.0,,30.0,Hastings District,Give way,,,,,0.0,0.0,Urban,1.0,,,Fine
394337,1930551.0,5604101.0,548100.0,0.0,0.0,2.0,West,2011/2012,SYLVAN ROAD,QUEEN ST EAST,Non-Injury Crash,No,2012,East,0.0,0.0,Flat,0.0,,0.0,0.0,Bright sun,1501200.0,0.0,0.0,0.0,2.0,0.0,1.0,,Hawke's Bay Region,Nil,2-way,Sealed,0.0,0.0,0.0,50.0,0.0,Null,0.0,0.0,,30.0,Hastings District,Nil,0.0,0.0,0.0,0.0,0.0,0.0,Urban,0.0,0.0,0.0,Fine
411651,1925619.0,5619506.0,545821.0,0.0,0.0,1.0,South,2011/2012,VICARAGE ROAD,DARTMOOR ROAD,Non-Injury Crash,No,2011,South,0.0,,Flat,,,,,Bright sun,1408500.0,0.0,0.0,0.0,1.0,0.0,,,Hawke's Bay Region,Bridge,2-way,Sealed,0.0,0.0,,50.0,,Null,0.0,0.0,,30.0,Hastings District,Unknown,,,,,0.0,0.0,Urban,1.0,,,Fine
647721,1934397.0,5603048.0,545750.0,0.0,0.0,1.0,North,2004/2005,DAVIDSON ROAD,BROOKVALE ROAD,Non-Injury Crash,No,2004,South,0.0,0.0,Flat,0.0,,0.0,0.0,Bright sun,1466300.0,0.0,0.0,0.0,2.0,0.0,0.0,,Hawke's Bay Region,Nil,2-way,Sealed,0.0,0.0,0.0,100.0,0.0,Null,0.0,0.0,,30.0,Hastings District,Nil,0.0,0.0,0.0,0.0,0.0,0.0,Open,0.0,0.0,0.0,Fine
267666,1930987.0,5603505.0,545762.0,0.0,0.0,3.0,East,2014/2015,HAVELOCK ROAD,NORTON ROAD,Minor Crash,No,2014,West,0.0,,Flat,,,,,Bright sun,1468500.0,2.0,0.0,0.0,2.0,0.0,,,Hawke's Bay Region,Nil,2-way,Sealed,0.0,0.0,,70.0,,Off,0.0,0.0,,30.0,Hastings District,Nil,,,,,0.0,0.0,Urban,1.0,,,Fine
214326,1919215.0,5646892.0,545811.0,0.0,0.0,0.0,South,2010/2011,SH 5,OLD TAUPO COACH ROAD,Non-Injury Crash,Yes,2010,West,0.0,,Flat,,,,,Bright sun,1414700.0,0.0,0.0,1.0,2.0,0.0,,,Hawke's Bay Region,Nil,2-way,Sealed,0.0,0.0,,100.0,,Null,0.0,0.0,,30.0,Hastings District,Nil,,,,,0.0,0.0,Open,0.0,,,Null
200633,1926813.0,5610275.0,545710.0,0.0,0.0,2.0,South,2016/2017,EVANS ROAD,TROTTER ROAD,Non-Injury Crash,No,2017,North,0.0,0.0,Flat,0.0,,0.0,0.0,Bright sun,1470800.0,0.0,0.0,0.0,2.0,0.0,0.0,,Hawke's Bay Region,Nil,2-way,Unsealed,0.0,0.0,0.0,100.0,0.0,Null,0.0,0.0,,30.0,Hastings District,Nil,0.0,0.0,0.0,0.0,0.0,0.0,Open,0.0,1.0,0.0,Fine
512187,1932183.0,5602229.0,545721.0,0.0,0.0,3.0,West,2002/2003,HAVELOCK ROAD,HAVELOCK BR,Non-Injury Crash,No,2003,East,0.0,,Flat,,,,,Dark,1473000.0,0.0,0.0,0.0,2.0,0.0,,,Hawke's Bay Region,Nil,2-way,Sealed,0.0,0.0,,70.0,,On,0.0,0.0,,30.0,Hastings District,Nil,,,,,0.0,0.0,Urban,0.0,,,Fine
554407,1930480.0,5604047.0,548300.0,0.0,0.0,2.0,Null,2014/2015,HERETAUNGA ST EAST,SYLVAN ROAD,Non-Injury Crash,No,2015,South,0.0,,Flat,,,,,Dark,1502000.0,0.0,0.0,0.0,2.0,0.0,,,Hawke's Bay Region,Nil,2-way,Sealed,0.0,0.0,,50.0,,On,0.0,0.0,,30.0,Hastings District,Give way,,,,,0.0,0.0,Urban,0.0,,,Fine
432531,1931560.0,5602871.0,545762.0,0.0,0.0,1.0,Null,2013/2014,HAVELOCK ROAD,ST GEORGES ROAD,Minor Crash,No,2013,West,0.0,0.0,Flat,0.0,,0.0,0.0,Overcast,1468600.0,1.0,0.0,0.0,2.0,0.0,0.0,,Hawke's Bay Region,Nil,2-way,Sealed,0.0,0.0,0.0,70.0,0.0,Off,0.0,0.0,,30.0,Hastings District,Give way,0.0,1.0,0.0,0.0,0.0,0.0,Urban,0.0,0.0,0.0,Heavy rain
293753,1928842.0,5603900.0,547900.0,0.0,0.0,1.0,Null,2016/2017,MURDOCH ROAD WEST,RAILWAY ROAD SOUTH,Minor Crash,No,2017,North,0.0,,Flat,,,,,Bright sun,1482600.0,1.0,0.0,0.0,2.0,0.0,,,Hawke's Bay Region,Nil,2-way,Sealed,0.0,0.0,,50.0,,Null,1.0,0.0,,30.0,Hastings District,Stop,,,,,0.0,0.0,Urban,0.0,,,Fine
579994,1933114.0,5602264.0,548831.0,0.0,0.0,0.0,North,2001/2002,NAPIER ROAD,GODDARD LANE,Minor Crash,No,2002,North,0.0,,Flat,,Christmas New Year,,,Dark,1509100.0,1.0,0.0,1.0,2.0,0.0,,,Hawke's Bay Region,Nil,2-way,Sealed,0.0,0.0,,50.0,,On,0.0,0.0,,30.0,Hastings District,Nil,,,,,0.0,0.0,Urban,0.0,,,Fine
40138,1931135.0,5605622.0,548000.0,0.0,0.0,2.0,South,2005/2006,KARAMU ROAD NORTH,TUDOR AVENUE,Non-Injury Crash,No,2006,North,0.0,,Flat,,,,,Bright sun,1497100.0,0.0,0.0,0.0,2.0,0.0,,,Hawke's Bay Region,Nil,2-way,Sealed,0.0,0.0,,50.0,,Null,0.0,0.0,,30.0,Hastings District,Nil,,,,,0.0,0.0,Urban,0.0,,,Fine
61669,1930100.0,5605661.0,548200.0,0.0,0.0,2.0,Null,2007/2008,NELSON ST NORTH,FITZROY AVENUE,Minor Crash,No,2008,West,0.0,,Flat,,,,,Twilight,1491100.0,2.0,0.0,0.0,2.0,0.0,,,Hawke's Bay Region,Nil,2-way,Sealed,0.0,0.0,,50.0,,On,0.0,0.0,,30.0,Hastings District,Give way,,,,,0.0,0.0,Urban,0.0,,,Fine
127713,1931438.0,5605808.0,548000.0,0.0,0.0,2.0,Null,2010/2011,KARAMU ROAD NORTH,COLLINGE ROAD,Serious Crash,No,2010,South,0.0,,Flat,,,,,Twilight,1496700.0,1.0,0.0,0.0,2.0,0.0,,,Hawke's Bay Region,Nil,2-way,Sealed,0.0,1.0,,50.0,,Off,0.0,0.0,,30.0,Hastings District,Give way,,,,,0.0,0.0,Urban,0.0,,,Fine
122365,1929022.0,5605040.0,548200.0,0.0,0.0,1.0,North,2003/2004,SOUTHLAND ROAD,PROSPECT ROAD,Non-Injury Crash,No,2003,North,0.0,1.0,Flat,0.0,,0.0,0.0,Dark,1489200.0,0.0,0.0,0.0,2.0,0.0,0.0,,Hawke's Bay Region,Nil,2-way,Sealed,0.0,0.0,0.0,50.0,0.0,On,0.0,0.0,,30.0,Hastings District,Nil,0.0,0.0,0.0,0.0,0.0,0.0,Urban,0.0,0.0,0.0,Fine
134690,1909829.0,5668449.0,545911.0,0.0,0.0,2.0,North,2002/2003,SH 5,KOWARO ROADWAY,Serious Crash,Yes,2003,West,0.0,0.0,Flat,0.0,,0.0,0.0,Twilight,1281200.0,0.0,0.0,0.0,2.0,0.0,0.0,,Hawke's Bay Region,Nil,2-way,Sealed,0.0,1.0,0.0,100.0,0.0,None,0.0,0.0,,30.0,Hastings District,Nil,0.0,0.0,0.0,0.0,0.0,0.0,Open,2.0,0.0,0.0,Heavy rain
142234,1940941.0,5588407.0,545860.0,0.0,0.0,1.0,South,2016/2017,WAIMARAMA ROAD,TIMOTI ROAD,Minor Crash,No,2016,North,0.0,1.0,Hill Road,0.0,,0.0,0.0,Overcast,1467500.0,1.0,0.0,0.0,2.0,0.0,0.0,,Hawke's Bay Region,Nil,2-way,Sealed,0.0,0.0,0.0,100.0,0.0,Null,0.0,0.0,,30.0,Hastings District,Unknown,0.0,0.0,0.0,0.0,0.0,0.0,Open,0.0,0.0,0.0,Fine
81552,1909672.0,5671264.0,545911.0,0.0,0.0,1.0,North,2001/2002,SH 5,STONEY CREEK CUL,Serious Crash,Yes,2001,North,0.0,0.0,Flat,0.0,,0.0,1.0,Overcast,1281200.0,0.0,0.0,0.0,2.0,0.0,0.0,,Hawke's Bay Region,Nil,2-way,Sealed,0.0,1.0,0.0,100.0,0.0,Null,0.0,0.0,,30.0,Hastings District,Nil,0.0,0.0,0.0,0.0,0.0,0.0,Open,0.0,0.0,0.0,Fine
606670,1920218.0,5627358.0,545821.0,0.0,0.0,0.0,South,2007/2008,PUKETITIRI ROAD,SOLDIERS SETTLEMENT ROAD,Minor Crash,No,2008,North,0.0,0.0,Hill Road,1.0,,0.0,0.0,Dark,1411100.0,1.0,0.0,0.0,2.0,0.0,0.0,,Hawke's Bay Region,Nil,2-way,Sealed,0.0,0.0,0.0,100.0,0.0,None,0.0,0.0,,30.0,Hastings District,Nil,0.0,0.0,0.0,0.0,0.0,0.0,Open,1.0,0.0,0.0,Fine
668683,1929179.0,5605159.0,548200.0,0.0,0.0,3.0,Null,2003/2004,SOUTHAMPTON ST WEST,SOUTHLAND ROAD,Non-Injury Crash,No,2004,East,0.0,,Flat,,,,,Bright sun,1488600.0,0.0,0.0,0.0,2.0,0.0,,,Hawke's Bay Region,Nil,2-way,Sealed,0.0,0.0,,50.0,,Null,0.0,0.0,,30.0,Hastings District,Give way,,,,,0.0,0.0,Urban,0.0,,,Fine
524236,1930005.0,5604669.0,548200.0,1.0,0.0,1.0,East,2004/2005,HERETAUNGA ST EAST,WARREN ST NORTH,Minor Crash,No,2005,West,0.0,,Flat,,,,,Bright sun,1493300.0,1.0,0.0,0.0,2.0,0.0,,,Hawke's Bay Region,Nil,2-way,Sealed,0.0,0.0,,50.0,,Null,0.0,0.0,,30.0,Hastings District,Nil,,,,,0.0,0.0,Urban,0.0,,,Fine
218624,1920235.0,5594474.0,545851.0,0.0,0.0,2.0,South,2004/2005,SH 2,TE MAHANGA ROAD,Serious Crash,Yes,2004,West,0.0,0.0,Flat,0.0,,0.0,0.0,Bright sun,1463900.0,0.0,0.0,0.0,2.0,0.0,0.0,,Hawke's Bay Region,Nil,2-way,Sealed,0.0,2.0,0.0,100.0,0.0,Null,0.0,0.0,,30.0,Hastings District,Nil,0.0,0.0,0.0,0.0,0.0,0.0,Open,0.0,0.0,1.0,Fine
456922,1929872.0,5604644.0,548200.0,0.0,0.0,3.0,Null,2005/2006,EASTBOURNE ST EAST,WARREN ST SOUTH,Minor Crash,No,2005,North,0.0,0.0,Flat,0.0,,0.0,0.0,Bright sun,1493200.0,3.0,0.0,0.0,2.0,0.0,1.0,,Hawke's Bay Region,Nil,2-way,Sealed,0.0,0.0,0.0,50.0,0.0,Null,0.0,0.0,,30.0,Hastings District,Give way,0.0,0.0,0.0,0.0,0.0,0.0,Urban,0.0,0.0,0.0,Fine
457076,1931241.0,5613319.0,545832.0,0.0,0.0,2.0,South,2013/2014,PAKOWHAI ROAD,LINKS ROAD EAST,Non-Injury Crash,No,2013,North,0.0,,Flat,,,,,Overcast,1403900.0,0.0,0.0,0.0,2.0,0.0,,,Hawke's Bay Region,Nil,2-way,Sealed,0.0,0.0,,70.0,,Null,0.0,0.0,,30.0,Hastings District,Nil,,,,,0.0,0.0,Urban,0.0,,,Fine
81556,1910071.0,5664419.0,545911.0,0.0,0.0,1.0,West,2001/2002,SH 5,TE HAROTO ROAD,Non-Injury Crash,Yes,2002,West,0.0,0.0,Hill Road,0.0,,0.0,0.0,Dark,1414400.0,0.0,0.0,0.0,2.0,0.0,0.0,,Hawke's Bay Region,Nil,2-way,Sealed,0.0,0.0,0.0,100.0,0.0,None,0.0,0.0,,30.0,Hastings District,Nil,0.0,0.0,0.0,0.0,0.0,0.0,Open,0.0,0.0,0.0,Light rain
647421,1930245.0,5604747.0,548200.0,0.0,0.0,2.0,Null,2000/2001,HASTINGS ST NORTH,AVENUE ROAD EAST,Non-Injury Crash,No,2000,North,0.0,0.0,Flat,0.0,,1.0,0.0,Bright sun,1493400.0,0.0,0.0,0.0,2.0,0.0,0.0,,Hawke's Bay Region,Nil,2-way,Sealed,0.0,0.0,0.0,50.0,0.0,Null,0.0,0.0,,30.0,Hastings District,Give way,0.0,0.0,0.0,0.0,0.0,0.0,Urban,0.0,0.0,0.0,Fine
81483,1917345.0,5592229.0,545851.0,0.0,0.0,1.0,South,2001/2002,SH 2,POUKAWA ROAD,Non-Injury Crash,Yes,2002,North,0.0,1.0,Flat,0.0,,0.0,0.0,Bright sun,1464200.0,0.0,0.0,0.0,2.0,0.0,0.0,,Hawke's Bay Region,Nil,2-way,Sealed,0.0,0.0,0.0,100.0,0.0,Null,0.0,0.0,,30.0,Hastings District,Nil,0.0,0.0,0.0,0.0,0.0,0.0,Open,0.0,0.0,0.0,Fine
458288,1936504.0,5654709.0,545911.0,0.0,0.0,1.0,Null,2005/2006,SH 2,SANDY CREEK ROAD,Non-Injury Crash,Yes,2005,South,0.0,0.0,Flat,1.0,,0.0,0.0,Overcast,1416000.0,0.0,0.0,0.0,2.0,0.0,0.0,,Hawke's Bay Region,Nil,2-way,Sealed,0.0,0.0,0.0,100.0,0.0,Null,0.0,0.0,,30.0,Hastings District,Nil,0.0,0.0,0.0,0.0,0.0,0.0,Open,0.0,0.0,0.0,Light rain
477642,1916081.0,5604836.0,545841.0,0.0,0.0,1.0,Null,2014/2015,MARAEKAKAHO ROAD,SH 50,Non-Injury Crash,Yes,2015,South,0.0,1.0,Flat,0.0,,0.0,0.0,Dark,1462901.0,0.0,0.0,0.0,2.0,0.0,0.0,,Hawke's Bay Region,Nil,2-way,Sealed,0.0,0.0,0.0,100.0,0.0,On,0.0,0.0,,30.0,Hastings District,Give way,0.0,0.0,0.0,0.0,0.0,0.0,Open,0.0,0.0,0.0,Heavy rain
642077,1927543.0,5615830.0,545821.0,0.0,0.0,1.0,South,2013/2014,SPRINGFIELD ROAD,PUKETAPU ROAD,Non-Injury Crash,No,2013,South,0.0,0.0,Flat,0.0,,0.0,0.0,Bright sun,1411000.0,0.0,0.0,0.0,2.0,0.0,0.0,,Hawke's Bay Region,Nil,2-way,Sealed,0.0,0.0,0.0,100.0,0.0,Null,0.0,0.0,,30.0,Hastings District,Nil,0.0,0.0,0.0,0.0,0.0,0.0,Open,0.0,0.0,0.0,Fine
519436,1927296.0,5605131.0,545761.0,0.0,0.0,1.0,Null,2002/2003,MARAEKAKAHO ROAD,YORK ROAD,Non-Injury Crash,Yes,2003,South,0.0,0.0,Flat,0.0,,0.0,0.0,Overcast,1469905.0,0.0,0.0,0.0,2.0,0.0,0.0,,Hawke's Bay Region,Nil,2-way,Sealed,0.0,0.0,0.0,70.0,0.0,Null,0.0,0.0,,30.0,Hastings District,Give way,0.0,0.0,0.0,0.0,0.0,0.0,Urban,0.0,0.0,0.0,Fine
672013,1933748.0,5604000.0,545750.0,0.0,0.0,1.0,North,2003/2004,NAPIER ROAD,THOMPSON ROAD,Minor Crash,No,2004,North,0.0,0.0,Flat,0.0,,1.0,0.0,Dark,1406600.0,1.0,0.0,0.0,2.0,0.0,0.0,,Hawke's Bay Region,Nil,2-way,Sealed,0.0,0.0,0.0,100.0,0.0,On,0.0,0.0,,30.0,Hastings District,Nil,0.0,0.0,0.0,0.0,0.0,0.0,Open,0.0,0.0,0.0,Fine
326985,1930935.0,5613540.0,545831.0,0.0,0.0,2.0,Null,2003/2004,SH 50,SH 50A,Non-Injury Crash,Yes,2003,South,0.0,,Flat,,,,,Twilight,1404600.0,0.0,0.0,0.0,3.0,0.0,,,Hawke's Bay Region,Nil,2-way,Sealed,0.0,0.0,,100.0,,On,0.0,0.0,,30.0,Hastings District,Give way,,,,,0.0,0.0,Open,0.0,,,Fine
599246,1935405.0,5609483.0,545722.0,0.0,0.0,2.0,Null,2010/2011,RICHMOND ROAD,SH 2 MAIN,Minor Crash,Yes,2011,West,0.0,,Flat,,,,,Dark,1406300.0,2.0,0.0,0.0,2.0,0.0,,,Hawke's Bay Region,Nil,2-way,Sealed,0.0,0.0,,100.0,,On,0.0,0.0,,30.0,Hastings District,Give way,,,,,0.0,0.0,Open,0.0,,,Fine
391732,1928703.0,5604796.0,547900.0,0.0,0.0,1.0,North,2009/2010,SOUTHLAND ROAD,GORDON ROAD,Non-Injury Crash,No,2009,South,0.0,,Flat,,,,,Bright sun,1482100.0,0.0,0.0,0.0,2.0,0.0,,,Hawke's Bay Region,Nil,2-way,Sealed,0.0,0.0,,50.0,,Null,1.0,0.0,,30.0,Hastings District,Nil,,,,,0.0,0.0,Urban,0.0,,,Fine
1978,1929902.9735,5605402.815,548200.0,0.0,0.0,1.0,North,2019/2020,ST AUBYN STREET WEST,KING STREET NORTH,Non-Injury Crash,No,2019,South,0.0,,Flat,,,,,Twilight,1490900.0,0.0,0.0,0.0,4.0,0.0,,,Hawke's Bay Region,Nil,2-way,Sealed,0.0,0.0,,50.0,,On,0.0,0.0,,30.0,Hastings District,Unknown,,,,,0.0,0.0,Urban,1.0,,,Fine
423786,1923079.0,5611804.0,545822.0,0.0,0.0,1.0,Null,2012/2013,SH 50 KOROKIPO ROAD,TAIHAPE ROAD,Non-Injury Crash,Yes,2012,North,0.0,,Flat,,,,,Bright sun,1409300.0,0.0,0.0,0.0,2.0,0.0,,,Hawke's Bay Region,Nil,2-way,Sealed,0.0,0.0,,50.0,,Null,1.0,0.0,,30.0,Hastings District,Give way,,,,,0.0,0.0,Urban,0.0,,,Fine
653505,1926571.0,5600163.0,545852.0,0.0,0.0,1.0,West,2010/2011,TE AUTE ROAD,CRYSTALL ROAD,Minor Crash,No,2010,West,0.0,0.0,Flat,0.0,,0.0,0.0,Overcast,1468700.0,1.0,0.0,0.0,2.0,0.0,0.0,,Hawke's Bay Region,Nil,2-way,Sealed,0.0,0.0,0.0,100.0,0.0,Null,0.0,0.0,,30.0,Hastings District,Nil,0.0,0.0,0.0,0.0,0.0,0.0,Open,1.0,0.0,0.0,Fine
586415,1931298.0,5606996.0,545721.0,0.0,0.0,1.0,Null,2001/2002,TOMOANA ROAD,RICHMOND ROAD,Minor Crash,No,2002,East,0.0,,Flat,,,,,Dark,1471500.0,1.0,0.0,0.0,2.0,0.0,,,Hawke's Bay Region,Nil,2-way,Sealed,0.0,0.0,,100.0,,On,0.0,0.0,,30.0,Hastings District,Nil,,,,,1.0,0.0,Open,0.0,,,Light rain
628167,1931167.0,5608086.0,545710.0,0.0,0.0,1.0,East,2006/2007,PAKOWHAI ROAD,MORLEY ROAD,Minor Crash,No,2006,East,0.0,1.0,Flat,0.0,,0.0,0.0,Bright sun,1471100.0,1.0,0.0,0.0,2.0,0.0,0.0,,Hawke's Bay Region,Nil,2-way,Sealed,0.0,0.0,0.0,100.0,0.0,None,0.0,0.0,,30.0,Hastings District,Nil,0.0,0.0,0.0,0.0,0.0,0.0,Open,0.0,0.0,0.0,Light rain
600203,1928922.0,5605476.0,547700.0,0.0,0.0,1.0,Null,2006/2007,SOUTHAMPTON ST WEST,PEPPER ST,Non-Injury Crash,No,2007,West,0.0,,Flat,,,,,Dark,1487000.0,0.0,0.0,0.0,2.0,0.0,,,Hawke's Bay Region,Nil,2-way,Sealed,0.0,0.0,,50.0,,On,0.0,0.0,,30.0,Hastings District,Give way,,,,,0.0,0.0,Urban,0.0,,,Light rain
678443,1930801.0,5603703.0,548300.0,0.0,0.0,1.0,West,2013/2014,HERETAUNGA ST EAST,WINDSOR AVENUE,Non-Injury Crash,No,2014,North,0.0,1.0,Flat,0.0,,0.0,0.0,Bright sun,1502700.0,0.0,0.0,0.0,2.0,0.0,0.0,,Hawke's Bay Region,Nil,2-way,Sealed,0.0,0.0,0.0,50.0,0.0,Null,0.0,0.0,,30.0,Hastings District,Unknown,0.0,0.0,0.0,0.0,0.0,0.0,Urban,0.0,0.0,0.0,Fine
575132,1918283.0,5651067.0,545911.0,0.0,0.0,1.0,North,2013/2014,SH 5,TE POHUE LOOP ROAD N,Non-Injury Crash,Yes,2013,South,0.0,0.0,Hill Road,0.0,,0.0,0.0,Dark,1415900.0,0.0,0.0,0.0,3.0,0.0,0.0,,Hawke's Bay Region,Nil,2-way,Unsealed,0.0,0.0,0.0,100.0,0.0,None,0.0,0.0,30.0,30.0,Hastings District,Nil,0.0,0.0,0.0,0.0,0.0,0.0,Open,0.0,0.0,0.0,Fine
112208,1924286.0,5608176.0,548611.0,0.0,0.0,1.0,Null,2002/2003,KIRKWOOD ROAD,TARBET ST,Non-Injury Crash,No,2002,South,0.0,,Flat,,,,,Bright sun,1469709.0,0.0,0.0,0.0,2.0,0.0,,,Hawke's Bay Region,Nil,2-way,Sealed,0.0,0.0,,50.0,,Null,0.0,0.0,,30.0,Hastings District,Nil,,,,,0.0,0.0,Urban,1.0,,,Fine
222875,1929368.0,5604732.0,548200.0,0.0,0.0,2.0,Null,2012/2013,KNIGHT ST,MARKET ST SOUTH,Non-Injury Crash,No,2012,South,0.0,0.0,Flat,0.0,,0.0,0.0,Dark,1489700.0,0.0,0.0,0.0,2.0,0.0,1.0,,Hawke's Bay Region,Nil,2-way,Sealed,0.0,0.0,0.0,50.0,0.0,On,1.0,0.0,,30.0,Hastings District,Give way,0.0,0.0,0.0,0.0,0.0,0.0,Urban,0.0,0.0,0.0,Fine
583154,1941535.0,5657000.0,545911.0,0.0,0.0,1.0,Null,2010/2011,SH 2,MATAHORUA STM BR,Non-Injury Crash,Yes,2011,North,0.0,,Hill Road,,,,,Bright sun,1415100.0,0.0,0.0,0.0,1.0,0.0,,,Hawke's Bay Region,Bridge,2-way,Sealed,0.0,0.0,,100.0,,Null,0.0,0.0,,30.0,Hastings District,Nil,,,,,1.0,0.0,Open,0.0,,,Fine
157834,1930952.0,5613587.0,545831.0,0.0,0.0,1.0,North,2009/2010,SH 50,LINKS ROAD EAST,Serious Crash,Yes,2010,South,0.0,,Flat,,,,,Dark,1404600.0,0.0,0.0,0.0,2.0,0.0,,,Hawke's Bay Region,Nil,2-way,Sealed,0.0,1.0,,100.0,,On,0.0,0.0,,30.0,Hastings District,Nil,,,,,0.0,0.0,Open,0.0,,,Fine
397663,1929617.4787,5606284.7705,547700.0,0.0,0.0,1.0,South,2019/2020,FITZROY AVENUE,WELLWOOD STREET,Non-Injury Crash,No,2019,West,0.0,1.0,Flat,0.0,,0.0,0.0,Dark,1486300.0,0.0,0.0,0.0,2.0,0.0,0.0,,Hawke's Bay Region,Nil,2-way,Sealed,0.0,0.0,0.0,50.0,0.0,On,0.0,0.0,,30.0,Hastings District,Unknown,0.0,1.0,0.0,0.0,0.0,0.0,Urban,0.0,0.0,0.0,Fine
87914,1920096.0,5607422.0,545841.0,0.0,0.0,2.0,South,2002/2003,SH 50,NGATARAWA ROAD,Non-Injury Crash,Yes,2003,North,0.0,,Hill Road,,,,,Bright sun,1462901.0,0.0,0.0,0.0,2.0,0.0,,,Hawke's Bay Region,Nil,2-way,Sealed,0.0,0.0,,100.0,,Null,0.0,0.0,,30.0,Hastings District,Nil,,,,,0.0,0.0,Open,0.0,,,Fine