OBJECTID,X,Y,areaUnitID,bicycle,bus,carStationWagon,crashDirectionDescription,crashFinancialYear,crashLocation1,crashLocation2,crashSeverity,crashSHDescription,crashYear,directionRoleDescription,fatalCount,fence,flatHill,guardRail,holiday,houseOrBuilding,kerb,light,meshblockId,minorInjuryCount,moped,motorcycle,NumberOfLanes,otherVehicleType,parkedVehicle,pedestrian,region,roadCharacter,roadLane,roadSurface,schoolBus,seriousInjuryCount,slipOrFlood,speedLimit,strayAnimal,streetLight,suv,taxi,temporarySpeedLimit,tlaId,tlaName,trafficControl,trafficIsland,trafficSign,train,tree,truck,unknownVehicleType,urban,vanOrUtility,vehicle,waterRiver,weatherA
11790,1934301.0,5607690.0,545722.0,0.0,0.0,2.0,North,2002/2003,SH 2,PILCHER ROAD,Minor Crash,Yes,2002,North,0.0,,Flat,,,,,Dark,1406300.0,2.0,0.0,0.0,2.0,0.0,,,Hawke's Bay Region,Nil,2-way,Sealed,0.0,0.0,,100.0,,None,0.0,0.0,,30.0,Hastings District,Nil,,,,,0.0,0.0,Open,0.0,,,Fine
332639,1927218.0,5600477.0,545852.0,0.0,0.0,1.0,North,2009/2010,TE AUTE ROAD,CRYSTALL ROAD,Non-Injury Crash,No,2010,North,0.0,0.0,Flat,0.0,,0.0,0.0,Dark,1468700.0,0.0,0.0,0.0,2.0,0.0,0.0,,Hawke's Bay Region,Nil,2-way,Sealed,0.0,0.0,0.0,100.0,0.0,None,0.0,0.0,,30.0,Hastings District,Nil,0.0,0.0,0.0,0.0,0.0,0.0,Open,0.0,0.0,0.0,Mist or Fog
209669,1931613.0,5608421.0,545710.0,0.0,0.0,1.0,Null,2011/2012,PAKOWHAI ROAD,ELWOOD ROAD,Non-Injury Crash,No,2012,North,0.0,,Flat,,,,,Bright sun,1471100.0,0.0,0.0,0.0,2.0,0.0,,,Hawke's Bay Region,Nil,2-way,Sealed,0.0,0.0,,100.0,,Null,1.0,0.0,,30.0,Hastings District,Give way,,,,,0.0,0.0,Open,0.0,,,Fine
536695,1929731.0,5605032.0,548200.0,0.0,0.0,1.0,West,2003/2004,HERETAUNGA ST WEST,MARKET ST SOUTH,Minor Crash,No,2004,West,0.0,,Flat,,,,,Overcast,1491200.0,1.0,0.0,0.0,2.0,0.0,,1.0,Hawke's Bay Region,Nil,2-way,Sealed,0.0,0.0,,50.0,,Null,0.0,0.0,,30.0,Hastings District,Nil,,,,,0.0,0.0,Urban,0.0,,,Fine
109881,1929737.0,5614649.0,545831.0,0.0,0.0,1.0,South,2004/2005,WAIOHIKI ROAD,HATAS LANE,Non-Injury Crash,No,2004,South,0.0,0.0,Flat,0.0,,0.0,0.0,Bright sun,1404600.0,0.0,0.0,0.0,2.0,0.0,0.0,,Hawke's Bay Region,Nil,2-way,Sealed,0.0,0.0,0.0,70.0,0.0,Null,0.0,0.0,,30.0,Hastings District,Nil,0.0,0.0,0.0,1.0,0.0,0.0,Urban,0.0,0.0,0.0,Fine
4463,1925111.0,5607730.0,548611.0,0.0,0.0,1.0,East,2017/2018,YARMOUTH ROAD,FLEETWOOD CRESCENT W,Non-Injury Crash,No,2017,East,0.0,1.0,Flat,0.0,,0.0,0.0,Dark,1473807.0,0.0,0.0,0.0,2.0,0.0,0.0,,Hawke's Bay Region,Nil,2-way,Sealed,0.0,0.0,0.0,50.0,0.0,On,0.0,0.0,,30.0,Hastings District,Unknown,0.0,0.0,0.0,0.0,0.0,0.0,Urban,0.0,0.0,0.0,Fine
284255,1929433.1076,5606054.3367,547700.0,0.0,0.0,2.0,Null,2017/2018,ST AUBYN STREET WEST,GRAYS ROAD,Non-Injury Crash,No,2018,South,0.0,,Flat,,,,,Bright sun,1486300.0,0.0,0.0,0.0,2.0,0.0,,,Hawke's Bay Region,Nil,2-way,Sealed,0.0,0.0,,50.0,,Off,0.0,0.0,,30.0,Hastings District,Give way,,,,,0.0,0.0,Urban,0.0,,,Fine
230859,1934388.0,5606473.0,545722.0,0.0,0.0,1.0,North,2007/2008,LAWN ROAD,NAPIER ROAD,Non-Injury Crash,No,2008,North,0.0,,Flat,,,,,Overcast,1406400.0,0.0,0.0,0.0,2.0,1.0,,,Hawke's Bay Region,Nil,2-way,Sealed,0.0,0.0,,100.0,,Null,0.0,0.0,,30.0,Hastings District,Nil,,,,,0.0,0.0,Open,0.0,,,Fine
154717,1928381.0,5604325.0,547900.0,0.0,0.0,0.0,South,2013/2014,MURDOCH ROAD WEST,MURDOCH PLACE,Minor Crash,No,2014,North,0.0,,Flat,,,,,Dark,1482200.0,1.0,0.0,0.0,2.0,0.0,,1.0,Hawke's Bay Region,Nil,2-way,Sealed,0.0,0.0,,50.0,,On,0.0,0.0,,30.0,Hastings District,Nil,,,,,1.0,0.0,Urban,0.0,,,Fine
567294,1924465.0,5607650.0,548612.0,0.0,0.0,2.0,East,2006/2007,CARTIER CRESCENT,RALEIGH ST,Non-Injury Crash,No,2007,West,0.0,,Flat,,,,,Overcast,1474111.0,0.0,0.0,0.0,2.0,0.0,,,Hawke's Bay Region,Nil,2-way,Sealed,0.0,0.0,,50.0,,Null,0.0,0.0,,30.0,Hastings District,Nil,,,,,0.0,0.0,Urban,0.0,,,Fine
161647,1932862.0,5605600.0,545721.0,0.0,0.0,1.0,North,2005/2006,ST GEORGES ROAD,SH 2,Serious Crash,No,2006,West,0.0,0.0,Flat,0.0,,0.0,0.0,Bright sun,1472405.0,0.0,0.0,1.0,2.0,0.0,0.0,,Hawke's Bay Region,Nil,2-way,Sealed,0.0,1.0,0.0,100.0,0.0,Null,0.0,0.0,,30.0,Hastings District,Nil,0.0,0.0,0.0,0.0,0.0,0.0,Open,0.0,0.0,0.0,Fine
540323,1918062.0,5649819.0,545911.0,0.0,0.0,1.0,North,1999/2000,SH 5,OHURAKURA ROAD,Minor Crash,Yes,2000,South,0.0,1.0,Hill Road,0.0,,0.0,0.0,Bright sun,1415900.0,1.0,0.0,0.0,2.0,0.0,0.0,,Hawke's Bay Region,Nil,2-way,Sealed,0.0,0.0,0.0,100.0,0.0,Null,0.0,0.0,,30.0,Hastings District,Nil,0.0,0.0,0.0,0.0,0.0,0.0,Open,0.0,0.0,0.0,Fine
405503,1930100.0,5605661.0,548200.0,0.0,0.0,2.0,Null,2003/2004,FITZROY AVENUE,NELSON ST NORTH,Non-Injury Crash,No,2004,East,0.0,,Flat,,,,,Overcast,1491100.0,0.0,0.0,0.0,2.0,0.0,,,Hawke's Bay Region,Nil,2-way,Sealed,0.0,0.0,,50.0,,Null,0.0,0.0,,30.0,Hastings District,Give way,,,,,0.0,0.0,Urban,0.0,,,Heavy rain
430172,1916537.0,5591491.0,545851.0,0.0,0.0,1.0,North,2009/2010,SH 2,BURMA ROAD,Minor Crash,Yes,2010,South,0.0,1.0,Flat,0.0,,0.0,0.0,Twilight,1464200.0,1.0,0.0,0.0,2.0,0.0,0.0,,Hawke's Bay Region,Nil,2-way,Sealed,0.0,0.0,0.0,100.0,0.0,Off,0.0,0.0,,30.0,Hastings District,Nil,0.0,0.0,0.0,0.0,0.0,0.0,Open,0.0,0.0,0.0,Light rain
290435,1944999.5801,5660152.579,545911.0,0.0,0.0,0.0,East,2019/2020,SH 2,KINGS CK BR,Non-Injury Crash,Yes,2020,South,0.0,0.0,Hill Road,1.0,,0.0,0.0,Bright sun,1415100.0,0.0,0.0,0.0,2.0,0.0,0.0,,Hawke's Bay Region,Nil,2-way,Sealed,0.0,0.0,0.0,70.0,0.0,None,0.0,0.0,,30.0,Hastings District,Nil,0.0,0.0,0.0,0.0,1.0,0.0,Urban,0.0,0.0,0.0,Fine
582584,1929344.0,5605544.0,547700.0,0.0,0.0,3.0,Null,2005/2006,HERETAUNGA ST WEST,HERETAUNGA ST,Non-Injury Crash,No,2005,East,0.0,0.0,Flat,0.0,,0.0,0.0,Bright sun,1487900.0,0.0,0.0,0.0,2.0,0.0,0.0,,Hawke's Bay Region,Nil,2-way,Sealed,0.0,0.0,0.0,50.0,0.0,Null,0.0,0.0,,30.0,Hastings District,Give way,1.0,1.0,0.0,0.0,0.0,0.0,Urban,0.0,0.0,0.0,Fine
496322,1929324.0,5605454.0,547700.0,0.0,0.0,1.0,South,2004/2005,CHARLES ST,HERETAUNGA ST WEST,Non-Injury Crash,No,2004,South,0.0,,Flat,,,,,Overcast,1487700.0,0.0,0.0,0.0,3.0,0.0,,,Hawke's Bay Region,Nil,2-way,Sealed,0.0,0.0,,50.0,,Null,0.0,0.0,,30.0,Hastings District,Nil,,,,,0.0,0.0,Urban,1.0,,,Fine
207589,1925097.0,5606996.0,548620.0,0.0,0.0,2.0,North,2004/2005,Z CPK SWANSEA VILLAGE,SWANSEA/HENDERSON,Non-Injury Crash,No,2004,West,0.0,,Flat,,,,,Bright sun,1473700.0,0.0,0.0,0.0,1.0,0.0,,,Hawke's Bay Region,Nil,Off road,Sealed,0.0,0.0,,50.0,,Null,0.0,0.0,,30.0,Hastings District,Nil,,,,,0.0,0.0,Urban,0.0,,,Fine
150581,1926723.0,5607955.0,545710.0,0.0,0.0,2.0,Null,2006/2007,OMAHU ROAD,RAUPARE ROAD,Non-Injury Crash,No,2007,East,0.0,,Flat,,,,,Bright sun,1471000.0,0.0,0.0,0.0,2.0,0.0,,,Hawke's Bay Region,Nil,2-way,Sealed,0.0,0.0,,50.0,,Null,0.0,0.0,,30.0,Hastings District,Nil,,,,,0.0,0.0,Urban,0.0,,,Fine
506584,1929759.0,5607015.0,545710.0,0.0,0.0,2.0,East,2015/2016,PAKOWHAI ROAD,DUKE ST,Non-Injury Crash,No,2016,West,0.0,,Flat,,,,,Bright sun,1471300.0,0.0,0.0,0.0,2.0,0.0,,,Hawke's Bay Region,Nil,2-way,Sealed,0.0,0.0,,50.0,,Null,0.0,0.0,,30.0,Hastings District,Unknown,,,,,0.0,0.0,Urban,0.0,,,Fine
269356,1917728.0,5649218.0,545911.0,0.0,0.0,0.0,North,2003/2004,SH 5,TE POHUE LOOP ROAD N,Serious Crash,Yes,2003,North,0.0,0.0,Hill Road,0.0,,0.0,0.0,Overcast,1415900.0,0.0,0.0,1.0,2.0,0.0,0.0,,Hawke's Bay Region,Nil,2-way,Sealed,0.0,1.0,1.0,100.0,0.0,Null,0.0,0.0,,30.0,Hastings District,Nil,0.0,0.0,0.0,0.0,0.0,0.0,Open,0.0,0.0,0.0,Light rain
124245,1929464.0,5605185.0,548200.0,0.0,0.0,2.0,Null,2002/2003,NELSON ST SOUTH,EASTBOURNE ST WEST,Non-Injury Crash,No,2002,South,0.0,,Flat,,,,,Overcast,1488900.0,0.0,0.0,0.0,2.0,0.0,,,Hawke's Bay Region,Nil,2-way,Sealed,0.0,0.0,,50.0,,Null,0.0,0.0,,30.0,Hastings District,Give way,,,,,0.0,0.0,Urban,0.0,,,Fine
19284,1916209.0,5591156.0,545851.0,0.0,0.0,0.0,South,2017/2018,SH 2,TE AUTE COL,Minor Crash,Yes,2018,North,0.0,0.0,Flat,0.0,,0.0,0.0,Overcast,1464300.0,2.0,0.0,0.0,2.0,0.0,0.0,,Hawke's Bay Region,Nil,2-way,Sealed,0.0,0.0,0.0,100.0,0.0,Null,0.0,0.0,,30.0,Hastings District,Unknown,0.0,0.0,0.0,0.0,0.0,0.0,Open,1.0,0.0,0.0,Mist or Fog
34559,1944937.0,5660141.0,545911.0,0.0,0.0,2.0,West,2000/2001,SH 2,WAIKARE ROAD,Non-Injury Crash,Yes,2001,North,0.0,0.0,Hill Road,1.0,,0.0,0.0,Bright sun,1415100.0,0.0,0.0,0.0,2.0,0.0,0.0,,Hawke's Bay Region,Nil,2-way,Sealed,0.0,0.0,0.0,100.0,0.0,Null,0.0,0.0,,30.0,Hastings District,Nil,0.0,0.0,0.0,0.0,0.0,0.0,Open,0.0,0.0,0.0,Fine
699877,1913531.0,5587600.0,545851.0,0.0,0.0,0.0,North,2014/2015,SH 2,WAIKAREAO ROAD,Non-Injury Crash,Yes,2015,North,0.0,,Flat,,,,,Bright sun,1464500.0,0.0,0.0,0.0,2.0,0.0,,,Hawke's Bay Region,Nil,2-way,Sealed,0.0,0.0,,100.0,,Null,0.0,0.0,,30.0,Hastings District,Nil,,,,,1.0,0.0,Open,1.0,,,Fine
347785,1927440.0,5602424.0,545762.0,0.0,0.0,1.0,North,2009/2010,RAILWAY ROAD SOUTH,LONGLANDS ROAD WEST,Non-Injury Crash,No,2010,North,0.0,0.0,Flat,0.0,,0.0,0.0,Bright sun,1468200.0,0.0,0.0,0.0,2.0,0.0,0.0,,Hawke's Bay Region,Bridge,2-way,Sealed,0.0,0.0,0.0,100.0,0.0,Null,0.0,0.0,,30.0,Hastings District,Nil,0.0,0.0,0.0,0.0,0.0,0.0,Open,0.0,0.0,0.0,Fine
520445,1941038.0,5585677.0,545860.0,0.0,0.0,1.0,Null,2015/2016,WAIMARAMA ROAD,TE APITI ROAD,Non-Injury Crash,No,2015,North,0.0,0.0,Flat,0.0,,0.0,0.0,Bright sun,1467801.0,0.0,0.0,0.0,2.0,0.0,0.0,,Hawke's Bay Region,Nil,2-way,Sealed,0.0,0.0,0.0,80.0,0.0,Null,0.0,0.0,,30.0,Hastings District,Give way,0.0,1.0,0.0,0.0,0.0,0.0,Open,0.0,0.0,0.0,Fine
80925,1929509.0,5608835.0,545710.0,0.0,0.0,2.0,Null,2003/2004,SH 50A,EVENDEN ROAD,Non-Injury Crash,Yes,2004,West,0.0,,Flat,,,,,Dark,1471100.0,0.0,0.0,0.0,2.0,0.0,,,Hawke's Bay Region,Nil,2-way,Sealed,0.0,0.0,,50.0,,On,0.0,0.0,,30.0,Hastings District,Nil,,,,,0.0,0.0,Urban,0.0,,,Fine
313528,1928406.0,5611879.0,545710.0,0.0,0.0,1.0,West,2016/2017,Z ACCESS NICHOLL ROAD,CARRICK ROAD,Minor Crash,No,2017,West,0.0,0.0,Flat,0.0,,0.0,0.0,Bright sun,1470700.0,1.0,0.0,0.0,0.0,0.0,0.0,,Hawke's Bay Region,Nil,Off road,Unsealed,0.0,0.0,0.0,50.0,0.0,Null,0.0,0.0,,30.0,Hastings District,Unknown,0.0,0.0,0.0,1.0,0.0,0.0,Urban,0.0,0.0,0.0,Fine
574729,1910883.0,5596980.0,545851.0,0.0,0.0,0.0,West,2004/2005,RAUKAWA ROAD,VALLEY ROAD,Non-Injury Crash,No,2004,East,0.0,0.0,Hill Road,0.0,,0.0,0.0,Bright sun,1464800.0,0.0,0.0,0.0,2.0,0.0,0.0,,Hawke's Bay Region,Nil,2-way,Sealed,0.0,0.0,0.0,100.0,0.0,Null,0.0,0.0,,30.0,Hastings District,Nil,0.0,0.0,0.0,0.0,1.0,0.0,Open,0.0,0.0,0.0,Fine
575631,1931515.0,5602942.0,545721.0,0.0,0.0,2.0,West,2010/2011,HAVELOCK ROAD,ST GEORGES ROAD,Non-Injury Crash,No,2010,West,0.0,,Flat,,,,,Bright sun,1472900.0,0.0,0.0,0.0,2.0,0.0,,,Hawke's Bay Region,Nil,2-way,Sealed,0.0,0.0,,70.0,,Null,0.0,0.0,,30.0,Hastings District,Nil,,,,,0.0,0.0,Urban,0.0,,,Fine
275729,1924393.0,5607761.0,548612.0,0.0,0.0,1.0,Null,2010/2011,KINGSLEY DRIVE,DIAZ DRIVE,Non-Injury Crash,No,2010,East,0.0,1.0,Flat,0.0,,1.0,0.0,Dark,1474109.0,0.0,0.0,0.0,2.0,0.0,0.0,,Hawke's Bay Region,Nil,2-way,Sealed,0.0,0.0,0.0,50.0,0.0,On,0.0,0.0,,30.0,Hastings District,Nil,0.0,0.0,0.0,0.0,0.0,0.0,Urban,0.0,0.0,0.0,Fine
255186,1930649.0,5604406.0,548100.0,0.0,0.0,2.0,West,2003/2004,ST AUBYN ST EAST,RIVERSLEA ROAD NORTH,Minor Crash,No,2003,East,0.0,,Flat,,,,,Bright sun,1500800.0,1.0,0.0,0.0,2.0,0.0,,,Hawke's Bay Region,Nil,2-way,Sealed,0.0,0.0,,50.0,,Null,0.0,0.0,,30.0,Hastings District,Nil,,,,,0.0,0.0,Urban,0.0,,,Fine
43072,1927566.0,5607448.0,548400.0,0.0,0.0,1.0,West,2008/2009,OMAHU ROAD,SH 50A,Non-Injury Crash,No,2008,West,0.0,,Flat,,,,,Overcast,1473600.0,0.0,0.0,0.0,2.0,0.0,,,Hawke's Bay Region,Nil,2-way,Sealed,0.0,0.0,,50.0,,Null,1.0,0.0,,30.0,Hastings District,Nil,,,,,0.0,0.0,Urban,0.0,,,Fine
524827,1926894.2292,5605667.0463,545761.0,0.0,0.0,4.0,North,2019/2020,YORK ROAD,MARAEKAKAHO ROAD,Minor Crash,No,2019,East,0.0,,Flat,,Christmas New Year,,,Bright sun,1470102.0,1.0,0.0,1.0,1.0,0.0,,,Hawke's Bay Region,Nil,2-way,Sealed,0.0,0.0,,80.0,,Off,0.0,0.0,,30.0,Hastings District,Unknown,,,,,0.0,0.0,Open,0.0,,,Fine
222479,1938161.0,5610003.0,545730.0,0.0,0.0,1.0,Null,2010/2011,SCHOOL ROAD,LAWN ROAD,Minor Crash,No,2010,East,0.0,0.0,Flat,0.0,,0.0,0.0,Dark,1405200.0,1.0,0.0,0.0,2.0,0.0,0.0,,Hawke's Bay Region,Nil,2-way,Unsealed,0.0,0.0,0.0,100.0,0.0,None,0.0,0.0,,30.0,Hastings District,Give way,0.0,0.0,0.0,0.0,0.0,0.0,Open,0.0,0.0,0.0,Light rain
533594,1926141.0,5606788.0,545761.0,1.0,0.0,0.0,North,2011/2012,WILSON ROAD,FOLKESTONE DRIVE,Minor Crash,No,2012,North,0.0,,Flat,,,,,Bright sun,1470003.0,1.0,0.0,0.0,2.0,0.0,,,Hawke's Bay Region,Nil,2-way,Sealed,0.0,0.0,,70.0,,Null,0.0,0.0,,30.0,Hastings District,Nil,,,,,0.0,0.0,Urban,1.0,,,Fine
664233,1909983.0,5664593.0,545911.0,0.0,0.0,0.0,North,2005/2006,SH 5,TE HAROTO ROAD,Minor Crash,Yes,2005,South,0.0,0.0,Hill Road,0.0,,0.0,0.0,Bright sun,1414300.0,2.0,0.0,0.0,2.0,0.0,0.0,,Hawke's Bay Region,Nil,2-way,Sealed,0.0,0.0,0.0,100.0,0.0,Null,1.0,0.0,,30.0,Hastings District,Nil,0.0,0.0,0.0,0.0,0.0,0.0,Open,0.0,0.0,0.0,Fine
331665,1931308.0,5603691.0,548100.0,0.0,0.0,1.0,South,2016/2017,HOWARD ST,PALMER PLACE,Minor Crash,No,2017,South,0.0,0.0,Flat,0.0,,0.0,0.0,Twilight,1472804.0,1.0,0.0,0.0,2.0,0.0,1.0,,Hawke's Bay Region,Nil,2-way,Sealed,0.0,0.0,0.0,50.0,0.0,On,1.0,0.0,,30.0,Hastings District,Unknown,0.0,0.0,0.0,0.0,0.0,0.0,Urban,0.0,0.0,0.0,Light rain
443581,1931688.0,5605956.0,545721.0,0.0,0.0,2.0,Null,2013/2014,SH 2,KENILWORTH ROAD,Non-Injury Crash,Yes,2014,South,0.0,,Flat,,,,,Dark,1471700.0,0.0,0.0,0.0,2.0,0.0,,,Hawke's Bay Region,Nil,2-way,Sealed,0.0,0.0,,50.0,,On,0.0,0.0,,30.0,Hastings District,Give way,,,,,0.0,0.0,Urban,0.0,,,Light rain
518753,1924459.0,5607938.0,548611.0,0.0,0.0,1.0,Null,2014/2015,FLAXMERE AVENUE,DIAZ DRIVE,Non-Injury Crash,No,2015,North,0.0,,Flat,,,,,Bright sun,1469710.0,0.0,0.0,0.0,2.0,0.0,,,Hawke's Bay Region,Nil,2-way,Sealed,0.0,0.0,,50.0,,Null,1.0,0.0,,30.0,Hastings District,Give way,,,,,0.0,0.0,Urban,0.0,,,Fine
317877,1924793.0,5600201.0,545852.0,0.0,0.0,0.0,Null,2015/2016,SH 50A,TURAMOE ROAD,Non-Injury Crash,Yes,2016,South,0.0,1.0,Flat,0.0,,0.0,0.0,Overcast,1469600.0,0.0,0.0,0.0,2.0,0.0,0.0,,Hawke's Bay Region,Nil,2-way,Sealed,0.0,0.0,0.0,80.0,0.0,Null,0.0,0.0,,30.0,Hastings District,Stop,0.0,0.0,0.0,0.0,2.0,0.0,Open,0.0,0.0,0.0,Fine
588300,1931022.0,5613782.0,545831.0,0.0,0.0,2.0,Null,2000/2001,SH 50,PAKOWHAI ROAD,Non-Injury Crash,Yes,2001,South,0.0,,Flat,,,,,Dark,1404600.0,0.0,0.0,0.0,3.0,0.0,,,Hawke's Bay Region,Nil,2-way,Sealed,0.0,0.0,,100.0,,On,0.0,0.0,,30.0,Hastings District,Traffic Signals,,,,,0.0,0.0,Open,0.0,,,Fine
644650,1929257.8593,5606636.873,547800.0,0.0,0.0,1.0,West,2018/2019,PAKOWHAI ROAD,FITZROY AVE,Non-Injury Crash,No,2019,North,0.0,,Flat,,,,,Overcast,1477600.0,0.0,0.0,0.0,2.0,0.0,,,Hawke's Bay Region,Nil,2-way,Sealed,0.0,0.0,,50.0,,Off,0.0,0.0,,30.0,Hastings District,Unknown,,,,,0.0,0.0,Urban,1.0,,,Fine
619649,1910435.0,5668960.0,545911.0,0.0,0.0,0.0,South,2005/2006,SH 5,BAKERS CULV,Non-Injury Crash,Yes,2005,South,0.0,0.0,Hill Road,0.0,,0.0,0.0,Dark,1281200.0,0.0,0.0,0.0,2.0,0.0,0.0,,Hawke's Bay Region,Nil,2-way,Sealed,0.0,0.0,0.0,100.0,0.0,None,0.0,0.0,,30.0,Hastings District,Nil,0.0,0.0,0.0,0.0,1.0,0.0,Open,0.0,0.0,0.0,Light rain
320264,1927533.7535,5618522.6196,545821.0,0.0,0.0,1.0,East,2018/2019,PUKETAPU ROAD,SPRINGFIELD ROAD,Minor Crash,No,2019,East,0.0,,Flat,,,,,Overcast,1410902.0,1.0,0.0,1.0,2.0,0.0,,,Hawke's Bay Region,Nil,2-way,Sealed,0.0,0.0,,100.0,,None,0.0,0.0,,30.0,Hastings District,Unknown,,,,,0.0,0.0,Open,0.0,,,Fine
291867,1918853.0,5648283.0,545811.0,0.0,0.0,1.0,South,2014/2015,SH 5,OHURAKURA ROAD,Non-Injury Crash,Yes,2015,North,0.0,0.0,Flat,0.0,Easter,0.0,0.0,Dark,1415000.0,0.0,0.0,0.0,2.0,0.0,0.0,,Hawke's Bay Region,Nil,2-way,Sealed,0.0,0.0,0.0,100.0,0.0,None,0.0,0.0,,30.0,Hastings District,Nil,0.0,0.0,0.0,0.0,0.0,0.0,Open,0.0,0.0,0.0,Light rain
344274,1946138.0,5660819.0,545911.0,0.0,0.0,1.0,Null,2011/2012,SH 2,WAIKARE ROAD,Non-Injury Crash,Yes,2011,East,0.0,1.0,Hill Road,0.0,Christmas New Year,0.0,0.0,Dark,1415100.0,0.0,0.0,0.0,2.0,0.0,0.0,,Hawke's Bay Region,Nil,2-way,Sealed,0.0,0.0,0.0,70.0,0.0,On,0.0,0.0,,30.0,Hastings District,Give way,0.0,0.0,0.0,0.0,0.0,0.0,Urban,0.0,0.0,0.0,Light rain
653125,1930257.0,5604934.0,548200.0,0.0,0.0,2.0,Null,2017/2018,ST AUBYN ST EAST,WARREN ST NORTH,Non-Injury Crash,No,2017,North,0.0,0.0,Flat,0.0,,0.0,0.0,Overcast,1493501.0,0.0,0.0,0.0,4.0,0.0,0.0,,Hawke's Bay Region,Nil,2-way,Sealed,0.0,0.0,0.0,50.0,0.0,Null,0.0,0.0,,30.0,Hastings District,Give way,0.0,1.0,0.0,0.0,0.0,0.0,Urban,0.0,0.0,0.0,Fine
660719,1930935.0,5613540.0,545831.0,0.0,0.0,2.0,Null,2006/2007,SH 50,SH 50A,Non-Injury Crash,Yes,2006,North,0.0,,Flat,,,,,Overcast,1404600.0,0.0,0.0,0.0,2.0,0.0,,,Hawke's Bay Region,Nil,2-way,Sealed,0.0,0.0,,100.0,,Null,0.0,0.0,,30.0,Hastings District,Give way,,,,,0.0,0.0,Open,0.0,,,Heavy rain
568206,1930401.0,5606541.0,547600.0,0.0,0.0,2.0,North,2005/2006,FREDERICK ST,NORRIE ST,Non-Injury Crash,No,2005,South,0.0,,Flat,,,,,Bright sun,1483300.0,0.0,0.0,0.0,2.0,0.0,,,Hawke's Bay Region,Nil,2-way,Sealed,0.0,0.0,,50.0,,Null,0.0,0.0,,30.0,Hastings District,Nil,,,,,0.0,0.0,Urban,0.0,,,Fine
27316,1927293.0,5607650.0,548400.0,0.0,0.0,1.0,Null,2004/2005,OMAHU ROAD,WILSON ROAD,Non-Injury Crash,No,2005,North,0.0,0.0,Flat,0.0,Queens Birthday,1.0,0.0,Dark,1473500.0,0.0,0.0,0.0,2.0,0.0,0.0,,Hawke's Bay Region,Nil,2-way,Sealed,0.0,0.0,0.0,50.0,0.0,On,0.0,0.0,,30.0,Hastings District,Give way,1.0,1.0,0.0,1.0,0.0,0.0,Urban,0.0,0.0,0.0,Fine
583452,1925384.0,5607804.0,548611.0,0.0,0.0,2.0,Null,2006/2007,CHATHAM ROAD,MARGATE AVENUE,Minor Crash,No,2007,South,0.0,,Flat,,,,,Dark,1473803.0,2.0,0.0,0.0,2.0,0.0,,,Hawke's Bay Region,Nil,2-way,Sealed,0.0,0.0,,50.0,,On,0.0,0.0,,30.0,Hastings District,Nil,,,,,0.0,0.0,Urban,0.0,,,Fine
332806,1897912.0,5629682.0,545912.0,0.0,0.0,0.0,West,2001/2002,TAIHAPE ROAD,WILLOWFORD ROAD,Minor Crash,No,2002,East,0.0,,Hill Road,,,,,Bright sun,1409700.0,1.0,0.0,0.0,2.0,0.0,,,Hawke's Bay Region,Nil,2-way,Unsealed,0.0,0.0,,100.0,,Null,0.0,0.0,,30.0,Hastings District,Nil,,,,,0.0,0.0,Open,2.0,,,Fine
74402,1929694.0,5608466.0,545710.0,0.0,0.0,1.0,East,2012/2013,PERCIVAL ROAD,EVENDEN ROAD,Non-Injury Crash,No,2012,East,0.0,,Flat,,,,,Bright sun,1471300.0,0.0,0.0,0.0,2.0,0.0,,,Hawke's Bay Region,Nil,2-way,Sealed,0.0,0.0,,50.0,,Null,0.0,0.0,,30.0,Hastings District,Nil,,,,,0.0,0.0,Urban,1.0,,,Fine
420862,1933444.0,5602029.0,548831.0,0.0,0.0,1.0,Null,2015/2016,TE MATA ROAD,ST HILL LANE,Non-Injury Crash,No,2016,East,0.0,,Flat,,,,,Overcast,1509200.0,0.0,0.0,0.0,2.0,0.0,,,Hawke's Bay Region,Nil,2-way,Sealed,0.0,0.0,,50.0,,Null,1.0,0.0,,30.0,Hastings District,Give way,,,,,0.0,0.0,Urban,0.0,,,Fine
390552,1924742.0,5597783.0,545851.0,0.0,0.0,1.0,South,2008/2009,SH 2,SH 50A,Minor Crash,Yes,2009,North,0.0,1.0,Flat,0.0,,0.0,0.0,Bright sun,1463900.0,1.0,0.0,0.0,2.0,0.0,0.0,,Hawke's Bay Region,Nil,2-way,Sealed,0.0,0.0,0.0,100.0,0.0,Null,0.0,0.0,,30.0,Hastings District,Nil,0.0,0.0,0.0,0.0,0.0,0.0,Open,0.0,0.0,0.0,Fine
79622,1931008.1913,5607962.9597,545721.0,0.0,0.0,0.0,Null,2019/2020,PAKOWHAI ROAD,MORLEY ROAD,Non-Injury Crash,No,2019,West,0.0,,Flat,,,,,Overcast,1471500.0,0.0,0.0,0.0,2.0,0.0,,,Hawke's Bay Region,Nil,2-way,Sealed,0.0,0.0,,70.0,,Off,0.0,0.0,,30.0,Hastings District,Give way,,,,,0.0,0.0,Urban,1.0,,,Fine
284349,1932777.0,5601729.0,548832.0,0.0,0.0,0.0,North,2010/2011,TE MATA ROAD,PORTER DRIVE,Minor Crash,No,2011,South,0.0,,Flat,,,,,Bright sun,1508400.0,1.0,0.0,0.0,2.0,0.0,,,Hawke's Bay Region,Nil,2-way,Sealed,0.0,0.0,,50.0,,Null,2.0,0.0,,30.0,Hastings District,Nil,,,,,0.0,0.0,Urban,0.0,,,Fine