OBJECTID,X,Y,areaUnitID,bicycle,bus,carStationWagon,crashDirectionDescription,crashFinancialYear,crashLocation1,crashLocation2,crashSeverity,crashSHDescription,crashYear,directionRoleDescription,fatalCount,fence,flatHill,guardRail,holiday,houseOrBuilding,kerb,light,meshblockId,minorInjuryCount,moped,motorcycle,NumberOfLanes,otherVehicleType,parkedVehicle,pedestrian,region,roadCharacter,roadLane,roadSurface,schoolBus,seriousInjuryCount,slipOrFlood,speedLimit,strayAnimal,streetLight,suv,taxi,temporarySpeedLimit,tlaId,tlaName,trafficControl,trafficIsland,trafficSign,train,tree,truck,unknownVehicleType,urban,vanOrUtility,vehicle,waterRiver,weatherA
649044,1932427.0,5601940.0,548831.0,0.0,0.0,2.0,West,2001/2002,HAVELOCK ROAD,PORTER DRIVE,Non-Injury Crash,No,2001,West,0.0,,Flat,,,,,Dark,1509600.0,0.0,0.0,0.0,2.0,0.0,,,Hawke's Bay Region,Nil,2-way,Sealed,0.0,0.0,,50.0,,On,0.0,0.0,,30.0,Hastings District,Nil,,,,,0.0,0.0,Urban,0.0,,,Fine
281846,1932998.0,5601845.0,548831.0,0.0,0.0,2.0,Null,2009/2010,TE MATA ROAD,KARANEMA DRIVE,Non-Injury Crash,No,2010,West,0.0,,Null,,,,,Dark,1509800.0,0.0,0.0,0.0,2.0,0.0,,,Hawke's Bay Region,Nil,2-way,Sealed,0.0,0.0,,50.0,,On,0.0,0.0,,30.0,Hastings District,Give way,,,,,0.0,0.0,Urban,0.0,,,Light rain
184084,1908228.0,5676049.0,545911.0,0.0,0.0,1.0,East,2005/2006,SH 5,RUATITI BR,Minor Crash,Yes,2005,South,0.0,,Hill Road,,,,,Overcast,1281200.0,1.0,0.0,0.0,2.0,0.0,,,Hawke's Bay Region,Nil,2-way,Sealed,0.0,0.0,,100.0,,Null,0.0,0.0,,30.0,Hastings District,Nil,,,,,0.0,0.0,Open,0.0,,,Fine
460358,1930581.0,5604498.0,548100.0,0.0,0.0,1.0,Null,2010/2011,ST AUBYN ST EAST,PRINCES ST,Minor Crash,No,2011,East,0.0,,Flat,,,,,Overcast,1500700.0,3.0,0.0,0.0,2.0,0.0,,,Hawke's Bay Region,Nil,2-way,Sealed,0.0,0.0,,50.0,,Null,0.0,0.0,,30.0,Hastings District,Give way,,,,,0.0,0.0,Urban,1.0,,,Light rain
114226,1898608.0159999998,5593584.2957,545841.0,0.0,0.0,0.0,South,2018/2019,050-0049,MANGA-O-NUKU NO3 BR,Serious Crash,Yes,2019,South,0.0,0.0,Hill Road,1.0,Easter,0.0,0.0,Bright sun,1462600.0,1.0,0.0,1.0,1.0,0.0,0.0,,Hawke's Bay Region,Bridge,1-way,Sealed,0.0,1.0,0.0,100.0,0.0,None,0.0,0.0,,30.0,Hastings District,Unknown,0.0,0.0,0.0,0.0,0.0,0.0,Open,1.0,0.0,0.0,Fine
187006,1930091.0,5607018.0,547600.0,0.0,0.0,3.0,South,2005/2006,FREDERICK ST,RIMU ST,Non-Injury Crash,No,2006,South,0.0,0.0,Flat,0.0,,0.0,0.0,Dark,1482800.0,0.0,0.0,0.0,2.0,0.0,3.0,,Hawke's Bay Region,Nil,2-way,Sealed,0.0,0.0,0.0,50.0,0.0,On,1.0,0.0,,30.0,Hastings District,Nil,0.0,0.0,0.0,0.0,0.0,0.0,Urban,0.0,0.0,0.0,Fine
455944,1924548.8583,5607300.7273,548612.0,0.0,0.0,2.0,North,2018/2019,SCOTT DRIVE,CHATHAM ROAD,Non-Injury Crash,No,2019,North,0.0,0.0,Flat,0.0,,0.0,0.0,Bright sun,1474003.0,0.0,0.0,0.0,2.0,0.0,1.0,,Hawke's Bay Region,Nil,2-way,Sealed,0.0,0.0,0.0,50.0,0.0,Off,0.0,0.0,,30.0,Hastings District,Nil,0.0,0.0,0.0,0.0,0.0,0.0,Urban,0.0,0.0,0.0,Fine
420398,1931613.0,5608421.0,545710.0,0.0,0.0,2.0,Null,2011/2012,ELWOOD ROAD,PAKOWHAI ROAD,Minor Crash,No,2011,South,0.0,,Flat,,,,,Bright sun,1471100.0,2.0,0.0,0.0,3.0,0.0,,,Hawke's Bay Region,Nil,2-way,Sealed,0.0,0.0,,100.0,,Null,0.0,0.0,,30.0,Hastings District,Give way,,,,,0.0,0.0,Open,0.0,,,Fine
222815,1934228.0,5600493.0,548833.0,0.0,0.0,1.0,South,2013/2014,TE MATA PEAK ROAD,SIMLA AVENUE,Non-Injury Crash,No,2013,North,0.0,,Hill Road,,,,,Dark,1466710.0,0.0,0.0,0.0,2.0,0.0,,,Hawke's Bay Region,Nil,2-way,Sealed,0.0,0.0,,100.0,,None,0.0,0.0,,30.0,Hastings District,Nil,,,,,0.0,0.0,Open,0.0,,,Fine
708054,1932855.0,5608096.0,545721.0,0.0,0.0,1.0,East,2012/2013,RUAHAPIA ROAD,OTENE ROAD,Non-Injury Crash,No,2013,North,0.0,0.0,Flat,0.0,,0.0,0.0,Dark,1471900.0,0.0,0.0,0.0,2.0,0.0,0.0,,Hawke's Bay Region,Nil,2-way,Sealed,0.0,0.0,0.0,100.0,0.0,None,0.0,0.0,,30.0,Hastings District,Nil,0.0,0.0,0.0,0.0,0.0,0.0,Open,0.0,0.0,0.0,Light rain
640378,1930485.0,5606405.0,547600.0,0.0,0.0,1.0,Null,2017/2018,FREDERICK ST,TOMOANA ROAD,Non-Injury Crash,No,2018,North,0.0,,Flat,,,,,Bright sun,1483800.0,0.0,0.0,0.0,2.0,0.0,,,Hawke's Bay Region,Nil,2-way,Sealed,0.0,0.0,,50.0,,Null,0.0,0.0,,30.0,Hastings District,Traffic Signals,,,,,1.0,0.0,Urban,0.0,,,Fine
556071,1923632.0,5612150.0,545821.0,0.0,0.0,1.0,North,2006/2007,SH 50,HAKIWAI ROAD,Non-Injury Crash,Yes,2007,North,0.0,,Flat,,,,,Bright sun,1408600.0,0.0,0.0,0.0,2.0,0.0,,,Hawke's Bay Region,Nil,2-way,Sealed,0.0,0.0,,100.0,,Null,1.0,0.0,,30.0,Hastings District,Nil,,,,,0.0,0.0,Open,0.0,,,Fine
283973,1928248.0,5604448.0,547900.0,0.0,0.0,2.0,Null,2001/2002,SOUTHLAND ROAD,MURDOCH ROAD WEST,Non-Injury Crash,No,2001,South,0.0,,Flat,,,,,Overcast,1469201.0,0.0,0.0,0.0,2.0,0.0,,,Hawke's Bay Region,Nil,2-way,Sealed,0.0,0.0,,50.0,,Null,0.0,0.0,,30.0,Hastings District,Give way,,,,,0.0,0.0,Urban,0.0,,,Fine
442298,1929021.0,5607460.0,545710.0,0.0,0.0,1.0,West,2001/2002,LYNDHURST ROAD,HART DRIVE,Serious Crash,No,2001,West,0.0,0.0,Flat,0.0,,0.0,0.0,Bright sun,1471300.0,0.0,0.0,0.0,2.0,0.0,0.0,,Hawke's Bay Region,Nil,2-way,Sealed,0.0,2.0,0.0,50.0,0.0,Null,0.0,0.0,,30.0,Hastings District,Nil,0.0,0.0,0.0,1.0,0.0,0.0,Urban,0.0,0.0,0.0,Fine
71392,1934035.0,5600354.0,548832.0,0.0,0.0,0.0,South,2017/2018,TAUROA ROAD,TOKOMARU DRIVE,Fatal Crash,No,2018,South,1.0,0.0,Flat,0.0,,0.0,0.0,Dark,1508003.0,0.0,0.0,0.0,2.0,0.0,0.0,,Hawke's Bay Region,Nil,2-way,Sealed,0.0,0.0,0.0,50.0,0.0,On,0.0,0.0,,30.0,Hastings District,Unknown,0.0,0.0,0.0,1.0,0.0,0.0,Urban,1.0,0.0,0.0,Fine
395875,1930272.0,5604105.0,548300.0,0.0,0.0,1.0,Null,2009/2010,RIVERSLEA ROAD SOUTH,DUFFERIN ST,Non-Injury Crash,No,2009,West,0.0,,Flat,,,,,Dark,1501600.0,0.0,0.0,0.0,2.0,0.0,,,Hawke's Bay Region,Nil,2-way,Sealed,0.0,0.0,,50.0,,On,0.0,0.0,,30.0,Hastings District,Nil,,,,,0.0,0.0,Urban,1.0,,,Light rain
277733,1900484.1844,5598330.3616,545841.0,0.0,0.0,1.0,West,2019/2020,050-0033,GLENLYON STN ENT,Non-Injury Crash,Yes,2019,East,0.0,1.0,Hill Road,1.0,,0.0,0.0,Dark,1462600.0,0.0,0.0,0.0,2.0,0.0,0.0,,Hawke's Bay Region,Nil,2-way,Sealed,0.0,0.0,0.0,100.0,0.0,None,0.0,0.0,,30.0,Hastings District,Unknown,0.0,0.0,0.0,0.0,0.0,0.0,Open,0.0,0.0,0.0,Fine
65313,1931688.0,5605956.0,545721.0,1.0,0.0,1.0,Null,2008/2009,KENILWORTH ROAD,KARAMU ROAD,Minor Crash,No,2009,West,0.0,,Flat,,,,,Dark,1471700.0,1.0,0.0,0.0,2.0,0.0,,,Hawke's Bay Region,Nil,2-way,Sealed,0.0,0.0,,70.0,,On,0.0,0.0,,30.0,Hastings District,Give way,,,,,0.0,0.0,Urban,0.0,,,Fine
243443,1929367.0,5605111.0,548200.0,0.0,0.0,2.0,Null,2012/2013,LYNDON ROAD WEST,NELSON ST SOUTH,Non-Injury Crash,No,2012,North,0.0,,Flat,,,,,Overcast,1489400.0,0.0,0.0,0.0,2.0,0.0,,,Hawke's Bay Region,Nil,2-way,Sealed,0.0,0.0,,50.0,,Null,0.0,0.0,,30.0,Hastings District,Give way,,,,,0.0,0.0,Urban,0.0,,,Fine
532149,1930779.0,5613576.0,545831.0,0.0,0.0,2.0,West,2006/2007,LINKS ROAD,SH 50,Non-Injury Crash,Yes,2006,West,0.0,,Flat,,,,,Overcast,1404600.0,0.0,0.0,0.0,2.0,0.0,,,Hawke's Bay Region,Nil,2-way,Sealed,0.0,0.0,,100.0,,Null,0.0,0.0,,30.0,Hastings District,Nil,,,,,0.0,0.0,Open,0.0,,,Fine
288483,1925622.0,5606281.0,548620.0,0.0,0.0,2.0,Null,2002/2003,ARBROATH AVENUE,MONTROSE ST,Non-Injury Crash,No,2003,West,0.0,1.0,Flat,0.0,Queens Birthday,0.0,0.0,Dark,1475600.0,0.0,0.0,0.0,2.0,0.0,1.0,,Hawke's Bay Region,Nil,2-way,Sealed,0.0,0.0,0.0,50.0,0.0,On,0.0,0.0,,30.0,Hastings District,Nil,0.0,0.0,0.0,0.0,0.0,0.0,Urban,0.0,0.0,0.0,Fine
515616,1929509.0,5608835.0,545710.0,0.0,0.0,1.0,Null,2017/2018,SH 50A,EVENDEN ROAD,Minor Crash,Yes,2017,East,0.0,,Flat,,,,,Overcast,1471100.0,1.0,0.0,0.0,2.0,0.0,,,Hawke's Bay Region,Nil,2-way,Sealed,0.0,0.0,,100.0,,Null,0.0,0.0,,30.0,Hastings District,Give way,,,,,1.0,0.0,Open,0.0,,,Light rain
60814,1914558.0,5603301.0,545841.0,0.0,0.0,1.0,East,2002/2003,VALLEY ROAD,WENLEY ROAD,Minor Crash,No,2002,South,0.0,1.0,Flat,0.0,,0.0,0.0,Dark,1462800.0,1.0,0.0,0.0,2.0,0.0,0.0,,Hawke's Bay Region,Nil,2-way,Sealed,0.0,0.0,0.0,100.0,0.0,None,0.0,0.0,,30.0,Hastings District,Nil,0.0,0.0,0.0,0.0,0.0,0.0,Open,0.0,0.0,0.0,Fine
192412,1924143.0,5607147.0,548612.0,0.0,0.0,1.0,Null,2005/2006,LIVINGSTONE ROAD,STANLEY ST,Non-Injury Crash,No,2006,North,0.0,1.0,Flat,0.0,,0.0,0.0,Bright sun,1474003.0,0.0,0.0,0.0,2.0,0.0,0.0,,Hawke's Bay Region,Nil,2-way,Sealed,0.0,0.0,0.0,50.0,0.0,Null,0.0,0.0,,30.0,Hastings District,Nil,0.0,0.0,0.0,0.0,0.0,0.0,Urban,0.0,0.0,0.0,Fine
435829,1930212.0,5604371.0,548200.0,0.0,0.0,2.0,Null,2002/2003,WILLOWPARK ROAD SOUTH,HERETAUNGA ST EAST,Non-Injury Crash,No,2002,West,0.0,,Flat,,,,,Dark,1493800.0,0.0,0.0,0.0,2.0,0.0,,,Hawke's Bay Region,Nil,2-way,Sealed,0.0,0.0,,50.0,,On,0.0,0.0,,30.0,Hastings District,Give way,,,,,0.0,0.0,Urban,0.0,,,Light rain
251343,1929703.0,5604667.0,548200.0,0.0,0.0,1.0,Null,2003/2004,LYNDON ROAD EAST,KARAMU ROAD SOUTH,Non-Injury Crash,No,2003,North,0.0,0.0,Flat,0.0,,0.0,0.0,Overcast,1492500.0,0.0,0.0,0.0,2.0,0.0,1.0,,Hawke's Bay Region,Nil,2-way,Sealed,0.0,0.0,0.0,50.0,0.0,Null,0.0,0.0,,30.0,Hastings District,Give way,0.0,0.0,0.0,0.0,0.0,0.0,Urban,1.0,0.0,0.0,Fine
584101,1911711.0,5585649.0,545851.0,0.0,0.0,1.0,South,2015/2016,SH 2,BOUNDARY ROAD,Fatal Crash,Yes,2016,North,1.0,0.0,Flat,0.0,,0.0,0.0,Dark,1464900.0,0.0,0.0,0.0,2.0,0.0,0.0,,Hawke's Bay Region,Nil,2-way,Sealed,0.0,0.0,0.0,100.0,0.0,None,0.0,0.0,,30.0,Hastings District,Unknown,0.0,0.0,0.0,0.0,0.0,0.0,Open,0.0,0.0,0.0,Fine
570458,1942228.0,5644987.0,545911.0,0.0,1.0,1.0,East,2003/2004,AROPAOANUI ROAD,SH 2,Non-Injury Crash,No,2004,South,0.0,,Hill Road,,,,,Overcast,1415200.0,0.0,0.0,0.0,2.0,0.0,,,Hawke's Bay Region,Nil,2-way,Unsealed,1.0,0.0,,100.0,,Null,0.0,0.0,,30.0,Hastings District,Nil,,,,,0.0,0.0,Open,0.0,,,Fine
683646,1935852.0,5607804.0,545722.0,0.0,0.0,0.0,North,2001/2002,LAWN ROAD,NAPIER ROAD,Non-Injury Crash,No,2002,North,0.0,,Flat,,,,,Bright sun,1406501.0,0.0,0.0,0.0,2.0,0.0,,,Hawke's Bay Region,Nil,2-way,Sealed,0.0,0.0,,100.0,,Null,0.0,0.0,,30.0,Hastings District,Nil,,,,,1.0,0.0,Open,1.0,,,Fine
219185,1931043.0,5604998.0,548000.0,0.0,0.0,2.0,North,2003/2004,WILLOWPARK ROAD NORTH,JERVOIS ST,Non-Injury Crash,No,2003,North,0.0,,Flat,,,,,Bright sun,1497600.0,0.0,0.0,0.0,2.0,0.0,,,Hawke's Bay Region,Nil,2-way,Sealed,0.0,0.0,,50.0,,Null,0.0,0.0,,30.0,Hastings District,Nil,,,,,0.0,0.0,Urban,0.0,,,Fine
174444,1927665.0,5607464.0,548400.0,0.0,0.0,1.0,North,2016/2017,SH 50A,OMAHU ROAD,Non-Injury Crash,Yes,2017,North,0.0,0.0,Flat,0.0,,0.0,0.0,Dark,1473600.0,0.0,0.0,0.0,3.0,0.0,0.0,,Hawke's Bay Region,Nil,2-way,Sealed,0.0,0.0,0.0,50.0,0.0,On,0.0,0.0,,30.0,Hastings District,Unknown,0.0,0.0,0.0,0.0,0.0,0.0,Urban,0.0,0.0,0.0,Fine
61542,1924832.0,5606572.0,548612.0,0.0,0.0,0.0,South,2015/2016,CAERNARVON DRIVE,SWANSEA ROAD,Non-Injury Crash,No,2016,South,0.0,1.0,Flat,0.0,,0.0,0.0,Dark,1474600.0,0.0,0.0,0.0,2.0,0.0,0.0,,Hawke's Bay Region,Nil,2-way,Sealed,0.0,0.0,0.0,50.0,0.0,On,0.0,0.0,,30.0,Hastings District,Nil,0.0,0.0,0.0,0.0,0.0,0.0,Urban,1.0,0.0,0.0,Fine
718326,1936382.0,5596379.0,545851.0,0.0,0.0,1.0,West,2003/2004,MATANGI ROAD,WAIMARAMA ROAD,Minor Crash,No,2004,North,0.0,0.0,Hill Road,0.0,,0.0,0.0,Twilight,1467103.0,1.0,0.0,0.0,2.0,0.0,0.0,,Hawke's Bay Region,Nil,2-way,Sealed,0.0,0.0,0.0,100.0,0.0,None,0.0,0.0,,30.0,Hastings District,Nil,0.0,0.0,0.0,0.0,0.0,0.0,Open,0.0,0.0,0.0,Fine
361711,1931119.0,5632386.0,545812.0,0.0,0.0,0.0,East,2007/2008,SH 5,LINDEN CLOSE,Non-Injury Crash,Yes,2008,East,0.0,1.0,Flat,1.0,,0.0,0.0,Dark,1414200.0,0.0,0.0,0.0,2.0,0.0,0.0,,Hawke's Bay Region,Nil,2-way,Sealed,0.0,0.0,0.0,100.0,0.0,None,0.0,0.0,,30.0,Hastings District,Nil,0.0,0.0,0.0,0.0,0.0,0.0,Open,1.0,0.0,0.0,Light rain
367807,1909284.0,5664793.0,545911.0,0.0,0.0,1.0,South,2017/2018,SH 5,KOWARO ROADWAY,Minor Crash,Yes,2017,East,0.0,,Hill Road,,,,,Dark,1414300.0,1.0,0.0,0.0,3.0,0.0,,,Hawke's Bay Region,Nil,2-way,Sealed,0.0,0.0,,100.0,,None,0.0,0.0,,30.0,Hastings District,Unknown,,,,,0.0,0.0,Open,0.0,,,Mist or Fog
376889,1929227.0,5606335.0,547700.0,0.0,0.0,2.0,Null,2016/2017,ST AUBYN ST WEST,NIKAU ST,Non-Injury Crash,No,2016,North,0.0,,Flat,,,,,Overcast,1486200.0,0.0,0.0,0.0,2.0,0.0,,,Hawke's Bay Region,Nil,2-way,Sealed,0.0,0.0,,50.0,,Off,0.0,0.0,,30.0,Hastings District,Give way,,,,,0.0,0.0,Urban,0.0,,,Fine
337168,1918546.0,5651806.0,545912.0,0.0,0.0,0.0,North,2014/2015,SH 5,TE POHUE LOOP ROAD N,Serious Crash,Yes,2015,South,0.0,0.0,Hill Road,0.0,,0.0,0.0,Overcast,1414504.0,0.0,0.0,0.0,2.0,0.0,0.0,,Hawke's Bay Region,Nil,2-way,Sealed,0.0,1.0,0.0,100.0,0.0,Null,0.0,0.0,,30.0,Hastings District,Unknown,0.0,0.0,0.0,0.0,1.0,0.0,Open,0.0,0.0,0.0,Heavy rain
160659,1927079.8893,5607820.6739,548400.0,0.0,0.0,1.0,North,2018/2019,OMAHU ROAD,WILSON ROAD,Non-Injury Crash,No,2019,South,0.0,,Flat,,,,,Bright sun,1473400.0,0.0,0.0,0.0,2.0,1.0,,,Hawke's Bay Region,Nil,2-way,Sealed,0.0,0.0,,50.0,,Off,0.0,0.0,,30.0,Hastings District,Unknown,,,,,0.0,0.0,Urban,1.0,,,Fine
570399,1929275.0,5605233.0,548200.0,0.0,0.0,1.0,Null,2008/2009,SOUTHLAND ROAD,LYNDON ROAD WEST,Non-Injury Crash,No,2009,South,0.0,,Flat,,,,,Overcast,1488700.0,0.0,0.0,0.0,2.0,0.0,,,Hawke's Bay Region,Nil,2-way,Sealed,0.0,0.0,,50.0,,Null,0.0,0.0,,30.0,Hastings District,Give way,,,,,0.0,0.0,Urban,1.0,,,Light rain
200463,1930777.0,5604835.0,548200.0,0.0,0.0,0.0,West,2015/2016,ALBERT ST,WILLOWPARK ROAD NORTH,Non-Injury Crash,No,2015,East,0.0,,Flat,,,,,Bright sun,1495100.0,0.0,0.0,0.0,2.0,0.0,,,Hawke's Bay Region,Nil,2-way,Sealed,0.0,0.0,,50.0,,Null,0.0,0.0,,30.0,Hastings District,Nil,,,,,0.0,0.0,Urban,2.0,,,Fine
98858,1916591.0,5632775.0,545821.0,0.0,0.0,1.0,North,2018/2019,PUKETITIRI ROAD,SOLDIERS SETTLEMENT ROAD,Non-Injury Crash,No,2018,South,0.0,1.0,Hill Road,0.0,,0.0,0.0,Overcast,1412200.0,0.0,0.0,0.0,2.0,0.0,0.0,,Hawke's Bay Region,Nil,2-way,Sealed,0.0,0.0,0.0,100.0,0.0,Null,0.0,0.0,,30.0,Hastings District,Unknown,0.0,0.0,0.0,0.0,0.0,0.0,Open,0.0,0.0,0.0,Fine
57446,1897419.0,5629627.0,545912.0,0.0,0.0,1.0,South,2016/2017,TAIHAPE ROAD,WAIWHARE ROAD,Non-Injury Crash,No,2016,East,0.0,1.0,Hill Road,0.0,,0.0,0.0,Dark,1409700.0,0.0,0.0,0.0,2.0,0.0,0.0,,Hawke's Bay Region,Nil,2-way,Sealed,0.0,0.0,0.0,100.0,0.0,None,0.0,0.0,,30.0,Hastings District,Unknown,0.0,0.0,0.0,1.0,0.0,0.0,Open,0.0,0.0,0.0,Light rain
488844,1936672.0,5595642.0,545860.0,0.0,0.0,1.0,South,2006/2007,WAIMARAMA ROAD,MATANGI ROAD,Serious Crash,No,2006,East,0.0,0.0,Flat,0.0,Christmas New Year,0.0,0.0,Dark,1467200.0,0.0,0.0,0.0,2.0,0.0,0.0,,Hawke's Bay Region,Nil,2-way,Sealed,0.0,1.0,0.0,100.0,0.0,None,0.0,0.0,,30.0,Hastings District,Nil,0.0,0.0,0.0,1.0,0.0,0.0,Open,0.0,0.0,0.0,Fine
231019,1929085.1627,5606506.0965,547700.0,0.0,0.0,2.0,Null,2019/2020,PAKOWHAI ROAD,FRIMLEY ROAD,Non-Injury Crash,No,2020,North,0.0,,Flat,,,,,Dark,1485800.0,0.0,0.0,0.0,2.0,0.0,,,Hawke's Bay Region,Nil,2-way,Sealed,0.0,0.0,,50.0,,On,0.0,0.0,,30.0,Hastings District,Traffic Signals,,,,,0.0,0.0,Urban,0.0,,,Fine
91146,1929937.0,5605124.0,548200.0,0.0,0.0,3.0,Null,2006/2007,Z CPK WAREHOUSE,MARKET/AVENUE,Non-Injury Crash,No,2006,West,0.0,0.0,Flat,0.0,,0.0,0.0,Bright sun,1491300.0,0.0,0.0,0.0,0.0,0.0,1.0,,Hawke's Bay Region,Nil,Off road,Sealed,0.0,0.0,0.0,50.0,0.0,Null,0.0,0.0,,30.0,Hastings District,Nil,0.0,0.0,0.0,0.0,0.0,0.0,Urban,0.0,0.0,0.0,Fine
378816,1932997.0,5601844.0,548831.0,0.0,0.0,2.0,Null,2008/2009,TE MATA ROAD,KARANEMA DRIVE,Non-Injury Crash,No,2009,North,0.0,,Flat,,,,,Overcast,1509700.0,0.0,0.0,0.0,2.0,0.0,,,Hawke's Bay Region,Nil,2-way,Sealed,0.0,0.0,,50.0,,Null,0.0,0.0,,30.0,Hastings District,Give way,,,,,0.0,0.0,Urban,0.0,,,Light rain
156290,1929905.0,5605405.0,548200.0,0.0,0.0,1.0,East,2007/2008,ST AUBYN ST WEST,NELSON ST NORTH,Non-Injury Crash,No,2008,East,0.0,,Flat,,,,,Overcast,1491000.0,0.0,0.0,0.0,2.0,0.0,,,Hawke's Bay Region,Nil,2-way,Sealed,0.0,0.0,,50.0,,Null,0.0,0.0,,30.0,Hastings District,Nil,,,,,0.0,0.0,Urban,1.0,,,Fine
510646,1925944.0,5606748.0,548620.0,0.0,0.0,1.0,South,2009/2010,DOVER ROAD,FOLKESTONE DRIVE,Non-Injury Crash,No,2009,East,0.0,1.0,Flat,0.0,,0.0,0.0,Dark,1476300.0,0.0,0.0,0.0,2.0,0.0,0.0,,Hawke's Bay Region,Nil,2-way,Sealed,0.0,0.0,0.0,50.0,0.0,On,0.0,0.0,,30.0,Hastings District,Nil,0.0,0.0,0.0,1.0,0.0,0.0,Urban,0.0,0.0,0.0,Fine
471883,1929367.0,5604909.0,548200.0,0.0,0.0,2.0,Null,2008/2009,SOUTHAMPTON ST WEST,KING ST SOUTH,Non-Injury Crash,No,2008,South,0.0,0.0,Flat,0.0,,0.0,0.0,Overcast,1489100.0,0.0,0.0,0.0,2.0,0.0,1.0,,Hawke's Bay Region,Nil,2-way,Sealed,0.0,0.0,0.0,50.0,0.0,Null,0.0,0.0,,30.0,Hastings District,Give way,0.0,0.0,0.0,0.0,0.0,0.0,Urban,0.0,0.0,0.0,Fine
409988,1927234.0,5602249.0,545762.0,0.0,0.0,1.0,Null,2012/2013,LONGLANDS ROAD EAST,RAILWAY ROAD SOUTH,Non-Injury Crash,No,2012,South,0.0,,Flat,,,,,Overcast,1468200.0,0.0,0.0,0.0,2.0,0.0,,,Hawke's Bay Region,Nil,2-way,Sealed,0.0,0.0,,100.0,,Null,0.0,0.0,,30.0,Hastings District,Give way,,,,,0.0,0.0,Open,1.0,,,Fine
145313,1932285.0,5609037.0,545721.0,0.0,0.0,1.0,North,2007/2008,PAKOWHAI ROAD,RUAHAPIA ROAD,Non-Injury Crash,No,2008,South,0.0,1.0,Flat,0.0,,0.0,0.0,Dark,1471600.0,0.0,0.0,0.0,2.0,0.0,0.0,,Hawke's Bay Region,Nil,2-way,Sealed,0.0,0.0,0.0,100.0,0.0,Off,0.0,0.0,,30.0,Hastings District,Nil,0.0,0.0,0.0,1.0,0.0,0.0,Open,0.0,0.0,0.0,Fine
607636,1936430.0,5608481.0,545722.0,0.0,0.0,2.0,South,2011/2012,LAWN ROAD,MILL ROAD,Non-Injury Crash,No,2011,North,0.0,0.0,Flat,0.0,,0.0,0.0,Dark,1406501.0,0.0,0.0,0.0,2.0,0.0,0.0,,Hawke's Bay Region,Nil,2-way,Sealed,0.0,0.0,0.0,100.0,0.0,None,0.0,0.0,,30.0,Hastings District,Nil,0.0,0.0,0.0,0.0,0.0,0.0,Open,0.0,0.0,0.0,Fine
337619,1927573.0,5621187.0,545821.0,1.0,0.0,0.0,South,2009/2010,PUKETAPU ROAD,PUKETITIRI ROAD,Minor Crash,No,2010,South,0.0,,Hill Road,,,,,Overcast,1410902.0,1.0,0.0,1.0,2.0,0.0,,,Hawke's Bay Region,Nil,2-way,Sealed,0.0,0.0,,100.0,,Null,0.0,0.0,,30.0,Hastings District,Nil,,,,,0.0,0.0,Open,0.0,,,Fine
489314,1929948.0,5605347.0,548200.0,0.0,0.0,1.0,Null,2014/2015,ST AUBYN ST WEST,KING ST NORTH,Non-Injury Crash,No,2015,North,0.0,,Flat,,,,,Bright sun,1491500.0,0.0,0.0,0.0,2.0,0.0,,,Hawke's Bay Region,Nil,2-way,Sealed,0.0,0.0,,50.0,,Null,0.0,0.0,,30.0,Hastings District,Traffic Signals,,,,,0.0,0.0,Urban,1.0,,,Fine
301497,1924701.0,5607336.0,548612.0,0.0,0.0,2.0,Null,2011/2012,CAERNARVON DRIVE,CHATHAM ROAD,Non-Injury Crash,No,2012,North,0.0,,Flat,,,,,Bright sun,1474400.0,0.0,0.0,0.0,2.0,0.0,,,Hawke's Bay Region,Nil,2-way,Sealed,0.0,0.0,,50.0,,Null,0.0,0.0,,30.0,Hastings District,Give way,,,,,0.0,0.0,Urban,0.0,,,Fine
706917,1924701.0,5607336.0,548612.0,0.0,0.0,1.0,Null,2003/2004,CHATHAM ROAD,CAERNARVON DRIVE,Non-Injury Crash,No,2004,South,0.0,,Flat,,,,,Bright sun,1474400.0,0.0,0.0,0.0,2.0,0.0,,,Hawke's Bay Region,Nil,2-way,Sealed,0.0,0.0,,50.0,,Null,0.0,0.0,,30.0,Hastings District,Nil,,,,,1.0,0.0,Urban,0.0,,,Fine
686859,1930958.0,5605676.0,548000.0,0.0,0.0,2.0,West,2008/2009,FREDERICK ST,KARAMU ROAD NORTH,Non-Injury Crash,No,2008,South,0.0,,Flat,,,,,Bright sun,1495700.0,0.0,0.0,0.0,2.0,0.0,,,Hawke's Bay Region,Nil,2-way,Sealed,0.0,0.0,,50.0,,Null,0.0,0.0,,30.0,Hastings District,Nil,,,,,0.0,0.0,Urban,0.0,,,Fine
299317,1932541.0,5610124.0,545832.0,0.0,0.0,0.0,West,2006/2007,PAKOWHAI ROAD,HODGSON ROAD,Minor Crash,No,2007,South,0.0,1.0,Flat,0.0,,0.0,0.0,Bright sun,1404100.0,1.0,0.0,0.0,2.0,0.0,0.0,,Hawke's Bay Region,Nil,2-way,Sealed,0.0,0.0,0.0,100.0,0.0,Null,0.0,0.0,,30.0,Hastings District,Nil,0.0,0.0,0.0,1.0,0.0,0.0,Open,1.0,0.0,0.0,Fine