OBJECTID,X,Y,areaUnitID,bicycle,bus,carStationWagon,crashDirectionDescription,crashFinancialYear,crashLocation1,crashLocation2,crashSeverity,crashSHDescription,crashYear,directionRoleDescription,fatalCount,fence,flatHill,guardRail,holiday,houseOrBuilding,kerb,light,meshblockId,minorInjuryCount,moped,motorcycle,NumberOfLanes,otherVehicleType,parkedVehicle,pedestrian,region,roadCharacter,roadLane,roadSurface,schoolBus,seriousInjuryCount,slipOrFlood,speedLimit,strayAnimal,streetLight,suv,taxi,temporarySpeedLimit,tlaId,tlaName,trafficControl,trafficIsland,trafficSign,train,tree,truck,unknownVehicleType,urban,vanOrUtility,vehicle,waterRiver,weatherA
166940,1932606.0,5606198.0,545721.0,0.0,0.0,1.0,Null,2007/2008,SH 2,ST GEORGES ROAD,Minor Crash,Yes,2007,West,0.0,,Flat,,,,,Dark,1472300.0,1.0,0.0,0.0,2.0,0.0,,1.0,Hawke's Bay Region,Nil,2-way,Sealed,0.0,0.0,,70.0,,On,0.0,0.0,,30.0,Hastings District,Give way,,,,,0.0,0.0,Urban,0.0,,,Light rain
208986,1931560.0,5602871.0,545762.0,0.0,0.0,1.0,Null,2013/2014,HAVELOCK ROAD,ST GEORGES ROAD,Non-Injury Crash,No,2013,South,0.0,0.0,Flat,0.0,,0.0,0.0,Overcast,1468600.0,0.0,0.0,0.0,2.0,0.0,0.0,,Hawke's Bay Region,Nil,2-way,Sealed,0.0,0.0,0.0,70.0,0.0,Null,0.0,0.0,,30.0,Hastings District,Give way,1.0,0.0,0.0,0.0,0.0,0.0,Urban,0.0,0.0,0.0,Fine
483955,1928092.0,5606947.0,547800.0,0.0,0.0,3.0,West,2013/2014,OMAHU ROAD,NOTTINGLEY ROAD,Non-Injury Crash,No,2014,East,0.0,,Flat,,,,,Overcast,1476700.0,0.0,0.0,0.0,2.0,0.0,,,Hawke's Bay Region,Nil,2-way,Sealed,0.0,0.0,,50.0,,Null,1.0,0.0,,30.0,Hastings District,Unknown,,,,,0.0,0.0,Urban,0.0,,,Fine
682778,1936684.0,5596571.0,545851.0,0.0,0.0,1.0,Null,2004/2005,WAIMARAMA ROAD,MATANGI ROAD,Minor Crash,No,2004,South,0.0,0.0,Flat,0.0,Christmas New Year,0.0,0.0,Overcast,1467002.0,1.0,0.0,0.0,2.0,0.0,0.0,,Hawke's Bay Region,Nil,2-way,Sealed,0.0,0.0,0.0,100.0,0.0,Null,0.0,0.0,,30.0,Hastings District,Nil,0.0,0.0,0.0,0.0,0.0,0.0,Open,0.0,0.0,0.0,Light rain
477398,1935991.0,5610770.0,545730.0,0.0,0.0,1.0,North,2017/2018,SH 2,MILL ROAD,Non-Injury Crash,Yes,2017,North,0.0,0.0,Flat,0.0,,0.0,0.0,Dark,1405401.0,0.0,0.0,0.0,2.0,0.0,1.0,,Hawke's Bay Region,Nil,2-way,Sealed,0.0,0.0,0.0,50.0,0.0,On,0.0,0.0,,30.0,Hastings District,Unknown,0.0,0.0,0.0,0.0,0.0,0.0,Urban,1.0,0.0,0.0,Fine
281112,1933107.0,5602246.0,548831.0,0.0,0.0,0.0,South,2005/2006,NAPIER ROAD,ST HILL LANE,Non-Injury Crash,No,2005,South,0.0,,Flat,,,,,Dark,1509800.0,0.0,0.0,0.0,2.0,0.0,,,Hawke's Bay Region,Nil,2-way,Sealed,0.0,0.0,,50.0,,On,1.0,0.0,,30.0,Hastings District,Nil,,,,,0.0,0.0,Urban,0.0,,,Fine
80922,1926351.0,5606200.0,545761.0,0.0,0.0,0.0,East,2009/2010,YORK ROAD,SH 50A,Non-Injury Crash,No,2009,West,0.0,0.0,Flat,0.0,,0.0,0.0,Dark,1469905.0,0.0,0.0,0.0,2.0,0.0,0.0,,Hawke's Bay Region,Nil,2-way,Sealed,0.0,0.0,0.0,100.0,0.0,On,0.0,0.0,,30.0,Hastings District,Nil,0.0,0.0,0.0,0.0,0.0,0.0,Open,1.0,0.0,0.0,Fine
385186,1906293.0,5604044.0,545841.0,0.0,0.0,0.0,North,2016/2017,SH 50,SALISBURY ROAD,Non-Injury Crash,Yes,2016,North,0.0,,Flat,,,,,Bright sun,1462700.0,0.0,0.0,1.0,2.0,0.0,,,Hawke's Bay Region,Nil,2-way,Sealed,0.0,0.0,,100.0,,Null,0.0,0.0,,30.0,Hastings District,Unknown,,,,,0.0,0.0,Open,0.0,,,Fine
635127,1929560.0,5605258.0,548200.0,0.0,0.0,2.0,Null,2006/2007,NELSON ST SOUTH,HERETAUNGA ST WEST,Non-Injury Crash,No,2006,South,0.0,,Flat,,,,,Twilight,1490100.0,0.0,0.0,0.0,2.0,0.0,,,Hawke's Bay Region,Nil,2-way,Sealed,0.0,0.0,,50.0,,On,0.0,0.0,,30.0,Hastings District,Traffic Signals,,,,,0.0,0.0,Urban,0.0,,,Fine
695797,1930658.0,5604707.0,548100.0,0.0,0.0,1.0,South,2009/2010,WILLOWPARK ROAD NORTH,VICTORIA ST,Non-Injury Crash,No,2010,South,0.0,0.0,Flat,0.0,,0.0,0.0,Dark,1499500.0,0.0,0.0,0.0,2.0,0.0,1.0,,Hawke's Bay Region,Nil,2-way,Sealed,0.0,0.0,0.0,50.0,0.0,On,1.0,0.0,,30.0,Hastings District,Nil,0.0,0.0,0.0,0.0,0.0,0.0,Urban,0.0,0.0,0.0,Fine
92803,1940154.0,5606707.0,545740.0,0.0,0.0,1.0,South,2006/2007,CLIFTON ROAD,EAST ROAD,Non-Injury Crash,No,2007,South,0.0,,Flat,,,,,Bright sun,1407800.0,0.0,0.0,0.0,2.0,0.0,,,Hawke's Bay Region,Nil,2-way,Sealed,0.0,0.0,,100.0,,Null,0.0,0.0,,30.0,Hastings District,Nil,,,,,1.0,0.0,Open,0.0,,,Fine
674078,1927578.0,5607439.0,548400.0,0.0,0.0,2.0,Null,2000/2001,SH 50A,OMAHU ROAD,Non-Injury Crash,Yes,2000,North,0.0,,Flat,,,,,Overcast,1473600.0,0.0,0.0,0.0,2.0,0.0,,,Hawke's Bay Region,Nil,2-way,Sealed,0.0,0.0,,50.0,,Null,0.0,0.0,,30.0,Hastings District,Give way,,,,,0.0,0.0,Urban,0.0,,,Light rain
451932,1924098.0,5603750.0,545842.0,0.0,0.0,1.0,West,2013/2014,MARAEKAKAHO ROAD,STOCK ROAD,Minor Crash,No,2013,East,0.0,1.0,Flat,0.0,,0.0,0.0,Dark,1470213.0,4.0,0.0,0.0,2.0,0.0,0.0,,Hawke's Bay Region,Nil,2-way,Sealed,0.0,0.0,0.0,100.0,0.0,None,0.0,0.0,,30.0,Hastings District,Nil,0.0,0.0,0.0,0.0,0.0,0.0,Open,0.0,0.0,0.0,Fine
431475,1932681.0,5603450.0,545721.0,0.0,0.0,1.0,East,2004/2005,CROSSES ROAD,ST GEORGES ROAD,Minor Crash,No,2005,West,0.0,1.0,Flat,0.0,,0.0,0.0,Dark,1473100.0,1.0,0.0,0.0,2.0,0.0,0.0,,Hawke's Bay Region,Nil,2-way,Sealed,0.0,0.0,0.0,100.0,0.0,None,0.0,0.0,,30.0,Hastings District,Nil,0.0,0.0,0.0,0.0,0.0,0.0,Open,0.0,0.0,0.0,Fine
24751,1930432.0,5604893.0,548200.0,0.0,0.0,1.0,Null,2008/2009,ELLISON ROAD,HASTINGS ST NORTH,Non-Injury Crash,No,2008,East,0.0,,Flat,,,,,Dark,1494500.0,0.0,0.0,0.0,2.0,0.0,,,Hawke's Bay Region,Nil,2-way,Sealed,0.0,0.0,,50.0,,On,1.0,0.0,,30.0,Hastings District,Give way,,,,,0.0,0.0,Urban,0.0,,,Light rain
508173,1928662.0,5606394.0,547800.0,1.0,0.0,1.0,Null,2012/2013,OMAHU ROAD,MCLEOD ST,Minor Crash,No,2012,North,0.0,,Flat,,,,,Bright sun,1477800.0,1.0,0.0,0.0,2.0,0.0,,,Hawke's Bay Region,Nil,2-way,Sealed,0.0,0.0,,50.0,,Null,0.0,0.0,,30.0,Hastings District,Give way,,,,,0.0,0.0,Urban,0.0,,,Fine
444696,1930185.0,5605031.0,548200.0,0.0,0.0,1.0,Null,2017/2018,ST AUBYN ST EAST,KARAMU ROAD NORTH,Non-Injury Crash,No,2018,North,0.0,,Flat,,,,,Dark,1494100.0,0.0,0.0,0.0,5.0,0.0,,,Hawke's Bay Region,Nil,2-way,Sealed,0.0,0.0,,50.0,,On,0.0,0.0,,30.0,Hastings District,Traffic Signals,,,,,0.0,0.0,Urban,0.0,,,Fine
173795,1936366.0,5601391.0,548833.0,0.0,0.0,2.0,Null,2003/2004,TE MATA MANGATERETERE ROA,WAIMARAMA ROAD,Non-Injury Crash,No,2004,North,0.0,,Flat,,,,,Bright sun,1466802.0,0.0,0.0,0.0,2.0,0.0,,,Hawke's Bay Region,Nil,2-way,Sealed,0.0,0.0,,100.0,,Null,0.0,0.0,,30.0,Hastings District,Give way,,,,,0.0,0.0,Open,0.0,,,Fine
508338,1907345.0,5605061.0,545841.0,0.0,0.0,0.0,South,2004/2005,SH 50,WHAKAPIRAU ROAD,Non-Injury Crash,Yes,2004,South,0.0,0.0,Hill Road,0.0,,0.0,0.0,Dark,1462700.0,0.0,0.0,0.0,2.0,0.0,0.0,,Hawke's Bay Region,Nil,2-way,Sealed,0.0,0.0,0.0,100.0,0.0,None,0.0,0.0,,30.0,Hastings District,Nil,0.0,0.0,0.0,0.0,0.0,0.0,Open,1.0,0.0,0.0,Fine
674948,1919875.634,5594324.5101,545851.0,0.0,0.0,1.0,East,2018/2019,002-0678,HORONUI ROAD,Minor Crash,Yes,2019,North,0.0,,Flat,,,,,Twilight,1463900.0,1.0,0.0,0.0,2.0,0.0,,,Hawke's Bay Region,Nil,1-way,Sealed,0.0,0.0,,30.0,,None,0.0,0.0,,30.0,Hastings District,Unknown,,,,,1.0,0.0,Urban,1.0,,,Fine
198835,1929657.0,5605330.0,548200.0,0.0,0.0,2.0,Null,2015/2016,QUEEN ST WEST,NELSON ST NORTH,Non-Injury Crash,No,2016,North,0.0,,Flat,,,,,Dark,1490800.0,0.0,0.0,0.0,2.0,0.0,,,Hawke's Bay Region,Nil,1-way,Sealed,0.0,0.0,,50.0,,On,0.0,0.0,,30.0,Hastings District,Give way,,,,,0.0,0.0,Urban,0.0,,,Light rain
485690,1929880.0,5604801.0,548200.0,0.0,0.0,3.0,South,2002/2003,KARAMU ROAD SOUTH,HERETAUNGA ST EAST,Non-Injury Crash,No,2002,North,0.0,0.0,Flat,0.0,,1.0,0.0,Dark,1492600.0,0.0,0.0,0.0,2.0,0.0,1.0,,Hawke's Bay Region,Nil,2-way,Sealed,0.0,0.0,0.0,50.0,0.0,On,0.0,0.0,,30.0,Hastings District,Nil,0.0,0.0,0.0,0.0,0.0,0.0,Urban,1.0,0.0,0.0,Fine
637122,1930362.0,5607227.0,545721.0,0.0,0.0,1.0,East,2003/2004,WILLIAMS ST,KAURI ST,Serious Crash,No,2004,West,0.0,0.0,Flat,0.0,,0.0,0.0,Bright sun,1471401.0,0.0,0.0,0.0,2.0,0.0,0.0,,Hawke's Bay Region,Nil,2-way,Sealed,0.0,1.0,0.0,50.0,0.0,Null,0.0,0.0,,30.0,Hastings District,Nil,0.0,0.0,0.0,0.0,0.0,0.0,Urban,0.0,0.0,0.0,Fine
704277,1929355.0,5605127.0,548200.0,0.0,0.0,1.0,North,2005/2006,LYNDON ROAD WEST,NELSON ST SOUTH,Non-Injury Crash,No,2006,West,0.0,1.0,Flat,0.0,,0.0,0.0,Dark,1488700.0,0.0,0.0,0.0,2.0,0.0,1.0,,Hawke's Bay Region,Nil,2-way,Sealed,0.0,0.0,0.0,50.0,0.0,On,1.0,0.0,,30.0,Hastings District,Nil,0.0,0.0,0.0,0.0,0.0,0.0,Urban,0.0,0.0,0.0,Light rain
439418,1929824.0,5605078.0,548200.0,0.0,0.0,1.0,South,2008/2009,MARKET ST NORTH,QUEEN ST WEST,Non-Injury Crash,No,2008,North,0.0,,Flat,,,,,Overcast,1491200.0,0.0,0.0,0.0,2.0,0.0,,,Hawke's Bay Region,Nil,2-way,Sealed,0.0,0.0,,50.0,,Null,0.0,0.0,,30.0,Hastings District,Nil,,,,,0.0,0.0,Urban,1.0,,,Light rain
256546,1908932.0,5674694.0,545911.0,0.0,0.0,1.0,South,2006/2007,SH 5,POHOKURA ROAD EAST,Serious Crash,Yes,2006,West,0.0,,Hill Road,,,,,Overcast,1281200.0,2.0,0.0,0.0,2.0,0.0,,,Hawke's Bay Region,Nil,2-way,Sealed,0.0,1.0,,100.0,,Null,1.0,0.0,,30.0,Hastings District,Nil,,,,,0.0,0.0,Open,0.0,,,Light rain
598505,1933345.0,5601984.0,548832.0,0.0,0.0,0.0,West,2010/2011,TE MATA ROAD,DANVERS ST,Non-Injury Crash,No,2011,North,0.0,,Flat,,,,,Bright sun,1508200.0,0.0,0.0,0.0,2.0,0.0,,,Hawke's Bay Region,Nil,2-way,Sealed,0.0,0.0,,50.0,,Null,1.0,0.0,,30.0,Hastings District,Nil,,,,,0.0,0.0,Urban,1.0,,,Fine
627203,1929634.0,5605762.0,548200.0,0.0,0.0,1.0,Null,2017/2018,TOMOANA ROAD,ST AUBYN ST WEST,Non-Injury Crash,No,2017,South,0.0,,Flat,,,,,Bright sun,1490300.0,0.0,0.0,0.0,4.0,0.0,,,Hawke's Bay Region,Nil,2-way,Sealed,0.0,0.0,,50.0,,Null,0.0,0.0,,30.0,Hastings District,Traffic Signals,,,,,0.0,0.0,Urban,1.0,,,Fine
513167,1921017.2265,5642193.0768,545811.0,0.0,0.0,1.0,South,2018/2019,SH 5,GLENGARRY STN ENT,Minor Crash,Yes,2019,South,0.0,0.0,Hill Road,0.0,,0.0,1.0,Dark,1414600.0,1.0,0.0,0.0,3.0,0.0,0.0,,Hawke's Bay Region,Nil,2-way,Sealed,0.0,0.0,0.0,100.0,0.0,None,0.0,0.0,,30.0,Hastings District,Unknown,0.0,0.0,0.0,0.0,0.0,0.0,Open,0.0,0.0,0.0,Light rain
182896,1930149.0,5604677.0,548200.0,0.0,0.0,2.0,Null,2008/2009,HASTINGS ST NORTH,QUEEN ST EAST,Non-Injury Crash,No,2008,South,0.0,,Flat,,,,,Bright sun,1493400.0,0.0,0.0,0.0,2.0,0.0,,,Hawke's Bay Region,Nil,2-way,Sealed,0.0,0.0,,50.0,,Null,1.0,0.0,,30.0,Hastings District,Give way,,,,,0.0,0.0,Urban,0.0,,,Fine
536895,1934385.0,5608801.0,545722.0,0.0,0.0,2.0,West,2010/2011,STATION ROAD,GROOME PLACE,Minor Crash,No,2010,East,0.0,,Flat,,,,,Overcast,1406102.0,1.0,0.0,0.0,2.0,0.0,,,Hawke's Bay Region,Nil,2-way,Sealed,0.0,0.0,,50.0,,Null,0.0,0.0,,30.0,Hastings District,Nil,,,,,0.0,0.0,Urban,0.0,,,Light rain
2644,1936815.0,5609310.0,545730.0,0.0,0.0,1.0,South,2003/2004,MILL ROAD,SH 2,Minor Crash,No,2003,South,0.0,0.0,Flat,0.0,,0.0,0.0,Dark,1405300.0,1.0,0.0,0.0,2.0,0.0,0.0,,Hawke's Bay Region,Nil,2-way,Sealed,0.0,0.0,0.0,100.0,0.0,None,0.0,0.0,,30.0,Hastings District,Nil,0.0,0.0,0.0,0.0,0.0,0.0,Open,0.0,0.0,0.0,Fine
453876,1932595.0,5601666.0,548831.0,0.0,0.0,2.0,Null,2016/2017,NAPIER ROAD,TE MATA ROAD,Non-Injury Crash,No,2017,South,0.0,,Flat,,,,,Bright sun,1509700.0,0.0,0.0,0.0,2.0,0.0,,,Hawke's Bay Region,Nil,2-way,Sealed,0.0,0.0,,50.0,,Null,0.0,0.0,,30.0,Hastings District,Give way,,,,,0.0,0.0,Urban,0.0,,,Fine
168256,1928437.0,5606954.0,547800.0,0.0,0.0,2.0,Null,2006/2007,FRIMLEY AVENUE,IKANUI ROAD,Non-Injury Crash,No,2007,East,0.0,,Flat,,,,,Bright sun,1476900.0,0.0,0.0,0.0,2.0,0.0,,,Hawke's Bay Region,Nil,2-way,Sealed,0.0,0.0,,50.0,,Null,0.0,0.0,,30.0,Hastings District,Give way,,,,,0.0,0.0,Urban,0.0,,,Fine
462646,1936816.0,5596759.0,545851.0,0.0,0.0,1.0,North,2014/2015,WAIMARAMA ROAD,MATANGI ROAD,Fatal Crash,No,2015,North,1.0,0.0,Flat,0.0,,0.0,0.0,Bright sun,1467002.0,0.0,0.0,0.0,2.0,0.0,0.0,,Hawke's Bay Region,Nil,2-way,Sealed,0.0,2.0,0.0,80.0,0.0,Null,0.0,0.0,,30.0,Hastings District,Nil,0.0,0.0,0.0,1.0,0.0,0.0,Open,1.0,0.0,0.0,Fine
468666,1929840.0,5605089.0,548200.0,0.0,0.0,2.0,Null,2017/2018,QUEEN ST WEST,MARKET ST NORTH,Non-Injury Crash,No,2017,North,0.0,,Flat,,,,,Bright sun,1491300.0,0.0,0.0,0.0,2.0,0.0,,,Hawke's Bay Region,Nil,2-way,Sealed,0.0,0.0,,50.0,,Null,0.0,0.0,,30.0,Hastings District,Traffic Signals,,,,,0.0,0.0,Urban,0.0,,,Fine
569760,1930824.0,5605562.0,548000.0,0.0,0.0,1.0,West,2006/2007,DUCHESS CRESCENT,KARAMU ROAD NORTH,Non-Injury Crash,No,2006,West,0.0,0.0,Flat,0.0,,0.0,0.0,Dark,1495800.0,0.0,0.0,0.0,1.0,0.0,1.0,,Hawke's Bay Region,Nil,2-way,Sealed,0.0,0.0,0.0,50.0,0.0,On,0.0,0.0,,30.0,Hastings District,Nil,0.0,0.0,0.0,0.0,0.0,0.0,Urban,1.0,0.0,0.0,Fine
91831,1918226.0,5650413.0,545912.0,0.0,0.0,1.0,North,2007/2008,SH 5,TE POHUE LOOP ROAD N,Non-Injury Crash,Yes,2008,South,0.0,0.0,Hill Road,0.0,,0.0,0.0,Dark,1414504.0,0.0,0.0,0.0,2.0,0.0,0.0,,Hawke's Bay Region,Nil,2-way,Sealed,0.0,0.0,0.0,100.0,0.0,None,0.0,0.0,,30.0,Hastings District,Nil,0.0,0.0,0.0,0.0,0.0,0.0,Open,0.0,0.0,0.0,Heavy rain
641276,1932451.0,5601896.0,548831.0,0.0,0.0,1.0,West,1999/2000,HAVELOCK ROAD,PORTER DRIVE,Minor Crash,No,2000,West,0.0,,Flat,,,,,Bright sun,1509600.0,1.0,0.0,1.0,2.0,0.0,,,Hawke's Bay Region,Nil,2-way,Sealed,0.0,0.0,,50.0,,Null,0.0,0.0,,30.0,Hastings District,Nil,,,,,0.0,0.0,Urban,0.0,,,Fine
413762,1927876.0,5607157.0,547800.0,0.0,0.0,2.0,Null,2010/2011,OMAHU ROAD,STONYCROFT ST,Non-Injury Crash,No,2011,West,0.0,,Flat,,,,,Overcast,1476600.0,0.0,0.0,0.0,2.0,0.0,,,Hawke's Bay Region,Nil,2-way,Sealed,0.0,0.0,,50.0,,Null,0.0,0.0,,30.0,Hastings District,Give way,,,,,0.0,0.0,Urban,0.0,,,Fine
164619,1929896.0,5604813.0,548200.0,0.0,0.0,3.0,Null,2004/2005,KARAMU ROAD NORTH,HERETAUNGA ST EAST,Minor Crash,No,2005,South,0.0,0.0,Flat,0.0,,0.0,0.0,Dark,1492700.0,4.0,0.0,0.0,2.0,0.0,2.0,,Hawke's Bay Region,Nil,2-way,Sealed,0.0,0.0,0.0,50.0,0.0,On,1.0,0.0,,30.0,Hastings District,Traffic Signals,0.0,0.0,0.0,0.0,0.0,0.0,Urban,0.0,0.0,0.0,Light rain
628007,1929549.0,5604870.0,548200.0,0.0,0.0,2.0,Null,2004/2005,MARKET ST SOUTH,LYNDON ROAD WEST,Non-Injury Crash,No,2005,South,0.0,,Flat,,,,,Bright sun,1489802.0,0.0,0.0,0.0,2.0,0.0,,,Hawke's Bay Region,Nil,2-way,Sealed,0.0,0.0,,50.0,,Null,0.0,0.0,,30.0,Hastings District,Give way,,,,,0.0,0.0,Urban,0.0,,,Fine
373295,1916592.0,5626761.0,545821.0,0.0,0.0,1.0,South,2005/2006,DARTMOOR ROAD,WAIHAU ROAD,Non-Injury Crash,No,2006,West,0.0,1.0,Hill Road,0.0,,0.0,0.0,Dark,1412400.0,0.0,0.0,0.0,2.0,0.0,0.0,,Hawke's Bay Region,Nil,2-way,Sealed,0.0,0.0,0.0,100.0,0.0,None,0.0,0.0,,30.0,Hastings District,Nil,0.0,0.0,0.0,0.0,0.0,0.0,Open,0.0,0.0,0.0,Fine
108182,1912993.0,5586964.0,545851.0,0.0,0.0,2.0,South,2004/2005,SH 2,WAIKAREAO ROAD,Non-Injury Crash,Yes,2004,East,0.0,,Hill Road,,,,,Overcast,1464600.0,0.0,0.0,0.0,3.0,0.0,,,Hawke's Bay Region,Nil,2-way,Sealed,0.0,0.0,,100.0,,Null,0.0,0.0,,30.0,Hastings District,Nil,,,,,0.0,0.0,Open,0.0,,,Fine
630143,1933156.0,5600609.0,548821.0,0.0,0.0,2.0,Null,2007/2008,PUFFLETT ROAD,KEIRUNGA ROAD,Serious Crash,No,2008,North,0.0,,Flat,,,,,Bright sun,1507703.0,1.0,0.0,0.0,2.0,0.0,,,Hawke's Bay Region,Nil,2-way,Sealed,0.0,2.0,,50.0,,Null,0.0,0.0,,30.0,Hastings District,Give way,,,,,0.0,0.0,Urban,0.0,,,Fine
431961,1930649.0,5605661.0,548000.0,0.0,0.0,2.0,Null,2007/2008,HEATHCOTE AVENUE,CAROLINE ROAD,Non-Injury Crash,No,2007,North,0.0,0.0,Flat,0.0,,0.0,0.0,Bright sun,1495300.0,0.0,0.0,0.0,2.0,0.0,1.0,,Hawke's Bay Region,Nil,2-way,Sealed,0.0,0.0,0.0,50.0,0.0,Null,0.0,0.0,,30.0,Hastings District,Give way,0.0,0.0,0.0,0.0,0.0,0.0,Urban,0.0,0.0,0.0,Fine
679376,1928971.0,5606421.0,547800.0,0.0,0.0,2.0,North,2013/2014,PAKOWHAI ROAD,IKANUI ROAD,Minor Crash,No,2013,South,0.0,,Flat,,,,,Bright sun,1477500.0,1.0,0.0,0.0,2.0,0.0,,,Hawke's Bay Region,Nil,2-way,Sealed,0.0,0.0,,50.0,,Null,2.0,0.0,,30.0,Hastings District,Nil,,,,,0.0,0.0,Urban,0.0,,,Fine
37866,1931560.0,5602871.0,545762.0,0.0,0.0,2.0,Null,2008/2009,HAVELOCK ROAD,ST GEORGES ROAD,Non-Injury Crash,No,2008,East,0.0,,Flat,,,,,Bright sun,1468600.0,0.0,0.0,0.0,2.0,0.0,,,Hawke's Bay Region,Nil,2-way,Sealed,0.0,0.0,,70.0,,Null,0.0,0.0,,30.0,Hastings District,Give way,,,,,0.0,0.0,Urban,0.0,,,Fine
674581,1925160.0,5605103.0,545842.0,0.0,0.0,1.0,South,2000/2001,STOCK ROAD,IRONGATE ROAD,Minor Crash,No,2000,North,0.0,0.0,Flat,0.0,,0.0,0.0,Overcast,1470214.0,1.0,0.0,0.0,2.0,0.0,0.0,,Hawke's Bay Region,Nil,2-way,Sealed,0.0,0.0,0.0,100.0,0.0,Null,0.0,0.0,,30.0,Hastings District,Nil,0.0,0.0,0.0,0.0,0.0,0.0,Open,0.0,0.0,0.0,Fine
113484,1930935.0,5613540.0,545831.0,0.0,0.0,0.0,Null,2014/2015,SH 50A,SH 50,Minor Crash,Yes,2015,North,0.0,,Flat,,,,,Bright sun,1404600.0,1.0,0.0,1.0,2.0,0.0,,,Hawke's Bay Region,Nil,2-way,Sealed,0.0,0.0,,100.0,,Null,1.0,0.0,,30.0,Hastings District,Give way,,,,,0.0,0.0,Open,0.0,,,Fine
462054,1924845.0,5606983.0,548620.0,0.0,0.0,2.0,Null,2006/2007,CAERNARVON DRIVE,SWANSEA ROAD N,Non-Injury Crash,No,2006,North,0.0,,Flat,,,,,Bright sun,1473700.0,0.0,0.0,0.0,2.0,0.0,,,Hawke's Bay Region,Nil,2-way,Sealed,0.0,0.0,,50.0,,Null,0.0,0.0,,30.0,Hastings District,Nil,,,,,0.0,0.0,Urban,0.0,,,Fine
457839,1931294.0,5605188.0,548000.0,0.0,0.0,2.0,Null,2001/2002,GROVE ROAD,WILLOWPARK ROAD NORTH,Non-Injury Crash,No,2002,South,0.0,0.0,Flat,0.0,,1.0,0.0,Bright sun,1496800.0,0.0,0.0,0.0,2.0,0.0,0.0,,Hawke's Bay Region,Nil,2-way,Sealed,0.0,0.0,0.0,50.0,0.0,Null,0.0,0.0,,30.0,Hastings District,Give way,0.0,0.0,0.0,0.0,0.0,0.0,Urban,1.0,0.0,0.0,Fine
43759,1927870.8759,5607152.6227,548500.0,0.0,0.0,2.0,Null,2019/2020,STONYCROFT STREET,OMAHU ROAD,Non-Injury Crash,No,2019,North,0.0,,Flat,,,,,Bright sun,1477900.0,0.0,0.0,0.0,2.0,0.0,,,Hawke's Bay Region,Nil,2-way,Sealed,0.0,0.0,,50.0,,Off,0.0,0.0,,30.0,Hastings District,Stop,,,,,0.0,0.0,Urban,0.0,,,Fine
62264,1928697.0,5608694.0,545710.0,0.0,0.0,1.0,West,2017/2018,ORMOND ROAD,EVENDEN ROAD,Serious Crash,No,2018,East,0.0,0.0,Flat,0.0,,0.0,0.0,Overcast,1471000.0,0.0,0.0,0.0,2.0,0.0,0.0,,Hawke's Bay Region,Nil,2-way,Sealed,0.0,1.0,0.0,60.0,0.0,Null,0.0,0.0,,30.0,Hastings District,Nil,0.0,0.0,0.0,1.0,0.0,0.0,Urban,1.0,0.0,0.0,Fine
494607,1929137.0,5605815.0,547700.0,0.0,0.0,2.0,Null,2001/2002,HERETAUNGA ST WEST,GRAYS ROAD,Non-Injury Crash,No,2002,South,0.0,,Flat,,,,,Bright sun,1487300.0,0.0,0.0,0.0,2.0,0.0,,,Hawke's Bay Region,Nil,2-way,Sealed,0.0,0.0,,50.0,,Null,0.0,0.0,,30.0,Hastings District,Give way,,,,,0.0,0.0,Urban,0.0,,,Fine
199068,1910846.0,5663960.0,545911.0,0.0,0.0,0.0,South,2006/2007,SH 5,TE HAROTO ROAD,Serious Crash,Yes,2007,South,0.0,,Hill Road,,,,,Bright sun,1414400.0,0.0,0.0,1.0,2.0,0.0,,,Hawke's Bay Region,Nil,2-way,Sealed,0.0,1.0,,100.0,,Null,0.0,0.0,,30.0,Hastings District,Nil,,,,,0.0,0.0,Open,0.0,,,Fine
184882,1927315.0,5607642.0,548400.0,0.0,0.0,2.0,East,2007/2008,OMAHU ROAD,WILSON ROAD,Non-Injury Crash,No,2007,West,0.0,,Flat,,,,,Bright sun,1473600.0,0.0,0.0,0.0,2.0,0.0,,,Hawke's Bay Region,Nil,2-way,Sealed,0.0,0.0,,50.0,,Null,0.0,0.0,,30.0,Hastings District,Nil,,,,,0.0,0.0,Urban,0.0,,,Fine
215745,1930876.0,5604104.0,548100.0,0.0,0.0,2.0,Null,2010/2011,ST AUBYN ST EAST,PARK ROAD,Non-Injury Crash,No,2010,North,0.0,,Flat,,,,,Bright sun,1501300.0,0.0,0.0,0.0,2.0,0.0,,,Hawke's Bay Region,Nil,2-way,Sealed,0.0,0.0,,50.0,,Null,0.0,0.0,,30.0,Hastings District,Give way,,,,,0.0,0.0,Urban,0.0,,,Fine
380702,1936884.0,5612954.0,545832.0,0.0,0.0,1.0,South,2006/2007,SH 2,WAITANGI ROAD,Minor Crash,Yes,2006,South,0.0,,Flat,,,,,Bright sun,1404000.0,1.0,0.0,0.0,2.0,0.0,,,Hawke's Bay Region,Bridge,2-way,Sealed,0.0,0.0,,100.0,,Null,0.0,0.0,,30.0,Hastings District,Nil,,,,,1.0,0.0,Open,0.0,,,Fine