OBJECTID,X,Y,areaUnitID,bicycle,bus,carStationWagon,crashDirectionDescription,crashFinancialYear,crashLocation1,crashLocation2,crashSeverity,crashSHDescription,crashYear,directionRoleDescription,fatalCount,fence,flatHill,guardRail,holiday,houseOrBuilding,kerb,light,meshblockId,minorInjuryCount,moped,motorcycle,NumberOfLanes,otherVehicleType,parkedVehicle,pedestrian,region,roadCharacter,roadLane,roadSurface,schoolBus,seriousInjuryCount,slipOrFlood,speedLimit,strayAnimal,streetLight,suv,taxi,temporarySpeedLimit,tlaId,tlaName,trafficControl,trafficIsland,trafficSign,train,tree,truck,unknownVehicleType,urban,vanOrUtility,vehicle,waterRiver,weatherA
573572,1929649.0,5605324.0,548200.0,0.0,0.0,1.0,South,2009/2010,NELSON ST NORTH,QUEEN ST WEST,Non-Injury Crash,No,2009,South,0.0,0.0,Flat,1.0,,0.0,0.0,Dark,1490700.0,0.0,0.0,0.0,2.0,0.0,0.0,,Hawke's Bay Region,Nil,2-way,Sealed,0.0,0.0,0.0,50.0,0.0,On,0.0,0.0,,30.0,Hastings District,Nil,0.0,0.0,0.0,0.0,0.0,0.0,Urban,0.0,0.0,0.0,Light rain
643600,1909032.0,5674669.0,545911.0,0.0,0.0,0.0,North,1999/2000,SH 5,TARAWERA TAV,Serious Crash,Yes,2000,North,0.0,0.0,Hill Road,1.0,,0.0,0.0,Overcast,1281200.0,1.0,0.0,0.0,2.0,0.0,0.0,,Hawke's Bay Region,Nil,2-way,Sealed,0.0,4.0,0.0,100.0,0.0,Null,0.0,0.0,,30.0,Hastings District,Nil,0.0,0.0,0.0,0.0,0.0,0.0,Open,2.0,0.0,0.0,Light rain
563143,1939170.4845,5594416.6455,545860.0,0.0,0.0,1.0,East,2019/2020,WAIMARAMA ROAD,MARAETOTARA ROAD,Non-Injury Crash,No,2019,West,0.0,0.0,Hill Road,0.0,,0.0,0.0,Dark,1467200.0,0.0,0.0,0.0,2.0,0.0,0.0,,Hawke's Bay Region,Nil,2-way,Sealed,0.0,0.0,0.0,100.0,0.0,None,0.0,0.0,,30.0,Hastings District,Nil,0.0,0.0,0.0,0.0,0.0,0.0,Open,0.0,0.0,0.0,Fine
441826,1928133.5871,5606910.8269,547800.0,0.0,0.0,2.0,Null,2019/2020,OMAHU ROAD,NOTTINGLEY ROAD,Serious Crash,No,2020,South,0.0,,Flat,,Easter,,,Dark,1476800.0,1.0,0.0,0.0,2.0,0.0,,,Hawke's Bay Region,Nil,2-way,Sealed,0.0,1.0,,50.0,,On,0.0,0.0,,30.0,Hastings District,Give way,,,,,0.0,0.0,Urban,0.0,,,Fine
489144,1924171.0,5626562.0,545821.0,0.0,0.0,0.0,East,2014/2015,PUKETITIRI ROAD,GLENGARRY ROAD,Serious Crash,No,2015,East,0.0,,Hill Road,,,,,Bright sun,1411200.0,0.0,0.0,1.0,2.0,0.0,,,Hawke's Bay Region,Nil,2-way,Sealed,0.0,1.0,,100.0,,Null,0.0,0.0,,30.0,Hastings District,Nil,,,,,0.0,0.0,Open,0.0,,,Fine
170406,1927234.0,5602249.0,545762.0,0.0,0.0,2.0,Null,2000/2001,RAILWAY ROAD SOUTH,LONGLANDS ROAD EAST,Non-Injury Crash,No,2001,North,0.0,,Flat,,Easter,,,Bright sun,1468200.0,0.0,0.0,0.0,2.0,0.0,,,Hawke's Bay Region,Nil,2-way,Sealed,0.0,0.0,,100.0,,Null,0.0,0.0,,30.0,Hastings District,Give way,,,,,0.0,0.0,Open,0.0,,,Fine
162015,1930542.0,5605151.0,548200.0,0.0,0.0,2.0,Null,2001/2002,ALBERT ST,WARREN ST NORTH,Non-Injury Crash,No,2001,East,0.0,,Flat,,,,,Overcast,1494600.0,0.0,0.0,0.0,2.0,0.0,,,Hawke's Bay Region,Nil,2-way,Sealed,0.0,0.0,,50.0,,Null,0.0,0.0,,30.0,Hastings District,Give way,,,,,0.0,0.0,Urban,0.0,,,Fine
506178,1927573.4173,5607387.5335,548400.0,0.0,0.0,1.0,Null,2020/2021,HAWKES BAY EXPRESSWAY,OMAHU ROAD,Non-Injury Crash,Yes,2020,North,0.0,,Null,,,,,Bright sun,1473500.0,0.0,0.0,0.0,2.0,0.0,,,Hawke's Bay Region,Nil,1-way,Sealed,0.0,0.0,,100.0,,Off,1.0,0.0,,30.0,Hastings District,Give way,,,,,0.0,0.0,Open,0.0,,,Fine
494907,1929402.0,5606565.0,547600.0,0.0,0.0,1.0,Null,2009/2010,DENNETT ST,FITZROY AVENUE,Non-Injury Crash,No,2010,South,0.0,,Flat,,,,,Bright sun,1485100.0,0.0,0.0,0.0,2.0,0.0,,,Hawke's Bay Region,Nil,2-way,Sealed,0.0,0.0,,50.0,,Null,0.0,0.0,,30.0,Hastings District,Nil,,,,,0.0,0.0,Urban,1.0,,,Fine
662694,1934421.0,5609047.0,545722.0,0.0,0.0,1.0,West,2011/2012,RAILWAY ROAD,BUCKINGHAM ST,Non-Injury Crash,No,2012,East,0.0,0.0,Flat,0.0,,0.0,1.0,Dark,1405800.0,0.0,0.0,0.0,2.0,0.0,0.0,,Hawke's Bay Region,Nil,2-way,Sealed,0.0,0.0,0.0,50.0,0.0,On,0.0,0.0,,30.0,Hastings District,Nil,0.0,0.0,0.0,0.0,0.0,0.0,Urban,0.0,0.0,0.0,Fine
90755,1923532.0,5608283.0,548611.0,0.0,0.0,1.0,Null,2007/2008,TARBET ST,ARKLOW PLACE,Non-Injury Crash,No,2008,East,0.0,1.0,Flat,0.0,,0.0,0.0,Dark,1470319.0,0.0,0.0,0.0,2.0,0.0,0.0,,Hawke's Bay Region,Nil,2-way,Sealed,0.0,0.0,0.0,50.0,0.0,On,0.0,0.0,,30.0,Hastings District,Nil,0.0,0.0,0.0,0.0,0.0,0.0,Urban,0.0,0.0,0.0,Fine
442237,1920810.0,5604649.0,545841.0,0.0,0.0,1.0,West,2007/2008,MARAEKAKAHO ROAD,RAUKAWA ROAD,Non-Injury Crash,No,2008,North,0.0,1.0,Flat,0.0,Christmas New Year,0.0,0.0,Dark,1463000.0,0.0,0.0,0.0,2.0,0.0,0.0,,Hawke's Bay Region,Nil,2-way,Sealed,0.0,0.0,0.0,100.0,0.0,None,0.0,0.0,,30.0,Hastings District,Nil,0.0,0.0,0.0,0.0,0.0,0.0,Open,0.0,0.0,0.0,Fine
164926,1926381.0,5606983.0,545761.0,0.0,0.0,2.0,North,2012/2013,WILSON ROAD,FOLKESTONE DRIVE,Non-Injury Crash,No,2012,North,0.0,,Flat,,,,,Bright sun,1469905.0,0.0,0.0,0.0,2.0,0.0,,,Hawke's Bay Region,Nil,2-way,Sealed,0.0,0.0,,70.0,,Null,0.0,0.0,,30.0,Hastings District,Pointsman,,,,,0.0,0.0,Urban,0.0,,,Fine
645559,1929364.0,5605484.0,547700.0,0.0,0.0,1.0,West,2014/2015,CHARLES ST,HERETAUNGA ST WEST,Non-Injury Crash,No,2015,West,0.0,0.0,Flat,0.0,,0.0,1.0,Bright sun,1487700.0,0.0,0.0,0.0,2.0,0.0,0.0,,Hawke's Bay Region,Nil,2-way,Sealed,0.0,0.0,0.0,50.0,0.0,Null,0.0,0.0,,30.0,Hastings District,Unknown,0.0,0.0,0.0,0.0,0.0,0.0,Urban,0.0,0.0,0.0,Fine
133410,1931513.0,5604830.0,548000.0,0.0,0.0,1.0,Null,2010/2011,GROVE ROAD,SYLVAN ROAD,Non-Injury Crash,No,2010,West,0.0,1.0,Flat,0.0,,0.0,0.0,Overcast,1498600.0,0.0,0.0,0.0,2.0,0.0,0.0,,Hawke's Bay Region,Nil,2-way,Sealed,0.0,0.0,0.0,50.0,0.0,Null,0.0,0.0,,30.0,Hastings District,Give way,0.0,0.0,0.0,0.0,0.0,0.0,Urban,0.0,0.0,0.0,Light rain
277229,1923246.0,5610781.0,545710.0,0.0,0.0,0.0,Null,2015/2016,SH 50,GORDON ST,Minor Crash,Yes,2015,North,0.0,1.0,Flat,0.0,,0.0,0.0,Overcast,1470400.0,1.0,0.0,0.0,2.0,0.0,0.0,,Hawke's Bay Region,Nil,2-way,Sealed,0.0,0.0,0.0,50.0,0.0,Null,2.0,0.0,,30.0,Hastings District,Stop,0.0,0.0,0.0,0.0,0.0,0.0,Urban,0.0,0.0,0.0,Fine
390441,1936082.0,5646069.0,545911.0,0.0,0.0,1.0,North,2007/2008,SH 2,AROPAOANUI ROAD,Minor Crash,Yes,2007,South,0.0,0.0,Flat,0.0,,0.0,0.0,Dark,1415400.0,3.0,0.0,0.0,2.0,0.0,0.0,,Hawke's Bay Region,Nil,2-way,Sealed,0.0,0.0,0.0,100.0,0.0,None,0.0,0.0,,30.0,Hastings District,Nil,0.0,0.0,0.0,0.0,0.0,0.0,Open,0.0,0.0,0.0,Fine
49764,1925245.0,5608534.0,545710.0,0.0,0.0,2.0,West,2007/2008,OMAHU ROAD,CHATHAM ROAD,Non-Injury Crash,No,2008,West,0.0,,Flat,,,,,Bright sun,1470900.0,0.0,0.0,0.0,2.0,0.0,,,Hawke's Bay Region,Nil,2-way,Sealed,0.0,0.0,,70.0,,Null,0.0,0.0,,30.0,Hastings District,Nil,,,,,0.0,0.0,Urban,0.0,,,Fine
28868,1930481.0,5604047.0,548100.0,0.0,0.0,2.0,Null,2003/2004,HERETAUNGA ST EAST,SYLVAN ROAD,Non-Injury Crash,No,2003,West,0.0,,Flat,,,,,Overcast,1501200.0,0.0,0.0,0.0,2.0,0.0,,,Hawke's Bay Region,Nil,2-way,Sealed,0.0,0.0,,50.0,,Null,0.0,0.0,,30.0,Hastings District,Give way,,,,,0.0,0.0,Urban,0.0,,,Heavy rain
667458,1932482.0,5601591.0,548810.0,0.0,0.0,1.0,South,2002/2003,PORTER DRIVE,TE AUTE ROAD,Non-Injury Crash,No,2002,North,0.0,,Flat,,,,,Bright sun,1505700.0,0.0,0.0,0.0,2.0,0.0,,,Hawke's Bay Region,Nil,2-way,Sealed,0.0,0.0,,50.0,,Null,0.0,0.0,,30.0,Hastings District,Nil,,,,,0.0,0.0,Urban,0.0,,,Fine
309933,1929444.0,5605411.0,548200.0,0.0,0.0,2.0,West,2002/2003,HERETAUNGA ST WEST,SOUTHLAND ROAD,Non-Injury Crash,No,2002,West,0.0,,Flat,,,,,Bright sun,1490100.0,0.0,0.0,0.0,2.0,0.0,,,Hawke's Bay Region,Nil,2-way,Sealed,0.0,0.0,,50.0,,Null,0.0,0.0,,30.0,Hastings District,Nil,,,,,0.0,0.0,Urban,0.0,,,Fine
481264,1931294.0,5605188.0,548000.0,0.0,0.0,1.0,Null,2006/2007,WILLOWPARK ROAD NORTH,WILLOWPARK ROAD,Non-Injury Crash,No,2006,North,0.0,1.0,Flat,0.0,,0.0,0.0,Dark,1496800.0,0.0,0.0,0.0,2.0,0.0,0.0,,Hawke's Bay Region,Nil,2-way,Sealed,0.0,0.0,0.0,50.0,0.0,On,0.0,0.0,,30.0,Hastings District,Nil,0.0,0.0,0.0,0.0,0.0,0.0,Urban,0.0,0.0,0.0,Light rain
562072,1937264.0,5638236.0,545811.0,0.0,0.0,0.0,North,2000/2001,SH 2,PAKURATAHI VALLEY ROAD,Serious Crash,Yes,2001,North,0.0,0.0,Flat,0.0,,0.0,0.0,Bright sun,1415800.0,0.0,0.0,0.0,2.0,1.0,0.0,,Hawke's Bay Region,Nil,2-way,Sealed,0.0,1.0,0.0,100.0,0.0,Null,0.0,0.0,,30.0,Hastings District,Nil,0.0,0.0,0.0,0.0,0.0,0.0,Open,0.0,0.0,0.0,Fine
381947,1928558.8331,5606491.07,548500.0,0.0,0.0,1.0,North,2018/2019,OMAHU ROAD,MCLEOD STREET,Non-Injury Crash,No,2019,West,0.0,,Flat,,,,,Overcast,1478700.0,0.0,0.0,0.0,2.0,0.0,,,Hawke's Bay Region,Nil,2-way,Sealed,0.0,0.0,,50.0,,Off,1.0,0.0,,30.0,Hastings District,Unknown,,,,,0.0,0.0,Urban,0.0,,,Light rain
685546,1929465.0,5604983.0,548200.0,0.0,0.0,2.0,Null,2002/2003,KING ST SOUTH,LYNDON ROAD WEST,Non-Injury Crash,No,2003,North,0.0,,Flat,,,,,Overcast,1489801.0,0.0,0.0,0.0,2.0,0.0,,,Hawke's Bay Region,Nil,2-way,Sealed,0.0,0.0,,50.0,,Null,0.0,0.0,,30.0,Hastings District,Give way,,,,,0.0,0.0,Urban,0.0,,,Fine
573518,1929771.6701,5604369.8133,548300.0,0.0,0.0,2.0,Null,2020/2021,SOUTHAMPTON STREET EAST,HASTINGS STREET SOUTH,Minor Crash,No,2020,West,0.0,,Flat,,,,,Dark,1503600.0,1.0,0.0,0.0,2.0,0.0,,,Hawke's Bay Region,Nil,2-way,Sealed,0.0,0.0,,50.0,,On,0.0,0.0,,30.0,Hastings District,Give way,,,,,0.0,0.0,Urban,0.0,,,Light rain
654509,1898607.0,5593575.0,545841.0,0.0,0.0,0.0,Null,2008/2009,SH 50,MANGA-O-NUKU NO3 BR,Non-Injury Crash,Yes,2008,North,0.0,0.0,Hill Road,0.0,Christmas New Year,0.0,0.0,Overcast,1462600.0,0.0,0.0,0.0,2.0,0.0,0.0,,Hawke's Bay Region,Nil,2-way,Sealed,0.0,0.0,0.0,100.0,0.0,Null,1.0,0.0,,30.0,Hastings District,Nil,0.0,0.0,0.0,0.0,0.0,0.0,Open,0.0,0.0,0.0,Light rain
226028,1928951.0,5607549.0,545710.0,0.0,0.0,1.0,Null,2003/2004,NOTTINGLEY ROAD,LYNDHURST ROAD,Non-Injury Crash,No,2004,North,0.0,1.0,Flat,0.0,Easter,0.0,0.0,Dark,1471300.0,0.0,0.0,0.0,2.0,0.0,0.0,,Hawke's Bay Region,Nil,2-way,Sealed,0.0,0.0,0.0,50.0,0.0,On,0.0,0.0,,30.0,Hastings District,Give way,0.0,0.0,0.0,0.0,0.0,0.0,Urban,0.0,0.0,0.0,Fine
512307,1924185.0,5607066.0,548612.0,0.0,0.0,1.0,Null,2017/2018,CHATHAM ROAD,STANLEY ST,Non-Injury Crash,No,2017,West,0.0,,Flat,,Labour Weekend,,,Dark,1474003.0,0.0,0.0,0.0,2.0,0.0,,,Hawke's Bay Region,Nil,2-way,Sealed,0.0,0.0,,50.0,,On,0.0,0.0,,30.0,Hastings District,Nil,,,,,0.0,0.0,Urban,1.0,,,Fine
629352,1930228.0,5604383.0,548200.0,0.0,0.0,2.0,Null,2007/2008,WILLOWPARK ROAD NORTH,HERETAUNGA ST EAST,Non-Injury Crash,No,2008,West,0.0,,Flat,,,,,Bright sun,1494000.0,0.0,0.0,0.0,2.0,0.0,,,Hawke's Bay Region,Nil,2-way,Sealed,0.0,0.0,,50.0,,Null,0.0,0.0,,30.0,Hastings District,Give way,,,,,0.0,0.0,Urban,0.0,,,Fine
729808,1933829.0,5604182.0,545750.0,0.0,0.0,1.0,North,2006/2007,NAPIER ROAD,THOMPSON ROAD,Non-Injury Crash,No,2006,North,0.0,1.0,Flat,0.0,,0.0,0.0,Dark,1406600.0,0.0,0.0,0.0,2.0,0.0,0.0,,Hawke's Bay Region,Nil,2-way,Sealed,0.0,0.0,0.0,100.0,0.0,None,0.0,0.0,,30.0,Hastings District,Nil,0.0,0.0,0.0,0.0,0.0,0.0,Open,0.0,0.0,0.0,Fine
192243,1927582.0,5607392.0,548400.0,0.0,0.0,1.0,Null,2012/2013,SH 50A,OMAHU ROAD,Non-Injury Crash,Yes,2013,North,0.0,,Flat,,,,,Bright sun,1473500.0,0.0,0.0,0.0,2.0,0.0,,,Hawke's Bay Region,Nil,2-way,Sealed,0.0,0.0,,50.0,,Null,0.0,0.0,,30.0,Hastings District,Give way,,,,,1.0,0.0,Urban,0.0,,,Fine
487472,1932202.0,5603281.0,545721.0,0.0,0.0,2.0,Null,2015/2016,ADA ST,ST GEORGES ROAD,Non-Injury Crash,No,2016,South,0.0,,Flat,,,,,Bright sun,1472801.0,0.0,0.0,0.0,2.0,0.0,,,Hawke's Bay Region,Nil,2-way,Sealed,0.0,0.0,,50.0,,Null,0.0,0.0,,30.0,Hastings District,Stop,,,,,0.0,0.0,Urban,0.0,,,Fine
113196,1931089.0,5603396.0,545762.0,0.0,0.0,1.0,South,2004/2005,HAVELOCK ROAD,NORTON ROAD,Non-Injury Crash,No,2005,North,0.0,0.0,Flat,0.0,,0.0,0.0,Dark,1468500.0,0.0,0.0,0.0,2.0,0.0,0.0,,Hawke's Bay Region,Nil,2-way,Sealed,0.0,0.0,0.0,70.0,0.0,On,0.0,0.0,,30.0,Hastings District,Nil,0.0,0.0,0.0,0.0,0.0,0.0,Urban,0.0,0.0,0.0,Fine
163669,1929633.325,5605762.2423,547700.0,0.0,0.0,1.0,Null,2019/2020,TOMOANA ROAD,ST AUBYN STREET WEST,Non-Injury Crash,No,2019,South,0.0,,Flat,,,,,Overcast,1488200.0,0.0,0.0,0.0,2.0,0.0,,,Hawke's Bay Region,Nil,2-way,Sealed,0.0,0.0,,50.0,,Off,0.0,0.0,,30.0,Hastings District,Traffic Signals,,,,,0.0,0.0,Urban,1.0,,,Light rain
168386,1929851.0,5605477.0,548200.0,0.0,0.0,2.0,Null,2003/2004,NELSON ST NORTH,ST AUBYN ST WEST,Non-Injury Crash,No,2004,South,0.0,,Flat,,,,,Overcast,1491000.0,0.0,0.0,0.0,4.0,0.0,,,Hawke's Bay Region,Nil,2-way,Sealed,0.0,0.0,,50.0,,Null,0.0,0.0,,30.0,Hastings District,Traffic Signals,,,,,0.0,0.0,Urban,0.0,,,Light rain
131414,1933251.0,5601942.0,548831.0,0.0,0.0,3.0,Null,2008/2009,TE MATA ROAD,SCANNELL ST,Non-Injury Crash,No,2009,East,0.0,,Flat,,,,,Bright sun,1509800.0,0.0,0.0,0.0,2.0,0.0,,,Hawke's Bay Region,Nil,2-way,Sealed,0.0,0.0,,50.0,,Null,0.0,0.0,,30.0,Hastings District,Nil,,,,,0.0,0.0,Urban,0.0,,,Fine
618460,1908266.6278,5675798.5386,545911.0,0.0,0.0,1.0,South,2019/2020,SH 5,RUATITI BR,Non-Injury Crash,Yes,2020,North,0.0,0.0,Flat,0.0,,0.0,0.0,Dark,1281200.0,0.0,0.0,0.0,2.0,0.0,0.0,,Hawke's Bay Region,Nil,2-way,Sealed,0.0,0.0,0.0,100.0,0.0,None,0.0,0.0,,30.0,Hastings District,Nil,0.0,0.0,0.0,0.0,0.0,0.0,Open,0.0,0.0,0.0,Mist or Fog
306558,1929442.9544,5606026.3218,547700.0,1.0,0.0,0.0,Null,2018/2019,ST AUBYN STREET WEST,GRAYS ROAD,Minor Crash,No,2019,North,0.0,,Flat,,,,,Overcast,1488300.0,1.0,0.0,0.0,2.0,0.0,,,Hawke's Bay Region,Nil,2-way,Sealed,0.0,0.0,,50.0,,Off,0.0,0.0,,30.0,Hastings District,Give way,,,,,0.0,0.0,Urban,1.0,,,Fine
125262,1931956.0,5611928.0,545832.0,0.0,0.0,1.0,West,2000/2001,PAKOWHAI ROAD,BROOKFIELDS ROAD,Non-Injury Crash,No,2001,West,0.0,0.0,Flat,0.0,,0.0,0.0,Dark,1403900.0,0.0,0.0,0.0,2.0,0.0,0.0,,Hawke's Bay Region,Nil,2-way,Sealed,0.0,0.0,0.0,70.0,0.0,None,0.0,0.0,,30.0,Hastings District,Nil,0.0,0.0,0.0,0.0,0.0,0.0,Urban,0.0,0.0,0.0,Fine
683613,1929577.0,5603580.0,548300.0,0.0,0.0,2.0,Null,2009/2010,RIVERSLEA ROAD SOUTH,COPELAND ROAD,Minor Crash,No,2010,North,0.0,,Flat,,,,,Bright sun,1503800.0,2.0,0.0,0.0,2.0,0.0,,,Hawke's Bay Region,Nil,2-way,Sealed,0.0,0.0,,50.0,,Null,0.0,0.0,,30.0,Hastings District,Give way,,,,,0.0,0.0,Urban,0.0,,,Fine
95584,1934837.0,5607343.0,545722.0,0.0,0.0,1.0,East,2004/2005,PILCHER ROAD,SH 2,Minor Crash,No,2005,East,0.0,0.0,Flat,0.0,,0.0,0.0,Bright sun,1406400.0,1.0,0.0,0.0,2.0,0.0,0.0,,Hawke's Bay Region,Nil,2-way,Sealed,0.0,0.0,0.0,100.0,0.0,None,0.0,0.0,,30.0,Hastings District,Nil,0.0,1.0,0.0,0.0,0.0,0.0,Open,0.0,0.0,0.0,Fine
112819,1928897.0,5609580.0,545710.0,0.0,0.0,0.0,West,2004/2005,EVENDEN ROAD,ORMOND ROAD,Non-Injury Crash,No,2005,North,0.0,1.0,Flat,0.0,,0.0,0.0,Dark,1471000.0,0.0,0.0,0.0,2.0,0.0,0.0,,Hawke's Bay Region,Nil,2-way,Sealed,0.0,0.0,0.0,100.0,0.0,None,0.0,0.0,,30.0,Hastings District,Nil,0.0,0.0,0.0,0.0,0.0,0.0,Open,1.0,0.0,0.0,Fine
473036,1929939.0,5605359.0,548200.0,0.0,0.0,2.0,West,2010/2011,ST AUBYN ST WEST,KING ST NORTH,Non-Injury Crash,No,2011,North,0.0,,Flat,,,,,Bright sun,1491000.0,0.0,0.0,0.0,4.0,0.0,,,Hawke's Bay Region,Nil,2-way,Sealed,0.0,0.0,,50.0,,Null,0.0,0.0,,30.0,Hastings District,Nil,,,,,0.0,0.0,Urban,0.0,,,Fine
71077,1934240.0,5607461.0,545722.0,0.0,0.0,2.0,Null,2012/2013,PILCHER ROAD,SH 2,Non-Injury Crash,Yes,2012,North,0.0,,Flat,,,,,Overcast,1406300.0,0.0,0.0,0.0,2.0,0.0,,,Hawke's Bay Region,Nil,2-way,Sealed,0.0,0.0,,100.0,,Null,0.0,0.0,,30.0,Hastings District,Stop,,,,,0.0,0.0,Open,0.0,,,Light rain
665762,1931686.0,5602760.0,545721.0,1.0,0.0,1.0,South,2009/2010,HAVELOCK ROAD,ST GEORGES ROAD,Minor Crash,No,2010,West,0.0,,Flat,,,,,Bright sun,1473000.0,1.0,0.0,0.0,2.0,0.0,,,Hawke's Bay Region,Nil,2-way,Sealed,0.0,0.0,,70.0,,Null,0.0,0.0,,30.0,Hastings District,Nil,,,,,0.0,0.0,Urban,0.0,,,Fine
4772,1931236.0,5605685.0,548000.0,0.0,0.0,2.0,West,2017/2018,KARAMU ROAD NORTH,FENWICK ST,Serious Crash,No,2018,West,0.0,,Flat,,,,,Bright sun,1495600.0,0.0,0.0,0.0,2.0,0.0,,,Hawke's Bay Region,Nil,2-way,Sealed,0.0,1.0,,50.0,,Null,1.0,0.0,,30.0,Hastings District,Unknown,,,,,0.0,0.0,Urban,0.0,,,Fine
609419,1934201.0,5600613.0,548833.0,0.0,0.0,1.0,East,2006/2007,TE MATA PEAK ROAD,SIMLA AVENUE,Non-Injury Crash,No,2006,East,0.0,1.0,Hill Road,0.0,,0.0,0.0,Overcast,1466710.0,0.0,0.0,0.0,2.0,0.0,0.0,,Hawke's Bay Region,Nil,2-way,Sealed,0.0,0.0,0.0,100.0,0.0,None,0.0,0.0,,30.0,Hastings District,Nil,0.0,0.0,0.0,0.0,0.0,0.0,Open,0.0,0.0,0.0,Fine
428704,1911520.0,5663378.0,545911.0,0.0,0.0,0.0,South,2016/2017,SH 5,TE HAROTO PO,Fatal Crash,Yes,2017,North,1.0,0.0,Flat,1.0,,0.0,0.0,Bright sun,1414400.0,0.0,0.0,1.0,2.0,0.0,0.0,,Hawke's Bay Region,Nil,2-way,Sealed,0.0,0.0,0.0,100.0,0.0,Null,0.0,0.0,,30.0,Hastings District,Unknown,0.0,0.0,0.0,0.0,0.0,0.0,Open,0.0,0.0,0.0,Fine
640051,1934232.0,5609760.0,545832.0,0.0,0.0,1.0,West,2012/2013,FARNDON ROAD,KOHUPATIKI ROAD S,Minor Crash,No,2012,West,0.0,0.0,Flat,0.0,,0.0,0.0,Bright sun,1404200.0,1.0,0.0,0.0,2.0,0.0,0.0,,Hawke's Bay Region,Nil,2-way,Sealed,0.0,0.0,0.0,100.0,0.0,Null,0.0,0.0,,30.0,Hastings District,Nil,0.0,0.0,0.0,0.0,0.0,0.0,Open,0.0,0.0,0.0,Fine
675253,1918761.0,5647227.0,545811.0,0.0,0.0,1.0,South,2009/2010,SH 5,OHURAKURA ROAD,Non-Injury Crash,Yes,2010,West,0.0,0.0,Flat,0.0,,0.0,0.0,Overcast,1414600.0,0.0,0.0,0.0,2.0,0.0,0.0,,Hawke's Bay Region,Nil,2-way,Sealed,0.0,0.0,0.0,100.0,0.0,Null,0.0,0.0,,30.0,Hastings District,Nil,0.0,0.0,0.0,0.0,0.0,0.0,Open,0.0,0.0,0.0,Light rain
541648,1927917.0,5601772.0,545762.0,0.0,0.0,1.0,Null,2005/2006,LONGLANDS ROAD,RIVERSLEA ROAD SOUTH,Non-Injury Crash,No,2006,South,0.0,1.0,Flat,0.0,,0.0,0.0,Dark,1468400.0,0.0,0.0,0.0,2.0,0.0,0.0,,Hawke's Bay Region,Nil,2-way,Sealed,0.0,0.0,0.0,100.0,0.0,None,0.0,0.0,,30.0,Hastings District,Give way,0.0,0.0,0.0,1.0,0.0,0.0,Open,0.0,0.0,0.0,Fine
2823,1925256.0,5602436.0,545842.0,0.0,0.0,1.0,North,2003/2004,SH 50A,MANGAROA ROAD,Non-Injury Crash,Yes,2004,North,0.0,0.0,Flat,0.0,,0.0,0.0,Bright sun,1470213.0,0.0,0.0,0.0,2.0,0.0,0.0,,Hawke's Bay Region,Nil,2-way,Sealed,0.0,0.0,0.0,100.0,0.0,Null,0.0,0.0,,30.0,Hastings District,Nil,0.0,0.0,0.0,0.0,0.0,0.0,Open,0.0,0.0,0.0,Fine
476834,1930225.0,5605060.0,548200.0,1.0,0.0,1.0,North,2016/2017,KARAMU ROAD NORTH,ST AUBYN ST EAST,Non-Injury Crash,No,2017,West,0.0,,Flat,,,,,Overcast,1494100.0,0.0,0.0,0.0,2.0,0.0,,,Hawke's Bay Region,Nil,2-way,Sealed,0.0,0.0,,50.0,,Null,0.0,0.0,,30.0,Hastings District,Nil,,,,,0.0,0.0,Urban,0.0,,,Fine
580353,1933134.0,5602321.0,548831.0,0.0,0.0,2.0,Null,1999/2000,NAPIER ROAD,ST HILL LANE,Non-Injury Crash,No,2000,South,0.0,,Flat,,,,,Bright sun,1509100.0,0.0,0.0,0.0,4.0,0.0,,,Hawke's Bay Region,Nil,2-way,Sealed,0.0,0.0,,50.0,,Null,0.0,0.0,,30.0,Hastings District,Give way,,,,,0.0,0.0,Urban,0.0,,,Fine
228523,1908286.0,5675881.0,545911.0,0.0,0.0,1.0,South,2001/2002,SH 5,RUATITI BR,Minor Crash,Yes,2002,South,0.0,0.0,Hill Road,0.0,,0.0,1.0,Overcast,1281200.0,1.0,0.0,0.0,2.0,0.0,0.0,,Hawke's Bay Region,Nil,2-way,Sealed,0.0,0.0,0.0,100.0,0.0,Null,0.0,0.0,,30.0,Hastings District,Nil,0.0,0.0,0.0,0.0,0.0,0.0,Open,0.0,0.0,0.0,Fine
22876,1922786.0,5611866.0,545822.0,0.0,0.0,1.0,West,2010/2011,TAIHAPE ROAD,SH 50,Minor Crash,No,2010,West,0.0,0.0,Flat,0.0,,0.0,0.0,Dark,1409200.0,1.0,0.0,0.0,2.0,0.0,0.0,,Hawke's Bay Region,Nil,2-way,Sealed,0.0,0.0,0.0,50.0,0.0,None,0.0,0.0,,30.0,Hastings District,Nil,0.0,0.0,0.0,0.0,0.0,0.0,Urban,0.0,0.0,0.0,Fine
320424,1929464.0,5605185.0,548200.0,0.0,0.0,2.0,Null,2011/2012,EASTBOURNE ST WEST,NELSON ST SOUTH,Non-Injury Crash,No,2011,North,0.0,,Flat,,,,,Bright sun,1488900.0,0.0,0.0,0.0,2.0,0.0,,,Hawke's Bay Region,Nil,2-way,Sealed,0.0,0.0,,50.0,,Null,0.0,0.0,,30.0,Hastings District,Stop,,,,,0.0,0.0,Urban,0.0,,,Fine