OBJECTID,X,Y,areaUnitID,bicycle,bus,carStationWagon,crashDirectionDescription,crashFinancialYear,crashLocation1,crashLocation2,crashSeverity,crashSHDescription,crashYear,directionRoleDescription,fatalCount,fence,flatHill,guardRail,holiday,houseOrBuilding,kerb,light,meshblockId,minorInjuryCount,moped,motorcycle,NumberOfLanes,otherVehicleType,parkedVehicle,pedestrian,region,roadCharacter,roadLane,roadSurface,schoolBus,seriousInjuryCount,slipOrFlood,speedLimit,strayAnimal,streetLight,suv,taxi,temporarySpeedLimit,tlaId,tlaName,trafficControl,trafficIsland,trafficSign,train,tree,truck,unknownVehicleType,urban,vanOrUtility,vehicle,waterRiver,weatherA
697084,1932627.0,5658275.0,545911.0,0.0,0.0,1.0,North,2005/2006,POHOKURA ROAD,MATAHORUA ROAD,Non-Injury Crash,No,2005,North,0.0,,Hill Road,,,,,Twilight,1416100.0,0.0,0.0,0.0,2.0,0.0,,,Hawke's Bay Region,Nil,2-way,Unsealed,0.0,0.0,,100.0,,None,1.0,0.0,,30.0,Hastings District,Nil,,,,,0.0,0.0,Open,0.0,,,Fine
221040,1922758.0,5626990.0,545821.0,0.0,0.0,1.0,North,2008/2009,PUKETITIRI ROAD,SEAFIELD ROAD,Non-Injury Crash,No,2008,North,0.0,1.0,Flat,0.0,Christmas New Year,0.0,0.0,Overcast,1411100.0,0.0,0.0,0.0,2.0,0.0,0.0,,Hawke's Bay Region,Nil,2-way,Sealed,0.0,0.0,0.0,100.0,0.0,Null,0.0,0.0,,30.0,Hastings District,Nil,0.0,0.0,0.0,0.0,0.0,0.0,Open,0.0,0.0,0.0,Fine
624124,1931428.0,5614881.0,545831.0,0.0,0.0,1.0,North,2015/2016,SH 50,PAKOWHAI OFF SBD,Non-Injury Crash,Yes,2015,South,0.0,,Flat,,,,,Overcast,1404600.0,0.0,0.0,0.0,2.0,0.0,,,Hawke's Bay Region,Nil,2-way,Sealed,0.0,0.0,,100.0,,Null,0.0,0.0,,30.0,Hastings District,Unknown,,,,,1.0,0.0,Open,0.0,,,Light rain
710920,1932978.0,5609762.0,545832.0,0.0,0.0,1.0,East,2009/2010,FARNDON ROAD,CHESTERHOPE BRIDGE,Minor Crash,No,2010,East,0.0,0.0,Flat,0.0,,0.0,0.0,Dark,1404200.0,1.0,0.0,0.0,2.0,0.0,0.0,,Hawke's Bay Region,Nil,2-way,Sealed,0.0,0.0,0.0,100.0,0.0,None,0.0,0.0,,30.0,Hastings District,Nil,0.0,0.0,0.0,0.0,0.0,0.0,Open,0.0,0.0,0.0,Fine
350080,1916141.7784,5604924.4892,545841.0,0.0,0.0,2.0,North,2018/2019,050-0017,MARAEKAKAHO ROAD,Non-Injury Crash,Yes,2019,North,0.0,0.0,Flat,0.0,,0.0,0.0,Dark,1462901.0,0.0,0.0,0.0,2.0,0.0,1.0,,Hawke's Bay Region,Nil,2-way,Sealed,0.0,0.0,0.0,100.0,0.0,On,0.0,0.0,,30.0,Hastings District,Unknown,0.0,0.0,0.0,0.0,0.0,0.0,Open,0.0,0.0,0.0,Light rain
628848,1929832.0,5605083.0,548200.0,0.0,0.0,1.0,West,2013/2014,MARKET ST NORTH,QUEEN ST WEST,Non-Injury Crash,No,2013,North,0.0,,Flat,,,,,Overcast,1491700.0,0.0,0.0,0.0,2.0,0.0,,,Hawke's Bay Region,Nil,2-way,Sealed,0.0,0.0,,50.0,,Null,0.0,0.0,,30.0,Hastings District,Traffic Signals,,,,,0.0,0.0,Urban,1.0,,,Fine
212597,1929439.0,5606032.0,547700.0,0.0,0.0,2.0,Null,2011/2012,ST AUBYN ST WEST,GRAYS ROAD,Non-Injury Crash,No,2011,South,0.0,,Flat,,,,,Overcast,1488300.0,0.0,0.0,0.0,2.0,0.0,,,Hawke's Bay Region,Nil,2-way,Sealed,0.0,0.0,,50.0,,Null,0.0,0.0,,30.0,Hastings District,Give way,,,,,0.0,0.0,Urban,0.0,,,Fine
572145,1912616.0,5611912.0,545821.0,0.0,0.0,1.0,South,2006/2007,MATAPIRO ROAD,CROWNTHORPE SETTLEMENT RO,Minor Crash,No,2007,South,0.0,1.0,Flat,0.0,,0.0,0.0,Overcast,1409000.0,1.0,0.0,0.0,2.0,0.0,0.0,,Hawke's Bay Region,Nil,2-way,Sealed,0.0,0.0,0.0,100.0,0.0,Null,0.0,0.0,,30.0,Hastings District,Nil,0.0,0.0,0.0,1.0,0.0,0.0,Open,0.0,0.0,0.0,Fine
431232,1928786.0,5605625.0,547700.0,0.0,0.0,3.0,Null,2006/2007,SOUTHAMPTON ST WEST,TOWNSHEND ST,Non-Injury Crash,No,2007,West,0.0,,Flat,,,,,Overcast,1486800.0,0.0,0.0,0.0,2.0,0.0,,,Hawke's Bay Region,Nil,2-way,Sealed,0.0,0.0,,50.0,,Null,0.0,0.0,,30.0,Hastings District,Give way,,,,,0.0,0.0,Urban,0.0,,,Fine
304912,1931151.0,5613498.0,545831.0,0.0,0.0,2.0,Null,2005/2006,PAKOWHAI ROAD,ALLEN ROAD,Non-Injury Crash,No,2006,North,0.0,,Flat,,,,,Overcast,1404600.0,0.0,0.0,0.0,4.0,0.0,,,Hawke's Bay Region,Nil,2-way,Sealed,0.0,0.0,,100.0,,Null,0.0,0.0,,30.0,Hastings District,Give way,,,,,0.0,0.0,Open,1.0,,,Light rain
62555,1923274.0,5610761.0,545710.0,0.0,0.0,1.0,North,2014/2015,SH 50,KERERU ROAD,Serious Crash,Yes,2014,North,0.0,,Flat,,,,,Dark,1470400.0,1.0,0.0,0.0,2.0,0.0,,,Hawke's Bay Region,Nil,2-way,Sealed,0.0,1.0,,100.0,,None,1.0,0.0,,30.0,Hastings District,Nil,,,,,0.0,0.0,Open,0.0,,,Fine
728190,1932997.0,5601844.0,548831.0,0.0,0.0,2.0,Null,2006/2007,TE MATA ROAD,KARANEMA DRIVE,Minor Crash,No,2007,West,0.0,,Hill Road,,,,,Dark,1509700.0,1.0,0.0,0.0,4.0,0.0,,,Hawke's Bay Region,Nil,2-way,Sealed,0.0,0.0,,50.0,,On,0.0,0.0,,30.0,Hastings District,Give way,,,,,0.0,0.0,Urban,0.0,,,Fine
305033,1935264.0,5633774.0,545812.0,0.0,0.0,1.0,East,2010/2011,WHIRINAKI ROAD,SH 2,Non-Injury Crash,No,2011,East,0.0,1.0,Flat,0.0,Easter,0.0,0.0,Overcast,1414904.0,0.0,0.0,0.0,2.0,0.0,0.0,,Hawke's Bay Region,Nil,2-way,Sealed,0.0,0.0,0.0,50.0,0.0,Null,0.0,0.0,,30.0,Hastings District,Nil,0.0,0.0,0.0,0.0,0.0,0.0,Urban,0.0,0.0,0.0,Fine
715532,1928519.0,5606532.0,547800.0,0.0,0.0,1.0,Null,2003/2004,OMAHU ROAD,HAPUKA ST,Non-Injury Crash,No,2003,East,0.0,0.0,Flat,0.0,Labour Weekend,0.0,0.0,Bright sun,1477700.0,0.0,0.0,0.0,2.0,0.0,0.0,,Hawke's Bay Region,Nil,2-way,Sealed,0.0,0.0,0.0,50.0,0.0,Null,0.0,0.0,,30.0,Hastings District,Give way,1.0,0.0,0.0,0.0,0.0,0.0,Urban,0.0,0.0,0.0,Fine
628491,1929453.0,5604796.0,548200.0,0.0,0.0,1.0,Null,2010/2011,SOUTHAMPTON ST WEST,MARKET ST SOUTH,Minor Crash,No,2010,North,0.0,0.0,Flat,0.0,,0.0,0.0,Overcast,1489802.0,2.0,0.0,0.0,2.0,0.0,0.0,,Hawke's Bay Region,Nil,2-way,Sealed,0.0,0.0,0.0,50.0,0.0,Null,1.0,0.0,,30.0,Hastings District,Give way,0.0,0.0,0.0,0.0,0.0,0.0,Urban,0.0,0.0,0.0,Fine
422226,1928662.0,5606394.0,547800.0,0.0,0.0,2.0,Null,2003/2004,OMAHU ROAD,MCLEOD ST,Non-Injury Crash,No,2004,West,0.0,,Flat,,,,,Dark,1477800.0,0.0,0.0,0.0,2.0,0.0,,,Hawke's Bay Region,Nil,2-way,Sealed,0.0,0.0,,50.0,,On,0.0,0.0,,30.0,Hastings District,Nil,,,,,0.0,0.0,Urban,0.0,,,Light rain
321402,1925587.0,5603148.0,545852.0,0.0,0.0,0.0,Null,2016/2017,SH 50A,LONGLANDS ROAD WEST,Non-Injury Crash,Yes,2017,West,0.0,0.0,Flat,0.0,,0.0,0.0,Bright sun,1469600.0,0.0,0.0,0.0,1.0,0.0,0.0,,Hawke's Bay Region,Nil,1-way,Sealed,0.0,0.0,0.0,100.0,0.0,Null,1.0,0.0,,30.0,Hastings District,Give way,0.0,0.0,0.0,0.0,0.0,0.0,Open,0.0,0.0,0.0,Light rain
88900,1919199.0,5593768.0,545851.0,0.0,0.0,3.0,North,2003/2004,SH 2,HORONUI ROAD,Minor Crash,Yes,2004,North,0.0,,Flat,,,,,Overcast,1463900.0,1.0,0.0,0.0,2.0,0.0,,,Hawke's Bay Region,Nil,2-way,Sealed,0.0,0.0,,100.0,,Null,0.0,0.0,,30.0,Hastings District,Nil,,,,,0.0,0.0,Open,2.0,,,Fine
442068,1938009.0,5608174.0,545740.0,1.0,0.0,0.0,Null,2018/2019,HAUMOANA ROAD,TUKITUKI ROAD,Minor Crash,No,2018,West,0.0,,Flat,,,,,Bright sun,1406900.0,1.0,0.0,0.0,2.0,0.0,,,Hawke's Bay Region,Nil,2-way,Sealed,0.0,0.0,,100.0,,Null,0.0,0.0,,30.0,Hastings District,Nil,,,,,0.0,0.0,Open,1.0,,,Fine
18628,1926528.0,5606106.0,545761.0,0.0,0.0,0.0,South,2002/2003,YORK ROAD,SH 50A,Non-Injury Crash,No,2002,West,0.0,0.0,Flat,0.0,Labour Weekend,0.0,0.0,Bright sun,1470102.0,0.0,0.0,0.0,2.0,0.0,0.0,,Hawke's Bay Region,Nil,2-way,Sealed,0.0,0.0,0.0,70.0,0.0,Null,0.0,0.0,,30.0,Hastings District,Nil,0.0,0.0,0.0,0.0,0.0,0.0,Urban,1.0,0.0,0.0,Fine
472832,1927234.0,5602249.0,545762.0,0.0,0.0,2.0,Null,2002/2003,RAILWAY ROAD SOUTH,LONGLANDS ROAD EAST,Non-Injury Crash,No,2002,North,0.0,,Flat,,,,,Overcast,1468200.0,0.0,0.0,0.0,2.0,0.0,,,Hawke's Bay Region,Nil,2-way,Sealed,0.0,0.0,,100.0,,Null,0.0,0.0,,30.0,Hastings District,Give way,,,,,0.0,0.0,Open,0.0,,,Fine
74141,1929860.0,5604457.0,548200.0,0.0,0.0,1.0,Null,2016/2017,HASTINGS ST SOUTH,LYNDON ROAD EAST,Minor Crash,No,2016,West,0.0,,Flat,,,,,Bright sun,1493100.0,1.0,0.0,0.0,2.0,0.0,,,Hawke's Bay Region,Nil,2-way,Sealed,0.0,0.0,,50.0,,Null,0.0,0.0,,30.0,Hastings District,Give way,,,,,0.0,0.0,Urban,1.0,,,Fine
688279,1931513.0,5604830.0,548000.0,1.0,1.0,0.0,Null,2009/2010,GROVE ROAD,SYLVAN ROAD,Minor Crash,No,2010,South,0.0,,Flat,,,,,Bright sun,1498600.0,1.0,0.0,0.0,2.0,0.0,,,Hawke's Bay Region,Nil,2-way,Sealed,0.0,0.0,,50.0,,Null,0.0,0.0,,30.0,Hastings District,Give way,,,,,0.0,0.0,Urban,0.0,,,Fine
443632,1929496.0,5608810.0,545710.0,0.0,0.0,2.0,Null,2012/2013,SH 50A,EVENDEN ROAD,Non-Injury Crash,Yes,2013,North,0.0,,Flat,,,,,Bright sun,1471100.0,0.0,0.0,0.0,2.0,0.0,,,Hawke's Bay Region,Nil,2-way,Sealed,0.0,0.0,,50.0,,Null,0.0,0.0,,30.0,Hastings District,Give way,,,,,0.0,0.0,Urban,0.0,,,Fine
243766,1929674.4738,5600713.618,545852.0,0.0,0.0,0.0,East,2018/2019,TE AUTE ROAD,ST GEORGES ROAD,Non-Injury Crash,No,2018,North,0.0,1.0,Flat,0.0,Christmas New Year,0.0,0.0,Overcast,1465700.0,0.0,0.0,0.0,2.0,0.0,0.0,,Hawke's Bay Region,Nil,2-way,Sealed,0.0,0.0,0.0,100.0,0.0,Off,1.0,0.0,,30.0,Hastings District,Nil,0.0,0.0,0.0,1.0,0.0,0.0,Open,0.0,0.0,0.0,Light rain
323750,1914290.4611,5656393.8914,545912.0,0.0,0.0,1.0,South,2020/2021,SH 5,MOHAKA BR,Minor Crash,Yes,2020,South,0.0,0.0,Hill Road,0.0,,0.0,1.0,Overcast,1414504.0,2.0,0.0,0.0,3.0,0.0,0.0,,Hawke's Bay Region,Nil,2-way,Sealed,0.0,0.0,0.0,100.0,0.0,None,0.0,0.0,,30.0,Hastings District,Nil,0.0,0.0,0.0,0.0,0.0,0.0,Open,0.0,0.0,0.0,Light rain
469434,1928946.0,5606003.0,547700.0,0.0,0.0,1.0,South,2009/2010,DAVIS ST,HERETAUNGA ST WEST,Minor Crash,No,2009,North,0.0,,Flat,,,,,Bright sun,1486800.0,1.0,0.0,1.0,2.0,0.0,,,Hawke's Bay Region,Nil,2-way,Sealed,0.0,0.0,,50.0,,Null,0.0,0.0,,30.0,Hastings District,Nil,,,,,0.0,0.0,Urban,0.0,,,Fine
685866,1929465.0,5604983.0,548200.0,0.0,0.0,2.0,Null,2000/2001,KING ST SOUTH,LYNDON ROAD WEST,Minor Crash,No,2000,West,0.0,1.0,Flat,0.0,Labour Weekend,0.0,0.0,Dark,1489801.0,3.0,0.0,0.0,2.0,0.0,0.0,,Hawke's Bay Region,Nil,2-way,Sealed,0.0,0.0,0.0,50.0,0.0,On,0.0,0.0,,30.0,Hastings District,Give way,0.0,0.0,0.0,0.0,0.0,0.0,Urban,0.0,0.0,0.0,Fine
655622,1932649.0,5609522.0,545832.0,0.0,0.0,1.0,South,2009/2010,PAKOWHAI ROAD,FARNDON ROAD,Non-Injury Crash,No,2010,South,0.0,,Hill Road,,,,,Twilight,1404300.0,0.0,0.0,0.0,2.0,0.0,,,Hawke's Bay Region,Nil,2-way,Sealed,0.0,0.0,,100.0,,Off,0.0,0.0,,30.0,Hastings District,Nil,,,,,0.0,0.0,Open,1.0,,,Fine
473118,1933205.0,5602516.0,548831.0,0.0,0.0,1.0,Null,2010/2011,CROSSES ROAD,NAPIER ROAD,Non-Injury Crash,No,2011,East,0.0,,Flat,,,,,Bright sun,1509100.0,0.0,0.0,0.0,2.0,0.0,,,Hawke's Bay Region,Nil,2-way,Sealed,0.0,0.0,,50.0,,Null,1.0,0.0,,30.0,Hastings District,Give way,,,,,0.0,0.0,Urban,0.0,,,Fine
707344,1928273.0,5604467.0,547900.0,0.0,0.0,1.0,Null,2009/2010,SOUTHLAND ROAD,WALL ROAD,Minor Crash,No,2009,South,0.0,1.0,Flat,0.0,,0.0,0.0,Dark,1481900.0,1.0,0.0,0.0,2.0,0.0,0.0,,Hawke's Bay Region,Nil,2-way,Sealed,0.0,0.0,0.0,50.0,0.0,On,0.0,0.0,,30.0,Hastings District,Give way,0.0,0.0,0.0,0.0,0.0,0.0,Urban,0.0,0.0,0.0,Fine
712481,1930757.0,5606610.0,547600.0,0.0,0.0,1.0,Null,2003/2004,TOMOANA ROAD,WILLIAMS ST,Non-Injury Crash,No,2004,North,0.0,,Flat,,,,,Bright sun,1484000.0,0.0,0.0,0.0,2.0,0.0,,,Hawke's Bay Region,Nil,2-way,Sealed,0.0,0.0,,50.0,,Null,0.0,0.0,,30.0,Hastings District,Stop,,,,,0.0,0.0,Urban,1.0,,,Fine
224987,1931870.0,5607130.0,545721.0,0.0,0.0,2.0,Null,2002/2003,ELWOOD ROAD,OTENE ROAD,Non-Injury Crash,No,2002,North,0.0,,Flat,,,,,Twilight,1471700.0,0.0,0.0,0.0,2.0,0.0,,,Hawke's Bay Region,Rail xing,2-way,Sealed,0.0,0.0,,100.0,,On,0.0,0.0,,30.0,Hastings District,Nil,,,,,0.0,0.0,Open,0.0,,,Light rain
406417,1916005.0,5591033.0,545851.0,0.0,0.0,1.0,North,2010/2011,Z MARAE ROAD,SH 2/COLIN WHITE,Non-Injury Crash,No,2011,East,0.0,1.0,Flat,0.0,,0.0,0.0,Dark,1464300.0,0.0,0.0,0.0,0.0,0.0,0.0,,Hawke's Bay Region,Nil,Off road,Unsealed,0.0,0.0,0.0,50.0,0.0,On,0.0,0.0,,30.0,Hastings District,Nil,0.0,0.0,0.0,0.0,0.0,0.0,Urban,0.0,0.0,0.0,Fine
339695,1918469.0,5653149.0,545912.0,0.0,0.0,0.0,North,2000/2001,SH 5,OHURAKURA ROAD,Serious Crash,Yes,2000,South,0.0,0.0,Hill Road,0.0,,0.0,0.0,Dark,1414504.0,0.0,0.0,0.0,3.0,0.0,0.0,,Hawke's Bay Region,Nil,2-way,Sealed,0.0,1.0,0.0,100.0,0.0,None,0.0,0.0,,30.0,Hastings District,Nil,0.0,0.0,0.0,0.0,1.0,0.0,Open,0.0,0.0,0.0,Fine
385104,1933298.0,5608501.0,545722.0,0.0,0.0,1.0,Null,2013/2014,ANDERSON ROAD,WHAKATU ROAD,Non-Injury Crash,No,2014,South,0.0,1.0,Flat,0.0,,0.0,0.0,Overcast,1405700.0,0.0,0.0,0.0,2.0,0.0,0.0,,Hawke's Bay Region,Nil,2-way,Sealed,0.0,0.0,0.0,100.0,0.0,Null,0.0,0.0,,30.0,Hastings District,Nil,0.0,0.0,0.0,0.0,0.0,0.0,Open,0.0,0.0,0.0,Fine
513013,1929349.382,5605536.3057,548200.0,0.0,0.0,1.0,Null,2020/2021,HERETAUNGA STREET WEST,TOMOANA ROAD,Non-Injury Crash,No,2020,North,0.0,0.0,Flat,0.0,,0.0,0.0,Bright sun,1490100.0,0.0,0.0,0.0,2.0,0.0,0.0,,Hawke's Bay Region,Nil,2-way,Sealed,0.0,0.0,0.0,50.0,0.0,Off,0.0,0.0,,30.0,Hastings District,Give way,1.0,1.0,0.0,0.0,0.0,0.0,Urban,1.0,0.0,0.0,Fine
527365,1932267.0,5602146.0,545721.0,0.0,0.0,2.0,South,2010/2011,HAVELOCK ROAD,ST ANDREWS ROAD,Non-Injury Crash,No,2010,South,0.0,,Flat,,,,,Overcast,1473000.0,0.0,0.0,0.0,2.0,0.0,,,Hawke's Bay Region,Nil,2-way,Sealed,0.0,0.0,,70.0,,Null,0.0,0.0,,30.0,Hastings District,Nil,,,,,0.0,0.0,Urban,0.0,,,Fine
468518,1925393.0,5607226.0,548620.0,0.0,0.0,0.0,North,2013/2014,FLAXMERE AVENUE,HENDERSON ROAD,Minor Crash,No,2013,South,0.0,,Flat,,,,,Overcast,1474204.0,1.0,0.0,0.0,2.0,0.0,,1.0,Hawke's Bay Region,Nil,2-way,Sealed,0.0,0.0,,50.0,,Null,1.0,0.0,,30.0,Hastings District,Nil,,,,,0.0,0.0,Urban,1.0,,,Fine
522339,1930257.0,5604934.0,548200.0,0.0,0.0,1.0,Null,2013/2014,ST AUBYN ST EAST,WARREN ST NORTH,Non-Injury Crash,No,2014,West,0.0,,Flat,,,,,Bright sun,1493501.0,0.0,0.0,0.0,2.0,0.0,,,Hawke's Bay Region,Nil,2-way,Sealed,0.0,0.0,,50.0,,Null,1.0,0.0,,30.0,Hastings District,Give way,,,,,0.0,0.0,Urban,0.0,,,Fine
58157,1932497.0,5601557.0,548810.0,0.0,0.0,2.0,Null,2009/2010,PORTER DRIVE,MIDDLE ROAD,Non-Injury Crash,No,2009,North,0.0,,Flat,,,,,Bright sun,1505700.0,0.0,0.0,0.0,2.0,0.0,,,Hawke's Bay Region,Nil,2-way,Sealed,0.0,0.0,,50.0,,Null,0.0,0.0,,30.0,Hastings District,Give way,,,,,0.0,0.0,Urban,0.0,,,Fine
7184,1929430.0,5606041.0,547700.0,0.0,0.0,1.0,Null,2007/2008,GRAYS ROAD,ST AUBYN ST WEST,Non-Injury Crash,No,2008,North,0.0,1.0,Flat,0.0,,0.0,0.0,Overcast,1486400.0,0.0,0.0,0.0,2.0,0.0,0.0,,Hawke's Bay Region,Nil,2-way,Sealed,0.0,0.0,0.0,50.0,0.0,Null,0.0,0.0,,30.0,Hastings District,Give way,0.0,0.0,0.0,0.0,0.0,0.0,Urban,0.0,0.0,0.0,Light rain
728902,1935977.0,5610744.0,545730.0,0.0,0.0,2.0,North,2000/2001,SH 2,MILL ROAD,Non-Injury Crash,Yes,2000,North,0.0,,Flat,,,,,Bright sun,1405401.0,0.0,0.0,0.0,2.0,0.0,,,Hawke's Bay Region,Nil,2-way,Sealed,0.0,0.0,,50.0,,Null,0.0,0.0,,30.0,Hastings District,Nil,,,,,0.0,0.0,Urban,0.0,,,Fine
364935,1928113.0,5606927.0,547800.0,0.0,0.0,1.0,Null,2004/2005,OMAHU ROAD,NOTTINGLEY ROAD,Non-Injury Crash,No,2005,South,0.0,,Flat,,,,,Twilight,1476700.0,0.0,0.0,0.0,2.0,0.0,,,Hawke's Bay Region,Nil,2-way,Sealed,0.0,0.0,,50.0,,Off,0.0,0.0,,30.0,Hastings District,Give way,,,,,0.0,0.0,Urban,1.0,,,Fine
538377,1911873.0,5586165.0,545851.0,0.0,0.0,1.0,North,2012/2013,SH 2,TE ONEPU ROAD,Non-Injury Crash,Yes,2012,North,0.0,1.0,Flat,0.0,Christmas New Year,0.0,0.0,Dark,1464600.0,0.0,0.0,0.0,2.0,0.0,0.0,,Hawke's Bay Region,Nil,2-way,Sealed,0.0,0.0,0.0,100.0,0.0,None,0.0,0.0,,30.0,Hastings District,Nil,0.0,0.0,0.0,0.0,0.0,0.0,Open,0.0,0.0,0.0,Light rain
449234,1928818.0,5606250.0,547700.0,0.0,0.0,2.0,South,2005/2006,Z CPK KFC,HERETAUNGA ST WEST,Non-Injury Crash,No,2005,North,0.0,0.0,Flat,0.0,,0.0,0.0,Dark,1486000.0,0.0,0.0,0.0,0.0,0.0,1.0,,Hawke's Bay Region,Nil,Off road,Sealed,0.0,0.0,0.0,50.0,0.0,On,0.0,0.0,,30.0,Hastings District,Nil,0.0,0.0,0.0,0.0,0.0,0.0,Urban,0.0,0.0,0.0,Fine
351192,1930366.0,5613670.0,545831.0,0.0,0.0,1.0,East,2014/2015,SH 50,FRANKLIN ROAD,Non-Injury Crash,Yes,2015,East,0.0,0.0,Flat,0.0,,0.0,0.0,Dark,1404600.0,0.0,0.0,0.0,2.0,0.0,0.0,,Hawke's Bay Region,Nil,2-way,Unsealed,0.0,0.0,0.0,80.0,0.0,None,0.0,0.0,30.0,30.0,Hastings District,Nil,0.0,0.0,0.0,0.0,0.0,0.0,Open,0.0,0.0,0.0,Fine
703435,1929984.0,5607186.0,545710.0,0.0,0.0,0.0,Null,2001/2002,PAKOWHAI ROAD,FREDERICK ST,Non-Injury Crash,No,2002,South,0.0,,Flat,,,,,Twilight,1471300.0,0.0,0.0,0.0,3.0,0.0,,,Hawke's Bay Region,Nil,2-way,Sealed,0.0,0.0,,50.0,,Off,0.0,0.0,,30.0,Hastings District,Give way,,,,,0.0,0.0,Urban,2.0,,,Light rain
425705,1922984.0,5621017.0,545821.0,0.0,0.0,1.0,East,2018/2019,DARTMOOR ROAD,APLEY ROAD,Minor Crash,No,2018,East,0.0,0.0,Flat,0.0,,0.0,0.0,Bright sun,1411400.0,1.0,0.0,0.0,2.0,0.0,0.0,,Hawke's Bay Region,Nil,2-way,Sealed,0.0,0.0,0.0,100.0,0.0,Null,0.0,0.0,,30.0,Hastings District,Unknown,0.0,0.0,0.0,0.0,0.0,0.0,Open,0.0,0.0,0.0,Fine
479019,1936309.0,5611987.0,545832.0,0.0,0.0,1.0,North,2013/2014,SH 2,FARNDON ROAD,Non-Injury Crash,Yes,2013,North,0.0,0.0,Flat,0.0,,0.0,0.0,Overcast,1404200.0,0.0,0.0,0.0,2.0,0.0,0.0,,Hawke's Bay Region,Nil,2-way,Sealed,0.0,0.0,0.0,100.0,0.0,Off,0.0,0.0,,30.0,Hastings District,Nil,0.0,1.0,0.0,0.0,0.0,0.0,Open,0.0,0.0,0.0,Light rain
73020,1929657.0,5605330.0,548200.0,0.0,0.0,2.0,Null,2016/2017,QUEEN ST WEST,NELSON ST NORTH,Non-Injury Crash,No,2016,West,0.0,,Flat,,,,,Dark,1490800.0,0.0,0.0,0.0,2.0,0.0,,,Hawke's Bay Region,Nil,2-way,Sealed,0.0,0.0,,50.0,,On,0.0,0.0,,30.0,Hastings District,Give way,,,,,0.0,0.0,Urban,0.0,,,Fine
403152,1935232.0,5646812.0,545911.0,0.0,0.0,0.0,East,2010/2011,SH 2,DEVILS ELBOW,Non-Injury Crash,Yes,2011,West,0.0,,Hill Road,,,,,Bright sun,1415200.0,0.0,0.0,0.0,2.0,0.0,,,Hawke's Bay Region,Nil,2-way,Sealed,0.0,0.0,,100.0,,Null,0.0,0.0,,30.0,Hastings District,Nil,,,,,2.0,0.0,Open,0.0,,,Fine
167476,1929509.0,5608835.0,545710.0,0.0,0.0,1.0,Null,2002/2003,SH 50A,EVENDEN ROAD,Non-Injury Crash,Yes,2002,South,0.0,0.0,Flat,0.0,,0.0,0.0,Bright sun,1471100.0,0.0,0.0,0.0,4.0,0.0,0.0,,Hawke's Bay Region,Nil,2-way,Sealed,0.0,0.0,0.0,100.0,0.0,Null,0.0,0.0,,30.0,Hastings District,Give way,0.0,0.0,0.0,0.0,1.0,0.0,Open,0.0,0.0,0.0,Fine
393817,1932639.0,5609443.0,545832.0,0.0,0.0,1.0,South,2014/2015,PAKOWHAI ROAD,FARNDON ROAD,Non-Injury Crash,No,2015,South,0.0,,Flat,,Queens Birthday,,,Bright sun,1404300.0,0.0,0.0,0.0,2.0,0.0,,,Hawke's Bay Region,Nil,2-way,Unsealed,0.0,0.0,,100.0,,Null,0.0,0.0,,30.0,Hastings District,Nil,,,,,0.0,0.0,Open,0.0,,,Fine
511602,1931076.0,5604872.0,548100.0,0.0,0.0,1.0,West,2004/2005,PRINCES ST,JERVOIS ST,Minor Crash,No,2004,East,0.0,,Flat,,,,,Twilight,1499100.0,1.0,0.0,0.0,2.0,0.0,,,Hawke's Bay Region,Nil,2-way,Sealed,0.0,0.0,,50.0,,Off,0.0,0.0,,30.0,Hastings District,Nil,,,,,0.0,0.0,Urban,0.0,,,Light rain
198157,1928111.0,5605746.0,547900.0,1.0,0.0,1.0,South,2004/2005,MARAEKAKAHO ROAD,FRANCIS HICKS AVENUE,Non-Injury Crash,No,2004,East,0.0,,Flat,,,,,Twilight,1469802.0,0.0,0.0,0.0,2.0,0.0,,,Hawke's Bay Region,Nil,2-way,Sealed,0.0,0.0,,50.0,,On,0.0,0.0,,30.0,Hastings District,Nil,,,,,0.0,0.0,Urban,0.0,,,Fine
246902,1932824.0,5604220.0,545721.0,0.0,0.0,1.0,South,2005/2006,ST GEORGES ROAD,GRASMERE AVENUE,Fatal Crash,No,2005,North,1.0,0.0,Flat,0.0,,0.0,0.0,Dark,1473100.0,0.0,0.0,0.0,2.0,0.0,0.0,,Hawke's Bay Region,Nil,2-way,Sealed,0.0,0.0,0.0,100.0,0.0,None,0.0,0.0,,30.0,Hastings District,Nil,0.0,0.0,0.0,1.0,0.0,0.0,Open,0.0,0.0,0.0,Fine
82117,1924951.0,5601696.0,545851.0,0.0,0.0,1.0,Null,2012/2013,MANGAROA ROAD,PAKI PAKI ROAD,Minor Crash,Yes,2012,South,0.0,1.0,Flat,0.0,,0.0,0.0,Bright sun,1463500.0,1.0,0.0,0.0,2.0,0.0,0.0,,Hawke's Bay Region,Nil,2-way,Sealed,0.0,0.0,0.0,100.0,0.0,Null,0.0,0.0,,30.0,Hastings District,Give way,0.0,0.0,0.0,0.0,0.0,0.0,Open,0.0,0.0,0.0,Fine