OBJECTID,X,Y,areaUnitID,bicycle,bus,carStationWagon,crashDirectionDescription,crashFinancialYear,crashLocation1,crashLocation2,crashSeverity,crashSHDescription,crashYear,directionRoleDescription,fatalCount,fence,flatHill,guardRail,holiday,houseOrBuilding,kerb,light,meshblockId,minorInjuryCount,moped,motorcycle,NumberOfLanes,otherVehicleType,parkedVehicle,pedestrian,region,roadCharacter,roadLane,roadSurface,schoolBus,seriousInjuryCount,slipOrFlood,speedLimit,strayAnimal,streetLight,suv,taxi,temporarySpeedLimit,tlaId,tlaName,trafficControl,trafficIsland,trafficSign,train,tree,truck,unknownVehicleType,urban,vanOrUtility,vehicle,waterRiver,weatherA
434372,1929558.7031,5632987.6974,545811.0,0.0,0.0,1.0,Null,2020/2021,SH 5,SHAW ROAD,Minor Crash,Yes,2020,East,0.0,0.0,Flat,1.0,,0.0,0.0,Dark,1414700.0,1.0,0.0,0.0,2.0,0.0,0.0,,Hawke's Bay Region,Nil,2-way,Sealed,0.0,0.0,0.0,100.0,0.0,On,0.0,0.0,,30.0,Hastings District,Stop,0.0,0.0,0.0,0.0,0.0,0.0,Open,0.0,0.0,0.0,Light rain
103047,1930912.0,5607891.0,545710.0,0.0,0.0,2.0,Null,2009/2010,PAKOWHAI ROAD,RICHMOND ROAD,Non-Injury Crash,No,2009,West,0.0,,Flat,,,,,Overcast,1471100.0,0.0,0.0,0.0,2.0,0.0,,,Hawke's Bay Region,Nil,2-way,Sealed,0.0,0.0,,70.0,,Null,0.0,0.0,,30.0,Hastings District,Give way,,,,,0.0,0.0,Urban,0.0,,,Fine
136008,1929464.0,5605185.0,548200.0,0.0,0.0,2.0,Null,2013/2014,EASTBOURNE ST WEST,NELSON ST SOUTH,Non-Injury Crash,No,2014,East,0.0,,Flat,,,,,Bright sun,1488900.0,0.0,0.0,0.0,2.0,0.0,,,Hawke's Bay Region,Nil,2-way,Sealed,0.0,0.0,,50.0,,Null,0.0,0.0,,30.0,Hastings District,Stop,,,,,0.0,0.0,Urban,0.0,,,Fine
535000,1932609.0,5603519.0,545721.0,0.0,0.0,1.0,East,2014/2015,CROSSES ROAD,ST GEORGES ROAD,Minor Crash,No,2015,South,0.0,,Flat,,,,,Bright sun,1473100.0,1.0,0.0,0.0,2.0,0.0,,,Hawke's Bay Region,Nil,2-way,Sealed,0.0,0.0,,100.0,,Null,1.0,0.0,,30.0,Hastings District,Unknown,,,,,0.0,0.0,Open,0.0,,,Fine
406716,1932363.0,5608872.0,545721.0,0.0,0.0,0.0,South,2012/2013,RUAHAPIA ROAD,PAKOWHAI ROAD,Serious Crash,No,2013,South,0.0,0.0,Flat,0.0,,0.0,0.0,Overcast,1471600.0,0.0,0.0,0.0,2.0,1.0,0.0,,Hawke's Bay Region,Nil,2-way,Sealed,0.0,1.0,0.0,100.0,0.0,Null,0.0,0.0,,30.0,Hastings District,Nil,0.0,0.0,0.0,0.0,0.0,0.0,Open,1.0,0.0,0.0,Fine
458001,1928301.0,5603310.0,545762.0,1.0,0.0,0.0,South,2009/2010,RAILWAY ROAD SOUTH,TOLLEMACHE ROAD EAST,Minor Crash,No,2009,North,0.0,,Flat,,,,,Dark,1468200.0,2.0,0.0,0.0,2.0,0.0,,1.0,Hawke's Bay Region,Nil,2-way,Sealed,0.0,0.0,,100.0,,None,0.0,0.0,,30.0,Hastings District,Nil,,,,,0.0,0.0,Open,1.0,,,Fine
560962,1932112.0,5601122.0,548821.0,0.0,0.0,2.0,North,2014/2015,MIDDLE ROAD,UPHAM ST,Non-Injury Crash,No,2015,South,0.0,,Flat,,,,,Bright sun,1506800.0,0.0,0.0,0.0,2.0,0.0,,,Hawke's Bay Region,Nil,2-way,Sealed,0.0,0.0,,50.0,,Off,0.0,0.0,,30.0,Hastings District,Nil,,,,,0.0,0.0,Urban,0.0,,,Fine
278789,1930939.8476,5604607.8415,548100.0,0.0,0.0,0.0,Null,2018/2019,RIVERSLEA ROAD NORTH,ALBERT STREET,Minor Crash,No,2019,North,0.0,,Flat,,,,,Dark,1499400.0,2.0,0.0,0.0,2.0,0.0,,,Hawke's Bay Region,Nil,2-way,Sealed,0.0,0.0,,50.0,,On,1.0,0.0,,30.0,Hastings District,Give way,,,,,0.0,0.0,Urban,1.0,,,Light rain
604949,1932824.0,5601926.0,548831.0,1.0,0.0,1.0,Null,2003/2004,NAPIER ROAD,KARANEMA DRIVE,Minor Crash,No,2004,North,0.0,,Flat,,,,,Twilight,1509600.0,1.0,0.0,0.0,2.0,0.0,,,Hawke's Bay Region,Nil,2-way,Sealed,0.0,0.0,,50.0,,Off,0.0,0.0,,30.0,Hastings District,Give way,,,,,0.0,0.0,Urban,0.0,,,Fine
467318,1931910.0,5612017.0,545832.0,0.0,0.0,2.0,North,2008/2009,PAKOWHAI ROAD,BROOKFIELDS ROAD,Serious Crash,No,2008,North,0.0,,Flat,,,,,Bright sun,1403900.0,1.0,0.0,0.0,2.0,0.0,,,Hawke's Bay Region,Nil,2-way,Sealed,0.0,1.0,,100.0,,Null,0.0,0.0,,30.0,Hastings District,Nil,,,,,0.0,0.0,Open,0.0,,,Fine
436023,1930341.0,5604822.0,548200.0,0.0,0.0,0.0,Null,2017/2018,ST AUBYN ST EAST,HASTINGS ST NORTH,Non-Injury Crash,No,2018,South,0.0,,Flat,,,,,Bright sun,1494400.0,0.0,0.0,0.0,2.0,0.0,,,Hawke's Bay Region,Nil,2-way,Sealed,0.0,0.0,,50.0,,Null,0.0,0.0,,30.0,Hastings District,Give way,,,,,0.0,0.0,Urban,2.0,,,Fine
349958,1923363.0,5610256.0,545710.0,0.0,0.0,2.0,North,2001/2002,SH 50,OMAHU ROAD,Serious Crash,Yes,2001,South,0.0,,Flat,,,,,Overcast,1470500.0,3.0,0.0,0.0,2.0,0.0,,,Hawke's Bay Region,Nil,2-way,Sealed,0.0,2.0,,100.0,,Null,0.0,0.0,,30.0,Hastings District,Nil,,,,,0.0,0.0,Open,0.0,,,Fine
357924,1931298.0,5606996.0,545721.0,0.0,0.0,0.0,Null,2004/2005,TOMOANA ROAD,RICHMOND ROAD,Minor Crash,No,2004,North,0.0,1.0,Flat,1.0,,0.0,0.0,Bright sun,1471500.0,2.0,0.0,0.0,2.0,0.0,0.0,,Hawke's Bay Region,Nil,2-way,Sealed,0.0,0.0,0.0,100.0,0.0,Null,0.0,0.0,,30.0,Hastings District,Nil,0.0,0.0,0.0,0.0,0.0,0.0,Open,1.0,0.0,0.0,Fine
374174,1926125.0,5619818.0,545821.0,0.0,0.0,1.0,South,2007/2008,PUKETAPU ROAD,DARTMOOR ROAD,Non-Injury Crash,No,2007,North,0.0,1.0,Flat,0.0,,0.0,0.0,Overcast,1411000.0,0.0,0.0,0.0,2.0,0.0,0.0,,Hawke's Bay Region,Nil,2-way,Sealed,0.0,0.0,0.0,100.0,0.0,Null,0.0,0.0,,30.0,Hastings District,Nil,0.0,0.0,0.0,0.0,0.0,0.0,Open,0.0,0.0,0.0,Light rain
74824,1937881.0,5609794.0,545730.0,0.0,0.0,1.0,South,1999/2000,LAWN ROAD,SCHOOL ROAD,Minor Crash,No,2000,South,0.0,0.0,Flat,0.0,,0.0,0.0,Overcast,1405300.0,2.0,0.0,0.0,2.0,0.0,0.0,,Hawke's Bay Region,Nil,2-way,Sealed,0.0,0.0,0.0,100.0,0.0,Null,0.0,0.0,,30.0,Hastings District,Unknown,0.0,0.0,0.0,0.0,0.0,0.0,Open,0.0,0.0,0.0,Light rain
514628,1942129.0,5583810.0,545860.0,0.0,0.0,1.0,South,2011/2012,HARPER ROAD,LIGHTNING RIDGE VIEW,Non-Injury Crash,No,2011,North,0.0,,Flat,,,,,Dark,1467906.0,0.0,0.0,0.0,2.0,0.0,,,Hawke's Bay Region,Nil,2-way,Sealed,0.0,0.0,,50.0,,On,0.0,0.0,,30.0,Hastings District,Nil,,,,,0.0,0.0,Urban,0.0,,,Snow
48699,1932706.0,5601398.0,548821.0,0.0,0.0,2.0,East,2001/2002,JOLL ROAD,PORTER DRIVE,Non-Injury Crash,No,2002,West,0.0,0.0,Flat,1.0,,0.0,0.0,Overcast,1507002.0,0.0,0.0,0.0,2.0,0.0,0.0,,Hawke's Bay Region,Nil,2-way,Sealed,0.0,0.0,0.0,50.0,0.0,Null,0.0,0.0,,30.0,Hastings District,Nil,0.0,0.0,0.0,0.0,0.0,0.0,Urban,0.0,0.0,0.0,Light rain
190101,1929275.0,5605233.0,548200.0,0.0,0.0,2.0,Null,2015/2016,SOUTHLAND ROAD,LYNDON ROAD WEST,Non-Injury Crash,No,2016,South,0.0,1.0,Flat,0.0,,0.0,0.0,Bright sun,1488700.0,0.0,0.0,0.0,2.0,0.0,0.0,,Hawke's Bay Region,Nil,2-way,Sealed,0.0,0.0,0.0,50.0,0.0,Null,0.0,0.0,,30.0,Hastings District,Give way,0.0,0.0,0.0,0.0,0.0,0.0,Urban,0.0,0.0,0.0,Fine
538021,1926044.0,5608191.0,545710.0,0.0,0.0,1.0,East,2003/2004,OMAHU ROAD,CHATHAM ROAD,Non-Injury Crash,No,2003,West,0.0,0.0,Flat,0.0,,0.0,0.0,Dark,1470900.0,0.0,0.0,0.0,2.0,0.0,0.0,,Hawke's Bay Region,Nil,2-way,Sealed,0.0,0.0,0.0,100.0,0.0,None,0.0,0.0,,30.0,Hastings District,Nil,0.0,0.0,0.0,0.0,0.0,0.0,Open,0.0,0.0,0.0,Fine
440935,1929367.0,5604909.0,548200.0,0.0,0.0,3.0,Null,2000/2001,SOUTHAMPTON ST WEST,KING ST SOUTH,Non-Injury Crash,No,2001,South,0.0,,Flat,,,,,Overcast,1489100.0,0.0,0.0,0.0,2.0,0.0,,,Hawke's Bay Region,Nil,2-way,Sealed,0.0,0.0,,50.0,,Null,0.0,0.0,,30.0,Hastings District,Give way,,,,,0.0,0.0,Urban,0.0,,,Fine
613933,1929737.0,5614649.0,545831.0,0.0,0.0,1.0,South,2001/2002,WAIOHIKI ROAD,HATAS LANE,Non-Injury Crash,No,2002,South,0.0,0.0,Flat,0.0,,0.0,0.0,Overcast,1404600.0,0.0,0.0,0.0,2.0,0.0,0.0,,Hawke's Bay Region,Nil,2-way,Sealed,0.0,0.0,0.0,70.0,0.0,Null,0.0,0.0,,30.0,Hastings District,Nil,0.0,0.0,0.0,1.0,0.0,0.0,Urban,0.0,0.0,0.0,Light rain
299129,1929086.0,5606507.0,547700.0,0.0,0.0,1.0,Null,2010/2011,PAKOWHAI ROAD,FRIMLEY ROAD,Minor Crash,No,2011,North,0.0,,Flat,,,,,Overcast,1485800.0,1.0,0.0,0.0,2.0,0.0,,1.0,Hawke's Bay Region,Nil,2-way,Sealed,0.0,0.0,,50.0,,Null,0.0,0.0,,30.0,Hastings District,Traffic Signals,,,,,0.0,0.0,Urban,0.0,,,Fine
132942,1931294.0,5605188.0,548000.0,0.0,0.0,2.0,Null,2011/2012,GROVE ROAD,WILLOWPARK ROAD NORTH,Non-Injury Crash,No,2011,East,0.0,,Flat,,,,,Overcast,1496800.0,0.0,0.0,0.0,2.0,0.0,,,Hawke's Bay Region,Nil,2-way,Sealed,0.0,0.0,,50.0,,Null,0.0,0.0,,30.0,Hastings District,Give way,,,,,0.0,0.0,Urban,0.0,,,Fine
690804,1929271.0,5605038.0,548200.0,0.0,0.0,2.0,Null,2004/2005,NELSON ST SOUTH,SOUTHAMPTON ST WEST,Minor Crash,No,2005,North,0.0,0.0,Flat,0.0,,0.0,0.0,Bright sun,1489100.0,2.0,0.0,0.0,3.0,0.0,0.0,,Hawke's Bay Region,Nil,2-way,Sealed,0.0,0.0,0.0,50.0,0.0,Null,0.0,0.0,,30.0,Hastings District,Give way,0.0,0.0,0.0,1.0,0.0,0.0,Urban,0.0,0.0,0.0,Fine
262242,1927636.0588,5607387.0611,548500.0,0.0,0.0,2.0,Null,2018/2019,OMAHU ROAD,HAWKES BAY EXPRESSWAY,Non-Injury Crash,No,2019,North,0.0,,Flat,,,,,Bright sun,1477900.0,0.0,0.0,0.0,2.0,0.0,,,Hawke's Bay Region,Nil,2-way,Sealed,0.0,0.0,,50.0,,Off,0.0,0.0,,30.0,Hastings District,Give way,,,,,0.0,0.0,Urban,0.0,,,Fine
507341,1930011.0,5607143.0,547600.0,0.0,0.0,2.0,East,2010/2011,FREDERICK ST,PAKOWHAI ROAD,Minor Crash,No,2010,North,0.0,,Flat,,,,,Bright sun,1482700.0,2.0,0.0,0.0,2.0,0.0,,,Hawke's Bay Region,Nil,2-way,Sealed,0.0,0.0,,100.0,,Null,0.0,0.0,,30.0,Hastings District,Nil,,,,,0.0,0.0,Open,0.0,,,Fine
492378,1930795.0,5604811.0,548100.0,0.0,0.0,1.0,Null,2009/2010,WILLOWPARK ROAD NORTH,ALBERT ST,Non-Injury Crash,No,2009,West,0.0,,Flat,,,,,Bright sun,1499700.0,0.0,0.0,0.0,2.0,0.0,,,Hawke's Bay Region,Nil,2-way,Sealed,0.0,0.0,,50.0,,Null,0.0,0.0,,30.0,Hastings District,Give way,,,,,0.0,0.0,Urban,1.0,,,Fine
209250,1925340.3838,5606295.0946,548620.0,0.0,0.0,3.0,North,2019/2020,LIVERPOOL CRESCENT,SCARBOROUGH ROAD,Minor Crash,No,2020,South,0.0,0.0,Flat,0.0,,0.0,0.0,Twilight,1474800.0,1.0,0.0,0.0,2.0,0.0,1.0,,Hawke's Bay Region,Nil,2-way,Sealed,0.0,0.0,0.0,50.0,0.0,On,0.0,0.0,,30.0,Hastings District,Unknown,0.0,0.0,0.0,0.0,0.0,0.0,Urban,0.0,0.0,0.0,Fine
548018,1936902.0,5639321.0,545811.0,0.0,0.0,1.0,South,2001/2002,SH 2,TANGOIO SETTLEMENT ROAD S,Serious Crash,Yes,2001,South,0.0,1.0,Hill Road,0.0,Labour Weekend,0.0,0.0,Overcast,1415800.0,0.0,0.0,0.0,2.0,0.0,0.0,,Hawke's Bay Region,Nil,2-way,Sealed,0.0,2.0,0.0,100.0,0.0,Null,0.0,0.0,,30.0,Hastings District,Nil,0.0,0.0,0.0,0.0,0.0,0.0,Open,0.0,0.0,0.0,Fine
716043,1927573.0,5615755.0,545821.0,0.0,0.0,1.0,West,2003/2004,SPRINGFIELD ROAD,WAIOHIKI ROAD,Non-Injury Crash,No,2003,West,0.0,0.0,Flat,0.0,,0.0,0.0,Dark,1411000.0,0.0,0.0,0.0,2.0,0.0,0.0,,Hawke's Bay Region,Nil,2-way,Sealed,0.0,0.0,0.0,100.0,0.0,None,0.0,0.0,,30.0,Hastings District,Nil,0.0,0.0,0.0,0.0,0.0,0.0,Open,0.0,0.0,0.0,Fine
345600,1936855.0,5612880.0,545832.0,1.0,0.0,1.0,Null,2010/2011,SH 2,NGARURORO BR,Minor Crash,Yes,2011,North,0.0,,Flat,,,,,Dark,1404200.0,1.0,0.0,0.0,2.0,0.0,,,Hawke's Bay Region,Bridge,2-way,Sealed,0.0,0.0,,100.0,,None,0.0,0.0,,30.0,Hastings District,Nil,,,,,0.0,0.0,Open,0.0,,,Fine
115495,1928318.0,5606728.0,547800.0,0.0,0.0,2.0,North,2016/2017,OMAHU ROAD,CANNING ROAD,Non-Injury Crash,No,2017,South,0.0,,Flat,,,,,Bright sun,1477100.0,0.0,0.0,0.0,3.0,0.0,,,Hawke's Bay Region,Nil,2-way,Sealed,0.0,0.0,,50.0,,Null,0.0,0.0,,30.0,Hastings District,Unknown,,,,,0.0,0.0,Urban,0.0,,,Fine
530940,1932633.0,5609640.0,545832.0,0.0,0.0,2.0,North,2012/2013,CHESTERHOPE BRIDGE,FARNDON ROAD,Non-Injury Crash,No,2012,South,0.0,,Flat,,,,,Dark,1404200.0,0.0,0.0,0.0,2.0,0.0,,,Hawke's Bay Region,Bridge,2-way,Sealed,0.0,0.0,,100.0,,None,0.0,0.0,,30.0,Hastings District,Nil,,,,,0.0,0.0,Open,0.0,,,Fine
435813,1914186.0,5656905.0,545911.0,0.0,0.0,1.0,South,2001/2002,SH 5,MOHAKA BR,Non-Injury Crash,Yes,2002,South,0.0,,Hill Road,,,,,Overcast,1415900.0,0.0,0.0,0.0,3.0,0.0,,,Hawke's Bay Region,Nil,2-way,Sealed,0.0,0.0,,100.0,,Null,0.0,0.0,,30.0,Hastings District,Nil,,,,,1.0,0.0,Open,0.0,,,Light rain
483968,1931922.0,5602508.0,545721.0,0.0,0.0,1.0,South,2004/2005,HAVELOCK ROAD,ST ANDREWS ROAD,Serious Crash,No,2004,East,0.0,1.0,Flat,0.0,,0.0,0.0,Bright sun,1473000.0,1.0,0.0,0.0,2.0,0.0,0.0,,Hawke's Bay Region,Nil,2-way,Sealed,0.0,1.0,0.0,70.0,0.0,Null,0.0,0.0,,30.0,Hastings District,Nil,0.0,0.0,0.0,0.0,1.0,0.0,Urban,0.0,0.0,0.0,Fine
444033,1908967.0,5674688.0,545911.0,0.0,0.0,1.0,North,2005/2006,SH 5,TATARAAKINA ROAD,Non-Injury Crash,Yes,2005,South,0.0,0.0,Hill Road,0.0,,0.0,0.0,Overcast,1281200.0,0.0,0.0,0.0,2.0,0.0,0.0,,Hawke's Bay Region,Nil,2-way,Sealed,0.0,0.0,0.0,100.0,0.0,Null,0.0,0.0,,30.0,Hastings District,Nil,0.0,0.0,0.0,0.0,0.0,0.0,Open,0.0,0.0,0.0,Heavy rain
179884,1929179.0,5605159.0,548200.0,0.0,0.0,2.0,Null,2004/2005,SOUTHAMPTON ST WEST,SOUTHLAND ROAD,Minor Crash,No,2005,East,0.0,,Flat,,Christmas New Year,,,Overcast,1488600.0,1.0,0.0,0.0,2.0,0.0,,,Hawke's Bay Region,Nil,2-way,Sealed,0.0,0.0,,50.0,,Null,0.0,0.0,,30.0,Hastings District,Give way,,,,,0.0,0.0,Urban,0.0,,,Light rain
357197,1929657.0,5605330.0,548200.0,0.0,0.0,2.0,Null,2011/2012,NELSON ST NORTH,QUEEN ST WEST,Non-Injury Crash,No,2011,East,0.0,,Flat,,,,,Bright sun,1490800.0,0.0,0.0,0.0,2.0,0.0,,,Hawke's Bay Region,Nil,2-way,Sealed,0.0,0.0,,50.0,,Null,0.0,0.0,,30.0,Hastings District,Give way,,,,,0.0,0.0,Urban,0.0,,,Fine
301393,1930935.0,5613540.0,545831.0,0.0,0.0,2.0,Null,2017/2018,SH 50A,SH 50,Non-Injury Crash,Yes,2018,South,0.0,,Flat,,,,,Overcast,1404600.0,0.0,0.0,0.0,1.0,0.0,,,Hawke's Bay Region,Nil,1-way,Sealed,0.0,0.0,,100.0,,Null,0.0,0.0,50.0,30.0,Hastings District,Give way,,,,,0.0,0.0,Open,0.0,,,Fine
168562,1930149.0,5604677.0,548200.0,0.0,0.0,1.0,Null,2018/2019,HASTINGS ST NORTH,QUEEN ST EAST,Minor Crash,No,2018,West,0.0,,Flat,,,,,Bright sun,1493400.0,1.0,0.0,1.0,2.0,0.0,,,Hawke's Bay Region,Nil,2-way,Sealed,0.0,0.0,,50.0,,Null,0.0,0.0,,30.0,Hastings District,Give way,,,,,0.0,0.0,Urban,0.0,,,Fine
216735,1931388.0,5632227.0,545812.0,0.0,0.0,2.0,West,2004/2005,SH 5,HILL ROAD,Non-Injury Crash,Yes,2005,West,0.0,,Flat,,,,,Bright sun,1414200.0,0.0,0.0,0.0,2.0,0.0,,,Hawke's Bay Region,Nil,2-way,Sealed,0.0,0.0,,100.0,,Null,0.0,0.0,,30.0,Hastings District,Nil,,,,,0.0,0.0,Open,0.0,,,Fine
714368,1934313.0,5607718.0,545722.0,0.0,0.0,1.0,North,2005/2006,SH 2,PILCHER ROAD,Minor Crash,Yes,2006,North,0.0,0.0,Flat,0.0,,0.0,0.0,Overcast,1406300.0,1.0,0.0,0.0,2.0,0.0,0.0,,Hawke's Bay Region,Nil,2-way,Sealed,0.0,0.0,0.0,100.0,0.0,Null,0.0,0.0,,30.0,Hastings District,Nil,0.0,0.0,0.0,0.0,1.0,0.0,Open,0.0,0.0,0.0,Heavy rain
386497,1929509.0,5608835.0,545710.0,0.0,0.0,1.0,Null,2017/2018,SH 50A,EVENDEN ROAD,Non-Injury Crash,Yes,2018,West,0.0,0.0,Flat,0.0,,0.0,0.0,Dark,1471100.0,0.0,0.0,0.0,2.0,0.0,0.0,,Hawke's Bay Region,Nil,1-way,Sealed,0.0,0.0,0.0,100.0,0.0,On,0.0,0.0,,30.0,Hastings District,Give way,0.0,0.0,0.0,0.0,0.0,0.0,Open,0.0,0.0,0.0,Fine
37060,1927607.0,5607382.0,548500.0,1.0,0.0,0.0,Null,2011/2012,OMAHU ROAD,SH 50A,Minor Crash,Yes,2012,East,0.0,,Flat,,,,,Bright sun,1477900.0,1.0,0.0,0.0,2.0,0.0,,,Hawke's Bay Region,Nil,2-way,Sealed,0.0,0.0,,50.0,,Null,0.0,0.0,,30.0,Hastings District,Give way,,,,,0.0,0.0,Urban,1.0,,,Fine
694494,1920382.0,5642640.0,545811.0,0.0,0.0,1.0,North,2006/2007,SH 5,GLENGARRY ROAD,Serious Crash,Yes,2007,South,0.0,0.0,Hill Road,0.0,,0.0,0.0,Dark,1414600.0,0.0,0.0,0.0,2.0,0.0,0.0,,Hawke's Bay Region,Nil,2-way,Sealed,0.0,2.0,0.0,100.0,0.0,None,0.0,0.0,,30.0,Hastings District,Nil,0.0,0.0,0.0,1.0,0.0,0.0,Open,0.0,0.0,0.0,Fine
245808,1923633.3292,5596676.6387,545851.0,0.0,0.0,0.0,North,2018/2019,"PIGGERY CORNER SH 2, POUKAWA (HASTINGS)",PIGGERY CNR,Serious Crash,Yes,2019,North,0.0,0.0,Hill Road,1.0,,0.0,0.0,Overcast,1463900.0,0.0,0.0,0.0,2.0,0.0,0.0,,Hawke's Bay Region,Nil,2-way,Sealed,0.0,1.0,0.0,100.0,0.0,None,1.0,0.0,,30.0,Hastings District,Unknown,0.0,0.0,0.0,0.0,1.0,0.0,Open,0.0,0.0,0.0,Light rain
255523,1929464.0,5605185.0,548200.0,0.0,0.0,1.0,Null,2007/2008,NELSON ST SOUTH,EASTBOURNE ST WEST,Non-Injury Crash,No,2007,North,0.0,,Flat,,,,,Bright sun,1488900.0,0.0,0.0,0.0,2.0,0.0,,,Hawke's Bay Region,Nil,2-way,Sealed,0.0,0.0,,50.0,,Null,0.0,0.0,,30.0,Hastings District,Stop,,,,,0.0,0.0,Urban,1.0,,,Fine
133270,1925401.0,5607189.0,548620.0,0.0,0.0,1.0,Null,2011/2012,HENDERSON ROAD,FLAXMERE AVENUE,Non-Injury Crash,No,2011,South,0.0,1.0,Flat,0.0,Christmas New Year,0.0,0.0,Overcast,1474201.0,0.0,0.0,0.0,2.0,0.0,0.0,,Hawke's Bay Region,Nil,2-way,Sealed,0.0,0.0,0.0,50.0,0.0,Null,0.0,0.0,,30.0,Hastings District,Give way,0.0,0.0,0.0,0.0,0.0,0.0,Urban,0.0,0.0,0.0,Light rain
366606,1930107.0,5604529.0,548200.0,0.0,0.0,2.0,West,2001/2002,HERETAUNGA ST EAST,MILLER ST,Minor Crash,No,2002,North,0.0,,Flat,,,,,Bright sun,1493800.0,3.0,0.0,0.0,2.0,0.0,,2.0,Hawke's Bay Region,Nil,2-way,Sealed,0.0,0.0,,50.0,,Null,0.0,0.0,,30.0,Hastings District,Nil,,,,,0.0,0.0,Urban,0.0,,,Fine
529251,1927633.0,5607439.0,548400.0,0.0,0.0,2.0,Null,2004/2005,SH 50A,OMAHU ROAD,Non-Injury Crash,Yes,2004,South,0.0,,Flat,,,,,Bright sun,1473600.0,0.0,0.0,0.0,2.0,0.0,,,Hawke's Bay Region,Nil,2-way,Sealed,0.0,0.0,,100.0,,Null,0.0,0.0,,30.0,Hastings District,Give way,,,,,0.0,0.0,Open,0.0,,,Fine
48111,1918302.0,5614960.0,545821.0,0.0,0.0,0.0,Null,2002/2003,TAIHAPE ROAD,KAWERA ROAD,Serious Crash,No,2003,East,0.0,1.0,Flat,0.0,,0.0,0.0,Bright sun,1408401.0,0.0,0.0,1.0,2.0,0.0,0.0,,Hawke's Bay Region,Nil,2-way,Sealed,0.0,1.0,0.0,100.0,0.0,Null,0.0,0.0,,30.0,Hastings District,Nil,0.0,0.0,0.0,0.0,0.0,0.0,Open,0.0,0.0,0.0,Fine
513601,1918853.0,5648283.0,545811.0,0.0,0.0,0.0,South,2013/2014,SH 5,OHURAKURA ROAD,Non-Injury Crash,Yes,2013,South,0.0,,Hill Road,,,,,Dark,1415000.0,0.0,0.0,0.0,2.0,0.0,,,Hawke's Bay Region,Nil,2-way,Sealed,0.0,0.0,,100.0,,None,0.0,0.0,,30.0,Hastings District,Nil,,,,,1.0,0.0,Open,0.0,,,Fine
3918,1930935.0,5613540.0,545831.0,0.0,0.0,1.0,Null,2016/2017,SH 50A,LINKS ROAD,Minor Crash,Yes,2017,North,0.0,,Flat,,,,,Bright sun,1404600.0,1.0,0.0,0.0,1.0,0.0,,,Hawke's Bay Region,Nil,1-way,Sealed,0.0,0.0,,100.0,,Null,0.0,0.0,,30.0,Hastings District,Give way,,,,,0.0,0.0,Open,1.0,,,Fine
405323,1931580.0,5602901.0,545721.0,0.0,0.0,1.0,Null,2007/2008,HAVELOCK ROAD,ST GEORGES ROAD,Serious Crash,No,2008,South,0.0,,Flat,,,,,Twilight,1472900.0,0.0,0.0,1.0,4.0,0.0,,,Hawke's Bay Region,Nil,2-way,Sealed,0.0,1.0,,70.0,,On,0.0,0.0,,30.0,Hastings District,Give way,,,,,0.0,0.0,Urban,0.0,,,Light rain
619895,1934566.0,5608336.0,545722.0,0.0,0.0,2.0,South,2005/2006,SH 2,STATION ROAD,Non-Injury Crash,Yes,2005,North,0.0,,Flat,,,,,Dark,1406300.0,0.0,0.0,0.0,2.0,0.0,,,Hawke's Bay Region,Nil,2-way,Sealed,0.0,0.0,,100.0,,None,0.0,0.0,,30.0,Hastings District,Nil,,,,,0.0,0.0,Open,0.0,,,Fine
434088,1929142.0,5605031.0,548200.0,1.0,0.0,0.0,South,2009/2010,KNIGHT ST,SOUTHLAND ROAD,Minor Crash,No,2009,South,0.0,,Flat,,,,,Bright sun,1489100.0,1.0,0.0,0.0,2.0,0.0,,,Hawke's Bay Region,Nil,2-way,Sealed,0.0,0.0,,50.0,,Null,1.0,0.0,,30.0,Hastings District,Nil,,,,,0.0,0.0,Urban,0.0,,,Fine
61838,1911537.0,5661396.0,545911.0,0.0,0.0,0.0,South,2017/2018,SH 5,POPPELLWELLS,Non-Injury Crash,Yes,2017,North,0.0,,Hill Road,,,,,Bright sun,1414400.0,0.0,0.0,0.0,2.0,0.0,,,Hawke's Bay Region,Nil,2-way,Sealed,0.0,0.0,,100.0,,Null,0.0,0.0,,30.0,Hastings District,Unknown,,,,,0.0,0.0,Open,1.0,,,Fine
572883,1940226.0,5594696.0,545860.0,0.0,0.0,1.0,East,2010/2011,OCEAN BEACH ROAD,WAIMARAMA ROAD,Non-Injury Crash,No,2010,East,0.0,1.0,Hill Road,0.0,,0.0,0.0,Twilight,1467600.0,0.0,0.0,0.0,2.0,0.0,0.0,,Hawke's Bay Region,Nil,2-way,Sealed,0.0,0.0,0.0,100.0,0.0,None,0.0,0.0,,30.0,Hastings District,Nil,0.0,0.0,0.0,0.0,0.0,0.0,Open,0.0,0.0,0.0,Fine