OBJECTID,X,Y,areaUnitID,bicycle,bus,carStationWagon,crashDirectionDescription,crashFinancialYear,crashLocation1,crashLocation2,crashSeverity,crashSHDescription,crashYear,directionRoleDescription,fatalCount,fence,flatHill,guardRail,holiday,houseOrBuilding,kerb,light,meshblockId,minorInjuryCount,moped,motorcycle,NumberOfLanes,otherVehicleType,parkedVehicle,pedestrian,region,roadCharacter,roadLane,roadSurface,schoolBus,seriousInjuryCount,slipOrFlood,speedLimit,strayAnimal,streetLight,suv,taxi,temporarySpeedLimit,tlaId,tlaName,trafficControl,trafficIsland,trafficSign,train,tree,truck,unknownVehicleType,urban,vanOrUtility,vehicle,waterRiver,weatherA
417796,1912746.0,5586881.0,545851.0,0.0,0.0,1.0,South,2016/2017,SH 2,WAIKAREAO ROAD,Non-Injury Crash,Yes,2017,East,0.0,,Hill Road,,,,,Overcast,1464600.0,0.0,0.0,0.0,2.0,0.0,,,Hawke's Bay Region,Nil,2-way,Sealed,0.0,0.0,,100.0,,None,0.0,0.0,,30.0,Hastings District,Unknown,,,,,0.0,0.0,Open,1.0,,,Fine
660527,1927579.8694,5607390.472999999,548400.0,0.0,0.0,1.0,Null,2018/2019,HAWKES BAY EXPRESSWAY,OMAHU ROAD,Non-Injury Crash,Yes,2019,Null,0.0,,Flat,,,,,Twilight,1473500.0,0.0,0.0,0.0,2.0,0.0,,,Hawke's Bay Region,Nil,1-way,Sealed,0.0,0.0,,50.0,,On,0.0,0.0,,30.0,Hastings District,Give way,,,,,0.0,0.0,Urban,0.0,,,Fine
216199,1932861.0,5608088.0,545721.0,0.0,0.0,1.0,South,2014/2015,RUAHAPIA ROAD,OTENE ROAD,Fatal Crash,No,2015,East,1.0,,Flat,,,,,Bright sun,1471900.0,0.0,0.0,0.0,2.0,0.0,,,Hawke's Bay Region,Nil,2-way,Sealed,0.0,1.0,,80.0,,Null,0.0,0.0,,30.0,Hastings District,Nil,,,,,0.0,0.0,Open,1.0,,,Fine
251592,1928797.0,5606273.0,547700.0,0.0,0.0,1.0,Null,2005/2006,OMAHU ROAD,PAKOWHAI ROAD,Non-Injury Crash,No,2005,East,0.0,0.0,Flat,0.0,,0.0,0.0,Dark,1486000.0,0.0,0.0,0.0,2.0,0.0,0.0,,Hawke's Bay Region,Nil,2-way,Sealed,0.0,0.0,0.0,50.0,0.0,On,0.0,0.0,,30.0,Hastings District,Give way,1.0,1.0,0.0,0.0,0.0,0.0,Urban,0.0,0.0,0.0,Fine
485020,1931031.0,5613805.0,545831.0,0.0,0.0,1.0,North,2008/2009,SH 50,PAKOWHAI ON SBD,Minor Crash,Yes,2008,South,0.0,,Flat,,,,,Overcast,1404600.0,1.0,0.0,0.0,4.0,0.0,,1.0,Hawke's Bay Region,Nil,2-way,Sealed,0.0,0.0,,100.0,,Null,0.0,0.0,,30.0,Hastings District,Nil,,,,,0.0,0.0,Open,0.0,,,Fine
208774,1913501.0,5587560.0,545851.0,0.0,0.0,0.0,North,2005/2006,SH 2,WAIKAREAO ROAD,Non-Injury Crash,Yes,2005,North,0.0,,Hill Road,,,,,Dark,1464500.0,0.0,0.0,0.0,2.0,0.0,,,Hawke's Bay Region,Nil,2-way,Sealed,0.0,0.0,,100.0,,None,1.0,0.0,,30.0,Hastings District,Nil,,,,,0.0,0.0,Open,0.0,,,Fine
592780,1923039.0,5611774.0,545822.0,0.0,0.0,1.0,South,2012/2013,SH 50 KOROKIPO ROAD,TAIHAPE ROAD,Non-Injury Crash,Yes,2013,South,0.0,,Hill Road,,,,,Bright sun,1409300.0,0.0,0.0,0.0,2.0,0.0,,,Hawke's Bay Region,Bridge,2-way,Sealed,0.0,0.0,,50.0,,Null,0.0,0.0,,30.0,Hastings District,Nil,,,,,0.0,0.0,Urban,0.0,,,Fine
121459,1930510.0,5604594.0,548100.0,0.0,0.0,2.0,Null,2015/2016,WILLOWPARK ROAD NORTH,ST AUBYN ST EAST,Non-Injury Crash,No,2015,West,0.0,,Flat,,,,,Bright sun,1500800.0,0.0,0.0,0.0,2.0,0.0,,,Hawke's Bay Region,Nil,2-way,Sealed,0.0,0.0,,50.0,,Null,0.0,0.0,,30.0,Hastings District,Give way,,,,,0.0,0.0,Urban,0.0,,,Fine
437092,1929546.5565,5605074.3776,548200.0,0.0,0.0,2.0,North,2019/2020,EASTBOURNE STREET WEST,KING STREET SOUTH,Non-Injury Crash,No,2019,South,0.0,,Flat,,,,,Overcast,1489000.0,0.0,0.0,0.0,2.0,0.0,,,Hawke's Bay Region,Nil,2-way,Sealed,0.0,0.0,,50.0,,None,0.0,0.0,,30.0,Hastings District,Nil,,,,,0.0,0.0,Urban,0.0,,,Fine
501547,1924802.0,5600103.0,545852.0,0.0,0.0,1.0,South,2006/2007,SH 50A,TURAMOE ROAD,Non-Injury Crash,Yes,2006,South,0.0,,Flat,,,,,Twilight,1469600.0,0.0,0.0,0.0,3.0,0.0,,,Hawke's Bay Region,Nil,2-way,Sealed,0.0,0.0,,100.0,,Off,0.0,0.0,,30.0,Hastings District,Nil,,,,,1.0,0.0,Open,0.0,,,Fine
325708,1930314.0,5604248.0,548300.0,0.0,0.0,2.0,East,2013/2014,HERETAUNGA ST EAST,MADDISON ST,Non-Injury Crash,No,2013,West,0.0,,Flat,,,,,Bright sun,1501600.0,0.0,0.0,0.0,2.0,0.0,,,Hawke's Bay Region,Nil,2-way,Sealed,0.0,0.0,,50.0,,Off,0.0,0.0,,30.0,Hastings District,Nil,,,,,0.0,0.0,Urban,1.0,,,Fine
726352,1914185.0,5643826.0,545912.0,0.0,0.0,0.0,North,2013/2014,HENDLEY ROAD,HUIARANGI ROAD,Minor Crash,No,2013,North,0.0,,Flat,,,,,Bright sun,1412100.0,1.0,0.0,0.0,1.0,1.0,,,Hawke's Bay Region,Nil,2-way,Unsealed,0.0,0.0,,100.0,,Null,0.0,0.0,,30.0,Hastings District,Nil,,,,,0.0,0.0,Open,0.0,,,Fine
77414,1930337.0,5632630.0,545811.0,0.0,0.0,1.0,Null,2003/2004,SH 5,YULE ROAD,Non-Injury Crash,Yes,2003,West,0.0,,Flat,,,,,Bright sun,1414700.0,0.0,0.0,0.0,2.0,0.0,,,Hawke's Bay Region,Nil,2-way,Sealed,0.0,0.0,,100.0,,Null,0.0,0.0,,30.0,Hastings District,Stop,,,,,1.0,0.0,Open,0.0,,,Fine
424854,1930298.0,5632637.0,545811.0,0.0,0.0,0.0,West,2016/2017,SH 5,YULE ROAD,Non-Injury Crash,Yes,2017,East,0.0,1.0,Flat,0.0,,0.0,0.0,Dark,1414700.0,0.0,0.0,0.0,2.0,0.0,0.0,,Hawke's Bay Region,Nil,2-way,Sealed,0.0,0.0,0.0,100.0,0.0,None,1.0,0.0,,30.0,Hastings District,Unknown,0.0,0.0,0.0,0.0,0.0,0.0,Open,0.0,0.0,0.0,Light rain
88990,1930781.0,5605947.0,548000.0,0.0,0.0,2.0,North,2002/2003,FREDERICK ST,CAROLINE ROAD,Non-Injury Crash,No,2003,North,0.0,,Flat,,,,,Dark,1495500.0,0.0,0.0,0.0,2.0,0.0,,,Hawke's Bay Region,Rail xing,2-way,Sealed,0.0,0.0,,50.0,,On,0.0,0.0,,30.0,Hastings District,Nil,,,,,0.0,0.0,Urban,0.0,,,Fine
340530,1930493.0,5610320.0,545832.0,0.0,0.0,2.0,North,2002/2003,SH 50A,EVENDEN ROAD,Non-Injury Crash,Yes,2003,South,0.0,0.0,Flat,0.0,,0.0,0.0,Dark,1404400.0,0.0,0.0,0.0,2.0,0.0,0.0,,Hawke's Bay Region,Bridge,2-way,Sealed,0.0,0.0,0.0,100.0,0.0,None,0.0,0.0,,30.0,Hastings District,Nil,0.0,0.0,0.0,0.0,0.0,0.0,Open,0.0,0.0,0.0,Light rain
40320,1929764.0,5604384.0,548200.0,0.0,0.0,2.0,Null,2003/2004,HASTINGS ST SOUTH,SOUTHAMPTON ST EAST,Minor Crash,No,2004,South,0.0,,Flat,,,,,Bright sun,1493000.0,1.0,0.0,0.0,2.0,0.0,,,Hawke's Bay Region,Nil,2-way,Sealed,0.0,0.0,,50.0,,Null,0.0,0.0,,30.0,Hastings District,Give way,,,,,0.0,0.0,Urban,0.0,,,Fine
362330,1932354.2967,5610888.8397,545832.0,0.0,0.0,2.0,North,2019/2020,PAKOWHAI ROAD,HODGSON ROAD,Non-Injury Crash,No,2020,North,0.0,1.0,Flat,0.0,,0.0,0.0,Dark,1404000.0,0.0,0.0,0.0,2.0,0.0,1.0,,Hawke's Bay Region,Nil,2-way,Sealed,0.0,0.0,0.0,80.0,0.0,None,1.0,0.0,,30.0,Hastings District,Nil,0.0,0.0,0.0,0.0,0.0,0.0,Open,0.0,0.0,0.0,Fine
525310,1929634.0,5605762.0,548200.0,0.0,0.0,1.0,Null,2017/2018,ST AUBYN ST WEST,TOMOANA ROAD,Non-Injury Crash,No,2017,West,0.0,,Flat,,,,,Overcast,1490300.0,0.0,0.0,0.0,2.0,0.0,,,Hawke's Bay Region,Nil,2-way,Sealed,0.0,0.0,,50.0,,Null,0.0,0.0,,30.0,Hastings District,Traffic Signals,,,,,0.0,0.0,Urban,1.0,,,Fine
698638,1914086.0,5657075.0,545911.0,0.0,0.0,2.0,East,2002/2003,SH 5,MOHAKA BR,Non-Injury Crash,Yes,2003,West,0.0,,Hill Road,,,,,Bright sun,1415900.0,0.0,0.0,0.0,2.0,0.0,,,Hawke's Bay Region,Nil,2-way,Sealed,0.0,0.0,,100.0,,None,0.0,0.0,,30.0,Hastings District,Nil,,,,,0.0,0.0,Open,0.0,,,Fine
702833,1930910.0,5606013.0,548000.0,0.0,0.0,2.0,North,2011/2012,BARDEN ST,CAROLINE ROAD,Non-Injury Crash,No,2012,West,0.0,0.0,Flat,0.0,,0.0,0.0,Overcast,1495500.0,0.0,0.0,0.0,2.0,0.0,1.0,,Hawke's Bay Region,Nil,2-way,Sealed,0.0,0.0,0.0,50.0,0.0,Null,0.0,0.0,,30.0,Hastings District,Nil,0.0,0.0,0.0,0.0,0.0,0.0,Urban,0.0,0.0,0.0,Heavy rain
195860,1928593.0,5633406.0,545811.0,0.0,0.0,0.0,South,2002/2003,SH 5,ELLIS WALLACE ROAD,Non-Injury Crash,Yes,2002,South,0.0,,Flat,,,,,Dark,1414700.0,0.0,0.0,0.0,2.0,0.0,,,Hawke's Bay Region,Nil,2-way,Sealed,0.0,0.0,,100.0,,None,0.0,0.0,,30.0,Hastings District,Nil,,,,,2.0,0.0,Open,0.0,,,Fine
210637,1937036.0,5613428.0,545832.0,0.0,0.0,2.0,South,2011/2012,SH 2,WAITANGI ROAD,Non-Injury Crash,Yes,2012,South,0.0,,Flat,,,,,Bright sun,1404000.0,0.0,0.0,0.0,2.0,0.0,,,Hawke's Bay Region,Nil,2-way,Sealed,0.0,0.0,,80.0,,Null,0.0,0.0,,30.0,Hastings District,Nil,,,,,0.0,0.0,Open,0.0,,,Fine
527808,1936822.0,5636721.0,545812.0,0.0,0.0,1.0,South,2007/2008,SH 2,PAKURATAHI VALLEY ROAD,Serious Crash,Yes,2007,South,0.0,0.0,Flat,0.0,,0.0,0.0,Bright sun,1414903.0,1.0,0.0,1.0,2.0,0.0,0.0,,Hawke's Bay Region,Nil,2-way,Sealed,0.0,1.0,0.0,100.0,0.0,Null,0.0,0.0,,30.0,Hastings District,Nil,0.0,0.0,0.0,0.0,0.0,0.0,Open,0.0,0.0,0.0,Fine
554587,1933609.0,5603689.0,545750.0,0.0,0.0,1.0,North,2007/2008,NAPIER ROAD,THOMPSON ROAD,Non-Injury Crash,No,2007,South,0.0,,Flat,,,,,Bright sun,1406600.0,0.0,0.0,0.0,2.0,0.0,,,Hawke's Bay Region,Nil,2-way,Sealed,0.0,0.0,,100.0,,Null,0.0,0.0,,30.0,Hastings District,Nil,,,,,0.0,0.0,Open,1.0,,,Fine
392371,1927955.9806,5606509.1996,548500.0,0.0,0.0,2.0,Null,2018/2019,LOWE STREET,KIWI STREET,Non-Injury Crash,No,2019,East,0.0,0.0,Flat,0.0,,0.0,0.0,Overcast,1479300.0,0.0,0.0,0.0,2.0,0.0,1.0,,Hawke's Bay Region,Nil,2-way,Sealed,0.0,0.0,0.0,50.0,0.0,Off,0.0,0.0,,30.0,Hastings District,Give way,0.0,0.0,0.0,0.0,0.0,0.0,Urban,0.0,0.0,0.0,Fine
347219,1923491.0,5596659.0,545851.0,0.0,0.0,1.0,South,2006/2007,SH 2,STOCK ROAD,Non-Injury Crash,Yes,2006,South,0.0,0.0,Hill Road,0.0,,0.0,0.0,Overcast,1463900.0,0.0,0.0,0.0,2.0,0.0,0.0,,Hawke's Bay Region,Nil,2-way,Sealed,0.0,0.0,0.0,100.0,0.0,Null,0.0,0.0,,30.0,Hastings District,Nil,0.0,0.0,0.0,0.0,0.0,0.0,Open,0.0,0.0,0.0,Fine
320030,1929591.6649,5605015.5631,548200.0,0.0,0.0,2.0,North,2018/2019,EASTBOURNE STREET WEST,KING STREET SOUTH,Non-Injury Crash,No,2019,East,0.0,,Flat,,,,,Overcast,1489500.0,0.0,0.0,0.0,2.0,0.0,,,Hawke's Bay Region,Nil,2-way,Sealed,0.0,0.0,,50.0,,Off,0.0,0.0,,30.0,Hastings District,Nil,,,,,0.0,0.0,Urban,0.0,,,Light rain
216330,1929464.0,5605185.0,548200.0,0.0,0.0,2.0,Null,2005/2006,NELSON ST SOUTH,EASTBOURNE ST WEST,Serious Crash,No,2006,West,0.0,0.0,Flat,0.0,,1.0,0.0,Dark,1488900.0,2.0,0.0,0.0,2.0,0.0,0.0,,Hawke's Bay Region,Nil,2-way,Sealed,0.0,1.0,0.0,50.0,0.0,On,0.0,0.0,,30.0,Hastings District,Give way,0.0,0.0,0.0,0.0,0.0,0.0,Urban,0.0,0.0,0.0,Light rain
445510,1924951.0,5601696.0,545851.0,0.0,0.0,2.0,Null,2006/2007,SH 50A,MANGAROA ROAD,Non-Injury Crash,Yes,2006,North,0.0,0.0,Flat,0.0,,0.0,0.0,Overcast,1463500.0,0.0,0.0,0.0,2.0,0.0,0.0,,Hawke's Bay Region,Nil,2-way,Sealed,0.0,0.0,0.0,100.0,0.0,Null,0.0,0.0,,30.0,Hastings District,Give way,1.0,1.0,0.0,0.0,0.0,0.0,Open,0.0,0.0,0.0,Fine
572387,1929798.0,5604741.0,548200.0,0.0,0.0,0.0,Null,2004/2005,EASTBOURNE ST EAST,KARAMU ROAD SOUTH,Non-Injury Crash,No,2004,North,0.0,0.0,Flat,0.0,,0.0,0.0,Dark,1492000.0,0.0,0.0,0.0,2.0,0.0,0.0,,Hawke's Bay Region,Nil,2-way,Sealed,0.0,0.0,0.0,50.0,0.0,On,0.0,0.0,,30.0,Hastings District,Traffic Signals,0.0,1.0,0.0,0.0,0.0,0.0,Urban,1.0,0.0,0.0,Fine
437845,1930457.0,5610174.0,545832.0,0.0,0.0,0.0,South,2007/2008,SH 50A,NGARURORO BR,Non-Injury Crash,Yes,2008,South,0.0,1.0,Flat,0.0,,0.0,0.0,Dark,1404400.0,0.0,0.0,0.0,2.0,0.0,0.0,,Hawke's Bay Region,Bridge,2-way,Sealed,0.0,0.0,0.0,100.0,0.0,None,0.0,0.0,,30.0,Hastings District,Nil,0.0,0.0,0.0,0.0,0.0,0.0,Open,1.0,0.0,0.0,Fine
27481,1928610.0,5605221.0,547900.0,1.0,0.0,0.0,Null,2014/2015,PEPPER ST,COOK PLACE,Non-Injury Crash,No,2015,East,0.0,,Flat,,,,,Unknown,1480400.0,0.0,0.0,0.0,2.0,0.0,,,Hawke's Bay Region,Nil,2-way,Sealed,0.0,0.0,,50.0,,Off,1.0,0.0,,30.0,Hastings District,Nil,,,,,0.0,0.0,Urban,0.0,,,Null
190847,1929078.0,5605291.0,547700.0,0.0,0.0,2.0,West,2003/2004,SOUTHAMPTON ST WEST,CHARLES ST,Minor Crash,No,2003,West,0.0,0.0,Flat,0.0,,0.0,0.0,Overcast,1487700.0,1.0,0.0,0.0,2.0,0.0,0.0,,Hawke's Bay Region,Nil,2-way,Sealed,0.0,0.0,0.0,50.0,0.0,Null,0.0,0.0,,30.0,Hastings District,Nil,1.0,0.0,0.0,0.0,0.0,0.0,Urban,0.0,0.0,0.0,Fine
346806,1930161.0,5606910.0,547600.0,0.0,0.0,0.0,East,2001/2002,FREDERICK ST,KAURI ST,Minor Crash,No,2002,West,0.0,2.0,Flat,0.0,Queens Birthday,0.0,0.0,Dark,1483000.0,1.0,0.0,0.0,2.0,0.0,1.0,,Hawke's Bay Region,Nil,2-way,Sealed,0.0,0.0,0.0,50.0,0.0,On,0.0,0.0,,30.0,Hastings District,Nil,0.0,0.0,0.0,0.0,0.0,0.0,Urban,2.0,0.0,0.0,Fine
131519,1933185.0,5602460.0,548831.0,0.0,0.0,1.0,South,2002/2003,NAPIER ROAD,CROSSES ROAD,Non-Injury Crash,No,2003,South,0.0,,Flat,,,,,Bright sun,1509100.0,0.0,0.0,0.0,2.0,0.0,,,Hawke's Bay Region,Nil,2-way,Sealed,0.0,0.0,,50.0,,Null,0.0,0.0,,30.0,Hastings District,Nil,,,,,1.0,0.0,Urban,1.0,,,Fine
163114,1930671.0,5606104.0,547600.0,0.0,0.0,1.0,Null,2002/2003,NELSON ST NORTH,FREDERICK ST,Non-Injury Crash,No,2003,North,0.0,0.0,Flat,0.0,,0.0,0.0,Dark,1483700.0,0.0,0.0,0.0,2.0,0.0,0.0,,Hawke's Bay Region,Nil,2-way,Sealed,0.0,0.0,0.0,50.0,0.0,On,0.0,0.0,,30.0,Hastings District,Give way,0.0,0.0,0.0,0.0,0.0,0.0,Urban,0.0,0.0,0.0,Light rain
136905,1920131.0,5607457.0,545841.0,0.0,0.0,2.0,South,1999/2000,SH 50,NGATARAWA ROAD,Non-Injury Crash,Yes,2000,South,0.0,,Flat,,Queens Birthday,,,Dark,1462901.0,0.0,0.0,0.0,2.0,0.0,,,Hawke's Bay Region,Nil,2-way,Sealed,0.0,0.0,,100.0,,None,0.0,0.0,,30.0,Hastings District,Nil,,,,,0.0,0.0,Open,0.0,,,Light rain
133134,1944444.0,5660076.0,545911.0,0.0,0.0,0.0,South,2002/2003,SH 2,WAIKARE ROAD,Minor Crash,Yes,2003,South,0.0,0.0,Flat,0.0,,0.0,0.0,Dark,1416100.0,2.0,0.0,0.0,2.0,0.0,0.0,,Hawke's Bay Region,Nil,2-way,Sealed,0.0,0.0,0.0,100.0,0.0,None,0.0,0.0,,30.0,Hastings District,Nil,0.0,0.0,0.0,0.0,0.0,0.0,Open,1.0,0.0,0.0,Light rain
284244,1928508.0,5607214.0,547800.0,0.0,0.0,1.0,Null,2004/2005,FRIMLEY ROAD,NOTTINGLEY ROAD,Non-Injury Crash,No,2004,South,0.0,0.0,Flat,0.0,,0.0,0.0,Dark,1476900.0,0.0,0.0,0.0,2.0,0.0,0.0,,Hawke's Bay Region,Nil,2-way,Sealed,0.0,0.0,0.0,50.0,0.0,On,0.0,0.0,,30.0,Hastings District,Nil,0.0,0.0,0.0,0.0,0.0,0.0,Urban,0.0,0.0,0.0,Fine
651226,1936313.0,5588846.0,545860.0,0.0,0.0,2.0,South,2005/2006,MARAETOTARA ROAD,WAIMARAMA ROAD,Non-Injury Crash,No,2005,South,0.0,,Hill Road,,,,,Bright sun,1467500.0,0.0,0.0,0.0,2.0,0.0,,,Hawke's Bay Region,Nil,2-way,Sealed,0.0,0.0,,100.0,,Null,0.0,0.0,,30.0,Hastings District,Nil,,,,,0.0,0.0,Open,0.0,,,Fine
107495,1927788.0,5607188.0,548500.0,0.0,0.0,1.0,North,2008/2009,Z FCT GULF,OMAHU/STONYCROFT,Non-Injury Crash,No,2009,North,0.0,0.0,Flat,0.0,Queens Birthday,0.0,0.0,Dark,1477900.0,0.0,0.0,0.0,0.0,0.0,1.0,,Hawke's Bay Region,Nil,Off road,Sealed,0.0,0.0,0.0,50.0,0.0,On,0.0,0.0,,30.0,Hastings District,Nil,0.0,0.0,0.0,0.0,0.0,0.0,Urban,1.0,0.0,0.0,Fine
85128,1930317.0,5604449.0,548200.0,0.0,0.0,2.0,Null,2008/2009,WILLOWPARK ROAD NORTH,QUEEN ST EAST,Non-Injury Crash,No,2009,South,0.0,,Flat,,,,,Bright sun,1494000.0,0.0,0.0,0.0,2.0,0.0,,,Hawke's Bay Region,Nil,2-way,Sealed,0.0,0.0,,50.0,,Null,0.0,0.0,,30.0,Hastings District,Give way,,,,,0.0,0.0,Urban,0.0,,,Fine
619903,1936329.0,5611391.0,545832.0,0.0,0.0,1.0,South,2006/2007,SH 2,FARNDON ROAD,Non-Injury Crash,Yes,2007,South,0.0,0.0,Flat,0.0,,0.0,0.0,Dark,1404200.0,0.0,0.0,0.0,2.0,0.0,0.0,,Hawke's Bay Region,Bridge,2-way,Sealed,0.0,0.0,0.0,50.0,0.0,On,0.0,0.0,,30.0,Hastings District,Nil,0.0,0.0,0.0,0.0,0.0,0.0,Urban,0.0,0.0,0.0,Heavy rain
686780,1930090.8043,5604754.1222,548200.0,0.0,0.0,2.0,South,2018/2019,QUEEN STREET EAST,WARREN ST NORTH,Non-Injury Crash,No,2019,East,0.0,,Flat,,,,,Bright sun,1493400.0,0.0,0.0,0.0,2.0,0.0,,,Hawke's Bay Region,Nil,2-way,Sealed,0.0,0.0,,50.0,,Off,0.0,0.0,,30.0,Hastings District,Unknown,,,,,0.0,0.0,Urban,0.0,,,Fine
465099,1927117.0,5635771.0,545811.0,0.0,0.0,1.0,North,2007/2008,SH 5,BEATTIE ROAD,Minor Crash,Yes,2008,North,0.0,1.0,Flat,0.0,,0.0,0.0,Dark,1414700.0,1.0,0.0,0.0,2.0,0.0,0.0,,Hawke's Bay Region,Nil,2-way,Sealed,0.0,0.0,0.0,100.0,0.0,None,0.0,0.0,,30.0,Hastings District,Nil,0.0,0.0,0.0,0.0,0.0,0.0,Open,0.0,0.0,0.0,Fine
346197,1932251.0,5611294.0,545832.0,0.0,0.0,2.0,South,2015/2016,PAKOWHAI ROAD,BROOKFIELDS ROAD,Non-Injury Crash,No,2016,North,0.0,,Flat,,,,,Bright sun,1404000.0,0.0,0.0,0.0,2.0,0.0,,,Hawke's Bay Region,Nil,2-way,Sealed,0.0,0.0,,60.0,,Null,0.0,0.0,,30.0,Hastings District,Unknown,,,,,0.0,0.0,Urban,0.0,,,Fine
369660,1936348.0,5611361.0,545730.0,0.0,0.0,1.0,Null,2017/2018,SH 2,CLIVE BR,Non-Injury Crash,Yes,2017,North,0.0,0.0,Flat,0.0,,0.0,0.0,Dark,1404800.0,0.0,0.0,0.0,2.0,0.0,0.0,,Hawke's Bay Region,Bridge,2-way,Sealed,0.0,0.0,0.0,50.0,0.0,On,0.0,0.0,,30.0,Hastings District,Unknown,0.0,0.0,0.0,0.0,0.0,0.0,Urban,0.0,0.0,0.0,Fine
464540,1932139.0,5611571.0,545832.0,0.0,0.0,2.0,Null,2004/2005,BROOKFIELDS ROAD,PAKOWHAI ROAD,Minor Crash,No,2004,North,0.0,,Flat,,,,,Dark,1403900.0,1.0,0.0,0.0,2.0,0.0,,,Hawke's Bay Region,Nil,2-way,Sealed,0.0,0.0,,50.0,,On,0.0,0.0,,30.0,Hastings District,Nil,,,,,0.0,0.0,Urban,0.0,,,Fine
287893,1928912.0,5598251.0,545851.0,0.0,0.0,0.0,West,2011/2012,MIDDLE ROAD,CRYSTALL ROAD,Minor Crash,No,2011,South,0.0,0.0,Flat,0.0,,0.0,0.0,Bright sun,1465802.0,1.0,0.0,0.0,2.0,0.0,0.0,,Hawke's Bay Region,Nil,2-way,Sealed,0.0,0.0,0.0,100.0,0.0,Null,0.0,0.0,,30.0,Hastings District,Nil,0.0,0.0,0.0,0.0,1.0,0.0,Open,0.0,0.0,0.0,Fine
339488,1933161.0,5605221.0,545721.0,0.0,0.0,1.0,South,2002/2003,ST GEORGES ROAD,FARMLET ROAD,Non-Injury Crash,No,2003,North,0.0,0.0,Flat,0.0,,0.0,0.0,Dark,1472600.0,0.0,0.0,0.0,2.0,0.0,0.0,,Hawke's Bay Region,Nil,2-way,Sealed,0.0,0.0,0.0,100.0,0.0,None,0.0,0.0,,30.0,Hastings District,Nil,0.0,1.0,0.0,1.0,0.0,0.0,Open,0.0,0.0,0.0,Light rain
423009,1929325.0,5605507.0,547700.0,0.0,0.0,2.0,Null,2001/2002,Z CPK WRITE PRICE,HERETAUNGA/CHARLES,Non-Injury Crash,No,2001,North,0.0,,Flat,,,,,Overcast,1487700.0,0.0,0.0,0.0,1.0,0.0,,,Hawke's Bay Region,Nil,Off road,Sealed,0.0,0.0,,50.0,,Null,0.0,0.0,,30.0,Hastings District,Nil,,,,,0.0,0.0,Urban,0.0,,,Fine
124908,1931558.0,5612695.0,545832.0,0.0,0.0,1.0,South,2010/2011,PAKOWHAI ROAD,ALLEN ROAD,Non-Injury Crash,No,2010,North,0.0,,Flat,,,,,Bright sun,1403900.0,0.0,0.0,0.0,2.0,0.0,,,Hawke's Bay Region,Nil,2-way,Sealed,0.0,0.0,,100.0,,Null,0.0,0.0,,30.0,Hastings District,Nil,,,,,0.0,0.0,Open,2.0,,,Fine
297561,1930473.0,5607553.0,545721.0,0.0,0.0,2.0,Null,2004/2005,PAKOWHAI ROAD,EVENDEN ROAD,Non-Injury Crash,No,2005,South,0.0,,Flat,,,,,Dark,1471401.0,0.0,0.0,0.0,2.0,0.0,,,Hawke's Bay Region,Nil,2-way,Sealed,0.0,0.0,,70.0,,On,0.0,0.0,,30.0,Hastings District,Give way,,,,,0.0,0.0,Urban,0.0,,,Fine
703310,1928304.0037,5605269.7095,547900.0,0.0,0.0,2.0,North,2018/2019,GORDON ROAD,FLORENCE STREET,Non-Injury Crash,No,2018,North,0.0,0.0,Flat,0.0,,0.0,0.0,Overcast,1480100.0,0.0,0.0,0.0,2.0,0.0,1.0,,Hawke's Bay Region,Nil,2-way,Sealed,0.0,0.0,0.0,50.0,0.0,Off,0.0,0.0,,30.0,Hastings District,Unknown,0.0,0.0,0.0,0.0,0.0,0.0,Urban,0.0,0.0,0.0,Fine
342905,1908885.0,5664652.0,545911.0,0.0,0.0,1.0,South,2016/2017,SH 5,KOWARO ROADWAY,Serious Crash,Yes,2017,West,0.0,0.0,Hill Road,0.0,,0.0,0.0,Overcast,1414400.0,0.0,0.0,0.0,3.0,0.0,0.0,,Hawke's Bay Region,Nil,2-way,Sealed,0.0,1.0,0.0,100.0,0.0,Null,0.0,0.0,,30.0,Hastings District,Unknown,0.0,0.0,0.0,0.0,0.0,0.0,Open,0.0,0.0,0.0,Light rain
379273,1930185.0,5605031.0,548200.0,0.0,0.0,1.0,Null,2016/2017,ST AUBYN ST EAST,KARAMU ROAD NORTH,Minor Crash,No,2016,West,0.0,,Flat,,,,,Dark,1494100.0,2.0,0.0,0.0,5.0,0.0,,2.0,Hawke's Bay Region,Nil,Null,Sealed,0.0,0.0,,50.0,,On,0.0,0.0,,30.0,Hastings District,Traffic Signals,,,,,0.0,0.0,Urban,0.0,,,Fine
630339,1928123.0,5605755.0,547900.0,0.0,0.0,2.0,East,2015/2016,MARAEKAKAHO ROAD,KAIAPO ROAD,Non-Injury Crash,No,2016,East,0.0,0.0,Flat,0.0,,0.0,0.0,Bright sun,1469802.0,0.0,0.0,0.0,2.0,0.0,1.0,,Hawke's Bay Region,Nil,2-way,Sealed,0.0,0.0,0.0,50.0,0.0,Null,0.0,0.0,,30.0,Hastings District,Unknown,0.0,0.0,0.0,0.0,0.0,0.0,Urban,0.0,0.0,0.0,Fine
461262,1929850.0,5605477.0,548200.0,0.0,0.0,1.0,Null,2012/2013,NELSON ST NORTH,ST AUBYN ST WEST,Non-Injury Crash,No,2013,South,0.0,,Flat,,,,,Dark,1490405.0,0.0,0.0,0.0,2.0,0.0,,,Hawke's Bay Region,Nil,2-way,Sealed,0.0,0.0,,50.0,,On,0.0,0.0,,30.0,Hastings District,Traffic Signals,,,,,1.0,0.0,Urban,0.0,,,Light rain