OBJECTID,X,Y,areaUnitID,bicycle,bus,carStationWagon,crashDirectionDescription,crashFinancialYear,crashLocation1,crashLocation2,crashSeverity,crashSHDescription,crashYear,directionRoleDescription,fatalCount,fence,flatHill,guardRail,holiday,houseOrBuilding,kerb,light,meshblockId,minorInjuryCount,moped,motorcycle,NumberOfLanes,otherVehicleType,parkedVehicle,pedestrian,region,roadCharacter,roadLane,roadSurface,schoolBus,seriousInjuryCount,slipOrFlood,speedLimit,strayAnimal,streetLight,suv,taxi,temporarySpeedLimit,tlaId,tlaName,trafficControl,trafficIsland,trafficSign,train,tree,truck,unknownVehicleType,urban,vanOrUtility,vehicle,waterRiver,weatherA
125285,1929456.0,5605429.0,548200.0,0.0,0.0,1.0,North,2014/2015,Z FCT Z,SOUTHLAND ROAD,Minor Crash,No,2014,West,0.0,0.0,Flat,0.0,,0.0,0.0,Dark,1490100.0,1.0,0.0,0.0,0.0,0.0,0.0,1.0,Hawke's Bay Region,Nil,Off road,Sealed,0.0,0.0,0.0,30.0,0.0,On,0.0,0.0,,30.0,Hastings District,Unknown,0.0,0.0,0.0,0.0,0.0,0.0,Urban,1.0,0.0,0.0,Fine
534019,1929840.0,5605089.0,548200.0,0.0,0.0,0.0,Null,2013/2014,MARKET ST NORTH,QUEEN ST WEST,Non-Injury Crash,No,2013,South,0.0,0.0,Flat,0.0,,1.0,0.0,Overcast,1491300.0,0.0,0.0,0.0,2.0,0.0,0.0,,Hawke's Bay Region,Nil,2-way,Sealed,0.0,0.0,0.0,50.0,0.0,Null,0.0,0.0,,30.0,Hastings District,Traffic Signals,0.0,0.0,0.0,0.0,0.0,0.0,Urban,2.0,0.0,0.0,Mist or Fog
526098,1932801.0,5608139.0,545721.0,0.0,0.0,1.0,Null,2002/2003,RUAHAPIA ROAD,OTENE ROAD,Minor Crash,No,2003,North,0.0,1.0,Flat,0.0,,0.0,0.0,Dark,1471800.0,1.0,0.0,0.0,2.0,0.0,0.0,,Hawke's Bay Region,Nil,2-way,Sealed,0.0,0.0,0.0,100.0,0.0,None,0.0,0.0,,30.0,Hastings District,Give way,0.0,0.0,0.0,0.0,0.0,0.0,Open,0.0,0.0,0.0,Fine
140903,1929293.0,5609143.0,545710.0,0.0,0.0,1.0,North,2009/2010,ORMOND ROAD,EVENDEN ROAD,Non-Injury Crash,No,2010,North,0.0,0.0,Flat,0.0,,0.0,0.0,Dark,1471100.0,0.0,0.0,0.0,2.0,0.0,1.0,,Hawke's Bay Region,Nil,2-way,Sealed,0.0,0.0,0.0,100.0,0.0,None,1.0,0.0,,30.0,Hastings District,Nil,0.0,0.0,0.0,0.0,0.0,0.0,Open,0.0,0.0,0.0,Fine
372977,1936220.0,5611855.0,545832.0,0.0,0.0,1.0,North,2001/2002,SH 2,HELLYERS LANE,Non-Injury Crash,Yes,2002,South,0.0,,Flat,,,,,Dark,1404200.0,0.0,0.0,0.0,2.0,0.0,,,Hawke's Bay Region,Nil,2-way,Sealed,0.0,0.0,,50.0,,None,0.0,0.0,,30.0,Hastings District,Nil,,,,,0.0,0.0,Urban,0.0,,,Fine
88588,1928849.0,5606196.0,547700.0,0.0,0.0,3.0,West,2008/2009,HERETAUNGA ST WEST,STORTFORD ST,Non-Injury Crash,No,2008,West,0.0,,Flat,,,,,Bright sun,1486600.0,0.0,0.0,0.0,2.0,0.0,,,Hawke's Bay Region,Nil,2-way,Sealed,0.0,0.0,,50.0,,Null,0.0,0.0,,30.0,Hastings District,Nil,,,,,0.0,0.0,Urban,0.0,,,Fine
581488,1914353.0,5656227.0,545911.0,0.0,0.0,1.0,South,2004/2005,SH 5,MOHAKA BR,Minor Crash,Yes,2004,East,0.0,0.0,Flat,0.0,,0.0,0.0,Overcast,1415900.0,1.0,0.0,0.0,2.0,0.0,0.0,,Hawke's Bay Region,Nil,2-way,Sealed,0.0,0.0,0.0,100.0,0.0,Null,0.0,0.0,,30.0,Hastings District,Nil,0.0,0.0,0.0,0.0,0.0,0.0,Open,0.0,0.0,0.0,Heavy rain
140894,1929754.0,5605202.0,548200.0,1.0,0.0,1.0,Null,2017/2018,QUEEN ST WEST,KING ST NORTH,Non-Injury Crash,No,2017,South,0.0,,Flat,,,,,Bright sun,1490800.0,0.0,0.0,0.0,2.0,0.0,,,Hawke's Bay Region,Nil,2-way,Sealed,0.0,0.0,,50.0,,Null,0.0,0.0,,30.0,Hastings District,Give way,,,,,0.0,0.0,Urban,0.0,,,Fine
449381,1927376.0,5605191.0,545761.0,0.0,0.0,1.0,North,2000/2001,MARAEKAKAHO ROAD,YORK ROAD,Minor Crash,No,2001,South,0.0,,Flat,,,,,Overcast,1468801.0,3.0,0.0,0.0,2.0,0.0,,,Hawke's Bay Region,Nil,2-way,Sealed,0.0,0.0,,70.0,,Null,0.0,0.0,,30.0,Hastings District,Nil,,,,,0.0,0.0,Urban,1.0,,,Fine
197868,1893985.0,5630523.0,545912.0,0.0,0.0,1.0,West,2002/2003,TAIHAPE ROAD,WILLOWFORD ROAD,Serious Crash,No,2003,West,0.0,0.0,Flat,0.0,,0.0,0.0,Bright sun,1409700.0,0.0,0.0,0.0,2.0,0.0,0.0,,Hawke's Bay Region,Nil,2-way,Unsealed,0.0,1.0,0.0,100.0,0.0,Null,0.0,0.0,,30.0,Hastings District,Nil,0.0,0.0,0.0,0.0,0.0,0.0,Open,0.0,0.0,0.0,Fine
576152,1931461.0,5604915.0,548000.0,0.0,0.0,2.0,North,2012/2013,GROVE ROAD,SYLVAN ROAD,Non-Injury Crash,No,2013,North,0.0,1.0,Flat,0.0,,0.0,0.0,Dark,1497900.0,0.0,0.0,0.0,2.0,0.0,1.0,,Hawke's Bay Region,Nil,2-way,Sealed,0.0,0.0,0.0,50.0,0.0,On,0.0,0.0,,30.0,Hastings District,Nil,0.0,0.0,0.0,0.0,0.0,0.0,Urban,0.0,0.0,0.0,Fine
266078,1908832.0,5674604.0,545911.0,0.0,0.0,1.0,North,2005/2006,SH 5,TARAWERA TAV,Non-Injury Crash,Yes,2005,West,0.0,0.0,Hill Road,0.0,,0.0,0.0,Overcast,1281200.0,0.0,0.0,0.0,2.0,0.0,0.0,,Hawke's Bay Region,Nil,2-way,Sealed,0.0,0.0,0.0,100.0,0.0,Null,0.0,0.0,,30.0,Hastings District,Nil,0.0,0.0,0.0,1.0,0.0,0.0,Open,0.0,0.0,0.0,Heavy rain
679171,1911887.0,5586201.0,545851.0,0.0,0.0,1.0,North,2009/2010,SH 2,BOUNDARY ROAD,Non-Injury Crash,Yes,2010,North,0.0,0.0,Flat,0.0,,0.0,0.0,Bright sun,1464600.0,0.0,0.0,0.0,2.0,0.0,0.0,,Hawke's Bay Region,Nil,2-way,Sealed,0.0,0.0,0.0,100.0,0.0,Null,0.0,0.0,,30.0,Hastings District,Nil,0.0,1.0,0.0,0.0,0.0,0.0,Open,0.0,0.0,0.0,Fine
351606,1943318.0,5604683.0,545740.0,0.0,0.0,0.0,South,2010/2011,Z BOAT RAMP,CLIFTON/CHARLTON,Serious Crash,No,2011,East,0.0,,Flat,,Christmas New Year,,,Bright sun,1408100.0,0.0,0.0,1.0,0.0,1.0,,,Hawke's Bay Region,Nil,Off road,Unsealed,0.0,1.0,,50.0,,Null,0.0,0.0,,30.0,Hastings District,Nil,,,,,0.0,0.0,Urban,0.0,,,Fine
116546,1929894.0,5604991.0,548200.0,0.0,0.0,2.0,South,2010/2011,RUSSELL ST NORTH,QUEEN ST EAST,Non-Injury Crash,No,2011,South,0.0,,Flat,,,,,Overcast,1492100.0,0.0,0.0,0.0,2.0,0.0,,,Hawke's Bay Region,Nil,2-way,Sealed,0.0,0.0,,50.0,,Null,0.0,1.0,,30.0,Hastings District,Nil,,,,,0.0,0.0,Urban,0.0,,,Fine
502270,1933507.0,5603153.0,545750.0,0.0,0.0,2.0,South,2008/2009,NAPIER ROAD,THOMPSON ROAD,Non-Injury Crash,No,2009,North,0.0,,Flat,,,,,Overcast,1466202.0,0.0,0.0,0.0,2.0,0.0,,,Hawke's Bay Region,Nil,2-way,Sealed,0.0,0.0,,100.0,,Null,0.0,0.0,,30.0,Hastings District,Nil,,,,,0.0,0.0,Open,0.0,,,Fine
341652,1930473.0,5607553.0,545721.0,0.0,0.0,2.0,Null,2004/2005,PAKOWHAI ROAD,EVENDEN ROAD,Non-Injury Crash,No,2005,West,0.0,,Flat,,,,,Dark,1471401.0,0.0,0.0,0.0,2.0,0.0,,,Hawke's Bay Region,Nil,2-way,Sealed,0.0,0.0,,70.0,,On,0.0,0.0,,30.0,Hastings District,Give way,,,,,0.0,0.0,Urban,0.0,,,Fine
232111,1932730.0,5606264.0,545721.0,0.0,0.0,1.0,East,2017/2018,SH 2,ST GEORGES ROAD,Non-Injury Crash,Yes,2017,West,0.0,1.0,Flat,0.0,,0.0,0.0,Bright sun,1472000.0,0.0,0.0,0.0,2.0,0.0,0.0,,Hawke's Bay Region,Nil,2-way,Sealed,0.0,0.0,0.0,80.0,0.0,Null,0.0,0.0,,30.0,Hastings District,Unknown,0.0,0.0,0.0,0.0,0.0,0.0,Open,1.0,0.0,0.0,Fine
570189,1938009.0,5608174.0,545740.0,0.0,0.0,0.0,Null,2011/2012,MILL ROAD,HAUMOANA ROAD,Non-Injury Crash,No,2011,West,0.0,0.0,Flat,0.0,,0.0,0.0,Twilight,1406900.0,0.0,0.0,0.0,2.0,0.0,0.0,,Hawke's Bay Region,Nil,2-way,Sealed,0.0,0.0,0.0,100.0,0.0,Off,1.0,0.0,,30.0,Hastings District,Give way,0.0,0.0,0.0,1.0,0.0,0.0,Open,0.0,0.0,0.0,Fine
394326,1928603.0,5606451.0,547800.0,0.0,0.0,2.0,North,2015/2016,OMAHU ROAD,PAKOWHAI ROAD,Non-Injury Crash,No,2015,South,0.0,0.0,Flat,0.0,,0.0,0.0,Twilight,1477700.0,0.0,0.0,0.0,2.0,0.0,1.0,,Hawke's Bay Region,Nil,2-way,Sealed,0.0,0.0,0.0,50.0,0.0,Off,1.0,0.0,,30.0,Hastings District,Unknown,0.0,0.0,0.0,0.0,0.0,0.0,Urban,0.0,0.0,0.0,Fine
540141,1928842.0,5603900.0,547900.0,0.0,0.0,1.0,Null,2008/2009,MURDOCH ROAD WEST,RAILWAY ROAD,Non-Injury Crash,No,2008,South,0.0,1.0,Flat,0.0,,0.0,0.0,Overcast,1482600.0,0.0,0.0,0.0,2.0,0.0,0.0,,Hawke's Bay Region,Nil,2-way,Sealed,0.0,0.0,0.0,70.0,0.0,Null,0.0,0.0,,30.0,Hastings District,Stop,0.0,0.0,0.0,0.0,0.0,0.0,Urban,0.0,0.0,0.0,Fine
64565,1931904.0,5604721.0,548000.0,0.0,0.0,2.0,East,2010/2011,BEATTY PLACE,BEATTY ST,Non-Injury Crash,No,2010,South,0.0,0.0,Flat,0.0,,0.0,0.0,Bright sun,1498300.0,0.0,0.0,0.0,2.0,0.0,1.0,,Hawke's Bay Region,Nil,2-way,Sealed,0.0,0.0,0.0,50.0,0.0,Null,0.0,0.0,,30.0,Hastings District,Nil,0.0,0.0,0.0,0.0,0.0,0.0,Urban,0.0,0.0,0.0,Fine
638297,1927813.0,5607108.0,548500.0,0.0,0.0,0.0,West,2012/2013,STONYCROFT ST,OMAHU ROAD,Non-Injury Crash,No,2012,East,0.0,,Flat,,,,,Bright sun,1477900.0,0.0,0.0,0.0,2.0,0.0,,,Hawke's Bay Region,Nil,2-way,Sealed,0.0,0.0,,50.0,,Null,1.0,0.0,,30.0,Hastings District,Nil,,,,,1.0,0.0,Urban,0.0,,,Fine
311235,1930722.0,5605110.0,548200.0,0.0,0.0,1.0,Null,2008/2009,ALEXANDRA ST,HASTINGS ST NORTH,Non-Injury Crash,No,2009,North,0.0,0.0,Flat,0.0,,0.0,0.0,Bright sun,1494700.0,0.0,0.0,0.0,2.0,0.0,0.0,,Hawke's Bay Region,Nil,2-way,Sealed,0.0,0.0,0.0,50.0,0.0,Null,0.0,0.0,30.0,30.0,Hastings District,Give way,0.0,0.0,0.0,0.0,0.0,0.0,Urban,0.0,0.0,0.0,Fine
460471,1936854.0,5612878.0,545832.0,0.0,0.0,2.0,Null,1999/2000,SH 2,WAITANGI STM BR,Non-Injury Crash,Yes,2000,North,0.0,0.0,Flat,0.0,,0.0,0.0,Dark,1404200.0,0.0,0.0,0.0,2.0,0.0,1.0,,Hawke's Bay Region,Bridge,2-way,Sealed,0.0,0.0,0.0,100.0,0.0,None,0.0,0.0,,30.0,Hastings District,Nil,0.0,0.0,0.0,0.0,0.0,0.0,Open,0.0,0.0,0.0,Light rain
526997,1909350.0,5673512.0,545911.0,0.0,0.0,2.0,South,2005/2006,SH 5,TARAWERA TAV,Non-Injury Crash,Yes,2006,North,0.0,,Flat,,,,,Overcast,1281200.0,0.0,0.0,0.0,2.0,0.0,,,Hawke's Bay Region,Nil,2-way,Sealed,0.0,0.0,,100.0,,Null,0.0,0.0,,30.0,Hastings District,Nil,,,,,0.0,0.0,Open,0.0,,,Snow
661712,1930166.0,5603314.0,548300.0,0.0,0.0,1.0,Null,2007/2008,LUMSDEN ROAD,WAVELL ST,Minor Crash,No,2008,North,0.0,0.0,Flat,0.0,,0.0,0.0,Bright sun,1504500.0,1.0,0.0,0.0,2.0,0.0,1.0,,Hawke's Bay Region,Nil,2-way,Sealed,0.0,0.0,0.0,50.0,0.0,Null,1.0,0.0,,30.0,Hastings District,Nil,0.0,0.0,0.0,0.0,0.0,0.0,Urban,0.0,0.0,0.0,Fine
69410,1929464.0,5605185.0,548200.0,0.0,0.0,2.0,Null,2015/2016,EASTBOURNE ST WEST,NELSON ST SOUTH,Minor Crash,No,2015,North,0.0,,Flat,,,,,Bright sun,1488900.0,2.0,0.0,0.0,2.0,0.0,,,Hawke's Bay Region,Nil,2-way,Sealed,0.0,0.0,,50.0,,Null,0.0,0.0,,30.0,Hastings District,Stop,,,,,0.0,0.0,Urban,0.0,,,Fine
676422,1911511.0,5663540.0,545911.0,0.0,0.0,0.0,South,2003/2004,SH 5,TE HAROTO ROAD,Minor Crash,Yes,2004,South,0.0,,Hill Road,,,,,Overcast,1414400.0,1.0,0.0,2.0,2.0,0.0,,,Hawke's Bay Region,Nil,2-way,Sealed,0.0,0.0,,100.0,,None,0.0,0.0,,30.0,Hastings District,Nil,,,,,0.0,0.0,Open,0.0,,,Light rain
618532,1925555.0,5603197.0,545842.0,0.0,0.0,1.0,Null,2000/2001,SH 50A,LONGLANDS ROAD WEST,Non-Injury Crash,Yes,2000,East,0.0,0.0,Flat,0.0,,0.0,0.0,Bright sun,1470213.0,0.0,0.0,0.0,2.0,0.0,0.0,,Hawke's Bay Region,Nil,2-way,Sealed,0.0,0.0,0.0,100.0,0.0,Null,0.0,0.0,,30.0,Hastings District,Give way,1.0,0.0,0.0,1.0,0.0,0.0,Open,0.0,0.0,0.0,Fine
468261,1933596.0,5601515.0,548832.0,0.0,0.0,1.0,Null,2010/2011,MCHARDY ST,GILLEAN ST,Non-Injury Crash,No,2011,North,0.0,0.0,Hill Road,0.0,,0.0,0.0,Twilight,1510200.0,0.0,0.0,0.0,2.0,0.0,0.0,,Hawke's Bay Region,Nil,2-way,Sealed,0.0,0.0,0.0,50.0,0.0,Off,0.0,0.0,,30.0,Hastings District,Nil,0.0,0.0,0.0,0.0,0.0,0.0,Urban,0.0,0.0,0.0,Fine
364922,1930301.5719,5609786.3561,545710.0,0.0,0.0,2.0,North,2018/2019,50A-0000,EVENDEN ROAD,Non-Injury Crash,Yes,2019,North,0.0,,Flat,,,,,Dark,1471100.0,0.0,0.0,0.0,2.0,0.0,,,Hawke's Bay Region,Nil,2-way,Sealed,0.0,0.0,,100.0,,None,0.0,0.0,,30.0,Hastings District,Unknown,,,,,0.0,0.0,Open,0.0,,,Fine
645691,1931021.0,5603469.0,545762.0,1.0,0.0,1.0,South,2014/2015,HAVELOCK ROAD,NORTON ROAD,Minor Crash,No,2015,North,0.0,,Flat,,,,,Overcast,1468500.0,1.0,0.0,0.0,2.0,0.0,,,Hawke's Bay Region,Nil,2-way,Sealed,0.0,0.0,,70.0,,Null,0.0,0.0,,30.0,Hastings District,Unknown,,,,,0.0,0.0,Urban,0.0,,,Fine
307213,1921624.0,5621052.0,545821.0,0.0,0.0,1.0,North,2000/2001,DARTMOOR ROAD,PUKETAPU ROAD,Non-Injury Crash,No,2001,South,0.0,1.0,Flat,0.0,,0.0,0.0,Dark,1411400.0,0.0,0.0,0.0,2.0,0.0,0.0,,Hawke's Bay Region,Nil,2-way,Sealed,0.0,0.0,0.0,100.0,0.0,None,0.0,0.0,,30.0,Hastings District,Nil,0.0,0.0,0.0,0.0,0.0,0.0,Open,0.0,0.0,0.0,Light rain
286778,1933155.0,5612057.0,545832.0,0.0,0.0,1.0,North,2005/2006,BROOKFIELDS ROAD,GILBERTSON ROAD,Non-Injury Crash,No,2006,North,0.0,0.0,Flat,0.0,,0.0,0.0,Dark,1404000.0,0.0,0.0,0.0,2.0,0.0,0.0,,Hawke's Bay Region,Nil,2-way,Sealed,0.0,0.0,0.0,100.0,0.0,None,0.0,0.0,,30.0,Hastings District,Nil,0.0,0.0,0.0,0.0,0.0,0.0,Open,0.0,0.0,0.0,Light rain
151699,1929956.0,5604530.0,548200.0,0.0,0.0,2.0,Null,2004/2005,HASTINGS ST SOUTH,EASTBOURNE ST EAST,Non-Injury Crash,No,2005,South,0.0,,Flat,,,,,Overcast,1493200.0,0.0,0.0,0.0,2.0,0.0,,,Hawke's Bay Region,Nil,2-way,Sealed,0.0,0.0,,50.0,,Null,0.0,0.0,,30.0,Hastings District,Give way,,,,,0.0,0.0,Urban,0.0,,,Fine
301450,1939317.0,5594433.0,545860.0,0.0,0.0,1.0,East,2008/2009,WAIMARAMA ROAD,MARAETOTARA ROAD,Non-Injury Crash,No,2008,West,0.0,0.0,Hill Road,0.0,,0.0,0.0,Bright sun,1467500.0,0.0,0.0,0.0,2.0,0.0,0.0,,Hawke's Bay Region,Nil,2-way,Sealed,0.0,0.0,0.0,100.0,0.0,Null,0.0,0.0,,30.0,Hastings District,Nil,0.0,0.0,0.0,0.0,0.0,0.0,Open,0.0,0.0,0.0,Fine
704917,1922702.0,5609942.0,545710.0,0.0,0.0,0.0,Null,2002/2003,SH 50,MERE ROAD,Serious Crash,Yes,2002,South,0.0,,Flat,,,,,Bright sun,1469703.0,1.0,0.0,0.0,2.0,0.0,,,Hawke's Bay Region,Nil,2-way,Sealed,0.0,1.0,,100.0,,Null,0.0,0.0,,30.0,Hastings District,Give way,,,,,1.0,0.0,Open,1.0,,,Fine
715181,1932945.0,5610399.0,545832.0,0.0,0.0,1.0,East,2014/2015,GILBERTSON ROAD,PAKOWHAI ROAD,Minor Crash,No,2015,West,0.0,0.0,Flat,0.0,,0.0,0.0,Overcast,1404000.0,2.0,0.0,0.0,1.0,0.0,0.0,,Hawke's Bay Region,Nil,2-way,Sealed,0.0,0.0,0.0,80.0,0.0,None,0.0,0.0,,30.0,Hastings District,Nil,0.0,0.0,0.0,0.0,0.0,0.0,Open,0.0,0.0,0.0,Heavy rain
245411,1929657.0,5605129.0,548200.0,0.0,0.0,1.0,Null,2004/2005,HERETAUNGA ST WEST,KING ST SOUTH,Non-Injury Crash,No,2005,East,0.0,,Flat,,,,,Overcast,1491200.0,0.0,0.0,0.0,2.0,0.0,,,Hawke's Bay Region,Nil,2-way,Sealed,0.0,0.0,,50.0,,Null,0.0,0.0,,30.0,Hastings District,Give way,,,,,0.0,0.0,Urban,0.0,,,Fine
345277,1932689.0,5609574.0,545832.0,0.0,0.0,1.0,East,2015/2016,FARNDON ROAD,CHESTERHOPE BRIDGE,Non-Injury Crash,No,2015,South,0.0,0.0,Flat,0.0,,0.0,0.0,Dark,1404300.0,0.0,0.0,0.0,2.0,0.0,0.0,,Hawke's Bay Region,Nil,2-way,Sealed,0.0,0.0,0.0,100.0,0.0,None,0.0,0.0,,30.0,Hastings District,Nil,0.0,0.0,0.0,0.0,0.0,0.0,Open,0.0,0.0,0.0,Fine
577921,1929380.0,5605496.0,548200.0,0.0,0.0,1.0,Null,2016/2017,CHARLES ST,HERETAUNGA ST WEST,Non-Injury Crash,No,2017,North,0.0,0.0,Flat,0.0,,0.0,0.0,Overcast,1490100.0,0.0,0.0,0.0,2.0,0.0,0.0,,Hawke's Bay Region,Nil,2-way,Sealed,0.0,0.0,0.0,50.0,0.0,Null,0.0,0.0,,30.0,Hastings District,Give way,0.0,0.0,0.0,0.0,0.0,0.0,Urban,0.0,0.0,0.0,Fine
655884,1924535.0,5604018.0,545842.0,0.0,0.0,1.0,North,2005/2006,STOCK ROAD,MARAEKAKAHO ROAD,Serious Crash,No,2005,South,0.0,1.0,Hill Road,0.0,,0.0,0.0,Dark,1470214.0,1.0,0.0,0.0,2.0,0.0,0.0,,Hawke's Bay Region,Nil,2-way,Sealed,0.0,2.0,0.0,100.0,0.0,None,0.0,0.0,,30.0,Hastings District,Nil,0.0,0.0,0.0,0.0,0.0,0.0,Open,0.0,0.0,0.0,Fine
387751,1925093.0,5612904.0,545822.0,0.0,0.0,2.0,West,2017/2018,SH 50,MILL STM CULV,Non-Injury Crash,Yes,2017,West,0.0,,Flat,,,,,Bright sun,1408800.0,0.0,0.0,0.0,2.0,0.0,,,Hawke's Bay Region,Nil,2-way,Sealed,0.0,0.0,,100.0,,Null,0.0,0.0,,30.0,Hastings District,Unknown,,,,,0.0,0.0,Open,0.0,,,Fine
488979,1925071.0,5606932.0,548620.0,0.0,0.0,1.0,Null,2007/2008,Z CPK SWANSEA VILLAGE,SWANSEA ROAD,Non-Injury Crash,No,2008,North,0.0,0.0,Flat,0.0,,1.0,0.0,Overcast,1473700.0,0.0,0.0,0.0,0.0,0.0,0.0,,Hawke's Bay Region,Nil,Off road,Sealed,0.0,0.0,0.0,50.0,0.0,Null,0.0,0.0,,30.0,Hastings District,Nil,0.0,0.0,0.0,0.0,0.0,0.0,Urban,0.0,0.0,0.0,Fine
542418,1933283.0,5600884.0,548832.0,0.0,0.0,1.0,Null,2009/2010,TANNER ST,TAINUI DRIVE,Non-Injury Crash,No,2009,West,0.0,,Hill Road,,,,,Bright sun,1508800.0,0.0,0.0,0.0,2.0,0.0,,,Hawke's Bay Region,Nil,2-way,Sealed,0.0,0.0,,50.0,,Null,0.0,0.0,,30.0,Hastings District,Give way,,,,,0.0,0.0,Urban,1.0,,,Fine
166529,1930100.0,5605661.0,548200.0,0.0,0.0,2.0,Null,2009/2010,NELSON ST NORTH,FITZROY AVENUE,Non-Injury Crash,No,2009,South,0.0,,Flat,,,,,Bright sun,1491100.0,0.0,0.0,0.0,2.0,0.0,,,Hawke's Bay Region,Nil,2-way,Sealed,0.0,0.0,,50.0,,Null,0.0,0.0,,30.0,Hastings District,Give way,,,,,0.0,0.0,Urban,0.0,,,Fine
196709,1937423.6882,5602356.216,545860.0,0.0,0.0,0.0,South,2019/2020,TUKI TUKI ROAD,MOORE ROAD,Minor Crash,No,2020,South,0.0,,Hill Road,,Christmas New Year,,,Overcast,1408301.0,2.0,0.0,1.0,2.0,0.0,,,Hawke's Bay Region,Nil,2-way,Sealed,0.0,0.0,,100.0,,None,0.0,0.0,,30.0,Hastings District,Unknown,,,,,0.0,0.0,Open,0.0,,,Fine
236281,1932968.0,5606390.0,545721.0,0.0,0.0,1.0,East,2016/2017,SH 2,WAIPATU SETTLEMENT ROAD,Minor Crash,Yes,2016,East,0.0,,Flat,,,,,Bright sun,1471800.0,1.0,0.0,0.0,2.0,0.0,,,Hawke's Bay Region,Nil,2-way,Sealed,0.0,0.0,,80.0,,Null,0.0,0.0,,30.0,Hastings District,Nil,,,,,0.0,0.0,Open,1.0,,,Fine
541171,1929095.0,5603669.0,548300.0,0.0,0.0,2.0,East,2003/2004,MURDOCH ROAD EAST,MONA ST,Non-Injury Crash,No,2004,East,0.0,0.0,Flat,0.0,,0.0,0.0,Dark,1503203.0,0.0,0.0,0.0,2.0,0.0,1.0,,Hawke's Bay Region,Nil,2-way,Sealed,0.0,0.0,0.0,50.0,0.0,On,0.0,0.0,,30.0,Hastings District,Nil,0.0,0.0,0.0,0.0,0.0,0.0,Urban,0.0,0.0,0.0,Fine
719838,1928458.0,5633540.0,545811.0,0.0,0.0,1.0,West,2011/2012,SH 5,HILL ROAD,Non-Injury Crash,Yes,2011,North,0.0,0.0,Flat,0.0,,0.0,0.0,Bright sun,1414700.0,0.0,0.0,0.0,2.0,0.0,0.0,,Hawke's Bay Region,Nil,2-way,Sealed,0.0,0.0,0.0,100.0,0.0,Null,0.0,0.0,,30.0,Hastings District,Nil,0.0,0.0,0.0,0.0,0.0,0.0,Open,0.0,0.0,0.0,Fine
154530,1924941.0,5608744.0,545710.0,0.0,0.0,0.0,East,1999/2000,OMAHU ROAD,TWYFORD ROAD,Non-Injury Crash,No,2000,East,0.0,,Flat,,,,,Bright sun,1470900.0,0.0,0.0,0.0,2.0,0.0,,,Hawke's Bay Region,Nil,2-way,Sealed,0.0,0.0,,100.0,,Null,0.0,0.0,,30.0,Hastings District,Unknown,,,,,2.0,0.0,Open,0.0,,,Fine
358582,1929264.0,5606287.0,547700.0,0.0,0.0,1.0,Null,2002/2003,ST AUBYN ST WEST,HINAU ST,Non-Injury Crash,No,2003,West,0.0,,Flat,,,,,Bright sun,1486200.0,0.0,0.0,0.0,2.0,0.0,,,Hawke's Bay Region,Nil,2-way,Sealed,0.0,0.0,,50.0,,Null,0.0,0.0,,30.0,Hastings District,Nil,,,,,1.0,0.0,Urban,0.0,,,Fine
156903,1909589.0,5604692.0,545841.0,0.0,0.0,1.0,South,2003/2004,SH 50,WHAKAPIRAU ROAD,Non-Injury Crash,Yes,2004,South,0.0,0.0,Flat,0.0,,0.0,0.0,Dark,1462700.0,0.0,0.0,0.0,2.0,0.0,0.0,,Hawke's Bay Region,Nil,2-way,Sealed,0.0,0.0,0.0,100.0,0.0,None,0.0,0.0,,30.0,Hastings District,Nil,0.0,0.0,0.0,0.0,0.0,0.0,Open,0.0,0.0,0.0,Fine
567352,1941737.0,5594788.0,545860.0,0.0,0.0,1.0,East,2011/2012,OCEAN BEACH ROAD,WAIMARAMA ROAD,Non-Injury Crash,No,2011,East,0.0,1.0,Hill Road,0.0,,0.0,0.0,Bright sun,1467200.0,0.0,0.0,0.0,2.0,0.0,0.0,,Hawke's Bay Region,Nil,2-way,Sealed,0.0,0.0,0.0,100.0,0.0,Null,0.0,0.0,,30.0,Hastings District,Nil,0.0,0.0,0.0,0.0,0.0,0.0,Open,0.0,0.0,0.0,Fine
664228,1918609.0,5652904.0,545912.0,0.0,0.0,3.0,Null,1999/2000,SH 5,OLSENS GATE,Non-Injury Crash,Yes,2000,South,0.0,,Hill Road,,,,,Bright sun,1414504.0,0.0,0.0,0.0,3.0,0.0,,,Hawke's Bay Region,Nil,2-way,Sealed,0.0,0.0,,100.0,,Null,0.0,0.0,,30.0,Hastings District,Nil,,,,,1.0,0.0,Open,0.0,,,Fine
583686,1926125.0,5599946.0,545852.0,0.0,0.0,2.0,East,2014/2015,TE AUTE ROAD,RAILWAY ROAD SOUTH,Non-Injury Crash,No,2014,West,0.0,0.0,Flat,0.0,,0.0,0.0,Overcast,1468700.0,0.0,0.0,0.0,2.0,0.0,0.0,,Hawke's Bay Region,Nil,2-way,Sealed,0.0,0.0,0.0,100.0,0.0,Null,0.0,0.0,,30.0,Hastings District,Nil,0.0,0.0,0.0,0.0,0.0,0.0,Open,0.0,0.0,0.0,Fine