OBJECTID,X,Y,areaUnitID,bicycle,bus,carStationWagon,crashDirectionDescription,crashFinancialYear,crashLocation1,crashLocation2,crashSeverity,crashSHDescription,crashYear,directionRoleDescription,fatalCount,fence,flatHill,guardRail,holiday,houseOrBuilding,kerb,light,meshblockId,minorInjuryCount,moped,motorcycle,NumberOfLanes,otherVehicleType,parkedVehicle,pedestrian,region,roadCharacter,roadLane,roadSurface,schoolBus,seriousInjuryCount,slipOrFlood,speedLimit,strayAnimal,streetLight,suv,taxi,temporarySpeedLimit,tlaId,tlaName,trafficControl,trafficIsland,trafficSign,train,tree,truck,unknownVehicleType,urban,vanOrUtility,vehicle,waterRiver,weatherA
186273,1931769.0,5600227.0,545762.0,0.0,0.0,2.0,West,2007/2008,IONA ROAD,LANE ROAD,Non-Injury Crash,No,2008,West,0.0,,Flat,,,,,Bright sun,1465506.0,0.0,0.0,0.0,2.0,0.0,,,Hawke's Bay Region,Nil,2-way,Sealed,0.0,0.0,,100.0,,Null,0.0,0.0,,30.0,Hastings District,Nil,,,,,0.0,0.0,Open,0.0,,,Fine
291696,1918102.0,5649904.0,545912.0,0.0,0.0,1.0,North,2007/2008,SH 5,TE POHUE LOOP ROAD N,Non-Injury Crash,Yes,2008,South,0.0,0.0,Hill Road,0.0,,0.0,0.0,Overcast,1414504.0,0.0,0.0,0.0,2.0,0.0,0.0,,Hawke's Bay Region,Nil,2-way,Sealed,0.0,0.0,0.0,100.0,0.0,Null,0.0,0.0,,30.0,Hastings District,Nil,0.0,0.0,0.0,0.0,0.0,0.0,Open,0.0,0.0,0.0,Light rain
661765,1929993.0,5604885.0,548200.0,0.0,0.0,2.0,Null,2009/2010,KARAMU ROAD NORTH,QUEEN ST EAST,Non-Injury Crash,No,2009,North,0.0,,Flat,,,,,Overcast,1492800.0,0.0,0.0,0.0,2.0,0.0,,,Hawke's Bay Region,Nil,2-way,Sealed,0.0,0.0,,50.0,,Null,0.0,0.0,,30.0,Hastings District,Traffic Signals,,,,,0.0,0.0,Urban,0.0,,,Light rain
232257,1932356.0,5601398.0,548821.0,0.0,0.0,0.0,Null,2015/2016,LUCKNOW ROAD,MIDDLE ROAD,Minor Crash,No,2016,South,0.0,,Flat,,,,,Bright sun,1507001.0,1.0,1.0,0.0,2.0,0.0,,,Hawke's Bay Region,Nil,2-way,Sealed,0.0,0.0,,50.0,,Null,0.0,0.0,,30.0,Hastings District,Nil,,,,,0.0,0.0,Urban,0.0,,,Light rain
245360,1930912.0,5607891.0,545710.0,0.0,0.0,1.0,Null,2010/2011,PAKOWHAI ROAD,RICHMOND ROAD,Non-Injury Crash,No,2010,West,0.0,1.0,Flat,0.0,,0.0,0.0,Bright sun,1471100.0,0.0,0.0,0.0,2.0,0.0,0.0,,Hawke's Bay Region,Nil,2-way,Sealed,0.0,0.0,0.0,50.0,0.0,Null,0.0,0.0,,30.0,Hastings District,Give way,0.0,0.0,0.0,0.0,0.0,0.0,Urban,1.0,0.0,0.0,Fine
346489,1929025.0,5605360.0,547700.0,0.0,0.0,1.0,South,2012/2013,SOUTHAMPTON ST WEST,LASCELLES ST,Non-Injury Crash,No,2012,North,0.0,,Flat,,,,,Bright sun,1487600.0,0.0,0.0,0.0,2.0,0.0,,,Hawke's Bay Region,Nil,2-way,Sealed,0.0,0.0,,50.0,,Null,0.0,0.0,,30.0,Hastings District,Nil,,,,,0.0,0.0,Urban,1.0,,,Fine
99561,1930912.0,5607891.0,545710.0,0.0,0.0,2.0,Null,2001/2002,PAKOWHAI ROAD,RICHMOND ROAD,Non-Injury Crash,No,2001,North,0.0,,Flat,,,,,Overcast,1471100.0,0.0,0.0,0.0,3.0,0.0,,,Hawke's Bay Region,Nil,2-way,Sealed,0.0,0.0,,70.0,,Null,0.0,0.0,,30.0,Hastings District,Give way,,,,,0.0,0.0,Urban,0.0,,,Fine
310346,1930064.0,5607246.0,545710.0,0.0,0.0,1.0,North,2002/2003,PAKOWHAI ROAD,FREDERICK ST,Non-Injury Crash,No,2003,South,0.0,1.0,Flat,0.0,,0.0,0.0,Dark,1471300.0,0.0,0.0,0.0,2.0,0.0,0.0,,Hawke's Bay Region,Nil,2-way,Sealed,0.0,0.0,0.0,50.0,0.0,On,0.0,0.0,,30.0,Hastings District,Nil,0.0,0.0,0.0,0.0,0.0,0.0,Urban,0.0,0.0,0.0,Fine
445875,1921178.0,5595027.0,545851.0,0.0,0.0,1.0,South,2008/2009,SH 2,TE MAHANGA ROAD,Serious Crash,Yes,2009,North,0.0,1.0,Flat,0.0,,0.0,0.0,Bright sun,1463900.0,0.0,0.0,0.0,2.0,0.0,0.0,,Hawke's Bay Region,Nil,2-way,Sealed,0.0,1.0,0.0,50.0,0.0,Null,0.0,0.0,,30.0,Hastings District,Nil,0.0,0.0,0.0,0.0,0.0,0.0,Urban,0.0,0.0,0.0,Fine
486313,1930269.0,5604918.0,548200.0,0.0,0.0,2.0,East,2005/2006,ST AUBYN ST EAST,WARREN ST NORTH,Non-Injury Crash,No,2006,East,0.0,,Flat,,,,,Bright sun,1494400.0,0.0,0.0,0.0,4.0,0.0,,,Hawke's Bay Region,Nil,2-way,Sealed,0.0,0.0,,50.0,,Null,0.0,0.0,,30.0,Hastings District,Nil,,,,,0.0,0.0,Urban,0.0,,,Fine
206998,1925031.0,5637526.0,545811.0,0.0,0.0,1.0,West,2005/2006,SH 5,DILLONS HILL CUL,Non-Injury Crash,Yes,2006,North,0.0,0.0,Hill Road,0.0,,0.0,0.0,Overcast,1414800.0,0.0,0.0,0.0,3.0,0.0,0.0,,Hawke's Bay Region,Nil,2-way,Sealed,0.0,0.0,0.0,100.0,0.0,Null,0.0,0.0,,30.0,Hastings District,Nil,0.0,0.0,0.0,1.0,0.0,0.0,Open,0.0,0.0,0.0,Light rain
486559,1926240.0,5606339.0,545761.0,0.0,0.0,1.0,Null,2007/2008,SH 50A,FLAXMERE AVENUE,Non-Injury Crash,Yes,2007,East,0.0,1.0,Flat,0.0,,0.0,1.0,Dark,1469905.0,0.0,0.0,0.0,2.0,0.0,0.0,,Hawke's Bay Region,Nil,2-way,Sealed,0.0,0.0,0.0,100.0,0.0,On,0.0,0.0,,30.0,Hastings District,Give way,0.0,0.0,0.0,0.0,0.0,0.0,Open,0.0,0.0,0.0,Light rain
223888,1936559.3713,5654274.8829,545911.0,0.0,0.0,1.0,South,2018/2019,002-0592,Sandy Creek Road,Minor Crash,Yes,2019,South,0.0,1.0,Hill Road,0.0,,0.0,0.0,Overcast,1415200.0,3.0,0.0,0.0,2.0,0.0,0.0,,Hawke's Bay Region,Nil,2-way,Sealed,0.0,0.0,0.0,70.0,0.0,None,0.0,0.0,50.0,30.0,Hastings District,Unknown,0.0,0.0,0.0,0.0,0.0,0.0,Urban,0.0,0.0,0.0,Fine
507847,1929355.0,5605330.0,548200.0,0.0,0.0,2.0,North,2017/2018,EASTBOURNE ST WEST,SOUTHLAND ROAD,Non-Injury Crash,No,2018,North,0.0,0.0,Flat,0.0,,0.0,0.0,Bright sun,1488800.0,0.0,0.0,0.0,2.0,0.0,1.0,,Hawke's Bay Region,Nil,2-way,Sealed,0.0,0.0,0.0,50.0,0.0,Null,0.0,0.0,,30.0,Hastings District,Unknown,0.0,0.0,0.0,0.0,0.0,0.0,Urban,0.0,0.0,0.0,Fine
396290,1929993.0,5604885.0,548200.0,0.0,0.0,1.0,Null,2006/2007,QUEEN ST EAST,KARAMU ROAD NORTH,Non-Injury Crash,No,2006,North,0.0,0.0,Flat,0.0,,0.0,0.0,Dark,1492800.0,0.0,0.0,0.0,2.0,0.0,1.0,,Hawke's Bay Region,Nil,2-way,Sealed,0.0,0.0,0.0,50.0,0.0,On,0.0,0.0,,30.0,Hastings District,Traffic Signals,0.0,0.0,0.0,0.0,1.0,0.0,Urban,0.0,0.0,0.0,Fine
244531,1925271.0,5598887.0,545852.0,0.0,0.0,1.0,Null,2008/2009,SH 2,OLD MAIN ROAD,Non-Injury Crash,Yes,2008,East,0.0,,Flat,,,,,Bright sun,1465801.0,0.0,0.0,0.0,2.0,0.0,,,Hawke's Bay Region,Nil,2-way,Sealed,0.0,0.0,,100.0,,Null,0.0,0.0,,30.0,Hastings District,Stop,,,,,0.0,0.0,Open,1.0,,,Fine
583874,1902354.0,5598851.0,545841.0,0.0,0.0,0.0,South,2004/2005,SH 50,SALISBURY ROAD,Minor Crash,Yes,2005,North,0.0,0.0,Hill Road,0.0,,0.0,0.0,Bright sun,1462600.0,1.0,0.0,0.0,2.0,0.0,0.0,,Hawke's Bay Region,Nil,2-way,Sealed,0.0,0.0,0.0,100.0,0.0,Null,0.0,0.0,,30.0,Hastings District,Nil,0.0,0.0,0.0,0.0,2.0,0.0,Open,0.0,0.0,0.0,Fine
405100,1926450.0,5608005.0,545710.0,0.0,0.0,2.0,West,2007/2008,OMAHU ROAD,HENDERSON ROAD,Minor Crash,No,2007,West,0.0,,Flat,,,,,Bright sun,1470900.0,2.0,0.0,0.0,3.0,0.0,,,Hawke's Bay Region,Nil,2-way,Sealed,0.0,0.0,,50.0,,Null,0.0,0.0,,30.0,Hastings District,Nil,,,,,0.0,0.0,Urban,1.0,,,Fine
232249,1924657.0,5607762.0,548612.0,0.0,0.0,2.0,East,2010/2011,CARTIER CRESCENT,RALEIGH ST,Non-Injury Crash,No,2011,West,0.0,0.0,Flat,0.0,,0.0,0.0,Dark,1474111.0,0.0,0.0,0.0,2.0,0.0,1.0,,Hawke's Bay Region,Nil,2-way,Sealed,0.0,0.0,0.0,50.0,0.0,On,0.0,0.0,,30.0,Hastings District,Nil,0.0,0.0,0.0,0.0,0.0,0.0,Urban,0.0,0.0,0.0,Fine
252223,1929722.0,5608512.0,545710.0,0.0,0.0,1.0,West,2005/2006,EVENDEN ROAD,PERCIVAL ROAD,Non-Injury Crash,No,2006,West,0.0,1.0,Flat,0.0,Easter,0.0,0.0,Dark,1471100.0,0.0,0.0,0.0,2.0,0.0,0.0,,Hawke's Bay Region,Nil,2-way,Sealed,0.0,0.0,0.0,100.0,0.0,On,0.0,0.0,,30.0,Hastings District,Nil,0.0,0.0,0.0,0.0,0.0,0.0,Open,0.0,0.0,0.0,Fine
21551,1929993.0,5604885.0,548200.0,0.0,0.0,2.0,Null,2007/2008,KARAMU ROAD,QUEEN ST EAST,Non-Injury Crash,No,2008,East,0.0,,Flat,,,,,Overcast,1492800.0,0.0,0.0,0.0,4.0,0.0,,,Hawke's Bay Region,Nil,2-way,Sealed,0.0,0.0,,50.0,,Null,0.0,0.0,,30.0,Hastings District,Traffic Signals,,,,,0.0,0.0,Urban,0.0,,,Fine
28731,1938751.0,5594459.0,545860.0,0.0,0.0,0.0,West,2009/2010,WAIMARAMA ROAD,MARAETOTARA ROAD,Non-Injury Crash,No,2009,West,0.0,0.0,Flat,0.0,,0.0,0.0,Overcast,1467200.0,0.0,0.0,0.0,2.0,0.0,0.0,,Hawke's Bay Region,Bridge,2-way,Sealed,0.0,0.0,0.0,100.0,0.0,Null,0.0,0.0,,30.0,Hastings District,Nil,0.0,0.0,0.0,0.0,0.0,0.0,Open,1.0,0.0,0.0,Mist or Fog
639194,1936362.0,5611140.0,545730.0,0.0,0.0,0.0,Null,2005/2006,SH 2,SCHOOL ROAD,Minor Crash,Yes,2005,North,0.0,,Flat,,,,,Bright sun,1405500.0,1.0,0.0,0.0,2.0,0.0,,,Hawke's Bay Region,Nil,2-way,Sealed,0.0,0.0,,50.0,,Null,2.0,0.0,,30.0,Hastings District,Give way,,,,,0.0,0.0,Urban,0.0,,,Fine
694334,1916081.0,5604836.0,545841.0,0.0,0.0,2.0,Null,2000/2001,SH 50,MARAEKAKAHO ROAD,Non-Injury Crash,Yes,2000,East,0.0,,Flat,,,,,Bright sun,1462901.0,0.0,0.0,0.0,2.0,0.0,,,Hawke's Bay Region,Nil,2-way,Sealed,0.0,0.0,,100.0,,Null,0.0,0.0,,30.0,Hastings District,Give way,,,,,0.0,0.0,Open,0.0,,,Fine
340138,1934240.0,5607461.0,545722.0,0.0,0.0,1.0,Null,2006/2007,SH 2,PILCHER ROAD,Non-Injury Crash,Yes,2006,South,0.0,,Flat,,,,,Bright sun,1406300.0,0.0,0.0,0.0,2.0,0.0,,,Hawke's Bay Region,Nil,2-way,Sealed,0.0,0.0,,100.0,,Null,1.0,0.0,,30.0,Hastings District,Stop,,,,,0.0,0.0,Open,0.0,,,Fine
711185,1927123.0,5607790.0,545710.0,0.0,0.0,1.0,North,2015/2016,OMAHU ROAD,WILSON ROAD,Serious Crash,No,2016,North,0.0,,Flat,,,,,Dark,1471000.0,0.0,0.0,1.0,2.0,0.0,,,Hawke's Bay Region,Nil,2-way,Sealed,0.0,1.0,,50.0,,On,0.0,0.0,,30.0,Hastings District,Unknown,,,,,0.0,0.0,Urban,0.0,,,Fine
44212,1928880.0,5606156.0,547700.0,0.0,0.0,1.0,Null,2012/2013,HERETAUNGA ST WEST,STORTFORD ST,Non-Injury Crash,No,2013,South,0.0,,Flat,,,,,Bright sun,1486600.0,0.0,0.0,0.0,2.0,0.0,,,Hawke's Bay Region,Nil,2-way,Sealed,0.0,0.0,,50.0,,Null,1.0,0.0,,30.0,Hastings District,Traffic Signals,,,,,0.0,0.0,Urban,0.0,,,Fine
157739,1930517.9703,5604601.0976,548100.0,0.0,0.0,2.0,Null,2018/2019,WILLOWPARK ROAD NORTH,ST AUBYN STREET EAST,Non-Injury Crash,No,2019,South,0.0,,Flat,,,,,Dark,1500800.0,0.0,0.0,0.0,2.0,0.0,,,Hawke's Bay Region,Nil,2-way,Sealed,0.0,0.0,,50.0,,On,0.0,0.0,,30.0,Hastings District,Give way,,,,,0.0,0.0,Urban,0.0,,,Light rain
696295,1930458.0,5603263.0,548300.0,0.0,0.0,1.0,Null,2013/2014,OUTRAM ROAD,NORTON ROAD,Minor Crash,No,2013,South,0.0,1.0,Flat,0.0,Labour Weekend,0.0,0.0,Bright sun,1502800.0,1.0,0.0,0.0,2.0,0.0,0.0,,Hawke's Bay Region,Nil,2-way,Sealed,0.0,0.0,0.0,50.0,0.0,Null,0.0,0.0,,30.0,Hastings District,Give way,0.0,0.0,0.0,1.0,0.0,0.0,Urban,0.0,0.0,0.0,Fine
292473,1927790.0,5606361.0,548500.0,0.0,0.0,1.0,West,2012/2013,HUIA ST,LOWE ST,Non-Injury Crash,No,2013,South,0.0,1.0,Flat,0.0,,0.0,0.0,Dark,1479300.0,0.0,0.0,0.0,2.0,0.0,0.0,,Hawke's Bay Region,Nil,2-way,Sealed,0.0,0.0,0.0,50.0,0.0,On,0.0,0.0,,30.0,Hastings District,Nil,0.0,0.0,0.0,0.0,0.0,0.0,Urban,0.0,0.0,0.0,Fine
34423,1931438.0,5605808.0,548000.0,0.0,0.0,1.0,Null,2014/2015,KARAMU ROAD NORTH,COLLINGE ROAD,Non-Injury Crash,No,2015,West,0.0,,Flat,,,,,Overcast,1496700.0,0.0,0.0,0.0,2.0,0.0,,,Hawke's Bay Region,Nil,2-way,Sealed,0.0,0.0,,50.0,,Off,0.0,0.0,,30.0,Hastings District,Give way,,,,,1.0,0.0,Urban,0.0,,,Light rain
464754,1928818.0,5600976.0,545852.0,0.0,0.0,1.0,Null,2007/2008,TE AUTE ROAD,LONGLANDS ROAD EAST,Minor Crash,No,2008,West,0.0,1.0,Flat,0.0,,0.0,0.0,Dark,1465700.0,1.0,0.0,0.0,2.0,0.0,0.0,,Hawke's Bay Region,Nil,2-way,Sealed,0.0,0.0,0.0,100.0,0.0,On,0.0,0.0,,30.0,Hastings District,Give way,1.0,1.0,0.0,1.0,0.0,0.0,Open,0.0,0.0,0.0,Fine
577919,1931613.0,5608421.0,545710.0,0.0,0.0,1.0,Null,2005/2006,ELWOOD ROAD,PAKOWHAI ROAD,Non-Injury Crash,No,2006,South,0.0,0.0,Flat,0.0,,0.0,0.0,Bright sun,1471100.0,0.0,0.0,0.0,2.0,0.0,0.0,,Hawke's Bay Region,Nil,2-way,Sealed,0.0,0.0,0.0,100.0,0.0,Null,0.0,0.0,,30.0,Hastings District,Give way,0.0,0.0,0.0,0.0,0.0,0.0,Open,0.0,0.0,0.0,Fine
368327,1929325.0,5603322.0,545762.0,0.0,0.0,0.0,South,2007/2008,RIVERSLEA ROAD SOUTH,MURDOCH ROAD EAST,Non-Injury Crash,No,2007,South,0.0,0.0,Flat,0.0,,0.0,0.0,Bright sun,1468000.0,0.0,0.0,0.0,2.0,0.0,0.0,,Hawke's Bay Region,Nil,2-way,Sealed,0.0,0.0,0.0,50.0,0.0,Null,0.0,0.0,,30.0,Hastings District,Nil,0.0,0.0,0.0,0.0,0.0,0.0,Urban,1.0,0.0,0.0,Fine
293813,1923714.0,5609859.0,545710.0,0.0,0.0,1.0,West,2003/2004,OMAHU ROAD,HILL ROAD,Non-Injury Crash,No,2003,West,0.0,1.0,Flat,0.0,,0.0,0.0,Bright sun,1470500.0,0.0,0.0,0.0,2.0,0.0,0.0,,Hawke's Bay Region,Nil,2-way,Sealed,0.0,0.0,0.0,100.0,0.0,Null,0.0,0.0,,30.0,Hastings District,Nil,0.0,0.0,0.0,0.0,0.0,0.0,Open,1.0,0.0,0.0,Fine
741630,1927980.0,5606674.0,548500.0,0.0,0.0,1.0,North,2012/2013,ORCHARD ROAD,MURRAY PLACE,Non-Injury Crash,No,2013,South,0.0,,Flat,,,,,Bright sun,1478600.0,0.0,0.0,0.0,2.0,0.0,,,Hawke's Bay Region,Nil,2-way,Sealed,0.0,0.0,,50.0,,Null,0.0,0.0,,30.0,Hastings District,Nil,,,,,0.0,0.0,Urban,1.0,,,Fine
117330,1928436.0,5603458.0,545761.0,0.0,0.0,1.0,Null,2012/2013,RAILWAY ROAD SOUTH,TOLLEMACHE ROAD WEST,Minor Crash,No,2013,North,0.0,0.0,Flat,0.0,,0.0,0.0,Bright sun,1469100.0,2.0,0.0,0.0,2.0,0.0,0.0,,Hawke's Bay Region,Nil,2-way,Sealed,0.0,0.0,0.0,100.0,0.0,Null,0.0,0.0,,30.0,Hastings District,Stop,0.0,0.0,0.0,0.0,0.0,0.0,Open,1.0,0.0,0.0,Fine
348621,1896254.0,5629651.0,545913.0,0.0,0.0,0.0,West,2008/2009,TAIHAPE ROAD,WILLOWFORD ROAD,Non-Injury Crash,No,2008,East,0.0,0.0,Hill Road,0.0,,0.0,0.0,Overcast,1409800.0,0.0,0.0,0.0,2.0,0.0,0.0,,Hawke's Bay Region,Nil,2-way,Sealed,0.0,0.0,0.0,100.0,0.0,Null,1.0,0.0,,30.0,Hastings District,Nil,0.0,0.0,0.0,0.0,0.0,0.0,Open,0.0,0.0,0.0,Light rain
150942,1931981.0,5608759.0,545710.0,0.0,0.0,0.0,North,2004/2005,PAKOWHAI ROAD,ELWOOD ROAD,Fatal Crash,No,2004,North,1.0,0.0,Flat,0.0,,0.0,0.0,Overcast,1471100.0,1.0,0.0,0.0,2.0,0.0,0.0,,Hawke's Bay Region,Nil,2-way,Sealed,0.0,0.0,0.0,100.0,0.0,Null,0.0,0.0,,30.0,Hastings District,Nil,0.0,0.0,0.0,0.0,1.0,0.0,Open,1.0,0.0,0.0,Fine
667614,1930161.0,5604861.0,548200.0,0.0,0.0,2.0,Null,2011/2012,WARREN ST NORTH,AVENUE ROAD EAST,Non-Injury Crash,No,2011,North,0.0,,Flat,,,,,Bright sun,1493400.0,0.0,0.0,0.0,2.0,0.0,,,Hawke's Bay Region,Nil,2-way,Sealed,0.0,0.0,,50.0,,Null,0.0,0.0,,30.0,Hastings District,Give way,,,,,0.0,0.0,Urban,0.0,,,Fine
218072,1930191.0,5604821.0,548200.0,1.0,0.0,1.0,South,2013/2014,AVENUE ROAD EAST,WARREN ST NORTH,Serious Crash,No,2014,South,0.0,,Flat,,,,,Overcast,1493501.0,0.0,0.0,0.0,2.0,0.0,,,Hawke's Bay Region,Nil,2-way,Sealed,0.0,1.0,,50.0,,Null,0.0,0.0,,30.0,Hastings District,Nil,,,,,0.0,0.0,Urban,0.0,,,Fine
50273,1921719.0,5626158.0,545821.0,0.0,0.0,1.0,South,2008/2009,APLEY ROAD,PUKETITIRI ROAD,Non-Injury Crash,No,2009,North,0.0,,Hill Road,,,,,Twilight,1411200.0,0.0,0.0,0.0,2.0,0.0,,,Hawke's Bay Region,Nil,2-way,Sealed,0.0,0.0,,100.0,,None,0.0,0.0,,30.0,Hastings District,Nil,,,,,0.0,0.0,Open,0.0,,,Fine
679240,1926395.0,5606176.0,545761.0,0.0,0.0,1.0,West,2004/2005,YORK ROAD,SH 50A,Minor Crash,No,2005,East,0.0,0.0,Flat,0.0,,0.0,0.0,Dark,1469905.0,1.0,0.0,0.0,2.0,0.0,0.0,,Hawke's Bay Region,Nil,2-way,Sealed,0.0,0.0,0.0,100.0,0.0,On,0.0,0.0,,30.0,Hastings District,Nil,0.0,0.0,0.0,0.0,0.0,0.0,Open,0.0,0.0,0.0,Fine
313466,1925229.0,5598390.0,545851.0,0.0,0.0,1.0,South,2010/2011,SH 2,OLD MAIN ROAD,Non-Injury Crash,Yes,2011,North,0.0,,Flat,,,,,Overcast,1463900.0,0.0,0.0,0.0,2.0,0.0,,,Hawke's Bay Region,Nil,2-way,Sealed,0.0,0.0,,100.0,,Null,0.0,0.0,,30.0,Hastings District,Nil,,,,,0.0,0.0,Open,1.0,,,Fine
416204,1925321.0,5599569.0,545852.0,0.0,0.0,2.0,Null,2014/2015,RAILWAY ROAD SOUTH,SH 50A,Non-Injury Crash,Yes,2014,South,0.0,0.0,Flat,1.0,,0.0,0.0,Overcast,1469600.0,0.0,0.0,0.0,2.0,0.0,0.0,,Hawke's Bay Region,Nil,2-way,Sealed,0.0,0.0,0.0,80.0,0.0,Null,0.0,0.0,,30.0,Hastings District,Give way,0.0,1.0,0.0,0.0,0.0,0.0,Open,0.0,0.0,0.0,Light rain
326517,1929507.0,5608865.0,545710.0,0.0,0.0,2.0,Null,2015/2016,SH 50A,EVENDEN ROAD,Non-Injury Crash,Yes,2016,West,0.0,,Flat,,,,,Dark,1471100.0,0.0,0.0,0.0,2.0,0.0,,,Hawke's Bay Region,Nil,1-way,Sealed,0.0,0.0,,100.0,,On,0.0,0.0,,30.0,Hastings District,Give way,,,,,0.0,0.0,Open,0.0,,,Fine
271905,1936963.0,5613138.0,545832.0,0.0,0.0,1.0,South,2009/2010,SH 2,WAITANGI ROAD,Non-Injury Crash,Yes,2009,South,0.0,,Flat,,,,,Bright sun,1404000.0,0.0,0.0,0.0,2.0,0.0,,,Hawke's Bay Region,Bridge,2-way,Sealed,0.0,0.0,,100.0,,Null,1.0,0.0,,30.0,Hastings District,Nil,,,,,0.0,0.0,Open,0.0,,,Fine
70944,1928365.0,5606193.0,548500.0,0.0,1.0,1.0,North,2017/2018,ORCHARD ROAD,MCLEOD ST,Non-Injury Crash,No,2018,South,0.0,,Flat,,,,,Bright sun,1479600.0,0.0,0.0,0.0,2.0,0.0,,,Hawke's Bay Region,Nil,2-way,Sealed,0.0,0.0,,50.0,,Null,0.0,0.0,,30.0,Hastings District,Unknown,,,,,0.0,0.0,Urban,0.0,,,Fine
33048,1942388.0,5604514.0,545740.0,0.0,0.0,2.0,South,2018/2019,CLIFTON ROAD,CHARLTON ROAD,Minor Crash,No,2018,West,0.0,,Flat,,,,,Bright sun,1408100.0,3.0,0.0,0.0,2.0,0.0,,,Hawke's Bay Region,Nil,2-way,Sealed,0.0,0.0,,100.0,,Null,0.0,0.0,,30.0,Hastings District,Unknown,,,,,0.0,0.0,Open,0.0,,,Fine
528480,1931438.0,5605808.0,548000.0,0.0,0.0,1.0,Null,2014/2015,KARAMU ROAD NORTH,COLLINGE ROAD,Non-Injury Crash,No,2015,North,0.0,,Flat,,,,,Overcast,1496700.0,0.0,0.0,0.0,2.0,0.0,,,Hawke's Bay Region,Nil,2-way,Sealed,0.0,0.0,,50.0,,Off,0.0,0.0,,30.0,Hastings District,Give way,,,,,0.0,0.0,Urban,1.0,,,Fine
383427,1906336.0,5604111.0,545841.0,0.0,0.0,1.0,North,2004/2005,SH 50,SALISBURY ROAD,Minor Crash,Yes,2004,North,0.0,0.0,Flat,0.0,,0.0,0.0,Dark,1462700.0,1.0,0.0,0.0,2.0,0.0,0.0,,Hawke's Bay Region,Nil,2-way,Sealed,0.0,0.0,0.0,100.0,0.0,None,0.0,0.0,,30.0,Hastings District,Nil,0.0,0.0,0.0,0.0,0.0,0.0,Open,0.0,0.0,0.0,Fine
326907,1932411.0,5606189.0,545721.0,0.0,0.0,2.0,Null,2001/2002,SH 2,BENNETT ROAD,Serious Crash,Yes,2001,South,0.0,,Flat,,,,,Bright sun,1472300.0,1.0,0.0,0.0,2.0,0.0,,,Hawke's Bay Region,Nil,2-way,Sealed,0.0,1.0,,70.0,,Null,0.0,0.0,,30.0,Hastings District,Give way,,,,,0.0,0.0,Urban,0.0,,,Fine
644697,1922389.0,5596001.0,545851.0,0.0,0.0,1.0,South,2002/2003,SH 2,OLD MAIN ROAD,Minor Crash,Yes,2003,South,0.0,0.0,Flat,0.0,,0.0,0.0,Dark,1463900.0,3.0,0.0,0.0,2.0,0.0,0.0,,Hawke's Bay Region,Nil,2-way,Sealed,0.0,0.0,0.0,100.0,0.0,None,0.0,0.0,,30.0,Hastings District,Nil,0.0,0.0,0.0,0.0,0.0,0.0,Open,0.0,0.0,0.0,Fine
398746,1927234.0,5602249.0,545762.0,0.0,0.0,1.0,Null,2010/2011,RAILWAY ROAD SOUTH,LONGLANDS ROAD WEST,Minor Crash,No,2011,North,0.0,,Flat,,,,,Overcast,1468200.0,1.0,1.0,0.0,2.0,0.0,,,Hawke's Bay Region,Nil,2-way,Sealed,0.0,0.0,,100.0,,Null,0.0,0.0,,30.0,Hastings District,Give way,,,,,0.0,0.0,Open,0.0,,,Light rain
92401,1928530.0,5606522.0,547800.0,0.0,0.0,3.0,East,2002/2003,OMAHU ROAD,HAPUKA ST,Non-Injury Crash,No,2003,East,0.0,,Flat,,Queens Birthday,,,Dark,1477700.0,0.0,0.0,0.0,2.0,0.0,,,Hawke's Bay Region,Nil,2-way,Sealed,0.0,0.0,,50.0,,On,0.0,0.0,,30.0,Hastings District,Nil,,,,,0.0,0.0,Urban,0.0,,,Fine
720973,1929819.0,5604072.0,548300.0,0.0,0.0,1.0,Null,2014/2015,WILLOWPARK ROAD SOUTH,MASSEY ST,Minor Crash,No,2014,East,0.0,,Flat,,,,,Bright sun,1502200.0,1.0,0.0,0.0,2.0,0.0,,,Hawke's Bay Region,Nil,2-way,Sealed,0.0,0.0,,50.0,,Null,1.0,0.0,,30.0,Hastings District,Give way,,,,,0.0,0.0,Urban,0.0,,,Fine
137084,1930955.0,5600843.0,545762.0,0.0,0.0,1.0,West,2014/2015,TE AUTE ROAD,GILPIN ROAD,Non-Injury Crash,No,2014,East,0.0,1.0,Flat,0.0,,0.0,0.0,Dark,1465200.0,0.0,0.0,0.0,2.0,0.0,0.0,,Hawke's Bay Region,Nil,2-way,Sealed,0.0,0.0,0.0,100.0,0.0,None,0.0,0.0,,30.0,Hastings District,Nil,0.0,0.0,0.0,0.0,0.0,0.0,Open,0.0,0.0,0.0,Light rain
551608,1936164.0,5646349.0,545911.0,0.0,0.0,0.0,North,2003/2004,SH 2,KAIWAKA ROAD,Non-Injury Crash,Yes,2003,North,0.0,0.0,Hill Road,1.0,,0.0,0.0,Dark,1415400.0,0.0,0.0,0.0,2.0,0.0,0.0,,Hawke's Bay Region,Nil,2-way,Sealed,0.0,0.0,0.0,100.0,0.0,None,0.0,0.0,,30.0,Hastings District,Nil,0.0,0.0,0.0,0.0,0.0,0.0,Open,1.0,0.0,0.0,Light rain