OBJECTID,X,Y,areaUnitID,bicycle,bus,carStationWagon,crashDirectionDescription,crashFinancialYear,crashLocation1,crashLocation2,crashSeverity,crashSHDescription,crashYear,directionRoleDescription,fatalCount,fence,flatHill,guardRail,holiday,houseOrBuilding,kerb,light,meshblockId,minorInjuryCount,moped,motorcycle,NumberOfLanes,otherVehicleType,parkedVehicle,pedestrian,region,roadCharacter,roadLane,roadSurface,schoolBus,seriousInjuryCount,slipOrFlood,speedLimit,strayAnimal,streetLight,suv,taxi,temporarySpeedLimit,tlaId,tlaName,trafficControl,trafficIsland,trafficSign,train,tree,truck,unknownVehicleType,urban,vanOrUtility,vehicle,waterRiver,weatherA
156920,1925955.0,5608237.0,545710.0,0.0,0.0,4.0,Null,2007/2008,OMAHU ROAD,CHATHAM ROAD,Non-Injury Crash,No,2007,North,0.0,0.0,Flat,0.0,,0.0,0.0,Overcast,1470900.0,0.0,0.0,0.0,2.0,0.0,2.0,,Hawke's Bay Region,Nil,2-way,Sealed,0.0,0.0,0.0,50.0,0.0,Null,0.0,0.0,,30.0,Hastings District,Give way,0.0,0.0,0.0,0.0,0.0,0.0,Urban,0.0,0.0,0.0,Fine
149710,1927501.0,5603870.0,545761.0,0.0,0.0,2.0,Null,2002/2003,SOUTHLAND ROAD,HEATHCOTE ROAD,Non-Injury Crash,No,2002,South,0.0,,Flat,,,,,Bright sun,1468801.0,0.0,0.0,0.0,2.0,0.0,,,Hawke's Bay Region,Nil,2-way,Sealed,0.0,0.0,,50.0,,Null,0.0,0.0,,30.0,Hastings District,Give way,,,,,0.0,0.0,Urban,0.0,,,Fine
604200,1925122.0,5618978.0,545821.0,0.0,0.0,0.0,East,2014/2015,SWAMP ROAD,OMARUNUI ROAD,Non-Injury Crash,No,2014,South,0.0,1.0,Flat,0.0,,0.0,0.0,Overcast,1408500.0,0.0,0.0,0.0,2.0,0.0,0.0,,Hawke's Bay Region,Nil,2-way,Sealed,0.0,0.0,0.0,100.0,0.0,Off,0.0,0.0,,30.0,Hastings District,Nil,0.0,0.0,0.0,0.0,0.0,0.0,Open,1.0,0.0,0.0,Fine
596212,1928370.0,5606678.0,547800.0,0.0,0.0,0.0,South,2017/2018,OMAHU ROAD,KARAITIANA ST,Serious Crash,No,2017,North,0.0,0.0,Flat,0.0,,0.0,0.0,Twilight,1477400.0,0.0,0.0,0.0,2.0,0.0,0.0,,Hawke's Bay Region,Nil,2-way,Sealed,0.0,1.0,0.0,50.0,0.0,Off,0.0,0.0,,30.0,Hastings District,Unknown,0.0,0.0,0.0,0.0,0.0,0.0,Urban,1.0,0.0,0.0,Fine
31536,1941544.0,5656982.0,545911.0,0.0,0.0,2.0,South,2009/2010,SH 2,MATAHORUA STM BR,Non-Injury Crash,Yes,2010,South,0.0,,Hill Road,,,,,Bright sun,1416000.0,0.0,0.0,0.0,2.0,0.0,,,Hawke's Bay Region,Nil,2-way,Sealed,0.0,0.0,,100.0,,Null,0.0,0.0,,30.0,Hastings District,Nil,,,,,0.0,0.0,Open,0.0,,,Fine
453221,1929639.0,5605153.0,548200.0,0.0,0.0,1.0,North,2018/2019,HERETAUNGA ST WEST,KING ST NORTH,Minor Crash,No,2018,South,0.0,1.0,Flat,0.0,,0.0,0.0,Bright sun,1490700.0,1.0,0.0,0.0,2.0,0.0,0.0,,Hawke's Bay Region,Nil,2-way,Sealed,0.0,0.0,0.0,50.0,0.0,Null,0.0,0.0,,30.0,Hastings District,Unknown,0.0,0.0,0.0,0.0,0.0,0.0,Urban,0.0,0.0,0.0,Fine
26801,1933134.0,5602321.0,548831.0,0.0,0.0,1.0,Null,2005/2006,ST HILL LANE,NAPIER ROAD,Non-Injury Crash,No,2005,North,0.0,0.0,Flat,0.0,,0.0,0.0,Bright sun,1509100.0,0.0,0.0,0.0,2.0,0.0,1.0,,Hawke's Bay Region,Nil,2-way,Sealed,0.0,0.0,0.0,50.0,0.0,Null,0.0,0.0,,30.0,Hastings District,Nil,0.0,0.0,0.0,0.0,1.0,0.0,Urban,0.0,0.0,0.0,Fine
328658,1929529.0,5605299.0,548200.0,0.0,0.0,2.0,East,2008/2009,HERETAUNGA ST WEST,SOUTHLAND ROAD,Minor Crash,No,2008,South,0.0,,Flat,,,,,Bright sun,1490100.0,2.0,0.0,0.0,2.0,0.0,,,Hawke's Bay Region,Nil,2-way,Sealed,0.0,0.0,,50.0,,Null,0.0,0.0,,30.0,Hastings District,Nil,,,,,0.0,0.0,Urban,0.0,,,Fine
203458,1932274.0,5609028.0,545721.0,0.0,0.0,1.0,Null,2003/2004,PAKOWHAI ROAD,RUAHAPIA ROAD,Non-Injury Crash,No,2004,South,0.0,,Flat,,,,,Dark,1471600.0,0.0,0.0,0.0,2.0,0.0,,,Hawke's Bay Region,Nil,2-way,Sealed,0.0,0.0,,100.0,,None,0.0,0.0,,30.0,Hastings District,Give way,,,,,0.0,0.0,Open,1.0,,,Fine
49934,1897056.0,5629810.0,545912.0,0.0,0.0,1.0,West,2000/2001,TAIHAPE ROAD,WILLOWFORD ROAD,Non-Injury Crash,No,2000,South,0.0,1.0,Hill Road,0.0,,0.0,0.0,Overcast,1409700.0,0.0,0.0,0.0,2.0,0.0,0.0,,Hawke's Bay Region,Nil,2-way,Sealed,0.0,0.0,0.0,100.0,0.0,Null,0.0,0.0,,30.0,Hastings District,Nil,0.0,0.0,0.0,0.0,0.0,0.0,Open,0.0,0.0,0.0,Heavy rain
144667,1931621.0,5608382.0,545721.0,0.0,0.0,1.0,East,2011/2012,ELWOOD ROAD,PAKOWHAI ROAD,Minor Crash,No,2011,North,0.0,,Flat,,,,,Overcast,1471500.0,1.0,0.0,0.0,2.0,0.0,,,Hawke's Bay Region,Nil,2-way,Sealed,0.0,0.0,,100.0,,Null,0.0,0.0,,30.0,Hastings District,Nil,,,,,0.0,0.0,Open,1.0,,,Fine
684357,1914489.0,5588391.0,545851.0,0.0,0.0,2.0,North,2007/2008,SH 2,TE AUTE TRUST ROAD,Non-Injury Crash,Yes,2007,North,0.0,0.0,Flat,0.0,,0.0,0.0,Dark,1464500.0,0.0,0.0,0.0,2.0,0.0,0.0,,Hawke's Bay Region,Nil,2-way,Sealed,0.0,0.0,0.0,100.0,0.0,None,0.0,0.0,,30.0,Hastings District,Nil,0.0,0.0,0.0,0.0,0.0,0.0,Open,0.0,0.0,0.0,Fine
430869,1928591.0,5606462.0,548500.0,0.0,0.0,1.0,South,2001/2002,OMAHU ROAD,HAPUKA ST,Non-Injury Crash,No,2001,South,0.0,0.0,Flat,0.0,,0.0,0.0,Dark,1478700.0,0.0,0.0,0.0,2.0,0.0,0.0,,Hawke's Bay Region,Nil,2-way,Sealed,0.0,0.0,0.0,50.0,0.0,On,0.0,0.0,,30.0,Hastings District,Nil,0.0,0.0,0.0,0.0,0.0,0.0,Urban,0.0,0.0,0.0,Fine
57002,1932824.0,5601936.0,548831.0,1.0,0.0,1.0,Null,2012/2013,KARANEMA DRIVE,NAPIER ROAD,Minor Crash,No,2013,South,0.0,,Flat,,,,,Bright sun,1509600.0,1.0,0.0,0.0,2.0,0.0,,,Hawke's Bay Region,Nil,2-way,Sealed,0.0,0.0,,50.0,,Null,0.0,0.0,,30.0,Hastings District,Give way,,,,,0.0,0.0,Urban,0.0,,,Fine
645719,1932639.0,5600407.0,548821.0,0.0,0.0,1.0,South,2003/2004,Z DWAY WOODFORD HOUSE,IONA ROAD,Non-Injury Crash,No,2003,South,0.0,1.0,Hill Road,0.0,,0.0,0.0,Bright sun,1506500.0,0.0,0.0,0.0,2.0,0.0,0.0,,Hawke's Bay Region,Nil,Off road,Sealed,0.0,0.0,0.0,50.0,0.0,None,0.0,0.0,,30.0,Hastings District,Nil,0.0,0.0,0.0,1.0,0.0,0.0,Urban,0.0,0.0,0.0,Fine
505987,1930943.0,5605505.0,548000.0,0.0,0.0,1.0,South,2000/2001,KARAMU ROAD NORTH,WOLSELEY ST,Non-Injury Crash,No,2001,South,0.0,,Flat,,,,,Overcast,1497400.0,0.0,0.0,0.0,2.0,0.0,,,Hawke's Bay Region,Nil,2-way,Sealed,0.0,0.0,,50.0,,Null,0.0,0.0,,30.0,Hastings District,Nil,,,,,0.0,0.0,Urban,1.0,,,Fine
223706,1929250.0,5614149.0,545831.0,0.0,0.0,2.0,West,2006/2007,SH 50,WAIOHIKI ROAD,Non-Injury Crash,Yes,2006,North,0.0,,Flat,,,,,Overcast,1409400.0,0.0,0.0,0.0,2.0,0.0,,,Hawke's Bay Region,Nil,2-way,Sealed,0.0,0.0,,100.0,,Null,0.0,0.0,,30.0,Hastings District,Nil,,,,,0.0,0.0,Open,0.0,,,Fine
326874,1929948.0,5605347.0,548200.0,0.0,0.0,1.0,Null,2008/2009,ST AUBYN ST WEST,ST AUBYNS ST WEST,Non-Injury Crash,No,2009,South,0.0,,Flat,,,,,Bright sun,1491500.0,0.0,0.0,0.0,4.0,0.0,,,Hawke's Bay Region,Nil,2-way,Sealed,0.0,0.0,,50.0,,Null,0.0,0.0,,30.0,Hastings District,Give way,,,,,0.0,0.0,Urban,1.0,,,Fine
498155,1927321.0,5602201.0,545762.0,0.0,0.0,1.0,West,2006/2007,LONGLANDS ROAD EAST,RAILWAY ROAD SOUTH,Non-Injury Crash,No,2006,West,0.0,0.0,Flat,0.0,,0.0,0.0,Dark,1468200.0,0.0,0.0,0.0,2.0,0.0,0.0,,Hawke's Bay Region,Nil,2-way,Sealed,0.0,0.0,0.0,100.0,0.0,On,0.0,0.0,,30.0,Hastings District,Give way,0.0,0.0,0.0,0.0,0.0,0.0,Open,0.0,0.0,0.0,Light rain
614178,1934240.0,5607461.0,545722.0,0.0,0.0,1.0,Null,2007/2008,SH 2,PILCHER ROAD,Minor Crash,Yes,2007,South,0.0,,Flat,,Christmas New Year,,,Bright sun,1406300.0,3.0,0.0,0.0,2.0,0.0,,,Hawke's Bay Region,Nil,2-way,Sealed,0.0,0.0,,100.0,,Null,0.0,0.0,,30.0,Hastings District,Stop,,,,,0.0,0.0,Open,1.0,,,Fine
155647,1931290.0,5604012.0,548100.0,0.0,0.0,1.0,Null,2005/2006,WINDSOR AVENUE,LOUIE ST,Fatal Crash,No,2005,North,4.0,0.0,Hill Road,0.0,,0.0,0.0,Dark,1500200.0,0.0,0.0,0.0,2.0,0.0,0.0,,Hawke's Bay Region,Nil,2-way,Sealed,0.0,2.0,0.0,50.0,0.0,On,0.0,0.0,,30.0,Hastings District,Give way,0.0,0.0,0.0,1.0,0.0,0.0,Urban,0.0,0.0,0.0,Fine
386617,1927103.0,5607030.0,545761.0,0.0,0.0,1.0,South,2015/2016,SH 50A,OMAHU ROAD,Fatal Crash,Yes,2016,South,1.0,0.0,Hill Road,0.0,,0.0,0.0,Bright sun,1469905.0,1.0,0.0,0.0,2.0,0.0,0.0,,Hawke's Bay Region,Nil,2-way,Sealed,0.0,1.0,0.0,100.0,0.0,Null,0.0,0.0,,30.0,Hastings District,Unknown,0.0,0.0,0.0,0.0,0.0,0.0,Open,0.0,0.0,0.0,Fine
238035,1909318.0,5674175.0,545911.0,0.0,0.0,1.0,North,2003/2004,SH 5,TARAWERA TAV,Non-Injury Crash,Yes,2003,North,0.0,0.0,Hill Road,1.0,,0.0,0.0,Overcast,1281200.0,0.0,0.0,0.0,2.0,0.0,0.0,,Hawke's Bay Region,Nil,2-way,Sealed,0.0,0.0,0.0,100.0,0.0,Null,0.0,0.0,,30.0,Hastings District,Nil,0.0,0.0,0.0,0.0,0.0,0.0,Open,0.0,0.0,0.0,Light rain
178362,1929632.0,5604761.0,548200.0,0.0,0.0,2.0,Null,2006/2007,RAILWAY ROAD,LYNDON ROAD WEST,Non-Injury Crash,No,2006,North,0.0,,Flat,,,,,Bright sun,1489900.0,0.0,0.0,0.0,2.0,0.0,,,Hawke's Bay Region,Nil,2-way,Sealed,0.0,0.0,,50.0,,Null,0.0,0.0,,30.0,Hastings District,Stop,,,,,0.0,0.0,Urban,0.0,,,Fine
185662,1935734.0,5651599.0,545911.0,0.0,0.0,1.0,South,2004/2005,SH 2,MATAHORUA ROAD S,Minor Crash,Yes,2004,South,0.0,0.0,Flat,0.0,,0.0,0.0,Bright sun,1415200.0,1.0,0.0,0.0,2.0,0.0,0.0,,Hawke's Bay Region,Nil,2-way,Sealed,0.0,0.0,0.0,100.0,0.0,Null,0.0,0.0,,30.0,Hastings District,Nil,0.0,0.0,0.0,1.0,0.0,0.0,Open,0.0,0.0,0.0,Fine
641369,1929741.0,5614620.0,545831.0,0.0,0.0,0.0,South,2015/2016,WAIOHIKI ROAD,HATAS LANE,Non-Injury Crash,No,2015,South,0.0,,Flat,,,,,Dark,1409400.0,0.0,0.0,0.0,2.0,0.0,,,Hawke's Bay Region,Nil,2-way,Sealed,0.0,0.0,,70.0,,On,0.0,0.0,,30.0,Hastings District,Nil,,,,,0.0,0.0,Urban,2.0,,,Light rain
497049,1930341.0,5604822.0,548200.0,0.0,0.0,2.0,Null,2010/2011,ST AUBYN ST EAST,HASTINGS ST NORTH,Non-Injury Crash,No,2010,South,0.0,,Flat,,,,,Bright sun,1494400.0,0.0,0.0,0.0,3.0,0.0,,,Hawke's Bay Region,Nil,2-way,Sealed,0.0,0.0,,50.0,,Null,0.0,0.0,,30.0,Hastings District,Stop,,,,,0.0,0.0,Urban,0.0,,,Fine
407233,1929009.0,5604080.0,547900.0,0.0,0.0,2.0,Null,2015/2016,GASCOIGNE ST,RAILWAY ROAD,Non-Injury Crash,No,2015,West,0.0,,Flat,,,,,Overcast,1482400.0,0.0,0.0,0.0,2.0,0.0,,,Hawke's Bay Region,Nil,2-way,Sealed,0.0,0.0,,50.0,,Null,0.0,0.0,,30.0,Hastings District,Stop,,,,,0.0,0.0,Urban,0.0,,,Null
418469,1911840.0,5586070.0,545851.0,0.0,0.0,1.0,Null,2012/2013,SH 2,TE ONEPU ROAD,Non-Injury Crash,Yes,2012,South,0.0,,Flat,,,,,Bright sun,1464900.0,0.0,0.0,0.0,2.0,0.0,,,Hawke's Bay Region,Nil,2-way,Sealed,0.0,0.0,,100.0,,Null,0.0,0.0,,30.0,Hastings District,Give way,,,,,0.0,0.0,Open,1.0,,,Fine
135850,1926028.0,5637649.0,545811.0,0.0,0.0,1.0,North,2005/2006,SH 5,BEATTIE ROAD,Non-Injury Crash,Yes,2005,South,0.0,0.0,Flat,0.0,,0.0,0.0,Overcast,1414800.0,0.0,0.0,0.0,2.0,0.0,0.0,,Hawke's Bay Region,Nil,2-way,Sealed,0.0,0.0,0.0,100.0,0.0,Null,0.0,0.0,,30.0,Hastings District,Nil,0.0,0.0,0.0,0.0,0.0,0.0,Open,0.0,0.0,0.0,Light rain
262263,1924741.0,5604400.0,545842.0,0.0,0.0,1.0,South,2017/2018,STOCK ROAD,EQUESTRIAN LANE,Non-Injury Crash,No,2018,North,0.0,,Flat,,,,,Bright sun,1470214.0,0.0,0.0,0.0,2.0,0.0,,,Hawke's Bay Region,Nil,2-way,Sealed,0.0,0.0,,100.0,,Null,0.0,0.0,,30.0,Hastings District,Nil,,,,,0.0,0.0,Open,1.0,,,Fine
121099,1919072.0,5584307.0,545851.0,0.0,0.0,0.0,North,2013/2014,MIDDLE ROAD,TE AUTE TRUST ROAD,Serious Crash,No,2013,North,0.0,0.0,Flat,0.0,,0.0,0.0,Bright sun,1466102.0,0.0,0.0,1.0,2.0,0.0,0.0,,Hawke's Bay Region,Nil,2-way,Sealed,0.0,1.0,0.0,100.0,0.0,Null,0.0,0.0,,30.0,Hastings District,Nil,0.0,0.0,0.0,0.0,0.0,0.0,Open,0.0,0.0,0.0,Fine
525735,1929851.0,5604872.0,548200.0,0.0,0.0,2.0,South,2017/2018,HERETAUNGA ST EAST,RUSSELL ST SOUTH,Non-Injury Crash,No,2018,South,0.0,0.0,Flat,0.0,Easter,0.0,0.0,Bright sun,1492000.0,0.0,0.0,0.0,2.0,0.0,1.0,,Hawke's Bay Region,Nil,2-way,Sealed,0.0,0.0,0.0,50.0,0.0,Null,0.0,0.0,,30.0,Hastings District,Unknown,0.0,0.0,0.0,0.0,0.0,0.0,Urban,0.0,0.0,0.0,Fine
118410,1924490.0,5607548.0,548612.0,0.0,0.0,2.0,Null,2010/2011,HUDSON ROAD,CORTES CRESCENT,Non-Injury Crash,No,2010,North,0.0,,Flat,,,,,Overcast,1474113.0,0.0,0.0,0.0,2.0,0.0,,,Hawke's Bay Region,Nil,2-way,Sealed,0.0,0.0,,50.0,,Null,0.0,0.0,,30.0,Hastings District,Nil,,,,,0.0,0.0,Urban,0.0,,,Fine
451576,1933564.0,5600970.0,548832.0,0.0,0.0,1.0,Null,2008/2009,DUART ROAD,TAUROA ROAD,Non-Injury Crash,No,2008,West,0.0,,Hill Road,,,,,Bright sun,1508800.0,0.0,0.0,0.0,2.0,0.0,,,Hawke's Bay Region,Nil,2-way,Sealed,0.0,0.0,,50.0,,Null,0.0,0.0,,30.0,Hastings District,Nil,,,,,0.0,0.0,Urban,0.0,,,Fine
13596,1927687.0,5605240.0,547900.0,0.0,0.0,0.0,South,2001/2002,WALL ROAD,BLEDISLOE ST,Non-Injury Crash,No,2001,South,0.0,1.0,Flat,0.0,,0.0,0.0,Bright sun,1481300.0,0.0,0.0,0.0,2.0,0.0,0.0,,Hawke's Bay Region,Nil,2-way,Sealed,0.0,0.0,0.0,50.0,0.0,Null,0.0,0.0,,30.0,Hastings District,Nil,0.0,0.0,0.0,0.0,0.0,0.0,Urban,1.0,0.0,0.0,Fine
455548,1928550.1321,5606502.4753,547800.0,0.0,0.0,0.0,North,2018/2019,OMAHU ROAD,MCLEOD STREET,Non-Injury Crash,No,2018,South,0.0,0.0,Flat,1.0,,0.0,0.0,Bright sun,1477700.0,0.0,0.0,0.0,2.0,0.0,0.0,,Hawke's Bay Region,Nil,2-way,Sealed,0.0,0.0,0.0,50.0,0.0,Off,0.0,0.0,,30.0,Hastings District,Unknown,0.0,0.0,0.0,0.0,0.0,0.0,Urban,1.0,0.0,0.0,Fine
712973,1936468.0,5608527.0,545722.0,0.0,0.0,1.0,South,2012/2013,LAWN ROAD,MILL ROAD,Serious Crash,No,2012,North,0.0,,Flat,,Christmas New Year,,,Bright sun,1406501.0,0.0,0.0,1.0,2.0,0.0,,,Hawke's Bay Region,Nil,2-way,Sealed,0.0,1.0,,100.0,,Null,0.0,0.0,,30.0,Hastings District,Nil,,,,,0.0,0.0,Open,0.0,,,Fine
59220,1937679.0,5597998.0,545860.0,0.0,0.0,1.0,North,2002/2003,TUKI TUKI ROAD,CRAGGY RANGE ROAD,Non-Injury Crash,No,2003,West,0.0,1.0,Flat,0.0,,0.0,0.0,Bright sun,1467200.0,0.0,0.0,0.0,2.0,0.0,0.0,,Hawke's Bay Region,Nil,2-way,Sealed,0.0,0.0,0.0,100.0,0.0,Null,0.0,0.0,,30.0,Hastings District,Nil,0.0,0.0,0.0,0.0,0.0,0.0,Open,0.0,0.0,0.0,Fine
666978,1928329.0,5606718.0,547800.0,0.0,0.0,0.0,Null,2017/2018,OMAHU ROAD,CANNING ROAD,Minor Crash,No,2017,North,0.0,,Flat,,,,,Bright sun,1477100.0,2.0,0.0,0.0,2.0,0.0,,1.0,Hawke's Bay Region,Nil,2-way,Sealed,0.0,0.0,,50.0,,Null,1.0,0.0,,30.0,Hastings District,Stop,,,,,0.0,0.0,Urban,1.0,,,Fine
134347,1926514.0,5607993.0,545710.0,0.0,0.0,1.0,East,2000/2001,OMAHU ROAD,HENDERSON ROAD,Non-Injury Crash,No,2001,North,0.0,0.0,Flat,0.0,,0.0,0.0,Bright sun,1470900.0,0.0,0.0,0.0,2.0,0.0,0.0,,Hawke's Bay Region,Nil,2-way,Sealed,0.0,0.0,0.0,70.0,0.0,Null,0.0,0.0,,30.0,Hastings District,Nil,0.0,0.0,0.0,1.0,0.0,0.0,Urban,0.0,0.0,0.0,Fine
617507,1932801.0,5608139.0,545721.0,0.0,0.0,2.0,Null,2013/2014,RUAHAPIA ROAD,OTENE ROAD,Non-Injury Crash,No,2013,East,0.0,,Flat,,,,,Overcast,1471800.0,0.0,0.0,0.0,2.0,0.0,,,Hawke's Bay Region,Rail xing,2-way,Sealed,0.0,0.0,,100.0,,Null,0.0,0.0,,30.0,Hastings District,Give way,,,,,0.0,0.0,Open,0.0,,,Fine
570022,1931575.4463,5604935.8234,548000.0,0.0,0.0,2.0,Null,2018/2019,ANSON STREET,NORFOLK CRESCENT,Non-Injury Crash,No,2019,South,0.0,0.0,Flat,0.0,,0.0,0.0,Dark,1498500.0,0.0,0.0,0.0,2.0,0.0,1.0,,Hawke's Bay Region,Nil,2-way,Sealed,0.0,0.0,0.0,50.0,0.0,On,0.0,0.0,,30.0,Hastings District,Nil,0.0,0.0,0.0,0.0,0.0,0.0,Urban,0.0,0.0,0.0,Fine
29562,1928675.0,5605803.0,547700.0,0.0,0.0,2.0,Null,2011/2012,SOUTHAMPTON ST WEST,DAVIS ST,Non-Injury Crash,No,2012,South,0.0,,Flat,,,,,Bright sun,1486500.0,0.0,0.0,0.0,2.0,0.0,,,Hawke's Bay Region,Nil,2-way,Sealed,0.0,0.0,,50.0,,Null,0.0,0.0,,30.0,Hastings District,Give way,,,,,0.0,0.0,Urban,0.0,,,Fine
311335,1936282.0,5611956.0,545832.0,0.0,0.0,1.0,North,2016/2017,SH 2,HELLYERS LANE,Serious Crash,Yes,2017,North,0.0,0.0,Flat,0.0,,0.0,0.0,Dark,1404200.0,2.0,0.0,0.0,2.0,0.0,0.0,,Hawke's Bay Region,Nil,2-way,Sealed,0.0,1.0,0.0,100.0,0.0,None,0.0,0.0,,30.0,Hastings District,Unknown,0.0,0.0,0.0,1.0,0.0,0.0,Open,0.0,0.0,0.0,Light rain
548930,1928842.0,5603900.0,547900.0,0.0,0.0,3.0,Null,2006/2007,RAILWAY ROAD,MURDOCH ROAD WEST,Minor Crash,No,2007,North,0.0,,Flat,,,,,Overcast,1482600.0,4.0,0.0,0.0,2.0,0.0,,,Hawke's Bay Region,Nil,2-way,Sealed,0.0,0.0,,70.0,,Null,0.0,0.0,,30.0,Hastings District,Stop,,,,,0.0,0.0,Urban,0.0,,,Fine
585430,1923388.0,5604244.0,545842.0,0.0,0.0,0.0,North,2001/2002,Z BRIDGE PA APRON,MARAEKAKAHO ROAD,Non-Injury Crash,No,2001,West,0.0,0.0,Flat,0.0,,0.0,0.0,Twilight,1470218.0,0.0,0.0,0.0,1.0,0.0,0.0,,Hawke's Bay Region,Nil,Off road,Unsealed,0.0,0.0,0.0,30.0,0.0,None,0.0,0.0,,30.0,Hastings District,Nil,0.0,0.0,0.0,0.0,0.0,0.0,Urban,1.0,0.0,0.0,Fine
118450,1927266.0,5605171.0,545761.0,0.0,0.0,2.0,North,2001/2002,YORK ROAD,MARAEKAKAHO ROAD,Minor Crash,No,2002,South,0.0,,Flat,,,,,Overcast,1470102.0,2.0,0.0,0.0,2.0,0.0,,,Hawke's Bay Region,Nil,2-way,Sealed,0.0,0.0,,70.0,,Null,0.0,0.0,,30.0,Hastings District,Nil,,,,,0.0,0.0,Urban,0.0,,,Light rain
452582,1927837.0,5605538.0,547900.0,0.0,1.0,0.0,Null,2017/2018,MARAEKAKAHO ROAD,OLIPHANT ROAD,Non-Injury Crash,No,2018,South,0.0,,Flat,,,,,Twilight,1479800.0,0.0,0.0,0.0,2.0,0.0,,,Hawke's Bay Region,Nil,2-way,Sealed,0.0,0.0,,50.0,,On,1.0,0.0,,30.0,Hastings District,Give way,,,,,0.0,0.0,Urban,0.0,,,Fine
150184,1932550.0,5608545.0,545721.0,0.0,0.0,1.0,North,2001/2002,RUAHAPIA ROAD,WHAKATU ROAD,Minor Crash,No,2002,North,0.0,1.0,Flat,0.0,,0.0,0.0,Overcast,1471600.0,1.0,0.0,0.0,2.0,0.0,0.0,,Hawke's Bay Region,Nil,2-way,Sealed,0.0,0.0,0.0,100.0,0.0,Null,0.0,0.0,,30.0,Hastings District,Nil,0.0,0.0,0.0,0.0,0.0,0.0,Open,0.0,0.0,0.0,Light rain
164109,1935662.0,5610010.0,545730.0,0.0,0.0,3.0,North,2006/2007,SH 2,RICHMOND ROAD,Minor Crash,Yes,2006,North,0.0,0.0,Flat,0.0,,0.0,0.0,Bright sun,1405600.0,1.0,0.0,0.0,2.0,0.0,1.0,,Hawke's Bay Region,Nil,2-way,Sealed,0.0,0.0,0.0,100.0,0.0,Null,0.0,0.0,,30.0,Hastings District,Nil,0.0,0.0,0.0,0.0,0.0,0.0,Open,0.0,0.0,0.0,Fine
309392,1924762.0,5619330.0,545821.0,0.0,0.0,0.0,West,2009/2010,MOTEO PA ROAD,SWAMP ROAD,Serious Crash,No,2010,East,0.0,,Flat,,,,,Bright sun,1408500.0,0.0,0.0,0.0,2.0,0.0,,,Hawke's Bay Region,Nil,2-way,Sealed,0.0,2.0,,100.0,,Null,0.0,0.0,,30.0,Hastings District,Nil,,,,,0.0,0.0,Open,1.0,,,Fine
543719,1931687.0,5608489.0,545710.0,0.0,0.0,1.0,North,2012/2013,PAKOWHAI ROAD,ELWOOD ROAD,Non-Injury Crash,No,2013,South,0.0,,Flat,,,,,Bright sun,1471100.0,0.0,0.0,1.0,2.0,0.0,,,Hawke's Bay Region,Nil,2-way,Sealed,0.0,0.0,,100.0,,Null,0.0,0.0,,30.0,Hastings District,Nil,,,,,0.0,0.0,Open,0.0,,,Fine
111406,1929796.0,5604408.0,548200.0,0.0,0.0,1.0,East,2013/2014,HASTINGS ST SOUTH,SOUTHAMPTON ST EAST,Non-Injury Crash,No,2014,East,0.0,,Flat,,,,,Overcast,1493000.0,0.0,0.0,0.0,2.0,0.0,,1.0,Hawke's Bay Region,Nil,2-way,Sealed,0.0,0.0,,50.0,,Null,0.0,0.0,,30.0,Hastings District,Unknown,,,,,0.0,0.0,Urban,0.0,,,Fine
354130,1933124.0,5601884.0,548832.0,0.0,0.0,2.0,East,2003/2004,TE MATA ROAD,CHAMBERS ST,Non-Injury Crash,No,2003,West,0.0,0.0,Flat,0.0,,0.0,0.0,Dark,1508200.0,0.0,0.0,0.0,2.0,0.0,1.0,,Hawke's Bay Region,Nil,2-way,Sealed,0.0,0.0,0.0,50.0,0.0,On,0.0,0.0,,30.0,Hastings District,Nil,0.0,0.0,0.0,0.0,0.0,0.0,Urban,0.0,0.0,0.0,Fine
412806,1930761.0,5604258.0,548100.0,0.0,0.0,0.0,Null,2012/2013,SYLVAN ROAD,ST AUBYN ST EAST,Minor Crash,No,2013,North,0.0,,Flat,,,,,Dark,1501300.0,1.0,0.0,0.0,2.0,0.0,,1.0,Hawke's Bay Region,Nil,2-way,Sealed,0.0,0.0,,50.0,,On,1.0,0.0,,30.0,Hastings District,Give way,,,,,0.0,0.0,Urban,0.0,,,Fine
387514,1928754.0,5606242.0,548500.0,0.0,0.0,2.0,West,2006/2007,MARAEKAKAHO ROAD,HERETAUNGA ST WEST,Non-Injury Crash,No,2006,East,0.0,,Flat,,,,,Overcast,1478800.0,0.0,0.0,0.0,3.0,0.0,,,Hawke's Bay Region,Nil,2-way,Sealed,0.0,0.0,,50.0,,Null,0.0,0.0,,30.0,Hastings District,Nil,,,,,0.0,0.0,Urban,0.0,,,Fine
629261,1922486.0,5604947.0,545842.0,0.0,0.0,1.0,South,2004/2005,NGATARAWA ROAD,VALENTINE ROAD,Minor Crash,No,2004,North,0.0,,Flat,,,,,Overcast,1470218.0,2.0,0.0,0.0,2.0,0.0,,,Hawke's Bay Region,Nil,2-way,Sealed,0.0,0.0,,100.0,,Null,0.0,0.0,,30.0,Hastings District,Nil,,,,,0.0,0.0,Open,1.0,,,Fine
360878,1929896.0,5604813.0,548200.0,0.0,0.0,2.0,Null,2008/2009,HERETAUNGA ST EAST,KARAMU ROAD SOUTH,Non-Injury Crash,No,2009,East,0.0,,Flat,,,,,Dark,1492700.0,0.0,0.0,0.0,2.0,0.0,,,Hawke's Bay Region,Nil,2-way,Sealed,0.0,0.0,,50.0,,On,0.0,0.0,,30.0,Hastings District,Traffic Signals,,,,,0.0,0.0,Urban,0.0,,,Fine