OBJECTID,X,Y,areaUnitID,bicycle,bus,carStationWagon,crashDirectionDescription,crashFinancialYear,crashLocation1,crashLocation2,crashSeverity,crashSHDescription,crashYear,directionRoleDescription,fatalCount,fence,flatHill,guardRail,holiday,houseOrBuilding,kerb,light,meshblockId,minorInjuryCount,moped,motorcycle,NumberOfLanes,otherVehicleType,parkedVehicle,pedestrian,region,roadCharacter,roadLane,roadSurface,schoolBus,seriousInjuryCount,slipOrFlood,speedLimit,strayAnimal,streetLight,suv,taxi,temporarySpeedLimit,tlaId,tlaName,trafficControl,trafficIsland,trafficSign,train,tree,truck,unknownVehicleType,urban,vanOrUtility,vehicle,waterRiver,weatherA
332455,1929851.0,5605477.0,548200.0,0.0,0.0,2.0,Null,2001/2002,NELSON ST NORTH,ST AUBYN ST WEST,Non-Injury Crash,No,2002,South,0.0,,Flat,,,,,Dark,1491000.0,0.0,0.0,0.0,2.0,0.0,,,Hawke's Bay Region,Nil,2-way,Sealed,0.0,0.0,,50.0,,On,0.0,0.0,,30.0,Hastings District,Traffic Signals,,,,,0.0,0.0,Urban,0.0,,,Light rain
122987,1898335.0,5594912.0,545841.0,0.0,0.0,1.0,South,2004/2005,SH 50,SALISBURY ROAD,Minor Crash,Yes,2004,North,0.0,1.0,Flat,0.0,,0.0,0.0,Bright sun,1462600.0,1.0,0.0,0.0,2.0,0.0,0.0,,Hawke's Bay Region,Nil,2-way,Sealed,0.0,0.0,0.0,100.0,0.0,Null,0.0,0.0,,30.0,Hastings District,Nil,0.0,0.0,0.0,1.0,0.0,0.0,Open,0.0,0.0,0.0,Fine
86280,1911822.0,5662402.0,545911.0,0.0,0.0,1.0,North,2002/2003,SH 5,POPPELLWELLS,Non-Injury Crash,Yes,2002,North,0.0,0.0,Hill Road,0.0,,0.0,0.0,Overcast,1414300.0,0.0,0.0,0.0,2.0,0.0,0.0,,Hawke's Bay Region,Nil,2-way,Sealed,0.0,0.0,0.0,100.0,0.0,Null,0.0,0.0,,30.0,Hastings District,Nil,0.0,0.0,0.0,0.0,0.0,0.0,Open,0.0,0.0,0.0,Light rain
322492,1930935.0,5613540.0,545831.0,0.0,0.0,2.0,Null,2003/2004,SH 50A,SH 50,Non-Injury Crash,Yes,2004,North,0.0,,Flat,,,,,Overcast,1404600.0,0.0,0.0,0.0,2.0,0.0,,,Hawke's Bay Region,Nil,2-way,Sealed,0.0,0.0,,100.0,,Null,0.0,0.0,,30.0,Hastings District,Give way,,,,,0.0,0.0,Open,0.0,,,Fine
124443,1929137.0,5605815.0,547700.0,0.0,0.0,2.0,Null,2010/2011,GRAYS ROAD,HERETAUNGA ST WEST,Non-Injury Crash,No,2011,South,0.0,,Flat,,,,,Bright sun,1487300.0,0.0,0.0,0.0,2.0,0.0,,,Hawke's Bay Region,Nil,2-way,Sealed,0.0,0.0,,50.0,,Null,0.0,0.0,,30.0,Hastings District,Give way,,,,,0.0,0.0,Urban,0.0,,,Fine
162815,1932391.0,5602010.0,548831.0,0.0,0.0,1.0,South,2012/2013,HAVELOCK ROAD,KARANEMA DRIVE,Serious Crash,No,2013,South,0.0,,Flat,,,,,Bright sun,1509600.0,0.0,0.0,1.0,2.0,0.0,,,Hawke's Bay Region,Nil,2-way,Sealed,0.0,1.0,,50.0,,Null,0.0,0.0,,30.0,Hastings District,Nil,,,,,0.0,0.0,Urban,0.0,,,Fine
195962,1930792.5269999998,5604808.003,548100.0,0.0,0.0,0.0,Null,2018/2019,WILLOWPARK ROAD NORTH,ALBERT STREET,Non-Injury Crash,No,2018,North,0.0,,Flat,,,,,Overcast,1499600.0,0.0,0.0,0.0,2.0,0.0,,,Hawke's Bay Region,Nil,2-way,Sealed,0.0,0.0,,50.0,,Off,1.0,0.0,,30.0,Hastings District,Give way,,,,,0.0,0.0,Urban,1.0,,,Light rain
464097,1923738.0,5615421.0,545821.0,0.0,0.0,1.0,North,2003/2004,SWAMP ROAD,PIRAU ROAD,Minor Crash,No,2004,South,0.0,,Flat,,,,,Dark,1408600.0,1.0,0.0,0.0,2.0,0.0,,,Hawke's Bay Region,Nil,2-way,Sealed,0.0,0.0,,100.0,,None,0.0,0.0,,30.0,Hastings District,Nil,,,,,0.0,0.0,Open,1.0,,,Heavy rain
242517,1929549.0,5604870.0,548200.0,0.0,0.0,1.0,Null,2010/2011,MARKET ST,LYNDON ROAD WEST,Non-Injury Crash,No,2010,South,0.0,,Flat,,,,,Overcast,1489802.0,0.0,0.0,0.0,2.0,0.0,,,Hawke's Bay Region,Nil,2-way,Sealed,0.0,0.0,,50.0,,Null,1.0,0.0,,30.0,Hastings District,Give way,,,,,0.0,0.0,Urban,0.0,,,Mist or Fog
522529,1926429.0,5604478.0,545842.0,0.0,0.0,2.0,Null,2010/2011,MARAEKAKAHO ROAD,IRONGATE ROAD,Minor Crash,No,2011,North,0.0,0.0,Flat,0.0,,0.0,0.0,Bright sun,1468903.0,1.0,0.0,0.0,2.0,0.0,0.0,,Hawke's Bay Region,Nil,2-way,Sealed,0.0,0.0,0.0,100.0,0.0,Null,0.0,0.0,,30.0,Hastings District,Give way,0.0,1.0,0.0,0.0,0.0,0.0,Open,0.0,0.0,0.0,Fine
321961,1931040.0,5613834.0,545831.0,0.0,0.0,3.0,South,2016/2017,SH 50,TUTAEKURI BR S,Non-Injury Crash,Yes,2017,North,0.0,,Flat,,,,,Dark,1404600.0,0.0,0.0,0.0,2.0,0.0,,,Hawke's Bay Region,Nil,2-way,Sealed,0.0,0.0,,100.0,,On,0.0,0.0,,30.0,Hastings District,Unknown,,,,,0.0,0.0,Open,0.0,,,Light rain
19369,1932652.0,5609542.0,545832.0,0.0,0.0,2.0,Null,2009/2010,CHESTERHOPE BRIDGE,FARNDON ROAD,Minor Crash,No,2009,North,0.0,,Flat,,,,,Bright sun,1404300.0,1.0,0.0,0.0,2.0,0.0,,,Hawke's Bay Region,Nil,2-way,Sealed,0.0,0.0,,100.0,,Null,0.0,0.0,,30.0,Hastings District,Give way,,,,,0.0,0.0,Open,0.0,,,Fine
349787,1930145.0,5605151.0,548200.0,0.0,0.0,0.0,North,2011/2012,HOLT PLACE,ST AUBYN ST EAST,Non-Injury Crash,No,2012,East,0.0,,Flat,,,,,Overcast,1494100.0,0.0,0.0,0.0,2.0,0.0,,,Hawke's Bay Region,Nil,2-way,Sealed,0.0,0.0,,50.0,,Null,1.0,0.0,,30.0,Hastings District,Nil,,,,,0.0,0.0,Urban,0.0,,,Heavy rain
426302,1931134.0,5606880.0,545721.0,0.0,0.0,2.0,Null,2006/2007,TOMOANA ROAD,COVENTRY ROAD,Non-Injury Crash,No,2007,North,0.0,,Flat,,,,,Bright sun,1471401.0,0.0,0.0,0.0,2.0,0.0,,,Hawke's Bay Region,Nil,2-way,Sealed,0.0,0.0,,50.0,,Null,0.0,0.0,,30.0,Hastings District,Nil,,,,,0.0,0.0,Urban,0.0,,,Fine
116092,1909969.0,5664644.0,545911.0,0.0,0.0,1.0,North,2006/2007,SH 5,SUMMIT KIOSK,Minor Crash,Yes,2006,North,0.0,0.0,Hill Road,0.0,,0.0,0.0,Bright sun,1414400.0,1.0,0.0,0.0,2.0,0.0,0.0,,Hawke's Bay Region,Nil,2-way,Sealed,0.0,0.0,0.0,100.0,0.0,Null,0.0,0.0,,30.0,Hastings District,Nil,0.0,0.0,0.0,0.0,0.0,0.0,Open,0.0,0.0,0.0,Fine
684016,1927570.0,5607415.0,548400.0,0.0,0.0,1.0,Null,2001/2002,SH 50A,OMAHU ROAD,Non-Injury Crash,Yes,2002,North,0.0,0.0,Flat,0.0,,0.0,0.0,Dark,1473500.0,0.0,0.0,0.0,2.0,0.0,0.0,,Hawke's Bay Region,Nil,2-way,Sealed,0.0,0.0,0.0,50.0,0.0,On,0.0,0.0,,30.0,Hastings District,Give way,0.0,0.0,0.0,0.0,0.0,0.0,Urban,0.0,0.0,0.0,Light rain
114236,1911629.0,5661607.0,545911.0,0.0,0.0,1.0,South,2003/2004,SH 5,POPPELLWELLS,Non-Injury Crash,Yes,2003,North,0.0,1.0,Hill Road,0.0,,0.0,0.0,Overcast,1414300.0,0.0,0.0,0.0,2.0,0.0,0.0,,Hawke's Bay Region,Nil,2-way,Sealed,0.0,0.0,0.0,100.0,0.0,Null,0.0,0.0,,30.0,Hastings District,Nil,0.0,0.0,0.0,0.0,0.0,0.0,Open,0.0,0.0,0.0,Light rain
392024,1935117.0,5604408.0,545750.0,0.0,0.0,1.0,South,2003/2004,THOMPSON ROAD,TE MATA MANGATERETERE ROA,Non-Injury Crash,No,2004,North,0.0,0.0,Flat,0.0,,0.0,0.0,Overcast,1406600.0,0.0,0.0,0.0,2.0,0.0,0.0,,Hawke's Bay Region,Nil,2-way,Sealed,0.0,0.0,0.0,100.0,0.0,Null,0.0,0.0,,30.0,Hastings District,Nil,0.0,0.0,0.0,1.0,0.0,0.0,Open,0.0,0.0,0.0,Fine
559828,1937207.0,5608700.0,545730.0,0.0,0.0,1.0,South,2017/2018,MILL ROAD,LAWN ROAD,Minor Crash,No,2018,South,0.0,1.0,Hill Road,0.0,,0.0,0.0,Bright sun,1405300.0,1.0,0.0,0.0,2.0,0.0,0.0,,Hawke's Bay Region,Nil,2-way,Sealed,0.0,0.0,0.0,100.0,0.0,Null,0.0,0.0,,30.0,Hastings District,Unknown,0.0,0.0,0.0,1.0,0.0,0.0,Open,0.0,0.0,0.0,Fine
599098,1941020.0,5588230.0,545860.0,0.0,0.0,1.0,East,2004/2005,WAIMARAMA ROAD,WAITANGI ROAD,Non-Injury Crash,No,2005,North,0.0,1.0,Hill Road,0.0,,0.0,0.0,Bright sun,1467600.0,0.0,0.0,0.0,1.0,0.0,0.0,,Hawke's Bay Region,Nil,2-way,Unsealed,0.0,0.0,0.0,100.0,0.0,Null,0.0,0.0,30.0,30.0,Hastings District,Nil,0.0,0.0,0.0,0.0,0.0,0.0,Open,0.0,0.0,0.0,Fine
697845,1936372.0,5600471.0,548833.0,0.0,0.0,1.0,South,2005/2006,WAIMARAMA ROAD,TE MATA ROAD,Minor Crash,No,2005,South,0.0,1.0,Hill Road,0.0,,0.0,0.0,Dark,1466802.0,1.0,0.0,0.0,2.0,0.0,0.0,,Hawke's Bay Region,Nil,2-way,Sealed,0.0,0.0,0.0,100.0,0.0,None,0.0,0.0,,30.0,Hastings District,Nil,0.0,0.0,0.0,0.0,0.0,0.0,Open,0.0,0.0,0.0,Fine
416091,1929956.0,5604530.0,548200.0,0.0,0.0,2.0,Null,2005/2006,EASTBOURNE ST EAST,EASTBOURNE ST,Non-Injury Crash,No,2005,West,0.0,,Flat,,,,,Dark,1493200.0,0.0,0.0,0.0,2.0,0.0,,,Hawke's Bay Region,Nil,2-way,Sealed,0.0,0.0,,50.0,,On,0.0,0.0,,30.0,Hastings District,Give way,,,,,0.0,0.0,Urban,0.0,,,Light rain
220323,1935093.7122,5607011.6243,545722.0,0.0,0.0,1.0,Null,2018/2019,PILCHER ROAD,LAWN ROAD,Non-Injury Crash,No,2019,North,0.0,2.0,Flat,0.0,,0.0,0.0,Dark,1406400.0,0.0,0.0,0.0,2.0,0.0,0.0,,Hawke's Bay Region,Nil,2-way,Sealed,0.0,0.0,0.0,100.0,0.0,On,0.0,0.0,,30.0,Hastings District,Give way,0.0,0.0,0.0,1.0,0.0,0.0,Open,0.0,0.0,0.0,Fine
350028,1931927.0,5604558.0,548000.0,0.0,0.0,1.0,Null,2011/2012,BEATTY ST,HOOD ST,Non-Injury Crash,No,2011,West,0.0,1.0,Flat,0.0,,0.0,0.0,Dark,1498100.0,0.0,0.0,0.0,2.0,0.0,0.0,,Hawke's Bay Region,Nil,2-way,Sealed,0.0,0.0,0.0,50.0,0.0,On,0.0,0.0,,30.0,Hastings District,Nil,0.0,0.0,0.0,1.0,0.0,0.0,Urban,0.0,0.0,0.0,Fine
555761,1926604.0,5607976.0,548400.0,0.0,0.0,1.0,Null,2004/2005,OMAHU ROAD,MEIHANA ST,Non-Injury Crash,No,2005,West,0.0,0.0,Flat,0.0,,0.0,0.0,Bright sun,1473400.0,0.0,0.0,0.0,2.0,0.0,1.0,,Hawke's Bay Region,Nil,2-way,Sealed,0.0,0.0,0.0,50.0,0.0,Null,1.0,0.0,,30.0,Hastings District,Nil,0.0,0.0,0.0,0.0,0.0,0.0,Urban,0.0,0.0,0.0,Fine
315792,1934240.0,5607461.0,545722.0,0.0,0.0,1.0,Null,2016/2017,SH 2,PILCHER ROAD,Non-Injury Crash,Yes,2017,South,0.0,,Flat,,,,,Overcast,1406300.0,0.0,0.0,0.0,2.0,0.0,,,Hawke's Bay Region,Nil,2-way,Sealed,0.0,0.0,,100.0,,Null,0.0,0.0,,30.0,Hastings District,Traffic Signals,,,,,1.0,0.0,Open,0.0,,,Fine
687433,1929634.0,5605762.0,548200.0,0.0,0.0,2.0,Null,2013/2014,ST AUBYN ST WEST,TOMOANA ROAD,Non-Injury Crash,No,2014,South,0.0,1.0,Flat,0.0,,0.0,0.0,Dark,1490300.0,0.0,0.0,0.0,2.0,0.0,0.0,,Hawke's Bay Region,Nil,2-way,Sealed,0.0,0.0,0.0,50.0,0.0,On,0.0,0.0,,30.0,Hastings District,Traffic Signals,0.0,0.0,0.0,0.0,0.0,0.0,Urban,0.0,0.0,0.0,Heavy rain
115568,1928233.8303,5606807.7825,548500.0,1.0,0.0,1.0,Null,2019/2020,OMAHU ROAD,FRIMLEY AVENUE,Minor Crash,No,2020,South,0.0,,Flat,,,,,Twilight,1478500.0,1.0,0.0,0.0,2.0,0.0,,,Hawke's Bay Region,Nil,2-way,Sealed,0.0,0.0,,50.0,,On,0.0,0.0,,30.0,Hastings District,Give way,,,,,0.0,0.0,Urban,0.0,,,Fine
398121,1911784.3953,5663131.9972,545911.0,0.0,0.0,0.0,South,2018/2019,005-0204,TE HAROTO PO,Non-Injury Crash,Yes,2019,South,0.0,,Hill Road,,,,,Dark,1414300.0,0.0,0.0,0.0,2.0,0.0,,,Hawke's Bay Region,Nil,2-way,Sealed,0.0,0.0,,100.0,,None,0.0,0.0,,30.0,Hastings District,Unknown,,,,,0.0,0.0,Open,1.0,,,Fine
207110,1941149.0,5585345.0,545860.0,0.0,0.0,1.0,South,2001/2002,WAIMARAMA ROAD,TE APITI ROAD,Non-Injury Crash,No,2002,North,0.0,1.0,Flat,0.0,,0.0,0.0,Overcast,1467700.0,0.0,0.0,0.0,2.0,0.0,0.0,,Hawke's Bay Region,Nil,2-way,Sealed,0.0,0.0,0.0,100.0,0.0,Null,0.0,0.0,,30.0,Hastings District,Nil,0.0,0.0,0.0,0.0,0.0,0.0,Open,0.0,0.0,0.0,Light rain
282568,1933207.0,5606515.0,545721.0,0.0,0.0,2.0,North,2001/2002,SH 2,RUAHAPIA ROAD,Serious Crash,Yes,2001,North,0.0,1.0,Flat,0.0,,0.0,0.0,Twilight,1471800.0,1.0,0.0,0.0,2.0,0.0,0.0,,Hawke's Bay Region,Nil,2-way,Sealed,0.0,1.0,0.0,100.0,0.0,None,0.0,0.0,,30.0,Hastings District,Nil,0.0,0.0,0.0,0.0,0.0,0.0,Open,0.0,0.0,0.0,Light rain
338602,1927904.0,5605449.0,547900.0,0.0,0.0,2.0,Null,2007/2008,OLIPHANT ROAD,WENTWORTH ST,Non-Injury Crash,No,2007,East,0.0,,Flat,,,,,Bright sun,1479800.0,0.0,0.0,0.0,2.0,0.0,,,Hawke's Bay Region,Nil,2-way,Sealed,0.0,0.0,,50.0,,Null,0.0,0.0,,30.0,Hastings District,Nil,,,,,0.0,0.0,Urban,0.0,,,Fine
410932,1930261.0,5607151.0,547600.0,0.0,0.0,3.0,South,2016/2017,KAURI ST,MANUKA ST,Non-Injury Crash,No,2017,South,0.0,1.0,Flat,0.0,,0.0,0.0,Overcast,1482800.0,0.0,0.0,0.0,2.0,0.0,2.0,,Hawke's Bay Region,Nil,2-way,Unsealed,0.0,0.0,0.0,50.0,0.0,Null,0.0,0.0,,30.0,Hastings District,Unknown,0.0,0.0,0.0,0.0,0.0,0.0,Urban,0.0,0.0,0.0,Fine
639240,1908289.0,5675900.0,545911.0,0.0,0.0,1.0,South,2016/2017,SH 5,RUATITI BR,Non-Injury Crash,Yes,2016,North,0.0,0.0,Flat,0.0,,0.0,0.0,Dark,1281200.0,0.0,0.0,0.0,2.0,0.0,0.0,,Hawke's Bay Region,Nil,2-way,Sealed,0.0,0.0,0.0,100.0,0.0,None,0.0,0.0,,30.0,Hastings District,Unknown,0.0,0.0,0.0,0.0,0.0,0.0,Open,0.0,0.0,0.0,Fine
313089,1928503.0,5606043.0,548500.0,0.0,0.0,2.0,Null,2001/2002,MARAEKAKAHO ROAD,ORCHARD ROAD,Non-Injury Crash,No,2002,West,0.0,,Flat,,,,,Bright sun,1479600.0,0.0,0.0,0.0,2.0,0.0,,,Hawke's Bay Region,Nil,2-way,Sealed,0.0,0.0,,50.0,,Null,0.0,0.0,,30.0,Hastings District,Traffic Signals,,,,,0.0,0.0,Urban,0.0,,,Fine
518277,1930340.0,5604821.0,548200.0,0.0,0.0,2.0,Null,2000/2001,ST AUBYN ST EAST,HASTINGS ST NORTH,Non-Injury Crash,No,2001,North,0.0,,Flat,,,,,Overcast,1493501.0,0.0,0.0,0.0,2.0,0.0,,,Hawke's Bay Region,Nil,2-way,Sealed,0.0,0.0,,50.0,,Null,0.0,0.0,,30.0,Hastings District,Give way,,,,,0.0,0.0,Urban,0.0,,,Fine
698705,1928387.0,5602296.0,545762.0,0.0,0.0,2.0,Null,2008/2009,RIVERSLEA ROAD SOUTH,ALGERNON ROAD,Non-Injury Crash,No,2009,East,0.0,0.0,Flat,0.0,,0.0,0.0,Bright sun,1468100.0,0.0,0.0,0.0,2.0,0.0,0.0,,Hawke's Bay Region,Nil,2-way,Sealed,0.0,0.0,0.0,100.0,0.0,Null,0.0,0.0,,30.0,Hastings District,Give way,0.0,1.0,0.0,0.0,0.0,0.0,Open,0.0,0.0,0.0,Fine
178484,1935256.0,5653395.0,545911.0,0.0,0.0,0.0,Null,2011/2012,SH 2,MATAHORUA ROAD S,Serious Crash,Yes,2011,North,0.0,,Flat,,,,,Overcast,1415200.0,1.0,0.0,0.0,2.0,0.0,,,Hawke's Bay Region,Nil,2-way,Sealed,0.0,1.0,,100.0,,Null,2.0,0.0,,30.0,Hastings District,Give way,,,,,0.0,0.0,Open,0.0,,,Light rain
41866,1930906.0,5604064.0,548100.0,1.0,0.0,1.0,East,2009/2010,ST AUBYN ST EAST,PARK ROAD NORTH,Minor Crash,No,2009,East,0.0,,Flat,,,,,Bright sun,1500100.0,1.0,0.0,0.0,2.0,0.0,,,Hawke's Bay Region,Nil,2-way,Sealed,0.0,0.0,,50.0,,Null,0.0,0.0,,30.0,Hastings District,Nil,,,,,0.0,0.0,Urban,0.0,,,Fine
58644,1929657.0,5605330.0,548200.0,0.0,0.0,2.0,Null,2005/2006,NELSON ST NORTH,QUEEN ST WEST,Minor Crash,No,2005,North,0.0,,Flat,,,,,Bright sun,1490800.0,1.0,0.0,0.0,2.0,0.0,,,Hawke's Bay Region,Nil,2-way,Sealed,0.0,0.0,,50.0,,Null,0.0,0.0,,30.0,Hastings District,Give way,,,,,0.0,0.0,Urban,0.0,,,Fine
568839,1927296.0,5605131.0,545761.0,0.0,0.0,1.0,Null,2005/2006,MARAEKAKAHO ROAD,YORK ROAD,Non-Injury Crash,Yes,2006,South,0.0,,Flat,,,,,Bright sun,1469905.0,0.0,0.0,0.0,2.0,0.0,,,Hawke's Bay Region,Nil,2-way,Sealed,0.0,0.0,,70.0,,Null,0.0,0.0,,30.0,Hastings District,Give way,,,,,1.0,0.0,Urban,0.0,,,Fine
49416,1929657.0,5605330.0,548200.0,0.0,0.0,1.0,Null,2011/2012,NELSON ST NORTH,QUEEN ST WEST,Minor Crash,No,2011,North,0.0,,Flat,,,,,Dark,1490800.0,1.0,1.0,0.0,2.0,0.0,,,Hawke's Bay Region,Nil,2-way,Sealed,0.0,0.0,,50.0,,On,0.0,0.0,,30.0,Hastings District,Give way,,,,,0.0,0.0,Urban,0.0,,,Fine
574478,1929482.0217,5604956.1694,548200.0,0.0,0.0,3.0,South,2019/2020,LYNDON ROAD WEST,KING STREET SOUTH,Minor Crash,No,2019,North,0.0,0.0,Flat,0.0,,0.0,0.0,Overcast,1489801.0,1.0,0.0,0.0,2.0,0.0,2.0,,Hawke's Bay Region,Nil,2-way,Sealed,0.0,0.0,0.0,50.0,0.0,Off,0.0,0.0,,30.0,Hastings District,Nil,0.0,0.0,0.0,0.0,0.0,0.0,Urban,0.0,0.0,0.0,Fine
683270,1932652.0,5609542.0,545832.0,0.0,0.0,2.0,Null,2016/2017,CHESTERHOPE BRIDGE,FARNDON ROAD,Non-Injury Crash,No,2017,North,0.0,,Flat,,,,,Overcast,1404300.0,0.0,0.0,0.0,2.0,0.0,,,Hawke's Bay Region,Nil,2-way,Sealed,0.0,0.0,,80.0,,Null,0.0,0.0,,30.0,Hastings District,Give way,,,,,0.0,0.0,Open,0.0,,,Heavy rain
421684,1925876.0,5608176.0,548400.0,0.0,0.0,1.0,South,2007/2008,CHATHAM ROAD,OMAHU ROAD,Non-Injury Crash,No,2007,South,0.0,,Flat,,,,,Overcast,1473400.0,0.0,0.0,0.0,2.0,0.0,,,Hawke's Bay Region,Nil,2-way,Sealed,0.0,0.0,,70.0,,Null,0.0,0.0,,30.0,Hastings District,Nil,,,,,0.0,0.0,Urban,1.0,,,Fine
275059,1928854.0,5606333.0,547700.0,1.0,0.0,0.0,North,2004/2005,PAKOWHAI ROAD,HERETAUNGA ST WEST,Non-Injury Crash,No,2005,South,0.0,,Flat,,,,,Bright sun,1486000.0,0.0,0.0,0.0,2.0,0.0,,,Hawke's Bay Region,Nil,2-way,Sealed,0.0,0.0,,50.0,,Null,0.0,0.0,,30.0,Hastings District,Nil,,,,,0.0,0.0,Urban,1.0,,,Fine
80652,1933073.0,5601651.0,548832.0,0.0,0.0,3.0,North,2009/2010,DUART ROAD,CAMPBELL ST,Non-Injury Crash,No,2009,East,0.0,0.0,Flat,0.0,Christmas New Year,0.0,0.0,Dark,1508500.0,0.0,0.0,0.0,2.0,0.0,1.0,,Hawke's Bay Region,Nil,2-way,Sealed,0.0,0.0,0.0,50.0,0.0,On,0.0,0.0,,30.0,Hastings District,Nil,0.0,0.0,0.0,0.0,0.0,0.0,Urban,0.0,0.0,0.0,Fine
128388,1930122.0,5604303.0,548200.0,0.0,0.0,2.0,Null,2003/2004,EASTBOURNE ST EAST,WILLOWPARK ROAD SOUTH,Non-Injury Crash,No,2004,South,0.0,,Flat,,,,,Overcast,1493800.0,0.0,0.0,0.0,2.0,0.0,,,Hawke's Bay Region,Nil,2-way,Sealed,0.0,0.0,,50.0,,Null,0.0,0.0,,30.0,Hastings District,Give way,,,,,0.0,0.0,Urban,0.0,,,Fine
379178,1910674.0,5669731.0,545911.0,0.0,0.0,1.0,North,2003/2004,SH 5,BAKERS CULV,Non-Injury Crash,Yes,2004,South,0.0,1.0,Hill Road,0.0,Easter,0.0,0.0,Bright sun,1281200.0,0.0,0.0,0.0,2.0,0.0,0.0,,Hawke's Bay Region,Nil,2-way,Sealed,0.0,0.0,0.0,100.0,0.0,Null,0.0,0.0,,30.0,Hastings District,Nil,0.0,0.0,0.0,1.0,0.0,0.0,Open,0.0,0.0,0.0,Fine
50087,1926256.0,5636908.0,545811.0,0.0,0.0,1.0,North,2017/2018,SH 5,LUCKY HILL BR,Non-Injury Crash,Yes,2017,North,0.0,0.0,Flat,0.0,,0.0,0.0,Bright sun,1414700.0,0.0,0.0,0.0,2.0,0.0,0.0,,Hawke's Bay Region,Nil,2-way,Sealed,0.0,0.0,0.0,100.0,0.0,Null,0.0,0.0,,30.0,Hastings District,Unknown,0.0,0.0,0.0,1.0,0.0,0.0,Open,0.0,0.0,0.0,Fine
494812,1930594.0,5606237.0,547600.0,0.0,0.0,2.0,East,2006/2007,FREDERICK ST,TOMOANA ROAD,Non-Injury Crash,No,2007,South,0.0,0.0,Flat,0.0,,0.0,0.0,Bright sun,1483800.0,0.0,0.0,0.0,2.0,0.0,1.0,,Hawke's Bay Region,Nil,2-way,Sealed,0.0,0.0,0.0,50.0,0.0,Null,0.0,0.0,,30.0,Hastings District,Nil,0.0,0.0,0.0,0.0,0.0,0.0,Urban,0.0,0.0,0.0,Fine
348267,1929867.0573,5604647.0206,548200.0,0.0,0.0,2.0,Null,2019/2020,EASTBOURNE STREET EAST,WARREN STREET SOUTH,Minor Crash,No,2020,South,0.0,,Flat,,,,,Bright sun,1492500.0,3.0,0.0,0.0,2.0,0.0,,,Hawke's Bay Region,Nil,2-way,Sealed,0.0,0.0,,50.0,,Off,0.0,0.0,,30.0,Hastings District,Give way,,,,,0.0,0.0,Urban,0.0,,,Fine
533917,1930887.0,5606703.0,547600.0,0.0,0.0,0.0,North,2001/2002,TOMOANA ROAD,WILLIAMS ST,Non-Injury Crash,No,2002,North,0.0,0.0,Flat,0.0,,0.0,0.0,Bright sun,1484000.0,0.0,0.0,0.0,2.0,0.0,1.0,,Hawke's Bay Region,Nil,2-way,Sealed,0.0,0.0,0.0,50.0,0.0,Null,0.0,0.0,,30.0,Hastings District,Nil,0.0,0.0,0.0,0.0,1.0,0.0,Urban,1.0,0.0,0.0,Fine
439156,1929723.0,5605001.0,548200.0,0.0,0.0,2.0,West,2012/2013,MARKET ST SOUTH,HERETAUNGA ST WEST,Non-Injury Crash,No,2012,West,0.0,0.0,Flat,0.0,,0.0,0.0,Overcast,1490000.0,0.0,0.0,0.0,2.0,0.0,1.0,,Hawke's Bay Region,Nil,2-way,Sealed,0.0,0.0,0.0,50.0,0.0,Null,0.0,0.0,,30.0,Hastings District,Nil,0.0,0.0,0.0,0.0,0.0,0.0,Urban,0.0,0.0,0.0,Fine
468831,1927234.0,5602249.0,545762.0,0.0,0.0,2.0,Null,2010/2011,RAILWAY ROAD SOUTH,LONGLANDS ROAD EAST,Non-Injury Crash,No,2010,North,0.0,,Flat,,,,,Dark,1468200.0,0.0,0.0,0.0,2.0,0.0,,,Hawke's Bay Region,Nil,2-way,Sealed,0.0,0.0,,100.0,,On,0.0,0.0,,30.0,Hastings District,Give way,,,,,0.0,0.0,Open,0.0,,,Fine
326816,1914707.0,5638936.0,545912.0,0.0,0.0,0.0,East,2009/2010,Z FARM HUIARANGI ROAD,HENDLEY ROAD,Serious Crash,No,2009,East,0.0,,Hill Road,,,,,Bright sun,1412100.0,0.0,0.0,1.0,0.0,0.0,,,Hawke's Bay Region,Nil,Off road,Sealed,0.0,1.0,,100.0,,Null,0.0,0.0,,30.0,Hastings District,Nil,,,,,0.0,0.0,Open,0.0,,,Fine
77395,1932368.0,5601414.0,548810.0,1.0,0.0,1.0,North,2003/2004,MIDDLE ROAD,LUCKNOW ROAD,Minor Crash,No,2004,South,0.0,,Flat,,,,,Dark,1505700.0,1.0,0.0,0.0,2.0,0.0,,,Hawke's Bay Region,Nil,2-way,Sealed,0.0,0.0,,50.0,,On,0.0,0.0,,30.0,Hastings District,Nil,,,,,0.0,0.0,Urban,0.0,,,Fine