OBJECTID,X,Y,areaUnitID,bicycle,bus,carStationWagon,crashDirectionDescription,crashFinancialYear,crashLocation1,crashLocation2,crashSeverity,crashSHDescription,crashYear,directionRoleDescription,fatalCount,fence,flatHill,guardRail,holiday,houseOrBuilding,kerb,light,meshblockId,minorInjuryCount,moped,motorcycle,NumberOfLanes,otherVehicleType,parkedVehicle,pedestrian,region,roadCharacter,roadLane,roadSurface,schoolBus,seriousInjuryCount,slipOrFlood,speedLimit,strayAnimal,streetLight,suv,taxi,temporarySpeedLimit,tlaId,tlaName,trafficControl,trafficIsland,trafficSign,train,tree,truck,unknownVehicleType,urban,vanOrUtility,vehicle,waterRiver,weatherA
142421,1922286.0,5621039.0,545821.0,0.0,0.0,1.0,East,2000/2001,DARTMOOR ROAD,APLEY ROAD,Serious Crash,No,2000,West,0.0,0.0,Flat,0.0,,0.0,0.0,Dark,1411400.0,0.0,0.0,0.0,2.0,0.0,0.0,,Hawke's Bay Region,Nil,2-way,Sealed,0.0,1.0,0.0,100.0,0.0,None,0.0,0.0,,30.0,Hastings District,Nil,0.0,0.0,0.0,0.0,0.0,0.0,Open,0.0,0.0,0.0,Fine
355888,1930205.0,5603595.0,548300.0,0.0,0.0,1.0,Null,2010/2011,PARK ROAD SOUTH,OUTRAM ROAD,Non-Injury Crash,No,2011,North,0.0,0.0,Flat,0.0,,0.0,1.0,Bright sun,1504300.0,0.0,0.0,0.0,2.0,0.0,0.0,,Hawke's Bay Region,Nil,2-way,Sealed,0.0,0.0,0.0,50.0,0.0,Null,0.0,0.0,,30.0,Hastings District,Nil,0.0,0.0,0.0,0.0,0.0,0.0,Urban,0.0,0.0,0.0,Fine
323755,1929464.0,5605185.0,548200.0,0.0,0.0,2.0,Null,2011/2012,NELSON ST SOUTH,EASTBOURNE ST WEST,Non-Injury Crash,No,2012,East,0.0,,Flat,,,,,Overcast,1488900.0,0.0,0.0,0.0,2.0,0.0,,,Hawke's Bay Region,Nil,2-way,Sealed,0.0,0.0,,50.0,,Null,0.0,0.0,,30.0,Hastings District,Stop,,,,,0.0,0.0,Urban,0.0,,,Light rain
495930,1929271.0,5605639.0,547700.0,0.0,0.0,3.0,East,2004/2005,HERETAUNGA ST WEST,LOVEDALE ROAD,Non-Injury Crash,No,2005,West,0.0,,Flat,,,,,Bright sun,1487900.0,0.0,0.0,0.0,2.0,0.0,,,Hawke's Bay Region,Nil,2-way,Sealed,0.0,0.0,,50.0,,Null,0.0,0.0,,30.0,Hastings District,Give way,,,,,0.0,0.0,Urban,0.0,,,Fine
684976,1928028.0,5606573.0,548500.0,0.0,0.0,1.0,North,2004/2005,ORCHARD ROAD,LOWE ST,Non-Injury Crash,No,2005,North,0.0,0.0,Flat,0.0,,0.0,0.0,Dark,1478500.0,0.0,0.0,0.0,2.0,0.0,0.0,,Hawke's Bay Region,Nil,2-way,Sealed,0.0,0.0,0.0,50.0,0.0,On,0.0,0.0,,30.0,Hastings District,Nil,0.0,0.0,0.0,0.0,0.0,0.0,Urban,0.0,0.0,0.0,Light rain
83214,1924928.7478,5599950.1416,545852.0,0.0,0.0,1.0,North,2019/2020,50A-0000/07.55,MIRIAMA ROAD,Non-Injury Crash,Yes,2019,South,0.0,,Flat,,,,,Bright sun,1469600.0,0.0,0.0,0.0,2.0,0.0,,,Hawke's Bay Region,Nil,2-way,Sealed,0.0,0.0,,80.0,,None,0.0,0.0,,30.0,Hastings District,Unknown,,,,,0.0,0.0,Open,0.0,,,Fine
611539,1929469.0,5585816.0,545860.0,0.0,0.0,0.0,South,2008/2009,KAHURANAKI ROAD,MACKENZIE ROAD,Serious Crash,No,2008,North,0.0,0.0,Hill Road,0.0,,0.0,0.0,Bright sun,1467400.0,0.0,0.0,1.0,2.0,0.0,0.0,,Hawke's Bay Region,Nil,2-way,Sealed,0.0,1.0,0.0,100.0,0.0,Null,0.0,0.0,,30.0,Hastings District,Nil,0.0,0.0,0.0,0.0,0.0,0.0,Open,0.0,0.0,0.0,Fine
202856,1929764.0,5604384.0,548200.0,1.0,0.0,1.0,Null,2000/2001,SOUTHAMPTON ST EAST,HASTINGS ST SOUTH,Minor Crash,No,2000,South,0.0,,Flat,,,,,Overcast,1493000.0,1.0,0.0,0.0,2.0,0.0,,,Hawke's Bay Region,Nil,2-way,Sealed,0.0,0.0,,50.0,,Null,0.0,0.0,,30.0,Hastings District,Give way,,,,,0.0,0.0,Urban,0.0,,,Fine
616694,1928306.0,5605439.0,547900.0,0.0,0.0,2.0,North,2014/2015,KENNEDY ROAD,GORDON ROAD,Non-Injury Crash,No,2014,North,0.0,,Flat,,,,,Bright sun,1480200.0,0.0,0.0,0.0,2.0,0.0,,,Hawke's Bay Region,Nil,2-way,Sealed,0.0,0.0,,50.0,,Null,0.0,0.0,,30.0,Hastings District,Unknown,,,,,0.0,0.0,Urban,0.0,,,Fine
610573,1930279.0,5605100.0,548200.0,0.0,0.0,1.0,Null,2007/2008,ELLISON ROAD,KARAMU ROAD NORTH,Non-Injury Crash,No,2007,West,0.0,,Flat,,,,,Bright sun,1494100.0,0.0,0.0,0.0,2.0,0.0,,,Hawke's Bay Region,Nil,2-way,Sealed,0.0,0.0,,50.0,,Null,1.0,0.0,,30.0,Hastings District,Give way,,,,,0.0,0.0,Urban,0.0,,,Fine
733526,1932688.0,5601452.0,548832.0,1.0,0.0,1.0,Null,2013/2014,JOLL ROAD,CAMPBELL ST,Non-Injury Crash,No,2013,North,0.0,,Flat,,,,,Overcast,1508300.0,0.0,0.0,0.0,2.0,0.0,,,Hawke's Bay Region,Nil,2-way,Sealed,0.0,0.0,,50.0,,Null,0.0,0.0,,30.0,Hastings District,Give way,,,,,0.0,0.0,Urban,0.0,,,Fine
483414,1927574.0,5607442.0,548400.0,0.0,0.0,2.0,Null,2005/2006,OMAHU ROAD,SH 50A,Minor Crash,No,2005,East,0.0,,Flat,,,,,Dark,1473600.0,2.0,0.0,0.0,4.0,0.0,,,Hawke's Bay Region,Nil,2-way,Sealed,0.0,0.0,,50.0,,On,0.0,0.0,,30.0,Hastings District,Give way,,,,,0.0,0.0,Urban,0.0,,,Fine
644334,1930453.5587,5610152.1007,545832.0,0.0,0.0,1.0,South,2018/2019,50A-0000,NGARURORO BR,Serious Crash,Yes,2019,South,0.0,,Flat,,,,,Bright sun,1404400.0,1.0,0.0,0.0,2.0,0.0,,,Hawke's Bay Region,Bridge,2-way,Sealed,0.0,1.0,,100.0,,None,0.0,0.0,,30.0,Hastings District,Unknown,,,,,1.0,0.0,Open,1.0,,,Fine
445562,1911840.0,5586070.0,545851.0,0.0,0.0,2.0,Null,2002/2003,SH 2,TE ONEPU ROAD,Minor Crash,Yes,2002,South,0.0,,Flat,,,,,Twilight,1464900.0,1.0,0.0,0.0,2.0,0.0,,,Hawke's Bay Region,Nil,2-way,Sealed,0.0,0.0,,100.0,,None,0.0,0.0,,30.0,Hastings District,Give way,,,,,0.0,0.0,Open,0.0,,,Fine
742046,1932606.0,5606198.0,545721.0,0.0,0.0,1.0,Null,2002/2003,SH 2,ST GEORGES ROAD,Non-Injury Crash,Yes,2002,West,0.0,1.0,Flat,1.0,,0.0,0.0,Dark,1472300.0,0.0,0.0,0.0,2.0,0.0,0.0,,Hawke's Bay Region,Nil,2-way,Sealed,0.0,0.0,0.0,70.0,0.0,None,0.0,0.0,,30.0,Hastings District,Give way,0.0,0.0,0.0,0.0,0.0,0.0,Urban,0.0,0.0,0.0,Fine
321378,1941431.0,5594797.0,545860.0,0.0,0.0,0.0,West,2009/2010,OCEAN BEACH ROAD,WAIMARAMA ROAD,Serious Crash,No,2010,East,0.0,1.0,Hill Road,0.0,,0.0,0.0,Bright sun,1467600.0,0.0,0.0,0.0,2.0,0.0,0.0,,Hawke's Bay Region,Nil,2-way,Sealed,0.0,1.0,0.0,100.0,0.0,Null,1.0,0.0,,30.0,Hastings District,Nil,0.0,0.0,0.0,1.0,0.0,0.0,Open,0.0,0.0,0.0,Fine
703301,1929960.0,5613763.0,545831.0,0.0,0.0,1.0,West,2005/2006,SH 50,SH 50A,Minor Crash,Yes,2005,East,0.0,0.0,Flat,0.0,,0.0,0.0,Dark,1404600.0,1.0,0.0,0.0,2.0,0.0,0.0,,Hawke's Bay Region,Nil,2-way,Sealed,0.0,0.0,0.0,100.0,0.0,None,0.0,0.0,,30.0,Hastings District,Nil,0.0,0.0,0.0,0.0,0.0,0.0,Open,0.0,0.0,0.0,Fine
133990,1925318.3528,5607336.9154,548620.0,0.0,0.0,3.0,North,2019/2020,FLAXMERE AVENUE,HENDERSON ROAD,Non-Injury Crash,No,2020,South,0.0,0.0,Flat,0.0,,0.0,0.0,Overcast,1474201.0,0.0,0.0,0.0,2.0,0.0,2.0,,Hawke's Bay Region,Nil,2-way,Sealed,0.0,0.0,0.0,50.0,0.0,Off,0.0,0.0,,30.0,Hastings District,Nil,0.0,0.0,0.0,0.0,0.0,0.0,Urban,0.0,0.0,0.0,Fine
26251,1931198.0,5606140.0,548000.0,0.0,0.0,2.0,Null,2002/2003,WARWICK ROAD,CAROLINE ROAD,Non-Injury Crash,No,2003,West,0.0,,Flat,,,,,Overcast,1496600.0,0.0,0.0,0.0,2.0,0.0,,,Hawke's Bay Region,Nil,2-way,Sealed,0.0,0.0,,50.0,,Null,0.0,0.0,,30.0,Hastings District,Give way,,,,,0.0,0.0,Urban,0.0,,,Fine
309853,1928091.0,5605204.0,547900.0,0.0,0.0,2.0,East,2008/2009,OLIPHANT ROAD,MARAEKAKAHO ROAD,Minor Crash,No,2009,East,0.0,,Flat,,,,,Bright sun,1480100.0,1.0,0.0,0.0,2.0,0.0,,,Hawke's Bay Region,Nil,2-way,Sealed,0.0,0.0,,50.0,,Null,0.0,0.0,,30.0,Hastings District,Nil,,,,,0.0,0.0,Urban,0.0,,,Fine
280443,1929634.0,5605762.0,548200.0,1.0,0.0,1.0,Null,2007/2008,ST AUBYN ST WEST,TOMOANA ROAD,Minor Crash,No,2008,West,0.0,,Flat,,,,,Bright sun,1490300.0,1.0,0.0,0.0,4.0,0.0,,,Hawke's Bay Region,Nil,2-way,Sealed,0.0,0.0,,50.0,,Null,0.0,0.0,,30.0,Hastings District,Traffic Signals,,,,,0.0,0.0,Urban,0.0,,,Fine
385478,1929509.0,5608835.0,545710.0,0.0,0.0,1.0,Null,2016/2017,SH 50A,EVENDEN ROAD,Non-Injury Crash,Yes,2016,South,0.0,0.0,Flat,0.0,,0.0,0.0,Twilight,1471100.0,0.0,0.0,0.0,2.0,0.0,0.0,,Hawke's Bay Region,Nil,1-way,Sealed,0.0,0.0,0.0,100.0,0.0,Off,0.0,0.0,,30.0,Hastings District,Give way,0.0,0.0,0.0,0.0,0.0,0.0,Open,0.0,0.0,0.0,Light rain
292566,1928134.0151,5606910.6434,547800.0,0.0,0.0,2.0,Null,2019/2020,OMAHU ROAD,NOTTINGLEY ROAD,Non-Injury Crash,No,2020,North,0.0,,Null,,,,,Unknown,1476800.0,0.0,0.0,0.0,2.0,0.0,,,Hawke's Bay Region,Nil,2-way,Sealed,0.0,0.0,,50.0,,Off,0.0,0.0,,30.0,Hastings District,Give way,,,,,0.0,0.0,Urban,0.0,,,Null
493284,1937675.0,5597245.0,545860.0,0.0,0.0,1.0,North,2012/2013,TUKI TUKI ROAD,CRAGGY RANGE ROAD,Serious Crash,No,2012,North,0.0,,Flat,,,,,Bright sun,1467200.0,0.0,0.0,1.0,2.0,0.0,,,Hawke's Bay Region,Nil,2-way,Sealed,0.0,1.0,,100.0,,Null,0.0,0.0,,30.0,Hastings District,Nil,,,,,0.0,0.0,Open,0.0,,,Fine
6827,1927631.0,5607394.0,548500.0,0.0,0.0,0.0,Null,2009/2010,OMAHU ROAD,SH 50A,Non-Injury Crash,Yes,2010,North,0.0,0.0,Flat,0.0,,0.0,0.0,Overcast,1477900.0,0.0,0.0,0.0,2.0,0.0,0.0,,Hawke's Bay Region,Nil,2-way,Sealed,0.0,0.0,0.0,100.0,0.0,Null,0.0,0.0,,30.0,Hastings District,Give way,1.0,0.0,0.0,1.0,0.0,0.0,Open,1.0,0.0,0.0,Fine
577981,1936239.0,5611901.0,545832.0,0.0,0.0,1.0,North,2015/2016,SH 2,HELLYERS LANE,Non-Injury Crash,Yes,2016,North,0.0,0.0,Flat,0.0,,0.0,0.0,Overcast,1404200.0,0.0,0.0,0.0,3.0,0.0,0.0,,Hawke's Bay Region,Nil,2-way,Sealed,0.0,0.0,0.0,100.0,0.0,Null,0.0,0.0,,30.0,Hastings District,Unknown,0.0,0.0,0.0,0.0,0.0,0.0,Open,0.0,0.0,0.0,Fine
238648,1929569.0,5604646.0,548200.0,0.0,0.0,0.0,South,2009/2010,SOUTHAMPTON ST EAST,RAILWAY ROAD,Non-Injury Crash,No,2009,South,0.0,0.0,Flat,0.0,,0.0,0.0,Dark,1491800.0,0.0,0.0,0.0,2.0,0.0,0.0,,Hawke's Bay Region,Rail xing,2-way,Sealed,0.0,0.0,0.0,50.0,0.0,On,1.0,0.0,,30.0,Hastings District,Traffic Signals,0.0,1.0,0.0,0.0,0.0,0.0,Urban,0.0,0.0,0.0,Light rain
317621,1924159.0,5597103.0,545851.0,0.0,0.0,1.0,South,1999/2000,SH 2,STOCK ROAD,Non-Injury Crash,Yes,2000,North,0.0,1.0,Flat,0.0,,0.0,0.0,Overcast,1463900.0,0.0,0.0,0.0,2.0,0.0,0.0,,Hawke's Bay Region,Nil,2-way,Sealed,0.0,0.0,0.0,100.0,0.0,Null,0.0,0.0,,30.0,Hastings District,Nil,0.0,0.0,0.0,0.0,0.0,0.0,Open,0.0,0.0,0.0,Fine
676869,1928314.5108,5605899.6147,548500.0,0.0,0.0,0.0,Null,2019/2020,MARAEKAKAHO ROAD,FRANCIS HICKS AVENUE,Serious Crash,No,2019,South,0.0,0.0,Flat,0.0,,0.0,0.0,Bright sun,1479600.0,1.0,0.0,0.0,2.0,0.0,0.0,3.0,Hawke's Bay Region,Nil,2-way,Sealed,0.0,2.0,0.0,50.0,0.0,Off,0.0,0.0,,30.0,Hastings District,Give way,0.0,0.0,0.0,0.0,0.0,0.0,Urban,0.0,0.0,0.0,Fine
235299,1932756.0,5608160.0,545721.0,0.0,0.0,2.0,North,2008/2009,RUAHAPIA ROAD,OTENE ROAD,Non-Injury Crash,No,2008,East,0.0,,Flat,,,,,Bright sun,1471600.0,0.0,0.0,0.0,2.0,0.0,,,Hawke's Bay Region,Nil,2-way,Sealed,0.0,0.0,,100.0,,Null,0.0,0.0,,30.0,Hastings District,Traffic Signals,,,,,0.0,0.0,Open,0.0,,,Fine
206016,1930185.0,5605031.0,548200.0,0.0,0.0,1.0,Null,2017/2018,ST AUBYN ST EAST,KARAMU ROAD NORTH,Non-Injury Crash,No,2018,South,0.0,,Flat,,,,,Dark,1494100.0,0.0,0.0,0.0,4.0,0.0,,,Hawke's Bay Region,Nil,2-way,Sealed,0.0,0.0,,50.0,,On,0.0,0.0,,30.0,Hastings District,Traffic Signals,,,,,0.0,0.0,Urban,1.0,,,Fine
553964,1918683.0,5593341.0,545851.0,0.0,0.0,1.0,North,2010/2011,SH 2,POUKAWA ROAD,Non-Injury Crash,Yes,2010,North,0.0,,Flat,,Christmas New Year,,,Bright sun,1464102.0,0.0,0.0,0.0,2.0,0.0,,,Hawke's Bay Region,Nil,2-way,Sealed,0.0,0.0,,100.0,,Null,1.0,0.0,,30.0,Hastings District,Nil,,,,,0.0,0.0,Open,0.0,,,Fine
284871,1925649.0,5603352.0,545761.0,0.0,0.0,1.0,North,2000/2001,SH 50A,LONGLANDS ROAD WEST,Serious Crash,Yes,2000,North,0.0,,Flat,,,,,Bright sun,1468901.0,0.0,0.0,1.0,2.0,0.0,,,Hawke's Bay Region,Nil,2-way,Sealed,0.0,1.0,,100.0,,Null,0.0,0.0,,30.0,Hastings District,Nil,,,,,0.0,0.0,Open,0.0,,,Fine
257892,1924920.0,5601736.0,545842.0,0.0,0.0,1.0,West,2008/2009,MANGAROA ROAD,SH 50A PAKIPAKI,Non-Injury Crash,No,2009,East,0.0,0.0,Flat,0.0,,0.0,0.0,Overcast,1470213.0,0.0,0.0,0.0,2.0,0.0,0.0,,Hawke's Bay Region,Nil,2-way,Sealed,0.0,0.0,0.0,100.0,0.0,Null,0.0,0.0,,30.0,Hastings District,Nil,0.0,0.0,0.0,0.0,0.0,0.0,Open,0.0,0.0,0.0,Light rain
690859,1911365.0,5604888.0,545841.0,0.0,0.0,1.0,East,2000/2001,SH 50,KERERU ROAD,Non-Injury Crash,Yes,2001,East,0.0,1.0,Hill Road,0.0,,0.0,0.0,Overcast,1462800.0,0.0,0.0,0.0,2.0,0.0,0.0,,Hawke's Bay Region,Nil,2-way,Sealed,0.0,0.0,0.0,100.0,0.0,Null,0.0,0.0,,30.0,Hastings District,Nil,0.0,0.0,0.0,0.0,0.0,0.0,Open,0.0,0.0,0.0,Light rain
609215,1929657.0,5605330.0,548200.0,0.0,0.0,2.0,Null,2006/2007,NELSON ST NORTH,QUEEN ST WEST,Non-Injury Crash,No,2007,South,0.0,,Flat,,,,,Bright sun,1490800.0,0.0,0.0,0.0,2.0,0.0,,,Hawke's Bay Region,Nil,2-way,Sealed,0.0,0.0,,50.0,,Null,0.0,0.0,,30.0,Hastings District,Give way,,,,,0.0,0.0,Urban,0.0,,,Fine
90973,1933389.0,5612167.0,545832.0,0.0,0.0,1.0,South,2000/2001,BROOKFIELDS ROAD,SISSONS ROAD,Non-Injury Crash,No,2000,South,0.0,0.0,Flat,0.0,,0.0,0.0,Overcast,1404000.0,0.0,0.0,0.0,2.0,0.0,0.0,,Hawke's Bay Region,Nil,2-way,Sealed,0.0,0.0,0.0,100.0,0.0,Null,0.0,0.0,,30.0,Hastings District,Nil,0.0,0.0,0.0,0.0,0.0,0.0,Open,0.0,0.0,0.0,Light rain
55596,1929732.7040000001,5614670.1196,545831.0,0.0,0.0,1.0,North,2018/2019,WAIOHIKI ROAD,PITAKA LANE,Non-Injury Crash,No,2018,North,0.0,,Flat,,,,,Dark,1409400.0,0.0,0.0,0.0,2.0,0.0,,,Hawke's Bay Region,Nil,2-way,Sealed,0.0,0.0,,70.0,,None,0.0,0.0,,30.0,Hastings District,Unknown,,,,,0.0,0.0,Urban,1.0,,,Light rain
640693,1912779.0,5586892.0,545851.0,0.0,0.0,0.0,North,2005/2006,SH 2,TE ONEPU ROAD,Minor Crash,Yes,2005,South,0.0,,Hill Road,,,,,Bright sun,1464600.0,1.0,0.0,1.0,3.0,0.0,,,Hawke's Bay Region,Nil,2-way,Sealed,0.0,0.0,,100.0,,Null,0.0,0.0,,30.0,Hastings District,Nil,,,,,0.0,0.0,Open,0.0,,,Fine
281773,1912973.0,5657915.0,545911.0,0.0,0.0,0.0,North,2004/2005,SH 5,MCVICAR ROAD,Minor Crash,Yes,2005,South,0.0,0.0,Flat,0.0,,0.0,0.0,Dark,1414300.0,1.0,0.0,0.0,2.0,0.0,0.0,,Hawke's Bay Region,Nil,2-way,Sealed,0.0,0.0,0.0,100.0,0.0,None,1.0,0.0,,30.0,Hastings District,Nil,0.0,0.0,0.0,0.0,0.0,0.0,Open,0.0,0.0,0.0,Light rain
311128,1942916.0,5593768.0,545860.0,0.0,0.0,1.0,West,2005/2006,OCEAN BEACH ROAD,WAIMARAMA ROAD,Serious Crash,No,2006,West,0.0,,Hill Road,,,,,Bright sun,1467200.0,4.0,0.0,0.0,2.0,0.0,,,Hawke's Bay Region,Nil,2-way,Sealed,0.0,2.0,,100.0,,Null,0.0,0.0,,30.0,Hastings District,Nil,,,,,0.0,0.0,Open,1.0,,,Fine
615177,1932178.1664,5605058.7297,548000.0,0.0,0.0,1.0,East,2019/2020,JELLICOE STREET,NICHOLSON STREET,Non-Injury Crash,No,2019,West,0.0,1.0,Flat,0.0,,0.0,0.0,Bright sun,1472500.0,0.0,0.0,0.0,2.0,0.0,0.0,,Hawke's Bay Region,Nil,2-way,Sealed,0.0,0.0,0.0,50.0,0.0,Off,0.0,0.0,,30.0,Hastings District,Nil,0.0,0.0,0.0,0.0,0.0,0.0,Urban,0.0,0.0,0.0,Fine
515509,1930408.0,5607506.0,545710.0,0.0,0.0,1.0,South,2012/2013,PAKOWHAI ROAD,EVENDEN ROAD,Non-Injury Crash,No,2012,South,0.0,,Flat,,,,,Bright sun,1471300.0,0.0,0.0,0.0,2.0,0.0,,,Hawke's Bay Region,Nil,2-way,Sealed,0.0,0.0,,50.0,,Null,1.0,0.0,,30.0,Hastings District,Nil,,,,,0.0,0.0,Urban,0.0,,,Fine
627458,1920550.0,5608162.0,545842.0,0.0,0.0,2.0,North,2017/2018,SH 50,NGATARAWA ROAD,Non-Injury Crash,Yes,2017,North,0.0,,Flat,,,,,Dark,1470307.0,0.0,0.0,0.0,2.0,0.0,,,Hawke's Bay Region,Nil,2-way,Sealed,0.0,0.0,,100.0,,None,0.0,0.0,,30.0,Hastings District,Unknown,,,,,0.0,0.0,Open,0.0,,,Fine
216784,1936569.0,5595485.0,545860.0,0.0,0.0,2.0,South,2001/2002,WAIMARAMA ROAD,TUKI TUKI ROAD,Non-Injury Crash,No,2002,East,0.0,,Hill Road,,,,,Overcast,1467200.0,0.0,0.0,0.0,2.0,0.0,,,Hawke's Bay Region,Nil,2-way,Sealed,0.0,0.0,,100.0,,Null,0.0,0.0,,30.0,Hastings District,Nil,,,,,0.0,0.0,Open,0.0,,,Light rain
252934,1928784.0,5606279.0,547800.0,0.0,0.0,1.0,Null,2013/2014,MARAEKAKAHO ROAD,OMAHU ROAD,Minor Crash,No,2014,South,0.0,,Flat,,,,,Dark,1477800.0,1.0,0.0,0.0,2.0,0.0,,,Hawke's Bay Region,Nil,2-way,Sealed,0.0,0.0,,50.0,,On,1.0,0.0,,30.0,Hastings District,Give way,,,,,0.0,0.0,Urban,0.0,,,Fine
36329,1917837.0,5592638.0,545851.0,0.0,0.0,1.0,South,2005/2006,SH 2,POUKAWA ROAD,Non-Injury Crash,Yes,2006,North,0.0,,Flat,,,,,Overcast,1464200.0,0.0,0.0,0.0,2.0,0.0,,,Hawke's Bay Region,Nil,2-way,Sealed,0.0,0.0,,100.0,,Null,0.0,0.0,,30.0,Hastings District,Nil,,,,,0.0,0.0,Open,1.0,,,Fine
363959,1924414.8888,5603648.475,545842.0,0.0,0.0,1.0,Null,2019/2020,MARAEKAKAHO ROAD,STOCK ROAD,Non-Injury Crash,No,2020,West,0.0,1.0,Flat,0.0,,0.0,0.0,Twilight,1470214.0,0.0,0.0,0.0,2.0,0.0,0.0,,Hawke's Bay Region,Nil,2-way,Sealed,0.0,0.0,0.0,100.0,0.0,None,0.0,0.0,,30.0,Hastings District,Stop,0.0,0.0,0.0,0.0,0.0,0.0,Open,0.0,0.0,0.0,Fine
119074,1929110.0,5606525.0,547700.0,0.0,0.0,1.0,East,2011/2012,PAKOWHAI ROAD,FRIMLEY ROAD,Non-Injury Crash,No,2012,East,0.0,,Flat,,,,,Overcast,1485800.0,0.0,0.0,0.0,2.0,0.0,,,Hawke's Bay Region,Nil,2-way,Sealed,0.0,0.0,,50.0,,Null,0.0,0.0,,30.0,Hastings District,Nil,,,,,1.0,0.0,Urban,0.0,,,Fine
6205,1932991.0,5601830.0,548831.0,0.0,0.0,2.0,East,2007/2008,TE MATA ROAD,DUART ROAD,Non-Injury Crash,No,2007,West,0.0,,Flat,,Labour Weekend,,,Overcast,1509700.0,0.0,0.0,0.0,2.0,0.0,,,Hawke's Bay Region,Nil,2-way,Sealed,0.0,0.0,,50.0,,Null,0.0,0.0,,30.0,Hastings District,Nil,,,,,0.0,0.0,Urban,0.0,,,Fine
44375,1918963.0,5652574.0,545911.0,0.0,0.0,2.0,South,2002/2003,SH 5,WAITARA ROAD,Minor Crash,Yes,2003,South,0.0,0.0,Hill Road,0.0,,0.0,0.0,Dark,1415900.0,1.0,0.0,0.0,3.0,0.0,0.0,,Hawke's Bay Region,Nil,2-way,Sealed,0.0,0.0,0.0,100.0,0.0,None,0.0,0.0,,30.0,Hastings District,Nil,0.0,0.0,0.0,0.0,0.0,0.0,Open,0.0,0.0,0.0,Fine
51374,1938088.0,5655492.0,545911.0,0.0,0.0,1.0,North,2006/2007,SH 2,RIDGEMOUNT ROAD,Minor Crash,Yes,2006,South,0.0,0.0,Hill Road,0.0,,0.0,0.0,Dark,1416000.0,1.0,0.0,0.0,2.0,0.0,0.0,,Hawke's Bay Region,Nil,2-way,Sealed,0.0,0.0,0.0,100.0,0.0,None,0.0,0.0,,30.0,Hastings District,Nil,0.0,0.0,0.0,0.0,0.0,0.0,Open,0.0,0.0,0.0,Fine
467688,1930744.0075,5604461.1256,548100.0,0.0,0.0,1.0,Null,2020/2021,RIVERSLEA ROAD NORTH,ELLISON ROAD,Non-Injury Crash,No,2020,East,0.0,0.0,Flat,0.0,,0.0,0.0,Overcast,1500800.0,0.0,0.0,0.0,2.0,0.0,0.0,,Hawke's Bay Region,Nil,2-way,Sealed,0.0,0.0,0.0,50.0,0.0,Off,0.0,0.0,,30.0,Hastings District,Give way,0.0,0.0,0.0,1.0,0.0,0.0,Urban,0.0,0.0,0.0,Fine
472422,1925955.0,5608237.0,545710.0,0.0,0.0,1.0,Null,2013/2014,CHATHAM ROAD,OMAHU ROAD,Non-Injury Crash,No,2013,East,0.0,0.0,Flat,0.0,,0.0,0.0,Dark,1470900.0,0.0,0.0,0.0,2.0,0.0,0.0,,Hawke's Bay Region,Nil,2-way,Sealed,0.0,0.0,0.0,50.0,0.0,On,0.0,0.0,,30.0,Hastings District,Give way,0.0,0.0,0.0,0.0,0.0,0.0,Urban,0.0,0.0,0.0,Fine
555799,1929726.0,5604805.0,548200.0,0.0,0.0,1.0,South,2008/2009,RUSSELL ST SOUTH,EASTBOURNE ST EAST,Non-Injury Crash,No,2009,North,0.0,,Flat,,,,,Overcast,1491900.0,0.0,0.0,0.0,2.0,0.0,,,Hawke's Bay Region,Nil,2-way,Sealed,0.0,0.0,,50.0,,Null,1.0,0.0,,30.0,Hastings District,Nil,,,,,0.0,0.0,Urban,0.0,,,Fine
450341,1933297.0,5608841.0,545722.0,0.0,0.0,2.0,Null,2004/2005,JOHNSTON WAY,RANGITANE ROAD,Non-Injury Crash,No,2004,East,0.0,,Flat,,,,,Bright sun,1405700.0,0.0,0.0,0.0,2.0,0.0,,,Hawke's Bay Region,Nil,2-way,Sealed,0.0,0.0,,50.0,,Null,0.0,0.0,,30.0,Hastings District,Nil,,,,,0.0,0.0,Urban,0.0,,,Fine
227380,1929089.0,5605878.0,547700.0,0.0,0.0,2.0,North,2014/2015,HERETAUNGA ST WEST,TOWNSHEND ST,Non-Injury Crash,No,2014,North,0.0,0.0,Flat,0.0,,0.0,0.0,Bright sun,1486800.0,0.0,0.0,0.0,2.0,0.0,1.0,,Hawke's Bay Region,Nil,2-way,Sealed,0.0,0.0,0.0,50.0,0.0,Null,0.0,0.0,,30.0,Hastings District,Unknown,0.0,0.0,0.0,0.0,0.0,0.0,Urban,0.0,0.0,0.0,Fine
203302,1903834.0,5621170.0,545821.0,0.0,0.0,0.0,North,2003/2004,TAIHAPE ROAD,SWAMP ROAD,Non-Injury Crash,No,2003,South,0.0,0.0,Hill Road,0.0,,0.0,0.0,Overcast,1410000.0,0.0,0.0,0.0,2.0,0.0,0.0,,Hawke's Bay Region,Nil,2-way,Sealed,0.0,0.0,0.0,100.0,0.0,Null,0.0,0.0,,30.0,Hastings District,Nil,0.0,0.0,0.0,0.0,1.0,0.0,Open,0.0,0.0,0.0,Fine
713614,1925669.0,5626047.0,545821.0,0.0,0.0,1.0,South,2007/2008,PUKETITIRI ROAD,SEAFIELD ROAD,Non-Injury Crash,No,2007,North,0.0,0.0,Hill Road,0.0,,0.0,0.0,Bright sun,1411200.0,0.0,0.0,0.0,2.0,0.0,0.0,,Hawke's Bay Region,Nil,2-way,Sealed,0.0,0.0,0.0,100.0,0.0,Null,0.0,0.0,,30.0,Hastings District,Nil,0.0,0.0,0.0,0.0,0.0,0.0,Open,0.0,0.0,0.0,Fine