OBJECTID,X,Y,areaUnitID,bicycle,bus,carStationWagon,crashDirectionDescription,crashFinancialYear,crashLocation1,crashLocation2,crashSeverity,crashSHDescription,crashYear,directionRoleDescription,fatalCount,fence,flatHill,guardRail,holiday,houseOrBuilding,kerb,light,meshblockId,minorInjuryCount,moped,motorcycle,NumberOfLanes,otherVehicleType,parkedVehicle,pedestrian,region,roadCharacter,roadLane,roadSurface,schoolBus,seriousInjuryCount,slipOrFlood,speedLimit,strayAnimal,streetLight,suv,taxi,temporarySpeedLimit,tlaId,tlaName,trafficControl,trafficIsland,trafficSign,train,tree,truck,unknownVehicleType,urban,vanOrUtility,vehicle,waterRiver,weatherA
466766,1925945.0,5613200.0,545821.0,0.0,0.0,1.0,West,2002/2003,SH 50,OMARUNUI ROAD,Non-Injury Crash,Yes,2003,West,0.0,0.0,Flat,0.0,,0.0,0.0,Bright sun,1408600.0,0.0,0.0,0.0,2.0,0.0,0.0,,Hawke's Bay Region,Nil,2-way,Sealed,0.0,0.0,0.0,100.0,0.0,Null,0.0,0.0,,30.0,Hastings District,Nil,0.0,1.0,0.0,0.0,0.0,0.0,Open,0.0,0.0,0.0,Fine
575309,1929635.9816,5605758.8355,548200.0,0.0,0.0,0.0,Null,2019/2020,ST AUBYN STREET WEST,TOMOANA ROAD,Non-Injury Crash,No,2019,North,0.0,,Flat,,,,,Bright sun,1490300.0,0.0,0.0,0.0,2.0,0.0,,,Hawke's Bay Region,Nil,2-way,Sealed,0.0,0.0,,50.0,,Off,0.0,0.0,,30.0,Hastings District,Traffic Signals,,,,,0.0,0.0,Urban,2.0,,,Fine
304344,1931254.0,5605158.0,548000.0,0.0,0.0,1.0,West,2005/2006,WILLOWPARK ROAD NORTH,GROVE ROAD,Non-Injury Crash,No,2005,North,0.0,0.0,Flat,0.0,,0.0,0.0,Dark,1498001.0,0.0,0.0,0.0,2.0,0.0,0.0,,Hawke's Bay Region,Nil,2-way,Sealed,0.0,0.0,0.0,50.0,0.0,On,0.0,0.0,,30.0,Hastings District,Nil,0.0,0.0,0.0,0.0,0.0,0.0,Urban,0.0,0.0,0.0,Fine
132728,1930367.0,5604176.0,548300.0,0.0,0.0,2.0,Null,2000/2001,HERETAUNGA ST EAST,RIVERSLEA ROAD NORTH,Non-Injury Crash,No,2001,East,0.0,,Flat,,,,,Bright sun,1501600.0,0.0,0.0,0.0,2.0,0.0,,,Hawke's Bay Region,Nil,2-way,Sealed,0.0,0.0,,50.0,,Null,0.0,0.0,,30.0,Hastings District,Stop,,,,,0.0,0.0,Urban,0.0,,,Fine
288774,1924840.4619,5606748.4995,548612.0,0.0,0.0,2.0,South,2018/2019,CAERNARVON DRIVE,BERWICK ST,Non-Injury Crash,No,2019,North,0.0,,Flat,,,,,Overcast,1474600.0,0.0,0.0,0.0,2.0,0.0,,,Hawke's Bay Region,Nil,2-way,Sealed,0.0,0.0,,50.0,,Off,0.0,0.0,,30.0,Hastings District,Unknown,,,,,0.0,0.0,Urban,0.0,,,Fine
576842,1935101.0,5606996.0,545722.0,0.0,0.0,1.0,Null,2006/2007,TE MATA MANGATERETERE ROA,LAWN ROAD,Non-Injury Crash,No,2007,North,0.0,0.0,Flat,0.0,,0.0,0.0,Overcast,1406400.0,0.0,0.0,0.0,2.0,0.0,0.0,,Hawke's Bay Region,Nil,2-way,Sealed,0.0,0.0,0.0,100.0,0.0,Null,0.0,0.0,,30.0,Hastings District,Give way,1.0,1.0,0.0,0.0,0.0,0.0,Open,0.0,0.0,0.0,Light rain
12511,1930673.0,5606098.0,547600.0,0.0,0.0,2.0,Null,2016/2017,NELSON ST NORTH,FREDERICK ST,Non-Injury Crash,No,2016,East,0.0,,Hill Road,,,,,Bright sun,1483700.0,0.0,0.0,0.0,2.0,0.0,,,Hawke's Bay Region,Nil,2-way,Sealed,0.0,0.0,,50.0,,Null,0.0,0.0,,30.0,Hastings District,Give way,,,,,0.0,0.0,Urban,0.0,,,Fine
547405,1932411.0,5606189.0,545721.0,0.0,1.0,0.0,Null,2010/2011,SH 2,BENNETT ROAD,Non-Injury Crash,Yes,2010,West,0.0,,Flat,,,,,Bright sun,1472300.0,0.0,0.0,0.0,2.0,0.0,,,Hawke's Bay Region,Nil,2-way,Sealed,0.0,0.0,,70.0,,Null,0.0,0.0,,30.0,Hastings District,Stop,,,,,0.0,0.0,Urban,1.0,,,Fine
683206,1932537.0,5603588.0,545721.0,0.0,0.0,1.0,Null,2009/2010,ST GEORGES ROAD,CROSSES ROAD,Non-Injury Crash,No,2009,South,0.0,,Flat,,,,,Overcast,1472702.0,0.0,0.0,0.0,2.0,0.0,,,Hawke's Bay Region,Nil,2-way,Sealed,0.0,0.0,,70.0,,Null,0.0,0.0,,30.0,Hastings District,Give way,,,,,1.0,0.0,Urban,0.0,,,Heavy rain
447287,1932139.0,5611571.0,545832.0,0.0,0.0,1.0,Null,2015/2016,BROOKFIELDS ROAD,PAKOWHAI ROAD,Non-Injury Crash,No,2016,West,0.0,0.0,Flat,0.0,,0.0,0.0,Dark,1403900.0,0.0,0.0,0.0,2.0,0.0,0.0,,Hawke's Bay Region,Nil,2-way,Sealed,0.0,0.0,0.0,50.0,0.0,On,0.0,0.0,,30.0,Hastings District,Give way,0.0,0.0,0.0,0.0,0.0,0.0,Urban,0.0,0.0,0.0,Mist or Fog
606405,1925281.0,5606823.0,548620.0,0.0,0.0,1.0,East,2018/2019,BRISTOL CRESCENT,SWANSEA ROAD,Non-Injury Crash,No,2018,North,0.0,1.0,Flat,0.0,,0.0,0.0,Dark,1475200.0,0.0,0.0,0.0,2.0,0.0,0.0,,Hawke's Bay Region,Nil,2-way,Sealed,0.0,0.0,0.0,50.0,0.0,On,0.0,0.0,,30.0,Hastings District,Unknown,0.0,0.0,0.0,0.0,0.0,0.0,Urban,0.0,0.0,0.0,Fine
59728,1930033.0,5605235.0,548200.0,0.0,0.0,1.0,Null,2001/2002,ST AUBYN ST WEST,MARKET ST NORTH,Minor Crash,No,2001,North,0.0,,Flat,,,,,Overcast,1491500.0,2.0,0.0,1.0,4.0,0.0,,,Hawke's Bay Region,Nil,2-way,Sealed,0.0,0.0,,50.0,,Null,0.0,0.0,,30.0,Hastings District,Give way,,,,,0.0,0.0,Urban,0.0,,,Fine
584765,1932279.0,5609019.0,545721.0,0.0,0.0,1.0,South,2016/2017,RUAHAPIA ROAD,PAKOWHAI ROAD,Non-Injury Crash,No,2016,North,0.0,,Flat,,,,,Overcast,1471600.0,0.0,0.0,0.0,3.0,0.0,,,Hawke's Bay Region,Nil,2-way,Sealed,0.0,0.0,,80.0,,Null,0.0,0.0,,30.0,Hastings District,Give way,,,,,0.0,0.0,Open,1.0,,,Light rain
605937,1927929.0,5607105.0,548500.0,0.0,0.0,2.0,South,2016/2017,OMAHU ROAD,BALLANTYNE ST,Non-Injury Crash,No,2016,South,0.0,0.0,Flat,0.0,,0.0,0.0,Bright sun,1478500.0,0.0,0.0,0.0,1.0,0.0,2.0,,Hawke's Bay Region,Nil,2-way,Sealed,0.0,0.0,0.0,50.0,0.0,Null,0.0,0.0,,30.0,Hastings District,Unknown,0.0,0.0,0.0,0.0,0.0,0.0,Urban,3.0,0.0,0.0,Fine
80520,1929936.0,5605162.0,548200.0,0.0,0.0,2.0,Null,1999/2000,MARKET ST NORTH,AVENUE ROAD WEST,Non-Injury Crash,No,2000,North,0.0,,Flat,,,,,Bright sun,1491400.0,0.0,0.0,0.0,2.0,0.0,,,Hawke's Bay Region,Nil,2-way,Sealed,0.0,0.0,,50.0,,Null,0.0,0.0,,30.0,Hastings District,Give way,,,,,0.0,0.0,Urban,0.0,,,Fine
422287,1930935.0,5613540.0,545831.0,0.0,0.0,2.0,Null,2005/2006,SH 50,SH 50A,Serious Crash,Yes,2006,North,0.0,,Flat,,,,,Bright sun,1404600.0,2.0,0.0,0.0,4.0,0.0,,,Hawke's Bay Region,Nil,2-way,Sealed,0.0,1.0,,100.0,,Null,0.0,0.0,,30.0,Hastings District,Give way,,,,,0.0,0.0,Open,0.0,,,Fine
176297,1926702.0,5605935.0,545761.0,0.0,0.0,1.0,West,2008/2009,YORK ROAD,MARAEKAKAHO ROAD,Non-Injury Crash,No,2009,East,0.0,,Flat,,,,,Bright sun,1469905.0,0.0,0.0,0.0,2.0,0.0,,,Hawke's Bay Region,Nil,2-way,Sealed,0.0,0.0,,100.0,,Null,0.0,0.0,,30.0,Hastings District,Nil,,,,,0.0,0.0,Open,1.0,,,Fine
264600,1929730.0,5606888.0,547600.0,0.0,0.0,1.0,North,2007/2008,DUKE ST,NGAIO ST,Non-Injury Crash,No,2007,South,0.0,0.0,Flat,0.0,,0.0,0.0,Dark,1483100.0,0.0,0.0,0.0,2.0,0.0,1.0,,Hawke's Bay Region,Nil,2-way,Sealed,0.0,0.0,0.0,50.0,0.0,On,0.0,0.0,,30.0,Hastings District,Nil,0.0,0.0,0.0,0.0,0.0,0.0,Urban,1.0,0.0,0.0,Fine
123841,1925563.0,5606460.0,548620.0,1.0,0.0,1.0,West,2003/2004,PLYMOUTH ROAD,WILSON ROAD,Minor Crash,No,2004,East,0.0,,Flat,,,,,Overcast,1476500.0,1.0,0.0,0.0,2.0,0.0,,,Hawke's Bay Region,Nil,2-way,Sealed,0.0,0.0,,50.0,,Null,0.0,0.0,,30.0,Hastings District,Nil,,,,,0.0,0.0,Urban,0.0,,,Fine
710322,1906290.0,5601749.0,545841.0,0.0,0.0,0.0,South,2003/2004,SH 50,SALISBURY ROAD,Minor Crash,Yes,2003,South,0.0,,Hill Road,,,,,Dark,1462600.0,1.0,0.0,0.0,2.0,0.0,,,Hawke's Bay Region,Nil,2-way,Sealed,0.0,0.0,,100.0,,None,0.0,0.0,,30.0,Hastings District,Nil,,,,,0.0,0.0,Open,1.0,,,Fine
621604,1931504.0,5604173.0,548100.0,0.0,0.0,1.0,North,2006/2007,WINDSOR AVENUE,ADA ST,Non-Injury Crash,No,2006,North,0.0,0.0,Flat,0.0,,0.0,0.0,Dark,1499900.0,0.0,0.0,0.0,2.0,0.0,0.0,,Hawke's Bay Region,Nil,2-way,Sealed,0.0,0.0,0.0,50.0,0.0,On,0.0,0.0,,30.0,Hastings District,Nil,1.0,1.0,0.0,1.0,0.0,0.0,Urban,0.0,0.0,0.0,Light rain
579281,1930226.0,5604367.0,548300.0,0.0,0.0,2.0,Null,2010/2011,HERETAUNGA ST EAST,WILLOWPARK ROAD SOUTH,Non-Injury Crash,No,2010,North,0.0,,Flat,,,,,Overcast,1501500.0,0.0,0.0,0.0,2.0,0.0,,,Hawke's Bay Region,Nil,2-way,Sealed,0.0,0.0,,50.0,,Null,0.0,0.0,,30.0,Hastings District,Give way,,,,,0.0,0.0,Urban,0.0,,,Fine
268030,1935656.0,5609880.0,545730.0,0.0,0.0,1.0,North,2016/2017,SH 2,RICHMOND ROAD,Non-Injury Crash,Yes,2016,North,0.0,0.0,Flat,0.0,,0.0,0.0,Dark,1405600.0,0.0,0.0,0.0,2.0,0.0,0.0,,Hawke's Bay Region,Nil,2-way,Sealed,0.0,0.0,0.0,80.0,0.0,None,0.0,0.0,,30.0,Hastings District,Unknown,0.0,0.0,0.0,0.0,0.0,0.0,Open,0.0,0.0,0.0,Fine
66958,1933106.0,5601629.0,548832.0,0.0,0.0,2.0,Null,2013/2014,DUART ROAD,CAMPBELL ST,Minor Crash,No,2014,North,0.0,,Hill Road,,,,,Bright sun,1508600.0,1.0,0.0,0.0,2.0,0.0,,,Hawke's Bay Region,Nil,2-way,Sealed,0.0,0.0,,50.0,,Off,0.0,0.0,,30.0,Hastings District,Give way,,,,,0.0,0.0,Urban,0.0,,,Fine
357030,1931876.0,5603082.0,545721.0,0.0,0.0,1.0,Null,2012/2013,HOWARD ST,ST GEORGES ROAD,Non-Injury Crash,No,2013,East,0.0,0.0,Flat,0.0,,0.0,0.0,Dark,1472801.0,0.0,0.0,0.0,2.0,0.0,0.0,,Hawke's Bay Region,Nil,2-way,Sealed,0.0,0.0,0.0,80.0,0.0,On,0.0,0.0,,30.0,Hastings District,Stop,0.0,0.0,0.0,0.0,0.0,0.0,Open,0.0,0.0,0.0,Fine
503920,1934227.0,5642217.0,545811.0,0.0,0.0,0.0,South,2004/2005,SH 2,AROPAOANUI ROAD,Non-Injury Crash,Yes,2005,South,0.0,0.0,Hill Road,1.0,,0.0,0.0,Bright sun,1415700.0,0.0,0.0,0.0,2.0,0.0,0.0,,Hawke's Bay Region,Nil,2-way,Sealed,0.0,0.0,0.0,100.0,0.0,Null,0.0,0.0,,30.0,Hastings District,Nil,0.0,0.0,0.0,0.0,1.0,0.0,Open,0.0,0.0,0.0,Fine
84308,1925304.0,5599431.0,545852.0,0.0,0.0,1.0,South,2010/2011,SH 2,PAKIPAKI OFF NBD,Minor Crash,Yes,2010,North,0.0,0.0,Flat,0.0,,0.0,0.0,Twilight,1463700.0,2.0,0.0,0.0,3.0,0.0,0.0,,Hawke's Bay Region,Nil,2-way,Sealed,0.0,0.0,0.0,100.0,0.0,On,0.0,0.0,,30.0,Hastings District,Give way,0.0,0.0,0.0,0.0,0.0,0.0,Open,2.0,0.0,0.0,Fine
519633,1913262.0,5587167.0,545851.0,0.0,0.0,2.0,South,2011/2012,SH 2,WAIKAREAO ROAD,Serious Crash,Yes,2012,South,0.0,,Hill Road,,,,,Bright sun,1464600.0,1.0,0.0,0.0,3.0,0.0,,,Hawke's Bay Region,Nil,2-way,Sealed,0.0,2.0,,100.0,,Null,0.0,0.0,30.0,30.0,Hastings District,Nil,,,,,0.0,0.0,Open,0.0,,,Fine
515770,1920978.0,5603028.0,545841.0,0.0,0.0,1.0,South,2014/2015,RAUKAWA ROAD,MARAEKAKAHO ROAD,Non-Injury Crash,No,2015,South,0.0,1.0,Flat,0.0,,0.0,0.0,Bright sun,1463000.0,0.0,0.0,0.0,2.0,0.0,0.0,,Hawke's Bay Region,Nil,2-way,Sealed,0.0,0.0,0.0,100.0,0.0,None,0.0,0.0,,30.0,Hastings District,Nil,0.0,0.0,0.0,0.0,0.0,0.0,Open,0.0,0.0,0.0,Fine
619936,1930340.0,5604821.0,548200.0,0.0,0.0,2.0,Null,2004/2005,ST AUBYN ST EAST,HASTINGS ST NORTH,Non-Injury Crash,No,2005,North,0.0,,Flat,,,,,Bright sun,1493501.0,0.0,0.0,0.0,3.0,0.0,,,Hawke's Bay Region,Nil,2-way,Sealed,0.0,0.0,,50.0,,Null,0.0,0.0,,30.0,Hastings District,Give way,,,,,0.0,0.0,Urban,0.0,,,Fine
272398,1929273.0,5606648.0,547800.0,0.0,0.0,0.0,West,2014/2015,PAKOWHAI ROAD,FITZROY AVENUE,Non-Injury Crash,No,2015,West,0.0,,Flat,,,,,Bright sun,1477600.0,0.0,0.0,0.0,2.0,0.0,,,Hawke's Bay Region,Nil,2-way,Sealed,0.0,0.0,,50.0,,Off,1.0,0.0,,30.0,Hastings District,Nil,,,,,1.0,0.0,Urban,0.0,,,Fine
50922,1931022.0,5613782.0,545831.0,0.0,0.0,1.0,Null,2003/2004,SH 50,PAKOWHAI ON SBD,Non-Injury Crash,Yes,2003,South,0.0,,Flat,,,,,Bright sun,1404600.0,0.0,0.0,0.0,3.0,0.0,,,Hawke's Bay Region,Nil,2-way,Sealed,0.0,0.0,,100.0,,Null,0.0,0.0,,30.0,Hastings District,Traffic Signals,,,,,0.0,0.0,Open,1.0,,,Fine
294951,1932274.0,5609028.0,545721.0,0.0,0.0,1.0,Null,2014/2015,RUAHAPIA ROAD,PAKOWHAI ROAD,Non-Injury Crash,No,2014,North,0.0,,Flat,,,,,Overcast,1471600.0,0.0,0.0,0.0,2.0,0.0,,,Hawke's Bay Region,Nil,2-way,Sealed,0.0,0.0,,80.0,,Null,1.0,0.0,,30.0,Hastings District,Give way,,,,,0.0,0.0,Open,0.0,,,Fine
491601,1927505.0,5602098.0,545762.0,0.0,0.0,1.0,East,2007/2008,LONGLANDS ROAD EAST,RAILWAY ROAD SOUTH,Non-Injury Crash,No,2008,East,0.0,0.0,Flat,0.0,,0.0,0.0,Overcast,1468200.0,0.0,0.0,0.0,2.0,0.0,0.0,,Hawke's Bay Region,Nil,2-way,Sealed,0.0,0.0,0.0,100.0,0.0,Null,0.0,0.0,,30.0,Hastings District,Nil,0.0,0.0,0.0,0.0,0.0,0.0,Open,0.0,0.0,0.0,Light rain
719393,1927635.0,5607391.0,547800.0,0.0,0.0,1.0,Null,2010/2011,OMAHU ROAD,SH 50A,Non-Injury Crash,No,2011,North,0.0,,Flat,,,,,Bright sun,1476600.0,0.0,0.0,1.0,3.0,0.0,,,Hawke's Bay Region,Nil,2-way,Sealed,0.0,0.0,,50.0,,Null,0.0,0.0,,30.0,Hastings District,Give way,,,,,0.0,0.0,Urban,0.0,,,Fine
416293,1917749.0,5653779.0,545912.0,0.0,0.0,0.0,North,2011/2012,SH 5,TE POHUE LOOP ROAD N,Non-Injury Crash,Yes,2012,North,0.0,0.0,Hill Road,0.0,,0.0,0.0,Bright sun,1414504.0,0.0,0.0,0.0,2.0,0.0,0.0,,Hawke's Bay Region,Nil,2-way,Sealed,0.0,0.0,0.0,100.0,0.0,Null,1.0,0.0,,30.0,Hastings District,Nil,0.0,0.0,0.0,0.0,0.0,0.0,Open,0.0,0.0,0.0,Fine
168804,1936567.0,5611007.0,545730.0,0.0,0.0,0.0,East,2005/2006,SCHOOL ROAD,SUTTON AVENUE,Non-Injury Crash,No,2005,East,0.0,0.0,Flat,0.0,,0.0,0.0,Overcast,1405006.0,0.0,0.0,0.0,2.0,1.0,0.0,,Hawke's Bay Region,Nil,2-way,Sealed,0.0,0.0,0.0,50.0,0.0,Null,0.0,0.0,,30.0,Hastings District,Nil,0.0,0.0,0.0,0.0,0.0,0.0,Urban,0.0,0.0,0.0,Fine
181150,1932465.0,5601870.0,548831.0,0.0,0.0,2.0,North,2012/2013,HAVELOCK ROAD,PORTER DRIVE,Non-Injury Crash,No,2012,North,0.0,,Flat,,,,,Bright sun,1509600.0,0.0,0.0,0.0,2.0,0.0,,,Hawke's Bay Region,Nil,2-way,Sealed,0.0,0.0,,50.0,,Null,0.0,0.0,,30.0,Hastings District,Nil,,,,,0.0,0.0,Urban,0.0,,,Fine
141446,1930510.0,5604594.0,548100.0,0.0,0.0,2.0,Null,2001/2002,WILLOWPARK ROAD NORTH,ST AUBYN ST EAST,Non-Injury Crash,No,2001,South,0.0,,Flat,,,,,Bright sun,1500800.0,0.0,0.0,0.0,2.0,0.0,,,Hawke's Bay Region,Nil,2-way,Sealed,0.0,0.0,,50.0,,Null,0.0,0.0,,30.0,Hastings District,Give way,,,,,0.0,0.0,Urban,0.0,,,Fine
275533,1927296.0,5605131.0,545761.0,0.0,0.0,1.0,Null,2010/2011,MARAEKAKAHO ROAD,YORK ROAD,Non-Injury Crash,No,2011,East,0.0,1.0,Flat,0.0,,0.0,0.0,Dark,1469905.0,0.0,0.0,0.0,4.0,0.0,0.0,,Hawke's Bay Region,Nil,2-way,Sealed,0.0,0.0,0.0,70.0,0.0,On,0.0,0.0,,30.0,Hastings District,Give way,0.0,0.0,0.0,0.0,0.0,0.0,Urban,0.0,0.0,0.0,Fine
286632,1925657.0,5608355.0,545710.0,0.0,0.0,2.0,East,2016/2017,OMAHU ROAD,BARNES PLACE,Non-Injury Crash,No,2016,West,0.0,0.0,Flat,0.0,,0.0,0.0,Bright sun,1470900.0,0.0,0.0,0.0,2.0,0.0,1.0,,Hawke's Bay Region,Nil,2-way,Sealed,0.0,0.0,0.0,70.0,0.0,Null,0.0,0.0,,30.0,Hastings District,Unknown,0.0,0.0,0.0,0.0,0.0,0.0,Urban,0.0,0.0,0.0,Fine
653206,1924315.0,5616260.0,545821.0,0.0,0.0,1.0,South,2000/2001,SWAMP ROAD,OMARUNUI SETTLEMENT ROAD,Non-Injury Crash,No,2001,North,0.0,,Flat,,,,,Overcast,1408500.0,0.0,0.0,0.0,2.0,0.0,,,Hawke's Bay Region,Nil,2-way,Sealed,0.0,0.0,,100.0,,Null,0.0,0.0,,30.0,Hastings District,Nil,,,,,0.0,0.0,Open,0.0,,,Light rain
254370,1919168.0,5593743.0,545851.0,0.0,0.0,1.0,Null,2004/2005,SH 2,HORONUI ROAD,Serious Crash,Yes,2005,North,0.0,1.0,Hill Road,0.0,,0.0,0.0,Bright sun,1464102.0,1.0,0.0,0.0,2.0,0.0,0.0,,Hawke's Bay Region,Nil,2-way,Sealed,0.0,1.0,0.0,100.0,0.0,Null,0.0,0.0,,30.0,Hastings District,Nil,0.0,0.0,0.0,0.0,0.0,0.0,Open,0.0,0.0,0.0,Fine
156234,1925375.0,5605532.0,545842.0,0.0,0.0,1.0,North,2006/2007,STOCK ROAD,IRONGATE ROAD,Serious Crash,No,2007,South,0.0,,Flat,,,,,Dark,1470101.0,0.0,0.0,0.0,1.0,0.0,,,Hawke's Bay Region,Nil,2-way,Sealed,0.0,2.0,,100.0,,None,0.0,0.0,,30.0,Hastings District,Nil,,,,,0.0,0.0,Open,0.0,,,Fine
470696,1902674.0,5599046.0,545841.0,0.0,0.0,0.0,South,2011/2012,SH 50,GLENCOE STATION ROAD,Minor Crash,Yes,2012,East,0.0,0.0,Hill Road,0.0,,0.0,0.0,Overcast,1462600.0,1.0,0.0,1.0,2.0,0.0,0.0,,Hawke's Bay Region,Nil,2-way,Sealed,0.0,0.0,0.0,100.0,0.0,Null,0.0,0.0,,30.0,Hastings District,Nil,0.0,0.0,0.0,0.0,0.0,0.0,Open,0.0,0.0,0.0,Fine
351838,1924186.0,5607839.0,548611.0,0.0,0.0,1.0,West,2013/2014,KINGSLEY DRIVE,PEARY CRESCENT E,Serious Crash,No,2013,East,0.0,,Flat,,,,,Dark,1470317.0,0.0,0.0,0.0,2.0,0.0,,1.0,Hawke's Bay Region,Nil,2-way,Sealed,0.0,1.0,,50.0,,On,0.0,0.0,,30.0,Hastings District,Nil,,,,,0.0,0.0,Urban,0.0,,,Fine
425797,1928068.0,5600879.0,545852.0,0.0,0.0,0.0,South,2004/2005,TE AUTE ROAD,LONGLANDS ROAD EAST,Serious Crash,No,2005,North,0.0,0.0,Flat,0.0,,0.0,0.0,Dark,1465700.0,0.0,0.0,0.0,2.0,0.0,0.0,,Hawke's Bay Region,Nil,2-way,Sealed,0.0,1.0,0.0,100.0,0.0,None,0.0,0.0,,30.0,Hastings District,Nil,0.0,0.0,0.0,0.0,0.0,0.0,Open,1.0,0.0,0.0,Fine
410652,1926903.0,5615550.0,545821.0,0.0,0.0,0.0,North,2003/2004,OMARUNUI ROAD,SH 50,Serious Crash,No,2004,North,0.0,,Flat,,,,,Bright sun,1408700.0,0.0,0.0,0.0,2.0,0.0,,,Hawke's Bay Region,Nil,2-way,Sealed,0.0,2.0,,100.0,,Null,0.0,0.0,,30.0,Hastings District,Nil,,,,,1.0,0.0,Open,0.0,,,Fine
222500,1924720.0,5607301.0,548612.0,0.0,0.0,2.0,North,2008/2009,CAERNARVON DRIVE,CHATHAM ROAD,Non-Injury Crash,No,2009,East,0.0,,Flat,,,,,Bright sun,1474400.0,0.0,0.0,0.0,2.0,0.0,,,Hawke's Bay Region,Nil,2-way,Sealed,0.0,0.0,,50.0,,Null,0.0,0.0,,30.0,Hastings District,Nil,,,,,0.0,0.0,Urban,0.0,,,Fine
717511,1925772.0,5606709.0,548620.0,0.0,0.0,0.0,West,2010/2011,FLAXMERE AVENUE,WILSON ROAD,Non-Injury Crash,No,2011,East,0.0,,Flat,,,,,Bright sun,1476400.0,0.0,0.0,0.0,2.0,1.0,,,Hawke's Bay Region,Nil,2-way,Sealed,0.0,0.0,,50.0,,Null,0.0,0.0,,30.0,Hastings District,Nil,,,,,0.0,0.0,Urban,0.0,,,Fine
422601,1929137.0,5605815.0,547700.0,0.0,0.0,2.0,Null,2017/2018,HERETAUNGA ST WEST,GRAYS ROAD,Non-Injury Crash,No,2017,North,0.0,,Flat,,,,,Dark,1487300.0,0.0,0.0,0.0,2.0,0.0,,,Hawke's Bay Region,Nil,2-way,Sealed,0.0,0.0,,50.0,,On,0.0,0.0,,30.0,Hastings District,Give way,,,,,0.0,0.0,Urban,0.0,,,Fine
164286,1917435.0,5654335.0,545911.0,0.0,0.0,2.0,South,2014/2015,SH 5,WAITARA ROAD,Non-Injury Crash,Yes,2014,South,0.0,,Hill Road,,,,,Bright sun,1415900.0,0.0,0.0,0.0,2.0,0.0,,,Hawke's Bay Region,Nil,2-way,Sealed,0.0,0.0,,100.0,,Null,0.0,0.0,,30.0,Hastings District,Nil,,,,,0.0,0.0,Open,0.0,,,Fine
415827,1928113.0,5606927.0,547800.0,0.0,0.0,2.0,Null,2010/2011,OMAHU ROAD,NOTTINGLEY ROAD,Non-Injury Crash,No,2010,South,0.0,,Flat,,,,,Bright sun,1476700.0,0.0,0.0,0.0,2.0,0.0,,,Hawke's Bay Region,Nil,2-way,Sealed,0.0,0.0,,50.0,,Null,0.0,0.0,,30.0,Hastings District,Give way,,,,,0.0,0.0,Urban,0.0,,,Fine
484834,1929634.0,5605762.0,548200.0,0.0,0.0,1.0,Null,2017/2018,ST AUBYN ST WEST,TOMOANA ROAD,Minor Crash,No,2017,South,0.0,,Flat,,,,,Bright sun,1490300.0,1.0,0.0,0.0,2.0,0.0,,,Hawke's Bay Region,Nil,2-way,Sealed,0.0,0.0,,50.0,,Null,0.0,0.0,,30.0,Hastings District,Traffic Signals,,,,,0.0,0.0,Urban,1.0,,,Fine
429602,1932514.0,5602084.0,548831.0,1.0,0.0,1.0,East,2009/2010,KARANEMA DRIVE,HAVELOCK ROAD,Minor Crash,No,2009,East,0.0,,Flat,,,,,Bright sun,1509600.0,1.0,0.0,0.0,2.0,0.0,,,Hawke's Bay Region,Nil,2-way,Sealed,0.0,0.0,,50.0,,Null,0.0,0.0,,30.0,Hastings District,Nil,,,,,0.0,0.0,Urban,0.0,,,Fine
716006,1920241.0,5627233.0,545821.0,0.0,0.0,0.0,South,2015/2016,PUKETITIRI ROAD,SOLDIERS SETTLEMENT ROAD,Non-Injury Crash,No,2016,West,0.0,0.0,Hill Road,1.0,,0.0,0.0,Overcast,1411100.0,0.0,0.0,0.0,2.0,0.0,0.0,,Hawke's Bay Region,Nil,2-way,Sealed,0.0,0.0,0.0,100.0,0.0,Null,0.0,0.0,,30.0,Hastings District,Unknown,0.0,0.0,0.0,0.0,1.0,0.0,Open,0.0,0.0,0.0,Light rain
114995,1926992.0,5613431.0,545821.0,0.0,0.0,1.0,East,2018/2019,SH 50,WHEATLEY ROAD,Non-Injury Crash,Yes,2018,East,0.0,0.0,Flat,0.0,,0.0,0.0,Bright sun,1408600.0,0.0,0.0,0.0,2.0,0.0,0.0,,Hawke's Bay Region,Nil,2-way,Sealed,0.0,0.0,0.0,100.0,0.0,Null,0.0,0.0,,30.0,Hastings District,Unknown,0.0,0.0,0.0,0.0,0.0,0.0,Open,0.0,0.0,0.0,Fine
180854,1930588.0,5611580.0,545832.0,0.0,0.0,1.0,South,2002/2003,SH 50A,SH 50,Serious Crash,Yes,2003,South,0.0,0.0,Flat,0.0,,0.0,0.0,Overcast,1404400.0,0.0,0.0,0.0,2.0,0.0,1.0,,Hawke's Bay Region,Nil,2-way,Sealed,0.0,1.0,0.0,100.0,0.0,Null,0.0,0.0,,30.0,Hastings District,Nil,0.0,0.0,0.0,0.0,0.0,0.0,Open,1.0,0.0,0.0,Fine