OBJECTID,X,Y,areaUnitID,bicycle,bus,carStationWagon,crashDirectionDescription,crashFinancialYear,crashLocation1,crashLocation2,crashSeverity,crashSHDescription,crashYear,directionRoleDescription,fatalCount,fence,flatHill,guardRail,holiday,houseOrBuilding,kerb,light,meshblockId,minorInjuryCount,moped,motorcycle,NumberOfLanes,otherVehicleType,parkedVehicle,pedestrian,region,roadCharacter,roadLane,roadSurface,schoolBus,seriousInjuryCount,slipOrFlood,speedLimit,strayAnimal,streetLight,suv,taxi,temporarySpeedLimit,tlaId,tlaName,trafficControl,trafficIsland,trafficSign,train,tree,truck,unknownVehicleType,urban,vanOrUtility,vehicle,waterRiver,weatherA
675221,1929169.0,5604622.0,547900.0,0.0,0.0,2.0,West,2007/2008,Z CPK RACECOURSE,MARKET SOUTH/KNIGHT,Minor Crash,No,2007,North,0.0,0.0,Flat,0.0,,0.0,0.0,Overcast,1482100.0,1.0,0.0,0.0,0.0,0.0,1.0,,Hawke's Bay Region,Nil,Off road,Unsealed,0.0,0.0,0.0,50.0,0.0,Null,0.0,0.0,,30.0,Hastings District,Nil,0.0,0.0,0.0,0.0,0.0,0.0,Urban,1.0,0.0,0.0,Fine
504638,1929913.0,5603375.0,548300.0,0.0,0.0,1.0,Null,2004/2005,CHURCHILL ST,PARK ROAD SOUTH,Non-Injury Crash,No,2004,South,0.0,0.0,Flat,0.0,,0.0,0.0,Dark,1504100.0,0.0,0.0,0.0,2.0,0.0,1.0,,Hawke's Bay Region,Nil,2-way,Sealed,0.0,0.0,0.0,50.0,0.0,On,0.0,0.0,,30.0,Hastings District,Nil,0.0,0.0,0.0,0.0,0.0,0.0,Urban,1.0,0.0,0.0,Fine
262841,1929441.0,5605616.0,547700.0,0.0,0.0,2.0,Null,2003/2004,TOMOANA ROAD,QUEEN ST WEST,Non-Injury Crash,No,2004,North,0.0,0.0,Flat,0.0,,0.0,0.0,Bright sun,1488000.0,0.0,0.0,0.0,2.0,0.0,0.0,,Hawke's Bay Region,Nil,2-way,Sealed,0.0,0.0,0.0,50.0,0.0,Null,0.0,0.0,,30.0,Hastings District,Nil,0.0,0.0,0.0,1.0,0.0,0.0,Urban,0.0,0.0,0.0,Fine
253217,1930161.0,5604861.0,548200.0,0.0,0.0,2.0,Null,2010/2011,AVENUE ROAD EAST,WARREN ST NORTH,Minor Crash,No,2011,East,0.0,,Flat,,,,,Bright sun,1493400.0,1.0,0.0,0.0,2.0,0.0,,,Hawke's Bay Region,Nil,2-way,Sealed,0.0,0.0,,50.0,,Null,0.0,0.0,,30.0,Hastings District,Give way,,,,,0.0,0.0,Urban,0.0,,,Fine
236675,1926976.0,5607904.0,545710.0,0.0,0.0,2.0,East,2016/2017,OMAHU ROAD,RAUPARE ROAD,Serious Crash,No,2017,North,0.0,,Flat,,,,,Bright sun,1471000.0,3.0,0.0,0.0,2.0,0.0,,,Hawke's Bay Region,Nil,2-way,Sealed,0.0,3.0,,50.0,,Null,0.0,0.0,,30.0,Hastings District,Unknown,,,,,0.0,0.0,Urban,0.0,,,Fine
344501,1928519.0,5606055.0,548500.0,0.0,0.0,2.0,North,2001/2002,MARAEKAKAHO ROAD,ORCHARD ROAD,Non-Injury Crash,No,2001,South,0.0,,Flat,,,,,Bright sun,1478800.0,0.0,0.0,0.0,3.0,0.0,,,Hawke's Bay Region,Nil,2-way,Sealed,0.0,0.0,,50.0,,Null,0.0,0.0,,30.0,Hastings District,Traffic Signals,,,,,0.0,0.0,Urban,0.0,,,Fine
573420,1932738.0,5602013.0,548831.0,0.0,0.0,2.0,Null,2007/2008,KARANEMA DRIVE,DONNELLY ST,Minor Crash,No,2007,East,0.0,,Flat,,,,,Bright sun,1509600.0,2.0,0.0,0.0,2.0,0.0,,,Hawke's Bay Region,Nil,2-way,Sealed,0.0,0.0,,50.0,,Null,0.0,0.0,,30.0,Hastings District,Give way,,,,,0.0,0.0,Urban,0.0,,,Fine
664893,1929764.0,5604384.0,548200.0,1.0,0.0,1.0,Null,2012/2013,SOUTHAMPTON ST EAST,HASTINGS ST SOUTH,Non-Injury Crash,No,2013,West,0.0,,Flat,,,,,Overcast,1493000.0,0.0,0.0,0.0,2.0,0.0,,,Hawke's Bay Region,Nil,2-way,Sealed,0.0,0.0,,50.0,,Null,0.0,0.0,,30.0,Hastings District,Give way,,,,,0.0,0.0,Urban,0.0,,,Fine
630825,1932411.0,5606189.0,545721.0,1.0,0.0,1.0,Null,1999/2000,SH 2,BENNETT ROAD,Fatal Crash,Yes,2000,East,1.0,,Flat,,,,,Twilight,1472300.0,1.0,0.0,0.0,2.0,0.0,,,Hawke's Bay Region,Nil,2-way,Sealed,0.0,0.0,,70.0,,None,0.0,0.0,,30.0,Hastings District,Stop,,,,,0.0,0.0,Urban,0.0,,,Fine
100773,1925110.0,5607605.0,548611.0,0.0,0.0,1.0,Null,2017/2018,FLAXMERE AVENUE,CHATHAM ROAD,Non-Injury Crash,No,2018,South,0.0,,Flat,,,,,Bright sun,1473806.0,0.0,0.0,0.0,1.0,0.0,,,Hawke's Bay Region,Nil,1-way,Sealed,0.0,0.0,,50.0,,Null,0.0,0.0,,30.0,Hastings District,Give way,,,,,0.0,0.0,Urban,1.0,,,Fine
167929,1933299.0,5606566.0,545721.0,0.0,0.0,1.0,East,2009/2010,SH 2,RUAHAPIA ROAD,Non-Injury Crash,Yes,2010,West,0.0,0.0,Flat,0.0,,0.0,0.0,Bright sun,1471800.0,0.0,0.0,0.0,2.0,0.0,0.0,,Hawke's Bay Region,Nil,2-way,Sealed,0.0,0.0,0.0,100.0,0.0,Null,0.0,0.0,,30.0,Hastings District,Nil,0.0,0.0,0.0,1.0,0.0,0.0,Open,0.0,0.0,0.0,Fine
448400,1934480.3191,5600923.6135,548833.0,0.0,0.0,1.0,South,2018/2019,DURHAM DRIVE,BURBURY RIDGE,Non-Injury Crash,No,2019,East,0.0,0.0,Hill Road,0.0,,0.0,0.0,Bright sun,1466710.0,0.0,0.0,0.0,2.0,0.0,0.0,,Hawke's Bay Region,Nil,2-way,Sealed,0.0,0.0,0.0,50.0,0.0,None,0.0,0.0,,30.0,Hastings District,Unknown,0.0,0.0,0.0,1.0,0.0,0.0,Urban,0.0,0.0,0.0,Fine
278407,1929241.0,5605679.0,547700.0,0.0,0.0,1.0,West,2005/2006,HERETAUNGA ST WEST,LOVEDALE ROAD,Non-Injury Crash,No,2006,North,0.0,,Flat,,,,,Dark,1487900.0,0.0,0.0,0.0,2.0,0.0,,,Hawke's Bay Region,Nil,2-way,Sealed,0.0,0.0,,50.0,,On,1.0,0.0,,30.0,Hastings District,Nil,,,,,0.0,0.0,Urban,0.0,,,Heavy rain
628074,1922687.0,5604242.0,545842.0,0.0,0.0,1.0,West,2015/2016,MARAEKAKAHO ROAD,NGATARAWA ROAD,Minor Crash,No,2015,West,0.0,,Flat,,,,,Bright sun,1470211.0,1.0,0.0,0.0,1.0,0.0,,,Hawke's Bay Region,Nil,2-way,Sealed,0.0,0.0,,100.0,,Null,1.0,0.0,,30.0,Hastings District,Unknown,,,,,0.0,0.0,Open,0.0,,,Fine
381352,1932274.0,5609028.0,545721.0,0.0,0.0,1.0,Null,2004/2005,PAKOWHAI ROAD,RUAHAPIA ROAD,Minor Crash,No,2005,South,0.0,,Flat,,,,,Bright sun,1471600.0,2.0,0.0,0.0,3.0,0.0,,,Hawke's Bay Region,Nil,2-way,Sealed,0.0,0.0,,100.0,,Null,0.0,0.0,,30.0,Hastings District,Give way,,,,,0.0,0.0,Open,1.0,,,Fine
663077,1930367.0,5604176.0,548300.0,0.0,0.0,2.0,Null,2012/2013,RIVERSLEA ROAD SOUTH,HERETAUNGA ST EAST,Non-Injury Crash,No,2012,North,0.0,,Flat,,,,,Bright sun,1501600.0,0.0,0.0,0.0,2.0,0.0,,,Hawke's Bay Region,Nil,2-way,Sealed,0.0,0.0,,50.0,,Null,0.0,0.0,,30.0,Hastings District,Stop,,,,,0.0,0.0,Urban,0.0,,,Fine
320221,1933637.0,5601063.0,548832.0,0.0,0.0,2.0,East,2005/2006,GREENWOOD ROAD,DUART ROAD,Non-Injury Crash,No,2005,East,0.0,0.0,Flat,0.0,,0.0,0.0,Dark,1508700.0,0.0,0.0,0.0,2.0,0.0,1.0,,Hawke's Bay Region,Nil,2-way,Sealed,0.0,0.0,0.0,50.0,0.0,On,0.0,0.0,,30.0,Hastings District,Nil,0.0,0.0,0.0,0.0,0.0,0.0,Urban,0.0,0.0,0.0,Fine
258940,1930890.0,5613397.0,545831.0,0.0,0.0,1.0,South,2012/2013,SH 50A,LINKS ROAD,Non-Injury Crash,Yes,2012,South,0.0,,Flat,,,,,Bright sun,1404500.0,0.0,0.0,0.0,3.0,0.0,,,Hawke's Bay Region,Nil,2-way,Sealed,0.0,0.0,,100.0,,Null,0.0,0.0,,30.0,Hastings District,Nil,,,,,1.0,0.0,Open,0.0,,,Fine
446556,1927944.0,5606474.0,548500.0,0.0,0.0,2.0,South,2003/2004,LOWE ST,KIWI ST,Non-Injury Crash,No,2004,West,0.0,,Flat,,,,,Bright sun,1479500.0,0.0,0.0,0.0,2.0,0.0,,,Hawke's Bay Region,Nil,2-way,Sealed,0.0,0.0,,50.0,,Null,0.0,0.0,,30.0,Hastings District,Nil,,,,,0.0,0.0,Urban,0.0,,,Fine
259745,1930037.0,5607102.0,547600.0,0.0,0.0,2.0,Null,2013/2014,FREDERICK ST,RIMU ST,Non-Injury Crash,No,2014,East,0.0,,Flat,,,,,Overcast,1482700.0,0.0,0.0,0.0,2.0,0.0,,,Hawke's Bay Region,Nil,2-way,Sealed,0.0,0.0,,50.0,,Null,0.0,0.0,,30.0,Hastings District,Nil,,,,,0.0,0.0,Urban,0.0,,,Fine
51959,1928326.0,5605909.0,548500.0,1.0,0.0,0.0,East,2015/2016,MARAEKAKAHO ROAD,FRANCIS HICKS AVENUE,Minor Crash,No,2015,East,0.0,,Flat,,,,,Bright sun,1479600.0,1.0,0.0,0.0,2.0,0.0,,,Hawke's Bay Region,Nil,2-way,Sealed,0.0,0.0,,50.0,,Null,0.0,0.0,,30.0,Hastings District,Nil,,,,,1.0,0.0,Urban,0.0,,,Light rain
180757,1928533.0,5606518.0,548500.0,0.0,0.0,2.0,East,2001/2002,OMAHU ROAD,HAPUKA ST,Non-Injury Crash,No,2001,East,0.0,,Flat,,,,,Bright sun,1478700.0,0.0,0.0,0.0,2.0,0.0,,,Hawke's Bay Region,Nil,2-way,Sealed,0.0,0.0,,50.0,,Null,0.0,0.0,,30.0,Hastings District,Nil,,,,,0.0,0.0,Urban,0.0,,,Fine
482077,1929789.0,5605098.0,548200.0,0.0,0.0,2.0,West,2002/2003,Z CPK,MARKET/QUEEN,Non-Injury Crash,No,2002,East,0.0,,Flat,,,,,Bright sun,1491200.0,0.0,0.0,0.0,0.0,0.0,,,Hawke's Bay Region,Nil,Off road,Sealed,0.0,0.0,,50.0,,Null,0.0,0.0,,30.0,Hastings District,Nil,,,,,0.0,0.0,Urban,0.0,,,Fine
606905,1930227.0,5604974.0,548200.0,0.0,0.0,2.0,North,2017/2018,ST AUBYN ST EAST,WARREN ST NORTH,Non-Injury Crash,No,2017,North,0.0,,Flat,,,,,Dark,1492900.0,0.0,0.0,0.0,4.0,0.0,,,Hawke's Bay Region,Nil,2-way,Sealed,0.0,0.0,,50.0,,On,0.0,0.0,,30.0,Hastings District,Unknown,,,,,0.0,0.0,Urban,0.0,,,Fine
648614,1936899.6312,5654939.7162,545911.0,0.0,0.0,1.0,South,2018/2019,002-0592,RIDGEMOUNT ROAD,Non-Injury Crash,Yes,2018,North,0.0,,Flat,,,,,Bright sun,1416000.0,0.0,0.0,0.0,2.0,0.0,,,Hawke's Bay Region,Nil,2-way,Sealed,0.0,0.0,,100.0,,None,0.0,0.0,30.0,30.0,Hastings District,Traffic Signals,,,,,0.0,0.0,Open,1.0,,,Fine
584776,1929493.1598,5605144.9082,548200.0,0.0,0.0,1.0,South,2019/2020,EASTBOURNE STREET WEST,NELSON STREET SOUTH,Non-Injury Crash,No,2019,North,0.0,0.0,Null,0.0,,0.0,0.0,Unknown,1489400.0,0.0,0.0,0.0,2.0,0.0,1.0,,Hawke's Bay Region,Nil,2-way,Sealed,0.0,0.0,0.0,50.0,0.0,Off,1.0,0.0,,30.0,Hastings District,Nil,0.0,0.0,0.0,0.0,0.0,0.0,Urban,0.0,0.0,0.0,Fine
4598,1913224.0,5587109.0,545851.0,0.0,0.0,1.0,South,2007/2008,SH 2,WAIKAREAO ROAD,Non-Injury Crash,Yes,2007,North,0.0,1.0,Hill Road,0.0,,0.0,0.0,Dark,1464600.0,0.0,0.0,0.0,3.0,0.0,0.0,,Hawke's Bay Region,Nil,2-way,Sealed,0.0,0.0,0.0,100.0,0.0,None,0.0,0.0,,30.0,Hastings District,Nil,0.0,0.0,0.0,0.0,0.0,0.0,Open,0.0,0.0,0.0,Fine
413565,1922382.0,5595996.0,545851.0,0.0,0.0,1.0,North,2013/2014,SH 2,TE MAHANGA ROAD,Minor Crash,Yes,2014,South,0.0,0.0,Flat,0.0,,0.0,0.0,Bright sun,1463900.0,1.0,0.0,0.0,2.0,0.0,0.0,,Hawke's Bay Region,Nil,2-way,Sealed,0.0,0.0,0.0,100.0,0.0,Null,0.0,0.0,,30.0,Hastings District,Unknown,0.0,0.0,0.0,0.0,1.0,0.0,Open,0.0,0.0,0.0,Fine
114170,1936592.0,5639635.0,545811.0,0.0,0.0,0.0,North,2005/2006,SH 2,TANGOIO SETTLEMENT ROAD S,Non-Injury Crash,Yes,2005,North,0.0,,Flat,,,,,Bright sun,1415700.0,0.0,0.0,0.0,2.0,0.0,,,Hawke's Bay Region,Nil,2-way,Sealed,0.0,0.0,,100.0,,Null,0.0,0.0,,30.0,Hastings District,Nil,,,,,1.0,0.0,Open,1.0,,,Fine
77233,1930257.0,5604934.0,548200.0,0.0,0.0,1.0,Null,2017/2018,ST AUBYN ST EAST,WARREN ST NORTH,Minor Crash,No,2018,South,0.0,0.0,Flat,0.0,,0.0,0.0,Overcast,1493501.0,1.0,0.0,0.0,4.0,0.0,0.0,,Hawke's Bay Region,Nil,2-way,Sealed,0.0,0.0,0.0,50.0,0.0,Null,0.0,0.0,,30.0,Hastings District,Give way,1.0,1.0,0.0,0.0,0.0,0.0,Urban,1.0,0.0,0.0,Fine
77001,1938009.0,5608174.0,545740.0,1.0,0.0,1.0,Null,2007/2008,MILL ROAD,HAUMOANA ROAD,Minor Crash,No,2007,West,0.0,,Flat,,,,,Overcast,1406900.0,1.0,0.0,0.0,1.0,0.0,,,Hawke's Bay Region,Nil,2-way,Sealed,0.0,0.0,,100.0,,Null,0.0,0.0,,30.0,Hastings District,Give way,,,,,0.0,0.0,Open,0.0,,,Fine
531030,1930835.0,5605863.0,548000.0,0.0,0.0,1.0,Null,2016/2017,FREDERICK ST,CAROLINE ROAD,Minor Crash,No,2016,North,0.0,,Flat,,,,,Bright sun,1495400.0,1.0,0.0,0.0,2.0,0.0,,1.0,Hawke's Bay Region,Nil,2-way,Sealed,0.0,0.0,,50.0,,Null,0.0,0.0,,30.0,Hastings District,Give way,,,,,0.0,0.0,Urban,0.0,,,Fine
139873,1928929.0,5606092.0,547700.0,0.0,0.0,1.0,East,2014/2015,HERETAUNGA ST WEST,STORTFORD ST,Serious Crash,No,2014,West,0.0,,Flat,,,,,Bright sun,1486000.0,0.0,0.0,0.0,2.0,0.0,,1.0,Hawke's Bay Region,Nil,2-way,Sealed,0.0,1.0,,50.0,,Null,0.0,0.0,,30.0,Hastings District,Unknown,,,,,0.0,0.0,Urban,0.0,,,Fine
374183,1932652.0,5609542.0,545832.0,0.0,0.0,2.0,Null,2007/2008,PAKOWHAI ROAD,FARNDON ROAD,Non-Injury Crash,No,2007,West,0.0,,Flat,,,,,Overcast,1404300.0,0.0,0.0,0.0,2.0,0.0,,,Hawke's Bay Region,Nil,2-way,Sealed,0.0,0.0,,100.0,,Null,0.0,0.0,,30.0,Hastings District,Give way,,,,,0.0,0.0,Open,0.0,,,Fine
710906,1924554.0,5604053.0,545842.0,0.0,0.0,2.0,North,2016/2017,STOCK ROAD,MARAEKAKAHO ROAD,Non-Injury Crash,No,2017,North,0.0,,Flat,,,,,Dark,1470214.0,0.0,0.0,0.0,2.0,0.0,,,Hawke's Bay Region,Nil,2-way,Sealed,0.0,0.0,,100.0,,None,0.0,0.0,,30.0,Hastings District,Nil,,,,,0.0,0.0,Open,0.0,,,Mist or Fog
619281,1925479.0,5607875.0,548611.0,0.0,0.0,2.0,South,2007/2008,CHATHAM ROAD,HAZELWOOD ST,Non-Injury Crash,No,2008,South,0.0,1.0,Flat,0.0,,0.0,0.0,Dark,1473803.0,0.0,0.0,0.0,2.0,0.0,0.0,,Hawke's Bay Region,Nil,2-way,Sealed,0.0,0.0,0.0,70.0,0.0,On,0.0,0.0,,30.0,Hastings District,Nil,0.0,0.0,0.0,0.0,0.0,0.0,Urban,0.0,0.0,0.0,Light rain
179445,1935078.0,5647512.0,545911.0,0.0,0.0,1.0,South,2012/2013,SH 2,MCINTYRES ACCESS ROAD,Non-Injury Crash,Yes,2012,North,0.0,0.0,Flat,0.0,,0.0,0.0,Overcast,1415400.0,0.0,0.0,0.0,2.0,0.0,0.0,,Hawke's Bay Region,Nil,2-way,Sealed,0.0,0.0,0.0,100.0,0.0,Null,0.0,0.0,,30.0,Hastings District,Nil,0.0,0.0,0.0,0.0,0.0,0.0,Open,0.0,0.0,0.0,Fine
462526,1930912.0,5607891.0,545710.0,0.0,0.0,1.0,Null,2011/2012,PAKOWHAI ROAD,RICHMOND ROAD,Fatal Crash,No,2012,West,1.0,,Flat,,,,,Overcast,1471100.0,1.0,0.0,0.0,2.0,0.0,,,Hawke's Bay Region,Nil,2-way,Sealed,0.0,0.0,,70.0,,Null,0.0,0.0,,30.0,Hastings District,Give way,,,,,1.0,0.0,Urban,0.0,,,Heavy rain
702424,1929883.0,5604223.0,548200.0,0.0,0.0,2.0,West,2000/2001,SOUTHAMPTON ST EAST,WILLOWPARK ROAD SOUTH,Non-Injury Crash,No,2000,West,0.0,0.0,Flat,0.0,,0.0,0.0,Bright sun,1493600.0,0.0,0.0,0.0,2.0,0.0,1.0,,Hawke's Bay Region,Nil,2-way,Sealed,0.0,0.0,0.0,50.0,0.0,Null,0.0,0.0,,30.0,Hastings District,Nil,0.0,0.0,0.0,0.0,0.0,0.0,Urban,0.0,0.0,0.0,Fine
684061,1929441.0,5608839.0,545710.0,0.0,0.0,1.0,Null,2004/2005,SH 50A,EVENDEN ROAD,Non-Injury Crash,Yes,2004,North,0.0,,Flat,,,,,Bright sun,1471201.0,0.0,0.0,0.0,2.0,0.0,,,Hawke's Bay Region,Nil,2-way,Sealed,0.0,0.0,,100.0,,Null,0.0,0.0,,30.0,Hastings District,Give way,,,,,1.0,0.0,Open,0.0,,,Fine
170446,1925955.0,5608237.0,545710.0,1.0,0.0,1.0,Null,2012/2013,OMAHU ROAD,CHATHAM ROAD,Non-Injury Crash,No,2012,West,0.0,,Flat,,,,,Dark,1470900.0,0.0,0.0,0.0,2.0,0.0,,,Hawke's Bay Region,Nil,2-way,Sealed,0.0,0.0,,50.0,,On,0.0,0.0,,30.0,Hastings District,Give way,,,,,0.0,0.0,Urban,0.0,,,Light rain
417528,1929472.0,5608806.0,545710.0,0.0,0.0,0.0,Null,1999/2000,EVENDEN ROAD,SH 50A,Non-Injury Crash,Yes,2000,North,0.0,0.0,Flat,0.0,,0.0,1.0,Bright sun,1471201.0,0.0,0.0,0.0,2.0,0.0,0.0,,Hawke's Bay Region,Nil,2-way,Sealed,0.0,0.0,0.0,100.0,0.0,Null,0.0,0.0,,30.0,Hastings District,Give way,0.0,0.0,0.0,0.0,1.0,0.0,Open,0.0,0.0,0.0,Fine
662880,1929783.0,5605046.0,548200.0,0.0,0.0,1.0,North,2009/2010,MARKET ST NORTH,HERETAUNGA ST WEST,Non-Injury Crash,No,2009,North,0.0,0.0,Hill Road,0.0,,0.0,0.0,Bright sun,1491700.0,0.0,0.0,0.0,1.0,0.0,0.0,,Hawke's Bay Region,Bridge,2-way,Sealed,0.0,0.0,0.0,100.0,0.0,Null,1.0,0.0,,30.0,Hastings District,Nil,0.0,0.0,0.0,0.0,0.0,0.0,Open,0.0,0.0,0.0,Fine
382664,1932939.0,5609756.0,545832.0,0.0,0.0,1.0,East,2015/2016,FARNDON ROAD,CHESTERHOPE BRIDGE,Minor Crash,No,2016,East,0.0,0.0,Flat,0.0,,0.0,0.0,Overcast,1404200.0,1.0,0.0,0.0,2.0,0.0,0.0,,Hawke's Bay Region,Nil,2-way,Sealed,0.0,0.0,0.0,100.0,0.0,Null,0.0,0.0,,30.0,Hastings District,Unknown,0.0,0.0,0.0,0.0,0.0,0.0,Open,0.0,0.0,0.0,Light rain
66881,1935967.0,5610727.0,545730.0,0.0,0.0,2.0,Null,2014/2015,SH 2,MILL ROAD,Non-Injury Crash,Yes,2014,South,0.0,,Flat,,,,,Dark,1404700.0,0.0,0.0,0.0,2.0,0.0,,,Hawke's Bay Region,Nil,2-way,Sealed,0.0,0.0,,50.0,,On,0.0,0.0,,30.0,Hastings District,Nil,,,,,0.0,0.0,Urban,0.0,,,Fine
694266,1931030.0,5613801.0,545831.0,0.0,0.0,2.0,North,2002/2003,SH 50,PAKOWHAI ON SBD,Minor Crash,Yes,2003,North,0.0,,Flat,,,,,Dark,1404600.0,1.0,0.0,0.0,4.0,0.0,,,Hawke's Bay Region,Nil,2-way,Sealed,0.0,0.0,,100.0,,On,0.0,0.0,,30.0,Hastings District,Nil,,,,,0.0,0.0,Open,1.0,,,Heavy rain
338748,1927607.0,5607382.0,548500.0,0.0,0.0,1.0,Null,2012/2013,OMAHU ROAD,NAPIER-HASTINGS ESPRESSWA,Minor Crash,Yes,2012,South,0.0,1.0,Flat,0.0,,0.0,1.0,Bright sun,1477900.0,1.0,0.0,0.0,4.0,0.0,0.0,,Hawke's Bay Region,Nil,2-way,Sealed,0.0,0.0,0.0,100.0,0.0,Null,0.0,0.0,,30.0,Hastings District,Nil,0.0,0.0,0.0,0.0,0.0,0.0,Open,0.0,0.0,0.0,Fine
275624,1930638.0,5605318.0,548200.0,0.0,0.0,2.0,North,2009/2010,KARAMU ROAD NORTH,ALEXANDRA CRESCENT,Minor Crash,No,2009,South,0.0,,Flat,,,,,Bright sun,1494700.0,1.0,0.0,0.0,2.0,0.0,,,Hawke's Bay Region,Nil,2-way,Sealed,0.0,0.0,,50.0,,Null,0.0,0.0,,30.0,Hastings District,Nil,,,,,0.0,0.0,Urban,0.0,,,Fine
646992,1911500.0,5663618.0,545911.0,0.0,0.0,1.0,South,2002/2003,SH 5,TE HAROTO ROAD,Non-Injury Crash,Yes,2003,South,0.0,0.0,Hill Road,0.0,Easter,0.0,0.0,Overcast,1414400.0,0.0,0.0,0.0,2.0,0.0,0.0,,Hawke's Bay Region,Nil,2-way,Sealed,0.0,0.0,0.0,100.0,0.0,Null,0.0,0.0,,30.0,Hastings District,Nil,0.0,0.0,0.0,0.0,0.0,0.0,Open,0.0,0.0,0.0,Light rain
26255,1929271.0,5605038.0,548200.0,0.0,0.0,0.0,Null,2017/2018,SOUTHAMPTON ST WEST,NELSON ST SOUTH,Minor Crash,No,2018,North,0.0,,Flat,,,,,Dark,1489100.0,1.0,1.0,0.0,2.0,0.0,,,Hawke's Bay Region,Nil,2-way,Sealed,0.0,0.0,,50.0,,On,1.0,0.0,,30.0,Hastings District,Give way,,,,,0.0,0.0,Urban,0.0,,,Fine
588719,1930365.0,5605152.0,548200.0,0.0,0.0,2.0,West,1999/2000,KARAMU ROAD NORTH,VICTORIA ST,Non-Injury Crash,No,2000,North,0.0,,Flat,,,,,Bright sun,1494100.0,0.0,0.0,0.0,2.0,0.0,,,Hawke's Bay Region,Nil,2-way,Sealed,0.0,0.0,,50.0,,Null,0.0,0.0,,30.0,Hastings District,Nil,,,,,0.0,0.0,Urban,1.0,,,Fine
28003,1925178.3245,5606932.4459,548620.0,0.0,0.0,2.0,North,2018/2019,SWANSEA ROAD,BRISTOL CRESCENT,Non-Injury Crash,No,2019,East,0.0,,Flat,,,,,Overcast,1473700.0,0.0,0.0,0.0,2.0,0.0,,,Hawke's Bay Region,Nil,2-way,Sealed,0.0,0.0,,50.0,,Off,0.0,0.0,,30.0,Hastings District,Nil,,,,,0.0,0.0,Urban,0.0,,,Fine
28700,1929857.0,5604864.0,548200.0,0.0,0.0,2.0,East,2004/2005,HERETAUNGA ST EAST,RUSSELL ST SOUTH,Non-Injury Crash,No,2005,East,0.0,0.0,Flat,0.0,,0.0,0.0,Overcast,1492000.0,0.0,0.0,0.0,2.0,0.0,1.0,,Hawke's Bay Region,Nil,2-way,Sealed,0.0,0.0,0.0,50.0,0.0,Null,0.0,0.0,,30.0,Hastings District,Nil,0.0,0.0,0.0,0.0,0.0,0.0,Urban,0.0,0.0,0.0,Fine
494441,1938627.0,5608530.0,545740.0,0.0,0.0,2.0,West,2006/2007,HYLA ROAD,HAUMOANA ROAD,Non-Injury Crash,No,2006,West,0.0,0.0,Flat,0.0,,0.0,0.0,Dark,1407400.0,0.0,0.0,0.0,2.0,0.0,1.0,,Hawke's Bay Region,Nil,2-way,Sealed,0.0,0.0,0.0,50.0,0.0,On,0.0,0.0,,30.0,Hastings District,Nil,0.0,0.0,0.0,0.0,0.0,0.0,Urban,0.0,0.0,0.0,Fine
40709,1930835.0,5603666.0,548300.0,0.0,0.0,2.0,Null,2004/2005,HERETAUNGA ST EAST,WINDSOR AVENUE,Non-Injury Crash,No,2004,West,0.0,,Flat,,,,,Bright sun,1502700.0,0.0,0.0,0.0,2.0,0.0,,,Hawke's Bay Region,Nil,2-way,Sealed,0.0,0.0,,50.0,,Null,0.0,0.0,,30.0,Hastings District,Nil,,,,,0.0,0.0,Urban,0.0,,,Fine
130682,1919122.0,5593704.0,545851.0,0.0,0.0,1.0,South,2004/2005,SH 2,HORONUI ROAD,Non-Injury Crash,Yes,2004,North,0.0,1.0,Flat,0.0,,0.0,0.0,Dark,1464102.0,0.0,0.0,0.0,2.0,0.0,0.0,,Hawke's Bay Region,Nil,2-way,Sealed,0.0,0.0,0.0,100.0,0.0,None,0.0,0.0,,30.0,Hastings District,Nil,0.0,0.0,0.0,0.0,0.0,0.0,Open,0.0,0.0,0.0,Fine
740053,1930254.0,5607390.0,545710.0,0.0,0.0,2.0,Null,2000/2001,PAKOWHAI ROAD,WILLIAMS ST,Non-Injury Crash,No,2000,South,0.0,,Flat,,,,,Bright sun,1471300.0,0.0,0.0,0.0,2.0,0.0,,,Hawke's Bay Region,Nil,2-way,Sealed,0.0,0.0,,50.0,,Null,0.0,0.0,,30.0,Hastings District,Give way,,,,,0.0,0.0,Urban,0.0,,,Fine
190520,1928784.0,5606279.0,547800.0,0.0,0.0,2.0,Null,2006/2007,OMAHU ROAD,PAKOWHAI ROAD,Non-Injury Crash,No,2006,South,0.0,,Flat,,,,,Dark,1477800.0,0.0,0.0,0.0,2.0,0.0,,,Hawke's Bay Region,Nil,2-way,Sealed,0.0,0.0,,50.0,,On,0.0,0.0,,30.0,Hastings District,Give way,,,,,0.0,0.0,Urban,0.0,,,Light rain
628508,1941438.0,5605452.0,545740.0,0.0,0.0,1.0,Null,2016/2017,CLIFTON ROAD,WELLWOOD TERRACE,Non-Injury Crash,No,2016,South,0.0,,Flat,,,,,Overcast,1408001.0,0.0,0.0,0.0,2.0,0.0,,,Hawke's Bay Region,Nil,2-way,Sealed,0.0,0.0,,50.0,,Null,0.0,0.0,,30.0,Hastings District,Give way,,,,,0.0,0.0,Urban,1.0,,,Fine