OBJECTID,X,Y,areaUnitID,bicycle,bus,carStationWagon,crashDirectionDescription,crashFinancialYear,crashLocation1,crashLocation2,crashSeverity,crashSHDescription,crashYear,directionRoleDescription,fatalCount,fence,flatHill,guardRail,holiday,houseOrBuilding,kerb,light,meshblockId,minorInjuryCount,moped,motorcycle,NumberOfLanes,otherVehicleType,parkedVehicle,pedestrian,region,roadCharacter,roadLane,roadSurface,schoolBus,seriousInjuryCount,slipOrFlood,speedLimit,strayAnimal,streetLight,suv,taxi,temporarySpeedLimit,tlaId,tlaName,trafficControl,trafficIsland,trafficSign,train,tree,truck,unknownVehicleType,urban,vanOrUtility,vehicle,waterRiver,weatherA
79729,1928519.0,5606532.0,547800.0,0.0,0.0,1.0,Null,2005/2006,OMAHU ROAD,HAPUKA ST,Non-Injury Crash,No,2005,North,0.0,,Flat,,,,,Dark,1477700.0,0.0,0.0,0.0,3.0,0.0,,,Hawke's Bay Region,Nil,2-way,Sealed,0.0,0.0,,50.0,,On,1.0,0.0,,30.0,Hastings District,Nil,,,,,0.0,0.0,Urban,0.0,,,Fine
654347,1928340.0,5606708.0,547800.0,1.0,0.0,1.0,East,2003/2004,OMAHU ROAD,CANNING ROAD,Non-Injury Crash,No,2003,West,0.0,,Flat,,,,,Bright sun,1477400.0,0.0,0.0,0.0,2.0,0.0,,,Hawke's Bay Region,Nil,2-way,Sealed,0.0,0.0,,50.0,,Null,0.0,0.0,,30.0,Hastings District,Nil,,,,,0.0,0.0,Urban,0.0,,,Fine
324260,1928517.0,5606029.0,547700.0,0.0,0.0,2.0,East,2004/2005,SOUTHAMPTON ST WEST,MARAEKAKAHO ROAD,Minor Crash,No,2005,West,0.0,,Flat,,,,,Bright sun,1486500.0,1.0,0.0,0.0,3.0,0.0,,,Hawke's Bay Region,Nil,2-way,Sealed,0.0,0.0,,50.0,,Null,0.0,0.0,,30.0,Hastings District,Nil,,,,,0.0,0.0,Urban,0.0,,,Fine
421991,1909363.0,5664865.0,545911.0,0.0,0.0,0.0,North,2009/2010,SH 5,TE HAROTO ROAD,Minor Crash,Yes,2009,North,0.0,0.0,Hill Road,0.0,,0.0,0.0,Dark,1414400.0,1.0,0.0,0.0,2.0,0.0,0.0,,Hawke's Bay Region,Nil,2-way,Sealed,0.0,0.0,0.0,100.0,0.0,None,0.0,0.0,,30.0,Hastings District,Nil,0.0,0.0,0.0,0.0,1.0,0.0,Open,0.0,0.0,0.0,Light rain
60103,1937470.0,5605252.0,545740.0,0.0,0.0,1.0,East,2017/2018,TUKITUKI ROAD,TENNANT ROAD,Non-Injury Crash,No,2018,South,0.0,0.0,Flat,0.0,,0.0,0.0,Overcast,1408200.0,0.0,0.0,0.0,2.0,0.0,0.0,,Hawke's Bay Region,Nil,2-way,Sealed,0.0,0.0,0.0,100.0,0.0,Null,0.0,0.0,,30.0,Hastings District,Unknown,0.0,0.0,0.0,0.0,0.0,0.0,Open,0.0,0.0,0.0,Fine
557613,1918098.6392,5650048.9467,545911.0,0.0,0.0,1.0,South,2018/2019,005-0220,TE POHUE LOOP RD,Non-Injury Crash,Yes,2019,South,0.0,0.0,Hill Road,0.0,,0.0,0.0,Overcast,1415900.0,0.0,0.0,0.0,2.0,0.0,0.0,,Hawke's Bay Region,Nil,2-way,Sealed,0.0,0.0,0.0,100.0,0.0,None,0.0,0.0,,30.0,Hastings District,Unknown,0.0,0.0,0.0,0.0,0.0,0.0,Open,0.0,0.0,0.0,Light rain
59668,1928574.0,5606095.0,548500.0,0.0,0.0,1.0,South,2017/2018,MARAEKAKAHO ROAD,PLUNKET ST,Non-Injury Crash,No,2017,West,0.0,,Flat,,,,,Overcast,1478800.0,0.0,0.0,1.0,2.0,0.0,,,Hawke's Bay Region,Nil,2-way,Sealed,0.0,0.0,,50.0,,Off,0.0,0.0,,30.0,Hastings District,Nil,,,,,0.0,0.0,Urban,0.0,,,Fine
426682,1930738.0,5603771.0,548100.0,0.0,0.0,2.0,West,2008/2009,HERETAUNGA ST EAST,LUMSDEN ROAD,Non-Injury Crash,No,2008,West,0.0,,Flat,,,,,Overcast,1500300.0,0.0,0.0,0.0,2.0,0.0,,,Hawke's Bay Region,Nil,2-way,Sealed,0.0,0.0,,50.0,,Null,0.0,0.0,,30.0,Hastings District,Nil,,,,,0.0,0.0,Urban,0.0,,,Fine
227911,1918102.0,5649904.0,545912.0,0.0,0.0,1.0,North,2001/2002,SH 5,TE POHUE LOOP ROAD N,Minor Crash,Yes,2002,South,0.0,1.0,Flat,0.0,,0.0,0.0,Overcast,1414504.0,1.0,0.0,0.0,2.0,0.0,0.0,,Hawke's Bay Region,Nil,2-way,Sealed,0.0,0.0,0.0,100.0,0.0,Null,0.0,0.0,,30.0,Hastings District,Nil,0.0,0.0,0.0,0.0,0.0,0.0,Open,0.0,0.0,0.0,Light rain
573548,1928198.0,5605812.0,547900.0,0.0,0.0,1.0,South,2003/2004,MARAEKAKAHO ROAD,LOWE ST,Minor Crash,No,2004,North,0.0,0.0,Flat,0.0,,0.0,0.0,Overcast,1469802.0,1.0,0.0,0.0,2.0,0.0,1.0,,Hawke's Bay Region,Nil,2-way,Sealed,0.0,0.0,0.0,50.0,0.0,Null,0.0,0.0,,30.0,Hastings District,Nil,0.0,0.0,0.0,0.0,0.0,0.0,Urban,1.0,0.0,0.0,Light rain
701184,1911853.0,5662279.0,545911.0,0.0,0.0,1.0,North,2006/2007,SH 5,POPPELLWELLS,Non-Injury Crash,Yes,2006,South,0.0,0.0,Hill Road,0.0,,0.0,0.0,Overcast,1414300.0,0.0,0.0,0.0,2.0,0.0,0.0,,Hawke's Bay Region,Nil,2-way,Sealed,0.0,0.0,0.0,100.0,0.0,Null,0.0,0.0,,30.0,Hastings District,Nil,0.0,0.0,0.0,0.0,0.0,0.0,Open,0.0,0.0,0.0,Light rain
584383,1929265.0,5605647.0,547700.0,0.0,0.0,2.0,Null,2003/2004,HERETAUNGA ST WEST,LOVEDALE ROAD,Non-Injury Crash,No,2003,West,0.0,,Flat,,,,,Bright sun,1487900.0,0.0,0.0,0.0,2.0,0.0,,,Hawke's Bay Region,Nil,2-way,Sealed,0.0,0.0,,50.0,,Null,0.0,0.0,,30.0,Hastings District,Stop,,,,,0.0,0.0,Urban,0.0,,,Fine
26941,1930481.0,5610271.0,545832.0,0.0,0.0,0.0,Null,2017/2018,SH 50A,NGARURORO BR,Non-Injury Crash,Yes,2017,South,0.0,0.0,Flat,0.0,,0.0,0.0,Bright sun,1404400.0,0.0,0.0,0.0,2.0,0.0,0.0,,Hawke's Bay Region,Bridge,2-way,Sealed,0.0,0.0,0.0,100.0,0.0,Null,1.0,0.0,70.0,30.0,Hastings District,Unknown,0.0,0.0,0.0,0.0,1.0,0.0,Open,0.0,0.0,0.0,Fine
105069,1930068.0,5604824.0,548200.0,0.0,0.0,2.0,North,2007/2008,Z CPK TUMU MERCHANTS,QUEEN/WARREN,Non-Injury Crash,No,2007,South,0.0,0.0,Flat,0.0,,0.0,0.0,Bright sun,1492800.0,0.0,0.0,0.0,0.0,0.0,1.0,,Hawke's Bay Region,Nil,Off road,Sealed,0.0,0.0,0.0,50.0,0.0,Null,0.0,0.0,,30.0,Hastings District,Nil,0.0,0.0,0.0,0.0,0.0,0.0,Urban,0.0,0.0,0.0,Fine
548438,1927296.0,5605131.0,545761.0,0.0,0.0,2.0,Null,2003/2004,YORK ROAD,MARAEKAKAHO ROAD,Non-Injury Crash,No,2004,East,0.0,,Flat,,,,,Overcast,1469905.0,0.0,0.0,0.0,2.0,0.0,,,Hawke's Bay Region,Nil,2-way,Sealed,0.0,0.0,,50.0,,Null,0.0,0.0,,30.0,Hastings District,Give way,,,,,0.0,0.0,Urban,0.0,,,Fine
584592,1929861.0,5609646.0,545710.0,0.0,0.0,1.0,North,2017/2018,ORMOND ROAD,EVENDEN ROAD,Serious Crash,No,2018,North,0.0,1.0,Flat,0.0,,0.0,0.0,Dark,1471100.0,0.0,0.0,0.0,2.0,0.0,0.0,,Hawke's Bay Region,Bridge,2-way,Sealed,0.0,2.0,0.0,100.0,0.0,None,0.0,0.0,,30.0,Hastings District,Unknown,0.0,0.0,0.0,1.0,0.0,0.0,Open,0.0,0.0,0.0,Fine
709748,1925403.0,5599591.0,545852.0,0.0,0.0,1.0,South,2004/2005,TE AUTE ROAD,CRYSTALL ROAD,Minor Crash,No,2005,North,0.0,0.0,Flat,0.0,,0.0,0.0,Dark,1468700.0,1.0,0.0,0.0,2.0,0.0,0.0,,Hawke's Bay Region,Nil,2-way,Sealed,0.0,0.0,0.0,100.0,0.0,None,0.0,0.0,,30.0,Hastings District,Nil,0.0,0.0,0.0,0.0,0.0,0.0,Open,1.0,0.0,0.0,Mist or Fog
641734,1929510.0,5614317.0,545831.0,0.0,0.0,1.0,North,2008/2009,WAIOHIKI ROAD,VICTORIA LANE,Non-Injury Crash,No,2009,South,0.0,0.0,Flat,0.0,,0.0,0.0,Dark,1409400.0,0.0,0.0,0.0,2.0,0.0,0.0,,Hawke's Bay Region,Nil,2-way,Sealed,0.0,0.0,0.0,70.0,0.0,None,0.0,0.0,,30.0,Hastings District,Nil,0.0,0.0,0.0,0.0,0.0,0.0,Urban,0.0,0.0,0.0,Heavy rain
708530,1937062.0,5609186.0,545730.0,0.0,0.0,1.0,East,2005/2006,LAWN ROAD,MILL ROAD,Non-Injury Crash,No,2006,West,0.0,0.0,Flat,0.0,,0.0,0.0,Twilight,1405300.0,0.0,0.0,0.0,2.0,0.0,0.0,,Hawke's Bay Region,Nil,2-way,Sealed,0.0,0.0,0.0,100.0,0.0,None,0.0,0.0,,30.0,Hastings District,Nil,0.0,0.0,0.0,0.0,0.0,0.0,Open,0.0,0.0,0.0,Fine
53710,1934566.0,5608336.0,545722.0,0.0,0.0,1.0,South,2004/2005,SH 2,STATION ROAD,Non-Injury Crash,Yes,2004,South,0.0,1.0,Flat,0.0,,0.0,0.0,Dark,1406300.0,0.0,0.0,0.0,2.0,0.0,0.0,,Hawke's Bay Region,Nil,2-way,Sealed,0.0,0.0,0.0,100.0,0.0,None,0.0,0.0,,30.0,Hastings District,Nil,0.0,0.0,0.0,0.0,0.0,0.0,Open,0.0,0.0,0.0,Light rain
564329,1929993.0,5604885.0,548200.0,0.0,0.0,2.0,Null,2013/2014,KARAMU ROAD NORTH,QUEEN ST EAST,Non-Injury Crash,No,2013,North,0.0,,Flat,,,,,Overcast,1492800.0,0.0,0.0,0.0,2.0,0.0,,,Hawke's Bay Region,Nil,2-way,Sealed,0.0,0.0,,50.0,,Off,0.0,0.0,,30.0,Hastings District,Traffic Signals,,,,,0.0,0.0,Urban,0.0,,,Light rain
673855,1929137.0,5605815.0,547700.0,0.0,0.0,2.0,Null,2017/2018,HERETAUNGA ST WEST,GRAYS ROAD,Non-Injury Crash,No,2017,North,0.0,,Flat,,,,,Bright sun,1487300.0,0.0,0.0,0.0,2.0,0.0,,,Hawke's Bay Region,Nil,2-way,Sealed,0.0,0.0,,50.0,,Null,0.0,0.0,,30.0,Hastings District,Give way,,,,,0.0,0.0,Urban,0.0,,,Light rain
389924,1928533.0,5606518.0,548500.0,0.0,0.0,1.0,East,2004/2005,OMAHU ROAD,HAPUKA ST,Non-Injury Crash,No,2004,East,0.0,,Flat,,,,,Bright sun,1478700.0,0.0,0.0,0.0,2.0,0.0,,,Hawke's Bay Region,Nil,2-way,Sealed,0.0,0.0,,50.0,,Null,0.0,0.0,,30.0,Hastings District,Nil,,,,,0.0,0.0,Urban,1.0,,,Fine
560684,1922352.0,5611958.0,545822.0,0.0,0.0,0.0,West,2008/2009,TAIHAPE ROAD,SWAMP ROAD,Non-Injury Crash,No,2008,East,0.0,1.0,Flat,0.0,,0.0,0.0,Dark,1409100.0,0.0,0.0,0.0,2.0,0.0,0.0,,Hawke's Bay Region,Nil,2-way,Sealed,0.0,0.0,0.0,100.0,0.0,None,1.0,0.0,,30.0,Hastings District,Nil,0.0,0.0,0.0,0.0,0.0,0.0,Open,0.0,0.0,0.0,Fine
527709,1930717.0,5612780.0,545831.0,0.0,0.0,3.0,Null,2003/2004,SH 50A,WAIMATE BR,Fatal Crash,Yes,2004,North,1.0,0.0,Flat,0.0,,0.0,0.0,Overcast,1404500.0,3.0,0.0,0.0,2.0,0.0,0.0,,Hawke's Bay Region,Bridge,2-way,Sealed,0.0,1.0,0.0,100.0,0.0,Null,0.0,0.0,,30.0,Hastings District,Nil,0.0,0.0,0.0,0.0,0.0,0.0,Open,0.0,0.0,0.0,Light rain
299938,1932553.3862,5610104.6401,545832.0,0.0,0.0,0.0,Null,2020/2021,PAKOWHAI ROAD,GILBERTSON ROAD,Serious Crash,No,2020,South,0.0,0.0,Flat,0.0,,0.0,0.0,Overcast,1404000.0,0.0,0.0,0.0,2.0,2.0,0.0,,Hawke's Bay Region,Bridge,2-way,Sealed,0.0,2.0,0.0,80.0,0.0,Off,0.0,0.0,,30.0,Hastings District,Nil,0.0,1.0,0.0,0.0,1.0,0.0,Open,0.0,0.0,0.0,Fine
133248,1930639.0,5605223.0,548200.0,0.0,0.0,1.0,Null,2010/2011,WARREN ST NORTH,ALEXANDRA ST,Non-Injury Crash,No,2011,South,0.0,,Flat,,,,,Overcast,1494700.0,0.0,0.0,0.0,2.0,0.0,,,Hawke's Bay Region,Nil,2-way,Sealed,0.0,0.0,,50.0,,Null,0.0,0.0,,30.0,Hastings District,Give way,,,,,0.0,0.0,Urban,1.0,,,Light rain
431148,1922436.0,5617497.0,545821.0,0.0,0.0,1.0,West,2010/2011,MOTEO PA ROAD,SWAMP ROAD,Non-Injury Crash,No,2010,South,0.0,0.0,Hill Road,0.0,,0.0,0.0,Dark,1408500.0,0.0,0.0,0.0,2.0,0.0,0.0,,Hawke's Bay Region,Nil,2-way,Sealed,0.0,0.0,0.0,100.0,0.0,None,0.0,0.0,,30.0,Hastings District,Nil,0.0,0.0,0.0,0.0,0.0,0.0,Open,0.0,0.0,0.0,Fine
272669,1927633.0,5607439.0,548400.0,0.0,0.0,1.0,Null,2018/2019,SH 50A,OMAHU ROAD,Non-Injury Crash,Yes,2018,South,0.0,,Flat,,,,,Overcast,1473600.0,0.0,0.0,0.0,2.0,0.0,,,Hawke's Bay Region,Nil,2-way,Sealed,0.0,0.0,,100.0,,Null,0.0,0.0,,30.0,Hastings District,Give way,,,,,1.0,0.0,Open,0.0,,,Fine
92504,1918909.3098,5652426.2989,545911.0,0.0,0.0,2.0,South,2018/2019,005-0220,OLSENS GATE,Non-Injury Crash,Yes,2019,South,0.0,,Hill Road,,,,,Twilight,1415900.0,0.0,0.0,0.0,3.0,0.0,,,Hawke's Bay Region,Nil,2-way,Sealed,0.0,0.0,,100.0,,None,0.0,0.0,,30.0,Hastings District,Unknown,,,,,0.0,0.0,Open,0.0,,,Light rain
158958,1929806.0,5604328.0,548200.0,0.0,0.0,2.0,East,2002/2003,SOUTHAMPTON ST EAST,HASTINGS ST S,Non-Injury Crash,No,2003,East,0.0,,Flat,,,,,Dark,1493600.0,0.0,0.0,0.0,2.0,0.0,,,Hawke's Bay Region,Nil,2-way,Sealed,0.0,0.0,,50.0,,On,0.0,0.0,,30.0,Hastings District,Nil,,,,,0.0,0.0,Urban,0.0,,,Fine
354612,1928430.0,5607278.0,547800.0,0.0,0.0,1.0,North,2009/2010,MATARIKI DRIVE,NOTTINGLEY ROAD,Non-Injury Crash,No,2009,North,0.0,,Flat,,,,,Bright sun,1471202.0,0.0,0.0,0.0,2.0,0.0,,,Hawke's Bay Region,Nil,Off road,Sealed,0.0,0.0,,50.0,,Null,1.0,0.0,,30.0,Hastings District,Nil,,,,,0.0,0.0,Urban,0.0,,,Fine
653257,1930269.0,5604918.0,548200.0,0.0,0.0,2.0,South,2006/2007,ST AUBYN ST EAST,WARREN ST NORTH,Non-Injury Crash,No,2006,North,0.0,,Flat,,,,,Bright sun,1494400.0,0.0,0.0,0.0,4.0,0.0,,,Hawke's Bay Region,Nil,2-way,Sealed,0.0,0.0,,50.0,,Null,0.0,0.0,,30.0,Hastings District,Unknown,,,,,0.0,0.0,Urban,0.0,,,Fine
401354,1932641.0,5609462.0,545832.0,0.0,0.0,1.0,South,2005/2006,PAKOWHAI ROAD,FARNDON ROAD,Non-Injury Crash,No,2006,North,0.0,0.0,Flat,0.0,,0.0,0.0,Dark,1404300.0,0.0,0.0,0.0,2.0,0.0,0.0,,Hawke's Bay Region,Nil,2-way,Sealed,0.0,0.0,0.0,100.0,0.0,On,0.0,0.0,,30.0,Hastings District,Nil,0.0,0.0,0.0,0.0,0.0,0.0,Open,0.0,0.0,0.0,Fine
70540,1929657.0,5605330.0,548200.0,0.0,0.0,1.0,Null,2008/2009,NELSON ST NORTH,QUEEN ST WEST,Non-Injury Crash,No,2008,South,0.0,,Flat,,,,,Overcast,1490800.0,0.0,0.0,0.0,2.0,0.0,,,Hawke's Bay Region,Nil,2-way,Sealed,0.0,0.0,,50.0,,Null,0.0,0.0,,30.0,Hastings District,Give way,,,,,0.0,0.0,Urban,1.0,,,Light rain
131684,1924249.0,5607580.0,548611.0,0.0,1.0,0.0,Null,2008/2009,DIAZ DRIVE,SCOTT DRIVE,Minor Crash,No,2009,West,0.0,,Flat,,,,,Bright sun,1473902.0,1.0,0.0,0.0,2.0,0.0,,,Hawke's Bay Region,Nil,2-way,Sealed,0.0,0.0,,50.0,,Null,0.0,0.0,,30.0,Hastings District,Give way,,,,,0.0,0.0,Urban,1.0,,,Fine
45413,1928148.4943,5600915.9602,545852.0,0.0,0.0,0.0,West,2019/2020,TE AUTE ROAD,LONGLANDS ROAD EAST,Serious Crash,No,2019,East,0.0,0.0,Flat,1.0,,0.0,0.0,Dark,1465700.0,0.0,0.0,1.0,2.0,0.0,0.0,,Hawke's Bay Region,Nil,2-way,Sealed,0.0,1.0,0.0,100.0,0.0,None,0.0,0.0,,30.0,Hastings District,Unknown,0.0,0.0,0.0,0.0,0.0,0.0,Open,0.0,0.0,0.0,Fine
227696,1929387.0,5614231.0,545831.0,0.0,0.0,1.0,Null,2004/2005,SH 50,WAIOHIKI ROAD,Non-Injury Crash,Yes,2004,North,0.0,0.0,Flat,0.0,,0.0,0.0,Dark,1409400.0,0.0,0.0,0.0,2.0,0.0,0.0,,Hawke's Bay Region,Nil,2-way,Sealed,0.0,0.0,0.0,100.0,0.0,On,0.0,0.0,,30.0,Hastings District,Give way,0.0,0.0,0.0,0.0,0.0,0.0,Open,0.0,0.0,0.0,Fine
120762,1930724.0,5605372.0,548200.0,0.0,0.0,2.0,Null,2007/2008,KARAMU ROAD NORTH,JERVOIS ST,Non-Injury Crash,No,2008,South,0.0,,Flat,,,,,Overcast,1494300.0,0.0,0.0,0.0,3.0,0.0,,,Hawke's Bay Region,Nil,2-way,Sealed,0.0,0.0,,50.0,,Null,0.0,0.0,,30.0,Hastings District,Give way,,,,,0.0,0.0,Urban,0.0,,,Fine
501280,1927118.0,5605372.0,545761.0,0.0,0.0,2.0,North,2009/2010,YORK ROAD,MARAEKAKAHO ROAD,Non-Injury Crash,No,2010,South,0.0,0.0,Flat,0.0,,0.0,0.0,Bright sun,1469905.0,0.0,0.0,0.0,2.0,0.0,0.0,,Hawke's Bay Region,Nil,2-way,Sealed,0.0,0.0,0.0,100.0,0.0,Null,0.0,0.0,,30.0,Hastings District,Nil,0.0,0.0,0.0,0.0,0.0,0.0,Open,0.0,0.0,0.0,Fine
468893,1918274.0,5648905.0,545911.0,0.0,0.0,1.0,South,2009/2010,SH 5,TE POHUE HOTEL,Non-Injury Crash,Yes,2010,East,0.0,1.0,Hill Road,0.0,,0.0,0.0,Dark,1415900.0,0.0,0.0,0.0,2.0,0.0,0.0,,Hawke's Bay Region,Nil,2-way,Unsealed,0.0,0.0,0.0,100.0,0.0,None,0.0,0.0,30.0,30.0,Hastings District,Nil,0.0,0.0,0.0,0.0,0.0,0.0,Open,0.0,0.0,0.0,Mist or Fog
687374,1929360.0,5605514.0,547700.0,0.0,0.0,1.0,South,2008/2009,Z CPK GOLDEN SPRINGS T/A,HERETAUNGA/TOMOANA,Non-Injury Crash,No,2009,North,0.0,,Flat,,,,,Overcast,1487700.0,0.0,0.0,0.0,0.0,0.0,,,Hawke's Bay Region,Nil,Off road,Sealed,0.0,0.0,,50.0,,Null,1.0,0.0,,30.0,Hastings District,Nil,,,,,0.0,0.0,Urban,0.0,,,Fine
246553,1932597.0,5601855.0,548831.0,0.0,0.0,1.0,Null,2016/2017,PORTER DRIVE,DONNELLY ST,Non-Injury Crash,No,2017,East,0.0,0.0,Flat,0.0,,0.0,0.0,Dark,1509600.0,0.0,0.0,0.0,2.0,0.0,0.0,,Hawke's Bay Region,Nil,2-way,Sealed,0.0,0.0,0.0,50.0,0.0,On,0.0,0.0,,30.0,Hastings District,Give way,1.0,1.0,0.0,1.0,0.0,0.0,Urban,0.0,0.0,0.0,Fine
222681,1927976.0,5607699.0,545710.0,0.0,0.0,0.0,North,2004/2005,SH 50A,OMAHU ROAD,Serious Crash,Yes,2005,North,0.0,,Flat,,,,,Bright sun,1471201.0,0.0,0.0,0.0,2.0,0.0,,,Hawke's Bay Region,Nil,2-way,Sealed,0.0,1.0,,100.0,,Null,0.0,0.0,,30.0,Hastings District,Nil,,,,,1.0,0.0,Open,0.0,,,Fine
28485,1930510.0,5604594.0,548100.0,0.0,0.0,2.0,Null,2001/2002,WILLOWPARK ROAD NORTH,ST AUBYN ST EAST,Non-Injury Crash,No,2002,North,0.0,,Flat,,,,,Overcast,1500800.0,0.0,0.0,0.0,2.0,0.0,,,Hawke's Bay Region,Nil,2-way,Sealed,0.0,0.0,,50.0,,Null,0.0,0.0,,30.0,Hastings District,Give way,,,,,0.0,0.0,Urban,0.0,,,Light rain
165390,1929509.0,5608835.0,545710.0,0.0,0.0,1.0,Null,2010/2011,SH 50A,EVENDEN ROAD,Non-Injury Crash,Yes,2010,West,0.0,0.0,Flat,0.0,,0.0,0.0,Dark,1471100.0,0.0,0.0,0.0,2.0,0.0,0.0,,Hawke's Bay Region,Nil,2-way,Sealed,0.0,0.0,0.0,100.0,0.0,On,0.0,0.0,,30.0,Hastings District,Give way,1.0,0.0,0.0,0.0,0.0,0.0,Open,0.0,0.0,0.0,Light rain
545045,1928993.0,5605666.0,547700.0,0.0,0.0,2.0,Null,2005/2006,BERESFORD ST,RODNEY ST,Minor Crash,No,2006,South,0.0,0.0,Flat,0.0,,0.0,0.0,Overcast,1487200.0,1.0,0.0,0.0,2.0,0.0,1.0,,Hawke's Bay Region,Nil,2-way,Sealed,0.0,0.0,0.0,50.0,0.0,Null,0.0,0.0,,30.0,Hastings District,Nil,0.0,0.0,0.0,0.0,0.0,0.0,Urban,1.0,0.0,0.0,Heavy rain
376196,1932032.0,5606172.0,545721.0,0.0,0.0,1.0,Null,2018/2019,SH 2,ELWOOD ROAD,Non-Injury Crash,Yes,2018,East,0.0,,Flat,,,,,Bright sun,1471700.0,0.0,0.0,0.0,2.0,0.0,,,Hawke's Bay Region,Nil,2-way,Sealed,0.0,0.0,,70.0,,Null,0.0,0.0,,30.0,Hastings District,Give way,,,,,0.0,0.0,Urban,1.0,,,Fine
444814,1930671.0,5606104.0,547600.0,0.0,0.0,1.0,Null,2003/2004,NELSON ST NORTH,FREDERICK ST,Minor Crash,No,2004,South,0.0,1.0,Flat,0.0,,0.0,0.0,Dark,1483700.0,1.0,0.0,0.0,2.0,0.0,0.0,,Hawke's Bay Region,Nil,2-way,Sealed,0.0,0.0,0.0,50.0,0.0,On,0.0,0.0,,30.0,Hastings District,Give way,0.0,0.0,0.0,0.0,0.0,0.0,Urban,0.0,0.0,0.0,Fine
329900,1932506.0,5603548.0,545721.0,0.0,0.0,1.0,South,2008/2009,ST GEORGES ROAD,CROSSES ROAD,Non-Injury Crash,No,2008,North,0.0,1.0,Flat,0.0,,0.0,0.0,Dark,1472702.0,0.0,0.0,0.0,2.0,0.0,0.0,,Hawke's Bay Region,Nil,2-way,Sealed,0.0,0.0,0.0,80.0,0.0,None,0.0,0.0,,30.0,Hastings District,Nil,0.0,0.0,0.0,0.0,0.0,0.0,Open,0.0,0.0,0.0,Fine
124532,1935676.0,5646449.0,545911.0,0.0,0.0,1.0,North,2012/2013,SH 2,TANGOIO SETTLEMENT ROAD N,Non-Injury Crash,Yes,2013,South,0.0,,Flat,,,,,Twilight,1415400.0,0.0,0.0,0.0,2.0,0.0,,,Hawke's Bay Region,Nil,2-way,Sealed,0.0,0.0,,100.0,,None,0.0,0.0,,30.0,Hastings District,Nil,,,,,0.0,0.0,Open,0.0,,,Fine
198409,1929373.0,5605307.0,548200.0,0.0,0.0,1.0,Null,2018/2019,SOUTHLAND ROAD,EASTBOURNE ST WEST,Non-Injury Crash,No,2018,South,0.0,,Flat,,,,,Overcast,1488800.0,0.0,0.0,0.0,2.0,0.0,,,Hawke's Bay Region,Nil,2-way,Sealed,0.0,0.0,,50.0,,Null,0.0,0.0,,30.0,Hastings District,Give way,,,,,0.0,0.0,Urban,1.0,,,Light rain
462364,1932202.0,5603281.0,545721.0,0.0,0.0,2.0,Null,1999/2000,ADA ST,ST GEORGES ROAD,Non-Injury Crash,No,2000,South,0.0,,Flat,,,,,Bright sun,1472801.0,0.0,0.0,0.0,2.0,0.0,,,Hawke's Bay Region,Nil,2-way,Sealed,0.0,0.0,,100.0,,Null,0.0,0.0,,30.0,Hastings District,Give way,,,,,0.0,0.0,Open,0.0,,,Fine
451741,1929819.0,5604072.0,548300.0,0.0,0.0,2.0,Null,2014/2015,WILLOWPARK ROAD SOUTH,MASSEY ST,Non-Injury Crash,No,2014,West,0.0,,Flat,,,,,Bright sun,1502200.0,0.0,0.0,0.0,2.0,0.0,,,Hawke's Bay Region,Nil,2-way,Sealed,0.0,0.0,,50.0,,Off,0.0,0.0,,30.0,Hastings District,Give way,,,,,0.0,0.0,Urban,0.0,,,Fine
188180,1929732.0,5609056.0,545710.0,0.0,0.0,0.0,East,2014/2015,SH 50A,EVENDEN ROAD,Non-Injury Crash,Yes,2015,East,0.0,0.0,Flat,0.0,Queens Birthday,0.0,0.0,Bright sun,1471100.0,0.0,0.0,0.0,2.0,0.0,0.0,,Hawke's Bay Region,Nil,2-way,Sealed,0.0,0.0,0.0,100.0,0.0,Null,1.0,0.0,,30.0,Hastings District,Nil,0.0,0.0,0.0,0.0,0.0,0.0,Open,0.0,0.0,0.0,Fine
224231,1931659.0,5602789.0,545721.0,0.0,0.0,2.0,East,2006/2007,HAVELOCK ROAD,ST GEORGES ROAD,Non-Injury Crash,No,2006,North,0.0,,Flat,,,,,Bright sun,1473000.0,0.0,0.0,0.0,2.0,0.0,,,Hawke's Bay Region,Nil,2-way,Sealed,0.0,0.0,,70.0,,Null,0.0,0.0,,30.0,Hastings District,Nil,,,,,0.0,0.0,Urban,0.0,,,Fine
549876,1910576.0,5664279.0,545911.0,0.0,0.0,0.0,North,2017/2018,SH 5,TE HAROTO ROAD,Non-Injury Crash,Yes,2018,South,0.0,,Flat,,,,,Overcast,1414400.0,0.0,0.0,0.0,2.0,0.0,,,Hawke's Bay Region,Nil,2-way,Sealed,0.0,0.0,,100.0,,Null,2.0,0.0,,30.0,Hastings District,Unknown,,,,,0.0,0.0,Open,0.0,,,Fine
658506,1922090.0,5595769.0,545851.0,0.0,0.0,1.0,North,2007/2008,SH 2,TE MAHANGA ROAD,Non-Injury Crash,Yes,2008,North,0.0,1.0,Flat,0.0,,0.0,0.0,Bright sun,1463900.0,0.0,0.0,0.0,2.0,0.0,0.0,,Hawke's Bay Region,Nil,2-way,Sealed,0.0,0.0,0.0,100.0,0.0,Null,0.0,0.0,,30.0,Hastings District,Nil,0.0,0.0,0.0,0.0,0.0,0.0,Open,0.0,0.0,0.0,Fine