OBJECTID,X,Y,areaUnitID,bicycle,bus,carStationWagon,crashDirectionDescription,crashFinancialYear,crashLocation1,crashLocation2,crashSeverity,crashSHDescription,crashYear,directionRoleDescription,fatalCount,fence,flatHill,guardRail,holiday,houseOrBuilding,kerb,light,meshblockId,minorInjuryCount,moped,motorcycle,NumberOfLanes,otherVehicleType,parkedVehicle,pedestrian,region,roadCharacter,roadLane,roadSurface,schoolBus,seriousInjuryCount,slipOrFlood,speedLimit,strayAnimal,streetLight,suv,taxi,temporarySpeedLimit,tlaId,tlaName,trafficControl,trafficIsland,trafficSign,train,tree,truck,unknownVehicleType,urban,vanOrUtility,vehicle,waterRiver,weatherA
250509,1928613.0,5606111.0,547700.0,0.0,0.0,1.0,South,2014/2015,PLUNKET ST,MARAEKAKAHO ROAD,Non-Injury Crash,No,2014,North,0.0,,Flat,,,,,Bright sun,1486600.0,0.0,0.0,0.0,2.0,0.0,,,Hawke's Bay Region,Nil,2-way,Sealed,0.0,0.0,,50.0,,Null,0.0,0.0,,30.0,Hastings District,Give way,,,,,0.0,0.0,Urban,1.0,,,Fine
524847,1924781.0,5608879.0,545710.0,0.0,0.0,1.0,East,2000/2001,OMAHU ROAD,JAMES ROCHFORT PLACE,Non-Injury Crash,No,2001,West,0.0,,Flat,,,,,Dark,1470600.0,0.0,0.0,0.0,2.0,0.0,,,Hawke's Bay Region,Nil,2-way,Sealed,0.0,0.0,,100.0,,None,0.0,0.0,,30.0,Hastings District,Nil,,,,,0.0,0.0,Open,1.0,,,Fine
121244,1930483.0,5610281.0,545832.0,0.0,0.0,1.0,North,2009/2010,SH 50A,NGARURORO BR,Non-Injury Crash,Yes,2010,North,0.0,,Flat,,,,,Overcast,1404400.0,0.0,0.0,0.0,2.0,0.0,,,Hawke's Bay Region,Bridge,2-way,Sealed,0.0,0.0,,100.0,,Null,0.0,0.0,,30.0,Hastings District,Nil,,,,,0.0,0.0,Open,1.0,,,Mist or Fog
352847,1911742.0,5636990.0,545912.0,0.0,0.0,0.0,West,2017/2018,PUKETITIRI ROAD,WAIHAU ROAD,Non-Injury Crash,No,2017,South,0.0,,Flat,,,,,Bright sun,1411800.0,0.0,0.0,0.0,2.0,0.0,,,Hawke's Bay Region,Nil,2-way,Sealed,0.0,0.0,,100.0,,Null,0.0,0.0,,30.0,Hastings District,Unknown,,,,,1.0,0.0,Open,0.0,,,Fine
428901,1928812.0,5606754.0,547800.0,0.0,0.0,2.0,South,2009/2010,HAPUKA ST,FRIMLEY ROAD,Non-Injury Crash,No,2009,North,0.0,,Flat,,,,,Overcast,1477500.0,0.0,0.0,0.0,2.0,0.0,,,Hawke's Bay Region,Nil,2-way,Sealed,0.0,0.0,,50.0,,Null,0.0,0.0,,30.0,Hastings District,Nil,,,,,0.0,0.0,Urban,0.0,,,Light rain
320435,1932610.5992,5606209.442000001,545721.0,0.0,0.0,1.0,Null,2019/2020,SH 51,ST GEORGES ROAD,Non-Injury Crash,Yes,2019,West,0.0,1.0,Flat,0.0,,0.0,0.0,Bright sun,1472000.0,0.0,0.0,0.0,2.0,0.0,0.0,,Hawke's Bay Region,Nil,2-way,Sealed,0.0,0.0,0.0,70.0,0.0,None,0.0,0.0,,30.0,Hastings District,Nil,0.0,0.0,0.0,0.0,0.0,0.0,Urban,0.0,0.0,0.0,Fine
137232,1932053.0,5608825.0,545710.0,0.0,0.0,5.0,South,2003/2004,PAKOWHAI ROAD,RUAHAPIA ROAD,Serious Crash,No,2004,North,0.0,0.0,Flat,0.0,,0.0,0.0,Twilight,1471100.0,0.0,0.0,0.0,2.0,0.0,1.0,,Hawke's Bay Region,Nil,2-way,Sealed,0.0,2.0,0.0,100.0,0.0,None,0.0,0.0,,30.0,Hastings District,Nil,0.0,0.0,0.0,0.0,0.0,0.0,Open,1.0,0.0,0.0,Light rain
742455,1930003.0,5603857.0,548300.0,0.0,0.0,1.0,West,2005/2006,OUTRAM ROAD,RIVERSLEA ROAD SOUTH,Serious Crash,No,2006,East,0.0,,Flat,,,,,Overcast,1504300.0,1.0,0.0,0.0,2.0,0.0,,,Hawke's Bay Region,Nil,2-way,Sealed,0.0,1.0,,50.0,,Null,0.0,0.0,,30.0,Hastings District,Nil,,,,,0.0,0.0,Urban,1.0,,,Fine
631220,1929832.0,5605083.0,548200.0,0.0,0.0,2.0,South,2010/2011,MARKET ST NORTH,QUEEN ST WEST,Non-Injury Crash,No,2011,North,0.0,,Flat,,,,,Bright sun,1491700.0,0.0,0.0,0.0,3.0,0.0,,,Hawke's Bay Region,Nil,2-way,Sealed,0.0,0.0,,50.0,,Null,0.0,0.0,,30.0,Hastings District,Traffic Signals,,,,,0.0,0.0,Urban,0.0,,,Fine
698572,1936162.3751,5610655.552999999,545730.0,0.0,0.0,0.0,South,2018/2019,VALERIE STREET,DEAKIN PLACE,Non-Injury Crash,No,2019,North,0.0,0.0,Flat,0.0,,0.0,0.0,Dark,1405401.0,0.0,0.0,0.0,2.0,0.0,0.0,,Hawke's Bay Region,Nil,2-way,Sealed,0.0,0.0,0.0,50.0,0.0,On,0.0,0.0,,30.0,Hastings District,Unknown,0.0,0.0,0.0,2.0,0.0,0.0,Urban,0.0,0.0,0.0,Fine
713639,1933757.0,5602249.0,548831.0,0.0,0.0,2.0,East,2010/2011,NIMON ST,GUTHRIE ROAD,Non-Injury Crash,No,2010,East,0.0,0.0,Flat,0.0,,0.0,0.0,Overcast,1510000.0,0.0,0.0,0.0,2.0,0.0,1.0,,Hawke's Bay Region,Nil,2-way,Sealed,0.0,0.0,0.0,50.0,0.0,Null,0.0,0.0,,30.0,Hastings District,Nil,0.0,0.0,0.0,0.0,0.0,0.0,Urban,0.0,0.0,0.0,Fine
337270,1928904.0,5606124.0,547700.0,0.0,0.0,1.0,South,2011/2012,HERETAUNGA ST WEST,STORTFORD ST,Non-Injury Crash,No,2012,South,0.0,,Flat,,,,,Overcast,1486700.0,0.0,0.0,0.0,2.0,0.0,,,Hawke's Bay Region,Nil,2-way,Sealed,0.0,0.0,,50.0,,Null,0.0,0.0,,30.0,Hastings District,Nil,,,,,0.0,0.0,Urban,1.0,,,Fine
63478,1929629.4899,5605758.7892,548200.0,0.0,0.0,2.0,Null,2018/2019,TOMOANA ROAD,ST AUBYN STREET WEST,Non-Injury Crash,No,2019,East,0.0,,Null,,,,,Unknown,1490300.0,0.0,0.0,0.0,2.0,0.0,,,Hawke's Bay Region,Nil,2-way,Null,0.0,0.0,,50.0,,Null,0.0,0.0,,30.0,Hastings District,Traffic Signals,,,,,0.0,0.0,Urban,0.0,,,Fine
700932,1929980.0,5604196.0,548200.0,0.0,0.0,1.0,Null,2013/2014,WILLOWPARK ROAD SOUTH,BULLER ST,Non-Injury Crash,No,2014,North,0.0,,Flat,,,,,Bright sun,1493600.0,0.0,0.0,0.0,,0.0,,,Hawke's Bay Region,Nil,2-way,Sealed,0.0,0.0,,50.0,,Off,0.0,0.0,,30.0,Hastings District,Nil,,,,,0.0,0.0,Urban,1.0,,,Fine
101482,1929376.0,5605568.0,547700.0,0.0,0.0,2.0,East,2015/2016,TOMOANA ROAD,HERETAUNGA ST WEST,Non-Injury Crash,No,2016,West,0.0,,Flat,,,,,Bright sun,1487900.0,0.0,0.0,0.0,2.0,0.0,,,Hawke's Bay Region,Nil,2-way,Sealed,0.0,0.0,,50.0,,Null,0.0,0.0,,30.0,Hastings District,Unknown,,,,,0.0,0.0,Urban,0.0,,,Fine
221502,1932652.0,5609542.0,545832.0,0.0,0.0,1.0,Null,2007/2008,CHESTERHOPE BRIDGE,FARNDON ROAD,Non-Injury Crash,No,2007,South,0.0,0.0,Flat,0.0,,0.0,0.0,Bright sun,1404300.0,0.0,0.0,0.0,2.0,0.0,0.0,,Hawke's Bay Region,Nil,2-way,Sealed,0.0,0.0,0.0,100.0,0.0,Null,0.0,0.0,,30.0,Hastings District,Give way,1.0,0.0,0.0,0.0,0.0,0.0,Open,0.0,0.0,0.0,Fine
644134,1930185.0,5605031.0,548200.0,0.0,0.0,1.0,Null,2002/2003,KARAMU ROAD NORTH,ST AUBYN ST EAST,Minor Crash,No,2002,South,0.0,,Flat,,,,,Dark,1494100.0,3.0,0.0,0.0,3.0,0.0,,,Hawke's Bay Region,Nil,2-way,Sealed,0.0,0.0,,50.0,,On,0.0,0.0,,30.0,Hastings District,Traffic Signals,,,,,0.0,0.0,Urban,1.0,,,Fine
529469,1929379.0,5605095.0,548200.0,1.0,0.0,1.0,East,2013/2014,LYNDON ROAD WEST,NELSON ST SOUTH,Minor Crash,No,2013,North,0.0,,Flat,,,,,Bright sun,1489300.0,1.0,0.0,0.0,2.0,0.0,,,Hawke's Bay Region,Nil,2-way,Sealed,0.0,0.0,,50.0,,Null,0.0,0.0,,30.0,Hastings District,Nil,,,,,0.0,0.0,Urban,0.0,,,Fine
165911,1911527.0,5663359.0,545911.0,0.0,0.0,0.0,South,2016/2017,SH 5,TE HAROTO PO,Non-Injury Crash,Yes,2017,West,0.0,,Hill Road,,,,,Overcast,1414400.0,0.0,0.0,0.0,2.0,0.0,,,Hawke's Bay Region,Nil,2-way,Sealed,0.0,0.0,,100.0,,None,1.0,0.0,,30.0,Hastings District,Unknown,,,,,0.0,0.0,Open,0.0,,,Heavy rain
510766,1925307.0,5608496.0,545710.0,0.0,0.0,1.0,North,2018/2019,OMAHU ROAD,JARVIS ROAD,Minor Crash,No,2018,North,0.0,0.0,Flat,0.0,,0.0,0.0,Bright sun,1470900.0,1.0,0.0,0.0,2.0,0.0,0.0,,Hawke's Bay Region,Nil,2-way,Sealed,0.0,0.0,0.0,70.0,0.0,Null,0.0,0.0,,30.0,Hastings District,Unknown,0.0,0.0,0.0,1.0,0.0,0.0,Urban,0.0,0.0,0.0,Fine
737295,1934642.0,5608521.0,545722.0,0.0,0.0,2.0,Null,2003/2004,SH 2,STATION ROAD,Serious Crash,Yes,2003,North,0.0,,Flat,,,,,Bright sun,1406300.0,1.0,0.0,0.0,2.0,0.0,,,Hawke's Bay Region,Nil,2-way,Sealed,0.0,1.0,,100.0,,Null,0.0,0.0,,30.0,Hastings District,Give way,,,,,0.0,0.0,Open,0.0,,,Fine
462410,1936696.0,5612490.0,545832.0,0.0,0.0,2.0,North,2006/2007,SH 2,HELLYERS LANE,Minor Crash,Yes,2007,South,0.0,1.0,Flat,0.0,,0.0,0.0,Bright sun,1404200.0,3.0,0.0,0.0,2.0,0.0,0.0,,Hawke's Bay Region,Nil,2-way,Sealed,0.0,0.0,0.0,100.0,0.0,Null,0.0,0.0,,30.0,Hastings District,Nil,0.0,1.0,0.0,1.0,1.0,0.0,Open,0.0,0.0,0.0,Fine
447794,1932479.0,5601628.0,548810.0,0.0,0.0,2.0,Null,2006/2007,PORTER DRIVE,TE AUTE ROAD,Non-Injury Crash,No,2007,South,0.0,,Flat,,,,,Bright sun,1505700.0,0.0,0.0,0.0,2.0,0.0,,,Hawke's Bay Region,Nil,2-way,Sealed,0.0,0.0,,50.0,,Null,0.0,0.0,,30.0,Hastings District,Give way,,,,,0.0,0.0,Urban,0.0,,,Fine
620518,1928503.0,5606043.0,548500.0,0.0,0.0,3.0,Null,2010/2011,MARAEKAKAHO ROAD,SOUTHAMPTON ST WEST,Non-Injury Crash,No,2010,North,0.0,,Flat,,,,,Bright sun,1479600.0,0.0,0.0,0.0,2.0,0.0,,,Hawke's Bay Region,Nil,2-way,Sealed,0.0,0.0,,50.0,,Null,0.0,0.0,,30.0,Hastings District,Traffic Signals,,,,,0.0,0.0,Urban,0.0,,,Fine
349391,1930083.0,5604986.0,548200.0,0.0,0.0,1.0,Null,2003/2004,Z CPK SHOPS,KARAMU/AVENUE,Non-Injury Crash,No,2003,North,0.0,0.0,Flat,0.0,,0.0,0.0,Dark,1492300.0,0.0,0.0,0.0,2.0,0.0,1.0,,Hawke's Bay Region,Nil,Off road,Sealed,0.0,0.0,0.0,50.0,0.0,On,0.0,0.0,,30.0,Hastings District,Nil,0.0,0.0,0.0,0.0,0.0,0.0,Urban,1.0,0.0,0.0,Fine
546611,1929826.0,5601733.0,545762.0,0.0,0.0,1.0,North,2015/2016,ST GEORGES ROAD,TE AUTE ROAD,Non-Injury Crash,No,2016,South,0.0,1.0,Flat,0.0,Christmas New Year,0.0,0.0,Dark,1468400.0,0.0,0.0,0.0,2.0,0.0,0.0,,Hawke's Bay Region,Nil,2-way,Sealed,0.0,0.0,0.0,100.0,0.0,None,0.0,0.0,,30.0,Hastings District,Unknown,0.0,0.0,0.0,0.0,0.0,0.0,Open,0.0,0.0,0.0,Light rain
729534,1912565.0,5586824.0,545851.0,0.0,0.0,2.0,South,2014/2015,SH 2,WAIKAREAO ROAD,Non-Injury Crash,Yes,2014,North,0.0,,Hill Road,,,,,Bright sun,1464600.0,0.0,0.0,0.0,2.0,0.0,,,Hawke's Bay Region,Nil,2-way,Sealed,0.0,0.0,,100.0,,None,0.0,0.0,,30.0,Hastings District,Nil,,,,,0.0,0.0,Open,0.0,,,Fine
32733,1925142.0,5619127.0,545821.0,0.0,0.0,2.0,Null,2004/2005,SWAMP ROAD,OMARUNUI ROAD,Non-Injury Crash,No,2005,North,0.0,,Flat,,,,,Bright sun,1408500.0,0.0,0.0,0.0,2.0,0.0,,,Hawke's Bay Region,Nil,2-way,Sealed,0.0,0.0,,100.0,,Null,0.0,0.0,,30.0,Hastings District,Give way,,,,,0.0,0.0,Open,0.0,,,Fine
431758,1936194.0,5601860.0,545750.0,0.0,0.0,1.0,North,2011/2012,TE MATA MANGATERETERE ROA,TE MATA ROAD,Non-Injury Crash,No,2011,North,0.0,0.0,Flat,0.0,,0.0,0.0,Dark,1466600.0,0.0,0.0,0.0,2.0,0.0,0.0,,Hawke's Bay Region,Nil,2-way,Sealed,0.0,0.0,0.0,100.0,0.0,None,0.0,0.0,,30.0,Hastings District,Nil,0.0,0.0,0.0,0.0,0.0,0.0,Open,0.0,0.0,0.0,Fine
66719,1926106.0,5601264.0,545852.0,0.0,0.0,1.0,West,2016/2017,RAILWAY ROAD SOUTH,LONGLANDS ROAD EAST,Non-Injury Crash,No,2017,North,0.0,0.0,Flat,0.0,,0.0,0.0,Bright sun,1468700.0,0.0,0.0,0.0,2.0,0.0,0.0,,Hawke's Bay Region,Nil,2-way,Sealed,0.0,0.0,0.0,100.0,0.0,Null,0.0,0.0,,30.0,Hastings District,Unknown,0.0,0.0,0.0,0.0,0.0,0.0,Open,0.0,0.0,0.0,Fine
512109,1910006.5838,5604680.5602,545841.0,0.0,0.0,1.0,West,2018/2019,050-0033,WHAKAPIRAU ROAD,Minor Crash,Yes,2019,East,0.0,1.0,Hill Road,0.0,,0.0,0.0,Dark,1462700.0,1.0,0.0,0.0,2.0,0.0,0.0,,Hawke's Bay Region,Nil,2-way,Sealed,0.0,0.0,0.0,100.0,0.0,None,0.0,0.0,,30.0,Hastings District,Unknown,0.0,0.0,0.0,0.0,0.0,0.0,Open,0.0,0.0,0.0,Light rain
589825,1934809.825,5641155.675,545811.0,0.0,0.0,0.0,North,2018/2019,SH2,TE NGARU BR,Serious Crash,Yes,2019,South,0.0,0.0,Hill Road,1.0,,0.0,0.0,Overcast,1415700.0,0.0,0.0,0.0,2.0,0.0,0.0,,Hawke's Bay Region,Nil,2-way,Sealed,0.0,1.0,0.0,100.0,0.0,None,0.0,0.0,,30.0,Hastings District,Unknown,0.0,0.0,0.0,0.0,1.0,0.0,Open,0.0,0.0,0.0,Fine
152192,1941523.0,5585039.0,545860.0,0.0,0.0,0.0,Null,2012/2013,GILLIES CRESCENT,HARPER ROAD E,Serious Crash,No,2012,North,0.0,,Flat,,,,,Dark,1467903.0,0.0,0.0,1.0,2.0,0.0,,,Hawke's Bay Region,Nil,2-way,Sealed,0.0,1.0,,50.0,,None,0.0,0.0,,30.0,Hastings District,Nil,,,,,0.0,0.0,Urban,0.0,,,Mist or Fog
163959,1926100.0,5602884.0,545761.0,0.0,0.0,1.0,West,1999/2000,LONGLANDS ROAD WEST,RAILWAY ROAD SOUTH,Non-Injury Crash,No,2000,East,0.0,,Flat,,,,,Bright sun,1468901.0,0.0,0.0,0.0,2.0,0.0,,,Hawke's Bay Region,Nil,2-way,Sealed,0.0,0.0,,100.0,,Null,0.0,0.0,,30.0,Hastings District,Nil,,,,,1.0,0.0,Open,0.0,,,Fine
262109,1925743.0,5606376.0,548620.0,0.0,0.0,1.0,East,2017/2018,AYR ST,CRAIL AVENUE,Non-Injury Crash,No,2018,East,0.0,1.0,Flat,0.0,Queens Birthday,0.0,0.0,Dark,1475702.0,0.0,0.0,0.0,2.0,0.0,0.0,,Hawke's Bay Region,Nil,2-way,Sealed,0.0,0.0,0.0,50.0,0.0,On,0.0,0.0,,30.0,Hastings District,Unknown,0.0,0.0,0.0,0.0,0.0,0.0,Urban,0.0,0.0,0.0,Light rain
398117,1925321.0,5599569.0,545852.0,0.0,0.0,2.0,Null,2008/2009,TE AUTE ROAD,RAILWAY ROAD SOUTH,Minor Crash,No,2009,West,0.0,,Flat,,,,,Bright sun,1469600.0,2.0,0.0,0.0,2.0,0.0,,,Hawke's Bay Region,Nil,2-way,Sealed,0.0,0.0,,100.0,,Null,0.0,0.0,,30.0,Hastings District,Stop,,,,,0.0,0.0,Open,0.0,,,Fine
670374,1929840.0,5605089.0,548200.0,0.0,0.0,1.0,Null,2012/2013,QUEEN ST WEST,MARKET ST NORTH,Minor Crash,No,2012,North,0.0,0.0,Flat,0.0,,0.0,0.0,Dark,1491300.0,1.0,0.0,0.0,2.0,0.0,0.0,,Hawke's Bay Region,Nil,2-way,Sealed,0.0,0.0,0.0,50.0,0.0,On,0.0,0.0,,30.0,Hastings District,Traffic Signals,0.0,1.0,0.0,0.0,0.0,0.0,Urban,0.0,0.0,0.0,Fine
616775,1929584.0,5605226.0,548200.0,0.0,0.0,2.0,East,2001/2002,HERETAUNGA ST WEST,NELSON ST SOUTH,Non-Injury Crash,No,2001,West,0.0,,Flat,,,,,Dark,1490700.0,0.0,0.0,0.0,2.0,0.0,,,Hawke's Bay Region,Nil,2-way,Sealed,0.0,0.0,,50.0,,On,0.0,0.0,,30.0,Hastings District,Nil,,,,,0.0,0.0,Urban,0.0,,,Fine
199599,1929645.2130000002,5608976.7406,545710.0,0.0,0.0,1.0,East,2019/2020,HAWKES BAY EXPRESSWAY,EVENDEN ROAD,Non-Injury Crash,Yes,2019,North,0.0,,Flat,,,,,Bright sun,1471100.0,0.0,0.0,0.0,2.0,0.0,,,Hawke's Bay Region,Bridge,2-way,Sealed,0.0,0.0,,100.0,,Off,0.0,0.0,70.0,30.0,Hastings District,Nil,,,,,0.0,0.0,Open,1.0,,,Fine
221987,1925222.0,5606128.0,548620.0,0.0,0.0,1.0,Null,2004/2005,SUNDERLAND DRIVE,LIVERPOOL CRESCENT E,Non-Injury Crash,No,2004,East,0.0,,Flat,,,,,Dark,1475000.0,0.0,0.0,0.0,2.0,0.0,,,Hawke's Bay Region,Nil,2-way,Sealed,0.0,0.0,,50.0,,On,0.0,0.0,,30.0,Hastings District,Nil,,,,,0.0,0.0,Urban,0.0,,,Light rain
698218,1933030.0,5607342.0,545721.0,0.0,0.0,1.0,North,2012/2013,RUAHAPIA ROAD,SH 2,Minor Crash,No,2013,North,0.0,0.0,Flat,0.0,,1.0,0.0,Overcast,1471800.0,1.0,0.0,0.0,2.0,0.0,0.0,,Hawke's Bay Region,Nil,2-way,Sealed,0.0,0.0,0.0,100.0,0.0,Null,0.0,0.0,,30.0,Hastings District,Nil,0.0,0.0,0.0,0.0,0.0,0.0,Open,0.0,0.0,0.0,Light rain
249017,1934706.0,5647679.0,545911.0,0.0,0.0,1.0,South,2009/2010,SH 2,MCINTYRES ACCESS ROAD,Non-Injury Crash,Yes,2009,North,0.0,0.0,Flat,0.0,,0.0,0.0,Dark,1415200.0,0.0,0.0,0.0,2.0,0.0,0.0,,Hawke's Bay Region,Nil,2-way,Sealed,0.0,0.0,0.0,100.0,0.0,None,0.0,0.0,,30.0,Hastings District,Nil,0.0,0.0,0.0,0.0,0.0,0.0,Open,0.0,0.0,0.0,Heavy rain
697506,1932826.0,5603311.0,545721.0,0.0,0.0,1.0,East,2009/2010,CROSSES ROAD,ST GEORGES ROAD,Non-Injury Crash,No,2009,East,0.0,0.0,Flat,0.0,,0.0,0.0,Twilight,1473100.0,0.0,0.0,0.0,2.0,0.0,0.0,,Hawke's Bay Region,Nil,2-way,Sealed,0.0,0.0,0.0,80.0,0.0,On,0.0,0.0,,30.0,Hastings District,Nil,0.0,0.0,0.0,0.0,0.0,0.0,Open,0.0,0.0,0.0,Mist or Fog
101905,1929297.0,5606666.0,547800.0,0.0,0.0,4.0,South,2007/2008,PAKOWHAI ROAD,FITZROY AVENUE,Non-Injury Crash,No,2007,South,0.0,,Flat,,,,,Bright sun,1477600.0,0.0,0.0,0.0,2.0,0.0,,,Hawke's Bay Region,Nil,2-way,Sealed,0.0,0.0,,50.0,,Null,0.0,0.0,,30.0,Hastings District,Nil,,,,,0.0,0.0,Urban,0.0,,,Fine
358425,1928856.0,5606188.0,547700.0,0.0,0.0,2.0,West,2005/2006,HERETAUNGA ST WEST,STORTFORD ST,Minor Crash,No,2005,West,0.0,,Flat,,,,,Overcast,1486600.0,1.0,0.0,0.0,3.0,0.0,,,Hawke's Bay Region,Nil,2-way,Sealed,0.0,0.0,,50.0,,Null,0.0,0.0,,30.0,Hastings District,Nil,,,,,0.0,0.0,Urban,0.0,,,Fine
180279,1919725.0,5643331.0,545811.0,0.0,0.0,0.0,South,2016/2017,SH 5,MCALLISTER ENT,Non-Injury Crash,Yes,2017,North,0.0,0.0,Hill Road,0.0,,0.0,0.0,Dark,1414700.0,0.0,0.0,0.0,3.0,0.0,0.0,,Hawke's Bay Region,Nil,2-way,Sealed,0.0,0.0,1.0,100.0,0.0,None,0.0,0.0,,30.0,Hastings District,Unknown,0.0,0.0,0.0,0.0,1.0,0.0,Open,0.0,0.0,0.0,Heavy rain
557836,1929277.0,5605631.0,547700.0,0.0,0.0,1.0,South,2006/2007,HERETAUNGA ST WEST,LOVEDALE ROAD,Non-Injury Crash,No,2007,North,0.0,0.0,Flat,0.0,,0.0,0.0,Bright sun,1487900.0,0.0,0.0,1.0,2.0,0.0,1.0,,Hawke's Bay Region,Nil,2-way,Sealed,0.0,0.0,0.0,50.0,0.0,Null,0.0,0.0,,30.0,Hastings District,Nil,0.0,0.0,0.0,0.0,0.0,0.0,Urban,0.0,0.0,0.0,Fine
347012,1931156.0,5600743.0,545762.0,0.0,0.0,3.0,South,2014/2015,GILPIN ROAD,TE AUTE ROAD,Non-Injury Crash,No,2015,South,0.0,0.0,Flat,0.0,,0.0,0.0,Dark,1465503.0,0.0,0.0,0.0,2.0,0.0,0.0,,Hawke's Bay Region,Nil,2-way,Sealed,0.0,0.0,0.0,100.0,0.0,None,0.0,0.0,,30.0,Hastings District,Nil,0.0,0.0,0.0,0.0,0.0,0.0,Open,0.0,0.0,0.0,Light rain
600179,1930918.0,5603578.0,545762.0,0.0,0.0,2.0,East,2002/2003,HAVELOCK ROAD,NORTON ROAD,Non-Injury Crash,No,2003,North,0.0,,Flat,,,,,Bright sun,1468500.0,0.0,0.0,0.0,2.0,0.0,,,Hawke's Bay Region,Nil,2-way,Sealed,0.0,0.0,,50.0,,Null,0.0,0.0,,30.0,Hastings District,Nil,,,,,0.0,0.0,Urban,0.0,,,Fine
518855,1925100.0,5606949.0,548620.0,0.0,0.0,2.0,South,2000/2001,Z CPK MALL,SWANSEA/HENDERSON,Non-Injury Crash,No,2000,South,0.0,,Flat,,,,,Bright sun,1473700.0,0.0,0.0,0.0,1.0,0.0,,,Hawke's Bay Region,Nil,Off road,Sealed,0.0,0.0,,50.0,,Null,0.0,0.0,,30.0,Hastings District,Nil,,,,,0.0,0.0,Urban,0.0,,,Fine
12748,1928961.0,5606050.0,547700.0,0.0,0.0,3.0,North,2009/2010,HERETAUNGA ST WEST,DAVIS ST,Minor Crash,No,2010,West,0.0,,Flat,,,,,Bright sun,1486000.0,1.0,0.0,0.0,2.0,0.0,,,Hawke's Bay Region,Nil,2-way,Sealed,0.0,0.0,,50.0,,Null,0.0,0.0,,30.0,Hastings District,Nil,,,,,0.0,0.0,Urban,0.0,,,Fine
611442,1932202.0,5603282.0,545721.0,0.0,0.0,1.0,Null,2000/2001,ST GEORGES ROAD,ADA ST,Non-Injury Crash,No,2000,East,0.0,0.0,Flat,0.0,,0.0,0.0,Bright sun,1472801.0,0.0,0.0,0.0,2.0,0.0,0.0,,Hawke's Bay Region,Nil,2-way,Sealed,0.0,0.0,0.0,100.0,0.0,Null,0.0,0.0,,30.0,Hastings District,Give way,0.0,0.0,0.0,0.0,0.0,0.0,Open,0.0,0.0,0.0,Fine
413378,1929850.0,5605477.0,548200.0,0.0,0.0,1.0,Null,2015/2016,NELSON ST NORTH,ST AUBYN ST WEST,Non-Injury Crash,No,2016,South,0.0,,Flat,,,,,Overcast,1490405.0,0.0,0.0,0.0,2.0,0.0,,,Hawke's Bay Region,Nil,2-way,Sealed,0.0,0.0,,50.0,,Null,0.0,0.0,,30.0,Hastings District,Traffic Signals,,,,,0.0,0.0,Urban,1.0,,,Fine
226546,1923352.0,5610218.0,545710.0,0.0,0.0,0.0,Null,2009/2010,SH 50,OMAHU ROAD,Serious Crash,Yes,2009,West,0.0,,Flat,,,,,Twilight,1470500.0,3.0,0.0,0.0,2.0,0.0,,,Hawke's Bay Region,Nil,2-way,Sealed,0.0,1.0,,100.0,,On,1.0,0.0,,30.0,Hastings District,Give way,,,,,0.0,0.0,Open,1.0,,,Fine
122999,1918268.0,5653487.0,545912.0,0.0,0.0,1.0,North,2002/2003,SH 5,TE POHUE LOOP ROAD N,Non-Injury Crash,Yes,2002,North,0.0,,Hill Road,,,,,Bright sun,1414504.0,0.0,0.0,0.0,3.0,0.0,,,Hawke's Bay Region,Nil,2-way,Sealed,0.0,0.0,,100.0,,Null,0.0,0.0,,30.0,Hastings District,Nil,,,,,1.0,0.0,Open,0.0,,,Fine
205339,1929464.0,5605185.0,548200.0,0.0,0.0,1.0,Null,2003/2004,NELSON ST SOUTH,EASTBOURNE ST WEST,Non-Injury Crash,No,2004,North,0.0,1.0,Flat,0.0,,0.0,0.0,Overcast,1488900.0,0.0,0.0,0.0,2.0,0.0,0.0,,Hawke's Bay Region,Nil,2-way,Sealed,0.0,0.0,0.0,50.0,0.0,Null,0.0,0.0,,30.0,Hastings District,Give way,1.0,0.0,0.0,0.0,0.0,0.0,Urban,1.0,0.0,0.0,Light rain
526781,1929468.0,5605379.0,548200.0,0.0,0.0,2.0,Null,2010/2011,HERETAUNGA ST WEST,SOUTHLAND ROAD,Non-Injury Crash,No,2011,North,0.0,,Flat,,,,,Twilight,1490100.0,0.0,0.0,0.0,2.0,0.0,,,Hawke's Bay Region,Nil,2-way,Sealed,0.0,0.0,,50.0,,Off,0.0,0.0,,30.0,Hastings District,Stop,,,,,0.0,0.0,Urban,0.0,,,Light rain
456219,1925537.0,5603173.0,545842.0,0.0,0.0,0.0,Null,2007/2008,SH 50A,MARAEKAKAHO ROAD,Non-Injury Crash,Yes,2008,North,0.0,,Flat,,,,,Bright sun,1470213.0,0.0,0.0,0.0,2.0,0.0,,,Hawke's Bay Region,Nil,2-way,Sealed,0.0,0.0,,50.0,,Null,0.0,0.0,,30.0,Hastings District,Give way,,,,,1.0,0.0,Urban,0.0,,,Fine