OBJECTID,X,Y,areaUnitID,bicycle,bus,carStationWagon,crashDirectionDescription,crashFinancialYear,crashLocation1,crashLocation2,crashSeverity,crashSHDescription,crashYear,directionRoleDescription,fatalCount,fence,flatHill,guardRail,holiday,houseOrBuilding,kerb,light,meshblockId,minorInjuryCount,moped,motorcycle,NumberOfLanes,otherVehicleType,parkedVehicle,pedestrian,region,roadCharacter,roadLane,roadSurface,schoolBus,seriousInjuryCount,slipOrFlood,speedLimit,strayAnimal,streetLight,suv,taxi,temporarySpeedLimit,tlaId,tlaName,trafficControl,trafficIsland,trafficSign,train,tree,truck,unknownVehicleType,urban,vanOrUtility,vehicle,waterRiver,weatherA
397817,1934978.0,5610391.0,545832.0,0.0,0.0,1.0,North,2002/2003,FARNDON ROAD,KOHUPATIKI ROAD N,Non-Injury Crash,No,2002,North,0.0,,Flat,,,,,Overcast,1404200.0,0.0,0.0,0.0,2.0,0.0,,,Hawke's Bay Region,Nil,2-way,Sealed,0.0,0.0,,100.0,,Null,0.0,0.0,,30.0,Hastings District,Nil,,,,,0.0,0.0,Open,1.0,,,Light rain
64629,1928818.0,5600976.0,545852.0,0.0,0.0,1.0,Null,2004/2005,LONGLANDS ROAD EAST,TE AUTE ROAD,Non-Injury Crash,No,2005,North,0.0,1.0,Flat,0.0,,0.0,0.0,Overcast,1465700.0,0.0,0.0,0.0,2.0,0.0,0.0,,Hawke's Bay Region,Nil,2-way,Sealed,0.0,0.0,0.0,100.0,0.0,Null,0.0,0.0,,30.0,Hastings District,Give way,0.0,0.0,0.0,1.0,0.0,0.0,Open,0.0,0.0,0.0,Light rain
74236,1926740.0,5618289.0,545821.0,0.0,0.0,1.0,West,2017/2018,SPRINGFIELD ROAD,PUKETAPU ROAD,Non-Injury Crash,No,2018,North,0.0,0.0,Flat,0.0,,0.0,0.0,Dark,1411000.0,0.0,0.0,0.0,2.0,0.0,0.0,,Hawke's Bay Region,Nil,2-way,Sealed,0.0,0.0,0.0,100.0,0.0,None,0.0,0.0,,30.0,Hastings District,Unknown,0.0,0.0,0.0,1.0,0.0,0.0,Open,0.0,0.0,0.0,Light rain
506296,1929878.0,5605947.0,547700.0,0.0,0.0,1.0,Null,2016/2017,FITZROY AVENUE,TOMOANA ROAD,Minor Crash,No,2016,North,0.0,0.0,Flat,0.0,,1.0,0.0,Dark,1488400.0,1.0,0.0,0.0,2.0,0.0,0.0,,Hawke's Bay Region,Nil,2-way,Sealed,0.0,0.0,0.0,50.0,0.0,On,0.0,0.0,,30.0,Hastings District,Give way,0.0,0.0,0.0,0.0,0.0,0.0,Urban,0.0,0.0,0.0,Fine
278928,1941985.2425,5605327.4487,545740.0,0.0,0.0,1.0,Null,2019/2020,WELLWOOD TERRACE,PIPI STREET,Non-Injury Crash,No,2019,North,0.0,0.0,Flat,0.0,,0.0,0.0,Dark,1408003.0,0.0,0.0,0.0,2.0,0.0,0.0,,Hawke's Bay Region,Nil,2-way,Sealed,0.0,0.0,0.0,50.0,0.0,On,0.0,0.0,,30.0,Hastings District,Nil,0.0,0.0,0.0,0.0,0.0,0.0,Urban,0.0,0.0,1.0,Fine
331912,1930581.0,5604498.0,548100.0,0.0,0.0,2.0,Null,2000/2001,ST AUBYN ST EAST,PRINCES ST,Non-Injury Crash,No,2001,East,0.0,,Flat,,,,,Dark,1500700.0,0.0,0.0,0.0,2.0,0.0,,,Hawke's Bay Region,Nil,2-way,Sealed,0.0,0.0,,50.0,,On,0.0,0.0,,30.0,Hastings District,Give way,,,,,0.0,0.0,Urban,0.0,,,Fine
33316,1929284.8469,5604318.5052,548300.0,0.0,0.0,0.0,South,2018/2019,KARAMU ROAD SOUTH,Pattison Rd,Minor Crash,No,2019,South,0.0,,Flat,,,,,Overcast,1503201.0,1.0,0.0,0.0,2.0,0.0,,1.0,Hawke's Bay Region,Nil,2-way,Sealed,0.0,0.0,,50.0,,Off,0.0,0.0,,30.0,Hastings District,Unknown,,,,,0.0,0.0,Urban,1.0,,,Fine
161143,1925870.0,5606578.0,548620.0,0.0,0.0,1.0,Null,2011/2012,FLAXMERE AVENUE,WILSON ROAD,Non-Injury Crash,No,2011,North,0.0,1.0,Hill Road,0.0,,0.0,0.0,Bright sun,1475800.0,0.0,0.0,0.0,2.0,0.0,0.0,,Hawke's Bay Region,Nil,2-way,Sealed,0.0,0.0,0.0,50.0,0.0,Null,0.0,0.0,,30.0,Hastings District,Give way,0.0,0.0,0.0,0.0,0.0,0.0,Urban,0.0,0.0,0.0,Fine
340458,1932233.0,5606181.0,545721.0,0.0,0.0,1.0,North,2001/2002,SH 2,ELWOOD ROAD,Non-Injury Crash,Yes,2001,South,0.0,1.0,Flat,0.0,,0.0,0.0,Dark,1472300.0,0.0,0.0,0.0,2.0,0.0,0.0,,Hawke's Bay Region,Nil,2-way,Sealed,0.0,0.0,0.0,70.0,0.0,None,0.0,0.0,,30.0,Hastings District,Nil,0.0,0.0,0.0,0.0,0.0,0.0,Urban,0.0,0.0,0.0,Fine
333409,1935638.0,5651324.0,545911.0,0.0,0.0,1.0,South,2001/2002,SH 2,WAIKOAU ROAD,Serious Crash,Yes,2002,South,0.0,0.0,Hill Road,0.0,,0.0,0.0,Overcast,1415200.0,2.0,0.0,0.0,2.0,0.0,0.0,,Hawke's Bay Region,Nil,2-way,Sealed,0.0,1.0,0.0,100.0,0.0,Null,0.0,0.0,,30.0,Hastings District,Nil,0.0,0.0,0.0,0.0,0.0,0.0,Open,0.0,0.0,0.0,Light rain
335708,1930485.0,5606405.0,547600.0,0.0,0.0,2.0,Null,2013/2014,FREDERICK ST,TOMOANA ROAD,Non-Injury Crash,No,2013,North,0.0,,Flat,,,,,Bright sun,1483800.0,0.0,0.0,0.0,2.0,0.0,,,Hawke's Bay Region,Nil,2-way,Sealed,0.0,0.0,,50.0,,Null,0.0,0.0,,30.0,Hastings District,Traffic Signals,,,,,0.0,0.0,Urban,0.0,,,Fine
23714,1929038.0,5605052.0,548200.0,0.0,0.0,3.0,North,2001/2002,SOUTHLAND ROAD,PROSPECT ROAD,Non-Injury Crash,No,2001,South,0.0,0.0,Flat,0.0,,0.0,0.0,Dark,1489200.0,0.0,0.0,0.0,2.0,0.0,1.0,,Hawke's Bay Region,Nil,2-way,Sealed,0.0,0.0,0.0,50.0,0.0,On,0.0,0.0,,30.0,Hastings District,Nil,0.0,0.0,0.0,0.0,0.0,0.0,Urban,0.0,0.0,0.0,Fine
147718,1923279.0,5637991.0,545811.0,0.0,0.0,1.0,South,2004/2005,SH 5,GLENGARRY ROAD,Non-Injury Crash,Yes,2005,North,0.0,,Hill Road,,,,,Dark,1414800.0,0.0,0.0,0.0,3.0,0.0,,,Hawke's Bay Region,Nil,2-way,Sealed,0.0,0.0,,100.0,,None,0.0,0.0,,30.0,Hastings District,Nil,,,,,1.0,0.0,Open,0.0,,,Heavy rain
11765,1933152.0,5602368.0,548831.0,0.0,0.0,1.0,North,2002/2003,NAPIER ROAD,ST HILL LANE,Non-Injury Crash,No,2003,North,0.0,,Flat,,,,,Overcast,1509400.0,0.0,0.0,0.0,2.0,0.0,,,Hawke's Bay Region,Nil,2-way,Sealed,0.0,0.0,,50.0,,Null,0.0,0.0,,30.0,Hastings District,Nil,,,,,0.0,0.0,Urban,1.0,,,Fine
9169,1928901.9706,5606127.5135,547700.0,0.0,0.0,2.0,South,2018/2019,HERETAUNGA STREET WEST,STORTFORD STREET,Non-Injury Crash,No,2019,West,0.0,,Flat,,,,,Bright sun,1486000.0,0.0,0.0,0.0,2.0,0.0,,,Hawke's Bay Region,Nil,2-way,Sealed,0.0,0.0,,50.0,,Off,0.0,0.0,,30.0,Hastings District,Unknown,,,,,0.0,0.0,Urban,0.0,,,Fine
726896,1925230.0,5599181.0,545852.0,0.0,0.0,2.0,South,2000/2001,SH 2,TE AUTE ROAD,Non-Injury Crash,Yes,2000,South,0.0,,Flat,,,,,Overcast,1463602.0,0.0,0.0,0.0,2.0,0.0,,,Hawke's Bay Region,Nil,2-way,Sealed,0.0,0.0,,100.0,,Null,0.0,0.0,,30.0,Hastings District,Nil,,,,,0.0,0.0,Open,0.0,,,Fine
651220,1933022.0,5607211.0,545721.0,0.0,0.0,1.0,East,2004/2005,RUAHAPIA ROAD,OTENE ROAD,Non-Injury Crash,No,2004,North,0.0,0.0,Flat,0.0,,0.0,0.0,Dark,1471800.0,0.0,0.0,0.0,2.0,0.0,0.0,,Hawke's Bay Region,Nil,2-way,Sealed,0.0,0.0,0.0,100.0,0.0,None,0.0,0.0,,30.0,Hastings District,Nil,0.0,0.0,0.0,0.0,0.0,0.0,Open,0.0,0.0,0.0,Heavy rain
10690,1927679.0,5607006.0,548500.0,0.0,0.0,2.0,Null,2013/2014,ORCHARD ROAD,STONYCROFT ST,Non-Injury Crash,No,2014,South,0.0,,Flat,,,,,Overcast,1477900.0,0.0,0.0,0.0,2.0,0.0,,,Hawke's Bay Region,Nil,2-way,Sealed,0.0,0.0,,50.0,,Null,0.0,0.0,,30.0,Hastings District,Stop,,,,,0.0,0.0,Urban,0.0,,,Fine
181586,1930273.0,5600859.0,545762.0,0.0,0.0,2.0,East,2003/2004,TE AUTE ROAD,RICHARD ROAD,Non-Injury Crash,No,2003,North,0.0,1.0,Flat,0.0,,0.0,0.0,Bright sun,1465400.0,0.0,0.0,0.0,2.0,0.0,0.0,,Hawke's Bay Region,Nil,2-way,Sealed,0.0,0.0,0.0,100.0,0.0,Null,0.0,0.0,,30.0,Hastings District,Nil,0.0,0.0,0.0,2.0,0.0,0.0,Open,1.0,0.0,0.0,Fine
712926,1940160.0,5606700.0,545740.0,0.0,0.0,1.0,South,2018/2019,CLIFTON ROAD,EAST ROAD,Non-Injury Crash,No,2018,North,0.0,0.0,Flat,0.0,,0.0,0.0,Dark,1407800.0,0.0,0.0,0.0,2.0,0.0,0.0,,Hawke's Bay Region,Bridge,2-way,Sealed,0.0,0.0,0.0,100.0,0.0,None,0.0,0.0,,30.0,Hastings District,Unknown,0.0,0.0,0.0,0.0,0.0,0.0,Open,0.0,0.0,0.0,Fine
255301,1929798.0,5604741.0,548200.0,0.0,0.0,1.0,Null,2005/2006,KARAMU ROAD SOUTH,EASTBOURNE ST EAST,Fatal Crash,No,2005,South,1.0,0.0,Flat,0.0,,1.0,0.0,Dark,1492000.0,0.0,0.0,0.0,2.0,0.0,0.0,,Hawke's Bay Region,Nil,2-way,Sealed,0.0,0.0,0.0,50.0,0.0,On,0.0,0.0,,30.0,Hastings District,Nil,0.0,0.0,0.0,0.0,0.0,0.0,Urban,0.0,0.0,0.0,Fine
236892,1927539.0,5606814.0,548500.0,0.0,0.0,2.0,East,2012/2013,KIWI LANE,KIWI ST,Non-Injury Crash,No,2013,East,0.0,,Flat,,Easter,,,Bright sun,1478400.0,0.0,0.0,0.0,2.0,0.0,,,Hawke's Bay Region,Nil,2-way,Sealed,0.0,0.0,,50.0,,Null,0.0,0.0,,30.0,Hastings District,Nil,,,,,0.0,0.0,Urban,0.0,,,Fine
121606,1929441.0,5605616.0,547700.0,0.0,0.0,2.0,Null,2007/2008,TOMOANA ROAD,QUEEN ST WEST,Non-Injury Crash,No,2008,South,0.0,,Flat,,,,,Overcast,1488000.0,0.0,0.0,0.0,2.0,0.0,,,Hawke's Bay Region,Nil,2-way,Sealed,0.0,0.0,,50.0,,Null,0.0,0.0,,30.0,Hastings District,Give way,,,,,0.0,0.0,Urban,0.0,,,Light rain
665918,1925640.0,5603699.0,545842.0,0.0,0.0,0.0,North,2006/2007,SH 50A,LONGLANDS ROAD WEST,Minor Crash,Yes,2007,North,0.0,,Flat,,,,,Bright sun,1470214.0,1.0,0.0,0.0,2.0,0.0,,,Hawke's Bay Region,Nil,2-way,Sealed,0.0,0.0,,100.0,,Null,0.0,0.0,,30.0,Hastings District,Nil,,,,,2.0,0.0,Open,0.0,,,Fine
317109,1928340.0,5606708.0,547800.0,0.0,0.0,2.0,East,1999/2000,OMAHU ROAD,CANNING ROAD,Non-Injury Crash,No,2000,West,0.0,,Flat,,,,,Bright sun,1477400.0,0.0,0.0,0.0,2.0,0.0,,,Hawke's Bay Region,Nil,2-way,Sealed,0.0,0.0,,50.0,,Null,0.0,0.0,,30.0,Hastings District,Nil,,,,,0.0,0.0,Urban,0.0,,,Fine
149398,1932971.0,5602972.0,545721.0,0.0,0.0,1.0,West,2006/2007,CROSSES ROAD,NAPIER ROAD,Minor Crash,No,2007,West,0.0,1.0,Flat,0.0,,0.0,0.0,Dark,1473100.0,1.0,0.0,0.0,2.0,0.0,0.0,,Hawke's Bay Region,Nil,2-way,Sealed,0.0,0.0,0.0,80.0,0.0,None,0.0,0.0,,30.0,Hastings District,Nil,0.0,0.0,0.0,0.0,0.0,0.0,Open,0.0,0.0,0.0,Fine
12229,1931121.0839,5614066.7671,545831.0,0.0,0.0,0.0,North,2019/2020,HAWKES BAY EXPRESSWAY,PAKOWHAI ROAD,Non-Injury Crash,Yes,2019,North,0.0,,Null,,,,,Unknown,1404600.0,0.0,0.0,0.0,2.0,0.0,,,Hawke's Bay Region,Nil,2-way,Null,0.0,0.0,,100.0,,Null,0.0,0.0,,30.0,Hastings District,Nil,,,,,0.0,0.0,Open,2.0,,,Null
608700,1930205.0,5603595.0,548300.0,0.0,0.0,1.0,Null,2016/2017,OUTRAM ROAD,PARK ROAD SOUTH,Serious Crash,No,2016,South,0.0,,Flat,,,,,Bright sun,1504300.0,0.0,0.0,1.0,2.0,0.0,,,Hawke's Bay Region,Nil,2-way,Sealed,0.0,1.0,,50.0,,Null,0.0,0.0,,30.0,Hastings District,Give way,,,,,0.0,0.0,Urban,0.0,,,Fine
199204,1930972.0,5603973.0,548100.0,0.0,0.0,2.0,Null,2003/2004,ST AUBYN ST EAST,TERRACE ROAD,Minor Crash,No,2004,West,0.0,,Flat,,,,,Bright sun,1500100.0,2.0,0.0,0.0,2.0,0.0,,,Hawke's Bay Region,Nil,2-way,Sealed,0.0,0.0,,50.0,,Null,0.0,0.0,,30.0,Hastings District,Give way,,,,,0.0,0.0,Urban,0.0,,,Fine
291033,1929373.0,5605307.0,548200.0,0.0,0.0,2.0,Null,2012/2013,EASTBOURNE ST WEST,SOUTHLAND ROAD,Minor Crash,No,2013,North,0.0,,Flat,,,,,Overcast,1488800.0,2.0,0.0,0.0,2.0,0.0,,,Hawke's Bay Region,Nil,2-way,Sealed,0.0,0.0,,50.0,,Null,0.0,0.0,,30.0,Hastings District,Give way,,,,,0.0,0.0,Urban,0.0,,,Light rain
136758,1935820.0,5639978.0,545811.0,0.0,1.0,1.0,North,2000/2001,SH 2,TANGOIO SETTLEMENT ROAD S,Non-Injury Crash,Yes,2000,North,0.0,,Flat,,,,,Overcast,1415700.0,0.0,0.0,0.0,2.0,0.0,,,Hawke's Bay Region,Nil,2-way,Sealed,0.0,0.0,,100.0,,Null,0.0,0.0,,30.0,Hastings District,Nil,,,,,0.0,0.0,Open,0.0,,,Fine
575198,1928329.0,5606718.0,547800.0,1.0,0.0,0.0,Null,2008/2009,OMAHU ROAD,CANNING ROAD,Minor Crash,No,2008,West,0.0,,Flat,,,,,Bright sun,1477100.0,1.0,0.0,0.0,2.0,0.0,,,Hawke's Bay Region,Nil,2-way,Sealed,0.0,0.0,,50.0,,Null,0.0,0.0,,30.0,Hastings District,Stop,,,,,0.0,0.0,Urban,1.0,,,Fine
294059,1929560.0,5605055.0,548200.0,0.0,0.0,1.0,Null,2003/2004,KING ST SOUTH,EASTBOURNE ST WEST,Non-Injury Crash,No,2003,South,0.0,1.0,Flat,0.0,,0.0,0.0,Dark,1489400.0,0.0,0.0,0.0,2.0,0.0,0.0,,Hawke's Bay Region,Nil,2-way,Sealed,0.0,0.0,0.0,50.0,0.0,On,0.0,0.0,,30.0,Hastings District,Give way,0.0,0.0,0.0,1.0,0.0,0.0,Urban,0.0,0.0,0.0,Light rain
600749,1930445.0,5605078.0,548200.0,0.0,0.0,2.0,Null,2012/2013,WARREN ST NORTH,VICTORIA ST,Minor Crash,No,2013,South,0.0,,Flat,,,,,Bright sun,1494500.0,1.0,0.0,0.0,2.0,0.0,,,Hawke's Bay Region,Nil,2-way,Sealed,0.0,0.0,,50.0,,Null,0.0,0.0,,30.0,Hastings District,Give way,,,,,0.0,0.0,Urban,0.0,,,Fine
399008,1928978.0,5606026.0,547700.0,0.0,0.0,1.0,Null,2010/2011,HERETAUNGA ST WEST,DAVIS ST,Non-Injury Crash,No,2010,North,0.0,,Flat,,,,,Overcast,1487400.0,0.0,0.0,0.0,2.0,0.0,,,Hawke's Bay Region,Nil,2-way,Sealed,0.0,0.0,,50.0,,Null,1.0,0.0,,30.0,Hastings District,Stop,,,,,0.0,0.0,Urban,0.0,,,Light rain
297090,1925635.0,5607358.0,545761.0,0.0,0.0,1.0,North,2005/2006,HENDERSON ROAD,FOLKESTONE DRIVE,Non-Injury Crash,No,2006,South,0.0,,Flat,,Queens Birthday,,,Overcast,1470002.0,0.0,0.0,0.0,2.0,0.0,,,Hawke's Bay Region,Nil,2-way,Sealed,0.0,0.0,,70.0,,Null,1.0,0.0,,30.0,Hastings District,Nil,,,,,0.0,0.0,Urban,0.0,,,Light rain
391827,1930033.0,5605235.0,548200.0,0.0,0.0,2.0,Null,2002/2003,ST AUBYN ST WEST,MARKET ST NORTH,Non-Injury Crash,No,2003,West,0.0,,Flat,,,,,Bright sun,1491500.0,0.0,0.0,0.0,5.0,0.0,,,Hawke's Bay Region,Nil,2-way,Sealed,0.0,0.0,,50.0,,Off,0.0,0.0,,30.0,Hastings District,Give way,,,,,0.0,0.0,Urban,0.0,,,Fine
620309,1910593.0,5664268.0,545911.0,0.0,0.0,0.0,North,2014/2015,SH 5,TE HAROTO ROAD,Non-Injury Crash,Yes,2014,North,0.0,0.0,Hill Road,0.0,,0.0,0.0,Dark,1414400.0,0.0,0.0,0.0,2.0,0.0,0.0,,Hawke's Bay Region,Nil,2-way,Sealed,0.0,0.0,0.0,100.0,0.0,None,0.0,0.0,,30.0,Hastings District,Unknown,0.0,0.0,0.0,0.0,0.0,0.0,Open,1.0,0.0,0.0,Fine
295571,1930046.0,5604600.0,548200.0,0.0,0.0,1.0,Null,2001/2002,HASTINGS ST SOUTH,HERETAUNGA ST EAST,Non-Injury Crash,No,2002,North,0.0,,Flat,,Easter,,,Bright sun,1493200.0,0.0,0.0,0.0,2.0,0.0,,,Hawke's Bay Region,Nil,2-way,Sealed,0.0,0.0,,50.0,,Null,0.0,0.0,,30.0,Hastings District,Give way,,,,,0.0,0.0,Urban,1.0,,,Fine
464549,1930248.0,5632639.0,545812.0,0.0,0.0,1.0,West,2005/2006,SH 5,YULE ROAD,Non-Injury Crash,Yes,2005,East,0.0,0.0,Flat,0.0,,0.0,0.0,Dark,1414200.0,0.0,0.0,0.0,2.0,0.0,0.0,,Hawke's Bay Region,Nil,2-way,Sealed,0.0,0.0,0.0,100.0,0.0,None,0.0,0.0,,30.0,Hastings District,Nil,0.0,1.0,0.0,0.0,0.0,0.0,Open,0.0,0.0,0.0,Heavy rain
284826,1931613.0,5608421.0,545710.0,0.0,0.0,2.0,Null,2003/2004,PAKOWHAI ROAD,ELWOOD ROAD,Non-Injury Crash,No,2003,West,0.0,,Flat,,,,,Bright sun,1471100.0,0.0,0.0,0.0,2.0,0.0,,,Hawke's Bay Region,Nil,2-way,Sealed,0.0,0.0,,100.0,,Null,0.0,0.0,,30.0,Hastings District,Give way,,,,,0.0,0.0,Open,0.0,,,Fine
301151,1927047.0,5616911.0,545821.0,0.0,0.0,0.0,South,2015/2016,SPRINGFIELD ROAD,PUKETAPU ROAD,Serious Crash,No,2016,South,0.0,1.0,Flat,0.0,,0.0,0.0,Overcast,1411000.0,0.0,0.0,1.0,2.0,0.0,0.0,,Hawke's Bay Region,Nil,2-way,Sealed,0.0,1.0,0.0,100.0,0.0,Null,0.0,0.0,,30.0,Hastings District,Unknown,0.0,0.0,0.0,0.0,0.0,0.0,Open,0.0,0.0,0.0,Fine
298767,1928652.0,5608211.0,545710.0,0.0,0.0,0.0,West,2006/2007,SH 50A,EVENDEN ROAD,Fatal Crash,Yes,2006,West,1.0,,Flat,,,,,Dark,1471201.0,1.0,0.0,0.0,2.0,0.0,,1.0,Hawke's Bay Region,Nil,2-way,Sealed,0.0,0.0,,100.0,,None,0.0,0.0,,30.0,Hastings District,Nil,,,,,1.0,0.0,Open,0.0,,,Fine
35963,1931613.0,5608421.0,545710.0,0.0,0.0,1.0,Null,2005/2006,PAKOWHAI ROAD,ELWOOD ROAD,Minor Crash,No,2005,South,0.0,,Flat,,,,,Overcast,1471100.0,3.0,0.0,0.0,3.0,0.0,,,Hawke's Bay Region,Nil,2-way,Sealed,0.0,0.0,,100.0,,Null,0.0,0.0,,30.0,Hastings District,Nil,,,,,0.0,0.0,Open,1.0,,,Fine
594456,1933695.0,5601149.0,548832.0,0.0,0.0,1.0,West,2009/2010,GREENWOOD ROAD,MCHARDY ST,Non-Injury Crash,No,2009,North,0.0,1.0,Flat,0.0,,0.0,0.0,Dark,1508700.0,0.0,0.0,0.0,2.0,0.0,0.0,,Hawke's Bay Region,Nil,2-way,Sealed,0.0,0.0,0.0,50.0,0.0,On,0.0,0.0,,30.0,Hastings District,Nil,0.0,0.0,0.0,1.0,0.0,0.0,Urban,0.0,0.0,0.0,Fine
313975,1928597.0,5606456.0,548500.0,0.0,0.0,2.0,North,2017/2018,OMAHU ROAD,MCLEOD ST,Non-Injury Crash,No,2018,South,0.0,1.0,Flat,0.0,Easter,0.0,0.0,Bright sun,1478700.0,0.0,0.0,0.0,2.0,0.0,0.0,,Hawke's Bay Region,Nil,2-way,Sealed,0.0,0.0,0.0,50.0,0.0,Null,0.0,0.0,,30.0,Hastings District,Unknown,0.0,0.0,0.0,0.0,0.0,0.0,Urban,0.0,0.0,0.0,Fine
559998,1928880.0,5606156.0,547700.0,0.0,0.0,1.0,Null,2009/2010,HERETAUNGA ST WEST,STORTFORD ST,Minor Crash,No,2010,East,0.0,,Flat,,,,,Bright sun,1486600.0,1.0,0.0,0.0,2.0,0.0,,1.0,Hawke's Bay Region,Nil,2-way,Sealed,0.0,0.0,,50.0,,Null,0.0,0.0,,30.0,Hastings District,Traffic Signals,,,,,0.0,0.0,Urban,0.0,,,Fine
377646,1928979.0,5606026.0,547700.0,0.0,0.0,0.0,Null,2014/2015,HERETAUNGA ST WEST,DAVIS ST,Minor Crash,No,2015,North,0.0,,Flat,,,,,Bright sun,1487400.0,1.0,1.0,0.0,2.0,0.0,,,Hawke's Bay Region,Nil,2-way,Sealed,0.0,0.0,,50.0,,Off,0.0,0.0,,30.0,Hastings District,Stop,,,,,0.0,0.0,Urban,1.0,,,Fine
413675,1927640.0,5613545.0,545831.0,0.0,0.0,1.0,East,2015/2016,SH 50,WHEATLEY ROAD,Minor Crash,Yes,2015,East,0.0,,Flat,,,,,Dark,1409400.0,1.0,0.0,0.0,2.0,0.0,,,Hawke's Bay Region,Nil,2-way,Sealed,0.0,0.0,,100.0,,None,0.0,0.0,,30.0,Hastings District,Nil,,,,,0.0,0.0,Open,0.0,,,Fine
203742,1918105.0,5650224.0,545912.0,0.0,0.0,4.0,North,2003/2004,SH 5,BEATTIE ROAD,Non-Injury Crash,Yes,2003,South,0.0,,Hill Road,,,,,Dark,1414504.0,0.0,0.0,0.0,2.0,0.0,,,Hawke's Bay Region,Nil,2-way,Sealed,0.0,0.0,,100.0,,None,0.0,0.0,,30.0,Hastings District,Nil,,,,,0.0,0.0,Open,0.0,,,Light rain
245499,1935392.2069,5645125.826,545811.0,0.0,0.0,0.0,South,2019/2020,SH 2,TANGOIO SETTLEMENT N,Non-Injury Crash,Yes,2019,North,0.0,0.0,Hill Road,1.0,,0.0,0.0,Dark,1415600.0,0.0,0.0,0.0,2.0,0.0,0.0,,Hawke's Bay Region,Bridge,2-way,Sealed,0.0,0.0,0.0,100.0,0.0,None,0.0,0.0,,30.0,Hastings District,Nil,0.0,0.0,0.0,0.0,0.0,0.0,Open,1.0,0.0,0.0,Fine
565711,1929742.0,5614618.0,545831.0,0.0,0.0,1.0,North,2001/2002,WAIOHIKI ROAD,VICTORIA LANE,Non-Injury Crash,No,2002,North,0.0,1.0,Flat,0.0,,0.0,0.0,Overcast,1404600.0,0.0,0.0,0.0,2.0,0.0,0.0,,Hawke's Bay Region,Nil,2-way,Sealed,0.0,0.0,0.0,70.0,0.0,Null,0.0,0.0,,30.0,Hastings District,Nil,0.0,0.0,0.0,0.0,0.0,0.0,Urban,0.0,0.0,0.0,Light rain
276410,1893176.5778,5606641.6356,545841.0,0.0,0.0,0.0,South,2019/2020,KERERU ROAD,BIG HILL ROAD,Fatal Crash,No,2019,North,1.0,0.0,Flat,0.0,,0.0,0.0,Bright sun,1462300.0,0.0,0.0,0.0,2.0,0.0,0.0,,Hawke's Bay Region,Nil,2-way,Sealed,0.0,0.0,0.0,100.0,0.0,None,0.0,0.0,,30.0,Hastings District,Unknown,0.0,0.0,0.0,0.0,1.0,0.0,Open,0.0,0.0,0.0,Fine
215517,1929782.0,5603733.0,548300.0,0.0,0.0,1.0,North,2002/2003,RIVERSLEA ROAD SOUTH,ELM ROAD,Non-Injury Crash,No,2003,North,0.0,0.0,Flat,0.0,,0.0,0.0,Dark,1504100.0,0.0,0.0,0.0,2.0,0.0,1.0,,Hawke's Bay Region,Nil,2-way,Sealed,0.0,0.0,0.0,50.0,0.0,On,0.0,0.0,,30.0,Hastings District,Nil,0.0,0.0,0.0,0.0,0.0,0.0,Urban,1.0,0.0,0.0,Fine
450992,1930149.0,5604677.0,548200.0,0.0,0.0,2.0,Null,2006/2007,HASTINGS ST NORTH,QUEEN ST EAST,Non-Injury Crash,No,2007,South,0.0,,Flat,,,,,Twilight,1493400.0,0.0,0.0,0.0,2.0,0.0,,,Hawke's Bay Region,Nil,2-way,Sealed,0.0,0.0,,50.0,,On,0.0,0.0,,30.0,Hastings District,Give way,,,,,0.0,0.0,Urban,0.0,,,Fine
195999,1937207.0,5608700.0,545730.0,0.0,0.0,1.0,South,2012/2013,MILL ROAD,LAWN ROAD,Non-Injury Crash,No,2013,North,0.0,1.0,Flat,0.0,,0.0,0.0,Bright sun,1405300.0,0.0,0.0,0.0,2.0,0.0,0.0,,Hawke's Bay Region,Nil,2-way,Sealed,0.0,0.0,0.0,100.0,0.0,Null,0.0,0.0,,30.0,Hastings District,Nil,0.0,0.0,0.0,0.0,0.0,0.0,Open,0.0,0.0,0.0,Fine
89889,1911507.0,5663595.0,545911.0,0.0,0.0,0.0,South,2017/2018,SH 5,TE HAROTO PO,Non-Injury Crash,Yes,2017,South,0.0,0.0,Hill Road,0.0,,0.0,0.0,Dark,1414400.0,0.0,0.0,0.0,2.0,0.0,0.0,,Hawke's Bay Region,Nil,2-way,Sealed,0.0,0.0,0.0,100.0,0.0,None,0.0,0.0,,30.0,Hastings District,Unknown,0.0,0.0,0.0,0.0,0.0,0.0,Open,1.0,0.0,0.0,Fine
606142,1936183.0,5611702.0,545832.0,0.0,0.0,1.0,North,2010/2011,SH 2,FARNDON ROAD,Non-Injury Crash,Yes,2011,North,0.0,0.0,Flat,0.0,,0.0,0.0,Overcast,1404200.0,0.0,0.0,0.0,2.0,0.0,0.0,,Hawke's Bay Region,Nil,2-way,Sealed,0.0,0.0,0.0,100.0,0.0,Null,0.0,0.0,,30.0,Hastings District,Nil,0.0,0.0,0.0,1.0,0.0,0.0,Open,0.0,0.0,0.0,Light rain