OBJECTID,X,Y,areaUnitID,bicycle,bus,carStationWagon,crashDirectionDescription,crashFinancialYear,crashLocation1,crashLocation2,crashSeverity,crashSHDescription,crashYear,directionRoleDescription,fatalCount,fence,flatHill,guardRail,holiday,houseOrBuilding,kerb,light,meshblockId,minorInjuryCount,moped,motorcycle,NumberOfLanes,otherVehicleType,parkedVehicle,pedestrian,region,roadCharacter,roadLane,roadSurface,schoolBus,seriousInjuryCount,slipOrFlood,speedLimit,strayAnimal,streetLight,suv,taxi,temporarySpeedLimit,tlaId,tlaName,trafficControl,trafficIsland,trafficSign,train,tree,truck,unknownVehicleType,urban,vanOrUtility,vehicle,waterRiver,weatherA
603659,1931324.0,5632253.0,545812.0,0.0,0.0,1.0,West,2015/2016,SH 5,HILL ROAD,Non-Injury Crash,Yes,2015,West,0.0,,Flat,,,,,Bright sun,1414200.0,0.0,0.0,0.0,2.0,0.0,,,Hawke's Bay Region,Nil,2-way,Sealed,0.0,0.0,,100.0,,Null,1.0,0.0,,30.0,Hastings District,Unknown,,,,,0.0,0.0,Open,0.0,,,Fine
240319,1929090.0,5605275.0,548200.0,1.0,0.0,1.0,Null,2014/2015,CHARLES ST,SOUTHAMPTON ST WEST,Serious Crash,No,2014,East,0.0,,Flat,,,,,Dark,1488500.0,0.0,0.0,0.0,2.0,0.0,,,Hawke's Bay Region,Nil,2-way,Sealed,0.0,1.0,,50.0,,On,0.0,0.0,,30.0,Hastings District,Give way,,,,,0.0,0.0,Urban,0.0,,,Fine
591002,1929065.0,5604083.0,548300.0,0.0,0.0,1.0,South,2017/2018,KARAMU ROAD SOUTH,MARTIN DALE,Non-Injury Crash,No,2018,South,0.0,0.0,Flat,1.0,,0.0,0.0,Dark,1503203.0,0.0,0.0,0.0,2.0,0.0,0.0,,Hawke's Bay Region,Nil,2-way,Sealed,0.0,0.0,0.0,50.0,0.0,On,0.0,0.0,,30.0,Hastings District,Unknown,1.0,0.0,0.0,0.0,0.0,0.0,Urban,0.0,0.0,0.0,Fine
424338,1934180.0,5607200.0,545722.0,0.0,0.0,1.0,Null,2005/2006,SH 2,NAPIER ROAD,Non-Injury Crash,Yes,2005,North,0.0,,Flat,,Christmas New Year,,,Bright sun,1406200.0,0.0,0.0,0.0,2.0,0.0,,,Hawke's Bay Region,Nil,2-way,Sealed,0.0,0.0,,100.0,,Null,1.0,0.0,,30.0,Hastings District,Give way,,,,,0.0,0.0,Open,0.0,,,Fine
523673,1929739.0,5604820.0,548200.0,0.0,0.0,2.0,Null,2010/2011,RUSSELL ST SOUTH,EASTBOURNE ST EAST,Non-Injury Crash,No,2010,South,0.0,,Flat,,,,,Bright sun,1492000.0,0.0,0.0,0.0,2.0,0.0,,,Hawke's Bay Region,Nil,2-way,Sealed,0.0,0.0,,50.0,,Null,0.0,0.0,,30.0,Hastings District,Traffic Signals,,,,,0.0,0.0,Urban,0.0,,,Fine
621682,1930114.0,5605127.0,548200.0,0.0,0.0,1.0,Null,2010/2011,ST AUBYN ST EAST,HOLT PLACE,Non-Injury Crash,No,2010,East,0.0,,Flat,,,,,Bright sun,1494100.0,0.0,0.0,0.0,2.0,0.0,,,Hawke's Bay Region,Nil,2-way,Sealed,0.0,0.0,,50.0,,Null,0.0,0.0,,30.0,Hastings District,Give way,,,,,0.0,0.0,Urban,1.0,,,Fine
307640,1927876.0,5607157.0,547800.0,0.0,0.0,2.0,Null,2002/2003,OMAHU ROAD,STONYCROFT ST,Non-Injury Crash,No,2002,West,0.0,,Flat,,,,,Bright sun,1476600.0,0.0,0.0,0.0,2.0,0.0,,,Hawke's Bay Region,Nil,2-way,Sealed,0.0,0.0,,50.0,,Null,0.0,0.0,,30.0,Hastings District,Give way,,,,,0.0,0.0,Urban,0.0,,,Fine
69556,1928786.0,5605625.0,547700.0,0.0,0.0,2.0,Null,2002/2003,TOWNSHEND ST,SOUTHAMPTON ST WEST,Minor Crash,No,2003,East,0.0,,Flat,,Easter,,,Twilight,1486800.0,1.0,0.0,0.0,2.0,0.0,,,Hawke's Bay Region,Nil,2-way,Sealed,0.0,0.0,,50.0,,Off,0.0,0.0,,30.0,Hastings District,Give way,,,,,0.0,0.0,Urban,0.0,,,Fine
71344,1931022.0,5613782.0,545831.0,0.0,0.0,2.0,Null,2004/2005,SH 50,PAKOWHAI ON SBD,Minor Crash,Yes,2005,South,0.0,,Flat,,,,,Bright sun,1404600.0,2.0,0.0,0.0,2.0,0.0,,,Hawke's Bay Region,Nil,2-way,Sealed,0.0,0.0,,100.0,,Null,0.0,0.0,,30.0,Hastings District,Traffic Signals,,,,,0.0,0.0,Open,0.0,,,Fine
10701,1930625.0,5605037.0,548200.0,0.0,0.0,1.0,Null,2011/2012,HASTINGS ST NORTH,ALBERT ST,Minor Crash,No,2012,South,0.0,,Flat,,,,,Bright sun,1494600.0,1.0,0.0,0.0,2.0,0.0,,,Hawke's Bay Region,Nil,2-way,Sealed,0.0,0.0,,50.0,,Null,0.0,0.0,,30.0,Hastings District,Give way,,,,,0.0,0.0,Urban,1.0,,,Fine
152634,1917395.1624,5606273.7733,545841.0,0.0,0.0,1.0,North,2019/2020,SH 50,MARAEKAKAHO ROAD,Non-Injury Crash,Yes,2020,North,0.0,1.0,Flat,0.0,,0.0,0.0,Overcast,1462901.0,0.0,0.0,0.0,2.0,0.0,0.0,,Hawke's Bay Region,Nil,2-way,Sealed,0.0,0.0,0.0,100.0,0.0,None,0.0,0.0,,30.0,Hastings District,Nil,0.0,0.0,0.0,0.0,0.0,0.0,Open,0.0,0.0,0.0,Fine
429393,1941888.0,5585169.0,545860.0,0.0,0.0,2.0,South,2005/2006,Z WAIMARAMA DOMAIN,MOORI ROAD,Serious Crash,No,2005,North,0.0,0.0,Flat,0.0,,0.0,0.0,Overcast,1467901.0,2.0,0.0,0.0,2.0,0.0,0.0,,Hawke's Bay Region,Nil,2-way,Sealed,0.0,2.0,0.0,20.0,0.0,Null,0.0,0.0,,30.0,Hastings District,Nil,0.0,0.0,0.0,1.0,0.0,0.0,Urban,0.0,0.0,0.0,Fine
592879,1927805.0,5607226.0,547800.0,0.0,0.0,2.0,North,2008/2009,OMAHU ROAD,STONYCROFT ST,Non-Injury Crash,No,2008,South,0.0,,Flat,,,,,Dark,1476600.0,0.0,0.0,0.0,2.0,0.0,,,Hawke's Bay Region,Nil,2-way,Unsealed,0.0,0.0,,80.0,,On,0.0,0.0,30.0,30.0,Hastings District,Nil,,,,,0.0,0.0,Open,0.0,,,Fine
579920,1929618.0,5605099.0,548200.0,0.0,0.0,2.0,South,2017/2018,KING ST SOUTH,HERETAUNGA ST WEST,Non-Injury Crash,No,2017,South,0.0,,Flat,,,,,Bright sun,1489500.0,0.0,0.0,0.0,2.0,0.0,,,Hawke's Bay Region,Nil,2-way,Sealed,0.0,0.0,,50.0,,Null,0.0,0.0,,30.0,Hastings District,Unknown,,,,,0.0,0.0,Urban,0.0,,,Fine
525875,1929989.0,5605577.0,548200.0,0.0,0.0,2.0,Null,2007/2008,NELSON ST NORTH,WHITEHEAD ROAD,Minor Crash,No,2008,South,0.0,,Flat,,,,,Overcast,1490500.0,2.0,0.0,0.0,2.0,0.0,,,Hawke's Bay Region,Nil,2-way,Sealed,0.0,0.0,,50.0,,Null,0.0,0.0,,30.0,Hastings District,Give way,,,,,0.0,0.0,Urban,0.0,,,Fine
461290,1918789.0,5647141.0,545811.0,0.0,0.0,1.0,North,2005/2006,SH 5,OLD TAUPO COACH ROAD,Minor Crash,Yes,2005,South,0.0,0.0,Flat,0.0,,0.0,0.0,Overcast,1414600.0,1.0,0.0,0.0,2.0,0.0,0.0,,Hawke's Bay Region,Nil,2-way,Sealed,0.0,0.0,0.0,100.0,0.0,Null,0.0,0.0,,30.0,Hastings District,Nil,0.0,0.0,0.0,0.0,0.0,0.0,Open,0.0,0.0,0.0,Heavy rain
125768,1930428.0,5604703.0,548200.0,0.0,0.0,3.0,East,2008/2009,ST AUBYN ST EAST,MILLER ST,Non-Injury Crash,No,2008,East,0.0,,Flat,,,,,Twilight,1493502.0,0.0,0.0,0.0,2.0,0.0,,,Hawke's Bay Region,Nil,2-way,Sealed,0.0,0.0,,50.0,,Off,0.0,0.0,,30.0,Hastings District,Nil,,,,,0.0,0.0,Urban,0.0,,,Fine
585437,1932266.0,5609021.0,545721.0,0.0,0.0,1.0,South,2013/2014,PAKOWHAI ROAD,RUAHAPIA ROAD,Non-Injury Crash,No,2013,South,0.0,,Flat,,,,,Dark,1471600.0,0.0,0.0,0.0,3.0,0.0,,,Hawke's Bay Region,Nil,2-way,Sealed,0.0,0.0,,80.0,,On,0.0,0.0,,30.0,Hastings District,Stop,,,,,1.0,0.0,Open,0.0,,,Fine
464018,1908483.0,5664839.0,545911.0,0.0,0.0,1.0,North,2015/2016,SH 5,KOWARO ROADWAY,Minor Crash,Yes,2015,South,0.0,0.0,Hill Road,0.0,,0.0,0.0,Bright sun,1414400.0,1.0,0.0,0.0,2.0,0.0,0.0,,Hawke's Bay Region,Nil,2-way,Sealed,0.0,0.0,0.0,100.0,0.0,None,0.0,0.0,,30.0,Hastings District,Unknown,0.0,0.0,0.0,0.0,0.0,0.0,Open,0.0,0.0,0.0,Fine
380505,1938470.0,5594687.0,545860.0,0.0,0.0,0.0,West,2016/2017,WAIMARAMA ROAD,MARAETOTARA ROAD,Minor Crash,No,2017,East,0.0,1.0,Flat,0.0,,0.0,0.0,Overcast,1467200.0,1.0,0.0,0.0,2.0,0.0,0.0,,Hawke's Bay Region,Nil,2-way,Sealed,0.0,0.0,0.0,100.0,0.0,Null,0.0,0.0,,30.0,Hastings District,Unknown,0.0,0.0,0.0,0.0,0.0,0.0,Open,1.0,0.0,0.0,Heavy rain
264842,1925729.0,5619705.0,545821.0,0.0,0.0,2.0,South,2012/2013,DARTMOOR ROAD,VICARAGE ROAD,Minor Crash,No,2012,North,0.0,,Hill Road,,,,,Overcast,1411400.0,1.0,0.0,0.0,2.0,0.0,,,Hawke's Bay Region,Nil,2-way,Sealed,0.0,0.0,,50.0,,Null,0.0,0.0,,30.0,Hastings District,Nil,,,,,0.0,0.0,Urban,0.0,,,Heavy rain
693826,1933607.0,5602416.0,548831.0,0.0,0.0,1.0,South,2008/2009,GUTHRIE ROAD,BROOKVALE ROAD,Non-Injury Crash,No,2009,South,0.0,0.0,Flat,0.0,,0.0,0.0,Twilight,1509200.0,0.0,0.0,0.0,2.0,0.0,0.0,,Hawke's Bay Region,Nil,2-way,Sealed,0.0,0.0,0.0,50.0,0.0,Off,0.0,0.0,,30.0,Hastings District,Nil,0.0,0.0,0.0,0.0,0.0,0.0,Urban,0.0,0.0,0.0,Fine
320485,1924843.6429,5600034.1538,545852.0,0.0,0.0,0.0,South,2019/2020,PAKI PAKI ROAD,TURAMOE ROAD,Non-Injury Crash,Yes,2020,East,0.0,1.0,Flat,0.0,,0.0,0.0,Overcast,1469600.0,0.0,0.0,0.0,2.0,0.0,0.0,,Hawke's Bay Region,Nil,2-way,Sealed,0.0,0.0,0.0,80.0,0.0,None,1.0,0.0,,30.0,Hastings District,Unknown,0.0,0.0,0.0,0.0,0.0,0.0,Open,0.0,0.0,0.0,Heavy rain
134270,1929442.0,5600317.0,545852.0,0.0,0.0,1.0,Null,2015/2016,SCHOOL ROAD,MOUNT ERIN ROAD,Non-Injury Crash,No,2016,South,0.0,1.0,Flat,0.0,Queens Birthday,0.0,0.0,Bright sun,1465700.0,0.0,0.0,0.0,2.0,0.0,0.0,,Hawke's Bay Region,Nil,2-way,Sealed,0.0,0.0,0.0,100.0,0.0,Null,0.0,0.0,,30.0,Hastings District,Stop,0.0,0.0,0.0,0.0,0.0,0.0,Open,0.0,0.0,0.0,Fine
688188,1922496.0,5604314.0,545842.0,0.0,0.0,1.0,East,2009/2010,MARAEKAKAHO ROAD,HIGBEE ROAD,Non-Injury Crash,No,2009,North,0.0,1.0,Flat,0.0,Christmas New Year,0.0,0.0,Bright sun,1462902.0,0.0,0.0,0.0,2.0,0.0,0.0,,Hawke's Bay Region,Nil,2-way,Sealed,0.0,0.0,0.0,50.0,0.0,Null,0.0,0.0,,30.0,Hastings District,Nil,0.0,0.0,0.0,0.0,0.0,0.0,Urban,0.0,0.0,0.0,Fine
519589,1930244.0,5604343.0,548300.0,0.0,0.0,2.0,East,2002/2003,HERETAUNGA ST EAST,WILLOWPARK ROAD NORTH,Non-Injury Crash,No,2002,West,0.0,,Flat,,,,,Bright sun,1501500.0,0.0,0.0,0.0,2.0,0.0,,,Hawke's Bay Region,Nil,2-way,Sealed,0.0,0.0,,50.0,,Off,0.0,0.0,,30.0,Hastings District,Give way,,,,,0.0,0.0,Urban,0.0,,,Fine
130580,1911622.0,5661591.0,545911.0,0.0,0.0,1.0,North,2008/2009,SH 5,MCVICAR ROAD,Minor Crash,Yes,2008,South,0.0,0.0,Hill Road,0.0,,0.0,0.0,Twilight,1414300.0,1.0,0.0,0.0,2.0,0.0,0.0,,Hawke's Bay Region,Nil,2-way,Sealed,0.0,0.0,0.0,100.0,0.0,None,0.0,0.0,30.0,30.0,Hastings District,Nil,0.0,0.0,0.0,0.0,0.0,0.0,Open,0.0,0.0,0.0,Fine
229005,1929931.0,5604159.0,548200.0,0.0,0.0,2.0,Null,2004/2005,WILLOWPARK ROAD SOUTH,SOUTHAMPTON ST EAST,Non-Injury Crash,No,2004,North,0.0,,Flat,,,,,Bright sun,1493600.0,0.0,0.0,0.0,2.0,0.0,,,Hawke's Bay Region,Nil,2-way,Sealed,0.0,0.0,,50.0,,Null,0.0,0.0,,30.0,Hastings District,Stop,,,,,0.0,0.0,Urban,0.0,,,Fine
561497,1929131.0,5608574.0,545710.0,0.0,0.0,1.0,West,2014/2015,SH 50A,EVENDEN ROAD,Non-Injury Crash,Yes,2015,West,0.0,,Flat,,,,,Bright sun,1471201.0,0.0,0.0,0.0,2.0,0.0,,,Hawke's Bay Region,Nil,2-way,Sealed,0.0,0.0,,100.0,,Null,0.0,0.0,,30.0,Hastings District,Nil,,,,,1.0,0.0,Open,0.0,,,Fine
386000,1928842.0,5603900.0,547900.0,0.0,0.0,2.0,Null,2008/2009,MURDOCH ROAD WEST,RAILWAY ROAD,Minor Crash,No,2008,North,0.0,,Flat,,,,,Overcast,1482600.0,1.0,0.0,0.0,2.0,0.0,,,Hawke's Bay Region,Nil,2-way,Sealed,0.0,0.0,,70.0,,Null,0.0,0.0,,30.0,Hastings District,Stop,,,,,0.0,0.0,Urban,0.0,,,Light rain
429108,1927336.0,5605161.0,545761.0,0.0,0.0,1.0,East,2013/2014,MARAEKAKAHO ROAD,YORK ROAD,Non-Injury Crash,No,2013,South,0.0,0.0,Flat,1.0,,0.0,0.0,Dark,1469905.0,0.0,0.0,0.0,2.0,0.0,0.0,,Hawke's Bay Region,Nil,2-way,Sealed,0.0,0.0,0.0,50.0,0.0,On,0.0,0.0,,30.0,Hastings District,Nil,1.0,0.0,0.0,0.0,0.0,0.0,Urban,0.0,0.0,0.0,Fine
60970,1930033.0,5605235.0,548200.0,0.0,0.0,2.0,Null,2004/2005,MARKET ST NORTH,ST AUBYN ST WEST,Non-Injury Crash,No,2004,West,0.0,,Flat,,,,,Bright sun,1491500.0,0.0,0.0,0.0,4.0,0.0,,,Hawke's Bay Region,Nil,2-way,Sealed,0.0,0.0,,50.0,,Null,0.0,0.0,,30.0,Hastings District,Give way,,,,,0.0,0.0,Urban,0.0,,,Fine
403038,1923215.0,5596635.0,545851.0,0.0,0.0,2.0,West,2017/2018,SH 2,KENNELS CNR,Minor Crash,Yes,2018,West,0.0,,Hill Road,,,,,Overcast,1463900.0,1.0,0.0,0.0,2.0,0.0,,,Hawke's Bay Region,Nil,2-way,Sealed,0.0,0.0,,100.0,,Null,0.0,0.0,,30.0,Hastings District,Unknown,,,,,0.0,0.0,Open,0.0,,,Light rain
575331,1911817.0,5662376.0,545911.0,0.0,0.0,0.0,South,2002/2003,SH 5,TE HAROTO ROAD,Non-Injury Crash,Yes,2003,North,0.0,0.0,Hill Road,0.0,,0.0,0.0,Overcast,1414300.0,0.0,0.0,0.0,2.0,0.0,0.0,,Hawke's Bay Region,Nil,2-way,Sealed,0.0,0.0,0.0,100.0,0.0,Null,0.0,0.0,,30.0,Hastings District,Nil,0.0,0.0,0.0,0.0,1.0,0.0,Open,0.0,0.0,0.0,Light rain
260486,1929657.0,5605330.0,548200.0,0.0,0.0,0.0,Null,2009/2010,QUEEN ST WEST,NELSON ST NORTH,Non-Injury Crash,No,2009,North,0.0,,Flat,,,,,Dark,1490800.0,0.0,0.0,0.0,2.0,0.0,,,Hawke's Bay Region,Nil,2-way,Sealed,0.0,0.0,,50.0,,On,2.0,0.0,,30.0,Hastings District,Give way,,,,,0.0,0.0,Urban,0.0,,,Fine
579291,1930225.0,5605060.0,548200.0,0.0,0.0,1.0,East,2016/2017,KARAMU ROAD NORTH,ST AUBYN ST EAST,Serious Crash,No,2017,South,0.0,1.0,Flat,0.0,,0.0,0.0,Bright sun,1494100.0,0.0,0.0,0.0,2.0,0.0,0.0,,Hawke's Bay Region,Nil,2-way,Sealed,0.0,1.0,0.0,50.0,0.0,Null,0.0,0.0,,30.0,Hastings District,Nil,0.0,0.0,0.0,0.0,0.0,0.0,Urban,0.0,0.0,0.0,Fine
187720,1917228.0,5654496.0,545911.0,0.0,0.0,1.0,North,2004/2005,SH 5,TITIOKURA SUMMIT,Non-Injury Crash,Yes,2004,North,0.0,0.0,Hill Road,0.0,,0.0,0.0,Overcast,1415900.0,0.0,0.0,0.0,3.0,0.0,0.0,,Hawke's Bay Region,Nil,2-way,Sealed,0.0,0.0,0.0,100.0,0.0,Null,0.0,0.0,,30.0,Hastings District,Nil,0.0,0.0,0.0,0.0,0.0,0.0,Open,0.0,0.0,0.0,Light rain
581472,1932164.0,5603329.0,545721.0,0.0,0.0,1.0,West,2003/2004,ADA ST,ST GEORGES ROAD,Non-Injury Crash,No,2003,East,0.0,1.0,Flat,0.0,,0.0,0.0,Dark,1473200.0,0.0,0.0,0.0,2.0,0.0,0.0,,Hawke's Bay Region,Nil,2-way,Sealed,0.0,0.0,0.0,100.0,0.0,On,0.0,0.0,,30.0,Hastings District,Nil,0.0,0.0,0.0,0.0,0.0,0.0,Open,0.0,0.0,0.0,Fine
401505,1927727.7637,5606425.1148,548500.0,0.0,0.0,1.0,South,2019/2020,HUIA STREET,HUIA PLACE,Non-Injury Crash,No,2019,South,0.0,2.0,Flat,0.0,,0.0,0.0,Dark,1479400.0,0.0,0.0,0.0,2.0,0.0,0.0,,Hawke's Bay Region,Nil,2-way,Sealed,0.0,0.0,0.0,50.0,0.0,On,0.0,0.0,,30.0,Hastings District,Unknown,0.0,0.0,0.0,0.0,0.0,0.0,Urban,0.0,0.0,0.0,Light rain
131309,1922732.0,5639283.0,545811.0,0.0,0.0,0.0,North,2005/2006,SH 5,GLENGARRY ROAD,Non-Injury Crash,Yes,2005,South,0.0,1.0,Hill Road,0.0,,0.0,0.0,Dark,1414600.0,0.0,0.0,0.0,2.0,0.0,0.0,,Hawke's Bay Region,Nil,2-way,Sealed,0.0,0.0,0.0,100.0,0.0,None,0.0,0.0,,30.0,Hastings District,Nil,0.0,0.0,0.0,0.0,1.0,0.0,Open,0.0,0.0,0.0,Fine
14799,1927342.6428,5607612.9803,548400.0,0.0,0.0,1.0,South,2018/2019,OMAHU ROAD,WILSON ROAD,Minor Crash,No,2019,West,0.0,,Flat,,,,,Overcast,1473500.0,1.0,0.0,0.0,2.0,0.0,,,Hawke's Bay Region,Nil,2-way,Sealed,0.0,0.0,,50.0,,Off,1.0,0.0,,30.0,Hastings District,Unknown,,,,,0.0,0.0,Urban,0.0,,,Fine
137799,1929441.0,5605616.0,547700.0,0.0,0.0,2.0,Null,2014/2015,TOMOANA ROAD,QUEEN ST WEST,Non-Injury Crash,No,2014,North,0.0,,Flat,,,,,Bright sun,1488000.0,0.0,0.0,0.0,2.0,0.0,,,Hawke's Bay Region,Nil,2-way,Sealed,0.0,0.0,,50.0,,Null,0.0,0.0,,30.0,Hastings District,Give way,,,,,0.0,0.0,Urban,0.0,,,Fine
463549,1930733.0,5606592.0,547600.0,0.0,0.0,2.0,South,2005/2006,TOMOANA ROAD,WILLIAMS ST,Non-Injury Crash,No,2005,North,0.0,,Flat,,,,,Bright sun,1483900.0,0.0,0.0,0.0,2.0,0.0,,,Hawke's Bay Region,Nil,2-way,Sealed,0.0,0.0,,50.0,,Null,0.0,0.0,,30.0,Hastings District,Nil,,,,,0.0,0.0,Urban,0.0,,,Fine
344579,1928431.0,5633634.0,545811.0,0.0,0.0,1.0,West,2011/2012,SH 5,SH 2,Non-Injury Crash,Yes,2011,North,0.0,,Flat,,,,,Bright sun,1414700.0,0.0,0.0,0.0,2.0,0.0,,,Hawke's Bay Region,Nil,2-way,Sealed,0.0,0.0,,100.0,,Null,0.0,0.0,,30.0,Hastings District,Nil,,,,,1.0,0.0,Open,0.0,,,Fine
374771,1924098.0,5608878.0,548611.0,0.0,0.0,1.0,North,2016/2017,KIRKWOOD ROAD,FROBISHER ST,Non-Injury Crash,No,2017,South,0.0,0.0,Flat,0.0,,0.0,0.0,Overcast,1469708.0,0.0,0.0,0.0,2.0,0.0,0.0,,Hawke's Bay Region,Nil,2-way,Sealed,0.0,0.0,0.0,70.0,0.0,Null,0.0,0.0,,30.0,Hastings District,Unknown,0.0,0.0,0.0,0.0,0.0,0.0,Urban,0.0,0.0,0.0,Fine
708974,1925174.0,5606809.0,548620.0,0.0,0.0,0.0,South,2003/2004,SWANSEA ROAD,HENDERSON ROAD,Non-Injury Crash,No,2004,East,0.0,,Flat,,,,,Overcast,1473700.0,0.0,0.0,0.0,2.0,0.0,,,Hawke's Bay Region,Nil,2-way,Sealed,0.0,0.0,,50.0,,Null,0.0,0.0,,30.0,Hastings District,Nil,,,,,0.0,0.0,Urban,2.0,,,Light rain
319465,1924249.0,5607580.0,548611.0,0.0,0.0,0.0,Null,2007/2008,SCOTT DRIVE,DIAZ DRIVE,Minor Crash,No,2007,West,0.0,,Flat,,,,,Overcast,1473902.0,1.0,0.0,0.0,2.0,0.0,,1.0,Hawke's Bay Region,Nil,2-way,Sealed,0.0,0.0,,50.0,,Null,0.0,0.0,,30.0,Hastings District,Give way,,,,,0.0,0.0,Urban,1.0,,,Fine
618120,1929878.0,5605947.0,547700.0,0.0,0.0,2.0,Null,2011/2012,FITZROY AVENUE,TOMOANA ROAD,Non-Injury Crash,No,2012,South,0.0,,Flat,,,,,Overcast,1488400.0,0.0,0.0,0.0,2.0,0.0,,,Hawke's Bay Region,Nil,2-way,Sealed,0.0,0.0,,50.0,,Null,0.0,0.0,,30.0,Hastings District,Stop,,,,,0.0,0.0,Urban,0.0,,,Fine
599588,1933888.0,5600811.0,548832.0,0.0,0.0,1.0,North,2010/2011,Z DWY 11 AOTEA CRESCENT,AOTEA CRESCENT/ TAUROA,Serious Crash,No,2010,West,0.0,,Hill Road,,,,,Dark,1508001.0,0.0,0.0,0.0,0.0,0.0,,1.0,Hawke's Bay Region,Nil,Off road,Sealed,0.0,1.0,,50.0,,On,0.0,0.0,,30.0,Hastings District,Nil,,,,,0.0,0.0,Urban,0.0,,,Fine
162776,1934353.0,5642023.0,545811.0,0.0,0.0,1.0,South,2016/2017,SH 2,KAREAARA BR,Non-Injury Crash,Yes,2017,South,0.0,0.0,Hill Road,0.0,,0.0,0.0,Dark,1415700.0,0.0,0.0,0.0,2.0,0.0,0.0,,Hawke's Bay Region,Nil,2-way,Sealed,0.0,0.0,0.0,100.0,0.0,None,0.0,0.0,,30.0,Hastings District,Unknown,0.0,0.0,0.0,0.0,0.0,0.0,Open,0.0,0.0,0.0,Mist or Fog
170851,1930185.0,5605031.0,548200.0,0.0,0.0,2.0,Null,2000/2001,KARAMU ROAD NORTH,ST AUBYN ST EAST,Non-Injury Crash,No,2001,North,0.0,,Flat,,Easter,,,Dark,1494100.0,0.0,0.0,0.0,4.0,0.0,,,Hawke's Bay Region,Nil,2-way,Sealed,0.0,0.0,,50.0,,On,0.0,0.0,,30.0,Hastings District,Traffic Signals,,,,,0.0,0.0,Urban,0.0,,,Fine
68089,1926316.0,5606236.0,545761.0,0.0,0.0,1.0,East,2004/2005,YORK ROAD,FLAXMERE AVENUE,Non-Injury Crash,No,2005,West,0.0,1.0,Flat,0.0,,0.0,0.0,Dark,1469905.0,0.0,0.0,0.0,2.0,0.0,0.0,,Hawke's Bay Region,Nil,2-way,Sealed,0.0,0.0,0.0,100.0,0.0,On,0.0,0.0,,30.0,Hastings District,Nil,0.0,0.0,0.0,0.0,0.0,0.0,Open,0.0,0.0,0.0,Light rain
533685,1929548.0,5604674.0,548200.0,0.0,0.0,2.0,South,2016/2017,SOUTHAMPTON ST WEST,RAILWAY ROAD,Non-Injury Crash,No,2017,South,0.0,,Null,,,,,Overcast,1489802.0,0.0,0.0,0.0,2.0,0.0,,,Hawke's Bay Region,Rail xing,2-way,Sealed,0.0,0.0,,50.0,,Off,0.0,0.0,,30.0,Hastings District,Unknown,,,,,0.0,0.0,Urban,0.0,,,Light rain
203718,1911803.0,5663062.0,545911.0,0.0,0.0,0.0,South,2010/2011,SH 5,TE HAROTO ROAD,Non-Injury Crash,Yes,2010,North,0.0,,Hill Road,,,,,Overcast,1414400.0,0.0,0.0,0.0,2.0,0.0,,,Hawke's Bay Region,Nil,2-way,Sealed,0.0,0.0,,100.0,,Null,0.0,0.0,,30.0,Hastings District,Nil,,,,,2.0,0.0,Open,0.0,,,Fine
203668,1935943.0234,5602798.4691,545750.0,0.0,0.0,2.0,North,2018/2019,TE MATA-MANGATERETERE ROAD,TE MATA ROAD,Non-Injury Crash,No,2018,North,0.0,,Flat,,,,,Bright sun,1466501.0,0.0,0.0,0.0,2.0,0.0,,,Hawke's Bay Region,Nil,2-way,Sealed,0.0,0.0,,100.0,,Off,0.0,0.0,,30.0,Hastings District,Nil,,,,,0.0,0.0,Open,0.0,,,Fine
460863,1932321.0,5606651.0,545721.0,0.0,0.0,2.0,North,2009/2010,BENNETT ROAD,PANAPA ROAD,Non-Injury Crash,No,2010,South,0.0,,Flat,,,,,Bright sun,1471800.0,0.0,0.0,0.0,2.0,0.0,,,Hawke's Bay Region,Nil,2-way,Sealed,0.0,0.0,,70.0,,Null,0.0,0.0,,30.0,Hastings District,Nil,,,,,0.0,0.0,Urban,0.0,,,Fine
327647,1930912.0,5607891.0,545710.0,1.0,0.0,1.0,Null,2008/2009,PAKOWHAI ROAD,RICHMOND ROAD,Non-Injury Crash,No,2009,South,0.0,,Flat,,,,,Bright sun,1471100.0,0.0,0.0,0.0,2.0,0.0,,,Hawke's Bay Region,Nil,2-way,Sealed,0.0,0.0,,70.0,,Null,0.0,0.0,,30.0,Hastings District,Give way,,,,,0.0,0.0,Urban,0.0,,,Fine
289981,1925374.0,5605530.0,545842.0,0.0,0.0,1.0,South,2001/2002,STOCK ROAD,PORTSMOUTH ROAD,Non-Injury Crash,No,2002,South,0.0,,Flat,,,,,Bright sun,1470101.0,0.0,0.0,0.0,2.0,0.0,,,Hawke's Bay Region,Nil,2-way,Sealed,0.0,0.0,,100.0,,Null,0.0,0.0,,30.0,Hastings District,Nil,,,,,0.0,0.0,Open,1.0,,,Fine
502632,1933598.0,5608637.0,545722.0,0.0,0.0,1.0,East,2016/2017,ANDERSON ROAD,WHAKATU ROAD,Non-Injury Crash,No,2016,East,0.0,0.0,Flat,0.0,,0.0,0.0,Overcast,1406200.0,0.0,0.0,0.0,2.0,0.0,0.0,,Hawke's Bay Region,Nil,2-way,Sealed,0.0,0.0,0.0,80.0,0.0,Null,0.0,0.0,,30.0,Hastings District,Unknown,0.0,0.0,0.0,0.0,0.0,0.0,Open,0.0,0.0,0.0,Fine