OBJECTID,X,Y,areaUnitID,bicycle,bus,carStationWagon,crashDirectionDescription,crashFinancialYear,crashLocation1,crashLocation2,crashSeverity,crashSHDescription,crashYear,directionRoleDescription,fatalCount,fence,flatHill,guardRail,holiday,houseOrBuilding,kerb,light,meshblockId,minorInjuryCount,moped,motorcycle,NumberOfLanes,otherVehicleType,parkedVehicle,pedestrian,region,roadCharacter,roadLane,roadSurface,schoolBus,seriousInjuryCount,slipOrFlood,speedLimit,strayAnimal,streetLight,suv,taxi,temporarySpeedLimit,tlaId,tlaName,trafficControl,trafficIsland,trafficSign,train,tree,truck,unknownVehicleType,urban,vanOrUtility,vehicle,waterRiver,weatherA
715608,1923617.0,5608159.0,548611.0,0.0,0.0,1.0,South,2017/2018,Z CARPARK,PARAMOUNT PARADE,Minor Crash,No,2017,North,0.0,,Flat,,,,,Bright sun,1470319.0,2.0,0.0,0.0,,0.0,,1.0,Hawke's Bay Region,Nil,Off road,Sealed,0.0,0.0,,50.0,,Null,0.0,0.0,,30.0,Hastings District,Unknown,,,,,0.0,0.0,Urban,0.0,,,Fine
669676,1936403.0,5611242.0,545730.0,0.0,0.0,1.0,North,2006/2007,SH 2,FERRY ROAD,Non-Injury Crash,Yes,2007,South,0.0,0.0,Flat,0.0,,0.0,0.0,Dark,1404700.0,0.0,0.0,0.0,2.0,0.0,0.0,,Hawke's Bay Region,Nil,2-way,Sealed,0.0,0.0,0.0,50.0,0.0,None,0.0,0.0,,30.0,Hastings District,Nil,0.0,0.0,0.0,0.0,0.0,0.0,Urban,0.0,0.0,0.0,Fine
246552,1935637.0,5650972.0,545911.0,0.0,0.0,1.0,North,2016/2017,SH 2,TUTIRA RESERVE ROAD N,Non-Injury Crash,Yes,2017,West,0.0,0.0,Hill Road,1.0,,0.0,0.0,Bright sun,1415400.0,0.0,0.0,0.0,2.0,0.0,0.0,,Hawke's Bay Region,Nil,2-way,Sealed,0.0,0.0,0.0,100.0,0.0,Null,0.0,0.0,,30.0,Hastings District,Unknown,0.0,0.0,0.0,0.0,0.0,0.0,Open,0.0,0.0,0.0,Fine
456174,1932052.0,5606172.0,545721.0,0.0,0.0,2.0,East,2012/2013,SH 2,ELWOOD ROAD,Minor Crash,Yes,2013,West,0.0,,Flat,,,,,Bright sun,1472300.0,1.0,0.0,0.0,2.0,0.0,,,Hawke's Bay Region,Nil,2-way,Sealed,0.0,0.0,,70.0,,Null,0.0,0.0,,30.0,Hastings District,Give way,,,,,0.0,0.0,Urban,0.0,,,Fine
45552,1928078.0,5605221.0,547900.0,1.0,0.0,1.0,North,2013/2014,OLIPHANT ROAD,OLIPHANT PLACE,Minor Crash,No,2014,North,0.0,,Flat,,,,,Bright sun,1480100.0,1.0,0.0,0.0,2.0,0.0,,,Hawke's Bay Region,Nil,2-way,Sealed,0.0,0.0,,50.0,,Null,0.0,0.0,,30.0,Hastings District,Nil,,,,,0.0,0.0,Urban,0.0,,,Fine
532250,1932738.0,5602013.0,548831.0,0.0,0.0,1.0,Null,2017/2018,DONNELLY ST,KARANEMA DRIVE,Serious Crash,No,2018,North,0.0,,Flat,,,,,Dark,1509600.0,0.0,0.0,1.0,2.0,0.0,,,Hawke's Bay Region,Nil,2-way,Sealed,0.0,1.0,,50.0,,On,0.0,0.0,,30.0,Hastings District,Give way,,,,,0.0,0.0,Urban,0.0,,,Fine
67920,1929850.0,5605477.0,548200.0,0.0,0.0,2.0,Null,2010/2011,ST AUBYN ST WEST,NELSON ST NORTH,Non-Injury Crash,No,2011,North,0.0,,Flat,,,,,Dark,1490405.0,0.0,0.0,0.0,3.0,0.0,,,Hawke's Bay Region,Nil,2-way,Sealed,0.0,0.0,,50.0,,On,0.0,0.0,,30.0,Hastings District,Traffic Signals,,,,,0.0,0.0,Urban,0.0,,,Heavy rain
673889,1930791.0,5604218.0,548100.0,0.0,0.0,2.0,South,2013/2014,ST AUBYN ST EAST,SYLVAN ROAD,Non-Injury Crash,No,2013,North,0.0,,Flat,,,,,Bright sun,1501300.0,0.0,0.0,0.0,2.0,0.0,,,Hawke's Bay Region,Nil,2-way,Sealed,0.0,0.0,,50.0,,Off,0.0,0.0,,30.0,Hastings District,Nil,,,,,0.0,0.0,Urban,0.0,,,Fine
276827,1929657.0,5605330.0,548200.0,0.0,0.0,2.0,Null,2003/2004,NELSON ST NORTH,QUEEN ST WEST,Non-Injury Crash,No,2004,North,0.0,,Flat,,,,,Overcast,1490800.0,0.0,0.0,0.0,2.0,0.0,,,Hawke's Bay Region,Nil,2-way,Sealed,0.0,0.0,,50.0,,Null,0.0,0.0,,30.0,Hastings District,Give way,,,,,0.0,0.0,Urban,0.0,,,Fine
739297,1937016.0,5613310.0,545832.0,0.0,0.0,2.0,South,2006/2007,SH 2,WAITANGI BR,Non-Injury Crash,Yes,2007,South,0.0,,Flat,,,,,Bright sun,1404000.0,0.0,0.0,0.0,2.0,0.0,,,Hawke's Bay Region,Nil,2-way,Sealed,0.0,0.0,,100.0,,Null,0.0,0.0,,30.0,Hastings District,Nil,,,,,0.0,0.0,Open,0.0,,,Fine
15623,1931965.0,5607233.0,545721.0,0.0,0.0,0.0,East,2018/2019,OTENE ROAD,ELWOOD ROAD,Non-Injury Crash,No,2018,East,0.0,,Flat,,,,,Bright sun,1471700.0,0.0,0.0,0.0,2.0,0.0,,,Hawke's Bay Region,Nil,2-way,Sealed,0.0,0.0,,80.0,,None,0.0,0.0,,30.0,Hastings District,Nil,,,,,0.0,0.0,Open,2.0,,,Fine
371662,1934068.0,5601194.0,548832.0,0.0,0.0,1.0,East,2006/2007,TE MATA PEAK ROAD,SIMLA AVENUE,Non-Injury Crash,No,2006,North,0.0,0.0,Hill Road,0.0,,0.0,0.0,Bright sun,1466704.0,0.0,0.0,0.0,2.0,0.0,0.0,,Hawke's Bay Region,Nil,2-way,Sealed,0.0,0.0,0.0,50.0,0.0,Null,0.0,0.0,,30.0,Hastings District,Nil,0.0,0.0,0.0,0.0,0.0,0.0,Urban,0.0,0.0,0.0,Fine
458839,1928509.0,5604648.0,547900.0,0.0,0.0,2.0,Null,2001/2002,OLIPHANT ROAD,SOUTHLAND ROAD,Non-Injury Crash,No,2001,East,0.0,,Flat,,,,,Dark,1482000.0,0.0,0.0,0.0,2.0,0.0,,,Hawke's Bay Region,Nil,2-way,Sealed,0.0,0.0,,50.0,,On,0.0,0.0,,30.0,Hastings District,Give way,,,,,0.0,0.0,Urban,0.0,,,Fine
71201,1905915.0,5600929.0,545841.0,0.0,0.0,2.0,South,2017/2018,SH 50,GLENCOE STATION ROAD,Non-Injury Crash,Yes,2018,South,0.0,,Flat,,,,,Bright sun,1462600.0,0.0,0.0,0.0,2.0,0.0,,,Hawke's Bay Region,Nil,2-way,Sealed,0.0,0.0,,100.0,,Null,0.0,0.0,,30.0,Hastings District,Unknown,,,,,0.0,0.0,Open,0.0,,,Fine
121759,1913070.0,5657778.0,545911.0,0.0,0.0,1.0,North,2011/2012,SH 5,WAITARA ROAD,Minor Crash,Yes,2012,North,0.0,0.0,Hill Road,0.0,,0.0,0.0,Twilight,1414400.0,1.0,0.0,0.0,3.0,0.0,0.0,,Hawke's Bay Region,Nil,2-way,Sealed,0.0,0.0,0.0,80.0,0.0,Off,0.0,0.0,30.0,30.0,Hastings District,Nil,0.0,0.0,0.0,0.0,0.0,0.0,Open,0.0,0.0,0.0,Fine
605359,1928640.0,5606414.0,548500.0,0.0,0.0,2.0,West,2001/2002,OMAHU ROAD,MCLEOD ST,Minor Crash,No,2002,North,0.0,0.0,Flat,0.0,,0.0,0.0,Overcast,1478800.0,1.0,0.0,0.0,2.0,0.0,0.0,,Hawke's Bay Region,Nil,2-way,Sealed,0.0,0.0,0.0,50.0,0.0,Null,0.0,0.0,,30.0,Hastings District,Nil,0.0,0.0,0.0,0.0,0.0,0.0,Urban,0.0,0.0,0.0,Fine
731307,1925223.0,5598371.0,545851.0,0.0,0.0,1.0,South,2003/2004,SH 2,OLD MAIN ROAD,Non-Injury Crash,Yes,2003,North,0.0,1.0,Flat,0.0,Labour Weekend,0.0,0.0,Overcast,1463900.0,0.0,0.0,0.0,2.0,0.0,0.0,,Hawke's Bay Region,Nil,2-way,Sealed,0.0,0.0,0.0,100.0,0.0,Null,0.0,0.0,,30.0,Hastings District,Nil,0.0,1.0,0.0,0.0,0.0,0.0,Open,0.0,0.0,0.0,Fine
714314,1931577.0,5602876.0,545721.0,0.0,0.0,2.0,Null,2014/2015,HAVELOCK ROAD,ST GEORGES ROAD,Non-Injury Crash,No,2015,North,0.0,,Flat,,,,,Bright sun,1473000.0,0.0,0.0,0.0,2.0,0.0,,,Hawke's Bay Region,Nil,2-way,Sealed,0.0,0.0,,50.0,,Null,0.0,0.0,,30.0,Hastings District,Give way,,,,,0.0,0.0,Urban,0.0,,,Fine
141333,1929465.0,5604983.0,548200.0,0.0,0.0,2.0,Null,2001/2002,LYNDON ROAD WEST,KING ST SOUTH,Non-Injury Crash,No,2001,East,0.0,,Flat,,,,,Overcast,1489801.0,0.0,0.0,0.0,2.0,0.0,,,Hawke's Bay Region,Nil,2-way,Sealed,0.0,0.0,,50.0,,Null,0.0,0.0,,30.0,Hastings District,Give way,,,,,0.0,0.0,Urban,0.0,,,Light rain
242805,1933326.0,5612137.0,545832.0,0.0,0.0,0.0,South,2007/2008,BROOKFIELDS ROAD,SISSONS ROAD,Minor Crash,No,2007,South,0.0,0.0,Flat,1.0,,0.0,0.0,Overcast,1404000.0,1.0,0.0,0.0,2.0,0.0,0.0,,Hawke's Bay Region,Nil,2-way,Sealed,0.0,0.0,0.0,100.0,0.0,Null,0.0,0.0,,30.0,Hastings District,Nil,0.0,0.0,0.0,0.0,0.0,0.0,Open,1.0,0.0,0.0,Light rain
472162,1929706.0,5605467.0,548200.0,0.0,0.0,2.0,North,2017/2018,AVENUE ROAD WEST,NELSON ST NORTH,Non-Injury Crash,No,2018,North,0.0,,Flat,,,,,Bright sun,1490300.0,0.0,0.0,0.0,2.0,0.0,,,Hawke's Bay Region,Nil,2-way,Sealed,0.0,0.0,,50.0,,Null,0.0,0.0,,30.0,Hastings District,Nil,,,,,0.0,0.0,Urban,0.0,,,Fine
201020,1932138.4352,5611568.5308,545832.0,0.0,0.0,2.0,Null,2019/2020,BROOKFIELDS ROAD,PAKOWHAI ROAD,Minor Crash,No,2019,West,0.0,0.0,Flat,0.0,,0.0,0.0,Dark,1404000.0,1.0,0.0,0.0,2.0,0.0,0.0,,Hawke's Bay Region,Nil,2-way,Sealed,0.0,0.0,0.0,60.0,0.0,On,0.0,0.0,,30.0,Hastings District,Give way,0.0,0.0,0.0,0.0,0.0,0.0,Urban,0.0,0.0,0.0,Fine
404404,1925403.0,5599746.0,545852.0,0.0,0.0,1.0,North,2013/2014,RAILWAY ROAD SOUTH,TE AUTE ROAD,Non-Injury Crash,No,2013,North,0.0,1.0,Flat,0.0,,0.0,0.0,Dark,1469600.0,0.0,0.0,0.0,2.0,0.0,0.0,,Hawke's Bay Region,Nil,2-way,Sealed,0.0,0.0,0.0,100.0,0.0,None,0.0,0.0,,30.0,Hastings District,Nil,0.0,0.0,0.0,0.0,0.0,0.0,Open,0.0,0.0,0.0,Light rain
231296,1928241.0,5606803.0,547800.0,0.0,0.0,0.0,Null,2004/2005,OMAHU ROAD,FRIMLEY AVENUE,Non-Injury Crash,No,2004,North,0.0,,Flat,,,,,Bright sun,1476800.0,0.0,0.0,0.0,3.0,0.0,,,Hawke's Bay Region,Nil,2-way,Sealed,0.0,0.0,,50.0,,Null,0.0,0.0,,30.0,Hastings District,Give way,,,,,0.0,0.0,Urban,2.0,,,Fine
358866,1925295.0,5606081.0,548620.0,0.0,0.0,1.0,Null,2004/2005,WILSON ROAD,SUNDERLAND DRIVE,Non-Injury Crash,No,2005,West,0.0,1.0,Flat,0.0,,0.0,0.0,Overcast,1474800.0,0.0,0.0,0.0,2.0,0.0,0.0,,Hawke's Bay Region,Nil,2-way,Sealed,0.0,0.0,0.0,50.0,0.0,Null,0.0,0.0,,30.0,Hastings District,Give way,0.0,0.0,0.0,0.0,0.0,0.0,Urban,0.0,0.0,0.0,Light rain
425606,1929344.0,5605544.0,547700.0,1.0,0.0,1.0,Null,2007/2008,HERETAUNGA ST WEST,TOMOANA ST,Minor Crash,No,2008,North,0.0,,Flat,,Queens Birthday,,,Bright sun,1487900.0,1.0,0.0,0.0,2.0,0.0,,,Hawke's Bay Region,Nil,2-way,Sealed,0.0,0.0,,50.0,,Null,0.0,0.0,,30.0,Hastings District,Give way,,,,,0.0,0.0,Urban,0.0,,,Fine
98770,1924860.0,5637678.0,545811.0,0.0,0.0,1.0,North,2002/2003,SH 5,BEATTIE ROAD,Non-Injury Crash,Yes,2002,South,0.0,0.0,Hill Road,0.0,,0.0,0.0,Bright sun,1414700.0,0.0,0.0,0.0,3.0,0.0,0.0,,Hawke's Bay Region,Nil,2-way,Sealed,0.0,0.0,0.0,100.0,0.0,Null,0.0,0.0,,30.0,Hastings District,Nil,0.0,0.0,0.0,0.0,0.0,0.0,Open,0.0,0.0,0.0,Fine
125818,1936228.0,5611873.0,545832.0,0.0,1.0,2.0,North,2017/2018,SH 2,HELLYERS LANE,Minor Crash,Yes,2017,North,0.0,,Flat,,,,,Overcast,1404200.0,4.0,0.0,0.0,3.0,0.0,,,Hawke's Bay Region,Nil,2-way,Sealed,0.0,0.0,,100.0,,Null,0.0,0.0,,30.0,Hastings District,Unknown,,,,,0.0,0.0,Open,1.0,,,Mist or Fog
257658,1927296.0,5605131.0,545761.0,0.0,0.0,3.0,Null,2015/2016,YORK ROAD,MARAEKAKAHO ROAD,Non-Injury Crash,No,2016,South,0.0,,Flat,,,,,Bright sun,1469905.0,0.0,0.0,0.0,2.0,0.0,,,Hawke's Bay Region,Nil,2-way,Sealed,0.0,0.0,,100.0,,Null,0.0,0.0,,30.0,Hastings District,Give way,,,,,0.0,0.0,Open,0.0,,,Fine
420591,1930201.0,5605043.0,548200.0,0.0,0.0,2.0,North,2000/2001,KARAMU ROAD NORTH,ST AUBYN ST EAST,Non-Injury Crash,No,2000,North,0.0,,Flat,,,,,Overcast,1494100.0,0.0,0.0,0.0,2.0,0.0,,,Hawke's Bay Region,Nil,2-way,Sealed,0.0,0.0,,50.0,,Null,0.0,0.0,,30.0,Hastings District,Traffic Signals,,,,,0.0,0.0,Urban,0.0,,,Heavy rain
404841,1932001.6708,5606433.7575,545721.0,0.0,0.0,0.0,North,2019/2020,ELWOOD ROAD,SH 51,Non-Injury Crash,No,2019,West,0.0,1.0,Flat,0.0,,0.0,0.0,Dark,1471700.0,0.0,0.0,0.0,2.0,0.0,0.0,,Hawke's Bay Region,Nil,2-way,Sealed,0.0,0.0,0.0,70.0,0.0,None,0.0,0.0,,30.0,Hastings District,Unknown,0.0,0.0,0.0,0.0,0.0,0.0,Urban,1.0,0.0,0.0,Heavy rain
332990,1931926.0,5601229.0,548810.0,0.0,0.0,1.0,West,2010/2011,UPHAM ST,ELLIOTT CRESCENT,Minor Crash,No,2011,West,0.0,,Flat,,,,,Twilight,1506000.0,1.0,0.0,0.0,2.0,0.0,,1.0,Hawke's Bay Region,Nil,2-way,Sealed,0.0,0.0,,50.0,,Off,0.0,0.0,,30.0,Hastings District,Nil,,,,,0.0,0.0,Urban,0.0,,,Fine
282724,1918276.0,5653479.0,545912.0,0.0,0.0,0.0,East,2014/2015,SH 5,WAITARA ROAD,Minor Crash,Yes,2015,South,0.0,,Hill Road,,Queens Birthday,,,Overcast,1414504.0,1.0,0.0,0.0,2.0,0.0,,,Hawke's Bay Region,Nil,2-way,Sealed,0.0,0.0,,100.0,,Null,0.0,0.0,,30.0,Hastings District,Nil,,,,,0.0,0.0,Open,1.0,,,Fine
510824,1936639.0,5612364.0,545832.0,0.0,0.0,0.0,South,2014/2015,SH 2,NGARURORO BR,Serious Crash,Yes,2015,North,0.0,,Flat,,,,,Bright sun,1404200.0,0.0,0.0,0.0,2.0,0.0,,1.0,Hawke's Bay Region,Nil,2-way,Sealed,0.0,1.0,,100.0,,Null,0.0,0.0,,30.0,Hastings District,Unknown,,,,,0.0,0.0,Open,1.0,,,Fine
682631,1936189.0,5611038.0,545730.0,0.0,0.0,1.0,West,2005/2006,SH 2,FERRY ROAD,Minor Crash,Yes,2006,East,0.0,,Flat,,,,,Bright sun,1405500.0,1.0,0.0,0.0,2.0,0.0,,1.0,Hawke's Bay Region,Nil,2-way,Sealed,0.0,0.0,,50.0,,Null,0.0,0.0,,30.0,Hastings District,Nil,,,,,0.0,0.0,Urban,0.0,,,Fine
400008,1936555.0,5595292.0,545860.0,0.0,0.0,2.0,South,2010/2011,WAIMARAMA ROAD,KAHURANAKI ROAD,Non-Injury Crash,No,2011,West,0.0,0.0,Hill Road,0.0,,0.0,0.0,Bright sun,1467200.0,0.0,0.0,0.0,2.0,0.0,0.0,,Hawke's Bay Region,Nil,2-way,Sealed,0.0,0.0,0.0,100.0,0.0,Null,0.0,0.0,,30.0,Hastings District,Nil,0.0,0.0,0.0,0.0,0.0,0.0,Open,0.0,0.0,0.0,Fine
713934,1927474.596,5609001.0866,545710.0,0.0,0.0,1.0,South,2018/2019,RAUPARE ROAD,MCNAB ROAD,Minor Crash,No,2019,South,0.0,0.0,Flat,0.0,,0.0,1.0,Overcast,1471000.0,1.0,0.0,0.0,2.0,0.0,0.0,,Hawke's Bay Region,Nil,2-way,Sealed,0.0,0.0,0.0,100.0,0.0,None,0.0,0.0,,30.0,Hastings District,Unknown,0.0,0.0,0.0,0.0,0.0,0.0,Open,0.0,0.0,0.0,Light rain
475924,1929022.0,5606584.0,547800.0,1.0,0.0,1.0,North,2011/2012,FRIMLEY ROAD,PAKOWHAI ROAD,Non-Injury Crash,No,2012,South,0.0,0.0,Flat,0.0,,0.0,0.0,Bright sun,1477500.0,0.0,0.0,0.0,2.0,0.0,1.0,,Hawke's Bay Region,Nil,2-way,Sealed,0.0,0.0,0.0,50.0,0.0,Null,0.0,0.0,,30.0,Hastings District,Nil,0.0,0.0,0.0,0.0,0.0,0.0,Urban,0.0,0.0,0.0,Fine
322866,1914343.0,5588213.0,545851.0,0.0,0.0,1.0,North,2011/2012,SH 2,TE AUTE TRUST ROAD,Minor Crash,Yes,2011,South,0.0,0.0,Flat,0.0,,0.0,0.0,Bright sun,1464500.0,1.0,0.0,0.0,3.0,0.0,0.0,,Hawke's Bay Region,Nil,2-way,Sealed,0.0,0.0,0.0,100.0,0.0,Null,0.0,0.0,,30.0,Hastings District,Nil,0.0,0.0,0.0,0.0,0.0,0.0,Open,0.0,0.0,0.0,Fine
671073,1930019.0,5605051.0,548200.0,0.0,1.0,1.0,South,2011/2012,AVENUE ROAD EAST,RUSSELL ST NORTH,Non-Injury Crash,No,2011,East,0.0,,Flat,,,,,Bright sun,1492200.0,0.0,0.0,0.0,2.0,0.0,,,Hawke's Bay Region,Nil,2-way,Sealed,0.0,0.0,,50.0,,Null,0.0,0.0,,30.0,Hastings District,Nil,,,,,0.0,0.0,Urban,0.0,,,Fine
443618,1931081.0,5613920.0,545831.0,0.0,0.0,0.0,North,2015/2016,SH 50,PAKOWHAI ON NBD,Non-Injury Crash,Yes,2016,North,0.0,,Flat,,,,,Bright sun,1404600.0,0.0,0.0,0.0,4.0,0.0,,,Hawke's Bay Region,Motorway ramp,2-way,Sealed,0.0,0.0,,100.0,,Null,1.0,0.0,,30.0,Hastings District,Unknown,,,,,0.0,0.0,Open,1.0,,,Fine
670184,1934294.0,5607672.0,545722.0,0.0,0.0,1.0,North,2004/2005,SH 2,PILCHER ROAD,Non-Injury Crash,Yes,2004,South,0.0,0.0,Flat,0.0,,0.0,0.0,Bright sun,1406300.0,0.0,0.0,0.0,2.0,0.0,0.0,,Hawke's Bay Region,Nil,2-way,Sealed,0.0,0.0,0.0,100.0,0.0,Null,0.0,0.0,,30.0,Hastings District,Nil,0.0,0.0,0.0,0.0,0.0,0.0,Open,0.0,0.0,0.0,Fine
681133,1925848.0,5613173.0,545821.0,0.0,0.0,2.0,West,2004/2005,SH 50,OMARUNUI ROAD,Non-Injury Crash,Yes,2004,North,0.0,0.0,Flat,0.0,,0.0,0.0,Dark,1408600.0,0.0,0.0,0.0,2.0,0.0,0.0,,Hawke's Bay Region,Nil,2-way,Sealed,0.0,0.0,0.0,100.0,0.0,None,0.0,0.0,,30.0,Hastings District,Nil,0.0,0.0,0.0,0.0,0.0,0.0,Open,0.0,0.0,0.0,Fine
566783,1932640.0,5609601.0,545832.0,0.0,0.0,3.0,North,2004/2005,CHESTERHOPE BRIDGE,FARNDON ROAD,Non-Injury Crash,No,2005,North,0.0,,Flat,,,,,Twilight,1404200.0,0.0,0.0,0.0,2.0,0.0,,,Hawke's Bay Region,Bridge,2-way,Sealed,0.0,0.0,,100.0,,Off,0.0,0.0,,30.0,Hastings District,Nil,,,,,0.0,0.0,Open,0.0,,,Fine
685442,1928041.0,5606996.0,548500.0,0.0,0.0,2.0,West,2002/2003,OMAHU ROAD,NOTTINGLEY ROAD,Non-Injury Crash,No,2002,East,0.0,,Flat,,Christmas New Year,,,Bright sun,1478500.0,0.0,0.0,0.0,2.0,0.0,,,Hawke's Bay Region,Nil,2-way,Sealed,0.0,0.0,,50.0,,Null,0.0,0.0,,30.0,Hastings District,Nil,,,,,0.0,0.0,Urban,0.0,,,Fine
629974,1932381.7123,5609122.4166,545710.0,0.0,0.0,2.0,Null,2018/2019,PAKOWHAI ROAD,TE ARA KAHIKATEA,Non-Injury Crash,No,2019,North,0.0,,Flat,,,,,Dark,1471100.0,0.0,0.0,0.0,2.0,0.0,,,Hawke's Bay Region,Nil,2-way,Sealed,0.0,0.0,,80.0,,On,0.0,0.0,,30.0,Hastings District,Give way,,,,,0.0,0.0,Open,0.0,,,Fine
522588,1932323.0,5608941.0,545721.0,0.0,0.0,1.0,South,2013/2014,RUAHAPIA ROAD,PAKOWHAI ROAD,Minor Crash,No,2013,South,0.0,1.0,Flat,0.0,,0.0,0.0,Bright sun,1471600.0,1.0,0.0,0.0,3.0,0.0,0.0,,Hawke's Bay Region,Nil,2-way,Sealed,0.0,0.0,0.0,100.0,0.0,Null,1.0,0.0,,30.0,Hastings District,Unknown,0.0,0.0,0.0,0.0,0.0,0.0,Open,0.0,0.0,0.0,Fine
624523,1926821.0,5605774.0,545761.0,0.0,0.0,2.0,North,2004/2005,YORK ROAD,MARAEKAKAHO ROAD,Non-Injury Crash,No,2004,East,0.0,1.0,Flat,0.0,,0.0,0.0,Bright sun,1469905.0,0.0,0.0,0.0,2.0,0.0,0.0,,Hawke's Bay Region,Nil,2-way,Sealed,0.0,0.0,0.0,100.0,0.0,Null,0.0,0.0,,30.0,Hastings District,Nil,0.0,0.0,0.0,1.0,0.0,0.0,Open,0.0,0.0,0.0,Fine
675169,1933194.0,5606508.0,545721.0,0.0,0.0,2.0,Null,2011/2012,SH 2,PARAIRE ROAD,Serious Crash,Yes,2012,West,0.0,,Flat,,,,,Bright sun,1471800.0,1.0,0.0,0.0,2.0,0.0,,,Hawke's Bay Region,Nil,2-way,Sealed,0.0,1.0,,80.0,,Null,0.0,0.0,,30.0,Hastings District,Stop,,,,,0.0,0.0,Open,0.0,,,Fine
237704,1937239.0,5608678.0,545730.0,0.0,0.0,1.0,West,2018/2019,MILL ROAD,BLACKS BR,Minor Crash,No,2018,West,0.0,1.0,Hill Road,0.0,,0.0,0.0,Dark,1405300.0,1.0,0.0,0.0,2.0,0.0,0.0,,Hawke's Bay Region,Nil,2-way,Sealed,0.0,0.0,0.0,100.0,0.0,None,0.0,0.0,,30.0,Hastings District,Unknown,0.0,0.0,0.0,1.0,0.0,0.0,Open,0.0,0.0,0.0,Light rain
286964,1924788.0,5608873.0,545710.0,0.0,0.0,0.0,West,2007/2008,OMAHU ROAD,TWYFORD ROAD,Non-Injury Crash,No,2008,East,0.0,0.0,Flat,0.0,Queens Birthday,0.0,0.0,Dark,1470600.0,0.0,0.0,0.0,2.0,0.0,0.0,,Hawke's Bay Region,Nil,2-way,Sealed,0.0,0.0,0.0,70.0,0.0,On,0.0,0.0,,30.0,Hastings District,Nil,0.0,0.0,0.0,0.0,0.0,0.0,Urban,1.0,0.0,0.0,Fine
624967,1929373.0,5605307.0,548200.0,0.0,0.0,2.0,Null,1999/2000,EASTBOURNE ST WEST,SOUTHLAND ROAD,Non-Injury Crash,No,2000,North,0.0,,Flat,,,,,Bright sun,1488800.0,0.0,0.0,0.0,2.0,0.0,,,Hawke's Bay Region,Nil,2-way,Sealed,0.0,0.0,,50.0,,Null,0.0,0.0,,30.0,Hastings District,Give way,,,,,0.0,0.0,Urban,0.0,,,Fine
476966,1929577.0,5603580.0,548300.0,1.0,0.0,0.0,Null,2008/2009,RIVERSLEA ROAD SOUTH,COPELAND ROAD,Minor Crash,No,2009,South,0.0,,Flat,,,,,Bright sun,1503800.0,1.0,0.0,0.0,2.0,0.0,,,Hawke's Bay Region,Nil,2-way,Sealed,0.0,0.0,,50.0,,Null,1.0,0.0,,30.0,Hastings District,Give way,,,,,0.0,0.0,Urban,0.0,,,Fine
155976,1910574.0,5664281.0,545911.0,0.0,0.0,0.0,West,2005/2006,SH 5,SUMMIT KIOSK,Minor Crash,Yes,2005,South,0.0,0.0,Hill Road,0.0,,0.0,0.0,Bright sun,1414400.0,1.0,0.0,0.0,2.0,0.0,0.0,,Hawke's Bay Region,Nil,2-way,Sealed,0.0,0.0,0.0,100.0,0.0,Null,1.0,0.0,,30.0,Hastings District,Nil,0.0,0.0,0.0,0.0,0.0,0.0,Open,0.0,0.0,0.0,Fine
621006,1926812.0,5604765.0,545761.0,0.0,0.0,1.0,Null,2007/2008,MARAEKAKAHO ROAD,HEATHCOTE ROAD,Serious Crash,No,2008,South,0.0,,Flat,,,,,Dark,1468801.0,0.0,0.0,1.0,2.0,0.0,,,Hawke's Bay Region,Nil,2-way,Sealed,0.0,1.0,,100.0,,On,0.0,0.0,,30.0,Hastings District,Stop,,,,,0.0,0.0,Open,0.0,,,Fine
240568,1934218.0,5607130.0,545722.0,0.0,0.0,0.0,South,2010/2011,NAPIER ROAD,SH 2,Non-Injury Crash,No,2010,South,0.0,,Flat,,,,,Bright sun,1406400.0,0.0,0.0,0.0,2.0,0.0,,,Hawke's Bay Region,Nil,2-way,Sealed,0.0,0.0,,100.0,,Null,0.0,0.0,,30.0,Hastings District,Nil,,,,,1.0,0.0,Open,1.0,,,Fine
197307,1929711.0,5604992.0,548200.0,0.0,0.0,2.0,South,2006/2007,MARKET ST SOUTH,HERETAUNGA ST WEST,Non-Injury Crash,No,2006,South,0.0,0.0,Flat,0.0,,0.0,0.0,Bright sun,1490000.0,0.0,0.0,0.0,2.0,0.0,1.0,,Hawke's Bay Region,Nil,2-way,Sealed,0.0,0.0,0.0,50.0,0.0,Null,0.0,0.0,,30.0,Hastings District,Nil,0.0,0.0,0.0,0.0,0.0,0.0,Urban,0.0,0.0,0.0,Fine
493183,1930382.0,5605162.0,548200.0,0.0,0.0,2.0,Null,2001/2002,KARAMU ROAD NORTH,VICTORIA ST,Non-Injury Crash,No,2002,North,0.0,,Flat,,,,,Bright sun,1494100.0,0.0,0.0,0.0,2.0,0.0,,,Hawke's Bay Region,Nil,2-way,Sealed,0.0,0.0,,50.0,,Null,0.0,0.0,,30.0,Hastings District,Give way,,,,,0.0,0.0,Urban,0.0,,,Fine