OBJECTID,X,Y,areaUnitID,bicycle,bus,carStationWagon,crashDirectionDescription,crashFinancialYear,crashLocation1,crashLocation2,crashSeverity,crashSHDescription,crashYear,directionRoleDescription,fatalCount,fence,flatHill,guardRail,holiday,houseOrBuilding,kerb,light,meshblockId,minorInjuryCount,moped,motorcycle,NumberOfLanes,otherVehicleType,parkedVehicle,pedestrian,region,roadCharacter,roadLane,roadSurface,schoolBus,seriousInjuryCount,slipOrFlood,speedLimit,strayAnimal,streetLight,suv,taxi,temporarySpeedLimit,tlaId,tlaName,trafficControl,trafficIsland,trafficSign,train,tree,truck,unknownVehicleType,urban,vanOrUtility,vehicle,waterRiver,weatherA
497604,1929393.0,5603396.0,548300.0,0.0,0.0,1.0,Null,2011/2012,MURDOCH ROAD EAST,RIVERSLEA ROAD SOUTH,Non-Injury Crash,No,2011,East,0.0,0.0,Flat,0.0,,0.0,0.0,Dark,1503800.0,0.0,0.0,0.0,2.0,0.0,0.0,,Hawke's Bay Region,Nil,2-way,Sealed,0.0,0.0,0.0,50.0,0.0,On,0.0,0.0,,30.0,Hastings District,Give way,0.0,0.0,0.0,0.0,0.0,0.0,Urban,0.0,0.0,0.0,Light rain
95235,1930071.0519,5605184.5998,548200.0,0.0,0.0,1.0,Null,2018/2019,ST AUBYN STREET WEST,RUSSEL STREET NORTH,Minor Crash,No,2019,South,0.0,,Flat,,,,,Bright sun,1494100.0,1.0,0.0,0.0,4.0,0.0,,1.0,Hawke's Bay Region,Rail xing,2-way,Sealed,0.0,0.0,,50.0,,Off,0.0,0.0,,30.0,Hastings District,Traffic Signals,,,,,0.0,0.0,Urban,0.0,,,Fine
162501,1919382.0,5607090.0,545841.0,0.0,0.0,0.0,North,2011/2012,SH 50 ROYS HILL ROAD,MARAEKAKAHO ROAD,Minor Crash,Yes,2012,North,0.0,0.0,Hill Road,0.0,,0.0,0.0,Dark,1462901.0,1.0,0.0,0.0,2.0,0.0,0.0,,Hawke's Bay Region,Nil,2-way,Sealed,0.0,0.0,0.0,100.0,0.0,None,0.0,0.0,,30.0,Hastings District,Nil,0.0,0.0,0.0,0.0,0.0,0.0,Open,1.0,0.0,0.0,Fine
79150,1932394.0,5600765.0,548821.0,0.0,0.0,2.0,North,2003/2004,PALMERSTON ROAD,REYNOLDS ROAD,Non-Injury Crash,No,2003,North,0.0,0.0,Hill Road,0.0,,0.0,0.0,Dark,1506101.0,0.0,0.0,0.0,2.0,0.0,0.0,,Hawke's Bay Region,Nil,2-way,Sealed,0.0,0.0,0.0,50.0,0.0,On,0.0,0.0,,30.0,Hastings District,Nil,0.0,0.0,0.0,2.0,0.0,0.0,Urban,0.0,0.0,0.0,Fine
164296,1934436.0,5655152.0,545911.0,0.0,0.0,0.0,North,2009/2010,MATAHORUA ROAD,TUTIRA STATION ROAD,Minor Crash,No,2009,South,0.0,1.0,Hill Road,0.0,,0.0,0.0,Dark,1416000.0,1.0,0.0,0.0,2.0,0.0,0.0,,Hawke's Bay Region,Nil,2-way,Sealed,0.0,0.0,0.0,100.0,0.0,None,1.0,0.0,,30.0,Hastings District,Nil,0.0,0.0,0.0,1.0,0.0,0.0,Open,0.0,0.0,0.0,Fine
510976,1908548.0,5664660.0,545911.0,0.0,0.0,1.0,South,2014/2015,SH 5,KOWARO ROADWAY,Minor Crash,Yes,2015,West,0.0,0.0,Hill Road,0.0,,0.0,0.0,Overcast,1414300.0,2.0,0.0,0.0,3.0,0.0,0.0,,Hawke's Bay Region,Nil,2-way,Sealed,0.0,0.0,0.0,100.0,0.0,Null,0.0,0.0,,30.0,Hastings District,Unknown,0.0,0.0,0.0,0.0,0.0,0.0,Open,0.0,0.0,0.0,Light rain
155543,1927200.0,5600468.0,545852.0,0.0,0.0,1.0,Null,2013/2014,TE AUTE ROAD,CRYSTALL ROAD,Non-Injury Crash,No,2014,West,0.0,,Flat,,,,,Bright sun,1468700.0,0.0,0.0,0.0,2.0,0.0,,,Hawke's Bay Region,Nil,2-way,Sealed,0.0,0.0,,100.0,,Null,0.0,0.0,,30.0,Hastings District,Give way,,,,,0.0,0.0,Open,1.0,,,Fine
505638,1925325.0,5605390.0,545842.0,0.0,0.0,1.0,Null,2003/2004,IRONGATE ROAD,STOCK ROAD,Minor Crash,No,2003,North,0.0,,Flat,,,,,Overcast,1470214.0,4.0,0.0,0.0,2.0,0.0,,,Hawke's Bay Region,Nil,2-way,Sealed,0.0,0.0,,100.0,,Null,0.0,0.0,,30.0,Hastings District,Stop,,,,,0.0,0.0,Open,1.0,,,Fine
367113,1928808.0,5606294.0,547700.0,0.0,0.0,2.0,South,2003/2004,PAKOWHAI ROAD,HERETAUNGA ST WEST,Non-Injury Crash,No,2004,North,0.0,,Flat,,,,,Bright sun,1486000.0,0.0,0.0,0.0,3.0,0.0,,,Hawke's Bay Region,Nil,2-way,Sealed,0.0,0.0,,50.0,,Null,0.0,0.0,,30.0,Hastings District,Nil,,,,,0.0,0.0,Urban,0.0,,,Fine
8241,1914559.0,5603281.0,545841.0,0.0,0.0,0.0,North,2008/2009,VALLEY ROAD,WENLEY ROAD,Non-Injury Crash,No,2009,South,0.0,0.0,Hill Road,0.0,,0.0,0.0,Dark,1462800.0,0.0,0.0,0.0,2.0,0.0,0.0,,Hawke's Bay Region,Nil,2-way,Sealed,0.0,0.0,0.0,100.0,0.0,None,1.0,0.0,,30.0,Hastings District,Nil,0.0,0.0,0.0,0.0,0.0,0.0,Open,0.0,0.0,0.0,Fine
26882,1931039.0,5605564.0,548000.0,0.0,0.0,2.0,Null,2005/2006,KARAMU ROAD NORTH,GROVE ROAD,Non-Injury Crash,No,2005,South,0.0,,Flat,,,,,Overcast,1497100.0,0.0,0.0,0.0,2.0,0.0,,,Hawke's Bay Region,Nil,2-way,Sealed,0.0,0.0,,50.0,,Null,0.0,0.0,,30.0,Hastings District,Traffic Signals,,,,,0.0,0.0,Urban,0.0,,,Fine
737405,1928789.0,5606299.0,547800.0,0.0,0.0,2.0,Null,2004/2005,Z CPK TOMMOS,OMAHU/PAKOWHAI,Non-Injury Crash,No,2004,East,0.0,0.0,Flat,0.0,,0.0,0.0,Bright sun,1477800.0,0.0,0.0,0.0,0.0,0.0,1.0,,Hawke's Bay Region,Nil,Off road,Sealed,0.0,0.0,0.0,50.0,0.0,Null,0.0,0.0,,30.0,Hastings District,Nil,0.0,0.0,0.0,0.0,0.0,0.0,Urban,0.0,0.0,0.0,Fine
506734,1928880.0,5606156.0,547700.0,0.0,0.0,2.0,Null,2012/2013,HERETAUNGA ST WEST,STORTFORD ST,Non-Injury Crash,No,2012,North,0.0,,Flat,,,,,Overcast,1486600.0,0.0,0.0,0.0,2.0,0.0,,,Hawke's Bay Region,Nil,2-way,Sealed,0.0,0.0,,50.0,,Null,0.0,0.0,,30.0,Hastings District,Traffic Signals,,,,,0.0,0.0,Urban,0.0,,,Fine
358090,1932458.3435,5601634.2794,548810.0,1.0,0.0,1.0,Null,2019/2020,PORTER DRIVE,TE AUTE ROAD,Minor Crash,No,2019,North,0.0,,Flat,,,,,Bright sun,1505200.0,1.0,0.0,0.0,2.0,0.0,,,Hawke's Bay Region,Nil,2-way,Sealed,0.0,0.0,,50.0,,Off,0.0,0.0,,30.0,Hastings District,Give way,,,,,0.0,0.0,Urban,0.0,,,Fine
547770,1927917.0,5601772.0,545762.0,0.0,0.0,1.0,Null,1999/2000,RIVERSLEA ROAD SOUTH,LONGLANDS ROAD EAST,Non-Injury Crash,No,2000,South,0.0,0.0,Flat,0.0,,0.0,0.0,Overcast,1468400.0,0.0,0.0,0.0,2.0,0.0,0.0,,Hawke's Bay Region,Nil,2-way,Sealed,0.0,0.0,0.0,100.0,0.0,Null,0.0,0.0,,30.0,Hastings District,Nil,0.0,0.0,0.0,0.0,0.0,0.0,Open,0.0,0.0,0.0,Mist or Fog
66660,1916681.0,5616076.0,545821.0,0.0,0.0,1.0,East,2017/2018,TAIHAPE ROAD,MATAPIRO ROAD,Non-Injury Crash,No,2018,East,0.0,,Hill Road,,,,,Overcast,1410300.0,0.0,0.0,0.0,2.0,0.0,,,Hawke's Bay Region,Nil,2-way,Sealed,0.0,0.0,,100.0,,Null,0.0,0.0,,30.0,Hastings District,Unknown,,,,,0.0,0.0,Open,0.0,,,Fine
6712,1936366.0,5601391.0,548833.0,0.0,0.0,1.0,Null,2007/2008,WAIMARAMA ROAD,TE MATA ROAD,Non-Injury Crash,No,2008,East,0.0,1.0,Flat,0.0,,0.0,1.0,Dark,1466802.0,0.0,0.0,0.0,2.0,0.0,0.0,,Hawke's Bay Region,Nil,2-way,Sealed,0.0,0.0,0.0,100.0,0.0,On,0.0,0.0,,30.0,Hastings District,Give way,0.0,0.0,0.0,0.0,0.0,0.0,Open,0.0,0.0,0.0,Fine
272523,1934475.0,5602410.0,548831.0,0.0,0.0,2.0,North,2007/2008,RUSSELL ROBERTSON DRIVE,THE CROFT,Minor Crash,No,2008,South,0.0,,Flat,,,,,Overcast,1466408.0,2.0,0.0,0.0,2.0,0.0,,,Hawke's Bay Region,Nil,2-way,Sealed,0.0,0.0,,50.0,,Null,0.0,0.0,,30.0,Hastings District,Nil,,,,,0.0,0.0,Urban,0.0,,,Fine
304856,1917545.0,5654292.0,545912.0,0.0,0.0,1.0,South,2008/2009,SH 5,WAITARA ROAD,Non-Injury Crash,Yes,2009,North,0.0,,Hill Road,,,,,Bright sun,1414504.0,0.0,0.0,0.0,2.0,0.0,,,Hawke's Bay Region,Nil,2-way,Sealed,0.0,0.0,,100.0,,Null,0.0,0.0,,30.0,Hastings District,Nil,,,,,1.0,0.0,Open,0.0,,,Fine
220798,1929560.0,5605258.0,548200.0,0.0,0.0,2.0,Null,2006/2007,NELSON ST SOUTH,HERETAUNGA ST WEST,Non-Injury Crash,No,2006,North,0.0,,Flat,,,,,Overcast,1490100.0,0.0,0.0,0.0,3.0,0.0,,,Hawke's Bay Region,Nil,2-way,Sealed,0.0,0.0,,50.0,,Null,0.0,0.0,,30.0,Hastings District,Traffic Signals,,,,,0.0,0.0,Urban,0.0,,,Fine
226976,1925720.0,5619703.0,545821.0,0.0,0.0,1.0,West,2015/2016,DARTMOOR ROAD,VICARAGE ROAD,Non-Injury Crash,No,2016,East,0.0,,Hill Road,,,,,Overcast,1411400.0,0.0,0.0,0.0,2.0,0.0,,,Hawke's Bay Region,Nil,2-way,Sealed,0.0,0.0,,50.0,,Null,0.0,0.0,,30.0,Hastings District,Unknown,,,,,0.0,0.0,Urban,1.0,,,Fine
165607,1934180.0,5607200.0,545722.0,0.0,0.0,1.0,Null,2015/2016,SH 2,NAPIER ROAD,Serious Crash,Yes,2015,West,0.0,,Flat,,,,,Overcast,1406200.0,0.0,0.0,0.0,2.0,0.0,,,Hawke's Bay Region,Nil,2-way,Sealed,0.0,1.0,,80.0,,Null,1.0,0.0,,30.0,Hastings District,Give way,,,,,0.0,0.0,Open,0.0,,,Fine
440610,1930935.0,5613540.0,545831.0,0.0,0.0,2.0,Null,2013/2014,SH 50,SH 50A,Non-Injury Crash,Yes,2013,South,0.0,,Flat,,,,,Bright sun,1404600.0,0.0,0.0,0.0,2.0,0.0,,,Hawke's Bay Region,Nil,2-way,Sealed,0.0,0.0,,100.0,,Null,0.0,0.0,,30.0,Hastings District,Give way,,,,,0.0,0.0,Open,0.0,,,Fine
227985,1934550.0,5641199.0,545811.0,0.0,0.0,2.0,North,2001/2002,SH 2,TANGOIO SETTLEMENT ROAD S,Non-Injury Crash,Yes,2002,North,0.0,,Hill Road,,Queens Birthday,,,Bright sun,1415600.0,0.0,0.0,0.0,2.0,0.0,,,Hawke's Bay Region,Nil,2-way,Sealed,0.0,0.0,,100.0,,Null,0.0,0.0,,30.0,Hastings District,Nil,,,,,0.0,0.0,Open,0.0,,,Fine
490273,1925214.0,5606875.0,548620.0,0.0,0.0,1.0,Null,2013/2014,SWANSEA ROAD,BRISTOL CRESCENT,Non-Injury Crash,No,2013,South,0.0,0.0,Flat,0.0,,0.0,0.0,Overcast,1476500.0,0.0,0.0,0.0,2.0,0.0,1.0,,Hawke's Bay Region,Nil,2-way,Sealed,0.0,0.0,0.0,50.0,0.0,Null,0.0,0.0,,30.0,Hastings District,Nil,0.0,0.0,0.0,0.0,0.0,0.0,Urban,1.0,0.0,0.0,Fine
160619,1924612.0,5606623.0,548612.0,0.0,0.0,1.0,West,2010/2011,ARDROSSAN AVENUE,WALTON WAY,Non-Injury Crash,No,2010,North,0.0,1.0,Flat,0.0,,0.0,0.0,Bright sun,1474300.0,0.0,0.0,0.0,2.0,0.0,0.0,,Hawke's Bay Region,Nil,2-way,Sealed,0.0,0.0,0.0,50.0,0.0,Null,0.0,0.0,,30.0,Hastings District,Nil,0.0,0.0,0.0,0.0,0.0,0.0,Urban,0.0,0.0,0.0,Fine
511346,1929265.0,5605647.0,547700.0,0.0,0.0,2.0,Null,2001/2002,HERETAUNGA ST WEST,LOVEDALE ROAD,Non-Injury Crash,No,2002,West,0.0,,Flat,,,,,Bright sun,1487900.0,0.0,0.0,0.0,2.0,0.0,,,Hawke's Bay Region,Nil,2-way,Sealed,0.0,0.0,,50.0,,Null,0.0,0.0,,30.0,Hastings District,Stop,,,,,0.0,0.0,Urban,0.0,,,Fine
696561,1927266.0,5605171.0,545761.0,0.0,0.0,2.0,West,2005/2006,YORK ROAD,MARAEKAKAHO ROAD,Non-Injury Crash,No,2005,West,0.0,,Flat,,,,,Bright sun,1470102.0,0.0,0.0,0.0,2.0,1.0,,,Hawke's Bay Region,Nil,2-way,Sealed,0.0,0.0,,70.0,,Null,0.0,0.0,,30.0,Hastings District,Nil,,,,,0.0,0.0,Urban,0.0,,,Fine
224121,1942372.0,5658929.0,545911.0,0.0,0.0,1.0,South,2005/2006,SH 2,MATAHORUA ROAD,Minor Crash,Yes,2006,South,0.0,1.0,Flat,0.0,,0.0,0.0,Overcast,1416100.0,1.0,0.0,0.0,2.0,0.0,0.0,,Hawke's Bay Region,Nil,2-way,Sealed,0.0,0.0,0.0,100.0,0.0,Null,0.0,0.0,,30.0,Hastings District,Nil,0.0,0.0,0.0,0.0,2.0,0.0,Open,0.0,0.0,0.0,Fine
366727,1929320.0,5605576.0,547700.0,0.0,0.0,4.0,West,2004/2005,HERETAUNGA ST WEST,TOMOANA ROAD,Non-Injury Crash,No,2004,South,0.0,,Flat,,,,,Bright sun,1487900.0,0.0,0.0,0.0,2.0,0.0,,,Hawke's Bay Region,Nil,2-way,Sealed,0.0,0.0,,50.0,,Null,0.0,0.0,,30.0,Hastings District,Nil,,,,,0.0,0.0,Urban,0.0,,,Fine
556749,1933162.0,5592938.0,545860.0,0.0,0.0,0.0,West,2011/2012,KAHURANAKI ROAD,RARATU ROAD,Minor Crash,No,2012,East,0.0,0.0,Flat,0.0,Easter,0.0,0.0,Dark,1467400.0,1.0,0.0,0.0,2.0,0.0,0.0,,Hawke's Bay Region,Nil,2-way,Sealed,0.0,0.0,0.0,100.0,0.0,None,0.0,0.0,,30.0,Hastings District,Nil,0.0,0.0,0.0,0.0,0.0,0.0,Open,1.0,0.0,0.0,Heavy rain
140805,1930233.0,5604563.0,548200.0,0.0,0.0,1.0,Null,2013/2014,QUEEN ST EAST,MILLER ST,Non-Injury Crash,No,2014,South,0.0,,Flat,,,,,Bright sun,1493900.0,0.0,0.0,0.0,2.0,0.0,,,Hawke's Bay Region,Nil,2-way,Sealed,0.0,0.0,,50.0,,Off,0.0,0.0,,30.0,Hastings District,Give way,,,,,0.0,0.0,Urban,1.0,,,Fine
692062,1929285.0,5605424.0,548200.0,0.0,0.0,3.0,Null,2002/2003,CHARLES ST,EASTBOURNE ST WEST,Non-Injury Crash,No,2003,North,0.0,,Flat,,,,,Bright sun,1488800.0,0.0,0.0,0.0,2.0,0.0,,,Hawke's Bay Region,Nil,2-way,Sealed,0.0,0.0,,50.0,,Null,0.0,0.0,,30.0,Hastings District,Nil,,,,,0.0,0.0,Urban,0.0,,,Fine
469024,1930486.1012,5607564.9718,545710.0,0.0,0.0,2.0,Null,2019/2020,PAKOWHAI ROAD,EVENDEN ROAD,Non-Injury Crash,No,2019,East,0.0,,Flat,,,,,Dark,1471100.0,0.0,0.0,0.0,1.0,0.0,,,Hawke's Bay Region,Nil,1-way,Sealed,0.0,0.0,,50.0,,On,0.0,0.0,,30.0,Hastings District,Give way,,,,,0.0,0.0,Urban,0.0,,,Fine
164502,1931769.1842,5604804.8714,548000.0,0.0,0.0,1.0,Null,2019/2020,JELLICOE STREET,BEATTY STREET,Non-Injury Crash,No,2020,North,0.0,,Flat,,,,,Overcast,1499000.0,0.0,0.0,0.0,2.0,0.0,,,Hawke's Bay Region,Nil,2-way,Sealed,0.0,0.0,,50.0,,Off,1.0,0.0,,30.0,Hastings District,Nil,,,,,0.0,0.0,Urban,0.0,,,Fine
558327,1936040.0,5610858.0,545730.0,0.0,0.0,1.0,North,2004/2005,SH 2,MILL ROAD,Minor Crash,Yes,2004,North,0.0,0.0,Flat,0.0,,0.0,0.0,Bright sun,1405401.0,1.0,0.0,0.0,2.0,0.0,1.0,,Hawke's Bay Region,Nil,2-way,Sealed,0.0,0.0,0.0,50.0,0.0,Null,0.0,0.0,,30.0,Hastings District,Nil,0.0,0.0,0.0,0.0,0.0,0.0,Urban,1.0,0.0,0.0,Fine
707290,1929042.0,5605942.0,547700.0,0.0,0.0,1.0,West,2008/2009,HERETAUNGA ST WEST,TOWNSHEND ST,Minor Crash,No,2008,West,0.0,,Flat,,,,,Overcast,1487400.0,1.0,0.0,0.0,2.0,0.0,,,Hawke's Bay Region,Nil,2-way,Sealed,0.0,0.0,,50.0,,Null,0.0,0.0,,30.0,Hastings District,Nil,,,,,0.0,0.0,Urban,1.0,,,Fine
117861,1930445.0788,5606044.3035,548200.0,0.0,0.0,0.0,North,2018/2019,CORNWALL ROAD,NELSON ST NORTH,Non-Injury Crash,No,2019,East,0.0,0.0,Flat,0.0,,0.0,0.0,Dark,1490600.0,0.0,0.0,0.0,2.0,0.0,1.0,,Hawke's Bay Region,Nil,2-way,Sealed,0.0,0.0,0.0,50.0,0.0,On,0.0,0.0,,30.0,Hastings District,Unknown,0.0,0.0,0.0,0.0,0.0,0.0,Urban,2.0,0.0,0.0,Fine
665303,1934970.0,5609194.0,545722.0,0.0,0.0,2.0,Null,2004/2005,SH 2,RAILWAY ROAD,Non-Injury Crash,Yes,2004,North,0.0,,Flat,,,,,Bright sun,1405900.0,0.0,0.0,0.0,2.0,0.0,,,Hawke's Bay Region,Nil,2-way,Sealed,0.0,0.0,,100.0,,Null,0.0,0.0,,30.0,Hastings District,Nil,,,,,0.0,0.0,Open,0.0,,,Fine
311130,1927574.8414,5607439.6597,548400.0,0.0,0.0,1.0,Null,2018/2019,OMAHU ROAD,SH 50A,Non-Injury Crash,No,2018,Null,0.0,,Flat,,,,,Unknown,1473500.0,0.0,0.0,0.0,2.0,0.0,,,Hawke's Bay Region,Nil,1-way,Null,0.0,0.0,,100.0,,Null,1.0,0.0,,30.0,Hastings District,Give way,,,,,0.0,0.0,Open,0.0,,,Fine
94798,1913888.0,5657300.0,545911.0,0.0,0.0,1.0,North,2004/2005,SH 5,MOHAKA BR,Minor Crash,Yes,2005,South,0.0,0.0,Flat,0.0,,0.0,0.0,Dark,1414400.0,1.0,0.0,0.0,2.0,0.0,0.0,,Hawke's Bay Region,Nil,2-way,Sealed,0.0,0.0,0.0,100.0,0.0,Off,0.0,0.0,,30.0,Hastings District,Nil,0.0,0.0,0.0,0.0,0.0,0.0,Open,0.0,0.0,0.0,Mist or Fog
338733,1929739.0,5604820.0,548200.0,0.0,0.0,1.0,Null,1999/2000,RUSSELL ST SOUTH,EASTBOURNE ST EAST,Non-Injury Crash,No,2000,South,0.0,0.0,Flat,0.0,,0.0,0.0,Dark,1492000.0,0.0,0.0,0.0,2.0,0.0,0.0,,Hawke's Bay Region,Nil,2-way,Sealed,0.0,0.0,0.0,50.0,0.0,On,0.0,0.0,,30.0,Hastings District,Traffic Signals,0.0,1.0,0.0,0.0,0.0,0.0,Urban,0.0,0.0,0.0,Fine
38525,1931213.0,5603793.0,548100.0,0.0,0.0,0.0,East,2002/2003,HOWARD ST,PALMER PLACE,Minor Crash,No,2003,West,0.0,,Flat,,,,,Overcast,1472804.0,1.0,0.0,0.0,2.0,0.0,,1.0,Hawke's Bay Region,Nil,2-way,Sealed,0.0,0.0,,50.0,,Null,0.0,0.0,,30.0,Hastings District,School Patrol/warden,,,,,0.0,0.0,Urban,1.0,,,Light rain
413017,1928982.0,5602949.0,545762.0,0.0,0.0,1.0,Null,1999/2000,RIVERSLEA ROAD SOUTH,TOLLEMACHE ROAD EAST,Non-Injury Crash,No,2000,South,0.0,0.0,Flat,0.0,,0.0,0.0,Dark,1468200.0,0.0,0.0,0.0,2.0,0.0,0.0,,Hawke's Bay Region,Nil,2-way,Sealed,0.0,0.0,0.0,100.0,0.0,Off,0.0,0.0,,30.0,Hastings District,Nil,0.0,0.0,0.0,0.0,0.0,0.0,Open,0.0,0.0,0.0,Fine
127142,1933315.0,5608473.0,545722.0,0.0,0.0,1.0,Null,2010/2011,ANDERSON ROAD,WHAKATU ROAD,Non-Injury Crash,No,2011,South,0.0,0.0,Flat,1.0,Christmas New Year,0.0,0.0,Bright sun,1406200.0,0.0,0.0,0.0,2.0,0.0,0.0,,Hawke's Bay Region,Nil,2-way,Sealed,0.0,0.0,0.0,100.0,0.0,Null,0.0,0.0,,30.0,Hastings District,Nil,0.0,0.0,0.0,0.0,0.0,0.0,Open,0.0,0.0,0.0,Fine
200774,1931547.0,5612716.0,545832.0,0.0,0.0,2.0,North,2008/2009,PAKOWHAI ROAD,CHESTERHOPE ROAD,Non-Injury Crash,No,2008,North,0.0,,Flat,,,,,Bright sun,1403900.0,0.0,0.0,0.0,2.0,0.0,,,Hawke's Bay Region,Nil,2-way,Sealed,0.0,0.0,,100.0,,Null,0.0,0.0,,30.0,Hastings District,Nil,,,,,0.0,0.0,Open,0.0,,,Fine
680765,1932575.0,5608502.0,545721.0,0.0,0.0,1.0,Null,2005/2006,RUAHAPIA ROAD,WHAKATU ROAD,Non-Injury Crash,No,2006,East,0.0,,Flat,,,,,Overcast,1471600.0,0.0,0.0,0.0,2.0,0.0,,,Hawke's Bay Region,Nil,2-way,Sealed,0.0,0.0,,100.0,,Null,1.0,0.0,,30.0,Hastings District,Give way,,,,,0.0,0.0,Open,0.0,,,Fine
450920,1941830.0,5657332.0,545911.0,0.0,0.0,1.0,North,2004/2005,SH 2,MATAHORUA HALF BR,Non-Injury Crash,Yes,2005,North,0.0,0.0,Hill Road,1.0,,0.0,0.0,Dark,1415100.0,0.0,0.0,0.0,1.0,0.0,0.0,,Hawke's Bay Region,Nil,1-way,Sealed,0.0,0.0,0.0,100.0,0.0,None,0.0,0.0,,30.0,Hastings District,Traffic Signals,0.0,0.0,0.0,0.0,0.0,0.0,Open,0.0,0.0,0.0,Mist or Fog
532878,1922090.0,5587220.0,545851.0,0.0,0.0,0.0,South,2008/2009,MIDDLE ROAD,MUTINY ROAD,Minor Crash,No,2009,North,0.0,0.0,Flat,0.0,,0.0,0.0,Overcast,1465903.0,1.0,0.0,1.0,2.0,0.0,0.0,,Hawke's Bay Region,Nil,2-way,Sealed,0.0,0.0,0.0,100.0,0.0,Null,0.0,0.0,,30.0,Hastings District,Nil,0.0,0.0,0.0,0.0,0.0,0.0,Open,1.0,0.0,0.0,Fine
605214,1928795.0,5606280.0,547800.0,0.0,0.0,1.0,Null,2011/2012,PAKOWHAI ROAD,OMAHU ROAD,Minor Crash,No,2012,West,0.0,,Flat,,,,,Dark,1477800.0,1.0,1.0,0.0,2.0,0.0,,,Hawke's Bay Region,Nil,2-way,Sealed,0.0,0.0,,50.0,,On,0.0,0.0,,30.0,Hastings District,Give way,,,,,0.0,0.0,Urban,0.0,,,Fine
125922,1931922.0,5602508.0,545721.0,1.0,0.0,0.0,East,2015/2016,HAVELOCK ROAD,ST ANDREWS ROAD,Serious Crash,No,2016,South,0.0,0.0,Flat,0.0,,0.0,1.0,Twilight,1473000.0,0.0,0.0,0.0,2.0,0.0,0.0,,Hawke's Bay Region,Nil,2-way,Sealed,0.0,1.0,0.0,70.0,0.0,Off,0.0,0.0,,30.0,Hastings District,Nil,0.0,0.0,0.0,0.0,0.0,0.0,Urban,0.0,0.0,0.0,Fine
316235,1937412.0,5606299.0,545740.0,0.0,0.0,1.0,North,2015/2016,TUKITUKI ROAD,TENNANT ROAD,Minor Crash,No,2016,North,0.0,0.0,Flat,0.0,,0.0,0.0,Twilight,1407700.0,1.0,0.0,0.0,2.0,0.0,0.0,,Hawke's Bay Region,Nil,2-way,Sealed,0.0,0.0,0.0,100.0,0.0,None,0.0,0.0,,30.0,Hastings District,Unknown,0.0,0.0,0.0,0.0,0.0,0.0,Open,0.0,0.0,0.0,Light rain
75442,1923055.0,5611786.0,545822.0,0.0,0.0,2.0,South,2012/2013,SH 50 KOROKIPO ROAD,TAIHAPE ROAD,Non-Injury Crash,Yes,2013,South,0.0,,Flat,,,,,Overcast,1409300.0,0.0,0.0,0.0,2.0,0.0,,,Hawke's Bay Region,Nil,2-way,Sealed,0.0,0.0,,100.0,,Null,0.0,0.0,,30.0,Hastings District,Nil,,,,,0.0,0.0,Open,0.0,,,Fine
463085,1925319.0,5603320.0,545842.0,0.0,0.0,1.0,West,2015/2016,MARAEKAKAHO ROAD,SH 50A,Non-Injury Crash,No,2016,East,0.0,0.0,Flat,0.0,,0.0,0.0,Dark,1470213.0,0.0,0.0,0.0,2.0,0.0,0.0,,Hawke's Bay Region,Nil,2-way,Sealed,0.0,0.0,0.0,100.0,0.0,None,0.0,0.0,,30.0,Hastings District,Unknown,0.0,1.0,0.0,1.0,0.0,0.0,Open,0.0,0.0,0.0,Fine
479139,1929453.0,5604796.0,548200.0,0.0,0.0,4.0,Null,2003/2004,MARKET ST SOUTH,SOUTHAMPTON ST WEST,Non-Injury Crash,No,2004,East,0.0,0.0,Flat,0.0,,0.0,0.0,Overcast,1489802.0,0.0,0.0,0.0,2.0,0.0,1.0,,Hawke's Bay Region,Nil,2-way,Sealed,0.0,0.0,0.0,50.0,0.0,Null,0.0,0.0,,30.0,Hastings District,Give way,0.0,0.0,0.0,0.0,0.0,0.0,Urban,0.0,0.0,0.0,Light rain
449763,1931660.0,5604588.0,548100.0,0.0,0.0,2.0,South,2003/2004,GROVE ROAD,JELLICOE ST,Non-Injury Crash,No,2003,South,0.0,1.0,Flat,0.0,,0.0,0.0,Dark,1499900.0,0.0,0.0,0.0,2.0,0.0,1.0,,Hawke's Bay Region,Nil,2-way,Sealed,0.0,0.0,0.0,50.0,0.0,On,0.0,0.0,,30.0,Hastings District,Nil,0.0,0.0,0.0,0.0,0.0,0.0,Urban,0.0,0.0,0.0,Fine
346666,1929584.0,5600691.0,545762.0,0.0,0.0,1.0,Null,2001/2002,TE AUTE ROAD,MOUNT ERIN ROAD,Non-Injury Crash,No,2002,West,0.0,1.0,Flat,0.0,,0.0,0.0,Dark,1465300.0,0.0,0.0,0.0,2.0,0.0,0.0,,Hawke's Bay Region,Nil,2-way,Sealed,0.0,0.0,0.0,100.0,0.0,None,0.0,0.0,,30.0,Hastings District,Give way,0.0,0.0,0.0,1.0,0.0,0.0,Open,0.0,0.0,0.0,Light rain
413822,1930137.0,5604489.0,548200.0,0.0,0.0,2.0,Null,2015/2016,HERETAUNGA ST EAST,MILLER ST,Non-Injury Crash,No,2015,South,0.0,,Flat,,,,,Bright sun,1493800.0,0.0,0.0,0.0,2.0,0.0,,,Hawke's Bay Region,Nil,2-way,Sealed,0.0,0.0,,50.0,,Null,0.0,0.0,,30.0,Hastings District,Give way,,,,,0.0,0.0,Urban,0.0,,,Fine