OBJECTID,X,Y,areaUnitID,bicycle,bus,carStationWagon,crashDirectionDescription,crashFinancialYear,crashLocation1,crashLocation2,crashSeverity,crashSHDescription,crashYear,directionRoleDescription,fatalCount,fence,flatHill,guardRail,holiday,houseOrBuilding,kerb,light,meshblockId,minorInjuryCount,moped,motorcycle,NumberOfLanes,otherVehicleType,parkedVehicle,pedestrian,region,roadCharacter,roadLane,roadSurface,schoolBus,seriousInjuryCount,slipOrFlood,speedLimit,strayAnimal,streetLight,suv,taxi,temporarySpeedLimit,tlaId,tlaName,trafficControl,trafficIsland,trafficSign,train,tree,truck,unknownVehicleType,urban,vanOrUtility,vehicle,waterRiver,weatherA
504161,1919355.0,5646261.0,545811.0,0.0,0.0,0.0,East,2006/2007,SH 5,OHURAKURA ROAD,Non-Injury Crash,Yes,2006,North,0.0,0.0,Hill Road,0.0,,0.0,0.0,Overcast,1414600.0,0.0,0.0,0.0,2.0,0.0,0.0,,Hawke's Bay Region,Nil,2-way,Sealed,0.0,0.0,0.0,100.0,0.0,Null,1.0,0.0,,30.0,Hastings District,Nil,0.0,0.0,0.0,0.0,0.0,0.0,Open,0.0,0.0,0.0,Light rain
482200,1927017.0,5605509.0,545761.0,0.0,0.0,1.0,North,2013/2014,YORK ROAD,MARAEKAKAHO ROAD,Non-Injury Crash,No,2014,South,0.0,,Flat,,,,,Bright sun,1469905.0,0.0,0.0,0.0,2.0,1.0,,,Hawke's Bay Region,Nil,2-way,Sealed,0.0,0.0,,70.0,,Off,0.0,0.0,,30.0,Hastings District,Nil,,,,,0.0,0.0,Urban,0.0,,,Fine
484219,1931735.0,5612352.0,545832.0,0.0,0.0,3.0,North,2007/2008,PAKOWHAI ROAD,CHESTERHOPE ROAD,Minor Crash,No,2008,North,0.0,,Flat,,,,,Overcast,1403900.0,1.0,0.0,0.0,2.0,0.0,,,Hawke's Bay Region,Nil,2-way,Sealed,0.0,0.0,,100.0,,Null,0.0,0.0,,30.0,Hastings District,Nil,,,,,0.0,0.0,Open,0.0,,,Fine
483535,1931002.0,5603933.0,548100.0,0.0,0.0,2.0,East,2006/2007,ST AUBYN ST EAST,TERRACE ROAD,Non-Injury Crash,No,2007,East,0.0,,Flat,,,,,Overcast,1500400.0,0.0,0.0,0.0,4.0,0.0,,,Hawke's Bay Region,Nil,2-way,Sealed,0.0,0.0,,50.0,,Null,0.0,0.0,,30.0,Hastings District,Nil,,,,,0.0,0.0,Urban,0.0,,,Fine
26582,1931738.0,5604464.0,548000.0,0.0,0.0,1.0,North,2004/2005,GROVE ROAD,SUSSEX ST,Non-Injury Crash,No,2005,North,0.0,,Flat,,,,,Overcast,1498800.0,0.0,0.0,0.0,2.0,0.0,,,Hawke's Bay Region,Nil,2-way,Sealed,0.0,0.0,,50.0,,None,0.0,0.0,,30.0,Hastings District,Nil,,,,,0.0,0.0,Urban,1.0,,,Fine
138629,1929513.0,5605921.0,547700.0,0.0,0.0,2.0,Null,2006/2007,ST AUBYN ST WEST,MCLEAN ST,Non-Injury Crash,No,2007,North,0.0,,Flat,,,,,Dark,1488300.0,0.0,0.0,0.0,2.0,0.0,,,Hawke's Bay Region,Nil,2-way,Sealed,0.0,0.0,,50.0,,On,0.0,0.0,,30.0,Hastings District,Give way,,,,,0.0,0.0,Urban,0.0,,,Fine
509372,1927188.0,5602210.0,545852.0,0.0,0.0,1.0,West,2007/2008,RAILWAY ROAD SOUTH,LONGLANDS ROAD EAST,Non-Injury Crash,No,2007,South,0.0,0.0,Flat,0.0,,0.0,0.0,Dark,1468700.0,0.0,0.0,0.0,2.0,0.0,0.0,,Hawke's Bay Region,Nil,2-way,Sealed,0.0,0.0,0.0,100.0,0.0,None,0.0,0.0,,30.0,Hastings District,Nil,0.0,0.0,0.0,0.0,0.0,0.0,Open,0.0,0.0,0.0,Light rain
689677,1929884.0,5604980.0,548200.0,0.0,0.0,2.0,West,2000/2001,RUSSELL ST NORTH,QUEEN ST EAST,Non-Injury Crash,No,2001,North,0.0,0.0,Flat,0.0,,0.0,0.0,Bright sun,1492100.0,0.0,0.0,0.0,2.0,0.0,1.0,,Hawke's Bay Region,Nil,2-way,Sealed,0.0,0.0,0.0,50.0,0.0,Null,0.0,0.0,,30.0,Hastings District,Nil,0.0,0.0,0.0,0.0,0.0,0.0,Urban,0.0,0.0,0.0,Fine
672705,1916081.0,5604836.0,545841.0,0.0,0.0,1.0,Null,2003/2004,SH 50,MARAEKAKAHO ROAD,Non-Injury Crash,Yes,2004,West,0.0,0.0,Flat,0.0,,0.0,0.0,Overcast,1462901.0,0.0,0.0,0.0,2.0,0.0,0.0,,Hawke's Bay Region,Nil,2-way,Sealed,0.0,0.0,0.0,100.0,0.0,Null,0.0,0.0,,30.0,Hastings District,Give way,0.0,0.0,0.0,0.0,0.0,0.0,Open,0.0,0.0,0.0,Heavy rain
391127,1931513.0,5604830.0,548000.0,0.0,0.0,1.0,Null,2012/2013,SYLVAN ROAD,GROVE ROAD,Non-Injury Crash,No,2012,North,0.0,,Flat,,,,,Twilight,1498600.0,0.0,0.0,1.0,2.0,0.0,,,Hawke's Bay Region,Nil,2-way,Sealed,0.0,0.0,,50.0,,Off,0.0,0.0,,30.0,Hastings District,Give way,,,,,0.0,0.0,Urban,0.0,,,Fine
335917,1932415.0,5610660.0,545832.0,0.0,0.0,1.0,North,2000/2001,PAKOWHAI ROAD,HODGSON ROAD,Non-Injury Crash,No,2001,North,0.0,,Flat,,,,,Overcast,1404000.0,0.0,0.0,0.0,2.0,0.0,,,Hawke's Bay Region,Nil,2-way,Sealed,0.0,0.0,,100.0,,Null,0.0,0.0,,30.0,Hastings District,Nil,,,,,0.0,0.0,Open,1.0,,,Light rain
561840,1929444.0,5605360.0,548200.0,0.0,0.0,2.0,South,2000/2001,SOUTHLAND ROAD,HERETAUNGA ST WEST,Non-Injury Crash,No,2001,North,0.0,,Flat,,,,,Bright sun,1488800.0,0.0,0.0,0.0,2.0,0.0,,,Hawke's Bay Region,Nil,2-way,Sealed,0.0,0.0,,50.0,,Null,0.0,0.0,,30.0,Hastings District,Nil,,,,,0.0,0.0,Urban,0.0,,,Fine
612263,1911805.0,5661935.0,545911.0,0.0,0.0,1.0,North,2005/2006,SH 5,MCVICAR ROAD,Non-Injury Crash,Yes,2006,South,0.0,0.0,Hill Road,0.0,,0.0,0.0,Bright sun,1414400.0,0.0,0.0,0.0,2.0,0.0,0.0,,Hawke's Bay Region,Nil,2-way,Sealed,0.0,0.0,0.0,100.0,0.0,Null,0.0,0.0,,30.0,Hastings District,Nil,0.0,0.0,0.0,0.0,0.0,0.0,Open,0.0,0.0,0.0,Fine
50574,1932997.0,5601844.0,548831.0,0.0,0.0,1.0,Null,2006/2007,TE MATA ROAD,KARANEMA DRIVE,Non-Injury Crash,No,2006,West,0.0,1.0,Hill Road,0.0,Labour Weekend,0.0,0.0,Overcast,1509700.0,0.0,0.0,0.0,2.0,0.0,0.0,,Hawke's Bay Region,Nil,2-way,Sealed,0.0,0.0,0.0,50.0,0.0,Null,0.0,0.0,,30.0,Hastings District,Give way,0.0,0.0,0.0,0.0,0.0,0.0,Urban,0.0,0.0,0.0,Fine
484547,1929632.0,5614474.0,545831.0,0.0,0.0,1.0,North,2000/2001,WAIOHIKI ROAD,LINKS ROAD,Non-Injury Crash,No,2001,East,0.0,0.0,Flat,0.0,,0.0,0.0,Bright sun,1404600.0,0.0,0.0,0.0,2.0,0.0,0.0,,Hawke's Bay Region,Nil,2-way,Sealed,0.0,0.0,0.0,70.0,0.0,Null,0.0,0.0,,30.0,Hastings District,Nil,0.0,0.0,0.0,0.0,0.0,0.0,Urban,0.0,0.0,0.0,Fine
359222,1931174.0,5600062.0,548822.0,0.0,0.0,2.0,Null,2014/2015,MIDDLE ROAD,IONA ROAD,Minor Crash,No,2015,North,0.0,,Flat,,,,,Bright sun,1465601.0,1.0,0.0,0.0,2.0,0.0,,,Hawke's Bay Region,Nil,2-way,Sealed,0.0,0.0,,100.0,,None,0.0,0.0,,30.0,Hastings District,Give way,,,,,0.0,0.0,Open,0.0,,,Fine
651850,1918629.0,5647360.0,545811.0,0.0,0.0,1.0,South,2008/2009,SH 5,OHURAKURA ROAD,Non-Injury Crash,Yes,2009,South,0.0,0.0,Hill Road,0.0,,0.0,0.0,Bright sun,1414700.0,0.0,0.0,0.0,2.0,0.0,0.0,,Hawke's Bay Region,Nil,2-way,Sealed,0.0,0.0,0.0,100.0,0.0,Null,0.0,0.0,,30.0,Hastings District,Nil,0.0,0.0,0.0,0.0,1.0,0.0,Open,0.0,0.0,0.0,Fine
330524,1936611.0,5654801.0,545911.0,0.0,0.0,1.0,North,2002/2003,SH 2,SANDY CREEK ROAD,Minor Crash,Yes,2003,South,0.0,0.0,Hill Road,1.0,,0.0,0.0,Overcast,1416000.0,1.0,0.0,0.0,2.0,0.0,0.0,,Hawke's Bay Region,Nil,2-way,Sealed,0.0,0.0,0.0,100.0,0.0,Null,0.0,0.0,,30.0,Hastings District,Nil,0.0,0.0,0.0,0.0,0.0,0.0,Open,0.0,0.0,0.0,Light rain
700738,1928001.5531,5605664.9646,547900.0,0.0,0.0,1.0,Null,2019/2020,MARAEKAKAHO ROAD,GORDON ROAD,Non-Injury Crash,No,2020,North,0.0,1.0,Flat,0.0,,0.0,0.0,Dark,1469902.0,0.0,0.0,0.0,2.0,0.0,0.0,,Hawke's Bay Region,Nil,2-way,Sealed,0.0,0.0,0.0,50.0,0.0,On,0.0,0.0,,30.0,Hastings District,Give way,0.0,0.0,0.0,0.0,0.0,0.0,Urban,0.0,0.0,0.0,Mist or Fog
446366,1926289.9322,5606244.6496,545761.0,0.0,0.0,2.0,Null,2018/2019,YORK ROAD,HAWKES BAY EXPRESSWAY,Non-Injury Crash,No,2019,West,0.0,,Flat,,,,,Bright sun,1469905.0,0.0,0.0,0.0,2.0,0.0,,,Hawke's Bay Region,Nil,2-way,Sealed,0.0,0.0,,100.0,,None,0.0,0.0,,30.0,Hastings District,Give way,,,,,0.0,0.0,Open,0.0,,,Fine
451550,1927675.0,5607353.0,547800.0,0.0,0.0,0.0,East,2004/2005,OMAHU ROAD,SH 50A,Non-Injury Crash,No,2004,West,0.0,,Flat,,,,,Bright sun,1476600.0,0.0,0.0,0.0,2.0,1.0,,,Hawke's Bay Region,Nil,2-way,Sealed,0.0,0.0,,100.0,,Null,0.0,0.0,,30.0,Hastings District,Nil,,,,,1.0,0.0,Open,0.0,,,Fine
597362,1929227.0,5606335.0,547700.0,0.0,0.0,1.0,Null,2011/2012,ST AUBYN ST WEST,NIKAU ST S,Non-Injury Crash,No,2011,North,0.0,,Flat,,,,,Bright sun,1486200.0,0.0,0.0,0.0,2.0,0.0,,,Hawke's Bay Region,Nil,2-way,Sealed,0.0,0.0,,50.0,,Null,1.0,0.0,,30.0,Hastings District,Give way,,,,,0.0,0.0,Urban,0.0,,,Fine
499229,1918537.0,5618762.0,545821.0,0.0,0.0,1.0,North,2004/2005,KAWERA ROAD,TAIHAPE ROAD,Minor Crash,No,2004,North,0.0,1.0,Flat,0.0,,0.0,0.0,Bright sun,1408401.0,1.0,0.0,0.0,2.0,0.0,0.0,,Hawke's Bay Region,Nil,2-way,Sealed,0.0,0.0,0.0,100.0,0.0,Null,0.0,0.0,,30.0,Hastings District,Nil,0.0,0.0,0.0,0.0,0.0,0.0,Open,0.0,0.0,0.0,Fine
162202,1930935.0,5613540.0,545831.0,0.0,0.0,2.0,Null,2000/2001,SH 50,SH 50A,Minor Crash,Yes,2000,North,0.0,,Flat,,,,,Bright sun,1404600.0,2.0,0.0,0.0,4.0,0.0,,,Hawke's Bay Region,Nil,2-way,Sealed,0.0,0.0,,100.0,,Null,0.0,0.0,,30.0,Hastings District,Give way,,,,,0.0,0.0,Open,0.0,,,Fine
421579,1929367.0,5603683.0,548300.0,0.0,0.0,0.0,North,2016/2017,Z-OFF ROAD MURDOCH ROAD E,RIVERSLEA ROAD SOUTH,Minor Crash,No,2017,North,0.0,,Flat,,,,,Bright sun,1503800.0,1.0,0.0,1.0,0.0,0.0,,1.0,Hawke's Bay Region,Nil,Off road,Unsealed,0.0,0.0,,10.0,,Null,0.0,0.0,,30.0,Hastings District,Unknown,,,,,0.0,0.0,Urban,0.0,,,Fine
386243,1929513.0,5605921.0,547700.0,0.0,0.0,1.0,Null,2007/2008,ST AUBYN ST WEST,MCLEAN ST,Non-Injury Crash,No,2008,South,0.0,,Flat,,,,,Bright sun,1488300.0,0.0,0.0,0.0,2.0,0.0,,,Hawke's Bay Region,Nil,2-way,Sealed,0.0,0.0,,50.0,,Null,1.0,0.0,,30.0,Hastings District,Give way,,,,,0.0,0.0,Urban,0.0,,,Fine
345292,1925116.0,5607607.0,548611.0,0.0,0.0,1.0,Null,2000/2001,FLAXMERE AVENUE,CHATHAM ROAD,Minor Crash,No,2000,South,0.0,1.0,Flat,0.0,,0.0,0.0,Dark,1473806.0,1.0,0.0,0.0,2.0,0.0,0.0,,Hawke's Bay Region,Nil,2-way,Sealed,0.0,0.0,0.0,50.0,0.0,On,0.0,0.0,,30.0,Hastings District,Give way,1.0,1.0,0.0,0.0,0.0,0.0,Urban,0.0,0.0,0.0,Mist or Fog
293646,1930911.1088,5607888.3699,545710.0,0.0,0.0,2.0,Null,2018/2019,PAKOWHAI ROAD,RICHMOND ROAD,Non-Injury Crash,No,2019,South,0.0,,Flat,,,,,Dark,1471100.0,0.0,0.0,0.0,2.0,0.0,,,Hawke's Bay Region,Nil,2-way,Sealed,0.0,0.0,,50.0,,On,0.0,0.0,,30.0,Hastings District,Give way,,,,,0.0,0.0,Urban,0.0,,,Fine
684449,1931851.1112,5600826.4532,548821.0,0.0,0.0,1.0,Null,2019/2020,MIDDLE ROAD,BREADALBANE ROAD,Serious Crash,No,2020,North,0.0,,Flat,,,,,Twilight,1465505.0,0.0,0.0,1.0,2.0,0.0,,,Hawke's Bay Region,Nil,2-way,Sealed,0.0,1.0,,50.0,,Off,0.0,0.0,,30.0,Hastings District,Nil,,,,,0.0,0.0,Urban,0.0,,,Fine
257764,1927234.0,5602249.0,545762.0,0.0,0.0,1.0,Null,2008/2009,RAILWAY ROAD SOUTH,LONGLANDS ROAD EAST,Serious Crash,No,2008,South,0.0,,Flat,,,,,Bright sun,1468200.0,0.0,0.0,0.0,2.0,0.0,,,Hawke's Bay Region,Nil,2-way,Sealed,0.0,1.0,,100.0,,Null,0.0,0.0,,30.0,Hastings District,Give way,,,,,1.0,0.0,Open,0.0,,,Fine
628366,1929313.0,5606678.0,547800.0,1.0,0.0,1.0,Null,2008/2009,FITZROY AVENUE,PAKOWHAI ROAD,Minor Crash,No,2009,South,0.0,,Flat,,,,,Overcast,1477600.0,1.0,0.0,0.0,2.0,0.0,,,Hawke's Bay Region,Nil,2-way,Sealed,0.0,0.0,,50.0,,Null,0.0,0.0,,30.0,Hastings District,Give way,,,,,0.0,0.0,Urban,0.0,,,Light rain
273694,1938310.0,5608379.0,545740.0,0.0,0.0,1.0,North,2002/2003,HAUMOANA ROAD,PARKHILL ROAD,Non-Injury Crash,No,2003,South,0.0,1.0,Flat,0.0,,0.0,0.0,Dark,1406900.0,0.0,0.0,0.0,2.0,0.0,0.0,,Hawke's Bay Region,Nil,2-way,Sealed,0.0,0.0,0.0,100.0,0.0,None,0.0,0.0,,30.0,Hastings District,Nil,0.0,0.0,0.0,0.0,0.0,0.0,Open,0.0,0.0,0.0,Fine
40117,1932440.0,5602075.0,548831.0,0.0,0.0,0.0,North,2009/2010,KARANEMA DRIVE,HAVELOCK ROAD,Non-Injury Crash,No,2009,North,0.0,0.0,Flat,0.0,,0.0,0.0,Dark,1509600.0,0.0,0.0,0.0,2.0,0.0,0.0,,Hawke's Bay Region,Nil,2-way,Sealed,0.0,0.0,0.0,50.0,0.0,On,1.0,0.0,,30.0,Hastings District,Nil,1.0,0.0,0.0,0.0,0.0,0.0,Urban,0.0,0.0,0.0,Fine
269576,1933115.0,5601880.0,548832.0,0.0,0.0,1.0,Null,2003/2004,TE MATA ROAD,CHAMBERS ST,Minor Crash,No,2004,West,0.0,0.0,Hill Road,0.0,,0.0,0.0,Overcast,1508500.0,1.0,0.0,0.0,2.0,0.0,1.0,,Hawke's Bay Region,Nil,2-way,Sealed,0.0,0.0,0.0,50.0,0.0,Null,0.0,0.0,,30.0,Hastings District,Give way,0.0,0.0,0.0,0.0,0.0,0.0,Urban,1.0,0.0,0.0,Fine
119655,1909188.0,5674550.0,545911.0,0.0,0.0,0.0,North,2014/2015,SH 5,TATARAAKINA ROAD,Non-Injury Crash,Yes,2015,North,0.0,,Hill Road,,,,,Dark,1281200.0,0.0,0.0,0.0,2.0,0.0,,,Hawke's Bay Region,Nil,2-way,Sealed,0.0,0.0,,100.0,,None,1.0,0.0,,30.0,Hastings District,Unknown,,,,,0.0,0.0,Open,0.0,,,Mist or Fog
203268,1926099.0,5607718.0,545761.0,0.0,0.0,1.0,South,2004/2005,HENDERSON ROAD,STEVENS PLACE,Serious Crash,No,2005,North,0.0,0.0,Flat,0.0,,0.0,0.0,Bright sun,1470002.0,0.0,0.0,0.0,2.0,0.0,0.0,,Hawke's Bay Region,Nil,2-way,Sealed,0.0,1.0,0.0,100.0,0.0,Null,0.0,0.0,,30.0,Hastings District,Nil,0.0,0.0,0.0,0.0,0.0,0.0,Open,0.0,0.0,0.0,Fine
283810,1929431.0,5606034.0,547700.0,0.0,0.0,2.0,Null,2014/2015,ST AUBYN ST WEST,GRAYS ROAD,Non-Injury Crash,No,2015,West,0.0,,Flat,,,,,Overcast,1488100.0,0.0,0.0,0.0,2.0,0.0,,,Hawke's Bay Region,Nil,2-way,Sealed,0.0,0.0,,50.0,,Off,0.0,0.0,,30.0,Hastings District,Give way,,,,,0.0,0.0,Urban,0.0,,,Light rain
614449,1927633.0,5607439.0,548400.0,0.0,0.0,2.0,Null,2015/2016,SH 50A,OMAHU ROAD,Non-Injury Crash,Yes,2015,East,0.0,,Flat,,,,,Bright sun,1473600.0,0.0,0.0,0.0,2.0,0.0,,,Hawke's Bay Region,Nil,2-way,Sealed,0.0,0.0,,50.0,,Null,0.0,0.0,,30.0,Hastings District,Give way,,,,,0.0,0.0,Urban,0.0,,,Light rain
28252,1935132.0,5605337.0,545750.0,0.0,0.0,0.0,North,2010/2011,TE MATA MANGATERETERE ROA,THOMPSON ROAD,Serious Crash,No,2010,North,0.0,,Flat,,,,,Overcast,1406600.0,0.0,0.0,1.0,2.0,0.0,,,Hawke's Bay Region,Nil,2-way,Sealed,0.0,1.0,,100.0,,Null,1.0,0.0,,30.0,Hastings District,Nil,,,,,0.0,0.0,Open,0.0,,,Fine
739471,1931105.0,5613988.0,545831.0,0.0,0.0,0.0,North,2016/2017,SH 50,PAKOWHAI OFF SBD,Non-Injury Crash,Yes,2017,South,0.0,0.0,Flat,0.0,,0.0,0.0,Twilight,1404600.0,0.0,0.0,0.0,2.0,0.0,0.0,,Hawke's Bay Region,Nil,2-way,Sealed,0.0,0.0,0.0,100.0,0.0,None,0.0,0.0,,30.0,Hastings District,Unknown,0.0,0.0,0.0,0.0,0.0,0.0,Open,1.0,0.0,0.0,Heavy rain
537400,1929488.0,5605153.0,548200.0,0.0,0.0,1.0,South,2002/2003,EASTBOURNE ST WEST,NELSON ST SOUTH,Non-Injury Crash,No,2003,North,0.0,0.0,Flat,0.0,,0.0,0.0,Overcast,1489000.0,0.0,0.0,0.0,2.0,0.0,1.0,,Hawke's Bay Region,Nil,2-way,Sealed,0.0,0.0,0.0,50.0,0.0,Null,0.0,0.0,,30.0,Hastings District,Nil,0.0,0.0,0.0,0.0,1.0,0.0,Urban,0.0,0.0,0.0,Fine
687915,1932099.0,5601108.0,548810.0,0.0,0.0,2.0,North,2017/2018,MIDDLE ROAD,UPHAM ST,Non-Injury Crash,No,2017,West,0.0,0.0,Flat,0.0,,0.0,0.0,Bright sun,1505900.0,0.0,0.0,0.0,2.0,0.0,1.0,,Hawke's Bay Region,Nil,2-way,Sealed,0.0,0.0,0.0,50.0,0.0,Null,0.0,0.0,,30.0,Hastings District,Unknown,0.0,0.0,0.0,0.0,0.0,0.0,Urban,0.0,0.0,0.0,Fine
5328,1925955.0,5608237.0,545710.0,0.0,0.0,1.0,Null,2008/2009,OMAHU ROAD,CHATHAM ROAD,Non-Injury Crash,No,2008,West,0.0,,Flat,,,,,Overcast,1470900.0,0.0,0.0,0.0,2.0,0.0,,,Hawke's Bay Region,Nil,2-way,Sealed,0.0,0.0,,50.0,,Null,0.0,0.0,,30.0,Hastings District,Give way,,,,,0.0,0.0,Urban,1.0,,,Fine
150245,1934636.0,5603957.0,545750.0,0.0,0.0,0.0,South,2013/2014,THOMPSON ROAD,BROOKVALE ROAD,Minor Crash,No,2013,South,0.0,,Flat,,,,,Overcast,1406600.0,1.0,0.0,0.0,2.0,0.0,,,Hawke's Bay Region,Nil,2-way,Sealed,0.0,0.0,,100.0,,Null,0.0,0.0,,30.0,Hastings District,Nil,,,,,0.0,0.0,Open,1.0,,,Light rain
127300,1929182.0,5606580.0,547800.0,0.0,0.0,2.0,North,2017/2018,PAKOWHAI ROAD,FRIMLEY ROAD,Non-Injury Crash,No,2017,North,0.0,,Flat,,,,,Bright sun,1477600.0,0.0,0.0,0.0,2.0,0.0,,,Hawke's Bay Region,Nil,2-way,Sealed,0.0,0.0,,50.0,,Null,0.0,0.0,,30.0,Hastings District,Unknown,,,,,0.0,0.0,Urban,0.0,,,Fine
101388,1931580.0,5602901.0,545721.0,0.0,0.0,2.0,Null,2004/2005,HAVELOCK ROAD,ST GEORGES ROAD,Minor Crash,No,2005,North,0.0,,Flat,,,,,Overcast,1472900.0,1.0,0.0,0.0,2.0,0.0,,,Hawke's Bay Region,Nil,2-way,Sealed,0.0,0.0,,70.0,,Null,0.0,0.0,,30.0,Hastings District,Stop,,,,,0.0,0.0,Urban,0.0,,,Fine
74346,1930055.0,5604611.0,548200.0,0.0,0.0,1.0,Null,2002/2003,HERETAUNGA ST EAST,HASTINGS ST NORTH,Non-Injury Crash,No,2003,East,0.0,0.0,Flat,0.0,,0.0,0.0,Bright sun,1493300.0,0.0,0.0,0.0,2.0,0.0,0.0,,Hawke's Bay Region,Nil,2-way,Sealed,0.0,0.0,0.0,50.0,0.0,Off,0.0,0.0,,30.0,Hastings District,Give way,0.0,0.0,0.0,1.0,0.0,0.0,Urban,0.0,0.0,0.0,Fine
127018,1928874.0,5606164.0,547700.0,0.0,0.0,1.0,North,2006/2007,HERETAUNGA ST WEST,STORTFORD ST,Minor Crash,No,2007,South,0.0,,Flat,,,,,Bright sun,1486600.0,1.0,1.0,0.0,2.0,0.0,,,Hawke's Bay Region,Nil,2-way,Sealed,0.0,0.0,,50.0,,Null,0.0,0.0,,30.0,Hastings District,Give way,,,,,0.0,0.0,Urban,0.0,,,Fine
109465,1926288.0,5607801.0,548400.0,0.0,0.0,1.0,South,2004/2005,STEVENS PLACE,HENDERSON ROAD,Minor Crash,No,2004,East,0.0,0.0,Flat,0.0,,0.0,0.0,Bright sun,1473400.0,2.0,0.0,0.0,2.0,0.0,1.0,,Hawke's Bay Region,Nil,2-way,Sealed,0.0,0.0,0.0,50.0,0.0,Null,0.0,0.0,,30.0,Hastings District,Nil,0.0,0.0,0.0,0.0,0.0,0.0,Urban,1.0,0.0,0.0,Fine
730012,1929584.0,5600691.0,545762.0,0.0,0.0,0.0,Null,2017/2018,TE AUTE ROAD,ST GEORGES ROAD,Non-Injury Crash,No,2018,East,0.0,1.0,Flat,0.0,,0.0,0.0,Dark,1465300.0,0.0,0.0,0.0,2.0,0.0,0.0,,Hawke's Bay Region,Nil,2-way,Sealed,0.0,0.0,0.0,100.0,0.0,On,1.0,0.0,,30.0,Hastings District,Give way,0.0,0.0,0.0,0.0,0.0,0.0,Open,0.0,0.0,0.0,Light rain
211103,1932640.0,5608263.0,545721.0,0.0,0.0,1.0,South,2006/2007,RUAHAPIA ROAD,WHAKATU ROAD,Non-Injury Crash,No,2006,South,0.0,,Flat,,,,,Bright sun,1471600.0,0.0,0.0,0.0,2.0,1.0,,,Hawke's Bay Region,Nil,2-way,Sealed,0.0,0.0,,100.0,,Null,0.0,0.0,,30.0,Hastings District,Nil,,,,,0.0,0.0,Open,0.0,,,Fine
157104,1917564.0,5615173.0,545821.0,0.0,0.0,1.0,West,2001/2002,TAIHAPE ROAD,KAWERA ROAD,Minor Crash,No,2002,North,0.0,0.0,Flat,0.0,,0.0,0.0,Dark,1410300.0,2.0,0.0,0.0,2.0,0.0,0.0,,Hawke's Bay Region,Nil,2-way,Sealed,0.0,0.0,0.0,100.0,0.0,None,0.0,0.0,,30.0,Hastings District,Nil,0.0,0.0,0.0,0.0,0.0,0.0,Open,0.0,0.0,0.0,Fine
543957,1942958.0,5604415.0,545740.0,0.0,0.0,1.0,South,2006/2007,CLIFTON ROAD,CHARLTON ROAD,Minor Crash,No,2006,South,0.0,1.0,Flat,0.0,,0.0,0.0,Dark,1408100.0,2.0,0.0,0.0,2.0,0.0,0.0,,Hawke's Bay Region,Nil,2-way,Sealed,0.0,0.0,0.0,100.0,0.0,None,0.0,0.0,,30.0,Hastings District,Nil,0.0,0.0,0.0,1.0,0.0,0.0,Open,0.0,0.0,0.0,Fine
76410,1930935.0,5613540.0,545831.0,0.0,0.0,2.0,Null,2004/2005,SH 50,SH 50A,Non-Injury Crash,Yes,2004,North,0.0,,Flat,,,,,Bright sun,1404600.0,0.0,0.0,0.0,3.0,0.0,,,Hawke's Bay Region,Nil,2-way,Sealed,0.0,0.0,,100.0,,Null,0.0,0.0,,30.0,Hastings District,Give way,,,,,0.0,0.0,Open,0.0,,,Fine
734187,1928112.676,5606928.4344,547800.0,0.0,0.0,1.0,Null,2019/2020,OMAHU ROAD,NOTTINGLEY ROAD,Non-Injury Crash,No,2019,South,0.0,1.0,Flat,0.0,,0.0,0.0,Dark,1476700.0,0.0,0.0,0.0,2.0,0.0,0.0,,Hawke's Bay Region,Nil,2-way,Sealed,0.0,0.0,0.0,50.0,0.0,On,0.0,0.0,,30.0,Hastings District,Give way,0.0,0.0,0.0,0.0,0.0,0.0,Urban,0.0,0.0,0.0,Light rain
120498,1928803.0,5600989.0,545762.0,0.0,0.0,1.0,West,2002/2003,LONGLANDS ROAD EAST,TE AUTE ROAD,Non-Injury Crash,No,2002,East,0.0,0.0,Flat,0.0,,0.0,0.0,Overcast,1468400.0,0.0,0.0,0.0,2.0,0.0,0.0,,Hawke's Bay Region,Nil,2-way,Sealed,0.0,0.0,0.0,100.0,0.0,Null,0.0,0.0,,30.0,Hastings District,Nil,0.0,0.0,0.0,0.0,0.0,0.0,Open,0.0,0.0,0.0,Heavy rain
238223,1934855.3186,5598671.1343,548833.0,0.0,0.0,1.0,North,2018/2019,TE MATA PEAK ROAD,PEAKHOUSE,Minor Crash,No,2019,East,0.0,1.0,Hill Road,1.0,,0.0,0.0,Dark,1467003.0,2.0,0.0,0.0,2.0,0.0,0.0,,Hawke's Bay Region,Nil,2-way,Sealed,0.0,0.0,0.0,40.0,0.0,None,0.0,0.0,,30.0,Hastings District,Unknown,0.0,0.0,0.0,0.0,0.0,0.0,Urban,0.0,0.0,0.0,Fine
189947,1928234.0,5605013.0,547900.0,0.0,0.0,2.0,West,2003/2004,OLIPHANT ROAD,CAMPBELL ST,Non-Injury Crash,No,2003,West,0.0,,Flat,,,,,Overcast,1480500.0,0.0,0.0,0.0,2.0,0.0,,,Hawke's Bay Region,Nil,2-way,Sealed,0.0,0.0,,50.0,,Null,0.0,0.0,,30.0,Hastings District,Nil,,,,,0.0,0.0,Urban,0.0,,,Light rain