OBJECTID,X,Y,areaUnitID,bicycle,bus,carStationWagon,crashDirectionDescription,crashFinancialYear,crashLocation1,crashLocation2,crashSeverity,crashSHDescription,crashYear,directionRoleDescription,fatalCount,fence,flatHill,guardRail,holiday,houseOrBuilding,kerb,light,meshblockId,minorInjuryCount,moped,motorcycle,NumberOfLanes,otherVehicleType,parkedVehicle,pedestrian,region,roadCharacter,roadLane,roadSurface,schoolBus,seriousInjuryCount,slipOrFlood,speedLimit,strayAnimal,streetLight,suv,taxi,temporarySpeedLimit,tlaId,tlaName,trafficControl,trafficIsland,trafficSign,train,tree,truck,unknownVehicleType,urban,vanOrUtility,vehicle,waterRiver,weatherA
224831,1907844.0,5675531.0,545911.0,0.0,0.0,1.0,North,2006/2007,SH 5,TARAWERA TAV,Non-Injury Crash,Yes,2007,North,0.0,0.0,Hill Road,0.0,,0.0,0.0,Overcast,1281200.0,0.0,0.0,0.0,2.0,0.0,0.0,,Hawke's Bay Region,Nil,2-way,Sealed,0.0,0.0,0.0,100.0,0.0,Null,0.0,0.0,,30.0,Hastings District,Nil,0.0,0.0,0.0,0.0,0.0,0.0,Open,0.0,0.0,0.0,Heavy rain
418602,1920341.0,5607797.0,545842.0,0.0,0.0,2.0,Null,2000/2001,SH 50,NGATARAWA ROAD,Non-Injury Crash,Yes,2000,West,0.0,1.0,Flat,0.0,Christmas New Year,0.0,0.0,Dark,1470307.0,0.0,0.0,0.0,2.0,0.0,0.0,,Hawke's Bay Region,Nil,2-way,Sealed,0.0,0.0,0.0,100.0,0.0,None,0.0,0.0,,30.0,Hastings District,Give way,0.0,1.0,0.0,0.0,0.0,0.0,Open,0.0,0.0,0.0,Fine
226407,1930598.0,5611920.0,545832.0,0.0,0.0,3.0,South,2016/2017,SH 50A,SH 50 LINKS ROAD,Serious Crash,Yes,2017,North,0.0,,Flat,,,,,Twilight,1404400.0,0.0,0.0,0.0,2.0,0.0,,,Hawke's Bay Region,Nil,2-way,Sealed,0.0,1.0,,100.0,,None,0.0,0.0,,30.0,Hastings District,Unknown,,,,,0.0,0.0,Open,0.0,,,Fine
489584,1932890.2438,5606349.0431,545721.0,0.0,0.0,1.0,Null,2019/2020,SH 51,WAIPATU SETTLEMENT ROAD,Non-Injury Crash,Yes,2020,East,0.0,,Null,,,,,Unknown,1472100.0,0.0,0.0,0.0,2.0,0.0,,,Hawke's Bay Region,Nil,2-way,Sealed,0.0,0.0,,80.0,,None,1.0,0.0,,30.0,Hastings District,Nil,,,,,0.0,0.0,Open,0.0,,,Fine
117993,1932997.0,5602876.0,545721.0,0.0,0.0,2.0,West,2003/2004,CROSSES ROAD,NAPIER ROAD,Non-Injury Crash,No,2004,East,0.0,,Flat,,,,,Overcast,1473100.0,0.0,0.0,0.0,2.0,0.0,,,Hawke's Bay Region,Nil,2-way,Sealed,0.0,0.0,,100.0,,Null,0.0,0.0,,30.0,Hastings District,Nil,,,,,0.0,0.0,Open,1.0,,,Light rain
458985,1928493.8046,5606036.9439,548500.0,0.0,0.0,2.0,Null,2020/2021,MARAEKAKAHO ROAD,ORCHARD ROAD,Non-Injury Crash,No,2020,North,0.0,,Flat,,,,,Overcast,1479600.0,0.0,0.0,0.0,2.0,0.0,,,Hawke's Bay Region,Nil,2-way,Sealed,0.0,0.0,,50.0,,Null,0.0,0.0,,30.0,Hastings District,Traffic Signals,,,,,0.0,0.0,Urban,0.0,,,Fine
120715,1929265.0,5605647.0,547700.0,0.0,0.0,1.0,Null,2010/2011,HERETAUNGA ST WEST,LOVEDALE ROAD,Non-Injury Crash,No,2011,East,0.0,,Flat,,,,,Overcast,1487900.0,0.0,0.0,0.0,2.0,0.0,,,Hawke's Bay Region,Nil,2-way,Sealed,0.0,0.0,,50.0,,Null,1.0,0.0,,30.0,Hastings District,Stop,,,,,0.0,0.0,Urban,0.0,,,Fine
377562,1929764.0,5604384.0,548200.0,0.0,0.0,2.0,Null,2016/2017,HASTINGS ST SOUTH,SOUTHAMPTON ST EAST,Non-Injury Crash,No,2016,West,0.0,,Flat,,,,,Bright sun,1493000.0,0.0,0.0,0.0,1.0,0.0,,,Hawke's Bay Region,Nil,1-way,Sealed,0.0,0.0,,50.0,,Null,0.0,0.0,,30.0,Hastings District,Give way,,,,,0.0,0.0,Urban,0.0,,,Fine
441709,1929905.0,5605001.0,548200.0,0.0,0.0,2.0,Null,2016/2017,QUEEN ST EAST,RUSSELL ST NORTH,Non-Injury Crash,No,2017,South,0.0,,Flat,,,,,Overcast,1492200.0,0.0,0.0,0.0,2.0,0.0,,,Hawke's Bay Region,Nil,2-way,Sealed,0.0,0.0,,50.0,,Null,1.0,0.0,,30.0,Hastings District,Traffic Signals,,,,,0.0,0.0,Urban,0.0,,,Light rain
719210,1930473.0,5607553.0,545721.0,0.0,0.0,1.0,Null,1999/2000,PAKOWHAI ROAD,EVENDEN ROAD,Non-Injury Crash,No,2000,North,0.0,,Flat,,,,,Bright sun,1471401.0,0.0,0.0,0.0,3.0,0.0,,,Hawke's Bay Region,Nil,2-way,Sealed,0.0,0.0,,100.0,,Null,0.0,0.0,,30.0,Hastings District,Give way,,,,,1.0,0.0,Open,0.0,,,Fine
694130,1927801.5082,5607227.5799,548500.0,0.0,0.0,1.0,North,2019/2020,OMAHU ROAD,STONYCROFT STREET,Minor Crash,No,2020,East,0.0,0.0,Flat,0.0,,0.0,0.0,Bright sun,1477900.0,1.0,0.0,0.0,1.0,0.0,0.0,,Hawke's Bay Region,Nil,2-way,Sealed,0.0,0.0,0.0,50.0,0.0,Off,0.0,0.0,,30.0,Hastings District,Unknown,1.0,0.0,0.0,0.0,0.0,0.0,Urban,0.0,0.0,0.0,Fine
222436,1926535.0,5607989.0,548400.0,0.0,0.0,1.0,West,2000/2001,OMAHU ROAD,MEIHANA ST,Minor Crash,No,2001,East,0.0,,Flat,,,,,Bright sun,1473400.0,1.0,1.0,0.0,2.0,0.0,,,Hawke's Bay Region,Nil,2-way,Sealed,0.0,0.0,,70.0,,Null,0.0,0.0,,30.0,Hastings District,Nil,,,,,0.0,0.0,Urban,0.0,,,Fine
295930,1932411.0,5606189.0,545721.0,0.0,0.0,2.0,Null,2008/2009,SH 2,BENNETT ROAD,Minor Crash,Yes,2008,West,0.0,,Flat,,,,,Bright sun,1472300.0,2.0,0.0,0.0,2.0,0.0,,,Hawke's Bay Region,Nil,2-way,Sealed,0.0,0.0,,70.0,,Null,0.0,0.0,,30.0,Hastings District,Stop,,,,,0.0,0.0,Urban,1.0,,,Fine
369007,1931916.0,5630369.0,545611.0,0.0,0.0,1.0,South,2013/2014,HILL ROAD,SEAFIELD ROAD,Non-Injury Crash,No,2014,North,0.0,1.0,Flat,0.0,,0.0,0.0,Bright sun,1413900.0,0.0,0.0,0.0,2.0,0.0,0.0,,Hawke's Bay Region,Nil,2-way,Sealed,0.0,0.0,0.0,100.0,0.0,Null,0.0,0.0,,30.0,Hastings District,Unknown,0.0,0.0,0.0,0.0,0.0,0.0,Open,0.0,0.0,0.0,Fine
419368,1924459.0,5607938.0,548611.0,0.0,0.0,2.0,Null,2010/2011,DIAZ DRIVE,FLAXMERE AVENUE,Non-Injury Crash,No,2010,North,0.0,,Flat,,,,,Bright sun,1469710.0,0.0,0.0,0.0,2.0,0.0,,,Hawke's Bay Region,Nil,2-way,Sealed,0.0,0.0,,50.0,,Null,0.0,0.0,,30.0,Hastings District,Give way,,,,,0.0,0.0,Urban,0.0,,,Fine
438780,1932202.0,5603282.0,545721.0,0.0,0.0,1.0,Null,2001/2002,ST GEORGES ROAD,ADA ST,Minor Crash,No,2001,East,0.0,0.0,Flat,0.0,,0.0,0.0,Dark,1472801.0,1.0,0.0,0.0,2.0,0.0,0.0,,Hawke's Bay Region,Nil,2-way,Sealed,0.0,0.0,0.0,100.0,0.0,On,0.0,0.0,,30.0,Hastings District,Give way,0.0,0.0,0.0,0.0,0.0,0.0,Open,0.0,0.0,0.0,Fine
581900,1928812.0,5605065.0,548200.0,0.0,0.0,2.0,Null,2000/2001,HENRY ST,CHARLES ST,Non-Injury Crash,No,2000,West,0.0,,Flat,,,,,Bright sun,1488500.0,0.0,0.0,0.0,2.0,0.0,,,Hawke's Bay Region,Nil,2-way,Sealed,0.0,0.0,,50.0,,Null,0.0,0.0,,30.0,Hastings District,Give way,,,,,0.0,0.0,Urban,0.0,,,Fine
344010,1938461.0,5594690.0,545860.0,0.0,0.0,1.0,West,2016/2017,WAIMARAMA ROAD,MARAETOTARA ROAD,Non-Injury Crash,No,2017,East,0.0,1.0,Hill Road,0.0,,0.0,0.0,Overcast,1467200.0,0.0,0.0,0.0,2.0,0.0,0.0,,Hawke's Bay Region,Nil,2-way,Sealed,0.0,0.0,0.0,100.0,0.0,None,0.0,0.0,,30.0,Hastings District,Unknown,0.0,0.0,0.0,0.0,0.0,0.0,Open,0.0,0.0,0.0,Light rain
612307,1929367.0,5604909.0,548200.0,0.0,0.0,2.0,Null,2017/2018,SOUTHAMPTON ST WEST,KING ST SOUTH,Non-Injury Crash,No,2018,South,0.0,,Flat,,,,,Overcast,1489100.0,0.0,0.0,0.0,2.0,0.0,,,Hawke's Bay Region,Nil,2-way,Sealed,0.0,0.0,,50.0,,Null,0.0,0.0,,30.0,Hastings District,Stop,,,,,0.0,0.0,Urban,0.0,,,Fine
431834,1929679.0,5600722.0,545762.0,0.0,0.0,1.0,East,2013/2014,TE AUTE ROAD,ST GEORGES ROAD,Minor Crash,No,2013,East,0.0,1.0,Flat,0.0,,0.0,0.0,Overcast,1465300.0,1.0,0.0,0.0,2.0,0.0,0.0,,Hawke's Bay Region,Nil,2-way,Sealed,0.0,0.0,0.0,100.0,0.0,Null,0.0,0.0,,30.0,Hastings District,Nil,0.0,0.0,0.0,0.0,0.0,0.0,Open,0.0,0.0,0.0,Fine
421677,1898607.0,5593575.0,545841.0,0.0,0.0,0.0,Null,2009/2010,SH 50,MANGA-O-NUKU NO3 BR,Serious Crash,Yes,2009,North,0.0,0.0,Flat,0.0,,0.0,0.0,Bright sun,1462600.0,0.0,0.0,1.0,1.0,0.0,0.0,,Hawke's Bay Region,Bridge,2-way,Sealed,0.0,1.0,0.0,100.0,0.0,Null,0.0,0.0,,30.0,Hastings District,Give way,0.0,0.0,0.0,0.0,0.0,0.0,Open,0.0,0.0,0.0,Fine
31831,1930728.0,5604899.0,548200.0,0.0,0.0,3.0,South,2017/2018,ALBERT ST,MILLER ST,Non-Injury Crash,No,2018,South,0.0,0.0,Flat,0.0,,0.0,0.0,Twilight,1495100.0,0.0,0.0,0.0,2.0,0.0,1.0,,Hawke's Bay Region,Nil,2-way,Sealed,0.0,0.0,0.0,50.0,0.0,Off,0.0,0.0,,30.0,Hastings District,Unknown,0.0,0.0,0.0,0.0,0.0,0.0,Urban,0.0,0.0,0.0,Fine
160368,1893657.0,5631276.0,545913.0,0.0,0.0,0.0,South,2013/2014,TAIHAPE ROAD,LAWRENCE ROAD,Minor Crash,No,2013,North,0.0,,Hill Road,,,,,Bright sun,1409800.0,1.0,0.0,1.0,2.0,0.0,,,Hawke's Bay Region,Nil,2-way,Sealed,0.0,0.0,,100.0,,Null,0.0,0.0,,30.0,Hastings District,Nil,,,,,0.0,0.0,Open,0.0,,,Fine
186508,1927633.0,5607439.0,548400.0,0.0,0.0,2.0,Null,1999/2000,OMAHU ROAD,SH 50A,Non-Injury Crash,Yes,2000,East,0.0,,Flat,,,,,Bright sun,1473600.0,0.0,0.0,0.0,4.0,0.0,,,Hawke's Bay Region,Nil,2-way,Sealed,0.0,0.0,,50.0,,Null,0.0,0.0,,30.0,Hastings District,Give way,,,,,0.0,0.0,Urban,0.0,,,Fine
516508,1925321.0,5599569.0,545852.0,0.0,0.0,2.0,Null,2009/2010,SH 2,SH 50A PAKI PAKI,Serious Crash,Yes,2009,North,0.0,,Flat,,Labour Weekend,,,Bright sun,1469600.0,3.0,0.0,0.0,2.0,0.0,,,Hawke's Bay Region,Nil,2-way,Sealed,0.0,1.0,,100.0,,Null,0.0,0.0,,30.0,Hastings District,Give way,,,,,0.0,0.0,Open,0.0,,,Fine
268430,1928798.0,5606263.0,547700.0,0.0,0.0,2.0,Null,2008/2009,HERETAUNGA ST WEST,MARAEKAKAHO ROAD,Non-Injury Crash,No,2008,West,0.0,,Flat,,,,,Bright sun,1486600.0,0.0,0.0,0.0,2.0,0.0,,,Hawke's Bay Region,Nil,2-way,Sealed,0.0,0.0,,50.0,,Null,0.0,0.0,,30.0,Hastings District,Give way,,,,,0.0,0.0,Urban,1.0,,,Fine
622367,1913525.0,5587593.0,545851.0,0.0,0.0,1.0,North,2015/2016,SH 2,WAIKAREAO ROAD,Minor Crash,Yes,2015,North,0.0,,Flat,,,,,Dark,1464500.0,2.0,0.0,0.0,2.0,0.0,,,Hawke's Bay Region,Nil,2-way,Sealed,0.0,0.0,,100.0,,On,0.0,0.0,,30.0,Hastings District,Unknown,,,,,0.0,0.0,Open,0.0,,,Fine
638209,1929435.0,5604820.0,548200.0,0.0,0.0,2.0,North,2016/2017,SOUTHAMPTON ST WEST,MARKET ST SOUTH,Non-Injury Crash,No,2016,South,0.0,,Flat,,,,,Bright sun,1489801.0,0.0,0.0,0.0,2.0,0.0,,,Hawke's Bay Region,Nil,2-way,Sealed,0.0,0.0,,50.0,,Null,0.0,0.0,,30.0,Hastings District,Unknown,,,,,1.0,0.0,Urban,0.0,,,Fine
492063,1918746.0,5647608.0,545811.0,0.0,0.0,0.0,South,2002/2003,SH 5,OHURAKURA ROAD,Non-Injury Crash,Yes,2003,South,0.0,0.0,Hill Road,0.0,,0.0,0.0,Dark,1414700.0,0.0,0.0,0.0,2.0,0.0,0.0,,Hawke's Bay Region,Nil,2-way,Sealed,0.0,0.0,1.0,100.0,0.0,Off,0.0,0.0,,30.0,Hastings District,Nil,0.0,0.0,0.0,0.0,0.0,0.0,Open,1.0,0.0,0.0,Light rain
382433,1934072.0,5609776.0,545832.0,0.0,0.0,2.0,North,1999/2000,FARNDON ROAD,CHESTERHOPE BRIDGE,Non-Injury Crash,No,2000,South,0.0,,Flat,,,,,Dark,1404200.0,0.0,0.0,0.0,2.0,0.0,,,Hawke's Bay Region,Nil,2-way,Sealed,0.0,0.0,,100.0,,None,0.0,1.0,,30.0,Hastings District,Nil,,,,,0.0,0.0,Open,1.0,,,Light rain
554734,1930510.0,5604594.0,548100.0,0.0,0.0,1.0,Null,2009/2010,ST AUBYN ST EAST,WILLOWPARK ROAD NORTH,Minor Crash,No,2009,West,0.0,,Flat,,,,,Bright sun,1500800.0,1.0,0.0,0.0,2.0,0.0,,,Hawke's Bay Region,Nil,2-way,Sealed,0.0,0.0,,50.0,,Null,0.0,0.0,,30.0,Hastings District,Give way,,,,,0.0,0.0,Urban,1.0,,,Fine
506493,1929885.0,5605069.0,548200.0,0.0,0.0,1.0,East,2006/2007,Z CPK NATIONAL BANK,QUEEN/MARKET,Non-Injury Crash,No,2007,North,0.0,0.0,Flat,1.0,,0.0,0.0,Dark,1491300.0,0.0,0.0,0.0,1.0,0.0,0.0,,Hawke's Bay Region,Nil,Off road,Sealed,0.0,0.0,0.0,50.0,0.0,Off,0.0,0.0,,30.0,Hastings District,Nil,0.0,0.0,0.0,0.0,0.0,0.0,Urban,0.0,0.0,0.0,Fine
634595,1924928.0,5606660.0,548620.0,0.0,0.0,1.0,Null,2012/2013,SWANSEA ROAD,SUNDERLAND DRIVE,Non-Injury Crash,No,2012,West,0.0,0.0,Flat,0.0,,0.0,0.0,Overcast,1473700.0,0.0,0.0,0.0,2.0,0.0,0.0,,Hawke's Bay Region,Nil,2-way,Sealed,0.0,0.0,0.0,50.0,0.0,Null,0.0,0.0,,30.0,Hastings District,Give way,0.0,0.0,0.0,0.0,0.0,0.0,Urban,0.0,0.0,0.0,Fine
464336,1909290.0,5664797.0,545911.0,0.0,0.0,1.0,North,2014/2015,SH 5,TE HAROTO ROAD,Non-Injury Crash,Yes,2015,North,0.0,,Hill Road,,,,,Dark,1414300.0,0.0,0.0,0.0,3.0,0.0,,,Hawke's Bay Region,Nil,2-way,Sealed,0.0,0.0,,100.0,,None,1.0,0.0,,30.0,Hastings District,Nil,,,,,0.0,0.0,Open,0.0,,,Heavy rain
724103,1911698.0,5585611.0,545851.0,0.0,0.0,1.0,South,2006/2007,SH 2,BOUNDARY ROAD,Non-Injury Crash,Yes,2006,South,0.0,1.0,Hill Road,0.0,,0.0,0.0,Twilight,1464900.0,0.0,0.0,0.0,2.0,0.0,0.0,,Hawke's Bay Region,Nil,2-way,Sealed,0.0,0.0,0.0,100.0,0.0,None,0.0,0.0,,30.0,Hastings District,Nil,0.0,0.0,0.0,0.0,0.0,0.0,Open,0.0,0.0,0.0,Fine
486476,1930055.0,5600845.0,545762.0,0.0,0.0,2.0,West,2014/2015,TE AUTE ROAD,RICHARD ROAD,Minor Crash,No,2014,West,0.0,,Flat,,,,,Bright sun,1465300.0,1.0,0.0,0.0,2.0,0.0,,,Hawke's Bay Region,Nil,2-way,Sealed,0.0,0.0,,100.0,,Null,0.0,0.0,,30.0,Hastings District,Unknown,,,,,0.0,0.0,Open,0.0,,,Fine
590398,1929839.0,5605468.0,548200.0,0.0,0.0,2.0,South,2017/2018,NELSON ST NORTH,ST AUBYN ST WEST,Non-Injury Crash,No,2017,North,0.0,,Flat,,,,,Bright sun,1490300.0,0.0,0.0,0.0,2.0,0.0,,,Hawke's Bay Region,Nil,2-way,Sealed,0.0,0.0,,50.0,,Null,0.0,0.0,,30.0,Hastings District,Traffic Signals,,,,,0.0,0.0,Urban,0.0,,,Fine
213968,1930317.0,5613682.0,545831.0,0.0,0.0,2.0,East,2004/2005,SH 50,FRANKLIN ROAD,Serious Crash,Yes,2005,East,0.0,0.0,Flat,0.0,,0.0,0.0,Bright sun,1404600.0,2.0,0.0,0.0,2.0,0.0,0.0,,Hawke's Bay Region,Nil,2-way,Sealed,0.0,1.0,0.0,100.0,0.0,Null,0.0,0.0,,30.0,Hastings District,Nil,0.0,0.0,0.0,0.0,0.0,0.0,Open,0.0,0.0,0.0,Fine
114083,1931676.0,5612466.0,545832.0,0.0,0.0,0.0,North,2017/2018,PAKOWHAI ROAD,CHESTERHOPE ROAD,Minor Crash,No,2017,South,0.0,1.0,Flat,0.0,,0.0,0.0,Bright sun,1403900.0,3.0,0.0,0.0,2.0,0.0,0.0,,Hawke's Bay Region,Nil,2-way,Sealed,0.0,0.0,0.0,80.0,0.0,Null,0.0,0.0,,30.0,Hastings District,Unknown,0.0,0.0,0.0,0.0,1.0,0.0,Open,0.0,0.0,0.0,Fine
262511,1932647.0,5601673.0,548831.0,0.0,0.0,2.0,North,2006/2007,TE MATA ROAD,JOLL ROAD,Serious Crash,No,2007,South,0.0,0.0,Flat,0.0,,1.0,0.0,Bright sun,1509700.0,1.0,0.0,0.0,2.0,0.0,1.0,1.0,Hawke's Bay Region,Nil,2-way,Sealed,0.0,1.0,0.0,50.0,0.0,Null,0.0,0.0,,30.0,Hastings District,Nil,0.0,0.0,0.0,0.0,0.0,0.0,Urban,0.0,0.0,0.0,Fine
385551,1929373.0,5605307.0,548200.0,1.0,0.0,1.0,Null,2013/2014,EASTBOURNE ST WEST,SOUTHLAND ROAD,Non-Injury Crash,No,2013,North,0.0,,Flat,,,,,Dark,1488800.0,0.0,0.0,0.0,2.0,0.0,,,Hawke's Bay Region,Nil,2-way,Sealed,0.0,0.0,,50.0,,On,0.0,0.0,,30.0,Hastings District,Give way,,,,,0.0,0.0,Urban,0.0,,,Fine
683322,1927292.0,5607650.0,548400.0,0.0,0.0,1.0,Null,2015/2016,OMAHU ROAD,WILSON ROAD,Minor Crash,No,2016,North,0.0,0.0,Flat,1.0,,0.0,0.0,Dark,1473500.0,1.0,0.0,0.0,2.0,0.0,0.0,,Hawke's Bay Region,Nil,2-way,Sealed,0.0,0.0,0.0,50.0,0.0,On,0.0,0.0,,30.0,Hastings District,Give way,0.0,0.0,0.0,0.0,0.0,0.0,Urban,0.0,0.0,0.0,Fine
436051,1932044.0,5601555.0,548810.0,0.0,0.0,0.0,Null,2016/2017,TE AUTE ROAD,NGARIMU ST,Minor Crash,No,2017,West,0.0,,Flat,,,,,Bright sun,1505800.0,2.0,0.0,0.0,2.0,0.0,,,Hawke's Bay Region,Nil,2-way,Sealed,0.0,0.0,,50.0,,Null,0.0,0.0,,30.0,Hastings District,Give way,,,,,1.0,0.0,Urban,1.0,,,Fine
482172,1935123.0,5640670.0,545811.0,0.0,0.0,1.0,North,2014/2015,SH 2,TANGOIO SETTLEMENT ROAD S,Fatal Crash,Yes,2014,South,1.0,,Flat,,,,,Overcast,1415700.0,1.0,0.0,0.0,2.0,0.0,,,Hawke's Bay Region,Nil,2-way,Sealed,0.0,0.0,,100.0,,Null,0.0,0.0,,30.0,Hastings District,Nil,,,,,0.0,0.0,Open,1.0,,,Light rain
63196,1929549.0,5604672.0,548200.0,0.0,0.0,2.0,Null,2006/2007,SOUTHAMPTON ST WEST,RAILWAY ROAD,Non-Injury Crash,No,2007,West,0.0,,Flat,,,,,Bright sun,1489700.0,0.0,0.0,0.0,2.0,0.0,,,Hawke's Bay Region,Nil,2-way,Sealed,0.0,0.0,,50.0,,Null,0.0,0.0,,30.0,Hastings District,Traffic Signals,,,,,0.0,0.0,Urban,0.0,,,Fine
304737,1935784.0,5651960.0,545911.0,0.0,0.0,1.0,North,2006/2007,SH 2,MCINTYRES ACCESS ROAD,Non-Injury Crash,Yes,2006,North,0.0,0.0,Hill Road,0.0,,0.0,0.0,Overcast,1415200.0,0.0,0.0,0.0,2.0,0.0,0.0,,Hawke's Bay Region,Nil,2-way,Sealed,0.0,0.0,0.0,100.0,0.0,Null,0.0,0.0,,30.0,Hastings District,Nil,0.0,0.0,0.0,0.0,0.0,0.0,Open,0.0,0.0,0.0,Mist or Fog
701215,1930246.0,5606780.0,547600.0,0.0,0.0,2.0,South,2007/2008,FREDERICK ST,TAWA ST,Non-Injury Crash,No,2008,North,0.0,,Flat,,,,,Bright sun,1483000.0,0.0,0.0,0.0,2.0,0.0,,,Hawke's Bay Region,Nil,2-way,Sealed,0.0,0.0,,50.0,,Null,0.0,0.0,,30.0,Hastings District,Nil,,,,,0.0,0.0,Urban,0.0,,,Fine
238029,1928365.0,5606683.0,547800.0,0.0,0.0,2.0,East,2009/2010,OMAHU ROAD,CANNING ROAD,Non-Injury Crash,No,2010,North,0.0,,Flat,,,,,Bright sun,1477400.0,0.0,0.0,0.0,2.0,0.0,,,Hawke's Bay Region,Nil,2-way,Sealed,0.0,0.0,,50.0,,Null,0.0,0.0,,30.0,Hastings District,Stop,,,,,0.0,0.0,Urban,0.0,,,Fine
730467,1929434.0,5608803.0,545710.0,0.0,0.0,1.0,South,2004/2005,SH 50A,EVENDEN ROAD,Non-Injury Crash,Yes,2005,South,0.0,,Flat,,,,,Overcast,1471201.0,0.0,0.0,0.0,2.0,0.0,,,Hawke's Bay Region,Nil,2-way,Sealed,0.0,0.0,,100.0,,Null,0.0,0.0,,30.0,Hastings District,Give way,,,,,0.0,0.0,Open,1.0,,,Fine
649182,1929634.0,5605762.0,548200.0,0.0,0.0,2.0,Null,2013/2014,ST AUBYN ST WEST,TOMOANA ROAD,Non-Injury Crash,No,2013,West,0.0,,Flat,,,,,Bright sun,1490300.0,0.0,0.0,0.0,2.0,0.0,,,Hawke's Bay Region,Nil,2-way,Sealed,0.0,0.0,,50.0,,Null,0.0,0.0,,30.0,Hastings District,Traffic Signals,,,,,0.0,0.0,Urban,0.0,,,Fine
514721,1930185.0,5605031.0,548200.0,1.0,0.0,1.0,Null,2000/2001,KARAMU ROAD NORTH,ST AUBYN ST EAST,Minor Crash,No,2001,East,0.0,,Flat,,,,,Overcast,1494100.0,1.0,0.0,0.0,2.0,0.0,,,Hawke's Bay Region,Nil,2-way,Sealed,0.0,0.0,,50.0,,Null,0.0,0.0,,30.0,Hastings District,Give way,,,,,0.0,0.0,Urban,0.0,,,Fine
117533,1930149.0,5604677.0,548200.0,0.0,0.0,2.0,Null,2017/2018,HASTINGS ST NORTH,QUEEN ST EAST,Non-Injury Crash,No,2017,South,0.0,,Flat,,,,,Overcast,1493400.0,0.0,0.0,0.0,2.0,0.0,,,Hawke's Bay Region,Nil,2-way,Sealed,0.0,0.0,,50.0,,Null,0.0,0.0,,30.0,Hastings District,Give way,,,,,0.0,0.0,Urban,0.0,,,Fine
150350,1935279.0,5603471.0,545750.0,0.0,0.0,0.0,North,2004/2005,BROOKVALE ROAD,ARATAKI ROAD,Serious Crash,No,2004,North,0.0,0.0,Flat,0.0,,0.0,0.0,Dark,1466300.0,0.0,0.0,1.0,2.0,0.0,0.0,,Hawke's Bay Region,Nil,2-way,Sealed,0.0,1.0,0.0,100.0,0.0,None,0.0,0.0,,30.0,Hastings District,Nil,0.0,0.0,0.0,0.0,0.0,0.0,Open,0.0,0.0,0.0,Fine
174222,1917223.0,5592124.0,545851.0,0.0,0.0,0.0,South,2009/2010,Z DWAY SH 2,POUKAWA ROAD,Non-Injury Crash,No,2010,North,0.0,0.0,Flat,0.0,,0.0,0.0,Bright sun,1464200.0,0.0,0.0,0.0,2.0,1.0,0.0,,Hawke's Bay Region,Nil,2-way,Sealed,0.0,0.0,0.0,100.0,0.0,Null,0.0,0.0,,30.0,Hastings District,Nil,0.0,0.0,0.0,0.0,0.0,0.0,Open,0.0,0.0,0.0,Fine
227752,1935081.0,5646462.0,545911.0,0.0,0.0,1.0,North,2010/2011,SH 2,AROPAOANUI ROAD,Non-Injury Crash,Yes,2010,East,0.0,0.0,Flat,0.0,,0.0,0.0,Overcast,1415400.0,0.0,0.0,0.0,2.0,1.0,0.0,,Hawke's Bay Region,Nil,2-way,Sealed,0.0,0.0,0.0,100.0,0.0,Null,0.0,0.0,,30.0,Hastings District,Nil,0.0,0.0,0.0,0.0,0.0,0.0,Open,0.0,0.0,0.0,Light rain
443805,1932398.0,5601992.0,548831.0,0.0,0.0,1.0,South,2013/2014,HAVELOCK ROAD,KARANEMA DRIVE,Serious Crash,No,2013,North,0.0,,Flat,,,,,Bright sun,1509600.0,0.0,0.0,0.0,2.0,0.0,,1.0,Hawke's Bay Region,Nil,2-way,Sealed,0.0,1.0,,50.0,,Null,0.0,0.0,,30.0,Hastings District,Nil,,,,,0.0,0.0,Urban,0.0,,,Fine
155596,1912510.0,5658280.0,545911.0,0.0,0.0,1.0,North,2012/2013,SH 5,RUKUMOANA ROAD,Non-Injury Crash,Yes,2013,South,0.0,,Flat,,,,,Bright sun,1414300.0,0.0,0.0,0.0,2.0,0.0,,,Hawke's Bay Region,Nil,2-way,Unsealed,0.0,0.0,,100.0,,Null,0.0,0.0,30.0,30.0,Hastings District,Nil,,,,,0.0,0.0,Open,0.0,,,Fine
327720,1933175.0,5602431.0,548831.0,0.0,0.0,1.0,South,2010/2011,NAPIER ROAD,CROSSES ROAD,Non-Injury Crash,No,2011,North,0.0,1.0,Flat,0.0,,0.0,0.0,Dark,1509400.0,0.0,0.0,0.0,2.0,0.0,0.0,,Hawke's Bay Region,Nil,2-way,Sealed,0.0,0.0,0.0,50.0,0.0,On,0.0,0.0,,30.0,Hastings District,Nil,0.0,0.0,0.0,0.0,0.0,0.0,Urban,0.0,0.0,0.0,Fine