OBJECTID,X,Y,areaUnitID,bicycle,bus,carStationWagon,crashDirectionDescription,crashFinancialYear,crashLocation1,crashLocation2,crashSeverity,crashSHDescription,crashYear,directionRoleDescription,fatalCount,fence,flatHill,guardRail,holiday,houseOrBuilding,kerb,light,meshblockId,minorInjuryCount,moped,motorcycle,NumberOfLanes,otherVehicleType,parkedVehicle,pedestrian,region,roadCharacter,roadLane,roadSurface,schoolBus,seriousInjuryCount,slipOrFlood,speedLimit,strayAnimal,streetLight,suv,taxi,temporarySpeedLimit,tlaId,tlaName,trafficControl,trafficIsland,trafficSign,train,tree,truck,unknownVehicleType,urban,vanOrUtility,vehicle,waterRiver,weatherA
268134,1927538.0,5607470.0,548400.0,0.0,0.0,2.0,West,2005/2006,OMAHU ROAD,SH 50A,Non-Injury Crash,No,2005,West,0.0,,Flat,,,,,Bright sun,1473600.0,0.0,0.0,0.0,2.0,0.0,,,Hawke's Bay Region,Nil,2-way,Sealed,0.0,0.0,,50.0,,Null,0.0,0.0,,30.0,Hastings District,Nil,,,,,0.0,0.0,Urban,0.0,,,Fine
116285,1936157.0,5611018.0,545730.0,0.0,0.0,2.0,North,2003/2004,SH 2,TUCKER LANE,Non-Injury Crash,Yes,2004,North,0.0,,Flat,,,,,Overcast,1405500.0,0.0,0.0,0.0,2.0,0.0,,,Hawke's Bay Region,Nil,2-way,Sealed,0.0,0.0,,50.0,,Null,0.0,0.0,,30.0,Hastings District,Nil,,,,,0.0,0.0,Urban,0.0,,,Light rain
648769,1925808.5677,5606540.2238,548620.0,0.0,0.0,2.0,Null,2019/2020,WILSON ROAD,DUNDEE DRIVE,Non-Injury Crash,No,2020,North,0.0,,Flat,,,,,Bright sun,1475800.0,0.0,0.0,0.0,2.0,0.0,,,Hawke's Bay Region,Nil,2-way,Sealed,0.0,0.0,,50.0,,Off,0.0,0.0,,30.0,Hastings District,Give way,,,,,0.0,0.0,Urban,0.0,,,Fine
289188,1932628.0,5601704.0,548831.0,0.0,0.0,2.0,North,2017/2018,NAPIER ROAD,HAVELOCK ROAD,Non-Injury Crash,No,2017,North,0.0,0.0,Flat,0.0,,1.0,0.0,Bright sun,1509600.0,0.0,0.0,0.0,2.0,0.0,1.0,,Hawke's Bay Region,Nil,2-way,Sealed,0.0,0.0,0.0,50.0,0.0,Null,0.0,0.0,,30.0,Hastings District,Unknown,0.0,0.0,0.0,0.0,0.0,0.0,Urban,0.0,0.0,0.0,Fine
329408,1925102.0,5637508.0,545811.0,0.0,0.0,1.0,North,2001/2002,SH 5,BEATTIE ROAD,Minor Crash,Yes,2002,North,0.0,0.0,Hill Road,0.0,,0.0,0.0,Overcast,1414800.0,1.0,0.0,0.0,3.0,0.0,0.0,,Hawke's Bay Region,Nil,2-way,Sealed,0.0,0.0,0.0,100.0,0.0,Null,0.0,0.0,,30.0,Hastings District,Nil,1.0,0.0,0.0,0.0,0.0,0.0,Open,0.0,0.0,0.0,Fine
158547,1936321.0,5611118.0,545730.0,0.0,0.0,2.0,North,2010/2011,SH 2 MAIN,WILLIAMSON ROAD,Non-Injury Crash,Yes,2010,South,0.0,,Flat,,,,,Bright sun,1404700.0,0.0,0.0,0.0,2.0,0.0,,,Hawke's Bay Region,Nil,2-way,Sealed,0.0,0.0,,50.0,,Null,0.0,0.0,,30.0,Hastings District,Nil,,,,,0.0,0.0,Urban,0.0,,,Fine
5278,1930090.0,5604957.0,548200.0,0.0,0.0,2.0,Null,2009/2010,AVENUE ROAD EAST,KARAMU ROAD NORTH,Non-Injury Crash,No,2010,West,0.0,,Flat,,,,,Bright sun,1492900.0,0.0,0.0,0.0,2.0,0.0,,,Hawke's Bay Region,Nil,2-way,Sealed,0.0,0.0,,50.0,,Null,0.0,0.0,,30.0,Hastings District,Stop,,,,,0.0,0.0,Urban,0.0,,,Fine
393957,1931154.0,5603910.0,548100.0,0.0,0.0,1.0,North,2012/2013,WINDSOR AVENUE,HOWARD ST,Non-Injury Crash,No,2013,South,0.0,,Flat,,,,,Bright sun,1500400.0,0.0,0.0,0.0,2.0,0.0,,,Hawke's Bay Region,Nil,2-way,Sealed,0.0,0.0,,50.0,,Null,0.0,0.0,,30.0,Hastings District,Nil,,,,,1.0,0.0,Urban,0.0,,,Fine
265140,1932804.0,5609672.0,545832.0,0.0,0.0,1.0,North,2000/2001,FARNDON ROAD,PAKOWHAI ROAD,Non-Injury Crash,No,2001,South,0.0,,Flat,,,,,Dark,1404300.0,0.0,0.0,0.0,2.0,0.0,,,Hawke's Bay Region,Nil,2-way,Sealed,0.0,0.0,,100.0,,None,0.0,0.0,,30.0,Hastings District,Nil,,,,,0.0,0.0,Open,1.0,,,Light rain
9559,1924996.0,5637528.0,545811.0,0.0,0.0,0.0,South,2005/2006,SH 5,GLENGARRY ROAD,Minor Crash,Yes,2006,South,0.0,0.0,Hill Road,0.0,,0.0,0.0,Twilight,1414800.0,1.0,0.0,0.0,3.0,0.0,0.0,,Hawke's Bay Region,Nil,2-way,Sealed,0.0,0.0,0.0,100.0,0.0,None,1.0,0.0,,30.0,Hastings District,Nil,0.0,0.0,0.0,0.0,0.0,0.0,Open,0.0,0.0,0.0,Heavy rain
642148,1929984.0,5607186.0,545710.0,0.0,0.0,1.0,Null,2007/2008,PAKOWHAI ROAD,FREDERICK ST,Non-Injury Crash,No,2007,South,0.0,,Flat,,,,,Bright sun,1471300.0,0.0,0.0,0.0,2.0,0.0,,,Hawke's Bay Region,Nil,2-way,Sealed,0.0,0.0,,50.0,,Null,0.0,0.0,,30.0,Hastings District,Give way,,,,,0.0,0.0,Urban,1.0,,,Fine
148271,1928533.0,5606518.0,548500.0,0.0,0.0,2.0,East,2007/2008,OMAHU ROAD,HAPUKA ST,Non-Injury Crash,No,2007,West,0.0,,Flat,,,,,Bright sun,1478700.0,0.0,0.0,0.0,2.0,0.0,,,Hawke's Bay Region,Nil,2-way,Sealed,0.0,0.0,,50.0,,Null,0.0,0.0,,30.0,Hastings District,Nil,,,,,0.0,0.0,Urban,1.0,,,Fine
196032,1924249.0,5607580.0,548611.0,0.0,0.0,1.0,Null,2002/2003,SCOTT DRIVE,DIAZ DRIVE,Non-Injury Crash,No,2003,South,0.0,,Flat,,,,,Overcast,1473902.0,0.0,0.0,0.0,2.0,0.0,,,Hawke's Bay Region,Nil,2-way,Sealed,0.0,0.0,,50.0,,Null,0.0,0.0,,30.0,Hastings District,Give way,,,,,0.0,0.0,Urban,1.0,,,Fine
166832,1928754.0,5606242.0,548500.0,0.0,0.0,2.0,South,2000/2001,MARAEKAKAHO ROAD,HERETAUNGA ST WEST,Non-Injury Crash,No,2000,South,0.0,,Flat,,,,,Bright sun,1478800.0,0.0,0.0,0.0,3.0,0.0,,,Hawke's Bay Region,Nil,2-way,Sealed,0.0,0.0,,50.0,,Null,0.0,0.0,,30.0,Hastings District,Nil,,,,,0.0,0.0,Urban,0.0,,,Fine
674977,1930007.0,5605111.0,548200.0,0.0,0.0,0.0,North,2012/2013,RUSSELL ST NORTH,QUEEN ST EAST,Minor Crash,No,2012,South,0.0,,Flat,,Christmas New Year,,,Bright sun,1492300.0,1.0,0.0,0.0,1.0,0.0,,1.0,Hawke's Bay Region,Nil,2-way,Sealed,0.0,0.0,,50.0,,Null,1.0,0.0,,30.0,Hastings District,Nil,,,,,0.0,0.0,Urban,0.0,,,Fine
560164,1916467.0,5591420.0,545851.0,0.0,0.0,0.0,South,2011/2012,SH 2,BURMA ROAD,Serious Crash,Yes,2011,North,0.0,0.0,Flat,0.0,,0.0,0.0,Dark,1464300.0,1.0,0.0,0.0,2.0,0.0,0.0,,Hawke's Bay Region,Nil,2-way,Sealed,0.0,1.0,0.0,100.0,0.0,None,1.0,0.0,,30.0,Hastings District,Nil,0.0,0.0,0.0,0.0,0.0,0.0,Open,0.0,0.0,0.0,Fine
261592,1927281.0,5607648.0,548400.0,0.0,0.0,2.0,Null,2016/2017,WILSON ROAD,OMAHU ROAD,Non-Injury Crash,No,2016,East,0.0,,Flat,,,,,Twilight,1473500.0,0.0,0.0,0.0,2.0,0.0,,,Hawke's Bay Region,Nil,2-way,Sealed,0.0,0.0,,50.0,,Off,0.0,0.0,,30.0,Hastings District,Give way,,,,,0.0,0.0,Urban,0.0,,,Light rain
678928,1931130.0,5603892.0,548100.0,1.0,0.0,1.0,Null,2009/2010,WINDSOR AVENUE,HOWARD ST,Minor Crash,No,2010,South,0.0,,Flat,,,,,Bright sun,1500400.0,1.0,0.0,0.0,2.0,0.0,,,Hawke's Bay Region,Nil,2-way,Sealed,0.0,0.0,,50.0,,Null,0.0,0.0,,30.0,Hastings District,Give way,,,,,0.0,0.0,Urban,0.0,,,Fine
227683,1931406.0,5614818.0,545831.0,0.0,0.0,1.0,South,2016/2017,SH 50,TUTAEKURI BR,Non-Injury Crash,Yes,2017,South,0.0,,Flat,,,,,Bright sun,1404600.0,0.0,0.0,0.0,1.0,0.0,,,Hawke's Bay Region,Nil,1-way,Sealed,0.0,0.0,,100.0,,Null,1.0,0.0,,30.0,Hastings District,Unknown,,,,,0.0,0.0,Open,0.0,,,Fine
557349,1929775.0,5605217.0,548200.0,0.0,0.0,1.0,East,2003/2004,KING ST NORTH,QUEEN ST WEST,Minor Crash,No,2004,West,0.0,0.0,Flat,0.0,,0.0,0.0,Bright sun,1491300.0,1.0,0.0,0.0,2.0,0.0,1.0,,Hawke's Bay Region,Nil,2-way,Sealed,0.0,0.0,0.0,50.0,0.0,Null,0.0,0.0,,30.0,Hastings District,Nil,0.0,0.0,0.0,0.0,0.0,0.0,Urban,1.0,0.0,0.0,Fine
221023,1931480.0,5612845.0,545832.0,0.0,0.0,0.0,South,2008/2009,PAKOWHAI ROAD,ALLEN ROAD,Non-Injury Crash,No,2008,South,0.0,,Flat,,,,,Bright sun,1403900.0,0.0,0.0,0.0,2.0,0.0,,,Hawke's Bay Region,Nil,2-way,Sealed,0.0,0.0,,100.0,,Null,1.0,0.0,,30.0,Hastings District,Nil,,,,,1.0,0.0,Open,0.0,,,Fine
417684,1929657.0,5605330.0,548200.0,0.0,0.0,1.0,Null,2009/2010,QUEEN ST WEST,NELSON ST NORTH,Non-Injury Crash,No,2009,West,0.0,,Flat,,,,,Bright sun,1490800.0,0.0,0.0,0.0,2.0,0.0,,,Hawke's Bay Region,Nil,2-way,Sealed,0.0,0.0,,50.0,,Null,1.0,0.0,,30.0,Hastings District,Give way,,,,,0.0,0.0,Urban,0.0,,,Fine
442628,1928743.0,5613847.0,545831.0,0.0,0.0,1.0,Null,2018/2019,SH 50,OMARUNUI ROAD,Non-Injury Crash,Yes,2018,East,0.0,1.0,Flat,0.0,,0.0,0.0,Dark,1409400.0,0.0,0.0,0.0,2.0,0.0,0.0,,Hawke's Bay Region,Nil,2-way,Sealed,0.0,0.0,0.0,70.0,0.0,On,0.0,0.0,,30.0,Hastings District,Give way,0.0,0.0,0.0,0.0,0.0,0.0,Urban,0.0,0.0,0.0,Fine
615323,1930224.0,5603070.0,548300.0,0.0,0.0,1.0,North,2010/2011,NORTON ROAD,WAVELL ST,Non-Injury Crash,No,2011,South,0.0,0.0,Flat,0.0,,0.0,1.0,Bright sun,1503000.0,0.0,0.0,0.0,2.0,0.0,0.0,,Hawke's Bay Region,Nil,2-way,Sealed,0.0,0.0,0.0,50.0,0.0,Null,0.0,0.0,,30.0,Hastings District,Nil,0.0,0.0,0.0,0.0,0.0,0.0,Urban,0.0,0.0,0.0,Fine
519712,1927876.0,5607157.0,547800.0,0.0,0.0,1.0,Null,2005/2006,OMAHU ROAD,STONYCROFT ST,Non-Injury Crash,No,2006,South,0.0,,Flat,,,,,Bright sun,1476600.0,0.0,0.0,0.0,2.0,0.0,,,Hawke's Bay Region,Nil,2-way,Sealed,0.0,0.0,,50.0,,Null,0.0,0.0,,30.0,Hastings District,Nil,,,,,0.0,0.0,Urban,1.0,,,Light rain
604323,1931683.0,5605403.0,548000.0,0.0,0.0,1.0,Null,2005/2006,WILLOWPARK ROAD NORTH,COLLINGE ROAD,Non-Injury Crash,No,2006,North,0.0,,Flat,,Queens Birthday,,,Overcast,1497300.0,0.0,0.0,0.0,2.0,0.0,,,Hawke's Bay Region,Nil,2-way,Sealed,0.0,0.0,,50.0,,Null,1.0,0.0,,30.0,Hastings District,Give way,,,,,0.0,0.0,Urban,0.0,,,Light rain
384082,1931022.0,5613782.0,545831.0,0.0,0.0,2.0,Null,2000/2001,SH 50,PAKOWHAI ROAD,Non-Injury Crash,Yes,2001,South,0.0,,Flat,,Easter,,,Twilight,1404600.0,0.0,0.0,0.0,4.0,0.0,,,Hawke's Bay Region,Nil,2-way,Sealed,0.0,0.0,,100.0,,On,0.0,0.0,,30.0,Hastings District,Traffic Signals,,,,,0.0,0.0,Open,0.0,,,Light rain
169209,1931039.0,5605564.0,548000.0,0.0,0.0,1.0,Null,2006/2007,KARUMU ROAD NORTH,FREDERICK ST,Non-Injury Crash,No,2006,East,0.0,,Flat,,,,,Bright sun,1497100.0,0.0,0.0,0.0,2.0,0.0,,,Hawke's Bay Region,Nil,2-way,Sealed,0.0,0.0,,50.0,,Null,0.0,0.0,,30.0,Hastings District,Traffic Signals,,,,,0.0,0.0,Urban,1.0,,,Fine
593374,1929657.0,5605330.0,548200.0,0.0,0.0,2.0,Null,2006/2007,QUEEN ST WEST,NELSON ST NORTH,Non-Injury Crash,No,2006,East,0.0,,Flat,,,,,Bright sun,1490800.0,0.0,0.0,0.0,2.0,0.0,,,Hawke's Bay Region,Nil,2-way,Sealed,0.0,0.0,,50.0,,Null,0.0,0.0,,30.0,Hastings District,Stop,,,,,0.0,0.0,Urban,0.0,,,Fine
637979,1914658.0,5603754.0,545841.0,0.0,0.0,1.0,East,2018/2019,VALLEY ROAD,WENLEY ROAD,Minor Crash,No,2018,North,0.0,,Hill Road,,,,,Overcast,1462800.0,1.0,0.0,0.0,2.0,0.0,,,Hawke's Bay Region,Nil,2-way,Sealed,0.0,0.0,,100.0,,Null,0.0,0.0,,30.0,Hastings District,Unknown,,,,,0.0,0.0,Open,0.0,,,Fine
303062,1928241.0,5599189.0,545852.0,0.0,0.0,2.0,Null,2000/2001,MOUNT ERIN ROAD,CRYSTALL ROAD,Non-Injury Crash,No,2000,East,0.0,,Flat,,,,,Bright sun,1465700.0,0.0,0.0,0.0,2.0,0.0,,,Hawke's Bay Region,Nil,2-way,Sealed,0.0,0.0,,100.0,,Null,0.0,0.0,,30.0,Hastings District,Nil,,,,,0.0,0.0,Open,0.0,,,Fine
599072,1929851.0,5605477.0,548200.0,0.0,0.0,2.0,Null,2007/2008,ST AUBYN ST WEST,NELSON ST NORTH,Minor Crash,No,2008,West,0.0,,Flat,,,,,Dark,1491000.0,2.0,0.0,0.0,4.0,0.0,,,Hawke's Bay Region,Nil,2-way,Sealed,0.0,0.0,,50.0,,On,0.0,0.0,,30.0,Hastings District,Traffic Signals,,,,,0.0,0.0,Urban,0.0,,,Light rain
268639,1932202.0,5603282.0,545721.0,0.0,0.0,2.0,Null,2003/2004,ST GEORGES ROAD,ADA ST,Minor Crash,No,2003,North,0.0,,Flat,,,,,Dark,1472801.0,6.0,0.0,0.0,2.0,0.0,,,Hawke's Bay Region,Nil,2-way,Sealed,0.0,0.0,,100.0,,On,0.0,0.0,,30.0,Hastings District,Give way,,,,,0.0,0.0,Open,0.0,,,Fine
156698,1929657.0,5605330.0,548200.0,0.0,0.0,1.0,Null,2002/2003,QUEEN ST WEST,NELSON ST NORTH,Non-Injury Crash,No,2003,West,0.0,,Flat,,,,,Bright sun,1490800.0,0.0,0.0,0.0,2.0,0.0,,,Hawke's Bay Region,Nil,2-way,Sealed,0.0,0.0,,50.0,,Null,0.0,0.0,,30.0,Hastings District,Give way,,,,,0.0,0.0,Urban,1.0,,,Null
69570,1941560.0,5657154.0,545911.0,0.0,0.0,1.0,North,2014/2015,SH 2,RIDGEMOUNT ROAD,Minor Crash,Yes,2015,North,0.0,,Flat,,,,,Bright sun,1415100.0,2.0,0.0,0.0,2.0,0.0,,,Hawke's Bay Region,Nil,2-way,Sealed,0.0,0.0,,100.0,,Null,0.0,0.0,,30.0,Hastings District,Unknown,,,,,0.0,0.0,Open,0.0,,,Fine
616232,1929756.0865,5604380.3729,548300.0,1.0,0.0,1.0,Null,2018/2019,HASTINGS STREET,SOUTHAMPTON STREET EAST,Minor Crash,No,2019,East,0.0,,Flat,,,,,Bright sun,1503100.0,1.0,0.0,0.0,2.0,0.0,,,Hawke's Bay Region,Nil,2-way,Sealed,0.0,0.0,,50.0,,Off,0.0,0.0,,30.0,Hastings District,Give way,,,,,0.0,0.0,Urban,0.0,,,Fine
624284,1916322.0,5633120.0,545821.0,0.0,0.0,1.0,North,2006/2007,PUKETITIRI ROAD,SOLDIERS SETTLEMENT ROAD,Minor Crash,No,2007,South,0.0,0.0,Hill Road,0.0,,0.0,0.0,Overcast,1412200.0,2.0,0.0,0.0,2.0,0.0,0.0,,Hawke's Bay Region,Nil,2-way,Sealed,0.0,0.0,0.0,100.0,0.0,Null,0.0,0.0,,30.0,Hastings District,Nil,0.0,0.0,0.0,0.0,0.0,0.0,Open,0.0,0.0,0.0,Light rain
56432,1929464.0,5605185.0,548200.0,0.0,0.0,2.0,Null,2006/2007,NELSON ST SOUTH,EASTBOURNE ST WEST,Minor Crash,No,2006,North,0.0,,Flat,,,,,Bright sun,1488900.0,1.0,0.0,0.0,2.0,0.0,,,Hawke's Bay Region,Nil,2-way,Sealed,0.0,0.0,,50.0,,Null,0.0,0.0,,30.0,Hastings District,Give way,,,,,0.0,0.0,Urban,0.0,,,Fine
619619,1902687.0,5599053.0,545841.0,0.0,0.0,0.0,South,2002/2003,SH 50,SALISBURY ROAD,Serious Crash,Yes,2003,East,0.0,0.0,Hill Road,0.0,,0.0,0.0,Overcast,1462600.0,0.0,0.0,1.0,2.0,0.0,0.0,,Hawke's Bay Region,Nil,2-way,Sealed,0.0,1.0,0.0,100.0,0.0,None,0.0,0.0,,30.0,Hastings District,Nil,0.0,0.0,0.0,0.0,0.0,0.0,Open,0.0,0.0,0.0,Light rain
410702,1914954.0,5588927.0,545851.0,0.0,0.0,1.0,South,2008/2009,SH 2,COLIN WHITE ROAD,Serious Crash,Yes,2008,North,0.0,0.0,Flat,0.0,,0.0,0.0,Dark,1464500.0,3.0,0.0,0.0,2.0,0.0,0.0,,Hawke's Bay Region,Nil,2-way,Sealed,0.0,1.0,0.0,100.0,0.0,None,0.0,0.0,,30.0,Hastings District,Nil,0.0,1.0,0.0,0.0,0.0,0.0,Open,0.0,0.0,0.0,Light rain
734217,1937255.0,5638336.0,545811.0,0.0,0.0,0.0,North,2016/2017,SH 2,PAKURATAHI VALLEY ROAD,Serious Crash,Yes,2016,South,0.0,,Flat,,,,,Dark,1415800.0,0.0,0.0,1.0,2.0,0.0,,,Hawke's Bay Region,Nil,2-way,Sealed,0.0,1.0,,100.0,,None,0.0,0.0,,30.0,Hastings District,Unknown,,,,,0.0,0.0,Open,0.0,,,Fine
268152,1929013.0,5605376.0,547700.0,0.0,0.0,2.0,Null,2017/2018,LASCELLES ST,SOUTHAMPTON ST WEST,Non-Injury Crash,No,2017,South,0.0,,Flat,,,,,Overcast,1487700.0,0.0,0.0,0.0,2.0,0.0,,,Hawke's Bay Region,Nil,2-way,Sealed,0.0,0.0,,50.0,,Null,0.0,0.0,,30.0,Hastings District,Give way,,,,,0.0,0.0,Urban,0.0,,,Fine
642656,1927578.0,5607439.0,548400.0,0.0,0.0,1.0,Null,2002/2003,SH 50A,OMAHU ROAD,Non-Injury Crash,Yes,2003,North,0.0,,Flat,,,,,Bright sun,1473600.0,0.0,0.0,0.0,4.0,0.0,,,Hawke's Bay Region,Nil,2-way,Sealed,0.0,0.0,,100.0,,Null,0.0,0.0,,30.0,Hastings District,Give way,,,,,0.0,0.0,Open,1.0,,,Fine
508261,1932139.0,5611571.0,545832.0,0.0,0.0,2.0,Null,2004/2005,PAKOWHAI ROAD,BROOKFIELDS ROAD,Non-Injury Crash,No,2005,North,0.0,0.0,Flat,0.0,,0.0,0.0,Twilight,1403900.0,0.0,0.0,0.0,2.0,0.0,0.0,,Hawke's Bay Region,Nil,2-way,Sealed,0.0,0.0,0.0,100.0,0.0,Off,0.0,0.0,,30.0,Hastings District,Nil,0.0,0.0,0.0,0.0,0.0,0.0,Open,0.0,0.0,0.0,Fine
307641,1929453.0,5604796.0,548200.0,0.0,0.0,2.0,Null,2007/2008,SOUTHAMPTON ST WEST,MARKET ST SOUTH,Non-Injury Crash,No,2008,North,0.0,,Flat,,,,,Overcast,1489802.0,0.0,0.0,0.0,2.0,0.0,,,Hawke's Bay Region,Nil,2-way,Sealed,0.0,0.0,,50.0,,Null,0.0,0.0,,30.0,Hastings District,Give way,,,,,0.0,0.0,Urban,0.0,,,Light rain
118182,1928156.0,5606885.0,547800.0,0.0,0.0,2.0,South,2015/2016,OMAHU ROAD,NOTTINGLEY ROAD,Non-Injury Crash,No,2015,South,0.0,,Flat,,,,,Overcast,1476800.0,0.0,0.0,0.0,2.0,0.0,,,Hawke's Bay Region,Nil,2-way,Sealed,0.0,0.0,,50.0,,Null,0.0,0.0,,30.0,Hastings District,Unknown,,,,,0.0,0.0,Urban,0.0,,,Fine
432890,1929589.0,5605252.0,548200.0,0.0,0.0,2.0,Null,2004/2005,Z CPK HIBERNIAN CLUB,EASTBOURNE/NELSON,Non-Injury Crash,No,2004,West,0.0,0.0,Flat,0.0,,0.0,0.0,Overcast,1490700.0,0.0,0.0,0.0,0.0,0.0,1.0,,Hawke's Bay Region,Nil,Off road,Sealed,0.0,0.0,0.0,50.0,0.0,Null,0.0,0.0,,30.0,Hastings District,Nil,0.0,0.0,0.0,0.0,0.0,0.0,Urban,0.0,0.0,0.0,Fine
664806,1929021.0,5605970.0,547700.0,0.0,0.0,2.0,South,2017/2018,HERETAUNGA ST WEST,DAVIS ST,Non-Injury Crash,No,2018,North,0.0,,Flat,,,,,Overcast,1487400.0,0.0,0.0,0.0,2.0,0.0,,,Hawke's Bay Region,Nil,2-way,Sealed,0.0,0.0,,50.0,,Null,0.0,0.0,,30.0,Hastings District,Nil,,,,,0.0,0.0,Urban,0.0,,,Light rain
199995,1931331.0,5605128.0,548000.0,0.0,0.0,2.0,South,2005/2006,GROVE ROAD,WILLOWPARK ROAD NORTH,Non-Injury Crash,No,2006,North,0.0,,Flat,,,,,Dark,1496800.0,0.0,0.0,0.0,2.0,0.0,,,Hawke's Bay Region,Nil,2-way,Sealed,0.0,0.0,,50.0,,On,0.0,0.0,,30.0,Hastings District,Nil,,,,,0.0,0.0,Urban,0.0,,,Light rain
320004,1930639.0,5605223.0,548200.0,0.0,0.0,2.0,Null,2007/2008,WARREN ST NORTH,ALEXANDRA ST,Non-Injury Crash,No,2008,South,0.0,,Flat,,,,,Overcast,1494700.0,0.0,0.0,0.0,2.0,0.0,,,Hawke's Bay Region,Nil,2-way,Sealed,0.0,0.0,,50.0,,Null,0.0,0.0,,30.0,Hastings District,Give way,,,,,0.0,0.0,Urban,0.0,,,Fine
499419,1929682.0,5605298.0,548200.0,0.0,0.0,1.0,South,2011/2012,QUEEN ST WEST,NELSON ST NORTH,Non-Injury Crash,No,2012,North,0.0,0.0,Flat,0.0,,0.0,0.0,Overcast,1490800.0,0.0,0.0,0.0,2.0,0.0,1.0,,Hawke's Bay Region,Nil,2-way,Sealed,0.0,0.0,0.0,50.0,0.0,Null,0.0,0.0,,30.0,Hastings District,Nil,0.0,0.0,0.0,0.0,0.0,0.0,Urban,1.0,0.0,0.0,Fine
616210,1929881.0,5605437.0,548200.0,0.0,0.0,1.0,South,2004/2005,ST AUBYN ST WEST,NELSON ST NORTH,Non-Injury Crash,No,2004,South,0.0,,Flat,,,,,Bright sun,1491000.0,0.0,0.0,0.0,4.0,0.0,,,Hawke's Bay Region,Nil,2-way,Sealed,0.0,0.0,,50.0,,Null,0.0,0.0,,30.0,Hastings District,Nil,,,,,0.0,0.0,Urban,1.0,,,Fine
527237,1929096.0,5605870.0,547700.0,0.0,0.0,1.0,West,2000/2001,HERETAUNGA ST WEST,TOWNSHEND ST,Non-Injury Crash,No,2000,East,0.0,,Flat,,,,,Bright sun,1487300.0,0.0,0.0,0.0,2.0,0.0,,,Hawke's Bay Region,Nil,2-way,Sealed,0.0,0.0,,50.0,,Null,0.0,0.0,,30.0,Hastings District,Give way,,,,,1.0,0.0,Urban,0.0,,,Fine
551013,1930582.0,5611333.0,545832.0,0.0,0.0,1.0,North,2003/2004,SH 50A,NGARURORO BR,Non-Injury Crash,Yes,2004,North,0.0,0.0,Flat,0.0,,0.0,0.0,Twilight,1404400.0,0.0,0.0,0.0,2.0,0.0,0.0,,Hawke's Bay Region,Nil,2-way,Sealed,0.0,0.0,0.0,100.0,0.0,None,0.0,0.0,,30.0,Hastings District,Nil,0.0,0.0,0.0,0.0,0.0,0.0,Open,0.0,0.0,0.0,Fine
173232,1928485.0,5604629.0,547900.0,0.0,0.0,1.0,South,2018/2019,SOUTHLAND ROAD,GASCOIGNE ST,Minor Crash,No,2018,North,0.0,,Flat,,,,,Bright sun,1481900.0,1.0,0.0,0.0,2.0,0.0,,1.0,Hawke's Bay Region,Nil,2-way,Sealed,0.0,0.0,,50.0,,Null,0.0,0.0,,30.0,Hastings District,Give way,,,,,0.0,0.0,Urban,0.0,,,Fine
213168,1919900.0,5642895.0,545811.0,0.0,0.0,0.0,North,2000/2001,SH 5,GLENGARRY ROAD,Minor Crash,Yes,2001,South,0.0,,Hill Road,,,,,Dark,1414600.0,1.0,0.0,1.0,3.0,0.0,,,Hawke's Bay Region,Nil,2-way,Sealed,0.0,0.0,,100.0,,None,0.0,0.0,,30.0,Hastings District,Nil,,,,,0.0,0.0,Open,0.0,,,Fine
648903,1932652.0,5609542.0,545832.0,0.0,0.0,2.0,Null,2017/2018,FARNDON ROAD,CHESTERHOPE BRIDGE,Minor Crash,No,2017,West,0.0,,Flat,,,,,Bright sun,1404300.0,1.0,0.0,0.0,2.0,0.0,,,Hawke's Bay Region,Nil,2-way,Sealed,0.0,0.0,,80.0,,Null,0.0,0.0,,30.0,Hastings District,Give way,,,,,0.0,0.0,Open,0.0,,,Fine
453445,1930448.0,5606465.0,547600.0,0.0,0.0,2.0,North,2011/2012,FREDERICK ST,TOMOANA ROAD,Minor Crash,No,2012,North,0.0,,Flat,,,,,Bright sun,1483400.0,1.0,0.0,0.0,2.0,0.0,,,Hawke's Bay Region,Nil,2-way,Sealed,0.0,0.0,,50.0,,Null,0.0,0.0,,30.0,Hastings District,Nil,,,,,0.0,0.0,Urban,0.0,,,Fine
117519,1927837.0,5605538.0,547900.0,0.0,0.0,2.0,Null,2003/2004,MARAEKAKAHO ROAD,OLIPHANT ROAD,Non-Injury Crash,No,2003,South,0.0,,Flat,,,,,Bright sun,1479800.0,0.0,0.0,0.0,3.0,0.0,,,Hawke's Bay Region,Nil,2-way,Sealed,0.0,0.0,,50.0,,Null,0.0,0.0,,30.0,Hastings District,Give way,,,,,0.0,0.0,Urban,0.0,,,Fine
296380,1932826.0,5603311.0,545721.0,0.0,0.0,1.0,South,2004/2005,CROSSES ROAD,ST GEORGES ROAD,Non-Injury Crash,No,2004,North,0.0,1.0,Flat,0.0,,0.0,0.0,Dark,1473100.0,0.0,0.0,0.0,2.0,0.0,0.0,,Hawke's Bay Region,Nil,2-way,Sealed,0.0,0.0,0.0,100.0,0.0,None,0.0,0.0,,30.0,Hastings District,Nil,0.0,0.0,0.0,0.0,0.0,0.0,Open,0.0,0.0,0.0,Light rain