OBJECTID,X,Y,areaUnitID,bicycle,bus,carStationWagon,crashDirectionDescription,crashFinancialYear,crashLocation1,crashLocation2,crashSeverity,crashSHDescription,crashYear,directionRoleDescription,fatalCount,fence,flatHill,guardRail,holiday,houseOrBuilding,kerb,light,meshblockId,minorInjuryCount,moped,motorcycle,NumberOfLanes,otherVehicleType,parkedVehicle,pedestrian,region,roadCharacter,roadLane,roadSurface,schoolBus,seriousInjuryCount,slipOrFlood,speedLimit,strayAnimal,streetLight,suv,taxi,temporarySpeedLimit,tlaId,tlaName,trafficControl,trafficIsland,trafficSign,train,tree,truck,unknownVehicleType,urban,vanOrUtility,vehicle,waterRiver,weatherA
233544,1932355.0,5600458.0,548821.0,0.0,0.0,1.0,East,2009/2010,IONA ROAD,MARGARET AVENUE,Minor Crash,No,2010,West,0.0,,Hill Road,,,,,Overcast,1506702.0,1.0,0.0,0.0,2.0,0.0,,,Hawke's Bay Region,Nil,2-way,Sealed,0.0,0.0,,50.0,,Null,0.0,0.0,,30.0,Hastings District,Nil,,,,,0.0,0.0,Urban,0.0,,,Fine
359734,1927974.1662,5604860.0471,547900.0,0.0,0.0,2.0,North,2018/2019,WALL ROAD,Campbell Street.,Non-Injury Crash,No,2018,South,0.0,,Flat,,Christmas New Year,,,Bright sun,1481700.0,0.0,0.0,0.0,2.0,0.0,,,Hawke's Bay Region,Nil,2-way,Sealed,0.0,0.0,,50.0,,Off,0.0,0.0,,30.0,Hastings District,Nil,,,,,0.0,0.0,Urban,0.0,,,Fine
707644,1936494.0,5608558.0,545722.0,0.0,0.0,1.0,West,2004/2005,LAWN ROAD,MILL ROAD,Non-Injury Crash,No,2005,South,0.0,,Flat,,,,,Bright sun,1406501.0,0.0,0.0,0.0,2.0,0.0,,,Hawke's Bay Region,Nil,2-way,Sealed,0.0,0.0,,100.0,,Null,0.0,0.0,,30.0,Hastings District,Nil,,,,,0.0,0.0,Open,1.0,,,Fine
740028,1933194.0,5606508.0,545721.0,0.0,0.0,1.0,Null,2008/2009,SH 2,PARAIRE ROAD,Minor Crash,Yes,2009,South,0.0,,Flat,,,,,Bright sun,1471800.0,1.0,0.0,0.0,2.0,0.0,,,Hawke's Bay Region,Nil,2-way,Sealed,0.0,0.0,,100.0,,Null,0.0,0.0,,30.0,Hastings District,Stop,,,,,0.0,0.0,Open,1.0,,,Fine
2894,1916031.0,5604836.0,545841.0,0.0,0.0,1.0,West,2010/2011,SH 50,MARAEKAKAHO ROAD,Minor Crash,Yes,2010,West,0.0,0.0,Flat,0.0,,0.0,0.0,Bright sun,1462901.0,1.0,0.0,0.0,2.0,0.0,0.0,,Hawke's Bay Region,Nil,2-way,Sealed,0.0,0.0,0.0,100.0,0.0,Null,0.0,0.0,,30.0,Hastings District,Nil,0.0,0.0,0.0,0.0,0.0,0.0,Open,0.0,0.0,0.0,Fine
608580,1941077.0,5653860.0,545911.0,0.0,0.0,0.0,East,1999/2000,RIDGEMOUNT ROAD,KAHIKA ROAD,Minor Crash,No,2000,North,0.0,,Hill Road,,,,,Bright sun,1415200.0,1.0,0.0,0.0,1.0,0.0,,,Hawke's Bay Region,Nil,2-way,Unsealed,0.0,0.0,,100.0,,Null,0.0,0.0,,30.0,Hastings District,Nil,,,,,1.0,0.0,Open,0.0,,,Fine
709005,1928928.0,5606092.0,547700.0,0.0,0.0,1.0,East,2009/2010,HERETAUNGA ST WEST,STORTFORD ST,Non-Injury Crash,No,2010,West,0.0,,Flat,,,,,Bright sun,1486700.0,0.0,0.0,0.0,2.0,0.0,,,Hawke's Bay Region,Nil,2-way,Sealed,0.0,0.0,,50.0,,Null,0.0,0.0,,30.0,Hastings District,Nil,,,,,0.0,0.0,Urban,1.0,,,Fine
72752,1929560.0,5605258.0,548200.0,0.0,0.0,1.0,Null,2016/2017,NELSON ST SOUTH,HERETAUNGA ST WEST,Non-Injury Crash,No,2016,East,0.0,,Flat,,,,,Dark,1490100.0,0.0,0.0,0.0,3.0,0.0,,,Hawke's Bay Region,Nil,2-way,Sealed,0.0,0.0,,50.0,,On,1.0,0.0,,30.0,Hastings District,Traffic Signals,,,,,0.0,0.0,Urban,0.0,,,Null
113835,1933838.0,5604201.0,545750.0,0.0,0.0,1.0,North,2016/2017,NAPIER ROAD,THOMPSON ROAD,Minor Crash,No,2016,South,0.0,0.0,Flat,0.0,Christmas New Year,0.0,0.0,Dark,1406600.0,1.0,0.0,0.0,2.0,0.0,0.0,,Hawke's Bay Region,Nil,2-way,Sealed,0.0,0.0,0.0,100.0,0.0,None,0.0,0.0,,30.0,Hastings District,Unknown,0.0,0.0,0.0,0.0,0.0,0.0,Open,0.0,0.0,0.0,Light rain
495530,1931410.0,5614829.0,545831.0,0.0,0.0,1.0,South,2009/2010,SH 50,MEEANEE ON SBD,Non-Injury Crash,Yes,2009,North,0.0,,Flat,,,,,Bright sun,1404600.0,0.0,0.0,0.0,2.0,0.0,,,Hawke's Bay Region,Nil,2-way,Sealed,0.0,0.0,,100.0,,Null,1.0,0.0,,30.0,Hastings District,Nil,,,,,0.0,0.0,Open,0.0,,,Fine
505096,1928799.0,5603119.0,545762.0,0.0,0.0,1.0,North,2017/2018,TOLLEMACHE ROAD EAST,RIVERSLEA ROAD SOUTH,Minor Crash,No,2018,South,0.0,0.0,Flat,0.0,,0.0,0.0,Overcast,1469500.0,1.0,0.0,0.0,2.0,0.0,0.0,,Hawke's Bay Region,Nil,2-way,Sealed,0.0,0.0,0.0,100.0,0.0,Null,0.0,0.0,,30.0,Hastings District,Unknown,0.0,0.0,0.0,0.0,0.0,0.0,Open,0.0,0.0,0.0,Fine
652598,1909396.0,5673774.0,545911.0,0.0,0.0,1.0,South,2015/2016,SH 5,TARAWERA TAV,Minor Crash,Yes,2016,South,0.0,0.0,Flat,0.0,,0.0,0.0,Overcast,1281200.0,1.0,0.0,0.0,2.0,0.0,0.0,,Hawke's Bay Region,Nil,2-way,Sealed,0.0,0.0,0.0,100.0,0.0,Null,0.0,0.0,,30.0,Hastings District,Unknown,0.0,0.0,0.0,0.0,0.0,0.0,Open,0.0,0.0,0.0,Light rain
41094,1928739.7504,5606320.8257,547800.0,0.0,0.0,2.0,North,2019/2020,OMAHU ROAD,MARAEKAKAHO ROAD,Non-Injury Crash,No,2020,North,0.0,,Flat,,,,,Overcast,1477800.0,0.0,0.0,0.0,2.0,0.0,,,Hawke's Bay Region,Nil,2-way,Sealed,0.0,0.0,,50.0,,Null,0.0,0.0,,30.0,Hastings District,Nil,,,,,0.0,0.0,Urban,0.0,,,Null
686478,1900942.0,5621629.0,545821.0,0.0,0.0,2.0,South,2012/2013,TAIHAPE ROAD,OTAMAURI ROAD,Minor Crash,No,2013,South,0.0,,Flat,,,,,Bright sun,1410100.0,1.0,0.0,0.0,2.0,0.0,,,Hawke's Bay Region,Nil,2-way,Sealed,0.0,0.0,,100.0,,Null,0.0,0.0,,30.0,Hastings District,Nil,,,,,0.0,0.0,Open,0.0,,,Fine
290477,1932226.1555,5606182.0803,545721.0,1.0,1.0,0.0,East,2018/2019,002-0661,ELWOOD ROAD,Serious Crash,Yes,2019,North,0.0,0.0,Flat,0.0,,0.0,0.0,Bright sun,1471700.0,0.0,0.0,0.0,2.0,0.0,1.0,,Hawke's Bay Region,Nil,2-way,Sealed,0.0,1.0,0.0,100.0,0.0,Off,0.0,0.0,,30.0,Hastings District,Unknown,0.0,0.0,0.0,0.0,0.0,0.0,Open,0.0,0.0,0.0,Fine
92512,1928902.0,5608819.0,545710.0,0.0,0.0,0.0,South,2004/2005,ORMOND ROAD,EVENDEN ROAD,Non-Injury Crash,No,2005,North,0.0,0.0,Flat,0.0,,0.0,0.0,Overcast,1471000.0,0.0,0.0,0.0,2.0,0.0,0.0,,Hawke's Bay Region,Nil,2-way,Sealed,0.0,0.0,0.0,100.0,0.0,Null,1.0,0.0,30.0,30.0,Hastings District,Nil,0.0,0.0,0.0,0.0,0.0,0.0,Open,0.0,0.0,0.0,Heavy rain
362379,1905608.0,5600606.0,545841.0,0.0,0.0,0.0,South,2010/2011,SH 50,GLENCOE STATION ROAD,Non-Injury Crash,Yes,2011,North,0.0,0.0,Hill Road,0.0,,0.0,0.0,Dark,1462600.0,0.0,0.0,0.0,2.0,0.0,0.0,,Hawke's Bay Region,Nil,2-way,Sealed,0.0,0.0,0.0,100.0,0.0,None,0.0,0.0,,30.0,Hastings District,Nil,0.0,0.0,0.0,0.0,0.0,0.0,Open,1.0,0.0,0.0,Fine
6316,1941589.0,5657164.0,545911.0,0.0,0.0,1.0,North,2001/2002,SH 2,MATAHORUA HALF BR,Non-Injury Crash,Yes,2002,North,0.0,,Hill Road,,,,,Overcast,1415100.0,0.0,0.0,0.0,2.0,0.0,,,Hawke's Bay Region,Nil,2-way,Sealed,0.0,0.0,,100.0,,Null,0.0,0.0,,30.0,Hastings District,Nil,,,,,0.0,0.0,Open,1.0,,,Fine
467268,1895024.0,5610718.0,545841.0,0.0,0.0,1.0,North,2013/2014,BIG HILL ROAD,KERERU ROAD,Non-Injury Crash,No,2014,North,0.0,0.0,Hill Road,0.0,,0.0,0.0,Dark,1462202.0,0.0,0.0,0.0,1.0,0.0,0.0,,Hawke's Bay Region,Nil,2-way,Sealed,0.0,0.0,0.0,100.0,0.0,None,0.0,0.0,,30.0,Hastings District,Unknown,0.0,0.0,0.0,0.0,0.0,0.0,Open,0.0,0.0,0.0,Fine
60512,1927635.0,5607391.0,547800.0,0.0,0.0,2.0,Null,2013/2014,OMAHU ROAD,SH 50A,Non-Injury Crash,No,2013,South,0.0,,Flat,,,,,Bright sun,1476600.0,0.0,0.0,0.0,4.0,0.0,,,Hawke's Bay Region,Nil,2-way,Sealed,0.0,0.0,,50.0,,Null,0.0,0.0,,30.0,Hastings District,Give way,,,,,0.0,0.0,Urban,0.0,,,Fine
26938,1913898.0,5657289.0,545911.0,0.0,0.0,1.0,South,2001/2002,SH 5,MCVICAR ROAD,Serious Crash,Yes,2002,South,0.0,,Hill Road,,Easter,,,Bright sun,1414400.0,0.0,0.0,0.0,2.0,0.0,,,Hawke's Bay Region,Nil,2-way,Sealed,0.0,1.0,,100.0,,Null,0.0,0.0,,30.0,Hastings District,Nil,,,,,0.0,0.0,Open,0.0,,,Fine
95236,1910012.0,5664496.0,545911.0,0.0,0.0,1.0,West,2004/2005,SH 5,HUKUTARA ROAD,Non-Injury Crash,Yes,2004,West,0.0,1.0,Hill Road,0.0,Christmas New Year,0.0,0.0,Overcast,1414300.0,0.0,0.0,0.0,2.0,0.0,0.0,,Hawke's Bay Region,Nil,2-way,Sealed,0.0,0.0,0.0,100.0,0.0,Null,0.0,0.0,,30.0,Hastings District,Nil,0.0,0.0,0.0,0.0,0.0,0.0,Open,0.0,0.0,0.0,Light rain
290935,1931760.0,5605278.0,548000.0,0.0,0.0,2.0,East,2006/2007,COLLINGE ROAD,COLLINGE PLACE,Non-Injury Crash,No,2006,West,0.0,0.0,Flat,0.0,,0.0,0.0,Dark,1496900.0,0.0,0.0,0.0,2.0,0.0,1.0,,Hawke's Bay Region,Nil,2-way,Sealed,0.0,0.0,0.0,50.0,0.0,On,0.0,0.0,,30.0,Hastings District,Nil,0.0,0.0,0.0,0.0,0.0,0.0,Urban,0.0,0.0,0.0,Light rain
91230,1931459.0,5614969.0,545831.0,0.0,0.0,2.0,North,2017/2018,SH 50,TUTAEKURI BR S,Minor Crash,Yes,2018,South,0.0,,Flat,,,,,Overcast,1404600.0,1.0,0.0,0.0,2.0,0.0,,,Hawke's Bay Region,Bridge,2-way,Sealed,0.0,0.0,,100.0,,Null,0.0,0.0,,30.0,Hastings District,Unknown,,,,,0.0,0.0,Open,0.0,,,Fine
89569,1929872.8181,5605942.9027,547700.0,0.0,0.0,2.0,Null,2019/2020,TOMOANA ROAD,FITZROY AVENUE,Minor Crash,No,2019,East,0.0,,Flat,,,,,Bright sun,1488400.0,1.0,0.0,0.0,2.0,0.0,,,Hawke's Bay Region,Nil,2-way,Sealed,0.0,0.0,,50.0,,Off,0.0,0.0,,30.0,Hastings District,Stop,,,,,0.0,0.0,Urban,0.0,,,Fine
284635,1922420.0,5626803.0,545821.0,0.0,0.0,1.0,West,2000/2001,PUKETITIRI ROAD,GLENGARRY ROAD,Non-Injury Crash,No,2001,South,0.0,0.0,Hill Road,1.0,Easter,0.0,0.0,Overcast,1411100.0,0.0,0.0,0.0,2.0,0.0,0.0,,Hawke's Bay Region,Nil,2-way,Sealed,0.0,0.0,0.0,100.0,0.0,Null,0.0,0.0,,30.0,Hastings District,Nil,0.0,0.0,0.0,0.0,0.0,0.0,Open,0.0,0.0,0.0,Light rain
275728,1930139.0,5603879.0,548300.0,0.0,0.0,0.0,South,2017/2018,FERGUSON ST,RIVERSLEA ROAD SOUTH,Serious Crash,No,2018,South,0.0,,Flat,,,,,Bright sun,1501800.0,0.0,0.0,0.0,2.0,0.0,,1.0,Hawke's Bay Region,Nil,2-way,Sealed,0.0,1.0,,50.0,,Null,0.0,0.0,,30.0,Hastings District,Nil,,,,,0.0,0.0,Urban,1.0,,,Fine
268513,1931186.0,5604135.0,548100.0,1.0,0.0,1.0,Null,2012/2013,TERRACE ROAD,HAIG ST,Serious Crash,No,2013,South,0.0,,Flat,,,,,Bright sun,1500100.0,0.0,0.0,0.0,2.0,0.0,,,Hawke's Bay Region,Nil,2-way,Sealed,0.0,1.0,,50.0,,Null,0.0,0.0,,30.0,Hastings District,Give way,,,,,0.0,0.0,Urban,0.0,,,Fine
439823,1924517.0,5607815.0,548612.0,0.0,0.0,2.0,East,2002/2003,CARTIER CRESCENT,RALEIGH ST N,Non-Injury Crash,No,2002,West,0.0,0.0,Flat,0.0,,0.0,0.0,Dark,1474111.0,0.0,0.0,0.0,2.0,0.0,1.0,,Hawke's Bay Region,Nil,2-way,Sealed,0.0,0.0,0.0,50.0,0.0,On,0.0,0.0,,30.0,Hastings District,Nil,0.0,0.0,0.0,0.0,0.0,0.0,Urban,0.0,0.0,0.0,Fine
417190,1927677.0,5605418.0,545761.0,0.0,0.0,1.0,North,2011/2012,MARAEKAKAHO ROAD,WALL ROAD,Non-Injury Crash,No,2012,South,0.0,,Flat,,,,,Bright sun,1469905.0,0.0,0.0,0.0,1.0,0.0,,,Hawke's Bay Region,Nil,2-way,Sealed,0.0,0.0,,70.0,,Null,0.0,0.0,,30.0,Hastings District,Nil,,,,,0.0,0.0,Urban,1.0,,,Fine
79474,1922583.0,5604820.0,545842.0,0.0,0.0,1.0,East,2000/2001,NGATARAWA ROAD,VALENTINE ROAD,Non-Injury Crash,No,2001,West,0.0,0.0,Flat,0.0,,0.0,0.0,Overcast,1470218.0,0.0,0.0,0.0,2.0,0.0,0.0,,Hawke's Bay Region,Nil,2-way,Sealed,0.0,0.0,0.0,100.0,0.0,Null,0.0,0.0,,30.0,Hastings District,Nil,0.0,0.0,0.0,0.0,1.0,0.0,Open,0.0,0.0,0.0,Fine
273811,1934162.0418,5600822.3504,548833.0,0.0,0.0,1.0,South,2018/2019,TE MATA PEAK ROAD,SIMLA AVENUE,Non-Injury Crash,No,2019,West,0.0,1.0,Hill Road,0.0,,0.0,0.0,Dark,1466710.0,0.0,0.0,0.0,2.0,0.0,0.0,,Hawke's Bay Region,Nil,2-way,Sealed,0.0,0.0,0.0,60.0,0.0,None,0.0,0.0,,30.0,Hastings District,Unknown,0.0,0.0,0.0,0.0,0.0,0.0,Urban,0.0,0.0,0.0,Light rain
347308,1928503.0,5606043.0,548500.0,0.0,0.0,3.0,Null,2000/2001,MARAEKAKAHO ROAD,ORCHARD ROAD,Non-Injury Crash,No,2000,South,0.0,,Flat,,,,,Twilight,1479600.0,0.0,0.0,0.0,3.0,0.0,,,Hawke's Bay Region,Nil,2-way,Sealed,0.0,0.0,,50.0,,Off,0.0,0.0,,30.0,Hastings District,Traffic Signals,,,,,0.0,0.0,Urban,0.0,,,Fine
79691,1928955.0,5606409.0,547800.0,1.0,0.0,1.0,West,1999/2000,PAKOWHAI ROAD,IKANUI ROAD,Fatal Crash,No,2000,West,1.0,1.0,Flat,0.0,,0.0,0.0,Bright sun,1477800.0,0.0,0.0,0.0,2.0,0.0,0.0,,Hawke's Bay Region,Nil,2-way,Sealed,0.0,0.0,0.0,50.0,0.0,Off,0.0,0.0,,30.0,Hastings District,Give way,0.0,0.0,0.0,0.0,0.0,0.0,Urban,0.0,0.0,0.0,Fine
176182,1935555.0,5611156.0,545832.0,0.0,0.0,1.0,South,2014/2015,FARNDON ROAD,SH 2,Non-Injury Crash,No,2015,North,0.0,0.0,Flat,0.0,,0.0,0.0,Dark,1404300.0,0.0,0.0,0.0,2.0,0.0,0.0,,Hawke's Bay Region,Nil,2-way,Sealed,0.0,0.0,0.0,80.0,0.0,None,0.0,0.0,,30.0,Hastings District,Unknown,0.0,0.0,0.0,0.0,0.0,0.0,Open,0.0,0.0,0.0,Fine
318787,1937053.0,5613597.0,545832.0,0.0,0.0,2.0,South,2015/2016,SH 2,WAITANGI BR,Minor Crash,Yes,2015,North,0.0,,Flat,,,,,Dark,1404000.0,2.0,0.0,0.0,2.0,0.0,,,Hawke's Bay Region,Nil,2-way,Sealed,0.0,0.0,,100.0,,None,0.0,0.0,,30.0,Hastings District,Unknown,,,,,0.0,0.0,Open,0.0,,,Fine
663141,1929640.0,5605754.0,548200.0,0.0,0.0,0.0,East,2007/2008,ST AUBYN ST WEST,TOMOANA ROAD,Non-Injury Crash,No,2007,West,0.0,,Flat,,,,,Bright sun,1490300.0,0.0,0.0,0.0,2.0,0.0,,,Hawke's Bay Region,Nil,2-way,Sealed,0.0,0.0,,50.0,,Null,0.0,0.0,,30.0,Hastings District,Nil,,,,,1.0,0.0,Urban,1.0,,,Fine
118001,1928370.0,5604418.0,547900.0,0.0,0.0,2.0,North,2015/2016,MURDOCH PLACE,MURDOCH ROAD WEST,Non-Injury Crash,No,2016,North,0.0,0.0,Flat,0.0,,0.0,0.0,Bright sun,1481900.0,0.0,0.0,0.0,2.0,0.0,1.0,,Hawke's Bay Region,Nil,2-way,Sealed,0.0,0.0,0.0,50.0,0.0,Null,0.0,0.0,,30.0,Hastings District,Unknown,0.0,0.0,0.0,0.0,0.0,0.0,Urban,0.0,0.0,0.0,Fine
665344,1925526.0,5613078.0,545822.0,0.0,0.0,1.0,South,2010/2011,SH 50,OMARUNUI ROAD,Minor Crash,Yes,2011,South,0.0,,Flat,,,,,Bright sun,1408800.0,1.0,0.0,0.0,2.0,0.0,,,Hawke's Bay Region,Nil,2-way,Sealed,0.0,0.0,,100.0,,Null,0.0,0.0,,30.0,Hastings District,Nil,,,,,0.0,0.0,Open,0.0,,,Fine
667727,1927751.0,5606402.0,548500.0,0.0,0.0,0.0,South,2012/2013,HUIA ST,HUIA PLACE,Non-Injury Crash,No,2012,South,0.0,1.0,Flat,0.0,,0.0,0.0,Dark,1479300.0,0.0,0.0,0.0,2.0,0.0,0.0,,Hawke's Bay Region,Nil,2-way,Sealed,0.0,0.0,0.0,50.0,0.0,On,0.0,0.0,,30.0,Hastings District,Nil,0.0,0.0,0.0,0.0,0.0,0.0,Urban,1.0,0.0,0.0,Fine
421800,1926751.0,5618334.0,545821.0,0.0,0.0,1.0,South,2009/2010,SPRINGFIELD ROAD,PUKETAPU ROAD,Minor Crash,No,2010,North,0.0,0.0,Flat,0.0,,0.0,0.0,Overcast,1411000.0,2.0,0.0,0.0,2.0,0.0,0.0,,Hawke's Bay Region,Nil,2-way,Sealed,0.0,0.0,0.0,100.0,0.0,Null,0.0,0.0,,30.0,Hastings District,Nil,0.0,0.0,0.0,1.0,0.0,0.0,Open,0.0,0.0,0.0,Fine
470155,1926070.0,5608177.0,545710.0,0.0,0.0,1.0,East,2005/2006,OMAHU ROAD,CHATHAM ROAD,Non-Injury Crash,No,2005,East,0.0,0.0,Flat,0.0,,0.0,0.0,Bright sun,1470900.0,0.0,0.0,0.0,2.0,0.0,0.0,,Hawke's Bay Region,Nil,2-way,Sealed,0.0,0.0,0.0,50.0,0.0,Null,1.0,0.0,,30.0,Hastings District,Nil,0.0,0.0,0.0,0.0,0.0,0.0,Urban,0.0,0.0,0.0,Fine
601267,1936143.5462,5639674.04,545811.0,0.0,0.0,1.0,North,2020/2021,SH 2,TANGOIO MARAE,Minor Crash,Yes,2020,South,0.0,,Flat,,,,,Dark,1415700.0,1.0,0.0,0.0,2.0,0.0,,,Hawke's Bay Region,Nil,2-way,Sealed,0.0,0.0,,100.0,,None,0.0,0.0,,30.0,Hastings District,Nil,,,,,1.0,0.0,Open,0.0,,,Fine
271303,1944793.0,5660146.0,545911.0,0.0,0.0,0.0,East,2016/2017,SH 2,KINGS CK BR,Non-Injury Crash,Yes,2016,West,0.0,,Hill Road,,,,,Overcast,1415100.0,0.0,0.0,0.0,2.0,0.0,,,Hawke's Bay Region,Nil,2-way,Sealed,0.0,0.0,,100.0,,Null,0.0,0.0,,30.0,Hastings District,Unknown,,,,,2.0,0.0,Open,0.0,,,Light rain
573568,1932547.0,5610090.0,545832.0,0.0,0.0,2.0,South,2017/2018,PAKOWHAI ROAD,GILBERTSON ROAD,Minor Crash,No,2017,South,0.0,,Hill Road,,,,,Bright sun,1404100.0,1.0,0.0,0.0,2.0,0.0,,,Hawke's Bay Region,Bridge,2-way,Sealed,0.0,0.0,,100.0,,Null,0.0,0.0,,30.0,Hastings District,Unknown,,,,,0.0,0.0,Open,1.0,,,Fine
361132,1925865.0,5606592.0,548620.0,0.0,0.0,1.0,Null,2009/2010,WILSON ROAD,FLAXMERE AVENUE,Non-Injury Crash,No,2010,East,0.0,,Null,,,,,Overcast,1476400.0,0.0,0.0,0.0,2.0,0.0,,,Hawke's Bay Region,Nil,2-way,Sealed,0.0,0.0,,50.0,,Null,0.0,0.0,,30.0,Hastings District,Give way,,,,,1.0,0.0,Urban,0.0,,,Fine
301739,1925667.0,5607268.0,548620.0,0.0,0.0,1.0,Null,2008/2009,FOLKESTONE DRIVE,DOVER ROAD,Non-Injury Crash,No,2009,East,0.0,1.0,Flat,0.0,Easter,0.0,0.0,Dark,1476000.0,0.0,0.0,0.0,2.0,0.0,0.0,,Hawke's Bay Region,Nil,2-way,Sealed,0.0,0.0,0.0,50.0,0.0,On,0.0,0.0,,30.0,Hastings District,Nil,0.0,0.0,0.0,0.0,0.0,0.0,Urban,0.0,0.0,0.0,Fine
455813,1929225.0,5609150.0,545710.0,0.0,0.0,2.0,North,2017/2018,EVENDEN ROAD,ORMOND ROAD,Serious Crash,No,2017,North,0.0,2.0,Flat,0.0,,0.0,0.0,Bright sun,1471000.0,1.0,0.0,0.0,2.0,0.0,0.0,,Hawke's Bay Region,Nil,2-way,Sealed,0.0,1.0,0.0,100.0,0.0,Null,0.0,0.0,,30.0,Hastings District,Unknown,0.0,0.0,0.0,0.0,0.0,0.0,Open,0.0,0.0,0.0,Fine
400285,1928503.0,5606043.0,548500.0,0.0,0.0,1.0,Null,2001/2002,MARAEKAKAHO ROAD,ORCHARD ROAD,Non-Injury Crash,No,2001,North,0.0,,Flat,,,,,Twilight,1479600.0,0.0,0.0,0.0,3.0,0.0,,,Hawke's Bay Region,Nil,2-way,Sealed,0.0,0.0,,50.0,,Off,0.0,0.0,,30.0,Hastings District,Nil,,,,,0.0,0.0,Urban,1.0,,,Fine
427167,1923868.0,5607981.0,548611.0,0.0,0.0,1.0,Null,1999/2000,RAMSEY CRESCENT,OBAN ST,Minor Crash,No,2000,North,0.0,,Flat,,,,,Bright sun,1470315.0,1.0,0.0,0.0,2.0,0.0,,1.0,Hawke's Bay Region,Nil,2-way,Sealed,0.0,0.0,,50.0,,Null,0.0,0.0,,30.0,Hastings District,Nil,,,,,0.0,0.0,Urban,0.0,,,Fine
86956,1927299.0,5607654.0,545710.0,0.0,0.0,0.0,Null,2005/2006,OMAHU ROAD,WILSON ROAD,Non-Injury Crash,No,2006,North,0.0,,Flat,,,,,Bright sun,1471000.0,0.0,0.0,0.0,2.0,0.0,,,Hawke's Bay Region,Nil,2-way,Sealed,0.0,0.0,,50.0,,Null,1.0,0.0,,30.0,Hastings District,Give way,,,,,1.0,0.0,Urban,0.0,,,Fine
683323,1932801.0,5608139.0,545721.0,0.0,0.0,2.0,Null,2013/2014,RUAHAPIA ROAD,OTENE ROAD,Non-Injury Crash,No,2013,East,0.0,,Flat,,,,,Bright sun,1471800.0,0.0,0.0,0.0,2.0,0.0,,,Hawke's Bay Region,Rail xing,2-way,Sealed,0.0,0.0,,100.0,,Null,0.0,0.0,,30.0,Hastings District,Give way,,,,,0.0,0.0,Open,0.0,,,Fine
472331,1939228.0,5608185.0,545740.0,0.0,0.0,0.0,Null,2002/2003,BEACH ROAD,COLLISON TERRACE,Non-Injury Crash,No,2003,East,0.0,0.0,Flat,0.0,,1.0,0.0,Dark,1407100.0,0.0,0.0,0.0,2.0,0.0,1.0,,Hawke's Bay Region,Nil,2-way,Sealed,0.0,0.0,0.0,50.0,0.0,On,0.0,0.0,,30.0,Hastings District,Nil,0.0,0.0,0.0,0.0,0.0,0.0,Urban,1.0,0.0,0.0,Fine
312574,1936998.0,5613222.0,545832.0,0.0,0.0,1.0,North,2000/2001,SH 2,FARNDON ROAD,Non-Injury Crash,Yes,2000,North,0.0,,Hill Road,,,,,Bright sun,1404000.0,0.0,0.0,0.0,2.0,0.0,,,Hawke's Bay Region,Nil,2-way,Sealed,0.0,0.0,,100.0,,Null,0.0,0.0,,30.0,Hastings District,Nil,,,,,0.0,0.0,Open,1.0,,,Fine
569658,1931398.0,5614830.0,545831.0,0.0,0.0,1.0,South,2003/2004,SH 50,TUTAEKURI BR S,Serious Crash,Yes,2004,North,0.0,,Flat,,,,,Overcast,1404600.0,1.0,0.0,1.0,2.0,0.0,,,Hawke's Bay Region,Nil,2-way,Sealed,0.0,1.0,,100.0,,Null,0.0,0.0,,30.0,Hastings District,Nil,,,,,0.0,0.0,Open,0.0,,,Mist or Fog
724702,1930226.0,5604367.0,548300.0,0.0,0.0,2.0,Null,2005/2006,HERETAUNGA ST EAST,WILLOWPARK ROAD NORTH,Non-Injury Crash,No,2006,North,0.0,,Flat,,,,,Dark,1501500.0,0.0,0.0,0.0,2.0,0.0,,,Hawke's Bay Region,Nil,2-way,Sealed,0.0,0.0,,50.0,,On,0.0,0.0,,30.0,Hastings District,Give way,,,,,0.0,0.0,Urban,0.0,,,Fine
437020,1931294.0,5605188.0,548000.0,0.0,0.0,2.0,Null,2015/2016,WILLOWPARK ROAD NORTH,GROVE ROAD,Non-Injury Crash,No,2016,North,0.0,,Flat,,,,,Bright sun,1496800.0,0.0,0.0,0.0,2.0,0.0,,,Hawke's Bay Region,Nil,2-way,Sealed,0.0,0.0,,30.0,,Null,0.0,0.0,,30.0,Hastings District,Give way,,,,,0.0,0.0,Urban,0.0,,,Fine
98715,1930658.0,5612476.0,545832.0,0.0,0.0,3.0,South,2000/2001,SH 50A,SH 50,Serious Crash,Yes,2000,South,0.0,,Flat,,,,,Dark,1404400.0,2.0,0.0,0.0,2.0,0.0,,,Hawke's Bay Region,Nil,2-way,Sealed,0.0,1.0,,100.0,,None,0.0,0.0,,30.0,Hastings District,Nil,,,,,0.0,0.0,Open,0.0,,,Fine
433270,1927360.0,5605179.0,545761.0,0.0,0.0,2.0,North,2008/2009,MARAEKAKAHO ROAD,SH 50A,Minor Crash,No,2008,South,0.0,1.0,Flat,0.0,,0.0,0.0,Bright sun,1469905.0,1.0,0.0,0.0,2.0,0.0,0.0,,Hawke's Bay Region,Nil,2-way,Sealed,0.0,0.0,0.0,70.0,0.0,Null,0.0,0.0,,30.0,Hastings District,Nil,0.0,0.0,0.0,0.0,0.0,0.0,Urban,0.0,0.0,0.0,Fine