OBJECTID,X,Y,areaUnitID,bicycle,bus,carStationWagon,crashDirectionDescription,crashFinancialYear,crashLocation1,crashLocation2,crashSeverity,crashSHDescription,crashYear,directionRoleDescription,fatalCount,fence,flatHill,guardRail,holiday,houseOrBuilding,kerb,light,meshblockId,minorInjuryCount,moped,motorcycle,NumberOfLanes,otherVehicleType,parkedVehicle,pedestrian,region,roadCharacter,roadLane,roadSurface,schoolBus,seriousInjuryCount,slipOrFlood,speedLimit,strayAnimal,streetLight,suv,taxi,temporarySpeedLimit,tlaId,tlaName,trafficControl,trafficIsland,trafficSign,train,tree,truck,unknownVehicleType,urban,vanOrUtility,vehicle,waterRiver,weatherA
596244,1922140.0,5604422.0,545842.0,0.0,0.0,1.0,West,2013/2014,MARAEKAKAHO ROAD,RAUKAWA ROAD,Non-Injury Crash,No,2014,East,0.0,0.0,Flat,0.0,,0.0,0.0,Bright sun,1462902.0,0.0,0.0,0.0,2.0,0.0,0.0,,Hawke's Bay Region,Nil,2-way,Sealed,0.0,0.0,0.0,50.0,0.0,Null,0.0,0.0,,30.0,Hastings District,Unknown,0.0,1.0,0.0,0.0,0.0,0.0,Urban,0.0,0.0,0.0,Fine
257865,1929657.0,5605129.0,548200.0,0.0,0.0,2.0,Null,2005/2006,HERETAUNGA ST WEST,KING ST NORTH,Non-Injury Crash,No,2005,South,0.0,,Flat,,Christmas New Year,,,Bright sun,1491200.0,0.0,0.0,0.0,2.0,0.0,,,Hawke's Bay Region,Nil,2-way,Sealed,0.0,0.0,,50.0,,Null,0.0,0.0,,30.0,Hastings District,Give way,,,,,0.0,0.0,Urban,0.0,,,Fine
202454,1929743.0,5605016.0,548200.0,0.0,0.0,1.0,Null,2001/2002,HERETAUNGA ST WEST,MARKET ST NORTH,Non-Injury Crash,No,2001,East,0.0,0.0,Flat,0.0,,0.0,0.0,Dark,1491700.0,0.0,0.0,0.0,2.0,0.0,0.0,,Hawke's Bay Region,Nil,2-way,Sealed,0.0,0.0,0.0,50.0,0.0,On,0.0,0.0,,30.0,Hastings District,Give way,1.0,1.0,0.0,0.0,0.0,0.0,Urban,0.0,0.0,0.0,Fine
245986,1930445.0,5605078.0,548200.0,0.0,0.0,2.0,Null,2005/2006,VICTORIA ST,WARREN ST NORTH,Non-Injury Crash,No,2005,South,0.0,,Flat,,,,,Twilight,1494500.0,0.0,0.0,0.0,2.0,0.0,,,Hawke's Bay Region,Nil,2-way,Sealed,0.0,0.0,,50.0,,Off,0.0,0.0,,30.0,Hastings District,Give way,,,,,0.0,0.0,Urban,0.0,,,Fine
698675,1930261.0,5605598.0,548200.0,0.0,0.0,2.0,East,2015/2016,KING ST NORTH,FITZROY AVENUE,Serious Crash,No,2015,West,0.0,,Flat,,,,,Dark,1491100.0,0.0,0.0,0.0,2.0,0.0,,,Hawke's Bay Region,Nil,2-way,Sealed,0.0,1.0,,50.0,,On,0.0,0.0,,30.0,Hastings District,Nil,,,,,0.0,0.0,Urban,0.0,,,Fine
639102,1926812.0,5604765.0,545761.0,0.0,0.0,1.0,Null,2004/2005,HEATHCOTE ROAD,SH 50A,Non-Injury Crash,Yes,2005,North,0.0,0.0,Flat,0.0,,0.0,0.0,Bright sun,1468801.0,0.0,0.0,0.0,2.0,0.0,0.0,,Hawke's Bay Region,Nil,2-way,Sealed,0.0,0.0,0.0,100.0,0.0,Null,0.0,0.0,,30.0,Hastings District,Nil,0.0,0.0,0.0,0.0,0.0,0.0,Open,0.0,0.0,0.0,Fine
296580,1925214.0,5606875.0,548620.0,0.0,0.0,1.0,Null,2004/2005,SWANSEA ROAD,BRISTOL CRESCENT,Minor Crash,No,2004,North,0.0,0.0,Flat,0.0,,0.0,0.0,Bright sun,1476500.0,1.0,0.0,0.0,2.0,0.0,0.0,,Hawke's Bay Region,Nil,2-way,Sealed,0.0,0.0,0.0,50.0,0.0,Null,0.0,0.0,,30.0,Hastings District,Nil,0.0,0.0,0.0,1.0,0.0,0.0,Urban,0.0,0.0,0.0,Fine
213630,1924169.0,5607547.0,548612.0,0.0,0.0,1.0,Null,2007/2008,DIAZ DRIVE,PALGRAVE AVENUE,Non-Injury Crash,No,2007,South,0.0,1.0,Flat,0.0,,0.0,0.0,Bright sun,1474002.0,0.0,0.0,0.0,2.0,0.0,0.0,,Hawke's Bay Region,Nil,2-way,Sealed,0.0,0.0,0.0,50.0,0.0,Null,0.0,0.0,,30.0,Hastings District,Nil,0.0,0.0,0.0,0.0,0.0,0.0,Urban,0.0,0.0,0.0,Fine
221497,1902292.0373,5653859.5277,545912.0,0.0,1.0,0.0,North,2020/2021,MAKAHU ROAD,PAKAUTUTU ROAD,Non-Injury Crash,No,2020,North,0.0,0.0,Hill Road,0.0,,0.0,0.0,Twilight,1412000.0,0.0,0.0,0.0,2.0,0.0,0.0,,Hawke's Bay Region,Nil,2-way,Unsealed,0.0,0.0,0.0,100.0,0.0,None,0.0,0.0,,30.0,Hastings District,Nil,0.0,0.0,0.0,0.0,0.0,0.0,Open,0.0,0.0,0.0,Fine
93400,1932997.0,5601844.0,548831.0,0.0,0.0,2.0,Null,2004/2005,TE MATA ROAD,KARANEMA DRIVE,Non-Injury Crash,No,2005,West,0.0,,Hill Road,,,,,Dark,1509700.0,0.0,0.0,0.0,2.0,0.0,,,Hawke's Bay Region,Nil,2-way,Sealed,0.0,0.0,,50.0,,On,0.0,0.0,,30.0,Hastings District,Give way,,,,,0.0,0.0,Urban,0.0,,,Light rain
177224,1927501.0,5603870.0,545761.0,0.0,0.0,1.0,Null,2015/2016,SOUTHLAND ROAD,HEATHCOTE ROAD,Non-Injury Crash,No,2015,West,0.0,0.0,Flat,0.0,,0.0,0.0,Bright sun,1468801.0,0.0,0.0,0.0,2.0,0.0,0.0,,Hawke's Bay Region,Nil,2-way,Sealed,0.0,0.0,0.0,100.0,0.0,Null,0.0,0.0,,30.0,Hastings District,Nil,0.0,0.0,0.0,0.0,0.0,0.0,Open,0.0,0.0,0.0,Fine
707261,1929549.0,5604672.0,548200.0,0.0,0.0,3.0,Null,2017/2018,RAILWAY ROAD,SOUTHAMPTON ST WEST,Non-Injury Crash,No,2017,North,0.0,,Flat,,,,,Bright sun,1489700.0,0.0,0.0,0.0,2.0,0.0,,,Hawke's Bay Region,Nil,2-way,Sealed,0.0,0.0,,50.0,,Null,0.0,0.0,,30.0,Hastings District,Traffic Signals,,,,,0.0,0.0,Urban,0.0,,,Fine
474740,1924783.0,5607988.0,548611.0,0.0,0.0,1.0,West,2009/2010,Z ORCHARD ROAD,MARGATE AVE/MARGATE PL,Minor Crash,No,2009,South,0.0,0.0,Flat,0.0,,0.0,0.0,Overcast,1473804.0,1.0,0.0,0.0,2.0,0.0,0.0,,Hawke's Bay Region,Nil,2-way,Unsealed,0.0,0.0,0.0,50.0,0.0,Null,0.0,0.0,,30.0,Hastings District,Nil,0.0,0.0,0.0,1.0,0.0,0.0,Urban,0.0,0.0,0.0,Fine
662042,1931513.0,5604830.0,548000.0,0.0,0.0,2.0,Null,2003/2004,SYLVAN ROAD,GROVE ROAD,Non-Injury Crash,No,2003,East,0.0,,Flat,,,,,Overcast,1498600.0,0.0,0.0,0.0,2.0,0.0,,,Hawke's Bay Region,Nil,2-way,Sealed,0.0,0.0,,50.0,,Null,0.0,0.0,,30.0,Hastings District,Give way,,,,,0.0,0.0,Urban,0.0,,,Light rain
459098,1907349.0,5677132.0,545911.0,0.0,0.0,0.0,Null,2009/2010,SH 5,WAIPUNA NO3 BR,Non-Injury Crash,Yes,2010,West,0.0,0.0,Flat,1.0,,0.0,0.0,Overcast,1281200.0,0.0,0.0,0.0,2.0,0.0,0.0,,Hawke's Bay Region,Bridge,2-way,Sealed,0.0,0.0,0.0,100.0,0.0,Null,1.0,0.0,,30.0,Hastings District,Nil,0.0,0.0,0.0,0.0,0.0,0.0,Open,0.0,0.0,0.0,Fine
270546,1924618.0,5597630.0,545851.0,0.0,0.0,0.0,South,2012/2013,SH 2,STOCK ROAD,Minor Crash,Yes,2013,South,0.0,0.0,Flat,0.0,,0.0,0.0,Bright sun,1463900.0,3.0,0.0,0.0,2.0,0.0,0.0,,Hawke's Bay Region,Nil,2-way,Sealed,0.0,0.0,0.0,100.0,0.0,Null,0.0,0.0,,30.0,Hastings District,Nil,0.0,0.0,0.0,0.0,0.0,0.0,Open,1.0,0.0,0.0,Fine
172666,1928270.0,5605866.0,548500.0,0.0,0.0,0.0,West,2013/2014,MARAEKAKAHO ROAD,FRANCIS HICKS AVENUE,Non-Injury Crash,No,2014,West,0.0,1.0,Flat,0.0,,0.0,0.0,Dark,1479700.0,0.0,0.0,0.0,2.0,0.0,0.0,,Hawke's Bay Region,Nil,2-way,Sealed,0.0,0.0,0.0,50.0,0.0,On,0.0,0.0,,30.0,Hastings District,Unknown,0.0,0.0,0.0,0.0,0.0,0.0,Urban,1.0,0.0,0.0,Heavy rain
489488,1934006.0,5601479.0,548832.0,1.0,0.0,1.0,South,2010/2011,SIMLA AVENUE,FRANKLIN TERRACE,Non-Injury Crash,No,2010,South,0.0,0.0,Hill Road,0.0,,0.0,0.0,Bright sun,1510500.0,0.0,0.0,0.0,2.0,0.0,1.0,,Hawke's Bay Region,Nil,2-way,Sealed,0.0,0.0,0.0,50.0,0.0,Null,0.0,0.0,,30.0,Hastings District,Nil,0.0,0.0,0.0,0.0,0.0,0.0,Urban,0.0,0.0,0.0,Fine
78889,1925286.0,5607085.0,548620.0,0.0,0.0,2.0,South,2014/2015,HENDERSON ROAD,FLAXMERE AVENUE,Non-Injury Crash,No,2014,East,0.0,,Flat,,,,,Bright sun,1474201.0,0.0,0.0,0.0,2.0,0.0,,,Hawke's Bay Region,Nil,2-way,Sealed,0.0,0.0,,50.0,,Off,0.0,0.0,,30.0,Hastings District,Nil,,,,,0.0,0.0,Urban,0.0,,,Fine
163048,1930060.0,5604608.0,548200.0,0.0,0.0,1.0,Null,2001/2002,HASTINGS ST NORTH,HERETAUNGA ST EAST,Non-Injury Crash,No,2002,South,0.0,,Flat,,,,,Overcast,1493900.0,0.0,0.0,0.0,2.0,0.0,,1.0,Hawke's Bay Region,Nil,2-way,Sealed,0.0,0.0,,50.0,,Null,0.0,0.0,,30.0,Hastings District,Give way,,,,,0.0,0.0,Urban,0.0,,,Fine
564887,1929066.0,5605306.0,547700.0,0.0,0.0,2.0,North,2008/2009,SOUTHAMPTON ST WEST,CHARLES ST,Minor Crash,No,2008,East,0.0,,Flat,,,,,Overcast,1487600.0,3.0,0.0,0.0,2.0,0.0,,,Hawke's Bay Region,Nil,2-way,Sealed,0.0,0.0,,50.0,,Null,0.0,0.0,,30.0,Hastings District,Nil,,,,,0.0,0.0,Urban,0.0,,,Fine
505681,1915993.0,5592765.0,545851.0,0.0,0.0,2.0,West,1999/2000,BURMA ROAD,SH 2,Non-Injury Crash,No,2000,North,0.0,,Hill Road,,Easter,,,Bright sun,1464300.0,0.0,0.0,0.0,2.0,0.0,,,Hawke's Bay Region,Nil,2-way,Unsealed,0.0,0.0,,100.0,,Null,0.0,0.0,,30.0,Hastings District,Unknown,,,,,0.0,0.0,Open,0.0,,,Fine
490803,1922236.0,5604393.0,545842.0,0.0,0.0,1.0,Null,2000/2001,MARAEKAKAHO ROAD,RAUKAWA ROAD,Minor Crash,No,2001,West,0.0,,Flat,,,,,Bright sun,1462902.0,2.0,0.0,0.0,2.0,0.0,,,Hawke's Bay Region,Nil,2-way,Sealed,0.0,0.0,,50.0,,Null,0.0,0.0,,30.0,Hastings District,Give way,,,,,0.0,0.0,Urban,1.0,,,Fine
88177,1931683.0,5605403.0,548000.0,0.0,0.0,1.0,Null,2009/2010,WILLOWPARK ROAD NORTH,COLLINGE ROAD,Minor Crash,No,2009,North,0.0,1.0,Flat,0.0,,0.0,0.0,Bright sun,1497300.0,1.0,0.0,0.0,2.0,0.0,0.0,,Hawke's Bay Region,Nil,2-way,Sealed,0.0,0.0,0.0,50.0,0.0,Null,0.0,0.0,,30.0,Hastings District,Give way,0.0,0.0,0.0,0.0,0.0,0.0,Urban,0.0,0.0,0.0,Fine
56518,1912001.0,5659388.0,545911.0,0.0,0.0,1.0,North,2003/2004,SH 5,MCVICAR ROAD,Non-Injury Crash,Yes,2003,South,0.0,0.0,Hill Road,0.0,,0.0,1.0,Dark,1414300.0,0.0,0.0,0.0,3.0,0.0,0.0,,Hawke's Bay Region,Nil,2-way,Sealed,0.0,0.0,0.0,100.0,0.0,None,0.0,0.0,,30.0,Hastings District,Nil,0.0,0.0,0.0,0.0,0.0,0.0,Open,0.0,0.0,0.0,Fine
685296,1924531.0,5609097.0,545710.0,0.0,0.0,0.0,West,2002/2003,OMAHU ROAD,JAMES ROCHFORT PLACE,Fatal Crash,No,2002,West,1.0,,Flat,,,,,Dark,1470600.0,0.0,0.0,0.0,2.0,0.0,,1.0,Hawke's Bay Region,Nil,2-way,Sealed,0.0,0.0,,100.0,,None,0.0,0.0,,30.0,Hastings District,Nil,,,,,1.0,0.0,Open,0.0,,,Fine
62678,1907330.0,5621056.0,545821.0,0.0,0.0,1.0,North,2007/2008,TAIHAPE ROAD,OHITI ROAD,Fatal Crash,No,2007,South,1.0,,Flat,,Christmas New Year,,,Twilight,1410200.0,6.0,0.0,0.0,2.0,0.0,,,Hawke's Bay Region,Nil,2-way,Sealed,0.0,0.0,,100.0,,None,1.0,0.0,,30.0,Hastings District,Nil,,,,,0.0,0.0,Open,0.0,,,Fine
542795,1918259.0,5653494.0,545912.0,0.0,0.0,1.0,East,2016/2017,SH 5,TITIOKURA SUMMIT,Minor Crash,Yes,2017,East,0.0,0.0,Hill Road,0.0,,0.0,0.0,Twilight,1414504.0,1.0,0.0,0.0,2.0,0.0,0.0,,Hawke's Bay Region,Nil,2-way,Sealed,0.0,0.0,0.0,100.0,0.0,None,0.0,0.0,,30.0,Hastings District,Unknown,0.0,0.0,0.0,0.0,0.0,0.0,Open,0.0,0.0,0.0,Fine
427132,1929830.0,5604296.0,548200.0,0.0,0.0,2.0,East,2004/2005,SOUTHAMPTON ST EAST,HASTINGS STREET,Non-Injury Crash,No,2004,West,0.0,,Flat,,,,,Bright sun,1493600.0,0.0,0.0,0.0,2.0,0.0,,,Hawke's Bay Region,Nil,2-way,Sealed,0.0,0.0,,50.0,,Null,0.0,0.0,,30.0,Hastings District,Nil,,,,,0.0,0.0,Urban,0.0,,,Fine
641284,1919479.0,5594003.0,545851.0,0.0,0.0,3.0,South,2001/2002,SH 2,TE MAHANGA ROAD,Non-Injury Crash,Yes,2001,South,0.0,0.0,Flat,0.0,,0.0,0.0,Twilight,1463900.0,0.0,0.0,0.0,2.0,0.0,0.0,,Hawke's Bay Region,Nil,2-way,Sealed,0.0,0.0,0.0,100.0,0.0,None,0.0,0.0,,30.0,Hastings District,Nil,0.0,0.0,0.0,0.0,0.0,0.0,Open,0.0,0.0,0.0,Fine
688695,1929482.0,5606807.0,547800.0,0.0,0.0,1.0,South,2010/2011,PAKOWHAI ROAD,LYNDHURST ROAD,Non-Injury Crash,No,2010,South,0.0,,Flat,,,,,Bright sun,1477600.0,0.0,0.0,0.0,2.0,0.0,,,Hawke's Bay Region,Nil,2-way,Sealed,0.0,0.0,,50.0,,Null,0.0,0.0,,30.0,Hastings District,Nil,,,,,0.0,0.0,Urban,1.0,,,Fine
491853,1929240.0,5605713.0,547700.0,0.0,0.0,2.0,East,2007/2008,MCLEAN ST,HERETAUNGA ST WEST,Non-Injury Crash,No,2008,West,0.0,0.0,Flat,0.0,,0.0,0.0,Overcast,1487900.0,0.0,0.0,0.0,2.0,0.0,1.0,,Hawke's Bay Region,Nil,2-way,Sealed,0.0,0.0,0.0,50.0,0.0,Null,0.0,0.0,,30.0,Hastings District,Nil,0.0,0.0,0.0,0.0,0.0,0.0,Urban,0.0,0.0,0.0,Fine
145339,1932215.0,5608974.0,545721.0,1.0,0.0,0.0,South,2006/2007,PAKOWHAI ROAD,RUAHAPIA ROAD,Serious Crash,No,2006,South,0.0,0.0,Flat,0.0,,0.0,0.0,Overcast,1471600.0,0.0,0.0,0.0,2.0,1.0,1.0,,Hawke's Bay Region,Nil,2-way,Sealed,0.0,1.0,0.0,100.0,0.0,Null,0.0,0.0,,30.0,Hastings District,Nil,0.0,0.0,0.0,0.0,0.0,0.0,Open,0.0,0.0,0.0,Fine
54717,1930614.0,5603905.0,548100.0,0.0,0.0,2.0,Null,2006/2007,HERETAUNGA ST EAST,PARK ROAD NORTH,Minor Crash,No,2006,West,0.0,,Flat,,,,,Overcast,1501200.0,1.0,0.0,0.0,2.0,0.0,,,Hawke's Bay Region,Nil,2-way,Sealed,0.0,0.0,,50.0,,Null,0.0,0.0,,30.0,Hastings District,Give way,,,,,0.0,0.0,Urban,0.0,,,Fine
288578,1930510.0,5604594.0,548100.0,1.0,0.0,1.0,Null,2002/2003,WILLOWPARK ROAD NORTH,ST AUBYN ST EAST,Minor Crash,No,2003,West,0.0,,Flat,,,,,Dark,1500800.0,1.0,0.0,0.0,2.0,0.0,,,Hawke's Bay Region,Nil,2-way,Sealed,0.0,0.0,,50.0,,On,0.0,0.0,,30.0,Hastings District,Give way,,,,,0.0,0.0,Urban,0.0,,,Fine
373378,1932425.2575,5609161.4675,545710.0,0.0,0.0,1.0,Null,2018/2019,PAKOWHAI ROAD,TE ARA KAHIKATEA,Non-Injury Crash,No,2019,South,0.0,0.0,Flat,0.0,,0.0,0.0,Dark,1471100.0,0.0,0.0,0.0,2.0,0.0,0.0,,Hawke's Bay Region,Nil,2-way,Sealed,0.0,0.0,0.0,80.0,0.0,On,0.0,0.0,,30.0,Hastings District,Give way,0.0,1.0,0.0,0.0,0.0,0.0,Open,0.0,0.0,0.0,Fine
578755,1924440.0,5603737.0,545842.0,0.0,0.0,1.0,North,2006/2007,STOCK ROAD,MARAEKAKAHO ROAD,Non-Injury Crash,No,2007,South,0.0,1.0,Flat,0.0,,0.0,0.0,Dark,1470214.0,0.0,0.0,0.0,2.0,0.0,0.0,,Hawke's Bay Region,Nil,2-way,Sealed,0.0,0.0,0.0,100.0,0.0,None,0.0,0.0,,30.0,Hastings District,Nil,0.0,0.0,0.0,0.0,0.0,0.0,Open,0.0,0.0,0.0,Fine
189211,1925117.0,5598113.0,545851.0,0.0,0.0,1.0,South,2009/2010,SH 2,OLD MAIN ROAD,Non-Injury Crash,Yes,2010,North,0.0,,Flat,,,,,Dark,1463900.0,0.0,0.0,0.0,2.0,0.0,,,Hawke's Bay Region,Nil,2-way,Sealed,0.0,0.0,,100.0,,None,0.0,0.0,,30.0,Hastings District,Nil,,,,,1.0,0.0,Open,0.0,,,Fine
668493,1934165.0,5600814.0,548833.0,0.0,0.0,1.0,South,2017/2018,TE MATA PEAK ROAD,GREENWOOD ROAD,Non-Injury Crash,No,2018,North,0.0,1.0,Hill Road,0.0,,0.0,0.0,Dark,1466710.0,0.0,0.0,0.0,2.0,0.0,0.0,,Hawke's Bay Region,Nil,2-way,Sealed,0.0,0.0,0.0,60.0,0.0,None,0.0,0.0,,30.0,Hastings District,Unknown,0.0,0.0,0.0,0.0,0.0,0.0,Urban,0.0,0.0,0.0,Fine
665018,1930491.0,5605216.0,548200.0,0.0,0.0,1.0,South,2011/2012,ALBERT ST,KARAMU ROAD NORTH,Non-Injury Crash,No,2011,South,0.0,0.0,Flat,0.0,,0.0,0.0,Bright sun,1494600.0,0.0,0.0,0.0,2.0,0.0,1.0,,Hawke's Bay Region,Nil,2-way,Sealed,0.0,0.0,0.0,50.0,0.0,Null,0.0,0.0,,30.0,Hastings District,Give way,0.0,0.0,0.0,0.0,0.0,0.0,Urban,1.0,0.0,0.0,Fine
328002,1934240.0,5607461.0,545722.0,0.0,0.0,2.0,Null,2010/2011,SH 2,PILCHER ROAD,Non-Injury Crash,Yes,2011,South,0.0,,Flat,,,,,Bright sun,1406300.0,0.0,0.0,0.0,3.0,0.0,,,Hawke's Bay Region,Nil,2-way,Sealed,0.0,0.0,,100.0,,Null,0.0,0.0,,30.0,Hastings District,Stop,,,,,0.0,0.0,Open,0.0,,,Fine
61637,1928413.0,5606141.0,548500.0,0.0,0.0,1.0,East,2006/2007,ORCHARD ROAD,MCLEOD ST,Minor Crash,No,2006,South,0.0,,Flat,,,,,Bright sun,1479600.0,1.0,0.0,0.0,2.0,0.0,,,Hawke's Bay Region,Nil,2-way,Sealed,0.0,0.0,,50.0,,Null,0.0,0.0,,30.0,Hastings District,Nil,,,,,1.0,0.0,Urban,0.0,,,Fine
490935,1929509.0,5608835.0,545710.0,0.0,0.0,1.0,Null,2016/2017,SH 50A,EVENDEN ROAD,Non-Injury Crash,Yes,2017,North,0.0,0.0,Flat,0.0,,0.0,0.0,Overcast,1471100.0,0.0,0.0,0.0,2.0,0.0,0.0,,Hawke's Bay Region,Nil,1-way,Sealed,0.0,0.0,0.0,100.0,0.0,Null,0.0,0.0,,30.0,Hastings District,Give way,0.0,0.0,0.0,0.0,0.0,0.0,Open,0.0,0.0,0.0,Fine
491278,1928807.0,5606251.0,547700.0,0.0,0.0,2.0,East,2000/2001,HERETAUNGA ST WEST,MARAEKAKAHO ROAD,Non-Injury Crash,No,2000,West,0.0,,Flat,,,,,Overcast,1486600.0,0.0,0.0,0.0,2.0,0.0,,,Hawke's Bay Region,Nil,2-way,Sealed,0.0,0.0,,50.0,,Null,0.0,0.0,,30.0,Hastings District,Give way,,,,,0.0,0.0,Urban,0.0,,,Fine
739641,1937453.43,5604771.521000001,545740.0,0.0,0.0,0.0,North,2019/2020,TUKI TUKI ROAD,MILLAR ROAD,Minor Crash,No,2020,East,0.0,1.0,Flat,0.0,,0.0,0.0,Bright sun,1407500.0,1.0,0.0,1.0,2.0,0.0,0.0,,Hawke's Bay Region,Nil,2-way,Sealed,0.0,0.0,0.0,100.0,0.0,None,0.0,0.0,,30.0,Hastings District,Nil,0.0,0.0,0.0,0.0,0.0,0.0,Open,0.0,0.0,0.0,Fine
407494,1936517.7637,5654747.7798,545911.0,0.0,0.0,1.0,North,2019/2020,SH 2,SANDY CREEK ROAD,Minor Crash,Yes,2020,North,0.0,0.0,Flat,0.0,,0.0,0.0,Bright sun,1416000.0,2.0,0.0,0.0,2.0,0.0,0.0,,Hawke's Bay Region,Nil,2-way,Sealed,0.0,0.0,0.0,100.0,0.0,None,0.0,0.0,,30.0,Hastings District,Nil,0.0,0.0,0.0,0.0,0.0,0.0,Open,0.0,0.0,0.0,Fine
344101,1930625.0,5605037.0,548200.0,0.0,0.0,2.0,Null,2014/2015,HASTINGS ST NORTH,ALBERT ST,Non-Injury Crash,No,2014,North,0.0,,Flat,,,,,Overcast,1494600.0,0.0,0.0,0.0,2.0,0.0,,,Hawke's Bay Region,Nil,2-way,Sealed,0.0,0.0,,50.0,,Null,0.0,0.0,,30.0,Hastings District,Give way,,,,,0.0,0.0,Urban,0.0,,,Fine
52979,1901883.0,5598660.0,545841.0,0.0,0.0,1.0,East,2017/2018,SH 50,GLENLYON STN ENT,Minor Crash,Yes,2017,East,0.0,0.0,Hill Road,0.0,Christmas New Year,0.0,0.0,Overcast,1462600.0,1.0,0.0,0.0,2.0,0.0,0.0,,Hawke's Bay Region,Nil,2-way,Sealed,0.0,0.0,0.0,100.0,0.0,Null,0.0,0.0,,30.0,Hastings District,Unknown,0.0,0.0,0.0,0.0,0.0,0.0,Open,0.0,0.0,0.0,Fine
317107,1929082.0,5606504.0,547700.0,0.0,0.0,2.0,Null,2007/2008,PAKOWHAI ROAD,ST AUBYN ST WEST,Non-Injury Crash,No,2008,North,0.0,,Flat,,,,,Dark,1485900.0,0.0,0.0,0.0,4.0,0.0,,,Hawke's Bay Region,Nil,2-way,Sealed,0.0,0.0,,50.0,,On,0.0,0.0,,30.0,Hastings District,Traffic Signals,,,,,0.0,0.0,Urban,0.0,,,Fine
510751,1928530.0,5606522.0,547800.0,0.0,0.0,2.0,South,2003/2004,OMAHU ROAD,HAPUKA ST,Non-Injury Crash,No,2003,South,0.0,,Flat,,,,,Overcast,1477700.0,0.0,0.0,0.0,2.0,0.0,,,Hawke's Bay Region,Nil,2-way,Sealed,0.0,0.0,,50.0,,Null,0.0,0.0,,30.0,Hastings District,Nil,,,,,0.0,0.0,Urban,0.0,,,Fine
244188,1927087.0,5607818.0,545710.0,0.0,0.0,0.0,East,2014/2015,OMAHU ROAD,RAUPARE ROAD,Non-Injury Crash,No,2014,East,0.0,,Flat,,,,,Overcast,1471000.0,0.0,0.0,0.0,2.0,0.0,,,Hawke's Bay Region,Nil,2-way,Sealed,0.0,0.0,,50.0,,Off,0.0,0.0,,30.0,Hastings District,Nil,,,,,0.0,0.0,Urban,2.0,,,Fine
394722,1925078.0,5607570.0,548620.0,0.0,0.0,2.0,South,2001/2002,CHATHAM ROAD,FLAXMERE AVENUE,Minor Crash,No,2001,South,0.0,0.0,Flat,0.0,,0.0,0.0,Bright sun,1474201.0,3.0,0.0,0.0,2.0,0.0,0.0,,Hawke's Bay Region,Nil,2-way,Sealed,0.0,0.0,0.0,50.0,0.0,Null,0.0,0.0,,30.0,Hastings District,Nil,0.0,0.0,0.0,0.0,0.0,0.0,Urban,0.0,1.0,0.0,Fine
576702,1929576.0,5606145.0,547700.0,0.0,0.0,2.0,North,2009/2010,GRAYS ROAD,WHITEHEAD ROAD,Non-Injury Crash,No,2010,North,0.0,,Flat,,,,,Overcast,1488400.0,0.0,0.0,0.0,2.0,0.0,,,Hawke's Bay Region,Nil,2-way,Sealed,0.0,0.0,,50.0,,Null,0.0,0.0,,30.0,Hastings District,Nil,,,,,0.0,0.0,Urban,0.0,,,Fine
239170,1937257.0,5638316.0,545811.0,0.0,0.0,1.0,North,2006/2007,SH 2,PAKURATAHI VALLEY ROAD,Non-Injury Crash,Yes,2007,South,0.0,0.0,Flat,0.0,,0.0,0.0,Dark,1415800.0,0.0,0.0,0.0,2.0,0.0,0.0,,Hawke's Bay Region,Nil,2-way,Sealed,0.0,0.0,0.0,100.0,0.0,None,1.0,0.0,,30.0,Hastings District,Nil,0.0,0.0,0.0,0.0,0.0,0.0,Open,0.0,0.0,0.0,Light rain
623168,1930935.0,5613540.0,545831.0,0.0,0.0,2.0,Null,2013/2014,SH 50A,SH 50 LINKS ROAD,Minor Crash,Yes,2013,North,0.0,,Flat,,,,,Bright sun,1404600.0,2.0,0.0,0.0,2.0,0.0,,,Hawke's Bay Region,Nil,2-way,Sealed,0.0,0.0,,100.0,,Null,0.0,0.0,,30.0,Hastings District,Give way,,,,,0.0,0.0,Open,0.0,,,Fine
441192,1933906.0,5603118.0,545750.0,0.0,0.0,1.0,South,2012/2013,THOMPSON ROAD,DAVIDSON ROAD,Non-Injury Crash,No,2013,South,0.0,0.0,Flat,0.0,Easter,0.0,0.0,Bright sun,1466202.0,0.0,0.0,0.0,2.0,0.0,0.0,,Hawke's Bay Region,Nil,2-way,Sealed,0.0,0.0,0.0,100.0,0.0,Null,0.0,0.0,,30.0,Hastings District,Nil,0.0,0.0,0.0,1.0,0.0,0.0,Open,0.0,0.0,0.0,Fine
79995,1929723.1230000001,5605041.067000001,548200.0,0.0,0.0,1.0,North,2020/2021,HERETAUNGA STREET WEST,MARKET STREET SOUTH,Non-Injury Crash,No,2020,North,0.0,,Flat,,,,,Bright sun,1491200.0,0.0,0.0,0.0,2.0,0.0,,1.0,Hawke's Bay Region,Nil,2-way,Sealed,0.0,0.0,,50.0,,Off,0.0,0.0,,30.0,Hastings District,Nil,,,,,0.0,0.0,Urban,0.0,,,Fine