OBJECTID,X,Y,areaUnitID,bicycle,bus,carStationWagon,crashDirectionDescription,crashFinancialYear,crashLocation1,crashLocation2,crashSeverity,crashSHDescription,crashYear,directionRoleDescription,fatalCount,fence,flatHill,guardRail,holiday,houseOrBuilding,kerb,light,meshblockId,minorInjuryCount,moped,motorcycle,NumberOfLanes,otherVehicleType,parkedVehicle,pedestrian,region,roadCharacter,roadLane,roadSurface,schoolBus,seriousInjuryCount,slipOrFlood,speedLimit,strayAnimal,streetLight,suv,taxi,temporarySpeedLimit,tlaId,tlaName,trafficControl,trafficIsland,trafficSign,train,tree,truck,unknownVehicleType,urban,vanOrUtility,vehicle,waterRiver,weatherA
524993,1933097.0,5601872.0,548832.0,0.0,0.0,2.0,South,2002/2003,TE MATA ROAD,CHAMBERS ST,Non-Injury Crash,No,2002,South,0.0,0.0,Flat,0.0,,0.0,0.0,Bright sun,1508500.0,0.0,0.0,0.0,2.0,0.0,1.0,,Hawke's Bay Region,Nil,2-way,Sealed,0.0,0.0,0.0,50.0,0.0,Null,0.0,0.0,,30.0,Hastings District,Nil,0.0,0.0,0.0,0.0,0.0,0.0,Urban,0.0,0.0,0.0,Fine
589011,1930581.0,5604498.0,548100.0,0.0,0.0,2.0,Null,2005/2006,ST AUBYN ST EAST,PRINCES ST,Non-Injury Crash,No,2006,North,0.0,,Flat,,,,,Overcast,1500700.0,0.0,0.0,0.0,2.0,0.0,,,Hawke's Bay Region,Nil,2-way,Sealed,0.0,0.0,,50.0,,Null,0.0,0.0,,30.0,Hastings District,Give way,,,,,0.0,0.0,Urban,0.0,,,Heavy rain
521343,1922732.0,5639283.0,545811.0,0.0,0.0,1.0,North,2002/2003,SH 5,GLENGARRY ROAD,Non-Injury Crash,Yes,2002,South,0.0,0.0,Hill Road,0.0,,0.0,0.0,Dark,1414600.0,0.0,0.0,0.0,2.0,0.0,0.0,,Hawke's Bay Region,Nil,2-way,Sealed,0.0,0.0,0.0,100.0,0.0,None,0.0,0.0,,30.0,Hastings District,Nil,0.0,0.0,0.0,0.0,0.0,0.0,Open,0.0,0.0,0.0,Fine
662719,1929991.0,5604754.0,548200.0,0.0,0.0,2.0,North,2007/2008,Z CPK 102 WARREN,WARREN/HERETAUNGA,Non-Injury Crash,No,2007,West,0.0,0.0,Flat,0.0,,0.0,0.0,Overcast,1492700.0,0.0,0.0,0.0,0.0,0.0,1.0,,Hawke's Bay Region,Nil,Off road,Sealed,0.0,0.0,0.0,50.0,0.0,Null,0.0,0.0,,30.0,Hastings District,Nil,0.0,0.0,0.0,0.0,0.0,0.0,Urban,0.0,0.0,0.0,Fine
331529,1934451.0,5602453.0,548831.0,0.0,0.0,2.0,South,2005/2006,RUSSELL ROBERTSON DRIVE,SCOTT PLACE,Non-Injury Crash,No,2005,North,0.0,0.0,Flat,0.0,,0.0,0.0,Dark,1466408.0,0.0,0.0,0.0,2.0,0.0,2.0,,Hawke's Bay Region,Nil,2-way,Sealed,0.0,0.0,0.0,50.0,0.0,On,0.0,0.0,,30.0,Hastings District,Nil,0.0,0.0,0.0,0.0,0.0,0.0,Urban,1.0,0.0,0.0,Light rain
245178,1930742.3688,5605346.1798,548200.0,0.0,0.0,0.0,South,2019/2020,JERVOIS STREET,KARAMU ROAD NORTH,Non-Injury Crash,No,2020,North,,,Flat,,,,,Bright sun,1494700.0,,0.0,0.0,2.0,0.0,,,Hawke's Bay Region,Nil,2-way,Sealed,0.0,,,50.0,,Off,0.0,0.0,,30.0,Hastings District,Nil,,,,,0.0,0.0,Urban,2.0,,,Fine
491604,1936085.0,5645982.0,545911.0,0.0,0.0,0.0,North,2015/2016,SH 2,AROPAOANUI ROAD,Minor Crash,Yes,2016,North,0.0,0.0,Flat,1.0,,0.0,0.0,Bright sun,1415400.0,1.0,0.0,0.0,2.0,0.0,0.0,,Hawke's Bay Region,Nil,2-way,Sealed,0.0,0.0,0.0,100.0,0.0,Null,0.0,0.0,,30.0,Hastings District,Unknown,0.0,0.0,0.0,0.0,1.0,0.0,Open,0.0,0.0,0.0,Fine
350102,1927296.0,5605131.0,545761.0,0.0,0.0,2.0,Null,2006/2007,YORK ROAD,MARAEKAKAHO ROAD,Non-Injury Crash,No,2007,East,0.0,,Flat,,,,,Bright sun,1469905.0,0.0,0.0,0.0,2.0,0.0,,,Hawke's Bay Region,Nil,2-way,Sealed,0.0,0.0,,70.0,,Null,0.0,0.0,,30.0,Hastings District,Give way,,,,,0.0,0.0,Urban,0.0,,,Fine
578332,1918402.0,5606688.0,545841.0,0.0,0.0,1.0,South,2011/2012,SH 50,NGATARAWA ROAD,Non-Injury Crash,Yes,2011,West,0.0,1.0,Flat,0.0,,0.0,0.0,Bright sun,1462901.0,0.0,0.0,0.0,2.0,0.0,0.0,,Hawke's Bay Region,Nil,2-way,Sealed,0.0,0.0,0.0,100.0,0.0,Null,0.0,0.0,,30.0,Hastings District,Nil,0.0,0.0,0.0,0.0,0.0,0.0,Open,0.0,0.0,0.0,Fine
460011,1930588.0,5605288.0,548200.0,0.0,0.0,1.0,Null,2005/2006,KARAMU ROAD NORTH,ALEXANDRA ST,Non-Injury Crash,No,2005,South,0.0,,Flat,,,,,Bright sun,1494100.0,0.0,0.0,0.0,2.0,0.0,,,Hawke's Bay Region,Nil,2-way,Sealed,0.0,0.0,,50.0,,Null,1.0,0.0,,30.0,Hastings District,Give way,,,,,0.0,0.0,Urban,0.0,,,Fine
706005,1936366.0,5601391.0,548833.0,0.0,0.0,1.0,Null,2003/2004,TE MATA MANGATERETERE ROA,TE MATA ROAD,Non-Injury Crash,No,2004,North,0.0,1.0,Flat,0.0,,0.0,0.0,Overcast,1466802.0,0.0,0.0,0.0,2.0,0.0,0.0,,Hawke's Bay Region,Nil,2-way,Sealed,0.0,0.0,0.0,100.0,0.0,Null,0.0,0.0,,30.0,Hastings District,Give way,0.0,1.0,0.0,0.0,0.0,0.0,Open,0.0,0.0,0.0,Fine
663508,1925293.0,5606660.0,548620.0,0.0,0.0,1.0,West,2006/2007,BRISTOL PLACE,BRISTOL CRESCENT,Non-Injury Crash,No,2007,North,0.0,1.0,Flat,0.0,,0.0,0.0,Overcast,1475200.0,0.0,0.0,0.0,2.0,0.0,0.0,,Hawke's Bay Region,Nil,2-way,Sealed,0.0,0.0,0.0,50.0,0.0,Null,0.0,0.0,,30.0,Hastings District,Nil,0.0,0.0,0.0,0.0,0.0,0.0,Urban,0.0,0.0,0.0,Light rain
391436,1924169.0,5607547.0,548612.0,0.0,0.0,1.0,Null,2004/2005,PALGRAVE AVENUE,DIAZ DRIVE,Minor Crash,No,2004,West,0.0,1.0,Flat,0.0,,0.0,0.0,Dark,1474002.0,2.0,0.0,0.0,2.0,0.0,0.0,,Hawke's Bay Region,Nil,2-way,Sealed,0.0,0.0,0.0,50.0,0.0,On,0.0,0.0,,30.0,Hastings District,Nil,0.0,0.0,0.0,0.0,0.0,0.0,Urban,0.0,0.0,0.0,Light rain
514952,1934326.0,5646549.0,545911.0,0.0,0.0,1.0,Null,2014/2015,SH 2,DEVILS ELBOW,Non-Injury Crash,Yes,2015,North,0.0,,Hill Road,,,,,Overcast,1415400.0,0.0,0.0,0.0,3.0,0.0,,,Hawke's Bay Region,Nil,2-way,Sealed,0.0,0.0,,100.0,,Null,1.0,0.0,,30.0,Hastings District,Unknown,,,,,0.0,0.0,Open,0.0,,,Light rain
20022,1910387.0,5664337.0,545911.0,0.0,0.0,2.0,West,2003/2004,SH 5,TE HAROTO ROAD,Serious Crash,Yes,2004,North,0.0,,Hill Road,,,,,Dark,1414400.0,2.0,0.0,0.0,2.0,0.0,,,Hawke's Bay Region,Nil,2-way,Sealed,0.0,4.0,,100.0,,None,0.0,0.0,,30.0,Hastings District,Nil,,,,,0.0,0.0,Open,0.0,,,Null
162406,1931098.0,5603868.0,548100.0,0.0,0.0,2.0,West,2014/2015,WINDSOR AVENUE,HOWARD ST,Non-Injury Crash,No,2015,West,0.0,,Flat,,,,,Bright sun,1500400.0,0.0,0.0,0.0,2.0,0.0,,,Hawke's Bay Region,Nil,2-way,Sealed,0.0,0.0,,50.0,,Off,0.0,0.0,,30.0,Hastings District,School Patrol/warden,,,,,0.0,0.0,Urban,1.0,,,Fine
16180,1928490.0,5606058.0,548500.0,0.0,0.0,2.0,North,2000/2001,ORCHARD ROAD,MARAEKAKAHO ROAD,Non-Injury Crash,No,2000,East,0.0,,Flat,,,,,Overcast,1479600.0,0.0,0.0,0.0,2.0,0.0,,,Hawke's Bay Region,Nil,2-way,Sealed,0.0,0.0,,50.0,,Null,0.0,0.0,,30.0,Hastings District,Nil,,,,,0.0,0.0,Urban,0.0,,,Fine
698073,1934489.0,5602892.0,548831.0,0.0,0.0,2.0,Null,2015/2016,DAVIDSON ROAD,BROOKVALE ROAD,Non-Injury Crash,No,2015,West,0.0,1.0,Flat,0.0,,0.0,0.0,Dark,1466415.0,0.0,0.0,0.0,2.0,0.0,0.0,,Hawke's Bay Region,Nil,2-way,Sealed,0.0,0.0,0.0,50.0,0.0,On,0.0,0.0,,30.0,Hastings District,Give way,0.0,0.0,0.0,0.0,0.0,0.0,Urban,0.0,0.0,0.0,Light rain
454515,1930835.0,5605864.0,548000.0,0.0,0.0,2.0,Null,2001/2002,FREDERICK ST,CAROLINE ROAD,Non-Injury Crash,No,2001,North,0.0,,Flat,,,,,Overcast,1495500.0,0.0,0.0,0.0,2.0,0.0,,,Hawke's Bay Region,Nil,2-way,Sealed,0.0,0.0,,50.0,,Null,0.0,0.0,,30.0,Hastings District,Give way,,,,,0.0,0.0,Urban,0.0,,,Fine
152930,1919330.0,5613804.0,545821.0,0.0,0.0,1.0,West,2005/2006,TAIHAPE ROAD,OHITI ROAD,Minor Crash,No,2005,North,0.0,,Flat,,,,,Dark,1408900.0,1.0,0.0,0.0,2.0,0.0,,,Hawke's Bay Region,Nil,2-way,Sealed,0.0,0.0,,100.0,,None,0.0,0.0,,30.0,Hastings District,Nil,,,,,0.0,0.0,Open,0.0,,,Light rain
154801,1932880.0,5601310.0,548832.0,0.0,0.0,1.0,East,2002/2003,JOLL ROAD,CHRISTIE CRESCENT,Non-Injury Crash,No,2002,East,0.0,0.0,Flat,0.0,,0.0,0.0,Dark,1508900.0,0.0,0.0,0.0,2.0,0.0,0.0,,Hawke's Bay Region,Nil,2-way,Sealed,0.0,0.0,0.0,50.0,0.0,On,0.0,0.0,,30.0,Hastings District,Nil,0.0,0.0,0.0,0.0,0.0,0.0,Urban,0.0,0.0,0.0,Fine
525199,1929606.0,5604596.0,548300.0,0.0,0.0,0.0,Null,2001/2002,SOUTHAMPTON ST EAST,KARAMU ROAD SOUTH,Minor Crash,No,2002,West,0.0,,Flat,,,,,Overcast,1503100.0,1.0,0.0,1.0,2.0,0.0,,,Hawke's Bay Region,Nil,2-way,Sealed,0.0,0.0,,50.0,,Null,0.0,0.0,,30.0,Hastings District,Give way,,,,,0.0,0.0,Urban,1.0,,,Light rain
654223,1934234.144,5607190.6388,545722.0,0.0,0.0,2.0,Null,2018/2019,NAPIER ROAD,PILCHER ROAD,Non-Injury Crash,No,2018,Null,0.0,,Null,,,,,Unknown,1406400.0,0.0,0.0,0.0,2.0,0.0,,,Hawke's Bay Region,Nil,1-way,Null,0.0,0.0,,80.0,,Null,0.0,0.0,,30.0,Hastings District,Give way,,,,,0.0,0.0,Open,0.0,,,Null
670277,1928746.0,5606235.0,548500.0,0.0,0.0,2.0,South,2012/2013,MARAEKAKAHO ROAD,OMAHU ROAD,Non-Injury Crash,No,2012,North,0.0,,Flat,,,,,Bright sun,1478800.0,0.0,0.0,0.0,3.0,0.0,,,Hawke's Bay Region,Nil,2-way,Sealed,0.0,0.0,,50.0,,Null,0.0,0.0,,30.0,Hastings District,Nil,,,,,0.0,0.0,Urban,0.0,,,Fine
576149,1931515.0,5602942.0,545721.0,0.0,0.0,1.0,North,2017/2018,HAVELOCK ROAD,ST GEORGES ROAD,Non-Injury Crash,No,2018,North,0.0,0.0,Flat,0.0,,0.0,0.0,Bright sun,1472900.0,0.0,0.0,0.0,4.0,0.0,1.0,,Hawke's Bay Region,Nil,2-way,Sealed,0.0,0.0,0.0,70.0,0.0,Null,0.0,0.0,,30.0,Hastings District,Unknown,0.0,0.0,0.0,0.0,1.0,0.0,Urban,0.0,0.0,0.0,Fine
228868,1925320.0,5607351.0,548620.0,0.0,0.0,1.0,South,2016/2017,FLAXMERE AVENUE,WHITBY CRESCENT,Non-Injury Crash,No,2016,North,0.0,0.0,Flat,0.0,,0.0,0.0,Bright sun,1474201.0,0.0,0.0,0.0,2.0,0.0,0.0,,Hawke's Bay Region,Nil,2-way,Sealed,0.0,0.0,0.0,50.0,0.0,Null,0.0,0.0,,30.0,Hastings District,Unknown,0.0,0.0,0.0,0.0,0.0,0.0,Urban,0.0,0.0,0.0,Fine
734400,1926465.0,5608002.0,545710.0,0.0,0.0,1.0,Null,2007/2008,OMAHU ROAD,HENDERSON ROAD,Serious Crash,No,2008,West,0.0,,Flat,,,,,Bright sun,1470900.0,0.0,0.0,1.0,2.0,0.0,,,Hawke's Bay Region,Nil,2-way,Sealed,0.0,2.0,,50.0,,Null,0.0,0.0,,30.0,Hastings District,Give way,,,,,0.0,0.0,Urban,0.0,,,Fine
526643,1933986.0,5601665.0,548832.0,0.0,0.0,0.0,South,2013/2014,SIMLA AVENUE,EMERALD HILL,Non-Injury Crash,No,2013,South,0.0,,Hill Road,,,,,Bright sun,1510500.0,0.0,2.0,0.0,2.0,0.0,,,Hawke's Bay Region,Nil,2-way,Sealed,0.0,0.0,,50.0,,Null,0.0,0.0,,30.0,Hastings District,Nil,,,,,0.0,0.0,Urban,0.0,,,Fine
411954,1929464.0,5605185.0,548200.0,0.0,0.0,3.0,Null,2006/2007,NELSON ST SOUTH,EASTBOURNE ST WEST,Non-Injury Crash,No,2006,East,0.0,,Flat,,Christmas New Year,,,Bright sun,1488900.0,0.0,0.0,0.0,2.0,0.0,,,Hawke's Bay Region,Nil,2-way,Sealed,0.0,0.0,,50.0,,Null,0.0,1.0,,30.0,Hastings District,Give way,,,,,0.0,0.0,Urban,0.0,,,Fine
195678,1929386.0,5605488.0,548200.0,0.0,0.0,1.0,South,2008/2009,HERETAUNGA ST WEST,CHARLES ST,Non-Injury Crash,No,2008,North,0.0,,Flat,,,,,Overcast,1490100.0,0.0,0.0,0.0,2.0,0.0,,,Hawke's Bay Region,Nil,2-way,Sealed,0.0,0.0,,50.0,,Null,0.0,0.0,,30.0,Hastings District,Nil,,,,,0.0,0.0,Urban,1.0,,,Light rain
510540,1925528.0,5598867.0,545852.0,0.0,0.0,1.0,East,2005/2006,STOCK ROAD,SH 2,Fatal Crash,No,2006,West,1.0,1.0,Flat,0.0,,0.0,0.0,Dark,1465801.0,0.0,0.0,0.0,2.0,0.0,0.0,,Hawke's Bay Region,Nil,2-way,Sealed,0.0,1.0,0.0,100.0,0.0,None,0.0,0.0,,30.0,Hastings District,Nil,0.0,0.0,0.0,1.0,0.0,0.0,Open,0.0,0.0,0.0,Heavy rain
605662,1927091.0,5616884.0,545821.0,0.0,0.0,1.0,South,2009/2010,SPRINGFIELD ROAD,PUKETAPU ROAD,Non-Injury Crash,No,2009,North,0.0,0.0,Flat,0.0,,0.0,0.0,Overcast,1411000.0,0.0,0.0,0.0,2.0,0.0,0.0,,Hawke's Bay Region,Nil,2-way,Sealed,0.0,0.0,0.0,100.0,0.0,Null,0.0,0.0,,30.0,Hastings District,Nil,0.0,0.0,0.0,0.0,0.0,0.0,Open,0.0,0.0,0.0,Light rain
502683,1929660.2718,5605324.935,548200.0,0.0,0.0,1.0,Null,2019/2020,QUEEN STREET WEST,NELSON STREET NORTH,Non-Injury Crash,No,2020,North,0.0,0.0,Flat,0.0,,0.0,0.0,Bright sun,1490700.0,0.0,0.0,0.0,2.0,0.0,0.0,,Hawke's Bay Region,Nil,2-way,Sealed,0.0,0.0,0.0,50.0,0.0,Off,0.0,0.0,,30.0,Hastings District,Give way,0.0,1.0,0.0,0.0,0.0,0.0,Urban,0.0,0.0,0.0,Fine
172513,1927641.0,5607416.0,547800.0,0.0,0.0,1.0,Null,2013/2014,SH 50A,OMAHU ROAD,Non-Injury Crash,Yes,2014,West,0.0,,Flat,,Easter,,,Overcast,1476600.0,0.0,0.0,1.0,2.0,0.0,,,Hawke's Bay Region,Nil,2-way,Sealed,0.0,0.0,,50.0,,Off,0.0,0.0,,30.0,Hastings District,Give way,,,,,0.0,0.0,Urban,0.0,,,Fine
121471,1924701.0,5607336.0,548612.0,0.0,1.0,1.0,Null,2006/2007,CHATHAM ROAD,CAERNARVON DRIVE,Non-Injury Crash,No,2006,South,0.0,,Flat,,,,,Dark,1474400.0,0.0,0.0,0.0,2.0,0.0,,,Hawke's Bay Region,Nil,2-way,Sealed,0.0,0.0,,50.0,,On,0.0,0.0,,30.0,Hastings District,Give way,,,,,0.0,0.0,Urban,0.0,,,Fine
356605,1930481.0,5604047.0,548100.0,0.0,0.0,2.0,Null,2008/2009,HERETAUNGA ST EAST,SYLVAN ROAD,Non-Injury Crash,No,2008,East,0.0,0.0,Flat,0.0,,0.0,0.0,Bright sun,1501200.0,0.0,0.0,0.0,2.0,0.0,0.0,,Hawke's Bay Region,Nil,2-way,Sealed,0.0,0.0,0.0,50.0,0.0,Null,0.0,0.0,,30.0,Hastings District,Give way,1.0,0.0,0.0,0.0,0.0,0.0,Urban,0.0,0.0,0.0,Fine
584106,1925169.0,5606972.0,548620.0,0.0,0.0,2.0,South,2002/2003,Z FCT BP,SWANSEA/HENDERSON,Non-Injury Crash,No,2003,East,0.0,,Flat,,,,,Dark,1476500.0,0.0,0.0,0.0,0.0,0.0,,,Hawke's Bay Region,Nil,Off road,Sealed,0.0,0.0,,50.0,,On,0.0,0.0,,30.0,Hastings District,Nil,,,,,0.0,0.0,Urban,0.0,,,Fine
298328,1923997.0,5603794.0,545842.0,0.0,0.0,1.0,West,2015/2016,MARAEKAKAHO ROAD,STOCK ROAD,Non-Injury Crash,No,2016,East,0.0,1.0,Flat,0.0,,0.0,0.0,Bright sun,1470213.0,0.0,0.0,0.0,2.0,0.0,0.0,,Hawke's Bay Region,Nil,2-way,Sealed,0.0,0.0,0.0,100.0,0.0,Null,0.0,0.0,,30.0,Hastings District,Unknown,0.0,0.0,0.0,0.0,0.0,0.0,Open,0.0,0.0,0.0,Fine
15639,1930648.0,5603868.0,548100.0,0.0,0.0,2.0,South,2013/2014,HERETAUNGA ST EAST,PARK ROAD NORTH,Non-Injury Crash,No,2014,North,0.0,,Flat,,,,,Bright sun,1501400.0,0.0,0.0,0.0,2.0,0.0,,,Hawke's Bay Region,Nil,2-way,Sealed,0.0,0.0,,50.0,,Off,0.0,0.0,,30.0,Hastings District,Nil,,,,,0.0,0.0,Urban,0.0,,,Fine
543448,1930189.0,5605034.0,548200.0,0.0,0.0,2.0,North,2000/2001,KARAMU ROAD NORTH,ST AUBYN ST EAST,Serious Crash,No,2000,South,0.0,,Flat,,,,,Bright sun,1494100.0,0.0,0.0,0.0,3.0,0.0,,,Hawke's Bay Region,Nil,2-way,Sealed,0.0,1.0,,50.0,,Null,0.0,0.0,,30.0,Hastings District,Traffic Signals,,,,,0.0,0.0,Urban,1.0,,,Fine
573511,1928072.0,5605229.0,547900.0,0.0,0.0,2.0,North,2009/2010,OLIPHANT ROAD,OLIPHANT PLACE,Non-Injury Crash,No,2009,North,0.0,0.0,Flat,0.0,,0.0,0.0,Overcast,1480100.0,0.0,0.0,0.0,2.0,0.0,1.0,,Hawke's Bay Region,Nil,2-way,Sealed,0.0,0.0,0.0,50.0,0.0,Null,0.0,0.0,,30.0,Hastings District,Nil,0.0,0.0,0.0,0.0,0.0,0.0,Urban,0.0,0.0,0.0,Fine
693812,1929387.0,5614231.0,545831.0,0.0,0.0,2.0,Null,2005/2006,WAIOHIKI ROAD,SH 50,Non-Injury Crash,Yes,2005,West,0.0,,Flat,,,,,Bright sun,1409400.0,0.0,0.0,0.0,2.0,0.0,,,Hawke's Bay Region,Nil,2-way,Sealed,0.0,0.0,,100.0,,Null,0.0,0.0,,30.0,Hastings District,Give way,,,,,0.0,0.0,Open,0.0,,,Fine
204895,1928555.0,5606497.0,548500.0,0.0,0.0,1.0,East,2007/2008,OMAHU ROAD,HAPUKA ST,Non-Injury Crash,No,2007,East,0.0,,Flat,,,,,Dark,1478700.0,0.0,0.0,0.0,2.0,0.0,,,Hawke's Bay Region,Nil,2-way,Sealed,0.0,0.0,,50.0,,On,0.0,0.0,,30.0,Hastings District,Nil,,,,,0.0,0.0,Urban,1.0,,,Fine
446220,1936363.6456,5601397.3386,545750.0,0.0,0.0,1.0,Null,2018/2019,WAIMARAMA ROAD,Te Mata Road,Minor Crash,No,2019,North,0.0,,Flat,,,,,Overcast,1466600.0,1.0,0.0,0.0,2.0,0.0,,,Hawke's Bay Region,Nil,2-way,Sealed,0.0,0.0,,100.0,,Off,0.0,0.0,,30.0,Hastings District,Give way,,,,,0.0,0.0,Open,1.0,,,Fine
568596,1932032.0,5606171.0,545721.0,0.0,0.0,1.0,Null,2008/2009,SH 2,ELWOOD ROAD,Non-Injury Crash,Yes,2008,West,0.0,,Flat,,Christmas New Year,,,Overcast,1472403.0,0.0,0.0,0.0,2.0,0.0,,,Hawke's Bay Region,Nil,2-way,Sealed,0.0,0.0,,70.0,,Null,1.0,0.0,,30.0,Hastings District,Give way,,,,,0.0,0.0,Urban,0.0,,,Heavy rain
508790,1924758.0,5607823.0,548612.0,0.0,0.0,1.0,Null,2004/2005,FLAXMERE AVENUE,MARGATE AVENUE,Non-Injury Crash,No,2005,East,0.0,,Flat,,,,,Bright sun,1474106.0,0.0,0.0,0.0,2.0,0.0,,,Hawke's Bay Region,Nil,2-way,Sealed,0.0,0.0,,50.0,,Null,0.0,0.0,,30.0,Hastings District,Give way,,,,,0.0,0.0,Urban,1.0,,,Fine
469563,1931623.0,5608372.0,545721.0,0.0,0.0,2.0,South,2011/2012,ELWOOD ROAD,PAKOWHAI ROAD,Non-Injury Crash,No,2011,North,0.0,,Flat,,,,,Bright sun,1471500.0,0.0,0.0,0.0,2.0,0.0,,,Hawke's Bay Region,Nil,2-way,Sealed,0.0,0.0,,100.0,,Null,0.0,0.0,,30.0,Hastings District,Nil,,,,,0.0,0.0,Open,0.0,,,Fine
561493,1930445.0,5606375.0,547600.0,0.0,0.0,1.0,West,2017/2018,TOMOANA ROAD,FREDERICK ST,Non-Injury Crash,No,2018,West,0.0,0.0,Flat,0.0,,0.0,0.0,Bright sun,1483700.0,0.0,0.0,0.0,2.0,0.0,1.0,,Hawke's Bay Region,Nil,2-way,Sealed,0.0,0.0,0.0,50.0,0.0,Null,0.0,0.0,,30.0,Hastings District,Unknown,0.0,0.0,0.0,0.0,1.0,0.0,Urban,0.0,0.0,0.0,Fine
218006,1918450.0,5651530.0,545912.0,0.0,0.0,2.0,North,2000/2001,SH 5,OHURAKURA ROAD,Minor Crash,Yes,2000,South,0.0,,Hill Road,,,,,Bright sun,1414504.0,1.0,0.0,1.0,2.0,0.0,,,Hawke's Bay Region,Nil,2-way,Sealed,0.0,0.0,,100.0,,Null,0.0,0.0,,30.0,Hastings District,Nil,,,,,0.0,0.0,Open,0.0,,,Fine
130032,1912265.0,5658633.0,545911.0,0.0,0.0,1.0,North,2009/2010,SH 5,MCVICAR ROAD,Minor Crash,Yes,2010,South,0.0,1.0,Hill Road,0.0,,0.0,0.0,Twilight,1414300.0,1.0,0.0,0.0,2.0,0.0,0.0,,Hawke's Bay Region,Nil,2-way,Sealed,0.0,0.0,0.0,100.0,0.0,None,0.0,0.0,,30.0,Hastings District,Nil,0.0,0.0,0.0,0.0,0.0,0.0,Open,0.0,0.0,0.0,Fine
65805,1929188.0,5605350.0,547700.0,0.0,0.0,1.0,Null,2003/2004,CHARLES ST,LYNDON ROAD WEST,Serious Crash,No,2004,South,0.0,,Flat,,,,,Dark,1487700.0,0.0,1.0,0.0,2.0,0.0,,,Hawke's Bay Region,Nil,2-way,Sealed,0.0,1.0,,50.0,,On,0.0,0.0,,30.0,Hastings District,Give way,,,,,0.0,0.0,Urban,0.0,,,Fine
207652,1932800.0,5608139.0,545721.0,0.0,0.0,2.0,Null,2010/2011,RUAHAPIA ROAD,OTENE ROAD,Non-Injury Crash,No,2011,North,0.0,,Flat,,,,,Bright sun,1471800.0,0.0,0.0,0.0,2.0,0.0,,,Hawke's Bay Region,Nil,2-way,Sealed,0.0,0.0,,100.0,,Null,0.0,0.0,,30.0,Hastings District,Give way,,,,,0.0,0.0,Open,0.0,,,Fine
603257,1930780.0,5632523.0,545812.0,0.0,0.0,0.0,East,2001/2002,SH 5,WAIPUNGA ROAD,Non-Injury Crash,Yes,2002,East,0.0,,Hill Road,,,,,Overcast,1414200.0,0.0,0.0,0.0,2.0,0.0,,,Hawke's Bay Region,Nil,2-way,Sealed,0.0,0.0,,100.0,,Null,0.0,0.0,,30.0,Hastings District,Nil,,,,,1.0,0.0,Open,1.0,,,Heavy rain
597788,1931559.0,5632156.0,545812.0,0.0,0.0,1.0,East,2014/2015,SH 5,LINDEN CLOSE,Non-Injury Crash,Yes,2015,East,0.0,0.0,Flat,0.0,,0.0,0.0,Bright sun,1414200.0,0.0,0.0,0.0,2.0,0.0,0.0,,Hawke's Bay Region,Nil,2-way,Sealed,0.0,0.0,0.0,100.0,0.0,None,0.0,0.0,,30.0,Hastings District,Unknown,0.0,0.0,0.0,0.0,0.0,0.0,Open,0.0,0.0,0.0,Fine
564511,1924723.0,5607348.0,548612.0,0.0,0.0,0.0,North,1999/2000,CHATHAM ROAD,CAERNARVON DRIVE,Non-Injury Crash,No,2000,West,0.0,0.0,Flat,0.0,,0.0,0.0,Dark,1474116.0,0.0,0.0,0.0,2.0,0.0,1.0,,Hawke's Bay Region,Nil,2-way,Sealed,0.0,0.0,0.0,50.0,0.0,On,0.0,0.0,,30.0,Hastings District,Nil,0.0,0.0,0.0,0.0,0.0,0.0,Urban,2.0,0.0,0.0,Fine
368212,1931153.0,5600843.0,545762.0,0.0,0.0,1.0,Null,2007/2008,TE AUTE ROAD,GILPIN ROAD,Non-Injury Crash,No,2007,North,0.0,1.0,Flat,0.0,,0.0,0.0,Dark,1465200.0,0.0,0.0,0.0,2.0,0.0,0.0,,Hawke's Bay Region,Nil,2-way,Sealed,0.0,0.0,0.0,100.0,0.0,On,0.0,0.0,,30.0,Hastings District,Give way,0.0,0.0,0.0,0.0,0.0,0.0,Open,0.0,0.0,0.0,Mist or Fog
418370,1931069.0,5603846.0,548100.0,0.0,0.0,1.0,Null,2015/2016,ST AUBYN ST EAST,WINDSOR AVENUE,Serious Crash,No,2015,West,0.0,,Null,,,,,Twilight,1500400.0,0.0,0.0,1.0,1.0,0.0,,,Hawke's Bay Region,Nil,2-way,Sealed,0.0,1.0,,50.0,,Off,0.0,0.0,,30.0,Hastings District,Stop,,,,,0.0,0.0,Urban,0.0,,,Fine
256174,1932647.0,5601673.0,548831.0,0.0,0.0,2.0,East,2016/2017,TE MATA ROAD,JOLL ROAD,Non-Injury Crash,No,2016,North,0.0,0.0,Hill Road,0.0,,0.0,0.0,Bright sun,1509700.0,0.0,0.0,0.0,2.0,0.0,1.0,,Hawke's Bay Region,Nil,2-way,Sealed,0.0,0.0,0.0,50.0,0.0,Null,0.0,0.0,,30.0,Hastings District,Unknown,0.0,0.0,0.0,0.0,0.0,0.0,Urban,0.0,0.0,0.0,Fine