OBJECTID,X,Y,areaUnitID,bicycle,bus,carStationWagon,crashDirectionDescription,crashFinancialYear,crashLocation1,crashLocation2,crashSeverity,crashSHDescription,crashYear,directionRoleDescription,fatalCount,fence,flatHill,guardRail,holiday,houseOrBuilding,kerb,light,meshblockId,minorInjuryCount,moped,motorcycle,NumberOfLanes,otherVehicleType,parkedVehicle,pedestrian,region,roadCharacter,roadLane,roadSurface,schoolBus,seriousInjuryCount,slipOrFlood,speedLimit,strayAnimal,streetLight,suv,taxi,temporarySpeedLimit,tlaId,tlaName,trafficControl,trafficIsland,trafficSign,train,tree,truck,unknownVehicleType,urban,vanOrUtility,vehicle,waterRiver,weatherA
18494,1924441.0,5607944.0,548611.0,0.0,0.0,2.0,West,2005/2006,FLAXMERE AVENUE,DIAZ DRIVE,Non-Injury Crash,No,2005,East,0.0,0.0,Flat,0.0,,0.0,0.0,Dark,1470316.0,0.0,0.0,0.0,2.0,0.0,1.0,,Hawke's Bay Region,Nil,2-way,Sealed,0.0,0.0,0.0,50.0,0.0,On,0.0,0.0,,30.0,Hastings District,Nil,0.0,0.0,0.0,0.0,0.0,0.0,Urban,0.0,0.0,0.0,Heavy rain
113725,1929364.4305,5604913.6448,548200.0,0.0,0.0,2.0,Null,2019/2020,SOUTHAMPTON STREET WEST,KING STREET SOUTH,Non-Injury Crash,No,2019,South,0.0,,Flat,,,,,Overcast,1489300.0,0.0,0.0,0.0,2.0,0.0,,,Hawke's Bay Region,Nil,2-way,Sealed,0.0,0.0,,50.0,,Off,0.0,0.0,,30.0,Hastings District,Give way,,,,,0.0,0.0,Urban,0.0,,,Light rain
137151,1929756.0,5605435.0,548200.0,0.0,0.0,1.0,Null,2001/2002,Z CPK SPOTLIGHT,AVENUE/KING,Non-Injury Crash,No,2001,West,0.0,1.0,Flat,0.0,,0.0,0.0,Overcast,1490300.0,0.0,0.0,0.0,0.0,0.0,0.0,,Hawke's Bay Region,Nil,Off road,Sealed,0.0,0.0,0.0,50.0,0.0,Null,0.0,0.0,,30.0,Hastings District,Nil,0.0,0.0,0.0,0.0,0.0,0.0,Urban,0.0,0.0,0.0,Fine
673625,1933444.0,5602029.0,548831.0,0.0,0.0,2.0,Null,2001/2002,TE MATA ROAD,ST HILL LANE,Non-Injury Crash,No,2001,West,0.0,,Flat,,,,,Bright sun,1509200.0,0.0,0.0,0.0,2.0,0.0,,,Hawke's Bay Region,Nil,2-way,Sealed,0.0,0.0,,50.0,,Null,0.0,0.0,,30.0,Hastings District,Nil,,,,,0.0,0.0,Urban,0.0,,,Fine
529043,1928842.0,5603900.0,547900.0,0.0,0.0,1.0,Null,2007/2008,RAILWAY ROAD,MURDOCH ROAD WEST,Minor Crash,No,2007,South,0.0,0.0,Flat,0.0,,0.0,1.0,Dark,1482600.0,1.0,0.0,0.0,2.0,0.0,0.0,,Hawke's Bay Region,Nil,2-way,Sealed,0.0,0.0,0.0,70.0,0.0,On,0.0,0.0,,30.0,Hastings District,Stop,0.0,1.0,0.0,0.0,0.0,0.0,Urban,0.0,0.0,0.0,Fine
449134,1930226.0,5604367.0,548300.0,1.0,0.0,1.0,Null,2006/2007,HERETAUNGA ST EAST,WILLOWPARK ROAD NORTH,Minor Crash,No,2006,West,0.0,,Flat,,,,,Bright sun,1501500.0,1.0,0.0,0.0,2.0,0.0,,,Hawke's Bay Region,Nil,2-way,Sealed,0.0,0.0,,50.0,,Null,0.0,0.0,,30.0,Hastings District,Give way,,,,,0.0,0.0,Urban,0.0,,,Fine
374708,1932801.0,5608139.0,545721.0,0.0,0.0,2.0,Null,2001/2002,RUAHAPIA ROAD,OTENE ROAD,Minor Crash,No,2002,East,0.0,,Flat,,,,,Bright sun,1471800.0,1.0,0.0,0.0,2.0,0.0,,,Hawke's Bay Region,Nil,2-way,Sealed,0.0,0.0,,100.0,,Null,0.0,0.0,,30.0,Hastings District,Give way,,,,,0.0,0.0,Open,0.0,,,Fine
332016,1929480.0,5609308.0,545710.0,0.0,0.0,1.0,East,2014/2015,ORMOND ROAD,EVENDEN ROAD,Non-Injury Crash,No,2014,West,0.0,0.0,Flat,0.0,,0.0,0.0,Dark,1471100.0,0.0,0.0,0.0,1.0,0.0,0.0,,Hawke's Bay Region,Nil,2-way,Sealed,0.0,0.0,0.0,70.0,0.0,None,0.0,0.0,,30.0,Hastings District,Unknown,0.0,0.0,0.0,0.0,0.0,0.0,Urban,0.0,0.0,0.0,Mist or Fog
268738,1930341.0,5604822.0,548200.0,0.0,0.0,2.0,Null,2016/2017,ST AUBYN ST EAST,HASTINGS ST NORTH,Minor Crash,No,2016,South,0.0,,Flat,,,,,Bright sun,1494400.0,1.0,0.0,0.0,2.0,0.0,,,Hawke's Bay Region,Nil,2-way,Sealed,0.0,0.0,,50.0,,Null,0.0,0.0,,30.0,Hastings District,Give way,,,,,0.0,0.0,Urban,0.0,,,Fine
618205,1923655.2906,5603842.4629999995,545842.0,0.0,0.0,1.0,West,2019/2020,MARAEKAKAHO ROAD (WARD 4),STOCK ROAD ,Serious Crash,No,2019,East,0.0,1.0,Flat,0.0,,0.0,0.0,Bright sun,1470213.0,0.0,0.0,0.0,2.0,0.0,0.0,,Hawke's Bay Region,Nil,2-way,Sealed,0.0,1.0,0.0,100.0,0.0,None,0.0,0.0,,30.0,Hastings District,Unknown,0.0,0.0,0.0,0.0,0.0,0.0,Open,0.0,0.0,0.0,Fine
68600,1928748.0,5606313.0,547800.0,0.0,0.0,2.0,West,2010/2011,OMAHU ROAD,MARAEKAKAHO ROAD,Non-Injury Crash,No,2010,South,0.0,,Flat,,,,,Bright sun,1477800.0,0.0,0.0,0.0,2.0,0.0,,,Hawke's Bay Region,Nil,2-way,Sealed,0.0,0.0,,50.0,,Null,0.0,0.0,,30.0,Hastings District,Nil,,,,,0.0,0.0,Urban,0.0,,,Fine
164743,1932133.0,5601570.0,548810.0,0.0,0.0,2.0,Null,1999/2000,TE AUTE ROAD,MANGARAU CRESCENT,Non-Injury Crash,No,2000,West,0.0,,Flat,,,,,Overcast,1505800.0,0.0,0.0,0.0,2.0,0.0,,,Hawke's Bay Region,Nil,2-way,Sealed,0.0,0.0,,50.0,,Null,0.0,0.0,,30.0,Hastings District,Nil,,,,,0.0,0.0,Urban,0.0,,,Fine
426083,1898607.0,5593575.0,545841.0,0.0,0.0,0.0,Null,2012/2013,SH 50,MANGA-O-NUKU NO3 BR,Non-Injury Crash,Yes,2013,North,0.0,0.0,Flat,1.0,,0.0,0.0,Dark,1462600.0,0.0,0.0,0.0,2.0,0.0,0.0,,Hawke's Bay Region,Nil,2-way,Sealed,0.0,0.0,0.0,100.0,0.0,None,0.0,0.0,,30.0,Hastings District,Give way,0.0,0.0,0.0,0.0,0.0,0.0,Open,1.0,0.0,0.0,Light rain
299824,1929755.0,5600747.0,545762.0,0.0,0.0,1.0,East,2017/2018,TE AUTE ROAD,MOUNT ERIN ROAD,Non-Injury Crash,No,2017,West,0.0,1.0,Flat,0.0,,0.0,0.0,Dark,1465300.0,0.0,0.0,0.0,2.0,0.0,0.0,,Hawke's Bay Region,Nil,2-way,Sealed,0.0,0.0,0.0,100.0,0.0,None,0.0,0.0,,30.0,Hastings District,Unknown,0.0,0.0,0.0,0.0,0.0,0.0,Open,0.0,0.0,0.0,Light rain
114339,1929556.0,5600682.0,545762.0,0.0,0.0,1.0,West,2004/2005,TE AUTE ROAD,ST GEORGES ROAD,Non-Injury Crash,No,2005,South,0.0,1.0,Flat,0.0,,0.0,0.0,Dark,1465300.0,0.0,0.0,0.0,2.0,0.0,0.0,,Hawke's Bay Region,Nil,2-way,Sealed,0.0,0.0,0.0,100.0,0.0,None,0.0,0.0,,30.0,Hastings District,Nil,0.0,0.0,0.0,0.0,0.0,0.0,Open,0.0,0.0,0.0,Fine
630719,1930051.0,5604559.0,548200.0,0.0,0.0,2.0,South,2008/2009,Z CPK NEW WORLD,HERETAUNGA-E/HASTINGS-STH,Non-Injury Crash,No,2008,South,0.0,0.0,Flat,0.0,,0.0,0.0,Bright sun,1493800.0,0.0,0.0,0.0,0.0,0.0,1.0,,Hawke's Bay Region,Nil,Off road,Sealed,0.0,0.0,0.0,50.0,0.0,Null,0.0,0.0,,30.0,Hastings District,Nil,0.0,0.0,0.0,0.0,0.0,0.0,Urban,0.0,0.0,0.0,Fine
254652,1930391.0,5610007.0,545710.0,0.0,0.0,1.0,South,2016/2017,SH 50A,NGARURORO BR,Minor Crash,Yes,2016,South,0.0,0.0,Flat,0.0,,0.0,0.0,Dark,1471100.0,1.0,0.0,0.0,2.0,0.0,0.0,,Hawke's Bay Region,Nil,2-way,Sealed,0.0,0.0,0.0,100.0,0.0,None,0.0,0.0,,30.0,Hastings District,Unknown,0.0,0.0,0.0,0.0,0.0,0.0,Open,0.0,0.0,0.0,Mist or Fog
728288,1934460.7791,5594399.2919,545860.0,0.0,0.0,1.0,West,2019/2020,KAHURANAKI ROAD,WALCOTT LANE,Non-Injury Crash,No,2020,East,0.0,0.0,Flat,0.0,,0.0,1.0,Bright sun,1467400.0,0.0,0.0,0.0,2.0,0.0,0.0,,Hawke's Bay Region,Nil,2-way,Sealed,0.0,0.0,0.0,100.0,0.0,None,0.0,0.0,,30.0,Hastings District,Nil,0.0,0.0,0.0,0.0,0.0,0.0,Open,0.0,0.0,0.0,Fine
95653,1931774.0,5603020.0,545721.0,0.0,0.0,1.0,South,2012/2013,ST GEORGES ROAD,HOWARD ST,Non-Injury Crash,No,2013,East,0.0,0.0,Flat,0.0,,0.0,0.0,Overcast,1473000.0,0.0,0.0,0.0,2.0,0.0,0.0,,Hawke's Bay Region,Nil,2-way,Sealed,0.0,0.0,0.0,80.0,0.0,Null,0.0,0.0,,30.0,Hastings District,Nil,0.0,0.0,0.0,0.0,0.0,0.0,Open,0.0,0.0,0.0,Fine
61171,1930257.0,5604934.0,548200.0,0.0,0.0,2.0,Null,2015/2016,ST AUBYN ST EAST,WARREN ST NORTH,Minor Crash,No,2016,North,0.0,,Flat,,,,,Bright sun,1493501.0,2.0,0.0,0.0,4.0,0.0,,,Hawke's Bay Region,Nil,2-way,Sealed,0.0,0.0,,50.0,,Null,0.0,0.0,,30.0,Hastings District,Give way,,,,,0.0,0.0,Urban,0.0,,,Fine
79062,1927557.0,5605328.0,545761.0,0.0,0.0,2.0,West,2005/2006,MARAEKAKAHO ROAD,WALL ROAD,Non-Injury Crash,No,2005,East,0.0,,Flat,,,,,Overcast,1469905.0,0.0,0.0,0.0,2.0,0.0,,,Hawke's Bay Region,Nil,2-way,Sealed,0.0,0.0,,50.0,,Null,0.0,0.0,,30.0,Hastings District,Nil,,,,,0.0,0.0,Urban,0.0,,,Light rain
320039,1928966.0,5606042.0,547700.0,0.0,0.0,2.0,North,2014/2015,HERETAUNGA ST WEST,DAVIS ST,Non-Injury Crash,No,2015,South,0.0,,Flat,,,,,Bright sun,1486000.0,0.0,0.0,0.0,2.0,0.0,,,Hawke's Bay Region,Nil,2-way,Sealed,0.0,0.0,,50.0,,Null,0.0,0.0,,30.0,Hastings District,Nil,,,,,0.0,0.0,Urban,0.0,,,Fine
124838,1929984.0,5607186.0,545710.0,0.0,0.0,1.0,Null,2006/2007,PAKOWHAI ROAD,FREDERICK ST,Non-Injury Crash,No,2007,South,0.0,,Flat,,,,,Bright sun,1471300.0,0.0,0.0,0.0,3.0,0.0,,,Hawke's Bay Region,Nil,2-way,Sealed,0.0,0.0,,50.0,,Null,1.0,0.0,,30.0,Hastings District,Give way,,,,,0.0,0.0,Urban,0.0,,,Fine
687051,1913681.0,5657477.0,545911.0,0.0,0.0,1.0,South,2006/2007,SH 5,MCVICAR ROAD,Non-Injury Crash,Yes,2006,South,0.0,0.0,Hill Road,0.0,,0.0,0.0,Bright sun,1414400.0,0.0,0.0,0.0,2.0,0.0,0.0,,Hawke's Bay Region,Nil,2-way,Sealed,0.0,0.0,0.0,100.0,0.0,Null,0.0,0.0,,30.0,Hastings District,Nil,0.0,0.0,0.0,0.0,0.0,0.0,Open,0.0,0.0,0.0,Fine
625000,1931294.0,5605188.0,548000.0,1.0,0.0,0.0,Null,2012/2013,WILLOWPARK ROAD NORTH,GROVE ROAD,Minor Crash,No,2013,South,0.0,,Flat,,,,,Bright sun,1496800.0,1.0,0.0,0.0,2.0,0.0,,,Hawke's Bay Region,Nil,2-way,Sealed,0.0,0.0,,50.0,,Null,1.0,0.0,,30.0,Hastings District,Give way,,,,,0.0,0.0,Urban,0.0,,,Fine
408814,1930287.0,5605389.0,548200.0,0.0,0.0,1.0,North,2005/2006,CAROLINE ROAD,ST AUBYN ST WEST,Non-Injury Crash,No,2006,South,0.0,0.0,Flat,0.0,,0.0,0.0,Dark,1494100.0,0.0,0.0,0.0,2.0,0.0,0.0,,Hawke's Bay Region,Nil,2-way,Sealed,0.0,0.0,0.0,50.0,0.0,On,0.0,0.0,,30.0,Hastings District,Nil,1.0,0.0,0.0,1.0,0.0,0.0,Urban,0.0,0.0,0.0,Fine
274614,1925451.0,5605308.0,545842.0,0.0,0.0,1.0,East,1999/2000,IRONGATE ROAD,STOCK ROAD,Non-Injury Crash,No,2000,West,0.0,0.0,Flat,0.0,,0.0,0.0,Overcast,1470101.0,0.0,0.0,0.0,2.0,0.0,0.0,,Hawke's Bay Region,Nil,2-way,Sealed,0.0,0.0,0.0,100.0,0.0,Null,0.0,0.0,,30.0,Hastings District,Nil,0.0,0.0,0.0,0.0,0.0,0.0,Open,0.0,0.0,0.0,Fine
226789,1912217.0,5586668.0,545851.0,0.0,0.0,1.0,North,2007/2008,SH 2,BOUNDARY ROAD,Minor Crash,Yes,2008,South,0.0,0.0,Flat,0.0,,0.0,0.0,Twilight,1464600.0,1.0,0.0,0.0,3.0,0.0,0.0,,Hawke's Bay Region,Nil,2-way,Sealed,0.0,0.0,0.0,100.0,0.0,Off,0.0,0.0,,30.0,Hastings District,Nil,0.0,0.0,0.0,0.0,0.0,0.0,Open,0.0,0.0,0.0,Light rain
224129,1927020.0,5600381.0,545852.0,0.0,0.0,1.0,West,2003/2004,TE AUTE ROAD,CRYSTALL ROAD,Non-Injury Crash,No,2003,South,0.0,,Flat,,,,,Twilight,1468700.0,0.0,0.0,0.0,2.0,0.0,,,Hawke's Bay Region,Nil,2-way,Sealed,0.0,0.0,,100.0,,None,0.0,0.0,,30.0,Hastings District,Nil,,,,,1.0,0.0,Open,0.0,,,Fine
403161,1938025.0,5607749.0,545740.0,0.0,0.0,1.0,South,2008/2009,TUKITUKI ROAD,HAUMOANA ROAD,Non-Injury Crash,No,2009,North,0.0,1.0,Flat,0.0,Christmas New Year,0.0,0.0,Bright sun,1407600.0,0.0,0.0,0.0,2.0,0.0,0.0,,Hawke's Bay Region,Nil,2-way,Sealed,0.0,0.0,0.0,100.0,0.0,Null,0.0,0.0,,30.0,Hastings District,Nil,0.0,0.0,0.0,0.0,0.0,0.0,Open,0.0,0.0,0.0,Fine
294437,1933134.0,5602321.0,548831.0,0.0,0.0,2.0,Null,2008/2009,NAPIER ROAD,ST HILL LANE,Non-Injury Crash,No,2009,South,0.0,,Flat,,,,,Dark,1509100.0,0.0,0.0,0.0,2.0,0.0,,,Hawke's Bay Region,Nil,2-way,Sealed,0.0,0.0,,50.0,,On,0.0,0.0,,30.0,Hastings District,Give way,,,,,0.0,0.0,Urban,0.0,,,Fine
699577,1931039.0,5605564.0,548000.0,0.0,0.0,2.0,Null,2003/2004,KARAMU ROAD NORTH,GROVE ROAD,Minor Crash,No,2003,West,0.0,0.0,Flat,0.0,,0.0,0.0,Twilight,1497100.0,1.0,0.0,0.0,4.0,0.0,0.0,,Hawke's Bay Region,Nil,2-way,Sealed,0.0,0.0,0.0,50.0,0.0,On,0.0,0.0,,30.0,Hastings District,Traffic Signals,2.0,0.0,0.0,0.0,0.0,0.0,Urban,0.0,0.0,0.0,Fine
648952,1924988.0,5608705.0,545710.0,0.0,0.0,0.0,East,2000/2001,OMAHU ROAD,TWYFORD ROAD,Minor Crash,No,2000,East,0.0,,Flat,,,,,Overcast,1470900.0,2.0,0.0,0.0,2.0,0.0,,,Hawke's Bay Region,Nil,2-way,Sealed,0.0,0.0,,100.0,,Null,0.0,0.0,,30.0,Hastings District,Nil,,,,,1.0,0.0,Open,1.0,,,Light rain
554301,1925016.0,5607817.0,548611.0,0.0,0.0,1.0,South,2004/2005,YARMOUTH ROAD,MARGATE AVENUE N,Non-Injury Crash,No,2004,West,0.0,1.0,Flat,0.0,,0.0,0.0,Overcast,1473810.0,0.0,0.0,0.0,2.0,0.0,0.0,,Hawke's Bay Region,Nil,2-way,Sealed,0.0,0.0,0.0,50.0,0.0,Null,0.0,0.0,,30.0,Hastings District,Nil,0.0,0.0,0.0,0.0,0.0,0.0,Urban,0.0,0.0,0.0,Fine
660095,1923546.0,5588897.0,545851.0,0.0,0.0,1.0,North,2007/2008,MIDDLE ROAD,ROWE ROAD,Non-Injury Crash,No,2008,South,0.0,1.0,Hill Road,0.0,Easter,0.0,0.0,Dark,1465903.0,0.0,0.0,0.0,2.0,0.0,0.0,,Hawke's Bay Region,Nil,2-way,Sealed,0.0,0.0,0.0,100.0,0.0,None,0.0,0.0,,30.0,Hastings District,Nil,0.0,0.0,0.0,0.0,0.0,0.0,Open,0.0,0.0,0.0,Fine
66771,1930335.6785,5604825.011,548200.0,1.0,0.0,1.0,Null,2019/2020,ST AUBYN STREET EAST,HASTINGS STREET NORTH,Non-Injury Crash,No,2020,North,0.0,,Flat,,,,,Bright sun,1493501.0,0.0,0.0,0.0,2.0,0.0,,,Hawke's Bay Region,Nil,2-way,Sealed,0.0,0.0,,50.0,,Off,0.0,0.0,,30.0,Hastings District,Stop,,,,,0.0,0.0,Urban,0.0,,,Fine
86048,1936458.0,5609908.0,545730.0,0.0,0.0,2.0,Null,2007/2008,MILL ROAD,RICHMOND ROAD,Non-Injury Crash,No,2008,North,0.0,,Flat,,,,,Bright sun,1405403.0,0.0,0.0,0.0,2.0,0.0,,,Hawke's Bay Region,Nil,2-way,Sealed,0.0,0.0,,100.0,,Null,0.0,0.0,,30.0,Hastings District,Stop,,,,,0.0,0.0,Open,0.0,,,Fine
35645,1936921.0,5601551.0,545750.0,0.0,0.0,1.0,East,2010/2011,RIVER ROAD,WAIMARAMA ROAD,Minor Crash,No,2011,East,0.0,0.0,Hill Road,0.0,,0.0,0.0,Dark,1466600.0,1.0,0.0,0.0,2.0,0.0,0.0,,Hawke's Bay Region,Nil,2-way,Sealed,0.0,0.0,0.0,100.0,0.0,None,0.0,0.0,,30.0,Hastings District,Nil,0.0,0.0,0.0,0.0,0.0,0.0,Open,0.0,0.0,0.0,Fine
297759,1930257.0,5604934.0,548200.0,0.0,0.0,2.0,Null,2016/2017,ST AUBYN ST EAST,WARREN ST NORTH,Non-Injury Crash,No,2016,South,0.0,,Flat,,Christmas New Year,,,Bright sun,1493501.0,0.0,0.0,0.0,4.0,0.0,,,Hawke's Bay Region,Nil,2-way,Sealed,0.0,0.0,,50.0,,Null,0.0,0.0,,30.0,Hastings District,Give way,,,,,0.0,0.0,Urban,0.0,,,Fine
236410,1932597.0,5609827.0,545832.0,0.0,0.0,2.0,North,2001/2002,PAKOWHAI ROAD,FARNDON ROAD,Non-Injury Crash,No,2002,North,0.0,,Flat,,,,,Bright sun,1404000.0,0.0,0.0,0.0,2.0,0.0,,,Hawke's Bay Region,Bridge,2-way,Sealed,0.0,0.0,,100.0,,Null,0.0,0.0,,30.0,Hastings District,Nil,,,,,0.0,0.0,Open,0.0,,,Fine
214116,1932816.0,5608563.0,545722.0,0.0,0.0,1.0,East,2005/2006,WHAKATU ROAD,RUAHAPIA ROAD,Minor Crash,No,2005,East,0.0,1.0,Flat,0.0,,0.0,0.0,Dark,1405700.0,1.0,0.0,0.0,2.0,0.0,0.0,,Hawke's Bay Region,Nil,2-way,Sealed,0.0,0.0,0.0,50.0,0.0,None,0.0,0.0,,30.0,Hastings District,Nil,0.0,0.0,0.0,0.0,0.0,0.0,Urban,0.0,0.0,0.0,Fine
627474,1911840.0,5586070.0,545851.0,0.0,0.0,1.0,Null,2008/2009,SH 2,TE ONEPU ROAD,Non-Injury Crash,Yes,2008,South,0.0,,Flat,,,,,Bright sun,1464900.0,0.0,0.0,0.0,2.0,0.0,,,Hawke's Bay Region,Nil,2-way,Sealed,0.0,0.0,,100.0,,Null,0.0,0.0,,30.0,Hastings District,Give way,,,,,0.0,0.0,Open,0.0,,,Fine
216613,1933478.0,5601816.0,548832.0,0.0,0.0,1.0,Null,2002/2003,MCHARDY ST,GEORGE PLACE,Minor Crash,No,2003,North,0.0,0.0,Flat,0.0,,1.0,0.0,Dark,1508200.0,1.0,0.0,0.0,2.0,0.0,1.0,,Hawke's Bay Region,Nil,2-way,Sealed,0.0,0.0,0.0,50.0,0.0,On,0.0,0.0,,30.0,Hastings District,Nil,0.0,0.0,0.0,0.0,0.0,0.0,Urban,1.0,0.0,0.0,Fine
333340,1936366.0,5601391.0,548833.0,0.0,0.0,2.0,Null,2007/2008,WAIMARAMA ROAD,RIVER ROAD,Non-Injury Crash,No,2008,North,0.0,,Flat,,,,,Bright sun,1466802.0,0.0,0.0,0.0,2.0,0.0,,,Hawke's Bay Region,Nil,2-way,Sealed,0.0,0.0,,100.0,,Null,0.0,0.0,,30.0,Hastings District,Stop,,,,,0.0,0.0,Open,0.0,,,Fine
538458,1930130.0,5604309.0,548200.0,0.0,0.0,2.0,North,2011/2012,WILLOWPARK ROAD SOUTH,EASTBOURNE ST EAST,Minor Crash,No,2011,South,0.0,,Flat,,,,,Overcast,1493800.0,1.0,0.0,0.0,2.0,0.0,,,Hawke's Bay Region,Nil,2-way,Sealed,0.0,0.0,,50.0,,Null,0.0,0.0,,30.0,Hastings District,Give way,,,,,0.0,0.0,Urban,0.0,,,Fine
278395,1930673.0,5606098.0,547600.0,0.0,0.0,1.0,Null,2013/2014,NELSON ST NORTH,FREDERICK ST,Non-Injury Crash,No,2013,West,0.0,,Flat,,,,,Bright sun,1483700.0,0.0,0.0,0.0,2.0,0.0,,,Hawke's Bay Region,Nil,2-way,Sealed,0.0,0.0,,50.0,,Off,0.0,0.0,,30.0,Hastings District,Give way,,,,,0.0,0.0,Urban,1.0,,,Fine
417530,1928198.0,5605812.0,547900.0,0.0,0.0,2.0,West,1999/2000,MARAEKAKAHO ROAD,LOWE ST,Non-Injury Crash,No,2000,West,0.0,,Flat,,,,,Bright sun,1469802.0,0.0,0.0,0.0,2.0,0.0,,,Hawke's Bay Region,Nil,2-way,Sealed,0.0,0.0,,50.0,,Null,0.0,0.0,,30.0,Hastings District,Nil,,,,,0.0,0.0,Urban,0.0,,,Fine
628970,1925644.2631,5608360.8839,545710.0,0.0,0.0,0.0,East,2020/2021,OMAHU ROAD,BARNES PLACE,Minor Crash,No,2020,West,0.0,,Flat,,,,,Bright sun,1470900.0,1.0,0.0,0.0,2.0,0.0,,,Hawke's Bay Region,Nil,2-way,Sealed,0.0,0.0,,70.0,,Off,0.0,0.0,,30.0,Hastings District,Nil,,,,,1.0,0.0,Urban,1.0,,,Fine
730050,1929889.0,5603168.0,548300.0,0.0,0.0,1.0,North,2008/2009,COPELAND ROAD,LUMSDEN ROAD,Non-Injury Crash,No,2008,North,0.0,1.0,Flat,0.0,,0.0,0.0,Bright sun,1504400.0,0.0,0.0,0.0,2.0,0.0,0.0,,Hawke's Bay Region,Nil,2-way,Sealed,0.0,0.0,0.0,50.0,0.0,Null,0.0,0.0,,30.0,Hastings District,Nil,0.0,0.0,0.0,0.0,0.0,0.0,Urban,0.0,0.0,0.0,Fine
515889,1929373.0,5605307.0,548200.0,0.0,0.0,2.0,Null,2010/2011,SOUTHLAND ROAD,EASTBOURNE ST WEST,Non-Injury Crash,No,2011,North,0.0,,Flat,,,,,Dark,1488800.0,0.0,0.0,0.0,2.0,0.0,,,Hawke's Bay Region,Nil,2-way,Sealed,0.0,0.0,,50.0,,On,0.0,0.0,,30.0,Hastings District,Give way,,,,,0.0,0.0,Urban,0.0,,,Fine
222051,1929769.0,5603810.0,548300.0,0.0,0.0,1.0,South,2009/2010,ELM ROAD,OAK ROAD,Minor Crash,No,2010,North,0.0,0.0,Flat,0.0,,0.0,0.0,Dark,1503700.0,1.0,1.0,0.0,2.0,0.0,1.0,,Hawke's Bay Region,Nil,2-way,Sealed,0.0,0.0,0.0,50.0,0.0,On,0.0,0.0,,30.0,Hastings District,Unknown,0.0,0.0,0.0,0.0,0.0,0.0,Urban,0.0,0.0,0.0,Heavy rain
293,1928115.0,5605749.0,547900.0,0.0,0.0,2.0,North,2011/2012,MARAEKAKAHO ROAD,KAIAPO ROAD,Non-Injury Crash,No,2012,North,0.0,,Flat,,,,,Twilight,1469802.0,0.0,0.0,0.0,2.0,0.0,,,Hawke's Bay Region,Nil,2-way,Sealed,0.0,0.0,,50.0,,Off,0.0,0.0,,30.0,Hastings District,Nil,,,,,0.0,0.0,Urban,0.0,,,Fine
610838,1930697.1871,5606074.3567,547600.0,0.0,0.0,1.0,South,2018/2019,FREDERICK STREET WEST,NELSON STREET NORTH,Non-Injury Crash,No,2019,North,0.0,,Null,,,,,Overcast,1483500.0,0.0,0.0,0.0,2.0,0.0,,,Hawke's Bay Region,Rail xing,2-way,Sealed,0.0,0.0,,50.0,,Off,0.0,0.0,,30.0,Hastings District,Nil,,,,,0.0,0.0,Urban,1.0,,,Fine
136210,1929697.0,5605360.0,548200.0,0.0,0.0,2.0,North,2008/2009,NELSON ST NORTH,QUEEN ST WEST,Non-Injury Crash,No,2008,South,0.0,,Flat,,,,,Bright sun,1490800.0,0.0,0.0,0.0,2.0,0.0,,,Hawke's Bay Region,Nil,2-way,Sealed,0.0,0.0,,50.0,,Null,0.0,0.0,,30.0,Hastings District,Nil,,,,,0.0,0.0,Urban,0.0,,,Fine
720167,1928509.0,5604648.0,547900.0,0.0,0.0,1.0,Null,2005/2006,SOUTHLAND ROAD,OLIPHANT ROAD,Non-Injury Crash,No,2006,South,0.0,,Flat,,,,,Bright sun,1482000.0,0.0,0.0,0.0,2.0,0.0,,,Hawke's Bay Region,Nil,2-way,Sealed,0.0,0.0,,50.0,,Null,1.0,0.0,,30.0,Hastings District,Give way,,,,,0.0,0.0,Urban,0.0,,,Fine
393481,1932363.0,5601391.0,548821.0,0.0,0.0,1.0,East,2015/2016,LUCKNOW ROAD,MIDDLE ROAD,Serious Crash,No,2016,North,0.0,1.0,Flat,0.0,,0.0,0.0,Dark,1507001.0,0.0,0.0,0.0,2.0,0.0,0.0,,Hawke's Bay Region,Nil,2-way,Sealed,0.0,1.0,0.0,50.0,0.0,On,0.0,0.0,,30.0,Hastings District,Give way,0.0,0.0,0.0,0.0,0.0,0.0,Urban,0.0,0.0,0.0,Fine
335488,1935152.0,5609277.0,545722.0,0.0,0.0,1.0,North,2007/2008,SH 2,RAILWAY ROAD,Non-Injury Crash,Yes,2007,South,0.0,0.0,Flat,0.0,,0.0,0.0,Dark,1406300.0,0.0,0.0,0.0,2.0,0.0,0.0,,Hawke's Bay Region,Nil,2-way,Sealed,0.0,0.0,0.0,100.0,0.0,None,0.0,0.0,,30.0,Hastings District,Nil,0.0,0.0,0.0,1.0,0.0,0.0,Open,0.0,0.0,0.0,Fine
343584,1925630.0,5608366.0,545710.0,0.0,0.0,1.0,East,2009/2010,OMAHU ROAD,BARNES PLACE,Non-Injury Crash,No,2009,North,0.0,,Flat,,,,,Overcast,1470900.0,0.0,0.0,0.0,2.0,0.0,,,Hawke's Bay Region,Nil,2-way,Sealed,0.0,0.0,,70.0,,Null,0.0,0.0,,30.0,Hastings District,Nil,,,,,0.0,0.0,Urban,1.0,,,Fine