OBJECTID,X,Y,areaUnitID,bicycle,bus,carStationWagon,crashDirectionDescription,crashFinancialYear,crashLocation1,crashLocation2,crashSeverity,crashSHDescription,crashYear,directionRoleDescription,fatalCount,fence,flatHill,guardRail,holiday,houseOrBuilding,kerb,light,meshblockId,minorInjuryCount,moped,motorcycle,NumberOfLanes,otherVehicleType,parkedVehicle,pedestrian,region,roadCharacter,roadLane,roadSurface,schoolBus,seriousInjuryCount,slipOrFlood,speedLimit,strayAnimal,streetLight,suv,taxi,temporarySpeedLimit,tlaId,tlaName,trafficControl,trafficIsland,trafficSign,train,tree,truck,unknownVehicleType,urban,vanOrUtility,vehicle,waterRiver,weatherA
45138,1929332.0,5606655.0,547600.0,0.0,0.0,2.0,South,2004/2005,FITZROY AVENUE,PAKOWHAI ROAD,Minor Crash,No,2005,North,0.0,0.0,Flat,0.0,,0.0,0.0,Dark,1485100.0,1.0,0.0,0.0,2.0,0.0,1.0,,Hawke's Bay Region,Nil,2-way,Sealed,0.0,0.0,0.0,50.0,0.0,On,0.0,0.0,,30.0,Hastings District,Nil,0.0,0.0,0.0,0.0,0.0,0.0,Urban,0.0,0.0,0.0,Fine
490896,1930658.0,5604394.0,548100.0,1.0,0.0,1.0,Null,2001/2002,ST AUBYN ST EAST,RIVERSLEA ROAD NORTH,Non-Injury Crash,No,2002,North,0.0,,Flat,,Easter,,,Bright sun,1500900.0,0.0,0.0,0.0,2.0,0.0,,,Hawke's Bay Region,Nil,2-way,Sealed,0.0,0.0,,50.0,,Null,0.0,0.0,,30.0,Hastings District,Nil,,,,,0.0,0.0,Urban,0.0,,,Fine
550697,1937801.0,5607262.0,545740.0,0.0,0.0,1.0,East,2003/2004,TUKITUKI ROAD,MILL ROAD,Serious Crash,No,2004,North,0.0,0.0,Flat,0.0,,0.0,0.0,Dark,1407600.0,0.0,0.0,0.0,2.0,0.0,0.0,,Hawke's Bay Region,Nil,2-way,Sealed,0.0,1.0,0.0,100.0,0.0,None,0.0,0.0,,30.0,Hastings District,Nil,0.0,0.0,0.0,0.0,0.0,0.0,Open,0.0,0.0,0.0,Light rain
208576,1928743.0,5613846.0,545831.0,0.0,0.0,1.0,Null,2008/2009,SH 50,OMARUNUI ROAD,Non-Injury Crash,Yes,2008,East,0.0,1.0,Flat,0.0,,0.0,0.0,Bright sun,1409400.0,0.0,0.0,0.0,2.0,0.0,0.0,,Hawke's Bay Region,Nil,2-way,Sealed,0.0,0.0,0.0,100.0,0.0,Null,0.0,0.0,,30.0,Hastings District,Give way,0.0,0.0,0.0,0.0,0.0,0.0,Open,0.0,0.0,0.0,Fine
675802,1930250.0,5609686.0,545710.0,0.0,0.0,1.0,South,2016/2017,SH 50A,NGARURORO BR,Non-Injury Crash,Yes,2016,North,0.0,0.0,Flat,0.0,,0.0,0.0,Dark,1471100.0,0.0,0.0,0.0,2.0,0.0,0.0,,Hawke's Bay Region,Nil,2-way,Sealed,0.0,0.0,0.0,100.0,0.0,None,0.0,0.0,,30.0,Hastings District,Unknown,0.0,0.0,0.0,0.0,0.0,0.0,Open,0.0,0.0,0.0,Mist or Fog
549964,1926240.0,5606339.0,545761.0,0.0,0.0,1.0,Null,2009/2010,SH 50A,FLAXMERE AVENUE,Non-Injury Crash,Yes,2009,East,0.0,0.0,Flat,0.0,,0.0,0.0,Twilight,1469905.0,0.0,0.0,0.0,2.0,0.0,0.0,,Hawke's Bay Region,Nil,2-way,Sealed,0.0,0.0,0.0,70.0,0.0,On,0.0,0.0,,30.0,Hastings District,Give way,0.0,0.0,0.0,0.0,0.0,0.0,Urban,0.0,0.0,0.0,Light rain
330700,1931174.0,5600062.0,548822.0,0.0,0.0,1.0,Null,2012/2013,GILPIN ROAD,MIDDLE ROAD,Non-Injury Crash,No,2012,South,0.0,0.0,Flat,0.0,,0.0,0.0,Dark,1465601.0,0.0,0.0,0.0,2.0,0.0,0.0,,Hawke's Bay Region,Nil,2-way,Sealed,0.0,0.0,0.0,100.0,0.0,On,0.0,0.0,,30.0,Hastings District,Give way,1.0,1.0,0.0,0.0,0.0,0.0,Open,0.0,0.0,0.0,Light rain
155267,1913307.0,5638579.0,545912.0,0.0,0.0,0.0,West,2012/2013,HUIARANGI ROAD,BRAEBURN ROAD,Minor Crash,No,2013,East,0.0,0.0,Hill Road,0.0,,0.0,0.0,Bright sun,1412100.0,1.0,0.0,1.0,1.0,0.0,0.0,,Hawke's Bay Region,Nil,1-way,Sealed,0.0,0.0,0.0,100.0,0.0,Null,0.0,0.0,,30.0,Hastings District,Nil,0.0,0.0,0.0,0.0,0.0,0.0,Open,0.0,0.0,0.0,Fine
706763,1932048.0,5611749.0,545832.0,0.0,0.0,0.0,North,2007/2008,PAKOWHAI ROAD,BROOKFIELDS ROAD,Non-Injury Crash,No,2008,South,0.0,0.0,Flat,0.0,,0.0,0.0,Dark,1403900.0,0.0,0.0,0.0,2.0,0.0,0.0,,Hawke's Bay Region,Nil,2-way,Sealed,0.0,0.0,0.0,100.0,0.0,On,1.0,0.0,,30.0,Hastings District,Nil,0.0,0.0,0.0,0.0,0.0,0.0,Open,0.0,0.0,0.0,Light rain
659741,1936359.0,5608397.0,545722.0,0.0,0.0,2.0,West,2018/2019,LAWN ROAD,MILL ROAD,Non-Injury Crash,No,2018,West,0.0,,Flat,,,,,Overcast,1406501.0,0.0,0.0,0.0,2.0,0.0,,,Hawke's Bay Region,Nil,2-way,Sealed,0.0,0.0,,100.0,,Null,0.0,0.0,,30.0,Hastings District,Nil,,,,,0.0,0.0,Open,0.0,,,Fine
379308,1929326.0,5605568.0,547700.0,0.0,0.0,2.0,North,2008/2009,HERETAUNGA ST WEST,TOMOANA ROAD,Non-Injury Crash,No,2009,West,0.0,0.0,Flat,0.0,,0.0,0.0,Bright sun,1487900.0,0.0,0.0,0.0,2.0,0.0,1.0,,Hawke's Bay Region,Nil,2-way,Sealed,0.0,0.0,0.0,50.0,0.0,Null,0.0,0.0,,30.0,Hastings District,Nil,0.0,0.0,0.0,0.0,0.0,0.0,Urban,0.0,0.0,0.0,Fine
556035,1927917.0,5601772.0,545762.0,0.0,0.0,1.0,Null,2007/2008,RIVERSLEA ROAD SOUTH,RIVERSLEA ROAD,Minor Crash,No,2008,South,0.0,1.0,Flat,0.0,,0.0,0.0,Dark,1468400.0,1.0,0.0,0.0,2.0,0.0,0.0,,Hawke's Bay Region,Nil,2-way,Sealed,0.0,0.0,0.0,100.0,0.0,On,0.0,0.0,,30.0,Hastings District,Give way,0.0,0.0,0.0,1.0,0.0,0.0,Open,0.0,0.0,0.0,Fine
715493,1931939.0,5605087.0,548000.0,0.0,0.0,2.0,North,2009/2010,JUBILEE ST,COLLINGE ROAD,Non-Injury Crash,No,2009,South,0.0,,Flat,,,,,Overcast,1472500.0,0.0,0.0,0.0,2.0,0.0,,,Hawke's Bay Region,Nil,2-way,Sealed,0.0,0.0,,50.0,,Null,0.0,0.0,,30.0,Hastings District,Nil,,,,,0.0,0.0,Urban,0.0,,,Fine
616498,1923971.0,5607717.0,548611.0,0.0,0.0,2.0,East,2015/2016,KINGSLEY DRIVE,BANGOR ST,Non-Injury Crash,No,2015,East,0.0,0.0,Flat,0.0,,0.0,0.0,Dark,1470305.0,0.0,0.0,0.0,2.0,0.0,1.0,,Hawke's Bay Region,Nil,2-way,Sealed,0.0,0.0,0.0,50.0,0.0,On,0.0,0.0,,30.0,Hastings District,Unknown,0.0,0.0,0.0,0.0,0.0,0.0,Urban,0.0,0.0,0.0,Fine
690157,1925079.0,5606980.0,548620.0,0.0,0.0,1.0,North,2007/2008,Z CPK SWANSEA VILLAGE,SWANSEA/HENDERSON,Non-Injury Crash,No,2008,East,0.0,0.0,Flat,0.0,,0.0,0.0,Dark,1473700.0,0.0,0.0,0.0,0.0,0.0,0.0,,Hawke's Bay Region,Nil,Off road,Sealed,0.0,0.0,0.0,50.0,0.0,On,0.0,0.0,,30.0,Hastings District,Nil,0.0,0.0,0.0,1.0,0.0,0.0,Urban,0.0,0.0,0.0,Fine
54668,1940049.0,5594630.0,545860.0,0.0,0.0,2.0,West,2010/2011,WAIMARAMA ROAD,OCEAN BEACH ROAD,Minor Crash,No,2010,West,0.0,,Flat,,,,,Bright sun,1467500.0,1.0,0.0,0.0,2.0,0.0,,,Hawke's Bay Region,Nil,2-way,Sealed,0.0,0.0,,100.0,,Null,0.0,0.0,,30.0,Hastings District,Nil,,,,,0.0,0.0,Open,0.0,,,Fine
352492,1928873.0,5603872.0,548300.0,0.0,0.0,1.0,Null,2004/2005,KARAMU ROAD SOUTH,MURDOCH ROAD EAST,Non-Injury Crash,No,2004,North,0.0,,Flat,,,,,Overcast,1503203.0,0.0,0.0,0.0,2.0,0.0,,,Hawke's Bay Region,Nil,2-way,Sealed,0.0,0.0,,50.0,,Null,0.0,0.0,,30.0,Hastings District,Stop,,,,,0.0,0.0,Urban,0.0,,,Fine
250703,1930849.0,5605205.0,548000.0,0.0,0.0,1.0,Null,2009/2010,JERVOIS ST,HASTINGS ST NORTH,Non-Injury Crash,No,2009,North,0.0,0.0,Flat,0.0,Labour Weekend,1.0,0.0,Dark,1497600.0,0.0,0.0,0.0,2.0,0.0,0.0,,Hawke's Bay Region,Nil,2-way,Sealed,0.0,0.0,0.0,50.0,0.0,On,0.0,0.0,,30.0,Hastings District,Give way,0.0,0.0,0.0,0.0,0.0,0.0,Urban,0.0,0.0,0.0,Fine
340226,1925037.0,5606697.0,548620.0,1.0,0.0,1.0,Null,2008/2009,PETERHEAD AVENUE,SWANSEA ROAD,Minor Crash,No,2009,South,0.0,,Flat,,,,,Overcast,1473700.0,1.0,0.0,0.0,2.0,0.0,,,Hawke's Bay Region,Nil,2-way,Sealed,0.0,0.0,,50.0,,Null,0.0,0.0,,30.0,Hastings District,Give way,,,,,0.0,0.0,Urban,0.0,,,Light rain
419516,1916708.0,5616055.0,545821.0,0.0,0.0,1.0,North,2009/2010,TAIHAPE ROAD,SHANLEY ROAD,Minor Crash,No,2010,West,0.0,,Flat,,,,,Twilight,1410300.0,1.0,0.0,0.0,2.0,0.0,,,Hawke's Bay Region,Nil,2-way,Sealed,0.0,0.0,,100.0,,None,0.0,0.0,,30.0,Hastings District,Nil,,,,,0.0,0.0,Open,1.0,,,Heavy rain
442166,1923821.0,5608516.0,548611.0,0.0,0.0,1.0,North,2004/2005,Z PVT BOSTON CRESCENT,BOSTON/TARBET,Non-Injury Crash,No,2005,North,0.0,1.0,Flat,0.0,,0.0,0.0,Overcast,1470309.0,0.0,0.0,0.0,0.0,0.0,0.0,1.0,Hawke's Bay Region,Nil,Off road,Unsealed,0.0,0.0,0.0,50.0,0.0,Null,0.0,0.0,,30.0,Hastings District,Nil,0.0,0.0,0.0,0.0,0.0,0.0,Urban,0.0,0.0,0.0,Fine
737337,1931217.0,5614296.0,545831.0,0.0,0.0,2.0,North,2007/2008,SH 50,PAKOWHAI ON NBD,Non-Injury Crash,Yes,2008,North,0.0,,Flat,,,,,Bright sun,1404600.0,0.0,0.0,0.0,2.0,0.0,,,Hawke's Bay Region,Nil,2-way,Sealed,0.0,0.0,,100.0,,Null,1.0,0.0,,30.0,Hastings District,Nil,,,,,0.0,0.0,Open,0.0,,,Fine
658419,1932575.0,5608502.0,545721.0,0.0,0.0,2.0,Null,2013/2014,RUAHAPIA ROAD,WHAKATU ROAD,Non-Injury Crash,No,2014,North,0.0,,Flat,,,,,Bright sun,1471600.0,0.0,0.0,0.0,3.0,0.0,,,Hawke's Bay Region,Nil,2-way,Sealed,0.0,0.0,,100.0,,Off,0.0,0.0,,30.0,Hastings District,Give way,,,,,0.0,0.0,Open,0.0,,,Fine
30419,1916503.0,5616102.0,545821.0,0.0,0.0,0.0,Null,2011/2012,MATAPIRO ROAD,TAIHAPE ROAD,Non-Injury Crash,No,2011,East,0.0,,Flat,,,,,Twilight,1410300.0,0.0,0.0,0.0,2.0,0.0,,,Hawke's Bay Region,Nil,2-way,Sealed,0.0,0.0,,100.0,,On,1.0,0.0,,30.0,Hastings District,Give way,,,,,1.0,0.0,Open,0.0,,,Fine
598245,1929715.0,5604852.0,548200.0,0.0,0.0,1.0,Null,2012/2013,EASTBOURNE ST WEST,RAILWAY ROAD,Non-Injury Crash,No,2012,South,0.0,0.0,Flat,0.0,,0.0,0.0,Dark,1490000.0,0.0,0.0,0.0,2.0,0.0,0.0,,Hawke's Bay Region,Nil,2-way,Sealed,0.0,0.0,0.0,50.0,0.0,On,0.0,0.0,,30.0,Hastings District,Nil,0.0,0.0,0.0,0.0,0.0,0.0,Urban,0.0,0.0,0.0,Light rain
470414,1929097.0,5606516.0,547800.0,0.0,0.0,1.0,North,2011/2012,PAKOWHAI ROAD,ST AUBYN ST WEST,Non-Injury Crash,No,2011,West,0.0,,Flat,,,,,Bright sun,1477600.0,0.0,0.0,0.0,2.0,0.0,,,Hawke's Bay Region,Nil,2-way,Sealed,0.0,0.0,,50.0,,Null,1.0,0.0,,30.0,Hastings District,Traffic Signals,,,,,0.0,0.0,Urban,0.0,,,Fine
219617,1929393.0,5603396.0,548300.0,0.0,0.0,1.0,Null,2004/2005,RIVERSLEA ROAD SOUTH,MURDOCH ROAD EAST,Non-Injury Crash,No,2005,East,0.0,0.0,Flat,0.0,,0.0,0.0,Twilight,1503800.0,0.0,0.0,0.0,2.0,0.0,0.0,,Hawke's Bay Region,Nil,2-way,Sealed,0.0,0.0,0.0,50.0,0.0,On,0.0,0.0,,30.0,Hastings District,Give way,0.0,0.0,0.0,0.0,0.0,0.0,Urban,0.0,0.0,0.0,Fine
374405,1927700.0,5621271.0,545821.0,0.0,0.0,1.0,South,2001/2002,PUKETAPU ROAD,PUKETITIRI ROAD,Serious Crash,No,2002,East,0.0,1.0,Hill Road,0.0,,0.0,0.0,Dark,1411200.0,1.0,0.0,0.0,2.0,0.0,0.0,,Hawke's Bay Region,Nil,2-way,Sealed,0.0,1.0,0.0,100.0,0.0,None,0.0,0.0,,30.0,Hastings District,Nil,0.0,0.0,0.0,0.0,0.0,0.0,Open,0.0,0.0,0.0,Fine
632270,1932494.0,5601818.0,548831.0,0.0,0.0,2.0,North,2008/2009,HAVELOCK ROAD,PORTER DRIVE,Non-Injury Crash,No,2009,South,0.0,,Flat,,,,,Bright sun,1509600.0,0.0,0.0,0.0,2.0,0.0,,,Hawke's Bay Region,Nil,2-way,Sealed,0.0,0.0,,50.0,,Null,0.0,0.0,,30.0,Hastings District,Nil,,,,,0.0,0.0,Urban,0.0,,,Fine
158131,1929380.0,5605496.0,548200.0,0.0,0.0,1.0,Null,2009/2010,HERETAUNGA ST WEST,CHARLES ST,Non-Injury Crash,No,2009,West,0.0,0.0,Flat,0.0,,0.0,0.0,Dark,1490100.0,0.0,0.0,0.0,2.0,0.0,0.0,,Hawke's Bay Region,Nil,2-way,Sealed,0.0,0.0,0.0,50.0,0.0,On,0.0,0.0,,30.0,Hastings District,Give way,1.0,1.0,0.0,0.0,0.0,0.0,Urban,0.0,0.0,0.0,Fine
130101,1928278.0,5605872.0,548500.0,0.0,0.0,1.0,Null,2015/2016,MARAEKAKAHO ROAD,LOWE ST,Non-Injury Crash,No,2016,South,0.0,0.0,Flat,0.0,,0.0,0.0,Dark,1479700.0,0.0,0.0,0.0,2.0,0.0,0.0,,Hawke's Bay Region,Nil,2-way,Sealed,0.0,0.0,0.0,50.0,0.0,On,0.0,0.0,,30.0,Hastings District,Give way,0.0,0.0,0.0,0.0,0.0,0.0,Urban,0.0,0.0,0.0,Fine
32215,1930625.0,5605037.0,548200.0,0.0,0.0,3.0,Null,2005/2006,HASTINGS ST,ALBERT ST,Non-Injury Crash,No,2005,West,0.0,0.0,Flat,0.0,,0.0,0.0,Overcast,1494600.0,0.0,0.0,0.0,2.0,0.0,1.0,,Hawke's Bay Region,Nil,2-way,Sealed,0.0,0.0,0.0,50.0,0.0,Null,0.0,0.0,,30.0,Hastings District,Nil,0.0,0.0,0.0,0.0,0.0,0.0,Urban,0.0,0.0,0.0,Fine
507408,1930185.0,5605031.0,548200.0,0.0,0.0,2.0,Null,2015/2016,ST AUBYN ST EAST,KARAMU ROAD NORTH,Non-Injury Crash,No,2016,North,0.0,,Flat,,,,,Bright sun,1494100.0,0.0,0.0,0.0,5.0,0.0,,,Hawke's Bay Region,Nil,2-way,Sealed,0.0,0.0,,50.0,,Null,0.0,0.0,,30.0,Hastings District,Traffic Signals,,,,,0.0,0.0,Urban,0.0,,,Fine
242735,1926505.0,5637354.0,545811.0,0.0,0.0,1.0,East,2017/2018,SH 5,DILLONS HILL CUL,Non-Injury Crash,Yes,2018,East,0.0,1.0,Hill Road,0.0,Easter,0.0,0.0,Dark,1414700.0,0.0,0.0,0.0,2.0,0.0,0.0,,Hawke's Bay Region,Nil,2-way,Sealed,0.0,0.0,0.0,100.0,0.0,None,0.0,0.0,,30.0,Hastings District,Unknown,0.0,0.0,0.0,1.0,0.0,0.0,Open,0.0,0.0,0.0,Fine
461926,1934768.0,5608831.0,545722.0,0.0,0.0,1.0,Null,2014/2015,SH 2,BUCKINGHAM ST,Non-Injury Crash,Yes,2014,South,0.0,0.0,Flat,0.0,,0.0,0.0,Bright sun,1406300.0,0.0,0.0,0.0,2.0,0.0,0.0,,Hawke's Bay Region,Nil,2-way,Sealed,0.0,0.0,0.0,80.0,0.0,Off,0.0,0.0,,30.0,Hastings District,Give way,0.0,0.0,0.0,0.0,0.0,0.0,Open,0.0,0.0,0.0,Fine
143265,1930912.0,5607891.0,545710.0,1.0,0.0,1.0,Null,2011/2012,PAKOWHAI ROAD,RICHMOND ROAD,Minor Crash,No,2011,South,0.0,,Flat,,,,,Dark,1471100.0,1.0,0.0,0.0,2.0,0.0,,,Hawke's Bay Region,Nil,2-way,Sealed,0.0,0.0,,70.0,,On,0.0,0.0,,30.0,Hastings District,Give way,,,,,0.0,0.0,Urban,0.0,,,Fine
354955,1925413.0,5607172.0,548620.0,0.0,0.0,1.0,Null,2001/2002,FLAXMERE AVENUE,HENDERSON ROAD,Non-Injury Crash,No,2002,West,0.0,1.0,Flat,0.0,Queens Birthday,0.0,0.0,Overcast,1476500.0,0.0,0.0,0.0,2.0,0.0,0.0,,Hawke's Bay Region,Nil,2-way,Sealed,0.0,0.0,0.0,50.0,0.0,Null,0.0,0.0,,30.0,Hastings District,Give way,0.0,0.0,0.0,0.0,0.0,0.0,Urban,0.0,0.0,0.0,Light rain
671399,1930445.0,5605078.0,548200.0,0.0,0.0,2.0,Null,2011/2012,WARREN ST NORTH,VICTORIA ST,Non-Injury Crash,No,2012,South,0.0,,Flat,,,,,Overcast,1494500.0,0.0,0.0,0.0,2.0,0.0,,,Hawke's Bay Region,Nil,2-way,Sealed,0.0,0.0,,50.0,,Null,0.0,0.0,,30.0,Hastings District,Give way,,,,,0.0,0.0,Urban,0.0,,,Light rain
67760,1927100.0,5620880.0,545821.0,0.0,0.0,1.0,South,2017/2018,PUKETAPU ROAD,PUKETITIRI ROAD,Non-Injury Crash,No,2017,East,0.0,0.0,Flat,0.0,,0.0,0.0,Dark,1411400.0,0.0,0.0,0.0,2.0,0.0,0.0,,Hawke's Bay Region,Nil,2-way,Sealed,0.0,0.0,0.0,100.0,0.0,None,0.0,0.0,,30.0,Hastings District,Unknown,0.0,0.0,0.0,0.0,0.0,0.0,Open,0.0,0.0,0.0,Fine
54174,1926323.0,5608045.0,545710.0,0.0,0.0,1.0,West,1999/2000,OMAHU ROAD,HENDERSON ROAD,Serious Crash,No,2000,West,0.0,,Flat,,,,,Bright sun,1470900.0,0.0,0.0,0.0,2.0,0.0,,1.0,Hawke's Bay Region,Nil,2-way,Sealed,0.0,1.0,,70.0,,Null,0.0,0.0,,30.0,Hastings District,Unknown,,,,,0.0,0.0,Urban,0.0,,,Fine
263595,1929562.0,5604687.0,548200.0,0.0,0.0,2.0,North,2004/2005,RAILWAY ROAD,SOUTHAMPTON ST WEST,Non-Injury Crash,No,2005,South,0.0,,Flat,,,,,Bright sun,1489802.0,0.0,0.0,0.0,2.0,0.0,,,Hawke's Bay Region,Nil,2-way,Sealed,0.0,0.0,,50.0,,Null,0.0,0.0,,30.0,Hastings District,Nil,,,,,0.0,0.0,Urban,0.0,,,Fine
229999,1923079.0,5611805.0,545822.0,0.0,0.0,1.0,Null,2001/2002,SH 50,TAIHAPE ROAD,Non-Injury Crash,Yes,2001,North,0.0,,Flat,,,,,Overcast,1409300.0,0.0,0.0,0.0,2.0,0.0,,,Hawke's Bay Region,Nil,2-way,Sealed,0.0,0.0,,50.0,,Null,0.0,0.0,,30.0,Hastings District,Give way,,,,,1.0,0.0,Urban,0.0,,,Fine
116205,1932464.4316,5601618.7895,548810.0,0.0,0.0,1.0,Null,2020/2021,PORTER DRIVE,TE AUTE ROAD,Non-Injury Crash,No,2020,North,0.0,,Null,,,,,Unknown,1505700.0,0.0,0.0,0.0,2.0,0.0,,,Hawke's Bay Region,Nil,2-way,Sealed,0.0,0.0,,50.0,,Null,0.0,0.0,,30.0,Hastings District,Give way,,,,,0.0,0.0,Urban,1.0,,,Fine
100871,1925321.0,5599569.0,545852.0,0.0,0.0,0.0,Null,2016/2017,SH 2,PAKI PAKI ROAD,Non-Injury Crash,Yes,2017,South,0.0,,Flat,,,,,Bright sun,1469600.0,0.0,0.0,0.0,2.0,0.0,,,Hawke's Bay Region,Nil,2-way,Sealed,0.0,0.0,,80.0,,Null,1.0,0.0,,30.0,Hastings District,Give way,,,,,1.0,0.0,Open,0.0,,,Fine
480223,1930257.0,5604934.0,548200.0,0.0,0.0,2.0,Null,2003/2004,ST AUBYN ST EAST,WARREN ST NORTH,Serious Crash,No,2004,East,0.0,,Flat,,,,,Bright sun,1493501.0,0.0,0.0,0.0,3.0,0.0,,,Hawke's Bay Region,Nil,2-way,Sealed,0.0,1.0,,50.0,,Null,0.0,0.0,,30.0,Hastings District,Give way,,,,,0.0,0.0,Urban,0.0,,,Fine
190236,1932489.0,5601630.0,548810.0,0.0,0.0,1.0,West,2013/2014,TE AUTE ROAD,PORTER DRIVE,Non-Injury Crash,No,2013,East,0.0,,Flat,,,,,Dark,1505200.0,0.0,0.0,0.0,2.0,0.0,,,Hawke's Bay Region,Nil,2-way,Sealed,0.0,0.0,,50.0,,On,1.0,0.0,,30.0,Hastings District,Give way,,,,,0.0,0.0,Urban,0.0,,,Fine
128650,1925321.0,5599568.0,545852.0,0.0,0.0,1.0,Null,2000/2001,SH 2,TE AUTE ROAD,Non-Injury Crash,Yes,2000,North,0.0,,Flat,,Christmas New Year,,,Bright sun,1469600.0,0.0,0.0,0.0,2.0,0.0,,,Hawke's Bay Region,Nil,2-way,Sealed,0.0,0.0,,100.0,,Null,0.0,0.0,,30.0,Hastings District,Stop,,,,,0.0,0.0,Open,1.0,,,Fine
229553,1931432.6966,5604769.9069,548000.0,0.0,0.0,0.0,Null,2019/2020,SYLVAN ROAD,MAITLAND CRESCENT,Non-Injury Crash,No,2019,North,0.0,0.0,Flat,0.0,Labour Weekend,0.0,0.0,Dark,1497900.0,0.0,0.0,0.0,2.0,0.0,0.0,,Hawke's Bay Region,Nil,2-way,Sealed,0.0,0.0,0.0,50.0,0.0,On,1.0,0.0,,30.0,Hastings District,Give way,0.0,0.0,0.0,1.0,0.0,0.0,Urban,0.0,0.0,0.0,Fine
605784,1925116.0,5607607.0,548611.0,0.0,0.0,0.0,Null,2010/2011,FLAXMERE AVENUE,CHATHAM ROAD,Non-Injury Crash,No,2010,South,0.0,1.0,Flat,0.0,,0.0,0.0,Dark,1473806.0,0.0,0.0,0.0,2.0,0.0,0.0,,Hawke's Bay Region,Nil,2-way,Sealed,0.0,0.0,0.0,50.0,0.0,On,1.0,0.0,,30.0,Hastings District,Give way,0.0,1.0,0.0,0.0,0.0,0.0,Urban,0.0,0.0,0.0,Light rain
37605,1929329.0,5607067.0,545710.0,0.0,0.0,1.0,North,2008/2009,LYNDHURST ROAD,PAKOWHAI ROAD,Minor Crash,No,2008,North,0.0,,Flat,,,,,Bright sun,1471300.0,1.0,0.0,0.0,2.0,0.0,,,Hawke's Bay Region,Nil,2-way,Sealed,0.0,0.0,,50.0,,Null,0.0,0.0,,30.0,Hastings District,Nil,,,,,0.0,0.0,Urban,1.0,,,Fine
469656,1928005.0,5604821.0,547900.0,0.0,0.0,2.0,Null,2000/2001,WALL ROAD,CAMPBELL ST,Non-Injury Crash,No,2001,West,0.0,0.0,Flat,0.0,,0.0,0.0,Dark,1480900.0,0.0,0.0,0.0,2.0,0.0,1.0,,Hawke's Bay Region,Nil,2-way,Sealed,0.0,0.0,0.0,50.0,0.0,On,0.0,0.0,,30.0,Hastings District,Give way,0.0,0.0,0.0,0.0,0.0,0.0,Urban,0.0,0.0,0.0,Fine
473745,1918595.0,5648754.0,545911.0,0.0,0.0,1.0,North,2015/2016,SH 5,OHURAKURA ROAD,Serious Crash,Yes,2015,South,0.0,,Hill Road,,,,,Overcast,1415900.0,5.0,0.0,0.0,2.0,0.0,,,Hawke's Bay Region,Nil,2-way,Sealed,0.0,2.0,,100.0,,Null,1.0,0.0,,30.0,Hastings District,Unknown,,,,,0.0,0.0,Open,0.0,,,Heavy rain
549524,1913598.0,5587660.0,545851.0,0.0,0.0,3.0,North,2007/2008,SH 2,WAIKAREAO ROAD,Non-Injury Crash,Yes,2007,South,0.0,,Flat,,,,,Overcast,1464500.0,0.0,0.0,0.0,2.0,0.0,,,Hawke's Bay Region,Nil,2-way,Sealed,0.0,0.0,,100.0,,Null,0.0,0.0,,30.0,Hastings District,Nil,,,,,0.0,0.0,Open,0.0,,,Fine
468177,1928430.5837,5633634.9644,545811.0,0.0,0.0,1.0,North,2018/2019,005-0249,Ellis wallace road,Minor Crash,Yes,2019,South,0.0,,Flat,,,,,Dark,1414700.0,1.0,0.0,0.0,2.0,0.0,,,Hawke's Bay Region,Nil,2-way,Sealed,0.0,0.0,,100.0,,None,0.0,0.0,,30.0,Hastings District,Unknown,,,,,1.0,0.0,Open,0.0,,,Fine
249775,1935053.0,5653121.0,545911.0,0.0,0.0,0.0,North,2016/2017,SH 2,WAIKOAU ROAD,Minor Crash,Yes,2016,North,0.0,0.0,Flat,0.0,,0.0,0.0,Bright sun,1415200.0,1.0,0.0,0.0,2.0,0.0,0.0,,Hawke's Bay Region,Nil,2-way,Sealed,0.0,0.0,0.0,100.0,0.0,Null,0.0,0.0,,30.0,Hastings District,Unknown,0.0,0.0,0.0,0.0,0.0,0.0,Open,1.0,0.0,0.0,Fine
4640,1923893.0,5607231.0,548612.0,0.0,0.0,3.0,North,2011/2012,LIVINGSTONE ROAD,BURTON CRESCENT,Serious Crash,No,2011,North,0.0,,Flat,,,,,Dark,1474002.0,0.0,0.0,0.0,2.0,0.0,,1.0,Hawke's Bay Region,Nil,2-way,Sealed,0.0,2.0,,50.0,,On,0.0,0.0,,30.0,Hastings District,Nil,,,,,0.0,0.0,Urban,1.0,,,Fine
377884,1928009.0,5605667.0,547900.0,0.0,0.0,1.0,Null,2010/2011,MARAEKAKAHO ROAD,GORDON ROAD,Non-Injury Crash,No,2011,South,0.0,,Flat,,,,,Dark,1479900.0,0.0,0.0,0.0,2.0,0.0,,,Hawke's Bay Region,Nil,2-way,Sealed,0.0,0.0,,50.0,,On,0.0,0.0,,30.0,Hastings District,Give way,,,,,0.0,0.0,Urban,1.0,,,Fine
209170,1907487.0,5677159.0,545911.0,0.0,0.0,0.0,North,2013/2014,SH 5,TATARAAKINA ROAD N,Minor Crash,Yes,2014,North,0.0,,Flat,,Christmas New Year,,,Bright sun,1281200.0,1.0,0.0,1.0,2.0,0.0,,,Hawke's Bay Region,Nil,2-way,Sealed,0.0,0.0,,100.0,,Null,0.0,0.0,,30.0,Hastings District,Unknown,,,,,0.0,0.0,Open,0.0,,,Fine