OBJECTID,X,Y,areaUnitID,bicycle,bus,carStationWagon,crashDirectionDescription,crashFinancialYear,crashLocation1,crashLocation2,crashSeverity,crashSHDescription,crashYear,directionRoleDescription,fatalCount,fence,flatHill,guardRail,holiday,houseOrBuilding,kerb,light,meshblockId,minorInjuryCount,moped,motorcycle,NumberOfLanes,otherVehicleType,parkedVehicle,pedestrian,region,roadCharacter,roadLane,roadSurface,schoolBus,seriousInjuryCount,slipOrFlood,speedLimit,strayAnimal,streetLight,suv,taxi,temporarySpeedLimit,tlaId,tlaName,trafficControl,trafficIsland,trafficSign,train,tree,truck,unknownVehicleType,urban,vanOrUtility,vehicle,waterRiver,weatherA
159998,1934794.0,5607399.0,545722.0,0.0,0.0,0.0,East,2010/2011,PILCHER ROAD,SH 2,Non-Injury Crash,No,2011,North,0.0,0.0,Flat,0.0,,0.0,0.0,Overcast,1406300.0,0.0,0.0,0.0,2.0,0.0,0.0,,Hawke's Bay Region,Nil,2-way,Sealed,0.0,0.0,0.0,100.0,0.0,Null,1.0,0.0,,30.0,Hastings District,Nil,0.0,0.0,0.0,0.0,0.0,0.0,Open,0.0,0.0,0.0,Light rain
385529,1933475.0,5600851.0,548821.0,0.0,0.0,1.0,South,2009/2010,TANNER ST,DUART ROAD,Non-Injury Crash,No,2010,North,0.0,0.0,Hill Road,0.0,,0.0,0.0,Bright sun,1507900.0,0.0,0.0,0.0,2.0,0.0,0.0,,Hawke's Bay Region,Nil,2-way,Sealed,0.0,0.0,0.0,50.0,0.0,Null,0.0,0.0,,30.0,Hastings District,Nil,0.0,0.0,0.0,0.0,0.0,0.0,Urban,0.0,0.0,0.0,Fine
293434,1931081.0,5613920.0,545831.0,0.0,0.0,1.0,North,2015/2016,SH 50,PAKOWHAI ON NBD,Non-Injury Crash,Yes,2016,North,0.0,,Flat,,,,,Bright sun,1404600.0,0.0,0.0,0.0,4.0,0.0,,,Hawke's Bay Region,Nil,2-way,Sealed,0.0,0.0,,100.0,,Null,0.0,0.0,,30.0,Hastings District,Unknown,,,,,0.0,0.0,Open,1.0,,,Fine
238159,1933352.0,5602244.0,548831.0,0.0,0.0,1.0,Null,2015/2016,ST HILL LANE,BROOKVALE ROAD,Non-Injury Crash,No,2015,South,0.0,0.0,Flat,0.0,,0.0,0.0,Dark,1509200.0,0.0,0.0,0.0,2.0,0.0,0.0,,Hawke's Bay Region,Nil,2-way,Sealed,0.0,0.0,0.0,50.0,0.0,On,0.0,0.0,,30.0,Hastings District,Nil,0.0,0.0,0.0,0.0,0.0,0.0,Urban,0.0,0.0,0.0,Light rain
32088,1929759.0,5605028.0,548200.0,0.0,0.0,2.0,West,2006/2007,MARKET ST NORTH,HERETAUNGA ST WEST,Non-Injury Crash,No,2007,North,0.0,0.0,Flat,0.0,,0.0,0.0,Bright sun,1491700.0,0.0,0.0,0.0,2.0,0.0,1.0,,Hawke's Bay Region,Nil,2-way,Sealed,0.0,0.0,0.0,50.0,0.0,Null,0.0,0.0,,30.0,Hastings District,Nil,0.0,0.0,0.0,0.0,0.0,0.0,Urban,0.0,0.0,0.0,Fine
423629,1925138.0,5605082.0,545842.0,0.0,0.0,1.0,South,2006/2007,STOCK ROAD,IRONGATE ROAD,Non-Injury Crash,No,2006,North,0.0,0.0,Flat,0.0,,0.0,0.0,Bright sun,1470214.0,0.0,0.0,0.0,2.0,0.0,0.0,,Hawke's Bay Region,Nil,2-way,Sealed,0.0,0.0,0.0,100.0,0.0,Null,0.0,0.0,,30.0,Hastings District,Unknown,0.0,0.0,0.0,0.0,0.0,0.0,Open,0.0,0.0,0.0,Fine
613259,1933752.1574,5607670.7644,545722.0,0.0,0.0,1.0,West,2019/2020,TE ARA KAHIKATEA,SH 51,Minor Crash,No,2020,North,0.0,0.0,Flat,1.0,,0.0,0.0,Bright sun,1406200.0,1.0,0.0,0.0,2.0,0.0,0.0,,Hawke's Bay Region,Nil,2-way,Sealed,0.0,0.0,0.0,80.0,0.0,None,0.0,0.0,,30.0,Hastings District,Unknown,0.0,0.0,0.0,0.0,0.0,0.0,Open,0.0,0.0,0.0,Fine
490470,1929275.0,5605233.0,548200.0,0.0,0.0,2.0,Null,2001/2002,SOUTHLAND ROAD,LYNDON ROAD WEST,Non-Injury Crash,No,2001,South,0.0,,Flat,,,,,Overcast,1488700.0,0.0,0.0,0.0,2.0,0.0,,,Hawke's Bay Region,Nil,2-way,Sealed,0.0,0.0,,50.0,,Null,0.0,0.0,,30.0,Hastings District,Give way,,,,,0.0,0.0,Urban,0.0,,,Light rain
210715,1929453.0,5604796.0,548200.0,0.0,0.0,2.0,Null,2003/2004,SOUTHAMPTON ST WEST,MARKET ST SOUTH,Non-Injury Crash,No,2004,East,0.0,,Flat,,,,,Overcast,1489802.0,0.0,0.0,0.0,2.0,0.0,,,Hawke's Bay Region,Nil,2-way,Sealed,0.0,0.0,,50.0,,Null,0.0,0.0,,30.0,Hastings District,Give way,,,,,0.0,0.0,Urban,0.0,,,Fine
532129,1927483.0,5607513.0,548400.0,0.0,0.0,2.0,North,2001/2002,OMAHU ROAD,SH 50A,Non-Injury Crash,No,2001,South,0.0,,Flat,,,,,Dark,1473600.0,0.0,0.0,0.0,2.0,0.0,,,Hawke's Bay Region,Nil,2-way,Sealed,0.0,0.0,,50.0,,On,0.0,0.0,,30.0,Hastings District,Nil,,,,,0.0,0.0,Urban,0.0,,,Fine
412624,1925745.0,5619718.0,545821.0,0.0,0.0,2.0,West,1999/2000,DARTMOOR ROAD,VICARAGE ROAD,Minor Crash,No,2000,West,0.0,,Flat,,Christmas New Year,,,Twilight,1411400.0,1.0,0.0,0.0,0.0,0.0,,,Hawke's Bay Region,Nil,2-way,Sealed,0.0,0.0,,100.0,,None,0.0,0.0,,30.0,Hastings District,Nil,,,,,0.0,0.0,Open,0.0,,,Fine
40238,1928569.0,5606483.0,548500.0,0.0,0.0,2.0,East,2004/2005,OMAHU ROAD,HAPUKA ST,Non-Injury Crash,No,2004,South,0.0,0.0,Flat,0.0,,0.0,0.0,Overcast,1478700.0,0.0,0.0,0.0,2.0,0.0,1.0,,Hawke's Bay Region,Nil,2-way,Sealed,0.0,0.0,0.0,50.0,0.0,Null,0.0,0.0,,30.0,Hastings District,Nil,0.0,0.0,0.0,0.0,0.0,0.0,Urban,0.0,0.0,0.0,Fine
491810,1929948.0,5605347.0,548200.0,0.0,0.0,2.0,Null,2018/2019,KING ST NORTH,ST AUBYN ST WEST,Non-Injury Crash,No,2018,West,0.0,0.0,Flat,0.0,,0.0,0.0,Overcast,1491500.0,0.0,0.0,0.0,2.0,0.0,1.0,,Hawke's Bay Region,Nil,2-way,Sealed,0.0,0.0,0.0,50.0,0.0,Null,0.0,0.0,,30.0,Hastings District,Give way,0.0,0.0,0.0,0.0,0.0,0.0,Urban,1.0,0.0,0.0,Fine
108878,1929468.0,5605379.0,548200.0,0.0,0.0,1.0,Null,2001/2002,HERETAUNGA ST WEST,SOUTHLAND ROAD,Non-Injury Crash,No,2002,North,0.0,0.0,Flat,0.0,,0.0,0.0,Overcast,1490100.0,0.0,0.0,0.0,2.0,0.0,0.0,,Hawke's Bay Region,Nil,2-way,Sealed,0.0,0.0,0.0,50.0,0.0,Null,0.0,0.0,,30.0,Hastings District,Stop,0.0,1.0,0.0,0.0,0.0,0.0,Urban,0.0,0.0,0.0,Light rain
267990,1917531.0,5606331.0,545841.0,0.0,0.0,1.0,North,2012/2013,SH 50 ROYS HILL ROAD,MARAEKAKAHO ROAD,Minor Crash,Yes,2013,North,0.0,0.0,Flat,0.0,,0.0,0.0,Overcast,1462901.0,1.0,0.0,0.0,2.0,0.0,0.0,,Hawke's Bay Region,Nil,2-way,Sealed,0.0,0.0,0.0,100.0,0.0,Null,0.0,0.0,,30.0,Hastings District,Nil,0.0,0.0,0.0,0.0,0.0,0.0,Open,0.0,0.0,0.0,Fine
449612,1932390.0,5610756.0,545832.0,0.0,0.0,0.0,North,2007/2008,PAKOWHAI ROAD,HODGSON ROAD,Non-Injury Crash,No,2008,North,0.0,0.0,Flat,0.0,,0.0,0.0,Twilight,1404000.0,0.0,0.0,0.0,2.0,0.0,0.0,,Hawke's Bay Region,Nil,2-way,Sealed,0.0,0.0,0.0,100.0,0.0,None,0.0,0.0,,30.0,Hastings District,Nil,0.0,0.0,0.0,0.0,0.0,0.0,Open,1.0,0.0,0.0,Fine
18071,1924252.0,5607916.0,548611.0,0.0,0.0,1.0,West,2008/2009,PEARY CRESCENT,PEARY PLACE,Non-Injury Crash,No,2008,North,0.0,1.0,Flat,0.0,,0.0,1.0,Overcast,1470317.0,0.0,0.0,0.0,2.0,0.0,0.0,,Hawke's Bay Region,Nil,2-way,Sealed,0.0,0.0,0.0,50.0,0.0,Null,0.0,0.0,,30.0,Hastings District,Nil,0.0,0.0,0.0,0.0,0.0,0.0,Urban,0.0,0.0,0.0,Light rain
346641,1932330.0,5603359.0,545721.0,0.0,0.0,1.0,East,2015/2016,ST GEORGES ROAD,ADA ST,Non-Injury Crash,No,2016,East,0.0,1.0,Flat,0.0,,0.0,0.0,Overcast,1473200.0,0.0,0.0,0.0,2.0,0.0,0.0,,Hawke's Bay Region,Nil,2-way,Sealed,0.0,0.0,0.0,80.0,0.0,Null,0.0,0.0,,30.0,Hastings District,Unknown,0.0,0.0,0.0,0.0,0.0,0.0,Open,0.0,0.0,0.0,Light rain
299897,1929072.0,5604042.0,548300.0,0.0,0.0,1.0,Null,2006/2007,Z DWY HASTINGS BOYS HIGH,KARAMU ROAD SOUTH,Serious Crash,No,2006,West,0.0,,Flat,,,,,Dark,1503203.0,0.0,0.0,0.0,0.0,0.0,,2.0,Hawke's Bay Region,Nil,Off road,Sealed,0.0,2.0,,50.0,,On,0.0,0.0,,30.0,Hastings District,Nil,,,,,0.0,0.0,Urban,0.0,,,Fine
19137,1929285.0,5605424.0,548200.0,0.0,0.0,2.0,Null,2012/2013,EASTBOURNE ST WEST,CHARLES ST,Non-Injury Crash,No,2013,South,0.0,,Flat,,,,,Bright sun,1488800.0,0.0,0.0,0.0,2.0,0.0,,,Hawke's Bay Region,Nil,2-way,Sealed,0.0,0.0,,50.0,,Null,0.0,0.0,,30.0,Hastings District,Give way,,,,,0.0,0.0,Urban,0.0,,,Fine
18669,1929742.0,5603703.0,548300.0,0.0,0.0,1.0,South,2009/2010,RIVERSLEA ROAD SOUTH,ELM ROAD,Serious Crash,No,2009,North,0.0,0.0,Flat,0.0,,0.0,0.0,Bright sun,1504100.0,0.0,1.0,0.0,2.0,0.0,1.0,,Hawke's Bay Region,Nil,2-way,Sealed,0.0,1.0,0.0,50.0,0.0,Null,0.0,0.0,,30.0,Hastings District,Nil,0.0,0.0,0.0,0.0,0.0,0.0,Urban,0.0,0.0,0.0,Fine
97946,1908085.0,5675687.0,545911.0,0.0,0.0,1.0,North,2002/2003,SH 5,TARAWERA TAV,Minor Crash,Yes,2003,North,0.0,0.0,Hill Road,0.0,,0.0,0.0,Overcast,1281200.0,3.0,0.0,0.0,2.0,0.0,0.0,,Hawke's Bay Region,Nil,2-way,Sealed,0.0,0.0,0.0,100.0,0.0,None,0.0,0.0,,30.0,Hastings District,Nil,0.0,0.0,0.0,0.0,0.0,0.0,Open,0.0,0.0,0.0,Heavy rain
598364,1925325.0,5605390.0,545842.0,0.0,0.0,1.0,Null,2003/2004,STOCK ROAD,IRONGATE ROAD,Minor Crash,No,2004,North,0.0,,Flat,,,,,Bright sun,1470214.0,2.0,0.0,0.0,2.0,0.0,,,Hawke's Bay Region,Nil,2-way,Sealed,0.0,0.0,,100.0,,Null,0.0,0.0,,30.0,Hastings District,Stop,,,,,0.0,0.0,Open,1.0,,,Fine
171719,1928880.0,5606156.0,547700.0,0.0,0.0,2.0,Null,2007/2008,HERETAUNGA ST WEST,STORTFORD ST,Non-Injury Crash,No,2008,West,0.0,,Flat,,,,,Bright sun,1486600.0,0.0,0.0,0.0,2.0,0.0,,,Hawke's Bay Region,Nil,2-way,Sealed,0.0,0.0,,50.0,,Null,0.0,0.0,,30.0,Hastings District,Traffic Signals,,,,,0.0,0.0,Urban,0.0,,,Fine
62640,1918598.0,5652917.0,545912.0,0.0,0.0,0.0,North,2009/2010,SH 5,TE POHUE LOOP ROAD N,Non-Injury Crash,Yes,2010,South,0.0,0.0,Hill Road,0.0,,0.0,0.0,Overcast,1414504.0,0.0,0.0,0.0,3.0,0.0,0.0,,Hawke's Bay Region,Nil,2-way,Sealed,0.0,0.0,0.0,100.0,0.0,Null,0.0,0.0,,30.0,Hastings District,Nil,0.0,0.0,0.0,0.0,0.0,0.0,Open,1.0,0.0,0.0,Heavy rain
548905,1928555.0,5606498.0,547800.0,1.0,0.0,1.0,East,2011/2012,OMAHU ROAD,HAPUKA ST,Minor Crash,No,2012,South,0.0,0.0,Flat,0.0,,0.0,0.0,Bright sun,1477700.0,1.0,0.0,0.0,1.0,0.0,1.0,,Hawke's Bay Region,Nil,2-way,Sealed,0.0,0.0,0.0,50.0,0.0,Null,0.0,0.0,,30.0,Hastings District,Nil,0.0,0.0,0.0,0.0,0.0,0.0,Urban,0.0,0.0,0.0,Fine
505059,1930952.0,5603541.0,545762.0,0.0,0.0,2.0,East,2014/2015,HAVELOCK ROAD,NORTON ROAD,Minor Crash,No,2015,North,0.0,,Flat,,,,,Overcast,1468500.0,1.0,0.0,0.0,2.0,0.0,,,Hawke's Bay Region,Nil,2-way,Sealed,0.0,0.0,,70.0,,Off,0.0,0.0,,30.0,Hastings District,Nil,,,,,0.0,0.0,Urban,0.0,,,Light rain
188509,1931153.0,5600843.0,545762.0,0.0,0.0,1.0,Null,2010/2011,TE AUTE ROAD,GILPIN ROAD,Non-Injury Crash,No,2010,East,0.0,0.0,Flat,0.0,,0.0,0.0,Dark,1465200.0,0.0,0.0,0.0,2.0,0.0,0.0,,Hawke's Bay Region,Nil,2-way,Unsealed,0.0,0.0,0.0,100.0,0.0,On,0.0,0.0,,30.0,Hastings District,Give way,0.0,0.0,0.0,0.0,0.0,0.0,Open,0.0,0.0,0.0,Light rain
50666,1926403.0,5604585.0,545842.0,0.0,0.0,1.0,West,2005/2006,IRONGATE ROAD,MARAEKAKAHO ROAD,Non-Injury Crash,No,2005,East,0.0,0.0,Flat,0.0,,0.0,0.0,Overcast,1470205.0,0.0,0.0,0.0,2.0,0.0,0.0,,Hawke's Bay Region,Nil,2-way,Sealed,0.0,0.0,0.0,100.0,0.0,Null,0.0,0.0,,30.0,Hastings District,Nil,0.0,1.0,0.0,0.0,0.0,0.0,Open,0.0,0.0,0.0,Fine
525038,1930485.0,5606405.0,547600.0,0.0,0.0,1.0,Null,2004/2005,FREDERICK ST,TOMOANA ROAD,Non-Injury Crash,No,2004,East,0.0,,Flat,,,,,Overcast,1483800.0,0.0,0.0,0.0,2.0,0.0,,,Hawke's Bay Region,Nil,2-way,Sealed,0.0,0.0,,50.0,,Null,0.0,0.0,,30.0,Hastings District,Traffic Signals,,,,,1.0,0.0,Urban,0.0,,,Light rain
315723,1898499.0,5594297.0,545841.0,0.0,0.0,0.0,North,2013/2014,SH 50,MANGA-O-NUKU NO3 BR,Non-Injury Crash,Yes,2014,South,0.0,0.0,Flat,0.0,,0.0,0.0,Dark,1462600.0,0.0,0.0,0.0,1.0,0.0,0.0,,Hawke's Bay Region,Nil,2-way,Sealed,0.0,0.0,0.0,100.0,0.0,None,0.0,0.0,,30.0,Hastings District,Nil,0.0,0.0,0.0,0.0,0.0,0.0,Open,1.0,0.0,0.0,Fine
654843,1922368.0,5639707.0,545811.0,0.0,0.0,0.0,North,2002/2003,SH 5,GLENGARRY ROAD,Non-Injury Crash,Yes,2003,East,0.0,0.0,Hill Road,0.0,,0.0,0.0,Dark,1414600.0,0.0,0.0,0.0,2.0,0.0,0.0,,Hawke's Bay Region,Nil,2-way,Sealed,0.0,0.0,0.0,100.0,0.0,None,0.0,0.0,,30.0,Hastings District,Nil,0.0,0.0,0.0,0.0,1.0,0.0,Open,0.0,0.0,0.0,Fine
223167,1935605.0,5646472.0,545911.0,0.0,0.0,1.0,North,2006/2007,SH 2,KAIWAKA ROAD,Non-Injury Crash,Yes,2006,North,0.0,0.0,Hill Road,0.0,,0.0,0.0,Overcast,1415400.0,0.0,0.0,0.0,2.0,0.0,0.0,,Hawke's Bay Region,Nil,2-way,Sealed,0.0,0.0,0.0,100.0,0.0,Null,0.0,0.0,,30.0,Hastings District,Nil,0.0,0.0,0.0,0.0,0.0,0.0,Open,0.0,0.0,0.0,Light rain
471375,1929080.5459999999,5606502.6589,547700.0,0.0,0.0,1.0,Null,2018/2019,PAKOWHAI ROAD,FRIMLEY ROAD,Non-Injury Crash,No,2019,North,0.0,,Flat,,,,,Dark,1485900.0,0.0,0.0,0.0,2.0,0.0,,,Hawke's Bay Region,Nil,2-way,Sealed,0.0,0.0,,50.0,,On,0.0,0.0,,30.0,Hastings District,Traffic Signals,,,,,1.0,0.0,Urban,0.0,,,Fine
648565,1931143.0,5603876.0,548100.0,0.0,0.0,1.0,South,2012/2013,HOWARD ST,WINDSOR AVENUE,Non-Injury Crash,No,2012,North,0.0,0.0,Flat,0.0,,0.0,0.0,Bright sun,1500400.0,0.0,0.0,0.0,2.0,0.0,1.0,,Hawke's Bay Region,Nil,2-way,Sealed,0.0,0.0,0.0,50.0,0.0,Null,0.0,0.0,,30.0,Hastings District,Nil,0.0,0.0,0.0,0.0,1.0,0.0,Urban,0.0,0.0,0.0,Fine
124523,1934739.0,5601730.0,548831.0,0.0,0.0,0.0,West,2000/2001,ARATAKI ROAD,TE MATA ROAD,Non-Injury Crash,No,2000,East,0.0,,Flat,,,,,Dark,1466414.0,0.0,0.0,0.0,2.0,0.0,,,Hawke's Bay Region,Nil,2-way,Sealed,0.0,0.0,,70.0,,None,0.0,0.0,,30.0,Hastings District,Nil,,,,,0.0,0.0,Urban,1.0,,,Fine
395514,1913847.584,5587853.5747,545851.0,0.0,0.0,0.0,West,2019/2020,002-0691,TE AUTE TRUST ROAD,Minor Crash,Yes,2019,South,0.0,0.0,Hill Road,0.0,,0.0,0.0,Dark,1464600.0,1.0,0.0,0.0,2.0,0.0,0.0,,Hawke's Bay Region,Nil,2-way,Sealed,0.0,0.0,0.0,100.0,0.0,None,0.0,0.0,,30.0,Hastings District,Unknown,0.0,0.0,0.0,0.0,0.0,0.0,Open,1.0,0.0,0.0,Fine
283881,1932231.0,5601587.0,548810.0,0.0,0.0,1.0,East,2015/2016,TE AUTE ROAD,MANGARAU CRESCENT,Non-Injury Crash,No,2015,East,0.0,0.0,Flat,0.0,,0.0,0.0,Bright sun,1505000.0,0.0,0.0,0.0,2.0,0.0,0.0,,Hawke's Bay Region,Bridge,2-way,Sealed,0.0,0.0,0.0,50.0,0.0,Null,0.0,0.0,,30.0,Hastings District,Unknown,0.0,0.0,0.0,0.0,0.0,0.0,Urban,0.0,0.0,0.0,Fine
164074,1906905.0,5677222.0,545911.0,0.0,0.0,0.0,South,2012/2013,SH 5,WAIPUNGA NO2 BR,Non-Injury Crash,Yes,2013,South,0.0,0.0,Hill Road,0.0,,0.0,0.0,Overcast,1281200.0,0.0,0.0,0.0,2.0,0.0,0.0,,Hawke's Bay Region,Nil,2-way,Sealed,0.0,0.0,0.0,100.0,0.0,Null,0.0,0.0,,30.0,Hastings District,Nil,0.0,0.0,0.0,0.0,0.0,0.0,Open,1.0,0.0,0.0,Fine
698701,1934950.0,5607195.0,545722.0,0.0,0.0,0.0,West,2009/2010,PILCHER ROAD,LAWN ROAD,Non-Injury Crash,No,2010,East,0.0,0.0,Flat,0.0,,0.0,0.0,Twilight,1406400.0,0.0,0.0,0.0,2.0,0.0,0.0,,Hawke's Bay Region,Nil,2-way,Sealed,0.0,0.0,0.0,100.0,0.0,Off,1.0,0.0,,30.0,Hastings District,Nil,0.0,0.0,0.0,0.0,0.0,0.0,Open,0.0,0.0,0.0,Heavy rain
561508,1935291.0,5634015.0,545812.0,0.0,0.0,2.0,North,2010/2011,SH 2,WHIRINAKI ROAD,Non-Injury Crash,Yes,2011,North,0.0,,Flat,,Christmas New Year,,,Bright sun,1414903.0,0.0,0.0,0.0,2.0,0.0,,,Hawke's Bay Region,Nil,2-way,Sealed,0.0,0.0,,100.0,,Null,0.0,0.0,,30.0,Hastings District,Nil,,,,,0.0,0.0,Open,0.0,,,Fine
407352,1925864.4897,5608274.212,545710.0,0.0,0.0,0.0,West,2018/2019,OMAHU ROAD,CHATHAM ROAD,Serious Crash,No,2019,West,0.0,1.0,Flat,0.0,Queens Birthday,0.0,0.0,Overcast,1470900.0,0.0,0.0,0.0,2.0,0.0,0.0,,Hawke's Bay Region,Nil,2-way,Sealed,0.0,1.0,0.0,50.0,0.0,Off,1.0,0.0,,30.0,Hastings District,Unknown,0.0,0.0,0.0,0.0,0.0,0.0,Urban,0.0,0.0,0.0,Light rain
114816,1929179.0,5605159.0,548200.0,0.0,0.0,2.0,Null,2017/2018,SOUTHAMPTON ST WEST,SOUTHLAND ROAD,Non-Injury Crash,No,2018,South,0.0,,Flat,,,,,Bright sun,1488600.0,0.0,0.0,0.0,2.0,0.0,,,Hawke's Bay Region,Nil,2-way,Sealed,0.0,0.0,,50.0,,Null,0.0,0.0,,30.0,Hastings District,Give way,,,,,0.0,0.0,Urban,0.0,,,Fine
734055,1929956.0,5604530.0,548200.0,0.0,0.0,2.0,Null,2004/2005,HASTINGS ST SOUTH,EASTBOURNE ST EAST,Minor Crash,No,2005,North,0.0,,Flat,,,,,Overcast,1493200.0,1.0,0.0,0.0,2.0,0.0,,,Hawke's Bay Region,Nil,2-way,Sealed,0.0,0.0,,50.0,,Null,0.0,1.0,,30.0,Hastings District,Give way,,,,,0.0,0.0,Urban,0.0,,,Light rain
123405,1930025.0,5613749.0,545831.0,0.0,0.0,2.0,Null,2005/2006,SH 50,FRANKLIN ROAD,Non-Injury Crash,Yes,2006,East,0.0,0.0,Flat,0.0,,0.0,0.0,Overcast,1404600.0,0.0,0.0,0.0,2.0,0.0,0.0,,Hawke's Bay Region,Nil,2-way,Sealed,0.0,0.0,0.0,100.0,0.0,Null,0.0,0.0,,30.0,Hastings District,Stop,0.0,0.0,0.0,0.0,0.0,0.0,Open,0.0,0.0,0.0,Fine
518072,1932878.0,5608052.0,545721.0,0.0,0.0,1.0,South,2010/2011,RUAHAPIA ROAD,OTENE ROAD,Non-Injury Crash,No,2010,South,0.0,1.0,Flat,0.0,,0.0,0.0,Twilight,1471800.0,0.0,0.0,0.0,1.0,0.0,0.0,,Hawke's Bay Region,Nil,2-way,Sealed,0.0,0.0,0.0,100.0,0.0,None,0.0,0.0,,30.0,Hastings District,Nil,0.0,1.0,0.0,0.0,0.0,0.0,Open,0.0,0.0,0.0,Light rain
285393,1912404.0,5658370.0,545911.0,0.0,0.0,0.0,North,2009/2010,SH 5,MCVICAR ROAD,Non-Injury Crash,Yes,2010,South,0.0,,Hill Road,,,,,Bright sun,1414300.0,0.0,0.0,0.0,2.0,0.0,,,Hawke's Bay Region,Nil,2-way,Sealed,0.0,0.0,,100.0,,Null,0.0,0.0,,30.0,Hastings District,Nil,,,,,0.0,0.0,Open,1.0,,,Fine
217455,1919559.0,5613076.0,545821.0,0.0,0.0,1.0,West,2018/2019,TAIHAPE ROAD,OHITI ROAD,Minor Crash,No,2018,South,0.0,0.0,Flat,0.0,,0.0,0.0,Overcast,1408401.0,1.0,0.0,0.0,2.0,0.0,0.0,,Hawke's Bay Region,Nil,2-way,Sealed,0.0,0.0,0.0,100.0,0.0,Null,0.0,0.0,,30.0,Hastings District,Unknown,0.0,0.0,0.0,0.0,0.0,0.0,Open,0.0,0.0,0.0,Fine
130754,1932451.0,5606191.0,545721.0,0.0,0.0,1.0,North,2000/2001,SH 2,BENNETT ROAD,Minor Crash,Yes,2001,North,0.0,,Flat,,,,,Bright sun,1472300.0,1.0,0.0,0.0,2.0,0.0,,1.0,Hawke's Bay Region,Nil,2-way,Sealed,0.0,0.0,,70.0,,Null,0.0,0.0,,30.0,Hastings District,Nil,,,,,0.0,0.0,Urban,0.0,,,Fine
703102,1931477.0,5615020.0,545831.0,0.0,0.0,2.0,South,2005/2006,SH 50,MEEANEE ROAD,Non-Injury Crash,Yes,2006,North,0.0,,Flat,,,,,Twilight,1404600.0,0.0,0.0,0.0,2.0,0.0,,,Hawke's Bay Region,Bridge,2-way,Sealed,0.0,0.0,,100.0,,None,0.0,0.0,,30.0,Hastings District,Nil,,,,,0.0,0.0,Open,0.0,,,Heavy rain
16744,1929859.4059,5605278.6912,548200.0,0.0,0.0,2.0,Null,2020/2021,KING STREET NORTH,AVENUE ROAD WEST,Non-Injury Crash,No,2020,South,0.0,,Flat,,,,,Overcast,1491400.0,0.0,0.0,0.0,2.0,0.0,,,Hawke's Bay Region,Nil,2-way,Sealed,0.0,0.0,,50.0,,Off,0.0,0.0,,30.0,Hastings District,Stop,,,,,0.0,0.0,Urban,0.0,,,Fine
126007,1917984.3554,5653635.8544,545911.0,0.0,0.0,1.0,South,2019/2020,SH 5,TITIOKURA SUMMIT,Non-Injury Crash,Yes,2019,West,0.0,0.0,Hill Road,0.0,,0.0,0.0,Dark,1415900.0,0.0,0.0,0.0,3.0,0.0,0.0,,Hawke's Bay Region,Nil,2-way,Sealed,0.0,0.0,0.0,100.0,0.0,None,0.0,0.0,30.0,30.0,Hastings District,Nil,0.0,0.0,0.0,0.0,0.0,0.0,Open,0.0,0.0,0.0,Fine
677177,1930341.0,5604822.0,548200.0,0.0,0.0,1.0,Null,2009/2010,HASTINGS ST NORTH,ST AUBYN ST EAST,Non-Injury Crash,No,2010,North,0.0,,Flat,,,,,Overcast,1494400.0,0.0,0.0,0.0,2.0,0.0,,,Hawke's Bay Region,Nil,2-way,Sealed,0.0,0.0,,50.0,,Null,0.0,0.0,,30.0,Hastings District,Stop,,,,,0.0,0.0,Urban,1.0,,,Light rain
474574,1932052.0,5606172.0,545721.0,0.0,0.0,0.0,East,2016/2017,SH 2,ELWOOD ROAD,Non-Injury Crash,Yes,2017,East,0.0,1.0,Flat,0.0,,0.0,0.0,Dark,1472300.0,0.0,0.0,0.0,2.0,0.0,0.0,,Hawke's Bay Region,Nil,2-way,Sealed,0.0,0.0,0.0,70.0,0.0,On,0.0,0.0,,30.0,Hastings District,Unknown,0.0,0.0,0.0,0.0,0.0,0.0,Urban,1.0,0.0,0.0,Fine
667472,1923119.0,5610936.0,545710.0,0.0,0.0,1.0,North,2009/2010,SH 50,GORDON ST,Non-Injury Crash,Yes,2010,North,0.0,0.0,Flat,0.0,,0.0,0.0,Bright sun,1470400.0,0.0,0.0,0.0,2.0,0.0,0.0,,Hawke's Bay Region,Nil,2-way,Sealed,0.0,0.0,0.0,100.0,0.0,Null,0.0,0.0,,30.0,Hastings District,Nil,0.0,0.0,0.0,0.0,0.0,0.0,Open,1.0,0.0,0.0,Fine
191933,1928260.0,5610953.0,545710.0,0.0,0.0,1.0,West,2017/2018,NICHOLL ROAD,CARRICK ROAD,Non-Injury Crash,No,2017,West,0.0,0.0,Flat,0.0,,0.0,0.0,Dark,1470700.0,0.0,0.0,0.0,2.0,0.0,0.0,,Hawke's Bay Region,Nil,2-way,Sealed,0.0,0.0,0.0,50.0,0.0,None,0.0,0.0,,30.0,Hastings District,Unknown,0.0,0.0,0.0,0.0,0.0,0.0,Urban,0.0,0.0,1.0,Heavy rain
550506,1929548.0,5604672.0,548200.0,0.0,0.0,2.0,Null,2000/2001,SOUTHAMPTON ST WEST,RAILWAY ROAD,Non-Injury Crash,No,2000,South,0.0,,Flat,,,,,Overcast,1489700.0,0.0,0.0,0.0,2.0,0.0,,,Hawke's Bay Region,Nil,2-way,Sealed,0.0,0.0,,50.0,,Null,0.0,0.0,,30.0,Hastings District,Nil,,,,,0.0,0.0,Urban,0.0,,,Fine