OBJECTID,X,Y,areaUnitID,bicycle,bus,carStationWagon,crashDirectionDescription,crashFinancialYear,crashLocation1,crashLocation2,crashSeverity,crashSHDescription,crashYear,directionRoleDescription,fatalCount,fence,flatHill,guardRail,holiday,houseOrBuilding,kerb,light,meshblockId,minorInjuryCount,moped,motorcycle,NumberOfLanes,otherVehicleType,parkedVehicle,pedestrian,region,roadCharacter,roadLane,roadSurface,schoolBus,seriousInjuryCount,slipOrFlood,speedLimit,strayAnimal,streetLight,suv,taxi,temporarySpeedLimit,tlaId,tlaName,trafficControl,trafficIsland,trafficSign,train,tree,truck,unknownVehicleType,urban,vanOrUtility,vehicle,waterRiver,weatherA
470497,1926439.0,5606153.0,545761.0,0.0,0.0,1.0,East,2010/2011,YORK ROAD,SH 50A,Non-Injury Crash,No,2010,West,0.0,0.0,Flat,0.0,,0.0,0.0,Twilight,1469905.0,0.0,0.0,0.0,2.0,0.0,0.0,,Hawke's Bay Region,Nil,2-way,Unsealed,0.0,0.0,0.0,80.0,0.0,On,0.0,0.0,30.0,30.0,Hastings District,Nil,0.0,0.0,0.0,0.0,0.0,0.0,Open,0.0,0.0,0.0,Fine
369223,1930815.0,5603689.0,548100.0,0.0,0.0,1.0,North,2015/2016,HERETAUNGA ST EAST,WINDSOR AVENUE,Minor Crash,No,2015,North,0.0,,Flat,,,,,Overcast,1500300.0,1.0,1.0,0.0,2.0,0.0,,,Hawke's Bay Region,Nil,2-way,Sealed,0.0,0.0,,50.0,,On,0.0,0.0,,30.0,Hastings District,Unknown,,,,,0.0,0.0,Urban,0.0,,,Fine
469111,1929560.0,5605257.0,548200.0,0.0,0.0,0.0,Null,2009/2010,HERETAUNGA ST WEST,NELSON ST NORTH,Non-Injury Crash,No,2010,South,0.0,,Flat,,,,,Bright sun,1488900.0,0.0,0.0,0.0,2.0,0.0,,,Hawke's Bay Region,Nil,2-way,Sealed,0.0,0.0,,50.0,,Null,1.0,0.0,,30.0,Hastings District,Traffic Signals,,,,,0.0,0.0,Urban,1.0,,,Fine
583438,1928842.0,5603900.0,547900.0,0.0,0.0,1.0,Null,1999/2000,RAILWAY ROAD,MURDOCH ROAD WEST,Non-Injury Crash,No,2000,South,0.0,,Flat,,,,,Overcast,1482600.0,0.0,0.0,0.0,2.0,0.0,,,Hawke's Bay Region,Nil,2-way,Sealed,0.0,0.0,,70.0,,Null,0.0,0.0,,30.0,Hastings District,Stop,,,,,0.0,0.0,Urban,1.0,,,Fine
348563,1931525.0,5605857.0,548000.0,0.0,0.0,1.0,North,2010/2011,KARAMU ROAD NORTH,COLLINGE ROAD,Non-Injury Crash,No,2011,South,0.0,,Flat,,Christmas New Year,,,Overcast,1496700.0,0.0,0.0,0.0,2.0,0.0,,,Hawke's Bay Region,Nil,2-way,Sealed,0.0,0.0,,50.0,,Null,0.0,0.0,,30.0,Hastings District,Nil,,,,,0.0,0.0,Urban,1.0,,,Fine
436587,1930363.0,5606314.0,547600.0,0.0,0.0,2.0,South,2003/2004,TOMOANA ROAD,BURNETT ST,Non-Injury Crash,No,2003,North,0.0,,Flat,,,,,Bright sun,1484400.0,0.0,0.0,0.0,2.0,0.0,,,Hawke's Bay Region,Nil,2-way,Sealed,0.0,0.0,,50.0,,Null,0.0,0.0,,30.0,Hastings District,Nil,,,,,0.0,0.0,Urban,0.0,,,Fine
334367,1928939.0,5606397.0,547800.0,0.0,0.0,1.0,South,2001/2002,PAKOWHAI ROAD,IKANUI ROAD,Non-Injury Crash,No,2001,South,0.0,,Flat,,,,,Bright sun,1477800.0,0.0,0.0,0.0,2.0,0.0,,,Hawke's Bay Region,Nil,2-way,Sealed,0.0,0.0,,50.0,,Null,0.0,0.0,,30.0,Hastings District,Nil,,,,,1.0,0.0,Urban,0.0,,,Fine
30799,1933205.0,5602516.0,548831.0,0.0,0.0,2.0,Null,2001/2002,NAPIER ROAD,CROSSES ROAD,Non-Injury Crash,No,2001,North,0.0,,Flat,,,,,Bright sun,1509100.0,0.0,0.0,0.0,2.0,0.0,,,Hawke's Bay Region,Nil,2-way,Sealed,0.0,0.0,,50.0,,Null,0.0,0.0,,30.0,Hastings District,Stop,,,,,0.0,0.0,Urban,0.0,,,Fine
578651,1931024.0,5605576.0,548000.0,0.0,0.0,2.0,West,2009/2010,FREDERICK ST,KARAMU ROAD NORTH,Non-Injury Crash,No,2010,West,0.0,,Flat,,Easter,,,Overcast,1495700.0,0.0,0.0,0.0,2.0,0.0,,,Hawke's Bay Region,Nil,2-way,Sealed,0.0,0.0,,50.0,,Null,0.0,0.0,,30.0,Hastings District,Nil,,,,,0.0,0.0,Urban,0.0,,,Light rain
338231,1936122.0,5602148.0,545750.0,0.0,0.0,1.0,North,2014/2015,TE MATA MANGATERETERE ROA,TE MATA ROAD,Non-Injury Crash,No,2014,South,0.0,,Flat,,,,,Bright sun,1466501.0,0.0,0.0,0.0,2.0,0.0,,,Hawke's Bay Region,Nil,2-way,Sealed,0.0,0.0,,80.0,,Null,1.0,0.0,,30.0,Hastings District,Nil,,,,,0.0,0.0,Open,0.0,,,Fine
420774,1928982.0,5602949.0,545762.0,0.0,0.0,1.0,Null,2001/2002,RIVERSLEA ROAD SOUTH,TOLLEMACHE ROAD EAST,Non-Injury Crash,No,2002,North,0.0,,Flat,,,,,Bright sun,1468200.0,0.0,0.0,0.0,2.0,0.0,,,Hawke's Bay Region,Nil,2-way,Sealed,0.0,0.0,,100.0,,Null,0.0,0.0,,30.0,Hastings District,Give way,,,,,0.0,0.0,Open,1.0,,,Fine
330771,1929697.0,5605360.0,548200.0,0.0,0.0,2.0,North,2000/2001,NELSON ST NORTH,QUEEN ST WEST,Non-Injury Crash,No,2001,South,0.0,,Flat,,,,,Bright sun,1490800.0,0.0,0.0,0.0,2.0,0.0,,,Hawke's Bay Region,Nil,2-way,Sealed,0.0,0.0,,50.0,,Null,0.0,0.0,,30.0,Hastings District,Nil,,,,,0.0,0.0,Urban,0.0,,,Fine
383455,1929850.0,5605477.0,548200.0,0.0,0.0,1.0,Null,2013/2014,NELSON ST NORTH,ST AUBYN ST WEST,Non-Injury Crash,No,2014,North,0.0,,Flat,,,,,Bright sun,1490405.0,0.0,0.0,0.0,3.0,0.0,,,Hawke's Bay Region,Nil,2-way,Sealed,0.0,0.0,,50.0,,Null,0.0,0.0,,30.0,Hastings District,Traffic Signals,,,,,0.0,0.0,Urban,1.0,,,Fine
57580,1930727.0,5603732.0,548300.0,0.0,0.0,1.0,South,2008/2009,Z SHOP ACCESSWAY,LUMSDEN/HERETAUNGA,Minor Crash,No,2009,West,0.0,,Flat,,,,,Overcast,1502700.0,1.0,0.0,0.0,0.0,0.0,,1.0,Hawke's Bay Region,Nil,Off road,Sealed,0.0,0.0,,50.0,,Null,0.0,0.0,,30.0,Hastings District,Nil,,,,,0.0,0.0,Urban,0.0,,,Fine
302632,1933549.0,5603470.0,545750.0,0.0,0.0,2.0,North,2005/2006,NAPIER ROAD,THOMPSON ROAD,Non-Injury Crash,No,2005,South,0.0,,Flat,,,,,Twilight,1406600.0,0.0,0.0,0.0,2.0,0.0,,,Hawke's Bay Region,Nil,2-way,Sealed,0.0,0.0,,100.0,,Off,0.0,0.0,,30.0,Hastings District,Nil,,,,,0.0,0.0,Open,0.0,,,Fine
149167,1943444.9142,5659652.352999999,545911.0,0.0,0.0,1.0,North,2020/2021,SH 2,MATAHORUA ROAD,Non-Injury Crash,Yes,2020,North,0.0,0.0,Flat,0.0,,0.0,0.0,Dark,1416100.0,0.0,0.0,0.0,2.0,0.0,0.0,,Hawke's Bay Region,Nil,2-way,Sealed,0.0,0.0,0.0,100.0,0.0,None,0.0,0.0,,30.0,Hastings District,Unknown,0.0,0.0,0.0,0.0,0.0,0.0,Open,0.0,0.0,0.0,Fine
12796,1931563.0,5602891.0,545721.0,0.0,0.0,1.0,Null,2001/2002,HAVELOCK ROAD,ST GEORGES ROAD,Minor Crash,No,2001,East,0.0,,Flat,,Christmas New Year,,,Bright sun,1472900.0,1.0,0.0,0.0,4.0,0.0,,,Hawke's Bay Region,Nil,2-way,Sealed,0.0,0.0,,70.0,,Null,0.0,0.0,,30.0,Hastings District,Give way,,,,,0.0,0.0,Urban,1.0,,,Fine
194006,1925848.0,5613173.0,545821.0,0.0,0.0,1.0,West,2004/2005,SH 50,OMARUNUI ROAD,Fatal Crash,Yes,2005,East,1.0,1.0,Flat,0.0,,0.0,0.0,Twilight,1408600.0,3.0,0.0,1.0,2.0,0.0,0.0,,Hawke's Bay Region,Nil,2-way,Sealed,0.0,0.0,0.0,100.0,0.0,None,0.0,0.0,,30.0,Hastings District,Nil,0.0,0.0,0.0,1.0,0.0,0.0,Open,0.0,0.0,0.0,Fine
647045,1924437.304,5607196.4632,548612.0,0.0,0.0,1.0,East,2018/2019,CHATHAM ROAD,CABOT PLACE,Non-Injury Crash,No,2019,South,0.0,1.0,Flat,0.0,,0.0,1.0,Bright sun,1474400.0,0.0,0.0,0.0,2.0,0.0,0.0,,Hawke's Bay Region,Nil,2-way,Sealed,0.0,0.0,0.0,50.0,0.0,Off,0.0,0.0,,30.0,Hastings District,Unknown,0.0,0.0,0.0,0.0,0.0,0.0,Urban,0.0,0.0,0.0,Fine
625709,1930935.0,5613540.0,545831.0,0.0,0.0,2.0,Null,2007/2008,SH 50A,SH 50 LINKS ROAD,Non-Injury Crash,Yes,2008,North,0.0,0.0,Flat,0.0,,0.0,0.0,Dark,1404600.0,0.0,0.0,0.0,2.0,0.0,1.0,,Hawke's Bay Region,Nil,2-way,Sealed,0.0,0.0,0.0,100.0,0.0,On,0.0,0.0,,30.0,Hastings District,Give way,0.0,0.0,0.0,0.0,0.0,0.0,Open,0.0,0.0,0.0,Fine
162373,1924273.5443,5608141.8202,548611.0,0.0,0.0,1.0,North,2019/2020,KIRKWOOD ROAD,NORTHLEE PLACE,Serious Crash,No,2020,South,0.0,1.0,Flat,0.0,,0.0,0.0,Bright sun,1469706.0,0.0,0.0,0.0,2.0,0.0,0.0,,Hawke's Bay Region,Nil,2-way,Sealed,0.0,1.0,0.0,50.0,0.0,Off,0.0,0.0,,30.0,Hastings District,Nil,0.0,0.0,0.0,0.0,0.0,0.0,Urban,0.0,0.0,0.0,Fine
373036,1923201.6476,5610831.4024,545710.0,0.0,0.0,1.0,North,2019/2020,SH 50,GORDON STREET,Non-Injury Crash,Yes,2020,South,0.0,2.0,Flat,0.0,,0.0,0.0,Bright sun,1469703.0,0.0,0.0,0.0,2.0,0.0,0.0,,Hawke's Bay Region,Nil,2-way,Sealed,0.0,0.0,0.0,50.0,0.0,Null,0.0,0.0,,30.0,Hastings District,Nil,0.0,0.0,0.0,0.0,0.0,1.0,Urban,0.0,0.0,0.0,Null
156382,1935254.0,5603595.0,545750.0,0.0,0.0,0.0,North,2002/2003,BROOKVALE ROAD,ARATAKI ROAD,Serious Crash,No,2003,South,0.0,0.0,Flat,0.0,,0.0,0.0,Dark,1466300.0,0.0,0.0,1.0,2.0,0.0,0.0,,Hawke's Bay Region,Nil,2-way,Sealed,0.0,1.0,0.0,100.0,0.0,None,0.0,0.0,,30.0,Hastings District,Nil,0.0,0.0,0.0,0.0,0.0,0.0,Open,0.0,0.0,0.0,Fine
472825,1936458.0,5609908.0,545730.0,0.0,0.0,1.0,Null,2012/2013,RICHMOND ROAD,MILL ROAD,Non-Injury Crash,No,2012,North,0.0,0.0,Flat,0.0,,0.0,0.0,Bright sun,1405403.0,0.0,0.0,0.0,2.0,0.0,0.0,,Hawke's Bay Region,Nil,2-way,Sealed,0.0,0.0,0.0,100.0,0.0,Null,0.0,0.0,,30.0,Hastings District,Stop,0.0,0.0,0.0,0.0,0.0,0.0,Open,0.0,0.0,0.0,Fine
108899,1939157.0,5607191.0,545740.0,0.0,0.0,1.0,East,2005/2006,EAST ROAD,PARKHILL ROAD,Non-Injury Crash,No,2006,East,0.0,0.0,Flat,0.0,,0.0,0.0,Dark,1407800.0,0.0,0.0,0.0,2.0,0.0,0.0,,Hawke's Bay Region,Nil,2-way,Sealed,0.0,0.0,0.0,100.0,0.0,On,0.0,0.0,,30.0,Hastings District,Nil,0.0,0.0,0.0,0.0,0.0,0.0,Open,0.0,0.0,0.0,Fine
392700,1929289.0,5605615.0,547700.0,0.0,0.0,2.0,South,2010/2011,HERETAUNGA ST WEST,LOVEDALE ROAD,Non-Injury Crash,No,2010,South,0.0,,Flat,,,,,Overcast,1487900.0,0.0,0.0,0.0,2.0,0.0,,,Hawke's Bay Region,Nil,2-way,Sealed,0.0,0.0,,50.0,,Null,1.0,0.0,,30.0,Hastings District,Nil,,,,,0.0,0.0,Urban,0.0,,,Fine
414898,1933354.0,5601989.0,548831.0,0.0,0.0,1.0,Null,2004/2005,TE MATA ROAD,DANVERS ST,Non-Injury Crash,No,2004,West,0.0,,Flat,,,,,Twilight,1509900.0,0.0,0.0,0.0,2.0,0.0,,,Hawke's Bay Region,Nil,2-way,Sealed,0.0,0.0,,50.0,,On,0.0,0.0,,30.0,Hastings District,Nil,,,,,0.0,0.0,Urban,1.0,,,Fine
619604,1935911.0,5645535.0,545811.0,0.0,0.0,0.0,Null,2010/2011,SH 2,KAIWAKA ROAD,Minor Crash,Yes,2010,North,0.0,0.0,Hill Road,0.0,Christmas New Year,0.0,0.0,Bright sun,1415600.0,1.0,0.0,0.0,2.0,0.0,0.0,,Hawke's Bay Region,Nil,2-way,Sealed,0.0,0.0,0.0,100.0,0.0,Null,0.0,0.0,,30.0,Hastings District,Nil,0.0,0.0,0.0,0.0,0.0,0.0,Open,1.0,0.0,0.0,Fine
528604,1930218.0,5604367.0,548300.0,0.0,0.0,1.0,Null,2009/2010,HERETAUNGA ST EAST,WILLOWPARK ROAD SOUTH,Non-Injury Crash,No,2009,West,0.0,1.0,Flat,0.0,,0.0,0.0,Dark,1501500.0,0.0,0.0,0.0,2.0,0.0,0.0,,Hawke's Bay Region,Nil,2-way,Sealed,0.0,0.0,0.0,50.0,0.0,On,0.0,0.0,,30.0,Hastings District,Give way,1.0,0.0,0.0,0.0,0.0,0.0,Urban,0.0,0.0,0.0,Fine
424359,1931022.0,5613782.0,545831.0,0.0,0.0,0.0,Null,2005/2006,SH 50,PAKOWHAI ON SBD,Minor Crash,Yes,2006,South,0.0,,Flat,,,,,Bright sun,1404600.0,1.0,0.0,0.0,4.0,0.0,,,Hawke's Bay Region,Nil,2-way,Sealed,0.0,0.0,,100.0,,Null,1.0,0.0,,30.0,Hastings District,Traffic Signals,,,,,1.0,0.0,Open,0.0,,,Fine
51887,1933134.0,5602321.0,548831.0,0.0,0.0,2.0,Null,2000/2001,NAPIER ROAD,ST HILL LANE,Non-Injury Crash,No,2001,South,0.0,,Flat,,,,,Dark,1509100.0,0.0,0.0,0.0,2.0,0.0,,,Hawke's Bay Region,Nil,2-way,Sealed,0.0,0.0,,50.0,,Off,0.0,0.0,,30.0,Hastings District,Nil,,,,,0.0,0.0,Urban,0.0,,,Fine
76085,1935279.0,5603471.0,545750.0,0.0,0.0,0.0,North,1999/2000,BROOKVALE ROAD,ARATAKI ROAD,Minor Crash,No,2000,North,0.0,,Flat,,,,,Bright sun,1466300.0,1.0,0.0,1.0,1.0,0.0,,,Hawke's Bay Region,Bridge,2-way,Sealed,0.0,0.0,,100.0,,Null,0.0,0.0,,30.0,Hastings District,Nil,,,,,0.0,0.0,Open,0.0,,,Fine
301349,1933006.5843,5607086.2647,545721.0,0.0,0.0,1.0,North,2018/2019,RUAHAPIA ROAD,SH 2,Minor Crash,No,2019,South,0.0,1.0,Flat,0.0,,0.0,0.0,Dark,1471800.0,2.0,0.0,0.0,2.0,0.0,0.0,,Hawke's Bay Region,Nil,2-way,Sealed,0.0,0.0,0.0,80.0,0.0,Off,0.0,0.0,,30.0,Hastings District,Unknown,0.0,0.0,0.0,0.0,0.0,0.0,Open,0.0,0.0,0.0,Fine
707278,1930891.0,5604884.0,548100.0,0.0,0.0,2.0,Null,2018/2019,WILLOWPARK ROAD NORTH,ALEXANDRA ST,Minor Crash,No,2018,West,0.0,,Flat,,,,,Overcast,1499100.0,1.0,0.0,0.0,2.0,0.0,,,Hawke's Bay Region,Nil,2-way,Sealed,0.0,0.0,,50.0,,Null,0.0,0.0,,30.0,Hastings District,Stop,,,,,0.0,0.0,Urban,0.0,,,Heavy rain
49463,1937796.0,5610724.0,545730.0,0.0,0.0,1.0,Null,2009/2010,GREY ST,STAFFORD ST,Non-Injury Crash,No,2009,South,0.0,1.0,Flat,0.0,,0.0,0.0,Dark,1405100.0,0.0,0.0,0.0,2.0,0.0,0.0,,Hawke's Bay Region,Nil,2-way,Sealed,0.0,0.0,0.0,100.0,0.0,None,0.0,0.0,,30.0,Hastings District,Nil,0.0,0.0,0.0,0.0,0.0,0.0,Open,0.0,0.0,0.0,Light rain
198897,1925321.0,5599568.0,545852.0,0.0,0.0,1.0,Null,2005/2006,SH 2,TE AUTE ROAD,Minor Crash,Yes,2005,North,0.0,,Flat,,,,,Bright sun,1469600.0,3.0,0.0,0.0,4.0,0.0,,,Hawke's Bay Region,Nil,2-way,Sealed,0.0,0.0,,100.0,,Null,0.0,0.0,,30.0,Hastings District,Give way,,,,,0.0,0.0,Open,1.0,,,Fine
55087,1929912.0,5604825.0,548200.0,0.0,0.0,2.0,North,2009/2010,KARAMU ROAD NORTH,HERETAUNGA ST EAST,Non-Injury Crash,No,2009,North,0.0,0.0,Flat,0.0,,0.0,0.0,Bright sun,1492700.0,0.0,0.0,0.0,2.0,0.0,0.0,,Hawke's Bay Region,Nil,2-way,Sealed,0.0,0.0,0.0,50.0,0.0,Null,0.0,0.0,,30.0,Hastings District,Nil,0.0,0.0,0.0,0.0,0.0,0.0,Urban,0.0,1.0,0.0,Fine
593567,1934451.0,5602453.0,548831.0,0.0,0.0,2.0,South,2009/2010,RUSSELL ROBERTSON DRIVE,SCOTT PLACE,Non-Injury Crash,No,2010,South,0.0,,Flat,,Easter,,,Overcast,1466408.0,0.0,0.0,0.0,2.0,0.0,,,Hawke's Bay Region,Nil,2-way,Sealed,0.0,0.0,,50.0,,Null,0.0,0.0,,30.0,Hastings District,Nil,,,,,0.0,0.0,Urban,0.0,,,Light rain
503401,1930033.0,5604425.0,548200.0,0.0,0.0,2.0,South,2012/2013,EASTBOURNE ST EAST,HASTINGS ST SOUTH,Non-Injury Crash,No,2012,South,0.0,,Flat,,,,,Bright sun,1493800.0,0.0,0.0,0.0,2.0,0.0,,,Hawke's Bay Region,Nil,2-way,Sealed,0.0,0.0,,50.0,,Null,0.0,0.0,,30.0,Hastings District,Nil,,,,,0.0,0.0,Urban,0.0,,,Fine
364064,1931621.4465,5608408.4777,545721.0,0.0,0.0,2.0,Null,2020/2021,ELWOOD ROAD,PAKOWHAI ROAD,Non-Injury Crash,No,2020,North,0.0,,Flat,,,,,Bright sun,1471600.0,0.0,0.0,0.0,2.0,0.0,,,Hawke's Bay Region,Nil,2-way,Sealed,0.0,0.0,,80.0,,Off,0.0,0.0,,30.0,Hastings District,Stop,,,,,0.0,0.0,Open,0.0,,,Fine
661500,1934585.0,5633079.0,545812.0,0.0,0.0,1.0,South,2015/2016,SH 2,NORTH SHORE ROAD,Minor Crash,Yes,2016,North,0.0,,Flat,,,,,Dark,1414905.0,1.0,0.0,0.0,2.0,0.0,,,Hawke's Bay Region,Nil,2-way,Sealed,0.0,0.0,,100.0,,None,0.0,0.0,,30.0,Hastings District,Unknown,,,,,0.0,0.0,Open,0.0,,,Fine
73016,1929824.0,5608404.0,545710.0,0.0,0.0,1.0,East,2012/2013,EVENDEN ROAD,PERCIVAL ROAD,Non-Injury Crash,No,2012,South,0.0,0.0,Flat,0.0,,0.0,0.0,Overcast,1471300.0,0.0,0.0,0.0,2.0,0.0,0.0,,Hawke's Bay Region,Nil,2-way,Sealed,0.0,0.0,0.0,100.0,0.0,Null,0.0,0.0,,30.0,Hastings District,Nil,0.0,0.0,0.0,1.0,0.0,0.0,Open,0.0,0.0,0.0,Fine
632626,1921970.0,5641011.0,545811.0,0.0,0.0,1.0,South,2001/2002,SH 5,ELAND STN ENT,Serious Crash,Yes,2002,North,0.0,,Hill Road,,,,,Overcast,1414600.0,1.0,0.0,0.0,2.0,0.0,,,Hawke's Bay Region,Nil,2-way,Sealed,0.0,3.0,,100.0,,Null,0.0,0.0,,30.0,Hastings District,Nil,,,,,0.0,0.0,Open,1.0,,,Fine
707726,1932274.0,5609028.0,545721.0,0.0,0.0,1.0,Null,2017/2018,PAKOWHAI ROAD,RUAHAPIA ROAD,Minor Crash,No,2017,North,0.0,,Flat,,,,,Overcast,1471600.0,1.0,0.0,1.0,3.0,0.0,,,Hawke's Bay Region,Nil,2-way,Sealed,0.0,0.0,,80.0,,Null,0.0,0.0,,30.0,Hastings District,Give way,,,,,0.0,0.0,Open,0.0,,,Fine
555714,1925063.0,5606925.0,548620.0,0.0,0.0,1.0,Null,2004/2005,Z CPK FLAXMERE SHOPPING,SWANSON ROAD,Minor Crash,No,2004,South,0.0,,Flat,,,,,Twilight,1473700.0,1.0,0.0,0.0,0.0,0.0,,1.0,Hawke's Bay Region,Nil,Off road,Sealed,0.0,0.0,,50.0,,Off,0.0,0.0,,30.0,Hastings District,Nil,,,,,0.0,0.0,Urban,0.0,,,Fine
413647,1924953.0,5599922.0,545852.0,0.0,0.0,1.0,West,2003/2004,SH 50A,MIRIAMA ROAD,Non-Injury Crash,Yes,2004,East,0.0,,Flat,,,,,Overcast,1469600.0,0.0,0.0,0.0,2.0,0.0,,,Hawke's Bay Region,Nil,2-way,Sealed,0.0,0.0,,70.0,,Null,0.0,0.0,,30.0,Hastings District,Nil,,,,,0.0,0.0,Urban,1.0,,,Light rain
691931,1912199.0,5658822.0,545911.0,0.0,0.0,2.0,West,2000/2001,SH 5,MCVICAR ROAD,Non-Injury Crash,Yes,2001,South,0.0,,Hill Road,,Easter,,,Dark,1414300.0,0.0,0.0,0.0,2.0,0.0,,,Hawke's Bay Region,Nil,2-way,Sealed,0.0,0.0,,100.0,,None,0.0,0.0,,30.0,Hastings District,Nil,,,,,0.0,0.0,Open,0.0,,,Light rain
725167,1927183.0,5607090.0,545761.0,0.0,0.0,0.0,South,2009/2010,SH 50A,OMAHU ROAD,Non-Injury Crash,Yes,2009,North,0.0,0.0,Flat,0.0,,0.0,0.0,Overcast,1469905.0,0.0,0.0,0.0,2.0,0.0,0.0,,Hawke's Bay Region,Nil,2-way,Sealed,0.0,0.0,0.0,100.0,0.0,Null,0.0,0.0,,30.0,Hastings District,Nil,0.0,0.0,0.0,0.0,1.0,0.0,Open,1.0,0.0,0.0,Fine
166282,1938892.0,5607050.0,545740.0,0.0,0.0,1.0,Null,2018/2019,EAST ROAD,PARKHILL ROAD,Minor Crash,No,2018,South,0.0,0.0,Flat,1.0,,0.0,0.0,Dark,1407600.0,1.0,0.0,0.0,2.0,0.0,0.0,,Hawke's Bay Region,Nil,2-way,Sealed,0.0,0.0,0.0,100.0,0.0,None,0.0,0.0,,30.0,Hastings District,Nil,0.0,0.0,0.0,0.0,0.0,0.0,Open,0.0,0.0,0.0,Fine
214046,1936616.0,5612331.0,545832.0,0.0,0.0,2.0,South,2003/2004,SH 2,NGARURORO BR,Minor Crash,Yes,2004,South,0.0,,Flat,,,,,Bright sun,1404200.0,1.0,0.0,0.0,2.0,0.0,,,Hawke's Bay Region,Nil,2-way,Sealed,0.0,0.0,,100.0,,Null,0.0,0.0,,30.0,Hastings District,Nil,,,,,0.0,0.0,Open,0.0,,,Fine
231514,1930948.0,5607843.0,545721.0,0.0,0.0,1.0,South,2017/2018,RICHMOND ROAD,PAKOWHAI ROAD,Non-Injury Crash,No,2018,North,0.0,1.0,Flat,0.0,Queens Birthday,0.0,0.0,Dark,1471500.0,0.0,0.0,0.0,2.0,0.0,0.0,,Hawke's Bay Region,Nil,2-way,Sealed,0.0,0.0,0.0,80.0,0.0,None,0.0,0.0,,30.0,Hastings District,Unknown,0.0,0.0,0.0,0.0,0.0,0.0,Open,0.0,0.0,0.0,Fine
360910,1927746.0,5606932.0,548500.0,0.0,0.0,1.0,East,2008/2009,ORCHARD ROAD,STONYCROFT ST,Non-Injury Crash,No,2009,East,0.0,,Flat,,,,,Bright sun,1478500.0,0.0,0.0,0.0,2.0,0.0,,,Hawke's Bay Region,Nil,2-way,Sealed,0.0,0.0,,50.0,,Null,1.0,0.0,,30.0,Hastings District,Nil,,,,,0.0,0.0,Urban,0.0,,,Fine
354132,1931685.0,5604756.0,548000.0,0.0,0.0,0.0,Null,2008/2009,JELLICOE ST,ANSON ST,Non-Injury Crash,No,2009,East,0.0,1.0,Flat,0.0,,1.0,0.0,Overcast,1498600.0,0.0,0.0,0.0,2.0,0.0,0.0,,Hawke's Bay Region,Nil,2-way,Sealed,0.0,0.0,0.0,50.0,0.0,Null,0.0,0.0,,30.0,Hastings District,Give way,0.0,0.0,0.0,0.0,0.0,0.0,Urban,1.0,0.0,0.0,Fine
232807,1924369.2003,5609237.2829,545710.0,0.0,0.0,1.0,Null,2019/2020,OMAHU ROAD,KIRKWOOD ROAD,Non-Injury Crash,No,2019,North,0.0,1.0,Flat,0.0,,0.0,0.0,Dark,1470600.0,0.0,0.0,0.0,2.0,0.0,0.0,,Hawke's Bay Region,Nil,2-way,Sealed,0.0,0.0,0.0,70.0,0.0,On,0.0,0.0,,30.0,Hastings District,Give way,0.0,0.0,0.0,0.0,0.0,0.0,Urban,0.0,0.0,0.0,Light rain
215490,1930334.0,5607269.0,545721.0,0.0,0.0,1.0,Null,2003/2004,WILLIAMS ST,KAURI ST,Non-Injury Crash,No,2004,South,0.0,0.0,Flat,0.0,Christmas New Year,0.0,0.0,Dark,1471401.0,0.0,0.0,0.0,2.0,0.0,0.0,,Hawke's Bay Region,Nil,2-way,Sealed,0.0,0.0,0.0,50.0,0.0,On,0.0,0.0,,30.0,Hastings District,Nil,0.0,1.0,0.0,0.0,0.0,0.0,Urban,0.0,0.0,0.0,Fine
109193,1923814.0,5589751.0,545851.0,0.0,0.0,1.0,South,2001/2002,MIDDLE ROAD,BLIND ROAD,Non-Injury Crash,No,2001,South,0.0,0.0,Flat,0.0,,0.0,0.0,Bright sun,1465903.0,0.0,0.0,0.0,2.0,0.0,0.0,,Hawke's Bay Region,Nil,2-way,Sealed,0.0,0.0,0.0,100.0,0.0,Null,0.0,0.0,,30.0,Hastings District,Nil,0.0,0.0,0.0,0.0,0.0,0.0,Open,0.0,0.0,0.0,Fine
127303,1931586.0,5605893.0,545721.0,0.0,0.0,0.0,South,1999/2000,KARAMU ROAD NORTH,KENILWORTH ROAD,Non-Injury Crash,No,2000,North,0.0,,Flat,,Easter,,,Dark,1472403.0,0.0,0.0,0.0,2.0,0.0,,,Hawke's Bay Region,Nil,2-way,Sealed,0.0,0.0,,50.0,,On,0.0,0.0,,30.0,Hastings District,Nil,,,,,0.0,0.0,Urban,1.0,,,Fine
390577,1930127.0,5609504.0,545710.0,0.0,0.0,1.0,South,2006/2007,SH 50A,NGARURORO BR,Non-Injury Crash,Yes,2006,South,0.0,,Flat,,,,,Overcast,1471100.0,0.0,0.0,0.0,2.0,0.0,,,Hawke's Bay Region,Nil,2-way,Sealed,0.0,0.0,,100.0,,Null,0.0,0.0,,30.0,Hastings District,Nil,,,,,0.0,0.0,Open,0.0,,,Fine
520620,1929878.0,5605947.0,547700.0,0.0,0.0,2.0,Null,2003/2004,FITZROY AVENUE,TOMOANA ROAD,Minor Crash,No,2004,East,0.0,,Flat,,,,,Dark,1488400.0,1.0,0.0,0.0,2.0,0.0,,,Hawke's Bay Region,Nil,2-way,Sealed,0.0,0.0,,50.0,,On,0.0,0.0,,30.0,Hastings District,Give way,,,,,0.0,0.0,Urban,0.0,,,Fine