OBJECTID,X,Y,areaUnitID,bicycle,bus,carStationWagon,crashDirectionDescription,crashFinancialYear,crashLocation1,crashLocation2,crashSeverity,crashSHDescription,crashYear,directionRoleDescription,fatalCount,fence,flatHill,guardRail,holiday,houseOrBuilding,kerb,light,meshblockId,minorInjuryCount,moped,motorcycle,NumberOfLanes,otherVehicleType,parkedVehicle,pedestrian,region,roadCharacter,roadLane,roadSurface,schoolBus,seriousInjuryCount,slipOrFlood,speedLimit,strayAnimal,streetLight,suv,taxi,temporarySpeedLimit,tlaId,tlaName,trafficControl,trafficIsland,trafficSign,train,tree,truck,unknownVehicleType,urban,vanOrUtility,vehicle,waterRiver,weatherA
595887,1929993.0,5604885.0,548200.0,0.0,0.0,1.0,Null,2006/2007,KARAMU ROAD NORTH,QUEEN ST EAST,Non-Injury Crash,No,2007,East,0.0,,Flat,,,,,Dark,1492800.0,0.0,0.0,0.0,2.0,0.0,,,Hawke's Bay Region,Nil,2-way,Sealed,0.0,0.0,,50.0,,On,1.0,0.0,,30.0,Hastings District,Traffic Signals,,,,,0.0,0.0,Urban,0.0,,,Fine
411014,1929851.0,5605477.0,548200.0,0.0,0.0,2.0,Null,2002/2003,ST AUBYN ST WEST,NELSON ST NORTH,Minor Crash,No,2003,West,0.0,,Flat,,,,,Overcast,1491000.0,1.0,0.0,0.0,4.0,0.0,,,Hawke's Bay Region,Nil,2-way,Sealed,0.0,0.0,,50.0,,Null,0.0,0.0,,30.0,Hastings District,Traffic Signals,,,,,0.0,0.0,Urban,0.0,,,Light rain
270608,1929464.0,5605185.0,548200.0,0.0,0.0,2.0,Null,2005/2006,NELSON ST SOUTH,EASTBOURNE ST WEST,Non-Injury Crash,No,2005,West,0.0,,Flat,,,,,Overcast,1488900.0,0.0,0.0,0.0,2.0,0.0,,,Hawke's Bay Region,Nil,2-way,Sealed,0.0,0.0,,50.0,,Null,0.0,0.0,,30.0,Hastings District,Give way,,,,,0.0,0.0,Urban,0.0,,,Light rain
635575,1941196.0,5591390.0,545860.0,0.0,0.0,0.0,North,2016/2017,WAIMARAMA ROAD,WAIPUKA ROAD,Non-Injury Crash,No,2017,North,0.0,,Flat,,,,,Bright sun,1467600.0,0.0,0.0,0.0,2.0,0.0,,,Hawke's Bay Region,Nil,2-way,Sealed,0.0,0.0,,100.0,,Null,0.0,0.0,,30.0,Hastings District,Unknown,,,,,0.0,0.0,Open,1.0,,,Fine
656741,1926429.0,5604478.0,545842.0,0.0,0.0,1.0,Null,2003/2004,MARAEKAKAHO ROAD,IRONGATE ROAD,Non-Injury Crash,No,2004,North,0.0,,Flat,,,,,Overcast,1468903.0,0.0,0.0,0.0,2.0,0.0,,,Hawke's Bay Region,Nil,2-way,Sealed,0.0,0.0,,100.0,,Null,0.0,0.0,,30.0,Hastings District,Give way,,,,,1.0,0.0,Open,0.0,,,Fine
486276,1926517.0,5604544.0,545842.0,0.0,0.0,1.0,North,2007/2008,MARAEKAKAHO ROAD,IRONGATE ROAD,Non-Injury Crash,No,2007,North,0.0,1.0,Flat,0.0,,0.0,0.0,Bright sun,1468903.0,0.0,0.0,0.0,2.0,0.0,0.0,,Hawke's Bay Region,Nil,2-way,Sealed,0.0,0.0,0.0,100.0,0.0,Null,0.0,0.0,,30.0,Hastings District,Nil,0.0,0.0,0.0,0.0,0.0,0.0,Open,0.0,0.0,0.0,Fine
451585,1934036.0,5600143.0,548832.0,0.0,0.0,2.0,South,2002/2003,TAUROA ROAD,TOKOMARU DRIVE,Minor Crash,No,2002,East,0.0,,Hill Road,,Labour Weekend,,,Twilight,1508004.0,1.0,0.0,0.0,2.0,0.0,,,Hawke's Bay Region,Nil,2-way,Sealed,0.0,0.0,,50.0,,None,0.0,0.0,,30.0,Hastings District,Nil,,,,,0.0,0.0,Urban,0.0,,,Fine
68149,1930149.0,5604677.0,548200.0,0.0,0.0,1.0,Null,2002/2003,HASTINGS ST NORTH,QUEEN ST EAST,Non-Injury Crash,No,2002,South,0.0,,Flat,,,,,Overcast,1493400.0,0.0,0.0,0.0,2.0,0.0,,,Hawke's Bay Region,Nil,2-way,Sealed,0.0,0.0,,50.0,,On,0.0,0.0,,30.0,Hastings District,Give way,,,,,0.0,0.0,Urban,1.0,,,Heavy rain
358774,1923151.0,5604055.0,545842.0,0.0,0.0,1.0,Null,2007/2008,MARAEKAKAHO ROAD,MANGAROA ROAD,Non-Injury Crash,No,2007,West,0.0,,Flat,,,,,Overcast,1470218.0,0.0,0.0,0.0,2.0,0.0,,,Hawke's Bay Region,Nil,2-way,Sealed,0.0,0.0,,100.0,,Null,0.0,0.0,,30.0,Hastings District,Give way,,,,,0.0,0.0,Open,1.0,,,Light rain
158654,1938033.0,5608019.0,545740.0,0.0,0.0,1.0,South,2016/2017,TUKITUKI ROAD,HAUMOANA ROAD,Minor Crash,No,2017,North,0.0,0.0,Flat,0.0,,0.0,0.0,Bright sun,1407600.0,1.0,0.0,0.0,2.0,0.0,0.0,,Hawke's Bay Region,Nil,2-way,Sealed,0.0,0.0,0.0,100.0,0.0,Null,0.0,0.0,,30.0,Hastings District,Unknown,0.0,0.0,0.0,0.0,0.0,0.0,Open,0.0,0.0,0.0,Fine
147645,1925124.0,5607599.0,548620.0,0.0,0.0,1.0,Null,2002/2003,CHATHAM ROAD,FLAXMERE AVENUE,Non-Injury Crash,No,2003,South,0.0,0.0,Flat,0.0,,0.0,0.0,Dark,1474203.0,0.0,0.0,0.0,2.0,0.0,0.0,,Hawke's Bay Region,Nil,2-way,Sealed,0.0,0.0,0.0,50.0,0.0,On,0.0,0.0,,30.0,Hastings District,Give way,1.0,0.0,0.0,0.0,0.0,0.0,Urban,0.0,0.0,0.0,Light rain
40617,1925321.0,5599568.0,545852.0,0.0,0.0,2.0,Null,2000/2001,SH 2,PAKIPAKI ROAD,Non-Injury Crash,Yes,2000,North,0.0,,Flat,,,,,Bright sun,1469600.0,0.0,0.0,0.0,2.0,0.0,,,Hawke's Bay Region,Nil,2-way,Sealed,0.0,0.0,,100.0,,Null,0.0,0.0,,30.0,Hastings District,Give way,,,,,0.0,0.0,Open,0.0,,,Fine
201428,1927649.0,5607451.0,548400.0,0.0,0.0,1.0,East,2016/2017,SH 50A,OMAHU ROAD,Non-Injury Crash,Yes,2016,East,0.0,,Flat,,,,,Bright sun,1473600.0,0.0,0.0,0.0,2.0,0.0,,,Hawke's Bay Region,Nil,2-way,Sealed,0.0,0.0,,100.0,,Null,0.0,0.0,50.0,30.0,Hastings District,Unknown,,,,,1.0,0.0,Open,0.0,,,Fine
103595,1923352.0,5610218.0,545710.0,0.0,0.0,1.0,Null,2008/2009,OMAHU ROAD,SH 50,Non-Injury Crash,No,2009,North,0.0,,Flat,,Queens Birthday,,,Bright sun,1470500.0,0.0,0.0,0.0,2.0,0.0,,,Hawke's Bay Region,Nil,2-way,Sealed,0.0,0.0,,100.0,,Null,0.0,0.0,,30.0,Hastings District,Give way,,,,,0.0,0.0,Open,1.0,,,Fine
13427,1936365.0,5608404.0,545722.0,0.0,0.0,1.0,South,2007/2008,LAWN ROAD,MILL ROAD,Minor Crash,No,2007,South,0.0,0.0,Flat,0.0,,0.0,0.0,Dark,1406501.0,3.0,0.0,0.0,2.0,0.0,0.0,,Hawke's Bay Region,Nil,2-way,Sealed,0.0,0.0,0.0,100.0,0.0,None,0.0,0.0,,30.0,Hastings District,Nil,0.0,0.0,0.0,0.0,0.0,0.0,Open,0.0,0.0,0.0,Heavy rain
299889,1932980.0,5602102.0,548831.0,0.0,0.0,1.0,North,2006/2007,NAPIER ROAD,KARANEMA ROAD,Minor Crash,No,2006,North,0.0,0.0,Flat,0.0,,0.0,0.0,Overcast,1509100.0,1.0,0.0,0.0,2.0,0.0,1.0,,Hawke's Bay Region,Nil,2-way,Sealed,0.0,0.0,0.0,50.0,0.0,Null,0.0,0.0,,30.0,Hastings District,Nil,0.0,0.0,0.0,0.0,0.0,0.0,Urban,1.0,0.0,0.0,Fine
301660,1930080.0,5605172.0,548200.0,0.0,0.0,2.0,Null,2015/2016,SIR JAMES WATTIE PLACE,ST AUBYN ST EAST,Non-Injury Crash,No,2016,South,0.0,,Flat,,,,,Bright sun,1494100.0,0.0,0.0,0.0,2.0,0.0,,,Hawke's Bay Region,Nil,2-way,Sealed,0.0,0.0,,50.0,,Null,0.0,0.0,,30.0,Hastings District,Traffic Signals,,,,,0.0,0.0,Urban,0.0,,,Fine
345448,1930633.0,5606068.0,547600.0,0.0,0.0,0.0,West,2006/2007,NELSON ST NORTH,FREDERICK ST,Non-Injury Crash,No,2007,South,0.0,0.0,Flat,0.0,,0.0,0.0,Dark,1483700.0,0.0,0.0,0.0,2.0,0.0,0.0,,Hawke's Bay Region,Nil,2-way,Sealed,0.0,0.0,0.0,50.0,0.0,On,0.0,0.0,,30.0,Hastings District,Nil,0.0,0.0,0.0,0.0,1.0,0.0,Urban,0.0,0.0,0.0,Fine
39959,1931038.0,5605564.0,548000.0,0.0,0.0,2.0,Null,2011/2012,FREDERICK ST,KARAMU ROAD NORTH,Non-Injury Crash,No,2012,South,0.0,0.0,Flat,0.0,Queens Birthday,0.0,0.0,Bright sun,1495700.0,0.0,0.0,0.0,2.0,0.0,0.0,,Hawke's Bay Region,Nil,2-way,Sealed,0.0,0.0,0.0,50.0,0.0,Null,0.0,0.0,,30.0,Hastings District,Traffic Signals,0.0,0.0,0.0,0.0,0.0,0.0,Urban,0.0,0.0,0.0,Fine
449708,1929851.0,5605477.0,548200.0,0.0,0.0,2.0,Null,2007/2008,ST AUBYN ST WEST,NELSON ST NORTH,Non-Injury Crash,No,2007,South,0.0,,Flat,,,,,Twilight,1491000.0,0.0,0.0,0.0,4.0,0.0,,,Hawke's Bay Region,Nil,2-way,Sealed,0.0,0.0,,50.0,,On,0.0,0.0,,30.0,Hastings District,Traffic Signals,,,,,0.0,0.0,Urban,0.0,,,Light rain
415039,1925189.0,5598277.0,545851.0,0.0,0.0,1.0,South,2002/2003,SH 2,OLD MAIN ROAD,Minor Crash,Yes,2002,South,0.0,,Flat,,,,,Overcast,1463900.0,2.0,0.0,0.0,2.0,0.0,,,Hawke's Bay Region,Nil,2-way,Sealed,0.0,0.0,,100.0,,Null,0.0,0.0,,30.0,Hastings District,Nil,,,,,0.0,0.0,Open,1.0,,,Fine
226693,1927656.0,5607939.0,545710.0,0.0,0.0,2.0,North,2001/2002,ORMOND ROAD,OMAHU ROAD,Minor Crash,No,2002,North,0.0,,Flat,,,,,Overcast,1471201.0,1.0,0.0,0.0,2.0,0.0,,,Hawke's Bay Region,Nil,2-way,Sealed,0.0,0.0,,100.0,,Null,0.0,0.0,,30.0,Hastings District,Nil,,,,,0.0,0.0,Open,0.0,,,Light rain
538510,1930614.0,5612079.0,545832.0,0.0,0.0,1.0,South,2007/2008,SH 50A,SH 50,Non-Injury Crash,Yes,2008,North,0.0,,Flat,,,,,Twilight,1404400.0,0.0,0.0,0.0,2.0,0.0,,,Hawke's Bay Region,Nil,2-way,Sealed,0.0,0.0,,100.0,,Off,0.0,0.0,,30.0,Hastings District,Nil,,,,,0.0,0.0,Open,1.0,,,Fine
147179,1925537.0,5608403.0,545710.0,0.0,0.0,0.0,Null,2015/2016,OMAHU ROAD,BARNES PLACE,Non-Injury Crash,No,2016,West,0.0,,Flat,,,,,Overcast,1470900.0,0.0,0.0,0.0,2.0,0.0,,1.0,Hawke's Bay Region,Nil,2-way,Sealed,0.0,0.0,,50.0,,Off,0.0,0.0,,30.0,Hastings District,Nil,,,,,0.0,0.0,Urban,1.0,,,Fine
115392,1932664.0,5607992.0,545721.0,0.0,0.0,1.0,South,2001/2002,OTENE ROAD,RUAHAPIA ROAD,Serious Crash,No,2001,North,0.0,0.0,Flat,0.0,,0.0,0.0,Bright sun,1471800.0,0.0,0.0,0.0,2.0,0.0,0.0,,Hawke's Bay Region,Nil,2-way,Sealed,0.0,1.0,0.0,100.0,0.0,Null,0.0,0.0,,30.0,Hastings District,Nil,0.0,0.0,0.0,1.0,0.0,0.0,Open,0.0,0.0,0.0,Fine
734009,1934187.0,5607187.0,545722.0,0.0,0.0,1.0,South,2010/2011,NAPIER ROAD,SH 2,Non-Injury Crash,No,2010,South,0.0,,Flat,,,,,Bright sun,1406200.0,0.0,0.0,0.0,2.0,1.0,,,Hawke's Bay Region,Nil,2-way,Sealed,0.0,0.0,,100.0,,Null,0.0,0.0,,30.0,Hastings District,Nil,,,,,0.0,0.0,Open,0.0,,,Fine
496432,1929549.0,5604672.0,548200.0,0.0,0.0,1.0,Null,2008/2009,SOUTHAMPTON ST WEST,RAILWAY ROAD,Non-Injury Crash,No,2009,North,0.0,,Flat,,Christmas New Year,,,Bright sun,1489700.0,0.0,0.0,0.0,2.0,0.0,,,Hawke's Bay Region,Nil,2-way,Sealed,0.0,0.0,,50.0,,Null,0.0,0.0,,30.0,Hastings District,Traffic Signals,,,,,0.0,0.0,Urban,0.0,,,Fine
285344,1927199.0,5596069.0,545851.0,0.0,0.0,0.0,North,2007/2008,MIDDLE ROAD,MUTINY ROAD,Minor Crash,No,2008,North,0.0,1.0,Flat,0.0,,0.0,0.0,Overcast,1465802.0,1.0,0.0,1.0,2.0,0.0,0.0,,Hawke's Bay Region,Nil,2-way,Sealed,0.0,0.0,0.0,100.0,0.0,Null,0.0,0.0,,30.0,Hastings District,Nil,0.0,0.0,0.0,0.0,0.0,0.0,Open,0.0,0.0,0.0,Fine
388335,1924306.0,5608243.0,548611.0,0.0,0.0,1.0,North,2006/2007,KIRKWOOD ROAD,TARBET ST,Non-Injury Crash,No,2007,South,0.0,1.0,Flat,0.0,,0.0,0.0,Overcast,1469709.0,0.0,0.0,0.0,2.0,0.0,0.0,,Hawke's Bay Region,Nil,2-way,Sealed,0.0,0.0,0.0,50.0,0.0,Null,0.0,0.0,,30.0,Hastings District,Nil,0.0,0.0,0.0,0.0,0.0,0.0,Urban,0.0,0.0,0.0,Fine
695181,1931115.0,5614016.0,545831.0,0.0,0.0,0.0,North,2015/2016,SH 50,PAKOWHAI OFF SBD,Non-Injury Crash,Yes,2016,South,0.0,0.0,Flat,0.0,,0.0,0.0,Twilight,1404600.0,0.0,0.0,0.0,2.0,0.0,0.0,,Hawke's Bay Region,Nil,2-way,Sealed,0.0,0.0,0.0,100.0,0.0,On,0.0,0.0,,30.0,Hastings District,Unknown,0.0,0.0,0.0,0.0,1.0,0.0,Open,0.0,0.0,0.0,Fine
719340,1929554.0,5603759.0,548300.0,0.0,0.0,2.0,East,2006/2007,WILLOW PLACE,WILLOWPARK ROAD SOUTH,Non-Injury Crash,No,2006,East,0.0,0.0,Flat,0.0,,0.0,0.0,Dark,1503900.0,0.0,0.0,0.0,2.0,0.0,1.0,,Hawke's Bay Region,Nil,2-way,Sealed,0.0,0.0,0.0,50.0,0.0,On,0.0,0.0,,30.0,Hastings District,Nil,0.0,0.0,0.0,0.0,0.0,0.0,Urban,0.0,0.0,0.0,Fine
536342,1918299.0,5614963.0,545821.0,0.0,0.0,0.0,West,2004/2005,TAIHAPE ROAD,SWAMP ROAD,Non-Injury Crash,No,2005,South,0.0,1.0,Flat,0.0,,0.0,0.0,Overcast,1410300.0,0.0,0.0,0.0,2.0,0.0,0.0,,Hawke's Bay Region,Nil,2-way,Sealed,0.0,0.0,0.0,100.0,0.0,Null,0.0,0.0,,30.0,Hastings District,Nil,0.0,0.0,0.0,0.0,0.0,0.0,Open,1.0,0.0,0.0,Light rain
185016,1930935.0,5613540.0,545831.0,0.0,0.0,2.0,Null,2004/2005,SH 50A,SH 50,Non-Injury Crash,Yes,2005,North,0.0,,Flat,,,,,Bright sun,1404600.0,0.0,0.0,0.0,2.0,0.0,,,Hawke's Bay Region,Nil,2-way,Sealed,0.0,0.0,,100.0,,Null,0.0,0.0,,30.0,Hastings District,Give way,,,,,0.0,0.0,Open,0.0,,,Fine
446279,1928679.0,5604418.0,547900.0,0.0,0.0,1.0,North,2007/2008,GASCOIGNE ST,FREYBERG ST,Non-Injury Crash,No,2008,North,0.0,,Flat,,,,,Overcast,1482000.0,0.0,0.0,0.0,2.0,0.0,,,Hawke's Bay Region,Nil,2-way,Sealed,0.0,0.0,,50.0,,Null,0.0,0.0,,30.0,Hastings District,Nil,,,,,0.0,0.0,Urban,1.0,,,Fine
323444,1934240.0,5607461.0,545722.0,0.0,0.0,2.0,Null,2017/2018,SH 2,PILCHER ROAD,Non-Injury Crash,Yes,2018,South,0.0,,Flat,,,,,Bright sun,1406300.0,0.0,0.0,0.0,2.0,0.0,,,Hawke's Bay Region,Nil,2-way,Sealed,0.0,0.0,,80.0,,Null,0.0,0.0,,30.0,Hastings District,Give way,,,,,0.0,0.0,Open,0.0,,,Fine
170696,1929724.0,5614593.0,545831.0,0.0,0.0,1.0,North,2007/2008,WAIOHIKI ROAD,LINKS ROAD,Non-Injury Crash,No,2007,South,0.0,0.0,Flat,0.0,,0.0,0.0,Overcast,1404600.0,0.0,0.0,0.0,2.0,0.0,0.0,,Hawke's Bay Region,Nil,2-way,Sealed,0.0,0.0,0.0,100.0,0.0,Null,0.0,0.0,,30.0,Hastings District,Nil,0.0,0.0,0.0,0.0,0.0,0.0,Open,0.0,0.0,0.0,Heavy rain
651733,1930984.0,5632473.0,545812.0,0.0,0.0,0.0,East,2017/2018,SH 5,LINDEN CLOSE,Non-Injury Crash,Yes,2017,West,0.0,1.0,Flat,0.0,,0.0,0.0,Dark,1414200.0,0.0,0.0,0.0,2.0,0.0,0.0,,Hawke's Bay Region,Nil,2-way,Sealed,0.0,0.0,0.0,100.0,0.0,None,0.0,0.0,,30.0,Hastings District,Unknown,0.0,0.0,0.0,0.0,0.0,0.0,Open,1.0,0.0,0.0,Fine
343097,1929948.0,5605347.0,548200.0,0.0,0.0,2.0,Null,2014/2015,ST AUBYN ST WEST,KING ST NORTH,Minor Crash,No,2015,North,0.0,,Flat,,,,,Dark,1491500.0,1.0,0.0,0.0,4.0,0.0,,,Hawke's Bay Region,Nil,2-way,Sealed,0.0,0.0,,50.0,,On,0.0,0.0,,30.0,Hastings District,Give way,,,,,0.0,0.0,Urban,0.0,,,Fine
11872,1932575.0,5608502.0,545721.0,0.0,0.0,2.0,Null,2015/2016,RUAHAPIA ROAD,WHAKATU ROAD,Non-Injury Crash,No,2016,South,0.0,,Flat,,,,,Twilight,1471600.0,0.0,0.0,0.0,2.0,0.0,,,Hawke's Bay Region,Nil,2-way,Sealed,0.0,0.0,,80.0,,On,0.0,0.0,,30.0,Hastings District,Give way,,,,,0.0,0.0,Open,0.0,,,Mist or Fog
107847,1925384.0,5607803.0,548611.0,0.0,0.0,1.0,Null,2005/2006,CHATHAM ROAD,MARGATE AVENUE,Non-Injury Crash,No,2005,North,0.0,,Flat,,,,,Bright sun,1473803.0,0.0,0.0,0.0,2.0,0.0,,,Hawke's Bay Region,Nil,2-way,Sealed,0.0,0.0,,50.0,,Null,0.0,0.0,,30.0,Hastings District,Give way,,,,,0.0,0.0,Urban,1.0,,,Fine
399534,1941581.0,5584803.0,545860.0,0.0,0.0,0.0,South,2007/2008,HARPER ROAD,GILRAY PLACE,Non-Injury Crash,No,2007,South,0.0,1.0,Flat,0.0,,1.0,0.0,Dark,1467904.0,0.0,0.0,0.0,2.0,0.0,0.0,,Hawke's Bay Region,Nil,2-way,Sealed,0.0,0.0,0.0,50.0,0.0,On,0.0,0.0,,30.0,Hastings District,Nil,0.0,0.0,0.0,0.0,0.0,0.0,Urban,1.0,0.0,0.0,Fine
416598,1927417.0,5606942.0,548500.0,0.0,0.0,2.0,Null,1999/2000,KIWI ST,TAKAPU ROAD,Non-Injury Crash,No,2000,East,0.0,0.0,Flat,0.0,,1.0,0.0,Overcast,1478900.0,0.0,0.0,0.0,2.0,0.0,0.0,,Hawke's Bay Region,Nil,2-way,Sealed,0.0,0.0,0.0,50.0,0.0,Null,0.0,0.0,,30.0,Hastings District,Nil,0.0,0.0,0.0,0.0,0.0,0.0,Urban,0.0,0.0,0.0,Fine
644241,1925162.0,5598202.0,545851.0,0.0,0.0,1.0,South,2005/2006,SH 2,OLD MAIN ROAD,Minor Crash,Yes,2005,South,0.0,0.0,Flat,0.0,,0.0,0.0,Dark,1463900.0,1.0,0.0,0.0,2.0,0.0,0.0,,Hawke's Bay Region,Nil,2-way,Sealed,0.0,0.0,0.0,100.0,0.0,None,0.0,0.0,,30.0,Hastings District,Nil,0.0,0.0,0.0,0.0,0.0,0.0,Open,0.0,0.0,0.0,Fine
69994,1934472.0,5601720.0,548831.0,0.0,0.0,3.0,South,2009/2010,TE MATA ROAD,DURHAM DRIVE,Non-Injury Crash,No,2010,East,0.0,0.0,Flat,0.0,,0.0,0.0,Bright sun,1466413.0,0.0,0.0,0.0,2.0,0.0,1.0,,Hawke's Bay Region,Nil,2-way,Sealed,0.0,0.0,0.0,50.0,0.0,Null,0.0,0.0,,30.0,Hastings District,Nil,0.0,0.0,0.0,0.0,0.0,0.0,Urban,0.0,0.0,0.0,Fine
26796,1929536.0,5605087.0,548200.0,0.0,0.0,2.0,West,2003/2004,EASTBOURNE ST WEST,KING ST SOUTH,Non-Injury Crash,No,2004,East,0.0,,Flat,,,,,Overcast,1489400.0,0.0,0.0,0.0,2.0,0.0,,,Hawke's Bay Region,Nil,2-way,Sealed,0.0,0.0,,50.0,,Null,0.0,0.0,,30.0,Hastings District,Nil,,,,,0.0,0.0,Urban,0.0,,,Heavy rain
236685,1930935.0,5613540.0,545831.0,0.0,0.0,2.0,Null,2005/2006,SH 50A,LINKS ROAD,Minor Crash,Yes,2005,North,0.0,,Flat,,,,,Overcast,1404600.0,2.0,0.0,0.0,2.0,0.0,,,Hawke's Bay Region,Nil,2-way,Sealed,0.0,0.0,,100.0,,Null,0.0,0.0,,30.0,Hastings District,Give way,,,,,0.0,0.0,Open,0.0,,,Fine
176282,1928929.0,5603575.0,548300.0,0.0,0.0,1.0,Null,2009/2010,LEO ST,MONA ST,Minor Crash,No,2009,South,0.0,0.0,Flat,0.0,Christmas New Year,0.0,0.0,Dark,1469400.0,1.0,0.0,0.0,1.0,0.0,0.0,,Hawke's Bay Region,Nil,2-way,Sealed,0.0,0.0,0.0,50.0,0.0,On,0.0,0.0,,30.0,Hastings District,Nil,0.0,0.0,0.0,1.0,0.0,0.0,Urban,0.0,0.0,0.0,Fine
302747,1935986.0,5610762.0,545730.0,0.0,0.0,2.0,North,2005/2006,SH 2,MILL ROAD,Minor Crash,Yes,2005,North,0.0,1.0,Flat,0.0,,0.0,0.0,Dark,1404700.0,1.0,0.0,0.0,2.0,0.0,1.0,,Hawke's Bay Region,Nil,2-way,Sealed,0.0,0.0,0.0,50.0,0.0,On,0.0,0.0,,30.0,Hastings District,Nil,0.0,0.0,0.0,0.0,0.0,0.0,Urban,0.0,0.0,0.0,Fine
499554,1928739.0,5606229.0,548500.0,0.0,0.0,3.0,South,2017/2018,MARAEKAKAHO ROAD,OMAHU ROAD,Non-Injury Crash,No,2017,South,0.0,,Flat,,,,,Bright sun,1478800.0,0.0,0.0,0.0,2.0,0.0,,,Hawke's Bay Region,Nil,2-way,Sealed,0.0,0.0,,50.0,,Null,0.0,1.0,,30.0,Hastings District,Unknown,,,,,0.0,0.0,Urban,0.0,,,Fine
397403,1932692.0,5601776.0,548831.0,0.0,0.0,2.0,Null,2000/2001,NAPIER ROAD,PORTER DRIVE,Non-Injury Crash,No,2001,North,0.0,,Flat,,,,,Bright sun,1509600.0,0.0,0.0,0.0,2.0,0.0,,,Hawke's Bay Region,Nil,2-way,Sealed,0.0,0.0,,50.0,,Null,0.0,0.0,,30.0,Hastings District,Give way,,,,,0.0,0.0,Urban,0.0,,,Fine
81173,1935657.0,5609911.0,545730.0,0.0,0.0,0.0,North,2001/2002,SH 2,RICHMOND ROAD,Serious Crash,Yes,2001,South,0.0,,Flat,,Labour Weekend,,,Dark,1404700.0,0.0,0.0,0.0,2.0,0.0,,1.0,Hawke's Bay Region,Nil,2-way,Sealed,0.0,1.0,,100.0,,None,0.0,0.0,,30.0,Hastings District,Nil,,,,,0.0,0.0,Open,1.0,,,Fine
654245,1921614.0,5646263.0,545811.0,0.0,0.0,0.0,East,2017/2018,OLD TAUPO COACH ROAD,SH 5,Minor Crash,No,2018,West,0.0,0.0,Hill Road,0.0,,0.0,0.0,Bright sun,1414700.0,2.0,0.0,0.0,2.0,0.0,0.0,,Hawke's Bay Region,Nil,2-way,Unsealed,0.0,0.0,0.0,100.0,0.0,Null,0.0,0.0,,30.0,Hastings District,Unknown,0.0,0.0,0.0,0.0,0.0,0.0,Open,1.0,0.0,0.0,Fine
632513,1933134.0,5602321.0,548831.0,0.0,0.0,2.0,Null,2009/2010,NAPIER ROAD,ST HILL LANE,Non-Injury Crash,No,2009,South,0.0,,Flat,,,,,Bright sun,1509100.0,0.0,0.0,0.0,2.0,0.0,,,Hawke's Bay Region,Nil,2-way,Sealed,0.0,0.0,,50.0,,Null,0.0,0.0,,30.0,Hastings District,Give way,,,,,0.0,0.0,Urban,0.0,,,Fine
612327,1939537.0,5607733.0,545740.0,0.0,0.0,1.0,North,2000/2001,BEACH ROAD,CLIFTON ROAD,Non-Injury Crash,No,2001,North,0.0,0.0,Flat,0.0,,0.0,0.0,Bright sun,1407200.0,0.0,0.0,0.0,2.0,0.0,1.0,,Hawke's Bay Region,Nil,2-way,Sealed,0.0,0.0,0.0,50.0,0.0,Null,0.0,0.0,,30.0,Hastings District,Nil,0.0,0.0,0.0,0.0,0.0,0.0,Urban,1.0,0.0,0.0,Fine
564097,1930982.0,5603779.0,548100.0,0.0,0.0,2.0,South,2003/2004,WINDSOR AVENUE,ST AUBYN ST EAST,Non-Injury Crash,No,2004,East,0.0,0.0,Flat,0.0,,0.0,0.0,Bright sun,1500300.0,0.0,0.0,0.0,2.0,0.0,1.0,,Hawke's Bay Region,Nil,2-way,Sealed,0.0,0.0,0.0,50.0,0.0,Null,0.0,0.0,,30.0,Hastings District,Nil,0.0,0.0,0.0,0.0,0.0,0.0,Urban,0.0,0.0,0.0,Fine
83784,1933186.0,5606586.0,545721.0,0.0,0.0,3.0,North,2010/2011,RUAHAPIA ROAD,SH 2,Minor Crash,No,2011,South,0.0,,Flat,,,,,Dark,1471800.0,1.0,0.0,0.0,2.0,0.0,,,Hawke's Bay Region,Nil,2-way,Sealed,0.0,0.0,,100.0,,On,0.0,0.0,,30.0,Hastings District,Nil,,,,,0.0,0.0,Open,0.0,,,Fine
342607,1932898.0,5603242.0,545721.0,0.0,0.0,2.0,East,2010/2011,CROSSES ROAD,ST GEORGES ROAD,Non-Injury Crash,No,2010,West,0.0,1.0,Flat,0.0,,0.0,0.0,Overcast,1473100.0,0.0,0.0,0.0,2.0,0.0,0.0,,Hawke's Bay Region,Nil,2-way,Sealed,0.0,0.0,0.0,50.0,0.0,Null,0.0,0.0,,30.0,Hastings District,Nil,0.0,0.0,0.0,0.0,0.0,0.0,Urban,0.0,0.0,0.0,Fine
140303,1933409.0,5601050.0,548832.0,0.0,0.0,0.0,West,2000/2001,MURITAI CRESCENT,DUART ROAD,Minor Crash,No,2001,West,0.0,0.0,Flat,0.0,,0.0,0.0,Bright sun,1508800.0,2.0,0.0,0.0,1.0,0.0,0.0,,Hawke's Bay Region,Nil,2-way,Sealed,0.0,0.0,0.0,50.0,0.0,Null,0.0,0.0,,30.0,Hastings District,Nil,0.0,0.0,0.0,1.0,0.0,0.0,Urban,1.0,0.0,0.0,Fine