OBJECTID,X,Y,areaUnitID,bicycle,bus,carStationWagon,crashDirectionDescription,crashFinancialYear,crashLocation1,crashLocation2,crashSeverity,crashSHDescription,crashYear,directionRoleDescription,fatalCount,fence,flatHill,guardRail,holiday,houseOrBuilding,kerb,light,meshblockId,minorInjuryCount,moped,motorcycle,NumberOfLanes,otherVehicleType,parkedVehicle,pedestrian,region,roadCharacter,roadLane,roadSurface,schoolBus,seriousInjuryCount,slipOrFlood,speedLimit,strayAnimal,streetLight,suv,taxi,temporarySpeedLimit,tlaId,tlaName,trafficControl,trafficIsland,trafficSign,train,tree,truck,unknownVehicleType,urban,vanOrUtility,vehicle,waterRiver,weatherA
483595,1930480.0,5604047.0,548300.0,1.0,0.0,1.0,Null,2014/2015,HERETAUNGA ST EAST,SYLVAN ROAD,Minor Crash,No,2015,North,0.0,,Flat,,,,,Dark,1502000.0,1.0,0.0,0.0,2.0,0.0,,,Hawke's Bay Region,Nil,2-way,Sealed,0.0,0.0,,50.0,,On,0.0,0.0,,30.0,Hastings District,Give way,,,,,0.0,0.0,Urban,0.0,,,Fine
139413,1924904.0,5637690.0,545811.0,0.0,0.0,1.0,South,2000/2001,SH 5,GLENGARRY ROAD,Non-Injury Crash,Yes,2000,North,0.0,0.0,Hill Road,0.0,,0.0,0.0,Bright sun,1414700.0,0.0,0.0,0.0,2.0,0.0,0.0,,Hawke's Bay Region,Nil,2-way,Sealed,0.0,0.0,0.0,100.0,0.0,Null,0.0,0.0,,30.0,Hastings District,Nil,0.0,0.0,0.0,0.0,0.0,0.0,Open,0.0,0.0,0.0,Fine
377361,1916991.0,5605847.0,545841.0,1.0,0.0,0.0,South,2002/2003,SH 50,NGATARAWA ROAD,Fatal Crash,Yes,2003,South,1.0,0.0,Flat,0.0,,0.0,0.0,Bright sun,1462901.0,0.0,0.0,0.0,2.0,0.0,0.0,,Hawke's Bay Region,Nil,2-way,Sealed,0.0,1.0,0.0,100.0,0.0,Null,0.0,0.0,,30.0,Hastings District,Nil,0.0,0.0,0.0,0.0,0.0,0.0,Open,1.0,0.0,0.0,Fine
180752,1930752.0,5603757.0,548100.0,0.0,0.0,2.0,Null,2006/2007,HERETAUNGA ST EAST,LUMSDEN ROAD,Non-Injury Crash,No,2007,West,0.0,,Flat,,,,,Bright sun,1500300.0,0.0,0.0,0.0,2.0,0.0,,,Hawke's Bay Region,Nil,2-way,Sealed,0.0,0.0,,50.0,,Null,0.0,0.0,,30.0,Hastings District,Stop,,,,,0.0,0.0,Urban,0.0,,,Fine
41911,1917983.0,5649709.0,545911.0,0.0,0.0,2.0,North,2017/2018,SH 5,TE POHUE LOOP ROAD N,Minor Crash,Yes,2018,South,0.0,,Hill Road,,,,,Dark,1415900.0,1.0,0.0,0.0,2.0,0.0,,,Hawke's Bay Region,Nil,2-way,Sealed,0.0,0.0,,100.0,,None,0.0,0.0,,30.0,Hastings District,Unknown,,,,,0.0,0.0,Open,0.0,,,Light rain
712683,1931041.0637,5603449.1913,545721.0,0.0,0.0,3.0,South,2019/2020,HAVELOCK ROAD,NORTON ROAD,Non-Injury Crash,No,2019,North,0.0,,Flat,,,,,Overcast,1472900.0,0.0,0.0,0.0,2.0,0.0,,,Hawke's Bay Region,Nil,2-way,Sealed,0.0,0.0,,70.0,,Off,1.0,0.0,,30.0,Hastings District,Nil,,,,,1.0,0.0,Urban,0.0,,,Fine
684181,1932700.0,5601770.0,548831.0,0.0,0.0,2.0,East,2012/2013,PORTER DRIVE,NAPIER ROAD,Non-Injury Crash,No,2013,West,0.0,,Flat,,,,,Bright sun,1509700.0,0.0,0.0,0.0,2.0,0.0,,,Hawke's Bay Region,Nil,2-way,Sealed,0.0,0.0,,50.0,,Null,0.0,0.0,,30.0,Hastings District,Nil,,,,,0.0,0.0,Urban,0.0,,,Fine
10428,1930918.0,5603578.0,545762.0,0.0,0.0,2.0,East,2007/2008,HAVELOCK ROAD,NORTON ROAD,Non-Injury Crash,No,2008,West,0.0,,Flat,,,,,Bright sun,1468500.0,0.0,0.0,0.0,2.0,0.0,,,Hawke's Bay Region,Nil,2-way,Sealed,0.0,0.0,,70.0,,Null,0.0,0.0,,30.0,Hastings District,Nil,,,,,0.0,0.0,Urban,0.0,,,Fine
179424,1908584.0,5674700.0,545911.0,0.0,0.0,1.0,North,2015/2016,SH 5,TATARAAKINA ROAD,Non-Injury Crash,Yes,2015,East,0.0,0.0,Hill Road,0.0,,0.0,0.0,Bright sun,1281200.0,0.0,0.0,0.0,2.0,0.0,0.0,,Hawke's Bay Region,Nil,2-way,Sealed,0.0,0.0,0.0,100.0,0.0,Null,0.0,0.0,,30.0,Hastings District,Unknown,0.0,0.0,0.0,1.0,0.0,0.0,Open,0.0,0.0,0.0,Fine
216745,1932884.0,5609730.0,545832.0,0.0,0.0,1.0,East,2015/2016,FARNDON ROAD,CHESTERHOPE BRIDGE,Fatal Crash,No,2015,East,1.0,0.0,Flat,0.0,,0.0,0.0,Dark,1404200.0,1.0,0.0,0.0,2.0,0.0,0.0,,Hawke's Bay Region,Nil,2-way,Sealed,0.0,2.0,0.0,100.0,0.0,None,0.0,0.0,,30.0,Hastings District,Nil,0.0,0.0,0.0,1.0,0.0,0.0,Open,0.0,0.0,0.0,Fine
240797,1924997.0,5637665.0,545811.0,0.0,0.0,1.0,South,2000/2001,SH 5,GLENGARRY ROAD,Minor Crash,Yes,2000,North,0.0,0.0,Hill Road,0.0,,0.0,0.0,Overcast,1414800.0,1.0,0.0,0.0,3.0,0.0,0.0,,Hawke's Bay Region,Nil,2-way,Sealed,0.0,0.0,0.0,100.0,0.0,Null,0.0,0.0,,30.0,Hastings District,Nil,0.0,0.0,0.0,0.0,0.0,0.0,Open,0.0,0.0,0.0,Fine
192133,1930480.0,5604047.0,548300.0,0.0,0.0,2.0,Null,2013/2014,HERETAUNGA ST EAST,SYLVAN ROAD,Non-Injury Crash,No,2014,South,0.0,,Flat,,,,,Bright sun,1502000.0,0.0,0.0,0.0,2.0,0.0,,,Hawke's Bay Region,Nil,2-way,Sealed,0.0,0.0,,50.0,,Null,0.0,0.0,,30.0,Hastings District,Give way,,,,,0.0,0.0,Urban,0.0,,,Fine
117121,1929905.0,5605001.0,548200.0,0.0,1.0,1.0,Null,2009/2010,RUSSELL ST NORTH,QUEEN ST WEST,Non-Injury Crash,No,2010,East,0.0,,Flat,,,,,Overcast,1492200.0,0.0,0.0,0.0,2.0,0.0,,,Hawke's Bay Region,Nil,2-way,Sealed,0.0,0.0,,50.0,,Null,0.0,0.0,,30.0,Hastings District,Traffic Signals,,,,,0.0,0.0,Urban,0.0,,,Fine
61466,1929684.0,5605333.0,548200.0,0.0,0.0,2.0,Null,2008/2009,Z CPK COUNTDOWN,NELSON/QUEEN,Non-Injury Crash,No,2009,North,0.0,0.0,Flat,0.0,,0.0,0.0,Bright sun,1490800.0,0.0,0.0,0.0,0.0,0.0,1.0,,Hawke's Bay Region,Nil,Off road,Sealed,0.0,0.0,0.0,50.0,0.0,Null,0.0,0.0,,30.0,Hastings District,Nil,0.0,0.0,0.0,0.0,0.0,0.0,Urban,0.0,0.0,0.0,Fine
709629,1929503.0,5608862.0,545710.0,0.0,0.0,2.0,Null,2015/2016,SH 50A,EVENDEN ROAD,Non-Injury Crash,Yes,2015,South,0.0,,Flat,,,,,Bright sun,1471100.0,0.0,0.0,0.0,4.0,0.0,,,Hawke's Bay Region,Nil,2-way,Sealed,0.0,0.0,,100.0,,Null,0.0,0.0,,30.0,Hastings District,Give way,,,,,0.0,0.0,Open,0.0,,,Fine
252369,1911042.0,5663820.0,545911.0,0.0,0.0,1.0,South,2016/2017,SH 5,SUMMIT KIOSK,Non-Injury Crash,Yes,2016,South,0.0,0.0,Hill Road,0.0,,0.0,0.0,Dark,1414400.0,0.0,0.0,0.0,2.0,0.0,0.0,,Hawke's Bay Region,Nil,2-way,Sealed,0.0,0.0,0.0,100.0,0.0,None,0.0,0.0,,30.0,Hastings District,Unknown,0.0,0.0,0.0,0.0,0.0,0.0,Open,0.0,0.0,0.0,Light rain
404091,1927578.0,5607439.0,548400.0,0.0,0.0,1.0,Null,2000/2001,SH 50A,OMAHU ROAD,Non-Injury Crash,Yes,2000,West,0.0,,Flat,,,,,Bright sun,1473600.0,0.0,0.0,0.0,2.0,0.0,,,Hawke's Bay Region,Nil,2-way,Sealed,0.0,0.0,,50.0,,Null,0.0,0.0,,30.0,Hastings District,Give way,,,,,0.0,0.0,Urban,1.0,,,Fine
170956,1930658.0,5604394.0,548100.0,0.0,0.0,2.0,Null,2000/2001,ST AUBYN ST EAST,RIVERSLEA ROAD NORTH,Non-Injury Crash,No,2000,North,0.0,,Flat,,,,,Bright sun,1500900.0,0.0,0.0,0.0,2.0,0.0,,,Hawke's Bay Region,Nil,2-way,Sealed,0.0,0.0,,50.0,,Null,0.0,0.0,,30.0,Hastings District,Give way,,,,,0.0,0.0,Urban,0.0,,,Fine
147096,1925477.2927,5606293.0838,548620.0,0.0,0.0,0.0,Null,2020/2021,WILSON ROAD,PETERHEAD AVENUE,Non-Injury Crash,No,2020,West,0.0,0.0,Null,0.0,,0.0,0.0,Unknown,1475500.0,0.0,0.0,0.0,2.0,0.0,1.0,,Hawke's Bay Region,Nil,2-way,Null,0.0,0.0,0.0,50.0,0.0,Null,0.0,0.0,,30.0,Hastings District,Give way,0.0,0.0,0.0,0.0,0.0,0.0,Urban,1.0,0.0,0.0,Null
309552,1924872.0,5606390.0,548620.0,0.0,0.0,1.0,West,2010/2011,SUNDERLAND DRIVE,BIRKENHEAD CRESCENT,Non-Injury Crash,No,2010,South,0.0,1.0,Flat,0.0,,0.0,0.0,Dark,1474900.0,0.0,0.0,0.0,2.0,0.0,0.0,,Hawke's Bay Region,Nil,2-way,Sealed,0.0,0.0,0.0,50.0,0.0,On,0.0,0.0,,30.0,Hastings District,Nil,0.0,0.0,0.0,0.0,0.0,0.0,Urban,0.0,0.0,0.0,Light rain
385963,1929993.0,5604885.0,548200.0,0.0,0.0,3.0,Null,2010/2011,KARAMU ROAD NORTH,QUEEN ST EAST,Serious Crash,No,2011,East,0.0,,Flat,,,,,Dark,1492800.0,2.0,0.0,0.0,2.0,0.0,,,Hawke's Bay Region,Nil,2-way,Sealed,0.0,1.0,,50.0,,On,0.0,0.0,,30.0,Hastings District,Traffic Signals,,,,,0.0,0.0,Urban,0.0,,,Fine
408819,1928868.0,5606172.0,547700.0,0.0,0.0,2.0,West,2007/2008,HERETAUNGA ST WEST,STORTFORD ST,Non-Injury Crash,No,2007,East,0.0,0.0,Flat,0.0,,0.0,0.0,Bright sun,1486600.0,0.0,0.0,0.0,2.0,0.0,1.0,,Hawke's Bay Region,Nil,2-way,Sealed,0.0,0.0,0.0,50.0,0.0,Null,0.0,0.0,,30.0,Hastings District,Nil,0.0,0.0,0.0,0.0,0.0,0.0,Urban,0.0,0.0,0.0,Fine
479371,1929009.0,5604080.0,547900.0,0.0,0.0,1.0,Null,2013/2014,RAILWAY ROAD,GASCOIGNE ST,Non-Injury Crash,No,2013,North,0.0,0.0,Flat,0.0,,0.0,0.0,Bright sun,1482400.0,0.0,0.0,0.0,2.0,0.0,0.0,,Hawke's Bay Region,Nil,2-way,Sealed,0.0,0.0,0.0,50.0,0.0,Null,0.0,0.0,,30.0,Hastings District,Stop,1.0,0.0,0.0,0.0,0.0,0.0,Urban,0.0,0.0,0.0,Fine
738254,1928503.0,5606043.0,548500.0,0.0,0.0,2.0,Null,2006/2007,MARAEKAKAHO ROAD,SOUTHAMPTON ST WEST,Non-Injury Crash,No,2007,North,0.0,,Flat,,,,,Overcast,1479600.0,0.0,0.0,0.0,4.0,0.0,,,Hawke's Bay Region,Nil,2-way,Sealed,0.0,0.0,,50.0,,Null,0.0,0.0,,30.0,Hastings District,Traffic Signals,,,,,0.0,0.0,Urban,0.0,,,Light rain
261741,1908970.0,5664738.0,545911.0,0.0,0.0,2.0,South,2003/2004,SH 5,HUKUTARA ROAD,Non-Injury Crash,Yes,2004,North,0.0,0.0,Hill Road,0.0,,0.0,0.0,Overcast,1414400.0,0.0,0.0,0.0,3.0,0.0,2.0,,Hawke's Bay Region,Nil,2-way,Sealed,0.0,0.0,0.0,100.0,0.0,Null,0.0,0.0,,30.0,Hastings District,Nil,0.0,0.0,0.0,0.0,2.0,0.0,Open,0.0,0.0,0.0,Light rain
32220,1929082.0,5606504.0,547700.0,0.0,0.0,2.0,Null,2006/2007,PAKOWHAI ROAD,ST AUBYN ST WEST,Non-Injury Crash,No,2006,South,0.0,,Flat,,,,,Overcast,1485900.0,0.0,0.0,0.0,3.0,0.0,,,Hawke's Bay Region,Nil,2-way,Sealed,0.0,0.0,,50.0,,Null,0.0,0.0,,30.0,Hastings District,Give way,,,,,0.0,0.0,Urban,0.0,,,Fine
214715,1928979.0,5606428.0,547800.0,0.0,0.0,1.0,North,2003/2004,PAKOWHAI ROAD,IKANUI ROAD,Minor Crash,No,2003,North,0.0,,Flat,,,,,Bright sun,1477500.0,1.0,0.0,0.0,2.0,0.0,,1.0,Hawke's Bay Region,Nil,2-way,Sealed,0.0,0.0,,50.0,,Null,0.0,0.0,,30.0,Hastings District,Nil,,,,,0.0,0.0,Urban,0.0,,,Fine
182096,1929560.0,5605258.0,548200.0,0.0,0.0,2.0,Null,2003/2004,HERETAUNGA ST WEST,NELSON ST NORTH,Non-Injury Crash,No,2004,East,0.0,,Flat,,,,,Bright sun,1490100.0,0.0,0.0,0.0,2.0,0.0,,,Hawke's Bay Region,Nil,2-way,Sealed,0.0,0.0,,50.0,,Null,0.0,0.0,,30.0,Hastings District,Traffic Signals,,,,,0.0,0.0,Urban,0.0,,,Fine
598155,1930245.0,5604748.0,548200.0,0.0,0.0,2.0,Null,2012/2013,HASTINGS ST NORTH,AVENUE ROAD EAST,Non-Injury Crash,No,2013,South,0.0,,Flat,,,,,Bright sun,1493501.0,0.0,0.0,0.0,1.0,0.0,,,Hawke's Bay Region,Nil,2-way,Sealed,0.0,0.0,,50.0,,Null,0.0,0.0,,30.0,Hastings District,Give way,,,,,0.0,0.0,Urban,0.0,,,Fine
671563,1934785.0,5607407.0,545722.0,0.0,0.0,1.0,North,2010/2011,PILCHER ROAD,LAWN ROAD,Non-Injury Crash,No,2011,East,0.0,0.0,Flat,0.0,,0.0,0.0,Dark,1406400.0,0.0,0.0,0.0,2.0,0.0,0.0,,Hawke's Bay Region,Nil,2-way,Sealed,0.0,0.0,0.0,100.0,0.0,On,0.0,0.0,,30.0,Hastings District,Nil,0.0,0.0,0.0,0.0,0.0,0.0,Open,0.0,0.0,0.0,Fine
100015,1929464.0,5605185.0,548200.0,0.0,0.0,0.0,Null,1999/2000,NELSON ST SOUTH,EASTBOURNE ST WEST,Minor Crash,No,2000,North,0.0,0.0,Flat,0.0,,0.0,0.0,Twilight,1488900.0,1.0,0.0,0.0,2.0,0.0,0.0,,Hawke's Bay Region,Nil,2-way,Sealed,0.0,0.0,0.0,50.0,0.0,None,0.0,0.0,,30.0,Hastings District,Give way,0.0,1.0,0.0,0.0,0.0,0.0,Urban,2.0,0.0,0.0,Fine
337793,1922206.0,5611989.0,545822.0,0.0,0.0,1.0,West,2013/2014,TAIHAPE ROAD,SWAMP ROAD,Non-Injury Crash,No,2013,East,0.0,0.0,Flat,0.0,,0.0,0.0,Dark,1409100.0,0.0,0.0,0.0,2.0,0.0,0.0,,Hawke's Bay Region,Nil,2-way,Sealed,0.0,0.0,0.0,100.0,0.0,None,0.0,0.0,,30.0,Hastings District,Nil,0.0,0.0,0.0,0.0,0.0,0.0,Open,0.0,0.0,0.0,Fine
300693,1931298.0,5606996.0,545721.0,0.0,0.0,1.0,Null,2000/2001,RICHMOND ROAD,TOMOANA ROAD,Non-Injury Crash,No,2000,North,0.0,1.0,Flat,0.0,,1.0,0.0,Overcast,1471500.0,0.0,0.0,0.0,2.0,0.0,0.0,,Hawke's Bay Region,Nil,2-way,Sealed,0.0,0.0,0.0,100.0,0.0,Null,0.0,0.0,,30.0,Hastings District,Unknown,0.0,0.0,0.0,0.0,0.0,0.0,Open,0.0,0.0,0.0,Fine
636871,1923254.0,5618330.0,545821.0,0.0,0.0,1.0,West,2004/2005,MOTEO PA ROAD,SWAMP ROAD,Non-Injury Crash,No,2005,West,0.0,1.0,Flat,0.0,,0.0,0.0,Dark,1408500.0,0.0,0.0,0.0,2.0,0.0,0.0,,Hawke's Bay Region,Nil,2-way,Unsealed,0.0,0.0,0.0,100.0,0.0,None,0.0,0.0,,30.0,Hastings District,Nil,0.0,0.0,0.0,0.0,0.0,0.0,Open,0.0,0.0,0.0,Fine
151107,1929074.5811,5606500.079,547800.0,0.0,0.0,2.0,Null,2018/2019,PAKOWHAI ROAD,ST AUBYN STREET WEST,Non-Injury Crash,No,2018,North,0.0,,Flat,,,,,Overcast,1477500.0,0.0,0.0,0.0,2.0,0.0,,,Hawke's Bay Region,Nil,2-way,Sealed,0.0,0.0,,50.0,,Off,0.0,0.0,,30.0,Hastings District,Traffic Signals,,,,,0.0,0.0,Urban,0.0,,,Fine
536874,1931019.0,5604980.0,548000.0,0.0,0.0,2.0,Null,2007/2008,WILLOWPARK ROAD NORTH,JERVOIS ST,Non-Injury Crash,No,2008,West,0.0,,Flat,,Queens Birthday,,,Twilight,1497600.0,0.0,0.0,0.0,2.0,0.0,,,Hawke's Bay Region,Nil,2-way,Sealed,0.0,0.0,,50.0,,Off,0.0,0.0,,30.0,Hastings District,Give way,,,,,0.0,0.0,Urban,0.0,,,Fine
615232,1900588.0,5626851.0,545913.0,0.0,0.0,1.0,South,2013/2014,TAIHAPE ROAD,GLENROSS ROAD,Non-Injury Crash,No,2014,North,0.0,0.0,Hill Road,0.0,,0.0,0.0,Dark,1409900.0,0.0,0.0,0.0,2.0,0.0,0.0,,Hawke's Bay Region,Nil,2-way,Sealed,0.0,0.0,0.0,100.0,0.0,None,0.0,0.0,,30.0,Hastings District,Unknown,0.0,0.0,0.0,0.0,0.0,0.0,Open,0.0,0.0,0.0,Fine
539657,1927908.0,5635221.0,545811.0,0.0,0.0,0.0,North,2000/2001,SH 5,MARSHALLS BR,Non-Injury Crash,Yes,2000,South,0.0,0.0,Hill Road,0.0,,0.0,0.0,Bright sun,1414700.0,0.0,0.0,0.0,2.0,0.0,0.0,,Hawke's Bay Region,Nil,2-way,Sealed,0.0,0.0,0.0,100.0,0.0,Null,0.0,0.0,,30.0,Hastings District,Nil,0.0,0.0,0.0,0.0,0.0,0.0,Open,1.0,0.0,0.0,Fine
614809,1927296.0,5605131.0,545761.0,0.0,0.0,2.0,Null,2006/2007,YORK ROAD,MARAEKAKAHO ROAD,Non-Injury Crash,No,2007,East,0.0,,Flat,,,,,Dark,1469905.0,0.0,0.0,0.0,4.0,0.0,,,Hawke's Bay Region,Nil,2-way,Sealed,0.0,0.0,,70.0,,On,0.0,1.0,,30.0,Hastings District,Give way,,,,,0.0,0.0,Urban,0.0,,,Fine
155699,1936654.0,5645404.0,545911.0,0.0,0.0,1.0,East,2006/2007,AROPAOANUI ROAD,SH 2,Non-Injury Crash,No,2007,North,0.0,1.0,Hill Road,0.0,,0.0,0.0,Bright sun,1415200.0,0.0,0.0,0.0,2.0,0.0,0.0,,Hawke's Bay Region,Nil,2-way,Sealed,0.0,0.0,0.0,100.0,0.0,Null,0.0,0.0,,30.0,Hastings District,Nil,0.0,0.0,0.0,0.0,0.0,0.0,Open,0.0,0.0,0.0,Fine
78297,1927094.0,5607509.0,545761.0,0.0,0.0,0.0,North,2006/2007,WILSON ROAD,MANCHESTER ST,Non-Injury Crash,No,2007,South,0.0,0.0,Flat,0.0,,0.0,0.0,Bright sun,1470003.0,0.0,0.0,0.0,2.0,1.0,1.0,,Hawke's Bay Region,Nil,2-way,Sealed,0.0,0.0,0.0,50.0,0.0,Null,0.0,0.0,,30.0,Hastings District,Nil,0.0,0.0,0.0,0.0,0.0,0.0,Urban,1.0,0.0,0.0,Fine
64747,1926218.0,5606304.0,545761.0,0.0,0.0,0.0,Null,2015/2016,FLAXMERE AVENUE,SH 50A,Minor Crash,Yes,2016,East,0.0,,Flat,,,,,Bright sun,1469905.0,1.0,1.0,0.0,2.0,0.0,,,Hawke's Bay Region,Nil,2-way,Sealed,0.0,0.0,,100.0,,Null,0.0,0.0,,30.0,Hastings District,Give way,,,,,0.0,0.0,Open,1.0,,,Fine
530213,1934003.0,5600974.0,548832.0,0.0,0.0,1.0,North,2002/2003,GREENWOOD ROAD,TOKOMARU DRIVE,Non-Injury Crash,No,2003,South,0.0,0.0,Hill Road,0.0,,0.0,0.0,Dark,1510800.0,0.0,0.0,0.0,2.0,0.0,0.0,,Hawke's Bay Region,Nil,2-way,Sealed,0.0,0.0,0.0,50.0,0.0,On,0.0,0.0,,30.0,Hastings District,Nil,0.0,0.0,0.0,0.0,0.0,0.0,Urban,0.0,0.0,0.0,Fine
208240,1913239.0,5635533.0,545821.0,0.0,0.0,0.0,South,2008/2009,PUKETITIRI ROAD,WAIHAU ROAD,Minor Crash,No,2009,West,0.0,1.0,Hill Road,0.0,,0.0,0.0,Overcast,1412300.0,1.0,0.0,0.0,2.0,0.0,0.0,,Hawke's Bay Region,Nil,2-way,Sealed,0.0,0.0,0.0,100.0,0.0,Null,0.0,0.0,,30.0,Hastings District,Nil,0.0,0.0,0.0,0.0,1.0,0.0,Open,0.0,0.0,0.0,Light rain
489237,1931069.0,5603846.0,548100.0,0.0,0.0,3.0,Null,2007/2008,ST AUBYN ST EAST,WINDSOR AVENUE,Non-Injury Crash,No,2008,East,0.0,,Flat,,,,,Bright sun,1500400.0,0.0,0.0,0.0,2.0,0.0,,,Hawke's Bay Region,Nil,2-way,Sealed,0.0,0.0,,50.0,,Null,0.0,0.0,,30.0,Hastings District,Give way,,,,,0.0,0.0,Urban,0.0,,,Fine
310968,1932801.0,5608139.0,545721.0,0.0,0.0,1.0,Null,2015/2016,RUAHAPIA ROAD,OTENE ROAD,Non-Injury Crash,No,2016,East,0.0,,Flat,,,,,Bright sun,1471800.0,0.0,0.0,0.0,2.0,0.0,,,Hawke's Bay Region,Nil,2-way,Sealed,0.0,0.0,,80.0,,Null,0.0,0.0,,30.0,Hastings District,Give way,,,,,0.0,0.0,Open,1.0,,,Fine
83217,1929367.0,5604909.0,548200.0,0.0,0.0,3.0,Null,2016/2017,SOUTHAMPTON ST WEST,KING ST SOUTH,Non-Injury Crash,No,2016,South,0.0,,Flat,,,,,Overcast,1489100.0,0.0,0.0,0.0,2.0,0.0,,,Hawke's Bay Region,Nil,2-way,Sealed,0.0,0.0,,50.0,,Null,0.0,0.0,,30.0,Hastings District,Give way,,,,,0.0,0.0,Urban,0.0,,,Fine
292157,1934596.0,5598656.0,548833.0,0.0,0.0,1.0,South,2002/2003,TE MATA PEAK ROAD,PARK GATE,Non-Injury Crash,No,2003,North,0.0,0.0,Hill Road,0.0,,0.0,0.0,Dark,1467003.0,0.0,0.0,0.0,2.0,0.0,0.0,,Hawke's Bay Region,Nil,2-way,Sealed,0.0,0.0,0.0,100.0,0.0,None,0.0,0.0,,30.0,Hastings District,Nil,0.0,0.0,0.0,0.0,0.0,0.0,Open,0.0,0.0,0.0,Fine
629435,1928677.0,5621877.0,545821.0,0.0,0.0,1.0,North,2015/2016,ROTOWHENUA ROAD,PUKETITIRI ROAD,Non-Injury Crash,No,2016,West,0.0,0.0,Flat,0.0,,0.0,0.0,Dark,1410801.0,0.0,0.0,0.0,2.0,0.0,0.0,,Hawke's Bay Region,Nil,2-way,Sealed,0.0,0.0,0.0,100.0,0.0,None,0.0,0.0,,30.0,Hastings District,Unknown,0.0,0.0,0.0,0.0,0.0,0.0,Open,0.0,0.0,0.0,Fine
666043,1932274.0,5609028.0,545721.0,0.0,0.0,1.0,Null,2000/2001,PAKOWHAI ROAD,RUAHAPIA ROAD,Minor Crash,No,2001,South,0.0,,Flat,,,,,Dark,1471600.0,3.0,0.0,0.0,3.0,0.0,,,Hawke's Bay Region,Nil,2-way,Sealed,0.0,0.0,,100.0,,On,0.0,0.0,,30.0,Hastings District,Give way,,,,,0.0,0.0,Open,1.0,,,Light rain
677811,1935115.0,5633612.0,545812.0,0.0,0.0,1.0,South,2014/2015,SH 2,WHIRINAKI ROAD,Non-Injury Crash,Yes,2014,South,0.0,0.0,Flat,0.0,,0.0,0.0,Overcast,1414903.0,0.0,0.0,0.0,2.0,0.0,0.0,,Hawke's Bay Region,Nil,2-way,Sealed,0.0,0.0,0.0,100.0,0.0,Null,0.0,0.0,,30.0,Hastings District,Unknown,0.0,0.0,0.0,0.0,0.0,0.0,Open,0.0,0.0,0.0,Fine
702296,1934095.0,5601255.0,548832.0,0.0,0.0,1.0,South,2003/2004,SIMLA AVENUE,TE MATA PEAK ROAD,Non-Injury Crash,No,2004,North,0.0,,Hill Road,,,,,Bright sun,1466704.0,0.0,0.0,0.0,2.0,0.0,,,Hawke's Bay Region,Nil,2-way,Sealed,0.0,0.0,,50.0,,Null,0.0,0.0,,30.0,Hastings District,Nil,,,,,0.0,0.0,Urban,0.0,,,Fine
427528,1930891.0,5605473.0,548000.0,0.0,0.0,3.0,North,2007/2008,KARAMU ROAD NORTH,DUCHESS CRESCENT,Non-Injury Crash,No,2007,North,0.0,,Flat,,,,,Bright sun,1497400.0,0.0,0.0,0.0,2.0,0.0,,,Hawke's Bay Region,Nil,2-way,Sealed,0.0,0.0,,50.0,,Null,0.0,0.0,,30.0,Hastings District,Nil,,,,,0.0,0.0,Urban,0.0,,,Fine
590079,1930149.0,5604677.0,548200.0,0.0,0.0,1.0,Null,2008/2009,QUEEN ST EAST,HASTINGS ST NORTH,Non-Injury Crash,No,2009,East,0.0,,Flat,,,,,Twilight,1493400.0,0.0,0.0,0.0,2.0,0.0,,,Hawke's Bay Region,Nil,2-way,Sealed,0.0,0.0,,50.0,,On,0.0,0.0,,30.0,Hastings District,Give way,,,,,0.0,0.0,Urban,1.0,,,Fine
525286,1926198.0,5606305.0,545761.0,0.0,0.0,2.0,West,2015/2016,FLAXMERE AVENUE,SH 50A,Non-Injury Crash,No,2016,East,0.0,,Flat,,,,,Bright sun,1469905.0,0.0,0.0,0.0,2.0,0.0,,,Hawke's Bay Region,Nil,2-way,Sealed,0.0,0.0,,100.0,,Null,0.0,0.0,,30.0,Hastings District,Unknown,,,,,0.0,0.0,Open,0.0,,,Fine
110900,1907249.0,5677137.0,545911.0,0.0,0.0,0.0,North,2014/2015,SH 5,POHOKURA ROAD,Minor Crash,Yes,2015,North,0.0,0.0,Hill Road,0.0,,0.0,0.0,Bright sun,1281200.0,1.0,0.0,0.0,2.0,0.0,0.0,,Hawke's Bay Region,Nil,2-way,Sealed,0.0,0.0,0.0,100.0,0.0,Null,0.0,0.0,,30.0,Hastings District,Unknown,0.0,0.0,0.0,1.0,0.0,0.0,Open,1.0,0.0,0.0,Fine
113206,1927323.0,5607109.0,548500.0,0.0,0.0,0.0,North,2001/2002,KOTUKU ST,KIWI ST,Non-Injury Crash,No,2001,West,0.0,0.0,Flat,0.0,,0.0,0.0,Overcast,1478000.0,0.0,0.0,0.0,2.0,0.0,1.0,,Hawke's Bay Region,Nil,2-way,Sealed,0.0,0.0,0.0,50.0,0.0,Null,0.0,0.0,,30.0,Hastings District,Nil,0.0,0.0,0.0,0.0,0.0,0.0,Urban,2.0,0.0,0.0,Fine
392294,1931359.0,5614688.0,545831.0,0.0,0.0,1.0,South,2010/2011,SH 50,MEEANEE ON SBD,Non-Injury Crash,Yes,2011,North,0.0,,Flat,,,,,Bright sun,1404600.0,0.0,0.0,0.0,2.0,0.0,,,Hawke's Bay Region,Nil,2-way,Sealed,0.0,0.0,,100.0,,Null,0.0,0.0,,30.0,Hastings District,Nil,,,,,1.0,0.0,Open,1.0,,,Fine