OBJECTID,X,Y,areaUnitID,bicycle,bus,carStationWagon,crashDirectionDescription,crashFinancialYear,crashLocation1,crashLocation2,crashSeverity,crashSHDescription,crashYear,directionRoleDescription,fatalCount,fence,flatHill,guardRail,holiday,houseOrBuilding,kerb,light,meshblockId,minorInjuryCount,moped,motorcycle,NumberOfLanes,otherVehicleType,parkedVehicle,pedestrian,region,roadCharacter,roadLane,roadSurface,schoolBus,seriousInjuryCount,slipOrFlood,speedLimit,strayAnimal,streetLight,suv,taxi,temporarySpeedLimit,tlaId,tlaName,trafficControl,trafficIsland,trafficSign,train,tree,truck,unknownVehicleType,urban,vanOrUtility,vehicle,waterRiver,weatherA
133156,1929731.0,5605032.0,548200.0,0.0,0.0,2.0,North,2005/2006,HERETAUNGA ST WEST,MARKET ST SOUTH,Non-Injury Crash,No,2006,West,0.0,,Flat,,,,,Overcast,1491200.0,0.0,0.0,0.0,2.0,0.0,,,Hawke's Bay Region,Nil,2-way,Sealed,0.0,0.0,,50.0,,Null,0.0,0.0,,30.0,Hastings District,Nil,,,,,0.0,0.0,Urban,0.0,,,Light rain
187941,1925037.0,5606697.0,548620.0,0.0,0.0,2.0,Null,1999/2000,SWANSEA ROAD,PETERHEAD AVENUE,Non-Injury Crash,No,2000,West,0.0,,Flat,,,,,Bright sun,1473700.0,0.0,0.0,0.0,2.0,0.0,,,Hawke's Bay Region,Nil,2-way,Sealed,0.0,0.0,,50.0,,Null,0.0,0.0,,30.0,Hastings District,Give way,,,,,0.0,0.0,Urban,0.0,,,Fine
3221,1927296.0,5605131.0,545761.0,0.0,0.0,2.0,Null,2010/2011,MARAEKAKAHO ROAD,YORK ROAD,Minor Crash,No,2011,North,0.0,,Flat,,,,,Overcast,1469905.0,2.0,0.0,0.0,2.0,0.0,,,Hawke's Bay Region,Nil,2-way,Sealed,0.0,0.0,,70.0,,Null,0.0,0.0,,30.0,Hastings District,Give way,,,,,0.0,0.0,Urban,0.0,,,Fine
210789,1937631.0,5594920.0,545860.0,0.0,0.0,1.0,North,2008/2009,WAIMARAMA ROAD,LOPEZ LANE,Minor Crash,No,2009,South,0.0,1.0,Hill Road,0.0,,0.0,0.0,Dark,1467400.0,1.0,0.0,0.0,2.0,0.0,0.0,,Hawke's Bay Region,Nil,2-way,Sealed,0.0,0.0,0.0,100.0,0.0,None,0.0,0.0,,30.0,Hastings District,Nil,0.0,1.0,0.0,0.0,0.0,0.0,Open,0.0,0.0,0.0,Heavy rain
225608,1935041.0,5610697.0,545832.0,0.0,0.0,1.0,West,2009/2010,FARNDON ROAD,SH 2,Non-Injury Crash,No,2009,North,0.0,0.0,Flat,1.0,,0.0,0.0,Dark,1404300.0,0.0,0.0,0.0,2.0,0.0,0.0,,Hawke's Bay Region,Nil,2-way,Sealed,0.0,0.0,0.0,100.0,0.0,None,0.0,0.0,,30.0,Hastings District,Nil,0.0,0.0,0.0,0.0,0.0,0.0,Open,0.0,0.0,0.0,Fine
361108,1929681.0,5605328.0,548200.0,0.0,0.0,2.0,East,1999/2000,Z DWAY,QUEEN/NESON,Non-Injury Crash,No,2000,Null,0.0,,Flat,,Easter,,,Bright sun,1490800.0,0.0,0.0,0.0,2.0,0.0,,,Hawke's Bay Region,Nil,Off road,Sealed,0.0,0.0,,50.0,,Null,0.0,0.0,,30.0,Hastings District,Nil,,,,,0.0,0.0,Urban,0.0,,,Fine
681171,1938969.0,5608431.0,545740.0,0.0,0.0,1.0,East,2000/2001,BEACH ROAD,SPRINGFIELD ROAD,Non-Injury Crash,No,2000,North,0.0,1.0,Flat,0.0,,0.0,0.0,Twilight,1407400.0,0.0,0.0,0.0,2.0,0.0,0.0,,Hawke's Bay Region,Nil,2-way,Sealed,0.0,0.0,0.0,50.0,0.0,On,0.0,0.0,,30.0,Hastings District,Nil,0.0,0.0,0.0,0.0,0.0,0.0,Urban,0.0,0.0,0.0,Fine
226101,1935152.0,5647187.0,545911.0,0.0,0.0,1.0,South,2016/2017,SH 2,WAIKOAU BR,Non-Injury Crash,Yes,2016,North,0.0,0.0,Flat,0.0,,0.0,0.0,Bright sun,1415400.0,0.0,0.0,0.0,2.0,0.0,0.0,,Hawke's Bay Region,Nil,2-way,Sealed,0.0,0.0,0.0,100.0,0.0,Null,0.0,0.0,,30.0,Hastings District,Unknown,0.0,0.0,0.0,0.0,0.0,0.0,Open,0.0,0.0,0.0,Fine
421915,1930090.0,5604957.0,548200.0,0.0,0.0,2.0,Null,2001/2002,KARAMU ROAD NORTH,AVENUE ROAD EAST,Non-Injury Crash,No,2001,East,0.0,,Flat,,,,,Bright sun,1492900.0,0.0,0.0,0.0,2.0,0.0,,,Hawke's Bay Region,Nil,2-way,Sealed,0.0,0.0,,50.0,,Null,0.0,0.0,,30.0,Hastings District,Stop,,,,,0.0,0.0,Urban,0.0,,,Fine
710836,1930922.0,5605729.0,548000.0,0.0,0.0,2.0,South,2010/2011,FREDERICK ST,CAROLINE ROAD,Non-Injury Crash,No,2010,South,0.0,,Flat,,,,,Overcast,1495700.0,0.0,0.0,0.0,2.0,0.0,,,Hawke's Bay Region,Nil,2-way,Sealed,0.0,0.0,,50.0,,Null,0.0,0.0,,30.0,Hastings District,Nil,,,,,0.0,0.0,Urban,0.0,,,Fine
550109,1931454.0,5614991.0,545831.0,0.0,0.0,2.0,South,2004/2005,SH 50,TUTAEKURI BR,Non-Injury Crash,Yes,2005,North,0.0,,Flat,,,,,Bright sun,1404600.0,0.0,0.0,0.0,2.0,0.0,,,Hawke's Bay Region,Nil,2-way,Sealed,0.0,0.0,,100.0,,Null,0.0,0.0,,30.0,Hastings District,Nil,,,,,0.0,0.0,Open,0.0,,,Fine
377761,1920221.0,5642789.0,545811.0,0.0,0.0,1.0,West,2015/2016,SH 5,PENINSULA ROAD (FORESTRY),Non-Injury Crash,Yes,2016,East,0.0,,Hill Road,,,,,Dark,1414700.0,0.0,0.0,0.0,3.0,0.0,,,Hawke's Bay Region,Nil,2-way,Sealed,0.0,0.0,,100.0,,None,0.0,0.0,50.0,30.0,Hastings District,Nil,,,,,1.0,0.0,Open,0.0,,,Fine
430678,1928831.0,5606219.0,547700.0,0.0,0.0,2.0,East,2002/2003,HERETAUNGA ST WEST,PAKOWHAI ROAD,Non-Injury Crash,No,2003,South,0.0,,Flat,,,,,Overcast,1486600.0,0.0,0.0,0.0,2.0,0.0,,,Hawke's Bay Region,Nil,2-way,Sealed,0.0,0.0,,50.0,,Null,0.0,0.0,,30.0,Hastings District,Nil,,,,,0.0,0.0,Urban,0.0,,,Light rain
430310,1932274.0,5609028.0,545721.0,0.0,0.0,0.0,Null,2007/2008,PAKOWHAI ROAD,RUAHAPIA ROAD,Non-Injury Crash,No,2007,South,0.0,,Flat,,,,,Overcast,1471600.0,0.0,0.0,0.0,2.0,0.0,,,Hawke's Bay Region,Nil,2-way,Sealed,0.0,0.0,,100.0,,Null,0.0,0.0,,30.0,Hastings District,Give way,,,,,1.0,0.0,Open,1.0,,,Fine
552975,1931813.5669999998,5607414.0619,545721.0,0.0,0.0,1.0,North,2019/2020,ELWOOD ROAD,OTENE ROAD,Non-Injury Crash,No,2019,North,0.0,1.0,Flat,0.0,,0.0,0.0,Overcast,1471500.0,0.0,0.0,0.0,2.0,0.0,0.0,,Hawke's Bay Region,Nil,2-way,Sealed,0.0,0.0,0.0,80.0,0.0,None,0.0,0.0,,30.0,Hastings District,Nil,0.0,0.0,0.0,0.0,0.0,0.0,Open,0.0,0.0,0.0,Light rain
266819,1929743.0,5605218.0,548200.0,0.0,0.0,2.0,North,2003/2004,QUEEN ST WEST,KING ST NORTH,Non-Injury Crash,No,2004,South,0.0,,Flat,,,,,Overcast,1490800.0,0.0,0.0,0.0,2.0,0.0,,,Hawke's Bay Region,Nil,2-way,Sealed,0.0,0.0,,50.0,,Null,0.0,0.0,,30.0,Hastings District,Nil,,,,,0.0,0.0,Urban,0.0,,,Fine
164398,1934097.0,5603334.0,545750.0,0.0,0.0,0.0,West,2000/2001,THOMPSON ROAD,TE MATA MANGATERETERE ROA,Serious Crash,No,2001,North,0.0,,Flat,,,,,Bright sun,1466300.0,0.0,0.0,0.0,2.0,0.0,,,Hawke's Bay Region,Nil,2-way,Sealed,0.0,1.0,,100.0,,Null,0.0,0.0,,30.0,Hastings District,Nil,,,,,1.0,0.0,Open,0.0,,,Fine
506850,1932708.0,5601763.0,548831.0,0.0,0.0,2.0,South,2015/2016,PORTER DRIVE,NAPIER ROAD,Non-Injury Crash,No,2015,North,0.0,,Flat,,,,,Bright sun,1509700.0,0.0,0.0,0.0,1.0,0.0,,,Hawke's Bay Region,Nil,2-way,Sealed,0.0,0.0,,50.0,,Null,0.0,0.0,,30.0,Hastings District,Unknown,,,,,0.0,0.0,Urban,0.0,,,Fine
26560,1927609.0,5602039.0,545762.0,0.0,0.0,1.0,South,2014/2015,LONGLANDS ROAD EAST,RAILWAY ROAD SOUTH,Non-Injury Crash,No,2014,South,0.0,0.0,Flat,0.0,,0.0,0.0,Overcast,1468200.0,0.0,0.0,0.0,2.0,0.0,0.0,,Hawke's Bay Region,Nil,2-way,Sealed,0.0,0.0,0.0,100.0,0.0,Null,0.0,0.0,,30.0,Hastings District,Nil,0.0,0.0,0.0,1.0,0.0,0.0,Open,0.0,0.0,0.0,Light rain
257893,1929850.0,5605477.0,548200.0,0.0,0.0,2.0,Null,2016/2017,ST AUBYN ST WEST,NELSON ST NORTH,Non-Injury Crash,No,2017,South,0.0,,Flat,,,,,Bright sun,1490405.0,0.0,0.0,0.0,4.0,0.0,,,Hawke's Bay Region,Nil,2-way,Sealed,0.0,0.0,,50.0,,Null,0.0,0.0,,30.0,Hastings District,Traffic Signals,,,,,0.0,0.0,Urban,0.0,,,Fine
258428,1929951.0,5604741.0,548200.0,0.0,0.0,1.0,North,2010/2011,HERETAUNGA ST EAST,WARREN ST SOUTH,Non-Injury Crash,No,2011,West,0.0,0.0,Flat,0.0,,0.0,0.0,Bright sun,1492700.0,0.0,0.0,0.0,2.0,0.0,1.0,,Hawke's Bay Region,Nil,2-way,Sealed,0.0,0.0,0.0,50.0,0.0,Null,1.0,0.0,,30.0,Hastings District,Nil,0.0,0.0,0.0,0.0,0.0,0.0,Urban,0.0,0.0,0.0,Fine
110744,1928807.0,5606251.0,547700.0,0.0,0.0,3.0,Null,2009/2010,HERETAUNGA ST WEST,MARAEKAKAHO ROAD,Non-Injury Crash,No,2009,West,0.0,,Flat,,,,,Dark,1486600.0,0.0,0.0,0.0,2.0,0.0,,,Hawke's Bay Region,Nil,2-way,Sealed,0.0,0.0,,50.0,,On,0.0,0.0,,30.0,Hastings District,Give way,,,,,0.0,0.0,Urban,0.0,,,Fine
279525,1929468.0,5605379.0,548200.0,0.0,0.0,1.0,Null,2002/2003,HERETAUNGA ST WEST,SOUTHLAND ROAD,Minor Crash,No,2003,South,0.0,0.0,Flat,0.0,,1.0,0.0,Dark,1490100.0,1.0,0.0,0.0,3.0,0.0,0.0,,Hawke's Bay Region,Nil,2-way,Sealed,0.0,0.0,0.0,50.0,0.0,On,0.0,0.0,,30.0,Hastings District,Stop,0.0,0.0,0.0,0.0,0.0,0.0,Urban,0.0,0.0,0.0,Fine
75856,1927296.0,5605131.0,545761.0,0.0,0.0,2.0,Null,2006/2007,YORK ROAD,MARAEKAKAHO ROAD,Minor Crash,No,2007,East,0.0,,Flat,,,,,Dark,1469905.0,1.0,0.0,0.0,2.0,0.0,,,Hawke's Bay Region,Nil,2-way,Sealed,0.0,0.0,,100.0,,On,0.0,0.0,,30.0,Hastings District,Give way,,,,,0.0,0.0,Open,0.0,,,Light rain
63185,1924049.0,5590193.0,545851.0,0.0,0.0,0.0,South,1999/2000,MIDDLE ROAD,BLIND ROAD,Serious Crash,No,2000,South,0.0,0.0,Hill Road,0.0,,0.0,0.0,Overcast,1465903.0,0.0,0.0,1.0,2.0,0.0,0.0,,Hawke's Bay Region,Nil,2-way,Sealed,0.0,1.0,0.0,100.0,0.0,Null,0.0,0.0,,30.0,Hastings District,Nil,0.0,0.0,0.0,0.0,0.0,0.0,Open,0.0,0.0,0.0,Fine
349635,1924399.0,5603646.0,545842.0,0.0,0.0,2.0,Null,2010/2011,MARAEKAKAHO ROAD,STOCK ROAD,Non-Injury Crash,No,2010,East,0.0,,Flat,,,,,Bright sun,1470213.0,0.0,0.0,0.0,2.0,0.0,,,Hawke's Bay Region,Nil,2-way,Sealed,0.0,0.0,,100.0,,Null,0.0,0.0,,30.0,Hastings District,Stop,,,,,0.0,0.0,Open,0.0,,,Fine
504501,1934663.0,5646509.0,545911.0,0.0,0.0,1.0,South,2002/2003,SH 2,DEVILS ELBOW,Non-Injury Crash,Yes,2002,North,0.0,0.0,Hill Road,1.0,,0.0,0.0,Overcast,1415200.0,0.0,0.0,0.0,2.0,0.0,0.0,,Hawke's Bay Region,Nil,2-way,Sealed,0.0,0.0,0.0,100.0,0.0,Null,0.0,0.0,,30.0,Hastings District,Nil,0.0,0.0,0.0,0.0,0.0,0.0,Open,0.0,0.0,0.0,Fine
307333,1930875.0,5613349.0,545831.0,0.0,0.0,0.0,South,2004/2005,SH 50A,SH 50,Minor Crash,Yes,2004,North,0.0,,Flat,,,,,Bright sun,1404500.0,1.0,0.0,0.0,2.0,0.0,,,Hawke's Bay Region,Nil,2-way,Sealed,0.0,0.0,,100.0,,Null,0.0,0.0,,30.0,Hastings District,Nil,,,,,1.0,0.0,Open,1.0,,,Fine
114036,1941501.0,5605387.0,545740.0,0.0,0.0,0.0,South,2014/2015,CLIFTON ROAD,OREGON ROAD,Serious Crash,No,2014,North,0.0,,Flat,,Christmas New Year,,,Bright sun,1407901.0,0.0,0.0,1.0,2.0,0.0,,,Hawke's Bay Region,Nil,2-way,Sealed,0.0,1.0,,50.0,,Null,0.0,0.0,,30.0,Hastings District,Nil,,,,,0.0,0.0,Urban,0.0,,,Fine
124866,1932274.0,5609028.0,545721.0,0.0,0.0,1.0,Null,2011/2012,PAKOWHAI ROAD,RUAHAPIA ROAD,Serious Crash,No,2012,South,0.0,,Flat,,,,,Overcast,1471600.0,1.0,0.0,0.0,2.0,0.0,,,Hawke's Bay Region,Nil,2-way,Sealed,0.0,1.0,,100.0,,Null,0.0,0.0,,30.0,Hastings District,Give way,,,,,1.0,0.0,Open,0.0,,,Fine
123009,1927926.0,5607108.0,548500.0,0.0,0.0,2.0,East,2001/2002,OMAHU ROAD,STONYCROFT ST,Non-Injury Crash,No,2001,West,0.0,,Flat,,,,,Bright sun,1478500.0,0.0,0.0,0.0,2.0,0.0,,,Hawke's Bay Region,Nil,2-way,Sealed,0.0,0.0,,50.0,,Null,0.0,0.0,,30.0,Hastings District,Nil,,,,,0.0,0.0,Urban,0.0,,,Fine
490034,1929395.0,5605508.0,548200.0,1.0,0.0,1.0,Null,2002/2003,Z CPK PAK N SAVE,CHARLES/HERETAUNGA,Serious Crash,No,2003,North,0.0,,Flat,,,,,Bright sun,1490100.0,0.0,0.0,0.0,1.0,0.0,,,Hawke's Bay Region,Nil,Off road,Sealed,0.0,1.0,,50.0,,Null,0.0,0.0,,30.0,Hastings District,Nil,,,,,0.0,0.0,Urban,0.0,,,Fine
313868,1929634.0,5605762.0,548200.0,0.0,0.0,1.0,Null,2007/2008,TOMOANA ROAD,ST AUBYN ST WEST,Non-Injury Crash,No,2008,North,0.0,,Flat,,,,,Bright sun,1490300.0,0.0,0.0,0.0,2.0,0.0,,,Hawke's Bay Region,Nil,2-way,Sealed,0.0,0.0,,50.0,,Null,1.0,0.0,,30.0,Hastings District,Traffic Signals,,,,,0.0,0.0,Urban,0.0,,,Fine
318697,1929315.0,5609163.0,545710.0,0.0,0.0,1.0,North,2017/2018,ORMOND ROAD,EVENDEN ROAD,Non-Injury Crash,No,2018,North,0.0,0.0,Flat,0.0,,0.0,0.0,Dark,1471100.0,0.0,0.0,0.0,2.0,0.0,0.0,,Hawke's Bay Region,Nil,2-way,Sealed,0.0,0.0,0.0,80.0,0.0,None,0.0,0.0,,30.0,Hastings District,Unknown,0.0,0.0,0.0,0.0,0.0,0.0,Open,0.0,0.0,0.0,Fine
175896,1932588.0,5601740.0,548831.0,0.0,0.0,2.0,West,2004/2005,Z CPK TREACHERS LANE,NAPIER ROAD,Non-Injury Crash,No,2005,South,0.0,0.0,Flat,0.0,,0.0,0.0,Bright sun,1509600.0,0.0,0.0,0.0,1.0,0.0,1.0,,Hawke's Bay Region,Nil,Off road,Sealed,0.0,0.0,0.0,50.0,0.0,Null,0.0,0.0,,30.0,Hastings District,Nil,0.0,0.0,0.0,0.0,0.0,0.0,Urban,0.0,0.0,0.0,Fine
228275,1930519.0,5604177.0,548100.0,0.0,0.0,1.0,North,2012/2013,QUEEN ST EAST,SYLVAN ROAD,Non-Injury Crash,No,2012,North,0.0,0.0,Flat,0.0,,0.0,0.0,Bright sun,1501100.0,0.0,0.0,0.0,2.0,0.0,1.0,,Hawke's Bay Region,Nil,2-way,Sealed,0.0,0.0,0.0,50.0,0.0,Null,0.0,0.0,,30.0,Hastings District,Nil,0.0,0.0,0.0,0.0,0.0,0.0,Urban,1.0,0.0,0.0,Fine
655685,1930185.0,5605031.0,548200.0,0.0,0.0,1.0,Null,2006/2007,ST AUBYN ST EAST,KARAMU ROAD NORTH,Minor Crash,No,2007,West,0.0,,Flat,,,,,Dark,1494100.0,1.0,0.0,0.0,3.0,0.0,,,Hawke's Bay Region,Nil,2-way,Sealed,0.0,0.0,,50.0,,On,0.0,0.0,,30.0,Hastings District,Traffic Signals,,,,,0.0,0.0,Urban,1.0,,,Light rain
451489,1929086.0,5606507.0,547700.0,0.0,0.0,1.0,Null,2016/2017,PAKOWHAI ROAD,FRIMLEY ROAD,Serious Crash,No,2017,South,0.0,,Flat,,,,,Dark,1485800.0,0.0,0.0,0.0,2.0,0.0,,1.0,Hawke's Bay Region,Nil,2-way,Sealed,0.0,1.0,,50.0,,On,0.0,0.0,,30.0,Hastings District,Traffic Signals,,,,,0.0,0.0,Urban,0.0,,,Light rain
133855,1929956.0,5604530.0,548200.0,0.0,0.0,2.0,Null,2004/2005,HASTINGS ST SOUTH,EASTBOURNE ST EAST,Non-Injury Crash,No,2005,North,0.0,1.0,Flat,0.0,,0.0,0.0,Bright sun,1493200.0,0.0,0.0,0.0,2.0,0.0,0.0,,Hawke's Bay Region,Nil,2-way,Sealed,0.0,0.0,0.0,50.0,0.0,Null,0.0,0.0,,30.0,Hastings District,Give way,0.0,0.0,0.0,1.0,0.0,0.0,Urban,0.0,0.0,0.0,Fine
150166,1924591.0,5590887.0,545851.0,0.0,0.0,2.0,East,2007/2008,MIDDLE ROAD,ROWE ROAD,Non-Injury Crash,No,2008,North,0.0,,Flat,,,,,Bright sun,1466001.0,0.0,0.0,0.0,2.0,0.0,,,Hawke's Bay Region,Nil,2-way,Sealed,0.0,0.0,,100.0,,Null,0.0,0.0,,30.0,Hastings District,Nil,,,,,0.0,0.0,Open,0.0,,,Fine
280464,1930124.7693,5604833.5725,548200.0,0.0,0.0,1.0,South,2019/2020,WARREN STREET NORTH,AVENUE ROAD EAST,Non-Injury Crash,No,2019,South,0.0,0.0,Flat,0.0,,0.0,0.0,Bright sun,1493400.0,0.0,0.0,0.0,2.0,0.0,1.0,,Hawke's Bay Region,Nil,2-way,Sealed,0.0,0.0,0.0,50.0,0.0,Off,1.0,0.0,,30.0,Hastings District,Nil,0.0,0.0,0.0,0.0,0.0,0.0,Urban,0.0,0.0,0.0,Fine
217903,1933117.0,5602273.0,548831.0,0.0,0.0,1.0,North,2003/2004,NAPIER ROAD,GODDARD LANE,Minor Crash,No,2003,South,0.0,0.0,Flat,0.0,Labour Weekend,0.0,0.0,Overcast,1509100.0,1.0,0.0,0.0,2.0,0.0,0.0,,Hawke's Bay Region,Nil,2-way,Sealed,0.0,0.0,0.0,50.0,0.0,Null,0.0,0.0,,30.0,Hastings District,Nil,0.0,0.0,0.0,1.0,0.0,0.0,Urban,0.0,0.0,0.0,Light rain
616671,1936814.0,5608941.0,545722.0,0.0,0.0,1.0,South,2005/2006,LAWN ROAD,MILL ROAD,Non-Injury Crash,No,2005,North,0.0,0.0,Flat,0.0,,0.0,0.0,Dark,1406300.0,0.0,0.0,0.0,2.0,0.0,0.0,,Hawke's Bay Region,Nil,2-way,Sealed,0.0,0.0,0.0,100.0,0.0,None,0.0,0.0,,30.0,Hastings District,Nil,0.0,0.0,0.0,0.0,0.0,0.0,Open,0.0,0.0,0.0,Heavy rain
490572,1928819.0,5606235.0,547700.0,0.0,0.0,1.0,East,2008/2009,HERETAUNGA ST WEST,PAKOWHAI ROAD,Non-Injury Crash,No,2008,East,0.0,0.0,Flat,0.0,,0.0,0.0,Bright sun,1486600.0,0.0,0.0,0.0,2.0,0.0,2.0,,Hawke's Bay Region,Nil,2-way,Sealed,0.0,0.0,0.0,50.0,0.0,Null,0.0,0.0,,30.0,Hastings District,Nil,0.0,0.0,0.0,0.0,0.0,0.0,Urban,2.0,0.0,0.0,Fine
242812,1930122.0,5604303.0,548200.0,0.0,0.0,0.0,Null,2000/2001,WILLOWPARK ROAD SOUTH,EASTBOURNE ST EAST,Serious Crash,No,2000,South,0.0,,Flat,,,,,Bright sun,1493800.0,0.0,1.0,0.0,2.0,0.0,,,Hawke's Bay Region,Nil,2-way,Sealed,0.0,1.0,,50.0,,Null,0.0,0.0,,30.0,Hastings District,Nil,,,,,0.0,0.0,Urban,1.0,,,Fine
533263,1934239.5042,5607459.8316,545722.0,0.0,0.0,2.0,Null,2019/2020,SH 51,GILES LANE,Non-Injury Crash,Yes,2019,North,0.0,,Null,,,,,Unknown,1406400.0,0.0,0.0,0.0,2.0,0.0,,,Hawke's Bay Region,Nil,2-way,Sealed,0.0,0.0,,80.0,,Null,0.0,0.0,,30.0,Hastings District,Nil,,,,,0.0,0.0,Open,0.0,,,Null
699540,1929850.0,5605477.0,548200.0,0.0,0.0,0.0,Null,2017/2018,ST AUBYN ST WEST,NELSON ST NORTH,Minor Crash,No,2018,South,0.0,,Flat,,,,,Dark,1490405.0,2.0,0.0,0.0,5.0,0.0,,,Hawke's Bay Region,Nil,2-way,Sealed,0.0,0.0,,50.0,,On,1.0,0.0,,30.0,Hastings District,Traffic Signals,,,,,0.0,0.0,Urban,1.0,,,Fine
691900,1928982.0,5602949.0,545762.0,0.0,0.0,1.0,Null,2005/2006,TOLLEMACHE ROAD EAST,RIVERSLEA ROAD SOUTH,Non-Injury Crash,No,2006,East,0.0,0.0,Flat,0.0,,0.0,0.0,Bright sun,1468200.0,0.0,0.0,0.0,2.0,0.0,0.0,,Hawke's Bay Region,Nil,2-way,Sealed,0.0,0.0,0.0,100.0,0.0,Null,0.0,0.0,,30.0,Hastings District,Give way,0.0,0.0,0.0,0.0,0.0,0.0,Open,0.0,0.0,0.0,Fine
719643,1927475.0,5620977.0,545821.0,0.0,0.0,1.0,South,2011/2012,PUKETAPU ROAD,PUKETITIRI ROAD,Non-Injury Crash,No,2011,North,0.0,1.0,Hill Road,0.0,,0.0,0.0,Dark,1411400.0,0.0,0.0,0.0,2.0,0.0,0.0,,Hawke's Bay Region,Nil,2-way,Sealed,0.0,0.0,0.0,100.0,0.0,None,0.0,0.0,,30.0,Hastings District,Nil,0.0,0.0,0.0,0.0,0.0,0.0,Open,0.0,0.0,0.0,Fine
678055,1925271.0,5598887.0,545852.0,0.0,0.0,1.0,Null,2001/2002,SH 2,STOCK ROAD,Non-Injury Crash,Yes,2001,South,0.0,,Flat,,,,,Bright sun,1465801.0,0.0,0.0,0.0,2.0,0.0,,,Hawke's Bay Region,Nil,2-way,Sealed,0.0,0.0,,100.0,,Null,0.0,0.0,,30.0,Hastings District,Stop,,,,,0.0,0.0,Open,1.0,,,Fine
546132,1932497.0,5601793.0,548810.0,0.0,0.0,1.0,Null,2001/2002,PORTER DRIVE,HAVELOCK ROAD,Minor Crash,No,2001,East,0.0,,Flat,,,,,Overcast,1505200.0,1.0,0.0,0.0,2.0,0.0,,,Hawke's Bay Region,Nil,2-way,Sealed,0.0,0.0,,50.0,,Null,0.0,0.0,,30.0,Hastings District,Give way,,,,,1.0,0.0,Urban,0.0,,,Light rain
345571,1929105.004,5605858.1329,547700.0,0.0,0.0,2.0,Null,2018/2019,HERETAUNGA STREET WEST,TOWNSHEND STREET,Non-Injury Crash,No,2019,North,0.0,,Flat,,,,,Dark,1487300.0,0.0,0.0,0.0,2.0,0.0,,,Hawke's Bay Region,Nil,2-way,Sealed,0.0,0.0,,50.0,,On,0.0,0.0,,30.0,Hastings District,Give way,,,,,0.0,0.0,Urban,0.0,,,Fine
174852,1924849.0,5607409.0,548612.0,0.0,0.0,1.0,South,2010/2011,CHATHAM ROAD,COLUMBUS CRESCENT,Minor Crash,No,2010,South,0.0,0.0,Flat,0.0,Christmas New Year,0.0,0.0,Dark,1474115.0,1.0,0.0,0.0,2.0,0.0,0.0,,Hawke's Bay Region,Nil,2-way,Sealed,0.0,0.0,0.0,50.0,0.0,On,0.0,0.0,,30.0,Hastings District,Nil,0.0,0.0,0.0,1.0,0.0,0.0,Urban,0.0,0.0,0.0,Fine
19249,1918959.2293,5652563.8829,545911.0,0.0,0.0,1.0,South,2018/2019,005-0220,OLSENS GATE,Minor Crash,Yes,2018,South,0.0,0.0,Hill Road,0.0,,0.0,0.0,Overcast,1415900.0,1.0,0.0,0.0,3.0,0.0,0.0,,Hawke's Bay Region,Nil,2-way,Sealed,0.0,0.0,0.0,100.0,0.0,None,0.0,0.0,,30.0,Hastings District,Unknown,0.0,0.0,0.0,1.0,0.0,0.0,Open,0.0,0.0,0.0,Heavy rain
676643,1934929.0,5647550.0,545911.0,0.0,0.0,1.0,North,2000/2001,SH 2,AROPAOANUI ROAD,Minor Crash,Yes,2000,South,0.0,0.0,Hill Road,0.0,,0.0,0.0,Overcast,1415400.0,1.0,0.0,0.0,2.0,0.0,0.0,,Hawke's Bay Region,Nil,2-way,Sealed,0.0,0.0,0.0,100.0,0.0,Null,0.0,0.0,,30.0,Hastings District,Nil,0.0,0.0,0.0,0.0,0.0,0.0,Open,0.0,0.0,0.0,Heavy rain
711682,1928857.0,5610482.0,545710.0,0.0,0.0,2.0,West,2004/2005,NICHOLL ROAD,RAUPARE ROAD,Non-Injury Crash,No,2004,East,0.0,0.0,Flat,0.0,,0.0,0.0,Bright sun,1470700.0,0.0,0.0,0.0,2.0,0.0,0.0,,Hawke's Bay Region,Nil,2-way,Sealed,0.0,0.0,0.0,100.0,0.0,Null,0.0,0.0,,30.0,Hastings District,Nil,0.0,0.0,0.0,0.0,0.0,0.0,Open,0.0,0.0,0.0,Fine
638371,1929299.0,5606239.0,547700.0,0.0,0.0,2.0,West,2007/2008,ST AUBYN ST WEST,BRUNSWICK ST,Non-Injury Crash,No,2008,East,0.0,0.0,Flat,0.0,,0.0,0.0,Dark,1486100.0,0.0,0.0,0.0,2.0,0.0,1.0,,Hawke's Bay Region,Nil,2-way,Sealed,0.0,0.0,0.0,50.0,0.0,On,0.0,0.0,,30.0,Hastings District,Nil,0.0,0.0,0.0,0.0,0.0,0.0,Urban,0.0,0.0,0.0,Fine
108237,1928960.0,5605436.0,547700.0,0.0,0.0,2.0,West,2004/2005,SOUTHAMPTON ST WEST,LASCELLES ST,Minor Crash,No,2005,East,0.0,0.0,Flat,0.0,,0.0,0.0,Overcast,1487500.0,1.0,0.0,0.0,2.0,0.0,0.0,,Hawke's Bay Region,Nil,2-way,Sealed,0.0,0.0,0.0,50.0,0.0,Null,0.0,1.0,,30.0,Hastings District,Nil,0.0,0.0,0.0,0.0,0.0,0.0,Urban,0.0,1.0,0.0,Fine