OBJECTID,X,Y,areaUnitID,bicycle,bus,carStationWagon,crashDirectionDescription,crashFinancialYear,crashLocation1,crashLocation2,crashSeverity,crashSHDescription,crashYear,directionRoleDescription,fatalCount,fence,flatHill,guardRail,holiday,houseOrBuilding,kerb,light,meshblockId,minorInjuryCount,moped,motorcycle,NumberOfLanes,otherVehicleType,parkedVehicle,pedestrian,region,roadCharacter,roadLane,roadSurface,schoolBus,seriousInjuryCount,slipOrFlood,speedLimit,strayAnimal,streetLight,suv,taxi,temporarySpeedLimit,tlaId,tlaName,trafficControl,trafficIsland,trafficSign,train,tree,truck,unknownVehicleType,urban,vanOrUtility,vehicle,waterRiver,weatherA
469965,1927419.6738,5606924.0214,548500.0,0.0,0.0,1.0,South,2018/2019,KIWI STREET,TAKAPU ROAD,Non-Injury Crash,No,2018,South,0.0,,Flat,,Christmas New Year,,,Dark,1478200.0,0.0,0.0,0.0,2.0,0.0,,,Hawke's Bay Region,Nil,2-way,Sealed,0.0,0.0,,50.0,,Off,0.0,0.0,,30.0,Hastings District,Unknown,,,,,0.0,0.0,Urban,1.0,,,Heavy rain
152002,1924047.0,5606957.0,548612.0,0.0,0.0,1.0,Null,2000/2001,PORTSMOUTH ROAD,CHATHAM ROAD,Non-Injury Crash,No,2000,South,0.0,,Flat,,,,,Dark,1474001.0,0.0,0.0,0.0,2.0,0.0,,,Hawke's Bay Region,Nil,2-way,Sealed,0.0,0.0,,50.0,,On,0.0,0.0,,30.0,Hastings District,Give way,,,,,0.0,0.0,Urban,1.0,,,Fine
559836,1930766.0,5603742.0,548100.0,0.0,0.0,2.0,East,2008/2009,HERETAUNGA ST EAST,LUMSDEN ROAD,Minor Crash,No,2009,East,0.0,,Flat,,,,,Dark,1500300.0,2.0,0.0,0.0,2.0,0.0,,,Hawke's Bay Region,Nil,2-way,Sealed,0.0,0.0,,50.0,,On,2.0,0.0,,30.0,Hastings District,Nil,,,,,0.0,0.0,Urban,0.0,,,Light rain
54985,1931128.0,5605444.0,548000.0,0.0,0.0,1.0,South,2003/2004,GROVE ROAD,SH 2,Non-Injury Crash,No,2003,East,0.0,,Flat,,,,,Bright sun,1497500.0,0.0,0.0,0.0,2.0,0.0,,,Hawke's Bay Region,Nil,2-way,Sealed,0.0,0.0,,50.0,,Null,0.0,0.0,,30.0,Hastings District,Nil,,,,,0.0,0.0,Urban,1.0,,,Fine
62355,1929102.3553,5605284.8507,547700.0,0.0,0.0,2.0,Null,2019/2020,CHARLES STREET,SOUTHAMPTON STREET WEST,Non-Injury Crash,No,2019,South,0.0,,Flat,,,,,Dark,1487700.0,0.0,0.0,0.0,2.0,0.0,,,Hawke's Bay Region,Nil,2-way,Sealed,0.0,0.0,,50.0,,On,0.0,0.0,,30.0,Hastings District,Give way,,,,,0.0,0.0,Urban,0.0,,,Light rain
267580,1917731.0,5653884.0,545912.0,0.0,0.0,1.0,South,2002/2003,SH 5,WAITARA ROAD,Fatal Crash,Yes,2003,North,1.0,0.0,Hill Road,1.0,,0.0,0.0,Dark,1414504.0,0.0,0.0,0.0,3.0,0.0,0.0,,Hawke's Bay Region,Nil,2-way,Sealed,0.0,0.0,0.0,100.0,0.0,None,0.0,0.0,,30.0,Hastings District,Nil,0.0,0.0,0.0,0.0,0.0,0.0,Open,0.0,0.0,0.0,Fine
674580,1927296.0,5605131.0,545761.0,0.0,0.0,2.0,Null,2003/2004,YORK ROAD,MARAEKAKAHO ROAD,Minor Crash,No,2004,North,0.0,,Flat,,,,,Twilight,1469905.0,2.0,0.0,0.0,2.0,0.0,,,Hawke's Bay Region,Nil,2-way,Sealed,0.0,0.0,,70.0,,On,0.0,0.0,,30.0,Hastings District,Give way,,,,,0.0,0.0,Urban,0.0,,,Fine
608567,1925103.0,5599775.0,545852.0,0.0,0.0,1.0,West,2001/2002,SH 50A,SH 2,Non-Injury Crash,Yes,2001,South,0.0,1.0,Flat,0.0,,0.0,0.0,Dark,1463700.0,0.0,0.0,0.0,2.0,0.0,0.0,,Hawke's Bay Region,Nil,2-way,Sealed,0.0,0.0,0.0,100.0,0.0,None,0.0,0.0,,30.0,Hastings District,Nil,0.0,0.0,0.0,0.0,0.0,0.0,Open,0.0,0.0,0.0,Fine
372112,1933897.0,5601991.0,548831.0,0.0,0.0,2.0,South,2012/2013,TE MATA ROAD,SIMLA AVENUE,Non-Injury Crash,No,2013,North,0.0,,Flat,,,,,Overcast,1510000.0,0.0,0.0,0.0,2.0,0.0,,,Hawke's Bay Region,Nil,2-way,Sealed,0.0,0.0,,50.0,,Null,0.0,0.0,,30.0,Hastings District,Give way,,,,,0.0,0.0,Urban,0.0,,,Light rain
418683,1928303.0,5605276.0,547900.0,0.0,0.0,1.0,North,2004/2005,GORDON ROAD,FLORENCE ST,Minor Crash,No,2005,South,0.0,,Flat,,,,,Bright sun,1480303.0,1.0,0.0,0.0,2.0,0.0,,1.0,Hawke's Bay Region,Nil,2-way,Sealed,0.0,0.0,,50.0,,Null,0.0,0.0,,30.0,Hastings District,Nil,,,,,0.0,0.0,Urban,0.0,,,Fine
223962,1940604.0,5594756.0,545860.0,0.0,0.0,1.0,East,2014/2015,OCEAN BEACH ROAD,WAIMARAMA ROAD,Non-Injury Crash,No,2015,West,0.0,,Hill Road,,,,,Bright sun,1467600.0,0.0,0.0,0.0,2.0,0.0,,,Hawke's Bay Region,Nil,2-way,Sealed,0.0,0.0,,100.0,,Null,0.0,0.0,,30.0,Hastings District,Nil,,,,,0.0,0.0,Open,0.0,,,Fine
256481,1935731.0,5652119.0,545911.0,0.0,1.0,0.0,North,2002/2003,SH 2,TUTIRA RESERVE ROAD N,Serious Crash,Yes,2002,South,0.0,0.0,Flat,0.0,,0.0,0.0,Bright sun,1415200.0,5.0,0.0,0.0,2.0,0.0,0.0,,Hawke's Bay Region,Nil,2-way,Sealed,0.0,1.0,0.0,100.0,0.0,Null,0.0,0.0,,30.0,Hastings District,Nil,0.0,0.0,0.0,0.0,0.0,0.0,Open,1.0,0.0,0.0,Fine
532387,1931888.0,5602544.0,545762.0,0.0,0.0,0.0,South,2004/2005,HAVELOCK ROAD,ST ANDREWS ROAD,Fatal Crash,No,2004,South,1.0,,Flat,,,,,Dark,1468300.0,1.0,0.0,0.0,2.0,0.0,,1.0,Hawke's Bay Region,Nil,2-way,Sealed,0.0,0.0,,70.0,,On,0.0,0.0,,30.0,Hastings District,Nil,,,,,0.0,0.0,Urban,1.0,,,Fine
463091,1925926.9129,5608246.6701,548400.0,0.0,0.0,1.0,Null,2018/2019,OMAHU ROAD,CHATHAM ROAD,Non-Injury Crash,No,2019,East,0.0,,Flat,,,,,Overcast,1473300.0,0.0,0.0,0.0,3.0,0.0,,,Hawke's Bay Region,Nil,2-way,Sealed,0.0,0.0,,50.0,,Off,0.0,0.0,,30.0,Hastings District,Give way,,,,,0.0,0.0,Urban,1.0,,,Heavy rain
373618,1931041.0,5613829.0,545831.0,0.0,0.0,2.0,Null,2014/2015,SH 50,PAKOWHAI ON NBD,Non-Injury Crash,Yes,2015,North,0.0,,Flat,,,,,Bright sun,1404600.0,0.0,0.0,0.0,2.0,0.0,,,Hawke's Bay Region,Nil,2-way,Sealed,0.0,0.0,,100.0,,Null,0.0,0.0,,30.0,Hastings District,Traffic Signals,,,,,0.0,0.0,Open,0.0,,,Fine
346227,1930058.0,5604254.0,548200.0,0.0,0.0,3.0,Null,2010/2011,WILLOWPARK ROAD SOUTH,MADDISON ST,Non-Injury Crash,No,2011,North,0.0,0.0,Flat,0.0,,0.0,0.0,Bright sun,1493700.0,0.0,0.0,0.0,2.0,0.0,1.0,,Hawke's Bay Region,Nil,2-way,Sealed,0.0,0.0,0.0,50.0,0.0,Null,0.0,0.0,,30.0,Hastings District,Give way,0.0,0.0,0.0,0.0,0.0,0.0,Urban,0.0,0.0,0.0,Fine
690822,1925103.0,5606963.0,548620.0,0.0,0.0,1.0,Null,2004/2005,Z CPK FLAXMERE VILLAGE,SWANSEA/HENDERSON,Non-Injury Crash,No,2004,North,0.0,,Flat,,,,,Bright sun,1473700.0,0.0,0.0,0.0,1.0,0.0,,,Hawke's Bay Region,Nil,Off road,Sealed,0.0,0.0,,50.0,,Null,0.0,0.0,,30.0,Hastings District,Nil,,,,,0.0,0.0,Urban,1.0,,,Fine
724431,1929387.0,5614231.0,545831.0,0.0,0.0,1.0,Null,2008/2009,WAIOHIKI ROAD,SH 50,Non-Injury Crash,Yes,2009,South,0.0,,Flat,,,,,Overcast,1409400.0,0.0,0.0,0.0,2.0,0.0,,,Hawke's Bay Region,Nil,2-way,Sealed,0.0,0.0,,70.0,,Null,0.0,0.0,,30.0,Hastings District,Give way,,,,,0.0,0.0,Urban,1.0,,,Fine
629886,1930720.0,5648890.0,545811.0,0.0,0.0,2.0,East,2005/2006,DARKYS SPUR ROAD,HOLTS FOREST ROAD,Non-Injury Crash,No,2005,East,0.0,,Hill Road,,,,,Bright sun,1415500.0,0.0,0.0,0.0,1.0,0.0,,,Hawke's Bay Region,Nil,2-way,Unsealed,0.0,0.0,,100.0,,Null,0.0,0.0,,30.0,Hastings District,Nil,,,,,0.0,0.0,Open,0.0,,,Fine
565343,1929603.0,5632906.0,545811.0,0.0,0.0,2.0,South,2013/2014,SH 5,SHAW ROAD,Minor Crash,Yes,2014,South,0.0,,Flat,,,,,Bright sun,1414700.0,2.0,0.0,0.0,2.0,0.0,,,Hawke's Bay Region,Nil,2-way,Sealed,0.0,0.0,,100.0,,Null,0.0,0.0,,30.0,Hastings District,Unknown,,,,,0.0,0.0,Open,0.0,,,Fine
4275,1934752.0,5608793.0,545722.0,0.0,0.0,1.0,South,2008/2009,SH 2,RICHMOND ROAD,Minor Crash,Yes,2009,South,0.0,1.0,Flat,0.0,,0.0,0.0,Twilight,1406300.0,1.0,0.0,0.0,2.0,0.0,0.0,,Hawke's Bay Region,Nil,2-way,Sealed,0.0,0.0,0.0,100.0,0.0,Off,0.0,0.0,,30.0,Hastings District,Nil,0.0,0.0,0.0,0.0,0.0,0.0,Open,0.0,0.0,0.0,Light rain
386209,1931081.0,5613920.0,545831.0,0.0,0.0,2.0,North,2014/2015,SH 50,PAKOWHAI ON NBD,Serious Crash,Yes,2015,North,0.0,,Flat,,,,,Bright sun,1404600.0,2.0,0.0,0.0,3.0,0.0,,,Hawke's Bay Region,Nil,2-way,Sealed,0.0,1.0,,50.0,,Null,0.0,0.0,,30.0,Hastings District,Unknown,,,,,0.0,0.0,Urban,0.0,,,Fine
666113,1916971.0,5599571.0,545851.0,0.0,0.0,2.0,South,2016/2017,RAUKAWA ROAD,GREEN HILL ROAD,Non-Injury Crash,No,2016,North,0.0,0.0,Hill Road,0.0,,0.0,0.0,Dark,1464101.0,0.0,0.0,0.0,2.0,0.0,1.0,,Hawke's Bay Region,Nil,2-way,Sealed,0.0,0.0,0.0,100.0,0.0,None,0.0,0.0,,30.0,Hastings District,Unknown,0.0,0.0,0.0,0.0,0.0,0.0,Open,0.0,0.0,0.0,Fine
104251,1916073.0,5615847.0,545821.0,0.0,0.0,1.0,West,2015/2016,MATAPIRO ROAD,TAIHAPE ROAD,Non-Injury Crash,No,2015,North,0.0,0.0,Flat,0.0,,0.0,0.0,Dark,1410200.0,0.0,0.0,0.0,2.0,0.0,0.0,,Hawke's Bay Region,Nil,2-way,Sealed,0.0,0.0,0.0,100.0,0.0,None,0.0,0.0,,30.0,Hastings District,Unknown,0.0,0.0,0.0,0.0,0.0,0.0,Open,0.0,0.0,0.0,Fine
240234,1936348.0,5611361.0,545730.0,1.0,0.0,0.0,Null,2014/2015,SH 2,CLIVE BR,Serious Crash,Yes,2014,North,0.0,,Flat,,,,,Bright sun,1404800.0,0.0,0.0,0.0,2.0,0.0,,,Hawke's Bay Region,Bridge,2-way,Sealed,0.0,1.0,,50.0,,Null,0.0,0.0,,30.0,Hastings District,Unknown,,,,,1.0,0.0,Urban,0.0,,,Fine
160360,1929797.0,5605146.0,548200.0,0.0,0.0,2.0,South,2015/2016,QUEEN ST WEST,KING ST NORTH,Non-Injury Crash,No,2015,North,0.0,0.0,Flat,0.0,,0.0,0.0,Overcast,1491300.0,0.0,0.0,0.0,2.0,0.0,1.0,,Hawke's Bay Region,Nil,2-way,Sealed,0.0,0.0,0.0,50.0,0.0,Null,0.0,0.0,,30.0,Hastings District,Unknown,0.0,0.0,0.0,0.0,0.0,0.0,Urban,0.0,0.0,0.0,Fine
111851,1935166.0,5647150.0,545911.0,0.0,0.0,1.0,South,2016/2017,SH 2,WAIKOAU BR,Non-Injury Crash,Yes,2017,South,0.0,0.0,Hill Road,0.0,,0.0,0.0,Dark,1415400.0,0.0,0.0,0.0,2.0,0.0,0.0,,Hawke's Bay Region,Nil,2-way,Sealed,0.0,0.0,0.0,100.0,0.0,None,0.0,0.0,,30.0,Hastings District,Unknown,0.0,0.0,0.0,0.0,0.0,0.0,Open,0.0,0.0,0.0,Fine
213427,1935089.0,5648217.0,545911.0,0.0,0.0,1.0,North,2016/2017,SH 2,MCINTYRES ACCESS ROAD,Non-Injury Crash,Yes,2016,South,0.0,0.0,Hill Road,0.0,,0.0,0.0,Overcast,1415200.0,0.0,0.0,0.0,2.0,0.0,0.0,,Hawke's Bay Region,Nil,2-way,Sealed,0.0,0.0,0.0,100.0,0.0,None,0.0,0.0,,30.0,Hastings District,Unknown,0.0,1.0,0.0,0.0,0.0,0.0,Open,0.0,0.0,0.0,Light rain
140549,1929509.0,5608835.0,545710.0,0.0,0.0,1.0,Null,2017/2018,SH 50A,EVENDEN ROAD,Non-Injury Crash,Yes,2018,North,0.0,0.0,Flat,0.0,,0.0,0.0,Overcast,1471100.0,0.0,0.0,0.0,2.0,0.0,0.0,,Hawke's Bay Region,Nil,2-way,Sealed,0.0,0.0,0.0,100.0,0.0,Null,0.0,0.0,,30.0,Hastings District,Give way,0.0,0.0,0.0,0.0,0.0,0.0,Open,0.0,0.0,0.0,Light rain
194080,1929349.7439,5605547.8731,547700.0,0.0,0.0,0.0,Null,2019/2020,TOMOANA ROAD,HERETAUNGA STREET WEST,Non-Injury Crash,No,2019,South,0.0,,Flat,,,,,Bright sun,1487900.0,0.0,0.0,0.0,2.0,0.0,,1.0,Hawke's Bay Region,Nil,2-way,Sealed,0.0,0.0,,50.0,,None,0.0,0.0,,30.0,Hastings District,Give way,,,,,0.0,0.0,Urban,0.0,,,Fine
213604,1926879.0,5606860.0,545761.0,0.0,0.0,1.0,East,2000/2001,SH 50A,YORK ROAD,Non-Injury Crash,Yes,2000,West,0.0,0.0,Flat,0.0,,0.0,0.0,Bright sun,1469905.0,0.0,0.0,0.0,2.0,0.0,0.0,,Hawke's Bay Region,Nil,2-way,Sealed,0.0,0.0,0.0,70.0,0.0,Null,0.0,0.0,,30.0,Hastings District,Nil,0.0,0.0,0.0,0.0,0.0,0.0,Urban,0.0,0.0,0.0,Fine
619292,1935078.0,5633530.0,545812.0,0.0,0.0,0.0,South,2018/2019,SH 2,WHIRINAKI ROAD,Serious Crash,Yes,2018,North,0.0,1.0,Flat,0.0,,0.0,0.0,Overcast,1414903.0,0.0,0.0,1.0,2.0,0.0,0.0,,Hawke's Bay Region,Nil,2-way,Sealed,0.0,1.0,0.0,100.0,0.0,Null,0.0,0.0,,30.0,Hastings District,Unknown,0.0,0.0,0.0,0.0,0.0,0.0,Open,0.0,0.0,0.0,Fine
161810,1929795.0,5603731.0,548300.0,0.0,0.0,2.0,South,2005/2006,CLIVE ST,RIVERSLEA ROAD SOUTH,Non-Injury Crash,No,2005,North,0.0,0.0,Flat,0.0,,0.0,0.0,Bright sun,1504200.0,0.0,0.0,0.0,2.0,0.0,1.0,,Hawke's Bay Region,Nil,2-way,Sealed,0.0,0.0,0.0,50.0,0.0,Null,0.0,0.0,,30.0,Hastings District,Nil,0.0,0.0,0.0,0.0,0.0,0.0,Urban,0.0,0.0,0.0,Fine
640112,1930970.7078,5613580.6105,545831.0,0.0,1.0,1.0,Null,2019/2020,HAWKES BAY EXPRESSWAY,PAKOWHAI ROAD,Non-Injury Crash,Yes,2020,South,0.0,,Flat,,,,,Bright sun,1404600.0,0.0,0.0,0.0,2.0,0.0,,,Hawke's Bay Region,Nil,1-way,Sealed,0.0,0.0,,100.0,,Off,0.0,1.0,,30.0,Hastings District,Give way,,,,,0.0,0.0,Open,0.0,,,Fine
699237,1927930.0,5606447.0,548500.0,0.0,0.0,2.0,South,2004/2005,LOWE ST,KIWI ST,Non-Injury Crash,No,2004,North,0.0,0.0,Flat,0.0,,0.0,0.0,Overcast,1479500.0,0.0,0.0,0.0,2.0,0.0,1.0,,Hawke's Bay Region,Nil,2-way,Sealed,0.0,0.0,0.0,50.0,0.0,Null,0.0,0.0,,30.0,Hastings District,Nil,0.0,0.0,0.0,0.0,0.0,0.0,Urban,0.0,0.0,0.0,Heavy rain
142420,1932426.0,5610617.0,545832.0,0.0,0.0,1.0,South,2006/2007,PAKOWHAI ROAD,BROOKFIELDS ROAD,Non-Injury Crash,No,2006,South,0.0,0.0,Flat,0.0,,0.0,0.0,Dark,1404000.0,0.0,0.0,0.0,2.0,0.0,0.0,,Hawke's Bay Region,Nil,2-way,Sealed,0.0,0.0,0.0,100.0,0.0,On,0.0,0.0,,30.0,Hastings District,Nil,0.0,0.0,0.0,0.0,0.0,0.0,Open,0.0,0.0,0.0,Light rain
642,1929860.0,5604457.0,548200.0,0.0,0.0,1.0,Null,1999/2000,HASTINGS ST SOUTH,LYNDON ROAD EAST,Non-Injury Crash,No,2000,South,0.0,,Flat,,,,,Overcast,1493100.0,0.0,0.0,0.0,2.0,0.0,,,Hawke's Bay Region,Nil,2-way,Sealed,0.0,0.0,,50.0,,Null,0.0,0.0,,30.0,Hastings District,Give way,,,,,0.0,0.0,Urban,1.0,,,Fine
209271,1923352.0,5610218.0,545710.0,0.0,0.0,1.0,Null,2009/2010,SH 50,OMAHU ROAD,Non-Injury Crash,Yes,2010,South,0.0,,Flat,,,,,Bright sun,1470500.0,0.0,0.0,0.0,2.0,0.0,,,Hawke's Bay Region,Nil,2-way,Sealed,0.0,0.0,,50.0,,Null,0.0,0.0,,30.0,Hastings District,Give way,,,,,1.0,0.0,Urban,0.0,,,Fine
280325,1908936.0,5674694.0,545911.0,0.0,0.0,1.0,North,2007/2008,SH 5,TARAWERA TAV,Non-Injury Crash,Yes,2008,North,0.0,0.0,Hill Road,0.0,,0.0,0.0,Overcast,1281200.0,0.0,0.0,0.0,2.0,0.0,0.0,,Hawke's Bay Region,Nil,2-way,Sealed,0.0,0.0,0.0,100.0,0.0,Null,0.0,0.0,,30.0,Hastings District,Nil,0.0,0.0,0.0,0.0,0.0,0.0,Open,0.0,0.0,0.0,Light rain
217841,1929603.0,5600697.0,545762.0,0.0,0.0,1.0,East,2002/2003,TE AUTE ROAD,ST GEORGES ROAD,Non-Injury Crash,No,2002,East,0.0,1.0,Flat,0.0,,0.0,0.0,Bright sun,1465300.0,0.0,0.0,0.0,2.0,0.0,0.0,,Hawke's Bay Region,Nil,2-way,Sealed,0.0,0.0,0.0,100.0,0.0,Null,0.0,0.0,,30.0,Hastings District,Nil,0.0,0.0,0.0,1.0,0.0,0.0,Open,0.0,0.0,0.0,Fine
465151,1928842.0,5603900.0,547900.0,0.0,0.0,1.0,Null,2005/2006,RAILWAY ROAD,MURDOCH ROAD WEST,Non-Injury Crash,No,2006,West,0.0,,Flat,,,,,Bright sun,1482600.0,0.0,0.0,0.0,2.0,0.0,,,Hawke's Bay Region,Nil,2-way,Sealed,0.0,0.0,,70.0,,Null,0.0,0.0,,30.0,Hastings District,Stop,,,,,1.0,0.0,Urban,0.0,,,Fine
347439,1929821.0,5604912.0,548200.0,0.0,0.0,1.0,Null,2006/2007,RUSSELL ST NORTH,HERETAUNGA ST EAST,Non-Injury Crash,No,2006,West,0.0,0.0,Flat,0.0,,0.0,0.0,Bright sun,1492100.0,0.0,0.0,0.0,2.0,0.0,1.0,,Hawke's Bay Region,Nil,2-way,Sealed,0.0,0.0,0.0,50.0,0.0,Null,0.0,0.0,,30.0,Hastings District,Nil,0.0,0.0,0.0,0.0,1.0,0.0,Urban,0.0,0.0,0.0,Fine
502735,1930754.0,5605989.0,547600.0,0.0,0.0,2.0,North,2001/2002,FREDERICK ST,CAROLINE ROAD,Non-Injury Crash,No,2002,South,0.0,,Flat,,,,,Overcast,1484100.0,0.0,0.0,0.0,2.0,0.0,,,Hawke's Bay Region,Rail xing,2-way,Sealed,0.0,0.0,,50.0,,Null,0.0,0.0,,30.0,Hastings District,Traffic Signals,,,,,0.0,0.0,Urban,0.0,,,Fine
234100,1929584.0,5600691.0,545762.0,0.0,0.0,1.0,Null,2005/2006,TE AUTE ROAD,ST GEORGES ROAD,Non-Injury Crash,No,2005,West,0.0,,Flat,,,,,Overcast,1465300.0,0.0,0.0,0.0,2.0,0.0,,,Hawke's Bay Region,Nil,2-way,Sealed,0.0,0.0,,100.0,,Null,0.0,0.0,,30.0,Hastings District,Give way,,,,,1.0,0.0,Open,0.0,,,Fine
50094,1932508.0,5610276.0,545832.0,0.0,0.0,1.0,North,2007/2008,PAKOWHAI ROAD,GILBERTSON ROAD,Non-Injury Crash,No,2007,North,0.0,,Flat,,,,,Bright sun,1404100.0,0.0,0.0,0.0,2.0,0.0,,,Hawke's Bay Region,Nil,2-way,Sealed,0.0,0.0,,100.0,,Null,0.0,0.0,,30.0,Hastings District,Nil,,,,,1.0,0.0,Open,0.0,,,Fine
20753,1913096.0,5587000.0,545851.0,0.0,0.0,1.0,South,2017/2018,SH 2,WAIKAREAO ROAD,Serious Crash,Yes,2018,North,0.0,0.0,Hill Road,0.0,,0.0,0.0,Dark,1464600.0,0.0,0.0,0.0,2.0,0.0,0.0,,Hawke's Bay Region,Nil,2-way,Sealed,0.0,2.0,0.0,100.0,0.0,None,0.0,0.0,,30.0,Hastings District,Unknown,0.0,0.0,0.0,0.0,0.0,0.0,Open,0.0,0.0,0.0,Fine
314085,1935135.0,5640632.0,545811.0,0.0,0.0,2.0,North,2006/2007,SH 2,TANGOIO SETTLEMENT ROAD S,Non-Injury Crash,Yes,2007,South,0.0,0.0,Flat,0.0,,0.0,0.0,Dark,1415700.0,0.0,0.0,0.0,2.0,0.0,0.0,,Hawke's Bay Region,Nil,2-way,Sealed,0.0,0.0,0.0,100.0,0.0,None,0.0,0.0,,30.0,Hastings District,Nil,0.0,0.0,0.0,0.0,0.0,0.0,Open,0.0,0.0,0.0,Fine
478140,1929695.0,5604068.0,548300.0,0.0,0.0,2.0,West,2000/2001,FRENCH ST,WILLOWPARK ROAD SOUTH,Non-Injury Crash,No,2000,East,0.0,,Flat,,,,,Bright sun,1503500.0,0.0,0.0,0.0,2.0,0.0,,,Hawke's Bay Region,Nil,2-way,Sealed,0.0,0.0,,50.0,,Null,0.0,0.0,,30.0,Hastings District,Nil,,,,,0.0,0.0,Urban,0.0,,,Fine
646792,1927577.0,5607439.0,548400.0,0.0,0.0,2.0,Null,2015/2016,OMAHU ROAD,SH 50A,Non-Injury Crash,Yes,2016,South,0.0,,Flat,,,,,Twilight,1473600.0,0.0,0.0,0.0,2.0,0.0,,,Hawke's Bay Region,Nil,2-way,Sealed,0.0,0.0,,100.0,,On,0.0,0.0,,30.0,Hastings District,Give way,,,,,0.0,0.0,Open,0.0,,,Fine
575355,1927234.0,5602249.0,545762.0,0.0,0.0,1.0,Null,2007/2008,RAILWAY ROAD SOUTH,LONGLANDS ROAD EAST,Minor Crash,No,2007,South,0.0,,Flat,,,,,Bright sun,1468200.0,1.0,0.0,0.0,2.0,0.0,,,Hawke's Bay Region,Nil,2-way,Sealed,0.0,0.0,,50.0,,Null,1.0,0.0,,30.0,Hastings District,Give way,,,,,0.0,0.0,Urban,0.0,,,Fine
526065,1927889.0,5605469.0,547900.0,0.0,0.0,2.0,North,2016/2017,OLIPHANT ROAD,WENTWORTH ST,Non-Injury Crash,No,2017,North,0.0,0.0,Flat,0.0,,0.0,0.0,Overcast,1479800.0,0.0,0.0,0.0,2.0,0.0,1.0,,Hawke's Bay Region,Nil,2-way,Sealed,0.0,0.0,0.0,50.0,0.0,Null,0.0,0.0,,30.0,Hastings District,Give way,0.0,0.0,0.0,0.0,0.0,0.0,Urban,0.0,0.0,0.0,Null
549369,1929393.0,5603396.0,548300.0,0.0,0.0,1.0,Null,2004/2005,RIVERSLEA ROAD SOUTH,MURDOCH ROAD EAST,Non-Injury Crash,No,2005,East,0.0,0.0,Flat,0.0,,0.0,0.0,Bright sun,1503800.0,0.0,0.0,0.0,2.0,0.0,0.0,,Hawke's Bay Region,Nil,2-way,Sealed,0.0,0.0,0.0,50.0,0.0,Null,0.0,0.0,,30.0,Hastings District,Give way,0.0,0.0,0.0,0.0,0.0,0.0,Urban,0.0,0.0,0.0,Fine
27207,1930445.0,5605078.0,548200.0,0.0,0.0,1.0,Null,2001/2002,WARREN ST NORTH,VICTORIA ST,Non-Injury Crash,No,2002,West,0.0,,Flat,,,,,Twilight,1494500.0,0.0,0.0,0.0,2.0,0.0,,,Hawke's Bay Region,Nil,2-way,Sealed,0.0,0.0,,50.0,,None,0.0,0.0,,30.0,Hastings District,Give way,,,,,0.0,0.0,Urban,1.0,,,Fine
704899,1919840.0,5644306.0,545811.0,0.0,0.0,1.0,North,2013/2014,SH 5,MCALLISTER ENT,Serious Crash,Yes,2014,South,0.0,0.0,Hill Road,0.0,Christmas New Year,0.0,0.0,Bright sun,1414700.0,0.0,0.0,0.0,3.0,0.0,0.0,,Hawke's Bay Region,Nil,2-way,Sealed,0.0,7.0,0.0,100.0,0.0,Null,0.0,0.0,,30.0,Hastings District,Unknown,0.0,0.0,0.0,0.0,0.0,0.0,Open,0.0,0.0,0.0,Fine
383350,1929453.0,5604796.0,548200.0,0.0,0.0,2.0,Null,2005/2006,SOUTHAMPTON ST WEST,MARKET ST SOUTH,Minor Crash,No,2006,West,0.0,,Flat,,,,,Overcast,1489802.0,1.0,0.0,0.0,2.0,0.0,,,Hawke's Bay Region,Nil,2-way,Sealed,0.0,0.0,,50.0,,Null,0.0,0.0,,30.0,Hastings District,Give way,,,,,0.0,0.0,Urban,0.0,,,Fine
478576,1929255.0,5609110.0,545710.0,0.0,0.0,1.0,Null,2013/2014,ORMOND ROAD,EVENDEN ROAD,Non-Injury Crash,No,2013,North,0.0,,Flat,,,,,Bright sun,1471000.0,0.0,0.0,0.0,2.0,0.0,,,Hawke's Bay Region,Nil,2-way,Sealed,0.0,0.0,,100.0,,Null,0.0,0.0,,30.0,Hastings District,Stop,,,,,1.0,0.0,Open,0.0,,,Fine
408055,1931948.0,5601765.0,548810.0,0.0,0.0,1.0,North,2013/2014,LIPSCOMBE CRESCENT,MANGARAU CRESCENT,Non-Injury Crash,No,2013,North,0.0,0.0,Flat,0.0,,0.0,0.0,Overcast,1505300.0,0.0,0.0,0.0,2.0,0.0,0.0,,Hawke's Bay Region,Nil,2-way,Sealed,0.0,0.0,0.0,50.0,0.0,Null,0.0,0.0,,30.0,Hastings District,Nil,0.0,0.0,0.0,0.0,0.0,0.0,Urban,0.0,0.0,0.0,Fine
234169,1928807.0,5606251.0,547700.0,0.0,0.0,2.0,South,2006/2007,HERETAUNGA ST WEST,MARAEKAKAHO ROAD,Non-Injury Crash,No,2007,North,0.0,,Flat,,,,,Bright sun,1486600.0,0.0,0.0,0.0,2.0,0.0,,,Hawke's Bay Region,Nil,2-way,Sealed,0.0,0.0,,50.0,,Null,0.0,0.0,,30.0,Hastings District,Nil,,,,,0.0,0.0,Urban,0.0,,,Fine