OBJECTID,X,Y,areaUnitID,bicycle,bus,carStationWagon,crashDirectionDescription,crashFinancialYear,crashLocation1,crashLocation2,crashSeverity,crashSHDescription,crashYear,directionRoleDescription,fatalCount,fence,flatHill,guardRail,holiday,houseOrBuilding,kerb,light,meshblockId,minorInjuryCount,moped,motorcycle,NumberOfLanes,otherVehicleType,parkedVehicle,pedestrian,region,roadCharacter,roadLane,roadSurface,schoolBus,seriousInjuryCount,slipOrFlood,speedLimit,strayAnimal,streetLight,suv,taxi,temporarySpeedLimit,tlaId,tlaName,trafficControl,trafficIsland,trafficSign,train,tree,truck,unknownVehicleType,urban,vanOrUtility,vehicle,waterRiver,weatherA
606160,1911874.0,5662649.0,545911.0,0.0,0.0,1.0,South,2009/2010,SH 5,TE HAROTO ROAD,Minor Crash,Yes,2010,North,0.0,0.0,Hill Road,0.0,,0.0,0.0,Overcast,1414300.0,1.0,0.0,0.0,2.0,0.0,0.0,,Hawke's Bay Region,Nil,2-way,Sealed,0.0,0.0,0.0,100.0,0.0,Null,0.0,0.0,,30.0,Hastings District,Nil,0.0,0.0,0.0,0.0,0.0,0.0,Open,0.0,0.0,0.0,Light rain
336754,1928387.0,5602295.0,545762.0,0.0,0.0,2.0,Null,2015/2016,RIVERSLEA ROAD SOUTH,ALGERNON ROAD,Non-Injury Crash,No,2016,North,0.0,,Flat,,,,,Bright sun,1468100.0,0.0,0.0,0.0,2.0,0.0,,,Hawke's Bay Region,Nil,2-way,Sealed,0.0,0.0,,100.0,,Null,0.0,0.0,,30.0,Hastings District,Give way,,,,,0.0,0.0,Open,0.0,,,Fine
142388,1928829.0,5613898.0,545831.0,0.0,0.0,1.0,East,2008/2009,SH 50,OMARUNUI ROAD,Minor Crash,Yes,2009,East,0.0,0.0,Flat,0.0,,0.0,0.0,Twilight,1409400.0,2.0,0.0,0.0,2.0,0.0,0.0,,Hawke's Bay Region,Nil,2-way,Sealed,0.0,0.0,0.0,100.0,0.0,Off,0.0,0.0,,30.0,Hastings District,Nil,0.0,0.0,0.0,0.0,0.0,0.0,Open,0.0,0.0,0.0,Fine
261435,1930178.0,5605559.0,548200.0,0.0,0.0,2.0,West,2012/2013,FITZROY AVENUE,KING ST NORTH,Non-Injury Crash,No,2013,North,0.0,,Flat,,,,,Bright sun,1491100.0,0.0,0.0,0.0,2.0,0.0,,,Hawke's Bay Region,Nil,2-way,Sealed,0.0,0.0,,50.0,,Null,0.0,0.0,,30.0,Hastings District,Nil,,,,,0.0,0.0,Urban,0.0,,,Fine
167936,1933729.0,5608713.0,545722.0,0.0,0.0,1.0,East,2006/2007,ANDERSON ROAD,WHAKATU ROAD,Non-Injury Crash,No,2006,West,0.0,0.0,Flat,0.0,,0.0,0.0,Dark,1406200.0,0.0,0.0,0.0,2.0,0.0,0.0,,Hawke's Bay Region,Rail xing,Off road,Sealed,0.0,0.0,0.0,50.0,0.0,On,0.0,0.0,,30.0,Hastings District,Nil,0.0,0.0,1.0,0.0,0.0,0.0,Urban,0.0,0.0,0.0,Fine
290570,1930490.7026,5606409.1829,547600.0,0.0,0.0,2.0,Null,2019/2020,TOMOANA ROAD,FREDERICK STREET,Non-Injury Crash,No,2019,West,0.0,0.0,Flat,0.0,,0.0,0.0,Bright sun,1483800.0,0.0,0.0,0.0,2.0,0.0,2.0,,Hawke's Bay Region,Nil,2-way,Sealed,0.0,0.0,0.0,50.0,0.0,Off,1.0,0.0,,30.0,Hastings District,Traffic Signals,0.0,0.0,0.0,0.0,0.0,0.0,Urban,1.0,0.0,0.0,Fine
644062,1932274.0,5609028.0,545721.0,0.0,0.0,2.0,Null,2010/2011,PAKOWHAI ROAD,RUAHAPIA ROAD,Non-Injury Crash,No,2011,South,0.0,,Flat,,,,,Twilight,1471600.0,0.0,0.0,0.0,2.0,0.0,,,Hawke's Bay Region,Nil,2-way,Sealed,0.0,0.0,,100.0,,None,0.0,0.0,,30.0,Hastings District,Give way,,,,,0.0,0.0,Open,0.0,,,Mist or Fog
292707,1932014.3233,5606361.9234,545721.0,0.0,0.0,1.0,North,2020/2021,ELWOOD ROAD,SH 51,Serious Crash,No,2020,North,0.0,0.0,Flat,0.0,,0.0,0.0,Dark,1471700.0,0.0,0.0,0.0,2.0,0.0,0.0,,Hawke's Bay Region,Nil,2-way,Sealed,0.0,1.0,0.0,50.0,0.0,None,0.0,0.0,,30.0,Hastings District,Unknown,0.0,0.0,0.0,0.0,0.0,0.0,Urban,0.0,0.0,0.0,Fine
103080,1938598.0,5594580.0,545860.0,0.0,0.0,1.0,North,2010/2011,WAIMARAMA ROAD,MARAETOTARA ROAD,Non-Injury Crash,No,2011,South,0.0,0.0,Hill Road,0.0,,0.0,0.0,Overcast,1467200.0,0.0,0.0,0.0,2.0,0.0,0.0,,Hawke's Bay Region,Nil,2-way,Sealed,0.0,0.0,0.0,100.0,0.0,Null,0.0,0.0,,30.0,Hastings District,Nil,0.0,0.0,0.0,1.0,0.0,0.0,Open,0.0,0.0,0.0,Heavy rain
670675,1925354.0,5607393.0,548620.0,0.0,0.0,2.0,North,2004/2005,WHITBY CRESCENT,FLAXMERE AVENUE,Non-Injury Crash,No,2004,South,0.0,1.0,Flat,0.0,,0.0,0.0,Bright sun,1474203.0,0.0,0.0,0.0,2.0,0.0,0.0,,Hawke's Bay Region,Nil,2-way,Sealed,0.0,0.0,0.0,50.0,0.0,Null,0.0,0.0,,30.0,Hastings District,Nil,0.0,0.0,0.0,0.0,0.0,0.0,Urban,0.0,0.0,0.0,Fine
79587,1932139.0,5611571.0,545832.0,0.0,0.0,1.0,Null,2009/2010,BROOKFIELDS ROAD,PAKOWHAI ROAD,Minor Crash,No,2010,West,0.0,,Flat,,,,,Bright sun,1403900.0,1.0,0.0,1.0,2.0,0.0,,,Hawke's Bay Region,Nil,2-way,Sealed,0.0,0.0,,70.0,,Null,0.0,0.0,,30.0,Hastings District,Give way,,,,,0.0,0.0,Urban,0.0,,,Fine
453730,1929265.0,5605647.0,547700.0,0.0,0.0,2.0,Null,2010/2011,HERETAUNGA ST WEST,LOVEDALE ROAD,Non-Injury Crash,No,2011,North,0.0,,Flat,,,,,Dark,1487900.0,0.0,0.0,0.0,2.0,0.0,,,Hawke's Bay Region,Nil,2-way,Sealed,0.0,0.0,,50.0,,On,0.0,0.0,,30.0,Hastings District,Stop,,,,,0.0,0.0,Urban,0.0,,,Fine
649537,1936362.0,5611140.0,545730.0,0.0,0.0,1.0,Null,2015/2016,SH 2,SCHOOL ROAD,Minor Crash,Yes,2015,East,0.0,1.0,Flat,0.0,,0.0,0.0,Dark,1405500.0,1.0,0.0,0.0,2.0,0.0,0.0,,Hawke's Bay Region,Nil,2-way,Sealed,0.0,0.0,0.0,50.0,0.0,On,0.0,0.0,,30.0,Hastings District,Give way,0.0,0.0,0.0,0.0,0.0,0.0,Urban,0.0,0.0,0.0,Fine
237632,1930951.0,5606308.0,547600.0,0.0,0.0,1.0,Null,2008/2009,NELSON ST NORTH,WILLIAMS ST,Non-Injury Crash,No,2009,East,0.0,1.0,Flat,0.0,,0.0,0.0,Dark,1483900.0,0.0,0.0,0.0,2.0,0.0,0.0,,Hawke's Bay Region,Nil,2-way,Sealed,0.0,0.0,0.0,50.0,0.0,On,0.0,0.0,,30.0,Hastings District,Nil,0.0,0.0,0.0,0.0,0.0,0.0,Urban,0.0,0.0,0.0,Fine
438162,1919972.0,5644786.0,545811.0,0.0,0.0,2.0,North,2006/2007,SH 5,MCALLISTER ENT,Fatal Crash,Yes,2006,South,3.0,,Hill Road,,,,,Overcast,1414700.0,1.0,0.0,0.0,2.0,0.0,,,Hawke's Bay Region,Nil,2-way,Sealed,0.0,3.0,,100.0,,Null,0.0,0.0,,30.0,Hastings District,Nil,,,,,0.0,0.0,Open,0.0,,,Light rain
525124,1930716.0,5605367.0,548200.0,0.0,0.0,4.0,South,2005/2006,KARAMU ROAD NORTH,JERVOIS ST,Non-Injury Crash,No,2006,South,0.0,,Flat,,,,,Bright sun,1494300.0,0.0,0.0,0.0,2.0,0.0,,,Hawke's Bay Region,Nil,2-way,Sealed,0.0,0.0,,50.0,,Null,0.0,0.0,,30.0,Hastings District,Nil,,,,,0.0,0.0,Urban,0.0,,,Fine
186263,1929324.0,5605454.0,547700.0,0.0,0.0,1.0,South,2003/2004,CHARLES ST,HERETAUNGA ST WEST,Non-Injury Crash,No,2004,South,0.0,,Flat,,,,,Overcast,1487700.0,0.0,0.0,0.0,3.0,0.0,,,Hawke's Bay Region,Nil,2-way,Sealed,0.0,0.0,,50.0,,Null,0.0,0.0,,30.0,Hastings District,Nil,,,,,0.0,0.0,Urban,1.0,,,Fine
35601,1935115.0,5640689.0,545811.0,0.0,0.0,1.0,North,2003/2004,SH 2,TANGOIO SETTLEMENT ROAD S,Minor Crash,Yes,2003,South,0.0,1.0,Flat,0.0,,0.0,0.0,Overcast,1415700.0,1.0,0.0,0.0,2.0,0.0,0.0,,Hawke's Bay Region,Nil,2-way,Sealed,0.0,0.0,0.0,100.0,0.0,Null,0.0,0.0,,30.0,Hastings District,Nil,0.0,0.0,0.0,0.0,0.0,0.0,Open,0.0,0.0,0.0,Fine
409081,1930046.0,5604600.0,548200.0,0.0,0.0,1.0,Null,2005/2006,HASTINGS ST SOUTH,HERETAUNGA ST EAST,Non-Injury Crash,No,2005,East,0.0,,Flat,,,,,Dark,1493200.0,0.0,0.0,0.0,2.0,0.0,,,Hawke's Bay Region,Nil,2-way,Sealed,0.0,0.0,,50.0,,On,0.0,0.0,,30.0,Hastings District,Give way,,,,,1.0,0.0,Urban,0.0,,,Light rain
640684,1930063.0,5602938.0,548300.0,0.0,0.0,1.0,Null,2006/2007,NORTON ROAD,COPELAND ROAD,Minor Crash,No,2007,East,0.0,0.0,Flat,0.0,,0.0,0.0,Dark,1504700.0,1.0,0.0,0.0,2.0,0.0,0.0,,Hawke's Bay Region,Nil,2-way,Sealed,0.0,0.0,0.0,50.0,0.0,On,0.0,0.0,,30.0,Hastings District,Give way,0.0,0.0,0.0,0.0,0.0,0.0,Urban,0.0,0.0,0.0,Light rain
467030,1939457.0,5607853.0,545740.0,0.0,0.0,2.0,South,2001/2002,BEACH ROAD,VAN ASCH ROAD,Minor Crash,No,2002,North,0.0,0.0,Flat,0.0,,0.0,0.0,Dark,1407200.0,1.0,0.0,0.0,2.0,0.0,1.0,,Hawke's Bay Region,Nil,2-way,Sealed,0.0,0.0,0.0,50.0,0.0,On,0.0,0.0,,30.0,Hastings District,Nil,0.0,0.0,0.0,0.0,0.0,0.0,Urban,0.0,0.0,0.0,Fine
193261,1932505.0,5601810.0,548831.0,0.0,0.0,0.0,Null,2015/2016,HAVELOCK ROAD,PORTER DRIVE,Non-Injury Crash,No,2016,South,0.0,0.0,Flat,0.0,,0.0,0.0,Bright sun,1509600.0,0.0,0.0,1.0,2.0,0.0,0.0,,Hawke's Bay Region,Nil,2-way,Sealed,0.0,0.0,0.0,50.0,0.0,Null,0.0,0.0,,30.0,Hastings District,Give way,0.0,0.0,0.0,0.0,0.0,0.0,Urban,0.0,0.0,0.0,Mist or Fog
11186,1931584.0,5605076.0,548000.0,0.0,0.0,2.0,East,2014/2015,CUNNINGHAM CRESCENT,ANSON ST,Non-Injury Crash,No,2015,East,0.0,0.0,Flat,0.0,,0.0,0.0,Twilight,1496900.0,0.0,0.0,0.0,,0.0,1.0,,Hawke's Bay Region,Nil,2-way,Sealed,0.0,0.0,0.0,50.0,0.0,Off,0.0,0.0,,30.0,Hastings District,Nil,0.0,0.0,0.0,0.0,0.0,0.0,Urban,0.0,0.0,0.0,Fine
116650,1928073.0,5604313.0,547900.0,0.0,0.0,0.0,North,2000/2001,SOUTHLAND ROAD,SOUTHLAND PLACE,Non-Injury Crash,No,2001,North,0.0,,Flat,,,,,Bright sun,1469303.0,0.0,0.0,0.0,2.0,0.0,,,Hawke's Bay Region,Nil,2-way,Sealed,0.0,0.0,,50.0,,Null,0.0,0.0,,30.0,Hastings District,Nil,,,,,1.0,0.0,Urban,1.0,,,Fine
541279,1930473.0,5607553.0,545721.0,0.0,0.0,3.0,Null,2007/2008,EVENDEN ROAD,PAKOWHAI ROAD,Minor Crash,No,2007,East,0.0,,Flat,,,,,Overcast,1471401.0,1.0,0.0,0.0,2.0,0.0,,,Hawke's Bay Region,Nil,2-way,Sealed,0.0,0.0,,50.0,,Null,0.0,0.0,,30.0,Hastings District,Give way,,,,,0.0,0.0,Urban,0.0,,,Heavy rain
339576,1927424.0,5607558.0,548400.0,0.0,0.0,0.0,Null,2014/2015,OMAHU ROAD,KELFIELD PLACE,Minor Crash,No,2015,West,0.0,,Flat,,,,,Bright sun,1473600.0,1.0,0.0,0.0,2.0,0.0,,,Hawke's Bay Region,Nil,2-way,Sealed,0.0,0.0,,50.0,,Off,0.0,0.0,,30.0,Hastings District,Give way,,,,,1.0,0.0,Urban,1.0,,,Fine
389797,1932991.0,5601714.0,548832.0,0.0,0.0,1.0,East,2006/2007,DUART ROAD,TE MATA ROAD,Non-Injury Crash,No,2006,West,0.0,0.0,Hill Road,0.0,,0.0,0.0,Overcast,1508500.0,0.0,0.0,0.0,2.0,0.0,0.0,,Hawke's Bay Region,Nil,2-way,Sealed,0.0,0.0,0.0,50.0,0.0,Null,0.0,0.0,,30.0,Hastings District,Nil,0.0,0.0,0.0,1.0,0.0,0.0,Urban,0.0,0.0,0.0,Light rain
218412,1925305.0,5607562.0,548620.0,0.0,0.0,2.0,South,2005/2006,WHITBY CRESCENT,CHATHAM ROAD,Non-Injury Crash,No,2006,North,0.0,0.0,Flat,0.0,,0.0,0.0,Bright sun,1474204.0,0.0,0.0,0.0,2.0,0.0,1.0,,Hawke's Bay Region,Nil,2-way,Sealed,0.0,0.0,0.0,50.0,0.0,Null,0.0,0.0,,30.0,Hastings District,Nil,0.0,0.0,0.0,0.0,0.0,0.0,Urban,0.0,0.0,0.0,Fine
267637,1930201.0,5605043.0,548200.0,0.0,0.0,1.0,North,2008/2009,KARAMU ROAD NORTH,ST AUBYN ST EAST,Non-Injury Crash,No,2009,South,0.0,,Flat,,,,,Bright sun,1494100.0,0.0,0.0,0.0,2.0,0.0,,,Hawke's Bay Region,Nil,2-way,Sealed,0.0,0.0,,50.0,,Null,1.0,0.0,,30.0,Hastings District,Nil,,,,,0.0,0.0,Urban,0.0,,,Fine
626026,1933847.0,5601681.0,548832.0,0.0,0.0,1.0,West,2016/2017,EMERALD HILL,SIMLA AVENUE,Non-Injury Crash,No,2016,West,0.0,0.0,Hill Road,0.0,,0.0,0.0,Bright sun,1510400.0,0.0,0.0,0.0,2.0,0.0,1.0,,Hawke's Bay Region,Nil,2-way,Sealed,0.0,0.0,0.0,50.0,0.0,Null,1.0,0.0,,30.0,Hastings District,Unknown,0.0,0.0,0.0,0.0,0.0,0.0,Urban,0.0,0.0,0.0,Fine
19872,1935053.0,5598634.0,548833.0,0.0,0.0,2.0,South,2018/2019,TE MATA PEAK ROAD,PEAKHOUSE,Non-Injury Crash,No,2018,West,0.0,,Hill Road,,,,,Bright sun,1467003.0,0.0,0.0,0.0,2.0,0.0,,,Hawke's Bay Region,Nil,2-way,Sealed,0.0,0.0,,40.0,,Null,0.0,0.0,,30.0,Hastings District,Unknown,,,,,0.0,0.0,Urban,0.0,,,Fine
76418,1925475.0,5605813.0,545842.0,0.0,0.0,1.0,Null,2001/2002,PORTSMOUTH ROAD,STOCK ROAD,Non-Injury Crash,No,2001,East,0.0,1.0,Flat,0.0,,0.0,0.0,Dark,1470207.0,0.0,0.0,0.0,2.0,0.0,0.0,,Hawke's Bay Region,Nil,2-way,Sealed,0.0,0.0,0.0,50.0,0.0,None,0.0,0.0,,30.0,Hastings District,Nil,0.0,0.0,0.0,1.0,0.0,0.0,Urban,0.0,0.0,0.0,Fine
440496,1910456.0,5664326.0,545911.0,0.0,0.0,1.0,North,2004/2005,SH 5,TE HAROTO ROAD,Minor Crash,Yes,2005,North,0.0,,Flat,,,,,Overcast,1414400.0,1.0,0.0,0.0,2.0,0.0,,,Hawke's Bay Region,Nil,2-way,Sealed,0.0,0.0,,100.0,,Null,0.0,0.0,,30.0,Hastings District,Nil,,,,,0.0,0.0,Open,1.0,,,Light rain
282840,1931069.0,5603846.0,548100.0,0.0,0.0,1.0,Null,2016/2017,WINDSOR AVENUE,ST AUBYN ST EAST,Minor Crash,No,2016,North,0.0,,Flat,,,,,Bright sun,1500400.0,1.0,0.0,0.0,2.0,0.0,,,Hawke's Bay Region,Nil,2-way,Sealed,0.0,0.0,,50.0,,Null,1.0,0.0,,30.0,Hastings District,Give way,,,,,0.0,0.0,Urban,0.0,,,Fine
726784,1918919.3017,5652729.2081,545911.0,0.0,0.0,1.0,South,2018/2019,005-0220,OLSENS GATE,Non-Injury Crash,Yes,2019,South,0.0,0.0,Hill Road,0.0,,0.0,0.0,Dark,1415900.0,0.0,0.0,0.0,3.0,0.0,0.0,,Hawke's Bay Region,Nil,2-way,Sealed,0.0,0.0,0.0,100.0,0.0,None,0.0,0.0,,30.0,Hastings District,Unknown,0.0,0.0,0.0,0.0,0.0,0.0,Open,0.0,0.0,0.0,Light rain
213074,1929950.0,5603088.0,548300.0,0.0,0.0,1.0,East,2003/2004,COPELAND ROAD,LUMSDEN ROAD,Serious Crash,No,2004,South,0.0,0.0,Flat,0.0,,0.0,0.0,Bright sun,1504600.0,0.0,0.0,0.0,2.0,0.0,0.0,,Hawke's Bay Region,Nil,2-way,Sealed,0.0,1.0,0.0,50.0,0.0,Null,0.0,0.0,,30.0,Hastings District,Nil,0.0,0.0,0.0,1.0,0.0,0.0,Urban,0.0,0.0,0.0,Fine
623821,1932494.0,5601789.0,548810.0,0.0,0.0,1.0,Null,2016/2017,PORTER DRIVE,HAVELOCK ROAD,Non-Injury Crash,No,2017,East,0.0,,Flat,,,,,Bright sun,1505200.0,0.0,0.0,0.0,2.0,0.0,,,Hawke's Bay Region,Nil,2-way,Sealed,0.0,0.0,,50.0,,Null,0.0,0.0,,30.0,Hastings District,Give way,,,,,0.0,0.0,Urban,1.0,,,Fine
349572,1925131.0,5607729.0,548611.0,0.0,0.0,0.0,South,2016/2017,YARMOUTH ROAD,FLEETWOOD CRESCENT W,Non-Injury Crash,No,2016,South,0.0,1.0,Flat,0.0,,0.0,1.0,Overcast,1473811.0,0.0,0.0,0.0,2.0,0.0,0.0,,Hawke's Bay Region,Nil,2-way,Sealed,0.0,0.0,0.0,50.0,0.0,Null,0.0,0.0,,30.0,Hastings District,Unknown,0.0,0.0,0.0,0.0,0.0,0.0,Urban,1.0,0.0,0.0,Light rain
126870,1928329.0,5606718.0,547800.0,0.0,0.0,1.0,Null,2012/2013,OMAHU ROAD,CANNING ROAD,Non-Injury Crash,No,2013,North,0.0,,Flat,,,,,Bright sun,1477100.0,0.0,0.0,0.0,2.0,0.0,,,Hawke's Bay Region,Nil,2-way,Sealed,0.0,0.0,,50.0,,Null,0.0,0.0,,30.0,Hastings District,Stop,,,,,0.0,0.0,Urban,1.0,,,Fine
57341,1930419.354,5604526.5057,548200.0,0.0,0.0,1.0,Null,2019/2020,WILLOWPARK ROAD NORTH,AVENUE ROAD EAST,Non-Injury Crash,No,2019,South,0.0,,Flat,,,,,Bright sun,1493502.0,0.0,0.0,0.0,2.0,0.0,,,Hawke's Bay Region,Nil,2-way,Sealed,0.0,0.0,,50.0,,Off,0.0,0.0,,30.0,Hastings District,Give way,,,,,0.0,0.0,Urban,1.0,,,Fine
738859,1929798.0,5604741.0,548200.0,0.0,0.0,2.0,Null,2017/2018,EASTBOURNE ST EAST,KARAMU ROAD SOUTH,Non-Injury Crash,No,2017,West,0.0,0.0,Flat,0.0,,0.0,0.0,Dark,1492000.0,0.0,0.0,0.0,2.0,0.0,1.0,,Hawke's Bay Region,Nil,2-way,Sealed,0.0,0.0,0.0,50.0,0.0,On,0.0,0.0,,30.0,Hastings District,Traffic Signals,0.0,0.0,0.0,0.0,0.0,0.0,Urban,0.0,0.0,0.0,Fine
703287,1936870.0,5610812.0,545730.0,0.0,0.0,0.0,East,2008/2009,SCHOOL ROAD,SUTTON AVENUE,Non-Injury Crash,No,2008,West,0.0,0.0,Flat,0.0,,0.0,0.0,Bright sun,1405006.0,0.0,0.0,0.0,2.0,0.0,0.0,,Hawke's Bay Region,Nil,2-way,Sealed,0.0,0.0,0.0,50.0,0.0,Null,0.0,0.0,,30.0,Hastings District,School Patrol/warden,0.0,0.0,0.0,1.0,1.0,0.0,Urban,0.0,0.0,0.0,Fine
685448,1929280.6637,5606654.9894,547800.0,0.0,0.0,1.0,West,2019/2020,PAKOWHAI ROAD,FITZROY AVENUE ,Non-Injury Crash,No,2019,East,0.0,,Flat,,,,,Unknown,1477600.0,0.0,0.0,0.0,0.0,0.0,,,Hawke's Bay Region,Nil,2-way,Sealed,0.0,0.0,,50.0,,Off,0.0,0.0,,30.0,Hastings District,Unknown,,,,,0.0,0.0,Urban,1.0,,,Fine
237620,1929081.0,5606504.0,547800.0,0.0,0.0,1.0,Null,2017/2018,ST AUBYN ST WEST,PAKOWHAI ROAD,Non-Injury Crash,No,2017,South,0.0,,Flat,,,,,Bright sun,1477500.0,0.0,0.0,0.0,2.0,0.0,,,Hawke's Bay Region,Nil,2-way,Sealed,0.0,0.0,,50.0,,Null,0.0,0.0,,30.0,Hastings District,Give way,,,,,0.0,0.0,Urban,1.0,,,Fine
166371,1931222.0,5605134.0,548000.0,0.0,0.0,2.0,South,2009/2010,WILLOWPARK ROAD NORTH,GROVE ROAD,Minor Crash,No,2009,South,0.0,0.0,Flat,0.0,,0.0,0.0,Bright sun,1497600.0,3.0,0.0,0.0,2.0,0.0,1.0,,Hawke's Bay Region,Nil,2-way,Sealed,0.0,0.0,0.0,50.0,0.0,Null,0.0,0.0,,30.0,Hastings District,Nil,0.0,0.0,0.0,0.0,0.0,0.0,Urban,0.0,0.0,0.0,Fine
553850,1932481.0,5601572.0,548810.0,0.0,0.0,1.0,North,2004/2005,Z CPK NEW WORLD,PORTER/ MIDDLE,Non-Injury Crash,No,2005,East,0.0,0.0,Flat,0.0,,0.0,0.0,Bright sun,1505700.0,0.0,0.0,0.0,0.0,0.0,0.0,,Hawke's Bay Region,Nil,Off road,Sealed,0.0,0.0,0.0,50.0,0.0,Null,0.0,0.0,,30.0,Hastings District,Nil,0.0,0.0,0.0,0.0,0.0,0.0,Urban,0.0,0.0,0.0,Fine
741666,1928955.0,5603797.0,548300.0,0.0,0.0,1.0,West,2006/2007,MURDOCH ROAD EAST,FRANCES ST,Non-Injury Crash,No,2006,West,0.0,,Flat,,,,,Bright sun,1503203.0,0.0,0.0,0.0,4.0,0.0,,,Hawke's Bay Region,Nil,2-way,Sealed,0.0,0.0,,50.0,,Null,0.0,0.0,,30.0,Hastings District,Nil,,,,,1.0,0.0,Urban,0.0,,,Fine
38956,1930625.0,5605037.0,548200.0,0.0,0.0,2.0,Null,2016/2017,ALBERT ST,HASTINGS ST NORTH,Non-Injury Crash,No,2016,North,0.0,,Flat,,,,,Dark,1494600.0,0.0,0.0,0.0,2.0,0.0,,,Hawke's Bay Region,Nil,2-way,Sealed,0.0,0.0,,50.0,,Off,0.0,0.0,,30.0,Hastings District,Give way,,,,,0.0,0.0,Urban,1.0,,,Fine
551939,1929151.0,5600830.0,545762.0,0.0,0.0,1.0,East,2017/2018,TE AUTE ROAD,LONGLANDS ROAD EAST,Non-Injury Crash,No,2017,West,0.0,1.0,Flat,0.0,,0.0,0.0,Overcast,1465300.0,0.0,0.0,0.0,2.0,0.0,0.0,,Hawke's Bay Region,Nil,2-way,Sealed,0.0,0.0,0.0,100.0,0.0,Null,0.0,0.0,,30.0,Hastings District,Unknown,0.0,0.0,0.0,1.0,0.0,0.0,Open,0.0,0.0,0.0,Light rain
615849,1929888.0,5605125.0,548200.0,1.0,0.0,1.0,East,2010/2011,MARKET ST NORTH,QUEEN ST WEST,Non-Injury Crash,No,2010,North,0.0,,Flat,,,,,Overcast,1491300.0,0.0,0.0,0.0,2.0,0.0,,,Hawke's Bay Region,Nil,2-way,Sealed,0.0,0.0,,50.0,,Null,0.0,0.0,,30.0,Hastings District,Nil,,,,,0.0,0.0,Urban,0.0,,,Fine
625726,1898244.0,5629400.0,545913.0,0.0,0.0,1.0,West,2005/2006,TAIHAPE ROAD,WILLOWFORD ROAD,Non-Injury Crash,No,2005,West,0.0,,Hill Road,,,,,Bright sun,1409800.0,0.0,0.0,0.0,2.0,0.0,,,Hawke's Bay Region,Nil,2-way,Unsealed,0.0,0.0,,100.0,,Null,0.0,0.0,,30.0,Hastings District,Nil,,,,,0.0,0.0,Open,0.0,,,Fine
385092,1928979.0,5606026.0,547700.0,0.0,0.0,3.0,Null,2006/2007,HERETAUNGA ST WEST,ALLERTON ST,Non-Injury Crash,No,2007,West,0.0,,Flat,,,,,Bright sun,1487400.0,0.0,0.0,0.0,2.0,0.0,,,Hawke's Bay Region,Nil,2-way,Sealed,0.0,0.0,,50.0,,Null,0.0,0.0,,30.0,Hastings District,Nil,,,,,0.0,0.0,Urban,0.0,,,Fine
430464,1932660.0,5601540.0,548832.0,0.0,0.0,1.0,South,2017/2018,JOLL ROAD,SERVICE LANE,Non-Injury Crash,No,2017,North,0.0,,Hill Road,,,,,Bright sun,1508300.0,0.0,0.0,0.0,2.0,0.0,,,Hawke's Bay Region,Nil,2-way,Sealed,0.0,0.0,,50.0,,Null,0.0,0.0,,30.0,Hastings District,Nil,,,,,0.0,0.0,Urban,1.0,,,Fine
203488,1910443.0,5664328.0,545911.0,0.0,0.0,1.0,North,2005/2006,SH 5,SUMMIT KIOSK,Non-Injury Crash,Yes,2006,North,0.0,0.0,Hill Road,0.0,,0.0,0.0,Bright sun,1414400.0,0.0,0.0,0.0,2.0,0.0,0.0,,Hawke's Bay Region,Nil,2-way,Sealed,0.0,0.0,0.0,100.0,0.0,Null,0.0,0.0,,30.0,Hastings District,Nil,0.0,0.0,0.0,0.0,0.0,0.0,Open,0.0,0.0,0.0,Fine
358361,1914421.0,5588304.0,545851.0,0.0,0.0,0.0,North,2007/2008,SH 2,TE AUTE TRUST ROAD,Serious Crash,Yes,2007,North,0.0,,Flat,,,,,Bright sun,1464500.0,0.0,0.0,0.0,2.0,0.0,,,Hawke's Bay Region,Nil,2-way,Sealed,0.0,1.0,,100.0,,Null,0.0,0.0,,30.0,Hastings District,Nil,,,,,1.0,0.0,Open,1.0,,,Fine
560775,1930510.0,5604594.0,548100.0,0.0,0.0,1.0,Null,2005/2006,WILLOWPARK ROAD NORTH,ST AUBYN ST EAST,Non-Injury Crash,No,2005,North,0.0,,Flat,,,,,Overcast,1500800.0,0.0,0.0,0.0,2.0,0.0,,,Hawke's Bay Region,Nil,2-way,Sealed,0.0,0.0,,50.0,,Null,1.0,0.0,,30.0,Hastings District,Give way,,,,,0.0,0.0,Urban,0.0,,,Fine
152364,1930185.0,5605031.0,548200.0,0.0,0.0,2.0,Null,2013/2014,KARAMU ROAD NORTH,ST AUBYN ST EAST,Minor Crash,No,2013,West,0.0,,Flat,,,,,Bright sun,1494100.0,1.0,0.0,0.0,2.0,0.0,,,Hawke's Bay Region,Nil,2-way,Sealed,0.0,0.0,,50.0,,Null,0.0,0.0,,30.0,Hastings District,Traffic Signals,,,,,0.0,0.0,Urban,0.0,,,Fine
464049,1928151.0,5606428.0,548500.0,0.0,0.0,1.0,South,2017/2018,ORCHARD ROAD,CANNING ROAD,Serious Crash,No,2017,South,0.0,0.0,Flat,0.0,,0.0,0.0,Dark,1478700.0,1.0,0.0,0.0,2.0,0.0,0.0,,Hawke's Bay Region,Nil,2-way,Sealed,0.0,1.0,0.0,50.0,0.0,On,0.0,0.0,,30.0,Hastings District,Unknown,0.0,1.0,0.0,0.0,0.0,0.0,Urban,0.0,0.0,0.0,Fine