OBJECTID,X,Y,areaUnitID,bicycle,bus,carStationWagon,crashDirectionDescription,crashFinancialYear,crashLocation1,crashLocation2,crashSeverity,crashSHDescription,crashYear,directionRoleDescription,fatalCount,fence,flatHill,guardRail,holiday,houseOrBuilding,kerb,light,meshblockId,minorInjuryCount,moped,motorcycle,NumberOfLanes,otherVehicleType,parkedVehicle,pedestrian,region,roadCharacter,roadLane,roadSurface,schoolBus,seriousInjuryCount,slipOrFlood,speedLimit,strayAnimal,streetLight,suv,taxi,temporarySpeedLimit,tlaId,tlaName,trafficControl,trafficIsland,trafficSign,train,tree,truck,unknownVehicleType,urban,vanOrUtility,vehicle,waterRiver,weatherA
231505,1933444.0,5602029.0,548831.0,0.0,0.0,2.0,Null,2014/2015,TE MATA ROAD,ST HILL LANE,Non-Injury Crash,No,2014,East,0.0,,Flat,,,,,Bright sun,1509200.0,0.0,0.0,0.0,2.0,0.0,,,Hawke's Bay Region,Nil,2-way,Sealed,0.0,0.0,,50.0,,Null,0.0,0.0,,30.0,Hastings District,Give way,,,,,0.0,0.0,Urban,0.0,,,Fine
157076,1929900.0,5605210.0,548200.0,0.0,0.0,2.0,North,2014/2015,AVENUE ROAD WEST,MARKET ST NORTH,Non-Injury Crash,No,2015,North,0.0,0.0,Flat,0.0,,0.0,0.0,Bright sun,1491400.0,0.0,0.0,0.0,2.0,0.0,1.0,,Hawke's Bay Region,Nil,2-way,Sealed,0.0,0.0,0.0,50.0,0.0,Null,0.0,0.0,,30.0,Hastings District,Nil,0.0,0.0,0.0,0.0,0.0,0.0,Urban,0.0,0.0,0.0,Fine
684485,1925107.0,5606932.0,548620.0,0.0,0.0,2.0,Null,2004/2005,Z CPK FLAXMERE,SWANSEA ROAD,Non-Injury Crash,No,2004,South,0.0,,Flat,,,,,Bright sun,1473700.0,0.0,0.0,0.0,0.0,0.0,,,Hawke's Bay Region,Nil,Off road,Sealed,0.0,0.0,,50.0,,Null,0.0,0.0,,30.0,Hastings District,Nil,,,,,0.0,0.0,Urban,0.0,,,Fine
448578,1928892.0,5605502.0,547700.0,0.0,0.0,1.0,North,2015/2016,SOUTHAMPTON ST WEST,PEPPER ST,Non-Injury Crash,No,2016,North,0.0,0.0,Flat,0.0,,0.0,0.0,Bright sun,1487000.0,0.0,0.0,0.0,2.0,0.0,0.0,,Hawke's Bay Region,Nil,2-way,Sealed,0.0,0.0,0.0,50.0,0.0,Null,0.0,0.0,,30.0,Hastings District,Unknown,0.0,0.0,0.0,1.0,0.0,0.0,Urban,0.0,0.0,0.0,Fine
232134,1930497.0,5607572.0,545721.0,0.0,0.0,1.0,North,2008/2009,PAKOWHAI ROAD,EVENDEN ROAD,Non-Injury Crash,No,2008,South,0.0,,Flat,,,,,Overcast,1471401.0,0.0,0.0,0.0,2.0,0.0,,,Hawke's Bay Region,Nil,2-way,Sealed,0.0,0.0,,70.0,,Null,1.0,0.0,,30.0,Hastings District,Nil,,,,,0.0,0.0,Urban,0.0,,,Fine
116034,1928892.0,5605502.0,547700.0,0.0,0.0,1.0,North,2016/2017,SOUTHAMPTON ST WEST,PEPPER ST,Minor Crash,No,2017,North,0.0,0.0,Flat,0.0,,0.0,0.0,Bright sun,1487000.0,1.0,0.0,0.0,2.0,0.0,0.0,,Hawke's Bay Region,Nil,2-way,Sealed,0.0,0.0,0.0,50.0,0.0,Null,0.0,0.0,,30.0,Hastings District,Unknown,0.0,0.0,0.0,1.0,0.0,0.0,Urban,0.0,0.0,0.0,Fine
71073,1928230.0,5606813.0,547800.0,0.0,0.0,3.0,North,2013/2014,OMAHU ROAD,FRIMLEY AVENUE,Non-Injury Crash,No,2013,North,0.0,0.0,Flat,0.0,,0.0,0.0,Bright sun,1476800.0,0.0,0.0,0.0,3.0,0.0,1.0,,Hawke's Bay Region,Nil,2-way,Sealed,0.0,0.0,0.0,50.0,0.0,Null,0.0,0.0,,30.0,Hastings District,Nil,0.0,0.0,0.0,0.0,0.0,0.0,Urban,0.0,0.0,0.0,Fine
88181,1934082.0,5601903.0,548831.0,0.0,0.0,2.0,West,2013/2014,TE MATA ROAD,JAMES COOK ST,Non-Injury Crash,No,2013,East,0.0,0.0,Flat,0.0,,0.0,0.0,Bright sun,1510100.0,0.0,0.0,0.0,2.0,0.0,1.0,,Hawke's Bay Region,Nil,2-way,Sealed,0.0,0.0,0.0,50.0,0.0,Null,0.0,0.0,,30.0,Hastings District,Nil,0.0,0.0,0.0,0.0,0.0,0.0,Urban,0.0,0.0,0.0,Fine
35896,1936815.0,5596023.0,545860.0,0.0,0.0,2.0,Null,2002/2003,WAIMARAMA ROAD,KAHURANAKI ROAD,Non-Injury Crash,No,2002,South,0.0,,Hill Road,,,,,Overcast,1467200.0,0.0,0.0,0.0,2.0,0.0,,,Hawke's Bay Region,Nil,2-way,Sealed,0.0,0.0,,100.0,,Null,0.0,0.0,,30.0,Hastings District,Give way,,,,,0.0,0.0,Open,0.0,,,Fine
694894,1937172.0,5638797.0,545811.0,0.0,0.0,1.0,South,2018/2019,SH 2,TANGOIO SETTLEMENT ROAD,Non-Injury Crash,Yes,2018,South,0.0,0.0,Flat,0.0,,0.0,0.0,Bright sun,1415800.0,0.0,0.0,0.0,2.0,0.0,0.0,,Hawke's Bay Region,Nil,2-way,Sealed,0.0,0.0,0.0,100.0,0.0,Null,1.0,0.0,,30.0,Hastings District,Unknown,0.0,0.0,0.0,0.0,0.0,0.0,Open,0.0,1.0,0.0,Fine
174978,1915444.0,5592955.0,545851.0,0.0,0.0,1.0,North,2013/2014,BURMA ROAD,SH 2,Fatal Crash,No,2014,South,2.0,0.0,Hill Road,0.0,,0.0,0.0,Dark,1464200.0,0.0,0.0,0.0,1.0,0.0,0.0,,Hawke's Bay Region,Nil,2-way,Unsealed,0.0,0.0,0.0,100.0,0.0,None,0.0,0.0,,30.0,Hastings District,Unknown,0.0,0.0,0.0,0.0,0.0,0.0,Open,0.0,0.0,0.0,Null
43289,1929657.0,5605330.0,548200.0,0.0,0.0,1.0,Null,2001/2002,NELSON ST NORTH,QUEEN ST WEST,Non-Injury Crash,No,2002,North,0.0,,Flat,,,,,Bright sun,1490800.0,0.0,0.0,0.0,2.0,0.0,,,Hawke's Bay Region,Nil,2-way,Sealed,0.0,0.0,,50.0,,Null,0.0,0.0,,30.0,Hastings District,Give way,,,,,0.0,0.0,Urban,1.0,,,Fine
373466,1929878.0,5605947.0,547700.0,0.0,0.0,2.0,Null,2000/2001,TOMOANA ROAD,FITZROY AVENUE,Non-Injury Crash,No,2001,West,0.0,,Flat,,Easter,,,Bright sun,1488400.0,0.0,0.0,0.0,2.0,0.0,,,Hawke's Bay Region,Nil,2-way,Sealed,0.0,0.0,,50.0,,Null,0.0,0.0,,30.0,Hastings District,Stop,,,,,0.0,0.0,Urban,0.0,,,Fine
413687,1942690.0,5594214.0,545860.0,0.0,0.0,1.0,East,2006/2007,OCEAN BEACH ROAD,WAIMARAMA ROAD,Minor Crash,No,2007,West,0.0,,Hill Road,,,,,Bright sun,1467200.0,1.0,0.0,0.0,2.0,0.0,,,Hawke's Bay Region,Nil,2-way,Unsealed,0.0,0.0,,100.0,,Null,0.0,0.0,,30.0,Hastings District,Nil,,,,,0.0,0.0,Open,0.0,,,Fine
528382,1929577.0,5603580.0,548300.0,0.0,0.0,1.0,Null,2012/2013,COPELAND ROAD,RIVERSLEA ROAD SOUTH,Non-Injury Crash,No,2012,North,0.0,1.0,Flat,0.0,,0.0,0.0,Dark,1503800.0,0.0,0.0,0.0,2.0,0.0,0.0,,Hawke's Bay Region,Nil,2-way,Sealed,0.0,0.0,0.0,50.0,0.0,None,0.0,0.0,,30.0,Hastings District,Give way,0.0,0.0,0.0,0.0,0.0,0.0,Urban,0.0,0.0,0.0,Fine
222296,1927633.0,5607439.0,548400.0,0.0,0.0,1.0,Null,2008/2009,SH 50A,OMAHU ROAD,Non-Injury Crash,Yes,2008,North,0.0,,Flat,,Christmas New Year,,,Bright sun,1473600.0,0.0,0.0,0.0,2.0,0.0,,,Hawke's Bay Region,Nil,2-way,Sealed,0.0,0.0,,50.0,,Null,0.0,0.0,,30.0,Hastings District,Give way,,,,,0.0,0.0,Urban,1.0,,,Fine
392445,1928856.0,5606138.0,547700.0,0.0,0.0,2.0,South,2002/2003,STORTFORD ST,HERETAUNGA ST WEST,Non-Injury Crash,No,2003,North,0.0,,Flat,,,,,Bright sun,1486700.0,0.0,0.0,0.0,2.0,0.0,,,Hawke's Bay Region,Nil,2-way,Sealed,0.0,0.0,,50.0,,Null,0.0,0.0,,30.0,Hastings District,Nil,,,,,0.0,0.0,Urban,0.0,,,Fine
351875,1928104.0,5606479.0,548500.0,0.0,0.0,1.0,East,2008/2009,ORCHARD ROAD,CANNING ROAD,Non-Injury Crash,No,2009,East,0.0,,Flat,,,,,Bright sun,1479500.0,0.0,0.0,0.0,2.0,0.0,,,Hawke's Bay Region,Nil,2-way,Sealed,0.0,0.0,,50.0,,Null,0.0,0.0,,30.0,Hastings District,Nil,,,,,0.0,0.0,Urban,1.0,,,Fine
231963,1912822.0,5658101.0,545911.0,0.0,0.0,1.0,North,2012/2013,SH 5,RUKUMOANA ROAD,Non-Injury Crash,Yes,2013,South,0.0,0.0,Hill Road,0.0,,0.0,0.0,Dark,1414300.0,0.0,0.0,0.0,2.0,0.0,0.0,,Hawke's Bay Region,Nil,2-way,Sealed,0.0,0.0,0.0,100.0,0.0,None,0.0,0.0,,30.0,Hastings District,Nil,0.0,0.0,0.0,0.0,0.0,0.0,Open,0.0,0.0,0.0,Mist or Fog
105892,1930835.0,5603666.0,548300.0,0.0,0.0,2.0,Null,2001/2002,HERETAUNGA ST EAST,WINDSOR AVENUE,Non-Injury Crash,No,2001,South,0.0,,Flat,,,,,Dark,1502700.0,0.0,0.0,0.0,2.0,0.0,,,Hawke's Bay Region,Nil,2-way,Sealed,0.0,0.0,,50.0,,On,0.0,0.0,,30.0,Hastings District,Stop,,,,,0.0,0.0,Urban,0.0,,,Fine
113098,1923079.0,5611805.0,545822.0,0.0,0.0,0.0,Null,2006/2007,SH 50,TAIHAPE ROAD,Non-Injury Crash,Yes,2007,North,0.0,,Flat,,,,,Bright sun,1409300.0,0.0,0.0,0.0,2.0,0.0,,,Hawke's Bay Region,Nil,2-way,Sealed,0.0,0.0,,50.0,,Null,0.0,0.0,,30.0,Hastings District,Give way,,,,,1.0,0.0,Urban,1.0,,,Fine
90657,1935279.0,5633987.0,545812.0,0.0,0.0,0.0,North,2001/2002,SH 2,WHIRINAKI ROAD,Non-Injury Crash,Yes,2002,North,0.0,,Flat,,,,,Bright sun,1414903.0,0.0,0.0,0.0,2.0,0.0,,,Hawke's Bay Region,Nil,2-way,Sealed,0.0,0.0,,100.0,,Null,0.0,0.0,,30.0,Hastings District,Give way,,,,,0.0,0.0,Open,2.0,,,Fine
190083,1938173.0631,5608216.1372,545740.0,0.0,0.0,1.0,East,2018/2019,HAUMOANA ROAD,HAUMOANA ROAD BR 915,Non-Injury Crash,No,2019,North,0.0,0.0,Flat,0.0,,0.0,0.0,Twilight,1407600.0,0.0,0.0,0.0,2.0,0.0,0.0,,Hawke's Bay Region,Bridge,2-way,Sealed,0.0,0.0,0.0,100.0,0.0,None,0.0,0.0,,30.0,Hastings District,Unknown,0.0,0.0,0.0,0.0,0.0,0.0,Open,0.0,0.0,0.0,Fine
643940,1929851.0,5605275.0,548200.0,0.0,0.0,2.0,Null,2003/2004,KING ST NORTH,AVENUE ROAD WEST,Minor Crash,No,2003,South,0.0,,Flat,,,,,Overcast,1490900.0,3.0,0.0,0.0,2.0,0.0,,,Hawke's Bay Region,Nil,2-way,Sealed,0.0,0.0,,50.0,,Null,0.0,0.0,,30.0,Hastings District,Give way,,,,,0.0,0.0,Urban,0.0,,,Light rain
450975,1929657.0,5605330.0,548200.0,0.0,0.0,1.0,Null,2000/2001,NELSON ST NORTH,QUEEN ST WEST,Non-Injury Crash,No,2000,North,0.0,,Flat,,,,,Bright sun,1490800.0,0.0,0.0,0.0,2.0,0.0,,,Hawke's Bay Region,Nil,2-way,Sealed,0.0,0.0,,50.0,,Null,0.0,0.0,,30.0,Hastings District,Give way,,,,,0.0,0.0,Urban,1.0,,,Fine
42054,1929634.0,5605762.0,548200.0,0.0,0.0,2.0,Null,2004/2005,TOMOANA ROAD,ST AUBYN ST WEST,Non-Injury Crash,No,2005,West,0.0,,Flat,,,,,Bright sun,1490300.0,0.0,0.0,0.0,4.0,0.0,,,Hawke's Bay Region,Nil,2-way,Sealed,0.0,0.0,,50.0,,Null,0.0,0.0,,30.0,Hastings District,Traffic Signals,,,,,0.0,0.0,Urban,0.0,,,Fine
641476,1928894.0,5606363.0,547700.0,0.0,0.0,4.0,North,2000/2001,PAKOWHAI ROAD,HERETAUNGA ST WEST,Non-Injury Crash,No,2001,South,0.0,,Flat,,,,,Bright sun,1486000.0,0.0,0.0,0.0,2.0,0.0,,,Hawke's Bay Region,Nil,2-way,Sealed,0.0,0.0,,50.0,,Null,0.0,0.0,,30.0,Hastings District,Nil,,,,,0.0,0.0,Urban,0.0,,,Fine
44256,1927638.2452,5607438.3449,548400.0,0.0,0.0,1.0,Null,2018/2019,HAWKES BAY EXPRESSWAY,OMAHU ROAD,Non-Injury Crash,Yes,2019,South,0.0,,Flat,,,,,Bright sun,1473600.0,0.0,0.0,0.0,2.0,0.0,,,Hawke's Bay Region,Nil,2-way,Sealed,0.0,0.0,,100.0,,Off,0.0,0.0,,30.0,Hastings District,Give way,,,,,1.0,0.0,Open,0.0,,,Fine
741127,1929577.0,5632949.0,545811.0,0.0,0.0,1.0,East,2004/2005,SH 5,SHAW ROAD,Minor Crash,Yes,2005,South,0.0,0.0,Flat,1.0,,0.0,0.0,Dark,1414700.0,1.0,0.0,0.0,2.0,0.0,0.0,,Hawke's Bay Region,Nil,2-way,Sealed,0.0,0.0,0.0,100.0,0.0,None,0.0,0.0,,30.0,Hastings District,Nil,0.0,0.0,0.0,0.0,0.0,0.0,Open,0.0,0.0,0.0,Fine
247034,1929464.0,5605185.0,548200.0,0.0,0.0,2.0,Null,2008/2009,NELSON ST SOUTH,EASTBOURNE ST WEST,Minor Crash,No,2009,South,0.0,0.0,Flat,0.0,,0.0,0.0,Overcast,1488900.0,1.0,0.0,0.0,2.0,0.0,0.0,,Hawke's Bay Region,Nil,2-way,Sealed,0.0,0.0,0.0,50.0,0.0,Null,0.0,0.0,,30.0,Hastings District,Stop,1.0,0.0,0.0,0.0,0.0,0.0,Urban,0.0,0.0,0.0,Light rain
403376,1923207.0,5611884.0,545821.0,0.0,0.0,1.0,Null,2017/2018,SH 50,HAKIWAI ROAD,Minor Crash,Yes,2018,North,0.0,,Flat,,,,,Dark,1408600.0,1.0,0.0,0.0,2.0,0.0,,,Hawke's Bay Region,Nil,2-way,Sealed,0.0,0.0,,50.0,,On,0.0,0.0,,30.0,Hastings District,Nil,,,,,0.0,0.0,Urban,1.0,,,Light rain
96148,1931514.6443,5605855.5279,548000.0,0.0,0.0,2.0,West,2019/2020,KARAMU ROAD NORTH,GALWAY PLACE,Minor Crash,No,2019,East,0.0,,Flat,,,,,Bright sun,1496700.0,1.0,0.0,0.0,2.0,0.0,,,Hawke's Bay Region,Nil,2-way,Sealed,0.0,0.0,,50.0,,Off,0.0,0.0,,30.0,Hastings District,Nil,,,,,0.0,0.0,Urban,0.0,,,Fine
603575,1929459.9965,5605988.7725,547700.0,0.0,0.0,1.0,South,2018/2019,ST AUBYN STREET WEST,GRAYS ROAD,Serious Crash,No,2019,East,0.0,,Flat,,,,,Bright sun,1488100.0,0.0,0.0,0.0,2.0,0.0,,,Hawke's Bay Region,Nil,2-way,Sealed,0.0,1.0,,50.0,,Off,0.0,0.0,,30.0,Hastings District,Give way,,,,,0.0,0.0,Urban,1.0,,,Fine
393600,1929373.0,5605307.0,548200.0,0.0,0.0,1.0,Null,1999/2000,SOUTHLAND ROAD,EASTBOURNE ST WEST,Non-Injury Crash,No,2000,North,0.0,,Flat,,,,,Bright sun,1488800.0,0.0,0.0,0.0,2.0,0.0,,,Hawke's Bay Region,Nil,2-way,Sealed,0.0,0.0,,50.0,,Null,0.0,0.0,,30.0,Hastings District,Give way,,,,,0.0,0.0,Urban,1.0,,,Fine
324212,1928463.0,5606013.0,548500.0,0.0,0.0,2.0,South,2017/2018,MARAEKAKAHO ROAD,SOUTHAMPTON ST WEST,Non-Injury Crash,No,2017,South,0.0,,Flat,,,,,Twilight,1479600.0,0.0,0.0,0.0,2.0,0.0,,,Hawke's Bay Region,Nil,2-way,Sealed,0.0,0.0,,50.0,,On,0.0,0.0,,30.0,Hastings District,Unknown,,,,,0.0,0.0,Urban,0.0,,,Fine
672516,1938153.0,5609997.0,545730.0,0.0,0.0,1.0,South,2001/2002,LAWN ROAD,SCHOOL ROAD,Non-Injury Crash,No,2002,South,0.0,0.0,Flat,0.0,,0.0,0.0,Dark,1405300.0,0.0,0.0,0.0,2.0,0.0,0.0,,Hawke's Bay Region,Nil,2-way,Sealed,0.0,0.0,0.0,100.0,0.0,None,0.0,0.0,,30.0,Hastings District,Stop,0.0,0.0,0.0,0.0,0.0,0.0,Open,0.0,0.0,0.0,Fine
610182,1931888.0,5602544.0,545762.0,0.0,0.0,0.0,East,2004/2005,HAVELOCK ROAD,ST ANDREWS ROAD,Minor Crash,No,2004,North,0.0,,Flat,,,,,Bright sun,1468300.0,1.0,0.0,0.0,2.0,0.0,,,Hawke's Bay Region,Nil,2-way,Sealed,0.0,0.0,,70.0,,Null,0.0,0.0,,30.0,Hastings District,Nil,,,,,0.0,0.0,Urban,2.0,,,Fine
561647,1929800.0,5605059.0,548200.0,0.0,0.0,3.0,West,2002/2003,MARKET ST NORTH,QUEEN ST WEST,Non-Injury Crash,No,2002,North,0.0,0.0,Flat,0.0,,0.0,0.0,Overcast,1491700.0,0.0,0.0,0.0,2.0,0.0,1.0,,Hawke's Bay Region,Nil,2-way,Sealed,0.0,0.0,0.0,50.0,0.0,Null,0.0,0.0,,30.0,Hastings District,Nil,0.0,0.0,0.0,0.0,0.0,0.0,Urban,0.0,0.0,0.0,Fine
719629,1937171.0,5599556.0,545860.0,5.0,0.0,0.0,North,2010/2011,TUKI TUKI ROAD,CRAGGY RANGE ROAD,Serious Crash,No,2010,South,0.0,,Flat,,,,,Overcast,1408301.0,2.0,0.0,0.0,2.0,0.0,,,Hawke's Bay Region,Nil,2-way,Sealed,0.0,3.0,,100.0,,Null,0.0,0.0,,30.0,Hastings District,Nil,,,,,0.0,0.0,Open,0.0,,,Fine
296127,1931593.0,5604700.0,548000.0,0.0,0.0,1.0,Null,1999/2000,GROVE ROAD,JELLICOE ST,Minor Crash,No,2000,West,0.0,,Flat,,,,,Bright sun,1498600.0,1.0,0.0,0.0,2.0,0.0,,1.0,Hawke's Bay Region,Nil,2-way,Sealed,0.0,0.0,,50.0,,Null,0.0,0.0,,30.0,Hastings District,Give way,,,,,0.0,0.0,Urban,0.0,,,Fine
660402,1929724.0,5605241.0,548200.0,0.0,0.0,2.0,North,2013/2014,QUEEN ST WEST,KING ST NORTH,Non-Injury Crash,No,2013,North,0.0,,Flat,,,,,Bright sun,1490700.0,0.0,0.0,0.0,2.0,0.0,,,Hawke's Bay Region,Nil,2-way,Sealed,0.0,0.0,,50.0,,Null,0.0,0.0,,30.0,Hastings District,Nil,,,,,0.0,0.0,Urban,0.0,,,Fine
197715,1932316.0,5602107.0,545762.0,0.0,0.0,1.0,North,2005/2006,HAVELOCK ROAD,KARANEMA DRIVE,Non-Injury Crash,No,2005,South,0.0,0.0,Flat,0.0,,0.0,0.0,Bright sun,1468300.0,0.0,0.0,0.0,2.0,0.0,0.0,,Hawke's Bay Region,Bridge,2-way,Sealed,0.0,0.0,0.0,50.0,0.0,Null,0.0,0.0,,30.0,Hastings District,Nil,0.0,0.0,0.0,0.0,0.0,0.0,Urban,0.0,0.0,0.0,Fine
213825,1926264.0,5606265.0,545761.0,0.0,0.0,1.0,Null,2015/2016,SH 50A,YORK ROAD,Non-Injury Crash,Yes,2016,West,0.0,0.0,Flat,0.0,,0.0,0.0,Dark,1469905.0,0.0,0.0,0.0,2.0,0.0,0.0,,Hawke's Bay Region,Nil,2-way,Sealed,0.0,0.0,0.0,100.0,0.0,On,0.0,0.0,,30.0,Hastings District,Give way,0.0,1.0,0.0,0.0,0.0,0.0,Open,0.0,0.0,0.0,Fine
200437,1930876.0,5604104.0,548100.0,1.0,0.0,1.0,Null,1999/2000,ST AUBYN ST EAST,PARK ROAD NORTH,Minor Crash,No,2000,North,0.0,,Flat,,,,,Overcast,1501300.0,1.0,0.0,0.0,2.0,0.0,,,Hawke's Bay Region,Nil,2-way,Sealed,0.0,0.0,,50.0,,Null,0.0,0.0,,30.0,Hastings District,Give way,,,,,0.0,0.0,Urban,0.0,,,Fine
216646,1932949.0,5601805.0,548831.0,0.0,0.0,1.0,Null,2006/2007,TE MATA ROAD,DUART ROAD,Minor Crash,No,2006,East,0.0,,Flat,,,,,Bright sun,1509700.0,1.0,0.0,0.0,2.0,0.0,,,Hawke's Bay Region,Nil,2-way,Sealed,0.0,0.0,,50.0,,Null,0.0,0.0,,30.0,Hastings District,Give way,,,,,0.0,0.0,Urban,1.0,,,Fine
571120,1931613.0,5608421.0,545710.0,0.0,0.0,1.0,Null,2009/2010,ELWOOD ROAD,PAKOWHAI ROAD,Minor Crash,No,2010,North,0.0,1.0,Flat,0.0,,0.0,0.0,Dark,1471100.0,1.0,0.0,0.0,2.0,0.0,0.0,,Hawke's Bay Region,Nil,2-way,Sealed,0.0,0.0,0.0,100.0,0.0,On,0.0,0.0,,30.0,Hastings District,Give way,0.0,0.0,0.0,0.0,0.0,0.0,Open,0.0,0.0,0.0,Fine
91376,1930346.0,5599291.0,548822.0,0.0,0.0,1.0,East,2014/2015,MIDDLE ROAD,SCHOOL ROAD,Non-Injury Crash,No,2015,West,0.0,,Flat,,,,,Bright sun,1465901.0,0.0,0.0,0.0,2.0,0.0,,,Hawke's Bay Region,Nil,2-way,Sealed,0.0,0.0,,100.0,,Null,0.0,0.0,,30.0,Hastings District,Nil,,,,,0.0,0.0,Open,1.0,,,Fine
74737,1932274.0,5609028.0,545721.0,0.0,0.0,2.0,Null,2007/2008,RUAHAPIA ROAD,PAKOWHAI ROAD,Non-Injury Crash,No,2008,West,0.0,,Flat,,,,,Overcast,1471600.0,0.0,0.0,0.0,2.0,0.0,,,Hawke's Bay Region,Nil,2-way,Sealed,0.0,0.0,,100.0,,Null,0.0,0.0,,30.0,Hastings District,Give way,,,,,0.0,0.0,Open,0.0,,,Fine
665356,1924455.0,5607207.0,548612.0,0.0,0.0,2.0,East,2018/2019,CHATHAM ROAD,CABOT PLACE,Non-Injury Crash,No,2018,West,0.0,0.0,Flat,0.0,,0.0,0.0,Dark,1474003.0,0.0,0.0,0.0,2.0,0.0,1.0,,Hawke's Bay Region,Nil,2-way,Sealed,0.0,0.0,0.0,50.0,0.0,On,0.0,0.0,,30.0,Hastings District,Unknown,0.0,0.0,0.0,0.0,0.0,0.0,Urban,0.0,0.0,0.0,Fine
585760,1934768.0,5608831.0,545722.0,0.0,0.0,2.0,Null,2003/2004,SH 2,BUCKINGHAM ST,Non-Injury Crash,Yes,2003,East,0.0,,Flat,,Labour Weekend,,,Dark,1406300.0,0.0,0.0,0.0,2.0,0.0,,,Hawke's Bay Region,Nil,2-way,Sealed,0.0,0.0,,50.0,,On,0.0,0.0,,30.0,Hastings District,Stop,,,,,0.0,0.0,Urban,0.0,,,Fine
732466,1931319.0,5605204.0,548000.0,0.0,0.0,2.0,North,2004/2005,WILLOWPARK ROAD NORTH,GROVE ROAD,Non-Injury Crash,No,2005,South,0.0,,Flat,,,,,Bright sun,1496800.0,0.0,0.0,0.0,2.0,0.0,,,Hawke's Bay Region,Nil,2-way,Sealed,0.0,0.0,,50.0,,Null,0.0,0.0,,30.0,Hastings District,Nil,,,,,0.0,0.0,Urban,0.0,,,Fine
344318,1937270.0,5638116.0,545811.0,0.0,0.0,0.0,North,2010/2011,SH 2,PAKURATAHI VALLEY ROAD,Non-Injury Crash,Yes,2011,South,0.0,0.0,Flat,0.0,,0.0,0.0,Dark,1415800.0,0.0,0.0,0.0,2.0,0.0,0.0,,Hawke's Bay Region,Nil,2-way,Sealed,0.0,0.0,0.0,100.0,0.0,None,0.0,0.0,,30.0,Hastings District,Nil,0.0,0.0,0.0,0.0,0.0,0.0,Open,1.0,0.0,0.0,Fine
266700,1930103.4262,5604938.0217,548200.0,0.0,0.0,2.0,South,2019/2020,AVENUE ROAD EAST,KARAMU ROAD NORTH,Non-Injury Crash,No,2019,North,0.0,,Flat,,,,,Overcast,1492800.0,0.0,0.0,0.0,2.0,0.0,,,Hawke's Bay Region,Nil,2-way,Sealed,0.0,0.0,,50.0,,Off,0.0,0.0,,30.0,Hastings District,Unknown,,,,,0.0,0.0,Urban,0.0,,,Light rain
148889,1929560.0,5605258.0,548200.0,0.0,0.0,1.0,Null,2004/2005,NELSON ST SOUTH,HERETAUNGA ST WEST,Non-Injury Crash,No,2005,North,0.0,,Flat,,,,,Dark,1490100.0,0.0,0.0,0.0,2.0,0.0,,,Hawke's Bay Region,Nil,2-way,Sealed,0.0,0.0,,50.0,,On,0.0,0.0,,30.0,Hastings District,Traffic Signals,,,,,0.0,0.0,Urban,1.0,,,Fine
738969,1931174.0,5600062.0,548822.0,0.0,0.0,2.0,Null,2003/2004,MIDDLE ROAD,GILPIN ROAD,Non-Injury Crash,No,2003,South,0.0,,Flat,,,,,Dark,1465601.0,0.0,0.0,0.0,2.0,0.0,,,Hawke's Bay Region,Nil,2-way,Sealed,0.0,0.0,,100.0,,None,0.0,0.0,,30.0,Hastings District,Nil,,,,,0.0,0.0,Open,0.0,,,Light rain
573115,1938826.0,5608825.0,545740.0,0.0,0.0,1.0,West,2001/2002,GROVE ROAD,HAUMOANA ROAD,Non-Injury Crash,No,2001,South,0.0,0.0,Flat,0.0,,0.0,0.0,Dark,1406801.0,0.0,0.0,0.0,2.0,0.0,1.0,,Hawke's Bay Region,Nil,2-way,Sealed,0.0,0.0,0.0,50.0,0.0,None,0.0,0.0,,30.0,Hastings District,Nil,0.0,0.0,0.0,0.0,0.0,0.0,Urban,1.0,0.0,0.0,Fine
414905,1929657.0,5605330.0,548200.0,0.0,0.0,1.0,Null,2002/2003,NELSON ST NORTH,QUEEN ST WEST,Non-Injury Crash,No,2002,North,0.0,,Flat,,,,,Overcast,1490800.0,0.0,0.0,0.0,2.0,0.0,,,Hawke's Bay Region,Nil,2-way,Sealed,0.0,0.0,,50.0,,Null,0.0,0.0,,30.0,Hastings District,Give way,,,,,0.0,0.0,Urban,1.0,,,Fine
284390,1930065.0,5604789.0,548200.0,0.0,0.0,2.0,Null,2003/2004,QUEEN ST EAST,WARREN ST NORTH,Non-Injury Crash,No,2004,East,0.0,0.0,Flat,0.0,,1.0,0.0,Bright sun,1493400.0,0.0,0.0,0.0,2.0,0.0,0.0,,Hawke's Bay Region,Nil,2-way,Sealed,0.0,0.0,0.0,50.0,0.0,Null,0.0,0.0,,30.0,Hastings District,Give way,0.0,0.0,0.0,0.0,0.0,0.0,Urban,0.0,0.0,0.0,Fine