OBJECTID,X,Y,areaUnitID,bicycle,bus,carStationWagon,crashDirectionDescription,crashFinancialYear,crashLocation1,crashLocation2,crashSeverity,crashSHDescription,crashYear,directionRoleDescription,fatalCount,fence,flatHill,guardRail,holiday,houseOrBuilding,kerb,light,meshblockId,minorInjuryCount,moped,motorcycle,NumberOfLanes,otherVehicleType,parkedVehicle,pedestrian,region,roadCharacter,roadLane,roadSurface,schoolBus,seriousInjuryCount,slipOrFlood,speedLimit,strayAnimal,streetLight,suv,taxi,temporarySpeedLimit,tlaId,tlaName,trafficControl,trafficIsland,trafficSign,train,tree,truck,unknownVehicleType,urban,vanOrUtility,vehicle,waterRiver,weatherA
282220,1927296.0,5605131.0,545761.0,0.0,0.0,2.0,Null,2002/2003,YORK ROAD,MARAEKAKAHO ROAD,Non-Injury Crash,No,2003,North,0.0,,Flat,,Easter,,,Twilight,1469905.0,0.0,0.0,0.0,3.0,0.0,,,Hawke's Bay Region,Nil,2-way,Sealed,0.0,0.0,,70.0,,Off,0.0,0.0,,30.0,Hastings District,Give way,,,,,0.0,0.0,Urban,0.0,,,Fine
527636,1929671.0,5606949.0,545710.0,0.0,0.0,3.0,West,2014/2015,PAKOWHAI ROAD,DUKE ST,Non-Injury Crash,No,2015,East,0.0,,Flat,,,,,Bright sun,1471300.0,0.0,0.0,0.0,2.0,0.0,,,Hawke's Bay Region,Nil,2-way,Sealed,0.0,0.0,,50.0,,Null,0.0,0.0,,30.0,Hastings District,Give way,,,,,0.0,0.0,Urban,0.0,,,Fine
585574,1926131.0,5618556.0,545821.0,0.0,0.0,1.0,South,2014/2015,OMARUNUI ROAD,VICARAGE ROAD,Non-Injury Crash,No,2014,South,0.0,0.0,Flat,0.0,,0.0,0.0,Bright sun,1408700.0,0.0,0.0,0.0,2.0,0.0,0.0,,Hawke's Bay Region,Nil,2-way,Sealed,0.0,0.0,0.0,100.0,0.0,None,0.0,0.0,,30.0,Hastings District,Nil,0.0,1.0,0.0,0.0,0.0,0.0,Open,0.0,0.0,0.0,Fine
147222,1930125.0,5604605.0,548200.0,0.0,0.0,2.0,Null,2007/2008,Z CPK NEW WORLD,HERETAUNGA ST EAST,Non-Injury Crash,No,2008,South,0.0,0.0,Flat,0.0,,0.0,0.0,Overcast,1493900.0,0.0,0.0,0.0,0.0,0.0,1.0,,Hawke's Bay Region,Nil,Off road,Sealed,0.0,0.0,0.0,50.0,0.0,Null,0.0,0.0,,30.0,Hastings District,Nil,0.0,0.0,0.0,0.0,0.0,0.0,Urban,0.0,0.0,0.0,Fine
384992,1935897.0,5639914.0,545811.0,0.0,0.0,1.0,North,2010/2011,SH 2,TANGOIO SETTLEMENT ROAD,Minor Crash,Yes,2011,North,0.0,0.0,Flat,0.0,,0.0,0.0,Bright sun,1415700.0,1.0,0.0,0.0,2.0,0.0,0.0,,Hawke's Bay Region,Nil,2-way,Sealed,0.0,0.0,0.0,100.0,0.0,Null,0.0,0.0,,30.0,Hastings District,Nil,0.0,0.0,0.0,0.0,0.0,0.0,Open,0.0,0.0,0.0,Fine
36450,1937878.0,5610217.0,545730.0,0.0,0.0,1.0,West,2006/2007,SCHOOL ROAD,PITT ST,Non-Injury Crash,No,2006,West,0.0,0.0,Flat,0.0,,0.0,0.0,Dark,1405200.0,0.0,0.0,0.0,2.0,0.0,0.0,,Hawke's Bay Region,Nil,2-way,Sealed,0.0,0.0,0.0,50.0,0.0,None,0.0,0.0,,30.0,Hastings District,Nil,0.0,0.0,0.0,0.0,0.0,0.0,Urban,0.0,0.0,0.0,Heavy rain
405883,1929336.0,5605510.0,547700.0,0.0,0.0,2.0,Null,2001/2002,Z CPK WRITE PRICE,HERETAUNGA/CHARLES,Non-Injury Crash,No,2002,North,0.0,0.0,Flat,0.0,,0.0,0.0,Bright sun,1487700.0,0.0,0.0,0.0,2.0,0.0,1.0,,Hawke's Bay Region,Nil,Off road,Sealed,0.0,0.0,0.0,50.0,0.0,Null,0.0,0.0,,30.0,Hastings District,Nil,0.0,0.0,0.0,0.0,0.0,0.0,Urban,0.0,0.0,0.0,Fine
315674,1932309.0,5611072.0,545832.0,0.0,0.0,1.0,South,2016/2017,PAKOWHAI ROAD,BROOKFIELDS ROAD,Minor Crash,No,2017,South,0.0,0.0,Flat,0.0,,0.0,0.0,Dark,1404000.0,1.0,0.0,0.0,2.0,0.0,0.0,,Hawke's Bay Region,Nil,2-way,Sealed,0.0,0.0,0.0,80.0,0.0,None,0.0,0.0,,30.0,Hastings District,Unknown,0.0,0.0,0.0,0.0,0.0,0.0,Open,0.0,0.0,0.0,Fine
650125,1932667.0,5608222.0,545721.0,0.0,0.0,1.0,South,2007/2008,RUAHAPIA ROAD,WHAKATU ROAD,Non-Injury Crash,No,2007,South,0.0,0.0,Flat,0.0,,0.0,0.0,Bright sun,1471600.0,0.0,0.0,0.0,2.0,0.0,0.0,,Hawke's Bay Region,Nil,2-way,Sealed,0.0,0.0,0.0,100.0,0.0,Null,0.0,0.0,,30.0,Hastings District,Nil,0.0,0.0,0.0,1.0,0.0,0.0,Open,0.0,0.0,0.0,Fine
315351,1931138.0356,5613512.8407,545831.0,0.0,0.0,0.0,Null,2019/2020,PAKOWHAI ROAD,ALLEN ROAD,Non-Injury Crash,No,2019,Null,0.0,,Flat,,,,,Bright sun,1404600.0,0.0,0.0,0.0,2.0,0.0,,,Hawke's Bay Region,Nil,2-way,Sealed,0.0,0.0,,80.0,,Off,0.0,0.0,,30.0,Hastings District,Nil,,,,,0.0,0.0,Open,2.0,,,Fine
65882,1932646.0,5609502.0,545832.0,0.0,0.0,1.0,South,2007/2008,PAKOWHAI ROAD,FARNDON ROAD,Fatal Crash,No,2007,North,1.0,0.0,Flat,0.0,,0.0,0.0,Dark,1404300.0,0.0,0.0,0.0,2.0,0.0,0.0,,Hawke's Bay Region,Nil,2-way,Sealed,0.0,0.0,0.0,100.0,0.0,None,0.0,0.0,,30.0,Hastings District,Nil,0.0,0.0,0.0,1.0,0.0,0.0,Open,0.0,0.0,0.0,Fine
518148,1909998.0,5670688.0,545911.0,0.0,0.0,0.0,North,2008/2009,SH 5,STONEY CREEK CUL,Non-Injury Crash,Yes,2008,East,0.0,,Hill Road,,,,,Overcast,1281200.0,0.0,0.0,0.0,3.0,0.0,,,Hawke's Bay Region,Nil,2-way,Sealed,0.0,0.0,,100.0,,Null,1.0,0.0,,30.0,Hastings District,Nil,,,,,1.0,0.0,Open,0.0,,,Fine
5422,1929673.0,5613825.0,545831.0,0.0,0.0,1.0,West,2017/2018,SH 50,FRANKLIN ROAD,Non-Injury Crash,Yes,2018,West,0.0,0.0,Flat,0.0,,0.0,0.0,Overcast,1404600.0,0.0,0.0,0.0,2.0,0.0,0.0,,Hawke's Bay Region,Nil,2-way,Unsealed,0.0,0.0,0.0,50.0,0.0,Null,0.0,0.0,,30.0,Hastings District,Unknown,0.0,0.0,0.0,0.0,1.0,0.0,Urban,0.0,0.0,0.0,Null
265726,1924382.0,5616470.0,545821.0,0.0,0.0,1.0,North,1999/2000,SWAMP ROAD,PIRAU ROAD,Minor Crash,No,2000,East,0.0,,Flat,,,,,Dark,1408500.0,1.0,0.0,0.0,2.0,0.0,,,Hawke's Bay Region,Nil,2-way,Sealed,0.0,0.0,,100.0,,None,0.0,0.0,,30.0,Hastings District,Nil,,,,,0.0,0.0,Open,0.0,,,Light rain
102684,1930680.9072,5606109.5805,547600.0,0.0,0.0,1.0,Null,2017/2018,FREDERICK STREET,NELSON STREET NORTH,Minor Crash,No,2017,South,0.0,0.0,Flat,0.0,,0.0,0.0,Dark,1483800.0,1.0,0.0,0.0,2.0,0.0,0.0,,Hawke's Bay Region,Nil,2-way,Sealed,0.0,0.0,0.0,50.0,0.0,On,0.0,0.0,,30.0,Hastings District,Give way,0.0,0.0,0.0,0.0,0.0,0.0,Urban,0.0,0.0,0.0,Fine
560708,1923253.0,5596646.0,545851.0,0.0,0.0,1.0,South,2007/2008,SH 2,KENNELS CNR,Minor Crash,Yes,2007,North,0.0,0.0,Flat,0.0,,0.0,0.0,Dark,1463900.0,1.0,0.0,0.0,2.0,0.0,0.0,,Hawke's Bay Region,Nil,2-way,Sealed,0.0,0.0,0.0,100.0,0.0,None,0.0,0.0,,30.0,Hastings District,Nil,0.0,0.0,0.0,0.0,0.0,0.0,Open,0.0,0.0,0.0,Mist or Fog
225339,1933466.0,5603072.0,545750.0,0.0,0.0,1.0,North,2013/2014,NAPIER ROAD,ROMANES DRIVE,Fatal Crash,No,2014,South,1.0,,Flat,,,,,Bright sun,1466202.0,0.0,0.0,0.0,2.0,0.0,,,Hawke's Bay Region,Nil,2-way,Sealed,0.0,1.0,,80.0,,Null,0.0,0.0,,30.0,Hastings District,Unknown,,,,,0.0,0.0,Open,1.0,,,Fine
678529,1929464.0,5605185.0,548200.0,0.0,0.0,1.0,Null,2007/2008,NELSON ST SOUTH,EASTBOURNE ST WEST,Non-Injury Crash,No,2007,North,0.0,,Flat,,,,,Bright sun,1488900.0,0.0,0.0,0.0,2.0,0.0,,,Hawke's Bay Region,Nil,2-way,Sealed,0.0,0.0,,50.0,,Null,0.0,0.0,,30.0,Hastings District,Stop,,,,,0.0,0.0,Urban,1.0,,,Fine
215247,1911471.0,5663657.0,545911.0,0.0,0.0,0.0,North,2000/2001,SH 5,MCVICAR ROAD,Minor Crash,Yes,2001,East,0.0,1.0,Hill Road,0.0,,0.0,0.0,Overcast,1414400.0,3.0,0.0,0.0,2.0,0.0,0.0,,Hawke's Bay Region,Nil,2-way,Sealed,0.0,0.0,0.0,100.0,0.0,Null,0.0,0.0,,30.0,Hastings District,Nil,0.0,0.0,0.0,0.0,0.0,0.0,Open,1.0,0.0,0.0,Light rain
438321,1924698.0,5607435.0,548612.0,0.0,0.0,2.0,East,2002/2003,AMUNDSEN AVENUE,SCOTT DRIVE,Non-Injury Crash,No,2003,North,0.0,0.0,Flat,0.0,,0.0,0.0,Dark,1474116.0,0.0,0.0,0.0,2.0,0.0,1.0,,Hawke's Bay Region,Nil,2-way,Sealed,0.0,0.0,0.0,50.0,0.0,On,0.0,1.0,,30.0,Hastings District,Nil,0.0,0.0,0.0,0.0,0.0,0.0,Urban,0.0,0.0,0.0,Fine
250246,1929549.0,5604672.0,548200.0,0.0,0.0,1.0,Null,2009/2010,SOUTHAMPTON ST WEST,RAILWAY ROAD,Non-Injury Crash,No,2010,South,0.0,,Flat,,,,,Bright sun,1489700.0,0.0,0.0,0.0,2.0,0.0,,,Hawke's Bay Region,Nil,2-way,Sealed,0.0,0.0,,50.0,,Null,0.0,0.0,,30.0,Hastings District,Traffic Signals,,,,,1.0,0.0,Urban,0.0,,,Fine
483804,1918107.0,5649933.0,545912.0,0.0,0.0,1.0,North,2017/2018,SH 5,TE POHUE LOOP ROAD,Non-Injury Crash,Yes,2017,South,0.0,0.0,Hill Road,0.0,,0.0,0.0,Overcast,1414504.0,0.0,0.0,0.0,2.0,0.0,0.0,,Hawke's Bay Region,Nil,2-way,Sealed,0.0,0.0,0.0,100.0,0.0,Null,0.0,0.0,,30.0,Hastings District,Unknown,0.0,1.0,0.0,0.0,0.0,0.0,Open,0.0,0.0,0.0,Mist or Fog
418429,1928996.0,5608876.0,545710.0,0.0,0.0,1.0,West,2014/2015,ORMOND ROAD,EVENDEN ROAD,Non-Injury Crash,No,2014,West,0.0,0.0,Flat,0.0,,0.0,0.0,Overcast,1471000.0,0.0,0.0,0.0,2.0,0.0,0.0,,Hawke's Bay Region,Nil,2-way,Sealed,0.0,0.0,0.0,100.0,0.0,None,0.0,0.0,,30.0,Hastings District,Nil,0.0,0.0,0.0,0.0,0.0,0.0,Open,0.0,0.0,0.0,Fine
104907,1929987.0,5604693.0,548200.0,0.0,0.0,1.0,East,2005/2006,HERETAUNGA ST EAST,WARREN ST SOUTH,Non-Injury Crash,No,2005,East,0.0,0.0,Flat,0.0,,0.0,0.0,Bright sun,1493300.0,0.0,0.0,0.0,2.0,0.0,1.0,,Hawke's Bay Region,Nil,2-way,Sealed,0.0,0.0,0.0,50.0,0.0,Null,0.0,0.0,,30.0,Hastings District,Nil,0.0,0.0,0.0,0.0,0.0,0.0,Urban,1.0,0.0,0.0,Fine
391853,1923422.0,5610574.0,545710.0,0.0,0.0,1.0,East,2016/2017,SH 50,GORDON ST,Non-Injury Crash,Yes,2017,North,0.0,0.0,Flat,0.0,,0.0,0.0,Dark,1470400.0,0.0,0.0,0.0,2.0,0.0,0.0,,Hawke's Bay Region,Nil,2-way,Sealed,0.0,0.0,0.0,100.0,0.0,None,0.0,0.0,,30.0,Hastings District,Unknown,0.0,0.0,0.0,1.0,0.0,0.0,Open,0.0,0.0,0.0,Fine
578945,1927917.0,5601772.0,545762.0,0.0,0.0,1.0,Null,2008/2009,LONGLANDS ROAD,RIVERSLEA ROAD SOUTH,Non-Injury Crash,No,2009,South,0.0,1.0,Flat,0.0,,0.0,0.0,Dark,1468400.0,0.0,0.0,0.0,2.0,0.0,0.0,,Hawke's Bay Region,Nil,2-way,Sealed,0.0,0.0,0.0,100.0,0.0,None,0.0,0.0,,30.0,Hastings District,Give way,0.0,0.0,0.0,1.0,0.0,0.0,Open,0.0,0.0,0.0,Fine
515246,1908454.0,5674853.0,545911.0,0.0,0.0,1.0,North,2003/2004,SH 5,TARAWERA TAV,Minor Crash,Yes,2004,North,0.0,,Flat,,,,,Dark,1281200.0,1.0,0.0,0.0,2.0,0.0,,,Hawke's Bay Region,Nil,2-way,Sealed,0.0,0.0,,100.0,,None,0.0,0.0,,30.0,Hastings District,Nil,,,,,1.0,0.0,Open,0.0,,,Light rain
12425,1936316.0,5598722.0,545851.0,0.0,0.0,1.0,North,2010/2011,WAIMARAMA ROAD,TUKI TUKI ROAD,Non-Injury Crash,No,2011,North,0.0,,Flat,,,,,Bright sun,1467002.0,0.0,0.0,0.0,2.0,0.0,,,Hawke's Bay Region,Nil,2-way,Sealed,0.0,0.0,,100.0,,Null,1.0,0.0,,30.0,Hastings District,Nil,,,,,0.0,0.0,Open,0.0,,,Fine
454777,1919355.0,5646260.0,545811.0,0.0,0.0,1.0,South,2000/2001,SH 5,OLD TAUPO COACH ROAD,Serious Crash,Yes,2001,North,0.0,,Hill Road,,Christmas New Year,,,Overcast,1414600.0,2.0,0.0,0.0,2.0,0.0,,,Hawke's Bay Region,Nil,2-way,Sealed,0.0,1.0,,100.0,,Null,0.0,0.0,,30.0,Hastings District,Nil,,,,,0.0,0.0,Open,1.0,,,Heavy rain
561633,1930192.0,5604356.0,548200.0,0.0,0.0,2.0,West,2017/2018,WILLOWPARK ROAD SOUTH,HERETAUNGA ST EAST,Non-Injury Crash,No,2017,North,0.0,,Flat,,,,,Bright sun,1493800.0,0.0,0.0,0.0,2.0,0.0,,,Hawke's Bay Region,Nil,2-way,Sealed,0.0,0.0,,50.0,,Null,0.0,0.0,,30.0,Hastings District,Unknown,,,,,0.0,0.0,Urban,0.0,,,Fine
32811,1929850.0,5605477.0,548200.0,0.0,0.0,2.0,Null,2016/2017,ST AUBYN ST WEST,NELSON ST NORTH,Non-Injury Crash,No,2017,North,0.0,,Flat,,,,,Twilight,1490405.0,0.0,0.0,0.0,3.0,0.0,,,Hawke's Bay Region,Nil,2-way,Sealed,0.0,0.0,,50.0,,Off,0.0,0.0,,30.0,Hastings District,Traffic Signals,,,,,0.0,0.0,Urban,0.0,,,Fine
638071,1926020.0,5594976.0,545851.0,0.0,0.0,0.0,South,2014/2015,MIDDLE ROAD,MUTINY ROAD,Minor Crash,No,2014,South,0.0,,Flat,,Christmas New Year,,,Bright sun,1465903.0,1.0,0.0,1.0,2.0,0.0,,,Hawke's Bay Region,Nil,2-way,Sealed,0.0,0.0,,100.0,,Null,0.0,0.0,,30.0,Hastings District,Nil,,,,,0.0,0.0,Open,0.0,,,Fine
157197,1927278.0,5605155.0,545761.0,0.0,0.0,1.0,North,2010/2011,YORK ROAD,MARAEKAKAHO ROAD,Non-Injury Crash,No,2011,South,0.0,,Flat,,,,,Bright sun,1469905.0,0.0,0.0,0.0,2.0,0.0,,,Hawke's Bay Region,Nil,2-way,Sealed,0.0,0.0,,50.0,,Null,0.0,0.0,,30.0,Hastings District,Stop,,,,,0.0,0.0,Urban,1.0,,,Fine
518900,1931039.0,5605564.0,548000.0,0.0,0.0,1.0,Null,2001/2002,KARUMU ROAD NORTH,GROVE ROAD,Non-Injury Crash,No,2002,West,0.0,,Flat,,,,,Bright sun,1497100.0,0.0,0.0,0.0,2.0,0.0,,,Hawke's Bay Region,Nil,2-way,Sealed,0.0,0.0,,50.0,,Null,0.0,0.0,,30.0,Hastings District,Traffic Signals,,,,,0.0,0.0,Urban,1.0,,,Fine
121860,1927202.0,5607729.0,545710.0,0.0,0.0,2.0,West,2003/2004,OMAHU ROAD,WILSON ROAD,Non-Injury Crash,No,2003,East,0.0,,Flat,,,,,Bright sun,1471000.0,0.0,0.0,0.0,2.0,0.0,,,Hawke's Bay Region,Nil,2-way,Sealed,0.0,0.0,,50.0,,Null,0.0,0.0,,30.0,Hastings District,Nil,,,,,0.0,0.0,Urban,0.0,,,Fine
655967,1929851.3518,5605071.7858,548200.0,0.0,0.0,1.0,South,2019/2020,QUEEN STREET WEST,MARKET STREET NORTH,Non-Injury Crash,No,2020,North,0.0,,Flat,,,,,Bright sun,1491700.0,0.0,0.0,0.0,2.0,0.0,,,Hawke's Bay Region,Nil,2-way,Sealed,0.0,0.0,,50.0,,Off,0.0,0.0,,30.0,Hastings District,Unknown,,,,,0.0,0.0,Urban,1.0,,,Fine
495105,1929556.0,5600682.0,545762.0,0.0,0.0,1.0,South,2007/2008,TE AUTE ROAD,ST GEORGES ROAD,Non-Injury Crash,No,2008,South,0.0,1.0,Flat,0.0,,0.0,0.0,Dark,1465300.0,0.0,0.0,0.0,2.0,0.0,0.0,,Hawke's Bay Region,Nil,2-way,Sealed,0.0,0.0,0.0,100.0,0.0,None,0.0,0.0,,30.0,Hastings District,Nil,0.0,0.0,0.0,0.0,0.0,0.0,Open,0.0,0.0,0.0,Fine
474210,1929845.0,5604880.0,548200.0,0.0,0.0,1.0,East,2004/2005,HERETAUNGA ST EAST,RUSSELL ST NORTH,Non-Injury Crash,No,2005,South,0.0,0.0,Flat,0.0,,0.0,0.0,Bright sun,1492000.0,0.0,0.0,0.0,2.0,0.0,1.0,,Hawke's Bay Region,Nil,2-way,Sealed,0.0,0.0,0.0,50.0,0.0,Null,0.0,0.0,,30.0,Hastings District,Nil,0.0,0.0,0.0,0.0,0.0,0.0,Urban,1.0,0.0,0.0,Fine
549535,1928743.0,5601043.0,545762.0,0.0,0.0,2.0,West,2008/2009,LONGLANDS ROAD EAST,TE AUTE ROAD,Non-Injury Crash,No,2008,West,0.0,0.0,Flat,0.0,,0.0,0.0,Bright sun,1468400.0,0.0,0.0,0.0,2.0,0.0,1.0,,Hawke's Bay Region,Nil,2-way,Sealed,0.0,0.0,0.0,100.0,0.0,Null,0.0,0.0,,30.0,Hastings District,Nil,0.0,0.0,0.0,0.0,0.0,0.0,Open,0.0,0.0,0.0,Fine
239442,1918812.0,5647625.0,545811.0,0.0,0.0,1.0,North,1999/2000,SH 5,OLD TAUPO COACH ROAD,Non-Injury Crash,Yes,2000,South,0.0,0.0,Flat,0.0,,0.0,0.0,Overcast,1414700.0,0.0,0.0,0.0,2.0,0.0,0.0,,Hawke's Bay Region,Nil,2-way,Sealed,0.0,0.0,0.0,100.0,0.0,Null,0.0,0.0,,30.0,Hastings District,Nil,0.0,0.0,0.0,0.0,0.0,0.0,Open,0.0,0.0,0.0,Light rain
420483,1931438.0,5605808.0,548000.0,0.0,0.0,1.0,Null,2011/2012,KARAMU ROAD NORTH,COLLINGE ROAD,Non-Injury Crash,No,2011,South,0.0,,Flat,,,,,Bright sun,1496700.0,0.0,0.0,0.0,2.0,0.0,,,Hawke's Bay Region,Nil,2-way,Sealed,0.0,0.0,,50.0,,Null,0.0,0.0,,30.0,Hastings District,Give way,,,,,0.0,0.0,Urban,1.0,,,Fine
739579,1924943.0,5601668.0,545851.0,0.0,0.0,3.0,South,2012/2013,SH 50A PAKI PAKI ROAD,MANGAROA ROAD,Non-Injury Crash,Yes,2012,North,0.0,,Flat,,,,,Bright sun,1463500.0,0.0,0.0,0.0,2.0,0.0,,,Hawke's Bay Region,Nil,2-way,Sealed,0.0,0.0,,100.0,,Null,0.0,0.0,,30.0,Hastings District,Nil,,,,,0.0,0.0,Open,0.0,,,Fine
396279,1934066.0193,5608901.8799,545722.0,0.0,0.0,2.0,West,2018/2019,ANDERSON ROAD,STATION ROAD,Non-Injury Crash,No,2019,North,0.0,,Flat,,,,,Bright sun,1406200.0,0.0,0.0,0.0,2.0,0.0,,,Hawke's Bay Region,Nil,2-way,Sealed,0.0,0.0,,50.0,,Off,0.0,0.0,,30.0,Hastings District,Nil,,,,,0.0,0.0,Urban,0.0,,,Fine
544442,1929385.0,5604885.0,548200.0,0.0,0.0,1.0,South,2016/2017,SOUTHAMPTON ST WEST,KING ST SOUTH,Non-Injury Crash,No,2016,South,0.0,,Flat,,,,,Overcast,1489100.0,0.0,0.0,0.0,2.0,0.0,,,Hawke's Bay Region,Nil,2-way,Sealed,0.0,0.0,,50.0,,Null,1.0,0.0,,30.0,Hastings District,Unknown,,,,,0.0,0.0,Urban,0.0,,,Fine
726261,1929176.0,5605765.0,547700.0,0.0,0.0,3.0,West,2004/2005,HERETAUNGA ST WEST,MCLEAN ST,Non-Injury Crash,No,2004,East,0.0,0.0,Flat,0.0,Christmas New Year,0.0,0.0,Bright sun,1487800.0,0.0,0.0,0.0,2.0,0.0,2.0,,Hawke's Bay Region,Nil,2-way,Sealed,0.0,0.0,0.0,50.0,0.0,Null,0.0,0.0,,30.0,Hastings District,Nil,0.0,0.0,0.0,0.0,0.0,0.0,Urban,0.0,0.0,0.0,Fine
515060,1915892.0,5590741.0,545851.0,0.0,0.0,1.0,South,2017/2018,SH 2,COLIN WHITE ROAD,Non-Injury Crash,Yes,2017,North,0.0,0.0,Flat,0.0,,0.0,0.0,Dark,1464500.0,0.0,0.0,0.0,2.0,0.0,0.0,,Hawke's Bay Region,Nil,2-way,Sealed,0.0,0.0,0.0,100.0,0.0,On,0.0,0.0,,30.0,Hastings District,Give way,0.0,0.0,0.0,0.0,0.0,0.0,Open,0.0,0.0,0.0,Fine
185010,1919871.0,5612695.0,545821.0,0.0,0.0,1.0,West,2016/2017,TAIHAPE ROAD,OHITI ROAD,Non-Injury Crash,No,2016,North,0.0,0.0,Flat,0.0,,0.0,0.0,Overcast,1408900.0,0.0,0.0,0.0,2.0,0.0,0.0,,Hawke's Bay Region,Nil,2-way,Sealed,0.0,0.0,0.0,100.0,0.0,Null,0.0,0.0,,30.0,Hastings District,Unknown,0.0,0.0,0.0,0.0,0.0,0.0,Open,0.0,0.0,0.0,Light rain
672358,1935849.0,5601442.0,548833.0,0.0,0.0,2.0,East,2008/2009,TE MATA ROAD,BLACK BARN ROAD,Non-Injury Crash,No,2008,West,0.0,,Flat,,,,,Overcast,1466801.0,0.0,0.0,0.0,2.0,0.0,,,Hawke's Bay Region,Nil,2-way,Sealed,0.0,0.0,,100.0,,Null,0.0,0.0,,30.0,Hastings District,Nil,,,,,0.0,0.0,Open,0.0,,,Fine
569865,1931111.0,5605469.0,548000.0,0.0,0.0,2.0,South,2005/2006,GROVE ROAD,KARAMU ROAD NORTH,Non-Injury Crash,No,2006,North,0.0,0.0,Flat,0.0,,0.0,0.0,Overcast,1497500.0,0.0,0.0,0.0,2.0,0.0,2.0,,Hawke's Bay Region,Nil,2-way,Sealed,0.0,0.0,0.0,50.0,0.0,Null,1.0,0.0,,30.0,Hastings District,Nil,0.0,0.0,0.0,0.0,0.0,0.0,Urban,0.0,0.0,0.0,Fine
609060,1930162.0,5606327.0,547600.0,0.0,0.0,1.0,South,2006/2007,DUKE ST,RANGIORA ST,Non-Injury Crash,No,2006,South,0.0,,Flat,,,,,Bright sun,1484300.0,0.0,0.0,0.0,2.0,0.0,,,Hawke's Bay Region,Nil,2-way,Sealed,0.0,0.0,,50.0,,Null,1.0,0.0,,30.0,Hastings District,Nil,,,,,0.0,0.0,Urban,0.0,,,Fine
245433,1929465.0,5604983.0,548200.0,0.0,0.0,2.0,Null,2001/2002,KING ST SOUTH,LYNDON ROAD WEST,Non-Injury Crash,No,2001,East,0.0,0.0,Flat,0.0,,1.0,0.0,Overcast,1489801.0,0.0,0.0,0.0,2.0,0.0,0.0,,Hawke's Bay Region,Nil,2-way,Sealed,0.0,0.0,0.0,50.0,0.0,Null,0.0,0.0,,30.0,Hastings District,Give way,0.0,0.0,0.0,0.0,0.0,0.0,Urban,0.0,0.0,0.0,Light rain
268915,1908881.0,5674625.0,545911.0,0.0,0.0,0.0,North,2013/2014,SH 5,TARAWERA TAV,Minor Crash,Yes,2013,North,0.0,,Hill Road,,,,,Bright sun,1281200.0,1.0,0.0,0.0,2.0,0.0,,,Hawke's Bay Region,Nil,2-way,Sealed,0.0,0.0,,100.0,,Null,0.0,0.0,,30.0,Hastings District,Nil,,,,,1.0,0.0,Open,0.0,,,Fine
89003,1918617.0,5647374.0,545811.0,0.0,0.0,1.0,North,2003/2004,SH 5,OLD TAUPO COACH ROAD,Non-Injury Crash,Yes,2003,North,0.0,0.0,Hill Road,0.0,,0.0,0.0,Dark,1414700.0,0.0,0.0,0.0,2.0,0.0,0.0,,Hawke's Bay Region,Nil,2-way,Sealed,0.0,0.0,0.0,100.0,0.0,None,0.0,0.0,,30.0,Hastings District,Nil,0.0,0.0,0.0,0.0,0.0,0.0,Open,0.0,0.0,0.0,Light rain
261319,1928491.0,5606560.0,547800.0,0.0,0.0,0.0,North,2001/2002,OMAHU ROAD,HAPUKA ST,Serious Crash,No,2002,South,0.0,,Flat,,,,,Overcast,1477400.0,0.0,0.0,0.0,2.0,0.0,,1.0,Hawke's Bay Region,Nil,2-way,Sealed,0.0,1.0,,50.0,,Null,0.0,0.0,,30.0,Hastings District,Nil,,,,,0.0,0.0,Urban,1.0,,,Light rain
225426,1936183.0,5611652.0,545832.0,0.0,0.0,2.0,Null,2005/2006,SH 2,FARNDON ROAD,Minor Crash,Yes,2006,East,0.0,,Flat,,,,,Bright sun,1404200.0,2.0,0.0,0.0,2.0,0.0,,,Hawke's Bay Region,Nil,2-way,Sealed,0.0,0.0,,50.0,,Null,0.0,0.0,,30.0,Hastings District,Give way,,,,,0.0,0.0,Urban,0.0,,,Fine
340413,1931613.0,5608421.0,545710.0,0.0,0.0,2.0,Null,2006/2007,PAKOWHAI ROAD,ELWOOD ROAD,Minor Crash,No,2006,South,0.0,,Flat,,,,,Bright sun,1471100.0,3.0,0.0,0.0,2.0,0.0,,,Hawke's Bay Region,Nil,2-way,Sealed,0.0,0.0,,100.0,,Null,0.0,0.0,,30.0,Hastings District,Nil,,,,,0.0,0.0,Open,0.0,,,Fine
312365,1929758.0,5604392.0,548200.0,0.0,0.0,1.0,West,2007/2008,SOUTHAMPTON ST EAST,HASTINGS ST SOUTH,Non-Injury Crash,No,2007,East,0.0,0.0,Flat,0.0,,0.0,0.0,Dark,1493000.0,0.0,0.0,0.0,2.0,0.0,0.0,,Hawke's Bay Region,Nil,2-way,Sealed,0.0,0.0,0.0,50.0,0.0,On,0.0,0.0,,30.0,Hastings District,Give way,0.0,0.0,0.0,1.0,0.0,0.0,Urban,0.0,0.0,0.0,Fine
576185,1928653.0,5606157.0,548500.0,0.0,0.0,2.0,North,2002/2003,MARAEKAKAHO ROAD,PLUNKET ST,Minor Crash,No,2003,North,0.0,,Flat,,,,,Overcast,1478800.0,2.0,0.0,0.0,2.0,0.0,,,Hawke's Bay Region,Nil,2-way,Sealed,0.0,0.0,,50.0,,Null,0.0,0.0,,30.0,Hastings District,Traffic Signals,,,,,0.0,0.0,Urban,0.0,,,Fine