OBJECTID,X,Y,areaUnitID,bicycle,bus,carStationWagon,crashDirectionDescription,crashFinancialYear,crashLocation1,crashLocation2,crashSeverity,crashSHDescription,crashYear,directionRoleDescription,fatalCount,fence,flatHill,guardRail,holiday,houseOrBuilding,kerb,light,meshblockId,minorInjuryCount,moped,motorcycle,NumberOfLanes,otherVehicleType,parkedVehicle,pedestrian,region,roadCharacter,roadLane,roadSurface,schoolBus,seriousInjuryCount,slipOrFlood,speedLimit,strayAnimal,streetLight,suv,taxi,temporarySpeedLimit,tlaId,tlaName,trafficControl,trafficIsland,trafficSign,train,tree,truck,unknownVehicleType,urban,vanOrUtility,vehicle,waterRiver,weatherA
564818,1906707.0,5611797.0,545821.0,0.0,0.0,1.0,South,2008/2009,MATAPIRO ROAD,CROWNTHORPE ROAD,Minor Crash,No,2008,South,0.0,0.0,Hill Road,0.0,,0.0,0.0,Bright sun,1410400.0,1.0,0.0,0.0,2.0,0.0,0.0,,Hawke's Bay Region,Nil,2-way,Sealed,0.0,0.0,0.0,100.0,0.0,Null,0.0,0.0,30.0,30.0,Hastings District,Nil,0.0,0.0,0.0,0.0,0.0,0.0,Open,0.0,0.0,0.0,Fine
541724,1928699.0,5606670.0,547800.0,0.0,0.0,2.0,Null,2006/2007,HAPUKA ST,IKANUI ROAD,Non-Injury Crash,No,2007,South,0.0,,Flat,,,,,Bright sun,1477500.0,0.0,0.0,0.0,2.0,0.0,,,Hawke's Bay Region,Nil,2-way,Sealed,0.0,0.0,,50.0,,Null,0.0,0.0,,30.0,Hastings District,Give way,,,,,0.0,0.0,Urban,0.0,,,Fine
508773,1929179.0,5605159.0,548200.0,1.0,0.0,0.0,Null,2015/2016,SOUTHAMPTON ST WEST,SOUTHLAND ROAD,Non-Injury Crash,No,2015,West,0.0,,Flat,,,,,Bright sun,1488600.0,0.0,0.0,0.0,2.0,0.0,,,Hawke's Bay Region,Nil,2-way,Sealed,0.0,0.0,,50.0,,Null,1.0,0.0,,30.0,Hastings District,Give way,,,,,0.0,0.0,Urban,0.0,,,Fine
252568,1926028.0,5606270.0,548620.0,0.0,0.0,2.0,South,2016/2017,LORNE CRESCENT,LORNE PLACE,Non-Injury Crash,No,2017,North,0.0,,Flat,,,,,Bright sun,1475800.0,0.0,0.0,0.0,2.0,0.0,,,Hawke's Bay Region,Nil,2-way,Sealed,0.0,0.0,,50.0,,Null,0.0,0.0,,30.0,Hastings District,Unknown,,,,,0.0,0.0,Urban,0.0,,,Fine
652921,1932823.0,5601749.0,548832.0,1.0,0.0,1.0,East,2016/2017,TE MATA ROAD,PORTER DRIVE,Minor Crash,No,2016,West,0.0,,Flat,,,,,Bright sun,1508400.0,1.0,0.0,0.0,2.0,0.0,,,Hawke's Bay Region,Nil,2-way,Sealed,0.0,0.0,,50.0,,Null,0.0,0.0,,30.0,Hastings District,Nil,,,,,0.0,0.0,Urban,0.0,,,Fine
472773,1930912.0,5607891.0,545710.0,0.0,0.0,0.0,Null,2016/2017,PAKOWHAI ROAD,RICHMOND ROAD,Minor Crash,No,2016,North,0.0,,Flat,,Christmas New Year,,,Overcast,1471100.0,1.0,0.0,1.0,2.0,0.0,,,Hawke's Bay Region,Nil,2-way,Sealed,0.0,0.0,,80.0,,Null,0.0,0.0,,30.0,Hastings District,Give way,,,,,0.0,0.0,Open,0.0,,,Fine
515617,1924079.0,5607835.0,548611.0,0.0,0.0,1.0,Null,2000/2001,KINGSLEY DRIVE,PEARY CRESCENT,Non-Injury Crash,No,2001,South,0.0,1.0,Flat,0.0,,0.0,0.0,Dark,1470305.0,0.0,0.0,0.0,2.0,0.0,0.0,,Hawke's Bay Region,Nil,2-way,Sealed,0.0,0.0,0.0,50.0,0.0,On,0.0,0.0,,30.0,Hastings District,Nil,0.0,0.0,0.0,0.0,0.0,0.0,Urban,0.0,0.0,0.0,Fine
172861,1923851.0,5609727.0,545842.0,0.0,0.0,1.0,Null,1999/2000,OMAHU ROAD,HILL ROAD,Fatal Crash,No,2000,East,1.0,,Flat,,Queens Birthday,,,Dark,1469704.0,0.0,0.0,0.0,2.0,0.0,,1.0,Hawke's Bay Region,Nil,2-way,Sealed,0.0,0.0,,100.0,,None,0.0,0.0,,30.0,Hastings District,Give way,,,,,0.0,0.0,Open,0.0,,,Fine
475493,1929703.0,5604667.0,548200.0,0.0,0.0,1.0,Null,2016/2017,KARAMU ROAD SOUTH,LYNDON ROAD EAST,Non-Injury Crash,No,2017,South,0.0,,Flat,,,,,Bright sun,1492500.0,0.0,0.0,0.0,2.0,0.0,,,Hawke's Bay Region,Nil,2-way,Sealed,0.0,0.0,,50.0,,Null,0.0,0.0,,30.0,Hastings District,Give way,,,,,0.0,0.0,Urban,1.0,,,Fine
611622,1930257.0,5604934.0,548200.0,0.0,0.0,0.0,Null,2011/2012,ST AUBYN ST EAST,WARREN ST NORTH,Minor Crash,No,2011,North,0.0,,Flat,,,,,Overcast,1493501.0,1.0,1.0,0.0,4.0,0.0,,,Hawke's Bay Region,Nil,2-way,Sealed,0.0,0.0,,50.0,,Null,0.0,0.0,,30.0,Hastings District,Give way,,,,,0.0,0.0,Urban,1.0,,,Fine
713914,1928921.0,5605475.0,547700.0,0.0,0.0,0.0,Null,2018/2019,SOUTHAMPTON ST WEST,PEPPER ST,Non-Injury Crash,No,2018,South,0.0,,Flat,,,,,Overcast,1487000.0,0.0,0.0,0.0,2.0,0.0,,,Hawke's Bay Region,Nil,2-way,Sealed,0.0,0.0,,50.0,,Null,0.0,0.0,,30.0,Hastings District,Stop,,,,,2.0,0.0,Urban,0.0,,,Fine
738799,1929657.0,5605330.0,548200.0,0.0,0.0,2.0,Null,2007/2008,QUEEN ST WEST,NELSON ST NORTH,Non-Injury Crash,No,2007,North,0.0,,Flat,,,,,Overcast,1490800.0,0.0,0.0,0.0,2.0,0.0,,,Hawke's Bay Region,Nil,2-way,Sealed,0.0,0.0,,50.0,,Null,0.0,0.0,,30.0,Hastings District,Give way,,,,,0.0,0.0,Urban,0.0,,,Fine
351250,1930100.0,5605661.0,548200.0,0.0,0.0,0.0,Null,2008/2009,FITZROY AVENUE,NELSON ST NORTH,Non-Injury Crash,No,2009,North,0.0,,Flat,,,,,Dark,1491100.0,0.0,0.0,0.0,2.0,0.0,,,Hawke's Bay Region,Nil,2-way,Sealed,0.0,0.0,,50.0,,On,0.0,0.0,,30.0,Hastings District,Give way,,,,,0.0,0.0,Urban,2.0,,,Fine
529376,1929948.0,5605347.0,548200.0,0.0,0.0,2.0,Null,2000/2001,ST AUBYN ST WEST,KING ST NORTH,Non-Injury Crash,No,2001,North,0.0,,Flat,,,,,Bright sun,1491500.0,0.0,0.0,0.0,2.0,0.0,,,Hawke's Bay Region,Nil,2-way,Sealed,0.0,0.0,,50.0,,Null,0.0,0.0,,30.0,Hastings District,Give way,,,,,0.0,0.0,Urban,0.0,,,Fine
264007,1928842.0,5603900.0,547900.0,0.0,0.0,1.0,Null,2010/2011,MURDOCH ROAD WEST,RAILWAY ROAD,Non-Injury Crash,No,2011,West,0.0,1.0,Flat,0.0,,0.0,0.0,Dark,1482600.0,0.0,0.0,0.0,2.0,0.0,0.0,,Hawke's Bay Region,Nil,2-way,Sealed,0.0,0.0,0.0,50.0,0.0,On,0.0,0.0,,30.0,Hastings District,Stop,0.0,0.0,0.0,1.0,0.0,0.0,Urban,0.0,0.0,0.0,Fine
389168,1930025.0,5606133.0,547600.0,0.0,0.0,1.0,North,2010/2011,YORK ST,TOMOANA ROAD,Non-Injury Crash,No,2011,South,0.0,,Flat,,,,,Dark,1484200.0,0.0,0.0,0.0,2.0,0.0,,,Hawke's Bay Region,Nil,2-way,Sealed,0.0,0.0,,50.0,,On,1.0,0.0,,30.0,Hastings District,Nil,,,,,0.0,0.0,Urban,0.0,,,Fine
187536,1926219.0,5636125.0,545811.0,0.0,0.0,1.0,South,2017/2018,SH 5,LUCKY HILL BR,Non-Injury Crash,Yes,2017,North,0.0,0.0,Flat,1.0,,0.0,0.0,Twilight,1414800.0,0.0,0.0,0.0,2.0,0.0,0.0,,Hawke's Bay Region,Bridge,2-way,Sealed,0.0,0.0,0.0,100.0,0.0,None,0.0,0.0,,30.0,Hastings District,Unknown,0.0,0.0,0.0,0.0,0.0,0.0,Open,0.0,0.0,0.0,Fine
731720,1915971.0,5590844.0,545851.0,0.0,0.0,1.0,North,2008/2009,SH 2,COLIN WHITE ROAD,Minor Crash,Yes,2008,South,0.0,0.0,Flat,0.0,,0.0,0.0,Dark,1464400.0,1.0,0.0,0.0,2.0,0.0,0.0,,Hawke's Bay Region,Nil,2-way,Sealed,0.0,0.0,0.0,100.0,0.0,None,0.0,0.0,,30.0,Hastings District,Nil,0.0,0.0,0.0,0.0,0.0,0.0,Open,0.0,0.0,0.0,Fine
56054,1927572.168,5607440.4828,548400.0,0.0,1.0,0.0,Null,2019/2020,OMAHU ROAD,HAWKES BAY EXPRESSWAY,Non-Injury Crash,No,2020,South,0.0,,Flat,,,,,Overcast,1473500.0,0.0,0.0,0.0,2.0,0.0,,,Hawke's Bay Region,Nil,2-way,Sealed,0.0,0.0,,50.0,,Off,0.0,0.0,,30.0,Hastings District,Give way,,,,,0.0,0.0,Urban,1.0,,,Fine
649023,1930432.0,5604893.0,548200.0,0.0,0.0,1.0,Null,2004/2005,ELLISON ROAD,HASTINGS ST NORTH,Non-Injury Crash,No,2005,North,0.0,0.0,Flat,0.0,,0.0,0.0,Overcast,1494500.0,0.0,0.0,0.0,2.0,0.0,1.0,,Hawke's Bay Region,Nil,2-way,Sealed,0.0,0.0,0.0,50.0,0.0,Null,0.0,0.0,,30.0,Hastings District,Give way,0.0,0.0,0.0,0.0,0.0,0.0,Urban,2.0,0.0,0.0,Light rain
314768,1924840.0,5606661.0,548620.0,0.0,0.0,0.0,Null,2002/2003,CAERNARVON DRIVE,CAERNARVON DRIVE S,Non-Injury Crash,No,2003,North,0.0,0.0,Flat,0.0,,0.0,0.0,Bright sun,1475000.0,0.0,0.0,0.0,2.0,0.0,0.0,,Hawke's Bay Region,Nil,2-way,Sealed,0.0,0.0,0.0,50.0,0.0,Null,0.0,0.0,,30.0,Hastings District,Give way,0.0,0.0,0.0,1.0,1.0,0.0,Urban,0.0,0.0,0.0,Fine
306186,1908252.0,5675032.0,545911.0,0.0,0.0,0.0,North,2002/2003,SH 5,TARAWERA TAV,Non-Injury Crash,Yes,2002,South,0.0,0.0,Hill Road,0.0,,0.0,0.0,Dark,1281200.0,0.0,0.0,0.0,2.0,0.0,0.0,,Hawke's Bay Region,Nil,2-way,Sealed,0.0,0.0,0.0,100.0,0.0,None,0.0,0.0,,30.0,Hastings District,Nil,0.0,0.0,0.0,0.0,0.0,0.0,Open,1.0,0.0,0.0,Light rain
198626,1927627.8556,5607387.3294,548500.0,0.0,0.0,1.0,Null,2018/2019,HAWKES BAY EXPRESSWAY,OMAHU ROAD,Non-Injury Crash,Yes,2018,South,0.0,0.0,Flat,0.0,,0.0,0.0,Overcast,1477900.0,0.0,0.0,0.0,2.0,0.0,0.0,,Hawke's Bay Region,Nil,1-way,Sealed,0.0,0.0,0.0,100.0,0.0,Off,0.0,0.0,,30.0,Hastings District,Give way,0.0,0.0,0.0,0.0,0.0,0.0,Open,0.0,0.0,0.0,Light rain
576625,1925593.8228,5606939.822000001,548620.0,0.0,0.0,1.0,North,2019/2020,FLAXMERE AVENUE,HOVE STREET,Non-Injury Crash,No,2019,South,0.0,,Flat,,,,,Bright sun,1475900.0,0.0,0.0,0.0,2.0,0.0,,,Hawke's Bay Region,Nil,2-way,Sealed,0.0,0.0,,50.0,,Off,0.0,0.0,,30.0,Hastings District,Unknown,,,,,0.0,0.0,Urban,1.0,,,Fine
136319,1929746.294,5605010.607000001,548200.0,0.0,0.0,2.0,Null,2019/2020,HERETAUNGA STREET WEST,MARKET STREET SOUTH,Non-Injury Crash,No,2020,North,0.0,,Flat,,,,,Bright sun,1491700.0,0.0,0.0,0.0,2.0,0.0,,,Hawke's Bay Region,Nil,2-way,Sealed,0.0,0.0,,50.0,,Off,0.0,0.0,,30.0,Hastings District,Give way,,,,,0.0,0.0,Urban,0.0,,,Fine
516046,1928562.0,5606491.0,547800.0,0.0,0.0,1.0,South,2009/2010,OMAHU ROAD,HAPUKA ST,Non-Injury Crash,No,2009,North,0.0,0.0,Flat,0.0,,1.0,0.0,Dark,1477700.0,0.0,0.0,0.0,2.0,0.0,0.0,,Hawke's Bay Region,Nil,2-way,Sealed,0.0,0.0,0.0,50.0,0.0,On,0.0,0.0,,30.0,Hastings District,Nil,0.0,0.0,0.0,0.0,0.0,0.0,Urban,0.0,0.0,0.0,Fine
229580,1931488.0,5604161.0,548100.0,0.0,0.0,2.0,Null,2009/2010,WINDSOR AVENUE,ADA ST,Non-Injury Crash,No,2009,South,0.0,1.0,Flat,0.0,,0.0,0.0,Bright sun,1499900.0,0.0,0.0,0.0,2.0,0.0,0.0,,Hawke's Bay Region,Nil,2-way,Sealed,0.0,0.0,0.0,50.0,0.0,Null,0.0,0.0,,30.0,Hastings District,Give way,0.0,0.0,0.0,1.0,0.0,0.0,Urban,0.0,0.0,0.0,Fine
68320,1929931.0,5604159.0,548200.0,0.0,0.0,2.0,Null,2009/2010,WILLOWPARK ROAD SOUTH,SOUTHAMPTON ST EAST,Non-Injury Crash,No,2010,North,0.0,1.0,Flat,0.0,,0.0,0.0,Bright sun,1493600.0,0.0,0.0,0.0,2.0,0.0,0.0,,Hawke's Bay Region,Nil,2-way,Sealed,0.0,0.0,0.0,50.0,0.0,Null,0.0,0.0,,30.0,Hastings District,Give way,0.0,0.0,0.0,0.0,0.0,0.0,Urban,0.0,0.0,0.0,Fine
362666,1927200.0,5600468.0,545852.0,0.0,0.0,0.0,Null,2005/2006,TE AUTE ROAD,CRYSTALL ROAD,Serious Crash,No,2005,East,0.0,0.0,Flat,0.0,,0.0,0.0,Overcast,1468700.0,0.0,0.0,0.0,2.0,1.0,0.0,,Hawke's Bay Region,Nil,2-way,Sealed,0.0,2.0,0.0,100.0,0.0,Null,0.0,0.0,,30.0,Hastings District,Nil,0.0,1.0,0.0,0.0,1.0,0.0,Open,0.0,0.0,0.0,Fine
72078,1921802.0,5641483.0,545811.0,0.0,0.0,1.0,West,2002/2003,SH 5,BEATTIE ROAD,Non-Injury Crash,Yes,2003,West,0.0,1.0,Flat,0.0,Easter,0.0,0.0,Dark,1414700.0,0.0,0.0,0.0,2.0,0.0,0.0,,Hawke's Bay Region,Nil,2-way,Sealed,0.0,0.0,0.0,100.0,0.0,None,0.0,0.0,,30.0,Hastings District,Nil,0.0,0.0,0.0,1.0,0.0,0.0,Open,0.0,0.0,0.0,Light rain
455847,1921102.0,5594963.0,545851.0,0.0,0.0,1.0,South,2009/2010,SH 2,TE MAHANGA ROAD,Non-Injury Crash,Yes,2009,West,0.0,0.0,Flat,0.0,,0.0,0.0,Dark,1463900.0,0.0,0.0,0.0,2.0,0.0,0.0,,Hawke's Bay Region,Nil,2-way,Unsealed,0.0,0.0,0.0,100.0,0.0,None,0.0,0.0,30.0,30.0,Hastings District,Nil,0.0,0.0,0.0,0.0,0.0,0.0,Open,0.0,0.0,0.0,Fine
204248,1909335.0,5673464.0,545911.0,0.0,0.0,0.0,South,2001/2002,SH 5,TARAWERA TAV,Serious Crash,Yes,2002,North,0.0,,Flat,,,,,Overcast,1281200.0,0.0,0.0,0.0,2.0,0.0,,,Hawke's Bay Region,Nil,2-way,Sealed,0.0,1.0,,100.0,,Null,0.0,0.0,,30.0,Hastings District,Nil,,,,,1.0,0.0,Open,0.0,,,Fine
365217,1924690.0,5607668.0,548612.0,0.0,0.0,1.0,West,2005/2006,CARTIER CRESCENT,DIAZ DRIVE,Non-Injury Crash,No,2006,East,0.0,0.0,Flat,0.0,,0.0,0.0,Dark,1474111.0,0.0,0.0,0.0,2.0,0.0,0.0,,Hawke's Bay Region,Nil,2-way,Sealed,0.0,0.0,0.0,50.0,0.0,On,0.0,0.0,,30.0,Hastings District,Nil,0.0,0.0,0.0,1.0,0.0,0.0,Urban,0.0,0.0,0.0,Heavy rain
49705,1929607.0,5604596.0,548200.0,0.0,0.0,1.0,Null,2006/2007,SOUTHAMPTON ST EAST,KARAMU ROAD SOUTH,Non-Injury Crash,No,2006,North,0.0,,Flat,,,,,Bright sun,1492400.0,0.0,0.0,0.0,2.0,0.0,,,Hawke's Bay Region,Nil,2-way,Sealed,0.0,0.0,,50.0,,Null,0.0,0.0,,30.0,Hastings District,Give way,,,,,0.0,0.0,Urban,1.0,,,Fine
261963,1925898.0,5600811.0,545852.0,0.0,0.0,1.0,South,2010/2011,RAILWAY ROAD SOUTH,LONGLANDS ROAD WEST,Fatal Crash,No,2011,North,1.0,0.0,Flat,0.0,Christmas New Year,0.0,0.0,Dark,1469600.0,1.0,0.0,0.0,2.0,0.0,0.0,,Hawke's Bay Region,Nil,2-way,Sealed,0.0,0.0,0.0,100.0,0.0,None,0.0,0.0,,30.0,Hastings District,Nil,0.0,0.0,0.0,0.0,0.0,0.0,Open,0.0,0.0,0.0,Fine
552780,1930038.0,5603954.0,548300.0,0.0,0.0,2.0,West,2008/2009,BEECH ST,RIVERSLEA ROAD SOUTH,Non-Injury Crash,No,2009,West,0.0,,Flat,,,,,Overcast,1502100.0,0.0,0.0,0.0,2.0,0.0,,,Hawke's Bay Region,Nil,2-way,Sealed,0.0,0.0,,50.0,,Null,0.0,0.0,,30.0,Hastings District,Nil,,,,,0.0,0.0,Urban,0.0,,,Fine
687002,1920018.0,5645241.0,545811.0,0.0,0.0,1.0,South,2002/2003,SH 5,PALMER ROAD,Non-Injury Crash,Yes,2002,North,0.0,0.0,Hill Road,0.0,,0.0,0.0,Dark,1414700.0,0.0,0.0,0.0,3.0,0.0,1.0,,Hawke's Bay Region,Nil,2-way,Sealed,0.0,0.0,0.0,100.0,0.0,None,0.0,0.0,,30.0,Hastings District,Nil,0.0,0.0,0.0,0.0,0.0,0.0,Open,1.0,0.0,0.0,Fine
558501,1930473.0,5607553.0,545721.0,0.0,0.0,0.0,Null,2009/2010,PAKOWHAI ROAD,EVENDEN ROAD,Minor Crash,No,2010,South,0.0,0.0,Flat,0.0,,0.0,1.0,Overcast,1471401.0,1.0,1.0,0.0,2.0,0.0,0.0,,Hawke's Bay Region,Nil,2-way,Sealed,0.0,0.0,0.0,70.0,0.0,Null,0.0,0.0,,30.0,Hastings District,Give way,0.0,0.0,0.0,0.0,0.0,0.0,Urban,0.0,0.0,0.0,Light rain
638363,1929542.0,5605281.0,548200.0,0.0,0.0,1.0,North,2004/2005,HERETAUNGA ST WEST,NELSON ST NORTH,Non-Injury Crash,No,2005,West,0.0,,Flat,,,,,Overcast,1488900.0,0.0,0.0,0.0,2.0,0.0,,,Hawke's Bay Region,Nil,2-way,Sealed,0.0,0.0,,50.0,,Null,1.0,0.0,,30.0,Hastings District,Nil,,,,,0.0,0.0,Urban,0.0,,,Light rain
470366,1931431.0,5614926.0,545831.0,0.0,0.0,2.0,South,2008/2009,SH 50,MEEANEE OFF NBD,Non-Injury Crash,Yes,2009,North,0.0,,Flat,,,,,Bright sun,1404600.0,0.0,0.0,0.0,2.0,0.0,,,Hawke's Bay Region,Nil,2-way,Sealed,0.0,0.0,,100.0,,Null,0.0,0.0,,30.0,Hastings District,Nil,,,,,0.0,0.0,Open,0.0,,,Fine
660851,1930049.0,5604611.0,548200.0,1.0,0.0,0.0,Null,2012/2013,HERETAUNGA ST EAST,HASTINGS ST SOUTH,Minor Crash,No,2013,West,0.0,,Flat,,,,,Bright sun,1493300.0,1.0,0.0,0.0,2.0,0.0,,,Hawke's Bay Region,Nil,2-way,Sealed,0.0,0.0,,50.0,,Null,1.0,0.0,,30.0,Hastings District,Give way,,,,,0.0,0.0,Urban,0.0,,,Fine
454381,1929956.0,5604530.0,548200.0,0.0,0.0,2.0,Null,2016/2017,EASTBOURNE ST EAST,HASTINGS ST SOUTH,Non-Injury Crash,No,2017,South,0.0,,Flat,,,,,Overcast,1493200.0,0.0,0.0,0.0,2.0,0.0,,,Hawke's Bay Region,Nil,1-way,Sealed,0.0,0.0,,50.0,,Null,0.0,0.0,,30.0,Hastings District,Give way,,,,,0.0,0.0,Urban,0.0,,,Heavy rain
53413,1927876.0,5607157.0,547800.0,0.0,0.0,2.0,Null,2006/2007,OMAHU ROAD,STONYCROFT ST,Non-Injury Crash,No,2007,North,0.0,,Flat,,,,,Overcast,1476600.0,0.0,0.0,0.0,2.0,0.0,,,Hawke's Bay Region,Nil,2-way,Sealed,0.0,0.0,,50.0,,Null,0.0,0.0,30.0,30.0,Hastings District,Give way,,,,,0.0,0.0,Urban,0.0,,,Fine
447606,1925063.0,5607016.0,548620.0,0.0,0.0,2.0,North,2003/2004,Z CPK SWANSEA VILLAGE,SWANSEA /HENEDERSON,Non-Injury Crash,No,2004,East,0.0,,Flat,,,,,Overcast,1473700.0,0.0,0.0,0.0,0.0,0.0,,,Hawke's Bay Region,Nil,Off road,Sealed,0.0,0.0,,50.0,,Null,0.0,0.0,,30.0,Hastings District,Nil,,,,,0.0,0.0,Urban,0.0,,,Light rain
83609,1928388.0,5605793.0,547700.0,0.0,0.0,1.0,Null,2002/2003,FRANCIS HICKS AVENUE,MATAI ST,Non-Injury Crash,No,2003,East,0.0,1.0,Flat,0.0,,0.0,0.0,Dark,1486500.0,0.0,0.0,0.0,2.0,0.0,0.0,,Hawke's Bay Region,Nil,2-way,Sealed,0.0,0.0,0.0,50.0,0.0,On,0.0,0.0,,30.0,Hastings District,Nil,0.0,0.0,0.0,0.0,0.0,0.0,Urban,0.0,0.0,0.0,Fine
147871,1927635.0,5607391.0,547800.0,0.0,0.0,2.0,Null,2009/2010,SH 50A,OMAHU ROAD,Non-Injury Crash,No,2010,West,0.0,,Flat,,,,,Twilight,1476600.0,0.0,0.0,0.0,4.0,0.0,,,Hawke's Bay Region,Nil,2-way,Sealed,0.0,0.0,,100.0,,Off,0.0,0.0,,30.0,Hastings District,Give way,,,,,0.0,0.0,Open,0.0,,,Fine
537489,1942183.0,5604643.0,545740.0,0.0,0.0,1.0,South,2005/2006,CLIFTON ROAD,CHARLTON ROAD,Non-Injury Crash,No,2005,South,0.0,0.0,Flat,0.0,,0.0,0.0,Dark,1408100.0,0.0,0.0,0.0,2.0,0.0,0.0,,Hawke's Bay Region,Bridge,2-way,Sealed,0.0,0.0,0.0,100.0,0.0,None,0.0,0.0,,30.0,Hastings District,Nil,0.0,0.0,0.0,0.0,0.0,0.0,Open,0.0,0.0,0.0,Fine
719337,1930149.0,5604677.0,548200.0,0.0,0.0,2.0,Null,2008/2009,HASTINGS ST NORTH,QUEEN ST EAST,Non-Injury Crash,No,2009,South,0.0,,Flat,,,,,Overcast,1493400.0,0.0,0.0,0.0,2.0,0.0,,,Hawke's Bay Region,Nil,2-way,Sealed,0.0,0.0,,50.0,,Null,0.0,0.0,,30.0,Hastings District,Give way,,,,,0.0,0.0,Urban,0.0,,,Fine
200956,1929468.0,5605379.0,548200.0,0.0,0.0,1.0,Null,2014/2015,HERETAUNGA ST WEST,SOUTHLAND ROAD,Non-Injury Crash,No,2014,North,0.0,,Flat,,,,,Dark,1490100.0,0.0,0.0,0.0,2.0,0.0,,,Hawke's Bay Region,Nil,2-way,Sealed,0.0,0.0,,50.0,,On,1.0,0.0,,30.0,Hastings District,Stop,,,,,0.0,0.0,Urban,0.0,,,Fine
713283,1929255.0,5609110.0,545710.0,0.0,0.0,2.0,Null,2008/2009,ORMOND ROAD,EVENDEN ROAD,Minor Crash,No,2008,West,0.0,,Flat,,,,,Bright sun,1471000.0,1.0,0.0,0.0,2.0,0.0,,,Hawke's Bay Region,Nil,2-way,Sealed,0.0,0.0,,100.0,,Null,0.0,0.0,,30.0,Hastings District,Stop,,,,,0.0,0.0,Open,0.0,,,Fine
356893,1932835.0,5601927.0,548831.0,0.0,0.0,2.0,Null,2015/2016,KARANEMA DRIVE,NAPIER ROAD,Non-Injury Crash,No,2016,West,0.0,,Flat,,Queens Birthday,,,Bright sun,1509800.0,0.0,0.0,0.0,2.0,0.0,,,Hawke's Bay Region,Nil,2-way,Sealed,0.0,0.0,,50.0,,Null,0.0,0.0,,30.0,Hastings District,Give way,,,,,0.0,0.0,Urban,0.0,,,Fine
608727,1930902.0,5632493.0,545812.0,0.0,0.0,0.0,West,2007/2008,SH 5,ESKDALE DRIVE,Non-Injury Crash,Yes,2007,West,0.0,,Flat,,,,,Dark,1414200.0,0.0,0.0,0.0,2.0,0.0,,,Hawke's Bay Region,Nil,2-way,Sealed,0.0,0.0,,100.0,,None,1.0,0.0,,30.0,Hastings District,Nil,,,,,0.0,0.0,Open,0.0,,,Fine
237435,1924811.0,5607108.0,548612.0,0.0,0.0,1.0,South,2012/2013,CAERNARVON DRIVE,TENBY TERRACE,Non-Injury Crash,No,2013,North,0.0,0.0,Flat,0.0,,0.0,0.0,Bright sun,1474500.0,0.0,0.0,0.0,2.0,0.0,1.0,,Hawke's Bay Region,Nil,2-way,Sealed,0.0,0.0,0.0,50.0,0.0,Null,0.0,0.0,,30.0,Hastings District,Nil,0.0,0.0,0.0,0.0,1.0,0.0,Urban,0.0,0.0,0.0,Fine
95636,1909804.0,5664823.0,545911.0,0.0,0.0,0.0,North,2003/2004,SH 5,TE HAROTO ROAD,Minor Crash,Yes,2003,North,0.0,0.0,Hill Road,0.0,,0.0,0.0,Bright sun,1414300.0,1.0,0.0,0.0,2.0,0.0,0.0,,Hawke's Bay Region,Nil,2-way,Sealed,0.0,0.0,0.0,100.0,0.0,Null,0.0,0.0,,30.0,Hastings District,Nil,0.0,0.0,0.0,0.0,0.0,0.0,Open,1.0,0.0,0.0,Fine
605626,1929149.0,5605199.0,548200.0,0.0,0.0,2.0,North,2015/2016,SOUTHAMPTON ST WEST,SOUTHLAND ROAD,Non-Injury Crash,No,2016,North,0.0,0.0,Flat,0.0,,0.0,0.0,Dark,1488600.0,0.0,0.0,0.0,2.0,0.0,1.0,,Hawke's Bay Region,Nil,2-way,Sealed,0.0,0.0,0.0,50.0,0.0,On,0.0,0.0,,30.0,Hastings District,Unknown,0.0,0.0,0.0,0.0,0.0,0.0,Urban,0.0,0.0,0.0,Fine
167652,1911784.0,5662030.0,545911.0,0.0,0.0,1.0,South,2001/2002,SH 5,POPPELLWELLS,Serious Crash,Yes,2002,South,0.0,0.0,Hill Road,0.0,,0.0,0.0,Overcast,1414300.0,1.0,0.0,0.0,2.0,0.0,0.0,,Hawke's Bay Region,Nil,2-way,Sealed,0.0,1.0,0.0,100.0,0.0,Null,0.0,0.0,,30.0,Hastings District,Nil,0.0,0.0,0.0,0.0,0.0,0.0,Open,0.0,0.0,0.0,Light rain
245078,1908863.0,5664632.0,545911.0,0.0,0.0,0.0,South,2010/2011,SH 5,HUKUTARA ROAD,Non-Injury Crash,Yes,2011,South,0.0,0.0,Hill Road,0.0,,0.0,0.0,Bright sun,1414400.0,0.0,0.0,0.0,3.0,0.0,0.0,,Hawke's Bay Region,Nil,2-way,Sealed,0.0,0.0,0.0,100.0,0.0,Null,1.0,0.0,,30.0,Hastings District,Nil,0.0,0.0,0.0,1.0,0.0,0.0,Open,0.0,0.0,0.0,Fine
321561,1938161.0,5610003.0,545730.0,0.0,0.0,1.0,Null,2012/2013,SCHOOL ROAD,LAWN ROAD,Minor Crash,No,2013,South,0.0,,Flat,,,,,Dark,1405200.0,1.0,0.0,0.0,2.0,0.0,,,Hawke's Bay Region,Nil,2-way,Sealed,0.0,0.0,,100.0,,None,0.0,0.0,,30.0,Hastings District,Give way,,,,,0.0,0.0,Open,0.0,,,Fine