OBJECTID,X,Y,areaUnitID,bicycle,bus,carStationWagon,crashDirectionDescription,crashFinancialYear,crashLocation1,crashLocation2,crashSeverity,crashSHDescription,crashYear,directionRoleDescription,fatalCount,fence,flatHill,guardRail,holiday,houseOrBuilding,kerb,light,meshblockId,minorInjuryCount,moped,motorcycle,NumberOfLanes,otherVehicleType,parkedVehicle,pedestrian,region,roadCharacter,roadLane,roadSurface,schoolBus,seriousInjuryCount,slipOrFlood,speedLimit,strayAnimal,streetLight,suv,taxi,temporarySpeedLimit,tlaId,tlaName,trafficControl,trafficIsland,trafficSign,train,tree,truck,unknownVehicleType,urban,vanOrUtility,vehicle,waterRiver,weatherA
311222,1929851.0,5605275.0,548200.0,0.0,0.0,1.0,Null,2009/2010,KING ST NORTH,AVENUE ROAD WEST,Non-Injury Crash,No,2010,South,0.0,,Flat,,,,,Overcast,1490900.0,0.0,0.0,0.0,2.0,0.0,,,Hawke's Bay Region,Nil,2-way,Sealed,0.0,0.0,,50.0,,Null,1.0,0.0,,30.0,Hastings District,Stop,,,,,0.0,0.0,Urban,0.0,,,Fine
631083,1930935.0,5613540.0,545831.0,0.0,0.0,2.0,Null,2013/2014,SH 50A,SH 50 LINKS ROAD,Minor Crash,Yes,2014,North,0.0,,Flat,,,,,Bright sun,1404600.0,2.0,0.0,0.0,2.0,0.0,,,Hawke's Bay Region,Nil,2-way,Sealed,0.0,0.0,,100.0,,Null,0.0,0.0,,30.0,Hastings District,Give way,,,,,0.0,0.0,Open,0.0,,,Fine
344321,1932176.0,5602236.0,545721.0,0.0,0.0,1.0,North,2017/2018,HAVELOCK ROAD,HAVELOCK BR,Non-Injury Crash,No,2018,South,0.0,,Flat,,,,,Bright sun,1473000.0,0.0,0.0,0.0,2.0,0.0,,,Hawke's Bay Region,Nil,2-way,Sealed,0.0,0.0,,70.0,,Off,0.0,0.0,,30.0,Hastings District,Unknown,,,,,0.0,0.0,Urban,1.0,,,Fine
687187,1929038.0,5608903.0,545710.0,0.0,0.0,1.0,South,2004/2005,ORMOND ROAD,EVENDEN ROAD,Non-Injury Crash,No,2005,South,0.0,0.0,Flat,0.0,,0.0,0.0,Dark,1471000.0,0.0,0.0,0.0,2.0,0.0,0.0,,Hawke's Bay Region,Nil,2-way,Sealed,0.0,0.0,0.0,100.0,0.0,None,0.0,0.0,,30.0,Hastings District,Nil,0.0,0.0,0.0,0.0,0.0,0.0,Open,0.0,0.0,0.0,Fine
551113,1925395.0,5606677.0,548620.0,0.0,0.0,0.0,East,2009/2010,PLYMOUTH ROAD,BRISTOL CRESCENT,Non-Injury Crash,No,2010,North,0.0,1.0,Flat,0.0,,0.0,0.0,Dark,1476500.0,0.0,0.0,0.0,2.0,0.0,1.0,,Hawke's Bay Region,Nil,2-way,Sealed,0.0,0.0,0.0,50.0,0.0,On,2.0,0.0,,30.0,Hastings District,Nil,0.0,0.0,0.0,0.0,0.0,0.0,Urban,0.0,0.0,0.0,Fine
257905,1930752.0,5603757.0,548100.0,0.0,0.0,1.0,Null,2007/2008,HERETAUNGA ST EAST,LUMSDEN ROAD,Non-Injury Crash,No,2008,East,0.0,,Flat,,,,,Overcast,1500300.0,0.0,0.0,0.0,2.0,0.0,,,Hawke's Bay Region,Nil,2-way,Sealed,0.0,0.0,,50.0,,Null,1.0,0.0,,30.0,Hastings District,Stop,,,,,0.0,0.0,Urban,0.0,,,Fine
559656,1941075.0,5592583.0,545860.0,0.0,0.0,2.0,South,2011/2012,WAIMARAMA ROAD,OCEAN BEACH ROAD,Minor Crash,No,2012,South,0.0,0.0,Flat,0.0,,0.0,0.0,Overcast,1467600.0,1.0,0.0,0.0,2.0,0.0,0.0,,Hawke's Bay Region,Nil,2-way,Sealed,0.0,0.0,0.0,100.0,0.0,Null,0.0,0.0,,30.0,Hastings District,Nil,0.0,0.0,0.0,0.0,0.0,0.0,Open,0.0,0.0,0.0,Heavy rain
549393,1924459.0,5607938.0,548611.0,0.0,0.0,2.0,Null,2004/2005,FLAXMERE AVENUE,DIAZ DRIVE,Non-Injury Crash,No,2005,West,0.0,,Flat,,,,,Dark,1469710.0,0.0,0.0,0.0,2.0,0.0,,,Hawke's Bay Region,Nil,2-way,Sealed,0.0,0.0,,50.0,,On,0.0,0.0,,30.0,Hastings District,Give way,,,,,0.0,0.0,Urban,0.0,,,Fine
39732,1930492.0,5604618.0,548200.0,0.0,0.0,3.0,West,2004/2005,ST AUBYN ST EAST,WILLOWPARK ROAD NORTH,Minor Crash,No,2004,East,0.0,,Flat,,,,,Bright sun,1494800.0,1.0,0.0,0.0,2.0,0.0,,,Hawke's Bay Region,Nil,2-way,Sealed,0.0,0.0,,50.0,,Null,0.0,0.0,,30.0,Hastings District,Nil,,,,,0.0,0.0,Urban,0.0,,,Fine
379367,1930257.0,5604934.0,548200.0,0.0,0.0,2.0,Null,2002/2003,ST AUBYN ST EAST,WARREN ST NORTH,Minor Crash,No,2002,West,0.0,,Flat,,,,,Bright sun,1493501.0,1.0,0.0,0.0,2.0,0.0,,,Hawke's Bay Region,Nil,2-way,Sealed,0.0,0.0,,50.0,,Null,0.0,0.0,,30.0,Hastings District,Stop,,,,,0.0,0.0,Urban,0.0,,,Fine
85760,1926465.0,5608002.0,545710.0,0.0,0.0,2.0,Null,2005/2006,OMAHU ROAD,HENDERSON ROAD,Non-Injury Crash,No,2006,West,0.0,,Flat,,,,,Bright sun,1470900.0,0.0,0.0,0.0,2.0,0.0,,,Hawke's Bay Region,Nil,2-way,Sealed,0.0,0.0,,50.0,,Null,0.0,0.0,,30.0,Hastings District,Give way,,,,,0.0,0.0,Urban,0.0,,,Fine
589713,1929086.5489,5617945.3658,545821.0,0.0,0.0,0.0,North,2019/2020,PUKETAPU ROAD,HARPHAM STREET,Minor Crash,No,2019,North,0.0,,Hill Road,,,,,Overcast,1410902.0,1.0,0.0,1.0,2.0,0.0,,,Hawke's Bay Region,Nil,2-way,Sealed,0.0,0.0,,100.0,,None,0.0,0.0,,30.0,Hastings District,Nil,,,,,0.0,0.0,Open,1.0,,,Fine
518829,1936966.0,5598004.0,545851.0,0.0,0.0,1.0,North,2007/2008,WAIMARAMA ROAD,TUKI TUKI ROAD,Non-Injury Crash,No,2008,North,0.0,,Hill Road,,,,,Bright sun,1467002.0,0.0,0.0,0.0,2.0,0.0,,,Hawke's Bay Region,Nil,2-way,Sealed,0.0,0.0,,100.0,,Null,0.0,0.0,,30.0,Hastings District,Nil,,,,,0.0,0.0,Open,0.0,,,Fine
414479,1928044.0,5605694.0,547900.0,0.0,0.0,1.0,Null,2014/2015,KAIAPO ROAD,MARAEKAKAHO ROAD,Non-Injury Crash,No,2015,South,0.0,0.0,Flat,0.0,,0.0,1.0,Twilight,1479900.0,0.0,0.0,0.0,2.0,0.0,0.0,,Hawke's Bay Region,Nil,2-way,Sealed,0.0,0.0,0.0,50.0,0.0,On,0.0,0.0,,30.0,Hastings District,Give way,0.0,0.0,0.0,0.0,0.0,0.0,Urban,0.0,0.0,0.0,Fine
633893,1908541.0,5674756.0,545911.0,0.0,0.0,1.0,North,2004/2005,SH 5,TATARAAKINA ROAD,Non-Injury Crash,Yes,2005,North,0.0,0.0,Hill Road,0.0,Easter,0.0,0.0,Dark,1281200.0,0.0,0.0,0.0,2.0,0.0,0.0,,Hawke's Bay Region,Nil,2-way,Sealed,0.0,0.0,0.0,100.0,0.0,None,0.0,0.0,,30.0,Hastings District,Nil,0.0,0.0,0.0,0.0,0.0,0.0,Open,0.0,0.0,0.0,Light rain
450300,1932596.0,5609833.0,545832.0,0.0,0.0,1.0,Null,2013/2014,PAKOWHAI ROAD,CHESTERHOPE BR,Non-Injury Crash,No,2013,North,0.0,0.0,Flat,0.0,,0.0,0.0,Bright sun,1404000.0,0.0,0.0,0.0,1.0,0.0,0.0,,Hawke's Bay Region,Nil,2-way,Unsealed,0.0,0.0,0.0,50.0,0.0,Null,0.0,0.0,,30.0,Hastings District,Nil,0.0,0.0,0.0,0.0,0.0,0.0,Urban,0.0,0.0,0.0,Fine
23156,1930951.0,5606308.0,547600.0,0.0,0.0,1.0,Null,2008/2009,NELSON ST NORTH,WILLIAMS ST,Minor Crash,No,2008,East,0.0,0.0,Flat,0.0,,0.0,0.0,Overcast,1483900.0,1.0,0.0,0.0,2.0,0.0,0.0,,Hawke's Bay Region,Nil,2-way,Sealed,0.0,0.0,0.0,50.0,0.0,Null,0.0,0.0,,30.0,Hastings District,Nil,0.0,0.0,0.0,0.0,0.0,0.0,Urban,0.0,0.0,0.0,Light rain
302025,1931438.0,5605808.0,548000.0,0.0,0.0,2.0,Null,2002/2003,KARAMU ROAD NORTH,COLLINGE ROAD,Non-Injury Crash,No,2002,North,0.0,,Flat,,,,,Bright sun,1496700.0,0.0,0.0,0.0,2.0,0.0,,,Hawke's Bay Region,Nil,2-way,Sealed,0.0,0.0,,50.0,,Null,0.0,0.0,,30.0,Hastings District,Give way,,,,,0.0,0.0,Urban,0.0,,,Fine
278347,1923698.0,5607324.0,548611.0,0.0,0.0,1.0,West,2003/2004,PORTSMOUTH ROAD,DIAZ DRIVE,Non-Injury Crash,No,2004,West,0.0,,Flat,,,,,Overcast,1473901.0,0.0,0.0,0.0,2.0,0.0,,,Hawke's Bay Region,Nil,2-way,Sealed,0.0,0.0,,50.0,,Null,0.0,0.0,,30.0,Hastings District,Nil,,,,,0.0,0.0,Urban,1.0,,,Fine
513071,1931902.0395,5630392.1924,545611.0,0.0,0.0,1.0,South,2019/2020,HILL ROAD,SEAFIELD ROAD,Non-Injury Crash,No,2020,North,0.0,0.0,Flat,0.0,,0.0,0.0,Bright sun,1413900.0,0.0,0.0,0.0,2.0,0.0,0.0,,Hawke's Bay Region,Nil,2-way,Sealed,0.0,0.0,0.0,100.0,0.0,None,0.0,0.0,,30.0,Hastings District,Nil,0.0,0.0,0.0,0.0,0.0,0.0,Open,0.0,0.0,0.0,Fine
11232,1911823.0,5662404.0,545911.0,0.0,0.0,1.0,North,2001/2002,SH 5,MCVICAR ROAD,Non-Injury Crash,Yes,2002,South,0.0,0.0,Hill Road,0.0,,0.0,0.0,Overcast,1414300.0,0.0,0.0,0.0,2.0,0.0,0.0,,Hawke's Bay Region,Nil,2-way,Sealed,0.0,0.0,0.0,100.0,0.0,Null,0.0,0.0,,30.0,Hastings District,Nil,0.0,0.0,0.0,0.0,0.0,0.0,Open,0.0,0.0,0.0,Mist or Fog
94272,1932790.0,5603346.0,545721.0,0.0,0.0,1.0,East,2006/2007,CROSSES ROAD,ST GEORGES ROAD,Non-Injury Crash,No,2007,North,0.0,0.0,Flat,0.0,,0.0,0.0,Dark,1473100.0,0.0,0.0,0.0,2.0,0.0,0.0,,Hawke's Bay Region,Nil,2-way,Sealed,0.0,0.0,0.0,80.0,0.0,None,0.0,0.0,,30.0,Hastings District,Nil,0.0,0.0,0.0,0.0,0.0,0.0,Open,0.0,0.0,0.0,Fine
168641,1908283.0,5675006.0,545911.0,0.0,0.0,0.0,South,2017/2018,SH 5,RUATITI BR,Non-Injury Crash,Yes,2017,South,0.0,0.0,Hill Road,1.0,,0.0,0.0,Overcast,1281200.0,0.0,0.0,0.0,2.0,0.0,0.0,,Hawke's Bay Region,Nil,2-way,Sealed,0.0,0.0,0.0,100.0,0.0,None,0.0,0.0,,30.0,Hastings District,Unknown,0.0,0.0,0.0,0.0,1.0,0.0,Open,0.0,0.0,0.0,Light rain
554213,1932356.0,5601398.0,548821.0,0.0,0.0,0.0,Null,2009/2010,LUCKNOW ROAD,MIDDLE ROAD,Serious Crash,No,2010,North,0.0,,Flat,,,,,Dark,1507001.0,0.0,0.0,0.0,2.0,0.0,,1.0,Hawke's Bay Region,Nil,2-way,Sealed,0.0,1.0,,50.0,,On,0.0,0.0,,30.0,Hastings District,Give way,,,,,0.0,0.0,Urban,1.0,,,Fine
317766,1926278.0,5608068.0,548400.0,0.0,0.0,2.0,West,2000/2001,OMAHU ROAD,HENDERSON ROAD,Minor Crash,No,2001,West,0.0,1.0,Flat,0.0,,0.0,0.0,Twilight,1473400.0,1.0,0.0,0.0,2.0,0.0,0.0,,Hawke's Bay Region,Nil,2-way,Sealed,0.0,0.0,0.0,70.0,0.0,On,0.0,0.0,,30.0,Hastings District,Unknown,0.0,0.0,0.0,0.0,0.0,0.0,Urban,0.0,0.0,0.0,Fine
341227,1930485.0,5606405.0,547600.0,0.0,0.0,2.0,Null,2004/2005,FREDERICK ST,TOMOANA ROAD,Non-Injury Crash,No,2005,North,0.0,,Flat,,,,,Twilight,1483800.0,0.0,0.0,0.0,2.0,0.0,,,Hawke's Bay Region,Nil,2-way,Sealed,0.0,0.0,,50.0,,On,0.0,0.0,,30.0,Hastings District,Traffic Signals,,,,,0.0,0.0,Urban,0.0,,,Fine
519972,1932575.0,5601634.0,548821.0,0.0,0.0,1.0,Null,2001/2002,JOLL ROAD,TE MATA ROAD,Non-Injury Crash,No,2002,South,0.0,1.0,Flat,0.0,,0.0,0.0,Bright sun,1507001.0,0.0,0.0,0.0,2.0,0.0,0.0,,Hawke's Bay Region,Nil,2-way,Sealed,0.0,0.0,0.0,50.0,0.0,Null,0.0,0.0,,30.0,Hastings District,Give way,0.0,0.0,0.0,0.0,0.0,0.0,Urban,0.0,0.0,0.0,Fine
194938,1934730.0,5601620.0,548831.0,0.0,0.0,1.0,Null,2003/2004,TE MATA ROAD,ARATAKI ROAD,Non-Injury Crash,No,2004,East,0.0,0.0,Flat,0.0,,0.0,1.0,Overcast,1466502.0,0.0,0.0,0.0,2.0,0.0,0.0,,Hawke's Bay Region,Nil,2-way,Sealed,0.0,0.0,0.0,50.0,0.0,Null,0.0,0.0,,30.0,Hastings District,Give way,0.0,0.0,0.0,1.0,0.0,0.0,Urban,0.0,0.0,0.0,Light rain
347368,1931022.0,5613782.0,545831.0,0.0,0.0,2.0,Null,2010/2011,SH 50,PAKOWHAI ON SBD,Non-Injury Crash,Yes,2011,South,0.0,,Flat,,,,,Dark,1404600.0,0.0,0.0,0.0,2.0,0.0,,,Hawke's Bay Region,Nil,2-way,Sealed,0.0,0.0,,100.0,,On,0.0,0.0,,30.0,Hastings District,Traffic Signals,,,,,0.0,0.0,Open,0.0,,,Fine
657853,1927237.0,5605211.0,545761.0,0.0,0.0,1.0,West,2009/2010,YORK ROAD,MARAEKAKAHO ROAD,Non-Injury Crash,No,2010,East,0.0,0.0,Flat,0.0,,0.0,0.0,Twilight,1469905.0,0.0,0.0,0.0,2.0,0.0,0.0,,Hawke's Bay Region,Nil,2-way,Sealed,0.0,0.0,0.0,70.0,0.0,On,1.0,0.0,,30.0,Hastings District,Unknown,0.0,0.0,0.0,0.0,0.0,0.0,Urban,0.0,1.0,0.0,Fine
463003,1933092.0,5600917.0,548821.0,0.0,0.0,1.0,North,2015/2016,JOLL ROAD,LAING COVE,Minor Crash,No,2015,South,0.0,0.0,Flat,0.0,,0.0,0.0,Dark,1507400.0,1.0,0.0,0.0,1.0,0.0,1.0,,Hawke's Bay Region,Nil,2-way,Sealed,0.0,0.0,0.0,50.0,0.0,On,0.0,0.0,,30.0,Hastings District,Nil,0.0,0.0,0.0,0.0,0.0,0.0,Urban,1.0,0.0,0.0,Fine
690243,1931286.0,5605201.0,548000.0,0.0,0.0,2.0,West,2002/2003,GROVE ROAD,WILLOWPARK ROAD NORTH,Non-Injury Crash,No,2002,West,0.0,,Flat,,,,,Bright sun,1497100.0,0.0,0.0,0.0,2.0,0.0,,,Hawke's Bay Region,Nil,2-way,Sealed,0.0,0.0,,50.0,,Null,0.0,0.0,,30.0,Hastings District,Nil,,,,,0.0,0.0,Urban,0.0,,,Fine
301092,1929790.7732,5604581.136,548200.0,0.0,0.0,2.0,East,2018/2019,WARREN STREET SOUTH,LYNDON ROAD EAST,Non-Injury Crash,No,2018,North,0.0,,Flat,,,,,Dark,1493100.0,0.0,0.0,0.0,2.0,0.0,,,Hawke's Bay Region,Nil,2-way,Sealed,0.0,0.0,,50.0,,On,0.0,0.0,,30.0,Hastings District,Nil,,,,,0.0,0.0,Urban,0.0,,,Fine
738367,1933388.0,5604906.0,545721.0,0.0,0.0,1.0,Null,2018/2019,ST GEORGES ROAD,HASSEL ROAD,Non-Injury Crash,No,2018,North,0.0,0.0,Flat,1.0,,0.0,0.0,Dark,1473100.0,0.0,0.0,0.0,2.0,0.0,0.0,,Hawke's Bay Region,Nil,2-way,Sealed,0.0,0.0,0.0,80.0,0.0,On,0.0,0.0,,30.0,Hastings District,Nil,0.0,1.0,0.0,1.0,0.0,0.0,Open,0.0,0.0,0.0,Fine
214386,1925308.0,5605343.0,545842.0,0.0,0.0,0.0,South,2009/2010,STOCK ROAD,IRONGATE ROAD,Serious Crash,No,2009,North,0.0,0.0,Flat,0.0,,0.0,0.0,Bright sun,1470214.0,0.0,0.0,0.0,2.0,0.0,0.0,,Hawke's Bay Region,Nil,2-way,Sealed,0.0,1.0,0.0,100.0,0.0,Null,1.0,0.0,,30.0,Hastings District,Nil,0.0,0.0,0.0,1.0,0.0,0.0,Open,0.0,0.0,0.0,Fine
398091,1929101.0,5605862.0,547700.0,0.0,0.0,1.0,Null,2017/2018,HERETAUNGA ST WEST,TOWNSHEND ST,Non-Injury Crash,No,2018,South,0.0,0.0,Flat,0.0,,0.0,0.0,Dark,1486800.0,0.0,0.0,0.0,2.0,0.0,0.0,,Hawke's Bay Region,Nil,2-way,Sealed,0.0,0.0,0.0,50.0,0.0,On,0.0,0.0,,30.0,Hastings District,Give way,0.0,0.0,0.0,1.0,0.0,0.0,Urban,0.0,0.0,0.0,Light rain
57386,1917824.0,5649491.0,545912.0,0.0,0.0,1.0,North,2006/2007,SH 5,TE POHUE LOOP ROAD N,Non-Injury Crash,Yes,2006,North,0.0,0.0,Hill Road,0.0,,0.0,0.0,Dark,1414504.0,0.0,0.0,0.0,3.0,0.0,0.0,,Hawke's Bay Region,Nil,2-way,Sealed,0.0,0.0,0.0,100.0,0.0,None,0.0,0.0,,30.0,Hastings District,Nil,0.0,0.0,0.0,0.0,0.0,0.0,Open,0.0,0.0,0.0,Fine
590714,1927578.0,5607439.0,548400.0,0.0,0.0,2.0,Null,2003/2004,SH 50A,OMAHU ROAD,Non-Injury Crash,Yes,2004,East,0.0,,Flat,,,,,Bright sun,1473600.0,0.0,0.0,0.0,2.0,0.0,,,Hawke's Bay Region,Nil,2-way,Sealed,0.0,0.0,,100.0,,Null,0.0,0.0,,30.0,Hastings District,Give way,,,,,0.0,0.0,Open,0.0,,,Fine
367975,1935541.0,5651345.0,545911.0,0.0,0.0,0.0,South,2010/2011,SH 2,WAIKOAU ROAD,Minor Crash,Yes,2010,North,0.0,0.0,Flat,0.0,,0.0,0.0,Overcast,1415200.0,1.0,0.0,0.0,2.0,0.0,0.0,,Hawke's Bay Region,Nil,2-way,Sealed,0.0,0.0,0.0,100.0,0.0,Null,0.0,0.0,,30.0,Hastings District,Nil,0.0,0.0,0.0,0.0,1.0,0.0,Open,0.0,0.0,0.0,Fine
159346,1932196.0,5602214.0,545721.0,0.0,0.0,1.0,South,2007/2008,HAVELOCK ROAD,ST ANDREWS ROAD,Non-Injury Crash,No,2007,South,0.0,,Flat,,,,,Bright sun,1473000.0,0.0,0.0,0.0,2.0,0.0,,,Hawke's Bay Region,Bridge,2-way,Sealed,0.0,0.0,,50.0,,Null,0.0,0.0,,30.0,Hastings District,Nil,,,,,0.0,0.0,Urban,0.0,,,Fine
493913,1916081.0,5604836.0,545841.0,0.0,0.0,2.0,Null,2001/2002,SH 50,MARAEKAKAHO ROAD,Non-Injury Crash,Yes,2001,West,0.0,,Flat,,,,,Overcast,1462901.0,0.0,0.0,0.0,2.0,0.0,,,Hawke's Bay Region,Nil,2-way,Sealed,0.0,0.0,,100.0,,Null,0.0,0.0,,30.0,Hastings District,Give way,,,,,0.0,0.0,Open,0.0,,,Heavy rain
269121,1932478.0,5610417.0,545832.0,0.0,0.0,0.0,Null,2006/2007,PAKOWHAI ROAD,HODGSON ROAD,Serious Crash,No,2007,East,0.0,,Flat,,,,,Bright sun,1404000.0,0.0,0.0,1.0,2.0,0.0,,,Hawke's Bay Region,Nil,2-way,Sealed,0.0,1.0,,100.0,,Null,0.0,0.0,,30.0,Hastings District,Give way,,,,,0.0,0.0,Open,1.0,,,Fine
313561,1936239.0,5611901.0,545832.0,0.0,0.0,1.0,North,2013/2014,SH 2,HELLYERS LANE,Non-Injury Crash,Yes,2014,North,0.0,,Flat,,,,,Dark,1404200.0,0.0,0.0,0.0,2.0,0.0,,,Hawke's Bay Region,Nil,2-way,Sealed,0.0,0.0,,100.0,,None,0.0,0.0,,30.0,Hastings District,Nil,,,,,0.0,0.0,Open,0.0,,,Fine
594540,1924499.0,5616886.0,545821.0,0.0,0.0,1.0,South,2014/2015,SWAMP ROAD,OMARUNUI SETTLEMENT ROAD,Minor Crash,No,2015,North,0.0,0.0,Flat,0.0,,0.0,0.0,Dark,1408500.0,3.0,0.0,0.0,2.0,0.0,0.0,,Hawke's Bay Region,Nil,2-way,Sealed,0.0,0.0,0.0,100.0,0.0,None,0.0,0.0,,30.0,Hastings District,Unknown,0.0,0.0,0.0,0.0,0.0,0.0,Open,0.0,0.0,1.0,Fine
469053,1931566.0,5606109.0,548000.0,0.0,0.0,2.0,West,2013/2014,WOODSTOCK AVENUE,KENILWORTH ROAD,Non-Injury Crash,No,2013,West,0.0,0.0,Flat,0.0,,0.0,0.0,Dark,1496500.0,0.0,0.0,0.0,2.0,0.0,1.0,,Hawke's Bay Region,Nil,2-way,Sealed,0.0,0.0,0.0,50.0,0.0,On,0.0,0.0,,30.0,Hastings District,Nil,0.0,0.0,0.0,0.0,0.0,0.0,Urban,0.0,0.0,0.0,Fine
21226,1928519.0,5606532.0,547800.0,0.0,0.0,2.0,Null,2003/2004,OMAHU ROAD,HAPUKA ST,Non-Injury Crash,No,2003,East,0.0,,Flat,,,,,Overcast,1477700.0,0.0,0.0,0.0,2.0,0.0,,,Hawke's Bay Region,Nil,2-way,Sealed,0.0,0.0,,50.0,,Null,0.0,0.0,,30.0,Hastings District,Nil,,,,,0.0,0.0,Urban,0.0,,,Light rain
99598,1932237.0,5608994.0,545721.0,0.0,0.0,1.0,South,2017/2018,PAKOWHAI ROAD,RUAHAPIA ROAD,Non-Injury Crash,No,2017,South,0.0,,Flat,,,,,Overcast,1471600.0,0.0,0.0,0.0,2.0,0.0,,,Hawke's Bay Region,Nil,2-way,Sealed,0.0,0.0,,80.0,,Null,0.0,0.0,,30.0,Hastings District,Unknown,,,,,0.0,0.0,Open,1.0,,,Fine
579337,1932274.0,5609028.0,545721.0,0.0,0.0,2.0,Null,2016/2017,PAKOWHAI ROAD,RUAHAPIA ROAD,Non-Injury Crash,No,2017,South,0.0,,Flat,,,,,Dark,1471600.0,0.0,0.0,0.0,3.0,0.0,,,Hawke's Bay Region,Nil,2-way,Sealed,0.0,0.0,,80.0,,On,0.0,0.0,,30.0,Hastings District,Give way,,,,,0.0,0.0,Open,0.0,,,Fine
202631,1932539.0,5608565.0,545721.0,0.0,0.0,1.0,West,2001/2002,RUAHAPIA ROAD,OTENE ROAD,Fatal Crash,No,2002,North,1.0,0.0,Flat,0.0,,0.0,0.0,Dark,1471600.0,0.0,0.0,0.0,2.0,0.0,0.0,,Hawke's Bay Region,Nil,2-way,Sealed,0.0,0.0,0.0,100.0,0.0,None,0.0,0.0,,30.0,Hastings District,Nil,0.0,0.0,0.0,0.0,0.0,0.0,Open,0.0,0.0,0.0,Mist or Fog
628595,1929847.4431,5604942.6428,548200.0,0.0,1.0,1.0,East,2019/2020,RUSSELL STREET NORTH,HERETAUNGA STREET EAST,Non-Injury Crash,No,2019,South,0.0,0.0,Flat,0.0,,0.0,0.0,Dark,1492100.0,0.0,0.0,0.0,2.0,0.0,1.0,,Hawke's Bay Region,Nil,2-way,Sealed,0.0,0.0,0.0,50.0,0.0,On,0.0,0.0,,30.0,Hastings District,Unknown,0.0,0.0,0.0,0.0,0.0,0.0,Urban,0.0,0.0,0.0,Fine
426403,1929009.0,5604080.0,547900.0,0.0,0.0,2.0,Null,2007/2008,RAILWAY ROAD,GASCOIGNE ST,Non-Injury Crash,No,2007,South,0.0,,Flat,,,,,Dark,1482400.0,0.0,0.0,0.0,2.0,0.0,,,Hawke's Bay Region,Nil,2-way,Sealed,0.0,0.0,,70.0,,On,0.0,0.0,,30.0,Hastings District,Stop,,,,,0.0,0.0,Urban,0.0,,,Heavy rain
325153,1925596.0,5603192.0,545761.0,0.0,0.0,1.0,Null,1999/2000,SH 50A,LONGLANDS ROAD WEST,Non-Injury Crash,Yes,2000,South,0.0,0.0,Flat,0.0,,0.0,0.0,Dark,1468901.0,0.0,0.0,0.0,2.0,0.0,0.0,,Hawke's Bay Region,Nil,2-way,Sealed,0.0,0.0,0.0,100.0,0.0,On,0.0,0.0,,30.0,Hastings District,Give way,1.0,1.0,0.0,0.0,0.0,0.0,Open,1.0,0.0,0.0,Fine
593135,1929564.0,5632976.0,545811.0,0.0,0.0,1.0,Null,1999/2000,SH 5,SHAW ROAD,Minor Crash,Yes,2000,South,0.0,0.0,Flat,0.0,,0.0,0.0,Dark,1414700.0,2.0,0.0,0.0,2.0,0.0,0.0,,Hawke's Bay Region,Nil,2-way,Sealed,0.0,0.0,0.0,100.0,0.0,On,0.0,0.0,,30.0,Hastings District,Nil,0.0,0.0,0.0,0.0,0.0,0.0,Open,0.0,0.0,0.0,Light rain
372496,1911455.0,5663670.0,545911.0,0.0,0.0,1.0,South,2002/2003,SH 5,TE HAROTO ROAD,Serious Crash,Yes,2002,South,0.0,0.0,Hill Road,0.0,,0.0,0.0,Overcast,1414400.0,1.0,0.0,0.0,2.0,0.0,0.0,,Hawke's Bay Region,Nil,2-way,Sealed,0.0,1.0,0.0,100.0,0.0,Null,0.0,0.0,,30.0,Hastings District,Nil,0.0,0.0,0.0,0.0,0.0,0.0,Open,1.0,0.0,0.0,Light rain
604614,1925384.0,5607804.0,548611.0,0.0,0.0,1.0,Null,2003/2004,CHATHAM ROAD,MARGATE AVENUE,Minor Crash,No,2004,North,0.0,,Flat,,,,,Dark,1473803.0,1.0,1.0,0.0,2.0,0.0,,,Hawke's Bay Region,Nil,2-way,Sealed,0.0,0.0,,50.0,,On,0.0,0.0,,30.0,Hastings District,Nil,,,,,0.0,0.0,Urban,0.0,,,Light rain
240640,1929387.0,5614231.0,545831.0,0.0,0.0,2.0,Null,2006/2007,WAIOHIKI ROAD,SH 50,Non-Injury Crash,Yes,2007,West,0.0,,Flat,,,,,Bright sun,1409400.0,0.0,0.0,0.0,2.0,0.0,,,Hawke's Bay Region,Nil,2-way,Sealed,0.0,0.0,,100.0,,Null,0.0,0.0,,30.0,Hastings District,Give way,,,,,0.0,0.0,Open,0.0,,,Fine
657193,1930340.0,5604821.0,548200.0,0.0,0.0,2.0,Null,2009/2010,HASTINGS ST NORTH,ST AUBYN ST EAST,Non-Injury Crash,No,2010,North,0.0,,Flat,,,,,Dark,1493501.0,0.0,0.0,0.0,1.0,0.0,,,Hawke's Bay Region,Nil,2-way,Sealed,0.0,0.0,,50.0,,On,0.0,0.0,,30.0,Hastings District,Stop,,,,,0.0,0.0,Urban,0.0,,,Fine
379374,1929655.1429,5605132.3077,548200.0,1.0,0.0,1.0,Null,2019/2020,HERETAUNGA STREET WEST,KING STREET SOUTH,Minor Crash,No,2020,South,0.0,,Flat,,,,,Bright sun,1490700.0,1.0,0.0,0.0,2.0,0.0,,,Hawke's Bay Region,Nil,2-way,Sealed,0.0,0.0,,50.0,,Off,0.0,0.0,,30.0,Hastings District,Give way,,,,,0.0,0.0,Urban,0.0,,,Fine