OBJECTID,X,Y,areaUnitID,bicycle,bus,carStationWagon,crashDirectionDescription,crashFinancialYear,crashLocation1,crashLocation2,crashSeverity,crashSHDescription,crashYear,directionRoleDescription,fatalCount,fence,flatHill,guardRail,holiday,houseOrBuilding,kerb,light,meshblockId,minorInjuryCount,moped,motorcycle,NumberOfLanes,otherVehicleType,parkedVehicle,pedestrian,region,roadCharacter,roadLane,roadSurface,schoolBus,seriousInjuryCount,slipOrFlood,speedLimit,strayAnimal,streetLight,suv,taxi,temporarySpeedLimit,tlaId,tlaName,trafficControl,trafficIsland,trafficSign,train,tree,truck,unknownVehicleType,urban,vanOrUtility,vehicle,waterRiver,weatherA
323291,1933544.2753,5603431.211,545750.0,0.0,0.0,1.0,Null,2019/2020,NAPIER ROAD,THOMPSON ROAD,Non-Injury Crash,No,2020,South,0.0,,Flat,,,,,Overcast,1466202.0,0.0,0.0,0.0,2.0,0.0,,,Hawke's Bay Region,Nil,2-way,Sealed,0.0,0.0,,80.0,,Off,1.0,0.0,,30.0,Hastings District,Give way,,,,,0.0,0.0,Open,0.0,,,Fine
189534,1931172.3081,5614196.5382,545831.0,0.0,0.0,1.0,North,2018/2019,050-0005,LINKS ROAD,Non-Injury Crash,Yes,2019,North,0.0,0.0,Flat,1.0,,0.0,0.0,Dark,1404600.0,0.0,0.0,0.0,2.0,0.0,0.0,,Hawke's Bay Region,Nil,2-way,Sealed,0.0,0.0,0.0,100.0,0.0,On,0.0,0.0,,30.0,Hastings District,Unknown,0.0,0.0,0.0,0.0,0.0,0.0,Open,0.0,0.0,0.0,Fine
80109,1925271.0,5598887.0,545852.0,0.0,0.0,3.0,Null,2007/2008,SH 2,OLD MAIN ROAD,Serious Crash,Yes,2008,South,0.0,,Flat,,,,,Twilight,1465801.0,2.0,0.0,0.0,2.0,0.0,,,Hawke's Bay Region,Nil,2-way,Sealed,0.0,1.0,,100.0,,On,1.0,0.0,,30.0,Hastings District,Stop,,,,,0.0,0.0,Open,0.0,,,Fine
676452,1919420.0,5607106.0,545841.0,0.0,0.0,1.0,South,2014/2015,SH 50,NGATARAWA ROAD,Minor Crash,Yes,2015,North,0.0,,Flat,,,,,Bright sun,1462901.0,1.0,0.0,1.0,2.0,0.0,,,Hawke's Bay Region,Nil,2-way,Sealed,0.0,0.0,,100.0,,None,0.0,0.0,,30.0,Hastings District,Nil,,,,,0.0,0.0,Open,0.0,,,Fine
595614,1927200.0,5600468.0,545852.0,0.0,0.0,0.0,Null,2005/2006,TE AUTE ROAD,CRYSTALL ROAD,Non-Injury Crash,No,2005,North,0.0,0.0,Flat,0.0,,0.0,0.0,Overcast,1468700.0,0.0,0.0,0.0,2.0,0.0,0.0,,Hawke's Bay Region,Nil,2-way,Sealed,0.0,0.0,0.0,100.0,0.0,Null,1.0,0.0,,30.0,Hastings District,Nil,0.0,0.0,0.0,0.0,0.0,0.0,Open,0.0,0.0,0.0,Fine
418918,1930682.0,5605346.0,548200.0,0.0,0.0,2.0,South,2005/2006,KARAMU ROAD NORTH,JERVOIS ST,Minor Crash,No,2006,North,0.0,,Flat,,,,,Twilight,1494300.0,1.0,0.0,0.0,2.0,0.0,,,Hawke's Bay Region,Nil,2-way,Sealed,0.0,0.0,,50.0,,Off,0.0,0.0,,30.0,Hastings District,Nil,,,,,0.0,0.0,Urban,1.0,,,Heavy rain
349414,1927292.0,5607650.0,548400.0,0.0,0.0,0.0,Null,2015/2016,OMAHU ROAD,WILSON ROAD,Non-Injury Crash,No,2016,East,0.0,0.0,Flat,0.0,,1.0,0.0,Dark,1473500.0,0.0,0.0,0.0,2.0,0.0,0.0,,Hawke's Bay Region,Nil,2-way,Sealed,0.0,0.0,0.0,50.0,0.0,On,1.0,0.0,,30.0,Hastings District,Give way,0.0,0.0,0.0,0.0,0.0,0.0,Urban,0.0,0.0,0.0,Fine
650640,1931128.0,5604836.0,548000.0,0.0,0.0,1.0,South,2018/2019,JERVOIS ST,CAMBRIDGE ST,Non-Injury Crash,No,2018,North,0.0,0.0,Flat,0.0,,0.0,1.0,Bright sun,1498002.0,0.0,0.0,0.0,2.0,0.0,0.0,,Hawke's Bay Region,Nil,2-way,Sealed,0.0,0.0,0.0,50.0,0.0,Null,0.0,0.0,,30.0,Hastings District,Unknown,0.0,0.0,0.0,1.0,0.0,0.0,Urban,0.0,0.0,0.0,Fine
626167,1931041.0,5613829.0,545831.0,0.0,0.0,1.0,Null,2016/2017,SH 50,PAKOWHAI ON NBD,Minor Crash,Yes,2016,South,0.0,,Flat,,,,,Overcast,1404600.0,1.0,0.0,0.0,1.0,0.0,,,Hawke's Bay Region,Nil,1-way,Sealed,0.0,0.0,,100.0,,Null,0.0,0.0,,30.0,Hastings District,Nil,,,,,0.0,0.0,Open,1.0,,,Fine
696324,1934988.0,5610440.0,545832.0,0.0,0.0,1.0,North,2011/2012,FARNDON ROAD,KOHUPATIKI ROAD N,Non-Injury Crash,No,2011,South,0.0,1.0,Flat,0.0,,0.0,0.0,Bright sun,1404200.0,0.0,0.0,0.0,2.0,0.0,0.0,,Hawke's Bay Region,Nil,2-way,Sealed,0.0,0.0,0.0,100.0,0.0,Null,0.0,0.0,,30.0,Hastings District,Nil,0.0,0.0,0.0,0.0,0.0,0.0,Open,0.0,0.0,0.0,Fine
540043,1930149.0,5604677.0,548200.0,0.0,0.0,2.0,Null,2007/2008,QUEEN ST EAST,HASTINGS ST NORTH,Non-Injury Crash,No,2007,East,0.0,,Flat,,,,,Overcast,1493400.0,0.0,0.0,0.0,2.0,0.0,,,Hawke's Bay Region,Nil,2-way,Sealed,0.0,0.0,,50.0,,Null,0.0,0.0,,30.0,Hastings District,Give way,,,,,0.0,0.0,Urban,0.0,,,Heavy rain
508440,1930517.0,5606429.0,547600.0,0.0,0.0,1.0,North,2017/2018,TOMOANA ROAD,FREDERICK ST,Non-Injury Crash,No,2017,South,0.0,0.0,Flat,0.0,,0.0,0.0,Dark,1483800.0,0.0,0.0,0.0,2.0,0.0,1.0,,Hawke's Bay Region,Nil,2-way,Sealed,0.0,0.0,0.0,50.0,0.0,On,0.0,0.0,,30.0,Hastings District,Unknown,0.0,0.0,0.0,0.0,0.0,0.0,Urban,1.0,0.0,0.0,Fine
467365,1930033.0,5605235.0,548200.0,0.0,0.0,1.0,Null,2004/2005,ST AUBYN ST WEST,MARKET ST NORTH,Non-Injury Crash,No,2004,West,0.0,,Flat,,,,,Bright sun,1491500.0,0.0,0.0,0.0,5.0,0.0,,,Hawke's Bay Region,Nil,2-way,Sealed,0.0,0.0,,50.0,,Null,0.0,0.0,,30.0,Hastings District,Nil,,,,,0.0,0.0,Urban,1.0,,,Fine
711210,1929555.0,5605865.0,547700.0,0.0,0.0,1.0,West,2002/2003,ST AUBYN ST WEST,TOMOANA ROAD,Minor Crash,No,2003,East,0.0,,Flat,,,,,Bright sun,1488200.0,1.0,0.0,0.0,2.0,0.0,,,Hawke's Bay Region,Nil,2-way,Sealed,0.0,0.0,,50.0,,Null,0.0,0.0,,30.0,Hastings District,Nil,,,,,1.0,0.0,Urban,0.0,,,Fine
54051,1933228.0,5601931.0,548832.0,0.0,0.0,3.0,West,2017/2018,TE MATA ROAD,CARL AVENUE,Non-Injury Crash,No,2017,West,0.0,0.0,Flat,0.0,,0.0,0.0,Bright sun,1508200.0,0.0,0.0,0.0,2.0,0.0,1.0,,Hawke's Bay Region,Nil,2-way,Sealed,0.0,0.0,0.0,50.0,0.0,Null,0.0,0.0,30.0,30.0,Hastings District,Unknown,0.0,0.0,0.0,0.0,0.0,0.0,Urban,0.0,0.0,0.0,Fine
257807,1932575.0,5608502.0,545721.0,0.0,0.0,1.0,Null,2003/2004,RUAHAPIA ROAD,WHAKATU ROAD,Minor Crash,No,2004,South,0.0,,Flat,,,,,Overcast,1471600.0,1.0,0.0,0.0,2.0,0.0,,,Hawke's Bay Region,Nil,2-way,Sealed,0.0,0.0,,100.0,,Null,0.0,0.0,,30.0,Hastings District,Nil,,,,,0.0,0.0,Open,1.0,,,Fine
77058,1910796.0,5637744.0,545821.0,0.0,0.0,0.0,West,2009/2010,PUKETITIRI ROAD,WAIHAU ROAD,Fatal Crash,No,2009,West,1.0,0.0,Hill Road,0.0,,0.0,0.0,Dark,1412200.0,0.0,0.0,0.0,2.0,0.0,0.0,,Hawke's Bay Region,Nil,2-way,Sealed,0.0,0.0,0.0,100.0,0.0,None,1.0,0.0,,30.0,Hastings District,Nil,0.0,0.0,0.0,0.0,0.0,0.0,Open,0.0,0.0,0.0,Fine
478605,1929657.0,5605330.0,548200.0,0.0,0.0,2.0,Null,2008/2009,NELSON ST NORTH,QUEEN ST WEST,Non-Injury Crash,No,2008,West,0.0,,Flat,,,,,Dark,1490800.0,0.0,0.0,0.0,2.0,0.0,,,Hawke's Bay Region,Nil,2-way,Sealed,0.0,0.0,,50.0,,On,0.0,0.0,,30.0,Hastings District,Give way,,,,,0.0,0.0,Urban,0.0,,,Fine
105775,1930296.0,5604273.0,548300.0,0.0,0.0,3.0,Null,1999/2000,HERETAUNGA ST EAST,PRINCES ST,Non-Injury Crash,No,2000,West,0.0,,Flat,,,,,Overcast,1501600.0,0.0,0.0,0.0,2.0,0.0,,,Hawke's Bay Region,Nil,2-way,Sealed,0.0,0.0,,50.0,,Null,0.0,0.0,,30.0,Hastings District,Stop,,,,,0.0,0.0,Urban,0.0,,,Fine
649829,1926481.0,5606558.0,545761.0,0.0,0.0,1.0,East,2000/2001,SH 50A,YORK ROAD,Non-Injury Crash,Yes,2000,West,0.0,,Flat,,,,,Bright sun,1469905.0,0.0,0.0,0.0,2.0,0.0,,,Hawke's Bay Region,Nil,2-way,Sealed,0.0,0.0,,70.0,,Null,0.0,0.0,,30.0,Hastings District,Unknown,,,,,0.0,0.0,Urban,0.0,,,Fine
315343,1929318.0,5606037.0,547700.0,0.0,0.0,1.0,North,2002/2003,EATON ROAD,GRAYS ROAD,Non-Injury Crash,No,2003,West,0.0,,Flat,,,,,Overcast,1486400.0,0.0,0.0,0.0,2.0,0.0,,1.0,Hawke's Bay Region,Nil,2-way,Sealed,0.0,0.0,,50.0,,Null,0.0,0.0,,30.0,Hastings District,Nil,,,,,0.0,0.0,Urban,0.0,,,Fine
457328,1925257.0,5599503.0,545852.0,0.0,0.0,1.0,North,2012/2013,OLD MAIN ROAD,MIRIAMA ROAD,Non-Injury Crash,No,2013,North,0.0,1.0,Flat,0.0,,0.0,0.0,Dark,1463700.0,0.0,0.0,0.0,2.0,0.0,0.0,,Hawke's Bay Region,Nil,2-way,Sealed,0.0,0.0,0.0,50.0,0.0,On,0.0,0.0,,30.0,Hastings District,Nil,0.0,0.0,0.0,0.0,0.0,0.0,Urban,0.0,0.0,0.0,Fine
171862,1932383.0,5603391.0,545721.0,0.0,0.0,0.0,South,2012/2013,ST GEORGES ROAD,CROSSES ROAD,Minor Crash,No,2012,South,0.0,1.0,Flat,0.0,,0.0,0.0,Twilight,1473000.0,1.0,0.0,0.0,2.0,0.0,0.0,,Hawke's Bay Region,Nil,2-way,Sealed,0.0,0.0,0.0,80.0,0.0,Off,0.0,0.0,,30.0,Hastings District,Nil,0.0,1.0,0.0,0.0,0.0,0.0,Open,1.0,0.0,0.0,Fine
90788,1924162.8775,5608539.0314,548611.0,0.0,0.0,1.0,North,2018/2019,KIRKWOOD ROAD,WILKES PLACE,Non-Injury Crash,No,2019,North,0.0,0.0,Flat,0.0,,1.0,0.0,Overcast,1469706.0,0.0,0.0,0.0,2.0,0.0,0.0,,Hawke's Bay Region,Nil,2-way,Sealed,0.0,0.0,0.0,50.0,0.0,Off,0.0,0.0,,30.0,Hastings District,Unknown,0.0,0.0,0.0,0.0,0.0,0.0,Urban,0.0,0.0,0.0,Light rain
122127,1934140.5572,5605983.6733,545750.0,0.0,0.0,2.0,South,2019/2020,NAPIER ROAD,LAWN ROAD,Minor Crash,No,2020,South,0.0,,Flat,,,,,Bright sun,1406600.0,1.0,0.0,0.0,2.0,0.0,,,Hawke's Bay Region,Nil,2-way,Sealed,0.0,0.0,,80.0,,Off,1.0,0.0,,30.0,Hastings District,Nil,,,,,0.0,0.0,Open,0.0,,,Fine
548323,1931633.0,5608323.0,545721.0,0.0,0.0,1.0,East,2005/2006,ELWOOD ROAD,PAKOWHAI ROAD,Non-Injury Crash,No,2006,West,0.0,0.0,Flat,0.0,,0.0,0.0,Dark,1471600.0,0.0,0.0,0.0,2.0,0.0,0.0,,Hawke's Bay Region,Nil,2-way,Sealed,0.0,0.0,0.0,100.0,0.0,None,0.0,0.0,,30.0,Hastings District,Nil,0.0,0.0,0.0,0.0,0.0,0.0,Open,0.0,0.0,0.0,Fine
36898,1924315.0,5616261.0,545821.0,0.0,0.0,1.0,South,2008/2009,SWAMP ROAD,OMARUNUI SETTLEMENT ROAD,Non-Injury Crash,No,2009,South,0.0,0.0,Flat,0.0,,0.0,0.0,Dark,1408500.0,0.0,0.0,0.0,2.0,0.0,0.0,,Hawke's Bay Region,Nil,2-way,Sealed,0.0,0.0,0.0,100.0,0.0,None,0.0,0.0,,30.0,Hastings District,Nil,0.0,0.0,0.0,0.0,0.0,0.0,Open,0.0,0.0,0.0,Fine
303110,1913936.0,5617692.0,545821.0,0.0,0.0,1.0,West,2008/2009,TAIHAPE ROAD,MATAPIRO ROAD,Non-Injury Crash,No,2009,West,0.0,0.0,Hill Road,0.0,,0.0,0.0,Overcast,1410300.0,0.0,0.0,0.0,2.0,0.0,0.0,,Hawke's Bay Region,Nil,2-way,Sealed,0.0,0.0,0.0,100.0,0.0,Null,0.0,0.0,,30.0,Hastings District,Nil,0.0,0.0,0.0,0.0,0.0,0.0,Open,0.0,0.0,0.0,Light rain
717799,1928924.5463,5605472.9120000005,547700.0,0.0,0.0,1.0,Null,2019/2020,SOUTHAMPTON STREET WEST,PEPPER STREET,Non-Injury Crash,No,2019,West,0.0,,Flat,,,,,Overcast,1487500.0,0.0,0.0,0.0,2.0,0.0,,,Hawke's Bay Region,Nil,2-way,Sealed,0.0,0.0,,50.0,,Off,0.0,0.0,,30.0,Hastings District,Give way,,,,,0.0,0.0,Urban,1.0,,,Fine
337931,1932448.0,5601623.0,548810.0,0.0,0.0,1.0,Null,2001/2002,TE AUTE ROAD,PORTER DRIVE,Non-Injury Crash,No,2001,North,0.0,,Flat,,,,,Twilight,1505700.0,0.0,0.0,0.0,2.0,0.0,,,Hawke's Bay Region,Nil,2-way,Sealed,0.0,0.0,,50.0,,Off,0.0,0.0,,30.0,Hastings District,Stop,,,,,0.0,0.0,Urban,1.0,,,Fine
724833,1929632.0,5604761.0,548200.0,0.0,0.0,2.0,Null,2008/2009,RAILWAY ROAD,LYNDON ROAD WEST,Non-Injury Crash,No,2008,North,0.0,,Flat,,,,,Overcast,1489900.0,0.0,0.0,0.0,2.0,0.0,,,Hawke's Bay Region,Nil,2-way,Sealed,0.0,0.0,,50.0,,Null,0.0,0.0,,30.0,Hastings District,Stop,,,,,0.0,0.0,Urban,0.0,,,Fine
677922,1929878.0,5605947.0,547700.0,0.0,0.0,2.0,Null,2006/2007,TOMOANA ROAD,FITZROY AVENUE,Non-Injury Crash,No,2007,East,0.0,,Flat,,,,,Bright sun,1488400.0,0.0,0.0,0.0,2.0,0.0,,,Hawke's Bay Region,Nil,2-way,Sealed,0.0,0.0,,50.0,,Null,0.0,0.0,,30.0,Hastings District,Stop,,,,,0.0,0.0,Urban,0.0,,,Fine
558569,1920700.0,5612034.0,545821.0,0.0,0.0,1.0,Null,2013/2014,OHITI ROAD,TAIHAPE ROAD,Non-Injury Crash,No,2013,North,0.0,0.0,Flat,0.0,,0.0,0.0,Dark,1408900.0,0.0,0.0,0.0,2.0,0.0,0.0,,Hawke's Bay Region,Nil,2-way,Sealed,0.0,0.0,0.0,100.0,0.0,None,0.0,0.0,,30.0,Hastings District,Give way,0.0,0.0,0.0,0.0,0.0,0.0,Open,0.0,0.0,0.0,Fine
26634,1935977.0,5610744.0,545730.0,0.0,0.0,2.0,North,2003/2004,SH 2,MILL ROAD,Non-Injury Crash,Yes,2004,South,0.0,,Flat,,,,,Bright sun,1405401.0,0.0,0.0,0.0,2.0,0.0,,,Hawke's Bay Region,Nil,2-way,Sealed,0.0,0.0,,50.0,,Null,0.0,0.0,,30.0,Hastings District,Nil,,,,,0.0,0.0,Urban,0.0,,,Fine
16175,1912115.0,5586572.0,545851.0,0.0,0.0,0.0,North,2001/2002,SH 2,TE ONEPU ROAD,Non-Injury Crash,Yes,2002,North,0.0,1.0,Hill Road,0.0,,0.0,0.0,Bright sun,1464600.0,0.0,0.0,0.0,2.0,0.0,0.0,,Hawke's Bay Region,Nil,2-way,Sealed,0.0,0.0,0.0,100.0,0.0,Null,0.0,0.0,,30.0,Hastings District,Nil,0.0,0.0,0.0,0.0,0.0,0.0,Open,1.0,0.0,0.0,Fine
338042,1901621.0,5598671.0,545841.0,0.0,0.0,1.0,South,2007/2008,SH 50,SALISBURY ROAD,Minor Crash,Yes,2007,North,0.0,0.0,Hill Road,0.0,,0.0,0.0,Bright sun,1462600.0,1.0,0.0,0.0,2.0,0.0,0.0,,Hawke's Bay Region,Nil,2-way,Sealed,0.0,0.0,0.0,100.0,0.0,Null,0.0,0.0,,30.0,Hastings District,Nil,0.0,0.0,0.0,0.0,0.0,0.0,Open,0.0,0.0,0.0,Fine
112029,1927224.0,5605077.0,545761.0,0.0,0.0,2.0,West,2018/2019,MARAEKAKAHO ROAD,YORK ROAD,Non-Injury Crash,No,2018,West,0.0,0.0,Flat,0.0,,0.0,0.0,Overcast,1470102.0,0.0,0.0,0.0,2.0,0.0,1.0,,Hawke's Bay Region,Nil,2-way,Sealed,0.0,0.0,0.0,70.0,0.0,Null,0.0,0.0,,30.0,Hastings District,Unknown,0.0,0.0,0.0,0.0,0.0,0.0,Urban,0.0,0.0,0.0,Fine
527331,1928784.0,5606268.0,548500.0,1.0,0.0,1.0,Null,2017/2018,MARAEKAKAHO ROAD,HERETAUNGA ST WEST,Serious Crash,No,2017,East,0.0,,Flat,,,,,Bright sun,1478800.0,0.0,0.0,0.0,2.0,0.0,,,Hawke's Bay Region,Nil,2-way,Sealed,0.0,1.0,,50.0,,Null,0.0,0.0,,30.0,Hastings District,Give way,,,,,0.0,0.0,Urban,0.0,,,Fine
255712,1932222.6959,5606182.2979999995,545721.0,0.0,0.0,1.0,East,2019/2020,002-0661,ELWOOD ROAD,Non-Injury Crash,Yes,2019,East,0.0,,Flat,,,,,Bright sun,1471700.0,0.0,0.0,0.0,2.0,0.0,,,Hawke's Bay Region,Nil,2-way,Sealed,0.0,0.0,,80.0,,Off,1.0,0.0,,30.0,Hastings District,Unknown,,,,,0.0,0.0,Open,0.0,,,Fine
380425,1931153.0,5600843.0,545762.0,0.0,0.0,2.0,Null,2011/2012,TE AUTE ROAD,GILPIN ROAD,Minor Crash,No,2011,West,0.0,,Flat,,,,,Bright sun,1465200.0,1.0,0.0,0.0,2.0,0.0,,,Hawke's Bay Region,Nil,2-way,Sealed,0.0,0.0,,100.0,,Null,0.0,0.0,,30.0,Hastings District,Give way,,,,,0.0,0.0,Open,0.0,,,Fine
220028,1923352.0,5610218.0,545710.0,0.0,0.0,1.0,Null,2018/2019,SH 50,OMAHU ROAD,Non-Injury Crash,Yes,2018,North,0.0,1.0,Flat,0.0,,0.0,0.0,Bright sun,1470500.0,0.0,0.0,0.0,2.0,0.0,0.0,,Hawke's Bay Region,Nil,2-way,Sealed,0.0,0.0,0.0,100.0,0.0,Null,1.0,0.0,,30.0,Hastings District,Nil,0.0,0.0,0.0,0.0,0.0,0.0,Open,0.0,0.0,0.0,Fine
40270,1929367.0,5604909.0,548200.0,0.0,0.0,1.0,Null,2009/2010,SOUTHAMPTON ROAD WEST,KING ST SOUTH,Non-Injury Crash,No,2009,South,0.0,,Flat,,,,,Bright sun,1489100.0,0.0,0.0,0.0,2.0,0.0,,,Hawke's Bay Region,Nil,2-way,Sealed,0.0,0.0,,50.0,,Null,1.0,0.0,,30.0,Hastings District,Give way,,,,,0.0,0.0,Urban,0.0,,,Fine
27151,1924543.0,5609087.0,545710.0,0.0,0.0,1.0,West,2000/2001,OMAHU ROAD,JAMES ROCHFORT PLACE,Minor Crash,No,2000,West,0.0,,Flat,,,,,Overcast,1470600.0,1.0,0.0,0.0,2.0,0.0,,,Hawke's Bay Region,Nil,2-way,Sealed,0.0,0.0,,100.0,,Null,0.0,0.0,,30.0,Hastings District,Nil,,,,,0.0,0.0,Open,1.0,,,Light rain
326514,1924796.6519,5603509.0038,545842.0,0.0,0.0,1.0,East,2020/2021,MARAEKAKAHO ROAD,STOCK ROAD,Serious Crash,No,2020,West,0.0,1.0,Flat,0.0,,0.0,0.0,Bright sun,1470213.0,0.0,0.0,0.0,2.0,0.0,0.0,,Hawke's Bay Region,Nil,2-way,Sealed,0.0,1.0,0.0,100.0,0.0,None,0.0,0.0,,30.0,Hastings District,Unknown,0.0,0.0,0.0,1.0,0.0,0.0,Open,0.0,0.0,0.0,Fine
336619,1929097.0,5606516.0,547800.0,0.0,0.0,2.0,North,2001/2002,PAKOWHAI ROAD,ST AUBYN ST WEST,Non-Injury Crash,No,2001,West,0.0,,Flat,,,,,Overcast,1477600.0,0.0,0.0,0.0,2.0,0.0,,,Hawke's Bay Region,Nil,2-way,Sealed,0.0,0.0,,50.0,,Null,0.0,0.0,,30.0,Hastings District,Traffic Signals,,,,,0.0,0.0,Urban,0.0,,,Fine
199403,1926976.0,5607904.0,545710.0,0.0,1.0,1.0,East,2003/2004,OMAHU ROAD,RAUPARE ROAD,Minor Crash,No,2004,East,0.0,,Flat,,,,,Bright sun,1471000.0,1.0,0.0,0.0,3.0,0.0,,,Hawke's Bay Region,Nil,2-way,Sealed,1.0,0.0,,50.0,,Null,0.0,0.0,,30.0,Hastings District,Nil,,,,,0.0,0.0,Urban,0.0,,,Fine
83838,1928832.0,5606220.0,547700.0,0.0,0.0,2.0,North,2016/2017,HERETAUNGA ST WEST,STORTFORD ST,Non-Injury Crash,No,2017,West,0.0,,Flat,,,,,Overcast,1486600.0,0.0,0.0,0.0,1.0,0.0,,,Hawke's Bay Region,Nil,2-way,Sealed,0.0,0.0,,50.0,,Null,0.0,0.0,,30.0,Hastings District,Nil,,,,,0.0,0.0,Urban,0.0,,,Fine
725086,1909283.0,5604783.0,545841.0,0.0,0.0,0.0,West,2002/2003,SH 50,WHAKAPIRAU ROAD,Non-Injury Crash,Yes,2003,North,0.0,0.0,Flat,0.0,,0.0,0.0,Overcast,1462700.0,0.0,0.0,0.0,2.0,0.0,0.0,,Hawke's Bay Region,Nil,2-way,Sealed,0.0,0.0,0.0,100.0,0.0,Null,0.0,0.0,,30.0,Hastings District,Nil,0.0,0.0,0.0,0.0,1.0,0.0,Open,1.0,0.0,0.0,Fine
374358,1931089.0,5603396.0,545762.0,0.0,0.0,0.0,East,2004/2005,HAVELOCK ROAD,WINDSOR AVENUE,Serious Crash,No,2005,South,0.0,1.0,Flat,0.0,,0.0,0.0,Dark,1468500.0,1.0,0.0,0.0,2.0,0.0,0.0,,Hawke's Bay Region,Nil,2-way,Sealed,0.0,1.0,0.0,70.0,0.0,None,0.0,0.0,,30.0,Hastings District,Nil,0.0,0.0,0.0,0.0,0.0,0.0,Urban,1.0,0.0,0.0,Fine
736443,1923982.0,5596955.0,545851.0,0.0,0.0,1.0,South,2004/2005,SH 2,STOCK ROAD,Non-Injury Crash,Yes,2005,South,0.0,0.0,Flat,0.0,,0.0,0.0,Dark,1463900.0,0.0,0.0,0.0,2.0,0.0,0.0,,Hawke's Bay Region,Nil,2-way,Sealed,0.0,0.0,0.0,100.0,0.0,None,0.0,0.0,,30.0,Hastings District,Nil,0.0,0.0,0.0,0.0,0.0,0.0,Open,0.0,0.0,0.0,Fine
206820,1932801.0,5608139.0,545721.0,0.0,0.0,2.0,Null,2016/2017,RUAHAPIA ROAD,OTENE ROAD,Minor Crash,No,2017,East,0.0,,Flat,,,,,Bright sun,1471800.0,1.0,0.0,0.0,2.0,0.0,,,Hawke's Bay Region,Nil,2-way,Sealed,0.0,0.0,,80.0,,Null,0.0,0.0,,30.0,Hastings District,Give way,,,,,0.0,0.0,Open,0.0,,,Fine
63587,1931395.0,5605024.0,548000.0,0.0,0.0,1.0,Null,2015/2016,GROVE ROAD,MAITLAND CRESCENT,Minor Crash,No,2016,South,0.0,,Flat,,,,,Bright sun,1498500.0,1.0,0.0,0.0,2.0,0.0,,,Hawke's Bay Region,Nil,2-way,Sealed,0.0,0.0,,50.0,,Null,1.0,0.0,,30.0,Hastings District,Give way,,,,,0.0,0.0,Urban,0.0,,,Fine
596866,1923504.0,5612070.0,545821.0,0.0,0.0,1.0,East,2016/2017,SH 50,HAKIWAI ROAD,Minor Crash,Yes,2017,West,0.0,,Flat,,,,,Dark,1408600.0,2.0,0.0,0.0,2.0,0.0,,,Hawke's Bay Region,Nil,2-way,Sealed,0.0,0.0,,100.0,,None,0.0,0.0,,30.0,Hastings District,Nil,,,,,0.0,0.0,Open,1.0,,,Fine
491448,1931618.2434,5608417.0118,545721.0,0.0,0.0,1.0,Null,2019/2020,ELWOOD ROAD,PAKOWHAI ROAD,Non-Injury Crash,No,2020,North,0.0,0.0,Flat,0.0,,0.0,0.0,Dark,1471600.0,0.0,0.0,0.0,2.0,0.0,0.0,,Hawke's Bay Region,Nil,2-way,Sealed,0.0,0.0,0.0,80.0,0.0,Off,0.0,0.0,,30.0,Hastings District,Give way,0.0,0.0,0.0,0.0,0.0,0.0,Open,0.0,0.0,0.0,Fine
412224,1925314.0,5607874.0,548611.0,0.0,0.0,1.0,Null,2007/2008,MARGATE AVENUE,YARMOUTH ROAD,Non-Injury Crash,No,2008,South,0.0,,Flat,,,,,Bright sun,1473803.0,0.0,0.0,0.0,2.0,0.0,,,Hawke's Bay Region,Nil,2-way,Sealed,0.0,0.0,,50.0,,Null,0.0,0.0,,30.0,Hastings District,Nil,,,,,0.0,0.0,Urban,1.0,,,Fine
241686,1924459.0,5607938.0,548611.0,0.0,0.0,0.0,Null,2014/2015,FLAXMERE AVENUE,DIAZ DRIVE,Minor Crash,No,2015,West,0.0,,Flat,,,,,Bright sun,1469710.0,2.0,0.0,0.0,2.0,0.0,,,Hawke's Bay Region,Nil,2-way,Sealed,0.0,0.0,,50.0,,Null,0.0,0.0,,30.0,Hastings District,Give way,,,,,2.0,0.0,Urban,0.0,,,Fine
444586,1929956.0,5604530.0,548200.0,0.0,0.0,2.0,Null,2000/2001,HASTINGS ST SOUTH,EASTBOURNE ST EAST,Non-Injury Crash,No,2001,North,0.0,,Flat,,,,,Overcast,1493200.0,0.0,0.0,0.0,2.0,0.0,,,Hawke's Bay Region,Nil,2-way,Sealed,0.0,0.0,,50.0,,Null,0.0,0.0,,30.0,Hastings District,Give way,,,,,0.0,0.0,Urban,0.0,,,Fine
147704,1918556.0149,5648808.12,545911.0,0.0,0.0,1.0,North,2018/2019,005-0220,OHURAKURA ROAD,Non-Injury Crash,Yes,2018,South,0.0,0.0,Hill Road,0.0,Christmas New Year,0.0,0.0,Overcast,1415900.0,0.0,0.0,0.0,3.0,0.0,0.0,,Hawke's Bay Region,Nil,2-way,Sealed,0.0,0.0,0.0,100.0,0.0,None,0.0,0.0,,30.0,Hastings District,Unknown,0.0,0.0,0.0,0.0,0.0,0.0,Open,0.0,0.0,0.0,Light rain
345238,1934230.0,5607329.0,545722.0,0.0,0.0,2.0,Null,2014/2015,SH 2,NAPIER ROAD N,Minor Crash,Yes,2015,South,0.0,,Flat,,,,,Bright sun,1406400.0,3.0,0.0,0.0,2.0,0.0,,,Hawke's Bay Region,Nil,2-way,Sealed,0.0,0.0,,80.0,,Null,0.0,0.0,,30.0,Hastings District,Give way,,,,,0.0,0.0,Open,0.0,,,Fine