OBJECTID,X,Y,areaUnitID,bicycle,bus,carStationWagon,crashDirectionDescription,crashFinancialYear,crashLocation1,crashLocation2,crashSeverity,crashSHDescription,crashYear,directionRoleDescription,fatalCount,fence,flatHill,guardRail,holiday,houseOrBuilding,kerb,light,meshblockId,minorInjuryCount,moped,motorcycle,NumberOfLanes,otherVehicleType,parkedVehicle,pedestrian,region,roadCharacter,roadLane,roadSurface,schoolBus,seriousInjuryCount,slipOrFlood,speedLimit,strayAnimal,streetLight,suv,taxi,temporarySpeedLimit,tlaId,tlaName,trafficControl,trafficIsland,trafficSign,train,tree,truck,unknownVehicleType,urban,vanOrUtility,vehicle,waterRiver,weatherA
452977,1927605.0,5607453.0,548400.0,0.0,0.0,1.0,Null,2000/2001,SH 50A,OMAHU ROAD,Non-Injury Crash,Yes,2001,East,0.0,0.0,Flat,0.0,,0.0,0.0,Bright sun,1473600.0,0.0,0.0,0.0,2.0,0.0,0.0,,Hawke's Bay Region,Nil,2-way,Sealed,0.0,0.0,0.0,50.0,0.0,Null,0.0,0.0,,30.0,Hastings District,Give way,0.0,0.0,0.0,0.0,0.0,0.0,Urban,0.0,0.0,0.0,Fine
541438,1929788.0,5604875.0,548200.0,0.0,0.0,2.0,South,2002/2003,RUSSELL ST SOUTH,HERETAUNGA ST EAST,Non-Injury Crash,No,2003,North,0.0,,Flat,,,,,Overcast,1492000.0,0.0,0.0,0.0,2.0,0.0,,,Hawke's Bay Region,Nil,2-way,Sealed,0.0,0.0,,50.0,,Null,0.0,0.0,,30.0,Hastings District,Nil,,,,,0.0,0.0,Urban,0.0,,,Fine
672208,1930670.8339,5606095.4752,547600.0,0.0,0.0,1.0,Null,2019/2020,NELSON STREET NORTH,FREDERICK STREET,Non-Injury Crash,No,2020,North,0.0,0.0,Null,0.0,,0.0,1.0,Bright sun,1483500.0,0.0,0.0,0.0,2.0,0.0,0.0,,Hawke's Bay Region,Nil,2-way,Sealed,0.0,0.0,0.0,50.0,0.0,Off,0.0,0.0,,30.0,Hastings District,Give way,0.0,0.0,0.0,0.0,0.0,0.0,Urban,0.0,0.0,0.0,Fine
689962,1930994.0,5613704.0,545831.0,0.0,0.0,0.0,South,2013/2014,SH 50,MEEANEE ON SBD,Minor Crash,Yes,2014,South,0.0,,Flat,,,,,Overcast,1404600.0,2.0,0.0,0.0,2.0,1.0,,,Hawke's Bay Region,Bridge,2-way,Sealed,0.0,0.0,,100.0,,Null,1.0,0.0,,30.0,Hastings District,Nil,,,,,0.0,0.0,Open,1.0,,,Light rain
740403,1932537.0,5603588.0,545721.0,0.0,0.0,1.0,Null,2004/2005,ST GEORGES ROAD,CROSSES ROAD,Non-Injury Crash,No,2005,North,0.0,0.0,Flat,0.0,,0.0,0.0,Twilight,1472702.0,0.0,0.0,0.0,2.0,0.0,0.0,,Hawke's Bay Region,Nil,2-way,Sealed,0.0,0.0,0.0,100.0,0.0,On,0.0,0.0,,30.0,Hastings District,Give way,0.0,0.0,0.0,0.0,0.0,0.0,Open,0.0,0.0,0.0,Fine
441327,1928904.0,5606124.0,547700.0,0.0,0.0,2.0,East,2000/2001,HERETAUNGA ST WEST,STORTFORD ST,Non-Injury Crash,No,2001,West,0.0,,Flat,,,,,Bright sun,1486700.0,0.0,0.0,0.0,2.0,0.0,,,Hawke's Bay Region,Nil,2-way,Sealed,0.0,0.0,,50.0,,Null,0.0,0.0,,30.0,Hastings District,Nil,,,,,0.0,0.0,Urban,2.0,,,Fine
179464,1934180.0,5607200.0,545722.0,0.0,0.0,1.0,Null,2002/2003,SH 2,NAPIER ROAD,Minor Crash,Yes,2003,South,0.0,,Flat,,,,,Bright sun,1406200.0,1.0,0.0,0.0,2.0,0.0,,,Hawke's Bay Region,Nil,2-way,Sealed,0.0,0.0,,100.0,,Null,0.0,0.0,,30.0,Hastings District,Give way,,,,,0.0,0.0,Open,1.0,,,Fine
221793,1922236.0,5604393.0,545842.0,0.0,0.0,1.0,Null,2000/2001,MARAEKAKAHO ROAD,RAUKAWA ROAD,Non-Injury Crash,No,2001,North,0.0,1.0,Flat,0.0,,0.0,0.0,Dark,1462902.0,0.0,0.0,0.0,2.0,0.0,0.0,,Hawke's Bay Region,Nil,2-way,Sealed,0.0,0.0,0.0,50.0,0.0,None,0.0,0.0,,30.0,Hastings District,Give way,0.0,0.0,0.0,0.0,0.0,0.0,Urban,0.0,0.0,0.0,Mist or Fog
525539,1928505.0,5606546.0,547800.0,0.0,0.0,1.0,North,2015/2016,OMAHU ROAD,HAPUKA ST,Non-Injury Crash,No,2015,South,0.0,,Flat,,,,,Bright sun,1477400.0,0.0,0.0,0.0,2.0,0.0,,,Hawke's Bay Region,Nil,2-way,Sealed,0.0,0.0,,50.0,,Null,1.0,0.0,,30.0,Hastings District,Unknown,,,,,0.0,0.0,Urban,0.0,,,Fine
394841,1909480.0,5671983.0,545911.0,0.0,0.0,1.0,South,2011/2012,SH 5,TARAWERA TAV,Non-Injury Crash,Yes,2011,North,0.0,0.0,Flat,0.0,,0.0,0.0,Dark,1281200.0,0.0,0.0,0.0,2.0,0.0,0.0,,Hawke's Bay Region,Nil,2-way,Sealed,0.0,0.0,0.0,100.0,0.0,None,0.0,0.0,,30.0,Hastings District,Nil,0.0,0.0,0.0,0.0,0.0,0.0,Open,0.0,0.0,0.0,Fine
454627,1907729.0,5676959.0,545911.0,0.0,0.0,0.0,East,2001/2002,SH 5,WAIPUNA NO3 BR,Non-Injury Crash,Yes,2001,East,0.0,,Flat,,,,,Dark,1281200.0,0.0,0.0,0.0,2.0,0.0,,,Hawke's Bay Region,Nil,2-way,Sealed,0.0,0.0,,100.0,,None,0.0,0.0,,30.0,Hastings District,Nil,,,,,0.0,0.0,Open,1.0,,,Null
175860,1929431.0,5606034.0,547700.0,0.0,0.0,1.0,Null,2004/2005,GRAYS ROAD,ST AUBYN ST WEST,Minor Crash,No,2005,East,0.0,,Flat,,,,,Bright sun,1488100.0,1.0,1.0,0.0,2.0,0.0,,,Hawke's Bay Region,Nil,2-way,Sealed,0.0,0.0,,50.0,,Null,0.0,0.0,,30.0,Hastings District,Give way,,,,,0.0,0.0,Urban,0.0,,,Fine
513454,1926999.0,5605533.0,545761.0,0.0,0.0,0.0,West,2014/2015,YORK ROAD,MARAEKAKAHO ROAD,Serious Crash,No,2015,North,0.0,1.0,Flat,0.0,,0.0,0.0,Bright sun,1469905.0,0.0,0.0,1.0,2.0,0.0,0.0,,Hawke's Bay Region,Nil,2-way,Sealed,0.0,1.0,0.0,100.0,0.0,Null,0.0,0.0,,30.0,Hastings District,Unknown,0.0,0.0,0.0,0.0,0.0,0.0,Open,1.0,0.0,0.0,Fine
48828,1916272.0,5591221.0,545851.0,0.0,0.0,1.0,South,2017/2018,SH 2,TE AUTE COL,Non-Injury Crash,Yes,2018,South,0.0,0.0,Flat,0.0,,0.0,0.0,Overcast,1464300.0,0.0,0.0,0.0,2.0,0.0,0.0,,Hawke's Bay Region,Nil,2-way,Sealed,0.0,0.0,0.0,100.0,0.0,Null,0.0,0.0,,30.0,Hastings District,Unknown,0.0,0.0,0.0,0.0,0.0,0.0,Open,0.0,0.0,0.0,Fine
83326,1929218.0,5605709.0,547700.0,0.0,0.0,2.0,West,2003/2004,HERETAUNGA ST WEST,MCLEAN ST,Non-Injury Crash,No,2004,West,0.0,0.0,Flat,0.0,Easter,0.0,0.0,Dark,1487800.0,0.0,0.0,0.0,2.0,0.0,1.0,,Hawke's Bay Region,Nil,2-way,Sealed,0.0,0.0,0.0,50.0,0.0,On,0.0,0.0,,30.0,Hastings District,Nil,0.0,0.0,0.0,0.0,0.0,0.0,Urban,0.0,0.0,0.0,Fine
390442,1925181.0,5637511.0,545811.0,0.0,0.0,2.0,West,2001/2002,SH 5,DILLONS HILL CUL,Non-Injury Crash,Yes,2002,West,0.0,,Hill Road,,,,,Overcast,1414800.0,0.0,0.0,0.0,3.0,0.0,,,Hawke's Bay Region,Nil,2-way,Sealed,0.0,0.0,,100.0,,Null,0.0,0.0,,30.0,Hastings District,Nil,,,,,0.0,0.0,Open,0.0,,,Heavy rain
270334,1928096.0,5606025.0,548500.0,0.0,0.0,2.0,West,2001/2002,LOWE ST,SUNNYBANK CRESCENT,Non-Injury Crash,No,2002,West,0.0,0.0,Flat,0.0,,0.0,0.0,Overcast,1479600.0,0.0,0.0,0.0,2.0,0.0,1.0,,Hawke's Bay Region,Nil,2-way,Sealed,0.0,0.0,0.0,50.0,0.0,Null,0.0,0.0,,30.0,Hastings District,Nil,0.0,0.0,0.0,0.0,0.0,0.0,Urban,0.0,0.0,0.0,Fine
362177,1929399.0,5604868.0,548200.0,0.0,0.0,2.0,North,2001/2002,SOUTHAMPTON ST WEST,MARKET ST SOUTH,Non-Injury Crash,No,2001,North,0.0,,Flat,,,,,Bright sun,1489801.0,0.0,0.0,0.0,2.0,0.0,,,Hawke's Bay Region,Nil,2-way,Sealed,0.0,0.0,,50.0,,Null,0.0,0.0,,30.0,Hastings District,Nil,,,,,0.0,0.0,Urban,0.0,,,Fine
557747,1925321.0,5599569.0,545852.0,0.0,0.0,2.0,Null,2009/2010,SH 2,SH 50A PAKI PAKI,Minor Crash,Yes,2009,North,0.0,,Flat,,,,,Twilight,1469600.0,2.0,0.0,0.0,2.0,0.0,,,Hawke's Bay Region,Nil,2-way,Sealed,0.0,0.0,,100.0,,On,0.0,0.0,,30.0,Hastings District,Give way,,,,,0.0,0.0,Open,0.0,,,Fine
722021,1944710.0,5660131.0,545911.0,0.0,0.0,0.0,North,2007/2008,SH 2,PUTORINO STATION ROAD,Serious Crash,Yes,2007,South,0.0,,Flat,,,,,Bright sun,1415100.0,0.0,0.0,0.0,2.0,0.0,,,Hawke's Bay Region,Nil,2-way,Sealed,0.0,1.0,,100.0,,Null,0.0,0.0,,30.0,Hastings District,Nil,,,,,1.0,0.0,Open,0.0,,,Fine
433103,1929188.0,5605350.0,547700.0,0.0,0.0,1.0,Null,2003/2004,CHARLES ST,LYNDON ROAD WEST,Non-Injury Crash,No,2004,South,0.0,0.0,Flat,0.0,,0.0,0.0,Dark,1487700.0,0.0,0.0,0.0,2.0,0.0,1.0,,Hawke's Bay Region,Nil,2-way,Sealed,0.0,0.0,0.0,50.0,0.0,On,0.0,0.0,,30.0,Hastings District,Give way,0.0,0.0,0.0,0.0,0.0,0.0,Urban,1.0,0.0,0.0,Fine
239725,1928278.0,5605872.0,548500.0,0.0,0.0,1.0,Null,2001/2002,MARAEKAKAHO ROAD,LOWE ST,Non-Injury Crash,No,2001,South,0.0,1.0,Flat,0.0,,0.0,0.0,Dark,1479700.0,0.0,0.0,0.0,2.0,0.0,0.0,,Hawke's Bay Region,Nil,2-way,Sealed,0.0,0.0,0.0,50.0,0.0,On,0.0,0.0,,30.0,Hastings District,Nil,0.0,0.0,0.0,0.0,0.0,0.0,Urban,0.0,0.0,0.0,Fine
89992,1930197.0,5605040.0,548200.0,0.0,0.0,1.0,East,2004/2005,KARAMU ROAD NORTH,ST AUBYN ST EAST,Non-Injury Crash,No,2004,West,0.0,,Flat,,,,,Overcast,1494100.0,0.0,0.0,0.0,3.0,0.0,,,Hawke's Bay Region,Nil,2-way,Sealed,0.0,0.0,,50.0,,Null,0.0,0.0,,30.0,Hastings District,Nil,,,,,0.0,0.0,Urban,1.0,,,Fine
532613,1925349.1152,5605465.4427,545842.0,0.0,0.0,1.0,North,2019/2020,STOCK ROAD,IRONGATE ROAD WEST,Non-Injury Crash,No,2019,South,0.0,0.0,Flat,0.0,,0.0,0.0,Dark,1470207.0,0.0,0.0,0.0,2.0,0.0,0.0,,Hawke's Bay Region,Nil,2-way,Sealed,0.0,0.0,0.0,100.0,0.0,On,0.0,0.0,,30.0,Hastings District,Nil,0.0,1.0,0.0,0.0,0.0,0.0,Open,0.0,0.0,0.0,Fine
439070,1929657.0,5605330.0,548200.0,0.0,0.0,2.0,Null,2003/2004,QUEEN ST WEST,NELSON ST NORTH,Non-Injury Crash,No,2003,North,0.0,,Flat,,,,,Bright sun,1490800.0,0.0,0.0,0.0,3.0,0.0,,,Hawke's Bay Region,Nil,2-way,Sealed,0.0,0.0,,50.0,,Null,0.0,0.0,,30.0,Hastings District,Give way,,,,,0.0,0.0,Urban,0.0,,,Fine
452425,1930492.0,5604618.0,548200.0,0.0,0.0,2.0,North,2016/2017,ST AUBYN ST EAST,WILLOWPARK ROAD NORTH,Non-Injury Crash,No,2016,South,0.0,,Flat,,,,,Overcast,1494800.0,0.0,0.0,0.0,2.0,0.0,,,Hawke's Bay Region,Nil,2-way,Sealed,0.0,0.0,,50.0,,Null,0.0,0.0,,30.0,Hastings District,Unknown,,,,,0.0,0.0,Urban,0.0,,,Fine
121274,1928128.0,5606913.0,547800.0,1.0,0.0,1.0,Null,2018/2019,OMAHU ROAD,NOTTINGLEY ROAD,Minor Crash,No,2018,North,0.0,,Flat,,,,,Dark,1476800.0,1.0,0.0,0.0,2.0,0.0,,,Hawke's Bay Region,Nil,2-way,Sealed,0.0,0.0,,50.0,,On,0.0,0.0,,30.0,Hastings District,Give way,,,,,0.0,0.0,Urban,0.0,,,Fine
86152,1929956.0,5604530.0,548200.0,0.0,0.0,2.0,Null,2002/2003,HASTINGS ST SOUTH,EASTBOURNE ST EAST,Non-Injury Crash,No,2003,North,0.0,,Flat,,,,,Overcast,1493200.0,0.0,0.0,0.0,2.0,0.0,,,Hawke's Bay Region,Nil,2-way,Sealed,0.0,0.0,,50.0,,Null,0.0,0.0,,30.0,Hastings District,Give way,,,,,0.0,0.0,Urban,0.0,,,Light rain
504041,1929896.0,5604813.0,548200.0,0.0,1.0,1.0,Null,2017/2018,KARAMU ROAD SOUTH,HERETAUNGA ST EAST,Non-Injury Crash,No,2017,West,0.0,,Flat,,,,,Bright sun,1492700.0,0.0,0.0,0.0,2.0,0.0,,,Hawke's Bay Region,Nil,2-way,Sealed,0.0,0.0,,50.0,,Null,0.0,0.0,,30.0,Hastings District,Traffic Signals,,,,,0.0,0.0,Urban,0.0,,,Fine
4383,1929301.0,5605599.0,547700.0,0.0,0.0,2.0,East,2001/2002,HERETAUNGA ST WEST,LOVEDALE ROAD,Non-Injury Crash,No,2001,North,0.0,0.0,Flat,0.0,,0.0,0.0,Bright sun,1487700.0,0.0,0.0,0.0,2.0,0.0,1.0,,Hawke's Bay Region,Nil,2-way,Sealed,0.0,0.0,0.0,50.0,0.0,Null,0.0,0.0,,30.0,Hastings District,Nil,0.0,0.0,0.0,0.0,0.0,0.0,Urban,0.0,0.0,0.0,Fine
9349,1927296.0,5605131.0,545761.0,0.0,0.0,3.0,Null,1999/2000,SH 50A,MARAEKAKAHO ROAD,Non-Injury Crash,Yes,2000,East,0.0,,Flat,,,,,Dark,1469905.0,0.0,0.0,0.0,2.0,0.0,,,Hawke's Bay Region,Nil,2-way,Sealed,0.0,0.0,,70.0,,On,0.0,0.0,,30.0,Hastings District,Give way,,,,,0.0,0.0,Urban,0.0,,,Fine
540305,1934211.0,5607030.0,545722.0,0.0,0.0,0.0,South,2007/2008,NAPIER ROAD,SH 2,Fatal Crash,No,2007,South,1.0,,Flat,,,,,Bright sun,1406400.0,0.0,0.0,1.0,2.0,0.0,,,Hawke's Bay Region,Nil,2-way,Sealed,0.0,1.0,,100.0,,Null,0.0,0.0,,30.0,Hastings District,Nil,,,,,0.0,0.0,Open,1.0,,,Fine
187770,1925538.0,5603203.0,545842.0,0.0,0.0,1.0,Null,2007/2008,MARAEKAKAHO ROAD,SH 50A PAKIPAKI,Non-Injury Crash,Yes,2008,East,0.0,0.0,Flat,0.0,,0.0,0.0,Overcast,1470213.0,0.0,0.0,0.0,2.0,0.0,0.0,,Hawke's Bay Region,Nil,2-way,Sealed,0.0,0.0,0.0,100.0,0.0,Null,0.0,0.0,,30.0,Hastings District,Give way,1.0,1.0,0.0,0.0,1.0,0.0,Open,0.0,0.0,0.0,Light rain
630251,1929566.0,5632972.0,545811.0,0.0,0.0,1.0,South,2012/2013,SH 5,SHAW ROAD,Minor Crash,Yes,2012,South,0.0,0.0,Flat,0.0,,0.0,0.0,Dark,1414700.0,2.0,0.0,0.0,2.0,0.0,0.0,,Hawke's Bay Region,Nil,2-way,Sealed,0.0,0.0,0.0,100.0,0.0,None,0.0,0.0,,30.0,Hastings District,Nil,0.0,0.0,0.0,0.0,0.0,0.0,Open,0.0,0.0,0.0,Light rain
632576,1929554.0,5605063.0,548200.0,0.0,0.0,2.0,North,2017/2018,EASTBOURNE ST WEST,KING ST SOUTH,Non-Injury Crash,No,2018,South,0.0,0.0,Flat,0.0,,0.0,0.0,Bright sun,1489400.0,0.0,0.0,0.0,2.0,0.0,1.0,,Hawke's Bay Region,Nil,2-way,Sealed,0.0,0.0,0.0,50.0,0.0,Null,0.0,0.0,,30.0,Hastings District,Give way,0.0,0.0,0.0,0.0,0.0,0.0,Urban,0.0,0.0,0.0,Fine
433392,1929721.0,5614720.0,545831.0,0.0,0.0,1.0,South,2014/2015,WAIOHIKI ROAD,SPRINGFIELD ROAD,Non-Injury Crash,No,2014,South,0.0,,Flat,,,,,Bright sun,1409400.0,0.0,0.0,0.0,2.0,0.0,,,Hawke's Bay Region,Nil,2-way,Sealed,0.0,0.0,,70.0,,Null,1.0,0.0,,30.0,Hastings District,Unknown,,,,,0.0,0.0,Urban,0.0,,,Fine
8187,1928318.0,5605903.0,548500.0,0.0,0.0,0.0,North,2005/2006,MARAEKAKAHO ROAD,LOWE ST,Non-Injury Crash,No,2005,North,0.0,0.0,Flat,0.0,,0.0,0.0,Bright sun,1479600.0,0.0,0.0,0.0,2.0,0.0,0.0,,Hawke's Bay Region,Nil,2-way,Sealed,0.0,0.0,0.0,50.0,0.0,Null,0.0,0.0,,30.0,Hastings District,Nil,0.0,0.0,0.0,0.0,0.0,0.0,Urban,1.0,0.0,0.0,Fine
105542,1932791.0,5608142.0,545721.0,0.0,0.0,1.0,West,2009/2010,RUAHAPIA ROAD,OTENE ROAD,Non-Injury Crash,No,2009,North,0.0,0.0,Flat,0.0,,0.0,0.0,Overcast,1471900.0,0.0,0.0,0.0,2.0,0.0,0.0,,Hawke's Bay Region,Nil,2-way,Sealed,0.0,0.0,0.0,100.0,0.0,Null,0.0,0.0,,30.0,Hastings District,Traffic Signals,0.0,1.0,0.0,0.0,0.0,0.0,Open,0.0,0.0,0.0,Light rain
430369,1931039.0,5605564.0,548000.0,0.0,0.0,1.0,Null,2003/2004,KARAMU ROAD NORTH,GROVE ROAD,Non-Injury Crash,No,2003,North,0.0,0.0,Flat,0.0,,0.0,0.0,Dark,1497100.0,0.0,0.0,0.0,2.0,0.0,0.0,,Hawke's Bay Region,Nil,2-way,Sealed,0.0,0.0,0.0,50.0,0.0,On,0.0,0.0,,30.0,Hastings District,Traffic Signals,1.0,1.0,0.0,0.0,0.0,0.0,Urban,0.0,0.0,0.0,Fine
472101,1932823.0,5601936.0,548831.0,0.0,0.0,2.0,Null,2002/2003,NAPIER ROAD,KARANEMA DRIVE,Non-Injury Crash,No,2002,East,0.0,,Flat,,,,,Overcast,1509600.0,0.0,0.0,0.0,2.0,0.0,,,Hawke's Bay Region,Nil,2-way,Sealed,0.0,0.0,,50.0,,Null,0.0,0.0,,30.0,Hastings District,Give way,,,,,0.0,0.0,Urban,0.0,,,Heavy rain
252478,1936454.0,5653955.0,545911.0,0.0,0.0,1.0,South,2009/2010,SH 2,SANDY CREEK ROAD,Minor Crash,Yes,2010,South,0.0,1.0,Flat,0.0,,0.0,0.0,Twilight,1415200.0,1.0,0.0,0.0,2.0,0.0,0.0,,Hawke's Bay Region,Nil,2-way,Sealed,0.0,0.0,0.0,100.0,0.0,None,0.0,0.0,,30.0,Hastings District,Nil,0.0,0.0,0.0,0.0,0.0,0.0,Open,0.0,0.0,0.0,Fine
732643,1932372.0,5602067.0,548831.0,0.0,0.0,2.0,Null,2008/2009,HAVELOCK ROAD,KARANEMA DRIVE,Non-Injury Crash,No,2009,South,0.0,,Flat,,,,,Overcast,1509100.0,0.0,0.0,0.0,2.0,0.0,,,Hawke's Bay Region,Nil,2-way,Sealed,0.0,0.0,,50.0,,Null,0.0,0.0,,30.0,Hastings District,Give way,,,,,0.0,0.0,Urban,0.0,,,Fine
148936,1930358.0,5606606.0,547600.0,0.0,0.0,2.0,Null,2007/2008,FREDERICK ST,RANGIORA ST,Non-Injury Crash,No,2008,East,0.0,,Flat,,,,,Bright sun,1483200.0,0.0,0.0,0.0,2.0,0.0,,,Hawke's Bay Region,Nil,2-way,Sealed,0.0,0.0,,50.0,,Null,0.0,0.0,,30.0,Hastings District,Give way,,,,,0.0,0.0,Urban,0.0,,,Fine
239015,1929410.0,5605456.0,548200.0,0.0,0.0,1.0,South,2016/2017,HERETAUNGA ST WEST,CHARLES ST,Serious Crash,No,2016,North,0.0,,Flat,,,,,Bright sun,1490100.0,0.0,0.0,0.0,2.0,0.0,,1.0,Hawke's Bay Region,Nil,2-way,Sealed,0.0,1.0,,50.0,,Null,0.0,0.0,,30.0,Hastings District,Unknown,,,,,0.0,0.0,Urban,0.0,,,Fine
186224,1937045.0,5613507.0,545832.0,1.0,0.0,0.0,South,2006/2007,SH 2,WAITANGI BR,Non-Injury Crash,Yes,2007,North,0.0,0.0,Flat,0.0,,0.0,0.0,Bright sun,1404000.0,0.0,0.0,0.0,2.0,0.0,0.0,,Hawke's Bay Region,Nil,2-way,Sealed,0.0,0.0,0.0,100.0,0.0,Null,1.0,0.0,,30.0,Hastings District,Nil,0.0,0.0,0.0,0.0,0.0,0.0,Open,0.0,1.0,0.0,Fine
245494,1926236.0,5636096.0,545811.0,0.0,0.0,0.0,West,2004/2005,SH 5,SH 2,Minor Crash,Yes,2005,West,0.0,0.0,Hill Road,0.0,,0.0,0.0,Bright sun,1414700.0,1.0,0.0,0.0,2.0,0.0,0.0,,Hawke's Bay Region,Nil,2-way,Sealed,0.0,0.0,0.0,100.0,0.0,Null,0.0,0.0,,30.0,Hastings District,Nil,0.0,0.0,0.0,0.0,0.0,0.0,Open,1.0,0.0,0.0,Fine
444195,1937762.0,5608504.0,545740.0,0.0,0.0,1.0,South,2009/2010,MILL ROAD,LAWN ROAD,Non-Injury Crash,No,2010,East,0.0,1.0,Null,0.0,,0.0,0.0,Dark,1406900.0,0.0,0.0,0.0,,0.0,0.0,,Hawke's Bay Region,Nil,2-way,Sealed,0.0,0.0,0.0,100.0,0.0,None,0.0,0.0,,30.0,Hastings District,Nil,0.0,0.0,0.0,0.0,0.0,0.0,Open,0.0,0.0,0.0,Light rain
135420,1923582.0,5596664.0,545851.0,0.0,0.0,1.0,Null,2003/2004,SH 2,KENNELS CNR,Non-Injury Crash,Yes,2004,North,0.0,1.0,Hill Road,0.0,,0.0,0.0,Dark,1463900.0,0.0,0.0,0.0,2.0,0.0,0.0,,Hawke's Bay Region,Nil,2-way,Sealed,0.0,0.0,0.0,100.0,0.0,None,0.0,0.0,,30.0,Hastings District,Nil,0.0,0.0,0.0,0.0,0.0,0.0,Open,0.0,0.0,0.0,Light rain
543835,1929634.0,5605762.0,548200.0,1.0,0.0,1.0,Null,2010/2011,ST AUBYN ST WEST,TOMOANA ROAD,Non-Injury Crash,No,2011,West,0.0,,Flat,,,,,Dark,1490300.0,0.0,0.0,0.0,2.0,0.0,,,Hawke's Bay Region,Nil,2-way,Sealed,0.0,0.0,,50.0,,On,0.0,0.0,,30.0,Hastings District,Traffic Signals,,,,,0.0,0.0,Urban,0.0,,,Fine
559874,1930772.0,5605044.0,548200.0,0.0,0.0,2.0,North,2017/2018,ALEXANDRA ST,MILLER ST,Non-Injury Crash,No,2017,South,0.0,0.0,Flat,0.0,,0.0,0.0,Dark,1495200.0,0.0,0.0,0.0,2.0,0.0,1.0,,Hawke's Bay Region,Nil,2-way,Sealed,0.0,0.0,0.0,50.0,0.0,On,0.0,1.0,,30.0,Hastings District,Unknown,0.0,0.0,0.0,0.0,0.0,0.0,Urban,0.0,0.0,0.0,Light rain
654955,1929539.0,5604214.0,548300.0,0.0,0.0,0.0,North,2003/2004,HASTINGS ST SOUTH,PATTISON ROAD,Minor Crash,No,2003,West,0.0,,Flat,,,,,Bright sun,1503400.0,1.0,0.0,0.0,2.0,0.0,,1.0,Hawke's Bay Region,Nil,2-way,Sealed,0.0,0.0,,50.0,,Null,0.0,0.0,,30.0,Hastings District,Nil,,,,,0.0,0.0,Urban,1.0,,,Fine
642971,1929344.0,5605544.0,547700.0,0.0,0.0,1.0,Null,2012/2013,HERETAUNGA ST WEST,TOMOANA ROAD,Non-Injury Crash,No,2012,North,0.0,,Flat,,,,,Overcast,1487900.0,0.0,0.0,0.0,2.0,0.0,,,Hawke's Bay Region,Nil,2-way,Sealed,0.0,0.0,,50.0,,Null,0.0,0.0,,30.0,Hastings District,Give way,,,,,0.0,0.0,Urban,1.0,,,Fine
126609,1936894.0,5601514.0,545750.0,0.0,0.0,1.0,East,2010/2011,RIVER ROAD,TE MATA MANGATERETERE ROA,Non-Injury Crash,No,2011,East,0.0,0.0,Flat,0.0,,0.0,0.0,Dark,1466600.0,0.0,0.0,0.0,0.0,0.0,0.0,,Hawke's Bay Region,Nil,2-way,Sealed,0.0,0.0,0.0,100.0,0.0,None,0.0,0.0,,30.0,Hastings District,Nil,0.0,0.0,0.0,1.0,0.0,0.0,Open,0.0,0.0,0.0,Fine
659676,1930835.0,5603667.0,548100.0,0.0,0.0,2.0,Null,2015/2016,WINDSOR AVENUE,HERETAUNGA ST EAST,Non-Injury Crash,No,2016,West,0.0,,Flat,,,,,Dark,1500300.0,0.0,0.0,0.0,2.0,0.0,,,Hawke's Bay Region,Nil,2-way,Sealed,0.0,0.0,,50.0,,On,0.0,0.0,,30.0,Hastings District,Stop,,,,,0.0,0.0,Urban,0.0,,,Fine
283929,1932274.0,5609028.0,545721.0,0.0,0.0,1.0,Null,2007/2008,PAKOWHAI ROAD,RUAHAPIA ROAD,Minor Crash,No,2008,South,0.0,,Flat,,,,,Bright sun,1471600.0,2.0,0.0,0.0,3.0,0.0,,,Hawke's Bay Region,Nil,2-way,Sealed,0.0,0.0,,100.0,,Null,0.0,0.0,,30.0,Hastings District,Give way,,,,,0.0,0.0,Open,1.0,,,Fine
28300,1931419.0,5605840.0,548000.0,0.0,0.0,2.0,Null,2005/2006,Z FCT MCGINTY MOTEL,KARAMU/WARWICK,Non-Injury Crash,No,2006,West,0.0,,Flat,,,,,Twilight,1496700.0,0.0,0.0,0.0,1.0,0.0,,,Hawke's Bay Region,Nil,Off road,Sealed,0.0,0.0,,50.0,,On,0.0,0.0,,30.0,Hastings District,Nil,,,,,0.0,0.0,Urban,0.0,,,Fine
621478,1930774.0,5607785.0,545710.0,0.0,0.0,1.0,North,2000/2001,PAKOWHAI ROAD,EVENDEN ROAD,Minor Crash,No,2000,North,0.0,,Flat,,,,,Dark,1471100.0,1.0,0.0,0.0,2.0,0.0,,,Hawke's Bay Region,Nil,2-way,Sealed,0.0,0.0,,100.0,,None,0.0,0.0,,30.0,Hastings District,Nil,,,,,0.0,0.0,Open,0.0,,,Fine
107636,1914217.0,5656758.0,545912.0,0.0,0.0,1.0,South,2016/2017,SH 5,MOHAKA BR,Non-Injury Crash,Yes,2016,South,0.0,0.0,Hill Road,0.0,,0.0,0.0,Dark,1414504.0,0.0,0.0,0.0,3.0,0.0,0.0,,Hawke's Bay Region,Nil,2-way,Sealed,0.0,0.0,0.0,100.0,0.0,None,0.0,0.0,,30.0,Hastings District,Unknown,0.0,0.0,0.0,0.0,0.0,0.0,Open,0.0,0.0,0.0,Light rain