OBJECTID,X,Y,areaUnitID,bicycle,bus,carStationWagon,crashDirectionDescription,crashFinancialYear,crashLocation1,crashLocation2,crashSeverity,crashSHDescription,crashYear,directionRoleDescription,fatalCount,fence,flatHill,guardRail,holiday,houseOrBuilding,kerb,light,meshblockId,minorInjuryCount,moped,motorcycle,NumberOfLanes,otherVehicleType,parkedVehicle,pedestrian,region,roadCharacter,roadLane,roadSurface,schoolBus,seriousInjuryCount,slipOrFlood,speedLimit,strayAnimal,streetLight,suv,taxi,temporarySpeedLimit,tlaId,tlaName,trafficControl,trafficIsland,trafficSign,train,tree,truck,unknownVehicleType,urban,vanOrUtility,vehicle,waterRiver,weatherA
194895,1931613.0,5608421.0,545710.0,0.0,0.0,2.0,Null,2014/2015,PAKOWHAI ROAD,ELWOOD ROAD,Non-Injury Crash,No,2015,North,0.0,,Flat,,,,,Bright sun,1471100.0,0.0,0.0,0.0,2.0,0.0,,,Hawke's Bay Region,Nil,2-way,Sealed,0.0,0.0,,80.0,,Null,0.0,0.0,,30.0,Hastings District,Give way,,,,,0.0,0.0,Open,0.0,,,Fine
489735,1934033.0,5600373.0,548832.0,0.0,0.0,1.0,South,2018/2019,TAUROA ROAD,TOKOMARU DRIVE,Minor Crash,No,2019,North,0.0,0.0,Hill Road,0.0,,0.0,0.0,Overcast,1508003.0,1.0,0.0,0.0,2.0,0.0,0.0,,Hawke's Bay Region,Nil,2-way,Sealed,0.0,0.0,0.0,50.0,0.0,Null,0.0,0.0,,30.0,Hastings District,Unknown,0.0,0.0,0.0,1.0,0.0,0.0,Urban,0.0,0.0,0.0,Fine
684835,1924568.0,5607266.0,548612.0,0.0,0.0,2.0,Null,2016/2017,CHATHAM ROAD,SCOTT DRIVE,Non-Injury Crash,No,2016,West,0.0,,Flat,,,,,Bright sun,1474116.0,0.0,0.0,0.0,2.0,0.0,,,Hawke's Bay Region,Nil,2-way,Sealed,0.0,0.0,,50.0,,Null,0.0,0.0,,30.0,Hastings District,Give way,,,,,0.0,0.0,Urban,0.0,,,Fine
508309,1935272.0,5633769.0,545812.0,0.0,0.0,1.0,Null,2015/2016,WHIRINAKI ROAD,WHIRINAKI ROAD SOUTH,Fatal Crash,No,2016,North,1.0,0.0,Flat,0.0,,0.0,0.0,Dark,1414904.0,0.0,0.0,0.0,2.0,0.0,0.0,,Hawke's Bay Region,Nil,2-way,Sealed,0.0,0.0,0.0,50.0,0.0,On,0.0,0.0,,30.0,Hastings District,Unknown,0.0,0.0,0.0,0.0,0.0,0.0,Urban,0.0,0.0,0.0,Fine
495235,1929573.0,5632958.0,545811.0,0.0,0.0,2.0,South,2008/2009,SH 5,SHAW ROAD,Minor Crash,Yes,2008,North,0.0,,Flat,,,,,Bright sun,1414700.0,1.0,0.0,0.0,2.0,0.0,,,Hawke's Bay Region,Nil,2-way,Sealed,0.0,0.0,,100.0,,Null,0.0,0.0,,30.0,Hastings District,Nil,,,,,0.0,0.0,Open,1.0,,,Fine
527673,1936772.0,5612665.0,545832.0,0.0,0.0,1.0,North,2002/2003,SH 2,FARNDON ROAD,Non-Injury Crash,Yes,2002,North,0.0,,Hill Road,,,,,Bright sun,1404200.0,0.0,0.0,0.0,2.0,0.0,,,Hawke's Bay Region,Nil,2-way,Sealed,0.0,0.0,,100.0,,Null,0.0,0.0,,30.0,Hastings District,Nil,,,,,0.0,0.0,Open,1.0,,,Fine
685234,1929584.0,5600691.0,545762.0,0.0,0.0,1.0,Null,2014/2015,TE AUTE ROAD,ST GEORGES ROAD,Non-Injury Crash,No,2014,East,0.0,1.0,Flat,0.0,,0.0,0.0,Overcast,1465300.0,0.0,0.0,0.0,2.0,0.0,0.0,,Hawke's Bay Region,Nil,2-way,Sealed,0.0,0.0,0.0,100.0,0.0,Off,0.0,0.0,,30.0,Hastings District,Give way,0.0,0.0,0.0,0.0,0.0,0.0,Open,0.0,0.0,0.0,Fine
489638,1928505.0988,5604652.4557,547900.0,0.0,0.0,1.0,Null,2018/2019,OLIPHANT ROAD,SOUTHLAND ROAD,Non-Injury Crash,No,2018,South,0.0,0.0,Flat,0.0,Labour Weekend,0.0,0.0,Dark,1481000.0,0.0,0.0,0.0,2.0,0.0,0.0,,Hawke's Bay Region,Nil,2-way,Sealed,0.0,0.0,0.0,50.0,0.0,On,0.0,0.0,,30.0,Hastings District,Give way,0.0,0.0,0.0,1.0,0.0,0.0,Urban,0.0,0.0,0.0,Light rain
71791,1927798.0,5606356.0,548500.0,0.0,0.0,2.0,West,2009/2010,HUIA ST,LOWE ST,Non-Injury Crash,No,2010,West,0.0,0.0,Flat,0.0,,0.0,0.0,Dark,1479300.0,0.0,0.0,0.0,2.0,0.0,1.0,,Hawke's Bay Region,Nil,2-way,Sealed,0.0,0.0,0.0,50.0,0.0,On,0.0,0.0,,30.0,Hastings District,Nil,0.0,0.0,0.0,0.0,0.0,0.0,Urban,0.0,0.0,0.0,Fine
313893,1908200.0,5675747.0,545911.0,0.0,0.0,2.0,North,2004/2005,SH 5,TARAWERA TAV,Minor Crash,Yes,2005,South,0.0,,Hill Road,,,,,Overcast,1281200.0,2.0,0.0,0.0,2.0,0.0,,,Hawke's Bay Region,Nil,2-way,Sealed,0.0,0.0,,100.0,,Null,0.0,0.0,,30.0,Hastings District,Nil,,,,,0.0,0.0,Open,0.0,,,Heavy rain
458532,1928676.0,5606380.0,548500.0,0.0,0.0,1.0,South,2002/2003,OMAHU ROAD,MCLEOD ST,Non-Injury Crash,No,2002,North,0.0,0.0,Flat,0.0,Labour Weekend,0.0,0.0,Bright sun,1478800.0,0.0,0.0,0.0,2.0,0.0,0.0,,Hawke's Bay Region,Nil,2-way,Sealed,0.0,0.0,0.0,50.0,0.0,Null,0.0,0.0,,30.0,Hastings District,Nil,0.0,1.0,0.0,0.0,0.0,0.0,Urban,0.0,0.0,0.0,Fine
143375,1910971.0,5663845.0,545911.0,0.0,0.0,0.0,East,2016/2017,SH 5,TE HAROTO ROAD,Non-Injury Crash,Yes,2017,West,0.0,,Flat,,,,,Overcast,1414400.0,0.0,0.0,0.0,2.0,0.0,,,Hawke's Bay Region,Nil,2-way,Sealed,0.0,0.0,,100.0,,None,0.0,0.0,,30.0,Hastings District,Unknown,,,,,0.0,0.0,Open,1.0,,,Heavy rain
362275,1930341.0,5604822.0,548200.0,0.0,0.0,2.0,Null,2016/2017,HASTINGS ST NORTH,ST AUBYN ST EAST,Non-Injury Crash,No,2017,North,0.0,,Flat,,,,,Bright sun,1494400.0,0.0,0.0,0.0,2.0,0.0,,,Hawke's Bay Region,Nil,2-way,Sealed,0.0,0.0,,50.0,,Null,0.0,0.0,,30.0,Hastings District,Stop,,,,,0.0,0.0,Urban,0.0,,,Fine
228817,1932000.0,5606470.0,545721.0,0.0,0.0,1.0,North,2012/2013,ELWOOD ROAD,SH 2,Non-Injury Crash,No,2012,North,0.0,0.0,Flat,0.0,,0.0,0.0,Twilight,1471700.0,0.0,0.0,0.0,2.0,0.0,0.0,,Hawke's Bay Region,Nil,2-way,Sealed,0.0,0.0,0.0,100.0,0.0,None,0.0,0.0,,30.0,Hastings District,Nil,0.0,0.0,0.0,0.0,0.0,0.0,Open,0.0,0.0,0.0,Fine
86160,1925467.0,5607226.0,548620.0,0.0,0.0,2.0,North,2007/2008,HENDERSON ROAD,FLAXMERE AVENUE,Minor Crash,No,2007,South,0.0,,Flat,,,,,Bright sun,1475900.0,1.0,0.0,0.0,2.0,0.0,,,Hawke's Bay Region,Nil,2-way,Sealed,0.0,0.0,,50.0,,Null,0.0,0.0,,30.0,Hastings District,Nil,,,,,0.0,0.0,Urban,0.0,,,Fine
559349,1932834.0,5601937.0,548831.0,0.0,0.0,2.0,Null,2012/2013,KARANEMA DRIVE,KARANEMA ROAD,Non-Injury Crash,No,2013,East,0.0,,Flat,,,,,Overcast,1509100.0,0.0,0.0,0.0,2.0,0.0,,,Hawke's Bay Region,Nil,2-way,Sealed,0.0,0.0,,50.0,,Null,0.0,0.0,,30.0,Hastings District,Give way,,,,,0.0,0.0,Urban,0.0,,,Fine
483332,1929878.0322,5605945.3825,548200.0,0.0,0.0,1.0,Null,2019/2020,FITZROY AVENUE,TOMOANA ROAD,Minor Crash,No,2019,North,0.0,,Flat,,,,,Overcast,1490500.0,1.0,0.0,0.0,2.0,0.0,,,Hawke's Bay Region,Nil,2-way,Sealed,0.0,0.0,,50.0,,Off,0.0,0.0,,30.0,Hastings District,Stop,,,,,0.0,0.0,Urban,1.0,,,Fine
16328,1924971.0,5606305.0,548620.0,0.0,0.0,1.0,South,2010/2011,SUNDERLAND DRIVE,BIRKENHEAD CRESCENT,Non-Injury Crash,No,2011,South,0.0,0.0,Flat,0.0,,0.0,0.0,Overcast,1475100.0,0.0,0.0,0.0,2.0,0.0,1.0,,Hawke's Bay Region,Nil,2-way,Sealed,0.0,0.0,0.0,50.0,0.0,Null,1.0,0.0,,30.0,Hastings District,Nil,0.0,0.0,0.0,0.0,0.0,0.0,Urban,0.0,0.0,0.0,Fine
96269,1920611.0,5594637.0,545851.0,0.0,0.0,1.0,South,2004/2005,SH 2,TE MAHANGA ROAD,Minor Crash,Yes,2004,South,0.0,0.0,Flat,0.0,,0.0,0.0,Overcast,1463900.0,2.0,0.0,0.0,2.0,0.0,0.0,,Hawke's Bay Region,Nil,2-way,Sealed,0.0,0.0,0.0,100.0,0.0,Null,0.0,0.0,,30.0,Hastings District,Nil,0.0,0.0,0.0,0.0,0.0,0.0,Open,0.0,0.0,0.0,Fine
353624,1930943.0,5604611.0,548100.0,0.0,0.0,1.0,Null,2010/2011,ALBERT ST,RIVERSLEA ROAD NORTH,Non-Injury Crash,No,2011,West,0.0,,Flat,,,,,Bright sun,1499400.0,0.0,0.0,0.0,2.0,0.0,,,Hawke's Bay Region,Nil,2-way,Sealed,0.0,0.0,,50.0,,Null,0.0,0.0,,30.0,Hastings District,Give way,,,,,0.0,0.0,Urban,1.0,,,Fine
638413,1901401.1055,5648903.7943,545912.0,0.0,0.0,1.0,North,2019/2020,PAKAUTUTU ROAD,WHITTLE ROAD,Non-Injury Crash,No,2020,North,0.0,0.0,Hill Road,0.0,,0.0,0.0,Overcast,1411700.0,0.0,0.0,0.0,2.0,0.0,0.0,,Hawke's Bay Region,Nil,2-way,Unsealed,0.0,0.0,0.0,100.0,0.0,None,0.0,0.0,,30.0,Hastings District,Nil,0.0,0.0,0.0,0.0,0.0,0.0,Open,0.0,0.0,0.0,Fine
253194,1930567.0,5606279.0,547600.0,0.0,0.0,2.0,East,2005/2006,FREDERICK ST,TOMOANA ROAD,Non-Injury Crash,No,2005,East,0.0,,Flat,,,,,Overcast,1483800.0,0.0,0.0,0.0,2.0,0.0,,,Hawke's Bay Region,Nil,2-way,Sealed,0.0,0.0,,50.0,,Null,0.0,0.0,,30.0,Hastings District,Nil,,,,,0.0,0.0,Urban,0.0,,,Light rain
493893,1927607.0,5607382.0,548500.0,0.0,0.0,1.0,Null,2017/2018,OMAHU ROAD,SH 50A,Non-Injury Crash,Yes,2018,South,0.0,1.0,Flat,0.0,,0.0,0.0,Overcast,1477900.0,0.0,0.0,0.0,2.0,0.0,0.0,,Hawke's Bay Region,Nil,2-way,Sealed,0.0,0.0,0.0,50.0,0.0,Null,0.0,0.0,,30.0,Hastings District,Give way,0.0,0.0,0.0,0.0,0.0,0.0,Urban,0.0,0.0,0.0,Light rain
476945,1938803.0,5606232.0,545740.0,0.0,0.0,1.0,West,2017/2018,RAYMOND ROAD,PARKHILL ROAD,Minor Crash,No,2018,East,0.0,0.0,Flat,0.0,,0.0,0.0,Dark,1407600.0,1.0,0.0,0.0,2.0,0.0,0.0,,Hawke's Bay Region,Nil,2-way,Sealed,0.0,0.0,0.0,80.0,0.0,On,0.0,0.0,,30.0,Hastings District,Unknown,0.0,0.0,0.0,0.0,0.0,0.0,Open,0.0,0.0,0.0,Fine
719968,1933416.0,5612180.0,545832.0,0.0,0.0,1.0,Null,1999/2000,BROOKFIELDS ROAD,SISSONS ROAD,Non-Injury Crash,No,2000,East,0.0,0.0,Flat,0.0,,0.0,0.0,Overcast,1404000.0,0.0,0.0,0.0,2.0,0.0,0.0,,Hawke's Bay Region,Nil,2-way,Sealed,0.0,0.0,0.0,100.0,0.0,Null,0.0,0.0,,30.0,Hastings District,Give way,0.0,0.0,0.0,0.0,0.0,0.0,Open,0.0,0.0,0.0,Heavy rain
129310,1930355.0,5604192.0,548300.0,0.0,0.0,2.0,East,2001/2002,HERETAUNGA ST EAST,MADDISON ST,Non-Injury Crash,No,2001,North,0.0,,Flat,,,,,Bright sun,1501600.0,0.0,0.0,0.0,2.0,0.0,,,Hawke's Bay Region,Nil,2-way,Sealed,0.0,0.0,,50.0,,Null,0.0,0.0,,30.0,Hastings District,Nil,,,,,0.0,0.0,Urban,1.0,,,Fine
347860,1930995.4628,5613594.9548,545831.0,0.0,0.0,2.0,Null,2019/2020,PAKOWHAI ROAD,HAWKES BAY EXPRESSWAY,Minor Crash,No,2020,West,0.0,,Flat,,,,,Bright sun,1404600.0,1.0,0.0,0.0,2.0,0.0,,,Hawke's Bay Region,Nil,2-way,Sealed,0.0,0.0,,100.0,,Off,0.0,0.0,,30.0,Hastings District,Give way,,,,,0.0,0.0,Open,0.0,,,Fine
678377,1935482.2995,5609591.5682,545730.0,0.0,0.0,2.0,North,2018/2019,SH 2,RICHMOND ROAD,Minor Crash,Yes,2019,South,0.0,,Flat,,,,,Overcast,1405600.0,2.0,0.0,0.0,2.0,0.0,,,Hawke's Bay Region,Nil,2-way,Sealed,0.0,0.0,,80.0,,Off,0.0,0.0,,30.0,Hastings District,Nil,,,,,0.0,0.0,Open,0.0,,,Fine
246376,1931293.0,5608181.0,545710.0,0.0,0.0,1.0,South,2007/2008,PAKOWHAI ROAD,ELWOOD ROAD,Non-Injury Crash,No,2008,South,0.0,0.0,Flat,0.0,,0.0,0.0,Overcast,1471100.0,0.0,0.0,0.0,2.0,0.0,0.0,,Hawke's Bay Region,Nil,2-way,Sealed,0.0,0.0,0.0,100.0,0.0,Null,0.0,0.0,,30.0,Hastings District,Nil,0.0,0.0,0.0,0.0,0.0,0.0,Open,0.0,0.0,0.0,Fine
43152,1929495.3863,5608810.2628,545710.0,0.0,0.0,1.0,Null,2018/2019,HAWKES BAY EXPRESSWAY,EVENDEN ROAD,Non-Injury Crash,Yes,2019,South,0.0,,Flat,,,,,Dark,1471100.0,0.0,0.0,0.0,2.0,0.0,,,Hawke's Bay Region,Nil,2-way,Sealed,0.0,0.0,,100.0,,On,0.0,0.0,,30.0,Hastings District,Give way,,,,,1.0,0.0,Open,0.0,,,Fine
371428,1925321.0,5599568.0,545852.0,0.0,0.0,2.0,Null,2002/2003,SH 2,SH 50A,Serious Crash,Yes,2003,North,0.0,0.0,Flat,0.0,,0.0,0.0,Bright sun,1469600.0,3.0,0.0,0.0,4.0,0.0,0.0,,Hawke's Bay Region,Nil,2-way,Sealed,0.0,1.0,0.0,100.0,0.0,Null,0.0,0.0,,30.0,Hastings District,Give way,0.0,0.0,0.0,1.0,0.0,0.0,Open,0.0,0.0,0.0,Fine
433772,1931482.0,5606275.0,545721.0,0.0,0.0,1.0,South,2010/2011,KENILWORTH ROAD,CAROLINE ROAD,Non-Injury Crash,No,2011,South,0.0,0.0,Flat,0.0,,0.0,0.0,Overcast,1471700.0,0.0,0.0,0.0,2.0,0.0,0.0,,Hawke's Bay Region,Nil,2-way,Sealed,0.0,0.0,0.0,50.0,0.0,Null,0.0,0.0,,30.0,Hastings District,Nil,0.0,0.0,0.0,0.0,0.0,0.0,Urban,0.0,0.0,0.0,Heavy rain
376036,1931447.0,5614936.0,545831.0,0.0,0.0,2.0,North,2003/2004,SH 50,PAKOWHAI ON NBD,Non-Injury Crash,Yes,2004,South,0.0,,Flat,,,,,Bright sun,1404600.0,0.0,0.0,0.0,2.0,0.0,,,Hawke's Bay Region,Bridge,2-way,Sealed,0.0,0.0,,100.0,,Null,0.0,0.0,,30.0,Hastings District,Nil,,,,,0.0,0.0,Open,1.0,,,Fine
239991,1928149.0,5606892.0,547800.0,0.0,0.0,2.0,South,2007/2008,OMAHU ROAD,NOTTINGLEY ROAD,Non-Injury Crash,No,2008,North,0.0,,Flat,,,,,Dark,1476800.0,0.0,0.0,0.0,2.0,0.0,,,Hawke's Bay Region,Nil,2-way,Sealed,0.0,0.0,,50.0,,On,0.0,0.0,,30.0,Hastings District,Nil,,,,,0.0,0.0,Urban,0.0,,,Fine
131595,1935597.0,5664778.0,545911.0,0.0,0.0,1.0,North,2016/2017,HEAYS ACCESS ROAD,MATAHORUA ROAD,Non-Injury Crash,No,2016,North,0.0,,Hill Road,,,,,Bright sun,1416100.0,0.0,0.0,0.0,0.0,0.0,,,Hawke's Bay Region,Nil,2-way,Unsealed,0.0,0.0,,100.0,,None,0.0,0.0,,30.0,Hastings District,Unknown,,,,,0.0,0.0,Open,0.0,,,Fine
276585,1928105.0,5600897.0,545852.0,0.0,0.0,1.0,East,2005/2006,TE AUTE ROAD,CRYSTALL ROAD,Non-Injury Crash,No,2006,East,0.0,0.0,Flat,0.0,,0.0,0.0,Dark,1465700.0,0.0,0.0,0.0,2.0,0.0,0.0,,Hawke's Bay Region,Nil,2-way,Sealed,0.0,0.0,0.0,100.0,0.0,None,0.0,0.0,,30.0,Hastings District,Nil,0.0,0.0,0.0,0.0,0.0,0.0,Open,0.0,0.0,0.0,Fine
46201,1930185.0,5605031.0,548200.0,0.0,0.0,1.0,Null,2017/2018,ST AUBYN ST EAST,KARAMU ROAD NORTH,Non-Injury Crash,No,2017,South,0.0,,Flat,,,,,Dark,1494100.0,0.0,0.0,0.0,2.0,0.0,,,Hawke's Bay Region,Nil,2-way,Sealed,0.0,0.0,,50.0,,On,1.0,0.0,,30.0,Hastings District,Traffic Signals,,,,,0.0,0.0,Urban,0.0,,,Light rain
4823,1929956.0,5604530.0,548200.0,0.0,0.0,2.0,Null,2004/2005,HASTINGS ST SOUTH,EASTBOURNE ST EAST,Non-Injury Crash,No,2005,East,0.0,,Flat,,,,,Bright sun,1493200.0,0.0,0.0,0.0,2.0,0.0,,,Hawke's Bay Region,Nil,2-way,Sealed,0.0,0.0,,50.0,,Null,0.0,0.0,,30.0,Hastings District,Give way,,,,,0.0,0.0,Urban,0.0,,,Fine
353846,1927303.0,5607651.0,548400.0,0.0,0.0,2.0,Null,2003/2004,OMAHU ROAD,WILSON ROAD,Non-Injury Crash,No,2004,West,0.0,,Flat,,,,,Bright sun,1473600.0,0.0,0.0,0.0,2.0,0.0,,,Hawke's Bay Region,Nil,2-way,Sealed,0.0,0.0,,50.0,,Null,0.0,0.0,,30.0,Hastings District,Give way,,,,,0.0,0.0,Urban,0.0,,,Fine
377823,1930295.0,5604273.0,548300.0,0.0,0.0,1.0,Null,2008/2009,HERETAUNGA ST EAST,MADDISON ST,Non-Injury Crash,No,2009,East,0.0,,Flat,,,,,Bright sun,1501500.0,0.0,0.0,0.0,2.0,0.0,,,Hawke's Bay Region,Nil,2-way,Sealed,0.0,0.0,,50.0,,Null,0.0,0.0,,30.0,Hastings District,Give way,,,,,0.0,0.0,Urban,1.0,,,Fine
608892,1914286.9664,5614649.9073,545821.0,0.0,0.0,1.0,South,2019/2020,MATAPIRO ROAD,CROWNTHORPE SETTLEMENT ROAD,Non-Injury Crash,No,2019,East,0.0,,Flat,,,,,Bright sun,1408900.0,0.0,0.0,0.0,2.0,0.0,,,Hawke's Bay Region,Nil,2-way,Sealed,0.0,0.0,,100.0,,None,0.0,0.0,,30.0,Hastings District,Nil,,,,,0.0,0.0,Open,0.0,,,Fine
590717,1913240.2458,5587126.4804,545851.0,0.0,0.0,1.0,South,2019/2020,SH 2,WAIKAREAO ROAD,Non-Injury Crash,Yes,2020,North,0.0,,Flat,,Queens Birthday,,,Dark,1464600.0,0.0,0.0,0.0,2.0,0.0,,,Hawke's Bay Region,Nil,2-way,Sealed,0.0,0.0,,100.0,,None,0.0,0.0,,30.0,Hastings District,Nil,,,,,0.0,0.0,Open,0.0,,,Fine
381730,1934120.0,5605584.0,545750.0,0.0,0.0,1.0,North,2015/2016,NAPIER ROAD,FLANDERS ROAD,Non-Injury Crash,No,2016,South,0.0,0.0,Flat,0.0,,0.0,0.0,Dark,1406702.0,0.0,0.0,0.0,2.0,0.0,0.0,,Hawke's Bay Region,Nil,2-way,Sealed,0.0,0.0,0.0,80.0,0.0,None,0.0,0.0,,30.0,Hastings District,Unknown,0.0,0.0,0.0,0.0,0.0,0.0,Open,0.0,0.0,0.0,Fine
522805,1907917.8876,5675618.5892,545911.0,0.0,0.0,1.0,South,2018/2019,005-0190,POHOKURA ROAD,Non-Injury Crash,Yes,2019,North,0.0,,Flat,,,,,Bright sun,1281200.0,0.0,0.0,0.0,2.0,0.0,,,Hawke's Bay Region,Nil,2-way,Sealed,0.0,0.0,,100.0,,Off,0.0,0.0,,30.0,Hastings District,Unknown,,,,,0.0,0.0,Open,0.0,,,Fine
593647,1930935.0,5605092.0,548000.0,0.0,0.0,0.0,Null,2003/2004,JERVOIS ST,MILLER ST,Non-Injury Crash,No,2003,East,0.0,0.0,Flat,0.0,,0.0,0.0,Dark,1497600.0,0.0,0.0,0.0,2.0,0.0,0.0,,Hawke's Bay Region,Nil,2-way,Sealed,0.0,0.0,0.0,50.0,0.0,On,0.0,0.0,,30.0,Hastings District,Nil,0.0,0.0,0.0,1.0,0.0,0.0,Urban,1.0,0.0,0.0,Fine
287068,1918302.0,5614959.0,545821.0,0.0,0.0,0.0,Null,2010/2011,TAIHAPE ROAD,KAWERA ROAD,Non-Injury Crash,No,2011,East,0.0,0.0,Flat,0.0,,0.0,0.0,Overcast,1408401.0,0.0,0.0,0.0,2.0,0.0,0.0,,Hawke's Bay Region,Nil,2-way,Sealed,0.0,0.0,0.0,100.0,0.0,Null,1.0,0.0,,30.0,Hastings District,Nil,0.0,0.0,0.0,0.0,0.0,0.0,Open,0.0,0.0,0.0,Light rain
519943,1929592.2327,5600688.1705,545762.0,0.0,0.0,1.0,Null,2020/2021,TE AUTE ROAD,ST GEORGES ROAD,Non-Injury Crash,No,2020,West,0.0,1.0,Flat,0.0,,0.0,0.0,Twilight,1465300.0,0.0,0.0,0.0,2.0,0.0,0.0,,Hawke's Bay Region,Nil,2-way,Sealed,0.0,0.0,0.0,100.0,0.0,On,0.0,0.0,,30.0,Hastings District,Give way,0.0,0.0,0.0,0.0,0.0,0.0,Open,1.0,0.0,0.0,Fine
684329,1927234.0,5602249.0,545762.0,1.0,0.0,1.0,Null,2010/2011,RAILWAY ROAD SOUTH,LONGLANDS ROAD WEST,Serious Crash,No,2010,North,0.0,,Flat,,,,,Bright sun,1468200.0,1.0,0.0,0.0,2.0,0.0,,,Hawke's Bay Region,Nil,2-way,Sealed,0.0,1.0,,100.0,,Null,0.0,0.0,,30.0,Hastings District,Give way,,,,,0.0,0.0,Open,0.0,,,Fine
438102,1925955.0,5608237.0,545710.0,0.0,0.0,1.0,Null,2015/2016,OMAHU ROAD,CHATHAM ROAD,Non-Injury Crash,No,2015,East,0.0,0.0,Flat,0.0,,0.0,0.0,Dark,1470900.0,0.0,0.0,0.0,2.0,0.0,0.0,,Hawke's Bay Region,Nil,2-way,Sealed,0.0,0.0,0.0,50.0,0.0,On,0.0,0.0,,30.0,Hastings District,Nil,0.0,0.0,0.0,0.0,0.0,0.0,Urban,0.0,0.0,0.0,Light rain
634151,1929764.0,5604384.0,548200.0,0.0,0.0,2.0,Null,2014/2015,SOUTHAMPTON ST EAST,HASTINGS ST SOUTH,Non-Injury Crash,No,2014,East,0.0,,Flat,,,,,Bright sun,1493000.0,0.0,0.0,0.0,2.0,0.0,,,Hawke's Bay Region,Nil,2-way,Sealed,0.0,0.0,,50.0,,Null,0.0,0.0,,30.0,Hastings District,Give way,,,,,0.0,0.0,Urban,0.0,,,Fine
433979,1932251.0,5611294.0,545832.0,0.0,0.0,1.0,South,2007/2008,PAKOWHAI ROAD,BROOKFIELDS ROAD,Non-Injury Crash,No,2008,South,0.0,0.0,Flat,0.0,,0.0,0.0,Bright sun,1404000.0,0.0,0.0,0.0,2.0,0.0,0.0,,Hawke's Bay Region,Nil,2-way,Sealed,0.0,0.0,0.0,100.0,0.0,Null,0.0,0.0,,30.0,Hastings District,Nil,0.0,0.0,0.0,0.0,0.0,0.0,Open,0.0,0.0,0.0,Fine
214244,1928503.0,5606043.0,548500.0,0.0,0.0,2.0,Null,2013/2014,MARAEKAKAHO ROAD,ORCHARD ROAD,Non-Injury Crash,No,2014,East,0.0,,Flat,,,,,Bright sun,1479600.0,0.0,0.0,0.0,2.0,0.0,,,Hawke's Bay Region,Nil,2-way,Sealed,0.0,0.0,,50.0,,Null,0.0,0.0,,30.0,Hastings District,Traffic Signals,,,,,0.0,0.0,Urban,0.0,,,Fine
679845,1931313.0,5604676.0,548000.0,0.0,0.0,2.0,North,2001/2002,SYLVAN ROAD,JERVOIS ST,Non-Injury Crash,No,2002,North,0.0,,Flat,,,,,Overcast,1497800.0,0.0,0.0,0.0,2.0,0.0,,,Hawke's Bay Region,Nil,2-way,Sealed,0.0,0.0,,50.0,,Null,0.0,0.0,,30.0,Hastings District,Nil,,,,,0.0,0.0,Urban,0.0,,,Fine
578093,1945291.0,5660419.0,545911.0,0.0,0.0,2.0,North,2000/2001,SH 2,PUTORINO STATION ROAD,Minor Crash,Yes,2000,North,0.0,,Hill Road,,,,,Twilight,1416100.0,3.0,0.0,0.0,2.0,0.0,,,Hawke's Bay Region,Nil,2-way,Sealed,0.0,0.0,,100.0,,None,0.0,0.0,,30.0,Hastings District,Nil,,,,,0.0,0.0,Open,0.0,,,Light rain
629427,1936131.0,5611002.0,545730.0,0.0,0.0,0.0,North,2005/2006,SH 2,TUCKER LANE,Non-Injury Crash,Yes,2006,North,0.0,1.0,Flat,0.0,,0.0,0.0,Bright sun,1405500.0,0.0,0.0,0.0,2.0,0.0,0.0,,Hawke's Bay Region,Nil,2-way,Sealed,0.0,0.0,0.0,50.0,0.0,Null,0.0,0.0,,30.0,Hastings District,Nil,0.0,0.0,0.0,1.0,0.0,0.0,Urban,1.0,0.0,0.0,Fine
179175,1929380.0,5605496.0,548200.0,0.0,0.0,2.0,Null,2006/2007,HERETAUNGA ST WEST,CHARLES ST,Non-Injury Crash,No,2006,West,0.0,,Flat,,,,,Bright sun,1490100.0,0.0,0.0,0.0,2.0,0.0,,,Hawke's Bay Region,Nil,2-way,Sealed,0.0,0.0,,50.0,,Null,0.0,0.0,,30.0,Hastings District,Give way,,,,,0.0,0.0,Urban,0.0,,,Fine
550903,1925118.0,5607729.0,548611.0,0.0,0.0,2.0,West,2000/2001,YARMOUTH ROAD,FLEETWOOD CRESCENT N,Minor Crash,No,2001,East,0.0,,Flat,,,,,Overcast,1473811.0,1.0,0.0,0.0,2.0,0.0,,,Hawke's Bay Region,Nil,2-way,Sealed,0.0,0.0,,50.0,,Off,0.0,0.0,,30.0,Hastings District,Nil,,,,,0.0,0.0,Urban,0.0,,,Fine
445753,1931587.0,5605339.0,548000.0,0.0,0.0,2.0,East,2017/2018,WILLOWPARK ROAD NORTH,FENWICK ST,Minor Crash,No,2017,West,0.0,0.0,Flat,0.0,,0.0,0.0,Overcast,1497300.0,1.0,0.0,0.0,2.0,0.0,1.0,,Hawke's Bay Region,Nil,2-way,Sealed,0.0,0.0,0.0,50.0,0.0,Null,0.0,0.0,,30.0,Hastings District,Unknown,0.0,0.0,0.0,0.0,0.0,0.0,Urban,0.0,0.0,0.0,Light rain