OBJECTID,X,Y,areaUnitID,bicycle,bus,carStationWagon,crashDirectionDescription,crashFinancialYear,crashLocation1,crashLocation2,crashSeverity,crashSHDescription,crashYear,directionRoleDescription,fatalCount,fence,flatHill,guardRail,holiday,houseOrBuilding,kerb,light,meshblockId,minorInjuryCount,moped,motorcycle,NumberOfLanes,otherVehicleType,parkedVehicle,pedestrian,region,roadCharacter,roadLane,roadSurface,schoolBus,seriousInjuryCount,slipOrFlood,speedLimit,strayAnimal,streetLight,suv,taxi,temporarySpeedLimit,tlaId,tlaName,trafficControl,trafficIsland,trafficSign,train,tree,truck,unknownVehicleType,urban,vanOrUtility,vehicle,waterRiver,weatherA
136465,1926128.0,5637655.0,545811.0,0.0,0.0,1.0,North,2001/2002,SH 5,BEATTIE ROAD,Non-Injury Crash,Yes,2001,South,0.0,0.0,Hill Road,0.0,,0.0,0.0,Overcast,1414700.0,0.0,0.0,0.0,3.0,0.0,0.0,,Hawke's Bay Region,Nil,2-way,Sealed,0.0,0.0,0.0,100.0,0.0,Null,0.0,0.0,,30.0,Hastings District,Nil,0.0,0.0,0.0,0.0,0.0,0.0,Open,0.0,0.0,0.0,Heavy rain
257188,1930100.0,5605661.0,548200.0,0.0,0.0,1.0,Null,2007/2008,NELSON ST NORTH,FITZROY AVENUE,Minor Crash,No,2008,West,0.0,,Flat,,,,,Bright sun,1491100.0,1.0,0.0,0.0,2.0,0.0,,,Hawke's Bay Region,Nil,2-way,Sealed,0.0,0.0,,50.0,,Null,0.0,0.0,,30.0,Hastings District,Give way,,,,,0.0,0.0,Urban,1.0,,,Fine
172392,1932691.0,5601804.0,548831.0,0.0,0.0,2.0,Null,2002/2003,Z CPK ROSE SHAMROCK,PORTER DRIVE,Non-Injury Crash,No,2003,North,0.0,0.0,Flat,0.0,,0.0,0.0,Dark,1509600.0,0.0,0.0,0.0,0.0,0.0,1.0,,Hawke's Bay Region,Nil,Off road,Sealed,0.0,0.0,0.0,50.0,0.0,On,0.0,0.0,,30.0,Hastings District,Nil,0.0,0.0,0.0,0.0,0.0,0.0,Urban,0.0,0.0,0.0,Fine
83153,1929309.0,5605442.0,548200.0,0.0,0.0,1.0,North,2004/2005,CHARLES ST,EASTBOURNE ST WEST,Non-Injury Crash,No,2005,North,0.0,,Flat,,,,,Twilight,1488800.0,0.0,0.0,0.0,2.0,0.0,,,Hawke's Bay Region,Nil,2-way,Sealed,0.0,0.0,,50.0,,On,0.0,0.0,,30.0,Hastings District,Nil,,,,,0.0,0.0,Urban,1.0,,,Fine
151083,1928289.0,5604480.0,547900.0,0.0,0.0,0.0,North,2010/2011,SOUTHLAND ROAD,WALL ROAD,Non-Injury Crash,No,2010,South,0.0,1.0,Flat,0.0,,0.0,0.0,Dark,1481900.0,0.0,0.0,0.0,2.0,0.0,0.0,,Hawke's Bay Region,Nil,2-way,Sealed,0.0,0.0,0.0,50.0,0.0,On,1.0,0.0,,30.0,Hastings District,Nil,0.0,0.0,0.0,0.0,0.0,0.0,Urban,0.0,0.0,0.0,Light rain
442059,1933956.0,5601751.0,548832.0,0.0,0.0,2.0,West,2008/2009,EMERALD HILL,SIMLA AVENUE,Non-Injury Crash,No,2008,East,0.0,,Hill Road,,,,,Dark,1510400.0,0.0,0.0,0.0,2.0,0.0,,,Hawke's Bay Region,Nil,2-way,Sealed,0.0,0.0,,50.0,,On,0.0,0.0,,30.0,Hastings District,Nil,,,,,0.0,0.0,Urban,0.0,,,Fine
474565,1928508.0,5607214.0,547800.0,1.0,0.0,1.0,Null,2007/2008,NOTTINGLEY ROAD,FRIMLEY ROAD,Minor Crash,No,2007,South,0.0,,Flat,,,,,Overcast,1476900.0,1.0,0.0,0.0,2.0,0.0,,,Hawke's Bay Region,Nil,2-way,Unsealed,0.0,0.0,,50.0,,Null,0.0,0.0,,30.0,Hastings District,Give way,,,,,0.0,0.0,Urban,0.0,,,Heavy rain
348427,1931474.0,5602986.0,545721.0,0.0,0.0,1.0,North,2016/2017,HAVELOCK ROAD,ST GEORGES ROAD,Non-Injury Crash,No,2016,South,0.0,0.0,Flat,0.0,,0.0,0.0,Dark,1472900.0,0.0,0.0,0.0,2.0,0.0,0.0,,Hawke's Bay Region,Nil,2-way,Sealed,0.0,0.0,0.0,70.0,0.0,On,0.0,0.0,,30.0,Hastings District,Unknown,1.0,0.0,0.0,0.0,0.0,0.0,Urban,0.0,0.0,0.0,Fine
87335,1910278.0,5664353.0,545911.0,0.0,0.0,1.0,North,2012/2013,SH 5,TE HAROTO ROAD,Minor Crash,Yes,2012,West,0.0,0.0,Hill Road,1.0,,0.0,0.0,Twilight,1414400.0,1.0,0.0,0.0,2.0,0.0,0.0,,Hawke's Bay Region,Nil,2-way,Sealed,0.0,0.0,0.0,100.0,0.0,None,0.0,0.0,,30.0,Hastings District,Nil,0.0,0.0,0.0,0.0,0.0,0.0,Open,0.0,0.0,1.0,Fine
480240,1923675.0,5608336.0,548611.0,0.0,0.0,2.0,North,2016/2017,HOLMES PLACE,TARBET ST,Non-Injury Crash,No,2017,South,0.0,0.0,Flat,0.0,,0.0,0.0,Bright sun,1470318.0,0.0,0.0,0.0,2.0,0.0,1.0,,Hawke's Bay Region,Nil,2-way,Sealed,0.0,0.0,0.0,50.0,0.0,Null,0.0,0.0,,30.0,Hastings District,Unknown,0.0,0.0,0.0,0.0,0.0,0.0,Urban,0.0,0.0,0.0,Light rain
514418,1925866.0,5606592.0,548620.0,0.0,0.0,2.0,Null,2001/2002,FLAXMERE AVENUE,WILSON ROAD,Non-Injury Crash,No,2002,South,0.0,,Flat,,,,,Overcast,1476400.0,0.0,0.0,0.0,2.0,0.0,,,Hawke's Bay Region,Nil,2-way,Sealed,0.0,0.0,,50.0,,Null,0.0,0.0,,30.0,Hastings District,Give way,,,,,0.0,0.0,Urban,0.0,,,Fine
114157,1930419.5139,5606512.0048,547600.0,1.0,0.0,1.0,West,2018/2019,FREDERICK STREET WEST,NORRIE STREET,Minor Crash,No,2019,East,0.0,0.0,Flat,0.0,,0.0,0.0,Bright sun,1483300.0,1.0,0.0,0.0,2.0,0.0,1.0,,Hawke's Bay Region,Nil,2-way,Sealed,0.0,0.0,0.0,50.0,0.0,Off,0.0,0.0,,30.0,Hastings District,Unknown,0.0,0.0,0.0,0.0,1.0,0.0,Urban,0.0,0.0,0.0,Fine
737138,1929837.0,5600774.0,545762.0,0.0,0.0,1.0,West,2005/2006,TE AUTE ROAD,RICHARD ROAD,Non-Injury Crash,No,2006,West,0.0,1.0,Flat,0.0,,0.0,0.0,Bright sun,1465300.0,0.0,0.0,0.0,2.0,0.0,0.0,,Hawke's Bay Region,Nil,2-way,Sealed,0.0,0.0,0.0,100.0,0.0,Null,0.0,0.0,,30.0,Hastings District,Nil,0.0,0.0,0.0,1.0,0.0,0.0,Open,0.0,0.0,0.0,Fine
198665,1935802.0,5610429.0,545730.0,0.0,0.0,3.0,South,2016/2017,SH 2,MILL ROAD,Minor Crash,Yes,2016,North,0.0,,Flat,,,,,Twilight,1404700.0,1.0,0.0,0.0,2.0,0.0,,,Hawke's Bay Region,Nil,2-way,Sealed,0.0,0.0,,50.0,,On,0.0,0.0,,30.0,Hastings District,Unknown,,,,,0.0,0.0,Urban,0.0,,,Fine
559429,1929956.0,5604530.0,548200.0,0.0,0.0,2.0,Null,2004/2005,HASTINGS ST SOUTH,EASTBOURNE ST EAST,Non-Injury Crash,No,2004,North,0.0,,Flat,,,,,Bright sun,1493200.0,0.0,0.0,0.0,2.0,0.0,,,Hawke's Bay Region,Nil,2-way,Sealed,0.0,0.0,,50.0,,Null,0.0,0.0,,30.0,Hastings District,Give way,,,,,0.0,0.0,Urban,0.0,,,Fine
529026,1936366.0,5601391.0,548833.0,0.0,0.0,2.0,Null,2005/2006,TE MATA ROAD,WAIMARAMA ROAD,Minor Crash,No,2005,East,0.0,,Flat,,,,,Bright sun,1466802.0,3.0,0.0,0.0,2.0,0.0,,,Hawke's Bay Region,Nil,2-way,Sealed,0.0,0.0,,70.0,,Null,0.0,0.0,,30.0,Hastings District,Give way,,,,,0.0,0.0,Urban,0.0,,,Fine
656850,1929656.0,5604302.0,548300.0,0.0,0.0,1.0,East,2005/2006,HASTINGS ST SOUTH,MASSEY ST,Minor Crash,No,2006,East,0.0,,Flat,,,,,Bright sun,1503600.0,1.0,0.0,0.0,2.0,0.0,,1.0,Hawke's Bay Region,Nil,2-way,Sealed,0.0,0.0,,50.0,,Null,0.0,0.0,,30.0,Hastings District,Give way,,,,,0.0,0.0,Urban,0.0,,,Fine
292999,1929450.0,5608815.0,545710.0,0.0,0.0,2.0,Null,2002/2003,SH 50A,EVENDEN ROAD,Non-Injury Crash,Yes,2003,North,0.0,,Flat,,,,,Bright sun,1471201.0,0.0,0.0,0.0,2.0,0.0,,,Hawke's Bay Region,Nil,2-way,Sealed,0.0,0.0,,100.0,,Null,0.0,0.0,,30.0,Hastings District,Give way,,,,,0.0,0.0,Open,0.0,,,Fine
125068,1932922.0,5601793.0,548832.0,0.0,0.0,2.0,West,2009/2010,TE MATA ROAD,DUART ROAD,Non-Injury Crash,No,2010,East,0.0,,Flat,,,,,Overcast,1508400.0,0.0,0.0,0.0,2.0,0.0,,,Hawke's Bay Region,Nil,2-way,Sealed,0.0,0.0,,50.0,,Null,0.0,0.0,,30.0,Hastings District,Nil,,,,,0.0,0.0,Urban,0.0,,,Fine
671033,1919881.0,5644588.0,545811.0,0.0,0.0,0.0,North,2009/2010,SH 5,GLENGARRY ROAD,Non-Injury Crash,Yes,2009,North,0.0,0.0,Hill Road,0.0,,0.0,0.0,Overcast,1414600.0,0.0,0.0,0.0,2.0,0.0,0.0,,Hawke's Bay Region,Nil,2-way,Sealed,0.0,0.0,0.0,100.0,0.0,Null,1.0,0.0,,30.0,Hastings District,Nil,0.0,0.0,0.0,1.0,0.0,0.0,Open,0.0,0.0,0.0,Fine
502863,1940334.0,5593699.0,545860.0,0.0,0.0,0.0,South,2008/2009,WAIMARAMA ROAD,OCEAN BEACH ROAD,Minor Crash,No,2008,North,0.0,,Hill Road,,,,,Bright sun,1467500.0,1.0,0.0,1.0,2.0,0.0,,,Hawke's Bay Region,Nil,2-way,Sealed,0.0,0.0,,100.0,,Null,0.0,0.0,,30.0,Hastings District,Nil,,,,,0.0,0.0,Open,0.0,,,Fine
646592,1931354.0,5614672.0,545831.0,0.0,0.0,2.0,North,2004/2005,SH 50,PAKOWHAI ON NBD,Non-Injury Crash,Yes,2004,South,0.0,0.0,Flat,0.0,,0.0,0.0,Dark,1404600.0,0.0,0.0,0.0,2.0,0.0,0.0,,Hawke's Bay Region,Nil,2-way,Sealed,0.0,0.0,0.0,100.0,0.0,None,0.0,0.0,,30.0,Hastings District,Nil,0.0,0.0,0.0,0.0,0.0,0.0,Open,0.0,0.0,0.0,Fine
474208,1933416.0,5612180.0,545832.0,0.0,0.0,1.0,Null,2010/2011,BROOKFIELDS ROAD,SISSONS ROAD,Non-Injury Crash,No,2010,South,0.0,1.0,Flat,0.0,,0.0,0.0,Dark,1404000.0,0.0,0.0,0.0,2.0,0.0,0.0,,Hawke's Bay Region,Nil,2-way,Sealed,0.0,0.0,0.0,100.0,0.0,On,0.0,0.0,,30.0,Hastings District,Give way,0.0,0.0,0.0,1.0,0.0,0.0,Open,0.0,0.0,0.0,Light rain
568542,1923647.0,5596688.0,545851.0,0.0,0.0,1.0,East,2018/2019,SH 2,KENNELS CNR,Non-Injury Crash,Yes,2018,West,0.0,0.0,Flat,1.0,,0.0,0.0,Dark,1463900.0,0.0,0.0,0.0,2.0,0.0,0.0,,Hawke's Bay Region,Nil,2-way,Sealed,0.0,0.0,0.0,100.0,0.0,None,0.0,0.0,70.0,30.0,Hastings District,Unknown,0.0,0.0,0.0,0.0,0.0,0.0,Open,0.0,0.0,0.0,Light rain
610303,1933388.0,5604906.0,545721.0,0.0,0.0,1.0,Null,2009/2010,ST GEORGES ROAD,HASSEL ROAD,Non-Injury Crash,No,2010,South,0.0,0.0,Flat,0.0,Christmas New Year,0.0,0.0,Bright sun,1473100.0,0.0,0.0,0.0,2.0,0.0,0.0,,Hawke's Bay Region,Nil,2-way,Sealed,0.0,0.0,0.0,100.0,0.0,Null,0.0,0.0,,30.0,Hastings District,Nil,0.0,0.0,0.0,0.0,0.0,0.0,Open,0.0,0.0,0.0,Fine
93591,1916100.0,5608080.0,545821.0,0.0,0.0,0.0,West,1999/2000,OHITI ROAD,TAIHAPE ROAD,Minor Crash,No,2000,North,0.0,,Flat,,,,,Bright sun,1409000.0,1.0,0.0,1.0,2.0,0.0,,,Hawke's Bay Region,Nil,2-way,Sealed,0.0,0.0,,100.0,,Null,0.0,0.0,,30.0,Hastings District,Unknown,,,,,1.0,0.0,Open,0.0,,,Fine
248579,1928762.0,5606248.0,548500.0,0.0,0.0,2.0,South,2014/2015,MARAEKAKAHO ROAD,OMAHU ROAD,Non-Injury Crash,No,2014,North,0.0,,Flat,,,,,Bright sun,1478800.0,0.0,0.0,0.0,2.0,0.0,,,Hawke's Bay Region,Nil,2-way,Sealed,0.0,0.0,,50.0,,Null,0.0,0.0,,30.0,Hastings District,Unknown,,,,,0.0,0.0,Urban,0.0,,,Fine
308424,1929776.0,5604368.0,548200.0,0.0,0.0,2.0,South,2015/2016,SOUTHAMPTON ST EAST,HASTINGS ST SOUTH,Non-Injury Crash,No,2016,North,0.0,,Flat,,,,,Overcast,1493600.0,0.0,0.0,0.0,2.0,0.0,,,Hawke's Bay Region,Nil,2-way,Sealed,0.0,0.0,,50.0,,Null,0.0,0.0,,30.0,Hastings District,Unknown,,,,,0.0,0.0,Urban,0.0,,,Fine
128026,1927641.0,5607417.0,547800.0,0.0,0.0,1.0,Null,2007/2008,SH 50A,OMAHU ROAD,Non-Injury Crash,Yes,2007,South,0.0,,Flat,,,,,Overcast,1476600.0,0.0,0.0,0.0,2.0,0.0,,,Hawke's Bay Region,Nil,2-way,Sealed,0.0,0.0,,100.0,,Null,1.0,0.0,,30.0,Hastings District,Give way,,,,,0.0,0.0,Open,0.0,,,Fine
352396,1928838.7748,5603896.3481,547900.0,0.0,0.0,0.0,Null,2018/2019,RAILWAY ROAD SOUTH,MURDOCH ROAD WEST,Non-Injury Crash,No,2018,North,0.0,,Flat,,Christmas New Year,,,Twilight,1482600.0,0.0,0.0,0.0,2.0,0.0,,,Hawke's Bay Region,Nil,2-way,Sealed,0.0,0.0,,50.0,,Off,1.0,0.0,,30.0,Hastings District,Stop,,,,,0.0,2.0,Urban,0.0,,,Fine
507048,1929367.0,5605111.0,548200.0,0.0,0.0,1.0,Null,2002/2003,NELSON ST SOUTH,LYNDON ROAD WEST,Non-Injury Crash,No,2002,South,0.0,,Flat,,,,,Dark,1489400.0,0.0,0.0,0.0,2.0,0.0,,,Hawke's Bay Region,Nil,2-way,Sealed,0.0,0.0,,50.0,,On,0.0,0.0,,30.0,Hastings District,Give way,,,,,0.0,0.0,Urban,1.0,,,Fine
189684,1931453.0,5608301.0,545710.0,0.0,0.0,1.0,South,2009/2010,PAKOWHAI ROAD,ELWOOD ROAD,Non-Injury Crash,No,2009,South,0.0,1.0,Flat,0.0,,0.0,0.0,Bright sun,1471100.0,0.0,0.0,0.0,2.0,0.0,0.0,,Hawke's Bay Region,Nil,2-way,Sealed,0.0,0.0,0.0,70.0,0.0,Null,0.0,0.0,,30.0,Hastings District,Nil,0.0,0.0,0.0,0.0,0.0,0.0,Urban,0.0,0.0,0.0,Fine
651641,1930211.0,5604377.0,548200.0,0.0,0.0,1.0,Null,2001/2002,WILLOWPARK ROAD,HERETAUNGA ST EAST,Non-Injury Crash,No,2002,North,0.0,1.0,Flat,0.0,,0.0,0.0,Dark,1493800.0,0.0,0.0,0.0,2.0,0.0,0.0,,Hawke's Bay Region,Nil,2-way,Sealed,0.0,0.0,0.0,50.0,0.0,On,0.0,0.0,,30.0,Hastings District,Give way,0.0,0.0,0.0,0.0,0.0,0.0,Urban,0.0,0.0,0.0,Fine
488420,1918904.5336,5652416.8639,545911.0,0.0,0.0,1.0,South,2019/2020,SH 5,OLSENS GATE,Non-Injury Crash,Yes,2020,South,0.0,0.0,Hill Road,1.0,,0.0,0.0,Overcast,1415900.0,0.0,0.0,0.0,3.0,0.0,0.0,,Hawke's Bay Region,Nil,2-way,Sealed,0.0,0.0,0.0,100.0,0.0,None,0.0,0.0,,30.0,Hastings District,Unknown,0.0,0.0,0.0,0.0,0.0,0.0,Open,0.0,0.0,0.0,Fine
12372,1924813.0,5600400.0,545851.0,0.0,0.0,1.0,North,2012/2013,SH 50A PAKI PAKI ROAD,TURAMOE ROAD,Minor Crash,Yes,2012,South,0.0,0.0,Flat,0.0,,0.0,0.0,Dark,1463500.0,1.0,0.0,0.0,2.0,0.0,0.0,,Hawke's Bay Region,Nil,2-way,Sealed,0.0,0.0,0.0,100.0,0.0,None,0.0,0.0,,30.0,Hastings District,Nil,0.0,0.0,0.0,0.0,0.0,0.0,Open,0.0,0.0,0.0,Fine
514779,1910456.0,5664326.0,545911.0,0.0,0.0,1.0,North,2001/2002,SH 5,TE HAROTO ROAD,Non-Injury Crash,Yes,2001,North,0.0,0.0,Hill Road,0.0,,0.0,0.0,Overcast,1414400.0,0.0,0.0,0.0,2.0,0.0,0.0,,Hawke's Bay Region,Nil,2-way,Sealed,0.0,0.0,0.0,100.0,0.0,Null,0.0,0.0,,30.0,Hastings District,Nil,0.0,0.0,0.0,0.0,0.0,0.0,Open,0.0,0.0,0.0,Fine
507109,1927635.0,5607391.0,547800.0,0.0,0.0,1.0,Null,2006/2007,SH 50A,OMAHU ROAD,Non-Injury Crash,No,2006,West,0.0,,Flat,,,,,Overcast,1476600.0,0.0,0.0,0.0,2.0,0.0,,,Hawke's Bay Region,Nil,2-way,Sealed,0.0,0.0,,50.0,,Null,0.0,0.0,,30.0,Hastings District,Give way,,,,,0.0,0.0,Urban,1.0,,,Light rain
567037,1935758.0,5651796.0,545911.0,0.0,0.0,0.0,South,2003/2004,SH 2,MATAHORUA ROAD S,Non-Injury Crash,Yes,2003,South,0.0,,Hill Road,,,,,Overcast,1415200.0,0.0,0.0,0.0,3.0,0.0,,,Hawke's Bay Region,Nil,2-way,Sealed,0.0,0.0,,100.0,,Null,0.0,0.0,,30.0,Hastings District,Nil,,,,,0.0,0.0,Open,2.0,,,Light rain
231407,1913921.0,5657262.0,545911.0,0.0,0.0,2.0,North,2002/2003,SH 5,MOHAKA BR,Non-Injury Crash,Yes,2002,South,0.0,,Hill Road,,Labour Weekend,,,Overcast,1414400.0,0.0,0.0,0.0,2.0,0.0,,,Hawke's Bay Region,Nil,2-way,Sealed,0.0,0.0,,100.0,,Null,0.0,0.0,,30.0,Hastings District,Nil,,,,,0.0,0.0,Open,0.0,,,Fine
7814,1930226.0,5604367.0,548300.0,1.0,0.0,1.0,Null,2007/2008,HERETAUNGA ST EAST,WILLOWPARK ROAD NORTH,Minor Crash,No,2008,West,0.0,,Flat,,,,,Bright sun,1501500.0,1.0,0.0,0.0,2.0,0.0,,,Hawke's Bay Region,Nil,2-way,Sealed,0.0,0.0,,50.0,,Null,0.0,0.0,,30.0,Hastings District,Give way,,,,,0.0,0.0,Urban,0.0,,,Fine
417855,1925537.0,5603173.0,545842.0,0.0,0.0,1.0,Null,2016/2017,SH 50A,MARAEKAKAHO ROAD,Non-Injury Crash,Yes,2017,West,0.0,0.0,Flat,0.0,,0.0,0.0,Overcast,1470213.0,0.0,0.0,0.0,2.0,0.0,0.0,,Hawke's Bay Region,Nil,2-way,Sealed,0.0,0.0,0.0,100.0,0.0,Null,0.0,0.0,,30.0,Hastings District,Give way,0.0,0.0,0.0,0.0,0.0,0.0,Open,0.0,0.0,0.0,Light rain
42334,1930485.0,5606405.0,547600.0,0.0,0.0,2.0,Null,2006/2007,TOMOANA ROAD,FREDERICK ST,Minor Crash,No,2006,North,0.0,,Flat,,,,,Bright sun,1483800.0,1.0,0.0,0.0,2.0,0.0,,,Hawke's Bay Region,Nil,2-way,Sealed,0.0,0.0,,50.0,,Null,0.0,0.0,,30.0,Hastings District,Traffic Signals,,,,,0.0,0.0,Urban,0.0,,,Fine
256460,1932804.0,5609671.0,545832.0,0.0,0.0,0.0,North,2011/2012,FARNDON ROAD,PAKOWHAI ROAD,Minor Crash,No,2012,South,0.0,0.0,Flat,0.0,,0.0,0.0,Bright sun,1404300.0,1.0,0.0,0.0,2.0,0.0,0.0,,Hawke's Bay Region,Nil,2-way,Sealed,0.0,0.0,0.0,100.0,0.0,Null,1.0,0.0,,30.0,Hastings District,Nil,0.0,0.0,0.0,0.0,0.0,0.0,Open,0.0,0.0,0.0,Fine
247290,1929137.0,5605815.0,547700.0,0.0,0.0,1.0,Null,2002/2003,HERETAUNGA ST WEST,GRAYS ROAD,Non-Injury Crash,No,2003,East,0.0,1.0,Flat,0.0,,0.0,0.0,Overcast,1487300.0,0.0,0.0,0.0,2.0,0.0,0.0,,Hawke's Bay Region,Nil,2-way,Sealed,0.0,0.0,0.0,50.0,0.0,Null,0.0,0.0,,30.0,Hastings District,Give way,0.0,0.0,0.0,0.0,0.0,0.0,Urban,1.0,0.0,0.0,Heavy rain
362644,1929468.0,5605379.0,548200.0,0.0,0.0,1.0,Null,2008/2009,HERETAUNGA ST WEST,SOUTHLAND ROAD,Serious Crash,No,2008,West,0.0,,Flat,,,,,Dark,1490100.0,0.0,0.0,1.0,2.0,0.0,,,Hawke's Bay Region,Nil,2-way,Sealed,0.0,1.0,,50.0,,On,0.0,0.0,,30.0,Hastings District,Stop,,,,,0.0,0.0,Urban,0.0,,,Fine
344883,1928176.0,5597416.0,545851.0,0.0,0.0,0.0,South,2008/2009,MIDDLE ROAD,CRYSTALL ROAD,Minor Crash,No,2009,North,0.0,0.0,Hill Road,0.0,Easter,0.0,0.0,Bright sun,1465802.0,1.0,0.0,1.0,2.0,0.0,0.0,,Hawke's Bay Region,Nil,2-way,Sealed,0.0,0.0,0.0,100.0,0.0,Null,0.0,0.0,,30.0,Hastings District,Nil,0.0,0.0,0.0,0.0,0.0,0.0,Open,0.0,0.0,0.0,Fine
102640,1931297.6549,5605180.3482,548000.0,0.0,0.0,0.0,Null,2019/2020,GROVE ROAD,WILLOWPARK ROAD NORTH,Non-Injury Crash,No,2020,North,0.0,,Flat,,,,,Dark,1496800.0,0.0,0.0,0.0,2.0,0.0,,,Hawke's Bay Region,Nil,2-way,Sealed,0.0,0.0,,50.0,,On,2.0,0.0,,30.0,Hastings District,Give way,,,,,0.0,0.0,Urban,0.0,,,Fine
286343,1924845.0,5606983.0,548620.0,0.0,0.0,2.0,Null,2009/2010,CAERNARVON DRIVE,SWANSEA ROAD,Non-Injury Crash,No,2009,West,0.0,0.0,Flat,0.0,Christmas New Year,0.0,0.0,Twilight,1473700.0,0.0,0.0,0.0,2.0,0.0,0.0,,Hawke's Bay Region,Nil,2-way,Sealed,0.0,0.0,0.0,50.0,0.0,Off,0.0,0.0,,30.0,Hastings District,Stop,0.0,0.0,0.0,1.0,0.0,0.0,Urban,0.0,0.0,0.0,Fine
686469,1910568.0,5669335.0,545911.0,0.0,0.0,1.0,South,2016/2017,SH 5,BAKERS CULV,Non-Injury Crash,Yes,2017,North,0.0,,Hill Road,,,,,Dark,1281200.0,0.0,0.0,0.0,3.0,0.0,,,Hawke's Bay Region,Nil,2-way,Sealed,0.0,0.0,,100.0,,None,1.0,0.0,,30.0,Hastings District,Unknown,,,,,0.0,0.0,Open,0.0,,,Fine
164600,1929687.0,5614546.0,545831.0,0.0,0.0,1.0,North,2006/2007,WAIOHIKI ROAD,LINKS ROAD,Non-Injury Crash,No,2007,South,0.0,0.0,Flat,0.0,,0.0,0.0,Overcast,1404600.0,0.0,0.0,0.0,2.0,0.0,0.0,,Hawke's Bay Region,Nil,2-way,Sealed,0.0,0.0,0.0,70.0,0.0,Null,0.0,0.0,,30.0,Hastings District,Nil,0.0,0.0,0.0,1.0,0.0,0.0,Urban,0.0,0.0,0.0,Fine
316819,1927070.0,5607491.0,545761.0,0.0,0.0,1.0,North,2009/2010,WILSON ROAD,MANCHESTER ST,Non-Injury Crash,No,2009,South,0.0,0.0,Flat,0.0,,1.0,0.0,Twilight,1470003.0,0.0,0.0,0.0,2.0,0.0,0.0,,Hawke's Bay Region,Nil,2-way,Sealed,0.0,0.0,0.0,50.0,0.0,Off,0.0,0.0,,30.0,Hastings District,Nil,0.0,0.0,0.0,0.0,0.0,0.0,Urban,0.0,0.0,0.0,Fine
301819,1934330.0,5601787.0,548831.0,0.0,0.0,1.0,East,2011/2012,TE MATA ROAD,EVEREST AVENUE,Minor Crash,No,2012,East,0.0,,Flat,,,,,Dark,1510100.0,2.0,0.0,0.0,2.0,0.0,,,Hawke's Bay Region,Nil,2-way,Sealed,0.0,0.0,,50.0,,None,0.0,0.0,,30.0,Hastings District,Nil,,,,,0.0,0.0,Urban,0.0,,,Fine
197743,1930481.0,5604047.0,548100.0,0.0,0.0,1.0,Null,2007/2008,HERETAUNGA ST EAST,SYLVAN ROAD,Non-Injury Crash,No,2008,East,0.0,,Flat,,,,,Twilight,1501200.0,0.0,0.0,0.0,2.0,0.0,,,Hawke's Bay Region,Nil,2-way,Sealed,0.0,0.0,,50.0,,Off,1.0,0.0,,30.0,Hastings District,Give way,,,,,0.0,0.0,Urban,0.0,,,Heavy rain
361066,1927597.0,5605358.0,545761.0,0.0,0.0,1.0,Null,2001/2002,MARAEKAKAHO ROAD,WALL ROAD,Minor Crash,No,2002,South,0.0,,Flat,,,,,Dark,1469905.0,1.0,0.0,0.0,2.0,0.0,,,Hawke's Bay Region,Nil,2-way,Sealed,0.0,0.0,,70.0,,On,0.0,0.0,,30.0,Hastings District,Give way,,,,,0.0,0.0,Urban,1.0,,,Fine
162235,1913482.0,5587531.0,545851.0,0.0,0.0,2.0,North,2017/2018,SH 2,WAIKAREAO ROAD,Non-Injury Crash,Yes,2017,North,0.0,,Flat,,,,,Dark,1464600.0,0.0,0.0,0.0,2.0,0.0,,,Hawke's Bay Region,Nil,2-way,Sealed,0.0,0.0,,100.0,,None,0.0,0.0,,30.0,Hastings District,Unknown,,,,,0.0,0.0,Open,0.0,,,Fine
581432,1935262.0,5607114.0,545722.0,0.0,0.0,1.0,East,2013/2014,LAWN ROAD,PILCHER ROAD,Non-Injury Crash,No,2014,South,0.0,0.0,Flat,0.0,,0.0,0.0,Dark,1406300.0,0.0,0.0,0.0,2.0,0.0,0.0,,Hawke's Bay Region,Nil,2-way,Sealed,0.0,0.0,0.0,80.0,0.0,None,0.0,0.0,,30.0,Hastings District,Unknown,0.0,0.0,0.0,0.0,0.0,0.0,Open,0.0,0.0,0.0,Mist or Fog
279671,1930485.0,5606405.0,547600.0,0.0,0.0,1.0,Null,2016/2017,TOMOANA ROAD,FREDERICK ST,Non-Injury Crash,No,2017,East,0.0,,Flat,,,,,Overcast,1483800.0,0.0,0.0,0.0,2.0,0.0,,,Hawke's Bay Region,Nil,2-way,Sealed,0.0,0.0,,50.0,,Off,0.0,0.0,,30.0,Hastings District,Traffic Signals,,,,,1.0,0.0,Urban,0.0,,,Light rain
223540,1931173.0,5600062.0,548822.0,0.0,0.0,2.0,Null,2008/2009,MIDDLE ROAD,IONA ROAD,Non-Injury Crash,No,2009,North,0.0,,Flat,,,,,Overcast,1465601.0,0.0,0.0,0.0,2.0,0.0,,,Hawke's Bay Region,Nil,2-way,Sealed,0.0,0.0,,100.0,,Null,0.0,0.0,,30.0,Hastings District,Give way,,,,,0.0,0.0,Open,0.0,,,Fine