OBJECTID,X,Y,areaUnitID,bicycle,bus,carStationWagon,crashDirectionDescription,crashFinancialYear,crashLocation1,crashLocation2,crashSeverity,crashSHDescription,crashYear,directionRoleDescription,fatalCount,fence,flatHill,guardRail,holiday,houseOrBuilding,kerb,light,meshblockId,minorInjuryCount,moped,motorcycle,NumberOfLanes,otherVehicleType,parkedVehicle,pedestrian,region,roadCharacter,roadLane,roadSurface,schoolBus,seriousInjuryCount,slipOrFlood,speedLimit,strayAnimal,streetLight,suv,taxi,temporarySpeedLimit,tlaId,tlaName,trafficControl,trafficIsland,trafficSign,train,tree,truck,unknownVehicleType,urban,vanOrUtility,vehicle,waterRiver,weatherA
204516,1930341.0,5604822.0,548200.0,0.0,0.0,2.0,Null,2010/2011,HASTINGS ST NORTH,ST AUBYN ST EAST,Minor Crash,No,2011,North,0.0,,Flat,,Easter,,,Bright sun,1494400.0,1.0,0.0,0.0,2.0,0.0,,,Hawke's Bay Region,Nil,2-way,Sealed,0.0,0.0,,50.0,,Null,0.0,0.0,,30.0,Hastings District,Stop,,,,,0.0,0.0,Urban,0.0,,,Fine
3644,1933336.0,5604843.0,545721.0,0.0,0.0,1.0,North,1999/2000,ST GEORGES ROAD,CROSSES ROAD,Non-Injury Crash,No,2000,East,0.0,0.0,Flat,1.0,Easter,0.0,0.0,Dark,1473100.0,0.0,0.0,0.0,2.0,0.0,0.0,,Hawke's Bay Region,Nil,2-way,Sealed,0.0,0.0,0.0,100.0,0.0,None,0.0,0.0,,30.0,Hastings District,Nil,0.0,0.0,0.0,0.0,0.0,0.0,Open,0.0,0.0,0.0,Mist or Fog
505697,1929450.0,5608815.0,545710.0,0.0,0.0,1.0,Null,2007/2008,SH 50A,EVENDEN ROAD,Non-Injury Crash,Yes,2007,South,0.0,,Flat,,,,,Bright sun,1471201.0,0.0,0.0,0.0,4.0,0.0,,,Hawke's Bay Region,Nil,2-way,Sealed,0.0,0.0,,100.0,,Null,1.0,0.0,,30.0,Hastings District,Give way,,,,,0.0,0.0,Open,0.0,,,Fine
436609,1930197.0,5604407.0,548200.0,0.0,0.0,2.0,West,2001/2002,HERETAUNGA ST EAST,WILLOWPARK ROAD SOUTH,Non-Injury Crash,No,2002,South,0.0,,Flat,,,,,Bright sun,1493800.0,0.0,0.0,0.0,2.0,0.0,,,Hawke's Bay Region,Nil,2-way,Sealed,0.0,0.0,,50.0,,Null,0.0,0.0,,30.0,Hastings District,Give way,,,,,0.0,0.0,Urban,0.0,,,Fine
509914,1931053.0,5606822.0,545721.0,0.0,0.0,1.0,South,2006/2007,TOMOANA ROAD,COVENTRY ROAD,Minor Crash,No,2007,North,0.0,0.0,Flat,0.0,,0.0,0.0,Bright sun,1471401.0,1.0,0.0,0.0,2.0,0.0,1.0,,Hawke's Bay Region,Nil,2-way,Sealed,0.0,0.0,0.0,50.0,0.0,Null,0.0,0.0,,30.0,Hastings District,Nil,0.0,0.0,0.0,0.0,0.0,0.0,Urban,1.0,0.0,0.0,Fine
287363,1927677.0,5605418.0,545761.0,0.0,0.0,0.0,South,2003/2004,MARAEKAKAHO ROAD,OLIPHANT ROAD,Non-Injury Crash,No,2004,South,0.0,0.0,Flat,0.0,,0.0,0.0,Overcast,1469905.0,0.0,0.0,0.0,2.0,0.0,0.0,,Hawke's Bay Region,Nil,2-way,Sealed,0.0,0.0,0.0,50.0,0.0,Null,0.0,0.0,,30.0,Hastings District,Nil,0.0,0.0,0.0,0.0,0.0,0.0,Urban,1.0,0.0,0.0,Fine
267976,1928967.0,5606042.0,547700.0,0.0,0.0,3.0,West,2007/2008,HERETAUNGA ST WEST,ALLERTON ST,Non-Injury Crash,No,2007,West,0.0,,Flat,,,,,Overcast,1486000.0,0.0,0.0,0.0,2.0,0.0,,,Hawke's Bay Region,Nil,2-way,Sealed,0.0,0.0,,50.0,,Null,0.0,0.0,,30.0,Hastings District,Nil,,,,,0.0,0.0,Urban,0.0,,,Light rain
421993,1934188.5129,5607211.9764,545722.0,0.0,0.0,2.0,Null,2018/2019,SH 51,TE ARA KAHIKATEA,Non-Injury Crash,Yes,2019,North,0.0,,Flat,,,,,Overcast,1406200.0,0.0,0.0,0.0,2.0,0.0,,,Hawke's Bay Region,Nil,2-way,Sealed,0.0,0.0,,80.0,,None,0.0,0.0,,30.0,Hastings District,Give way,,,,,0.0,0.0,Open,0.0,,,Fine
7382,1938009.0,5608174.0,545740.0,0.0,0.0,1.0,North,2007/2008,MILL ROAD,HAUMOANA ROAD,Minor Crash,No,2007,South,0.0,1.0,Flat,0.0,,0.0,0.0,Dark,1406900.0,1.0,0.0,0.0,2.0,0.0,0.0,,Hawke's Bay Region,Nil,2-way,Sealed,0.0,0.0,0.0,100.0,0.0,None,0.0,0.0,,30.0,Hastings District,Nil,0.0,0.0,0.0,0.0,0.0,0.0,Open,0.0,0.0,0.0,Light rain
404157,1930322.1167,5607441.9174,545710.0,0.0,0.0,2.0,South,2019/2020,PAKOWHAI ROAD,GRENSIDE LANE,Non-Injury Crash,No,2019,North,0.0,,Flat,,,,,Bright sun,1471300.0,0.0,0.0,0.0,2.0,0.0,,,Hawke's Bay Region,Nil,2-way,Sealed,0.0,0.0,,50.0,,Off,0.0,0.0,,30.0,Hastings District,Nil,,,,,0.0,0.0,Urban,0.0,,,Fine
495804,1936327.0,5611121.0,545730.0,0.0,0.0,1.0,South,2011/2012,SH 2,SCHOOL ROAD,Non-Injury Crash,Yes,2011,South,0.0,,Flat,,,,,Dark,1404700.0,0.0,0.0,0.0,2.0,0.0,,,Hawke's Bay Region,Nil,2-way,Sealed,0.0,0.0,,50.0,,On,1.0,1.0,,30.0,Hastings District,Nil,,,,,0.0,0.0,Urban,0.0,,,Fine
579446,1928874.0,5603934.0,547900.0,0.0,0.0,1.0,South,2006/2007,RAILWAY ROAD,GARNETT ST,Minor Crash,No,2006,North,0.0,0.0,Flat,0.0,,0.0,0.0,Dark,1482600.0,1.0,0.0,0.0,2.0,0.0,1.0,,Hawke's Bay Region,Nil,2-way,Sealed,0.0,0.0,0.0,70.0,0.0,On,1.0,0.0,,30.0,Hastings District,Nil,0.0,0.0,0.0,0.0,0.0,0.0,Urban,0.0,0.0,0.0,Fine
643071,1924312.0,5607791.0,548611.0,0.0,0.0,2.0,Null,2016/2017,LANDER ST,KINGSLEY DRIVE,Non-Injury Crash,No,2017,North,0.0,,Null,,,,,Overcast,1473902.0,0.0,0.0,0.0,2.0,0.0,,,Hawke's Bay Region,Nil,2-way,Sealed,0.0,0.0,,50.0,,Null,0.0,0.0,,30.0,Hastings District,Nil,,,,,0.0,0.0,Urban,0.0,,,Light rain
604303,1937408.0,5606309.0,545740.0,0.0,0.0,1.0,North,2016/2017,TUKITUKI ROAD,TENNANT ROAD,Minor Crash,No,2016,North,0.0,0.0,Flat,0.0,Christmas New Year,0.0,0.0,Dark,1407700.0,1.0,0.0,0.0,2.0,0.0,0.0,,Hawke's Bay Region,Nil,2-way,Sealed,0.0,0.0,0.0,100.0,0.0,None,0.0,0.0,,30.0,Hastings District,Unknown,0.0,0.0,0.0,0.0,0.0,0.0,Open,0.0,0.0,0.0,Fine
616895,1933960.0,5601961.0,548831.0,1.0,0.0,0.0,East,2006/2007,TE MATA ROAD,SIMLA AVENUE,Non-Injury Crash,No,2006,East,0.0,,Flat,,,,,Bright sun,1510000.0,0.0,0.0,0.0,2.0,0.0,,,Hawke's Bay Region,Nil,2-way,Sealed,0.0,0.0,,50.0,,Null,1.0,0.0,,30.0,Hastings District,Nil,,,,,0.0,0.0,Urban,0.0,,,Fine
732116,1922487.0,5604993.0,545842.0,0.0,0.0,2.0,North,2001/2002,VALENTINE ROAD,NGATARAWA ROAD,Minor Crash,No,2002,North,0.0,,Flat,,,,,Overcast,1470218.0,1.0,0.0,0.0,2.0,0.0,,,Hawke's Bay Region,Nil,2-way,Sealed,0.0,0.0,,100.0,,Null,0.0,0.0,,30.0,Hastings District,Nil,,,,,0.0,0.0,Open,0.0,,,Light rain
136302,1935330.0,5587427.0,545860.0,0.0,0.0,1.0,South,2008/2009,MARAETOTARA ROAD,WAIMARAMA ROAD,Minor Crash,No,2008,North,0.0,,Hill Road,,,,,Overcast,1467500.0,1.0,0.0,0.0,2.0,0.0,,,Hawke's Bay Region,Nil,2-way,Sealed,0.0,0.0,,100.0,,Null,0.0,0.0,,30.0,Hastings District,Nil,,,,,1.0,0.0,Open,0.0,,,Light rain
82761,1926429.0,5604478.0,545842.0,0.0,0.0,1.0,Null,2009/2010,MARAEKAKAHO ROAD,IRONGATE ROAD,Minor Crash,No,2009,South,0.0,1.0,Flat,0.0,,0.0,0.0,Dark,1468903.0,1.0,0.0,0.0,2.0,0.0,0.0,,Hawke's Bay Region,Nil,2-way,Sealed,0.0,0.0,0.0,100.0,0.0,On,0.0,0.0,,30.0,Hastings District,Give way,1.0,0.0,0.0,0.0,0.0,0.0,Open,0.0,0.0,0.0,Fine
91845,1928503.0,5606043.0,548500.0,0.0,0.0,1.0,Null,2003/2004,MARAEKAKAHO ROAD,ORCHARD ROAD,Non-Injury Crash,No,2003,East,0.0,,Flat,,,,,Dark,1479600.0,0.0,0.0,0.0,2.0,0.0,,,Hawke's Bay Region,Nil,2-way,Sealed,0.0,0.0,,50.0,,On,0.0,0.0,,30.0,Hastings District,Traffic Signals,,,,,0.0,0.0,Urban,1.0,,,Fine
556007,1924583.0,5604106.0,545842.0,0.0,0.0,1.0,North,2005/2006,STOCK ROAD,MARAEKAKAHO ROAD,Non-Injury Crash,No,2005,North,0.0,0.0,Flat,0.0,,0.0,0.0,Dark,1470214.0,0.0,0.0,0.0,2.0,0.0,0.0,,Hawke's Bay Region,Nil,2-way,Sealed,0.0,0.0,0.0,100.0,0.0,None,0.0,0.0,,30.0,Hastings District,Nil,0.0,0.0,0.0,0.0,0.0,0.0,Open,0.0,0.0,0.0,Fine
665365,1929090.0,5605275.0,548200.0,0.0,0.0,2.0,Null,2004/2005,SOUTHAMPTON ST WEST,CHARLES ST,Non-Injury Crash,No,2005,South,0.0,,Flat,,,,,Bright sun,1488500.0,0.0,0.0,0.0,2.0,0.0,,,Hawke's Bay Region,Nil,2-way,Sealed,0.0,0.0,,50.0,,Null,0.0,0.0,,30.0,Hastings District,Give way,,,,,0.0,0.0,Urban,0.0,,,Fine
56622,1925647.0,5606422.0,548620.0,0.0,0.0,2.0,Null,2011/2012,WILSON ROAD,CRAIL RAOD,Non-Injury Crash,No,2011,North,0.0,,Flat,,,,,Dark,1476500.0,0.0,0.0,0.0,2.0,0.0,,,Hawke's Bay Region,Nil,2-way,Sealed,0.0,0.0,,50.0,,On,0.0,0.0,,30.0,Hastings District,Give way,,,,,0.0,0.0,Urban,0.0,,,Fine
513815,1916066.0,5604835.0,545841.0,0.0,0.0,0.0,South,2009/2010,SH 50,MARAEKAKAHO ROAD,Non-Injury Crash,Yes,2010,North,0.0,,Hill Road,,,,,Dark,1462901.0,0.0,0.0,0.0,2.0,0.0,,,Hawke's Bay Region,Nil,2-way,Sealed,0.0,0.0,,100.0,,None,1.0,0.0,,30.0,Hastings District,Nil,,,,,0.0,0.0,Open,0.0,,,Fine
258209,1928813.0,5606243.0,547700.0,0.0,0.0,2.0,East,2006/2007,HERETAUNGA ST WEST,MARAEKAKAHO ROAD,Non-Injury Crash,No,2007,West,0.0,,Flat,,,,,Bright sun,1486600.0,0.0,0.0,0.0,2.0,0.0,,,Hawke's Bay Region,Nil,2-way,Sealed,0.0,0.0,,50.0,,Null,0.0,0.0,,30.0,Hastings District,Nil,,,,,0.0,0.0,Urban,0.0,,,Fine
23064,1930206.0,5603344.0,548300.0,0.0,0.0,2.0,East,2014/2015,LUMSDEN ROAD,WAVELL ST,Non-Injury Crash,No,2014,South,0.0,,Flat,,,,,Dark,1504500.0,0.0,0.0,0.0,2.0,0.0,,,Hawke's Bay Region,Nil,2-way,Sealed,0.0,0.0,,50.0,,On,0.0,0.0,,30.0,Hastings District,Nil,,,,,0.0,0.0,Urban,0.0,,,Fine
616201,1929646.0,5603631.0,548300.0,0.0,0.0,1.0,South,2005/2006,RIVERSLEA ROAD SOUTH,CHURCHILL ST,Minor Crash,No,2006,North,0.0,,Flat,,,,,Dark,1504000.0,1.0,0.0,0.0,2.0,0.0,,1.0,Hawke's Bay Region,Nil,2-way,Sealed,0.0,0.0,,50.0,,On,0.0,0.0,,30.0,Hastings District,Nil,,,,,0.0,0.0,Urban,0.0,,,Fine
547988,1914124.0,5588056.0,545851.0,0.0,0.0,2.0,Null,2004/2005,SH 2,TE AUTE TRUST ROAD,Minor Crash,Yes,2005,South,0.0,,Flat,,,,,Bright sun,1464600.0,2.0,0.0,0.0,2.0,0.0,,,Hawke's Bay Region,Nil,2-way,Sealed,0.0,0.0,,100.0,,None,0.0,0.0,,30.0,Hastings District,Give way,,,,,0.0,0.0,Open,0.0,,,Fine
247281,1926158.0892,5601336.3506,545852.0,0.0,0.0,1.0,South,2015/2016,RAILWAY ROAD SOUTH,LONGLANDS ROAD EAST,Minor Crash,No,2015,North,0.0,0.0,Flat,0.0,,0.0,0.0,Bright sun,1468700.0,1.0,0.0,0.0,2.0,0.0,0.0,,Hawke's Bay Region,Nil,2-way,Sealed,0.0,0.0,0.0,100.0,0.0,Null,0.0,0.0,,30.0,Hastings District,Unknown,0.0,0.0,0.0,0.0,0.0,0.0,Open,0.0,0.0,0.0,Fine
529832,1936011.0,5610806.0,545730.0,0.0,0.0,2.0,North,2003/2004,SH 2,MILL ROAD,Minor Crash,Yes,2003,South,0.0,,Flat,,Christmas New Year,,,Overcast,1405401.0,1.0,0.0,0.0,2.0,0.0,,,Hawke's Bay Region,Nil,2-way,Sealed,0.0,0.0,,50.0,,Null,0.0,0.0,,30.0,Hastings District,Nil,,,,,0.0,0.0,Urban,0.0,,,Light rain
731426,1926080.0,5606737.0,545761.0,0.0,0.0,1.0,Null,2018/2019,WILSON ROAD,FOLKESTONE DRIVE,Minor Crash,No,2018,North,0.0,,Flat,,,,,Overcast,1469905.0,1.0,0.0,0.0,2.0,0.0,,,Hawke's Bay Region,Nil,2-way,Sealed,0.0,0.0,,50.0,,Null,0.0,0.0,,30.0,Hastings District,Give way,,,,,0.0,0.0,Urban,1.0,,,Fine
443501,1931038.731,5605563.5696,548000.0,0.0,0.0,1.0,Null,2019/2020,FREDERICK STREET,KARAMU ROAD NORTH,Minor Crash,No,2020,North,0.0,,Flat,,,,,Bright sun,1497500.0,2.0,0.0,0.0,2.0,0.0,,,Hawke's Bay Region,Nil,2-way,Sealed,0.0,0.0,,50.0,,On,1.0,0.0,,30.0,Hastings District,Traffic Signals,,,,,0.0,0.0,Urban,0.0,,,Fine
455499,1928339.0,5607387.0,547800.0,0.0,0.0,1.0,North,2010/2011,MATARIKI AVENUE,NOTTINGLY RAOD,Non-Injury Crash,No,2010,West,0.0,1.0,Flat,0.0,,0.0,0.0,Bright sun,1471202.0,0.0,0.0,0.0,2.0,0.0,0.0,,Hawke's Bay Region,Nil,Off road,Sealed,0.0,0.0,0.0,50.0,0.0,Null,0.0,0.0,,30.0,Hastings District,Nil,0.0,0.0,0.0,0.0,0.0,0.0,Urban,0.0,0.0,0.0,Fine
507929,1920137.0,5594435.0,545851.0,0.0,0.0,1.0,North,2000/2001,SH 2,HORONUI ROAD,Minor Crash,Yes,2001,North,0.0,0.0,Flat,0.0,,0.0,0.0,Bright sun,1463900.0,1.0,0.0,0.0,2.0,0.0,0.0,,Hawke's Bay Region,Nil,2-way,Sealed,0.0,0.0,0.0,100.0,0.0,Null,0.0,0.0,,30.0,Hastings District,Nil,0.0,0.0,0.0,1.0,0.0,0.0,Open,0.0,0.0,0.0,Fine
179871,1918631.0,5652884.0,545912.0,0.0,0.0,0.0,East,2015/2016,SH 5,OLSENS GATE,Non-Injury Crash,Yes,2016,East,0.0,,Hill Road,,Easter,,,Overcast,1414504.0,0.0,0.0,0.0,3.0,0.0,,,Hawke's Bay Region,Nil,2-way,Sealed,0.0,0.0,,100.0,,Null,0.0,0.0,,30.0,Hastings District,Nil,,,,,0.0,0.0,Open,1.0,,,Light rain
223629,1925416.9278,5607169.8636,548620.0,0.0,0.0,1.0,Null,2019/2020,FLAXMERE AVENUE,HENDERSON ROAD,Non-Injury Crash,No,2019,North,0.0,1.0,Flat,0.0,,0.0,0.0,Twilight,1476500.0,0.0,0.0,0.0,2.0,0.0,1.0,,Hawke's Bay Region,Nil,2-way,Sealed,0.0,0.0,0.0,50.0,0.0,On,1.0,0.0,,30.0,Hastings District,Give way,0.0,0.0,0.0,0.0,0.0,0.0,Urban,1.0,0.0,0.0,Fine
583812,1930835.0,5605863.0,548000.0,0.0,0.0,3.0,Null,2006/2007,CAROLINE ROAD,FREDERICK ST,Non-Injury Crash,No,2007,East,0.0,,Flat,,,,,Bright sun,1495400.0,0.0,0.0,0.0,2.0,0.0,,,Hawke's Bay Region,Nil,2-way,Sealed,0.0,0.0,,50.0,,Null,0.0,0.0,,30.0,Hastings District,Give way,,,,,0.0,0.0,Urban,0.0,,,Fine
735883,1928113.0,5606927.0,547800.0,0.0,0.0,2.0,Null,2003/2004,OMAHU ROAD,NOTTINGLEY ROAD,Minor Crash,No,2003,South,0.0,,Flat,,,,,Overcast,1476700.0,1.0,0.0,0.0,2.0,0.0,,,Hawke's Bay Region,Nil,2-way,Sealed,0.0,0.0,,50.0,,Null,0.0,0.0,,30.0,Hastings District,Give way,,,,,0.0,0.0,Urban,0.0,,,Fine
597060,1936183.0,5611652.0,545832.0,0.0,0.0,0.0,Null,2006/2007,SH 2,FARNDON ROAD,Non-Injury Crash,Yes,2006,West,0.0,,Flat,,,,,Bright sun,1404200.0,0.0,0.0,0.0,4.0,0.0,,,Hawke's Bay Region,Nil,2-way,Sealed,0.0,0.0,,50.0,,Null,0.0,0.0,,30.0,Hastings District,Give way,,,,,1.0,0.0,Urban,0.0,,,Fine
574940,1929466.6988,5605179.1325,548200.0,0.0,0.0,1.0,Null,2018/2019,EASTBOURNE STREET WEST,NELSON STREET SOUTH,Minor Crash,No,2019,North,0.0,,Flat,,,,,Bright sun,1489400.0,1.0,0.0,0.0,2.0,0.0,,,Hawke's Bay Region,Nil,2-way,Sealed,0.0,0.0,,50.0,,Off,0.0,0.0,,30.0,Hastings District,Give way,,,,,0.0,0.0,Urban,1.0,,,Fine
524969,1922969.0,5621027.0,545821.0,0.0,0.0,0.0,East,2002/2003,DARTMOOR ROAD,APLEY ROAD,Non-Injury Crash,No,2002,West,0.0,,Flat,,,,,Bright sun,1411400.0,0.0,0.0,0.0,2.0,0.0,,,Hawke's Bay Region,Nil,2-way,Sealed,0.0,0.0,,100.0,,Null,0.0,0.0,,30.0,Hastings District,Nil,,,,,1.0,0.0,Open,1.0,,,Fine
552785,1925416.0,5599597.0,545852.0,0.0,0.0,1.0,East,2002/2003,TE AUTE ROAD,SH 2,Non-Injury Crash,No,2003,West,0.0,0.0,Flat,0.0,,0.0,0.0,Dark,1468700.0,0.0,0.0,0.0,2.0,0.0,0.0,,Hawke's Bay Region,Nil,2-way,Sealed,0.0,0.0,0.0,100.0,0.0,None,0.0,0.0,,30.0,Hastings District,Nil,0.0,0.0,0.0,0.0,0.0,0.0,Open,0.0,0.0,0.0,Heavy rain
137170,1925799.0,5606534.0,548620.0,0.0,0.0,0.0,Null,2017/2018,WILSON ROAD,DUNDEE DRIVE,Non-Injury Crash,No,2017,North,0.0,,Flat,,,,,Dark,1476500.0,0.0,0.0,0.0,2.0,0.0,,,Hawke's Bay Region,Nil,2-way,Sealed,0.0,0.0,,50.0,,On,0.0,0.0,,30.0,Hastings District,Nil,,,,,0.0,0.0,Urban,2.0,,,Fine
630531,1924758.0,5607823.0,548612.0,0.0,0.0,2.0,Null,2006/2007,FLAXMERE AVENUE,MARGATE AVENUE,Non-Injury Crash,No,2006,East,0.0,,Flat,,Christmas New Year,,,Bright sun,1474106.0,0.0,0.0,0.0,2.0,0.0,,,Hawke's Bay Region,Nil,2-way,Sealed,0.0,0.0,,50.0,,Null,0.0,0.0,,30.0,Hastings District,Give way,,,,,0.0,0.0,Urban,0.0,,,Fine
59937,1928113.6214,5613609.3084,545831.0,0.0,0.0,0.0,West,2019/2020,KOROKIPO ROAD,OMARUNUI ROAD,Non-Injury Crash,Yes,2019,West,0.0,0.0,Flat,0.0,,0.0,0.0,Overcast,1409400.0,0.0,0.0,0.0,2.0,0.0,0.0,,Hawke's Bay Region,Nil,2-way,Sealed,0.0,0.0,0.0,100.0,0.0,None,0.0,0.0,,30.0,Hastings District,Unknown,0.0,0.0,0.0,0.0,0.0,0.0,Open,1.0,0.0,0.0,Fine
712348,1932941.0,5605498.0,545721.0,0.0,0.0,1.0,North,2003/2004,ST GEORGES ROAD,FARMLET ROAD,Non-Injury Crash,No,2003,South,0.0,0.0,Flat,0.0,,0.0,0.0,Overcast,1472405.0,0.0,0.0,0.0,2.0,0.0,0.0,,Hawke's Bay Region,Nil,2-way,Sealed,0.0,0.0,0.0,100.0,0.0,Null,0.0,0.0,,30.0,Hastings District,Nil,0.0,0.0,0.0,0.0,0.0,0.0,Open,0.0,0.0,0.0,Heavy rain
393851,1925224.0,5607794.0,548611.0,0.0,0.0,1.0,West,2011/2012,YARMOUTH ROAD,MARGATE AVENUE E,Non-Injury Crash,No,2012,West,0.0,0.0,Flat,0.0,,0.0,0.0,Overcast,1473811.0,0.0,0.0,0.0,2.0,0.0,1.0,,Hawke's Bay Region,Nil,2-way,Sealed,0.0,0.0,0.0,50.0,0.0,Null,0.0,0.0,,30.0,Hastings District,Nil,0.0,0.0,0.0,0.0,0.0,0.0,Urban,1.0,0.0,0.0,Fine
720741,1928590.0,5606463.0,548500.0,0.0,0.0,3.0,West,2007/2008,OMAHU ROAD,MCLEOD ST,Minor Crash,No,2007,East,0.0,,Flat,,,,,Overcast,1478700.0,2.0,0.0,0.0,2.0,0.0,,,Hawke's Bay Region,Nil,2-way,Sealed,0.0,0.0,,50.0,,Null,0.0,0.0,,30.0,Hastings District,Nil,,,,,0.0,0.0,Urban,0.0,,,Fine
48505,1929085.6377,5606502.9402,547700.0,0.0,0.0,2.0,Null,2018/2019,ST AUBYN STREET WEST,PAKOWHAI ROAD,Non-Injury Crash,No,2019,East,0.0,,Flat,,,,,Dark,1485800.0,0.0,0.0,0.0,2.0,0.0,,,Hawke's Bay Region,Nil,2-way,Sealed,0.0,0.0,,50.0,,On,0.0,0.0,,30.0,Hastings District,Traffic Signals,,,,,0.0,0.0,Urban,0.0,,,Fine
698453,1926742.0,5607951.0,548400.0,0.0,0.0,2.0,East,2006/2007,OMAHU ROAD,RAUPARE ROAD,Non-Injury Crash,No,2006,West,0.0,,Flat,,,,,Dark,1473400.0,0.0,0.0,0.0,4.0,0.0,,,Hawke's Bay Region,Nil,2-way,Sealed,0.0,0.0,,50.0,,On,0.0,0.0,,30.0,Hastings District,Nil,,,,,0.0,0.0,Urban,0.0,,,Fine
97257,1911582.7187,5585431.0945,545851.0,0.0,0.0,0.0,South,2018/2019,SH 2,TE ONEPU ROAD,Non-Injury Crash,Yes,2018,North,0.0,0.0,Hill Road,0.0,,0.0,0.0,Dark,1464900.0,0.0,0.0,0.0,2.0,0.0,0.0,,Hawke's Bay Region,Nil,2-way,Sealed,0.0,0.0,0.0,100.0,0.0,None,0.0,0.0,,30.0,Hastings District,Unknown,0.0,0.0,0.0,0.0,0.0,0.0,Open,1.0,0.0,0.0,Heavy rain
583685,1928526.0,5606525.0,548500.0,0.0,0.0,2.0,South,2011/2012,OMAHU ROAD,HAPUKA ST,Non-Injury Crash,No,2012,South,0.0,,Flat,,,,,Bright sun,1478700.0,0.0,0.0,0.0,2.0,0.0,,,Hawke's Bay Region,Nil,2-way,Sealed,0.0,0.0,,50.0,,Null,0.0,0.0,,30.0,Hastings District,Nil,,,,,0.0,0.0,Urban,0.0,,,Fine
157005,1906263.0,5601973.0,545841.0,0.0,0.0,1.0,North,2018/2019,SH 50,GLENCOE STATION ROAD,Minor Crash,Yes,2018,South,0.0,,Flat,,,,,Dark,1462600.0,1.0,0.0,0.0,2.0,0.0,,1.0,Hawke's Bay Region,Nil,2-way,Sealed,0.0,0.0,,100.0,,None,0.0,0.0,,30.0,Hastings District,Unknown,,,,,0.0,0.0,Open,0.0,,,Fine
689678,1926439.0,5606153.0,545761.0,0.0,0.0,2.0,South,2015/2016,YORK ROAD,SH 50A,Non-Injury Crash,No,2016,North,0.0,,Flat,,,,,Overcast,1469905.0,0.0,0.0,0.0,2.0,0.0,,,Hawke's Bay Region,Nil,2-way,Sealed,0.0,0.0,,100.0,,Null,0.0,0.0,,30.0,Hastings District,Unknown,,,,,0.0,0.0,Open,0.0,,,Light rain
273660,1937778.0,5606559.0,545740.0,0.0,0.0,1.0,North,2005/2006,TUKITUKI ROAD,TENNANT ROAD,Non-Injury Crash,No,2005,South,0.0,0.0,Flat,0.0,,0.0,0.0,Dark,1407600.0,0.0,0.0,0.0,2.0,0.0,0.0,,Hawke's Bay Region,Nil,2-way,Sealed,0.0,0.0,0.0,100.0,0.0,None,0.0,0.0,,30.0,Hastings District,Nil,0.0,0.0,0.0,0.0,0.0,0.0,Open,0.0,0.0,0.0,Light rain
376705,1926429.0,5604478.0,545842.0,0.0,0.0,2.0,Null,2007/2008,MARAEKAKAHO ROAD,IRONGATE ROAD,Minor Crash,No,2008,North,0.0,,Flat,,Queens Birthday,,,Bright sun,1468903.0,2.0,0.0,0.0,3.0,0.0,,,Hawke's Bay Region,Nil,2-way,Sealed,0.0,0.0,,100.0,,Null,0.0,0.0,,30.0,Hastings District,Give way,,,,,0.0,0.0,Open,0.0,,,Fine
144379,1927964.0,5606763.0,548500.0,0.0,0.0,1.0,Null,2003/2004,Z NIGEL HEIGHWAY MOTORS,ORCHARD ROAD,Non-Injury Crash,No,2004,South,0.0,0.0,Flat,0.0,,0.0,0.0,Bright sun,1478500.0,0.0,0.0,0.0,0.0,0.0,1.0,,Hawke's Bay Region,Nil,Off road,Sealed,0.0,0.0,0.0,50.0,0.0,Null,0.0,0.0,,30.0,Hastings District,Nil,0.0,0.0,0.0,0.0,0.0,0.0,Urban,1.0,0.0,0.0,Fine
206186,1927852.0,5606544.0,548500.0,0.0,0.0,2.0,Null,2010/2011,KIWI ST,EVENDEN ROAD,Non-Injury Crash,No,2011,West,0.0,,Flat,,,,,Bright sun,1479300.0,0.0,0.0,0.0,2.0,0.0,,,Hawke's Bay Region,Nil,2-way,Sealed,0.0,0.0,,50.0,,Null,0.0,0.0,,30.0,Hastings District,Give way,,,,,0.0,0.0,Urban,0.0,,,Fine
431908,1926944.0,5602003.0,545852.0,0.0,0.0,0.0,South,2001/2002,RAILWAY ROAD SOUTH,LONGLANDS ROAD EAST,Minor Crash,No,2002,North,0.0,0.0,Flat,0.0,,0.0,0.0,Overcast,1468700.0,1.0,0.0,0.0,2.0,0.0,0.0,,Hawke's Bay Region,Nil,2-way,Sealed,0.0,0.0,0.0,100.0,0.0,Null,0.0,0.0,,30.0,Hastings District,Nil,1.0,0.0,0.0,0.0,0.0,0.0,Open,1.0,0.0,0.0,Fine
109010,1929439.0,5606032.0,547700.0,0.0,0.0,2.0,Null,2013/2014,ST AUBYN ST WEST,GRAYS ROAD,Non-Injury Crash,No,2014,South,0.0,,Flat,,,,,Bright sun,1488300.0,0.0,0.0,0.0,2.0,0.0,,,Hawke's Bay Region,Nil,2-way,Sealed,0.0,0.0,,50.0,,Off,0.0,0.0,,30.0,Hastings District,Give way,,,,,0.0,0.0,Urban,0.0,,,Fine