OBJECTID,X,Y,areaUnitID,bicycle,bus,carStationWagon,crashDirectionDescription,crashFinancialYear,crashLocation1,crashLocation2,crashSeverity,crashSHDescription,crashYear,directionRoleDescription,fatalCount,fence,flatHill,guardRail,holiday,houseOrBuilding,kerb,light,meshblockId,minorInjuryCount,moped,motorcycle,NumberOfLanes,otherVehicleType,parkedVehicle,pedestrian,region,roadCharacter,roadLane,roadSurface,schoolBus,seriousInjuryCount,slipOrFlood,speedLimit,strayAnimal,streetLight,suv,taxi,temporarySpeedLimit,tlaId,tlaName,trafficControl,trafficIsland,trafficSign,train,tree,truck,unknownVehicleType,urban,vanOrUtility,vehicle,waterRiver,weatherA
304724,1917795.0,5648998.0,545912.0,0.0,0.0,0.0,North,2006/2007,SH 5,TE POHUE HOTEL,Minor Crash,Yes,2006,South,0.0,0.0,Hill Road,0.0,,0.0,0.0,Bright sun,1414504.0,1.0,0.0,2.0,2.0,0.0,0.0,,Hawke's Bay Region,Nil,2-way,Sealed,0.0,0.0,0.0,100.0,0.0,Null,1.0,0.0,,30.0,Hastings District,Nil,0.0,0.0,0.0,0.0,1.0,0.0,Open,0.0,0.0,0.0,Fine
177217,1929215.0,5605111.0,548200.0,0.0,0.0,1.0,South,2009/2010,SOUTHAMPTON ST WEST,SOUTHLAND ROAD,Non-Injury Crash,No,2009,West,0.0,,Flat,,,,,Bright sun,1489100.0,0.0,0.0,0.0,2.0,0.0,,,Hawke's Bay Region,Nil,2-way,Sealed,0.0,0.0,,50.0,,Null,0.0,0.0,,30.0,Hastings District,Nil,,,,,0.0,0.0,Urban,1.0,,,Fine
71946,1930901.0,5632493.0,545812.0,0.0,0.0,1.0,North,2001/2002,SH 5,SH 2,Non-Injury Crash,Yes,2002,South,0.0,1.0,Flat,0.0,,0.0,0.0,Dark,1414200.0,0.0,0.0,0.0,2.0,0.0,0.0,,Hawke's Bay Region,Nil,2-way,Sealed,0.0,0.0,0.0,100.0,0.0,None,0.0,0.0,,30.0,Hastings District,Nil,0.0,0.0,0.0,0.0,0.0,0.0,Open,0.0,0.0,0.0,Fine
181990,1924870.0,5603479.0,545842.0,0.0,0.0,1.0,East,2015/2016,MARAEKAKAHO ROAD,STOCK ROAD,Non-Injury Crash,No,2016,East,0.0,0.0,Flat,0.0,,0.0,0.0,Dark,1470213.0,0.0,0.0,0.0,2.0,0.0,0.0,,Hawke's Bay Region,Nil,2-way,Sealed,0.0,0.0,0.0,100.0,0.0,None,0.0,0.0,,30.0,Hastings District,Unknown,0.0,0.0,0.0,0.0,0.0,0.0,Open,0.0,0.0,0.0,Mist or Fog
157626,1929403.5798,5600736.319,545762.0,0.0,0.0,2.0,West,2020/2021,TE AUTE ROAD,MOUNT ERIN ROAD,Serious Crash,No,2020,South,0.0,,Flat,,,,,Overcast,1465300.0,2.0,0.0,0.0,2.0,0.0,,,Hawke's Bay Region,Nil,2-way,Sealed,0.0,1.0,,100.0,,None,0.0,0.0,,30.0,Hastings District,Nil,,,,,0.0,0.0,Open,1.0,,,Light rain
639612,1932202.0,5603281.0,545721.0,0.0,0.0,1.0,Null,2016/2017,ST GEORGES ROAD,ADA ST,Non-Injury Crash,No,2017,East,0.0,,Flat,,,,,Bright sun,1472801.0,0.0,0.0,0.0,2.0,0.0,,,Hawke's Bay Region,Nil,2-way,Sealed,0.0,0.0,,80.0,,Null,0.0,0.0,,30.0,Hastings District,Stop,,,,,0.0,0.0,Open,1.0,,,Fine
88976,1928069.0398,5605715.4753,547900.0,0.0,0.0,2.0,East,2018/2019,MARAEKAKAHO ROAD,Kaiapo Road,Non-Injury Crash,No,2019,East,0.0,,Flat,,,,,Bright sun,1469802.0,0.0,0.0,0.0,2.0,0.0,,,Hawke's Bay Region,Nil,2-way,Sealed,0.0,0.0,,50.0,,Off,0.0,0.0,,30.0,Hastings District,Unknown,,,,,0.0,0.0,Urban,0.0,,,Fine
586918,1930473.0,5607553.0,545721.0,0.0,0.0,1.0,Null,2006/2007,EVENDEN ROAD,PAKOWHAI ROAD,Minor Crash,No,2007,North,0.0,1.0,Flat,0.0,,0.0,0.0,Overcast,1471401.0,1.0,0.0,0.0,2.0,0.0,0.0,,Hawke's Bay Region,Nil,2-way,Sealed,0.0,0.0,0.0,70.0,0.0,Null,0.0,0.0,,30.0,Hastings District,Give way,0.0,0.0,0.0,1.0,0.0,0.0,Urban,0.0,0.0,0.0,Heavy rain
60516,1931546.0,5602881.0,545762.0,0.0,0.0,1.0,Null,2012/2013,ST GEORGES ROAD,HAVELOCK ROAD,Non-Injury Crash,No,2012,East,0.0,,Flat,,,,,Overcast,1468500.0,0.0,0.0,0.0,2.0,0.0,,,Hawke's Bay Region,Nil,2-way,Sealed,0.0,0.0,,70.0,,Null,0.0,0.0,,30.0,Hastings District,Give way,,,,,0.0,0.0,Urban,1.0,,,Light rain
328695,1943417.0,5659636.0,545911.0,0.0,0.0,1.0,North,2004/2005,SH 2,MATAHORUA ROAD,Minor Crash,Yes,2005,North,0.0,0.0,Flat,0.0,,0.0,0.0,Overcast,1416100.0,1.0,0.0,0.0,2.0,0.0,0.0,,Hawke's Bay Region,Nil,2-way,Sealed,0.0,0.0,0.0,100.0,0.0,Null,0.0,0.0,,30.0,Hastings District,Nil,0.0,0.0,0.0,0.0,0.0,0.0,Open,0.0,0.0,0.0,Light rain
663386,1929905.0,5605001.0,548200.0,0.0,0.0,1.0,Null,2007/2008,QUEEN ST EAST,RUSSELL ST NORTH,Non-Injury Crash,No,2007,East,0.0,,Flat,,,,,Overcast,1492200.0,0.0,0.0,0.0,3.0,0.0,,,Hawke's Bay Region,Nil,2-way,Sealed,0.0,0.0,,50.0,,Null,1.0,0.0,,30.0,Hastings District,Traffic Signals,,,,,0.0,0.0,Urban,0.0,,,Fine
562331,1929537.0,5605689.0,547700.0,0.0,0.0,1.0,Null,2014/2015,TOMOANA ROAD,AVENUE ROAD WEST,Non-Injury Crash,No,2015,West,0.0,,Flat,,,,,Bright sun,1488200.0,0.0,0.0,0.0,2.0,0.0,,,Hawke's Bay Region,Nil,2-way,Sealed,0.0,0.0,,50.0,,Null,1.0,0.0,,30.0,Hastings District,Give way,,,,,0.0,0.0,Urban,0.0,,,Fine
370683,1930199.0,5607911.0,545710.0,0.0,0.0,2.0,West,2001/2002,EVENDEN ROAD,PAKOWHAI ROAD,Serious Crash,No,2001,East,0.0,,Flat,,,,,Twilight,1471300.0,0.0,0.0,0.0,2.0,0.0,,,Hawke's Bay Region,Nil,2-way,Sealed,0.0,2.0,,70.0,,None,0.0,0.0,,30.0,Hastings District,Nil,,,,,0.0,0.0,Urban,0.0,,,Fine
515627,1932129.5912,5602283.307,545762.0,0.0,0.0,1.0,South,2018/2019,HAVELOCK ROAD,ST ANDREWS ROAD,Non-Injury Crash,No,2018,East,0.0,,Flat,,,,,Bright sun,1468300.0,0.0,0.0,0.0,2.0,0.0,,,Hawke's Bay Region,Nil,2-way,Sealed,0.0,0.0,,70.0,,Off,0.0,0.0,,30.0,Hastings District,Unknown,,,,,0.0,0.0,Urban,1.0,,,Fine
278924,1930624.0,5603894.0,548100.0,1.0,0.0,1.0,South,2016/2017,HERETAUNGA ST EAST,PARK ROAD NORTH,Minor Crash,No,2016,North,0.0,,Flat,,,,,Overcast,1501400.0,1.0,0.0,0.0,2.0,0.0,,,Hawke's Bay Region,Nil,2-way,Sealed,0.0,0.0,,50.0,,Null,0.0,0.0,,30.0,Hastings District,Give way,,,,,0.0,0.0,Urban,0.0,,,Light rain
163671,1936366.0,5601391.0,548833.0,0.0,0.0,1.0,Null,2014/2015,TE MATA ROAD,WAIMARAMA ROAD,Non-Injury Crash,No,2015,East,0.0,0.0,Flat,0.0,,0.0,0.0,Dark,1466802.0,0.0,0.0,0.0,2.0,0.0,0.0,,Hawke's Bay Region,Nil,2-way,Sealed,0.0,0.0,0.0,100.0,0.0,On,0.0,0.0,,30.0,Hastings District,Give way,0.0,0.0,0.0,0.0,0.0,0.0,Open,0.0,0.0,0.0,Fine
289470,1918102.0,5650017.0,545911.0,0.0,0.0,1.0,North,2012/2013,SH 5,BEATTIE ROAD,Serious Crash,Yes,2013,South,0.0,,Hill Road,,,,,Bright sun,1415900.0,1.0,0.0,0.0,2.0,0.0,,,Hawke's Bay Region,Nil,2-way,Sealed,0.0,1.0,,100.0,,Null,1.0,0.0,,30.0,Hastings District,Nil,,,,,0.0,0.0,Open,0.0,,,Fine
587691,1927917.0,5601772.0,545762.0,0.0,0.0,1.0,Null,2007/2008,RIVERSLEA ROAD SOUTH,LONGLANDS ROAD EAST,Non-Injury Crash,No,2007,South,0.0,1.0,Flat,0.0,,0.0,0.0,Dark,1468400.0,0.0,0.0,0.0,2.0,0.0,0.0,,Hawke's Bay Region,Nil,2-way,Sealed,0.0,0.0,0.0,100.0,0.0,None,0.0,0.0,,30.0,Hastings District,Give way,0.0,0.0,0.0,1.0,0.0,0.0,Open,0.0,0.0,0.0,Fine
191390,1921455.0,5622109.0,545821.0,0.0,0.0,1.0,North,2011/2012,APLEY ROAD,DARTMOOR ROAD,Non-Injury Crash,No,2011,North,0.0,1.0,Hill Road,0.0,,0.0,0.0,Bright sun,1411100.0,0.0,0.0,0.0,2.0,0.0,0.0,,Hawke's Bay Region,Nil,2-way,Sealed,0.0,0.0,0.0,100.0,0.0,Null,1.0,0.0,,30.0,Hastings District,Nil,0.0,0.0,0.0,0.0,0.0,0.0,Open,0.0,0.0,0.0,Fine
571086,1930340.0,5604821.0,548200.0,0.0,0.0,2.0,Null,2006/2007,ST AUBYN ST EAST,HASTINGS ST NORTH,Non-Injury Crash,No,2006,East,0.0,,Flat,,,,,Dark,1493501.0,0.0,0.0,0.0,2.0,0.0,,,Hawke's Bay Region,Nil,2-way,Sealed,0.0,0.0,,50.0,,On,0.0,0.0,,30.0,Hastings District,Give way,,,,,0.0,0.0,Urban,0.0,,,Fine
374492,1927917.0,5601772.0,545762.0,0.0,0.0,1.0,Null,2005/2006,LONGLANDS ROAD EAST,RIVERSLEA ROAD SOUTH,Serious Crash,No,2005,East,0.0,,Flat,,Christmas New Year,,,Bright sun,1468400.0,3.0,0.0,0.0,2.0,0.0,,,Hawke's Bay Region,Nil,2-way,Sealed,0.0,3.0,,100.0,,Null,0.0,0.0,,30.0,Hastings District,Give way,,,,,0.0,0.0,Open,1.0,,,Fine
717195,1924928.0,5606659.0,548620.0,0.0,0.0,0.0,Null,2005/2006,SWANSEA ROAD,SUNDERLAND DRIVE,Non-Injury Crash,No,2005,East,0.0,,Flat,,,,,Bright sun,1474700.0,0.0,0.0,0.0,2.0,0.0,,,Hawke's Bay Region,Nil,2-way,Sealed,0.0,0.0,,50.0,,Null,0.0,0.0,,30.0,Hastings District,Give way,,,,,0.0,0.0,Urban,2.0,,,Fine
142037,1928485.1319,5606029.5234,548500.0,0.0,0.0,1.0,West,2020/2021,SOUTHAMPTON STREET WEST,ORCHARD ROAD,Non-Injury Crash,No,2020,East,0.0,,Null,,,,,Bright sun,1479600.0,0.0,0.0,0.0,2.0,0.0,,,Hawke's Bay Region,Nil,2-way,Sealed,0.0,0.0,,50.0,,Null,0.0,0.0,,30.0,Hastings District,Nil,,,,,0.0,0.0,Urban,0.0,,,Null
303369,1928584.0,5606779.0,547800.0,0.0,0.0,1.0,South,2016/2017,IKANUI ROAD,KARAITIANA ST,Minor Crash,No,2017,South,0.0,0.0,Flat,0.0,,0.0,0.0,Dark,1477500.0,1.0,0.0,0.0,2.0,0.0,0.0,,Hawke's Bay Region,Nil,2-way,Sealed,0.0,0.0,0.0,50.0,0.0,On,0.0,0.0,,30.0,Hastings District,Unknown,0.0,0.0,0.0,0.0,0.0,0.0,Urban,0.0,0.0,0.0,Fine
119580,1931442.4772,5614942.4838,545831.0,0.0,0.0,1.0,North,2019/2020,050-0005,TUTAEKURI BR S,Minor Crash,Yes,2019,North,0.0,0.0,Flat,1.0,,0.0,0.0,Dark,1404600.0,1.0,0.0,0.0,2.0,0.0,0.0,,Hawke's Bay Region,Bridge,2-way,Sealed,0.0,0.0,0.0,100.0,0.0,On,0.0,0.0,,30.0,Hastings District,Unknown,0.0,0.0,0.0,0.0,0.0,0.0,Open,0.0,0.0,0.0,Light rain
69013,1929008.0,5604020.0,548300.0,0.0,0.0,2.0,North,2001/2002,KARAMU ROAD SOUTH,MURDOCH ROAD EAST,Non-Injury Crash,No,2001,South,0.0,0.0,Flat,0.0,,0.0,0.0,Dark,1503203.0,0.0,0.0,0.0,2.0,0.0,0.0,,Hawke's Bay Region,Nil,2-way,Sealed,0.0,0.0,0.0,50.0,0.0,On,0.0,0.0,,30.0,Hastings District,Nil,0.0,0.0,0.0,0.0,0.0,0.0,Urban,0.0,0.0,0.0,Fine
217594,1939325.0,5656109.0,545911.0,0.0,0.0,1.0,South,2016/2017,SH 2,KAHIKA OBR,Non-Injury Crash,Yes,2017,West,0.0,0.0,Hill Road,0.0,,0.0,0.0,Overcast,1415200.0,0.0,0.0,0.0,2.0,0.0,0.0,,Hawke's Bay Region,Nil,2-way,Sealed,0.0,0.0,0.0,100.0,0.0,Null,0.0,0.0,,30.0,Hastings District,Unknown,0.0,0.0,0.0,0.0,0.0,0.0,Open,0.0,0.0,0.0,Fine
612911,1925889.0,5618765.0,545821.0,0.0,0.0,1.0,East,2009/2010,OMARUNUI ROAD,VICARAGE ROAD,Non-Injury Crash,No,2010,North,0.0,0.0,Flat,0.0,Easter,0.0,0.0,Dark,1408700.0,0.0,0.0,0.0,2.0,0.0,0.0,,Hawke's Bay Region,Nil,2-way,Sealed,0.0,0.0,0.0,100.0,0.0,None,0.0,0.0,,30.0,Hastings District,Nil,0.0,0.0,0.0,0.0,0.0,0.0,Open,0.0,0.0,0.0,Fine
640400,1930614.0,5604851.0,548200.0,0.0,0.0,2.0,Null,2010/2011,MILLER ST,VICTORIA ST,Non-Injury Crash,No,2010,North,0.0,0.0,Flat,0.0,,0.0,0.0,Overcast,1495000.0,0.0,0.0,0.0,2.0,0.0,0.0,,Hawke's Bay Region,Nil,2-way,Sealed,0.0,0.0,0.0,50.0,0.0,Null,0.0,0.0,,30.0,Hastings District,Give way,0.0,0.0,0.0,1.0,0.0,0.0,Urban,0.0,0.0,0.0,Fine
450435,1940973.0,5657040.0,545911.0,0.0,0.0,0.0,North,2000/2001,SH 2,RIDGEMOUNT ROAD,Minor Crash,Yes,2001,South,0.0,,Flat,,,,,Bright sun,1416000.0,1.0,0.0,1.0,2.0,0.0,,,Hawke's Bay Region,Nil,2-way,Sealed,0.0,0.0,,100.0,,Null,0.0,0.0,,30.0,Hastings District,Nil,,,,,0.0,0.0,Open,0.0,,,Fine
298628,1936353.0,5611135.0,545730.0,0.0,0.0,1.0,South,2003/2004,SH 2,SCHOOL ROAD,Non-Injury Crash,Yes,2003,South,0.0,,Flat,,,,,Dark,1404700.0,0.0,0.0,0.0,2.0,0.0,,,Hawke's Bay Region,Nil,2-way,Sealed,0.0,0.0,,50.0,,On,0.0,0.0,,30.0,Hastings District,Nil,,,,,0.0,0.0,Urban,1.0,,,Fine
524923,1911513.3632,5663400.9457,545911.0,0.0,0.0,0.0,South,2020/2021,SH 5,TE HAROTO PO,Non-Injury Crash,Yes,2020,North,0.0,0.0,Hill Road,1.0,,0.0,0.0,Dark,1414300.0,0.0,0.0,0.0,2.0,0.0,0.0,,Hawke's Bay Region,Nil,2-way,Sealed,0.0,0.0,0.0,100.0,0.0,None,0.0,0.0,,30.0,Hastings District,Nil,0.0,0.0,0.0,0.0,0.0,0.0,Open,1.0,0.0,0.0,Fine
433158,1924285.0,5607488.0,548612.0,1.0,0.0,1.0,East,2003/2004,SCOTT DRIVE,BAKER ST,Minor Crash,No,2004,West,0.0,,Flat,,,,,Overcast,1474112.0,1.0,0.0,0.0,2.0,0.0,,,Hawke's Bay Region,Nil,2-way,Sealed,0.0,0.0,,50.0,,Null,0.0,0.0,,30.0,Hastings District,Nil,,,,,0.0,0.0,Urban,0.0,,,Light rain
299486,1932274.0,5609028.0,545721.0,0.0,0.0,1.0,Null,2001/2002,PAKOWHAI ROAD,RUAHAPIA ROAD,Non-Injury Crash,No,2001,South,0.0,,Flat,,,,,Overcast,1471600.0,0.0,0.0,0.0,2.0,0.0,,,Hawke's Bay Region,Nil,2-way,Sealed,0.0,0.0,,100.0,,Null,0.0,0.0,,30.0,Hastings District,Give way,,,,,0.0,0.0,Open,1.0,,,Fine
102168,1924855.0,5637677.0,545811.0,0.0,0.0,1.0,South,2001/2002,SH 5,GLENGARRY ROAD,Non-Injury Crash,Yes,2001,South,0.0,0.0,Hill Road,0.0,,0.0,0.0,Dark,1414700.0,0.0,0.0,0.0,3.0,0.0,0.0,,Hawke's Bay Region,Nil,2-way,Sealed,0.0,0.0,0.0,100.0,0.0,None,0.0,0.0,,30.0,Hastings District,Nil,0.0,0.0,0.0,0.0,0.0,0.0,Open,0.0,0.0,0.0,Light rain
373320,1929464.0,5605185.0,548200.0,0.0,0.0,1.0,Null,2013/2014,NELSON ST SOUTH,EASTBOURNE ST WEST,Non-Injury Crash,No,2014,East,0.0,,Flat,,,,,Bright sun,1488900.0,0.0,0.0,0.0,2.0,0.0,,,Hawke's Bay Region,Nil,2-way,Sealed,0.0,0.0,,50.0,,Off,1.0,0.0,,30.0,Hastings District,Stop,,,,,0.0,0.0,Urban,0.0,,,Fine
577851,1935108.1401,5606983.857000001,545750.0,0.0,0.0,2.0,Null,2019/2020,TE MATA MANGATERETERE ROAD,LAWN ROAD,Non-Injury Crash,No,2020,West,0.0,,Flat,,,,,Dark,1406600.0,0.0,0.0,0.0,2.0,0.0,,,Hawke's Bay Region,Nil,2-way,Sealed,0.0,0.0,,80.0,,On,0.0,0.0,,30.0,Hastings District,Give way,,,,,0.0,0.0,Open,0.0,,,Light rain
494010,1932497.0,5601557.0,548810.0,0.0,0.0,2.0,Null,2007/2008,PORTER DRIVE,MIDDLE ROAD,Non-Injury Crash,No,2008,West,0.0,,Flat,,,,,Overcast,1505700.0,0.0,0.0,0.0,2.0,0.0,,,Hawke's Bay Region,Nil,2-way,Sealed,0.0,0.0,,50.0,,Null,0.0,0.0,,30.0,Hastings District,Give way,,,,,0.0,0.0,Urban,0.0,,,Light rain
317448,1928166.0,5606589.0,548500.0,0.0,0.0,2.0,North,2009/2010,CANNING ROAD,ORCHARD ROAD,Non-Injury Crash,No,2010,West,0.0,,Flat,,,,,Overcast,1478700.0,0.0,0.0,0.0,2.0,0.0,,,Hawke's Bay Region,Nil,2-way,Sealed,0.0,0.0,,50.0,,Null,0.0,0.0,,30.0,Hastings District,Give way,,,,,0.0,0.0,Urban,0.0,,,Fine
405865,1913622.0,5587679.0,545851.0,0.0,0.0,2.0,North,2006/2007,SH 2,WAIKAREAO ROAD,Minor Crash,Yes,2006,North,0.0,1.0,Flat,0.0,,0.0,0.0,Overcast,1464500.0,2.0,0.0,0.0,2.0,0.0,0.0,,Hawke's Bay Region,Nil,2-way,Sealed,0.0,0.0,0.0,100.0,0.0,Null,0.0,0.0,,30.0,Hastings District,Nil,0.0,0.0,0.0,0.0,0.0,0.0,Open,0.0,0.0,0.0,Light rain
597412,1932041.5194,5606177.3378,545721.0,0.0,0.0,1.0,Null,2020/2021,ELWOOD ROAD,SH 51,Non-Injury Crash,No,2020,East,0.0,,Flat,,,,,Overcast,1471700.0,0.0,0.0,0.0,2.0,1.0,,,Hawke's Bay Region,Nil,2-way,Sealed,0.0,0.0,,50.0,,Off,0.0,0.0,,30.0,Hastings District,Give way,,,,,1.0,0.0,Urban,0.0,,,Light rain
551457,1936399.0,5600029.0,545851.0,0.0,0.0,1.0,South,2008/2009,WAIMARAMA ROAD,TE MATA ROAD,Non-Injury Crash,No,2008,North,0.0,0.0,Hill Road,0.0,,0.0,0.0,Overcast,1467002.0,0.0,0.0,0.0,2.0,0.0,0.0,,Hawke's Bay Region,Nil,2-way,Sealed,0.0,0.0,0.0,100.0,0.0,Null,0.0,0.0,,30.0,Hastings District,Nil,0.0,0.0,0.0,0.0,0.0,0.0,Open,0.0,0.0,0.0,Fine
92300,1931613.0,5608421.0,545710.0,0.0,0.0,2.0,Null,2000/2001,PAKOWHAI ROAD,ELWOOD ROAD,Non-Injury Crash,No,2000,South,0.0,,Flat,,,,,Twilight,1471100.0,0.0,0.0,0.0,2.0,0.0,,,Hawke's Bay Region,Nil,2-way,Sealed,0.0,0.0,,100.0,,Off,0.0,0.0,,30.0,Hastings District,Give way,,,,,0.0,0.0,Open,0.0,,,Light rain
287929,1929598.0,5604907.0,548200.0,0.0,0.0,0.0,South,2016/2017,MARKET ST SOUTH,EASTBOURNE ST WEST,Non-Injury Crash,No,2016,North,0.0,0.0,Flat,0.0,,0.0,0.0,Bright sun,1489900.0,0.0,0.0,1.0,2.0,0.0,1.0,,Hawke's Bay Region,Nil,2-way,Sealed,0.0,0.0,0.0,50.0,0.0,Null,0.0,0.0,,30.0,Hastings District,Unknown,0.0,0.0,0.0,0.0,1.0,0.0,Urban,0.0,0.0,0.0,Fine
582560,1923361.0,5596657.0,545851.0,0.0,0.0,1.0,South,2007/2008,SH 2,STOCK ROAD,Minor Crash,Yes,2007,North,0.0,0.0,Flat,0.0,,0.0,0.0,Dark,1463900.0,1.0,0.0,0.0,2.0,0.0,0.0,,Hawke's Bay Region,Nil,2-way,Sealed,0.0,0.0,0.0,100.0,0.0,None,0.0,0.0,,30.0,Hastings District,Nil,0.0,0.0,0.0,0.0,0.0,0.0,Open,0.0,0.0,0.0,Fine
558480,1935683.0,5609596.0,545730.0,0.0,0.0,1.0,East,2017/2018,RICHMOND ROAD,GOULTER ST,Non-Injury Crash,No,2018,East,0.0,0.0,Flat,0.0,,0.0,0.0,Dark,1405600.0,0.0,0.0,0.0,2.0,0.0,0.0,,Hawke's Bay Region,Nil,2-way,Sealed,0.0,0.0,0.0,100.0,0.0,On,0.0,0.0,,30.0,Hastings District,Unknown,0.0,0.0,0.0,0.0,0.0,0.0,Open,0.0,0.0,0.0,Fine
660002,1923352.0,5610218.0,545710.0,0.0,0.0,1.0,Null,2005/2006,SH 50,OMAHU ROAD,Non-Injury Crash,Yes,2006,North,0.0,,Flat,,,,,Dark,1470500.0,0.0,0.0,0.0,2.0,0.0,,,Hawke's Bay Region,Nil,2-way,Sealed,0.0,0.0,,100.0,,On,1.0,0.0,,30.0,Hastings District,Nil,,,,,0.0,0.0,Open,0.0,,,Fine
328794,1932139.0,5611571.0,545832.0,0.0,0.0,2.0,Null,2004/2005,PAKOWHAI ROAD,BROOKFIELDS ROAD,Non-Injury Crash,No,2005,North,0.0,,Flat,,,,,Dark,1403900.0,0.0,0.0,0.0,2.0,0.0,,,Hawke's Bay Region,Nil,2-way,Sealed,0.0,0.0,,100.0,,On,0.0,0.0,,30.0,Hastings District,Nil,,,,,0.0,0.0,Open,0.0,,,Light rain
85608,1925448.0,5626219.0,545821.0,0.0,0.0,1.0,South,2000/2001,PUKETITIRI ROAD,SEAFIELD ROAD,Non-Injury Crash,No,2000,South,0.0,1.0,Hill Road,0.0,Christmas New Year,0.0,0.0,Bright sun,1410801.0,0.0,0.0,0.0,2.0,0.0,0.0,,Hawke's Bay Region,Nil,2-way,Sealed,0.0,0.0,0.0,100.0,0.0,Null,0.0,0.0,,30.0,Hastings District,Nil,0.0,0.0,0.0,0.0,0.0,0.0,Open,0.0,0.0,0.0,Fine
698916,1921177.0,5621815.0,545821.0,0.0,0.0,1.0,North,2017/2018,APLEY ROAD,DARTMOOR ROAD,Non-Injury Crash,No,2017,South,0.0,0.0,Hill Road,0.0,Christmas New Year,0.0,0.0,Dark,1411100.0,0.0,0.0,0.0,2.0,0.0,0.0,,Hawke's Bay Region,Nil,2-way,Sealed,0.0,0.0,0.0,100.0,0.0,None,0.0,0.0,,30.0,Hastings District,Unknown,0.0,0.0,0.0,1.0,0.0,0.0,Open,0.0,0.0,0.0,Light rain
387996,1929650.0548,5605140.4467,548200.0,0.0,0.0,1.0,Null,2018/2019,HERETAUNGA STREET WEST,King Street,Non-Injury Crash,No,2018,Null,0.0,,Flat,,,,,Overcast,1490700.0,0.0,0.0,0.0,2.0,0.0,,,Hawke's Bay Region,Nil,2-way,Sealed,0.0,0.0,,50.0,,Off,0.0,0.0,,30.0,Hastings District,Unknown,,,,,0.0,1.0,Urban,0.0,,,Fine
53310,1930529.0,5604966.0,548200.0,0.0,0.0,2.0,Null,2008/2009,VICTORIA ST,HASTINGS ST NORTH,Serious Crash,No,2008,East,0.0,0.0,Flat,0.0,,0.0,0.0,Overcast,1494500.0,2.0,0.0,0.0,2.0,0.0,1.0,,Hawke's Bay Region,Nil,2-way,Sealed,0.0,1.0,0.0,50.0,0.0,Null,0.0,0.0,,30.0,Hastings District,Give way,0.0,0.0,0.0,0.0,0.0,0.0,Urban,1.0,0.0,0.0,Heavy rain
199787,1929549.0,5600597.0,545852.0,0.0,0.0,1.0,South,2007/2008,MOUNT ERIN ROAD,TE AUTE ROAD,Non-Injury Crash,No,2007,North,0.0,0.0,Flat,0.0,,0.0,0.0,Bright sun,1465700.0,0.0,0.0,0.0,2.0,0.0,0.0,,Hawke's Bay Region,Nil,2-way,Sealed,0.0,0.0,0.0,100.0,0.0,Null,0.0,0.0,,30.0,Hastings District,Nil,0.0,0.0,0.0,0.0,0.0,0.0,Open,0.0,0.0,0.0,Fine
212545,1932565.0,5601548.0,548821.0,0.0,0.0,2.0,Null,2000/2001,Z CPK NEW WORLD,PORTER/MIDDLE,Non-Injury Crash,No,2001,North,0.0,,Flat,,,,,Bright sun,1507001.0,0.0,0.0,0.0,1.0,0.0,,,Hawke's Bay Region,Nil,Off road,Sealed,0.0,0.0,,50.0,,Null,0.0,0.0,,30.0,Hastings District,Nil,,,,,0.0,0.0,Urban,0.0,,,Fine
130255,1929955.5212,5605060.4783,548200.0,0.0,0.0,2.0,South,2018/2019,RUSSELL STREET NORTH,AVENUE ROAD EAST,Non-Injury Crash,No,2019,Null,0.0,0.0,Flat,0.0,Easter,0.0,0.0,Unknown,1492200.0,0.0,0.0,0.0,2.0,0.0,1.0,,Hawke's Bay Region,Nil,2-way,Sealed,0.0,0.0,0.0,50.0,0.0,Null,0.0,0.0,,30.0,Hastings District,Unknown,0.0,0.0,0.0,0.0,0.0,0.0,Urban,0.0,0.0,0.0,Null
677466,1931513.0,5604830.0,548000.0,0.0,0.0,1.0,Null,2003/2004,GROVE ROAD,SYLVAN ROAD,Non-Injury Crash,No,2004,North,0.0,,Flat,,,,,Overcast,1498600.0,0.0,0.0,0.0,2.0,0.0,,,Hawke's Bay Region,Nil,2-way,Sealed,0.0,0.0,,50.0,,Null,0.0,0.0,,30.0,Hastings District,Give way,,,,,0.0,0.0,Urban,1.0,,,Fine
138073,1929350.0,5605536.0,548200.0,0.0,0.0,1.0,East,2004/2005,HERETAUNGA ST WEST,TOMOANA ROAD,Non-Injury Crash,No,2004,West,0.0,,Flat,,,,,Dark,1490100.0,0.0,1.0,0.0,2.0,0.0,,,Hawke's Bay Region,Nil,2-way,Sealed,0.0,0.0,,50.0,,On,0.0,0.0,,30.0,Hastings District,Nil,,,,,0.0,0.0,Urban,0.0,,,Fine
229985,1926285.0,5606268.0,545761.0,0.0,0.0,2.0,Null,2014/2015,YORK ROAD,SH 50A,Non-Injury Crash,No,2015,West,0.0,,Flat,,,,,Bright sun,1469905.0,0.0,0.0,0.0,2.0,0.0,,,Hawke's Bay Region,Nil,2-way,Sealed,0.0,0.0,,100.0,,Null,0.0,0.0,,30.0,Hastings District,Give way,,,,,0.0,0.0,Open,0.0,,,Fine