OBJECTID,X,Y,areaUnitID,bicycle,bus,carStationWagon,crashDirectionDescription,crashFinancialYear,crashLocation1,crashLocation2,crashSeverity,crashSHDescription,crashYear,directionRoleDescription,fatalCount,fence,flatHill,guardRail,holiday,houseOrBuilding,kerb,light,meshblockId,minorInjuryCount,moped,motorcycle,NumberOfLanes,otherVehicleType,parkedVehicle,pedestrian,region,roadCharacter,roadLane,roadSurface,schoolBus,seriousInjuryCount,slipOrFlood,speedLimit,strayAnimal,streetLight,suv,taxi,temporarySpeedLimit,tlaId,tlaName,trafficControl,trafficIsland,trafficSign,train,tree,truck,unknownVehicleType,urban,vanOrUtility,vehicle,waterRiver,weatherA
269390,1932438.0,5610572.0,545832.0,0.0,0.0,0.0,North,2016/2017,PAKOWHAI ROAD,HODGSON ROAD,Non-Injury Crash,No,2017,South,0.0,0.0,Flat,0.0,Queens Birthday,0.0,0.0,Dark,1404000.0,0.0,0.0,0.0,2.0,0.0,0.0,,Hawke's Bay Region,Nil,2-way,Sealed,0.0,0.0,0.0,80.0,0.0,None,1.0,0.0,,30.0,Hastings District,Unknown,0.0,0.0,0.0,0.0,0.0,0.0,Open,0.0,0.0,0.0,Fine
361311,1926465.0,5608002.0,545710.0,0.0,0.0,1.0,Null,2003/2004,OMAHU ROAD,HENDERSON ROAD,Non-Injury Crash,No,2004,East,0.0,,Flat,,,,,Dark,1470900.0,0.0,0.0,0.0,3.0,0.0,,,Hawke's Bay Region,Nil,2-way,Sealed,0.0,0.0,,50.0,,On,0.0,0.0,,30.0,Hastings District,Give way,,,,,0.0,0.0,Urban,1.0,,,Fine
669298,1930510.0,5604594.0,548100.0,1.0,1.0,0.0,Null,2018/2019,ST AUBYN ST EAST,WILLOWPARK ROAD NORTH,Non-Injury Crash,No,2018,South,0.0,,Flat,,,,,Bright sun,1500800.0,0.0,0.0,0.0,2.0,0.0,,,Hawke's Bay Region,Nil,2-way,Sealed,0.0,0.0,,50.0,,Null,0.0,0.0,,30.0,Hastings District,Give way,,,,,0.0,0.0,Urban,0.0,,,Fine
521002,1931646.0,5606486.0,545721.0,0.0,0.0,3.0,Null,2004/2005,Z CPK A&P SHOWGROUNDS,SH 2/KENILWORTH,Non-Injury Crash,No,2004,East,0.0,0.0,Flat,0.0,,0.0,0.0,Bright sun,1471700.0,0.0,0.0,0.0,0.0,0.0,2.0,,Hawke's Bay Region,Nil,Off road,Unsealed,0.0,0.0,0.0,50.0,0.0,Null,0.0,0.0,,30.0,Hastings District,Nil,0.0,0.0,0.0,0.0,0.0,0.0,Urban,0.0,0.0,0.0,Fine
121282,1928786.0,5605625.0,547700.0,0.0,0.0,2.0,Null,2010/2011,SOUTHAMPTON ST WEST,TOWNSHEND ST,Non-Injury Crash,No,2011,South,0.0,,Flat,,,,,Overcast,1486800.0,0.0,0.0,0.0,2.0,0.0,,,Hawke's Bay Region,Nil,2-way,Sealed,0.0,0.0,,50.0,,Null,0.0,0.0,,30.0,Hastings District,Give way,,,,,0.0,0.0,Urban,0.0,,,Fine
654017,1934180.0,5607200.0,545722.0,0.0,0.0,0.0,Null,2003/2004,SH 2,NAPIER ROAD,Minor Crash,Yes,2004,East,0.0,,Flat,,,,,Bright sun,1406200.0,1.0,0.0,0.0,3.0,0.0,,,Hawke's Bay Region,Nil,2-way,Sealed,0.0,0.0,,50.0,,Null,0.0,0.0,,30.0,Hastings District,Give way,,,,,1.0,0.0,Urban,1.0,,,Fine
298953,1914746.0,5588697.0,545851.0,0.0,0.0,1.0,North,2001/2002,SH 2,TE AUTE TRUST ROAD,Minor Crash,Yes,2002,South,0.0,0.0,Flat,0.0,Queens Birthday,0.0,0.0,Dark,1464500.0,2.0,0.0,0.0,2.0,0.0,0.0,,Hawke's Bay Region,Nil,2-way,Sealed,0.0,0.0,0.0,100.0,0.0,None,0.0,0.0,,30.0,Hastings District,Nil,0.0,0.0,0.0,0.0,0.0,0.0,Open,0.0,0.0,0.0,Mist or Fog
462170,1932774.3655,5605809.054,545721.0,0.0,0.0,1.0,North,2018/2019,ST GEORGES ROAD,FARMLET ROAD,Non-Injury Crash,No,2019,East,0.0,1.0,Flat,0.0,,0.0,0.0,Dark,1472100.0,0.0,0.0,0.0,2.0,0.0,0.0,,Hawke's Bay Region,Nil,2-way,Sealed,0.0,0.0,0.0,80.0,0.0,None,0.0,0.0,,30.0,Hastings District,Unknown,0.0,0.0,0.0,0.0,0.0,0.0,Open,0.0,0.0,0.0,Fine
627783,1932016.0,5630744.0,545611.0,0.0,0.0,1.0,West,2005/2006,HILL ROAD,SH 2,Non-Injury Crash,No,2005,East,0.0,0.0,Hill Road,0.0,,0.0,0.0,Bright sun,1413900.0,0.0,0.0,0.0,2.0,0.0,0.0,,Hawke's Bay Region,Nil,2-way,Sealed,0.0,0.0,0.0,100.0,0.0,Null,0.0,0.0,,30.0,Hastings District,Nil,0.0,0.0,0.0,0.0,0.0,0.0,Open,0.0,0.0,0.0,Fine
28232,1927214.688,5600471.3771,545852.0,0.0,0.0,2.0,Null,2019/2020,TE AUTE ROAD,CRYSTALL ROAD,Non-Injury Crash,No,2019,South,0.0,0.0,Flat,1.0,,0.0,0.0,Bright sun,1465700.0,0.0,0.0,0.0,2.0,0.0,0.0,,Hawke's Bay Region,Nil,2-way,Sealed,0.0,0.0,0.0,100.0,0.0,None,0.0,0.0,,30.0,Hastings District,Give way,0.0,0.0,0.0,0.0,0.0,0.0,Open,0.0,0.0,0.0,Fine
611838,1935163.5318,5647155.9475,545911.0,0.0,0.0,0.0,South,2019/2020,SH 2,WAIKOAU BR,Minor Crash,Yes,2019,South,0.0,0.0,Flat,0.0,,0.0,0.0,Overcast,1415400.0,1.0,0.0,0.0,2.0,0.0,0.0,,Hawke's Bay Region,Nil,2-way,Sealed,0.0,0.0,0.0,100.0,0.0,None,0.0,0.0,,30.0,Hastings District,Unknown,0.0,0.0,0.0,0.0,2.0,0.0,Open,0.0,0.0,0.0,Light rain
344993,1929137.0,5605815.0,547700.0,0.0,0.0,2.0,Null,2001/2002,HERETAUNGA ST WEST,GRAYS ROAD,Minor Crash,No,2001,South,0.0,,Flat,,,,,Bright sun,1487300.0,1.0,0.0,0.0,2.0,0.0,,,Hawke's Bay Region,Nil,2-way,Sealed,0.0,0.0,,50.0,,Null,0.0,0.0,,30.0,Hastings District,Give way,,,,,0.0,0.0,Urban,0.0,,,Fine
122514,1930884.0,5603614.0,548300.0,0.0,0.0,2.0,Null,2011/2012,HERETAUNGA ST EAST,NORTON ROAD,Non-Injury Crash,No,2011,South,0.0,,Flat,,,,,Bright sun,1502700.0,0.0,0.0,0.0,2.0,0.0,,,Hawke's Bay Region,Nil,2-way,Sealed,0.0,0.0,,50.0,,Null,0.0,0.0,,30.0,Hastings District,Nil,,,,,0.0,0.0,Urban,0.0,,,Fine
85865,1930090.0,5604957.0,548200.0,0.0,0.0,2.0,Null,2017/2018,KARAMU ROAD NORTH,AVENUE ROAD EAST,Non-Injury Crash,No,2017,North,0.0,,Flat,,,,,Overcast,1492900.0,0.0,0.0,0.0,2.0,0.0,,,Hawke's Bay Region,Nil,2-way,Sealed,0.0,0.0,,50.0,,Null,0.0,0.0,,30.0,Hastings District,Stop,,,,,0.0,0.0,Urban,0.0,,,Light rain
588148,1905634.0,5600769.0,545841.0,0.0,0.0,0.0,South,2011/2012,SH 50,GLENCOE STATION ROAD,Non-Injury Crash,Yes,2011,North,0.0,1.0,Hill Road,0.0,,0.0,0.0,Bright sun,1462500.0,0.0,0.0,0.0,2.0,0.0,0.0,,Hawke's Bay Region,Nil,2-way,Sealed,0.0,0.0,0.0,100.0,0.0,Null,0.0,0.0,,30.0,Hastings District,Nil,0.0,0.0,0.0,0.0,0.0,0.0,Open,1.0,0.0,0.0,Fine
204452,1928798.7224,5601912.7393,545762.0,0.0,0.0,1.0,Null,2019/2020,ALGERNON ROAD,NORTON ROAD,Minor Crash,No,2020,South,0.0,1.0,Flat,0.0,,0.0,0.0,Dark,1468100.0,1.0,0.0,0.0,2.0,0.0,0.0,,Hawke's Bay Region,Nil,2-way,Sealed,0.0,0.0,0.0,100.0,0.0,None,0.0,0.0,,30.0,Hastings District,Nil,0.0,0.0,0.0,0.0,0.0,0.0,Open,0.0,0.0,0.0,Fine
420873,1928286.0,5606760.0,547800.0,0.0,0.0,2.0,North,2002/2003,OMAHU ROAD,CANNING ROAD,Non-Injury Crash,No,2003,South,0.0,,Flat,,,,,Overcast,1477100.0,0.0,0.0,0.0,2.0,0.0,,,Hawke's Bay Region,Nil,2-way,Sealed,0.0,0.0,,50.0,,Null,0.0,0.0,,30.0,Hastings District,Nil,,,,,0.0,0.0,Urban,0.0,,,Fine
544158,1924480.0,5609140.0,545710.0,0.0,0.0,1.0,South,2004/2005,OMAHU ROAD,HILL ROAD,Minor Crash,No,2005,South,0.0,0.0,Flat,0.0,,0.0,0.0,Dark,1470600.0,1.0,0.0,0.0,2.0,0.0,0.0,,Hawke's Bay Region,Nil,2-way,Sealed,0.0,0.0,0.0,100.0,0.0,None,0.0,0.0,,30.0,Hastings District,Nil,0.0,0.0,0.0,0.0,0.0,0.0,Open,0.0,0.0,0.0,Fine
242111,1929439.0,5606032.0,547700.0,0.0,0.0,2.0,Null,2008/2009,ST AUBYN ST WEST,GRAYS ROAD,Non-Injury Crash,No,2008,North,0.0,,Flat,,,,,Bright sun,1488300.0,0.0,0.0,0.0,2.0,0.0,,,Hawke's Bay Region,Nil,2-way,Sealed,0.0,0.0,,50.0,,Null,0.0,0.0,,30.0,Hastings District,Give way,,,,,0.0,0.0,Urban,0.0,,,Fine
209139,1929850.0,5605477.0,548200.0,0.0,0.0,2.0,Null,2011/2012,NELSON ST NORTH,ST AUBYN ST WEST,Minor Crash,No,2011,South,0.0,,Flat,,,,,Dark,1490405.0,2.0,0.0,0.0,3.0,0.0,,,Hawke's Bay Region,Nil,2-way,Sealed,0.0,0.0,,50.0,,On,0.0,0.0,,30.0,Hastings District,Traffic Signals,,,,,0.0,0.0,Urban,0.0,,,Fine
614139,1929480.0,5609308.0,545710.0,0.0,0.0,2.0,North,2015/2016,ORMOND ROAD,EVENDEN ROAD,Non-Injury Crash,No,2016,North,0.0,1.0,Flat,0.0,,0.0,0.0,Bright sun,1471100.0,0.0,0.0,0.0,2.0,0.0,0.0,,Hawke's Bay Region,Nil,2-way,Sealed,0.0,0.0,0.0,100.0,0.0,Null,0.0,0.0,,30.0,Hastings District,Nil,0.0,0.0,0.0,0.0,0.0,0.0,Open,0.0,0.0,0.0,Fine
112536,1924473.0,5607366.0,548612.0,0.0,0.0,2.0,East,2008/2009,SCOTT DRIVE,HUDSON ROAD,Non-Injury Crash,No,2008,West,0.0,,Flat,,,,,Overcast,1474003.0,0.0,0.0,0.0,2.0,0.0,,,Hawke's Bay Region,Nil,2-way,Sealed,0.0,0.0,,50.0,,Null,0.0,0.0,,30.0,Hastings District,Nil,,,,,0.0,0.0,Urban,0.0,,,Light rain
648984,1932649.0,5609522.0,545832.0,0.0,0.0,1.0,South,2008/2009,PAKOWHAI ROAD,FARNDON ROAD,Non-Injury Crash,No,2008,South,0.0,1.0,Flat,0.0,,0.0,0.0,Dark,1404300.0,0.0,0.0,0.0,2.0,0.0,0.0,,Hawke's Bay Region,Nil,2-way,Sealed,0.0,0.0,0.0,100.0,0.0,On,0.0,0.0,,30.0,Hastings District,Nil,0.0,0.0,0.0,1.0,0.0,0.0,Open,0.0,0.0,0.0,Fine
234917,1908046.0,5615600.0,545821.0,0.0,0.0,0.0,West,2006/2007,CROWNTHORPE SETTLEMENT RO,MATAPIRO ROAD,Non-Injury Crash,No,2006,West,0.0,1.0,Hill Road,0.0,,0.0,0.0,Overcast,1410200.0,0.0,0.0,0.0,1.0,0.0,0.0,,Hawke's Bay Region,Nil,2-way,Sealed,0.0,0.0,0.0,100.0,0.0,Null,0.0,0.0,,30.0,Hastings District,Nil,0.0,0.0,0.0,0.0,0.0,0.0,Open,1.0,0.0,0.0,Fine
331712,1931037.0,5603822.0,548100.0,0.0,0.0,2.0,West,2001/2002,WINDSOR AVENUE,ST AUBYN ST EAST,Non-Injury Crash,No,2002,East,0.0,0.0,Flat,0.0,,0.0,0.0,Bright sun,1500300.0,0.0,0.0,0.0,2.0,0.0,1.0,,Hawke's Bay Region,Nil,2-way,Sealed,0.0,0.0,0.0,50.0,0.0,Null,0.0,0.0,,30.0,Hastings District,Nil,0.0,0.0,0.0,0.0,0.0,0.0,Urban,0.0,0.0,0.0,Fine
250274,1929496.0,5608810.0,545710.0,0.0,0.0,2.0,Null,2007/2008,SH 50A,EVENDEN ROAD,Non-Injury Crash,Yes,2008,West,0.0,,Flat,,,,,Twilight,1471100.0,0.0,0.0,0.0,2.0,0.0,,,Hawke's Bay Region,Nil,2-way,Sealed,0.0,0.0,,100.0,,Off,0.0,0.0,,30.0,Hastings District,Give way,,,,,0.0,0.0,Open,0.0,,,Fine
357660,1930648.0,5603868.0,548100.0,0.0,0.0,0.0,East,2003/2004,HERETAUNGA ST EAST,PARK ROAD NORTH,Non-Injury Crash,No,2003,East,0.0,,Flat,,,,,Bright sun,1501400.0,0.0,0.0,0.0,2.0,0.0,,,Hawke's Bay Region,Nil,2-way,Sealed,0.0,0.0,,50.0,,Null,0.0,0.0,,30.0,Hastings District,Nil,,,,,1.0,0.0,Urban,1.0,,,Fine
411087,1900958.0,5615305.0,545821.0,0.0,0.0,1.0,East,2012/2013,MATAPIRO ROAD,OTAMAURI ROAD,Non-Injury Crash,No,2013,South,0.0,,Flat,,Queens Birthday,,,Bright sun,1410100.0,0.0,0.0,0.0,2.0,0.0,,,Hawke's Bay Region,Nil,2-way,Sealed,0.0,0.0,,100.0,,Null,1.0,0.0,,30.0,Hastings District,Nil,,,,,0.0,0.0,Open,0.0,,,Fine
183147,1927646.0,5607380.0,547800.0,0.0,0.0,1.0,East,2014/2015,OMAHU ROAD,SH 50A,Non-Injury Crash,No,2014,West,0.0,,Flat,,,,,Bright sun,1476600.0,0.0,0.0,0.0,2.0,0.0,,,Hawke's Bay Region,Nil,2-way,Sealed,0.0,0.0,,50.0,,Null,1.0,0.0,,30.0,Hastings District,Give way,,,,,0.0,0.0,Urban,0.0,,,Fine
259784,1929948.0,5605347.0,548200.0,0.0,0.0,1.0,Null,2004/2005,KING ST NORTH,ST AUBYN ST WEST,Non-Injury Crash,No,2005,South,0.0,,Flat,,,,,Bright sun,1491500.0,0.0,0.0,0.0,2.0,0.0,,,Hawke's Bay Region,Nil,2-way,Sealed,0.0,0.0,,50.0,,Null,0.0,0.0,,30.0,Hastings District,Give way,,,,,1.0,0.0,Urban,0.0,,,Fine
301378,1929735.0,5606377.0,547600.0,0.0,0.0,2.0,South,2014/2015,LANE ST,TAMATEA ST,Non-Injury Crash,No,2015,South,0.0,0.0,Flat,0.0,Christmas New Year,0.0,0.0,Bright sun,1485600.0,0.0,0.0,0.0,2.0,0.0,1.0,,Hawke's Bay Region,Nil,2-way,Sealed,0.0,0.0,0.0,50.0,0.0,Off,0.0,0.0,,30.0,Hastings District,Nil,0.0,0.0,0.0,0.0,0.0,0.0,Urban,0.0,0.0,0.0,Fine
492869,1929015.1266,5604089.2646,547900.0,0.0,0.0,1.0,Null,2018/2019,RAILWAY ROAD,GASCOIGNE STREET,Minor Crash,No,2019,South,0.0,,Flat,,,,,Bright sun,1482400.0,1.0,0.0,0.0,2.0,0.0,,,Hawke's Bay Region,Nil,2-way,Sealed,0.0,0.0,,50.0,,Off,1.0,0.0,,30.0,Hastings District,Stop,,,,,0.0,0.0,Urban,0.0,,,Fine
585696,1935892.0,5595028.0,545860.0,0.0,0.0,0.0,South,2012/2013,KAHURANAKI ROAD,WAIMARAMA ROAD,Minor Crash,No,2013,North,0.0,1.0,Flat,0.0,,0.0,0.0,Bright sun,1467400.0,1.0,0.0,0.0,2.0,0.0,0.0,,Hawke's Bay Region,Nil,2-way,Sealed,0.0,0.0,0.0,100.0,0.0,Null,0.0,0.0,,30.0,Hastings District,Nil,0.0,0.0,0.0,1.0,0.0,0.0,Open,1.0,0.0,0.0,Fine
645420,1916320.0,5591270.0,545851.0,0.0,0.0,2.0,South,2003/2004,SH 2,BURMA ROAD,Minor Crash,Yes,2004,North,0.0,0.0,Flat,0.0,,0.0,0.0,Overcast,1464300.0,2.0,0.0,0.0,2.0,0.0,0.0,,Hawke's Bay Region,Nil,2-way,Sealed,0.0,0.0,0.0,100.0,0.0,Null,0.0,0.0,,30.0,Hastings District,Nil,0.0,0.0,0.0,0.0,0.0,0.0,Open,0.0,0.0,0.0,Fine
212349,1929340.0,5586579.0,545860.0,0.0,0.0,1.0,South,2009/2010,KAHURANAKI ROAD,MACKENZIE ROAD,Non-Injury Crash,No,2010,South,0.0,0.0,Flat,0.0,,0.0,0.0,Twilight,1467400.0,0.0,0.0,0.0,2.0,0.0,0.0,,Hawke's Bay Region,Nil,2-way,Unsealed,0.0,0.0,0.0,100.0,0.0,Off,0.0,0.0,,30.0,Hastings District,Nil,0.0,0.0,0.0,0.0,0.0,0.0,Open,0.0,0.0,0.0,Fine
261730,1928983.0,5609468.0,545710.0,0.0,0.0,1.0,North,2006/2007,EVENDEN ROAD,ORMOND ROAD,Minor Crash,No,2007,West,0.0,,Flat,,,,,Overcast,1471000.0,1.0,0.0,0.0,2.0,0.0,,,Hawke's Bay Region,Nil,2-way,Sealed,0.0,0.0,,100.0,,Null,0.0,0.0,,30.0,Hastings District,Nil,,,,,0.0,0.0,Open,1.0,,,Light rain
736253,1926812.0,5604765.0,545761.0,0.0,0.0,0.0,Null,2006/2007,HEATHCOTE ROAD,MARAEKAKAHO ROAD,Non-Injury Crash,No,2007,North,0.0,0.0,Flat,0.0,,0.0,0.0,Dark,1468801.0,0.0,0.0,0.0,2.0,0.0,0.0,,Hawke's Bay Region,Nil,2-way,Sealed,0.0,0.0,0.0,100.0,0.0,On,0.0,0.0,,30.0,Hastings District,Stop,0.0,0.0,0.0,0.0,0.0,0.0,Open,1.0,0.0,0.0,Fine
486550,1932725.0,5601814.0,548831.0,0.0,0.0,2.0,North,2012/2013,NAPIER ROAD,PORTER DRIVE,Non-Injury Crash,No,2012,East,0.0,,Flat,,,,,Bright sun,1509600.0,0.0,0.0,0.0,2.0,0.0,,,Hawke's Bay Region,Nil,2-way,Sealed,0.0,0.0,,50.0,,Null,0.0,0.0,,30.0,Hastings District,Nil,,,,,0.0,0.0,Urban,0.0,,,Fine
170693,1927526.0,5607349.0,548400.0,0.0,0.0,1.0,West,2016/2017,SH 50A,OMAHU ROAD,Non-Injury Crash,Yes,2017,East,0.0,,Flat,,,,,Overcast,1473500.0,0.0,0.0,0.0,2.0,0.0,,,Hawke's Bay Region,Nil,2-way,Sealed,0.0,0.0,,100.0,,Null,0.0,0.0,,30.0,Hastings District,Unknown,,,,,0.0,0.0,Open,1.0,,,Fine
561408,1917627.0,5600007.0,545841.0,0.0,0.0,0.0,South,2013/2014,RAUKAWA ROAD,GREEN HILL ROAD,Serious Crash,No,2014,North,0.0,1.0,Flat,0.0,,0.0,0.0,Bright sun,1463000.0,0.0,0.0,0.0,2.0,0.0,0.0,,Hawke's Bay Region,Nil,2-way,Sealed,0.0,1.0,0.0,100.0,0.0,None,1.0,0.0,,30.0,Hastings District,Nil,0.0,0.0,0.0,0.0,0.0,0.0,Open,0.0,0.0,0.0,Fine
612599,1929370.7323,5605104.6045,548200.0,0.0,0.0,2.0,Null,2020/2021,LYNDON ROAD WEST,NELSON STREET SOUTH,Non-Injury Crash,No,2020,North,0.0,,Flat,,,,,Overcast,1489300.0,0.0,0.0,0.0,2.0,0.0,,,Hawke's Bay Region,Nil,2-way,Sealed,0.0,0.0,,50.0,,None,0.0,0.0,,30.0,Hastings District,Give way,,,,,0.0,0.0,Urban,0.0,,,Light rain
547585,1930562.0,5610763.0,545832.0,0.0,0.0,2.0,North,2004/2005,SH 50A,NGARURORO BR,Non-Injury Crash,Yes,2005,South,0.0,,Flat,,Queens Birthday,,,Dark,1404400.0,0.0,0.0,0.0,2.0,0.0,,,Hawke's Bay Region,Nil,2-way,Sealed,0.0,0.0,,100.0,,None,0.0,0.0,,30.0,Hastings District,Nil,,,,,1.0,0.0,Open,0.0,,,Fine
155032,1931761.0,5608556.0,545710.0,0.0,0.0,0.0,North,2012/2013,PAKOWHAI ROAD,ELWOOD ROAD,Minor Crash,No,2013,South,0.0,,Flat,,,,,Dark,1471100.0,1.0,0.0,0.0,2.0,0.0,,,Hawke's Bay Region,Nil,2-way,Sealed,0.0,0.0,,100.0,,None,1.0,0.0,,30.0,Hastings District,Nil,,,,,1.0,0.0,Open,0.0,,,Fine
360432,1929737.0,5614649.0,545831.0,0.0,0.0,1.0,South,2009/2010,WAIOHIKI ROAD,HATAS LANE,Non-Injury Crash,No,2009,South,0.0,0.0,Flat,0.0,,0.0,0.0,Bright sun,1404600.0,0.0,0.0,0.0,2.0,0.0,0.0,,Hawke's Bay Region,Nil,2-way,Sealed,0.0,0.0,0.0,70.0,0.0,Null,0.0,0.0,,30.0,Hastings District,Nil,0.0,0.0,0.0,0.0,0.0,0.0,Urban,0.0,0.0,0.0,Light rain
38574,1937925.0,5608298.0,545740.0,0.0,0.0,1.0,North,2008/2009,MILL ROAD,TUKITUKI ROAD,Non-Injury Crash,No,2009,West,0.0,1.0,Flat,0.0,,0.0,0.0,Bright sun,1407700.0,0.0,0.0,0.0,2.0,0.0,0.0,,Hawke's Bay Region,Nil,2-way,Sealed,0.0,0.0,0.0,100.0,0.0,Null,0.0,0.0,,30.0,Hastings District,Nil,0.0,0.0,0.0,0.0,0.0,0.0,Open,0.0,0.0,0.0,Fine
387030,1930935.0,5613540.0,545831.0,0.0,0.0,1.0,Null,2017/2018,SH 50A,LINKS ROAD,Non-Injury Crash,Yes,2018,North,0.0,,Flat,,,,,Bright sun,1404600.0,0.0,0.0,0.0,2.0,0.0,,,Hawke's Bay Region,Nil,2-way,Sealed,0.0,0.0,,30.0,,Null,1.0,0.0,,30.0,Hastings District,Give way,,,,,0.0,0.0,Urban,0.0,,,Fine
476749,1929872.0,5604644.0,548200.0,0.0,0.0,2.0,Null,2006/2007,WARREN ST SOUTH,EASTBOURNE ST EAST,Minor Crash,No,2007,West,0.0,,Flat,,,,,Overcast,1493200.0,1.0,0.0,0.0,2.0,0.0,,,Hawke's Bay Region,Nil,2-way,Sealed,0.0,0.0,,50.0,,Null,1.0,0.0,,30.0,Hastings District,Give way,,,,,0.0,0.0,Urban,0.0,,,Heavy rain
638093,1932288.4097,5611137.4059,545832.0,0.0,0.0,0.0,South,2019/2020,PAKOWHAI ROAD,BROOKFIELDS ROAD,Non-Injury Crash,No,2019,South,0.0,1.0,Flat,0.0,,0.0,0.0,Dark,1404100.0,0.0,0.0,0.0,2.0,0.0,0.0,,Hawke's Bay Region,Nil,2-way,Sealed,0.0,0.0,0.0,80.0,0.0,None,0.0,0.0,,30.0,Hastings District,Unknown,0.0,0.0,0.0,0.0,0.0,0.0,Open,1.0,0.0,0.0,Fine
286747,1935718.0,5652122.0,545911.0,0.0,0.0,0.0,South,2004/2005,SH 2,WAIKOAU ROAD,Non-Injury Crash,Yes,2005,South,0.0,,Flat,,Queens Birthday,,,Dark,1415400.0,0.0,0.0,0.0,2.0,0.0,,,Hawke's Bay Region,Nil,2-way,Sealed,0.0,0.0,,100.0,,None,0.0,0.0,,30.0,Hastings District,Nil,,,,,1.0,0.0,Open,0.0,,,Mist or Fog
287451,1932480.459,5610415.4706,545832.0,0.0,0.0,2.0,Null,2019/2020,PAKOWHAI ROAD,HODGSON ROAD,Non-Injury Crash,No,2019,North,0.0,,Flat,,,,,Bright sun,1404000.0,0.0,0.0,0.0,2.0,0.0,,,Hawke's Bay Region,Nil,2-way,Sealed,0.0,0.0,,80.0,,Off,0.0,0.0,,30.0,Hastings District,Stop,,,,,0.0,0.0,Open,0.0,,,Fine
724106,1925325.0,5605390.0,545842.0,0.0,0.0,0.0,Null,2000/2001,STOCK ROAD,IRONGATE ROAD,Fatal Crash,No,2000,South,1.0,1.0,Flat,0.0,,0.0,0.0,Bright sun,1470214.0,2.0,0.0,0.0,2.0,0.0,0.0,,Hawke's Bay Region,Nil,2-way,Sealed,0.0,3.0,0.0,100.0,0.0,Null,0.0,0.0,,30.0,Hastings District,Stop,0.0,0.0,0.0,0.0,0.0,0.0,Open,2.0,0.0,0.0,Fine
153879,1935123.0,5659831.0,545911.0,0.0,0.0,1.0,North,2005/2006,MATAHORUA ROAD,POHOKURA ROAD,Minor Crash,No,2006,South,0.0,1.0,Flat,0.0,,0.0,0.0,Overcast,1416100.0,1.0,0.0,0.0,2.0,0.0,0.0,,Hawke's Bay Region,Nil,2-way,Unsealed,0.0,0.0,0.0,100.0,0.0,None,0.0,0.0,,30.0,Hastings District,Nil,0.0,0.0,0.0,0.0,0.0,0.0,Open,0.0,0.0,0.0,Fine
47245,1924864.0,5608807.0,545710.0,0.0,0.0,1.0,Null,2013/2014,OMAHU ROAD,TWYFORD ROAD,Non-Injury Crash,No,2013,North,0.0,,Flat,,,,,Overcast,1470600.0,0.0,0.0,0.0,2.0,0.0,,,Hawke's Bay Region,Nil,2-way,Sealed,0.0,0.0,,70.0,,Null,1.0,0.0,,30.0,Hastings District,Give way,,,,,0.0,0.0,Urban,0.0,,,Fine
300403,1929984.0,5604739.0,548200.0,0.0,0.0,2.0,Null,2007/2008,Z CPK,WARREN/HERETAUNGA,Non-Injury Crash,No,2007,West,0.0,0.0,Flat,0.0,,0.0,0.0,Overcast,1492700.0,0.0,0.0,0.0,0.0,0.0,1.0,,Hawke's Bay Region,Nil,Off road,Sealed,0.0,0.0,0.0,50.0,0.0,Null,0.0,0.0,,30.0,Hastings District,Nil,0.0,0.0,0.0,0.0,0.0,0.0,Urban,0.0,0.0,0.0,Fine
677163,1931580.0,5602901.0,545721.0,0.0,0.0,1.0,Null,2005/2006,HAVELOCK ROAD,ST GEORGES ROAD,Non-Injury Crash,No,2005,South,0.0,,Flat,,,,,Overcast,1472900.0,0.0,0.0,0.0,2.0,0.0,,,Hawke's Bay Region,Nil,2-way,Sealed,0.0,0.0,,70.0,,Null,0.0,0.0,,30.0,Hastings District,Stop,,,,,0.0,0.0,Urban,1.0,,,Mist or Fog
527906,1929764.0,5604384.0,548200.0,1.0,0.0,1.0,Null,2016/2017,SOUTHAMPTON ST EAST,HASTINGS ST SOUTH,Serious Crash,No,2017,North,0.0,,Flat,,Christmas New Year,,,Overcast,1493000.0,0.0,0.0,0.0,2.0,0.0,,,Hawke's Bay Region,Nil,2-way,Sealed,0.0,1.0,,50.0,,Off,0.0,0.0,,30.0,Hastings District,Give way,,,,,0.0,0.0,Urban,0.0,,,Light rain
642035,1933837.0,5604223.0,545750.0,0.0,0.0,2.0,South,2002/2003,NAPIER ROAD,FLANDERS ROAD,Non-Injury Crash,No,2002,North,0.0,0.0,Flat,0.0,,0.0,0.0,Overcast,1406702.0,0.0,0.0,0.0,2.0,0.0,0.0,,Hawke's Bay Region,Bridge,2-way,Sealed,0.0,0.0,0.0,100.0,0.0,Null,0.0,0.0,,30.0,Hastings District,Nil,0.0,0.0,0.0,0.0,0.0,0.0,Open,0.0,0.0,0.0,Fine
325844,1933574.0,5609828.0,545832.0,0.0,0.0,0.0,East,2008/2009,FARNDON ROAD,CHESTERHOPE BRIDGE,Non-Injury Crash,No,2008,North,0.0,0.0,Flat,0.0,,0.0,0.0,Overcast,1404200.0,0.0,0.0,0.0,2.0,0.0,0.0,,Hawke's Bay Region,Nil,2-way,Sealed,0.0,0.0,0.0,100.0,0.0,Null,1.0,0.0,,30.0,Hastings District,Nil,0.0,0.0,0.0,0.0,0.0,0.0,Open,0.0,0.0,0.0,Heavy rain