OBJECTID,X,Y,areaUnitID,bicycle,bus,carStationWagon,crashDirectionDescription,crashFinancialYear,crashLocation1,crashLocation2,crashSeverity,crashSHDescription,crashYear,directionRoleDescription,fatalCount,fence,flatHill,guardRail,holiday,houseOrBuilding,kerb,light,meshblockId,minorInjuryCount,moped,motorcycle,NumberOfLanes,otherVehicleType,parkedVehicle,pedestrian,region,roadCharacter,roadLane,roadSurface,schoolBus,seriousInjuryCount,slipOrFlood,speedLimit,strayAnimal,streetLight,suv,taxi,temporarySpeedLimit,tlaId,tlaName,trafficControl,trafficIsland,trafficSign,train,tree,truck,unknownVehicleType,urban,vanOrUtility,vehicle,waterRiver,weatherA
255852,1929799.0,5604635.0,548200.0,0.0,0.0,1.0,West,2006/2007,Z CPK LIBRARY,WARREN/SOUTHAMPTON,Non-Injury Crash,No,2006,East,0.0,0.0,Flat,0.0,,0.0,0.0,Bright sun,1492500.0,0.0,0.0,0.0,1.0,0.0,0.0,,Hawke's Bay Region,Nil,Off road,Sealed,0.0,0.0,0.0,50.0,0.0,Null,0.0,0.0,,30.0,Hastings District,Nil,0.0,0.0,0.0,0.0,0.0,0.0,Urban,0.0,0.0,0.0,Fine
131018,1929816.0,5605122.0,548200.0,0.0,0.0,2.0,West,2006/2007,QUEEN ST WEST,MARKET ST NORTH,Minor Crash,No,2006,East,0.0,,Flat,,,,,Bright sun,1491300.0,1.0,0.0,0.0,2.0,0.0,,,Hawke's Bay Region,Nil,2-way,Sealed,0.0,0.0,,50.0,,Null,0.0,0.0,,30.0,Hastings District,Nil,,,,,0.0,0.0,Urban,1.0,,,Fine
722953,1908851.0,5666038.0,545911.0,0.0,0.0,1.0,North,2006/2007,SH 5,KOWARO ROADWAY,Minor Crash,Yes,2007,North,0.0,,Hill Road,,Easter,,,Bright sun,1414300.0,1.0,0.0,1.0,2.0,0.0,,,Hawke's Bay Region,Nil,2-way,Sealed,0.0,0.0,,100.0,,Null,0.0,0.0,,30.0,Hastings District,Nil,,,,,1.0,0.0,Open,0.0,,,Fine
399841,1931686.0,5604642.0,548000.0,0.0,0.0,1.0,North,2003/2004,SUSSEX ST,GROVE ROAD,Non-Injury Crash,No,2003,North,0.0,1.0,Flat,0.0,,0.0,0.0,Dark,1498900.0,0.0,0.0,0.0,2.0,0.0,0.0,,Hawke's Bay Region,Nil,2-way,Sealed,0.0,0.0,0.0,50.0,0.0,On,0.0,0.0,,30.0,Hastings District,Nil,0.0,0.0,0.0,0.0,0.0,0.0,Urban,0.0,0.0,0.0,Fine
643346,1929329.0,5605494.0,547700.0,0.0,0.0,2.0,Null,2007/2008,Z CPK PAK N SAVE,CHARLES/HERETAUNGA,Non-Injury Crash,No,2008,North,0.0,,Flat,,,,,Twilight,1487700.0,0.0,0.0,0.0,0.0,0.0,,,Hawke's Bay Region,Nil,Off road,Sealed,0.0,0.0,,50.0,,On,0.0,0.0,,30.0,Hastings District,Nil,,,,,0.0,0.0,Urban,0.0,,,Heavy rain
550414,1904624.0,5600026.0,545841.0,0.0,0.0,2.0,South,2004/2005,SH 50,SALISBURY ROAD,Minor Crash,Yes,2005,North,0.0,,Hill Road,,Easter,,,Overcast,1462500.0,1.0,0.0,0.0,2.0,0.0,,,Hawke's Bay Region,Nil,2-way,Sealed,0.0,0.0,,100.0,,Null,0.0,0.0,,30.0,Hastings District,Nil,,,,,0.0,0.0,Open,0.0,,,Light rain
734864,1930554.0,5606072.0,547600.0,0.0,0.0,1.0,North,2005/2006,BURNETT ST,NELSON ST NORTH,Minor Crash,No,2005,East,0.0,0.0,Flat,0.0,,0.0,0.0,Dark,1483700.0,1.0,0.0,0.0,2.0,0.0,1.0,,Hawke's Bay Region,Nil,2-way,Sealed,0.0,0.0,0.0,50.0,0.0,On,0.0,0.0,,30.0,Hastings District,Nil,0.0,0.0,0.0,0.0,0.0,0.0,Urban,1.0,0.0,0.0,Fine
165724,1903928.0,5621180.0,545821.0,0.0,0.0,1.0,Null,2008/2009,Z DWAY,TAIHAPE/LECHLADE,Non-Injury Crash,No,2008,West,0.0,,Flat,,,,,Dark,1410000.0,0.0,0.0,0.0,0.0,0.0,,,Hawke's Bay Region,Nil,Off road,Sealed,0.0,0.0,,50.0,,On,1.0,0.0,,30.0,Hastings District,Nil,,,,,0.0,0.0,Urban,0.0,,,Fine
134333,1925538.0,5603203.0,545842.0,0.0,0.0,1.0,Null,2009/2010,MARAEKAKAHO ROAD,SH 50A,Minor Crash,No,2009,North,0.0,,Flat,,,,,Bright sun,1470213.0,1.0,0.0,0.0,2.0,0.0,,,Hawke's Bay Region,Nil,2-way,Sealed,0.0,0.0,,70.0,,Null,1.0,0.0,,30.0,Hastings District,Give way,,,,,0.0,0.0,Urban,0.0,,,Fine
293968,1936846.0,5596823.0,545851.0,0.0,0.0,2.0,North,2006/2007,WAIMARAMA ROAD,MATANGI ROAD,Non-Injury Crash,No,2007,North,0.0,,Flat,,,,,Bright sun,1467002.0,0.0,0.0,0.0,2.0,0.0,,,Hawke's Bay Region,Nil,2-way,Sealed,0.0,0.0,,100.0,,Null,0.0,0.0,,30.0,Hastings District,Nil,,,,,0.0,0.0,Open,0.0,,,Fine
422855,1931183.0,5614202.0,545831.0,0.0,0.0,1.0,North,2015/2016,SH 50,PAKOWHAI ON NBD,Non-Injury Crash,Yes,2016,North,0.0,,Flat,,,,,Bright sun,1404600.0,0.0,0.0,0.0,2.0,0.0,,,Hawke's Bay Region,Nil,2-way,Sealed,0.0,0.0,,100.0,,Null,1.0,0.0,,30.0,Hastings District,Unknown,,,,,0.0,0.0,Open,0.0,,,Heavy rain
222605,1931577.0,5602876.0,545721.0,0.0,0.0,2.0,Null,2002/2003,HAVELOCK ROAD,ST GEORGES ROAD,Non-Injury Crash,No,2003,East,0.0,,Flat,,,,,Overcast,1473000.0,0.0,0.0,0.0,2.0,0.0,,,Hawke's Bay Region,Nil,2-way,Sealed,0.0,0.0,,70.0,,None,0.0,0.0,,30.0,Hastings District,Stop,,,,,0.0,0.0,Urban,0.0,,,Heavy rain
245357,1924840.0,5606661.0,548620.0,0.0,0.0,1.0,Null,2008/2009,CAERNARVON DRIVE,SWANSEA ROAD,Non-Injury Crash,No,2009,South,0.0,0.0,Flat,0.0,,0.0,0.0,Bright sun,1475000.0,0.0,0.0,0.0,2.0,0.0,0.0,,Hawke's Bay Region,Nil,2-way,Sealed,0.0,0.0,0.0,50.0,0.0,Null,0.0,0.0,,30.0,Hastings District,Stop,1.0,1.0,0.0,0.0,1.0,0.0,Urban,0.0,0.0,0.0,Fine
608049,1929606.0,5604596.0,548300.0,0.0,0.0,2.0,Null,2011/2012,SOUTHAMPTON ST EAST,KARAMU ROAD SOUTH,Non-Injury Crash,No,2012,East,0.0,,Flat,,,,,Dark,1503100.0,0.0,0.0,0.0,2.0,0.0,,,Hawke's Bay Region,Nil,2-way,Sealed,0.0,0.0,,50.0,,On,0.0,0.0,,30.0,Hastings District,Give way,,,,,0.0,0.0,Urban,0.0,,,Fine
709603,1924932.0,5606337.0,548620.0,0.0,0.0,1.0,East,2009/2010,SUNDERLAND DRIVE,BIRKENHEAD CRESCENT,Non-Injury Crash,No,2010,East,0.0,,Flat,,,,,Bright sun,1475100.0,0.0,0.0,0.0,2.0,0.0,,,Hawke's Bay Region,Nil,2-way,Sealed,0.0,0.0,,50.0,,Null,0.0,0.0,,30.0,Hastings District,Nil,,,,,0.0,0.0,Urban,1.0,,,Fine
531634,1928553.0,5604165.0,547900.0,0.0,0.0,1.0,Null,2017/2018,FREYBERG ST,MURDOCH ROAD WEST,Non-Injury Crash,No,2017,North,0.0,1.0,Flat,0.0,Labour Weekend,0.0,0.0,Twilight,1482600.0,0.0,0.0,0.0,2.0,0.0,0.0,,Hawke's Bay Region,Nil,2-way,Sealed,0.0,0.0,0.0,50.0,0.0,On,0.0,0.0,,30.0,Hastings District,Give way,0.0,0.0,0.0,0.0,0.0,0.0,Urban,0.0,0.0,0.0,Fine
263949,1932274.0,5609028.0,545721.0,0.0,0.0,1.0,Null,2015/2016,PAKOWHAI ROAD,RUAHAPIA ROAD,Non-Injury Crash,No,2015,South,0.0,,Flat,,,,,Dark,1471600.0,0.0,0.0,0.0,4.0,0.0,,,Hawke's Bay Region,Nil,2-way,Sealed,0.0,0.0,,80.0,,On,1.0,0.0,,30.0,Hastings District,Give way,,,,,0.0,0.0,Open,0.0,,,Light rain
449063,1931039.0,5604995.0,548000.0,0.0,0.0,1.0,North,2001/2002,WILLOWPARK ROAD NORTH,JERVOIS ST,Non-Injury Crash,No,2002,South,0.0,,Flat,,,,,Overcast,1497600.0,0.0,0.0,0.0,2.0,0.0,,,Hawke's Bay Region,Nil,2-way,Sealed,0.0,0.0,,50.0,,Null,0.0,0.0,,30.0,Hastings District,Nil,,,,,0.0,0.0,Urban,1.0,,,Light rain
190162,1932652.0,5609542.0,545832.0,0.0,0.0,1.0,Null,2005/2006,CHESTERHOPE BRIDGE,FARNDON ROAD,Minor Crash,No,2005,South,0.0,,Flat,,Christmas New Year,,,Bright sun,1404300.0,1.0,0.0,0.0,2.0,0.0,,,Hawke's Bay Region,Nil,2-way,Sealed,0.0,0.0,,100.0,,Null,1.0,0.0,,30.0,Hastings District,Give way,,,,,0.0,0.0,Open,0.0,,,Fine
676337,1919964.0,5644768.0,545811.0,0.0,0.0,1.0,North,2004/2005,SH 5,GLENGARRY ROAD,Minor Crash,Yes,2005,South,0.0,0.0,Hill Road,0.0,,0.0,0.0,Overcast,1414600.0,1.0,0.0,0.0,2.0,0.0,0.0,,Hawke's Bay Region,Nil,2-way,Sealed,0.0,0.0,0.0,100.0,0.0,Null,0.0,0.0,,30.0,Hastings District,Nil,0.0,0.0,0.0,0.0,0.0,0.0,Open,0.0,0.0,0.0,Light rain
79032,1928508.0,5607214.0,547800.0,1.0,0.0,1.0,Null,2008/2009,NOTTINGLEY ROAD,NOTTINGLY ROAD,Minor Crash,No,2009,South,0.0,,Flat,,,,,Overcast,1476900.0,1.0,0.0,0.0,2.0,0.0,,,Hawke's Bay Region,Nil,2-way,Sealed,0.0,0.0,,50.0,,Null,0.0,0.0,,30.0,Hastings District,Give way,,,,,0.0,0.0,Urban,0.0,,,Fine
547065,1932813.0,5583144.0,545860.0,0.0,0.0,0.0,West,2009/2010,MARAETOTARA ROAD,OKAIHAU ROAD,Non-Injury Crash,No,2009,South,0.0,1.0,Hill Road,0.0,,0.0,0.0,Dark,1467400.0,0.0,0.0,0.0,0.0,0.0,0.0,,Hawke's Bay Region,Nil,2-way,Sealed,0.0,0.0,0.0,100.0,0.0,None,1.0,0.0,,30.0,Hastings District,Nil,0.0,0.0,0.0,1.0,0.0,0.0,Open,0.0,0.0,0.0,Null
641783,1937930.0,5610187.0,545730.0,0.0,0.0,1.0,Null,2010/2011,SCHOOL ROAD,PITT ST,Non-Injury Crash,No,2010,East,0.0,0.0,Flat,0.0,,0.0,0.0,Dark,1405200.0,0.0,0.0,0.0,2.0,0.0,0.0,,Hawke's Bay Region,Nil,2-way,Sealed,0.0,0.0,0.0,100.0,0.0,On,0.0,0.0,,30.0,Hastings District,Give way,0.0,0.0,0.0,0.0,0.0,0.0,Open,0.0,0.0,0.0,Heavy rain
229626,1929465.0,5604983.0,548200.0,0.0,0.0,2.0,Null,1999/2000,KING ST SOUTH,LYNDON ROAD WEST,Non-Injury Crash,No,2000,West,0.0,,Flat,,,,,Bright sun,1489801.0,0.0,0.0,0.0,2.0,0.0,,,Hawke's Bay Region,Nil,2-way,Sealed,0.0,0.0,,50.0,,Null,0.0,1.0,,30.0,Hastings District,Give way,,,,,0.0,0.0,Urban,0.0,,,Fine
17127,1919325.0,5613745.0,545821.0,0.0,0.0,0.0,West,2011/2012,TAIHAPE ROAD,OHITI ROAD,Minor Crash,No,2012,North,0.0,,Flat,,,,,Overcast,1408900.0,1.0,0.0,1.0,2.0,0.0,,,Hawke's Bay Region,Nil,2-way,Sealed,0.0,0.0,,100.0,,Null,0.0,0.0,,30.0,Hastings District,Nil,,,,,0.0,0.0,Open,0.0,,,Light rain
257320,1930295.9093,5607421.8179,545710.0,0.0,0.0,0.0,North,2019/2020,PAKOWHAI ROAD,WILLIAMS STREET,Non-Injury Crash,No,2019,North,0.0,0.0,Flat,0.0,Christmas New Year,0.0,0.0,Overcast,1471300.0,0.0,0.0,0.0,2.0,0.0,0.0,,Hawke's Bay Region,Nil,2-way,Sealed,0.0,0.0,0.0,50.0,0.0,Off,1.0,0.0,,30.0,Hastings District,Unknown,0.0,0.0,0.0,0.0,0.0,0.0,Urban,0.0,0.0,0.0,Fine
324235,1924870.4271,5600949.2762,545852.0,0.0,0.0,2.0,South,2018/2019,50A-0000/07.55,MANGAROA ROAD,Non-Injury Crash,Yes,2018,North,0.0,0.0,Flat,0.0,,0.0,0.0,Dark,1469600.0,0.0,0.0,0.0,2.0,0.0,0.0,,Hawke's Bay Region,Nil,2-way,Sealed,0.0,0.0,0.0,100.0,0.0,None,0.0,0.0,,30.0,Hastings District,Unknown,0.0,0.0,0.0,2.0,0.0,0.0,Open,0.0,0.0,0.0,Fine
584492,1929373.0,5605307.0,548200.0,0.0,0.0,2.0,Null,2013/2014,EASTBOURNE ST WEST,SOUTHLAND ROAD,Non-Injury Crash,No,2013,North,0.0,,Flat,,,,,Bright sun,1488800.0,0.0,0.0,0.0,2.0,0.0,,,Hawke's Bay Region,Nil,2-way,Sealed,0.0,0.0,,50.0,,Null,0.0,0.0,,30.0,Hastings District,Give way,,,,,0.0,0.0,Urban,0.0,,,Fine
210458,1931970.0,5601544.0,548810.0,0.0,0.0,0.0,Null,2008/2009,TE AUTE ROAD,LIPSCOMBE CRESCENT,Non-Injury Crash,No,2008,West,0.0,1.0,Flat,0.0,,0.0,0.0,Bright sun,1505000.0,0.0,0.0,0.0,2.0,0.0,0.0,,Hawke's Bay Region,Nil,2-way,Sealed,0.0,0.0,0.0,50.0,0.0,Null,1.0,0.0,,30.0,Hastings District,Give way,0.0,0.0,0.0,0.0,0.0,0.0,Urban,0.0,0.0,0.0,Fine
260846,1929514.0,5606831.0,545710.0,0.0,0.0,0.0,Null,2006/2007,PAKOWHAI ROAD,LYNDHURST ROAD,Minor Crash,No,2007,South,0.0,1.0,Flat,0.0,Easter,0.0,0.0,Overcast,1471300.0,1.0,0.0,0.0,2.0,0.0,0.0,,Hawke's Bay Region,Nil,2-way,Sealed,0.0,0.0,0.0,50.0,0.0,Null,0.0,0.0,,30.0,Hastings District,Give way,0.0,0.0,0.0,0.0,0.0,0.0,Urban,1.0,0.0,0.0,Fine
400000,1929086.0,5606507.0,547700.0,0.0,0.0,1.0,Null,2012/2013,FRIMLEY ROAD,PAKOWHAI ROAD,Non-Injury Crash,No,2012,South,0.0,1.0,Flat,0.0,,0.0,0.0,Bright sun,1485800.0,0.0,0.0,0.0,2.0,0.0,0.0,,Hawke's Bay Region,Nil,2-way,Sealed,0.0,0.0,0.0,50.0,0.0,Null,0.0,0.0,,30.0,Hastings District,Traffic Signals,0.0,0.0,0.0,0.0,0.0,0.0,Urban,0.0,0.0,0.0,Fine
607829,1931266.0,5606034.0,548000.0,0.0,0.0,2.0,Null,2007/2008,WARWICK ROAD,BRIGGS PLACE,Non-Injury Crash,No,2008,West,0.0,,Flat,,,,,Bright sun,1496500.0,0.0,0.0,0.0,2.0,0.0,,,Hawke's Bay Region,Nil,2-way,Sealed,0.0,0.0,,50.0,,Null,0.0,0.0,,30.0,Hastings District,Nil,,,,,0.0,0.0,Urban,0.0,,,Fine
222795,1927781.0,5605496.0,545761.0,0.0,0.0,1.0,South,2012/2013,MARAEKAKAHO ROAD,OLIPHANT ROAD,Minor Crash,No,2013,South,0.0,0.0,Flat,0.0,,0.0,0.0,Dark,1469905.0,1.0,0.0,0.0,2.0,0.0,0.0,,Hawke's Bay Region,Nil,2-way,Sealed,0.0,0.0,0.0,50.0,0.0,On,0.0,0.0,,30.0,Hastings District,Nil,0.0,0.0,0.0,0.0,0.0,0.0,Urban,0.0,0.0,0.0,Fine
688553,1910661.0,5669682.0,545911.0,0.0,0.0,2.0,North,2004/2005,SH 5,BAKERS CULV,Non-Injury Crash,Yes,2005,North,0.0,,Hill Road,,Easter,,,Overcast,1281200.0,0.0,0.0,0.0,2.0,0.0,,,Hawke's Bay Region,Nil,2-way,Sealed,0.0,0.0,,100.0,,Null,1.0,0.0,,30.0,Hastings District,Nil,,,,,0.0,0.0,Open,0.0,,,Light rain
261096,1929830.0,5613791.0,545831.0,0.0,0.0,2.0,West,2014/2015,SH 50,FRANKLIN ROAD,Non-Injury Crash,Yes,2014,West,0.0,,Flat,,Labour Weekend,,,Bright sun,1404600.0,0.0,0.0,0.0,2.0,0.0,,,Hawke's Bay Region,Nil,2-way,Sealed,0.0,0.0,,100.0,,None,0.0,0.0,,30.0,Hastings District,Nil,,,,,0.0,0.0,Open,0.0,,,Fine
387153,1909540.0,5603811.0,545841.0,0.0,0.0,1.0,South,2012/2013,WHAKAPIRAU ROAD,SH 50,Non-Injury Crash,No,2012,North,0.0,,Hill Road,,,,,Bright sun,1462700.0,0.0,0.0,0.0,2.0,0.0,,,Hawke's Bay Region,Nil,2-way,Sealed,0.0,0.0,,100.0,,Null,0.0,0.0,,30.0,Hastings District,Nil,,,,,0.0,0.0,Open,0.0,,,Fine
494229,1928915.0,5603978.0,547900.0,0.0,0.0,2.0,Null,2017/2018,RAILWAY ROAD,GARNETT ST,Non-Injury Crash,No,2018,North,0.0,,Flat,,,,,Overcast,1482500.0,0.0,0.0,0.0,2.0,0.0,,,Hawke's Bay Region,Nil,2-way,Sealed,0.0,0.0,,50.0,,Null,0.0,0.0,,30.0,Hastings District,Give way,,,,,0.0,0.0,Urban,0.0,,,Fine
569886,1928439.0,5634437.0,545811.0,0.0,0.0,0.0,South,2013/2014,SH 5,ELLIS WALLACE ROAD,Non-Injury Crash,Yes,2014,South,0.0,,Flat,,,,,Bright sun,1414800.0,0.0,0.0,0.0,2.0,0.0,,,Hawke's Bay Region,Nil,2-way,Sealed,0.0,0.0,,100.0,,Null,0.0,0.0,,30.0,Hastings District,Unknown,,,,,1.0,0.0,Open,0.0,,,Fine
82803,1929565.0,5600683.0,545762.0,0.0,0.0,1.0,West,2009/2010,TE AUTE ROAD,ST GEORGES ROAD,Non-Injury Crash,No,2010,East,0.0,0.0,Flat,0.0,,0.0,0.0,Dark,1465300.0,0.0,0.0,0.0,2.0,0.0,0.0,,Hawke's Bay Region,Nil,2-way,Sealed,0.0,0.0,0.0,100.0,0.0,On,0.0,0.0,,30.0,Hastings District,Nil,0.0,0.0,0.0,1.0,0.0,0.0,Open,0.0,0.0,0.0,Fine
554578,1924637.0,5606660.0,548612.0,0.0,0.0,1.0,North,2008/2009,WALTON WAY,ARDROSSAN AVENUE,Serious Crash,No,2008,East,0.0,0.0,Flat,0.0,,0.0,0.0,Bright sun,1474300.0,0.0,0.0,1.0,2.0,0.0,1.0,,Hawke's Bay Region,Nil,2-way,Sealed,0.0,1.0,0.0,50.0,0.0,Null,0.0,0.0,,30.0,Hastings District,Nil,0.0,0.0,0.0,0.0,0.0,0.0,Urban,0.0,0.0,0.0,Fine
20538,1931927.0,5604559.0,548000.0,0.0,0.0,1.0,Null,2008/2009,BEATTY ST,HOOD ST,Non-Injury Crash,No,2008,West,0.0,1.0,Flat,0.0,,0.0,0.0,Dark,1498300.0,0.0,0.0,0.0,2.0,0.0,0.0,,Hawke's Bay Region,Nil,2-way,Sealed,0.0,0.0,0.0,50.0,0.0,On,0.0,0.0,,30.0,Hastings District,Nil,0.0,0.0,0.0,0.0,0.0,0.0,Urban,0.0,0.0,0.0,Fine
42486,1930935.0,5613540.0,545831.0,0.0,0.0,2.0,Null,2017/2018,SH 50,SH 50A,Non-Injury Crash,Yes,2017,North,0.0,,Flat,,,,,Overcast,1404600.0,0.0,0.0,0.0,2.0,0.0,,,Hawke's Bay Region,Nil,2-way,Sealed,0.0,0.0,,100.0,,Null,0.0,0.0,,30.0,Hastings District,Give way,,,,,0.0,0.0,Open,0.0,,,Fine
237893,1936104.0,5610975.0,545730.0,0.0,0.0,1.0,South,2003/2004,SH 2,TUCKER LANE,Non-Injury Crash,Yes,2003,North,0.0,,Flat,,,,,Bright sun,1405401.0,0.0,0.0,0.0,2.0,0.0,,,Hawke's Bay Region,Nil,2-way,Sealed,0.0,0.0,,50.0,,Null,0.0,0.0,,30.0,Hastings District,Nil,,,,,0.0,0.0,Urban,1.0,,,Fine
445935,1931747.0,5601674.0,548810.0,0.0,0.0,1.0,North,2007/2008,TASMAN ST,SEFTON ST,Minor Crash,No,2007,West,0.0,1.0,Flat,0.0,,1.0,0.0,Dark,1505300.0,1.0,0.0,0.0,2.0,0.0,0.0,,Hawke's Bay Region,Nil,2-way,Sealed,0.0,0.0,0.0,50.0,0.0,On,0.0,0.0,,30.0,Hastings District,Nil,0.0,0.0,0.0,0.0,0.0,0.0,Urban,0.0,0.0,0.0,Light rain
364112,1918490.0,5651616.0,545911.0,0.0,0.0,0.0,North,2009/2010,SH 5,TE POHUE LOOP ROAD N,Non-Injury Crash,Yes,2010,South,0.0,0.0,Hill Road,0.0,,0.0,0.0,Bright sun,1415900.0,0.0,0.0,0.0,3.0,0.0,0.0,,Hawke's Bay Region,Nil,2-way,Sealed,0.0,0.0,0.0,100.0,0.0,Null,1.0,0.0,,30.0,Hastings District,Nil,0.0,0.0,0.0,1.0,0.0,0.0,Open,0.0,0.0,0.0,Light rain
423500,1931151.2552,5614140.9288,545831.0,0.0,0.0,0.0,North,2020/2021,HAWKES BAY EXPRESSWAY,PAKOWHAI ROAD,Non-Injury Crash,Yes,2020,North,0.0,,Flat,,,,,Bright sun,1404600.0,0.0,0.0,0.0,2.0,0.0,,,Hawke's Bay Region,Nil,2-way,Sealed,0.0,0.0,,100.0,,Off,0.0,0.0,,30.0,Hastings District,Nil,,,,,0.0,0.0,Open,2.0,,,Fine
597691,1925124.0,5607599.0,548620.0,0.0,0.0,1.0,Null,2004/2005,CHATHAM ROAD,FLAXMERE AVENUE,Non-Injury Crash,No,2004,South,0.0,0.0,Flat,0.0,,1.0,0.0,Dark,1474203.0,0.0,0.0,0.0,2.0,0.0,0.0,,Hawke's Bay Region,Nil,2-way,Sealed,0.0,0.0,0.0,50.0,0.0,On,0.0,0.0,,30.0,Hastings District,Give way,0.0,0.0,0.0,0.0,0.0,0.0,Urban,0.0,0.0,0.0,Fine
644446,1923352.0,5610218.0,545710.0,0.0,0.0,2.0,Null,2000/2001,SH 50,OMAHU ROAD,Non-Injury Crash,Yes,2001,West,0.0,,Flat,,,,,Bright sun,1470500.0,0.0,0.0,0.0,2.0,0.0,,,Hawke's Bay Region,Nil,2-way,Sealed,0.0,0.0,,100.0,,Null,0.0,0.0,,30.0,Hastings District,Give way,,,,,0.0,0.0,Open,0.0,,,Fine
80074,1929798.0,5604741.0,548200.0,0.0,0.0,1.0,Null,1999/2000,EASTBOURNE ST EAST,KARAMU ROAD SOUTH,Minor Crash,No,2000,South,0.0,0.0,Flat,0.0,,0.0,0.0,Dark,1492000.0,1.0,0.0,0.0,2.0,0.0,0.0,,Hawke's Bay Region,Nil,2-way,Sealed,0.0,0.0,0.0,50.0,0.0,On,0.0,0.0,,30.0,Hastings District,Traffic Signals,0.0,0.0,0.0,0.0,0.0,0.0,Urban,0.0,0.0,0.0,Light rain
445064,1929888.0,5605126.0,548200.0,0.0,0.0,2.0,South,2003/2004,MARKET ST NORTH,AVENUE ROAD WEST,Non-Injury Crash,No,2003,North,0.0,,Flat,,,,,Overcast,1491300.0,0.0,0.0,0.0,2.0,0.0,,,Hawke's Bay Region,Nil,2-way,Sealed,0.0,0.0,,50.0,,Null,0.0,0.0,,30.0,Hastings District,Nil,,,,,0.0,0.0,Urban,0.0,,,Light rain
669374,1929634.0,5605762.0,548200.0,0.0,0.0,3.0,Null,2013/2014,TOMOANA ROAD,ST AUBYN ST WEST,Non-Injury Crash,No,2014,West,0.0,,Flat,,,,,Overcast,1490300.0,0.0,0.0,0.0,2.0,0.0,,,Hawke's Bay Region,Nil,2-way,Sealed,0.0,0.0,,50.0,,Off,0.0,0.0,,30.0,Hastings District,Traffic Signals,,,,,0.0,0.0,Urban,0.0,,,Light rain
10471,1930437.0,5604691.0,548200.0,0.0,0.0,2.0,South,2017/2018,ST AUBYN ST EAST,MILLER ST,Minor Crash,No,2018,North,0.0,,Flat,,,,,Bright sun,1493502.0,1.0,0.0,0.0,2.0,0.0,,,Hawke's Bay Region,Nil,2-way,Sealed,0.0,0.0,,50.0,,Null,0.0,0.0,,30.0,Hastings District,Unknown,,,,,0.0,0.0,Urban,0.0,,,Fine
734500,1931410.0,5614829.0,545831.0,0.0,0.0,0.0,South,2011/2012,SH 50,MEEANEE ON SBD,Non-Injury Crash,Yes,2012,South,0.0,,Flat,,,,,Bright sun,1404600.0,0.0,0.0,0.0,2.0,0.0,,,Hawke's Bay Region,Nil,2-way,Sealed,0.0,0.0,,100.0,,Null,0.0,0.0,,30.0,Hastings District,Nil,,,,,1.0,0.0,Open,1.0,,,Fine
296537,1929374.0,5605504.0,548200.0,0.0,0.0,2.0,East,2008/2009,HERETAUNGA ST WEST,TOMOANA ROAD,Non-Injury Crash,No,2009,West,0.0,,Flat,,,,,Bright sun,1490100.0,0.0,0.0,0.0,2.0,0.0,,,Hawke's Bay Region,Nil,2-way,Sealed,0.0,0.0,,50.0,,Null,0.0,0.0,,30.0,Hastings District,Nil,,,,,0.0,0.0,Urban,0.0,,,Fine
258367,1931356.0,5604137.0,548100.0,0.0,0.0,2.0,Null,2005/2006,Z CPK SPLASH PLANET,WINDSOR/GROVE,Non-Injury Crash,No,2005,East,0.0,,Flat,,,,,Bright sun,1499900.0,0.0,0.0,0.0,1.0,0.0,,,Hawke's Bay Region,Nil,Off road,Sealed,0.0,0.0,,50.0,,Null,0.0,0.0,,30.0,Hastings District,Nil,,,,,0.0,0.0,Urban,0.0,,,Fine
464158,1924701.0,5607336.0,548612.0,0.0,0.0,2.0,Null,2008/2009,CAERNARVON DRIVE,CAERNARVON ROAD,Non-Injury Crash,No,2008,West,0.0,,Flat,,,,,Bright sun,1474400.0,0.0,0.0,0.0,2.0,0.0,,,Hawke's Bay Region,Nil,2-way,Sealed,0.0,0.0,,50.0,,Null,0.0,0.0,,30.0,Hastings District,Give way,,,,,0.0,0.0,Urban,0.0,,,Fine
570551,1927805.0,5607226.0,547800.0,0.0,0.0,1.0,North,2010/2011,Z FCT GULL,OMAHU/STONYCROFT,Non-Injury Crash,No,2011,North,0.0,,Flat,,,,,Bright sun,1476600.0,0.0,0.0,0.0,1.0,0.0,,,Hawke's Bay Region,Nil,Off road,Sealed,0.0,0.0,,50.0,,Null,0.0,0.0,,30.0,Hastings District,Nil,,,,,0.0,0.0,Urban,1.0,,,Fine
51304,1930935.0,5613540.0,545831.0,0.0,0.0,2.0,Null,2009/2010,SH 50A,SH 50 LINKS ROAD,Non-Injury Crash,Yes,2010,North,0.0,,Flat,,,,,Overcast,1404600.0,0.0,0.0,0.0,2.0,0.0,,,Hawke's Bay Region,Nil,2-way,Sealed,0.0,0.0,,100.0,,Null,0.0,0.0,,30.0,Hastings District,Give way,,,,,0.0,0.0,Open,0.0,,,Fine