OBJECTID,X,Y,areaUnitID,bicycle,bus,carStationWagon,crashDirectionDescription,crashFinancialYear,crashLocation1,crashLocation2,crashSeverity,crashSHDescription,crashYear,directionRoleDescription,fatalCount,fence,flatHill,guardRail,holiday,houseOrBuilding,kerb,light,meshblockId,minorInjuryCount,moped,motorcycle,NumberOfLanes,otherVehicleType,parkedVehicle,pedestrian,region,roadCharacter,roadLane,roadSurface,schoolBus,seriousInjuryCount,slipOrFlood,speedLimit,strayAnimal,streetLight,suv,taxi,temporarySpeedLimit,tlaId,tlaName,trafficControl,trafficIsland,trafficSign,train,tree,truck,unknownVehicleType,urban,vanOrUtility,vehicle,waterRiver,weatherA
508564,1929840.0,5605090.0,548200.0,0.0,0.0,1.0,Null,2006/2007,QUEEN ST WEST,MARKET ST NORTH,Serious Crash,No,2007,West,0.0,0.0,Flat,0.0,,0.0,0.0,Dark,1491300.0,0.0,0.0,0.0,2.0,0.0,0.0,,Hawke's Bay Region,Nil,2-way,Sealed,0.0,1.0,0.0,50.0,0.0,On,0.0,0.0,,30.0,Hastings District,Traffic Signals,0.0,0.0,0.0,0.0,0.0,0.0,Urban,0.0,0.0,0.0,Fine
130797,1935967.0,5610727.0,545730.0,1.0,0.0,1.0,Null,2004/2005,SH 2,MILL ROAD,Minor Crash,Yes,2005,South,0.0,,Flat,,,,,Bright sun,1404700.0,2.0,0.0,0.0,2.0,0.0,,,Hawke's Bay Region,Nil,2-way,Sealed,0.0,0.0,,50.0,,Null,0.0,0.0,,30.0,Hastings District,Give way,,,,,0.0,0.0,Urban,0.0,,,Fine
465409,1930485.0,5606405.0,547600.0,0.0,0.0,2.0,Null,2012/2013,FREDERICK ST,TOMOANA ROAD,Non-Injury Crash,No,2012,South,0.0,,Flat,,,,,Bright sun,1483800.0,0.0,0.0,0.0,2.0,0.0,,,Hawke's Bay Region,Nil,2-way,Sealed,0.0,0.0,,50.0,,Null,0.0,0.0,,30.0,Hastings District,Traffic Signals,,,,,0.0,0.0,Urban,0.0,,,Fine
496498,1923375.0,5610174.0,545710.0,0.0,0.0,1.0,East,2009/2010,OMAHU ROAD,SH 50,Non-Injury Crash,No,2009,East,0.0,,Flat,,,,,Overcast,1470500.0,0.0,0.0,0.0,2.0,0.0,,,Hawke's Bay Region,Nil,2-way,Sealed,0.0,0.0,,50.0,,Null,1.0,0.0,,30.0,Hastings District,Nil,,,,,0.0,0.0,Urban,0.0,,,Fine
683789,1931207.0,5603270.0,545762.0,0.0,0.0,3.0,West,2008/2009,HAVELOCK ROAD,ST GEORGES ROAD,Minor Crash,No,2009,East,0.0,,Flat,,,,,Bright sun,1468500.0,1.0,0.0,0.0,2.0,0.0,,,Hawke's Bay Region,Nil,2-way,Sealed,0.0,0.0,,70.0,,Null,0.0,0.0,,30.0,Hastings District,Nil,,,,,0.0,0.0,Urban,0.0,,,Fine
366965,1927188.9247,5607736.5696,548400.0,0.0,0.0,1.0,North,2019/2020,OMAHU ROAD,ORMOND ROAD,Minor Crash,No,2019,West,0.0,,Flat,,,,,Overcast,1473400.0,1.0,0.0,0.0,2.0,0.0,,,Hawke's Bay Region,Nil,2-way,Sealed,0.0,0.0,,50.0,,Off,0.0,0.0,,30.0,Hastings District,Nil,,,,,1.0,0.0,Urban,0.0,,,Fine
15660,1928977.0,5605978.0,547700.0,0.0,0.0,1.0,South,2005/2006,Z CPK SUBWAY,HERETAUNGA ST WEST,Non-Injury Crash,No,2005,West,0.0,0.0,Flat,0.0,,0.0,0.0,Overcast,1486800.0,0.0,0.0,0.0,0.0,0.0,1.0,,Hawke's Bay Region,Nil,Off road,Sealed,0.0,0.0,0.0,50.0,0.0,Off,1.0,0.0,,30.0,Hastings District,Unknown,0.0,0.0,0.0,0.0,0.0,0.0,Urban,0.0,0.0,0.0,Fine
561690,1929964.0,5604536.0,548200.0,0.0,0.0,2.0,North,2010/2011,HASTINGS ST SOUTH,EASTBOURNE ST EAST,Non-Injury Crash,No,2010,South,0.0,0.0,Flat,0.0,,0.0,0.0,Dark,1493200.0,0.0,0.0,0.0,2.0,0.0,1.0,,Hawke's Bay Region,Nil,2-way,Sealed,0.0,0.0,0.0,50.0,0.0,On,0.0,0.0,,30.0,Hastings District,Give way,0.0,0.0,0.0,0.0,0.0,0.0,Urban,0.0,0.0,0.0,Light rain
11793,1930741.0,5605382.0,548200.0,0.0,0.0,1.0,East,2018/2019,KARAMU ROAD NORTH,JERVOIS ST,Non-Injury Crash,No,2018,West,0.0,,Flat,,,,,Bright sun,1494300.0,0.0,0.0,0.0,2.0,0.0,,,Hawke's Bay Region,Nil,2-way,Sealed,0.0,0.0,,50.0,,Null,0.0,0.0,,30.0,Hastings District,Give way,,,,,0.0,0.0,Urban,1.0,,,Fine
258736,1929080.2821,5606503.3913,547800.0,0.0,0.0,2.0,Null,2018/2019,PAKOWHAI ROAD,ST AUBYN STREET WEST,Non-Injury Crash,No,2019,Null,0.0,,Flat,,,,,Unknown,1477500.0,0.0,0.0,0.0,2.0,0.0,,,Hawke's Bay Region,Nil,2-way,Sealed,0.0,0.0,,50.0,,Null,0.0,0.0,,30.0,Hastings District,Traffic Signals,,,,,0.0,0.0,Urban,0.0,,,Null
674752,1923752.0,5637878.0,545811.0,0.0,0.0,1.0,South,2015/2016,SH 5,GLENGARRY ROAD,Non-Injury Crash,Yes,2015,East,0.0,0.0,Hill Road,0.0,,0.0,0.0,Dark,1414700.0,0.0,0.0,0.0,2.0,0.0,0.0,,Hawke's Bay Region,Nil,2-way,Sealed,0.0,0.0,0.0,100.0,0.0,None,0.0,0.0,,30.0,Hastings District,Unknown,0.0,1.0,0.0,1.0,0.0,0.0,Open,0.0,0.0,0.0,Light rain
225205,1923619.0,5596675.0,545851.0,0.0,0.0,0.0,South,2003/2004,SH 2,OLD MAIN ROAD,Serious Crash,Yes,2004,East,0.0,,Hill Road,,,,,Dark,1463900.0,1.0,0.0,1.0,2.0,0.0,,,Hawke's Bay Region,Nil,2-way,Sealed,0.0,1.0,,100.0,,None,0.0,0.0,,30.0,Hastings District,Nil,,,,,0.0,0.0,Open,0.0,,,Light rain
496119,1927926.0,5606515.0,548500.0,0.0,0.0,1.0,West,2003/2004,KIWI ST,LOWE ST,Non-Injury Crash,No,2004,West,0.0,,Flat,,,,,Bright sun,1479300.0,0.0,0.0,0.0,2.0,0.0,,,Hawke's Bay Region,Nil,2-way,Sealed,0.0,0.0,,50.0,,Null,0.0,0.0,,30.0,Hastings District,Nil,,,,,0.0,0.0,Urban,1.0,,,Fine
31926,1924797.0,5600241.0,545851.0,0.0,0.0,1.0,North,2009/2010,SH 50A,TURAMOE ROAD,Non-Injury Crash,Yes,2010,North,0.0,,Flat,,,,,Dark,1463500.0,0.0,0.0,0.0,2.0,0.0,,,Hawke's Bay Region,Nil,2-way,Sealed,0.0,0.0,,100.0,,None,0.0,0.0,,30.0,Hastings District,Nil,,,,,0.0,0.0,Open,1.0,,,Heavy rain
705804,1925436.0,5598843.0,545852.0,0.0,0.0,1.0,East,2009/2010,STOCK ROAD,SH 2,Non-Injury Crash,No,2009,West,0.0,0.0,Flat,0.0,,0.0,0.0,Overcast,1465801.0,0.0,0.0,0.0,2.0,0.0,0.0,,Hawke's Bay Region,Nil,2-way,Sealed,0.0,0.0,0.0,100.0,0.0,Null,0.0,0.0,,30.0,Hastings District,Nil,0.0,0.0,0.0,1.0,0.0,0.0,Open,0.0,0.0,0.0,Light rain
294161,1932514.0,5601799.0,548831.0,0.0,0.0,3.0,Null,2006/2007,HAVELOCK ROAD,PORTER DRIVE,Non-Injury Crash,No,2006,West,0.0,0.0,Flat,0.0,,0.0,0.0,Bright sun,1509600.0,0.0,0.0,0.0,2.0,0.0,1.0,,Hawke's Bay Region,Nil,2-way,Sealed,0.0,0.0,0.0,50.0,0.0,Null,1.0,0.0,,30.0,Hastings District,Give way,0.0,0.0,0.0,0.0,0.0,0.0,Urban,0.0,0.0,0.0,Fine
738523,1928946.0,5634731.0,545811.0,0.0,0.0,0.0,West,2009/2010,WAIPUNGA ROAD,SH 5,Serious Crash,No,2010,North,0.0,0.0,Hill Road,0.0,,0.0,0.0,Dark,1414901.0,0.0,0.0,0.0,2.0,0.0,0.0,,Hawke's Bay Region,Nil,2-way,Sealed,0.0,1.0,0.0,100.0,0.0,None,1.0,0.0,,30.0,Hastings District,Nil,0.0,0.0,0.0,0.0,0.0,0.0,Open,0.0,0.0,0.0,Fine
566532,1920001.0,5645014.0,545811.0,0.0,0.0,2.0,North,1999/2000,SH 5,MCALLISTER ENT,Non-Injury Crash,Yes,2000,North,0.0,,Flat,,,,,Overcast,1414700.0,0.0,0.0,0.0,2.0,0.0,,,Hawke's Bay Region,Nil,2-way,Sealed,0.0,0.0,,100.0,,Null,0.0,0.0,30.0,30.0,Hastings District,Nil,,,,,0.0,0.0,Open,0.0,,,Fine
514020,1936127.0,5646406.0,545911.0,0.0,0.0,0.0,North,2003/2004,SH 2,AROPAOANUI ROAD,Non-Injury Crash,Yes,2004,South,0.0,,Hill Road,,,,,Dark,1415200.0,0.0,0.0,0.0,2.0,0.0,,,Hawke's Bay Region,Nil,2-way,Sealed,0.0,0.0,,100.0,,None,0.0,0.0,,30.0,Hastings District,Nil,,,,,1.0,0.0,Open,1.0,,,Light rain
699868,1927888.0,5622216.0,545821.0,0.0,0.0,1.0,West,2005/2006,PUKETITIRI ROAD,PENRITH ROAD,Non-Injury Crash,No,2005,West,0.0,1.0,Hill Road,0.0,,0.0,0.0,Overcast,1411200.0,0.0,0.0,0.0,2.0,0.0,0.0,,Hawke's Bay Region,Nil,2-way,Sealed,0.0,0.0,0.0,100.0,0.0,Null,0.0,0.0,,30.0,Hastings District,Nil,0.0,0.0,0.0,0.0,0.0,0.0,Open,0.0,0.0,0.0,Fine
546468,1936327.0,5611121.0,545730.0,0.0,0.0,2.0,West,2016/2017,SH 2,SCHOOL ROAD,Non-Injury Crash,Yes,2017,West,0.0,,Flat,,,,,Bright sun,1404700.0,0.0,0.0,0.0,2.0,0.0,,,Hawke's Bay Region,Nil,2-way,Sealed,0.0,0.0,,50.0,,Null,0.0,0.0,,30.0,Hastings District,Unknown,,,,,0.0,0.0,Urban,0.0,,,Fine
588858,1932930.0,5609751.0,545832.0,0.0,0.0,1.0,East,2007/2008,FARNDON ROAD,CHESTERHOPE BRIDGE,Minor Crash,No,2008,West,0.0,0.0,Flat,0.0,,0.0,0.0,Bright sun,1404300.0,1.0,0.0,0.0,2.0,0.0,0.0,,Hawke's Bay Region,Nil,2-way,Sealed,0.0,0.0,0.0,100.0,0.0,Null,0.0,0.0,,30.0,Hastings District,Nil,0.0,0.0,0.0,0.0,0.0,0.0,Open,1.0,0.0,0.0,Fine
81894,1929367.0,5604909.0,548200.0,0.0,0.0,2.0,Null,2009/2010,SOUTHAMPTON ST WEST,KING ST SOUTH,Non-Injury Crash,No,2009,West,0.0,,Flat,,,,,Bright sun,1489100.0,0.0,0.0,0.0,2.0,0.0,,,Hawke's Bay Region,Nil,2-way,Sealed,0.0,0.0,,50.0,,Null,0.0,0.0,,30.0,Hastings District,Give way,,,,,0.0,0.0,Urban,0.0,,,Fine
641129,1925197.0,5606145.0,548620.0,0.0,0.0,2.0,West,2009/2010,SUNDERLAND DRIVE,LIVERPOOL CRESCENT,Minor Crash,No,2010,South,0.0,0.0,Flat,0.0,,0.0,0.0,Dark,1475100.0,1.0,0.0,0.0,2.0,0.0,1.0,,Hawke's Bay Region,Nil,2-way,Sealed,0.0,0.0,0.0,50.0,0.0,On,0.0,0.0,,30.0,Hastings District,Nil,0.0,0.0,0.0,0.0,0.0,0.0,Urban,0.0,0.0,0.0,Fine
15810,1928430.0,5608044.0,545710.0,1.0,0.0,1.0,North,2000/2001,SH 50A,OMAHU ROAD,Serious Crash,Yes,2000,North,0.0,0.0,Flat,0.0,,0.0,0.0,Bright sun,1471201.0,0.0,0.0,0.0,2.0,0.0,0.0,,Hawke's Bay Region,Nil,2-way,Sealed,0.0,1.0,0.0,100.0,0.0,Null,0.0,0.0,,30.0,Hastings District,Nil,0.0,0.0,0.0,0.0,0.0,0.0,Open,0.0,1.0,0.0,Fine
444988,1924185.0,5607066.0,548612.0,0.0,0.0,1.0,Null,2011/2012,STANLEY ST,CHATHAM ROAD,Non-Injury Crash,No,2011,East,0.0,,Flat,,,,,Dark,1474003.0,0.0,0.0,0.0,2.0,0.0,,,Hawke's Bay Region,Nil,2-way,Sealed,0.0,0.0,,50.0,,On,0.0,0.0,,30.0,Hastings District,Give way,,,,,0.0,0.0,Urban,1.0,,,Fine
152545,1913385.0,5657568.0,545911.0,0.0,0.0,1.0,South,2001/2002,SH 5,MCVICAR ROAD,Non-Injury Crash,Yes,2001,East,0.0,0.0,Flat,0.0,,0.0,0.0,Bright sun,1414400.0,0.0,0.0,0.0,2.0,0.0,0.0,,Hawke's Bay Region,Nil,2-way,Sealed,0.0,0.0,0.0,100.0,0.0,Null,0.0,0.0,,30.0,Hastings District,Nil,0.0,0.0,0.0,1.0,0.0,0.0,Open,0.0,0.0,0.0,Fine
372515,1927120.0,5602152.0,545852.0,0.0,0.0,1.0,South,2008/2009,RAILWAY ROAD SOUTH,LONGLANDS ROAD EAST,Serious Crash,No,2009,North,0.0,,Flat,,,,,Bright sun,1468700.0,0.0,0.0,0.0,2.0,0.0,,,Hawke's Bay Region,Nil,2-way,Sealed,0.0,1.0,,100.0,,Null,1.0,0.0,,30.0,Hastings District,Nil,,,,,0.0,0.0,Open,0.0,,,Fine
172774,1928662.0,5606394.0,547800.0,0.0,0.0,1.0,Null,2005/2006,OMAHU ROAD,MCLEOD ST,Non-Injury Crash,No,2006,South,0.0,,Flat,,,,,Overcast,1477800.0,0.0,0.0,0.0,2.0,0.0,,,Hawke's Bay Region,Nil,2-way,Sealed,0.0,0.0,,50.0,,Null,0.0,0.0,,30.0,Hastings District,Nil,,,,,0.0,0.0,Urban,1.0,,,Light rain
539875,1936754.4818,5639524.305,545811.0,0.0,0.0,2.0,Null,2018/2019,SH 2,TANGOIO SETTLEMENT ROAD,Non-Injury Crash,Yes,2019,North,0.0,,Flat,,,,,Bright sun,1415600.0,0.0,0.0,0.0,2.0,0.0,,,Hawke's Bay Region,Nil,2-way,Sealed,0.0,0.0,,100.0,,Off,0.0,0.0,,30.0,Hastings District,Give way,,,,,0.0,0.0,Open,0.0,,,Fine
78407,1930205.0,5605045.0,548200.0,0.0,0.0,2.0,East,2014/2015,KARAMU ROAD NORTH,ST AUBYN ST EAST,Non-Injury Crash,No,2014,East,0.0,,Flat,,,,,Dark,1494100.0,0.0,0.0,0.0,2.0,0.0,,,Hawke's Bay Region,Nil,2-way,Sealed,0.0,0.0,,50.0,,On,0.0,0.0,,30.0,Hastings District,Unknown,,,,,0.0,0.0,Urban,0.0,,,Fine
187855,1924568.0,5607266.0,548612.0,0.0,0.0,2.0,Null,2017/2018,CHATHAM ROAD,SCOTT DRIVE,Non-Injury Crash,No,2018,East,0.0,,Flat,,,,,Dark,1474116.0,0.0,0.0,0.0,2.0,0.0,,,Hawke's Bay Region,Nil,2-way,Sealed,0.0,0.0,,50.0,,On,0.0,0.0,,30.0,Hastings District,Give way,,,,,0.0,0.0,Urban,0.0,,,Fine
259366,1931294.0,5605188.0,548000.0,0.0,0.0,1.0,Null,2017/2018,WILLOWPARK ROAD NORTH,GROVE ROAD,Non-Injury Crash,No,2017,North,0.0,,Flat,,,,,Dark,1496800.0,0.0,0.0,0.0,1.0,0.0,,,Hawke's Bay Region,Nil,1-way,Sealed,0.0,0.0,,50.0,,On,0.0,0.0,,30.0,Hastings District,Give way,,,,,0.0,0.0,Urban,1.0,,,Null
4910,1916810.0,5599161.0,545851.0,0.0,0.0,0.0,South,2004/2005,RAUKAWA ROAD,GREEN HILL ROAD,Non-Injury Crash,No,2005,South,0.0,0.0,Hill Road,0.0,,0.0,0.0,Dark,1464101.0,0.0,0.0,0.0,2.0,0.0,0.0,,Hawke's Bay Region,Nil,2-way,Sealed,0.0,0.0,0.0,100.0,0.0,None,0.0,0.0,,30.0,Hastings District,Nil,0.0,0.0,0.0,0.0,0.0,0.0,Open,1.0,0.0,0.0,Fine
573886,1933444.0,5602029.0,548831.0,0.0,0.0,2.0,Null,2007/2008,TE MATA ROAD,ST HILL LANE,Minor Crash,No,2007,West,0.0,,Flat,,,,,Overcast,1509200.0,1.0,0.0,0.0,2.0,0.0,,,Hawke's Bay Region,Nil,2-way,Sealed,0.0,0.0,,50.0,,Null,0.0,0.0,,30.0,Hastings District,Nil,,,,,0.0,0.0,Urban,0.0,,,Fine
592490,1934565.6175,5598758.0981,548833.0,1.0,0.0,1.0,South,2019/2020,TE MATA PEAK ROAD,PARK GATE,Minor Crash,No,2019,North,0.0,,Hill Road,,Christmas New Year,,,Bright sun,1467003.0,1.0,0.0,0.0,2.0,0.0,,,Hawke's Bay Region,Nil,2-way,Sealed,0.0,0.0,,40.0,,None,0.0,0.0,,30.0,Hastings District,Nil,,,,,0.0,0.0,Urban,0.0,,,Fine
226828,1931411.0,5614868.0,545831.0,0.0,0.0,1.0,Null,2001/2002,SH 50,TUTAEKURI BR S,Non-Injury Crash,Yes,2002,North,0.0,0.0,Flat,1.0,,0.0,0.0,Bright sun,1404600.0,0.0,0.0,0.0,2.0,0.0,0.0,,Hawke's Bay Region,Bridge,2-way,Sealed,0.0,0.0,0.0,100.0,0.0,Null,0.0,0.0,,30.0,Hastings District,Nil,0.0,0.0,0.0,0.0,0.0,0.0,Open,0.0,0.0,0.0,Fine
152271,1911509.0,5663589.0,545911.0,0.0,0.0,1.0,South,2004/2005,SH 5,TE HAROTO ROAD,Non-Injury Crash,Yes,2004,North,0.0,0.0,Hill Road,0.0,Labour Weekend,0.0,0.0,Overcast,1414400.0,0.0,0.0,0.0,2.0,0.0,0.0,,Hawke's Bay Region,Nil,2-way,Sealed,0.0,0.0,0.0,100.0,0.0,Null,0.0,0.0,,30.0,Hastings District,Nil,0.0,0.0,0.0,0.0,0.0,0.0,Open,0.0,0.0,0.0,Heavy rain
293178,1926723.0,5607955.0,545710.0,0.0,0.0,3.0,Null,2007/2008,OMAHU ROAD,RAUPARE ROAD,Non-Injury Crash,No,2007,East,0.0,,Flat,,,,,Overcast,1471000.0,0.0,0.0,0.0,2.0,0.0,,,Hawke's Bay Region,Nil,2-way,Sealed,0.0,0.0,,50.0,,Null,0.0,0.0,,30.0,Hastings District,Nil,,,,,0.0,0.0,Urban,0.0,,,Heavy rain
554760,1930835.0,5605863.0,548000.0,0.0,0.0,2.0,Null,2011/2012,FREDERICK ST,CAROLINE ROAD,Non-Injury Crash,No,2011,South,0.0,,Flat,,,,,Overcast,1495400.0,0.0,0.0,0.0,2.0,0.0,,,Hawke's Bay Region,Nil,2-way,Sealed,0.0,0.0,,50.0,,Null,0.0,0.0,,30.0,Hastings District,Give way,,,,,0.0,0.0,Urban,0.0,,,Heavy rain
77518,1928665.0,5605262.0,547900.0,0.0,0.0,1.0,Null,2007/2008,PEPPER ST,HENRY ST,Non-Injury Crash,No,2007,West,0.0,1.0,Flat,0.0,,0.0,0.0,Overcast,1480400.0,0.0,0.0,0.0,2.0,0.0,0.0,,Hawke's Bay Region,Nil,2-way,Sealed,0.0,0.0,0.0,50.0,0.0,Null,0.0,0.0,,30.0,Hastings District,Give way,0.0,0.0,0.0,0.0,0.0,0.0,Urban,0.0,0.0,0.0,Light rain
273218,1929259.0,5605655.0,547700.0,0.0,0.0,2.0,West,2008/2009,HERETAUNGA ST WEST,LOVEDALE ROAD,Non-Injury Crash,No,2008,West,0.0,,Flat,,,,,Overcast,1487900.0,0.0,0.0,0.0,2.0,0.0,,,Hawke's Bay Region,Nil,2-way,Sealed,0.0,0.0,,50.0,,Null,0.0,0.0,,30.0,Hastings District,Nil,,,,,0.0,0.0,Urban,0.0,,,Fine
265526,1930828.0,5603674.0,548300.0,0.0,0.0,1.0,West,2013/2014,HERETAUNGA ST EAST,WINDSOR AVENUE,Minor Crash,No,2014,South,0.0,,Flat,,,,,Bright sun,1502700.0,1.0,0.0,0.0,2.0,0.0,,,Hawke's Bay Region,Nil,2-way,Sealed,0.0,0.0,,50.0,,Null,0.0,0.0,,30.0,Hastings District,Stop,,,,,1.0,0.0,Urban,0.0,,,Fine
465540,1929509.0,5608835.0,545710.0,0.0,0.0,1.0,Null,2016/2017,SH 50A,EVENDEN ROAD,Non-Injury Crash,Yes,2016,South,0.0,0.0,Flat,0.0,,0.0,0.0,Overcast,1471100.0,0.0,0.0,0.0,2.0,0.0,0.0,,Hawke's Bay Region,Nil,2-way,Sealed,0.0,0.0,0.0,100.0,0.0,Null,0.0,0.0,,30.0,Hastings District,Give way,0.0,1.0,0.0,0.0,0.0,0.0,Open,0.0,0.0,0.0,Heavy rain
33176,1925448.0,5602892.0,545842.0,0.0,0.0,0.0,South,2017/2018,SH 50A,LONGLANDS ROAD WEST,Minor Crash,Yes,2017,North,0.0,0.0,Flat,0.0,,0.0,0.0,Overcast,1470213.0,1.0,0.0,0.0,2.0,0.0,0.0,,Hawke's Bay Region,Nil,2-way,Sealed,0.0,0.0,0.0,100.0,0.0,Null,1.0,0.0,,30.0,Hastings District,Unknown,0.0,0.0,0.0,0.0,0.0,0.0,Open,0.0,0.0,0.0,Heavy rain
434586,1930891.0,5604884.0,548100.0,1.0,0.0,1.0,Null,2004/2005,WILLOWPARK ROAD NORTH,ALEXANDRA ST,Minor Crash,No,2005,East,0.0,,Flat,,,,,Dark,1499100.0,1.0,0.0,0.0,2.0,0.0,,,Hawke's Bay Region,Nil,2-way,Sealed,0.0,0.0,,50.0,,On,0.0,0.0,,30.0,Hastings District,Give way,,,,,0.0,0.0,Urban,0.0,,,Fine
302244,1931253.0,5608151.0,545710.0,0.0,0.0,1.0,West,1999/2000,PAKOWHAI ROAD,ELWOOD ROAD,Non-Injury Crash,No,2000,South,0.0,1.0,Flat,0.0,,0.0,0.0,Twilight,1471100.0,0.0,0.0,0.0,2.0,0.0,0.0,,Hawke's Bay Region,Nil,2-way,Sealed,0.0,0.0,0.0,100.0,0.0,None,0.0,0.0,,30.0,Hastings District,Nil,0.0,0.0,0.0,0.0,0.0,0.0,Open,0.0,0.0,1.0,Fine
4100,1929764.0,5604384.0,548200.0,0.0,0.0,1.0,Null,2017/2018,SOUTHAMPTON ST EAST,HASTINGS ST SOUTH,Non-Injury Crash,No,2018,South,0.0,1.0,Flat,0.0,,0.0,0.0,Overcast,1493000.0,0.0,0.0,0.0,2.0,0.0,0.0,,Hawke's Bay Region,Nil,2-way,Sealed,0.0,0.0,0.0,50.0,0.0,Null,0.0,0.0,,30.0,Hastings District,Give way,0.0,0.0,0.0,0.0,0.0,0.0,Urban,0.0,0.0,0.0,Fine
376577,1932652.0,5609542.0,545832.0,0.0,0.0,2.0,Null,2004/2005,CHESTERHOPE BRIDGE,FARNDON ROAD,Serious Crash,No,2005,South,0.0,,Hill Road,,,,,Dark,1404300.0,1.0,0.0,0.0,2.0,0.0,,,Hawke's Bay Region,Nil,2-way,Sealed,0.0,1.0,,100.0,,None,0.0,0.0,,30.0,Hastings District,Give way,,,,,0.0,0.0,Open,0.0,,,Heavy rain
553740,1930280.0001,5604951.1091,548200.0,0.0,0.0,2.0,Null,2018/2019,WARREN STREET NORTH,ST AUBYN STREET EAST,Non-Injury Crash,No,2018,South,0.0,,Flat,,,,,Twilight,1494400.0,0.0,0.0,0.0,4.0,0.0,,,Hawke's Bay Region,Nil,2-way,Sealed,0.0,0.0,,50.0,,None,0.0,0.0,,30.0,Hastings District,Give way,,,,,0.0,0.0,Urban,0.0,,,Light rain
3450,1914868.5613,5615065.3621,545821.0,0.0,0.0,1.0,South,2020/2021,MATAPIRO ROAD,CROWNTHORPE SETTLEMENT ROAD,Minor Crash,No,2020,East,0.0,0.0,Hill Road,0.0,,0.0,0.0,Dark,1410400.0,1.0,0.0,0.0,2.0,0.0,0.0,,Hawke's Bay Region,Nil,2-way,Sealed,0.0,0.0,0.0,100.0,0.0,None,0.0,0.0,,30.0,Hastings District,Nil,0.0,0.0,0.0,0.0,0.0,0.0,Open,0.0,0.0,0.0,Fine
669595,1931613.0,5608421.0,545710.0,0.0,0.0,2.0,Null,2010/2011,PAKOWHAI ROAD,ELWOOD ROAD,Non-Injury Crash,No,2011,South,0.0,,Flat,,,,,Bright sun,1471100.0,0.0,0.0,0.0,2.0,0.0,,,Hawke's Bay Region,Nil,2-way,Sealed,0.0,0.0,,100.0,,Null,0.0,0.0,,30.0,Hastings District,Give way,,,,,0.0,0.0,Open,0.0,,,Fine
93380,1929255.0,5609110.0,545710.0,0.0,0.0,2.0,Null,2005/2006,EVENDEN ROAD,ORMOND ROAD,Minor Crash,No,2006,North,0.0,,Flat,,,,,Bright sun,1471000.0,1.0,0.0,0.0,2.0,0.0,,,Hawke's Bay Region,Nil,2-way,Sealed,0.0,0.0,,100.0,,Null,0.0,0.0,,30.0,Hastings District,Give way,,,,,0.0,0.0,Open,0.0,,,Fine
400288,1924547.0,5607300.0,548612.0,0.0,0.0,2.0,North,2005/2006,SCOTT DRIVE,CHATHAM ROAD,Non-Injury Crash,No,2006,South,0.0,1.0,Flat,0.0,,1.0,0.0,Dark,1474003.0,0.0,0.0,0.0,2.0,0.0,1.0,,Hawke's Bay Region,Nil,2-way,Sealed,0.0,0.0,0.0,50.0,0.0,On,0.0,0.0,,30.0,Hastings District,Nil,0.0,0.0,0.0,0.0,0.0,0.0,Urban,0.0,0.0,0.0,Fine
167833,1922652.7119,5596203.2642,545851.0,0.0,0.0,1.0,South,2018/2019,002-0678,KENNELS CNR,Non-Injury Crash,Yes,2018,North,0.0,0.0,Flat,1.0,,0.0,0.0,Overcast,1463900.0,0.0,0.0,0.0,2.0,0.0,0.0,,Hawke's Bay Region,Nil,2-way,Sealed,0.0,0.0,0.0,100.0,0.0,None,0.0,0.0,,30.0,Hastings District,Unknown,0.0,0.0,0.0,0.0,0.0,0.0,Open,0.0,0.0,0.0,Heavy rain
507295,1930291.0,5603483.0,548300.0,0.0,0.0,2.0,West,2006/2007,OUTRAM ROAD,LUMSDEN ROAD,Non-Injury Crash,No,2006,East,0.0,0.0,Flat,0.0,,0.0,0.0,Bright sun,1504500.0,0.0,0.0,0.0,2.0,0.0,1.0,,Hawke's Bay Region,Nil,2-way,Sealed,0.0,0.0,0.0,50.0,0.0,Null,0.0,0.0,,30.0,Hastings District,Nil,0.0,0.0,0.0,0.0,0.0,0.0,Urban,0.0,0.0,0.0,Fine
259332,1924076.0,5607918.0,548611.0,0.0,0.0,2.0,North,2004/2005,PEARY CRESCENT,KINGSLEY DRIVE W,Non-Injury Crash,No,2005,North,0.0,0.0,Flat,0.0,,0.0,0.0,Dark,1470317.0,0.0,0.0,0.0,2.0,0.0,1.0,,Hawke's Bay Region,Nil,2-way,Sealed,0.0,0.0,0.0,50.0,0.0,On,0.0,0.0,,30.0,Hastings District,Nil,0.0,0.0,0.0,0.0,0.0,0.0,Urban,0.0,0.0,0.0,Fine
406286,1930454.0,5607577.0,545710.0,0.0,0.0,1.0,North,2014/2015,EVENDEN ROAD,PAKOWHAI ROAD,Non-Injury Crash,No,2014,North,0.0,,Flat,,,,,Bright sun,1471300.0,0.0,0.0,0.0,2.0,0.0,,,Hawke's Bay Region,Nil,2-way,Sealed,0.0,0.0,,50.0,,Null,0.0,0.0,,30.0,Hastings District,Unknown,,,,,0.0,0.0,Urban,1.0,,,Fine