OBJECTID,X,Y,areaUnitID,bicycle,bus,carStationWagon,crashDirectionDescription,crashFinancialYear,crashLocation1,crashLocation2,crashSeverity,crashSHDescription,crashYear,directionRoleDescription,fatalCount,fence,flatHill,guardRail,holiday,houseOrBuilding,kerb,light,meshblockId,minorInjuryCount,moped,motorcycle,NumberOfLanes,otherVehicleType,parkedVehicle,pedestrian,region,roadCharacter,roadLane,roadSurface,schoolBus,seriousInjuryCount,slipOrFlood,speedLimit,strayAnimal,streetLight,suv,taxi,temporarySpeedLimit,tlaId,tlaName,trafficControl,trafficIsland,trafficSign,train,tree,truck,unknownVehicleType,urban,vanOrUtility,vehicle,waterRiver,weatherA
509116,1927159.0,5607756.0,548400.0,0.0,0.0,2.0,North,2000/2001,Z FCT CALTEX,OMAHU/WILSON,Non-Injury Crash,No,2001,North,0.0,0.0,Flat,0.0,,0.0,0.0,Dark,1473400.0,0.0,0.0,0.0,0.0,0.0,1.0,,Hawke's Bay Region,Nil,Off road,Sealed,0.0,0.0,0.0,50.0,0.0,On,0.0,0.0,,30.0,Hastings District,Nil,0.0,0.0,0.0,0.0,0.0,0.0,Urban,0.0,0.0,0.0,Fine
727712,1924726.7956,5607350.9103,548612.0,0.0,0.0,1.0,East,2019/2020,CHATHAM ROAD,CAERNARVON DRIVE,Non-Injury Crash,No,2019,South,0.0,,Flat,,,,,Overcast,1474116.0,0.0,0.0,0.0,2.0,0.0,,,Hawke's Bay Region,Nil,2-way,Sealed,0.0,0.0,,50.0,,Off,1.0,0.0,,30.0,Hastings District,Unknown,,,,,0.0,0.0,Urban,0.0,,,Heavy rain
109512,1929850.0,5605477.0,548200.0,0.0,0.0,2.0,Null,2015/2016,NELSON ST NORTH,ST AUBYN ST WEST,Non-Injury Crash,No,2015,West,0.0,,Flat,,,,,Bright sun,1490405.0,0.0,0.0,0.0,2.0,0.0,,,Hawke's Bay Region,Nil,2-way,Sealed,0.0,0.0,,50.0,,Null,0.0,0.0,,30.0,Hastings District,Traffic Signals,,,,,0.0,0.0,Urban,0.0,,,Fine
180721,1931035.0,5603454.0,545762.0,0.0,0.0,1.0,East,2002/2003,HAVELOCK ROAD,NORTON ROAD,Non-Injury Crash,No,2003,West,0.0,,Flat,,,,,Bright sun,1468500.0,0.0,0.0,0.0,2.0,0.0,,,Hawke's Bay Region,Nil,2-way,Sealed,0.0,0.0,,70.0,,Null,0.0,0.0,,30.0,Hastings District,Nil,,,,,1.0,0.0,Urban,0.0,,,Fine
588574,1929265.0,5605647.0,547700.0,0.0,0.0,2.0,Null,2005/2006,HERETAUNGA ST WEST,LOVEDALE ROAD,Non-Injury Crash,No,2006,North,0.0,,Flat,,,,,Bright sun,1487900.0,0.0,0.0,0.0,2.0,0.0,,,Hawke's Bay Region,Nil,2-way,Sealed,0.0,0.0,,50.0,,Null,0.0,0.0,,30.0,Hastings District,Stop,,,,,0.0,0.0,Urban,0.0,,,Fine
262313,1937889.0,5655513.0,545911.0,0.0,0.0,1.0,North,2010/2011,SH 2,RIDGEMOUNT ROAD,Non-Injury Crash,Yes,2011,North,0.0,0.0,Hill Road,0.0,Queens Birthday,0.0,0.0,Dark,1416000.0,0.0,0.0,0.0,2.0,0.0,0.0,,Hawke's Bay Region,Nil,2-way,Sealed,0.0,0.0,0.0,100.0,0.0,None,0.0,0.0,,30.0,Hastings District,Nil,0.0,0.0,0.0,0.0,0.0,0.0,Open,0.0,0.0,0.0,Fine
383405,1932498.0,5610320.0,545832.0,0.0,0.0,0.0,South,2015/2016,PAKOWHAI ROAD,HODGSON ROAD,Non-Injury Crash,No,2016,South,0.0,,Flat,,,,,Bright sun,1404100.0,0.0,0.0,0.0,2.0,0.0,,,Hawke's Bay Region,Nil,2-way,Sealed,0.0,0.0,,80.0,,Null,0.0,0.0,,30.0,Hastings District,Unknown,,,,,0.0,0.0,Open,2.0,,,Fine
115628,1928031.0,5600862.0,545852.0,0.0,1.0,1.0,South,2000/2001,TE AUTE ROAD,LONGLANDS ROAD EAST,Minor Crash,No,2001,South,0.0,,Flat,,,,,Bright sun,1465700.0,2.0,0.0,0.0,2.0,0.0,,,Hawke's Bay Region,Nil,2-way,Sealed,0.0,0.0,,100.0,,Null,0.0,0.0,,30.0,Hastings District,Nil,,,,,0.0,0.0,Open,1.0,,,Fine
433696,1937049.0,5613557.0,545832.0,0.0,0.0,1.0,South,2009/2010,SH 2,WAITANGI BR,Non-Injury Crash,Yes,2009,North,0.0,,Flat,,,,,Bright sun,1404000.0,0.0,0.0,0.0,2.0,0.0,,,Hawke's Bay Region,Nil,2-way,Sealed,0.0,0.0,,100.0,,Null,0.0,0.0,,30.0,Hastings District,Nil,,,,,0.0,0.0,Open,1.0,,,Fine
536380,1932939.0,5607778.0,545721.0,0.0,0.0,0.0,South,2006/2007,RUAHAPIA ROAD,OTENE ROAD,Non-Injury Crash,No,2006,North,0.0,1.0,Flat,0.0,,0.0,0.0,Overcast,1471800.0,0.0,0.0,0.0,2.0,0.0,0.0,,Hawke's Bay Region,Nil,2-way,Sealed,0.0,0.0,0.0,100.0,0.0,Null,0.0,0.0,,30.0,Hastings District,Nil,0.0,0.0,0.0,0.0,0.0,0.0,Open,1.0,0.0,0.0,Light rain
532897,1929725.0,5605642.0,548200.0,0.0,0.0,1.0,South,2017/2018,ST AUBYN ST WEST,TOMOANA ROAD,Non-Injury Crash,No,2017,North,0.0,,Flat,,,,,Bright sun,1490403.0,0.0,0.0,0.0,2.0,0.0,,,Hawke's Bay Region,Nil,2-way,Sealed,0.0,0.0,,50.0,,Off,1.0,0.0,,30.0,Hastings District,Unknown,,,,,0.0,0.0,Urban,0.0,,,Fine
17339,1930081.0,5599119.0,545852.0,0.0,0.0,1.0,Null,2002/2003,MIDDLE ROAD,ENDSLEIGH ROAD W,Non-Injury Crash,No,2002,East,0.0,0.0,Flat,0.0,,0.0,0.0,Bright sun,1465700.0,0.0,0.0,0.0,2.0,0.0,0.0,,Hawke's Bay Region,Nil,2-way,Sealed,0.0,0.0,0.0,100.0,0.0,Null,0.0,0.0,,30.0,Hastings District,Nil,0.0,0.0,0.0,0.0,0.0,0.0,Open,0.0,0.0,0.0,Fine
108813,1934153.0,5606198.0,545722.0,0.0,0.0,1.0,South,1999/2000,NAPIER ROAD,LAWN ROAD,Non-Injury Crash,No,2000,South,0.0,,Flat,,,,,Dark,1406701.0,0.0,0.0,0.0,2.0,0.0,,,Hawke's Bay Region,Nil,2-way,Sealed,0.0,0.0,,100.0,,None,0.0,0.0,,30.0,Hastings District,Nil,,,,,0.0,0.0,Open,0.0,,,Fine
369084,1930263.0,5604523.0,548200.0,0.0,0.0,2.0,South,2016/2017,QUEEN ST EAST,MILLER ST,Non-Injury Crash,No,2017,South,0.0,,Flat,,,,,Dark,1493400.0,0.0,0.0,0.0,2.0,0.0,,,Hawke's Bay Region,Nil,2-way,Sealed,0.0,0.0,,50.0,,On,0.0,0.0,,30.0,Hastings District,Unknown,,,,,0.0,0.0,Urban,0.0,,,Fine
2054,1909400.0,5673685.0,545911.0,0.0,0.0,1.0,South,2015/2016,SH 5,TARAWERA TAV,Non-Injury Crash,Yes,2016,North,0.0,0.0,Flat,0.0,,0.0,0.0,Overcast,1281200.0,0.0,0.0,0.0,2.0,0.0,0.0,,Hawke's Bay Region,Nil,2-way,Sealed,0.0,0.0,0.0,100.0,0.0,Null,0.0,0.0,,30.0,Hastings District,Unknown,0.0,0.0,0.0,0.0,0.0,0.0,Open,0.0,0.0,0.0,Light rain
449807,1928593.0,5613976.0,545831.0,0.0,0.0,1.0,East,2009/2010,OMARUNUI ROAD,SH 50,Minor Crash,No,2010,East,0.0,,Flat,,,,,Overcast,1409400.0,1.0,0.0,0.0,2.0,0.0,,,Hawke's Bay Region,Nil,2-way,Sealed,0.0,0.0,,100.0,,Null,0.0,0.0,,30.0,Hastings District,Nil,,,,,0.0,0.0,Open,0.0,,,Light rain
321485,1932546.0,5606196.0,545721.0,0.0,0.0,2.0,West,2018/2019,SH 2,ST GEORGES ROAD,Non-Injury Crash,Yes,2018,West,0.0,,Flat,,,,,Twilight,1472000.0,0.0,0.0,0.0,1.0,0.0,,,Hawke's Bay Region,Nil,2-way,Sealed,0.0,0.0,,70.0,,None,0.0,0.0,,30.0,Hastings District,Unknown,,,,,0.0,0.0,Urban,0.0,,,Fine
109628,1929227.0,5606335.0,547700.0,0.0,0.0,1.0,Null,2002/2003,ST AUBYN ST WEST,NIKAU ST,Non-Injury Crash,No,2003,West,0.0,,Flat,,,,,Bright sun,1486200.0,0.0,0.0,0.0,2.0,0.0,,,Hawke's Bay Region,Nil,2-way,Sealed,0.0,0.0,,50.0,,Null,0.0,0.0,,30.0,Hastings District,Nil,,,,,1.0,0.0,Urban,0.0,,,Fine
468580,1931039.0,5605564.0,548000.0,0.0,0.0,1.0,Null,2009/2010,FREDERICK ST,KARAMU ROAD NORTH,Non-Injury Crash,No,2009,North,0.0,,Flat,,,,,Overcast,1497100.0,0.0,0.0,0.0,2.0,0.0,,,Hawke's Bay Region,Nil,2-way,Sealed,0.0,0.0,,50.0,,Null,1.0,0.0,,30.0,Hastings District,Traffic Signals,,,,,0.0,0.0,Urban,0.0,,,Fine
177358,1919239.0,5646875.0,545811.0,0.0,0.0,1.0,South,2004/2005,SH 5,OLD TAUPO COACH ROAD,Minor Crash,Yes,2004,South,0.0,0.0,Hill Road,0.0,,0.0,0.0,Dark,1414700.0,1.0,0.0,0.0,2.0,0.0,0.0,,Hawke's Bay Region,Nil,2-way,Sealed,0.0,0.0,0.0,100.0,0.0,None,0.0,0.0,,30.0,Hastings District,Nil,0.0,0.0,0.0,0.0,0.0,0.0,Open,0.0,0.0,0.0,Light rain
508328,1929646.0,5605746.0,548200.0,0.0,0.0,2.0,South,2011/2012,ST AUBYN ST WEST,TOMOANA ROAD,Non-Injury Crash,No,2011,North,0.0,,Flat,,,,,Bright sun,1490300.0,0.0,0.0,0.0,2.0,0.0,,,Hawke's Bay Region,Nil,2-way,Sealed,0.0,0.0,,50.0,,Null,0.0,0.0,,30.0,Hastings District,Nil,,,,,0.0,0.0,Urban,0.0,,,Fine
354925,1928860.4195,5605562.9401,547700.0,0.0,0.0,2.0,West,2018/2019,BERESFORD STREET,RODNEY STREET,Non-Injury Crash,No,2018,West,0.0,0.0,Flat,0.0,,0.0,0.0,Bright sun,1487000.0,0.0,0.0,0.0,2.0,0.0,1.0,,Hawke's Bay Region,Nil,2-way,Sealed,0.0,0.0,0.0,50.0,0.0,Off,0.0,0.0,,30.0,Hastings District,Unknown,0.0,0.0,0.0,1.0,0.0,0.0,Urban,0.0,0.0,0.0,Fine
585639,1925321.0,5599569.0,545852.0,0.0,0.0,0.0,Null,2009/2010,RAILWAY ROAD SOUTH,SH 50A PAKI PAKI,Minor Crash,Yes,2010,South,0.0,0.0,Flat,1.0,,0.0,0.0,Bright sun,1469600.0,1.0,0.0,0.0,2.0,0.0,0.0,,Hawke's Bay Region,Nil,2-way,Sealed,0.0,0.0,0.0,100.0,0.0,Null,1.0,0.0,,30.0,Hastings District,Give way,1.0,0.0,0.0,0.0,1.0,0.0,Open,0.0,0.0,0.0,Fine
547043,1930935.0,5613540.0,545831.0,0.0,0.0,2.0,Null,2005/2006,SH 50A,LINKS ROAD,Non-Injury Crash,Yes,2006,North,0.0,,Flat,,,,,Overcast,1404600.0,0.0,0.0,0.0,2.0,0.0,,,Hawke's Bay Region,Nil,2-way,Sealed,0.0,0.0,,100.0,,Null,0.0,0.0,,30.0,Hastings District,Give way,,,,,0.0,0.0,Open,0.0,,,Light rain
128391,1929555.0,5605665.0,548200.0,0.0,0.0,2.0,South,2004/2005,AVENUE ROAD WEST,TOMOANA ROAD,Non-Injury Crash,No,2005,West,0.0,,Flat,,,,,Bright sun,1490200.0,0.0,0.0,0.0,2.0,0.0,,,Hawke's Bay Region,Nil,2-way,Sealed,0.0,0.0,,50.0,,Null,0.0,0.0,,30.0,Hastings District,Nil,,,,,0.0,0.0,Urban,0.0,,,Fine
112798,1932661.0,5592993.0,545860.0,0.0,0.0,2.0,West,2015/2016,KAHURANAKI ROAD,RARATU ROAD,Minor Crash,No,2015,East,0.0,,Hill Road,,Labour Weekend,,,Overcast,1467400.0,2.0,0.0,0.0,2.0,0.0,,,Hawke's Bay Region,Nil,2-way,Sealed,0.0,0.0,,100.0,,Null,0.0,0.0,,30.0,Hastings District,Unknown,,,,,0.0,0.0,Open,0.0,,,Heavy rain
479877,1934745.0,5609872.0,545832.0,0.0,0.0,0.0,South,1999/2000,FARNDON ROAD,KOHUPATIKI ROAD S,Fatal Crash,No,2000,South,1.0,0.0,Hill Road,1.0,,0.0,0.0,Bright sun,1404300.0,0.0,0.0,0.0,2.0,0.0,0.0,,Hawke's Bay Region,Bridge,2-way,Sealed,0.0,0.0,0.0,100.0,0.0,Null,0.0,0.0,,30.0,Hastings District,Nil,0.0,0.0,0.0,1.0,1.0,0.0,Open,0.0,0.0,0.0,Fine
342039,1935091.0,5605889.0,545750.0,0.0,0.0,1.0,South,2003/2004,TE MATA MANGATERETERE ROA,LAWN ROAD,Non-Injury Crash,No,2004,North,0.0,0.0,Flat,0.0,,0.0,0.0,Dark,1406600.0,0.0,0.0,0.0,2.0,0.0,0.0,,Hawke's Bay Region,Nil,2-way,Sealed,0.0,0.0,0.0,100.0,0.0,None,0.0,0.0,,30.0,Hastings District,Nil,0.0,0.0,0.0,0.0,0.0,0.0,Open,0.0,0.0,0.0,Fine
630652,1935621.0,5650548.0,545911.0,0.0,0.0,1.0,North,2016/2017,SH 2,TUTIRA RESERVE ROAD N,Serious Crash,Yes,2017,North,0.0,,Flat,,Christmas New Year,,,Overcast,1415400.0,1.0,0.0,0.0,2.0,0.0,,,Hawke's Bay Region,Nil,2-way,Sealed,0.0,1.0,,100.0,,Null,0.0,0.0,,30.0,Hastings District,Unknown,,,,,0.0,0.0,Open,1.0,,,Light rain
548111,1935568.0,5649416.0,545911.0,0.0,0.0,0.0,North,2010/2011,SH 2,MCINTYRES ACCESS ROAD,Non-Injury Crash,Yes,2010,North,0.0,0.0,Flat,0.0,,0.0,0.0,Overcast,1415400.0,0.0,0.0,0.0,2.0,0.0,0.0,,Hawke's Bay Region,Nil,2-way,Sealed,0.0,0.0,0.0,100.0,0.0,Null,0.0,0.0,,30.0,Hastings District,Nil,0.0,0.0,0.0,0.0,1.0,0.0,Open,0.0,0.0,0.0,Fine
335279,1928156.0,5605997.0,548500.0,0.0,0.0,0.0,West,2009/2010,LOWE ST,SUNNYBANK CRESCENT,Non-Injury Crash,No,2010,West,0.0,1.0,Flat,0.0,,0.0,0.0,Overcast,1479700.0,0.0,0.0,0.0,2.0,0.0,0.0,,Hawke's Bay Region,Nil,2-way,Sealed,0.0,0.0,0.0,50.0,0.0,Null,1.0,0.0,,30.0,Hastings District,Nil,0.0,0.0,0.0,0.0,0.0,0.0,Urban,0.0,0.0,0.0,Heavy rain
58131,1927499.0,5607234.0,548500.0,0.0,0.0,0.0,North,2018/2019,Z CARPARK,KOTUKU ST,Minor Crash,No,2018,South,0.0,0.0,Flat,0.0,,0.0,0.0,Dark,1477900.0,1.0,0.0,0.0,,0.0,0.0,,Hawke's Bay Region,Nil,Off road,Sealed,0.0,0.0,0.0,50.0,0.0,On,0.0,0.0,,30.0,Hastings District,Unknown,0.0,0.0,0.0,0.0,0.0,0.0,Urban,1.0,0.0,0.0,Light rain
648307,1929038.0,5605053.0,548200.0,0.0,0.0,1.0,West,2016/2017,SOUTHLAND ROAD,KNIGHT ST,Non-Injury Crash,No,2016,East,0.0,,Flat,,,,,Bright sun,1488500.0,0.0,0.0,0.0,2.0,0.0,,,Hawke's Bay Region,Nil,2-way,Sealed,0.0,0.0,,50.0,,Null,1.0,0.0,,30.0,Hastings District,Nil,,,,,0.0,0.0,Urban,0.0,,,Fine
158490,1930176.0,5605043.0,548200.0,0.0,0.0,2.0,North,2016/2017,ST AUBYN ST EAST,KARAMU ROAD NORTH,Non-Injury Crash,No,2017,North,0.0,,Flat,,,,,Bright sun,1494100.0,0.0,0.0,0.0,4.0,0.0,,,Hawke's Bay Region,Nil,2-way,Sealed,0.0,0.0,,50.0,,None,0.0,0.0,,30.0,Hastings District,Unknown,,,,,0.0,0.0,Urban,0.0,,,Fine
228723,1929587.0,5632932.0,545811.0,0.0,0.0,0.0,South,2002/2003,SH 5,SHAW ROAD,Serious Crash,Yes,2002,South,0.0,1.0,Flat,0.0,,0.0,0.0,Dark,1414700.0,6.0,0.0,0.0,2.0,0.0,0.0,,Hawke's Bay Region,Nil,2-way,Sealed,0.0,1.0,0.0,100.0,0.0,None,0.0,0.0,,30.0,Hastings District,Nil,0.0,0.0,0.0,0.0,0.0,0.0,Open,1.0,0.0,0.0,Heavy rain
77341,1927234.0,5602249.0,545762.0,0.0,0.0,1.0,Null,2015/2016,LONGLANDS ROAD EAST,RAILWAY ROAD SOUTH,Non-Injury Crash,No,2015,East,0.0,0.0,Flat,0.0,,0.0,0.0,Overcast,1468200.0,0.0,0.0,0.0,2.0,0.0,0.0,,Hawke's Bay Region,Nil,2-way,Sealed,0.0,0.0,0.0,100.0,0.0,Null,0.0,0.0,,30.0,Hastings District,Give way,0.0,0.0,0.0,0.0,0.0,0.0,Open,0.0,0.0,0.0,Light rain
671119,1933558.0,5603539.0,545750.0,0.0,0.0,0.0,North,2000/2001,NAPIER ROAD,THOMPSON ROAD,Non-Injury Crash,No,2001,South,0.0,,Flat,,,,,Overcast,1406600.0,0.0,0.0,0.0,2.0,0.0,,,Hawke's Bay Region,Nil,2-way,Sealed,0.0,0.0,,100.0,,Null,0.0,0.0,,30.0,Hastings District,Nil,,,,,1.0,0.0,Open,1.0,,,Fine
418963,1925369.0,5602705.0,545842.0,0.0,0.0,1.0,South,1999/2000,SH 50A,LONGLANDS ROAD WEST,Non-Injury Crash,Yes,2000,South,0.0,0.0,Flat,0.0,,0.0,0.0,Overcast,1470213.0,0.0,0.0,0.0,2.0,0.0,0.0,,Hawke's Bay Region,Nil,2-way,Sealed,0.0,0.0,0.0,100.0,0.0,Null,0.0,0.0,,30.0,Hastings District,Nil,0.0,0.0,0.0,0.0,0.0,0.0,Open,0.0,0.0,0.0,Light rain
150189,1928929.0,5605469.0,547700.0,0.0,0.0,1.0,East,2006/2007,SOUTHAMPTON ST WEST,PEPPER ST,Minor Crash,No,2006,East,0.0,,Flat,,,,,Bright sun,1487500.0,1.0,0.0,0.0,4.0,0.0,,1.0,Hawke's Bay Region,Nil,2-way,Sealed,0.0,0.0,,50.0,,Null,0.0,0.0,,30.0,Hastings District,Nil,,,,,0.0,0.0,Urban,0.0,,,Fine
61020,1924303.0,5597241.0,545851.0,0.0,0.0,0.0,South,2005/2006,SH 2,OLD MAIN ROAD,Non-Injury Crash,Yes,2005,North,0.0,0.0,Flat,0.0,,0.0,0.0,Dark,1463900.0,0.0,0.0,0.0,2.0,0.0,0.0,,Hawke's Bay Region,Nil,2-way,Sealed,0.0,0.0,0.0,100.0,0.0,None,0.0,0.0,,30.0,Hastings District,Nil,0.0,0.0,0.0,0.0,1.0,0.0,Open,0.0,0.0,1.0,Fine
651517,1929641.0,5605117.0,548200.0,0.0,0.0,2.0,South,2005/2006,KING ST SOUTH,HERETAUNGA ST WEST,Non-Injury Crash,No,2006,South,0.0,0.0,Flat,0.0,,0.0,0.0,Bright sun,1489000.0,0.0,0.0,0.0,2.0,0.0,1.0,,Hawke's Bay Region,Nil,2-way,Sealed,0.0,0.0,0.0,50.0,0.0,Null,0.0,0.0,,30.0,Hastings District,Nil,0.0,0.0,0.0,0.0,0.0,0.0,Urban,0.0,0.0,0.0,Fine
419783,1930828.0,5603674.0,548300.0,1.0,0.0,1.0,West,1999/2000,HERETAUNGA ST EAST,WINDSOR AVENUE,Serious Crash,No,2000,East,0.0,0.0,Flat,0.0,,0.0,0.0,Bright sun,1502700.0,0.0,0.0,0.0,2.0,0.0,0.0,,Hawke's Bay Region,Nil,2-way,Sealed,0.0,1.0,0.0,50.0,0.0,Null,0.0,0.0,,30.0,Hastings District,Give way,0.0,0.0,0.0,0.0,0.0,0.0,Urban,0.0,1.0,0.0,Fine
348572,1925234.0,5599153.0,545852.0,0.0,0.0,2.0,South,2001/2002,SH 2,PAKIPAKI OFF NBD,Non-Injury Crash,Yes,2001,North,0.0,,Flat,,,,,Dark,1465801.0,0.0,0.0,0.0,2.0,0.0,,,Hawke's Bay Region,Nil,2-way,Sealed,0.0,0.0,,100.0,,None,0.0,0.0,,30.0,Hastings District,Nil,,,,,0.0,0.0,Open,0.0,,,Light rain
260239,1928688.0,5606011.0,547700.0,0.0,0.0,2.0,Null,2018/2019,PLUNKET ST,STORTFORD ST,Non-Injury Crash,No,2018,East,0.0,,Flat,,,,,Twilight,1486700.0,0.0,0.0,0.0,2.0,0.0,,,Hawke's Bay Region,Nil,2-way,Sealed,0.0,0.0,,50.0,,Off,0.0,0.0,,30.0,Hastings District,Nil,,,,,0.0,0.0,Urban,0.0,,,Fine
618516,1940952.3605,5589547.1606,545860.0,0.0,0.0,0.0,North,2020/2021,WAIMARAMA ROAD,TIMOTI ROAD,Non-Injury Crash,No,2020,North,0.0,0.0,Flat,0.0,,0.0,0.0,Bright sun,1467500.0,0.0,0.0,0.0,2.0,0.0,0.0,,Hawke's Bay Region,Nil,2-way,Sealed,0.0,0.0,0.0,100.0,1.0,None,0.0,0.0,,30.0,Hastings District,Nil,0.0,0.0,0.0,0.0,0.0,0.0,Open,1.0,0.0,0.0,Fine
484417,1929377.1172,5605309.7405,548200.0,0.0,1.0,2.0,Null,2018/2019,SOUTHLAND ROAD,EASTBOURNE STREET WEST,Non-Injury Crash,No,2019,West,0.0,,Flat,,,,,Overcast,1488800.0,0.0,0.0,0.0,2.0,0.0,,,Hawke's Bay Region,Nil,2-way,Sealed,0.0,0.0,,50.0,,Off,0.0,0.0,,30.0,Hastings District,Give way,,,,,0.0,0.0,Urban,0.0,,,Fine
464874,1933532.0,5601009.0,548832.0,0.0,0.0,1.0,North,2016/2017,DUART ROAD,GREENWOOD ROAD,Non-Injury Crash,No,2017,South,0.0,0.0,Hill Road,0.0,Easter,0.0,0.0,Dark,1508800.0,0.0,0.0,0.0,2.0,0.0,0.0,,Hawke's Bay Region,Nil,2-way,Sealed,0.0,0.0,0.0,50.0,0.0,On,0.0,0.0,,30.0,Hastings District,Stop,0.0,0.0,0.0,1.0,0.0,0.0,Urban,0.0,0.0,0.0,Light rain
251730,1906293.0,5601474.0,545841.0,0.0,0.0,1.0,South,2004/2005,SH 50,SALISBURY ROAD,Minor Crash,Yes,2005,North,0.0,1.0,Hill Road,0.0,Easter,0.0,0.0,Overcast,1462500.0,1.0,0.0,0.0,2.0,0.0,0.0,,Hawke's Bay Region,Nil,2-way,Sealed,0.0,0.0,0.0,100.0,0.0,Null,0.0,0.0,,30.0,Hastings District,Nil,0.0,0.0,0.0,0.0,0.0,0.0,Open,0.0,0.0,0.0,Fine
131476,1922326.0,5595952.0,545851.0,0.0,0.0,1.0,South,2001/2002,SH 2,STOCK ROAD,Non-Injury Crash,Yes,2001,North,0.0,0.0,Flat,0.0,,0.0,0.0,Bright sun,1463900.0,0.0,0.0,0.0,2.0,0.0,0.0,,Hawke's Bay Region,Nil,2-way,Sealed,0.0,0.0,0.0,100.0,0.0,Null,0.0,0.0,,30.0,Hastings District,Nil,0.0,0.0,0.0,0.0,1.0,0.0,Open,0.0,0.0,0.0,Fine
395276,1931019.0,5604980.0,548000.0,0.0,0.0,1.0,Null,2008/2009,WILLOWPARK ROAD NORTH,JERVOIS ST,Non-Injury Crash,No,2009,North,0.0,,Flat,,,,,Bright sun,1497600.0,0.0,1.0,0.0,2.0,0.0,,,Hawke's Bay Region,Nil,2-way,Sealed,0.0,0.0,,50.0,,Null,0.0,0.0,,30.0,Hastings District,Give way,,,,,0.0,0.0,Urban,0.0,,,Light rain
61162,1916200.0,5604826.0,545841.0,0.0,0.0,1.0,East,2016/2017,MARAEKAKAHO ROAD,SH 50,Non-Injury Crash,No,2016,East,0.0,1.0,Flat,0.0,,0.0,0.0,Bright sun,1462901.0,0.0,0.0,0.0,2.0,0.0,0.0,,Hawke's Bay Region,Nil,2-way,Sealed,0.0,0.0,0.0,100.0,0.0,Null,0.0,0.0,,30.0,Hastings District,Unknown,0.0,0.0,0.0,0.0,0.0,0.0,Open,0.0,0.0,0.0,Fine
422739,1926628.7146,5606673.8685,545761.0,0.0,0.0,1.0,North,2019/2020,HAWKES BAY EXPRESSWAY,YORK ROAD,Minor Crash,Yes,2020,South,0.0,,Flat,,,,,Bright sun,1469905.0,1.0,0.0,0.0,2.0,0.0,,,Hawke's Bay Region,Nil,1-way,Sealed,0.0,0.0,,100.0,,None,0.0,0.0,,30.0,Hastings District,Nil,,,,,0.0,0.0,Open,0.0,,,Fine
244105,1930687.0,5606092.0,547600.0,0.0,0.0,2.0,Null,2016/2017,FREDERICK ST,NELSON ST NORTH,Non-Injury Crash,No,2017,South,0.0,,Flat,,,,,Overcast,1483500.0,0.0,0.0,0.0,1.0,0.0,,,Hawke's Bay Region,Nil,1-way,Sealed,0.0,0.0,,50.0,,Null,0.0,0.0,,30.0,Hastings District,Give way,,,,,0.0,0.0,Urban,0.0,,,Null
320048,1930090.0,5604957.0,548200.0,0.0,0.0,0.0,Null,2017/2018,KARAMU ROAD NORTH,AVENUE ROAD EAST,Minor Crash,No,2017,West,0.0,,Flat,,,,,Bright sun,1492900.0,1.0,0.0,1.0,3.0,0.0,,,Hawke's Bay Region,Nil,2-way,Sealed,0.0,0.0,,50.0,,Null,0.0,0.0,,30.0,Hastings District,Traffic Signals,,,,,0.0,0.0,Urban,1.0,,,Fine
290213,1925768.0,5610583.0,545710.0,0.0,0.0,0.0,North,2003/2004,TWYFORD ROAD,EVANS ROAD,Non-Injury Crash,No,2003,West,0.0,1.0,Flat,0.0,,0.0,0.0,Dark,1470700.0,0.0,0.0,0.0,2.0,0.0,0.0,,Hawke's Bay Region,Nil,2-way,Sealed,0.0,0.0,0.0,100.0,0.0,None,0.0,0.0,,30.0,Hastings District,Nil,0.0,0.0,0.0,0.0,0.0,0.0,Open,1.0,0.0,0.0,Light rain
723016,1929878.0,5605263.0,548200.0,0.0,0.0,2.0,South,2002/2003,Z CPK RSA,AVENUE/KING,Non-Injury Crash,No,2003,West,0.0,0.0,Flat,0.0,,0.0,0.0,Overcast,1491400.0,0.0,0.0,0.0,0.0,0.0,1.0,,Hawke's Bay Region,Nil,Off road,Sealed,0.0,0.0,0.0,50.0,0.0,Null,0.0,1.0,,30.0,Hastings District,Nil,0.0,0.0,0.0,0.0,0.0,0.0,Urban,0.0,0.0,0.0,Fine
306364,1930032.0,5607222.0,545710.0,0.0,0.0,1.0,East,2015/2016,PAKOWHAI ROAD,FREDERICK ST,Non-Injury Crash,No,2016,West,0.0,,Flat,,,,,Twilight,1471300.0,0.0,0.0,0.0,2.0,0.0,,,Hawke's Bay Region,Nil,2-way,Sealed,0.0,0.0,,50.0,,On,0.0,0.0,,30.0,Hastings District,Nil,,,,,0.0,0.0,Urban,1.0,,,Fine
723006,1927024.0,5607867.0,545710.0,0.0,0.0,2.0,East,2016/2017,OMAHU ROAD,RAUPARE ROAD,Non-Injury Crash,No,2017,North,0.0,0.0,Flat,0.0,,0.0,0.0,Overcast,1471000.0,0.0,0.0,0.0,2.0,0.0,2.0,,Hawke's Bay Region,Nil,2-way,Sealed,0.0,0.0,0.0,50.0,0.0,Null,1.0,0.0,,30.0,Hastings District,Nil,0.0,0.0,0.0,0.0,0.0,0.0,Urban,0.0,0.0,0.0,Heavy rain