OBJECTID,X,Y,areaUnitID,bicycle,bus,carStationWagon,crashDirectionDescription,crashFinancialYear,crashLocation1,crashLocation2,crashSeverity,crashSHDescription,crashYear,directionRoleDescription,fatalCount,fence,flatHill,guardRail,holiday,houseOrBuilding,kerb,light,meshblockId,minorInjuryCount,moped,motorcycle,NumberOfLanes,otherVehicleType,parkedVehicle,pedestrian,region,roadCharacter,roadLane,roadSurface,schoolBus,seriousInjuryCount,slipOrFlood,speedLimit,strayAnimal,streetLight,suv,taxi,temporarySpeedLimit,tlaId,tlaName,trafficControl,trafficIsland,trafficSign,train,tree,truck,unknownVehicleType,urban,vanOrUtility,vehicle,waterRiver,weatherA
468348,1932045.0,5611757.0,545832.0,0.0,0.0,2.0,Null,2001/2002,PAKOWHAI ROAD,CHESTERHOPE ROAD,Minor Crash,No,2002,South,0.0,2.0,Flat,0.0,,0.0,0.0,Overcast,1403900.0,1.0,0.0,0.0,3.0,0.0,0.0,,Hawke's Bay Region,Nil,2-way,Sealed,0.0,0.0,0.0,70.0,0.0,Off,0.0,0.0,,30.0,Hastings District,Nil,0.0,0.0,0.0,0.0,0.0,0.0,Urban,0.0,0.0,0.0,Fine
462426,1924399.0,5603646.0,545842.0,0.0,0.0,2.0,Null,2014/2015,MARAEKAKAHO ROAD,STOCK ROAD,Non-Injury Crash,No,2014,East,0.0,,Flat,,,,,Bright sun,1470213.0,0.0,0.0,0.0,2.0,0.0,,,Hawke's Bay Region,Nil,2-way,Sealed,0.0,0.0,,100.0,,Null,0.0,0.0,80.0,30.0,Hastings District,Give way,,,,,0.0,0.0,Open,0.0,,,Fine
428272,1924843.0,5600698.0,545851.0,0.0,0.0,2.0,North,2012/2013,SH 50A PAKI PAKI ROAD,TURAMOE ROAD,Non-Injury Crash,Yes,2013,South,0.0,,Flat,,,,,Dark,1463500.0,0.0,0.0,0.0,2.0,0.0,,,Hawke's Bay Region,Nil,2-way,Sealed,0.0,0.0,,100.0,,None,0.0,0.0,,30.0,Hastings District,Nil,,,,,0.0,0.0,Open,0.0,,,Fine
49261,1927293.0,5607650.0,548400.0,0.0,0.0,1.0,Null,2000/2001,OMAHU ROAD,WILSON ROAD,Non-Injury Crash,No,2001,West,0.0,1.0,Flat,0.0,,0.0,0.0,Overcast,1473500.0,0.0,0.0,0.0,2.0,0.0,0.0,,Hawke's Bay Region,Nil,2-way,Sealed,0.0,0.0,0.0,50.0,0.0,Null,0.0,0.0,,30.0,Hastings District,Give way,0.0,0.0,0.0,0.0,0.0,0.0,Urban,0.0,0.0,0.0,Light rain
225332,1932575.0,5608502.0,545721.0,0.0,0.0,2.0,Null,2009/2010,RUAHAPIA ROAD,WHAKATU ROAD,Non-Injury Crash,No,2010,South,0.0,,Flat,,,,,Dark,1471600.0,0.0,0.0,0.0,2.0,0.0,,,Hawke's Bay Region,Nil,2-way,Sealed,0.0,0.0,,100.0,,On,0.0,0.0,,30.0,Hastings District,Give way,,,,,0.0,0.0,Open,0.0,,,Mist or Fog
318690,1930588.0,5611579.0,545832.0,0.0,0.0,2.0,South,1999/2000,SH 50A,SH 50,Minor Crash,Yes,2000,South,0.0,,Flat,,,,,Dark,1404400.0,2.0,0.0,0.0,2.0,0.0,,,Hawke's Bay Region,Nil,2-way,Sealed,0.0,0.0,,100.0,,None,0.0,0.0,,30.0,Hastings District,Unknown,,,,,0.0,0.0,Open,0.0,,,Fine
666387,1934446.0,5608043.0,545722.0,0.0,0.0,1.0,North,2004/2005,SH 2,PILCHER ROAD,Serious Crash,Yes,2004,North,0.0,0.0,Flat,0.0,,0.0,0.0,Dark,1406300.0,0.0,0.0,0.0,2.0,0.0,0.0,,Hawke's Bay Region,Nil,2-way,Sealed,0.0,1.0,0.0,100.0,0.0,None,0.0,0.0,,30.0,Hastings District,Nil,0.0,0.0,0.0,0.0,0.0,0.0,Open,0.0,0.0,0.0,Fine
51529,1926100.0,5607718.0,545761.0,0.0,0.0,2.0,West,2013/2014,HENDERSON ROAD,STEVENS PLACE,Non-Injury Crash,No,2014,West,0.0,,Flat,,,,,Bright sun,1470002.0,0.0,0.0,0.0,2.0,0.0,,,Hawke's Bay Region,Nil,2-way,Sealed,0.0,0.0,,70.0,,Null,0.0,0.0,,30.0,Hastings District,Nil,,,,,0.0,0.0,Urban,0.0,,,Fine
523804,1928495.0,5606037.0,548500.0,0.0,0.0,2.0,South,2011/2012,MARAEKAKAHO ROAD,ORCHARD ROAD,Non-Injury Crash,No,2011,North,0.0,,Flat,,,,,Overcast,1479600.0,0.0,0.0,0.0,2.0,0.0,,,Hawke's Bay Region,Nil,2-way,Sealed,0.0,0.0,,50.0,,Null,0.0,0.0,,30.0,Hastings District,Nil,,,,,0.0,0.0,Urban,0.0,,,Fine
268334,1925325.0,5605390.0,545842.0,0.0,0.0,1.0,Null,2003/2004,STOCK ROAD,IRONGATE ROAD,Non-Injury Crash,No,2004,South,0.0,0.0,Flat,0.0,,0.0,0.0,Dark,1470214.0,0.0,0.0,0.0,2.0,0.0,0.0,,Hawke's Bay Region,Nil,2-way,Sealed,0.0,0.0,0.0,100.0,0.0,None,0.0,0.0,,30.0,Hastings District,Nil,0.0,0.0,0.0,0.0,0.0,0.0,Open,0.0,0.0,0.0,Heavy rain
100487,1940195.0,5594277.0,545860.0,0.0,0.0,1.0,East,2008/2009,WAIMARAMA ROAD,OCEAN BEACH ROAD,Non-Injury Crash,No,2009,East,0.0,1.0,Flat,0.0,Christmas New Year,0.0,0.0,Dark,1467600.0,0.0,0.0,0.0,2.0,0.0,0.0,,Hawke's Bay Region,Nil,2-way,Sealed,0.0,0.0,0.0,100.0,0.0,None,0.0,0.0,,30.0,Hastings District,Nil,0.0,0.0,0.0,0.0,0.0,0.0,Open,0.0,0.0,0.0,Fine
674395,1912375.0,5586761.0,545851.0,0.0,0.0,0.0,South,2009/2010,SH 2,WAIKAREAO ROAD,Non-Injury Crash,Yes,2009,North,0.0,0.0,Hill Road,0.0,,0.0,0.0,Dark,1464600.0,0.0,0.0,0.0,2.0,0.0,0.0,,Hawke's Bay Region,Nil,2-way,Sealed,0.0,0.0,0.0,100.0,0.0,None,1.0,0.0,,30.0,Hastings District,Nil,0.0,0.0,0.0,0.0,0.0,0.0,Open,0.0,0.0,0.0,Light rain
112589,1918856.8101,5647051.8134,545811.0,0.0,0.0,1.0,West,2018/2019,SH 5,Rukumoana road,Minor Crash,Yes,2019,North,0.0,0.0,Flat,0.0,,0.0,0.0,Overcast,1414600.0,1.0,0.0,0.0,2.0,0.0,0.0,,Hawke's Bay Region,Nil,2-way,Sealed,0.0,0.0,0.0,100.0,0.0,None,0.0,0.0,,30.0,Hastings District,Unknown,0.0,0.0,0.0,0.0,0.0,0.0,Open,0.0,0.0,0.0,Light rain
345090,1919139.2073,5646915.8987,545811.0,0.0,0.0,0.0,Null,2019/2020,SH 5,RUKUMOANA ROAD,Fatal Crash,Yes,2019,West,2.0,,Flat,,,,,Twilight,1414600.0,0.0,0.0,1.0,2.0,0.0,,,Hawke's Bay Region,Nil,2-way,Sealed,0.0,0.0,,100.0,,None,0.0,0.0,50.0,30.0,Hastings District,Stop,,,,,1.0,0.0,Open,0.0,,,Fine
28152,1931294.0,5605188.0,548000.0,1.0,0.0,1.0,Null,2009/2010,WILLOWPARK ROAD NORTH,GROVE ROAD,Non-Injury Crash,No,2010,South,0.0,,Flat,,,,,Overcast,1496800.0,0.0,0.0,0.0,2.0,0.0,,,Hawke's Bay Region,Nil,2-way,Sealed,0.0,0.0,,50.0,,Null,0.0,0.0,,30.0,Hastings District,Give way,,,,,0.0,0.0,Urban,0.0,,,Fine
674529,1929607.0,5604596.0,548200.0,0.0,0.0,2.0,Null,2001/2002,SOUTHAMPTON ST EAST,KARAMU ROAD SOUTH,Non-Injury Crash,No,2001,South,0.0,,Flat,,,,,Bright sun,1492400.0,0.0,0.0,0.0,2.0,0.0,,,Hawke's Bay Region,Nil,2-way,Sealed,0.0,0.0,,50.0,,Null,0.0,0.0,,30.0,Hastings District,Give way,,,,,0.0,0.0,Urban,0.0,,,Fine
631166,1933297.0,5608841.0,545722.0,0.0,0.0,1.0,Null,2006/2007,RANGITANE ROAD,JOHNSTON WAY,Non-Injury Crash,No,2007,East,0.0,0.0,Flat,0.0,,0.0,0.0,Twilight,1405700.0,0.0,0.0,0.0,2.0,0.0,0.0,,Hawke's Bay Region,Nil,2-way,Sealed,0.0,0.0,0.0,100.0,0.0,Off,0.0,0.0,,30.0,Hastings District,Nil,0.0,1.0,0.0,0.0,0.0,0.0,Open,0.0,0.0,0.0,Fine
681073,1929645.0,5604943.0,548200.0,0.0,0.0,2.0,Null,2006/2007,EASTBOURNE ST WEST,MARKET ST SOUTH,Non-Injury Crash,No,2006,West,0.0,,Flat,,,,,Overcast,1489600.0,0.0,0.0,0.0,2.0,0.0,,,Hawke's Bay Region,Nil,2-way,Sealed,0.0,0.0,,50.0,,Null,0.0,0.0,,30.0,Hastings District,Give way,,,,,0.0,0.0,Urban,0.0,,,Light rain
271348,1931794.0,5604372.0,548000.0,0.0,0.0,1.0,Null,2018/2019,GROVE ROAD,WINDSOR AVENUE,Non-Injury Crash,No,2018,East,0.0,1.0,Flat,0.0,,1.0,0.0,Dark,1498900.0,0.0,0.0,0.0,2.0,0.0,0.0,,Hawke's Bay Region,Nil,2-way,Sealed,0.0,0.0,0.0,50.0,0.0,On,0.0,0.0,,30.0,Hastings District,Nil,0.0,0.0,0.0,0.0,0.0,0.0,Urban,0.0,0.0,0.0,Fine
366872,1928688.0,5633333.0,545811.0,0.0,0.0,1.0,South,2008/2009,SH 5,ELLIS WALLACE ROAD,Non-Injury Crash,Yes,2009,East,0.0,0.0,Flat,0.0,,0.0,0.0,Overcast,1414700.0,0.0,0.0,0.0,2.0,0.0,0.0,,Hawke's Bay Region,Nil,2-way,Sealed,0.0,0.0,0.0,100.0,0.0,Null,0.0,0.0,,30.0,Hastings District,Nil,0.0,0.0,0.0,0.0,0.0,0.0,Open,0.0,0.0,0.0,Light rain
295374,1923505.0,5612070.0,545821.0,0.0,0.0,1.0,North,2005/2006,SH 50,HAKIWAI ROAD,Fatal Crash,Yes,2005,South,1.0,,Flat,,,,,Bright sun,1408600.0,0.0,0.0,0.0,2.0,0.0,,,Hawke's Bay Region,Nil,2-way,Sealed,0.0,0.0,,100.0,,Null,0.0,0.0,,30.0,Hastings District,Nil,,,,,1.0,0.0,Open,0.0,,,Fine
493006,1918567.3145,5648794.4808,545911.0,0.0,0.0,1.0,North,2019/2020,SH 5,OHURAKURA ROAD,Non-Injury Crash,Yes,2019,South,0.0,0.0,Hill Road,0.0,Christmas New Year,0.0,0.0,Overcast,1415900.0,0.0,0.0,0.0,3.0,0.0,0.0,,Hawke's Bay Region,Nil,2-way,Sealed,0.0,0.0,0.0,100.0,0.0,None,0.0,0.0,,30.0,Hastings District,Unknown,0.0,0.0,0.0,0.0,0.0,0.0,Open,0.0,0.0,0.0,Light rain
418075,1909328.0,5604762.0,545841.0,0.0,0.0,1.0,West,2006/2007,SH 50,WHAKAPIRAU ROAD,Non-Injury Crash,Yes,2007,East,0.0,1.0,Flat,0.0,,0.0,0.0,Dark,1462700.0,0.0,0.0,0.0,2.0,0.0,0.0,,Hawke's Bay Region,Bridge,2-way,Unsealed,0.0,0.0,0.0,100.0,0.0,None,0.0,0.0,50.0,30.0,Hastings District,Nil,0.0,0.0,0.0,1.0,0.0,0.0,Open,0.0,0.0,0.0,Fine
164588,1936602.0,5608688.0,545722.0,0.0,0.0,0.0,South,2009/2010,LAWN ROAD,MILL ROAD,Minor Crash,No,2009,North,0.0,1.0,Flat,0.0,,0.0,0.0,Dark,1406501.0,2.0,0.0,0.0,2.0,0.0,0.0,,Hawke's Bay Region,Nil,2-way,Sealed,0.0,0.0,0.0,100.0,0.0,None,1.0,0.0,,30.0,Hastings District,Nil,0.0,0.0,0.0,0.0,0.0,0.0,Open,1.0,1.0,0.0,Light rain
604157,1916500.1343,5605312.3698,545841.0,0.0,0.0,1.0,North,2018/2019,050-0017,MARAEKAKAHO ROAD,Non-Injury Crash,Yes,2019,South,0.0,1.0,Flat,0.0,,0.0,0.0,Overcast,1462901.0,0.0,0.0,0.0,2.0,0.0,0.0,,Hawke's Bay Region,Nil,2-way,Sealed,0.0,0.0,0.0,100.0,0.0,None,0.0,0.0,,30.0,Hastings District,Unknown,0.0,0.0,0.0,0.0,0.0,0.0,Open,0.0,0.0,0.0,Fine
622731,1932692.0,5601776.0,548831.0,0.0,0.0,2.0,Null,2006/2007,PORTER DRIVE,NAPIER ROAD,Non-Injury Crash,No,2006,South,0.0,0.0,Flat,0.0,,0.0,0.0,Dark,1509600.0,0.0,0.0,0.0,2.0,0.0,1.0,,Hawke's Bay Region,Nil,2-way,Sealed,0.0,0.0,0.0,50.0,0.0,On,0.0,0.0,,30.0,Hastings District,Nil,0.0,0.0,0.0,1.0,0.0,0.0,Urban,0.0,0.0,0.0,Light rain
596854,1930932.0,5604763.0,548100.0,0.0,0.0,2.0,South,2009/2010,PRINCES ST,ALEXANDRA ST,Non-Injury Crash,No,2010,West,0.0,0.0,Flat,0.0,,0.0,0.0,Dark,1499700.0,0.0,0.0,0.0,2.0,0.0,1.0,,Hawke's Bay Region,Nil,2-way,Sealed,0.0,0.0,0.0,50.0,0.0,On,0.0,0.0,,30.0,Hastings District,Nil,0.0,0.0,0.0,0.0,0.0,0.0,Urban,0.0,0.0,0.0,Fine
309543,1926673.0,5600212.0,545852.0,0.0,0.0,1.0,East,2007/2008,TE AUTE ROAD,SH 2,Non-Injury Crash,No,2007,West,0.0,,Flat,,,,,Bright sun,1468700.0,0.0,0.0,0.0,2.0,0.0,,,Hawke's Bay Region,Nil,2-way,Sealed,0.0,0.0,,100.0,,Null,0.0,0.0,,30.0,Hastings District,Nil,,,,,0.0,0.0,Open,1.0,,,Fine
67797,1931953.0,5600944.0,548821.0,0.0,0.0,2.0,North,2011/2012,MIDDLE ROAD,GRANT ST,Non-Injury Crash,No,2012,South,0.0,1.0,Flat,0.0,,0.0,0.0,Dark,1465508.0,0.0,0.0,0.0,2.0,0.0,0.0,,Hawke's Bay Region,Nil,2-way,Sealed,0.0,0.0,0.0,50.0,0.0,On,0.0,0.0,,30.0,Hastings District,Nil,0.0,0.0,0.0,0.0,0.0,0.0,Urban,0.0,0.0,0.0,Light rain
274553,1931086.0,5613970.0,545831.0,0.0,0.0,2.0,North,2007/2008,SH 50,PAKOWHAI ON SBD,Non-Injury Crash,Yes,2007,North,0.0,,Flat,,,,,Overcast,1404600.0,0.0,0.0,0.0,2.0,0.0,,,Hawke's Bay Region,Nil,2-way,Sealed,0.0,0.0,,100.0,,Null,0.0,0.0,,30.0,Hastings District,Nil,,,,,0.0,0.0,Open,0.0,,,Light rain
373273,1929498.0,5614301.0,545831.0,0.0,0.0,1.0,Null,2018/2019,WAIOHIKI ROAD,VICTORIA LANE,Serious Crash,No,2018,North,0.0,1.0,Flat,0.0,,0.0,0.0,Dark,1409400.0,0.0,0.0,0.0,2.0,0.0,0.0,,Hawke's Bay Region,Nil,2-way,Sealed,0.0,1.0,0.0,70.0,0.0,On,0.0,0.0,,30.0,Hastings District,Nil,0.0,0.0,0.0,1.0,0.0,0.0,Urban,0.0,0.0,0.0,Fine
179522,1925288.0,5606373.0,548620.0,0.0,0.0,2.0,East,2009/2010,LIVERPOOL CRESCENT,TILBURY ST,Non-Injury Crash,No,2010,East,0.0,0.0,Flat,0.0,,0.0,0.0,Dark,1474900.0,0.0,0.0,0.0,2.0,0.0,1.0,,Hawke's Bay Region,Nil,2-way,Sealed,0.0,0.0,0.0,50.0,0.0,On,0.0,0.0,,30.0,Hastings District,Nil,0.0,0.0,0.0,0.0,0.0,0.0,Urban,0.0,0.0,0.0,Fine
605315,1926194.0,5608112.0,545710.0,0.0,0.0,0.0,East,2015/2016,OMAHU ROAD,CHATHAM ROAD,Minor Crash,No,2016,East,0.0,1.0,Flat,0.0,,0.0,0.0,Bright sun,1470900.0,2.0,0.0,0.0,2.0,0.0,0.0,,Hawke's Bay Region,Nil,2-way,Sealed,0.0,0.0,0.0,50.0,0.0,Null,0.0,0.0,,30.0,Hastings District,Unknown,0.0,0.0,0.0,0.0,2.0,0.0,Urban,0.0,0.0,0.0,Fine
390664,1936344.0,5611130.0,545730.0,0.0,0.0,1.0,West,2008/2009,SH 2,SCHOOL ROAD,Non-Injury Crash,Yes,2009,East,0.0,,Flat,,,,,Bright sun,1404700.0,0.0,0.0,0.0,2.0,0.0,,,Hawke's Bay Region,Nil,2-way,Sealed,0.0,0.0,,50.0,,Null,0.0,0.0,,30.0,Hastings District,Nil,,,,,0.0,0.0,Urban,1.0,,,Fine
119237,1927816.0,5606584.0,548500.0,0.0,0.0,1.0,Null,2008/2009,KIWI ST,TUI PLACE,Non-Injury Crash,No,2008,East,0.0,1.0,Flat,0.0,,0.0,0.0,Bright sun,1478600.0,0.0,0.0,0.0,2.0,0.0,0.0,,Hawke's Bay Region,Nil,2-way,Sealed,0.0,0.0,0.0,50.0,0.0,Null,0.0,0.0,,30.0,Hastings District,Nil,0.0,0.0,0.0,0.0,0.0,0.0,Urban,0.0,0.0,0.0,Fine
132874,1931613.0,5608421.0,545710.0,0.0,0.0,1.0,Null,2001/2002,PAKOWHAI ROAD,ELWOOD ROAD,Non-Injury Crash,No,2002,West,0.0,0.0,Flat,0.0,,0.0,0.0,Dark,1471100.0,0.0,0.0,0.0,2.0,0.0,0.0,,Hawke's Bay Region,Nil,2-way,Sealed,0.0,0.0,0.0,100.0,0.0,On,0.0,0.0,,30.0,Hastings District,Give way,0.0,1.0,0.0,0.0,0.0,0.0,Open,0.0,0.0,0.0,Fine
183486,1929530.0,5604696.0,548200.0,0.0,0.0,1.0,North,2005/2006,SOUTHAMPTON ST WEST,RAILWAY ROAD,Non-Injury Crash,No,2006,North,0.0,,Flat,,,,,Dark,1489802.0,0.0,0.0,0.0,2.0,0.0,,,Hawke's Bay Region,Nil,2-way,Sealed,0.0,0.0,,50.0,,On,1.0,0.0,,30.0,Hastings District,Traffic Signals,,,,,0.0,0.0,Urban,0.0,,,Light rain
170818,1939575.0,5642417.0,545811.0,0.0,0.0,1.0,South,2006/2007,TANGOIO SETTLEMENT ROAD,WAIPATIKI ROAD,Non-Injury Crash,No,2007,North,0.0,,Hill Road,,,,,Bright sun,1415700.0,0.0,0.0,0.0,2.0,0.0,,,Hawke's Bay Region,Nil,2-way,Sealed,0.0,0.0,,100.0,,Null,0.0,0.0,,30.0,Hastings District,Nil,,,,,0.0,0.0,Open,1.0,,,Fine
62310,1929941.0,5609270.0,545710.0,0.0,0.0,1.0,East,2005/2006,SH 50A,EVENDEN ROAD,Non-Injury Crash,Yes,2006,South,0.0,,Flat,,,,,Dark,1471100.0,0.0,0.0,0.0,2.0,0.0,,,Hawke's Bay Region,Nil,2-way,Sealed,0.0,0.0,,100.0,,None,0.0,0.0,,30.0,Hastings District,Nil,,,,,0.0,0.0,Open,0.0,,,Fine
290735,1932274.0,5609028.0,545721.0,0.0,0.0,1.0,Null,2003/2004,PAKOWHAI ROAD,RUAHAPIA ROAD,Minor Crash,No,2004,South,0.0,,Flat,,,,,Overcast,1471600.0,1.0,0.0,0.0,3.0,0.0,,,Hawke's Bay Region,Nil,2-way,Sealed,0.0,0.0,,100.0,,Null,0.0,0.0,,30.0,Hastings District,Give way,,,,,0.0,0.0,Open,1.0,,,Fine
603700,1923163.0,5604016.0,545842.0,0.0,0.0,1.0,South,2013/2014,MANGAROA ROAD,MARAEKAKAHO ROAD,Non-Injury Crash,No,2014,North,0.0,0.0,Flat,1.0,,0.0,0.0,Dark,1470213.0,0.0,0.0,0.0,2.0,0.0,0.0,,Hawke's Bay Region,Nil,2-way,Sealed,0.0,0.0,0.0,100.0,0.0,On,0.0,0.0,,30.0,Hastings District,Unknown,0.0,0.0,0.0,0.0,0.0,0.0,Open,0.0,0.0,0.0,Light rain
317169,1929905.0,5605001.0,548200.0,0.0,1.0,1.0,Null,2013/2014,QUEEN ST EAST,RUSSELL ST NORTH,Non-Injury Crash,No,2013,North,0.0,,Flat,,,,,Bright sun,1492200.0,0.0,0.0,0.0,2.0,0.0,,,Hawke's Bay Region,Rail xing,2-way,Sealed,0.0,0.0,,50.0,,Off,0.0,0.0,,30.0,Hastings District,Traffic Signals,,,,,0.0,0.0,Urban,0.0,,,Fine
530802,1929410.0,5605456.0,548200.0,0.0,0.0,2.0,South,2004/2005,HERETAUNGA ST WEST,CHARLES ST,Non-Injury Crash,No,2004,East,0.0,,Flat,,,,,Twilight,1490100.0,0.0,0.0,0.0,2.0,0.0,,,Hawke's Bay Region,Nil,2-way,Sealed,0.0,0.0,,50.0,,Off,0.0,0.0,,30.0,Hastings District,Nil,,,,,0.0,0.0,Urban,0.0,,,Fine
349549,1928227.0,5606816.0,547800.0,0.0,0.0,2.0,West,2005/2006,OMAHU ROAD,FRIMLEY AVENUE,Non-Injury Crash,No,2005,East,0.0,,Flat,,,,,Bright sun,1476800.0,0.0,0.0,0.0,2.0,0.0,,,Hawke's Bay Region,Nil,2-way,Sealed,0.0,0.0,,50.0,,Null,0.0,0.0,,30.0,Hastings District,Nil,,,,,0.0,0.0,Urban,0.0,,,Fine
727231,1930367.0,5604176.0,548300.0,0.0,0.0,2.0,Null,2016/2017,HERETAUNGA ST EAST,RIVERSLEA ROAD SOUTH,Non-Injury Crash,No,2016,South,0.0,,Flat,,,,,Bright sun,1501600.0,0.0,0.0,0.0,2.0,0.0,,,Hawke's Bay Region,Nil,2-way,Sealed,0.0,0.0,,50.0,,Null,0.0,0.0,,30.0,Hastings District,Stop,,,,,0.0,0.0,Urban,0.0,,,Fine
250335,1933556.0,5602079.0,548832.0,0.0,0.0,2.0,Null,2004/2005,TE MATA ROAD,HILLSBROOK PLACE,Non-Injury Crash,No,2004,East,0.0,,Flat,,,,,Bright sun,1510200.0,0.0,0.0,0.0,2.0,0.0,,,Hawke's Bay Region,Nil,2-way,Sealed,0.0,0.0,,50.0,,Null,0.0,0.0,,30.0,Hastings District,Give way,,,,,0.0,0.0,Urban,0.0,,,Fine
43258,1934002.0,5600979.0,548832.0,0.0,0.0,1.0,North,2008/2009,GREENWOOD ROAD,TOKOMARU DRIVE,Non-Injury Crash,No,2009,South,0.0,1.0,Flat,0.0,,0.0,0.0,Dark,1510800.0,0.0,0.0,0.0,2.0,0.0,0.0,,Hawke's Bay Region,Nil,2-way,Sealed,0.0,0.0,0.0,50.0,0.0,On,0.0,0.0,,30.0,Hastings District,Nil,0.0,0.0,0.0,0.0,0.0,0.0,Urban,0.0,0.0,0.0,Light rain
435328,1929845.0,5604880.0,548200.0,0.0,0.0,1.0,East,2005/2006,HERETAUNGA ST EAST,RUSSELL ST NORTH,Non-Injury Crash,No,2005,West,0.0,0.0,Flat,0.0,,0.0,0.0,Dark,1492000.0,0.0,0.0,0.0,2.0,0.0,0.0,,Hawke's Bay Region,Nil,2-way,Sealed,0.0,0.0,0.0,50.0,0.0,On,0.0,0.0,,30.0,Hastings District,Nil,0.0,0.0,0.0,0.0,0.0,0.0,Urban,0.0,0.0,0.0,Fine
59877,1935061.0,5609235.0,545722.0,0.0,0.0,1.0,North,2012/2013,SH 2,RAILWAY ROAD,Minor Crash,Yes,2012,South,0.0,0.0,Flat,0.0,,0.0,0.0,Dark,1406000.0,1.0,0.0,0.0,2.0,0.0,0.0,,Hawke's Bay Region,Nil,2-way,Sealed,0.0,0.0,0.0,100.0,0.0,None,0.0,0.0,,30.0,Hastings District,Nil,0.0,0.0,0.0,0.0,0.0,0.0,Open,0.0,0.0,0.0,Fine
507828,1932565.0,5608519.0,545721.0,0.0,0.0,0.0,North,2008/2009,RUAHAPIA ROAD,WHAKATU ROAD,Non-Injury Crash,No,2009,North,0.0,1.0,Flat,0.0,,0.0,0.0,Dark,1471600.0,0.0,0.0,0.0,2.0,0.0,0.0,,Hawke's Bay Region,Nil,2-way,Sealed,0.0,0.0,0.0,100.0,0.0,Off,1.0,0.0,,30.0,Hastings District,Nil,0.0,0.0,0.0,0.0,0.0,0.0,Open,0.0,0.0,0.0,Light rain
732890,1923235.0,5620834.0,545821.0,0.0,0.0,1.0,East,2009/2010,DARTMOOR ROAD,APLEY ROAD,Minor Crash,No,2010,West,0.0,0.0,Flat,0.0,,0.0,0.0,Dark,1411400.0,1.0,0.0,0.0,2.0,0.0,0.0,,Hawke's Bay Region,Nil,2-way,Sealed,0.0,0.0,0.0,100.0,0.0,None,0.0,0.0,,30.0,Hastings District,Nil,0.0,0.0,0.0,0.0,0.0,0.0,Open,0.0,0.0,0.0,Fine
538514,1928062.0,5606061.0,548500.0,0.0,0.0,0.0,West,2000/2001,LOWE ST,MARAEKAKAHO ROAD,Non-Injury Crash,No,2000,West,0.0,1.0,Flat,0.0,,0.0,0.0,Overcast,1479600.0,0.0,0.0,0.0,2.0,0.0,0.0,,Hawke's Bay Region,Nil,2-way,Sealed,0.0,0.0,0.0,50.0,0.0,Null,0.0,0.0,,30.0,Hastings District,Nil,0.0,0.0,0.0,0.0,0.0,0.0,Urban,1.0,0.0,0.0,Fine
453033,1931038.0,5605564.0,548000.0,0.0,0.0,2.0,Null,2016/2017,GROVE ROAD,KARAMU ROAD NORTH,Non-Injury Crash,No,2016,North,0.0,,Flat,,,,,Dark,1495700.0,0.0,0.0,0.0,4.0,0.0,,,Hawke's Bay Region,Nil,2-way,Sealed,0.0,0.0,,50.0,,On,0.0,0.0,,30.0,Hastings District,Traffic Signals,,,,,0.0,0.0,Urban,0.0,,,Fine
661673,1937116.0,5638919.0,545811.0,0.0,0.0,1.0,North,2005/2006,SH 2,SH 5,Serious Crash,Yes,2006,South,0.0,0.0,Flat,0.0,,0.0,0.0,Bright sun,1415800.0,0.0,0.0,0.0,2.0,0.0,0.0,,Hawke's Bay Region,Nil,2-way,Sealed,0.0,1.0,0.0,100.0,0.0,Null,0.0,0.0,,30.0,Hastings District,Nil,0.0,0.0,0.0,0.0,0.0,0.0,Open,0.0,0.0,0.0,Fine
341575,1932479.0,5601628.0,548810.0,1.0,0.0,1.0,Null,2007/2008,TE AUTE ROAD,PORTER DRIVE,Minor Crash,No,2008,East,0.0,,Flat,,,,,Bright sun,1505700.0,1.0,0.0,0.0,2.0,0.0,,,Hawke's Bay Region,Nil,2-way,Sealed,0.0,0.0,,50.0,,Null,0.0,0.0,,30.0,Hastings District,Give way,,,,,0.0,0.0,Urban,0.0,,,Fine
163790,1925948.0,5594853.0,545851.0,0.0,0.0,1.0,South,2002/2003,MIDDLE ROAD,MUTINY ROAD,Serious Crash,No,2003,North,0.0,,Hill Road,,,,,Overcast,1466001.0,1.0,0.0,2.0,2.0,0.0,,,Hawke's Bay Region,Nil,2-way,Sealed,0.0,2.0,,100.0,,Null,0.0,0.0,,30.0,Hastings District,Nil,,,,,0.0,0.0,Open,0.0,,,Fine
20883,1931896.0,5605061.0,548000.0,0.0,0.0,2.0,Null,2005/2006,COLLINGE ROAD,JUBILEE ST,Minor Crash,No,2006,South,0.0,,Flat,,,,,Dark,1472500.0,1.0,0.0,0.0,2.0,0.0,,,Hawke's Bay Region,Nil,2-way,Sealed,0.0,0.0,,50.0,,On,0.0,0.0,,30.0,Hastings District,Give way,,,,,0.0,0.0,Urban,0.0,,,Heavy rain
36903,1932202.0,5603282.0,545721.0,0.0,0.0,2.0,Null,2006/2007,ADA ST,ST GEORGES ROAD,Non-Injury Crash,No,2006,North,0.0,,Flat,,,,,Bright sun,1472801.0,0.0,0.0,0.0,2.0,0.0,,,Hawke's Bay Region,Nil,2-way,Sealed,0.0,0.0,,100.0,,Null,0.0,0.0,,30.0,Hastings District,Give way,,,,,0.0,0.0,Open,0.0,,,Fine