OBJECTID,X,Y,areaUnitID,bicycle,bus,carStationWagon,crashDirectionDescription,crashFinancialYear,crashLocation1,crashLocation2,crashSeverity,crashSHDescription,crashYear,directionRoleDescription,fatalCount,fence,flatHill,guardRail,holiday,houseOrBuilding,kerb,light,meshblockId,minorInjuryCount,moped,motorcycle,NumberOfLanes,otherVehicleType,parkedVehicle,pedestrian,region,roadCharacter,roadLane,roadSurface,schoolBus,seriousInjuryCount,slipOrFlood,speedLimit,strayAnimal,streetLight,suv,taxi,temporarySpeedLimit,tlaId,tlaName,trafficControl,trafficIsland,trafficSign,train,tree,truck,unknownVehicleType,urban,vanOrUtility,vehicle,waterRiver,weatherA
387343,1930690.0,5605351.0,548200.0,0.0,0.0,2.0,South,2005/2006,KARAMU ROAD NORTH,JERVOIS ST,Non-Injury Crash,No,2005,North,0.0,,Flat,,,,,Bright sun,1494300.0,0.0,0.0,0.0,2.0,0.0,,,Hawke's Bay Region,Nil,2-way,Sealed,0.0,0.0,,50.0,,Null,0.0,0.0,,30.0,Hastings District,Nil,,,,,0.0,0.0,Urban,0.0,,,Fine
265,1929350.0,5598528.0,545852.0,0.0,0.0,0.0,East,2018/2019,MIDDLE ROAD,CRYSTALL ROAD,Serious Crash,No,2018,East,0.0,0.0,Flat,0.0,,0.0,0.0,Twilight,1465700.0,0.0,0.0,0.0,2.0,0.0,0.0,,Hawke's Bay Region,Nil,2-way,Sealed,0.0,1.0,0.0,100.0,0.0,None,0.0,0.0,,30.0,Hastings District,Unknown,0.0,0.0,0.0,0.0,0.0,0.0,Open,1.0,0.0,0.0,Fine
559394,1937104.0,5597466.0,545851.0,0.0,0.0,1.0,North,2005/2006,WAIMARAMA ROAD,MATANGI ROAD,Non-Injury Crash,No,2006,North,0.0,0.0,Flat,0.0,,0.0,0.0,Twilight,1467002.0,0.0,0.0,0.0,2.0,0.0,0.0,,Hawke's Bay Region,Nil,2-way,Sealed,0.0,0.0,0.0,100.0,0.0,None,0.0,0.0,,30.0,Hastings District,Nil,0.0,0.0,0.0,1.0,0.0,0.0,Open,0.0,0.0,0.0,Light rain
460830,1935001.0,5648030.0,545911.0,0.0,0.0,1.0,North,2001/2002,SH 2,MCINTYRES ACCESS ROAD,Serious Crash,Yes,2001,North,0.0,0.0,Hill Road,0.0,,0.0,0.0,Bright sun,1415200.0,1.0,0.0,0.0,2.0,0.0,0.0,,Hawke's Bay Region,Nil,2-way,Sealed,0.0,1.0,0.0,100.0,0.0,Null,0.0,0.0,,30.0,Hastings District,Nil,0.0,0.0,0.0,0.0,0.0,0.0,Open,0.0,0.0,0.0,Fine
448083,1932874.0,5605571.0,545721.0,0.0,0.0,1.0,West,2003/2004,ST GEORGES ROAD,FARMLET ROAD,Non-Injury Crash,No,2004,West,0.0,,Flat,,,,,Dark,1472405.0,0.0,0.0,0.0,2.0,0.0,,,Hawke's Bay Region,Nil,2-way,Sealed,0.0,0.0,,100.0,,None,0.0,0.0,,30.0,Hastings District,Nil,,,,,0.0,0.0,Open,0.0,,,Fine
578318,1909187.0,5674552.0,545911.0,0.0,0.0,0.0,North,2003/2004,SH 5,TARAWERA TAV,Non-Injury Crash,Yes,2003,South,0.0,0.0,Hill Road,1.0,,0.0,0.0,Overcast,1281200.0,0.0,0.0,0.0,2.0,0.0,0.0,,Hawke's Bay Region,Nil,2-way,Sealed,0.0,0.0,0.0,100.0,0.0,Null,0.0,0.0,,30.0,Hastings District,Nil,0.0,0.0,0.0,0.0,0.0,0.0,Open,1.0,0.0,0.0,Light rain
665476,1932447.0,5600669.0,548821.0,1.0,0.0,1.0,East,2003/2004,PALMERSTON ROAD,REYNOLDS ROAD,Minor Crash,No,2003,East,0.0,,Hill Road,,,,,Bright sun,1506702.0,1.0,0.0,0.0,2.0,0.0,,,Hawke's Bay Region,Nil,2-way,Sealed,0.0,0.0,,50.0,,Null,0.0,0.0,,30.0,Hastings District,Nil,,,,,0.0,0.0,Urban,0.0,,,Fine
623706,1928165.0,5606590.0,548500.0,0.0,0.0,2.0,East,2015/2016,CANNING ROAD,ORCHARD ROAD,Non-Injury Crash,No,2015,West,0.0,,Flat,,,,,Bright sun,1478700.0,0.0,0.0,0.0,2.0,0.0,,,Hawke's Bay Region,Nil,2-way,Sealed,0.0,0.0,,50.0,,Null,0.0,0.0,,30.0,Hastings District,Nil,,,,,0.0,0.0,Urban,0.0,,,Fine
194559,1898607.0,5593575.0,545841.0,0.0,0.0,2.0,Null,2007/2008,SH 50,MANGA-O-NUKU NO3 BR,Minor Crash,Yes,2007,North,0.0,,Hill Road,,,,,Overcast,1462600.0,1.0,0.0,0.0,2.0,0.0,,,Hawke's Bay Region,Bridge,2-way,Sealed,0.0,0.0,,100.0,,Null,0.0,0.0,,30.0,Hastings District,Give way,,,,,0.0,0.0,Open,0.0,,,Light rain
168430,1927323.0,5607636.0,548400.0,0.0,0.0,3.0,South,2008/2009,OMAHU ROAD,ORMOND ROAD,Non-Injury Crash,No,2009,North,0.0,,Flat,,,,,Bright sun,1473600.0,0.0,0.0,0.0,2.0,0.0,,,Hawke's Bay Region,Nil,2-way,Sealed,0.0,0.0,,50.0,,Null,0.0,0.0,,30.0,Hastings District,Nil,,,,,0.0,0.0,Urban,0.0,,,Fine
199257,1930296.0,5604273.0,548300.0,0.0,0.0,2.0,Null,2006/2007,HERETAUNGA ST,MADDISON ST,Non-Injury Crash,No,2006,North,0.0,,Flat,,,,,Overcast,1501600.0,0.0,0.0,0.0,2.0,0.0,,,Hawke's Bay Region,Nil,2-way,Sealed,0.0,0.0,,50.0,,Null,0.0,0.0,,30.0,Hastings District,Give way,,,,,0.0,0.0,Urban,0.0,,,Light rain
607919,1937548.3901,5594914.4746,545860.0,0.0,0.0,1.0,West,2019/2020,WAIMARAMA ROAD,LOPEZ LANE,Minor Crash,No,2019,East,0.0,0.0,Hill Road,0.0,,0.0,0.0,Bright sun,1467200.0,1.0,0.0,0.0,2.0,0.0,0.0,,Hawke's Bay Region,Nil,2-way,Sealed,0.0,0.0,0.0,100.0,0.0,None,0.0,0.0,,30.0,Hastings District,Unknown,0.0,0.0,0.0,0.0,0.0,0.0,Open,0.0,0.0,0.0,Fine
91733,1928922.0,5605476.0,547700.0,0.0,0.0,1.0,Null,2007/2008,SOUTHAMPTON ST WEST,PEPPER ST,Non-Injury Crash,No,2008,North,0.0,1.0,Flat,0.0,,0.0,0.0,Overcast,1487000.0,0.0,0.0,0.0,2.0,0.0,0.0,,Hawke's Bay Region,Nil,2-way,Sealed,0.0,0.0,0.0,50.0,0.0,Null,0.0,0.0,,30.0,Hastings District,Give way,0.0,0.0,0.0,0.0,0.0,0.0,Urban,0.0,0.0,0.0,Fine
405680,1932537.0,5603588.0,545721.0,0.0,0.0,1.0,Null,2003/2004,ST GEORGES ROAD,CROSSES ROAD,Non-Injury Crash,No,2003,South,0.0,,Flat,,,,,Bright sun,1472702.0,0.0,0.0,0.0,2.0,0.0,,,Hawke's Bay Region,Nil,2-way,Sealed,0.0,0.0,,100.0,,Null,0.0,0.0,,30.0,Hastings District,Give way,,,,,0.0,0.0,Open,1.0,,,Fine
594713,1931401.0,5605785.0,548000.0,0.0,0.0,2.0,West,2009/2010,KARAMU ROAD NORTH,WARWICK ROAD,Minor Crash,No,2010,West,0.0,1.0,Flat,0.0,,0.0,0.0,Bright sun,1497200.0,1.0,0.0,0.0,2.0,0.0,0.0,,Hawke's Bay Region,Nil,2-way,Sealed,0.0,0.0,0.0,50.0,0.0,Null,0.0,0.0,,30.0,Hastings District,Nil,0.0,0.0,0.0,0.0,0.0,0.0,Urban,0.0,0.0,0.0,Fine
88266,1930003.0,5605389.0,548200.0,0.0,0.0,2.0,North,2013/2014,KING ST NORTH,ST AUBYN ST WEST,Non-Injury Crash,No,2013,North,0.0,,Flat,,,,,Bright sun,1491000.0,0.0,0.0,0.0,2.0,0.0,,,Hawke's Bay Region,Nil,2-way,Sealed,0.0,0.0,,50.0,,Null,0.0,0.0,,30.0,Hastings District,Nil,,,,,0.0,0.0,Urban,0.0,,,Fine
551492,1923400.0,5614752.0,545821.0,0.0,0.0,0.0,North,2010/2011,SWAMP ROAD,PIRAU ROAD,Minor Crash,No,2010,North,0.0,0.0,Flat,0.0,,0.0,0.0,Bright sun,1408500.0,1.0,0.0,0.0,2.0,0.0,0.0,,Hawke's Bay Region,Nil,2-way,Sealed,0.0,0.0,0.0,100.0,0.0,Null,0.0,0.0,,30.0,Hastings District,Nil,0.0,0.0,0.0,0.0,0.0,0.0,Open,1.0,0.0,0.0,Fine
411610,1929441.0,5605616.0,547700.0,0.0,0.0,2.0,Null,2006/2007,TOMOANA ROAD,QUEEN ST WEST,Non-Injury Crash,No,2007,South,0.0,,Flat,,,,,Bright sun,1488000.0,0.0,0.0,0.0,2.0,0.0,,,Hawke's Bay Region,Nil,2-way,Sealed,0.0,0.0,,50.0,,Null,0.0,0.0,,30.0,Hastings District,Give way,,,,,0.0,0.0,Urban,0.0,,,Fine
111355,1932169.697,5608930.2249,545721.0,0.0,0.0,1.0,South,2018/2019,PAKOWHAI ROAD,RUAHAPIA ROAD,Non-Injury Crash,No,2019,North,0.0,0.0,Flat,0.0,Queens Birthday,0.0,0.0,Overcast,1471600.0,0.0,0.0,0.0,2.0,0.0,0.0,,Hawke's Bay Region,Nil,2-way,Sealed,0.0,0.0,0.0,80.0,0.0,None,0.0,0.0,,30.0,Hastings District,Unknown,0.0,0.0,0.0,1.0,0.0,0.0,Open,0.0,0.0,0.0,Fine
618123,1929754.0,5605404.0,548200.0,0.0,0.0,2.0,Null,2008/2009,NELSON ST NORTH,AVENUE ROAD WEST,Non-Injury Crash,No,2008,South,0.0,,Flat,,,,,Bright sun,1490300.0,0.0,0.0,0.0,2.0,0.0,,,Hawke's Bay Region,Nil,2-way,Sealed,0.0,0.0,,50.0,,Null,0.0,0.0,,30.0,Hastings District,Give way,,,,,0.0,0.0,Urban,0.0,,,Fine
167108,1930149.0,5604677.0,548200.0,0.0,0.0,2.0,Null,2014/2015,HASTINGS ST NORTH,QUEEN ST EAST,Non-Injury Crash,No,2015,North,0.0,,Flat,,,,,Bright sun,1493400.0,0.0,0.0,0.0,2.0,0.0,,,Hawke's Bay Region,Nil,2-way,Sealed,0.0,0.0,,50.0,,Null,0.0,0.0,,30.0,Hastings District,Give way,,,,,0.0,0.0,Urban,0.0,,,Fine
483557,1929496.0,5608810.0,545710.0,0.0,0.0,2.0,Null,2016/2017,SH 50A,EVENDEN ROAD,Non-Injury Crash,Yes,2017,South,0.0,,Flat,,,,,Twilight,1471100.0,0.0,0.0,0.0,2.0,0.0,,,Hawke's Bay Region,Nil,1-way,Sealed,0.0,0.0,,100.0,,On,0.0,0.0,,30.0,Hastings District,Give way,,,,,0.0,0.0,Open,0.0,,,Fine
251055,1929908.0,5604822.0,548200.0,0.0,0.0,2.0,North,2004/2005,KARAMU ROAD NORTH,HERETAUNGA ST EAST,Non-Injury Crash,No,2005,South,0.0,0.0,Flat,0.0,,0.0,0.0,Dark,1492700.0,0.0,0.0,0.0,2.0,0.0,1.0,,Hawke's Bay Region,Nil,2-way,Sealed,0.0,0.0,0.0,50.0,0.0,On,0.0,0.0,,30.0,Hastings District,Nil,0.0,0.0,0.0,0.0,0.0,0.0,Urban,0.0,0.0,0.0,Fine
191710,1929791.0,5606307.0,547600.0,0.0,0.0,2.0,Null,2000/2001,GRAYS ROAD,LANE ST,Non-Injury Crash,No,2000,North,0.0,0.0,Flat,0.0,,0.0,0.0,Dark,1485600.0,0.0,0.0,0.0,1.0,0.0,1.0,,Hawke's Bay Region,Nil,2-way,Sealed,0.0,0.0,0.0,50.0,0.0,On,0.0,0.0,,30.0,Hastings District,Give way,0.0,0.0,0.0,0.0,0.0,0.0,Urban,0.0,0.0,0.0,Fine
473831,1930086.0,5604557.0,548200.0,0.0,0.0,2.0,East,2004/2005,HERETAUNGA ST EAST,HASTINGS ST,Minor Crash,No,2005,East,0.0,,Flat,,,,,Bright sun,1493800.0,1.0,0.0,0.0,2.0,0.0,,,Hawke's Bay Region,Nil,2-way,Sealed,0.0,0.0,,50.0,,Null,0.0,0.0,,30.0,Hastings District,Nil,,,,,0.0,0.0,Urban,1.0,,,Fine
404991,1927582.0,5607392.0,548400.0,0.0,0.0,0.0,Null,2016/2017,OMAHU ROAD,SH 50A,Non-Injury Crash,Yes,2017,West,0.0,,Flat,,,,,Bright sun,1473500.0,0.0,0.0,0.0,2.0,0.0,,,Hawke's Bay Region,Nil,2-way,Sealed,0.0,0.0,,50.0,,Null,1.0,0.0,,30.0,Hastings District,Give way,,,,,0.0,0.0,Urban,1.0,,,Fine
592604,1929872.0,5604644.0,548200.0,0.0,0.0,1.0,Null,2000/2001,EASTBOURNE ST EAST,WARREN ST SOUTH,Non-Injury Crash,No,2000,West,0.0,,Flat,,,,,Overcast,1493200.0,0.0,0.0,0.0,2.0,0.0,,,Hawke's Bay Region,Nil,2-way,Sealed,0.0,0.0,,50.0,,Null,0.0,0.0,,30.0,Hastings District,Give way,,,,,1.0,0.0,Urban,0.0,,,Fine
219845,1934452.0,5632794.0,545812.0,0.0,0.0,0.0,North,2011/2012,SH 2,TAIT ROAD,Minor Crash,Yes,2012,North,0.0,,Flat,,,,,Dark,1414903.0,1.0,0.0,0.0,2.0,0.0,,1.0,Hawke's Bay Region,Nil,2-way,Sealed,0.0,0.0,,100.0,,None,0.0,0.0,30.0,30.0,Hastings District,Nil,,,,,1.0,0.0,Open,0.0,,,Fine
311948,1927542.0,5608875.0,545710.0,0.0,0.0,1.0,South,2015/2016,RAUPARE ROAD,MCNAB ROAD,Non-Injury Crash,No,2016,North,0.0,0.0,Flat,0.0,,0.0,0.0,Dark,1470800.0,0.0,0.0,0.0,2.0,0.0,0.0,,Hawke's Bay Region,Nil,2-way,Sealed,0.0,0.0,0.0,100.0,0.0,None,0.0,0.0,,30.0,Hastings District,Unknown,0.0,0.0,0.0,0.0,0.0,0.0,Open,0.0,0.0,0.0,Fine
554443,1929893.4999,5604808.4317,548200.0,0.0,0.0,1.0,Null,2018/2019,KARAMU ROAD SOUTH,HERETAUNGA STREET EAST,Non-Injury Crash,No,2019,North,0.0,,Flat,,,,,Bright sun,1492600.0,0.0,0.0,0.0,2.0,0.0,,,Hawke's Bay Region,Nil,2-way,Sealed,0.0,0.0,,50.0,,Off,1.0,0.0,30.0,30.0,Hastings District,Traffic Signals,,,,,0.0,0.0,Urban,0.0,,,Fine
385160,1927952.0,5607681.0,545710.0,0.0,0.0,0.0,North,2009/2010,SH 50A,OMAHU ROAD,Non-Injury Crash,Yes,2009,North,0.0,,Flat,,,,,Dark,1471201.0,0.0,0.0,0.0,2.0,0.0,,,Hawke's Bay Region,Nil,2-way,Sealed,0.0,0.0,,100.0,,None,1.0,0.0,,30.0,Hastings District,Nil,,,,,0.0,0.0,Open,0.0,,,Fine
597887,1923585.0,5608070.0,548611.0,0.0,0.0,1.0,West,2011/2012,KILKEE TERRACE,RAMSEY CRESCENT,Minor Crash,No,2012,West,0.0,,Flat,,,,,Bright sun,1470311.0,1.0,0.0,0.0,2.0,0.0,,1.0,Hawke's Bay Region,Nil,2-way,Sealed,0.0,0.0,,50.0,,Null,0.0,0.0,,30.0,Hastings District,Nil,,,,,0.0,0.0,Urban,0.0,,,Fine
26598,1927660.0,5607366.0,548500.0,0.0,0.0,1.0,South,2014/2015,OMAHU ROAD,SH 50A,Non-Injury Crash,No,2015,North,0.0,,Flat,,,,,Bright sun,1477900.0,0.0,0.0,0.0,2.0,0.0,,,Hawke's Bay Region,Nil,2-way,Sealed,0.0,0.0,,50.0,,Off,0.0,0.0,,30.0,Hastings District,Nil,,,,,0.0,0.0,Urban,1.0,,,Fine
605041,1923119.0,5610936.0,545710.0,0.0,0.0,1.0,North,2003/2004,SH 50,GORDON ST,Non-Injury Crash,Yes,2004,North,0.0,0.0,Flat,0.0,,0.0,0.0,Overcast,1470400.0,0.0,0.0,0.0,2.0,0.0,0.0,,Hawke's Bay Region,Nil,2-way,Sealed,0.0,0.0,0.0,50.0,0.0,Null,0.0,0.0,,30.0,Hastings District,Nil,0.0,0.0,0.0,0.0,0.0,0.0,Urban,0.0,0.0,0.0,Fine
300301,1928842.0,5603900.0,547900.0,0.0,0.0,1.0,Null,2016/2017,RAILWAY ROAD,MURDOCH ROAD WEST,Non-Injury Crash,No,2017,West,0.0,,Flat,,,,,Dark,1482600.0,0.0,0.0,0.0,2.0,0.0,,,Hawke's Bay Region,Rail xing,2-way,Sealed,0.0,0.0,,50.0,,On,0.0,0.0,,30.0,Hastings District,Stop,,,,,0.0,0.0,Urban,1.0,,,Light rain
35690,1925572.0,5607308.0,548620.0,0.0,0.0,1.0,South,2003/2004,HENDERSON ROAD,FOLKESTONE DRIVE,Minor Crash,No,2004,North,0.0,,Flat,,,,,Dark,1474204.0,1.0,0.0,0.0,2.0,0.0,,1.0,Hawke's Bay Region,Nil,2-way,Sealed,0.0,0.0,,50.0,,On,0.0,0.0,,30.0,Hastings District,Nil,,,,,0.0,0.0,Urban,0.0,,,Fine
358358,1930510.0,5604594.0,548100.0,0.0,0.0,2.0,Null,2003/2004,ST AUBYN ST EAST,WILLOWPARK ROAD NORTH,Minor Crash,No,2004,West,0.0,,Flat,,,,,Overcast,1500800.0,1.0,0.0,0.0,4.0,0.0,,,Hawke's Bay Region,Nil,2-way,Sealed,0.0,0.0,,50.0,,Null,0.0,0.0,,30.0,Hastings District,Give way,,,,,0.0,0.0,Urban,0.0,,,Fine
662271,1927978.0,5606152.0,548500.0,0.0,0.0,0.0,North,2010/2011,LOWE ST,SUNNYBANK CRESCENT,Non-Injury Crash,No,2010,South,0.0,1.0,Flat,0.0,Christmas New Year,0.0,0.0,Bright sun,1479500.0,0.0,0.0,0.0,2.0,0.0,0.0,,Hawke's Bay Region,Nil,2-way,Sealed,0.0,0.0,0.0,50.0,0.0,Null,0.0,0.0,,30.0,Hastings District,Nil,0.0,0.0,0.0,0.0,0.0,0.0,Urban,1.0,0.0,0.0,Fine
458150,1929314.0,5605584.0,547700.0,0.0,0.0,2.0,West,2007/2008,HERETAUNGA ST WEST,TOMOANA ROAD,Non-Injury Crash,No,2007,West,0.0,,Flat,,,,,Bright sun,1487900.0,0.0,0.0,0.0,2.0,0.0,,,Hawke's Bay Region,Nil,2-way,Sealed,0.0,0.0,,50.0,,Null,0.0,0.0,,30.0,Hastings District,Nil,,,,,0.0,0.0,Urban,0.0,,,Fine
469038,1928870.0,5604924.0,547900.0,1.0,0.0,1.0,North,2001/2002,SOUTHLAND ROAD,GORDON ROAD,Minor Crash,No,2001,North,0.0,,Flat,,,,,Bright sun,1482100.0,1.0,0.0,0.0,2.0,0.0,,,Hawke's Bay Region,Nil,2-way,Sealed,0.0,0.0,,50.0,,Null,0.0,0.0,,30.0,Hastings District,Nil,,,,,0.0,0.0,Urban,0.0,,,Fine
439134,1929936.0,5605363.0,548200.0,0.0,0.0,3.0,North,2013/2014,ST AUBYN ST WEST,KING ST NORTH,Non-Injury Crash,No,2013,North,0.0,,Flat,,,,,Overcast,1491000.0,0.0,0.0,0.0,4.0,0.0,,,Hawke's Bay Region,Nil,2-way,Sealed,0.0,0.0,,50.0,,Null,0.0,0.0,,30.0,Hastings District,Give way,,,,,0.0,0.0,Urban,0.0,,,Fine
246588,1917866.0,5654114.0,545912.0,0.0,0.0,1.0,North,2002/2003,SH 5,TITIOKURA SUMMIT,Non-Injury Crash,Yes,2003,North,0.0,,Hill Road,,,,,Overcast,1414504.0,0.0,0.0,0.0,3.0,0.0,,,Hawke's Bay Region,Nil,2-way,Sealed,0.0,0.0,,100.0,,Null,0.0,0.0,,30.0,Hastings District,Nil,,,,,1.0,0.0,Open,0.0,,,Light rain
381930,1926010.5205,5606686.8031,545761.0,0.0,0.0,1.0,South,2018/2019,WILSON ROAD,FOLKSTONE ROAD,Non-Injury Crash,No,2019,North,0.0,,Flat,,,,,Twilight,1469905.0,0.0,0.0,1.0,2.0,0.0,,,Hawke's Bay Region,Nil,2-way,Sealed,0.0,0.0,,50.0,,On,0.0,0.0,,30.0,Hastings District,Nil,,,,,0.0,0.0,Urban,0.0,,,Fine
297419,1932537.0,5603588.0,545721.0,0.0,0.0,1.0,Null,2004/2005,ST GEORGES ROAD,CROSSES ROAD,Minor Crash,No,2005,South,0.0,,Flat,,,,,Dark,1472702.0,1.0,0.0,0.0,2.0,0.0,,,Hawke's Bay Region,Nil,2-way,Sealed,0.0,0.0,,100.0,,On,1.0,0.0,,30.0,Hastings District,Give way,,,,,0.0,0.0,Open,0.0,,,Fine
69566,1930542.0,5605151.0,548200.0,0.0,0.0,2.0,Null,2010/2011,ALBERT ST,WARREN ST NORTH,Non-Injury Crash,No,2011,North,0.0,0.0,Flat,0.0,,0.0,0.0,Overcast,1494600.0,0.0,0.0,0.0,2.0,0.0,1.0,,Hawke's Bay Region,Nil,2-way,Sealed,0.0,0.0,0.0,50.0,0.0,Null,0.0,0.0,,30.0,Hastings District,Give way,0.0,0.0,0.0,0.0,0.0,0.0,Urban,1.0,0.0,0.0,Fine
114059,1929517.4801,5604203.9493,548300.0,0.0,0.0,1.0,Null,2019/2020,PATTISON ROAD,HASTINGS STREET SOUTH,Non-Injury Crash,No,2019,North,0.0,0.0,Flat,0.0,,0.0,0.0,Dark,1503100.0,0.0,0.0,0.0,2.0,0.0,1.0,,Hawke's Bay Region,Nil,2-way,Sealed,0.0,0.0,0.0,50.0,0.0,On,0.0,0.0,,30.0,Hastings District,Nil,0.0,0.0,0.0,0.0,0.0,0.0,Urban,1.0,0.0,0.0,Fine
322140,1908867.0,5606157.0,545841.0,0.0,0.0,0.0,South,2008/2009,KERERU ROAD,AORANGI ROAD,Minor Crash,No,2008,North,0.0,0.0,Flat,0.0,,0.0,0.0,Bright sun,1462401.0,1.0,0.0,0.0,2.0,0.0,0.0,,Hawke's Bay Region,Nil,2-way,Sealed,0.0,0.0,0.0,100.0,0.0,Null,1.0,0.0,,30.0,Hastings District,Nil,0.0,0.0,0.0,0.0,0.0,0.0,Open,0.0,0.0,0.0,Fine
479612,1929094.0,5606489.0,547700.0,0.0,0.0,2.0,South,2014/2015,ST AUBYN ST WEST,PAKOWHAI ROAD,Non-Injury Crash,No,2015,North,0.0,,Flat,,,,,Bright sun,1485800.0,0.0,0.0,0.0,2.0,0.0,,,Hawke's Bay Region,Nil,2-way,Sealed,0.0,0.0,,50.0,,Null,0.0,0.0,,30.0,Hastings District,Give way,,,,,0.0,0.0,Urban,0.0,,,Fine
606482,1931580.0,5602901.0,545721.0,0.0,0.0,3.0,Null,2003/2004,HAVELOCK ROAD,ST GEORGES ROAD,Fatal Crash,No,2004,North,1.0,,Flat,,,,,Overcast,1472900.0,1.0,0.0,0.0,4.0,0.0,,,Hawke's Bay Region,Nil,2-way,Sealed,0.0,0.0,,70.0,,Null,0.0,0.0,,30.0,Hastings District,Stop,,,,,0.0,0.0,Urban,0.0,,,Light rain
374044,1929634.0,5605762.0,548200.0,0.0,0.0,2.0,Null,2006/2007,ST AUBYN ST WEST,TOMOANA ROAD,Serious Crash,No,2006,West,0.0,,Flat,,,,,Bright sun,1490300.0,0.0,0.0,0.0,2.0,0.0,,,Hawke's Bay Region,Nil,2-way,Sealed,0.0,1.0,,50.0,,Null,0.0,0.0,,30.0,Hastings District,Traffic Signals,,,,,0.0,0.0,Urban,0.0,,,Fine
729983,1918522.0,5630834.0,545821.0,0.0,0.0,1.0,North,2017/2018,PUKETITIRI ROAD,SOLDIERS SETTLEMENT ROAD,Non-Injury Crash,No,2017,South,0.0,1.0,Hill Road,0.0,,0.0,0.0,Twilight,1412200.0,0.0,0.0,0.0,2.0,0.0,0.0,,Hawke's Bay Region,Nil,2-way,Sealed,0.0,0.0,0.0,100.0,0.0,None,0.0,0.0,,30.0,Hastings District,Unknown,0.0,0.0,0.0,0.0,0.0,0.0,Open,0.0,0.0,0.0,Fine
344206,1925533.9399,5603365.9967,545842.0,0.0,0.0,1.0,North,2019/2020,HAWKES BAY EXPRESSWAY,MARAEKAKAHO ROAD,Non-Injury Crash,Yes,2019,South,0.0,0.0,Flat,0.0,,0.0,0.0,Dark,1470214.0,0.0,0.0,0.0,2.0,0.0,0.0,,Hawke's Bay Region,Nil,2-way,Sealed,0.0,0.0,0.0,100.0,0.0,On,0.0,0.0,,30.0,Hastings District,Nil,0.0,1.0,0.0,1.0,0.0,0.0,Open,0.0,0.0,0.0,Light rain
376509,1924891.0,5606373.0,548620.0,0.0,0.0,2.0,West,2007/2008,SUNDERLAND DRIVE,BIRKENHEAD CRESCENT,Non-Injury Crash,No,2008,East,0.0,0.0,Flat,0.0,,0.0,0.0,Dark,1474900.0,0.0,0.0,0.0,2.0,0.0,2.0,,Hawke's Bay Region,Nil,2-way,Sealed,0.0,0.0,0.0,50.0,0.0,On,0.0,0.0,,30.0,Hastings District,Nil,0.0,0.0,0.0,0.0,0.0,0.0,Urban,1.0,0.0,0.0,Fine
390182,1929380.0,5605496.0,548200.0,0.0,0.0,1.0,Null,2009/2010,HERETAUNGA ST WEST,CHARLES ST,Non-Injury Crash,No,2009,West,0.0,,Flat,,,,,Twilight,1490100.0,0.0,0.0,0.0,2.0,0.0,,,Hawke's Bay Region,Nil,2-way,Sealed,0.0,0.0,,50.0,,Off,1.0,0.0,,30.0,Hastings District,Give way,,,,,0.0,0.0,Urban,0.0,,,Light rain
132879,1932564.0,5601648.0,548810.0,1.0,0.0,1.0,Null,2014/2015,TE AUTE ROAD,JOLL ROAD,Minor Crash,No,2014,East,0.0,,Flat,,,,,Bright sun,1505200.0,1.0,0.0,0.0,1.0,0.0,,,Hawke's Bay Region,Nil,1-way,Sealed,0.0,0.0,,50.0,,Off,0.0,0.0,,30.0,Hastings District,Give way,,,,,0.0,0.0,Urban,0.0,,,Fine
36650,1933416.0,5612180.0,545832.0,0.0,0.0,1.0,Null,1999/2000,BROOKFIELDS ROAD,SISSONS ROAD,Minor Crash,No,2000,South,0.0,1.0,Flat,0.0,,0.0,0.0,Overcast,1404000.0,3.0,0.0,0.0,2.0,0.0,0.0,,Hawke's Bay Region,Nil,2-way,Sealed,0.0,0.0,0.0,100.0,0.0,Null,0.0,0.0,,30.0,Hastings District,Give way,0.0,0.0,0.0,0.0,0.0,0.0,Open,0.0,0.0,0.0,Fine
597550,1929453.0,5604796.0,548200.0,0.0,0.0,2.0,Null,2014/2015,SOUTHAMPTON ST WEST,MARKET ST SOUTH,Non-Injury Crash,No,2015,North,0.0,,Flat,,,,,Overcast,1489802.0,0.0,0.0,0.0,2.0,0.0,,,Hawke's Bay Region,Nil,2-way,Sealed,0.0,0.0,,50.0,,Off,0.0,0.0,,30.0,Hastings District,Give way,,,,,0.0,0.0,Urban,0.0,,,Heavy rain
119375,1923352.0,5610218.0,545710.0,0.0,0.0,2.0,Null,2013/2014,OMAHU ROAD,SH 50,Non-Injury Crash,Yes,2013,North,0.0,,Flat,,,,,Overcast,1470500.0,0.0,0.0,0.0,2.0,0.0,,,Hawke's Bay Region,Nil,2-way,Sealed,0.0,0.0,,100.0,,Null,0.0,0.0,,30.0,Hastings District,Give way,,,,,0.0,0.0,Open,0.0,,,Fine
331163,1929373.0,5605307.0,548200.0,0.0,0.0,1.0,Null,2008/2009,SOUTHLAND ROAD,EASTBOURNE ST WEST,Minor Crash,No,2009,South,0.0,,Flat,,,,,Overcast,1488800.0,1.0,0.0,0.0,2.0,0.0,,,Hawke's Bay Region,Nil,2-way,Sealed,0.0,0.0,,50.0,,Off,1.0,0.0,,30.0,Hastings District,Give way,,,,,0.0,0.0,Urban,0.0,,,Fine