OBJECTID,X,Y,areaUnitID,bicycle,bus,carStationWagon,crashDirectionDescription,crashFinancialYear,crashLocation1,crashLocation2,crashSeverity,crashSHDescription,crashYear,directionRoleDescription,fatalCount,fence,flatHill,guardRail,holiday,houseOrBuilding,kerb,light,meshblockId,minorInjuryCount,moped,motorcycle,NumberOfLanes,otherVehicleType,parkedVehicle,pedestrian,region,roadCharacter,roadLane,roadSurface,schoolBus,seriousInjuryCount,slipOrFlood,speedLimit,strayAnimal,streetLight,suv,taxi,temporarySpeedLimit,tlaId,tlaName,trafficControl,trafficIsland,trafficSign,train,tree,truck,unknownVehicleType,urban,vanOrUtility,vehicle,waterRiver,weatherA
276192,1929754.0,5605404.0,548200.0,0.0,0.0,2.0,Null,2000/2001,NELSON ST NORTH,AVENUE ROAD WEST,Non-Injury Crash,No,2001,South,0.0,,Flat,,,,,Overcast,1490300.0,0.0,0.0,0.0,2.0,0.0,,,Hawke's Bay Region,Nil,2-way,Sealed,0.0,0.0,,50.0,,Null,0.0,0.0,,30.0,Hastings District,Give way,,,,,0.0,0.0,Urban,0.0,,,Heavy rain
574871,1929309.0,5606675.0,547800.0,0.0,0.0,1.0,West,2015/2016,PAKOWHAI ROAD,FITZROY AVENUE,Non-Injury Crash,No,2015,West,0.0,0.0,Flat,0.0,,0.0,0.0,Bright sun,1477600.0,0.0,0.0,0.0,2.0,0.0,0.0,,Hawke's Bay Region,Nil,2-way,Sealed,0.0,0.0,0.0,50.0,0.0,Null,0.0,0.0,,30.0,Hastings District,Nil,0.0,0.0,0.0,0.0,0.0,0.0,Urban,0.0,0.0,0.0,Fine
713832,1930581.0,5604498.0,548100.0,0.0,0.0,2.0,Null,2008/2009,ST AUBYN ST EAST,PRINCES ST,Non-Injury Crash,No,2009,West,0.0,,Flat,,,,,Bright sun,1500700.0,0.0,0.0,0.0,2.0,0.0,,,Hawke's Bay Region,Nil,2-way,Sealed,0.0,0.0,,50.0,,Null,0.0,0.0,,30.0,Hastings District,Give way,,,,,0.0,0.0,Urban,1.0,,,Fine
224869,1931227.0,5614324.0,545831.0,0.0,0.0,1.0,North,2017/2018,SH 50,PAKOWHAI ON NBD,Non-Injury Crash,Yes,2018,North,0.0,,Flat,,,,,Bright sun,1404600.0,0.0,0.0,0.0,2.0,0.0,,,Hawke's Bay Region,Nil,2-way,Sealed,0.0,0.0,,100.0,,Null,0.0,0.0,30.0,30.0,Hastings District,Unknown,,,,,1.0,0.0,Open,0.0,,,Fine
566963,1931041.0,5613829.0,545831.0,0.0,0.0,1.0,Null,2017/2018,SH 50,PAKOWHAI ON NBD,Non-Injury Crash,Yes,2017,South,0.0,,Flat,,,,,Bright sun,1404600.0,0.0,0.0,0.0,1.0,0.0,,,Hawke's Bay Region,Nil,1-way,Sealed,0.0,0.0,,100.0,,Null,0.0,0.0,,30.0,Hastings District,Traffic Signals,,,,,0.0,0.0,Open,1.0,,,Fine
113779,1929344.0,5605544.0,547700.0,0.0,0.0,1.0,Null,2009/2010,HERETAUNGA ST WEST,TOMOANA ROAD,Non-Injury Crash,No,2010,East,0.0,,Flat,,,,,Dark,1487900.0,0.0,0.0,0.0,2.0,0.0,,,Hawke's Bay Region,Nil,2-way,Sealed,0.0,0.0,,50.0,,On,1.0,0.0,,30.0,Hastings District,Give way,,,,,0.0,0.0,Urban,0.0,,,Fine
724049,1932233.0,5606181.0,545721.0,0.0,0.0,2.0,East,2006/2007,SH 2,ELWOOD ROAD,Non-Injury Crash,Yes,2007,North,0.0,,Flat,,,,,Bright sun,1472300.0,0.0,0.0,0.0,2.0,0.0,,,Hawke's Bay Region,Nil,2-way,Sealed,0.0,0.0,,70.0,,Null,1.0,0.0,,30.0,Hastings District,Nil,,,,,0.0,0.0,Urban,0.0,,,Fine
161722,1930149.0,5604677.0,548200.0,0.0,0.0,2.0,Null,2014/2015,HASTINGS ST NORTH,QUEEN ST EAST,Non-Injury Crash,No,2015,East,0.0,,Flat,,,,,Overcast,1493400.0,0.0,0.0,0.0,2.0,0.0,,,Hawke's Bay Region,Nil,2-way,Sealed,0.0,0.0,,50.0,,Off,0.0,0.0,,30.0,Hastings District,Give way,,,,,0.0,0.0,Urban,0.0,,,Heavy rain
487148,1929249.0,5605635.0,547700.0,0.0,0.0,1.0,South,2007/2008,LOVEDALE ROAD,HERETAUNGA ST WEST,Non-Injury Crash,No,2007,South,0.0,,Flat,,,,,Bright sun,1487700.0,0.0,0.0,0.0,2.0,0.0,,,Hawke's Bay Region,Nil,2-way,Sealed,0.0,0.0,,50.0,,Null,1.0,0.0,,30.0,Hastings District,Nil,,,,,0.0,0.0,Urban,0.0,,,Fine
13037,1931151.0,5613498.0,545831.0,0.0,0.0,1.0,Null,2001/2002,PAKOWHAI ROAD,ALLEN ROAD,Minor Crash,No,2001,South,0.0,1.0,Flat,0.0,,0.0,0.0,Dark,1404600.0,1.0,0.0,0.0,2.0,0.0,0.0,,Hawke's Bay Region,Nil,2-way,Sealed,0.0,0.0,0.0,100.0,0.0,On,0.0,0.0,,30.0,Hastings District,Give way,0.0,0.0,0.0,0.0,0.0,0.0,Open,0.0,0.0,0.0,Fine
686131,1911698.0,5661681.0,545911.0,0.0,0.0,1.0,North,2013/2014,SH 5,MCVICAR ROAD,Minor Crash,Yes,2013,North,0.0,0.0,Hill Road,0.0,,0.0,0.0,Bright sun,1414300.0,2.0,0.0,0.0,2.0,0.0,0.0,,Hawke's Bay Region,Nil,2-way,Sealed,0.0,0.0,0.0,100.0,0.0,Null,0.0,0.0,,30.0,Hastings District,Unknown,0.0,0.0,0.0,0.0,0.0,0.0,Open,0.0,0.0,0.0,Fine
711081,1933134.0,5602321.0,548831.0,0.0,0.0,1.0,Null,2012/2013,NAPIER ROAD,ST HILL LANE,Non-Injury Crash,No,2013,South,0.0,,Flat,,,,,Overcast,1509100.0,0.0,0.0,0.0,2.0,0.0,,,Hawke's Bay Region,Nil,2-way,Sealed,0.0,0.0,,50.0,,Null,1.0,0.0,,30.0,Hastings District,Give way,,,,,0.0,0.0,Urban,0.0,,,Fine
651096,1929938.0,5632716.0,545811.0,0.0,0.0,3.0,West,2002/2003,SH 5,HEDGELEY ROAD,Non-Injury Crash,Yes,2003,East,0.0,0.0,Flat,0.0,Queens Birthday,0.0,0.0,Twilight,1414800.0,0.0,0.0,0.0,2.0,0.0,0.0,,Hawke's Bay Region,Nil,2-way,Sealed,0.0,0.0,0.0,100.0,0.0,None,0.0,0.0,,30.0,Hastings District,Nil,0.0,0.0,0.0,0.0,0.0,0.0,Open,1.0,0.0,0.0,Fine
516255,1919751.0,5644160.0,545811.0,0.0,0.0,1.0,South,2002/2003,SH 5,RUKUMOANA ROAD,Non-Injury Crash,Yes,2002,North,0.0,1.0,Hill Road,0.0,,0.0,0.0,Overcast,1414700.0,0.0,0.0,0.0,2.0,0.0,0.0,,Hawke's Bay Region,Nil,2-way,Sealed,0.0,0.0,0.0,100.0,0.0,Null,0.0,0.0,,30.0,Hastings District,Nil,0.0,0.0,0.0,0.0,0.0,0.0,Open,0.0,0.0,0.0,Light rain
257137,1940857.0,5656699.0,545911.0,0.0,0.0,1.0,South,2003/2004,SH 2,MATAHORUA STM BR,Non-Injury Crash,Yes,2003,South,0.0,,Hill Road,,,,,Dark,1416000.0,0.0,0.0,0.0,2.0,0.0,,,Hawke's Bay Region,Nil,2-way,Sealed,0.0,0.0,,100.0,,None,0.0,0.0,,30.0,Hastings District,Nil,,,,,0.0,0.0,Open,1.0,,,Fine
635350,1924792.0,5600181.0,545852.0,0.0,0.0,1.0,South,2005/2006,SH 50A,TURAMOE ROAD,Minor Crash,Yes,2005,South,0.0,1.0,Flat,1.0,Christmas New Year,0.0,0.0,Overcast,1469600.0,1.0,0.0,0.0,2.0,0.0,0.0,,Hawke's Bay Region,Nil,2-way,Sealed,0.0,0.0,0.0,100.0,0.0,Null,0.0,0.0,,30.0,Hastings District,Nil,0.0,0.0,0.0,0.0,0.0,0.0,Open,0.0,0.0,0.0,Heavy rain
156189,1919704.0,5645948.0,545811.0,0.0,0.0,1.0,South,2003/2004,SH 5,PALMER ROAD,Non-Injury Crash,Yes,2003,South,0.0,0.0,Hill Road,1.0,,0.0,0.0,Bright sun,1414700.0,0.0,0.0,0.0,3.0,0.0,0.0,,Hawke's Bay Region,Nil,2-way,Sealed,0.0,0.0,0.0,100.0,0.0,Null,0.0,0.0,,30.0,Hastings District,Nil,0.0,0.0,0.0,0.0,0.0,0.0,Open,0.0,0.0,0.0,Fine
569224,1929993.0,5604885.0,548200.0,0.0,0.0,2.0,Null,2009/2010,KARAMU ROAD NORTH,QUEEN ST EAST,Non-Injury Crash,No,2009,East,0.0,,Flat,,,,,Bright sun,1492800.0,0.0,0.0,0.0,2.0,0.0,,,Hawke's Bay Region,Nil,2-way,Sealed,0.0,0.0,,50.0,,Null,0.0,0.0,,30.0,Hastings District,Traffic Signals,,,,,0.0,0.0,Urban,0.0,,,Fine
301281,1927805.0,5607226.0,547800.0,0.0,0.0,1.0,North,2015/2016,OMAHU ROAD,STONYCROFT ST,Non-Injury Crash,No,2015,East,0.0,,Null,,,,,Twilight,1476600.0,0.0,0.0,0.0,2.0,0.0,,,Hawke's Bay Region,Nil,2-way,Sealed,0.0,0.0,,50.0,,Off,0.0,0.0,,30.0,Hastings District,Nil,,,,,1.0,0.0,Urban,0.0,,,Fine
401690,1928854.0,5606333.0,547700.0,0.0,0.0,2.0,North,2009/2010,PAKOWHAI ROAD,HERETAUNGA ST WEST,Non-Injury Crash,No,2009,North,0.0,,Flat,,,,,Bright sun,1486000.0,0.0,0.0,0.0,2.0,0.0,,,Hawke's Bay Region,Nil,2-way,Sealed,0.0,0.0,,50.0,,Null,0.0,0.0,,30.0,Hastings District,Nil,,,,,0.0,0.0,Urban,0.0,,,Fine
297364,1930214.0,5604383.0,548200.0,0.0,0.0,2.0,Null,2018/2019,HERETAUNGA ST EAST,WILLOWPARK ROAD NORTH,Non-Injury Crash,No,2018,South,0.0,,Flat,,,,,Bright sun,1493800.0,0.0,0.0,0.0,2.0,0.0,,,Hawke's Bay Region,Nil,2-way,Sealed,0.0,0.0,,50.0,,Null,0.0,0.0,,30.0,Hastings District,Give way,,,,,0.0,0.0,Urban,0.0,,,Fine
540692,1929031.0,5605352.0,547700.0,0.0,0.0,1.0,East,2013/2014,SOUTHAMPTON ST WEST,LASCELLES ST,Non-Injury Crash,No,2013,East,0.0,,Flat,,,,,Bright sun,1487600.0,0.0,0.0,0.0,2.0,0.0,,,Hawke's Bay Region,Nil,2-way,Sealed,0.0,0.0,,50.0,,Off,0.0,0.0,,30.0,Hastings District,Give way,,,,,0.0,0.0,Urban,2.0,,,Fine
220251,1928325.0,5606715.0,548500.0,0.0,0.0,2.0,West,2013/2014,CANNING ROAD,OMAHU ROAD,Non-Injury Crash,No,2013,East,0.0,,Flat,,,,,Dark,1478500.0,0.0,0.0,0.0,2.0,0.0,,,Hawke's Bay Region,Nil,2-way,Sealed,0.0,0.0,,50.0,,On,0.0,0.0,,30.0,Hastings District,Stop,,,,,0.0,0.0,Urban,0.0,,,Fine
393257,1930374.0,5604169.0,548100.0,0.0,0.0,2.0,East,2001/2002,HERETAUNGA ST EAST,RIVERSLEA ROAD NORTH,Non-Injury Crash,No,2001,West,0.0,,Flat,,,,,Bright sun,1501200.0,0.0,0.0,0.0,2.0,0.0,,,Hawke's Bay Region,Nil,2-way,Sealed,0.0,0.0,,50.0,,Null,0.0,1.0,,30.0,Hastings District,Stop,,,,,0.0,0.0,Urban,0.0,,,Fine
296475,1930857.0269999998,5604085.0182,548100.0,0.0,0.0,1.0,South,2018/2019,PARK ROAD NORTH,ST AUBYN STREET,Non-Injury Crash,No,2019,South,0.0,,Null,,,,,Unknown,1501400.0,0.0,0.0,0.0,2.0,0.0,,,Hawke's Bay Region,Nil,2-way,Null,0.0,0.0,,50.0,,Null,1.0,0.0,,30.0,Hastings District,Unknown,,,,,0.0,0.0,Urban,0.0,,,Null
582576,1924554.0,5609076.0,545710.0,0.0,0.0,0.0,Null,2017/2018,OMAHU ROAD,JAMES ROCHFORT PLACE,Minor Crash,No,2018,North,0.0,,Flat,,,,,Twilight,1470600.0,1.0,0.0,1.0,2.0,0.0,,,Hawke's Bay Region,Nil,2-way,Sealed,0.0,0.0,,70.0,,Off,0.0,0.0,,30.0,Hastings District,Nil,,,,,0.0,0.0,Urban,1.0,,,Fine
95586,1927573.0,5607442.0,548400.0,0.0,0.0,2.0,Null,2010/2011,OMAHU ROAD,SH 50A,Non-Injury Crash,No,2011,East,0.0,,Flat,,,,,Dark,1473600.0,0.0,0.0,0.0,2.0,0.0,,,Hawke's Bay Region,Nil,2-way,Sealed,0.0,0.0,,50.0,,On,0.0,0.0,,30.0,Hastings District,Give way,,,,,0.0,0.0,Urban,0.0,,,Mist or Fog
188307,1931727.0,5604314.0,548100.0,0.0,0.0,2.0,Null,2001/2002,WINDSOR AVENUE,BEATSON ROAD,Minor Crash,No,2001,West,0.0,,Flat,,,,,Bright sun,1499900.0,1.0,0.0,0.0,2.0,0.0,,,Hawke's Bay Region,Nil,2-way,Sealed,0.0,0.0,,50.0,,Null,0.0,0.0,,30.0,Hastings District,Nil,,,,,0.0,0.0,Urban,0.0,,,Fine
636886,1930169.0,5603839.0,548300.0,0.0,0.0,1.0,South,2007/2008,FERGUSON ST,RIVERSLEA ROAD SOUTH,Non-Injury Crash,No,2008,East,0.0,0.0,Flat,0.0,,0.0,0.0,Dark,1501700.0,0.0,0.0,0.0,2.0,0.0,1.0,,Hawke's Bay Region,Nil,2-way,Sealed,0.0,0.0,0.0,50.0,0.0,On,0.0,0.0,,30.0,Hastings District,Nil,0.0,0.0,0.0,0.0,0.0,0.0,Urban,1.0,0.0,0.0,Fine
608918,1927876.0,5607157.0,547800.0,0.0,0.0,0.0,Null,2013/2014,OMAHU ROAD,STONYCROFT ST,Non-Injury Crash,No,2013,North,0.0,0.0,Flat,0.0,,0.0,0.0,Dark,1476600.0,0.0,1.0,0.0,2.0,0.0,0.0,,Hawke's Bay Region,Nil,2-way,Sealed,0.0,0.0,0.0,50.0,0.0,On,0.0,0.0,,30.0,Hastings District,Give way,1.0,0.0,0.0,0.0,0.0,0.0,Urban,0.0,0.0,0.0,Fine
29339,1936503.0,5654663.0,545911.0,0.0,0.0,1.0,South,2004/2005,SH 2,RIDGEMOUNT ROAD,Non-Injury Crash,Yes,2005,South,0.0,0.0,Hill Road,0.0,,0.0,0.0,Dark,1416000.0,0.0,0.0,0.0,2.0,0.0,0.0,,Hawke's Bay Region,Nil,2-way,Sealed,0.0,0.0,0.0,100.0,0.0,None,0.0,0.0,,30.0,Hastings District,Nil,0.0,0.0,0.0,0.0,0.0,0.0,Open,0.0,0.0,0.0,Fine
540835,1927633.0,5607439.0,548400.0,0.0,0.0,1.0,Null,2009/2010,SH 50A,OMAHU ROAD,Non-Injury Crash,Yes,2010,West,0.0,,Flat,,,,,Overcast,1473600.0,0.0,0.0,0.0,2.0,0.0,,,Hawke's Bay Region,Nil,2-way,Sealed,0.0,0.0,,100.0,,Null,1.0,0.0,,30.0,Hastings District,Give way,,,,,0.0,0.0,Open,0.0,,,Fine
442816,1919879.0,5612676.0,545821.0,0.0,0.0,0.0,West,2010/2011,TAIHAPE ROAD,OHITI ROAD,Serious Crash,No,2011,South,0.0,0.0,Flat,0.0,,0.0,0.0,Dark,1408900.0,0.0,0.0,0.0,2.0,0.0,0.0,,Hawke's Bay Region,Nil,2-way,Sealed,0.0,1.0,0.0,100.0,0.0,None,0.0,0.0,,30.0,Hastings District,Nil,0.0,0.0,0.0,0.0,0.0,0.0,Open,1.0,0.0,0.0,Fine
624628,1937183.0,5608718.0,545730.0,0.0,0.0,2.0,South,2010/2011,MILL ROAD,LAWN ROAD,Serious Crash,No,2011,West,0.0,,Flat,,,,,Overcast,1405300.0,1.0,0.0,0.0,2.0,0.0,,,Hawke's Bay Region,Nil,2-way,Sealed,0.0,2.0,,100.0,,Null,0.0,0.0,,30.0,Hastings District,Nil,,,,,0.0,0.0,Open,0.0,,,Fine
578129,1915902.0,5633890.0,545821.0,0.0,0.0,1.0,North,2012/2013,PUKETITIRI ROAD,SOLDIERS SETTLEMENT ROAD,Minor Crash,No,2013,North,0.0,0.0,Hill Road,0.0,,0.0,0.0,Dark,1412200.0,1.0,0.0,0.0,2.0,0.0,0.0,,Hawke's Bay Region,Nil,2-way,Sealed,0.0,0.0,0.0,100.0,0.0,None,0.0,0.0,,30.0,Hastings District,Nil,0.0,0.0,0.0,0.0,0.0,0.0,Open,0.0,0.0,0.0,Fine
569739,1928487.0,5606031.0,548500.0,0.0,0.0,3.0,South,2013/2014,MARAEKAKAHO ROAD,SOUTHAMPTON ST WEST,Non-Injury Crash,No,2014,East,0.0,,Flat,,,,,Bright sun,1479600.0,0.0,0.0,0.0,2.0,0.0,,,Hawke's Bay Region,Nil,2-way,Sealed,0.0,0.0,,50.0,,Null,0.0,0.0,,30.0,Hastings District,Traffic Signals,,,,,0.0,0.0,Urban,0.0,,,Fine
325714,1930341.0,5604822.0,548200.0,0.0,0.0,2.0,Null,2017/2018,HASTINGS ST NORTH,ST AUBYN ST EAST,Non-Injury Crash,No,2018,East,0.0,,Flat,,,,,Overcast,1494400.0,0.0,0.0,0.0,2.0,0.0,,,Hawke's Bay Region,Nil,2-way,Sealed,0.0,0.0,,50.0,,Null,0.0,0.0,,30.0,Hastings District,Stop,,,,,0.0,0.0,Urban,0.0,,,Fine
559092,1925021.0,5637525.0,545811.0,0.0,0.0,1.0,West,2003/2004,SH 5,DILLONS HILL CUL,Minor Crash,Yes,2004,North,0.0,,Hill Road,,,,,Overcast,1414800.0,2.0,0.0,0.0,3.0,0.0,,,Hawke's Bay Region,Nil,2-way,Sealed,0.0,0.0,,100.0,,Null,0.0,0.0,,30.0,Hastings District,Nil,,,,,0.0,0.0,Open,0.0,,,Fine
57027,1927055.0,5612029.0,545710.0,0.0,0.0,1.0,West,2002/2003,Z NGARURORO RIVERBANK,CARRICK ROAD,Minor Crash,No,2003,West,0.0,0.0,Flat,0.0,,0.0,0.0,Overcast,1470700.0,2.0,0.0,0.0,2.0,0.0,0.0,,Hawke's Bay Region,Nil,Off road,Unsealed,0.0,0.0,0.0,100.0,0.0,Null,0.0,0.0,,30.0,Hastings District,Nil,0.0,0.0,0.0,1.0,0.0,0.0,Open,0.0,0.0,0.0,Fine
490083,1930935.0,5613540.0,545831.0,0.0,0.0,2.0,Null,2004/2005,SH 50,SH 50A,Minor Crash,Yes,2005,South,0.0,0.0,Flat,0.0,,0.0,0.0,Twilight,1404600.0,2.0,0.0,0.0,2.0,0.0,0.0,,Hawke's Bay Region,Nil,2-way,Sealed,0.0,0.0,0.0,100.0,0.0,Off,0.0,1.0,,30.0,Hastings District,Nil,1.0,0.0,0.0,0.0,0.0,0.0,Open,0.0,0.0,0.0,Fine
596496,1931294.0,5605188.0,548000.0,0.0,0.0,1.0,Null,2016/2017,GROVE ROAD,WILLOWPARK ROAD NORTH,Non-Injury Crash,No,2017,South,0.0,,Flat,,,,,Bright sun,1496800.0,0.0,0.0,0.0,1.0,0.0,,,Hawke's Bay Region,Nil,1-way,Sealed,0.0,0.0,,50.0,,Null,0.0,0.0,,30.0,Hastings District,Give way,,,,,0.0,0.0,Urban,1.0,,,Fine
637314,1929792.0,5605053.0,548200.0,0.0,0.0,2.0,South,2008/2009,MARKET ST NORTH,QUEEN ST WEST,Non-Injury Crash,No,2009,South,0.0,,Flat,,,,,Bright sun,1491700.0,0.0,0.0,0.0,2.0,0.0,,,Hawke's Bay Region,Nil,2-way,Sealed,0.0,0.0,,50.0,,Null,0.0,0.0,,30.0,Hastings District,Nil,,,,,0.0,0.0,Urban,0.0,,,Fine
572662,1929851.0,5605477.0,548200.0,0.0,0.0,2.0,Null,2009/2010,NELSON ST NORTH,ST AUBYN ST WEST,Non-Injury Crash,No,2009,South,0.0,,Flat,,,,,Twilight,1491000.0,0.0,0.0,0.0,2.0,0.0,,,Hawke's Bay Region,Nil,2-way,Sealed,0.0,0.0,,50.0,,On,0.0,0.0,,30.0,Hastings District,Traffic Signals,,,,,0.0,0.0,Urban,0.0,,,Fine
279101,1925033.0,5637607.0,545811.0,0.0,0.0,1.0,East,2001/2002,SH 5,GLENLANDS STN ENT,Minor Crash,Yes,2002,East,0.0,0.0,Hill Road,0.0,,0.0,0.0,Overcast,1414800.0,1.0,0.0,0.0,3.0,0.0,0.0,,Hawke's Bay Region,Nil,2-way,Sealed,0.0,0.0,0.0,100.0,0.0,Null,0.0,0.0,,30.0,Hastings District,Nil,0.0,0.0,0.0,0.0,0.0,0.0,Open,0.0,0.0,0.0,Fine
574763,1927736.0,5607999.0,545710.0,0.0,0.0,0.0,East,2017/2018,ORMOND ROAD,OMAHU ROAD,Serious Crash,No,2018,East,0.0,1.0,Flat,0.0,,0.0,0.0,Dark,1471201.0,1.0,0.0,0.0,2.0,0.0,0.0,,Hawke's Bay Region,Nil,2-way,Sealed,0.0,1.0,0.0,60.0,0.0,None,0.0,0.0,,30.0,Hastings District,Unknown,0.0,0.0,0.0,1.0,0.0,0.0,Urban,1.0,0.0,0.0,Mist or Fog
290873,1929853.0,5605042.0,548200.0,0.0,0.0,1.0,Null,2002/2003,Z CPK WESTPAC,QUEEN/MARKET,Non-Injury Crash,No,2003,East,0.0,0.0,Flat,0.0,,0.0,0.0,Overcast,1491700.0,0.0,0.0,0.0,2.0,0.0,0.0,,Hawke's Bay Region,Nil,Off road,Sealed,0.0,0.0,0.0,50.0,0.0,Null,0.0,0.0,,30.0,Hastings District,Nil,0.0,0.0,0.0,0.0,0.0,0.0,Urban,1.0,1.0,0.0,Fine
525182,1927641.0,5607417.0,547800.0,0.0,0.0,1.0,Null,2005/2006,OMAHU ROAD,SH 50A,Non-Injury Crash,Yes,2005,South,0.0,1.0,Flat,0.0,,0.0,0.0,Dark,1476600.0,0.0,0.0,0.0,2.0,0.0,0.0,,Hawke's Bay Region,Nil,2-way,Sealed,0.0,0.0,0.0,100.0,0.0,On,0.0,0.0,,30.0,Hastings District,Give way,0.0,0.0,0.0,0.0,0.0,0.0,Open,0.0,0.0,0.0,Heavy rain
388099,1934862.0,5641401.0,545811.0,0.0,0.0,0.0,North,2007/2008,SH 2,TE NGARU BR,Serious Crash,Yes,2007,South,0.0,0.0,Hill Road,1.0,,0.0,0.0,Bright sun,1415700.0,0.0,0.0,0.0,2.0,0.0,0.0,,Hawke's Bay Region,Nil,2-way,Sealed,0.0,1.0,0.0,100.0,0.0,Null,0.0,0.0,,30.0,Hastings District,Nil,0.0,0.0,0.0,0.0,1.0,0.0,Open,0.0,0.0,0.0,Fine
150985,1929851.0,5605477.0,548200.0,0.0,0.0,2.0,Null,2008/2009,ST AUBYN ST WEST,NELSON ST NORTH,Non-Injury Crash,No,2008,South,0.0,,Flat,,Labour Weekend,,,Overcast,1491000.0,0.0,0.0,0.0,2.0,0.0,,,Hawke's Bay Region,Nil,2-way,Sealed,0.0,0.0,,50.0,,Null,0.0,0.0,,30.0,Hastings District,Traffic Signals,,,,,0.0,0.0,Urban,0.0,,,Fine
172421,1927070.0,5605436.0,545761.0,0.0,0.0,1.0,South,2005/2006,YORK ROAD,MARAEKAKAHO ROAD,Minor Crash,No,2006,North,0.0,1.0,Flat,0.0,,0.0,0.0,Overcast,1470102.0,1.0,0.0,0.0,2.0,0.0,0.0,,Hawke's Bay Region,Nil,2-way,Sealed,0.0,0.0,0.0,100.0,0.0,Null,0.0,0.0,,30.0,Hastings District,Nil,0.0,0.0,0.0,0.0,0.0,0.0,Open,0.0,0.0,0.0,Fine
180440,1912427.0,5586778.0,545851.0,0.0,0.0,1.0,North,2006/2007,SH 2,TE ONEPU ROAD,Fatal Crash,Yes,2007,North,1.0,0.0,Hill Road,0.0,,0.0,0.0,Dark,1464600.0,1.0,0.0,0.0,4.0,0.0,0.0,,Hawke's Bay Region,Nil,2-way,Sealed,0.0,2.0,0.0,100.0,0.0,None,0.0,0.0,,30.0,Hastings District,Nil,0.0,0.0,0.0,0.0,0.0,0.0,Open,0.0,0.0,0.0,Fine
677607,1929635.8279,5608420.2769,545710.0,0.0,0.0,2.0,South,2019/2020,PERCIVAL ROAD,EVENDEN ROAD,Non-Injury Crash,No,2019,South,0.0,,Flat,,,,,Bright sun,1471300.0,0.0,0.0,0.0,2.0,0.0,,,Hawke's Bay Region,Nil,2-way,Sealed,0.0,0.0,,70.0,,Off,0.0,0.0,,30.0,Hastings District,Nil,,,,,0.0,0.0,Urban,0.0,,,Fine
255104,1933493.0,5612363.0,545832.0,0.0,0.0,2.0,North,2000/2001,BROOKFIELDS ROAD,SISSONS ROAD,Non-Injury Crash,No,2000,South,0.0,,Flat,,,,,Bright sun,1403900.0,0.0,0.0,0.0,1.0,0.0,,,Hawke's Bay Region,Bridge,2-way,Sealed,0.0,0.0,,100.0,,Null,0.0,0.0,,30.0,Hastings District,Nil,,,,,0.0,0.0,Open,1.0,,,Fine
351664,1931123.0,5603359.0,545762.0,0.0,0.0,1.0,East,2009/2010,HAVELOCK ROAD,NORTON ROAD,Serious Crash,No,2009,East,0.0,,Flat,,,,,Dark,1468500.0,0.0,0.0,0.0,2.0,0.0,,1.0,Hawke's Bay Region,Nil,2-way,Sealed,0.0,1.0,,70.0,,On,0.0,0.0,,30.0,Hastings District,Nil,,,,,0.0,0.0,Urban,0.0,,,Fine
617448,1911993.0,5659404.0,545911.0,0.0,0.0,0.0,North,2017/2018,SH 5,OTAWHIRI CUL,Non-Injury Crash,Yes,2018,North,0.0,0.0,Hill Road,0.0,,0.0,1.0,Overcast,1414300.0,0.0,0.0,0.0,2.0,0.0,0.0,,Hawke's Bay Region,Nil,2-way,Sealed,0.0,0.0,0.0,100.0,0.0,Null,0.0,0.0,,30.0,Hastings District,Unknown,0.0,0.0,0.0,0.0,0.0,0.0,Open,1.0,0.0,0.0,Light rain
455487,1916926.0,5591872.0,545851.0,0.0,0.0,2.0,North,2001/2002,SH 2,WHAREMOANA ROAD,Non-Injury Crash,Yes,2001,South,0.0,0.0,Flat,0.0,,0.0,0.0,Bright sun,1464200.0,0.0,0.0,0.0,2.0,0.0,0.0,,Hawke's Bay Region,Nil,2-way,Sealed,0.0,0.0,0.0,100.0,0.0,Null,0.0,0.0,,30.0,Hastings District,Nil,0.0,0.0,0.0,0.0,0.0,0.0,Open,0.0,0.0,0.0,Fine
605889,1930535.0,5605374.0,548200.0,0.0,0.0,2.0,South,2006/2007,ALEXANDRA CRESCENT,CAROLINE ROAD,Minor Crash,No,2007,North,0.0,,Hill Road,,,,,Bright sun,1494300.0,1.0,0.0,0.0,2.0,0.0,,,Hawke's Bay Region,Nil,2-way,Sealed,0.0,0.0,,50.0,,Null,0.0,0.0,,30.0,Hastings District,Nil,,,,,0.0,0.0,Urban,0.0,,,Fine
631671,1908571.717,5597691.0362,545841.0,0.0,0.0,0.0,North,2018/2019,WHAKAPIRAU ROAD,RAUKAWA ROAD,Serious Crash,No,2019,West,0.0,0.0,Hill Road,0.0,,0.0,0.0,Overcast,1462700.0,0.0,0.0,1.0,2.0,0.0,0.0,,Hawke's Bay Region,Nil,2-way,Sealed,0.0,1.0,0.0,100.0,0.0,None,0.0,0.0,,30.0,Hastings District,Unknown,0.0,0.0,0.0,0.0,0.0,0.0,Open,0.0,0.0,0.0,Light rain