OBJECTID,X,Y,areaUnitID,bicycle,bus,carStationWagon,crashDirectionDescription,crashFinancialYear,crashLocation1,crashLocation2,crashSeverity,crashSHDescription,crashYear,directionRoleDescription,fatalCount,fence,flatHill,guardRail,holiday,houseOrBuilding,kerb,light,meshblockId,minorInjuryCount,moped,motorcycle,NumberOfLanes,otherVehicleType,parkedVehicle,pedestrian,region,roadCharacter,roadLane,roadSurface,schoolBus,seriousInjuryCount,slipOrFlood,speedLimit,strayAnimal,streetLight,suv,taxi,temporarySpeedLimit,tlaId,tlaName,trafficControl,trafficIsland,trafficSign,train,tree,truck,unknownVehicleType,urban,vanOrUtility,vehicle,waterRiver,weatherA
653679,1933575.0,5612605.0,545832.0,0.0,0.0,2.0,South,2017/2018,BROOKFIELDS ROAD,BROOKFIELDS BR,Non-Injury Crash,No,2018,North,0.0,,Flat,,,,,Dark,1403900.0,0.0,0.0,0.0,1.0,0.0,,,Hawke's Bay Region,Bridge,1-way,Sealed,0.0,0.0,,100.0,,None,0.0,0.0,,30.0,Hastings District,Unknown,,,,,0.0,0.0,Open,0.0,,,Fine
673684,1929364.0,5605484.0,547700.0,0.0,0.0,2.0,South,2017/2018,CHARLES ST,HERETAUNGA ST WEST,Non-Injury Crash,No,2017,South,0.0,0.0,Flat,0.0,,0.0,0.0,Bright sun,1487700.0,0.0,0.0,0.0,2.0,0.0,0.0,,Hawke's Bay Region,Nil,2-way,Sealed,0.0,0.0,0.0,50.0,0.0,Null,0.0,0.0,,30.0,Hastings District,Give way,1.0,1.0,0.0,0.0,0.0,0.0,Urban,0.0,0.0,0.0,Fine
719454,1924540.0,5607050.0,548612.0,0.0,0.0,1.0,North,2000/2001,TENBY TERRACE,KIRKCALDY CRESCENT,Non-Injury Crash,No,2001,West,0.0,0.0,Flat,0.0,,0.0,0.0,Bright sun,1474400.0,0.0,0.0,0.0,2.0,0.0,1.0,,Hawke's Bay Region,Nil,2-way,Sealed,0.0,0.0,0.0,50.0,0.0,Null,0.0,0.0,,30.0,Hastings District,Nil,0.0,0.0,0.0,0.0,1.0,0.0,Urban,0.0,0.0,0.0,Fine
581462,1930711.0,5606054.0,547600.0,0.0,0.0,2.0,East,2011/2012,FREDERICK ST,NELSON ST NORTH,Non-Injury Crash,No,2011,South,0.0,,Flat,,,,,Bright sun,1483500.0,0.0,0.0,0.0,2.0,0.0,,,Hawke's Bay Region,Nil,2-way,Sealed,0.0,0.0,,50.0,,Null,0.0,0.0,,30.0,Hastings District,Nil,,,,,0.0,0.0,Urban,0.0,,,Fine
246616,1927301.0,5607664.0,545710.0,0.0,0.0,1.0,Null,2017/2018,OMAHU ROAD,ORMOND ROAD,Minor Crash,No,2018,West,0.0,0.0,Flat,0.0,,0.0,0.0,Twilight,1471000.0,3.0,0.0,0.0,2.0,0.0,0.0,,Hawke's Bay Region,Nil,2-way,Sealed,0.0,0.0,0.0,50.0,0.0,Off,0.0,0.0,,30.0,Hastings District,Give way,0.0,0.0,0.0,0.0,0.0,0.0,Urban,0.0,0.0,0.0,Fine
274848,1930191.0,5605023.0,548200.0,0.0,0.0,2.0,East,2006/2007,ST AUBYN ST EAST,KARAMU ROAD NORTH,Non-Injury Crash,No,2007,East,0.0,,Flat,,,,,Overcast,1494400.0,0.0,0.0,0.0,4.0,0.0,,,Hawke's Bay Region,Nil,2-way,Sealed,0.0,0.0,,50.0,,Null,0.0,0.0,,30.0,Hastings District,Traffic Signals,,,,,0.0,0.0,Urban,0.0,,,Light rain
481691,1928503.0,5606043.0,548500.0,0.0,0.0,1.0,Null,2003/2004,SOUTHAMPTON ST WEST,MARAEKAKAHO ROAD,Non-Injury Crash,No,2004,West,0.0,,Flat,,,,,Overcast,1479600.0,0.0,0.0,0.0,2.0,0.0,,,Hawke's Bay Region,Nil,2-way,Sealed,0.0,0.0,,50.0,,Null,0.0,0.0,,30.0,Hastings District,Traffic Signals,,,,,0.0,0.0,Urban,1.0,,,Fine
704427,1929737.0,5614649.0,545831.0,0.0,0.0,2.0,South,2001/2002,WAIOHIKI ROAD,HATAS LANE,Non-Injury Crash,No,2002,North,0.0,,Flat,,,,,Overcast,1404600.0,0.0,0.0,0.0,2.0,0.0,,,Hawke's Bay Region,Nil,2-way,Sealed,0.0,0.0,,70.0,,Null,0.0,0.0,,30.0,Hastings District,Nil,,,,,0.0,0.0,Urban,1.0,,,Light rain
656778,1909378.0638,5664879.6866,545911.0,0.0,0.0,1.0,South,2019/2020,SH 5,KAWARO ROADWAY,Fatal Crash,Yes,2020,West,1.0,,Hill Road,,,,,Dark,1414400.0,0.0,0.0,0.0,3.0,0.0,,,Hawke's Bay Region,Nil,2-way,Sealed,0.0,1.0,,100.0,,None,1.0,0.0,,30.0,Hastings District,Unknown,,,,,0.0,0.0,Open,0.0,,,Light rain
427505,1928760.0,5604316.0,547900.0,0.0,0.0,1.0,South,2001/2002,GASCOIGNE ST,FREYBERG ST,Non-Injury Crash,No,2002,South,0.0,0.0,Flat,0.0,,0.0,0.0,Bright sun,1482400.0,0.0,0.0,0.0,2.0,0.0,0.0,,Hawke's Bay Region,Nil,2-way,Sealed,0.0,0.0,0.0,50.0,0.0,Null,0.0,0.0,,30.0,Hastings District,Nil,0.0,0.0,0.0,0.0,0.0,0.0,Urban,1.0,1.0,0.0,Fine
664444,1924351.0,5607153.0,548612.0,0.0,0.0,1.0,Null,2016/2017,CHATHAM ROAD,WALTON WAY,Non-Injury Crash,No,2017,North,0.0,,Flat,,,,,Overcast,1474003.0,0.0,0.0,0.0,2.0,0.0,,,Hawke's Bay Region,Nil,2-way,Sealed,0.0,0.0,,50.0,,Null,0.0,0.0,,30.0,Hastings District,Give way,,,,,0.0,0.0,Urban,1.0,,,Fine
609661,1928556.0,5598799.0,545852.0,0.0,0.0,1.0,South,2000/2001,CRYSTALL ROAD,MOUNT ERIN ROAD,Minor Crash,No,2001,South,0.0,1.0,Flat,0.0,,0.0,0.0,Bright sun,1465700.0,2.0,0.0,0.0,2.0,0.0,0.0,,Hawke's Bay Region,Nil,2-way,Sealed,0.0,0.0,0.0,100.0,0.0,Null,0.0,0.0,,30.0,Hastings District,Nil,0.0,0.0,0.0,0.0,0.0,0.0,Open,0.0,0.0,1.0,Fine
554787,1931803.0,5601942.0,548810.0,0.0,0.0,1.0,West,2008/2009,LIPSCOMBE CRESCENT,MCDUFF PLACE,Serious Crash,No,2008,East,0.0,,Flat,,,,,Bright sun,1504900.0,0.0,0.0,0.0,2.0,0.0,,,Hawke's Bay Region,Nil,2-way,Sealed,0.0,1.0,,50.0,,Null,0.0,0.0,,30.0,Hastings District,Nil,,,,,0.0,0.0,Urban,0.0,,,Fine
538356,1932139.0,5611571.0,545832.0,0.0,0.0,1.0,Null,2004/2005,PAKOWHAI ROAD,BROOKFIELDS ROAD,Non-Injury Crash,No,2005,South,0.0,,Flat,,,,,Twilight,1403900.0,0.0,0.0,0.0,2.0,0.0,,,Hawke's Bay Region,Nil,2-way,Sealed,0.0,0.0,,70.0,,None,0.0,0.0,,30.0,Hastings District,Give way,,,,,0.0,0.0,Urban,1.0,,,Fine
205333,1920393.0,5594537.0,545851.0,0.0,0.0,1.0,South,2005/2006,SH 2,TE MAHANGA ROAD,Non-Injury Crash,Yes,2005,North,0.0,0.0,Flat,0.0,,0.0,0.0,Bright sun,1463900.0,0.0,0.0,0.0,2.0,0.0,0.0,,Hawke's Bay Region,Nil,2-way,Sealed,0.0,0.0,0.0,100.0,0.0,Null,0.0,0.0,,30.0,Hastings District,Nil,0.0,0.0,0.0,0.0,0.0,0.0,Open,0.0,0.0,0.0,Fine
74942,1926225.0,5606280.0,545761.0,0.0,0.0,0.0,Null,2014/2015,SH 50A,FLAXMERE AVENUE,Non-Injury Crash,Yes,2015,North,0.0,0.0,Flat,0.0,,0.0,0.0,Dark,1469905.0,0.0,0.0,0.0,2.0,0.0,0.0,,Hawke's Bay Region,Nil,2-way,Sealed,0.0,0.0,0.0,100.0,0.0,On,0.0,0.0,,30.0,Hastings District,Give way,0.0,1.0,0.0,0.0,1.0,0.0,Open,0.0,0.0,0.0,Fine
75182,1927147.0,5607772.0,545710.0,0.0,0.0,1.0,West,2009/2010,OMAHU ROAD,ORMOND ROAD,Minor Crash,No,2010,West,0.0,,Flat,,,,,Bright sun,1471000.0,1.0,0.0,0.0,2.0,0.0,,,Hawke's Bay Region,Nil,2-way,Sealed,0.0,0.0,,50.0,,Null,0.0,0.0,,30.0,Hastings District,Nil,,,,,0.0,0.0,Urban,1.0,,,Fine
602342,1897957.0,5629593.0,545912.0,0.0,0.0,0.0,West,2007/2008,TAIHAPE ROAD,WILLOWFORD ROAD,Minor Crash,No,2007,East,0.0,0.0,Hill Road,0.0,,0.0,0.0,Bright sun,1409700.0,1.0,0.0,0.0,2.0,0.0,0.0,,Hawke's Bay Region,Nil,2-way,Sealed,0.0,0.0,0.0,100.0,0.0,Null,0.0,0.0,,30.0,Hastings District,Nil,0.0,0.0,0.0,0.0,1.0,0.0,Open,0.0,0.0,0.0,Fine
115615,1926002.0,5604946.0,545842.0,0.0,0.0,1.0,North,2004/2005,IRONGATE ROAD,SH 50A,Serious Crash,No,2004,West,0.0,,Flat,,Christmas New Year,,,Dark,1470205.0,3.0,0.0,0.0,2.0,0.0,,,Hawke's Bay Region,Nil,2-way,Sealed,0.0,1.0,,100.0,,None,0.0,0.0,,30.0,Hastings District,Nil,,,,,0.0,0.0,Open,1.0,,,Fine
210797,1929368.0,5605562.0,547700.0,0.0,0.0,2.0,North,2014/2015,TOMOANA ROAD,HERETAUNGA ST WEST,Non-Injury Crash,No,2015,East,0.0,0.0,Flat,0.0,,0.0,0.0,Overcast,1487900.0,0.0,0.0,0.0,2.0,0.0,1.0,,Hawke's Bay Region,Nil,2-way,Sealed,0.0,0.0,0.0,50.0,0.0,Null,0.0,0.0,,30.0,Hastings District,Unknown,0.0,0.0,0.0,0.0,0.0,0.0,Urban,0.0,0.0,0.0,Fine
199270,1925155.0,5637536.0,545811.0,0.0,0.0,1.0,South,2004/2005,SH 5,GLENGARRY ROAD,Non-Injury Crash,Yes,2005,North,0.0,,Hill Road,,,,,Overcast,1414700.0,0.0,0.0,0.0,3.0,0.0,,,Hawke's Bay Region,Nil,2-way,Sealed,0.0,0.0,,100.0,,Null,0.0,0.0,,30.0,Hastings District,Nil,,,,,0.0,0.0,Open,0.0,,,Light rain
267305,1929993.0,5604885.0,548200.0,0.0,0.0,2.0,Null,2001/2002,KARAMU ROAD NORTH,QUEEN ST EAST,Non-Injury Crash,No,2001,South,0.0,,Flat,,,,,Dark,1492800.0,0.0,0.0,0.0,2.0,0.0,,,Hawke's Bay Region,Nil,2-way,Sealed,0.0,0.0,,50.0,,On,0.0,0.0,,30.0,Hastings District,Traffic Signals,,,,,0.0,0.0,Urban,0.0,,,Fine
112599,1925475.0,5605813.0,545842.0,0.0,0.0,1.0,Null,2003/2004,PORTSMOUTH ROAD,STOCK ROAD,Non-Injury Crash,No,2003,East,0.0,1.0,Flat,0.0,,0.0,0.0,Dark,1470207.0,0.0,0.0,0.0,2.0,0.0,0.0,,Hawke's Bay Region,Nil,2-way,Sealed,0.0,0.0,0.0,50.0,0.0,On,0.0,0.0,,30.0,Hastings District,Nil,0.0,0.0,0.0,1.0,0.0,0.0,Urban,0.0,0.0,0.0,Fine
507094,1930356.0,5605457.0,548200.0,0.0,0.0,1.0,North,2000/2001,CAROLINE ROAD,ST AUBYN ST WEST,Non-Injury Crash,No,2001,South,0.0,0.0,Flat,0.0,,0.0,0.0,Overcast,1494200.0,0.0,0.0,0.0,2.0,0.0,0.0,,Hawke's Bay Region,Nil,2-way,Sealed,0.0,0.0,0.0,50.0,0.0,Null,0.0,0.0,,30.0,Hastings District,Nil,1.0,0.0,0.0,1.0,0.0,0.0,Urban,0.0,0.0,0.0,Light rain
640787,1928959.0,5605754.0,547700.0,0.0,0.0,1.0,Null,2009/2010,TOWNSHEND ST,ST LEONARDS AVENUE,Non-Injury Crash,No,2010,North,0.0,,Flat,,,,,Overcast,1487100.0,0.0,0.0,0.0,2.0,0.0,,,Hawke's Bay Region,Nil,2-way,Sealed,0.0,0.0,,50.0,,Null,0.0,0.0,,30.0,Hastings District,Nil,,,,,1.0,0.0,Urban,0.0,,,Fine
165958,1929439.0,5606032.0,547700.0,0.0,0.0,2.0,Null,2001/2002,ST AUBYN ST WEST,GRAYS ROAD,Non-Injury Crash,No,2002,East,0.0,,Flat,,,,,Bright sun,1488300.0,0.0,0.0,0.0,2.0,0.0,,,Hawke's Bay Region,Nil,2-way,Sealed,0.0,0.0,,50.0,,Null,0.0,0.0,,30.0,Hastings District,Give way,,,,,0.0,0.0,Urban,0.0,,,Fine
335515,1909277.0,5672729.0,545911.0,0.0,0.0,2.0,South,2002/2003,SH 5,TARAWERA TAV,Non-Injury Crash,Yes,2003,South,0.0,0.0,Flat,0.0,,0.0,0.0,Overcast,1281200.0,0.0,0.0,0.0,2.0,0.0,0.0,,Hawke's Bay Region,Nil,2-way,Sealed,0.0,0.0,0.0,100.0,0.0,Null,0.0,0.0,,30.0,Hastings District,Nil,0.0,0.0,0.0,0.0,0.0,0.0,Open,0.0,0.0,0.0,Heavy rain
553178,1928426.0,5606550.0,548500.0,0.0,0.0,1.0,Null,2007/2008,Z CPK HASTINGS HOSPITAL,OMAHU ROAD,Non-Injury Crash,No,2007,East,0.0,,Flat,,,,,Overcast,1478700.0,0.0,0.0,0.0,0.0,0.0,,,Hawke's Bay Region,Nil,Off road,Sealed,0.0,0.0,,50.0,,Null,1.0,0.0,,30.0,Hastings District,Nil,,,,,0.0,0.0,Urban,0.0,,,Fine
568370,1927687.7308,5607010.1997,548500.0,0.0,0.0,2.0,Null,2019/2020,STONYCROFT STREET,ORCHARD ROAD,Non-Injury Crash,No,2019,West,0.0,,Flat,,,,,Overcast,1478500.0,0.0,0.0,0.0,2.0,0.0,,,Hawke's Bay Region,Nil,2-way,Sealed,0.0,0.0,,50.0,,None,0.0,0.0,,30.0,Hastings District,Give way,,,,,0.0,0.0,Urban,0.0,,,Fine
421138,1933353.0,5602812.0,545750.0,0.0,0.0,1.0,West,2018/2019,NAPIER ROAD,ROMANES DRIVE,Non-Injury Crash,No,2018,East,0.0,0.0,Flat,0.0,,0.0,0.0,Dark,1466202.0,0.0,0.0,0.0,2.0,0.0,0.0,,Hawke's Bay Region,Nil,2-way,Sealed,0.0,0.0,0.0,50.0,0.0,On,0.0,0.0,,30.0,Hastings District,Unknown,0.0,1.0,0.0,1.0,0.0,0.0,Urban,0.0,0.0,0.0,Fine
311138,1925861.0,5606578.0,548620.0,0.0,0.0,2.0,Null,2005/2006,WILSON ROAD,FLAXMERE AVENUE,Non-Injury Crash,No,2006,North,0.0,,Flat,,,,,Bright sun,1475800.0,0.0,0.0,0.0,2.0,0.0,,,Hawke's Bay Region,Nil,2-way,Sealed,0.0,0.0,,50.0,,Null,0.0,0.0,,30.0,Hastings District,Give way,,,,,0.0,0.0,Urban,0.0,,,Fine
677957,1930211.0,5603984.0,548300.0,0.0,0.0,2.0,South,2017/2018,LYELL ST,RIVERSLEA ROAD SOUTH,Non-Injury Crash,No,2017,South,0.0,0.0,Flat,0.0,,0.0,0.0,Dark,1501900.0,0.0,0.0,0.0,2.0,0.0,1.0,,Hawke's Bay Region,Nil,2-way,Sealed,0.0,0.0,0.0,50.0,0.0,On,0.0,0.0,,30.0,Hastings District,Unknown,0.0,0.0,0.0,0.0,0.0,0.0,Urban,0.0,0.0,0.0,Fine
176797,1929925.0,5604931.0,548200.0,0.0,0.0,2.0,Null,2005/2006,Z FCT HEALTH CENTRE,QUEEN/RUSSELL,Non-Injury Crash,No,2006,South,0.0,0.0,Flat,0.0,,0.0,0.0,Bright sun,1492100.0,0.0,0.0,0.0,0.0,0.0,1.0,,Hawke's Bay Region,Nil,Off road,Sealed,0.0,0.0,0.0,50.0,0.0,Null,0.0,0.0,,30.0,Hastings District,Nil,0.0,0.0,0.0,0.0,0.0,0.0,Urban,0.0,0.0,0.0,Fine
200593,1930230.0,5602063.0,545762.0,0.0,0.0,2.0,West,2012/2013,ST GEORGES ROAD,HAVELOCK ROAD,Non-Injury Crash,No,2012,East,0.0,,Flat,,,,,Overcast,1468400.0,0.0,0.0,0.0,2.0,0.0,,,Hawke's Bay Region,Nil,2-way,Sealed,0.0,0.0,,70.0,,Null,0.0,0.0,,30.0,Hastings District,Nil,,,,,0.0,0.0,Urban,0.0,,,Fine
328355,1923024.0,5611727.0,545822.0,0.0,0.0,1.0,South,2009/2010,SH 50,TAIHAPE ROAD,Non-Injury Crash,Yes,2010,North,0.0,,Flat,,,,,Dark,1409300.0,0.0,0.0,0.0,2.0,0.0,,,Hawke's Bay Region,Nil,2-way,Sealed,0.0,0.0,,50.0,,On,0.0,0.0,,30.0,Hastings District,Nil,,,,,1.0,0.0,Urban,0.0,,,Fine
511267,1926256.9325,5606893.2447,545761.0,0.0,0.0,1.0,North,2018/2019,WILSON ROAD,FOLKESTONE DRIVE,Non-Injury Crash,No,2019,South,0.0,0.0,Flat,0.0,Queens Birthday,0.0,0.0,Overcast,1469905.0,0.0,0.0,0.0,2.0,0.0,0.0,,Hawke's Bay Region,Nil,2-way,Sealed,0.0,0.0,0.0,70.0,0.0,Off,0.0,0.0,,30.0,Hastings District,Unknown,0.0,0.0,0.0,0.0,0.0,0.0,Urban,0.0,0.0,0.0,Fine
160988,1933544.6842,5600985.1611,548832.0,1.0,0.0,1.0,Null,2018/2019,DUART ROAD,GREENWOOD ROAD,Minor Crash,No,2019,North,0.0,,Hill Road,,,,,Overcast,1508800.0,1.0,0.0,0.0,2.0,0.0,,,Hawke's Bay Region,Nil,2-way,Sealed,0.0,0.0,,50.0,,Off,0.0,0.0,,30.0,Hastings District,Nil,,,,,0.0,0.0,Urban,0.0,,,Fine
508459,1928123.0,5600905.0,545852.0,0.0,0.0,1.0,South,2010/2011,TE AUTE ROAD,LONGLANDS ROAD EAST,Minor Crash,No,2011,North,0.0,1.0,Flat,0.0,,0.0,0.0,Dark,1465700.0,1.0,0.0,0.0,2.0,0.0,0.0,,Hawke's Bay Region,Nil,2-way,Sealed,0.0,0.0,0.0,100.0,0.0,None,0.0,0.0,,30.0,Hastings District,Nil,0.0,0.0,0.0,0.0,0.0,0.0,Open,0.0,0.0,0.0,Fine
561209,1932874.0,5601319.0,548832.0,0.0,0.0,2.0,East,2002/2003,JOLL ROAD,CHRISTIE CRESCENT,Non-Injury Crash,No,2002,East,0.0,0.0,Flat,0.0,,0.0,0.0,Dark,1508900.0,0.0,0.0,0.0,2.0,0.0,0.0,,Hawke's Bay Region,Nil,2-way,Sealed,0.0,0.0,0.0,50.0,0.0,On,0.0,0.0,,30.0,Hastings District,Nil,0.0,0.0,0.0,1.0,0.0,0.0,Urban,0.0,1.0,0.0,Fine
149105,1934033.0,5609780.0,545832.0,0.0,0.0,1.0,South,2000/2001,FARNDON ROAD,KOHUPATIKI ROAD S,Non-Injury Crash,No,2000,South,0.0,1.0,Flat,0.0,,0.0,0.0,Bright sun,1404200.0,0.0,0.0,0.0,2.0,0.0,0.0,,Hawke's Bay Region,Nil,2-way,Sealed,0.0,0.0,0.0,100.0,0.0,Null,0.0,0.0,,30.0,Hastings District,Nil,0.0,0.0,0.0,0.0,0.0,0.0,Open,0.0,0.0,0.0,Fine
18066,1930423.0,5605186.0,548200.0,0.0,0.0,2.0,East,2017/2018,KARAMU ROAD NORTH,VICTORIA ST,Non-Injury Crash,No,2018,East,0.0,,Flat,,,,,Dark,1494500.0,0.0,0.0,0.0,2.0,0.0,,,Hawke's Bay Region,Nil,2-way,Sealed,0.0,0.0,,50.0,,On,0.0,0.0,,30.0,Hastings District,Unknown,,,,,0.0,0.0,Urban,1.0,,,Fine
726089,1929549.0,5604672.0,548200.0,0.0,0.0,2.0,Null,2014/2015,RAILWAY ROAD,SOUTHAMPTON ST EAST,Minor Crash,No,2014,South,0.0,,Flat,,,,,Overcast,1489700.0,2.0,0.0,0.0,2.0,0.0,,,Hawke's Bay Region,Nil,2-way,Sealed,0.0,0.0,,50.0,,Off,0.0,0.0,,30.0,Hastings District,Traffic Signals,,,,,0.0,0.0,Urban,0.0,,,Fine
265759,1931613.0,5608421.0,545710.0,0.0,0.0,2.0,Null,2010/2011,PAKOWHAI ROAD,ELWOOD ROAD,Non-Injury Crash,No,2010,South,0.0,,Flat,,,,,Overcast,1471100.0,0.0,0.0,0.0,2.0,0.0,,,Hawke's Bay Region,Nil,2-way,Sealed,0.0,0.0,,100.0,,Null,0.0,0.0,,30.0,Hastings District,Give way,,,,,0.0,0.0,Open,0.0,,,Fine
155499,1927545.0,5609106.0,545710.0,0.0,0.0,1.0,North,2006/2007,RAUPARE ROAD,THOMPSON ROAD,Non-Injury Crash,No,2006,North,0.0,0.0,Flat,0.0,,0.0,0.0,Overcast,1470800.0,0.0,0.0,0.0,2.0,0.0,0.0,,Hawke's Bay Region,Nil,2-way,Sealed,0.0,0.0,0.0,100.0,0.0,Null,0.0,0.0,,30.0,Hastings District,Unknown,0.0,0.0,0.0,0.0,0.0,0.0,Open,0.0,0.0,0.0,Fine
178210,1930248.0,5632639.0,545812.0,0.0,0.0,1.0,West,2005/2006,SH 5,YULE ROAD,Minor Crash,Yes,2005,East,0.0,1.0,Flat,0.0,,0.0,0.0,Dark,1414200.0,1.0,0.0,0.0,2.0,0.0,0.0,,Hawke's Bay Region,Nil,2-way,Sealed,0.0,0.0,0.0,100.0,0.0,None,0.0,0.0,,30.0,Hastings District,Nil,0.0,0.0,0.0,0.0,0.0,0.0,Open,0.0,0.0,0.0,Light rain
500014,1921502.0,5641852.0,545811.0,0.0,0.0,0.0,North,2017/2018,SH 5,ELAND STN ENT,Non-Injury Crash,Yes,2018,North,0.0,,Hill Road,,,,,Overcast,1414600.0,0.0,0.0,0.0,2.0,0.0,,,Hawke's Bay Region,Nil,2-way,Sealed,0.0,0.0,,100.0,,Null,0.0,0.0,,30.0,Hastings District,Unknown,,,,,2.0,0.0,Open,0.0,,,Fine
674337,1912323.0,5586743.0,545851.0,0.0,0.0,1.0,North,2006/2007,SH 2,TE ONEPU ROAD,Non-Injury Crash,Yes,2006,North,0.0,0.0,Flat,0.0,Christmas New Year,0.0,0.0,Bright sun,1464600.0,0.0,0.0,0.0,2.0,0.0,0.0,,Hawke's Bay Region,Nil,2-way,Sealed,0.0,0.0,0.0,100.0,0.0,Null,0.0,0.0,,30.0,Hastings District,Nil,0.0,0.0,0.0,1.0,0.0,0.0,Open,0.0,0.0,0.0,Fine
603045,1923717.0,5607300.0,548611.0,0.0,0.0,1.0,Null,2003/2004,DIAZ DRIVE,PORTSMOUTH ROAD,Non-Injury Crash,No,2004,West,0.0,1.0,Flat,0.0,,0.0,0.0,Dark,1473901.0,0.0,0.0,0.0,2.0,0.0,0.0,,Hawke's Bay Region,Nil,2-way,Sealed,0.0,0.0,0.0,50.0,0.0,On,0.0,0.0,,30.0,Hastings District,Stop,0.0,0.0,0.0,0.0,0.0,0.0,Urban,0.0,0.0,0.0,Fine
126166,1930581.0,5605284.0,548200.0,0.0,0.0,1.0,Null,2013/2014,ALEXANDRA ST,KARAMU ROAD NORTH,Non-Injury Crash,No,2013,North,0.0,,Flat,,,,,Bright sun,1494100.0,0.0,0.0,0.0,2.0,0.0,,,Hawke's Bay Region,Nil,2-way,Sealed,0.0,0.0,,50.0,,Off,0.0,0.0,,30.0,Hastings District,Give way,,,,,1.0,0.0,Urban,0.0,,,Fine
383497,1932252.0,5609008.0,545721.0,0.0,0.0,0.0,West,2007/2008,PAKOWHAI ROAD,RUAHAPIA ROAD,Non-Injury Crash,No,2007,South,0.0,,Flat,,,,,Bright sun,1471600.0,0.0,0.0,0.0,2.0,0.0,,,Hawke's Bay Region,Nil,2-way,Sealed,0.0,0.0,,100.0,,Null,0.0,0.0,,30.0,Hastings District,Nil,,,,,1.0,0.0,Open,1.0,,,Fine
41665,1927712.0,5607500.0,545710.0,0.0,0.0,2.0,East,2014/2015,SH 50A,OMAHU ROAD,Non-Injury Crash,Yes,2015,East,0.0,,Flat,,,,,Bright sun,1471201.0,0.0,0.0,0.0,2.0,0.0,,,Hawke's Bay Region,Nil,2-way,Sealed,0.0,0.0,,100.0,,None,0.0,0.0,,30.0,Hastings District,Nil,,,,,0.0,0.0,Open,0.0,,,Fine
302050,1927899.0,5604961.0,547900.0,0.0,0.0,3.0,East,2004/2005,WALL ROAD,BLEDISLOE ST,Non-Injury Crash,No,2005,South,0.0,0.0,Flat,0.0,,0.0,0.0,Dark,1481700.0,0.0,0.0,0.0,2.0,0.0,1.0,,Hawke's Bay Region,Nil,2-way,Sealed,0.0,0.0,0.0,50.0,0.0,On,0.0,0.0,,30.0,Hastings District,Nil,0.0,0.0,0.0,0.0,0.0,0.0,Urban,0.0,0.0,0.0,Fine
395774,1929503.0,5608862.0,545710.0,0.0,0.0,1.0,Null,2015/2016,SH 50A,EVENDEN ROAD,Minor Crash,Yes,2016,East,0.0,,Flat,,Christmas New Year,,,Overcast,1471100.0,1.0,0.0,1.0,2.0,0.0,,,Hawke's Bay Region,Nil,2-way,Sealed,0.0,0.0,,100.0,,Null,0.0,0.0,,30.0,Hastings District,Give way,,,,,0.0,0.0,Open,0.0,,,Light rain
432815,1924055.0,5612415.0,545821.0,0.0,0.0,0.0,North,2002/2003,SH 50,HAKIWAI ROAD,Non-Injury Crash,Yes,2003,South,0.0,,Flat,,,,,Bright sun,1408600.0,0.0,0.0,0.0,2.0,0.0,,,Hawke's Bay Region,Nil,2-way,Sealed,0.0,0.0,,100.0,,Null,0.0,0.0,,30.0,Hastings District,Nil,,,,,0.0,0.0,Open,1.0,,,Fine
190368,1932355.0,5602064.0,548810.0,0.0,0.0,0.0,North,2000/2001,HAVELOCK ROAD,KARANEMA DRIVE,Serious Crash,No,2000,East,0.0,,Flat,,,,,Dark,1505200.0,0.0,0.0,1.0,2.0,0.0,,,Hawke's Bay Region,Nil,2-way,Sealed,0.0,1.0,,50.0,,On,0.0,0.0,,30.0,Hastings District,Unknown,,,,,0.0,0.0,Urban,1.0,,,Light rain
526141,1934238.0,5607429.0,545722.0,0.0,0.0,1.0,North,2010/2011,SH 2,NAPIER ROAD N,Non-Injury Crash,Yes,2010,North,0.0,,Flat,,,,,Twilight,1406400.0,0.0,0.0,0.0,2.0,0.0,,,Hawke's Bay Region,Nil,2-way,Sealed,0.0,0.0,,100.0,,Off,0.0,0.0,,30.0,Hastings District,Nil,,,,,1.0,0.0,Open,0.0,,,Fine
119058,1935984.0,5611495.0,545832.0,0.0,0.0,2.0,North,2015/2016,FARNDON ROAD,WAITAHA PLACE,Non-Injury Crash,No,2016,North,0.0,0.0,Flat,0.0,,0.0,0.0,Twilight,1404300.0,0.0,0.0,0.0,2.0,0.0,0.0,,Hawke's Bay Region,Nil,2-way,Sealed,0.0,0.0,0.0,50.0,0.0,Off,0.0,0.0,,30.0,Hastings District,Unknown,1.0,0.0,0.0,0.0,0.0,0.0,Urban,0.0,0.0,0.0,Fine
698130,1922821.0,5627074.0,545821.0,0.0,0.0,0.0,North,2006/2007,GLENGARRY ROAD,PUKETITIRI ROAD,Serious Crash,No,2007,South,0.0,0.0,Hill Road,0.0,,0.0,0.0,Bright sun,1411100.0,0.0,0.0,0.0,2.0,0.0,0.0,,Hawke's Bay Region,Nil,2-way,Sealed,0.0,1.0,0.0,100.0,0.0,Null,0.0,0.0,,30.0,Hastings District,Nil,0.0,0.0,0.0,0.0,0.0,0.0,Open,1.0,0.0,0.0,Fine