OBJECTID,X,Y,areaUnitID,bicycle,bus,carStationWagon,crashDirectionDescription,crashFinancialYear,crashLocation1,crashLocation2,crashSeverity,crashSHDescription,crashYear,directionRoleDescription,fatalCount,fence,flatHill,guardRail,holiday,houseOrBuilding,kerb,light,meshblockId,minorInjuryCount,moped,motorcycle,NumberOfLanes,otherVehicleType,parkedVehicle,pedestrian,region,roadCharacter,roadLane,roadSurface,schoolBus,seriousInjuryCount,slipOrFlood,speedLimit,strayAnimal,streetLight,suv,taxi,temporarySpeedLimit,tlaId,tlaName,trafficControl,trafficIsland,trafficSign,train,tree,truck,unknownVehicleType,urban,vanOrUtility,vehicle,waterRiver,weatherA
142619,1929695.0,5604980.0,548200.0,0.0,0.0,0.0,South,2002/2003,MARKET ST SOUTH,HERETAUNGA ST WEST,Non-Injury Crash,No,2002,West,0.0,0.0,Flat,0.0,,0.0,0.0,Overcast,1490000.0,0.0,0.0,0.0,2.0,0.0,1.0,,Hawke's Bay Region,Nil,2-way,Sealed,0.0,0.0,0.0,50.0,0.0,Null,0.0,0.0,,30.0,Hastings District,Nil,0.0,0.0,0.0,0.0,0.0,0.0,Urban,2.0,0.0,0.0,Fine
224605,1913466.1208,5595897.8589,545841.0,0.0,0.0,1.0,South,2020/2021,RAUKAWA ROAD,BURMA ROAD,Fatal Crash,No,2020,South,1.0,,Hill Road,,,,,Bright sun,1463000.0,1.0,0.0,0.0,2.0,0.0,,,Hawke's Bay Region,Nil,2-way,Sealed,0.0,0.0,,100.0,,Off,0.0,0.0,,30.0,Hastings District,Nil,,,,,0.0,0.0,Open,1.0,,,Fine
647710,1934218.0,5607129.0,545722.0,0.0,0.0,2.0,South,2009/2010,NAPIER ROAD,SLIP ROAD,Non-Injury Crash,No,2010,South,0.0,,Flat,,,,,Bright sun,1406400.0,0.0,0.0,0.0,2.0,0.0,,,Hawke's Bay Region,Nil,2-way,Sealed,0.0,0.0,,100.0,,Null,0.0,0.0,,30.0,Hastings District,Nil,,,,,0.0,0.0,Open,0.0,,,Fine
526046,1928128.0,5606927.0,547800.0,0.0,0.0,1.0,Null,2011/2012,OMAHU ROAD,NOTTINGLEY ROAD,Non-Injury Crash,No,2011,East,0.0,0.0,Flat,0.0,,0.0,0.0,Dark,1476700.0,0.0,0.0,0.0,2.0,0.0,0.0,,Hawke's Bay Region,Nil,2-way,Sealed,0.0,0.0,0.0,50.0,0.0,On,0.0,0.0,,30.0,Hastings District,Give way,1.0,0.0,0.0,0.0,0.0,0.0,Urban,0.0,0.0,0.0,Fine
409694,1933377.9924,5604917.3679,545721.0,0.0,0.0,0.0,Null,2019/2020,ST GEORGES ROAD,HASSALL LANE,Non-Injury Crash,No,2020,North,0.0,0.0,Flat,1.0,,0.0,0.0,Dark,1472702.0,0.0,0.0,0.0,2.0,0.0,0.0,,Hawke's Bay Region,Nil,2-way,Sealed,0.0,0.0,0.0,100.0,0.0,None,1.0,0.0,,30.0,Hastings District,Nil,0.0,0.0,0.0,0.0,0.0,0.0,Open,0.0,0.0,0.0,Fine
518367,1915562.0,5590257.0,545851.0,0.0,0.0,0.0,South,2001/2002,SH 2,COLIN WHITE ROAD,Serious Crash,Yes,2002,North,0.0,1.0,Flat,0.0,,0.0,0.0,Dark,1464500.0,0.0,0.0,0.0,2.0,0.0,0.0,,Hawke's Bay Region,Nil,2-way,Sealed,0.0,1.0,0.0,100.0,0.0,None,0.0,0.0,,30.0,Hastings District,Nil,0.0,0.0,0.0,0.0,1.0,0.0,Open,0.0,0.0,0.0,Fine
464414,1930185.0,5605031.0,548200.0,0.0,0.0,3.0,Null,2018/2019,ST AUBYN ST EAST,KARAMU ROAD NORTH,Non-Injury Crash,No,2018,South,0.0,,Flat,,,,,Bright sun,1494100.0,0.0,0.0,0.0,4.0,0.0,,,Hawke's Bay Region,Nil,2-way,Sealed,0.0,0.0,,50.0,,Null,0.0,0.0,,30.0,Hastings District,Traffic Signals,,,,,0.0,0.0,Urban,0.0,,,Fine
279728,1932240.0,5600638.0,548821.0,0.0,0.0,0.0,South,2003/2004,REYNOLDS ROAD,PALMERSTON ROAD,Non-Injury Crash,No,2004,South,0.0,0.0,Flat,0.0,,0.0,0.0,Dark,1506101.0,0.0,0.0,0.0,1.0,0.0,1.0,,Hawke's Bay Region,Nil,2-way,Sealed,0.0,0.0,0.0,50.0,0.0,None,0.0,0.0,,30.0,Hastings District,Nil,0.0,0.0,0.0,0.0,0.0,0.0,Urban,2.0,0.0,0.0,Fine
640000,1929969.0,5604717.0,548200.0,0.0,0.0,1.0,Null,2005/2006,WARREN ST NORTH,WARREN ST,Minor Crash,No,2006,East,0.0,0.0,Flat,0.0,,1.0,0.0,Dark,1493300.0,1.0,0.0,0.0,2.0,0.0,0.0,,Hawke's Bay Region,Nil,2-way,Sealed,0.0,0.0,0.0,50.0,0.0,On,0.0,0.0,,30.0,Hastings District,Give way,0.0,0.0,0.0,0.0,0.0,0.0,Urban,0.0,0.0,0.0,Light rain
153447,1931972.2249,5604929.4824,545721.0,0.0,0.0,1.0,Null,2019/2020,JELLICOE STREET,COLLINGE ROAD,Non-Injury Crash,No,2019,East,0.0,1.0,Flat,0.0,,1.0,0.0,Overcast,1472404.0,0.0,0.0,0.0,2.0,0.0,0.0,,Hawke's Bay Region,Nil,2-way,Sealed,0.0,0.0,0.0,50.0,0.0,Null,0.0,0.0,,30.0,Hastings District,Give way,0.0,0.0,0.0,0.0,0.0,0.0,Urban,0.0,0.0,0.0,Fine
267641,1907989.0,5675656.0,545911.0,0.0,0.0,1.0,South,2014/2015,SH 5,RUATITI BR,Non-Injury Crash,Yes,2015,South,0.0,,Hill Road,,,,,Bright sun,1281200.0,0.0,0.0,0.0,2.0,0.0,,,Hawke's Bay Region,Nil,2-way,Sealed,0.0,0.0,,100.0,,Null,1.0,0.0,,30.0,Hastings District,Unknown,,,,,0.0,0.0,Open,0.0,,,Fine
302618,1941897.0,5657549.0,545911.0,0.0,0.0,1.0,South,2004/2005,SH 2,MATAHORUA ROAD N,Serious Crash,Yes,2005,South,0.0,,Hill Road,,,,,Bright sun,1415100.0,0.0,0.0,1.0,2.0,0.0,,,Hawke's Bay Region,Nil,2-way,Sealed,0.0,1.0,,100.0,,Null,0.0,0.0,,30.0,Hastings District,Nil,,,,,0.0,0.0,Open,0.0,,,Fine
586108,1929557.5363,5605059.994,548200.0,0.0,0.0,2.0,Null,2020/2021,EASTBOURNE STREET WEST,KING STREET SOUTH,Non-Injury Crash,No,2020,West,0.0,0.0,Flat,0.0,,0.0,0.0,Dark,1489000.0,0.0,0.0,0.0,2.0,0.0,1.0,,Hawke's Bay Region,Nil,2-way,Sealed,0.0,0.0,0.0,50.0,0.0,On,0.0,0.0,,30.0,Hastings District,Give way,0.0,0.0,0.0,0.0,0.0,0.0,Urban,1.0,0.0,0.0,Fine
237404,1921548.7373,5617563.5382,545821.0,0.0,0.0,1.0,West,2019/2020,MOTEO PA ROAD,SWAMP ROAD,Minor Crash,No,2019,South,0.0,1.0,Flat,0.0,,0.0,0.0,Dark,1408401.0,1.0,0.0,0.0,2.0,0.0,0.0,,Hawke's Bay Region,Nil,2-way,Sealed,0.0,0.0,0.0,100.0,0.0,None,0.0,0.0,,30.0,Hastings District,Unknown,0.0,0.0,0.0,0.0,0.0,0.0,Open,0.0,0.0,0.0,Fine
688315,1935521.0,5611129.0,545832.0,0.0,0.0,1.0,West,2016/2017,FARNDON ROAD,WAITAHA PLACE,Non-Injury Crash,No,2017,West,0.0,,Flat,,,,,Dark,1404300.0,0.0,0.0,0.0,2.0,0.0,,,Hawke's Bay Region,Nil,2-way,Sealed,0.0,0.0,,100.0,,None,0.0,0.0,,30.0,Hastings District,Unknown,,,,,0.0,0.0,Open,0.0,,,Light rain
647140,1913953.0,5657224.0,545911.0,0.0,1.0,4.0,North,2014/2015,SH 5,MOHAKA BR,Minor Crash,Yes,2015,South,0.0,,Hill Road,,,,,Bright sun,1414400.0,1.0,0.0,0.0,2.0,0.0,,,Hawke's Bay Region,Nil,2-way,Sealed,0.0,0.0,,100.0,,None,1.0,0.0,30.0,30.0,Hastings District,Nil,,,,,0.0,0.0,Open,1.0,,,Fine
205241,1932791.0,5601888.0,548831.0,0.0,0.0,1.0,North,2007/2008,NAPIER ROAD,PORTER DRIVE,Non-Injury Crash,No,2008,East,0.0,0.0,Flat,0.0,,0.0,0.0,Dark,1509600.0,0.0,0.0,0.0,2.0,0.0,1.0,,Hawke's Bay Region,Nil,2-way,Sealed,0.0,0.0,0.0,50.0,0.0,On,0.0,0.0,,30.0,Hastings District,Nil,0.0,0.0,0.0,0.0,0.0,0.0,Urban,1.0,0.0,0.0,Light rain
32904,1930185.0,5605031.0,548200.0,0.0,0.0,1.0,Null,2015/2016,ST AUBYN ST EAST,KARAMU ROAD NORTH,Non-Injury Crash,No,2015,North,0.0,,Flat,,,,,Dark,1494100.0,0.0,0.0,0.0,4.0,0.0,,,Hawke's Bay Region,Nil,2-way,Sealed,0.0,0.0,,50.0,,On,0.0,0.0,,30.0,Hastings District,Traffic Signals,,,,,0.0,0.0,Urban,1.0,,,Fine
111898,1918217.0,5653521.0,545911.0,0.0,0.0,1.0,East,2017/2018,SH 5,TITIOKURA SUMMIT,Minor Crash,Yes,2017,North,0.0,,Hill Road,,,,,Overcast,1415900.0,1.0,0.0,0.0,2.0,0.0,,,Hawke's Bay Region,Nil,2-way,Sealed,0.0,0.0,,100.0,,Null,0.0,0.0,,30.0,Hastings District,Unknown,,,,,1.0,0.0,Open,0.0,,,Snow
603827,1928332.0,5604883.0,547900.0,0.0,0.0,2.0,North,2011/2012,OLIPHANT ROAD,GARRY ST,Non-Injury Crash,No,2011,South,0.0,0.0,Flat,0.0,,0.0,0.0,Dark,1480800.0,0.0,0.0,0.0,1.0,0.0,1.0,,Hawke's Bay Region,Nil,2-way,Sealed,0.0,0.0,0.0,50.0,0.0,On,0.0,0.0,,30.0,Hastings District,Nil,0.0,0.0,0.0,0.0,0.0,0.0,Urban,0.0,0.0,0.0,Fine
726410,1928812.0,5605065.0,548200.0,0.0,0.0,1.0,Null,1999/2000,CHARLES ST,HENRY ST,Non-Injury Crash,No,2000,South,0.0,,Flat,,,,,Bright sun,1488500.0,0.0,0.0,0.0,2.0,0.0,,,Hawke's Bay Region,Nil,2-way,Sealed,0.0,0.0,,50.0,,Null,0.0,0.0,,30.0,Hastings District,Give way,,,,,0.0,0.0,Urban,1.0,,,Fine
154016,1929948.0,5605347.0,548200.0,0.0,0.0,2.0,Null,2007/2008,ST AUBYN ST WEST,KING ST NORTH,Non-Injury Crash,No,2007,East,0.0,,Flat,,,,,Overcast,1491500.0,0.0,0.0,0.0,4.0,0.0,,,Hawke's Bay Region,Nil,2-way,Sealed,0.0,0.0,,50.0,,Null,0.0,0.0,,30.0,Hastings District,Give way,,,,,0.0,0.0,Urban,0.0,,,Fine
380389,1929013.0,5605376.0,547700.0,0.0,0.0,1.0,Null,2005/2006,SOUTHAMPTON ST WEST,LASCELLES ST,Non-Injury Crash,No,2005,South,0.0,1.0,Flat,0.0,,0.0,0.0,Dark,1487700.0,0.0,0.0,0.0,2.0,0.0,0.0,,Hawke's Bay Region,Nil,2-way,Sealed,0.0,0.0,0.0,50.0,0.0,On,0.0,0.0,,30.0,Hastings District,Give way,0.0,1.0,0.0,0.0,0.0,0.0,Urban,0.0,0.0,0.0,Fine
57496,1928293.0,5606752.0,547800.0,1.0,0.0,1.0,North,2012/2013,OMAHU ROAD,CANNING ROAD,Serious Crash,No,2012,South,0.0,,Flat,,,,,Bright sun,1477100.0,0.0,0.0,0.0,2.0,0.0,,,Hawke's Bay Region,Nil,2-way,Sealed,0.0,1.0,,50.0,,Null,0.0,0.0,,30.0,Hastings District,Nil,,,,,0.0,0.0,Urban,0.0,,,Fine
134659,1922646.0,5611896.0,545822.0,0.0,0.0,1.0,West,2004/2005,TAIHAPE ROAD,SWAMP ROAD,Non-Injury Crash,No,2005,East,0.0,,Hill Road,,Easter,,,Bright sun,1409200.0,0.0,0.0,0.0,2.0,0.0,,,Hawke's Bay Region,Nil,2-way,Unsealed,0.0,0.0,,100.0,,Null,1.0,0.0,,30.0,Hastings District,Nil,,,,,0.0,0.0,Open,0.0,,,Fine
742385,1928963.0,5606415.0,547800.0,0.0,0.0,2.0,Null,2015/2016,PAKOWHAI ROAD,IKANUI ROAD,Minor Crash,No,2016,West,0.0,,Flat,,,,,Bright sun,1477500.0,1.0,0.0,0.0,2.0,0.0,,,Hawke's Bay Region,Nil,2-way,Sealed,0.0,0.0,,50.0,,Null,0.0,0.0,,30.0,Hastings District,Nil,,,,,0.0,0.0,Urban,0.0,,,Fine
215982,1933109.0,5612035.0,545832.0,0.0,0.0,1.0,East,2010/2011,BROOKFIELDS ROAD,GILLIGAN ROAD,Minor Crash,No,2011,West,0.0,0.0,Flat,0.0,,0.0,0.0,Dark,1404000.0,1.0,0.0,0.0,2.0,0.0,0.0,,Hawke's Bay Region,Nil,2-way,Sealed,0.0,0.0,0.0,100.0,0.0,None,0.0,0.0,,30.0,Hastings District,Nil,0.0,0.0,0.0,0.0,0.0,0.0,Open,0.0,0.0,0.0,Light rain
230138,1931068.1730000002,5603844.8057,548100.0,0.0,0.0,2.0,Null,2018/2019,WINDSOR AVENUE,ST AUBYN STREET EAST,Minor Crash,No,2018,North,0.0,,Flat,,,,,Overcast,1500300.0,1.0,0.0,0.0,2.0,0.0,,,Hawke's Bay Region,Nil,2-way,End of seal,0.0,0.0,,50.0,,Off,0.0,0.0,30.0,30.0,Hastings District,Give way,,,,,0.0,0.0,Urban,0.0,,,Fine
52410,1928910.0,5633255.0,545811.0,0.0,0.0,1.0,North,2005/2006,SH 5,WAIPUNGA ROAD,Non-Injury Crash,Yes,2005,South,0.0,0.0,Flat,0.0,Christmas New Year,0.0,0.0,Bright sun,1414700.0,0.0,0.0,0.0,2.0,0.0,0.0,,Hawke's Bay Region,Nil,2-way,Sealed,0.0,0.0,0.0,100.0,0.0,Null,0.0,0.0,,30.0,Hastings District,Nil,0.0,0.0,0.0,0.0,0.0,0.0,Open,0.0,0.0,0.0,Fine
134145,1926191.0,5604294.0,545842.0,0.0,0.0,1.0,West,2018/2019,MARAEKAKAHO ROAD,IRONGATE ROAD,Non-Injury Crash,No,2018,North,0.0,,Flat,,,,,Bright sun,1468903.0,0.0,0.0,0.0,2.0,0.0,,,Hawke's Bay Region,Nil,2-way,Sealed,0.0,0.0,,100.0,,Null,0.0,0.0,,30.0,Hastings District,Nil,,,,,1.0,0.0,Open,0.0,,,Fine
659197,1930441.0,5605242.0,548200.0,0.0,0.0,3.0,Null,2001/2002,Z CPK,SH 2/VICTORIA,Non-Injury Crash,No,2002,East,0.0,0.0,Flat,0.0,,0.0,0.0,Dark,1494100.0,0.0,0.0,0.0,0.0,0.0,2.0,,Hawke's Bay Region,Nil,Off road,Sealed,0.0,0.0,0.0,50.0,0.0,On,0.0,0.0,,30.0,Hastings District,Nil,0.0,0.0,0.0,0.0,0.0,0.0,Urban,0.0,0.0,0.0,Fine
585238,1929634.0,5605762.0,548200.0,0.0,0.0,1.0,Null,2007/2008,ST AUBYN ST WEST,TOMOANA ROAD,Non-Injury Crash,No,2007,West,0.0,,Flat,,,,,Overcast,1490300.0,0.0,0.0,0.0,4.0,0.0,,,Hawke's Bay Region,Nil,2-way,Sealed,0.0,0.0,,50.0,,Null,1.0,0.0,,30.0,Hastings District,Traffic Signals,,,,,0.0,0.0,Urban,0.0,,,Fine
372952,1933461.0,5601167.0,548832.0,0.0,0.0,1.0,North,2013/2014,DUART ROAD,MURITAI CRESCENT S,Non-Injury Crash,No,2014,South,0.0,,Hill Road,,,,,Bright sun,1508700.0,0.0,0.0,0.0,2.0,0.0,,,Hawke's Bay Region,Nil,2-way,Sealed,0.0,0.0,,50.0,,Null,0.0,0.0,,30.0,Hastings District,Unknown,,,,,0.0,0.0,Urban,1.0,,,Fine
69953,1925404.0,5607177.0,548620.0,0.0,0.0,2.0,Null,2007/2008,HENDERSON ROAD,FLAXMERE AVENUE,Non-Injury Crash,No,2008,North,0.0,,Flat,,,,,Dark,1474201.0,0.0,0.0,0.0,2.0,0.0,,,Hawke's Bay Region,Nil,2-way,Sealed,0.0,0.0,,50.0,,On,0.0,0.0,,30.0,Hastings District,Give way,,,,,0.0,0.0,Urban,0.0,,,Fine
56211,1928665.0,5605262.0,547900.0,0.0,0.0,1.0,Null,2010/2011,PEPPER ST,HENRY ST,Non-Injury Crash,No,2010,North,0.0,,Flat,,,,,Overcast,1480400.0,0.0,0.0,0.0,2.0,0.0,,,Hawke's Bay Region,Nil,2-way,Sealed,0.0,0.0,,50.0,,Null,1.0,0.0,,30.0,Hastings District,Give way,,,,,0.0,0.0,Urban,0.0,,,Fine
69975,1934163.0,5607177.0,545722.0,0.0,0.0,1.0,West,2003/2004,SH 2,PILCHER ROAD,Non-Injury Crash,Yes,2003,North,0.0,,Flat,,,,,Overcast,1406200.0,0.0,0.0,0.0,2.0,0.0,,,Hawke's Bay Region,Nil,2-way,Sealed,0.0,0.0,,100.0,,Null,0.0,0.0,,30.0,Hastings District,Nil,,,,,0.0,0.0,Open,0.0,,,Fine
38597,1919386.0,5584583.0,545851.0,0.0,0.0,1.0,South,2004/2005,MIDDLE ROAD,ROWE ROAD,Non-Injury Crash,No,2004,South,0.0,0.0,Hill Road,0.0,,0.0,0.0,Dark,1466102.0,0.0,0.0,0.0,2.0,0.0,0.0,,Hawke's Bay Region,Nil,2-way,Sealed,0.0,0.0,0.0,100.0,0.0,None,0.0,0.0,,30.0,Hastings District,Nil,0.0,0.0,0.0,0.0,0.0,0.0,Open,0.0,0.0,0.0,Light rain
65388,1928922.0,5605476.0,547700.0,0.0,0.0,2.0,Null,2001/2002,SOUTHAMPTON ST WEST,PEPPER ST,Non-Injury Crash,No,2001,North,0.0,,Flat,,,,,Overcast,1487000.0,0.0,0.0,0.0,2.0,0.0,,,Hawke's Bay Region,Nil,2-way,Sealed,0.0,0.0,,50.0,,Null,0.0,0.0,,30.0,Hastings District,Give way,,,,,0.0,0.0,Urban,0.0,,,Light rain
400511,1919755.0,5628825.0,545821.0,0.0,0.0,1.0,North,2005/2006,PUKETITIRI ROAD,SOLDIERS SETTLEMENT ROAD,Non-Injury Crash,No,2005,North,0.0,0.0,Hill Road,0.0,,0.0,0.0,Twilight,1412200.0,0.0,0.0,0.0,2.0,0.0,0.0,,Hawke's Bay Region,Nil,2-way,Sealed,0.0,0.0,0.0,100.0,0.0,None,0.0,0.0,,30.0,Hastings District,Nil,0.0,0.0,0.0,0.0,0.0,0.0,Open,0.0,0.0,0.0,Heavy rain
344105,1928387.0,5602296.0,545762.0,0.0,1.0,0.0,Null,2005/2006,RIVERSLEA ROAD SOUTH,ALGERNON ROAD,Minor Crash,No,2006,South,0.0,1.0,Flat,0.0,,0.0,0.0,Bright sun,1468100.0,1.0,0.0,0.0,2.0,0.0,0.0,,Hawke's Bay Region,Nil,2-way,Sealed,1.0,0.0,0.0,100.0,0.0,Null,0.0,0.0,,30.0,Hastings District,Give way,0.0,0.0,0.0,1.0,0.0,0.0,Open,0.0,0.0,0.0,Fine
636929,1929325.0,5605511.0,547700.0,0.0,0.0,1.0,Null,2001/2002,Z CPK WRITE PRICE,HERETAUNGA /CHARLES,Minor Crash,No,2001,North,0.0,,Flat,,,,,Bright sun,1487700.0,1.0,0.0,0.0,1.0,0.0,,1.0,Hawke's Bay Region,Nil,Off road,Sealed,0.0,0.0,,50.0,,Null,0.0,0.0,,30.0,Hastings District,Nil,,,,,0.0,0.0,Urban,0.0,,,Fine
10378,1932652.0,5609542.0,545832.0,0.0,0.0,2.0,Null,2016/2017,FARNDON ROAD,CHESTERHOPE BRIDGE,Non-Injury Crash,No,2017,South,0.0,,Flat,,,,,Dark,1404300.0,0.0,0.0,0.0,2.0,0.0,,,Hawke's Bay Region,Nil,2-way,Sealed,0.0,0.0,,80.0,,On,0.0,0.0,,30.0,Hastings District,Give way,,,,,0.0,0.0,Open,0.0,,,Fine
704730,1927162.0,5607760.0,545710.0,0.0,0.0,1.0,North,2011/2012,OMAHU ROAD,WILSON ROAD,Non-Injury Crash,No,2011,South,0.0,,Flat,,,,,Bright sun,1471000.0,0.0,0.0,0.0,3.0,0.0,,,Hawke's Bay Region,Nil,2-way,Sealed,0.0,0.0,,50.0,,Null,0.0,0.0,,30.0,Hastings District,Nil,,,,,1.0,0.0,Urban,0.0,,,Fine
644602,1911305.0,5663749.0,545911.0,0.0,0.0,0.0,West,2009/2010,SH 5,WAITARA ROAD,Minor Crash,Yes,2010,East,0.0,0.0,Hill Road,0.0,,0.0,0.0,Dark,1414400.0,2.0,0.0,0.0,2.0,0.0,0.0,,Hawke's Bay Region,Nil,2-way,Sealed,0.0,0.0,0.0,100.0,0.0,None,0.0,0.0,,30.0,Hastings District,Nil,0.0,0.0,0.0,0.0,0.0,0.0,Open,1.0,0.0,0.0,Light rain
245032,1927876.0,5607157.0,547800.0,0.0,0.0,1.0,Null,2003/2004,STONYCROFT ST,OMAHU ROAD,Non-Injury Crash,No,2004,East,0.0,0.0,Flat,0.0,,0.0,0.0,Dark,1476600.0,0.0,0.0,0.0,2.0,0.0,0.0,,Hawke's Bay Region,Nil,2-way,Sealed,0.0,0.0,0.0,50.0,0.0,On,0.0,0.0,,30.0,Hastings District,Nil,0.0,0.0,0.0,1.0,0.0,0.0,Urban,0.0,0.0,0.0,Fine
132142,1926429.0,5604478.0,545842.0,0.0,0.0,2.0,Null,2007/2008,MARAEKAKAHO ROAD,IRONGATE ROAD,Non-Injury Crash,No,2007,North,0.0,,Flat,,,,,Bright sun,1468903.0,0.0,0.0,0.0,2.0,0.0,,,Hawke's Bay Region,Nil,2-way,Sealed,0.0,0.0,,100.0,,Null,0.0,0.0,,30.0,Hastings District,Give way,,,,,0.0,0.0,Open,0.0,,,Fine
236561,1925383.0,5607243.0,548620.0,0.0,0.0,2.0,North,2009/2010,FLAXMERE AVENUE,HENDERSON ROAD,Non-Injury Crash,No,2009,North,0.0,0.0,Flat,0.0,,0.0,0.0,Dark,1474204.0,0.0,0.0,0.0,2.0,0.0,1.0,,Hawke's Bay Region,Nil,2-way,Sealed,0.0,0.0,0.0,50.0,0.0,On,0.0,0.0,,30.0,Hastings District,Nil,0.0,0.0,0.0,0.0,0.0,0.0,Urban,0.0,0.0,0.0,Fine
44071,1931688.0,5605956.0,545721.0,0.0,0.0,1.0,Null,2010/2011,SH 2,KENILWORTH ROAD,Non-Injury Crash,Yes,2011,South,0.0,,Flat,,,,,Overcast,1471700.0,0.0,0.0,0.0,2.0,0.0,,,Hawke's Bay Region,Nil,2-way,Sealed,0.0,0.0,,50.0,,Null,1.0,0.0,,30.0,Hastings District,Give way,,,,,0.0,0.0,Urban,0.0,,,Fine
473010,1930794.0,5603711.0,548300.0,0.0,0.0,2.0,North,2016/2017,HERETAUNGA ST EAST,WINDSOR AVENUE,Non-Injury Crash,No,2017,North,0.0,,Flat,,,,,Bright sun,1502700.0,0.0,0.0,0.0,2.0,0.0,,,Hawke's Bay Region,Nil,2-way,Sealed,0.0,0.0,,50.0,,Null,0.0,0.0,,30.0,Hastings District,Unknown,,,,,0.0,0.0,Urban,0.0,,,Fine
187404,1932122.0,5606176.0,545721.0,0.0,0.0,0.0,North,2002/2003,SH 2,ELWOOD ROAD,Non-Injury Crash,Yes,2003,West,0.0,,Flat,,,,,Overcast,1471700.0,0.0,0.0,0.0,2.0,0.0,,,Hawke's Bay Region,Nil,2-way,Sealed,0.0,0.0,,70.0,,Null,0.0,0.0,,30.0,Hastings District,Nil,,,,,0.0,0.0,Urban,2.0,,,Fine
631632,1929013.0,5605376.0,547700.0,0.0,0.0,2.0,Null,2008/2009,SOUTHAMPTON ST WEST,LASCELLES ST,Minor Crash,No,2009,East,0.0,,Flat,,,,,Overcast,1487700.0,1.0,0.0,0.0,2.0,0.0,,,Hawke's Bay Region,Nil,2-way,Sealed,0.0,0.0,,50.0,,Null,0.0,0.0,,30.0,Hastings District,Give way,,,,,0.0,0.0,Urban,0.0,,,Fine
78704,1930024.0,5607216.0,545710.0,0.0,0.0,1.0,North,2012/2013,PAKOWHAI ROAD,FREDERICK ST,Non-Injury Crash,No,2012,South,0.0,1.0,Flat,0.0,,0.0,0.0,Overcast,1471300.0,0.0,0.0,0.0,2.0,0.0,0.0,,Hawke's Bay Region,Nil,2-way,Sealed,0.0,0.0,0.0,50.0,0.0,Null,0.0,0.0,,30.0,Hastings District,Nil,0.0,0.0,0.0,0.0,0.0,0.0,Urban,0.0,0.0,0.0,Fine
170561,1929636.0,5604556.0,548200.0,0.0,0.0,2.0,South,2014/2015,SOUTHAMPTON ST EAST,KARAMU ROAD SOUTH,Non-Injury Crash,No,2015,South,0.0,,Flat,,,,,Bright sun,1492400.0,0.0,0.0,0.0,2.0,0.0,,,Hawke's Bay Region,Nil,2-way,Sealed,0.0,0.0,,50.0,,Null,0.0,0.0,,30.0,Hastings District,Nil,,,,,0.0,0.0,Urban,0.0,,,Fine
290959,1926595.0,5607922.0,548400.0,0.0,0.0,1.0,North,2016/2017,MEIHANA ST,MEIHANA PLACE,Non-Injury Crash,No,2017,South,0.0,0.0,Flat,0.0,,0.0,0.0,Bright sun,1473400.0,0.0,0.0,0.0,2.0,0.0,0.0,,Hawke's Bay Region,Nil,2-way,Sealed,0.0,0.0,0.0,50.0,0.0,Null,0.0,0.0,,30.0,Hastings District,Unknown,0.0,0.0,0.0,0.0,0.0,0.0,Urban,0.0,0.0,0.0,Fine
154480,1931038.0,5605564.0,548000.0,0.0,0.0,2.0,Null,2017/2018,KARAMU ROAD NORTH,FREDERICK ST,Non-Injury Crash,No,2018,West,0.0,,Flat,,,,,Overcast,1495700.0,0.0,0.0,0.0,2.0,0.0,,,Hawke's Bay Region,Nil,2-way,Sealed,0.0,0.0,,50.0,,Null,0.0,0.0,,30.0,Hastings District,Traffic Signals,,,,,0.0,0.0,Urban,0.0,,,Fine
315451,1928541.0,5606511.0,547800.0,0.0,0.0,2.0,East,2002/2003,OMAHU ROAD,HAPUKA ST,Non-Injury Crash,No,2002,South,0.0,0.0,Flat,1.0,,0.0,0.0,Bright sun,1477700.0,0.0,0.0,0.0,2.0,0.0,0.0,,Hawke's Bay Region,Nil,2-way,Sealed,0.0,0.0,0.0,50.0,0.0,Null,0.0,0.0,,30.0,Hastings District,Nil,0.0,0.0,0.0,0.0,0.0,0.0,Urban,0.0,0.0,0.0,Fine
329673,1915075.0,5589167.0,545851.0,0.0,0.0,1.0,North,2017/2018,SH 2,TE AUTE TRUST ROAD,Non-Injury Crash,Yes,2017,North,0.0,0.0,Flat,0.0,,0.0,0.0,Bright sun,1464500.0,0.0,0.0,0.0,2.0,0.0,0.0,,Hawke's Bay Region,Nil,2-way,Sealed,0.0,0.0,0.0,100.0,0.0,Null,0.0,0.0,,30.0,Hastings District,Unknown,0.0,0.0,0.0,0.0,0.0,0.0,Open,0.0,0.0,0.0,Fine
100683,1930323.3954,5607748.5545,545710.0,0.0,0.0,1.0,North,2019/2020,EVENDEN ROAD,PAKOWHAI ROAD,Minor Crash,No,2020,South,0.0,,Flat,,,,,Bright sun,1471100.0,1.0,0.0,0.0,2.0,0.0,,,Hawke's Bay Region,Nil,2-way,Sealed,0.0,0.0,,50.0,,Off,1.0,0.0,,30.0,Hastings District,Nil,,,,,1.0,0.0,Urban,0.0,,,Fine
161626,1929144.0,5604228.0,547900.0,0.0,0.0,2.0,North,2006/2007,RAILWAY ROAD,GASCOIGNE ST,Non-Injury Crash,No,2007,South,0.0,,Flat,,,,,Bright sun,1482100.0,0.0,0.0,0.0,2.0,0.0,,,Hawke's Bay Region,Nil,2-way,Sealed,0.0,0.0,,70.0,,Null,0.0,0.0,,30.0,Hastings District,Nil,,,,,0.0,0.0,Urban,0.0,,,Fine