OBJECTID,X,Y,areaUnitID,bicycle,bus,carStationWagon,crashDirectionDescription,crashFinancialYear,crashLocation1,crashLocation2,crashSeverity,crashSHDescription,crashYear,directionRoleDescription,fatalCount,fence,flatHill,guardRail,holiday,houseOrBuilding,kerb,light,meshblockId,minorInjuryCount,moped,motorcycle,NumberOfLanes,otherVehicleType,parkedVehicle,pedestrian,region,roadCharacter,roadLane,roadSurface,schoolBus,seriousInjuryCount,slipOrFlood,speedLimit,strayAnimal,streetLight,suv,taxi,temporarySpeedLimit,tlaId,tlaName,trafficControl,trafficIsland,trafficSign,train,tree,truck,unknownVehicleType,urban,vanOrUtility,vehicle,waterRiver,weatherA
8662,1930093.0,5604344.0,548200.0,0.0,0.0,0.0,North,2012/2013,EASTBOURNE ST EAST,WILLOWPARK ROAD SOUTH,Minor Crash,No,2012,South,0.0,,Flat,,,,,Bright sun,1493800.0,1.0,0.0,1.0,2.0,0.0,,,Hawke's Bay Region,Nil,2-way,Sealed,0.0,0.0,,50.0,,Null,0.0,0.0,,30.0,Hastings District,Nil,,,,,0.0,0.0,Urban,0.0,,,Fine
313940,1911492.0,5663632.0,545911.0,0.0,0.0,0.0,Null,2016/2017,SH 5,TE HAROTO PO,Minor Crash,Yes,2016,South,0.0,0.0,Hill Road,1.0,,0.0,0.0,Overcast,1414400.0,2.0,0.0,0.0,2.0,0.0,0.0,,Hawke's Bay Region,Nil,2-way,Sealed,0.0,0.0,0.0,100.0,0.0,None,0.0,0.0,,30.0,Hastings District,Unknown,0.0,0.0,0.0,0.0,1.0,0.0,Open,1.0,0.0,0.0,Light rain
630004,1927917.0,5601772.0,545762.0,0.0,0.0,1.0,Null,2009/2010,LONGLANDS ROAD EAST,RIVERSLEA ROAD SOUTH,Non-Injury Crash,No,2010,South,0.0,0.0,Flat,0.0,,0.0,0.0,Dark,1468400.0,0.0,0.0,0.0,2.0,0.0,0.0,,Hawke's Bay Region,Nil,2-way,Sealed,0.0,0.0,0.0,100.0,0.0,On,0.0,0.0,,30.0,Hastings District,Give way,0.0,0.0,0.0,0.0,0.0,0.0,Open,0.0,0.0,0.0,Fine
373455,1932139.0,5611571.0,545832.0,0.0,0.0,1.0,Null,2002/2003,PAKOWHAI ROAD,BROOKFIELDS ROAD,Non-Injury Crash,No,2002,West,0.0,1.0,Flat,0.0,,0.0,0.0,Twilight,1403900.0,0.0,0.0,0.0,2.0,0.0,0.0,,Hawke's Bay Region,Nil,2-way,Sealed,0.0,0.0,0.0,70.0,0.0,Off,0.0,0.0,,30.0,Hastings District,Give way,0.0,0.0,0.0,0.0,0.0,0.0,Urban,0.0,0.0,0.0,Fine
189238,1930376.0154,5606576.101,547600.0,0.0,0.0,1.0,South,2018/2019,FREDERICK STREET WEST,RANGIORA ST,Non-Injury Crash,No,2018,East,0.0,1.0,Flat,0.0,,0.0,0.0,Overcast,1484400.0,0.0,0.0,0.0,2.0,0.0,0.0,,Hawke's Bay Region,Nil,2-way,Sealed,0.0,0.0,0.0,50.0,0.0,Off,0.0,0.0,,30.0,Hastings District,Unknown,0.0,0.0,0.0,0.0,0.0,0.0,Urban,0.0,0.0,0.0,Fine
187463,1918223.0,5653518.0,545911.0,0.0,0.0,1.0,North,2003/2004,SH 5,BROOKS ENT,Non-Injury Crash,Yes,2003,North,0.0,0.0,Hill Road,0.0,,0.0,0.0,Dark,1415900.0,0.0,0.0,0.0,3.0,0.0,0.0,,Hawke's Bay Region,Nil,2-way,Sealed,0.0,0.0,0.0,100.0,0.0,None,0.0,0.0,,30.0,Hastings District,Nil,0.0,0.0,0.0,0.0,0.0,0.0,Open,0.0,0.0,0.0,Light rain
352763,1933080.0,5602215.0,548831.0,0.0,0.0,2.0,South,2009/2010,NAPIER ROAD,GODDARD LANE,Minor Crash,No,2009,South,0.0,0.0,Flat,0.0,,0.0,0.0,Dark,1509100.0,1.0,0.0,0.0,2.0,0.0,1.0,,Hawke's Bay Region,Nil,2-way,Sealed,0.0,0.0,0.0,50.0,0.0,On,0.0,0.0,,30.0,Hastings District,Nil,0.0,0.0,0.0,0.0,0.0,0.0,Urban,0.0,0.0,0.0,Fine
320123,1936429.0,5611183.0,545730.0,0.0,0.0,2.0,North,2000/2001,FERRY ROAD,SCHOOL ROAD,Non-Injury Crash,No,2000,South,0.0,0.0,Flat,0.0,,0.0,0.0,Bright sun,1405006.0,0.0,0.0,0.0,2.0,0.0,1.0,,Hawke's Bay Region,Nil,2-way,Sealed,0.0,0.0,0.0,50.0,0.0,Null,0.0,0.0,,30.0,Hastings District,Nil,0.0,0.0,0.0,0.0,0.0,0.0,Urban,0.0,0.0,0.0,Fine
593698,1926223.0,5599994.0,545852.0,0.0,0.0,1.0,East,2013/2014,TE AUTE ROAD,RAILWAY ROAD SOUTH,Minor Crash,No,2014,West,0.0,,Flat,,,,,Bright sun,1468700.0,1.0,0.0,0.0,2.0,0.0,,,Hawke's Bay Region,Nil,2-way,Sealed,0.0,0.0,,100.0,,None,1.0,0.0,,30.0,Hastings District,Nil,,,,,0.0,0.0,Open,0.0,,,Fine
528380,1930341.0,5604822.0,548200.0,0.0,0.0,2.0,Null,2013/2014,HASTINGS ST NORTH,ST AUBYN ST EAST,Minor Crash,No,2014,East,0.0,,Flat,,,,,Bright sun,1494400.0,2.0,0.0,0.0,2.0,0.0,,,Hawke's Bay Region,Nil,2-way,Sealed,0.0,0.0,,50.0,,Null,0.0,0.0,,30.0,Hastings District,Stop,,,,,0.0,0.0,Urban,0.0,,,Fine
3277,1918684.0,5648633.0,545911.0,0.0,0.0,0.0,North,2010/2011,SH 5,OHURAKURA ROAD,Non-Injury Crash,Yes,2010,South,0.0,0.0,Flat,0.0,,0.0,0.0,Bright sun,1415900.0,0.0,0.0,0.0,2.0,0.0,0.0,,Hawke's Bay Region,Nil,2-way,Sealed,0.0,0.0,0.0,100.0,0.0,Null,1.0,0.0,,30.0,Hastings District,Nil,0.0,0.0,0.0,0.0,0.0,0.0,Open,0.0,0.0,0.0,Fine
505570,1930065.0,5604789.0,548200.0,0.0,0.0,2.0,Null,2003/2004,WARREN ST NORTH,QUEEN ST EAST,Non-Injury Crash,No,2003,North,0.0,,Flat,,,,,Bright sun,1493400.0,0.0,0.0,0.0,2.0,0.0,,,Hawke's Bay Region,Nil,2-way,Sealed,0.0,0.0,,50.0,,Null,0.0,0.0,,30.0,Hastings District,Give way,,,,,0.0,0.0,Urban,0.0,,,Fine
290160,1930317.0,5604449.0,548200.0,0.0,0.0,1.0,Null,2000/2001,QUEEN ST EAST,WILLOWPARK ROAD NORTH,Non-Injury Crash,No,2000,East,0.0,,Flat,,,,,Dark,1494000.0,0.0,0.0,0.0,2.0,0.0,,,Hawke's Bay Region,Nil,2-way,Sealed,0.0,0.0,,50.0,,On,0.0,0.0,,30.0,Hastings District,Give way,,,,,0.0,0.0,Urban,1.0,,,Fine
610284,1929860.0,5604660.0,548200.0,0.0,0.0,3.0,North,2016/2017,EASTBOURNE ST EAST,WARREN ST SOUTH,Minor Crash,No,2017,South,0.0,,Flat,,,,,Overcast,1492600.0,1.0,0.0,0.0,2.0,0.0,,,Hawke's Bay Region,Nil,2-way,Sealed,0.0,0.0,,50.0,,Null,0.0,0.0,,30.0,Hastings District,Unknown,,,,,0.0,0.0,Urban,0.0,,,Fine
224301,1931876.0,5601907.0,548810.0,0.0,0.0,0.0,North,2013/2014,LIPSCOMBE CRESCENT,MANGARAU CRESCENT,Serious Crash,No,2013,North,0.0,0.0,Flat,0.0,,0.0,1.0,Bright sun,1504900.0,0.0,0.0,1.0,2.0,0.0,0.0,,Hawke's Bay Region,Nil,2-way,Sealed,0.0,1.0,0.0,50.0,0.0,Null,0.0,0.0,,30.0,Hastings District,Nil,0.0,0.0,0.0,1.0,0.0,0.0,Urban,0.0,0.0,0.0,Fine
513536,1932997.0,5601844.0,548831.0,0.0,0.0,2.0,Null,2008/2009,TE MATA ROAD,KARANEMA DRIVE,Non-Injury Crash,No,2008,West,0.0,,Flat,,,,,Bright sun,1509700.0,0.0,0.0,0.0,2.0,0.0,,,Hawke's Bay Region,Nil,2-way,Sealed,0.0,0.0,,50.0,,Null,0.0,0.0,,30.0,Hastings District,Give way,,,,,0.0,0.0,Urban,0.0,,,Fine
383213,1929661.0,5608592.0,545710.0,0.0,0.0,0.0,North,2018/2019,EVENDEN ROAD,PERCIVAL ROAD,Non-Injury Crash,No,2018,South,0.0,1.0,Flat,0.0,,0.0,0.0,Twilight,1471100.0,0.0,0.0,0.0,2.0,0.0,0.0,,Hawke's Bay Region,Nil,2-way,Sealed,0.0,0.0,0.0,80.0,0.0,None,0.0,0.0,,30.0,Hastings District,Unknown,0.0,0.0,0.0,0.0,0.0,0.0,Open,1.0,0.0,0.0,Fine
604064,1929951.0,5604741.0,548200.0,0.0,0.0,1.0,West,2003/2004,HERETAUNGA ST EAST,WARREN ST NORTH,Non-Injury Crash,No,2004,East,0.0,,Flat,,,,,Overcast,1492700.0,0.0,0.0,0.0,2.0,0.0,,,Hawke's Bay Region,Nil,2-way,Sealed,0.0,0.0,,50.0,,Null,0.0,0.0,,30.0,Hastings District,Nil,,,,,0.0,0.0,Urban,1.0,,,Fine
172848,1929713.0,5605056.0,548200.0,0.0,0.0,0.0,North,2016/2017,HERETAUNGA ST WEST,MARKET ST NORTH,Non-Injury Crash,No,2017,South,0.0,0.0,Flat,0.0,,0.0,0.0,Bright sun,1491200.0,0.0,0.0,0.0,2.0,0.0,1.0,,Hawke's Bay Region,Nil,2-way,Sealed,0.0,0.0,0.0,50.0,0.0,Null,1.0,0.0,,30.0,Hastings District,Unknown,0.0,0.0,0.0,0.0,0.0,0.0,Urban,1.0,0.0,0.0,Null
120859,1927234.0,5602249.0,545762.0,0.0,0.0,1.0,Null,2017/2018,RAILWAY ROAD SOUTH,LONGLANDS ROAD EAST,Non-Injury Crash,No,2018,North,0.0,,Flat,,,,,Bright sun,1468200.0,0.0,0.0,0.0,2.0,0.0,,,Hawke's Bay Region,Nil,2-way,Sealed,0.0,0.0,,70.0,,Null,0.0,0.0,,30.0,Hastings District,Give way,,,,,0.0,0.0,Urban,1.0,,,Fine
365665,1927657.0,5605280.0,547900.0,0.0,0.0,1.0,Null,2006/2007,WALL ROAD,BLEDISLOE ST,Non-Injury Crash,No,2007,West,0.0,0.0,Flat,0.0,,0.0,0.0,Overcast,1481100.0,0.0,0.0,0.0,2.0,0.0,0.0,,Hawke's Bay Region,Nil,2-way,Sealed,0.0,0.0,0.0,50.0,0.0,Null,0.0,0.0,,30.0,Hastings District,Give way,0.0,0.0,0.0,0.0,0.0,0.0,Urban,0.0,0.0,0.0,Fine
278656,1929368.447,5605301.7295,548200.0,0.0,0.0,1.0,Null,2019/2020,SOUTHLAND ROAD,EASTBOURNE STREET WEST,Non-Injury Crash,No,2019,West,0.0,0.0,Flat,0.0,,1.0,0.0,Dark,1488700.0,0.0,0.0,0.0,2.0,0.0,0.0,,Hawke's Bay Region,Nil,2-way,Sealed,0.0,0.0,0.0,50.0,0.0,On,0.0,0.0,,30.0,Hastings District,Give way,0.0,0.0,0.0,0.0,0.0,0.0,Urban,0.0,0.0,0.0,Fine
236807,1924881.4179,5608795.6637,545710.0,0.0,0.0,1.0,Null,2018/2019,OMAHU ROAD,TWYFORD ROAD,Non-Injury Crash,No,2019,West,0.0,,Flat,,,,,Bright sun,1470900.0,0.0,0.0,0.0,2.0,0.0,,,Hawke's Bay Region,Nil,2-way,Sealed,0.0,0.0,,70.0,,Off,0.0,0.0,,30.0,Hastings District,Give way,,,,,0.0,0.0,Urban,1.0,,,Fine
383232,1927582.0,5607392.0,548400.0,0.0,0.0,1.0,Null,2010/2011,SH 50A,OMAHU ROAD,Non-Injury Crash,Yes,2011,South,0.0,,Flat,,,,,Twilight,1473500.0,0.0,0.0,0.0,2.0,0.0,,,Hawke's Bay Region,Nil,2-way,Sealed,0.0,0.0,,50.0,,Off,0.0,0.0,,30.0,Hastings District,Give way,,,,,0.0,0.0,Urban,1.0,,,Fine
139362,1931022.0,5613782.0,545831.0,0.0,0.0,2.0,Null,2000/2001,SH 50,PAKOWHAI ROAD,Non-Injury Crash,Yes,2001,South,0.0,0.0,Flat,0.0,,0.0,0.0,Overcast,1404600.0,0.0,0.0,0.0,2.0,0.0,0.0,,Hawke's Bay Region,Nil,2-way,Sealed,0.0,0.0,0.0,100.0,0.0,Null,0.0,0.0,,30.0,Hastings District,Traffic Signals,0.0,0.0,0.0,0.0,0.0,0.0,Open,0.0,0.0,0.0,Light rain
512080,1938260.0,5608259.0,545740.0,0.0,0.0,2.0,Null,2018/2019,HAUMOANA ROAD,PARKHILL ROAD,Non-Injury Crash,No,2018,South,0.0,,Flat,,,,,Bright sun,1407300.0,0.0,0.0,0.0,2.0,0.0,,,Hawke's Bay Region,Nil,2-way,Sealed,0.0,0.0,,100.0,,Null,0.0,0.0,,30.0,Hastings District,Give way,,,,,0.0,0.0,Open,0.0,,,Fine
515319,1928487.0,5606031.0,548500.0,0.0,0.0,0.0,West,2013/2014,MARAEKAKAHO ROAD,SOUTHAMPTON ST WEST,Minor Crash,No,2013,East,0.0,,Flat,,,,,Bright sun,1479600.0,1.0,0.0,1.0,4.0,0.0,,,Hawke's Bay Region,Nil,2-way,Sealed,0.0,0.0,,50.0,,Null,0.0,0.0,,30.0,Hastings District,Traffic Signals,,,,,0.0,0.0,Urban,1.0,,,Fine
738008,1929367.0,5604909.0,548200.0,0.0,0.0,1.0,Null,2015/2016,SOUTHAMPTON ST WEST,KING ST SOUTH,Non-Injury Crash,No,2016,North,0.0,,Flat,,,,,Bright sun,1489100.0,0.0,0.0,0.0,2.0,0.0,,,Hawke's Bay Region,Nil,2-way,Sealed,0.0,0.0,,50.0,,Null,1.0,0.0,,30.0,Hastings District,Give way,,,,,0.0,0.0,Urban,0.0,,,Fine
520123,1936936.0,5601587.0,545750.0,0.0,0.0,2.0,East,2004/2005,RIVER ROAD,TE MATA MANGATERETERE ROA,Non-Injury Crash,No,2004,North,0.0,,Hill Road,,,,,Dark,1466600.0,0.0,0.0,0.0,2.0,0.0,,,Hawke's Bay Region,Nil,2-way,Sealed,0.0,0.0,,100.0,,None,0.0,0.0,,30.0,Hastings District,Nil,,,,,0.0,0.0,Open,0.0,,,Heavy rain
590816,1927994.0,5604252.0,547900.0,0.0,0.0,0.0,South,2003/2004,SOUTHLAND ROAD,SOUTHLAND PLACE,Non-Injury Crash,No,2003,North,0.0,0.0,Flat,0.0,,0.0,0.0,Dark,1469303.0,0.0,0.0,0.0,2.0,0.0,0.0,,Hawke's Bay Region,Nil,2-way,Sealed,0.0,0.0,0.0,50.0,0.0,On,0.0,0.0,,30.0,Hastings District,Nil,0.0,0.0,0.0,0.0,0.0,0.0,Urban,1.0,0.0,0.0,Fine
194408,1929764.0,5604384.0,548200.0,1.0,0.0,1.0,Null,2010/2011,HASTINGS ST SOUTH,SOUTHAMPTON ST EAST,Non-Injury Crash,No,2010,South,0.0,,Flat,,,,,Bright sun,1493000.0,0.0,0.0,0.0,2.0,0.0,,,Hawke's Bay Region,Nil,2-way,Sealed,0.0,0.0,,50.0,,Null,0.0,0.0,,30.0,Hastings District,Give way,,,,,0.0,0.0,Urban,0.0,,,Fine
77054,1930257.0,5604934.0,548200.0,0.0,0.0,2.0,Null,2008/2009,ST AUBYN ST EAST,WARREN ST NORTH,Minor Crash,No,2008,West,0.0,,Flat,,,,,Bright sun,1493501.0,2.0,0.0,0.0,2.0,0.0,,,Hawke's Bay Region,Nil,2-way,Sealed,0.0,0.0,,50.0,,Null,0.0,0.0,,30.0,Hastings District,Give way,,,,,0.0,0.0,Urban,0.0,,,Fine
190545,1936926.8486,5609084.7813,545722.0,0.0,0.0,1.0,Null,2019/2020,LAWN ROAD,MILL ROAD,Minor Crash,No,2020,East,0.0,1.0,Flat,0.0,,0.0,0.0,Bright sun,1406300.0,1.0,0.0,0.0,1.0,0.0,0.0,,Hawke's Bay Region,Nil,1-way,Sealed,0.0,0.0,0.0,100.0,0.0,Off,0.0,0.0,,30.0,Hastings District,Give way,1.0,1.0,0.0,0.0,0.0,0.0,Open,0.0,0.0,0.0,Fine
106378,1927339.0,5607623.0,548400.0,0.0,0.0,3.0,East,1999/2000,OMAHU ROAD,WILSON ROAD,Non-Injury Crash,No,2000,West,0.0,,Flat,,,,,Bright sun,1473600.0,0.0,0.0,0.0,2.0,0.0,,,Hawke's Bay Region,Nil,2-way,Sealed,0.0,0.0,,50.0,,Null,0.0,0.0,,30.0,Hastings District,Unknown,,,,,0.0,0.0,Urban,1.0,,,Fine
727275,1931680.0,5605951.0,548000.0,0.0,0.0,1.0,West,2012/2013,KARAMU ROAD NORTH,KENILWORTH ROAD,Non-Injury Crash,No,2013,East,0.0,,Flat,,Queens Birthday,,,Bright sun,1496700.0,0.0,0.0,0.0,2.0,0.0,,,Hawke's Bay Region,Nil,2-way,Sealed,0.0,0.0,,50.0,,Null,0.0,0.0,,30.0,Hastings District,Nil,,,,,0.0,0.0,Urban,1.0,,,Fine
48124,1928619.0,5606103.0,547700.0,0.0,0.0,1.0,South,2010/2011,PLUNKET ST,MARAEKAKAHO ROAD,Minor Crash,No,2010,East,0.0,0.0,Flat,0.0,,0.0,0.0,Bright sun,1486600.0,1.0,0.0,0.0,2.0,0.0,1.0,,Hawke's Bay Region,Nil,2-way,Sealed,0.0,0.0,0.0,50.0,0.0,Null,0.0,0.0,,30.0,Hastings District,Nil,0.0,0.0,0.0,0.0,1.0,0.0,Urban,0.0,0.0,0.0,Fine
383863,1929584.0,5600691.0,545762.0,0.0,0.0,1.0,Null,2008/2009,TE AUTE ROAD,ST GEORGES ROAD,Non-Injury Crash,No,2009,West,0.0,,Flat,,,,,Bright sun,1465300.0,0.0,0.0,1.0,2.0,0.0,,,Hawke's Bay Region,Nil,2-way,Sealed,0.0,0.0,,100.0,,Null,0.0,0.0,,30.0,Hastings District,Give way,,,,,0.0,0.0,Open,0.0,,,Fine
409332,1930439.5187,5604892.4846,548200.0,0.0,0.0,2.0,Null,2018/2019,HASTINGS STREET NORTH,ELLISON STREET,Minor Crash,No,2019,South,0.0,,Flat,,,,,Overcast,1494900.0,1.0,0.0,0.0,2.0,0.0,,,Hawke's Bay Region,Nil,2-way,Sealed,0.0,0.0,,50.0,,Off,0.0,0.0,,30.0,Hastings District,Give way,,,,,0.0,0.0,Urban,0.0,,,Mist or Fog
738151,1930935.0,5613540.0,545831.0,0.0,0.0,2.0,Null,2002/2003,SH 50,SH 50A,Non-Injury Crash,Yes,2002,North,0.0,,Flat,,,,,Bright sun,1404600.0,0.0,0.0,0.0,3.0,0.0,,,Hawke's Bay Region,Nil,2-way,Sealed,0.0,0.0,,100.0,,Null,0.0,0.0,,30.0,Hastings District,Give way,,,,,0.0,0.0,Open,0.0,,,Fine
577543,1932878.0,5608051.0,545721.0,0.0,0.0,1.0,South,2005/2006,RUAHAPIA ROAD,OTENE ROAD,Non-Injury Crash,No,2005,South,0.0,1.0,Flat,0.0,,0.0,0.0,Dark,1471800.0,0.0,0.0,0.0,2.0,0.0,0.0,,Hawke's Bay Region,Nil,2-way,Sealed,0.0,0.0,0.0,100.0,0.0,None,0.0,0.0,,30.0,Hastings District,Nil,0.0,0.0,0.0,1.0,0.0,0.0,Open,0.0,0.0,0.0,Light rain
658167,1927578.0,5607439.0,548400.0,0.0,0.0,2.0,Null,2007/2008,SH 50A,OMAHU ROAD,Non-Injury Crash,Yes,2007,North,0.0,,Flat,,,,,Bright sun,1473600.0,0.0,0.0,0.0,2.0,0.0,,,Hawke's Bay Region,Nil,2-way,Sealed,0.0,0.0,,100.0,,Null,0.0,0.0,,30.0,Hastings District,Give way,,,,,0.0,0.0,Open,0.0,,,Fine
201909,1917904.5424,5653677.9556,545911.0,0.0,0.0,0.0,East,2018/2019,005-0220,TITIOKURA SUMMIT,Non-Injury Crash,Yes,2019,West,0.0,0.0,Hill Road,0.0,,0.0,0.0,Overcast,1415900.0,0.0,0.0,0.0,3.0,0.0,0.0,,Hawke's Bay Region,Nil,2-way,Sealed,0.0,0.0,0.0,100.0,0.0,None,0.0,0.0,,30.0,Hastings District,Unknown,0.0,0.0,0.0,0.0,1.0,0.0,Open,0.0,0.0,0.0,Light rain
669711,1930033.0,5605235.0,548200.0,0.0,0.0,2.0,Null,2015/2016,MARKET ST NORTH,ST AUBYN ST WEST,Minor Crash,No,2016,East,0.0,,Flat,,,,,Bright sun,1491500.0,1.0,0.0,0.0,2.0,0.0,,,Hawke's Bay Region,Nil,2-way,Sealed,0.0,0.0,,50.0,,Null,0.0,0.0,,30.0,Hastings District,Traffic Signals,,,,,0.0,0.0,Urban,0.0,,,Fine
419283,1923281.0,5596653.0,545851.0,0.0,0.0,0.0,South,2006/2007,SH 2,OLD MAIN ROAD,Minor Crash,Yes,2006,East,0.0,0.0,Flat,0.0,,0.0,0.0,Dark,1463900.0,1.0,0.0,0.0,2.0,0.0,0.0,,Hawke's Bay Region,Nil,2-way,Sealed,0.0,0.0,0.0,100.0,0.0,None,0.0,0.0,,30.0,Hastings District,Nil,0.0,1.0,0.0,1.0,1.0,0.0,Open,0.0,0.0,0.0,Light rain
632855,1936121.0,5639689.0,545811.0,0.0,0.0,0.0,North,2009/2010,SH 2,TANGOIO SETTLEMENT ROAD S,Minor Crash,Yes,2010,North,0.0,0.0,Flat,0.0,,0.0,0.0,Bright sun,1415700.0,1.0,0.0,0.0,2.0,0.0,0.0,,Hawke's Bay Region,Nil,2-way,Sealed,0.0,0.0,0.0,100.0,0.0,Null,0.0,0.0,,30.0,Hastings District,Nil,0.0,0.0,0.0,0.0,1.0,0.0,Open,0.0,0.0,0.0,Fine
641405,1935561.0,5652242.0,545911.0,0.0,0.0,1.0,South,2004/2005,SH 2,MAHIARUHE STM BR,Minor Crash,Yes,2005,South,0.0,0.0,Flat,0.0,,0.0,0.0,Bright sun,1415400.0,1.0,0.0,0.0,2.0,0.0,0.0,,Hawke's Bay Region,Nil,2-way,Sealed,0.0,0.0,0.0,100.0,0.0,Null,0.0,0.0,,30.0,Hastings District,Nil,0.0,0.0,0.0,0.0,0.0,0.0,Open,0.0,0.0,0.0,Fine
714532,1929851.0,5605477.0,548200.0,0.0,0.0,2.0,Null,2003/2004,ST AUBYN ST WEST,NELSON ST NORTH,Non-Injury Crash,No,2004,East,0.0,,Flat,,,,,Bright sun,1491000.0,0.0,0.0,0.0,2.0,0.0,,,Hawke's Bay Region,Nil,2-way,Sealed,0.0,0.0,,50.0,,Null,0.0,0.0,,30.0,Hastings District,Traffic Signals,,,,,0.0,0.0,Urban,0.0,,,Fine
37718,1934544.0,5633035.0,545812.0,0.0,0.0,1.0,South,2006/2007,SH 2,NORTH SHORE ROAD,Non-Injury Crash,Yes,2007,North,0.0,0.0,Flat,0.0,,0.0,0.0,Dark,1414905.0,0.0,0.0,0.0,2.0,0.0,0.0,,Hawke's Bay Region,Nil,2-way,Sealed,0.0,0.0,0.0,100.0,0.0,None,0.0,0.0,,30.0,Hastings District,Nil,0.0,0.0,0.0,0.0,0.0,0.0,Open,0.0,0.0,0.0,Light rain
598688,1934852.0,5609036.0,545722.0,0.0,0.0,2.0,South,2009/2010,SH 2,RAILWAY ROAD,Non-Injury Crash,Yes,2009,North,0.0,,Flat,,,,,Bright sun,1406300.0,0.0,0.0,0.0,2.0,0.0,,,Hawke's Bay Region,Nil,2-way,Sealed,0.0,0.0,,100.0,,Null,0.0,0.0,,30.0,Hastings District,Nil,,,,,0.0,0.0,Open,0.0,,,Fine
485098,1930358.0,5606606.0,547600.0,0.0,0.0,1.0,Null,2006/2007,FREDERICK ST,WAIPUNA ST,Non-Injury Crash,No,2007,West,0.0,0.0,Flat,0.0,,0.0,0.0,Overcast,1483200.0,0.0,0.0,0.0,2.0,0.0,0.0,,Hawke's Bay Region,Nil,2-way,Sealed,0.0,0.0,0.0,50.0,0.0,Null,0.0,0.0,,30.0,Hastings District,Give way,0.0,1.0,0.0,0.0,0.0,0.0,Urban,1.0,0.0,0.0,Light rain
687791,1925702.0,5600346.0,545852.0,0.0,0.0,2.0,North,2005/2006,RAILWAY ROAD SOUTH,PAKIPAKI ON NBD,Non-Injury Crash,No,2005,North,0.0,,Flat,,,,,Dark,1469600.0,0.0,0.0,0.0,2.0,0.0,,,Hawke's Bay Region,Nil,2-way,Sealed,0.0,0.0,,100.0,,None,0.0,0.0,,30.0,Hastings District,Nil,,,,,0.0,0.0,Open,0.0,,,Fine
412627,1930296.0,5604273.0,548300.0,0.0,0.0,2.0,Null,2001/2002,HERETAUNGA ST EAST,PRINCES ST,Non-Injury Crash,No,2001,West,0.0,,Flat,,,,,Bright sun,1501600.0,0.0,0.0,0.0,2.0,0.0,,,Hawke's Bay Region,Nil,2-way,Sealed,0.0,0.0,,50.0,,Null,0.0,0.0,,30.0,Hastings District,Nil,,,,,0.0,0.0,Urban,0.0,,,Fine
609612,1929686.0,5603437.0,548300.0,1.0,0.0,1.0,South,2008/2009,COPELAND ROAD,RIVERSLEA ROAD SOUTH,Minor Crash,No,2008,West,0.0,,Flat,,,,,Bright sun,1504000.0,1.0,0.0,0.0,2.0,0.0,,,Hawke's Bay Region,Nil,2-way,Sealed,0.0,0.0,,50.0,,Null,0.0,0.0,,30.0,Hastings District,Nil,,,,,0.0,0.0,Urban,0.0,,,Fine
621944,1926470.0,5601601.0,545852.0,0.0,0.0,2.0,South,2006/2007,RAILWAY ROAD SOUTH,LONGLANDS ROAD EAST,Fatal Crash,No,2007,South,1.0,,Flat,,,,,Dark,1468700.0,0.0,0.0,0.0,2.0,0.0,,1.0,Hawke's Bay Region,Nil,2-way,Sealed,0.0,0.0,,100.0,,None,0.0,0.0,,30.0,Hastings District,Nil,,,,,0.0,0.0,Open,0.0,,,Fine
198386,1911578.0,5663297.0,545911.0,0.0,0.0,1.0,South,2016/2017,SH 5,TE HAROTO PO,Non-Injury Crash,Yes,2017,North,0.0,0.0,Flat,0.0,,0.0,0.0,Overcast,1414300.0,0.0,0.0,0.0,2.0,0.0,0.0,,Hawke's Bay Region,Nil,2-way,Sealed,0.0,0.0,0.0,100.0,0.0,None,0.0,0.0,,30.0,Hastings District,Unknown,0.0,0.0,0.0,0.0,0.0,0.0,Open,0.0,0.0,0.0,Fine
707150,1924441.0,5607944.0,548611.0,0.0,1.0,0.0,West,2003/2004,FLAXMERE AVENUE,DIAZ DRIVE,Minor Crash,No,2004,East,0.0,,Flat,,,,,Overcast,1470316.0,1.0,0.0,0.0,2.0,0.0,,1.0,Hawke's Bay Region,Nil,2-way,Sealed,1.0,0.0,,50.0,,Null,0.0,0.0,,30.0,Hastings District,Nil,,,,,0.0,0.0,Urban,0.0,,,Fine
602831,1924459.0,5607937.0,548612.0,0.0,0.0,1.0,Null,2002/2003,FLAXMERE AVENUE,DIAZ DRIVE,Non-Injury Crash,No,2003,North,0.0,0.0,Flat,0.0,,0.0,0.0,Bright sun,1474106.0,0.0,0.0,0.0,2.0,0.0,0.0,,Hawke's Bay Region,Nil,2-way,Sealed,0.0,0.0,0.0,50.0,0.0,Null,0.0,0.0,,30.0,Hastings District,Give way,1.0,0.0,0.0,0.0,0.0,0.0,Urban,1.0,0.0,0.0,Fine
184333,1934180.0,5607200.0,545722.0,0.0,0.0,2.0,Null,2004/2005,SH 2,NAPIER ROAD,Minor Crash,Yes,2004,South,0.0,,Flat,,,,,Overcast,1406200.0,1.0,0.0,0.0,2.0,0.0,,,Hawke's Bay Region,Nil,2-way,Sealed,0.0,0.0,,100.0,,Null,0.0,0.0,,30.0,Hastings District,Give way,,,,,0.0,0.0,Open,0.0,,,Fine