OBJECTID,X,Y,areaUnitID,bicycle,bus,carStationWagon,crashDirectionDescription,crashFinancialYear,crashLocation1,crashLocation2,crashSeverity,crashSHDescription,crashYear,directionRoleDescription,fatalCount,fence,flatHill,guardRail,holiday,houseOrBuilding,kerb,light,meshblockId,minorInjuryCount,moped,motorcycle,NumberOfLanes,otherVehicleType,parkedVehicle,pedestrian,region,roadCharacter,roadLane,roadSurface,schoolBus,seriousInjuryCount,slipOrFlood,speedLimit,strayAnimal,streetLight,suv,taxi,temporarySpeedLimit,tlaId,tlaName,trafficControl,trafficIsland,trafficSign,train,tree,truck,unknownVehicleType,urban,vanOrUtility,vehicle,waterRiver,weatherA
286908,1940938.0,5589838.0,545860.0,0.0,0.0,0.0,South,2010/2011,WAIMARAMA ROAD,WAIPUKA ROAD,Non-Injury Crash,No,2011,South,0.0,0.0,Hill Road,0.0,,0.0,0.0,Overcast,1467600.0,0.0,0.0,0.0,2.0,0.0,0.0,,Hawke's Bay Region,Nil,2-way,Sealed,0.0,0.0,0.0,100.0,0.0,Null,1.0,0.0,,30.0,Hastings District,Nil,0.0,0.0,0.0,0.0,0.0,0.0,Open,0.0,0.0,0.0,Light rain
460236,1917837.0,5592638.0,545851.0,0.0,0.0,0.0,West,2006/2007,SH 2,POUKAWA ROAD,Non-Injury Crash,Yes,2007,North,0.0,0.0,Flat,0.0,Easter,0.0,0.0,Bright sun,1464200.0,0.0,0.0,0.0,1.0,0.0,0.0,,Hawke's Bay Region,Nil,2-way,Sealed,0.0,0.0,0.0,100.0,0.0,Null,2.0,0.0,,30.0,Hastings District,Nil,0.0,0.0,0.0,0.0,0.0,0.0,Open,0.0,0.0,0.0,Fine
250143,1927808.4521,5607219.8585,548500.0,0.0,0.0,1.0,North,2019/2020,OMAHU ROAD,STONYCROFT STREET,Non-Injury Crash,No,2020,North,,,Flat,,,,,Dark,1477900.0,,0.0,0.0,2.0,1.0,,,Hawke's Bay Region,Nil,2-way,Sealed,0.0,,,50.0,,On,0.0,0.0,,30.0,Hastings District,Nil,,,,,1.0,0.0,Urban,0.0,,,Fine
478624,1929851.0,5605477.0,548200.0,0.0,0.0,3.0,Null,2000/2001,ST AUBYN ST WEST,NELSON ST NORTH,Non-Injury Crash,No,2001,North,0.0,,Flat,,,,,Dark,1491000.0,0.0,0.0,0.0,3.0,0.0,,,Hawke's Bay Region,Nil,2-way,Sealed,0.0,0.0,,50.0,,On,0.0,0.0,,30.0,Hastings District,Traffic Signals,,,,,0.0,0.0,Urban,0.0,,,Light rain
219664,1929329.0,5605564.0,547700.0,0.0,0.0,1.0,West,2000/2001,HERETAUNGA ST WEST,TOMOANA ROAD,Non-Injury Crash,No,2000,East,0.0,,Flat,,,,,Bright sun,1487900.0,0.0,0.0,0.0,2.0,0.0,,,Hawke's Bay Region,Nil,2-way,Sealed,0.0,0.0,,50.0,,Null,0.0,0.0,,30.0,Hastings District,Nil,,,,,0.0,0.0,Urban,1.0,,,Fine
436319,1924618.0,5597630.0,545851.0,0.0,0.0,1.0,South,2004/2005,SH 2,STOCK ROAD,Non-Injury Crash,Yes,2004,North,0.0,1.0,Flat,0.0,,0.0,0.0,Dark,1463900.0,0.0,0.0,0.0,2.0,0.0,0.0,,Hawke's Bay Region,Nil,2-way,Sealed,0.0,0.0,0.0,100.0,0.0,None,0.0,0.0,,30.0,Hastings District,Nil,0.0,0.0,0.0,0.0,0.0,0.0,Open,0.0,0.0,0.0,Light rain
336100,1936942.0,5609095.0,545722.0,0.0,0.0,2.0,Null,2005/2006,LAWN ROAD,MILL ROAD,Serious Crash,No,2006,North,0.0,,Flat,,,,,Bright sun,1406300.0,0.0,0.0,0.0,2.0,0.0,,,Hawke's Bay Region,Nil,2-way,Sealed,0.0,1.0,,100.0,,Null,0.0,0.0,,30.0,Hastings District,Give way,,,,,0.0,0.0,Open,0.0,,,Fine
716016,1930059.4213,5604592.0157,548200.0,0.0,0.0,1.0,Null,2019/2020,HERETAUNGA STREET EAST,HASTINGS STREET NORTH,Non-Injury Crash,No,2019,Null,0.0,,Flat,,,,,Bright sun,1493800.0,0.0,0.0,0.0,2.0,0.0,,,Hawke's Bay Region,Nil,2-way,Sealed,0.0,0.0,,50.0,,Off,1.0,0.0,,30.0,Hastings District,Give way,,,,,0.0,0.0,Urban,0.0,,,Fine
635756,1930334.0,5607450.0,545710.0,1.0,0.0,0.0,North,2009/2010,PAKOWHAI ROAD,WILLIAMS ST,Minor Crash,No,2010,East,0.0,0.0,Flat,0.0,,0.0,0.0,Bright sun,1471300.0,1.0,0.0,0.0,2.0,0.0,1.0,,Hawke's Bay Region,Nil,2-way,Sealed,0.0,0.0,0.0,70.0,0.0,Null,0.0,0.0,,30.0,Hastings District,Nil,0.0,0.0,0.0,0.0,0.0,0.0,Urban,1.0,0.0,0.0,Fine
49397,1913385.0,5657568.0,545911.0,0.0,0.0,1.0,South,2001/2002,SH 5,MCVICAR ROAD,Non-Injury Crash,Yes,2002,South,0.0,0.0,Hill Road,0.0,,0.0,0.0,Overcast,1414400.0,0.0,0.0,0.0,2.0,0.0,0.0,,Hawke's Bay Region,Nil,2-way,Sealed,0.0,0.0,0.0,100.0,0.0,Null,0.0,0.0,,30.0,Hastings District,Nil,0.0,0.0,0.0,0.0,0.0,0.0,Open,0.0,0.0,0.0,Light rain
266422,1934840.8855,5602608.1152,545750.0,1.0,0.0,2.0,North,2019/2020,ARATAKI ROAD,TE HEIPORA PLACE,Minor Crash,No,2020,North,0.0,0.0,Flat,0.0,,0.0,0.0,Bright sun,1466501.0,1.0,0.0,0.0,2.0,0.0,1.0,,Hawke's Bay Region,Nil,2-way,Sealed,0.0,0.0,0.0,50.0,0.0,Off,0.0,0.0,,30.0,Hastings District,Nil,0.0,0.0,0.0,0.0,0.0,0.0,Urban,0.0,0.0,0.0,Fine
218339,1929548.0,5604672.0,548200.0,0.0,0.0,2.0,Null,2003/2004,SOUTHAMPTON ST WEST,RAILWAY ROAD,Non-Injury Crash,No,2004,South,0.0,,Flat,,,,,Twilight,1489700.0,0.0,0.0,0.0,2.0,0.0,,,Hawke's Bay Region,Nil,2-way,Sealed,0.0,0.0,,50.0,,On,0.0,0.0,,30.0,Hastings District,Traffic Signals,,,,,0.0,0.0,Urban,1.0,,,Light rain
439455,1931149.0,5604552.0,548100.0,0.0,0.0,2.0,North,2008/2009,SYLVAN ROAD,ALEXANDRA ST,Minor Crash,No,2008,South,0.0,,Flat,,,,,Overcast,1499900.0,2.0,0.0,0.0,2.0,0.0,,,Hawke's Bay Region,Nil,2-way,Sealed,0.0,0.0,,50.0,,Null,0.0,0.0,,30.0,Hastings District,Nil,,,,,0.0,0.0,Urban,0.0,,,Light rain
309599,1906293.0,5601474.0,545841.0,0.0,0.0,1.0,South,2007/2008,SH 50,BEN LOMOND BR,Non-Injury Crash,Yes,2008,South,0.0,1.0,Hill Road,0.0,Easter,0.0,0.0,Dark,1462500.0,0.0,0.0,0.0,2.0,0.0,0.0,,Hawke's Bay Region,Nil,2-way,Sealed,0.0,0.0,0.0,100.0,0.0,None,0.0,0.0,,30.0,Hastings District,Nil,0.0,0.0,0.0,0.0,0.0,0.0,Open,0.0,0.0,0.0,Fine
412697,1936824.0,5594957.0,545860.0,0.0,0.0,1.0,West,2017/2018,WAIMARAMA ROAD,LOPEZ LANE,Minor Crash,No,2018,West,0.0,0.0,Hill Road,0.0,,0.0,0.0,Overcast,1467200.0,2.0,0.0,0.0,2.0,0.0,0.0,,Hawke's Bay Region,Nil,2-way,Sealed,0.0,0.0,0.0,100.0,0.0,Null,0.0,0.0,,30.0,Hastings District,Unknown,0.0,0.0,0.0,1.0,0.0,0.0,Open,0.0,0.0,0.0,Light rain
655603,1929224.0,5605701.0,547700.0,0.0,0.0,2.0,Null,2007/2008,HERETAUNGA ST WEST,MCLEAN ST,Non-Injury Crash,No,2008,East,0.0,,Flat,,,,,Bright sun,1487900.0,0.0,0.0,0.0,2.0,0.0,,,Hawke's Bay Region,Nil,2-way,Sealed,0.0,0.0,,50.0,,Null,0.0,0.0,,30.0,Hastings District,Nil,,,,,0.0,0.0,Urban,0.0,,,Fine
414753,1912272.0,5658615.0,545911.0,0.0,0.0,1.0,North,2017/2018,SH 5,RUKUMOANA ROAD,Minor Crash,Yes,2018,South,0.0,0.0,Flat,0.0,,0.0,0.0,Bright sun,1414300.0,1.0,0.0,0.0,2.0,0.0,0.0,,Hawke's Bay Region,Nil,2-way,Sealed,0.0,0.0,0.0,100.0,0.0,Null,0.0,0.0,,30.0,Hastings District,Unknown,0.0,0.0,0.0,0.0,0.0,0.0,Open,0.0,0.0,0.0,Fine
298156,1932948.0,5609758.0,545832.0,0.0,0.0,1.0,East,2011/2012,FARNDON ROAD,CHESTERHOPE BRIDGE,Non-Injury Crash,No,2011,West,0.0,1.0,Flat,0.0,,0.0,0.0,Overcast,1404200.0,0.0,0.0,0.0,2.0,0.0,0.0,,Hawke's Bay Region,Nil,2-way,Sealed,0.0,0.0,0.0,100.0,0.0,Null,0.0,0.0,,30.0,Hastings District,Nil,0.0,0.0,0.0,0.0,0.0,0.0,Open,0.0,0.0,0.0,Fine
737343,1930166.0,5603314.0,548300.0,0.0,0.0,1.0,Null,2000/2001,LUMSDEN ROAD,WAVELL ST,Non-Injury Crash,No,2001,North,0.0,1.0,Flat,0.0,,0.0,0.0,Bright sun,1504500.0,0.0,0.0,0.0,2.0,0.0,0.0,,Hawke's Bay Region,Nil,2-way,Sealed,0.0,0.0,0.0,50.0,0.0,Null,0.0,0.0,,30.0,Hastings District,Nil,0.0,0.0,0.0,0.0,0.0,0.0,Urban,0.0,0.0,0.0,Fine
640849,1929190.0,5603175.0,545762.0,0.0,0.0,1.0,South,2014/2015,RIVERSLEA ROAD SOUTH,MURDOCH ROAD EAST,Non-Injury Crash,No,2014,South,0.0,0.0,Flat,0.0,,0.0,0.0,Overcast,1468000.0,0.0,0.0,0.0,2.0,0.0,0.0,,Hawke's Bay Region,Nil,2-way,Sealed,0.0,0.0,0.0,50.0,0.0,Null,0.0,0.0,,30.0,Hastings District,Unknown,0.0,0.0,0.0,0.0,0.0,0.0,Urban,0.0,0.0,0.0,Heavy rain
594931,1928423.0,5605983.0,548500.0,0.0,0.0,2.0,South,2007/2008,MARAEKAKAHO ROAD,ORCHARD ROAD,Non-Injury Crash,No,2008,South,0.0,,Flat,,Easter,,,Bright sun,1479600.0,0.0,0.0,0.0,2.0,0.0,,,Hawke's Bay Region,Nil,2-way,Sealed,0.0,0.0,,50.0,,Null,0.0,0.0,,30.0,Hastings District,Nil,,,,,0.0,0.0,Urban,0.0,,,Fine
465209,1908651.0,5674669.0,545911.0,0.0,0.0,1.0,North,2016/2017,SH 5,TARAWERA TAV,Non-Injury Crash,Yes,2017,East,0.0,,Hill Road,,,,,Bright sun,1281200.0,0.0,0.0,0.0,2.0,0.0,,,Hawke's Bay Region,Nil,2-way,Sealed,0.0,0.0,,100.0,,None,2.0,0.0,,30.0,Hastings District,Unknown,,,,,0.0,0.0,Open,0.0,,,Fine
586862,1930821.0,5605431.0,548000.0,0.0,0.0,2.0,East,2016/2017,KARAMU ROAD NORTH,CHARLOTTE CRESCENT,Non-Injury Crash,No,2016,South,0.0,,Flat,,,,,Bright sun,1495800.0,0.0,0.0,0.0,2.0,0.0,,,Hawke's Bay Region,Nil,2-way,Sealed,0.0,0.0,,50.0,,Null,0.0,0.0,,30.0,Hastings District,Unknown,,,,,1.0,0.0,Urban,0.0,,,Fine
85361,1917824.0,5649491.0,545912.0,0.0,0.0,1.0,North,2008/2009,SH 5,TE POHUE LOOP ROAD N,Minor Crash,Yes,2009,South,0.0,,Hill Road,,,,,Dark,1414504.0,2.0,0.0,0.0,2.0,0.0,,,Hawke's Bay Region,Nil,2-way,Sealed,0.0,0.0,,100.0,,None,0.0,0.0,,30.0,Hastings District,Nil,,,,,0.0,0.0,Open,0.0,,,Fine
657947,1917755.0,5606422.0,545841.0,0.0,0.0,1.0,South,2008/2009,SH 50,NGATARAWA ROAD,Non-Injury Crash,Yes,2009,North,0.0,0.0,Flat,0.0,,0.0,0.0,Dark,1462901.0,0.0,0.0,0.0,2.0,0.0,0.0,,Hawke's Bay Region,Nil,2-way,Sealed,0.0,0.0,0.0,100.0,0.0,None,0.0,0.0,,30.0,Hastings District,Nil,0.0,0.0,0.0,0.0,0.0,0.0,Open,0.0,0.0,0.0,Fine
248600,1928312.0,5606252.0,548500.0,0.0,0.0,1.0,North,2012/2013,ORCHARD ROAD,MCLEOD ST,Non-Injury Crash,No,2012,South,0.0,,Flat,,,,,Bright sun,1478700.0,0.0,0.0,0.0,2.0,0.0,,,Hawke's Bay Region,Nil,2-way,Sealed,0.0,0.0,,50.0,,Null,0.0,0.0,,30.0,Hastings District,Nil,,,,,0.0,0.0,Urban,1.0,,,Fine
486642,1929086.0,5606508.0,547800.0,0.0,0.0,2.0,Null,1999/2000,PAKOWHAI ROAD,FRIMLEY ROAD,Non-Injury Crash,No,2000,South,0.0,,Flat,,,,,Bright sun,1477600.0,0.0,0.0,0.0,4.0,0.0,,,Hawke's Bay Region,Nil,2-way,Sealed,0.0,0.0,,50.0,,Null,0.0,0.0,,30.0,Hastings District,Traffic Signals,,,,,0.0,0.0,Urban,0.0,,,Fine
86543,1929630.0,5604963.0,548200.0,0.0,0.0,1.0,West,2010/2011,EASTBOURNE ST WEST,MARKET ST SOUTH,Non-Injury Crash,No,2011,East,0.0,,Flat,,,,,Bright sun,1489600.0,0.0,0.0,0.0,2.0,0.0,,,Hawke's Bay Region,Nil,2-way,Sealed,0.0,0.0,,50.0,,Null,0.0,0.0,,30.0,Hastings District,Nil,,,,,0.0,0.0,Urban,1.0,,,Fine
414322,1928146.0,5604832.0,547900.0,0.0,0.0,1.0,Null,2015/2016,CAMPBELL ST,CAMPBELL PLACE,Non-Injury Crash,No,2015,East,0.0,0.0,Flat,0.0,,0.0,0.0,Dark,1481800.0,0.0,0.0,0.0,2.0,0.0,0.0,,Hawke's Bay Region,Nil,2-way,Sealed,0.0,0.0,0.0,50.0,0.0,On,0.0,0.0,,30.0,Hastings District,Nil,0.0,0.0,0.0,1.0,0.0,0.0,Urban,0.0,0.0,0.0,Fine
58382,1929657.0,5605330.0,548200.0,0.0,0.0,1.0,Null,2004/2005,NELSON ST NORTH,QUEEN ST WEST,Minor Crash,No,2004,North,0.0,,Flat,,,,,Bright sun,1490800.0,1.0,0.0,0.0,3.0,0.0,,,Hawke's Bay Region,Nil,2-way,Sealed,0.0,0.0,,50.0,,Null,0.0,0.0,,30.0,Hastings District,Give way,,,,,0.0,0.0,Urban,1.0,,,Fine
159158,1928982.0,5602949.0,545762.0,0.0,0.0,2.0,Null,2004/2005,RIVERSLEA ROAD SOUTH,TOLLEMACHE ROAD EAST,Non-Injury Crash,No,2004,North,0.0,,Flat,,,,,Bright sun,1468200.0,0.0,0.0,0.0,2.0,0.0,,,Hawke's Bay Region,Nil,2-way,Sealed,0.0,0.0,,100.0,,Null,0.0,0.0,,30.0,Hastings District,Give way,,,,,0.0,0.0,Open,0.0,,,Fine
195556,1928448.0,5604728.0,547900.0,0.0,0.0,2.0,North,2014/2015,OLIPHANT ROAD,SOUTHLAND ROAD,Non-Injury Crash,No,2014,North,0.0,,Flat,,,,,Bright sun,1481000.0,0.0,0.0,0.0,2.0,0.0,,,Hawke's Bay Region,Nil,2-way,Sealed,0.0,0.0,,50.0,,Null,0.0,0.0,,30.0,Hastings District,Unknown,,,,,0.0,0.0,Urban,0.0,,,Fine
103860,1929199.1107,5605134.3988,548200.0,0.0,0.0,2.0,South,2019/2020,SOUTHAMPTON STREET WEST,SOUTHLAND ROAD,Non-Injury Crash,No,2020,North,0.0,,Null,,,,,Unknown,1488600.0,0.0,0.0,0.0,2.0,0.0,,,Hawke's Bay Region,Nil,2-way,Sealed,0.0,0.0,,50.0,,Null,0.0,0.0,,30.0,Hastings District,Unknown,,,,,0.0,0.0,Urban,0.0,,,Null
218370,1933157.0,5608753.0,545722.0,0.0,0.0,1.0,Null,2011/2012,WHAKATU ROAD,RANGITANE ROAD,Non-Injury Crash,No,2011,North,0.0,1.0,Flat,0.0,,0.0,0.0,Bright sun,1405700.0,0.0,0.0,0.0,2.0,0.0,0.0,,Hawke's Bay Region,Nil,2-way,Sealed,0.0,0.0,0.0,50.0,0.0,Null,0.0,0.0,,30.0,Hastings District,Give way,0.0,0.0,0.0,0.0,0.0,0.0,Urban,0.0,0.0,0.0,Fine
321487,1929657.0,5605330.0,548200.0,0.0,1.0,1.0,Null,2005/2006,NELSON ST NORTH,QUEEN ST WEST,Minor Crash,No,2006,West,0.0,0.0,Flat,0.0,,0.0,0.0,Bright sun,1490800.0,4.0,0.0,0.0,2.0,0.0,1.0,,Hawke's Bay Region,Nil,2-way,Sealed,0.0,0.0,0.0,50.0,0.0,Null,0.0,0.0,,30.0,Hastings District,Give way,0.0,0.0,0.0,0.0,0.0,0.0,Urban,1.0,0.0,0.0,Fine
213449,1930081.0,5604565.0,548200.0,0.0,0.0,2.0,East,2001/2002,HERETAUNGA ST EAST,HASTINGS ST SOUTH,Non-Injury Crash,No,2001,North,0.0,,Flat,,Christmas New Year,,,Bright sun,1493900.0,0.0,0.0,0.0,2.0,0.0,,,Hawke's Bay Region,Nil,2-way,Sealed,0.0,0.0,,50.0,,Null,0.0,0.0,,30.0,Hastings District,Nil,,,,,0.0,0.0,Urban,0.0,,,Fine
224682,1934180.0,5607200.0,545722.0,1.0,0.0,0.0,Null,2004/2005,SH 2,NAPIER ROAD,Serious Crash,Yes,2004,South,0.0,,Flat,,,,,Bright sun,1406200.0,0.0,0.0,0.0,3.0,0.0,,,Hawke's Bay Region,Nil,2-way,Sealed,0.0,1.0,,50.0,,Null,0.0,0.0,,30.0,Hastings District,Give way,,,,,0.0,0.0,Urban,1.0,,,Fine
32934,1929657.0,5605330.0,548200.0,0.0,0.0,1.0,Null,2006/2007,NELSON ST NORTH,QUEEN ST WEST,Non-Injury Crash,No,2007,North,0.0,,Flat,,,,,Overcast,1490800.0,0.0,0.0,0.0,2.0,0.0,,,Hawke's Bay Region,Nil,2-way,Sealed,0.0,0.0,,50.0,,Null,1.0,0.0,,30.0,Hastings District,Give way,,,,,0.0,0.0,Urban,0.0,,,Fine
736011,1945622.0,5661209.0,545911.0,0.0,0.0,1.0,Null,2007/2008,SH 2,KINGS BR,Non-Injury Crash,Yes,2007,South,0.0,0.0,Hill Road,1.0,,0.0,0.0,Twilight,1416100.0,0.0,0.0,0.0,2.0,0.0,0.0,,Hawke's Bay Region,Nil,2-way,Sealed,0.0,0.0,0.0,100.0,0.0,None,0.0,0.0,,30.0,Hastings District,Nil,0.0,0.0,0.0,0.0,0.0,0.0,Open,0.0,0.0,1.0,Fine
363314,1931697.0,5604531.0,548000.0,0.0,0.0,1.0,South,2007/2008,GROVE ROAD,SUSSEX ST,Non-Injury Crash,No,2008,North,0.0,0.0,Flat,0.0,,0.0,0.0,Bright sun,1498800.0,0.0,0.0,0.0,2.0,0.0,1.0,,Hawke's Bay Region,Nil,2-way,Sealed,0.0,0.0,0.0,50.0,0.0,Null,0.0,0.0,,30.0,Hastings District,Nil,0.0,0.0,0.0,0.0,0.0,0.0,Urban,1.0,0.0,0.0,Fine
564057,1937763.0,5606547.0,545740.0,0.0,0.0,1.0,North,2011/2012,TUKITUKI ROAD,TENNANT ROAD,Non-Injury Crash,No,2011,North,0.0,0.0,Flat,0.0,,0.0,0.0,Overcast,1407700.0,0.0,0.0,0.0,2.0,0.0,0.0,,Hawke's Bay Region,Nil,2-way,Sealed,0.0,0.0,0.0,100.0,0.0,Null,0.0,0.0,,30.0,Hastings District,Nil,0.0,0.0,0.0,0.0,0.0,0.0,Open,0.0,0.0,0.0,Fine
539307,1933615.0,5601043.0,548832.0,0.0,0.0,1.0,East,2016/2017,GREENWOOD ROAD,DUART ROAD,Non-Injury Crash,No,2017,South,0.0,1.0,Flat,0.0,,0.0,0.0,Dark,1508101.0,0.0,0.0,0.0,2.0,0.0,0.0,,Hawke's Bay Region,Nil,2-way,Sealed,0.0,0.0,0.0,50.0,0.0,On,0.0,0.0,,30.0,Hastings District,Unknown,0.0,0.0,0.0,1.0,0.0,0.0,Urban,0.0,0.0,0.0,Fine
420771,1928871.0,5606168.0,547700.0,0.0,0.0,2.0,North,2010/2011,HERETAUNGA ST WEST,STORTFORD ST,Non-Injury Crash,No,2011,North,0.0,0.0,Hill Road,0.0,,0.0,0.0,Overcast,1486600.0,0.0,0.0,0.0,2.0,0.0,1.0,,Hawke's Bay Region,Nil,2-way,Sealed,0.0,0.0,0.0,50.0,0.0,Null,0.0,0.0,,30.0,Hastings District,Unknown,0.0,0.0,0.0,0.0,0.0,0.0,Urban,0.0,0.0,0.0,Fine
294302,1926479.0,5626890.0,545811.0,0.0,0.0,0.0,East,2011/2012,SEAFIELD ROAD,PUKETITIRI ROAD,Serious Crash,No,2011,East,0.0,,Hill Road,,,,,Bright sun,1414800.0,0.0,0.0,1.0,2.0,0.0,,,Hawke's Bay Region,Nil,2-way,Sealed,0.0,1.0,,100.0,,Null,1.0,0.0,,30.0,Hastings District,Nil,,,,,0.0,0.0,Open,0.0,,,Fine
200692,1936444.0,5653953.0,545911.0,0.0,0.0,0.0,South,2016/2017,SH 2,SANDY CREEK ROAD,Minor Crash,Yes,2017,South,0.0,,Flat,,,,,Bright sun,1415200.0,2.0,0.0,0.0,2.0,0.0,,,Hawke's Bay Region,Nil,2-way,Sealed,0.0,0.0,,100.0,,Null,0.0,0.0,,30.0,Hastings District,Unknown,,,,,1.0,0.0,Open,0.0,,,Fine
701943,1921840.0,5595604.0,545851.0,0.0,0.0,1.0,North,2015/2016,SH 2,TE MAHANGA ROAD,Fatal Crash,Yes,2016,South,1.0,,Flat,,,,,Bright sun,1463900.0,0.0,0.0,0.0,2.0,0.0,,,Hawke's Bay Region,Nil,2-way,Sealed,0.0,0.0,,100.0,,Null,0.0,0.0,,30.0,Hastings District,Nil,,,,,1.0,0.0,Open,1.0,,,Fine
374764,1929050.0,5603023.0,545762.0,0.0,0.0,1.0,North,2001/2002,RIVERSLEA ROAD SOUTH,TOLLEMACHE ROAD EAST,Non-Injury Crash,No,2002,North,0.0,0.0,Flat,0.0,,0.0,0.0,Overcast,1469500.0,0.0,0.0,0.0,2.0,0.0,1.0,,Hawke's Bay Region,Nil,2-way,Sealed,0.0,0.0,0.0,50.0,0.0,Null,0.0,0.0,,30.0,Hastings District,Nil,0.0,0.0,0.0,0.0,0.0,0.0,Urban,1.0,0.0,0.0,Fine
143005,1930408.0,5605177.0,548200.0,0.0,0.0,1.0,North,1999/2000,KARAMU ROAD NORTH,VICTORIA ST,Non-Injury Crash,No,2000,South,0.0,0.0,Flat,0.0,,0.0,0.0,Dark,1494500.0,0.0,0.0,0.0,2.0,0.0,1.0,,Hawke's Bay Region,Nil,2-way,Sealed,0.0,0.0,0.0,50.0,0.0,On,0.0,0.0,,30.0,Hastings District,Nil,0.0,0.0,0.0,0.0,0.0,0.0,Urban,1.0,0.0,0.0,Fine
709567,1924078.0,5607835.0,548611.0,0.0,0.0,1.0,Null,2008/2009,PEARY CRESCENT,KINGSLEY DRIVE,Minor Crash,No,2009,South,0.0,1.0,Flat,0.0,,0.0,0.0,Dark,1470313.0,1.0,0.0,0.0,2.0,0.0,0.0,,Hawke's Bay Region,Nil,2-way,Sealed,0.0,0.0,0.0,50.0,0.0,On,0.0,0.0,,30.0,Hastings District,Nil,0.0,0.0,0.0,0.0,0.0,0.0,Urban,0.0,0.0,0.0,Fine
280468,1929530.0,5606843.0,545710.0,0.0,0.0,1.0,East,2017/2018,PAKOWHAI ROAD,LYNDHURST ROAD,Non-Injury Crash,No,2017,West,0.0,1.0,Flat,0.0,,0.0,0.0,Dark,1471300.0,0.0,0.0,0.0,2.0,0.0,0.0,,Hawke's Bay Region,Nil,2-way,Sealed,0.0,0.0,0.0,50.0,0.0,On,0.0,0.0,,30.0,Hastings District,Unknown,0.0,0.0,0.0,0.0,0.0,0.0,Urban,0.0,0.0,0.0,Fine
661026,1929453.0,5604796.0,548200.0,0.0,0.0,2.0,Null,2004/2005,SOUTHAMPTON ST WEST,MARKET ST SOUTH,Non-Injury Crash,No,2004,South,0.0,0.0,Flat,0.0,,0.0,0.0,Bright sun,1489802.0,0.0,0.0,0.0,2.0,0.0,0.0,,Hawke's Bay Region,Nil,2-way,Sealed,0.0,0.0,0.0,50.0,0.0,Null,0.0,0.0,,30.0,Hastings District,Give way,0.0,0.0,0.0,1.0,0.0,0.0,Urban,0.0,0.0,0.0,Fine
630903,1926285.0,5606268.0,545761.0,0.0,0.0,2.0,Null,2001/2002,YORK ROAD,SH 50A,Non-Injury Crash,No,2002,North,0.0,,Flat,,,,,Dark,1469905.0,0.0,0.0,0.0,2.0,0.0,,,Hawke's Bay Region,Nil,2-way,Sealed,0.0,0.0,,70.0,,On,0.0,0.0,,30.0,Hastings District,Give way,,,,,0.0,0.0,Urban,0.0,,,Fine
18250,1928084.0,5605724.0,547900.0,0.0,0.0,2.0,North,2014/2015,MARAEKAKAHO ROAD,KAIAPO ROAD,Non-Injury Crash,No,2014,North,0.0,0.0,Flat,0.0,,0.0,0.0,Dark,1479900.0,0.0,0.0,0.0,2.0,0.0,1.0,,Hawke's Bay Region,Nil,2-way,Sealed,0.0,0.0,0.0,50.0,0.0,On,0.0,0.0,,30.0,Hastings District,Nil,0.0,0.0,0.0,0.0,0.0,0.0,Urban,0.0,0.0,0.0,Fine
547964,1927200.0,5600468.0,545852.0,0.0,0.0,1.0,Null,2010/2011,TE AUTE ROAD,CRYSTAL ROAD,Non-Injury Crash,No,2010,North,0.0,0.0,Flat,0.0,,0.0,0.0,Dark,1468700.0,0.0,0.0,0.0,2.0,0.0,0.0,,Hawke's Bay Region,Nil,2-way,Sealed,0.0,0.0,0.0,100.0,0.0,Off,0.0,0.0,,30.0,Hastings District,Give way,0.0,0.0,0.0,0.0,0.0,0.0,Open,0.0,0.0,0.0,Light rain
443060,1933829.0,5604182.0,545750.0,0.0,0.0,1.0,North,2004/2005,NAPIER ROAD,THOMPSON ROAD,Non-Injury Crash,No,2005,East,0.0,1.0,Flat,0.0,,0.0,0.0,Dark,1406600.0,0.0,0.0,0.0,2.0,0.0,0.0,,Hawke's Bay Region,Nil,2-way,Sealed,0.0,0.0,0.0,100.0,0.0,None,0.0,0.0,,30.0,Hastings District,Nil,0.0,0.0,0.0,1.0,0.0,0.0,Open,0.0,0.0,0.0,Heavy rain
629832,1928818.0,5600976.0,545852.0,0.0,0.0,2.0,Null,2007/2008,LONGLANDS ROAD EAST,TE AUTE ROAD,Non-Injury Crash,No,2008,East,0.0,,Flat,,,,,Overcast,1465700.0,0.0,0.0,0.0,2.0,0.0,,,Hawke's Bay Region,Nil,2-way,Sealed,0.0,0.0,,100.0,,Null,0.0,0.0,,30.0,Hastings District,Give way,,,,,0.0,0.0,Open,0.0,,,Fine
443431,1929464.0,5605185.0,548200.0,0.0,0.0,1.0,Null,2015/2016,NELSON ST SOUTH,EASTBOURNE ST WEST,Non-Injury Crash,No,2016,East,0.0,,Flat,,Easter,,,Bright sun,1488900.0,0.0,0.0,0.0,2.0,0.0,,,Hawke's Bay Region,Nil,2-way,Sealed,0.0,0.0,,50.0,,Null,0.0,0.0,,30.0,Hastings District,Stop,,,,,0.0,0.0,Urban,1.0,,,Fine