OBJECTID,X,Y,areaUnitID,bicycle,bus,carStationWagon,crashDirectionDescription,crashFinancialYear,crashLocation1,crashLocation2,crashSeverity,crashSHDescription,crashYear,directionRoleDescription,fatalCount,fence,flatHill,guardRail,holiday,houseOrBuilding,kerb,light,meshblockId,minorInjuryCount,moped,motorcycle,NumberOfLanes,otherVehicleType,parkedVehicle,pedestrian,region,roadCharacter,roadLane,roadSurface,schoolBus,seriousInjuryCount,slipOrFlood,speedLimit,strayAnimal,streetLight,suv,taxi,temporarySpeedLimit,tlaId,tlaName,trafficControl,trafficIsland,trafficSign,train,tree,truck,unknownVehicleType,urban,vanOrUtility,vehicle,waterRiver,weatherA
434608,1908962.0,5604915.0,545841.0,0.0,0.0,1.0,South,2007/2008,SH 50,KERERU ROAD,Non-Injury Crash,Yes,2008,South,0.0,0.0,Flat,0.0,,0.0,0.0,Bright sun,1462700.0,0.0,0.0,0.0,2.0,0.0,0.0,,Hawke's Bay Region,Nil,2-way,Sealed,0.0,0.0,0.0,100.0,0.0,Null,0.0,0.0,,30.0,Hastings District,Nil,0.0,0.0,0.0,0.0,0.0,0.0,Open,0.0,0.0,0.0,Fine
277356,1929537.0,5605689.0,547700.0,0.0,0.0,0.0,Null,2006/2007,AVENUE ROAD WEST,AVENUE ROAD,Non-Injury Crash,No,2007,West,0.0,0.0,Flat,0.0,,0.0,0.0,Bright sun,1488200.0,0.0,0.0,0.0,2.0,0.0,1.0,,Hawke's Bay Region,Nil,2-way,Sealed,0.0,0.0,0.0,50.0,0.0,Null,0.0,0.0,,30.0,Hastings District,Traffic Signals,0.0,0.0,0.0,0.0,0.0,0.0,Urban,2.0,0.0,0.0,Fine
423472,1918084.0,5648843.0,545811.0,0.0,0.0,1.0,South,2013/2014,SH 5,TE POHUE LOOP ROAD S,Minor Crash,Yes,2014,South,0.0,0.0,Flat,0.0,,0.0,0.0,Dark,1414600.0,1.0,0.0,0.0,2.0,0.0,0.0,,Hawke's Bay Region,Nil,2-way,Sealed,0.0,0.0,0.0,100.0,0.0,None,0.0,0.0,,30.0,Hastings District,Unknown,0.0,0.0,0.0,1.0,0.0,0.0,Open,0.0,0.0,0.0,Fine
469635,1936348.0,5611361.0,545730.0,0.0,0.0,1.0,Null,2010/2011,SH 2,CLIVE BR,Minor Crash,Yes,2011,North,0.0,,Flat,,,,,Bright sun,1404800.0,1.0,0.0,0.0,2.0,0.0,,,Hawke's Bay Region,Bridge,2-way,Sealed,0.0,0.0,,50.0,,Null,0.0,0.0,,30.0,Hastings District,Nil,,,,,1.0,0.0,Urban,0.0,,,Fine
538381,1928414.0,5603478.0,545761.0,0.0,0.0,1.0,West,2005/2006,TOLLEMACHE ROAD WEST,SH 2,Serious Crash,No,2006,East,0.0,0.0,Flat,0.0,,0.0,0.0,Bright sun,1469100.0,0.0,0.0,0.0,2.0,0.0,0.0,,Hawke's Bay Region,Nil,2-way,Sealed,0.0,1.0,0.0,100.0,0.0,Null,0.0,0.0,,30.0,Hastings District,Nil,0.0,1.0,0.0,0.0,0.0,0.0,Open,0.0,0.0,0.0,Fine
108789,1929275.0,5605233.0,548200.0,0.0,0.0,2.0,Null,2015/2016,SOUTHLAND ROAD,LYNDON ROAD WEST,Non-Injury Crash,No,2016,East,0.0,1.0,Flat,0.0,,0.0,0.0,Bright sun,1488700.0,0.0,0.0,0.0,2.0,0.0,0.0,,Hawke's Bay Region,Nil,2-way,Sealed,0.0,0.0,0.0,50.0,0.0,Null,0.0,0.0,,30.0,Hastings District,Give way,0.0,0.0,0.0,0.0,0.0,0.0,Urban,0.0,0.0,0.0,Fine
114966,1922968.0,5627871.0,545821.0,0.0,0.0,0.0,North,2003/2004,GLENGARRY ROAD,PUKETITIRI ROAD,Minor Crash,No,2003,North,0.0,,Hill Road,,,,,Bright sun,1411100.0,2.0,0.0,1.0,2.0,0.0,,,Hawke's Bay Region,Nil,2-way,Sealed,0.0,0.0,,100.0,,Null,0.0,0.0,,30.0,Hastings District,Nil,,,,,0.0,0.0,Open,0.0,,,Fine
210742,1925366.207,5607157.802,548620.0,0.0,0.0,3.0,South,2019/2020,HENDERSON ROAD,FLAXMERE AVENUE,Non-Injury Crash,No,2019,North,0.0,,Flat,,,,,Bright sun,1474201.0,0.0,0.0,0.0,2.0,0.0,,,Hawke's Bay Region,Nil,2-way,Sealed,0.0,0.0,,50.0,,Off,0.0,0.0,,30.0,Hastings District,Nil,,,,,0.0,0.0,Urban,0.0,,,Fine
632327,1929549.0,5604870.0,548200.0,0.0,0.0,1.0,Null,2018/2019,LYNDON ROAD WEST,MARKET ST SOUTH,Minor Crash,No,2018,South,0.0,,Flat,,,,,Overcast,1489802.0,1.0,0.0,0.0,2.0,0.0,,,Hawke's Bay Region,Nil,2-way,Sealed,0.0,0.0,,50.0,,Null,1.0,0.0,,30.0,Hastings District,Give way,,,,,0.0,0.0,Urban,0.0,,,Fine
700080,1930077.5356,5605173.3123,548200.0,0.0,0.0,1.0,North,2018/2019,ST AUYBUN STREET,SIR JAMES WATTIE PLACE,Minor Crash,No,2019,South,0.0,,Flat,,,,,Bright sun,1492300.0,1.0,0.0,1.0,4.0,0.0,,,Hawke's Bay Region,Rail xing,2-way,Sealed,0.0,0.0,,50.0,,Off,0.0,0.0,,30.0,Hastings District,Traffic Signals,,,,,0.0,0.0,Urban,0.0,,,Fine
555992,1931331.0,5614643.0,545831.0,0.0,0.0,2.0,South,2009/2010,SH 50,MEEANEE OFF NBD,Non-Injury Crash,Yes,2010,North,0.0,,Flat,,,,,Bright sun,1404600.0,0.0,0.0,0.0,2.0,0.0,,,Hawke's Bay Region,Nil,2-way,Sealed,0.0,0.0,,100.0,,Null,0.0,0.0,,30.0,Hastings District,Nil,,,,,0.0,0.0,Open,0.0,,,Fine
719514,1928181.0,5605083.0,547900.0,1.0,0.0,1.0,South,2004/2005,OLIPHANT ROAD,FLORENCE ST,Minor Crash,No,2005,North,0.0,0.0,Flat,0.0,,0.0,0.0,Bright sun,1481601.0,1.0,0.0,0.0,2.0,0.0,1.0,,Hawke's Bay Region,Nil,2-way,Sealed,0.0,0.0,0.0,50.0,0.0,Null,0.0,0.0,,30.0,Hastings District,Nil,0.0,0.0,0.0,0.0,0.0,0.0,Urban,0.0,0.0,0.0,Fine
344926,1927517.0,5605298.0,545761.0,0.0,1.0,0.0,South,2005/2006,MARAEKAKAHO ROAD,WALL ROAD,Non-Injury Crash,No,2006,South,0.0,1.0,Flat,0.0,,0.0,0.0,Overcast,1468801.0,0.0,0.0,0.0,2.0,0.0,0.0,,Hawke's Bay Region,Nil,2-way,Sealed,1.0,0.0,0.0,70.0,0.0,Null,0.0,0.0,,30.0,Hastings District,Nil,0.0,0.0,0.0,0.0,0.0,0.0,Urban,0.0,0.0,0.0,Light rain
485188,1926941.0,5605611.0,545761.0,0.0,0.0,1.0,South,2009/2010,YORK ROAD,SH 50A,Non-Injury Crash,No,2010,West,0.0,,Flat,,,,,Bright sun,1469905.0,0.0,0.0,0.0,2.0,0.0,,,Hawke's Bay Region,Nil,2-way,Sealed,0.0,0.0,,100.0,,Null,0.0,0.0,,30.0,Hastings District,Nil,,,,,1.0,0.0,Open,0.0,,,Fine
696152,1929850.0,5605477.0,548200.0,0.0,0.0,2.0,Null,2018/2019,NELSON ST NORTH,ST AUBYN ST WEST,Serious Crash,No,2019,East,0.0,,Flat,,,,,Bright sun,1490405.0,1.0,0.0,0.0,2.0,0.0,,,Hawke's Bay Region,Nil,2-way,Sealed,0.0,1.0,,50.0,,Null,0.0,0.0,,30.0,Hastings District,Traffic Signals,,,,,0.0,0.0,Urban,0.0,,,Fine
231520,1930228.0,5604383.0,548200.0,0.0,0.0,2.0,Null,2006/2007,WILLOWPARK ROAD NORTH,HERETAUNGA ST EAST,Non-Injury Crash,No,2006,South,0.0,,Flat,,Labour Weekend,,,Dark,1494000.0,0.0,0.0,0.0,2.0,0.0,,,Hawke's Bay Region,Nil,2-way,Sealed,0.0,0.0,,50.0,,On,0.0,0.0,,30.0,Hastings District,Give way,,,,,0.0,0.0,Urban,0.0,,,Light rain
314729,1929433.5662,5606050.1071,547700.0,1.0,0.0,1.0,Null,2019/2020,ST AUBYN STREET WEST,GRAYS ROAD,Serious Crash,No,2019,South,0.0,,Flat,,,,,Bright sun,1486300.0,0.0,0.0,0.0,2.0,0.0,,,Hawke's Bay Region,Nil,2-way,Sealed,0.0,1.0,,50.0,,Off,0.0,0.0,,30.0,Hastings District,Give way,,,,,0.0,0.0,Urban,0.0,,,Fine
274541,1930935.0,5613540.0,545831.0,0.0,0.0,2.0,Null,2006/2007,SH 50,SH 50A,Serious Crash,Yes,2006,North,0.0,,Flat,,,,,Overcast,1404600.0,1.0,0.0,0.0,2.0,0.0,,,Hawke's Bay Region,Nil,2-way,Sealed,0.0,1.0,,100.0,,Null,0.0,0.0,,30.0,Hastings District,Give way,,,,,0.0,0.0,Open,0.0,,,Fine
693477,1932325.0,5601602.0,548810.0,0.0,0.0,0.0,West,2004/2005,TE AUTE ROAD,PORTER DRIVE,Non-Injury Crash,No,2004,West,0.0,,Flat,,,,,Bright sun,1505700.0,0.0,0.0,0.0,3.0,0.0,,,Hawke's Bay Region,Nil,2-way,Sealed,0.0,0.0,,50.0,,Null,0.0,0.0,,30.0,Hastings District,Nil,,,,,0.0,0.0,Urban,2.0,,,Fine
679023,1928818.0,5600976.0,545852.0,0.0,0.0,1.0,Null,2013/2014,TE AUTE ROAD,LONGLANDS ROAD EAST,Fatal Crash,No,2014,South,1.0,1.0,Flat,1.0,,0.0,0.0,Dark,1465700.0,0.0,0.0,0.0,2.0,0.0,0.0,,Hawke's Bay Region,Bridge,2-way,Sealed,0.0,0.0,0.0,100.0,0.0,On,0.0,0.0,,30.0,Hastings District,Give way,0.0,0.0,0.0,0.0,0.0,0.0,Open,0.0,0.0,1.0,Fine
662752,1923444.0,5614851.0,545821.0,0.0,0.0,1.0,North,2013/2014,SWAMP ROAD,PIRAU ROAD,Non-Injury Crash,No,2013,North,0.0,,Flat,,,,,Bright sun,1408500.0,0.0,0.0,0.0,2.0,0.0,,,Hawke's Bay Region,Nil,2-way,Sealed,0.0,0.0,,100.0,,None,0.0,0.0,,30.0,Hastings District,Nil,,,,,0.0,0.0,Open,0.0,,,Light rain
205608,1929477.0,5602454.0,545762.0,0.0,0.0,2.0,South,2002/2003,NORTON ROAD,TOLLEMACHE ROAD EAST,Non-Injury Crash,No,2002,South,0.0,1.0,Flat,0.0,,0.0,0.0,Bright sun,1468400.0,0.0,0.0,0.0,2.0,0.0,0.0,,Hawke's Bay Region,Nil,2-way,Sealed,0.0,0.0,0.0,100.0,0.0,Null,0.0,0.0,,30.0,Hastings District,Nil,0.0,0.0,0.0,0.0,0.0,0.0,Open,0.0,0.0,0.0,Fine
698734,1932575.0,5608502.0,545721.0,0.0,0.0,0.0,Null,2002/2003,RUAHAPIA ROAD,WHAKATU ROAD,Non-Injury Crash,No,2002,South,0.0,1.0,Flat,0.0,,0.0,0.0,Dark,1471600.0,0.0,0.0,0.0,2.0,0.0,0.0,,Hawke's Bay Region,Nil,2-way,Sealed,0.0,0.0,0.0,100.0,0.0,On,0.0,0.0,,30.0,Hastings District,Give way,1.0,1.0,0.0,0.0,0.0,0.0,Open,1.0,0.0,0.0,Heavy rain
73280,1918290.0,5614975.0,545821.0,0.0,0.0,1.0,North,2005/2006,TAIHAPE ROAD,KAWERA ROAD,Serious Crash,No,2006,East,0.0,1.0,Flat,0.0,,0.0,0.0,Overcast,1408900.0,0.0,0.0,0.0,2.0,0.0,0.0,,Hawke's Bay Region,Nil,2-way,Sealed,0.0,1.0,0.0,100.0,0.0,Null,0.0,0.0,,30.0,Hastings District,Nil,0.0,0.0,0.0,0.0,0.0,0.0,Open,0.0,0.0,0.0,Fine
235995,1929387.0,5614231.0,545831.0,0.0,0.0,2.0,Null,2005/2006,WAIOHIKI ROAD,SH 50,Minor Crash,No,2005,South,0.0,,Flat,,,,,Twilight,1409400.0,1.0,0.0,0.0,2.0,0.0,,,Hawke's Bay Region,Nil,2-way,Sealed,0.0,0.0,,100.0,,Off,0.0,0.0,,30.0,Hastings District,Stop,,,,,0.0,0.0,Open,0.0,,,Fine
255349,1935605.0,5652187.0,545911.0,0.0,0.0,2.0,South,2003/2004,SH 2,MATAHORUA ROAD S,Non-Injury Crash,Yes,2004,South,0.0,,Flat,,,,,Bright sun,1415400.0,0.0,0.0,0.0,2.0,0.0,,,Hawke's Bay Region,Nil,2-way,Sealed,0.0,0.0,,100.0,,Null,0.0,0.0,,30.0,Hastings District,Nil,,,,,0.0,0.0,Open,0.0,,,Fine
582511,1926783.0,5610315.0,545710.0,0.0,0.0,1.0,East,2003/2004,EVANS ROAD,TWYFORD ROAD,Serious Crash,No,2003,East,0.0,0.0,Flat,0.0,,0.0,0.0,Dark,1470800.0,0.0,0.0,0.0,2.0,0.0,0.0,,Hawke's Bay Region,Nil,2-way,Sealed,0.0,1.0,0.0,100.0,0.0,None,0.0,0.0,,30.0,Hastings District,Nil,0.0,0.0,0.0,0.0,0.0,0.0,Open,0.0,0.0,0.0,Fine
62489,1928959.0,5606418.0,547800.0,0.0,0.0,1.0,West,2009/2010,IKANUI ROAD,PAKOWHAI ROAD,Non-Injury Crash,No,2010,East,0.0,,Flat,,,,,Bright sun,1477800.0,0.0,0.0,0.0,2.0,0.0,,,Hawke's Bay Region,Nil,2-way,Sealed,0.0,0.0,,50.0,,Null,1.0,0.0,,30.0,Hastings District,Give way,,,,,0.0,0.0,Urban,0.0,,,Fine
674202,1930179.0,5605039.0,548200.0,0.0,0.0,0.0,North,2004/2005,ST AUBYN ST EAST,KARAMU ROAD NORTH,Non-Injury Crash,No,2004,South,0.0,,Flat,,,,,Overcast,1494100.0,0.0,0.0,0.0,3.0,0.0,,,Hawke's Bay Region,Nil,2-way,Sealed,0.0,0.0,,50.0,,Null,0.0,0.0,,30.0,Hastings District,Traffic Signals,,,,,0.0,0.0,Urban,2.0,,,Fine
393187,1934528.0,5608244.0,545722.0,0.0,0.0,1.0,South,2010/2011,SH 2,STATION ROAD,Non-Injury Crash,Yes,2011,North,0.0,,Flat,,,,,Dark,1406300.0,0.0,0.0,0.0,2.0,0.0,,,Hawke's Bay Region,Nil,2-way,Sealed,0.0,0.0,,100.0,,None,0.0,0.0,,30.0,Hastings District,Nil,,,,,0.0,0.0,Open,1.0,,,Fine
348344,1906100.0,5615602.0,545821.0,0.0,0.0,1.0,North,2016/2017,CROWNTHORPE SETTLEMENT RO,CROWNTHORPE ROAD,Non-Injury Crash,No,2016,South,0.0,1.0,Flat,0.0,,0.0,0.0,Dark,1410200.0,0.0,0.0,0.0,2.0,0.0,0.0,,Hawke's Bay Region,Nil,2-way,Sealed,0.0,0.0,0.0,100.0,0.0,None,0.0,0.0,,30.0,Hastings District,Unknown,0.0,0.0,0.0,0.0,0.0,0.0,Open,0.0,0.0,0.0,Fine
260056,1911467.0,5616573.0,545821.0,0.0,0.0,1.0,West,2010/2011,CROWNTHORPE SETTLEMENT RO,MATAPIRO ROAD,Minor Crash,No,2010,East,0.0,,Hill Road,,,,,Bright sun,1410200.0,1.0,0.0,0.0,2.0,0.0,,,Hawke's Bay Region,Nil,2-way,Sealed,0.0,0.0,,100.0,,Null,0.0,0.0,,30.0,Hastings District,Nil,,,,,0.0,0.0,Open,0.0,,,Fine
514496,1935622.0,5650545.0,545911.0,0.0,0.0,1.0,South,1999/2000,SH 2,MATAHORUA ROAD S,Minor Crash,Yes,2000,North,0.0,0.0,Hill Road,0.0,,0.0,0.0,Dark,1415400.0,2.0,0.0,0.0,2.0,0.0,0.0,,Hawke's Bay Region,Nil,2-way,Sealed,0.0,0.0,0.0,100.0,0.0,None,0.0,0.0,,30.0,Hastings District,Nil,0.0,0.0,0.0,0.0,0.0,0.0,Open,0.0,0.0,0.0,Mist or Fog
418805,1934439.0,5607441.0,545722.0,0.0,0.0,1.0,North,2003/2004,PILCHER ROAD,SH 2,Non-Injury Crash,No,2004,North,0.0,,Flat,,,,,Twilight,1406300.0,0.0,0.0,0.0,2.0,0.0,,,Hawke's Bay Region,Nil,2-way,Sealed,0.0,0.0,,100.0,,Off,0.0,0.0,,30.0,Hastings District,Nil,,,,,0.0,0.0,Open,1.0,,,Fine
31549,1914124.0,5588056.0,545851.0,0.0,0.0,1.0,Null,2008/2009,SH 2,TE AUTE TRUST ROAD,Minor Crash,Yes,2009,North,0.0,,Flat,,,,,Bright sun,1464600.0,2.0,0.0,0.0,2.0,1.0,,,Hawke's Bay Region,Nil,2-way,Sealed,0.0,0.0,,100.0,,Null,0.0,0.0,,30.0,Hastings District,Give way,,,,,0.0,0.0,Open,0.0,,,Fine
58998,1930421.5259,5606655.4703,547600.0,0.0,0.0,1.0,East,2019/2020,WAIPUNA STREET,FREDERICK STREET,Non-Injury Crash,No,2020,North,0.0,1.0,Flat,0.0,,0.0,0.0,Dark,1483200.0,0.0,0.0,0.0,2.0,0.0,0.0,,Hawke's Bay Region,Nil,2-way,Sealed,0.0,0.0,0.0,50.0,0.0,On,0.0,0.0,,30.0,Hastings District,Nil,0.0,0.0,0.0,0.0,0.0,0.0,Urban,0.0,0.0,0.0,Fine
304957,1929896.0,5604813.0,548200.0,0.0,0.0,2.0,Null,2010/2011,KARAMU ROAD SOUTH,HERETAUNGA ST EAST,Non-Injury Crash,No,2011,South,0.0,,Flat,,,,,Overcast,1492700.0,0.0,0.0,0.0,2.0,0.0,,,Hawke's Bay Region,Nil,2-way,Sealed,0.0,0.0,,50.0,,Null,0.0,0.0,,30.0,Hastings District,Traffic Signals,,,,,0.0,0.0,Urban,0.0,,,Fine
499811,1930060.0,5605198.0,548200.0,0.0,0.0,3.0,Null,2011/2012,ST AUBYN ST WEST,RAIL XING,Minor Crash,No,2011,North,0.0,,Flat,,,,,Overcast,1491500.0,1.0,0.0,0.0,5.0,0.0,,,Hawke's Bay Region,Nil,2-way,Sealed,0.0,0.0,,50.0,,Null,0.0,0.0,,30.0,Hastings District,Traffic Signals,,,,,0.0,0.0,Urban,0.0,,,Light rain
301017,1923532.0,5608283.0,548611.0,0.0,0.0,1.0,Null,2000/2001,ARKLOW PLACE,TARBET ST,Non-Injury Crash,No,2000,South,0.0,1.0,Flat,0.0,,0.0,0.0,Bright sun,1470319.0,0.0,0.0,0.0,2.0,0.0,0.0,,Hawke's Bay Region,Nil,2-way,Sealed,0.0,0.0,0.0,50.0,0.0,Null,0.0,0.0,,30.0,Hastings District,Nil,0.0,0.0,0.0,0.0,0.0,0.0,Urban,0.0,0.0,0.0,Fine
7883,1930143.0,5604149.0,548300.0,0.0,0.0,1.0,South,2011/2012,MADDISON ST,WILLOWPARK ROAD SOUTH,Non-Injury Crash,No,2011,South,0.0,,Flat,,,,,Overcast,1501500.0,0.0,0.0,0.0,2.0,0.0,,,Hawke's Bay Region,Nil,2-way,Sealed,0.0,0.0,,50.0,,Null,0.0,0.0,,30.0,Hastings District,Nil,,,,,0.0,0.0,Urban,1.0,,,Fine
290398,1927582.0,5607392.0,548400.0,0.0,0.0,1.0,Null,2001/2002,SH 50A,OMAHU ROAD,Non-Injury Crash,Yes,2001,North,0.0,,Flat,,,,,Overcast,1473500.0,0.0,0.0,0.0,4.0,0.0,,,Hawke's Bay Region,Nil,2-way,Sealed,0.0,0.0,,50.0,,Null,0.0,0.0,,30.0,Hastings District,Give way,,,,,1.0,0.0,Urban,0.0,,,Fine
158487,1932933.0,5606371.0,545721.0,0.0,0.0,1.0,North,2010/2011,SH 2,WAIPATU SETTLEMENT ROAD,Minor Crash,Yes,2011,South,0.0,,Flat,,Christmas New Year,,,Dark,1472100.0,2.0,0.0,0.0,2.0,0.0,,,Hawke's Bay Region,Nil,2-way,Sealed,0.0,0.0,,100.0,,On,1.0,0.0,,30.0,Hastings District,Nil,,,,,0.0,0.0,Open,0.0,,,Fine
262478,1933556.0,5602079.0,548832.0,0.0,0.0,2.0,Null,2006/2007,TE MATA ROAD,HILLSBROOK PLACE,Minor Crash,No,2007,East,0.0,,Flat,,,,,Bright sun,1510200.0,2.0,0.0,0.0,2.0,0.0,,,Hawke's Bay Region,Nil,2-way,Sealed,0.0,0.0,,50.0,,Null,0.0,0.0,,30.0,Hastings District,Nil,,,,,0.0,0.0,Urban,0.0,,,Fine
725789,1930348.0,5605005.0,548200.0,0.0,0.0,2.0,Null,2004/2005,WARREN ST NORTH,ELLISON ROAD,Non-Injury Crash,No,2005,North,0.0,0.0,Flat,0.0,,0.0,0.0,Overcast,1494400.0,0.0,0.0,0.0,2.0,0.0,1.0,,Hawke's Bay Region,Nil,2-way,Sealed,0.0,0.0,0.0,50.0,0.0,Null,0.0,0.0,,30.0,Hastings District,Give way,0.0,0.0,0.0,0.0,0.0,0.0,Urban,1.0,0.0,0.0,Light rain
320894,1936533.0,5611029.0,545730.0,0.0,0.0,1.0,Null,2006/2007,SUTTON AVENUE,SCHOOL ROAD,Non-Injury Crash,No,2007,West,0.0,0.0,Flat,0.0,,0.0,0.0,Bright sun,1405006.0,0.0,0.0,0.0,2.0,0.0,1.0,,Hawke's Bay Region,Nil,2-way,Sealed,0.0,0.0,0.0,50.0,0.0,Null,0.0,0.0,,30.0,Hastings District,Give way,0.0,0.0,0.0,0.0,0.0,0.0,Urban,1.0,0.0,0.0,Fine
20215,1929265.0,5605647.0,547700.0,0.0,0.0,1.0,Null,2009/2010,LOVEDALE ROAD,LOVEDALE ST,Non-Injury Crash,No,2009,North,0.0,,Flat,,,,,Bright sun,1487900.0,0.0,0.0,0.0,2.0,0.0,,,Hawke's Bay Region,Nil,2-way,Sealed,0.0,0.0,,50.0,,Null,0.0,0.0,,30.0,Hastings District,Stop,,,,,1.0,0.0,Urban,0.0,,,Fine
665381,1926465.0,5608002.0,545710.0,0.0,0.0,2.0,Null,2017/2018,OMAHU ROAD,HENDERSON ROAD,Non-Injury Crash,No,2018,West,0.0,,Flat,,,,,Overcast,1470900.0,0.0,0.0,0.0,2.0,0.0,,,Hawke's Bay Region,Nil,2-way,Sealed,0.0,0.0,,50.0,,Null,0.0,0.0,,30.0,Hastings District,Give way,,,,,0.0,0.0,Urban,0.0,,,Heavy rain
730028,1930526.0,5604784.0,548200.0,0.0,0.0,2.0,North,2010/2011,MILLER ST,ELLISON ROAD,Non-Injury Crash,No,2010,North,0.0,0.0,Flat,0.0,,0.0,0.0,Bright sun,1494900.0,0.0,0.0,0.0,2.0,0.0,1.0,,Hawke's Bay Region,Nil,2-way,Sealed,0.0,0.0,0.0,50.0,0.0,Null,0.0,0.0,,30.0,Hastings District,Nil,0.0,0.0,0.0,0.0,0.0,0.0,Urban,0.0,0.0,0.0,Fine
501441,1932651.0,5609537.0,545832.0,0.0,0.0,1.0,South,2006/2007,PAKOWHAI ROAD,FARNDON ROAD,Non-Injury Crash,No,2007,North,0.0,1.0,Flat,1.0,,0.0,0.0,Overcast,1404300.0,0.0,0.0,0.0,2.0,0.0,0.0,,Hawke's Bay Region,Nil,2-way,Sealed,0.0,0.0,0.0,100.0,0.0,Null,0.0,0.0,,30.0,Hastings District,Give way,0.0,0.0,0.0,0.0,0.0,0.0,Open,0.0,0.0,0.0,Heavy rain
445341,1930987.0,5604956.0,548200.0,0.0,0.0,2.0,South,2008/2009,WILLOWPARK ROAD NORTH,JERVOIS ST,Non-Injury Crash,No,2009,North,0.0,0.0,Flat,0.0,,0.0,0.0,Dark,1495200.0,0.0,0.0,0.0,2.0,0.0,1.0,,Hawke's Bay Region,Nil,2-way,Sealed,0.0,0.0,0.0,50.0,0.0,On,0.0,0.0,,30.0,Hastings District,Nil,0.0,0.0,0.0,0.0,0.0,0.0,Urban,0.0,0.0,0.0,Fine
475286,1930949.0,5613577.0,545831.0,0.0,0.0,1.0,North,2017/2018,SH 50,SH 50A,Non-Injury Crash,Yes,2018,South,0.0,,Flat,,,,,Dark,1404600.0,0.0,0.0,0.0,2.0,0.0,,,Hawke's Bay Region,Nil,2-way,Sealed,0.0,0.0,,100.0,,On,0.0,0.0,50.0,30.0,Hastings District,Unknown,,,,,0.0,0.0,Open,1.0,,,Fine
479844,1926226.0,5637636.0,545811.0,0.0,0.0,1.0,North,2001/2002,SH 5,BEATTIE ROAD,Non-Injury Crash,Yes,2001,North,0.0,0.0,Hill Road,0.0,,0.0,0.0,Overcast,1414700.0,0.0,0.0,0.0,3.0,0.0,0.0,,Hawke's Bay Region,Nil,2-way,Sealed,0.0,0.0,0.0,100.0,0.0,Null,0.0,0.0,,30.0,Hastings District,Nil,0.0,0.0,0.0,0.0,0.0,0.0,Open,0.0,0.0,0.0,Light rain
25833,1942434.0,5594442.0,545860.0,0.0,0.0,1.0,South,2010/2011,OCEAN BEACH ROAD,WAIMARAMA ROAD,Non-Injury Crash,No,2011,South,0.0,1.0,Flat,0.0,,0.0,0.0,Overcast,1467600.0,0.0,0.0,0.0,2.0,0.0,0.0,,Hawke's Bay Region,Nil,2-way,Sealed,0.0,0.0,0.0,100.0,0.0,Null,1.0,0.0,,30.0,Hastings District,Nil,0.0,0.0,0.0,0.0,0.0,0.0,Open,0.0,0.0,0.0,Fine
192323,1928982.0,5602949.0,545762.0,0.0,0.0,2.0,Null,2002/2003,RIVERSLEA ROAD SOUTH,TOLLEMACHE ROAD EAST,Non-Injury Crash,No,2003,South,0.0,,Flat,,,,,Bright sun,1468200.0,0.0,0.0,0.0,2.0,0.0,,,Hawke's Bay Region,Nil,2-way,Sealed,0.0,0.0,,100.0,,Null,0.0,0.0,,30.0,Hastings District,Give way,,,,,0.0,0.0,Open,0.0,,,Fine
25105,1930542.0,5605151.0,548200.0,0.0,0.0,2.0,Null,2009/2010,ALBERT ST,WARREN ST,Non-Injury Crash,No,2010,North,0.0,,Flat,,,,,Overcast,1494600.0,0.0,0.0,0.0,2.0,0.0,,,Hawke's Bay Region,Nil,2-way,Sealed,0.0,0.0,,50.0,,Null,0.0,0.0,,30.0,Hastings District,Give way,,,,,0.0,0.0,Urban,0.0,,,Fine
39039,1918672.0,5614539.0,545821.0,0.0,0.0,0.0,North,2016/2017,TAIHAPE ROAD,RUNANGA PA LANE,Non-Injury Crash,No,2017,South,0.0,0.0,Flat,0.0,,0.0,0.0,Overcast,1408401.0,0.0,0.0,0.0,2.0,0.0,0.0,,Hawke's Bay Region,Nil,2-way,Sealed,0.0,0.0,0.0,100.0,0.0,Null,0.0,0.0,,30.0,Hastings District,Unknown,0.0,0.0,0.0,0.0,0.0,0.0,Open,1.0,0.0,0.0,Fine
556954,1924428.0,5607387.0,548612.0,0.0,0.0,1.0,Null,2012/2013,SCOTT DRIVE,HUDSON ROAD,Non-Injury Crash,No,2012,West,0.0,,Flat,,,,,Dark,1474112.0,0.0,0.0,0.0,2.0,0.0,,,Hawke's Bay Region,Nil,2-way,Sealed,0.0,0.0,,50.0,,On,0.0,0.0,,30.0,Hastings District,Nil,,,,,0.0,0.0,Urban,0.0,,,Fine
501264,1930006.0,5613753.0,545831.0,0.0,0.0,2.0,West,2004/2005,SH 50,FRANKLIN ROAD,Non-Injury Crash,Yes,2005,East,0.0,0.0,Flat,0.0,,0.0,0.0,Overcast,1404600.0,0.0,0.0,0.0,2.0,0.0,0.0,,Hawke's Bay Region,Nil,2-way,Sealed,0.0,0.0,0.0,100.0,0.0,Null,0.0,0.0,,30.0,Hastings District,Nil,0.0,0.0,0.0,0.0,0.0,0.0,Open,0.0,0.0,0.0,Heavy rain
159686,1931051.0,5613876.0,545831.0,0.0,0.0,2.0,North,2008/2009,SH 50,PAKOWHAI ON SBD,Non-Injury Crash,Yes,2008,North,0.0,,Flat,,,,,Bright sun,1404600.0,0.0,0.0,0.0,2.0,0.0,,,Hawke's Bay Region,Nil,2-way,Sealed,0.0,0.0,,100.0,,Null,0.0,0.0,30.0,30.0,Hastings District,Nil,,,,,0.0,0.0,Open,0.0,,,Fine