OBJECTID,X,Y,areaUnitID,bicycle,bus,carStationWagon,crashDirectionDescription,crashFinancialYear,crashLocation1,crashLocation2,crashSeverity,crashSHDescription,crashYear,directionRoleDescription,fatalCount,fence,flatHill,guardRail,holiday,houseOrBuilding,kerb,light,meshblockId,minorInjuryCount,moped,motorcycle,NumberOfLanes,otherVehicleType,parkedVehicle,pedestrian,region,roadCharacter,roadLane,roadSurface,schoolBus,seriousInjuryCount,slipOrFlood,speedLimit,strayAnimal,streetLight,suv,taxi,temporarySpeedLimit,tlaId,tlaName,trafficControl,trafficIsland,trafficSign,train,tree,truck,unknownVehicleType,urban,vanOrUtility,vehicle,waterRiver,weatherA
635609,1929560.0,5605258.0,548200.0,0.0,0.0,3.0,Null,2003/2004,NELSON ST SOUTH,HERETAUNGA ST WEST,Non-Injury Crash,No,2003,East,0.0,0.0,Flat,0.0,,0.0,0.0,Overcast,1490100.0,0.0,0.0,0.0,2.0,0.0,1.0,,Hawke's Bay Region,Nil,2-way,Sealed,0.0,0.0,0.0,50.0,0.0,Null,0.0,0.0,,30.0,Hastings District,Traffic Signals,0.0,0.0,0.0,0.0,0.0,0.0,Urban,0.0,0.0,0.0,Light rain
394261,1932597.882,5601674.8151,548831.0,0.0,0.0,2.0,Null,2018/2019,NAPIER ROAD,TE MATA ROAD,Non-Injury Crash,No,2018,South,0.0,,Flat,,,,,Bright sun,1509600.0,0.0,0.0,0.0,2.0,0.0,,,Hawke's Bay Region,Nil,2-way,Sealed,0.0,0.0,,50.0,,None,0.0,0.0,,30.0,Hastings District,Give way,,,,,0.0,0.0,Urban,0.0,,,Fine
648018,1934642.0,5608521.0,545722.0,0.0,0.0,0.0,Null,2002/2003,SH 2,STATION ROAD,Minor Crash,Yes,2002,South,0.0,,Flat,,,,,Bright sun,1406300.0,1.0,0.0,0.0,2.0,0.0,,,Hawke's Bay Region,Nil,2-way,Sealed,0.0,0.0,,100.0,,Null,0.0,0.0,,30.0,Hastings District,Stop,,,,,2.0,0.0,Open,1.0,,,Fine
443365,1929322.0,5605775.0,547700.0,0.0,0.0,2.0,Null,2005/2006,QUEEN ST WEST,MCLEAN ST,Non-Injury Crash,No,2005,North,0.0,,Flat,,,,,Bright sun,1488000.0,0.0,0.0,0.0,2.0,0.0,,,Hawke's Bay Region,Nil,2-way,Sealed,0.0,0.0,,50.0,,Null,0.0,0.0,,30.0,Hastings District,Give way,,,,,0.0,0.0,Urban,0.0,,,Fine
236468,1921322.0,5612061.0,545822.0,0.0,0.0,0.0,West,2007/2008,TAIHAPE ROAD,SWAMP ROAD,Minor Crash,No,2008,East,0.0,0.0,Hill Road,0.0,,0.0,0.0,Overcast,1409100.0,1.0,0.0,0.0,2.0,0.0,0.0,,Hawke's Bay Region,Nil,2-way,Sealed,0.0,0.0,0.0,100.0,0.0,Null,1.0,0.0,,30.0,Hastings District,Nil,0.0,0.0,0.0,0.0,0.0,0.0,Open,0.0,0.0,0.0,Light rain
410149,1932202.0,5603282.0,545721.0,0.0,0.0,2.0,Null,2008/2009,ST GEORGES ROAD,ADA ST,Non-Injury Crash,No,2008,North,0.0,,Flat,,,,,Bright sun,1472801.0,0.0,0.0,0.0,2.0,0.0,,,Hawke's Bay Region,Nil,2-way,Sealed,0.0,0.0,,80.0,,Null,0.0,0.0,,30.0,Hastings District,Stop,,,,,0.0,0.0,Open,1.0,,,Fine
281383,1918545.3355,5648819.9335,545911.0,0.0,0.0,1.0,North,2019/2020,SH 5,OHURAKURA ROAD,Non-Injury Crash,Yes,2019,South,0.0,0.0,Hill Road,0.0,Christmas New Year,0.0,0.0,Overcast,1415900.0,0.0,0.0,0.0,3.0,0.0,0.0,,Hawke's Bay Region,Nil,2-way,Sealed,0.0,0.0,0.0,100.0,0.0,None,0.0,0.0,,30.0,Hastings District,Unknown,0.0,0.0,0.0,0.0,0.0,0.0,Open,0.0,0.0,0.0,Light rain
465098,1933134.0,5602321.0,548831.0,0.0,0.0,1.0,Null,2006/2007,NAPIER ROAD,ST HILL LANE,Serious Crash,No,2007,South,0.0,,Flat,,,,,Dark,1509100.0,0.0,0.0,1.0,2.0,0.0,,,Hawke's Bay Region,Nil,2-way,Sealed,0.0,1.0,,50.0,,On,0.0,0.0,,30.0,Hastings District,Give way,,,,,0.0,0.0,Urban,0.0,,,Fine
141540,1927837.0,5605538.0,547900.0,0.0,0.0,2.0,Null,2006/2007,MARAEKAKAHO ROAD,OLIPHANT ROAD,Minor Crash,No,2006,South,0.0,,Flat,,,,,Dark,1479800.0,1.0,0.0,0.0,2.0,0.0,,,Hawke's Bay Region,Nil,2-way,Sealed,0.0,0.0,,50.0,,On,0.0,0.0,,30.0,Hastings District,Give way,,,,,0.0,0.0,Urban,0.0,,,Fine
167507,1931604.0,5602847.0,545721.0,0.0,0.0,2.0,South,2017/2018,HAVELOCK ROAD,ST GEORGES ROAD,Non-Injury Crash,No,2018,South,0.0,,Flat,,,,,Dark,1473000.0,0.0,0.0,0.0,4.0,0.0,,,Hawke's Bay Region,Nil,2-way,Sealed,0.0,0.0,,70.0,,On,0.0,0.0,,30.0,Hastings District,Unknown,,,,,0.0,0.0,Urban,0.0,,,Light rain
191073,1908294.0,5674990.0,545911.0,0.0,0.0,1.0,South,2013/2014,SH 5,POHOKURA ROAD,Minor Crash,Yes,2014,South,0.0,0.0,Hill Road,0.0,,0.0,0.0,Dark,1281200.0,1.0,0.0,0.0,2.0,0.0,0.0,,Hawke's Bay Region,Nil,2-way,Sealed,0.0,0.0,0.0,100.0,0.0,None,0.0,0.0,,30.0,Hastings District,Nil,0.0,0.0,0.0,0.0,0.0,0.0,Open,0.0,0.0,0.0,Fine
367272,1926281.0,5606336.0,545761.0,0.0,0.0,2.0,Null,2002/2003,SH 50A,FLAXMERE AVENUE,Non-Injury Crash,Yes,2003,West,0.0,,Flat,,,,,Twilight,1469905.0,0.0,0.0,0.0,2.0,0.0,,,Hawke's Bay Region,Nil,2-way,Sealed,0.0,0.0,,100.0,,Off,0.0,0.0,,30.0,Hastings District,Give way,,,,,0.0,0.0,Open,0.0,,,Fine
626834,1909445.0,5672041.0,545911.0,0.0,0.0,0.0,South,2002/2003,SH 5,TATARAAKINA ROAD,Minor Crash,Yes,2002,East,0.0,,Flat,,,,,Overcast,1281200.0,2.0,0.0,0.0,2.0,0.0,,,Hawke's Bay Region,Nil,2-way,Sealed,0.0,0.0,,100.0,,Null,0.0,0.0,,30.0,Hastings District,Nil,,,,,1.0,0.0,Open,1.0,,,Fine
166634,1930795.0,5604811.0,548100.0,1.0,0.0,0.0,Null,2000/2001,WILLOWPARK ROAD NORTH,ALBERT ST,Minor Crash,No,2001,West,0.0,,Flat,,,,,Bright sun,1499700.0,1.0,0.0,0.0,2.0,0.0,,,Hawke's Bay Region,Nil,2-way,Sealed,0.0,0.0,,50.0,,Null,0.0,0.0,,30.0,Hastings District,Give way,,,,,0.0,0.0,Urban,1.0,,,Fine
487160,1924399.0,5603646.0,545842.0,0.0,0.0,2.0,Null,2001/2002,MARAEKAKAHO ROAD,STOCK ROAD,Non-Injury Crash,No,2001,East,0.0,,Flat,,,,,Overcast,1470213.0,0.0,0.0,0.0,2.0,0.0,,,Hawke's Bay Region,Nil,2-way,Sealed,0.0,0.0,,100.0,,Null,0.0,0.0,,30.0,Hastings District,Give way,,,,,0.0,0.0,Open,0.0,,,Light rain
93793,1936855.0,5612880.0,545832.0,0.0,0.0,2.0,Null,2004/2005,SH 2,NGARURORO BR,Minor Crash,Yes,2004,North,0.0,,Flat,,Christmas New Year,,,Dark,1404200.0,1.0,0.0,0.0,2.0,0.0,,,Hawke's Bay Region,Bridge,2-way,Sealed,0.0,0.0,,100.0,,None,0.0,0.0,,30.0,Hastings District,Nil,,,,,0.0,0.0,Open,0.0,,,Light rain
450957,1929717.3387,5605375.493,548200.0,1.0,0.0,0.0,South,2017/2018,NELSON STREET NORTH,AVENUE ROAD WEST,Minor Crash,No,2018,North,0.0,0.0,Flat,0.0,,0.0,0.0,Bright sun,1490800.0,1.0,0.0,0.0,2.0,0.0,0.0,,Hawke's Bay Region,Nil,2-way,Sealed,0.0,0.0,0.0,50.0,0.0,Off,0.0,0.0,,30.0,Hastings District,Unknown,1.0,0.0,0.0,0.0,0.0,0.0,Urban,0.0,0.0,0.0,Fine
153136,1927907.0,5604185.0,545761.0,0.0,0.0,1.0,South,2004/2005,SOUTHLAND ROAD,SOUTHLAND PLACE,Minor Crash,No,2004,South,0.0,0.0,Flat,0.0,,0.0,0.0,Dark,1468801.0,1.0,0.0,0.0,2.0,0.0,0.0,,Hawke's Bay Region,Nil,2-way,Sealed,0.0,0.0,0.0,100.0,0.0,None,0.0,0.0,,30.0,Hastings District,Nil,0.0,0.0,0.0,0.0,0.0,0.0,Open,0.0,0.0,0.0,Fine
286014,1930245.0,5604748.0,548200.0,0.0,0.0,2.0,Null,2017/2018,HASTINGS ST NORTH,AVENUE ROAD EAST,Non-Injury Crash,No,2017,North,0.0,,Flat,,,,,Bright sun,1493501.0,0.0,0.0,0.0,2.0,0.0,,,Hawke's Bay Region,Nil,2-way,Sealed,0.0,0.0,,50.0,,Null,0.0,0.0,,30.0,Hastings District,Give way,,,,,0.0,0.0,Urban,0.0,,,Fine
671519,1930647.0,5604173.0,548100.0,0.0,0.0,2.0,South,2010/2011,SYLVAN ROAD,AVENUE ROAD EAST,Non-Injury Crash,No,2010,South,0.0,0.0,Flat,0.0,,0.0,0.0,Dark,1501100.0,0.0,0.0,0.0,2.0,0.0,1.0,,Hawke's Bay Region,Nil,2-way,Sealed,0.0,0.0,0.0,50.0,0.0,On,0.0,0.0,,30.0,Hastings District,Nil,0.0,0.0,0.0,0.0,0.0,0.0,Urban,0.0,0.0,0.0,Fine
482762,1930493.0,5606411.0,547600.0,0.0,0.0,1.0,North,2004/2005,TOMOANA ROAD,FREDERICK ST,Non-Injury Crash,No,2005,East,0.0,0.0,Flat,0.0,,0.0,0.0,Bright sun,1483800.0,0.0,0.0,0.0,2.0,0.0,1.0,,Hawke's Bay Region,Nil,2-way,Sealed,0.0,0.0,0.0,50.0,0.0,Null,0.0,0.0,,30.0,Hastings District,Traffic Signals,0.0,0.0,0.0,0.0,0.0,0.0,Urban,1.0,0.0,0.0,Fine
411538,1930188.0378,5603042.6376,548300.0,0.0,0.0,1.0,Null,2019/2020,NORTON ROAD,WAVELL STREET,Non-Injury Crash,No,2019,South,0.0,0.0,Flat,0.0,,0.0,0.0,Bright sun,1503000.0,0.0,0.0,0.0,2.0,0.0,0.0,,Hawke's Bay Region,Nil,2-way,Sealed,0.0,0.0,0.0,50.0,0.0,Null,0.0,0.0,,30.0,Hastings District,Give way,0.0,0.0,0.0,0.0,0.0,0.0,Urban,0.0,0.0,0.0,Fine
533269,1929872.0,5604644.0,548200.0,0.0,0.0,1.0,Null,2016/2017,EASTBOURNE ST EAST,WARREN ST SOUTH,Non-Injury Crash,No,2017,South,0.0,,Flat,,,,,Bright sun,1493200.0,0.0,0.0,0.0,2.0,0.0,,,Hawke's Bay Region,Nil,2-way,Sealed,0.0,0.0,,50.0,,Null,0.0,0.0,,30.0,Hastings District,Give way,,,,,0.0,0.0,Urban,1.0,,,Fine
388738,1931115.0,5605052.0,548000.0,0.0,0.0,2.0,North,2007/2008,WILLOWPARK ROAD NORTH,JERVOIS ST,Non-Injury Crash,No,2007,South,0.0,,Flat,,,,,Dark,1497700.0,0.0,0.0,0.0,2.0,0.0,,,Hawke's Bay Region,Nil,2-way,Sealed,0.0,0.0,,50.0,,On,0.0,0.0,,30.0,Hastings District,Nil,,,,,0.0,0.0,Urban,0.0,,,Light rain
326662,1930549.0,5606453.0,547600.0,0.0,0.0,2.0,East,2012/2013,TOMOANA ROAD,FREDERICK ST,Non-Injury Crash,No,2013,East,0.0,,Flat,,,,,Bright sun,1483800.0,0.0,0.0,0.0,2.0,0.0,,,Hawke's Bay Region,Nil,2-way,Sealed,0.0,0.0,,50.0,,Null,0.0,0.0,,30.0,Hastings District,Nil,,,,,0.0,0.0,Urban,0.0,,,Fine
466716,1931180.0,5604952.0,548000.0,0.0,0.0,1.0,East,2008/2009,CAMBRIDGE ST,JERVOIS ST,Minor Crash,No,2008,East,0.0,0.0,Flat,0.0,,0.0,0.0,Twilight,1497700.0,1.0,0.0,0.0,2.0,0.0,1.0,,Hawke's Bay Region,Nil,2-way,Sealed,0.0,0.0,0.0,50.0,0.0,None,0.0,0.0,,30.0,Hastings District,Nil,0.0,0.0,0.0,0.0,0.0,0.0,Urban,1.0,0.0,0.0,Fine
174983,1932192.5425,5603273.7833,545721.0,0.0,0.0,2.0,Null,2019/2020,ST GEORGES ROAD,ADA STREET,Non-Injury Crash,No,2019,East,0.0,,Flat,,,,,Bright sun,1473000.0,0.0,0.0,0.0,2.0,0.0,,,Hawke's Bay Region,Nil,2-way,Sealed,0.0,0.0,,80.0,,Off,0.0,0.0,,30.0,Hastings District,Stop,,,,,0.0,0.0,Open,0.0,,,Fine
126332,1928140.0,5600914.0,545852.0,0.0,0.0,1.0,East,2017/2018,TE AUTE ROAD,CRYSTALL ROAD,Serious Crash,No,2018,East,0.0,0.0,Flat,0.0,,0.0,0.0,Dark,1465700.0,0.0,0.0,0.0,2.0,0.0,0.0,,Hawke's Bay Region,Nil,2-way,Sealed,0.0,1.0,0.0,100.0,0.0,None,0.0,0.0,,30.0,Hastings District,Unknown,0.0,0.0,0.0,0.0,0.0,0.0,Open,0.0,0.0,0.0,Fine
446742,1920238.4309999999,5612158.9506,545821.0,0.0,0.0,1.0,West,2018/2019,TAIHAPE ROAD,OHITI ROAD,Serious Crash,No,2019,West,0.0,0.0,Flat,0.0,,0.0,0.0,Bright sun,1408900.0,1.0,0.0,0.0,2.0,0.0,0.0,,Hawke's Bay Region,Nil,2-way,Sealed,0.0,1.0,0.0,100.0,0.0,None,0.0,0.0,,30.0,Hastings District,Unknown,0.0,0.0,0.0,0.0,0.0,0.0,Open,0.0,0.0,0.0,Fine
468257,1934321.0,5608935.0,545722.0,0.0,0.0,1.0,North,2006/2007,Z CPK,STATION/RAILWAY,Non-Injury Crash,No,2007,West,0.0,,Flat,,,,,Bright sun,1406102.0,0.0,0.0,0.0,1.0,0.0,,,Hawke's Bay Region,Nil,Off road,Sealed,0.0,0.0,,50.0,,Null,0.0,0.0,,30.0,Hastings District,Nil,,,,,0.0,0.0,Urban,1.0,,,Fine
373403,1928979.0,5606026.0,547700.0,0.0,0.0,1.0,Null,2013/2014,HERETAUNGA ST WEST,DAVIS ST,Non-Injury Crash,No,2013,South,0.0,,Flat,,,,,Bright sun,1487400.0,0.0,0.0,0.0,2.0,0.0,,,Hawke's Bay Region,Nil,2-way,Sealed,0.0,0.0,,50.0,,Null,1.0,0.0,,30.0,Hastings District,Stop,,,,,0.0,0.0,Urban,0.0,,,Fine
484406,1936359.0,5600687.0,548833.0,0.0,0.0,1.0,South,2007/2008,WAIMARAMA ROAD,MCLEAN ROAD,Non-Injury Crash,No,2007,North,0.0,1.0,Hill Road,0.0,,0.0,0.0,Dark,1466801.0,0.0,0.0,0.0,2.0,0.0,0.0,,Hawke's Bay Region,Nil,2-way,Sealed,0.0,0.0,0.0,100.0,0.0,None,0.0,0.0,,30.0,Hastings District,Nil,0.0,0.0,0.0,0.0,0.0,0.0,Open,0.0,0.0,0.0,Fine
276507,1919957.0,5628267.0,545821.0,0.0,0.0,1.0,North,2003/2004,PUKETITIRI ROAD,SOLDIERS SETTLEMENT ROAD,Non-Injury Crash,No,2003,South,0.0,0.0,Hill Road,0.0,Christmas New Year,0.0,0.0,Overcast,1412200.0,0.0,0.0,0.0,2.0,0.0,0.0,,Hawke's Bay Region,Nil,2-way,Sealed,0.0,0.0,0.0,100.0,0.0,Null,0.0,0.0,,30.0,Hastings District,Nil,0.0,0.0,0.0,0.0,0.0,0.0,Open,0.0,0.0,0.0,Light rain
553797,1924285.0,5607487.0,548612.0,0.0,0.0,1.0,South,2006/2007,SCOTT DRIVE,DIAZ DRIVE,Non-Injury Crash,No,2006,West,0.0,1.0,Flat,0.0,,0.0,0.0,Dark,1474112.0,0.0,0.0,0.0,2.0,0.0,0.0,,Hawke's Bay Region,Nil,2-way,Sealed,0.0,0.0,0.0,50.0,0.0,On,0.0,0.0,,30.0,Hastings District,Nil,0.0,0.0,0.0,0.0,0.0,0.0,Urban,0.0,0.0,0.0,Fine
504620,1928015.0,5607729.0,545710.0,0.0,0.0,2.0,East,2014/2015,SH 50A,OMAHU ROAD,Non-Injury Crash,Yes,2015,East,0.0,,Flat,,,,,Dark,1471201.0,0.0,0.0,0.0,2.0,0.0,,,Hawke's Bay Region,Nil,2-way,Sealed,0.0,0.0,,100.0,,On,0.0,0.0,,30.0,Hastings District,Unknown,,,,,0.0,0.0,Open,0.0,,,Fine
251912,1929552.0,5605252.0,548200.0,1.0,0.0,1.0,West,2001/2002,NELSON ST SOUTH,HERETAUNGA ST WEST,Minor Crash,No,2001,South,0.0,,Flat,,,,,Bright sun,1488900.0,1.0,0.0,0.0,2.0,0.0,,,Hawke's Bay Region,Nil,2-way,Sealed,0.0,0.0,,50.0,,Null,0.0,0.0,,30.0,Hastings District,Traffic Signals,,,,,0.0,0.0,Urban,0.0,,,Fine
222465,1917748.0,5649126.0,545911.0,0.0,0.0,0.0,North,2014/2015,SH 5,OHURAKURA ROAD,Non-Injury Crash,Yes,2015,North,0.0,0.0,Hill Road,0.0,,0.0,0.0,Dark,1415900.0,0.0,0.0,0.0,2.0,0.0,0.0,,Hawke's Bay Region,Nil,2-way,Sealed,0.0,0.0,0.0,100.0,0.0,None,0.0,0.0,,30.0,Hastings District,Nil,0.0,0.0,0.0,0.0,0.0,0.0,Open,1.0,0.0,0.0,Light rain
342702,1910013.0,5604683.0,545841.0,0.0,0.0,0.0,West,2007/2008,SH 50,WHAKAPIRAU ROAD,Minor Crash,Yes,2008,South,0.0,0.0,Flat,0.0,,0.0,0.0,Dark,1462700.0,1.0,0.0,0.0,2.0,0.0,0.0,,Hawke's Bay Region,Nil,2-way,Sealed,0.0,0.0,0.0,100.0,0.0,None,1.0,0.0,,30.0,Hastings District,Nil,0.0,0.0,0.0,0.0,0.0,0.0,Open,0.0,0.0,0.0,Fine
428286,1931007.0,5607966.0,545710.0,0.0,0.0,1.0,Null,2018/2019,PAKOWHAI ROAD,MORLEY ROAD,Non-Injury Crash,No,2018,East,0.0,,Flat,,,,,Overcast,1471100.0,0.0,0.0,0.0,2.0,0.0,,,Hawke's Bay Region,Nil,2-way,Sealed,0.0,0.0,,80.0,,On,0.0,0.0,,30.0,Hastings District,Stop,,,,,1.0,0.0,Open,0.0,,,Light rain
478143,1913605.0,5587666.0,545851.0,0.0,0.0,1.0,South,2007/2008,SH 2,TE AUTE TRUST ROAD,Non-Injury Crash,Yes,2008,North,0.0,1.0,Flat,0.0,,0.0,0.0,Dark,1464500.0,0.0,0.0,0.0,2.0,0.0,0.0,,Hawke's Bay Region,Nil,2-way,Sealed,0.0,0.0,0.0,100.0,0.0,On,0.0,0.0,,30.0,Hastings District,Nil,0.0,0.0,0.0,0.0,1.0,0.0,Open,0.0,0.0,0.0,Fine
44777,1933399.4255,5602917.9107,545750.0,0.0,0.0,0.0,North,2019/2020,NAPIER ROAD,ROMANES DRIVE,Serious Crash,No,2019,North,0.0,,Flat,,,,,Bright sun,1466202.0,0.0,0.0,1.0,2.0,0.0,,,Hawke's Bay Region,Nil,2-way,Sealed,0.0,1.0,,50.0,,Off,0.0,0.0,,30.0,Hastings District,Nil,,,,,1.0,0.0,Urban,0.0,,,Fine
259947,1930481.0,5604047.0,548100.0,0.0,0.0,2.0,Null,2007/2008,HERETAUNGA ST EAST,SYLVAN ROAD,Non-Injury Crash,No,2007,East,0.0,,Flat,,,,,Overcast,1501200.0,0.0,0.0,0.0,2.0,0.0,,,Hawke's Bay Region,Nil,2-way,Sealed,0.0,0.0,,50.0,,Null,0.0,0.0,,30.0,Hastings District,Give way,,,,,0.0,0.0,Urban,0.0,,,Fine
214747,1932575.0,5608502.0,545721.0,0.0,0.0,2.0,Null,2003/2004,RUAHAPIA ROAD,WHAKATU ROAD,Minor Crash,No,2004,South,0.0,,Flat,,,,,Overcast,1471600.0,1.0,0.0,0.0,2.0,0.0,,,Hawke's Bay Region,Nil,2-way,Sealed,0.0,0.0,,100.0,,Null,0.0,0.0,,30.0,Hastings District,Give way,,,,,0.0,0.0,Open,0.0,,,Fine
297182,1939384.0,5607948.0,545740.0,0.0,0.0,2.0,South,2017/2018,BEACH ROAD,CENTRE ROAD,Minor Crash,No,2017,North,0.0,0.0,Flat,0.0,,0.0,0.0,Dark,1407100.0,1.0,0.0,0.0,2.0,0.0,1.0,,Hawke's Bay Region,Nil,2-way,Sealed,0.0,0.0,0.0,50.0,0.0,On,0.0,0.0,,30.0,Hastings District,Unknown,0.0,0.0,0.0,0.0,0.0,0.0,Urban,0.0,0.0,0.0,Fine
705228,1934701.0,5641089.0,545811.0,0.0,0.0,1.0,West,2005/2006,SH 2,TANGOIO SETTLEMENT ROAD S,Serious Crash,Yes,2005,East,0.0,1.0,Flat,0.0,,0.0,0.0,Bright sun,1415700.0,2.0,0.0,0.0,2.0,0.0,0.0,,Hawke's Bay Region,Nil,2-way,Sealed,0.0,2.0,0.0,100.0,0.0,Null,0.0,0.0,,30.0,Hastings District,Nil,0.0,0.0,0.0,0.0,0.0,0.0,Open,0.0,0.0,0.0,Fine
361459,1934473.0,5599092.0,548833.0,1.0,0.0,1.0,East,2001/2002,TE MATA PEAK ROAD,PARK GATE,Minor Crash,No,2001,North,0.0,,Hill Road,,,,,Twilight,1467003.0,1.0,0.0,0.0,2.0,0.0,,,Hawke's Bay Region,Nil,2-way,Sealed,0.0,0.0,,100.0,,None,0.0,0.0,,30.0,Hastings District,Nil,,,,,0.0,0.0,Open,0.0,,,Fine
641737,1929851.0,5605477.0,548200.0,0.0,0.0,2.0,Null,2005/2006,ST AUBYN ST WEST,NELSON ST NORTH,Non-Injury Crash,No,2006,North,0.0,,Flat,,,,,Dark,1491000.0,0.0,0.0,0.0,5.0,0.0,,,Hawke's Bay Region,Nil,2-way,Sealed,0.0,0.0,,50.0,,On,0.0,0.0,,30.0,Hastings District,Pointsman,,,,,0.0,0.0,Urban,0.0,,,Snow
502263,1936399.0,5600027.0,545851.0,0.0,0.0,1.0,South,2015/2016,WAIMARAMA ROAD,MCLEAN ROAD,Non-Injury Crash,No,2015,South,0.0,1.0,Hill Road,0.0,,0.0,0.0,Bright sun,1467002.0,0.0,0.0,0.0,2.0,0.0,0.0,,Hawke's Bay Region,Nil,2-way,Sealed,0.0,0.0,0.0,80.0,0.0,Null,0.0,0.0,,30.0,Hastings District,Unknown,0.0,0.0,0.0,1.0,0.0,0.0,Open,0.0,0.0,0.0,Fine
423068,1925459.0,5607220.0,548620.0,0.0,0.0,1.0,East,2014/2015,HENDERSON ROAD,FLAXMERE AVENUE,Non-Injury Crash,No,2015,West,0.0,1.0,Flat,0.0,,0.0,1.0,Overcast,1474204.0,0.0,0.0,0.0,2.0,0.0,0.0,,Hawke's Bay Region,Nil,2-way,Sealed,0.0,0.0,0.0,70.0,0.0,Null,0.0,0.0,,30.0,Hastings District,Unknown,0.0,0.0,0.0,0.0,0.0,0.0,Urban,0.0,0.0,0.0,Light rain
465093,1928815.0,5606336.0,547800.0,0.0,0.0,2.0,West,2003/2004,Z CPK MILL LIQUOR STORE,PAKOWHAI/IKANUI,Non-Injury Crash,No,2004,North,0.0,0.0,Flat,0.0,,0.0,0.0,Bright sun,1477800.0,0.0,0.0,0.0,0.0,0.0,1.0,,Hawke's Bay Region,Nil,Off road,Sealed,0.0,0.0,0.0,50.0,0.0,Null,0.0,0.0,,30.0,Hastings District,Nil,0.0,0.0,0.0,0.0,0.0,0.0,Urban,0.0,0.0,0.0,Fine
181619,1934187.0,5607178.0,545722.0,0.0,0.0,2.0,Null,1999/2000,SH 2,NAPIER ROAD,Non-Injury Crash,Yes,2000,South,0.0,,Flat,,Easter,,,Dark,1406701.0,0.0,0.0,0.0,2.0,0.0,,,Hawke's Bay Region,Nil,2-way,Sealed,0.0,0.0,,100.0,,On,0.0,0.0,,30.0,Hastings District,Give way,,,,,0.0,0.0,Open,0.0,,,Fine
15863,1928699.0,5606670.0,547800.0,0.0,0.0,1.0,Null,2010/2011,IKANUI ROAD,HAPUKA ST,Non-Injury Crash,No,2011,South,0.0,,Flat,,,,,Bright sun,1477500.0,0.0,0.0,0.0,2.0,0.0,,,Hawke's Bay Region,Nil,2-way,Sealed,0.0,0.0,,50.0,,Null,0.0,0.0,,30.0,Hastings District,Give way,,,,,0.0,0.0,Urban,1.0,,,Fine
548856,1911790.0,5585908.0,545851.0,0.0,0.0,1.0,South,2016/2017,SH 2,TE ONEPU ROAD,Minor Crash,Yes,2016,South,0.0,1.0,Flat,0.0,,0.0,0.0,Dark,1464900.0,1.0,0.0,0.0,2.0,0.0,0.0,,Hawke's Bay Region,Nil,2-way,Sealed,0.0,0.0,0.0,100.0,0.0,None,0.0,0.0,,30.0,Hastings District,Unknown,0.0,0.0,0.0,0.0,0.0,0.0,Open,0.0,0.0,0.0,Mist or Fog
105297,1911823.0,5662404.0,545911.0,0.0,0.0,1.0,North,2007/2008,SH 5,MCVICAR ROAD,Non-Injury Crash,Yes,2007,North,0.0,,Flat,,,,,Overcast,1414300.0,0.0,0.0,0.0,2.0,0.0,,,Hawke's Bay Region,Nil,2-way,Sealed,0.0,0.0,,100.0,,Null,0.0,0.0,,30.0,Hastings District,Nil,,,,,0.0,0.0,Open,0.0,,,Light rain
64917,1930078.0,5603958.0,548300.0,0.0,0.0,1.0,Null,2013/2014,RIVERSLEA ROAD SOUTH,FERGUSON ST,Non-Injury Crash,No,2013,South,0.0,,Flat,,,,,Overcast,1501700.0,0.0,0.0,0.0,2.0,0.0,,,Hawke's Bay Region,Nil,2-way,Sealed,0.0,0.0,,50.0,,Null,0.0,0.0,,30.0,Hastings District,Give way,,,,,0.0,0.0,Urban,1.0,,,Fine
679424,1910481.0,5670457.0,545911.0,0.0,0.0,0.0,South,2007/2008,SH 5,STONEY CREEK CUL,Non-Injury Crash,Yes,2008,South,0.0,0.0,Hill Road,0.0,,0.0,0.0,Dark,1281200.0,0.0,0.0,0.0,2.0,0.0,0.0,,Hawke's Bay Region,Nil,2-way,Sealed,0.0,0.0,0.0,100.0,0.0,None,1.0,0.0,,30.0,Hastings District,Nil,0.0,0.0,0.0,0.0,0.0,0.0,Open,0.0,0.0,0.0,Fine
194157,1927985.0,5605649.0,547900.0,0.0,0.0,1.0,South,2013/2014,MARAEKAKAHO ROAD,GORDON ROAD,Minor Crash,No,2013,North,0.0,1.0,Flat,0.0,,0.0,0.0,Bright sun,1479800.0,1.0,0.0,0.0,2.0,0.0,0.0,,Hawke's Bay Region,Nil,2-way,Sealed,0.0,0.0,0.0,50.0,0.0,Null,0.0,0.0,,30.0,Hastings District,Unknown,0.0,0.0,0.0,0.0,0.0,0.0,Urban,0.0,0.0,0.0,Fine
448742,1924879.9631,5608794.2569,545710.0,0.0,0.0,2.0,Null,2019/2020,OMAHU ROAD,TWYFORD ROAD,Fatal Crash,No,2019,West,1.0,,Flat,,,,,Bright sun,1470900.0,1.0,0.0,0.0,2.0,0.0,,,Hawke's Bay Region,Nil,2-way,Sealed,0.0,0.0,,70.0,,Off,0.0,0.0,,30.0,Hastings District,Give way,,,,,0.0,0.0,Urban,0.0,,,Fine