OBJECTID,X,Y,areaUnitID,bicycle,bus,carStationWagon,crashDirectionDescription,crashFinancialYear,crashLocation1,crashLocation2,crashSeverity,crashSHDescription,crashYear,directionRoleDescription,fatalCount,fence,flatHill,guardRail,holiday,houseOrBuilding,kerb,light,meshblockId,minorInjuryCount,moped,motorcycle,NumberOfLanes,otherVehicleType,parkedVehicle,pedestrian,region,roadCharacter,roadLane,roadSurface,schoolBus,seriousInjuryCount,slipOrFlood,speedLimit,strayAnimal,streetLight,suv,taxi,temporarySpeedLimit,tlaId,tlaName,trafficControl,trafficIsland,trafficSign,train,tree,truck,unknownVehicleType,urban,vanOrUtility,vehicle,waterRiver,weatherA
223422,1932290.3536,5609042.8813,545710.0,0.0,0.0,1.0,North,2019/2020,PAKOWHAI ROAD,RUAHAPIA ROAD,Non-Injury Crash,No,2019,North,0.0,2.0,Flat,0.0,,0.0,0.0,Bright sun,1471100.0,0.0,0.0,0.0,2.0,0.0,0.0,,Hawke's Bay Region,Nil,2-way,Sealed,0.0,0.0,0.0,80.0,0.0,Off,0.0,0.0,,30.0,Hastings District,Nil,0.0,0.0,0.0,0.0,0.0,0.0,Open,0.0,0.0,0.0,Fine
4373,1928898.0,5606132.0,547700.0,0.0,0.0,1.0,East,2010/2011,HERETAUNGA ST WEST,STORTFORD ST,Non-Injury Crash,No,2011,West,0.0,,Flat,,,,,Bright sun,1486700.0,0.0,0.0,0.0,2.0,0.0,,,Hawke's Bay Region,Nil,2-way,Sealed,0.0,0.0,,50.0,,Null,1.0,0.0,,30.0,Hastings District,Nil,,,,,0.0,0.0,Urban,0.0,,,Fine
39378,1928150.0,5606577.0,548500.0,0.0,0.0,2.0,North,2001/2002,CANNING ROAD,ORCHARD ROAD,Non-Injury Crash,No,2002,South,0.0,,Flat,,,,,Dark,1478700.0,0.0,0.0,0.0,2.0,0.0,,,Hawke's Bay Region,Nil,2-way,Sealed,0.0,0.0,,50.0,,On,0.0,0.0,,30.0,Hastings District,Nil,,,,,0.0,0.0,Urban,0.0,,,Fine
264102,1925095.0,5606995.0,548620.0,0.0,0.0,1.0,Null,2006/2007,Z FCT BP,SWANSEA ROAD,Minor Crash,No,2007,West,0.0,,Flat,,,,,Overcast,1473700.0,1.0,0.0,0.0,0.0,0.0,,1.0,Hawke's Bay Region,Nil,Off road,Sealed,0.0,0.0,,50.0,,Null,0.0,0.0,,30.0,Hastings District,Nil,,,,,0.0,0.0,Urban,0.0,,,Fine
115233,1929344.0,5605544.0,547700.0,0.0,0.0,2.0,Null,2010/2011,HERETAUNGA ST WEST,TOMOANA ROAD,Non-Injury Crash,No,2011,North,0.0,,Flat,,,,,Bright sun,1487900.0,0.0,0.0,0.0,2.0,0.0,,,Hawke's Bay Region,Nil,2-way,Sealed,0.0,0.0,,50.0,,Null,0.0,0.0,,30.0,Hastings District,Give way,,,,,0.0,0.0,Urban,0.0,,,Fine
193606,1913845.0,5656787.0,545911.0,0.0,0.0,1.0,Null,2011/2012,MCVICAR ROAD,MCVICAR LEFT FORK ROAD,Minor Crash,No,2011,South,0.0,,Hill Road,,Christmas New Year,,,Bright sun,1414300.0,1.0,0.0,0.0,1.0,0.0,,,Hawke's Bay Region,Nil,2-way,Unsealed,0.0,0.0,,100.0,,Null,0.0,0.0,,30.0,Hastings District,Nil,,,,,0.0,0.0,Open,1.0,,,Fine
541006,1936304.0,5611108.0,545730.0,0.0,0.0,1.0,North,2008/2009,SH 2,WILLIAMSON ROAD,Non-Injury Crash,Yes,2009,North,0.0,0.0,Flat,0.0,,0.0,0.0,Bright sun,1405500.0,0.0,0.0,0.0,2.0,0.0,0.0,,Hawke's Bay Region,Nil,2-way,Sealed,0.0,0.0,0.0,50.0,0.0,Null,0.0,0.0,,30.0,Hastings District,Nil,0.0,1.0,0.0,0.0,0.0,0.0,Urban,0.0,0.0,0.0,Fine
18811,1916139.0,5654789.0,545912.0,0.0,0.0,0.0,North,2011/2012,SH 5,TE POHUE LOOP ROAD N,Non-Injury Crash,Yes,2012,South,0.0,,Hill Road,,,,,Overcast,1414504.0,0.0,0.0,0.0,2.0,0.0,,,Hawke's Bay Region,Nil,2-way,Sealed,0.0,0.0,,100.0,,Null,0.0,0.0,,30.0,Hastings District,Nil,,,,,1.0,0.0,Open,0.0,,,Fine
508784,1930546.0,5603600.0,548300.0,0.0,0.0,2.0,East,2002/2003,LUMSDEN ROAD,LUMSDEN PLACE,Non-Injury Crash,No,2003,East,0.0,0.0,Flat,0.0,,0.0,0.0,Dark,1502800.0,0.0,0.0,0.0,2.0,0.0,1.0,,Hawke's Bay Region,Nil,2-way,Sealed,0.0,0.0,0.0,50.0,0.0,None,0.0,0.0,,30.0,Hastings District,Nil,0.0,0.0,0.0,0.0,0.0,0.0,Urban,0.0,0.0,0.0,Light rain
310481,1933574.0,5612603.0,545832.0,0.0,0.0,1.0,South,2003/2004,BROOKFIELDS ROAD,BROOKFIELDS BR,Minor Crash,No,2004,South,0.0,0.0,Flat,0.0,,0.0,0.0,Dark,1403900.0,2.0,0.0,0.0,1.0,0.0,0.0,,Hawke's Bay Region,Nil,2-way,Sealed,0.0,0.0,0.0,100.0,0.0,None,0.0,0.0,,30.0,Hastings District,Give way,0.0,0.0,0.0,0.0,0.0,0.0,Open,0.0,0.0,0.0,Fine
245913,1929878.0,5605947.0,547700.0,0.0,0.0,0.0,Null,2008/2009,TOMOANA ROAD,FITZROY AVENUE,Non-Injury Crash,No,2009,West,0.0,,Flat,,,,,Bright sun,1488400.0,0.0,1.0,0.0,2.0,0.0,,,Hawke's Bay Region,Nil,2-way,Sealed,0.0,0.0,,50.0,,Null,1.0,0.0,,30.0,Hastings District,Stop,,,,,0.0,0.0,Urban,0.0,,,Fine
383637,1931539.0,5604787.0,548000.0,0.0,0.0,2.0,South,2010/2011,GROVE ROAD,SYLVAN ROAD,Non-Injury Crash,No,2010,North,0.0,0.0,Flat,0.0,,0.0,0.0,Bright sun,1498600.0,0.0,0.0,0.0,2.0,0.0,0.0,,Hawke's Bay Region,Nil,2-way,Sealed,0.0,0.0,0.0,50.0,0.0,Null,0.0,0.0,,30.0,Hastings District,Nil,0.0,0.0,0.0,0.0,0.0,0.0,Urban,0.0,1.0,0.0,Fine
536881,1932594.0,5609333.0,545832.0,0.0,0.0,0.0,South,2004/2005,PAKOWHAI ROAD,FARNDON ROAD,Serious Crash,No,2004,South,0.0,0.0,Flat,1.0,,0.0,0.0,Bright sun,1404300.0,0.0,0.0,0.0,2.0,1.0,0.0,,Hawke's Bay Region,Nil,2-way,Sealed,0.0,1.0,0.0,100.0,0.0,Null,0.0,0.0,,30.0,Hastings District,Nil,0.0,0.0,0.0,0.0,1.0,0.0,Open,0.0,0.0,0.0,Fine
319896,1925172.0,5608582.0,545710.0,0.0,0.0,1.0,North,2013/2014,OMAHU ROAD,JARVIS ROAD,Minor Crash,No,2013,South,0.0,,Flat,,,,,Overcast,1470900.0,1.0,0.0,0.0,2.0,0.0,,,Hawke's Bay Region,Nil,2-way,Sealed,0.0,0.0,,50.0,,Null,0.0,0.0,,30.0,Hastings District,Nil,,,,,1.0,0.0,Urban,1.0,,,Fine
111829,1930584.0,5605295.0,548200.0,0.0,0.0,1.0,Null,2010/2011,KARAMU ROAD NORTH,ALEXANDRA CRESCENT,Minor Crash,No,2011,North,0.0,0.0,Flat,0.0,,0.0,0.0,Dark,1494300.0,4.0,0.0,0.0,2.0,0.0,0.0,,Hawke's Bay Region,Nil,2-way,Sealed,0.0,0.0,0.0,50.0,0.0,On,1.0,0.0,,30.0,Hastings District,Stop,0.0,0.0,0.0,0.0,0.0,0.0,Urban,0.0,0.0,0.0,Fine
70142,1931290.0,5604012.0,548100.0,0.0,0.0,2.0,Null,2003/2004,WINDSOR AVENUE,LOUIE ST,Non-Injury Crash,No,2004,North,0.0,,Flat,,,,,Overcast,1500200.0,0.0,0.0,0.0,2.0,0.0,,,Hawke's Bay Region,Nil,2-way,Sealed,0.0,0.0,,50.0,,Null,0.0,0.0,,30.0,Hastings District,Give way,,,,,0.0,0.0,Urban,0.0,,,Fine
142691,1938446.0,5607905.0,545740.0,0.0,0.0,0.0,South,2001/2002,PARKHILL ROAD,HAUMOANA ROAD,Non-Injury Crash,No,2002,South,0.0,0.0,Flat,0.0,,0.0,0.0,Overcast,1407300.0,0.0,0.0,0.0,2.0,0.0,0.0,,Hawke's Bay Region,Nil,2-way,Sealed,0.0,0.0,0.0,100.0,0.0,Null,0.0,0.0,,30.0,Hastings District,Nil,0.0,0.0,0.0,1.0,0.0,0.0,Open,1.0,0.0,0.0,Heavy rain
717814,1929556.5935,5604678.3112,548200.0,1.0,0.0,1.0,Null,2018/2019,RAILWAY ROAD,SOUTHAMPTON STREET EAST,Fatal Crash,No,2019,North,1.0,0.0,Flat,0.0,,0.0,0.0,Bright sun,1489802.0,0.0,0.0,0.0,3.0,0.0,1.0,,Hawke's Bay Region,Nil,2-way,Sealed,0.0,0.0,0.0,50.0,0.0,Null,0.0,0.0,,30.0,Hastings District,Traffic Signals,0.0,0.0,0.0,0.0,0.0,0.0,Urban,1.0,0.0,0.0,Fine
224720,1930951.0,5606308.0,547600.0,0.0,0.0,1.0,Null,2008/2009,WILLIAMS ST,NELSON ST NORTH,Non-Injury Crash,No,2009,South,0.0,0.0,Flat,0.0,,0.0,0.0,Dark,1483900.0,0.0,0.0,0.0,2.0,0.0,0.0,,Hawke's Bay Region,Nil,2-way,Sealed,0.0,0.0,0.0,50.0,0.0,On,0.0,0.0,,30.0,Hastings District,Nil,0.0,0.0,0.0,0.0,0.0,0.0,Urban,0.0,0.0,0.0,Fine
12024,1931418.0,5605796.0,548000.0,0.0,0.0,1.0,Null,2001/2002,KARAMU ROAD NORTH,WARWICK ROAD,Non-Injury Crash,No,2001,North,0.0,,Flat,,,,,Overcast,1496700.0,0.0,0.0,0.0,2.0,0.0,,,Hawke's Bay Region,Nil,2-way,Sealed,0.0,0.0,,50.0,,Null,0.0,0.0,,30.0,Hastings District,Give way,,,,,1.0,0.0,Urban,0.0,,,Fine
477773,1932559.0,5601696.0,548831.0,0.0,0.0,2.0,North,2007/2008,HAVELOCK ROAD,NAPIER ROAD,Non-Injury Crash,No,2008,North,0.0,,Flat,,,,,Dark,1509600.0,0.0,0.0,0.0,2.0,0.0,,,Hawke's Bay Region,Nil,2-way,Sealed,0.0,0.0,,50.0,,On,0.0,0.0,,30.0,Hastings District,Give way,,,,,0.0,0.0,Urban,0.0,,,Fine
221550,1932002.0,5611839.0,545832.0,0.0,0.0,2.0,North,2000/2001,PAKOWHAI ROAD,BROOKFIELDS ROAD,Non-Injury Crash,No,2001,North,0.0,,Flat,,,,,Dark,1403900.0,0.0,0.0,0.0,2.0,0.0,,,Hawke's Bay Region,Nil,2-way,Sealed,0.0,0.0,,70.0,,On,0.0,0.0,,30.0,Hastings District,Nil,,,,,0.0,0.0,Urban,0.0,,,Fine
143625,1929669.0,5605113.0,548200.0,0.0,0.0,2.0,East,2005/2006,HERETAUNGA ST WEST,KING ST SOUTH,Non-Injury Crash,No,2006,West,0.0,,Flat,,,,,Dark,1491200.0,0.0,0.0,0.0,2.0,0.0,,,Hawke's Bay Region,Nil,2-way,Sealed,0.0,0.0,,50.0,,On,0.0,0.0,,30.0,Hastings District,Nil,,,,,0.0,0.0,Urban,0.0,,,Fine
63365,1909970.0,5664641.0,545911.0,0.0,0.0,2.0,North,2005/2006,SH 5,TE HAROTO ROAD,Non-Injury Crash,Yes,2005,South,0.0,,Hill Road,,,,,Bright sun,1414400.0,0.0,0.0,0.0,2.0,0.0,,,Hawke's Bay Region,Nil,2-way,Sealed,0.0,0.0,,100.0,,Null,0.0,0.0,,30.0,Hastings District,Nil,,,,,0.0,0.0,Open,0.0,,,Fine
554018,1933915.0,5601982.0,548832.0,0.0,0.0,1.0,East,2011/2012,TE MATA ROAD,SIMLA AVENUE,Non-Injury Crash,No,2011,South,0.0,0.0,Hill Road,0.0,,0.0,0.0,Dark,1510500.0,0.0,0.0,0.0,2.0,0.0,0.0,,Hawke's Bay Region,Nil,2-way,Sealed,0.0,0.0,0.0,50.0,0.0,On,0.0,0.0,,30.0,Hastings District,Nil,1.0,0.0,0.0,0.0,0.0,0.0,Urban,0.0,0.0,0.0,Fine
427211,1931658.0,5608196.0,545721.0,0.0,0.0,1.0,South,2005/2006,ELWOOD ROAD,PAKOWHAI ROAD,Non-Injury Crash,No,2005,South,0.0,0.0,Flat,0.0,,0.0,0.0,Bright sun,1471500.0,0.0,0.0,0.0,2.0,0.0,0.0,,Hawke's Bay Region,Nil,2-way,Sealed,0.0,0.0,0.0,100.0,0.0,Null,0.0,0.0,,30.0,Hastings District,Nil,0.0,0.0,0.0,0.0,0.0,0.0,Open,0.0,0.0,0.0,Fine
238313,1933620.0,5612746.0,545832.0,0.0,0.0,1.0,Null,1999/2000,BROOKFIELDS ROAD,BROOKFIELDS BR,Non-Injury Crash,No,2000,North,0.0,0.0,Flat,0.0,,0.0,0.0,Overcast,1403900.0,0.0,0.0,0.0,2.0,0.0,0.0,,Hawke's Bay Region,Bridge,2-way,Sealed,0.0,0.0,0.0,100.0,0.0,Null,0.0,0.0,,30.0,Hastings District,Unknown,0.0,0.0,0.0,0.0,0.0,0.0,Open,0.0,0.0,0.0,Light rain
304471,1932909.0,5601541.0,548832.0,0.0,0.0,2.0,West,2011/2012,CAMPBELL ST,BUSBY HILL,Non-Injury Crash,No,2012,South,0.0,,Flat,,,,,Dark,1508400.0,0.0,0.0,0.0,2.0,0.0,,,Hawke's Bay Region,Nil,2-way,Sealed,0.0,0.0,,50.0,,On,0.0,0.0,,30.0,Hastings District,Nil,,,,,0.0,0.0,Urban,0.0,,,Fine
170120,1933727.0,5602071.0,548832.0,0.0,0.0,2.0,East,2001/2002,TE MATA ROAD,GUTHRIE ROAD,Non-Injury Crash,No,2002,West,0.0,,Flat,,,,,Bright sun,1510300.0,0.0,0.0,0.0,2.0,0.0,,,Hawke's Bay Region,Nil,2-way,Sealed,0.0,0.0,,50.0,,Null,0.0,0.0,,30.0,Hastings District,Nil,,,,,0.0,0.0,Urban,1.0,,,Fine
108326,1931613.0,5608421.0,545710.0,0.0,0.0,1.0,Null,2004/2005,PAKOWHAI ROAD,ELWOOD ROAD,Minor Crash,No,2004,East,0.0,,Flat,,,,,Bright sun,1471100.0,2.0,0.0,0.0,3.0,0.0,,,Hawke's Bay Region,Nil,2-way,Sealed,0.0,0.0,,100.0,,Null,0.0,0.0,,30.0,Hastings District,Give way,,,,,1.0,0.0,Open,0.0,,,Fine
290214,1929212.0,5605717.0,547700.0,0.0,0.0,1.0,West,2003/2004,HERETAUNGA ST WEST,MCLEAN ST,Non-Injury Crash,No,2003,West,0.0,,Flat,,,,,Overcast,1487800.0,0.0,0.0,0.0,2.0,0.0,,,Hawke's Bay Region,Nil,2-way,Sealed,0.0,0.0,,50.0,,Null,0.0,0.0,,30.0,Hastings District,Nil,,,,,0.0,0.0,Urban,1.0,,,Fine
109205,1918571.9572,5648787.2754,545911.0,0.0,0.0,2.0,North,2019/2020,005-0220,OHURAKURA ROAD,Minor Crash,Yes,2019,South,0.0,,Hill Road,,,,,Dark,1415900.0,3.0,0.0,0.0,3.0,0.0,,,Hawke's Bay Region,Nil,2-way,Sealed,0.0,0.0,,100.0,,None,0.0,0.0,,30.0,Hastings District,Unknown,,,,,0.0,0.0,Open,0.0,,,Light rain
605208,1930001.0,5605211.0,548200.0,0.0,0.0,0.0,South,2011/2012,MARKET ST NORTH,ST AUBYN ST WEST,Non-Injury Crash,No,2011,South,0.0,0.0,Flat,0.0,,0.0,0.0,Bright sun,1491400.0,0.0,0.0,0.0,2.0,0.0,0.0,,Hawke's Bay Region,Nil,2-way,Sealed,0.0,0.0,0.0,50.0,0.0,Null,0.0,0.0,,30.0,Hastings District,Nil,0.0,0.0,0.0,0.0,1.0,0.0,Urban,1.0,1.0,0.0,Fine
4578,1929509.0,5608835.0,545710.0,0.0,0.0,1.0,Null,2017/2018,SH 50A,EVENDEN ROAD,Non-Injury Crash,Yes,2018,South,0.0,1.0,Flat,0.0,Queens Birthday,0.0,0.0,Dark,1471100.0,0.0,0.0,0.0,4.0,0.0,0.0,,Hawke's Bay Region,Nil,2-way,Sealed,0.0,0.0,0.0,50.0,0.0,On,0.0,0.0,,30.0,Hastings District,Give way,0.0,1.0,0.0,0.0,0.0,0.0,Urban,0.0,0.0,0.0,Light rain
385244,1929755.0,5605202.0,548200.0,0.0,0.0,1.0,Null,2004/2005,KING ST NORTH,QUEEN ST WEST,Serious Crash,No,2004,North,0.0,,Flat,,,,,Dark,1491300.0,0.0,0.0,0.0,2.0,0.0,,1.0,Hawke's Bay Region,Nil,2-way,Sealed,0.0,1.0,,50.0,,On,0.0,0.0,,30.0,Hastings District,Give way,,,,,0.0,0.0,Urban,0.0,,,Fine
87958,1930684.0,5606096.0,547600.0,0.0,0.0,1.0,Null,2015/2016,FREDERICK ST,NELSON ST NORTH,Non-Injury Crash,No,2015,South,0.0,,Flat,,,,,Overcast,1483500.0,0.0,0.0,1.0,2.0,0.0,,,Hawke's Bay Region,Nil,2-way,Sealed,0.0,0.0,,50.0,,Null,0.0,0.0,,30.0,Hastings District,Give way,,,,,0.0,0.0,Urban,0.0,,,Fine
595689,1929993.0,5604885.0,548200.0,0.0,0.0,1.0,Null,1999/2000,QUEEN ST EAST,KARAMU ROAD NORTH,Non-Injury Crash,No,2000,West,0.0,,Flat,,,,,Overcast,1492800.0,0.0,0.0,0.0,2.0,0.0,,,Hawke's Bay Region,Nil,2-way,Sealed,0.0,0.0,,50.0,,Null,0.0,0.0,,30.0,Hastings District,Traffic Signals,,,,,0.0,0.0,Urban,1.0,,,Light rain
637883,1929179.0,5605159.0,548200.0,0.0,0.0,2.0,Null,1999/2000,SOUTHLAND ROAD,SOUTHAMPTON ST WEST,Non-Injury Crash,No,2000,East,0.0,,Flat,,,,,Overcast,1488600.0,0.0,0.0,0.0,2.0,0.0,,,Hawke's Bay Region,Nil,2-way,Sealed,0.0,0.0,,50.0,,Null,0.0,0.0,,30.0,Hastings District,Give way,,,,,0.0,0.0,Urban,0.0,,,Fine
681947,1931241.0,5614361.0,545831.0,0.0,0.0,2.0,South,2006/2007,SH 50,MEEANEE ROAD,Non-Injury Crash,Yes,2007,North,0.0,,Flat,,,,,Bright sun,1404600.0,0.0,0.0,0.0,2.0,0.0,,,Hawke's Bay Region,Bridge,2-way,Sealed,0.0,0.0,,100.0,,Null,1.0,0.0,,30.0,Hastings District,Nil,,,,,0.0,0.0,Open,1.0,,,Fine
613888,1930510.0,5604594.0,548100.0,1.0,0.0,1.0,Null,2011/2012,ST AUBYN ST EAST,WILLOWPARK ROAD NORTH,Minor Crash,No,2011,South,0.0,,Flat,,,,,Overcast,1500800.0,1.0,0.0,0.0,2.0,0.0,,,Hawke's Bay Region,Nil,2-way,Sealed,0.0,0.0,,50.0,,Null,0.0,0.0,,30.0,Hastings District,Give way,,,,,0.0,0.0,Urban,0.0,,,Fine
252716,1933327.0,5601977.0,548831.0,0.0,0.0,2.0,West,2009/2010,TE MATA ROAD,LINDSAY ST,Non-Injury Crash,No,2010,West,0.0,,Flat,,,,,Bright sun,1509900.0,0.0,0.0,0.0,2.0,0.0,,,Hawke's Bay Region,Nil,2-way,Sealed,0.0,0.0,,50.0,,Null,0.0,0.0,,30.0,Hastings District,Nil,,,,,0.0,0.0,Urban,0.0,,,Fine
881,1929827.5989,5605456.8113,548200.0,0.0,0.0,1.0,Null,2019/2020,ST AUBYN STREET WEST,NELSON STREET NORTH,Minor Crash,No,2020,North,0.0,,Flat,,,,,Overcast,1490900.0,1.0,0.0,0.0,2.0,0.0,,1.0,Hawke's Bay Region,Nil,2-way,Sealed,0.0,0.0,,50.0,,Off,0.0,0.0,,30.0,Hastings District,Traffic Signals,,,,,0.0,0.0,Urban,0.0,,,Fine
612238,1928326.0,5605909.0,548500.0,0.0,0.0,0.0,North,2002/2003,MARAEKAKAHO ROAD,FRANCIS HICKS AVENUE,Non-Injury Crash,No,2002,South,0.0,,Flat,,,,,Bright sun,1479600.0,0.0,0.0,0.0,2.0,0.0,,,Hawke's Bay Region,Nil,2-way,Sealed,0.0,0.0,,50.0,,None,0.0,0.0,,30.0,Hastings District,Nil,,,,,1.0,0.0,Urban,1.0,,,Fine
297580,1929856.2596,5605479.902000001,548200.0,0.0,0.0,0.0,Null,2019/2020,NELSON STREET NORTH,ST AUBYN STREET WEST,Non-Injury Crash,No,2020,South,0.0,,Flat,,,,,Overcast,1491000.0,0.0,0.0,0.0,3.0,0.0,,,Hawke's Bay Region,Nil,2-way,Sealed,0.0,0.0,,50.0,,Off,0.0,0.0,,30.0,Hastings District,Traffic Signals,,,,,1.0,0.0,Urban,1.0,,,Fine
427497,1931926.0,5601866.0,548810.0,0.0,0.0,1.0,East,2016/2017,LIPSCOMBE CRESCENT,PANCKHURST ST,Serious Crash,No,2016,North,0.0,,Flat,,Christmas New Year,,,Twilight,1505300.0,0.0,0.0,1.0,2.0,0.0,,,Hawke's Bay Region,Nil,2-way,Sealed,0.0,1.0,,50.0,,None,0.0,0.0,,30.0,Hastings District,Nil,,,,,0.0,0.0,Urban,0.0,,,Fine
403908,1929841.0,5604934.0,548200.0,0.0,1.0,1.0,North,2002/2003,RUSSELL ST NORTH,HERETAUNGA ST EAST,Non-Injury Crash,No,2003,North,0.0,0.0,Flat,0.0,,0.0,0.0,Dark,1492100.0,0.0,0.0,0.0,2.0,0.0,1.0,,Hawke's Bay Region,Nil,2-way,Sealed,0.0,0.0,0.0,50.0,0.0,On,0.0,0.0,,30.0,Hastings District,Nil,0.0,0.0,0.0,0.0,0.0,0.0,Urban,0.0,0.0,0.0,Fine
242117,1932645.0,5609492.0,545832.0,0.0,0.0,1.0,South,2009/2010,PAKOWHAI ROAD,FARNDON ROAD,Fatal Crash,No,2009,South,1.0,1.0,Flat,0.0,,0.0,0.0,Dark,1404300.0,0.0,0.0,0.0,2.0,0.0,0.0,,Hawke's Bay Region,Nil,2-way,Sealed,0.0,0.0,0.0,100.0,0.0,On,0.0,0.0,,30.0,Hastings District,Nil,0.0,0.0,0.0,1.0,0.0,0.0,Open,0.0,0.0,0.0,Fine
392584,1928844.0,5605089.0,548200.0,0.0,0.0,2.0,North,2007/2008,CHARLES ST,HENRY ST,Non-Injury Crash,No,2007,South,0.0,,Flat,,,,,Dark,1488500.0,0.0,0.0,0.0,2.0,0.0,,,Hawke's Bay Region,Nil,2-way,Sealed,0.0,0.0,,50.0,,On,0.0,0.0,,30.0,Hastings District,Nil,,,,,0.0,0.0,Urban,0.0,,,Fine
425643,1930481.0,5610271.0,545832.0,0.0,0.0,0.0,Null,2009/2010,SH 50A,NGARURORO BR,Non-Injury Crash,Yes,2010,North,0.0,,Flat,,,,,Twilight,1404400.0,0.0,0.0,0.0,2.0,0.0,,,Hawke's Bay Region,Bridge,2-way,Sealed,0.0,0.0,,100.0,,None,1.0,0.0,,30.0,Hastings District,Nil,,,,,1.0,0.0,Open,0.0,,,Mist or Fog
138119,1930378.1882,5607485.4539,545710.0,0.0,0.0,1.0,East,2019/2020,PAKOWHAI ROAD,GRENSIDE LANE,Serious Crash,No,2020,North,0.0,0.0,Flat,0.0,,0.0,0.0,Bright sun,1471300.0,0.0,0.0,0.0,2.0,0.0,1.0,,Hawke's Bay Region,Nil,2-way,Sealed,0.0,1.0,0.0,70.0,0.0,Off,0.0,0.0,,30.0,Hastings District,Nil,0.0,0.0,0.0,0.0,1.0,0.0,Urban,0.0,0.0,0.0,Fine
222549,1934243.6027,5607197.2328,545722.0,0.0,0.0,1.0,Null,2019/2020,SH 51,NAPIER ROAD,Non-Injury Crash,Yes,2019,South,0.0,,Flat,,Christmas New Year,,,Overcast,1406400.0,0.0,0.0,0.0,2.0,0.0,,,Hawke's Bay Region,Nil,2-way,Sealed,0.0,0.0,,80.0,,Off,0.0,0.0,,30.0,Hastings District,Give way,,,,,0.0,0.0,Open,1.0,,,Fine
96970,1934919.0,5610138.0,545832.0,0.0,0.0,1.0,North,2007/2008,FARNDON ROAD,KOHUPATIKI ROAD N,Serious Crash,No,2007,South,0.0,0.0,Flat,0.0,,0.0,0.0,Overcast,1404200.0,2.0,0.0,0.0,2.0,0.0,0.0,,Hawke's Bay Region,Nil,2-way,Sealed,0.0,1.0,0.0,100.0,0.0,Null,0.0,0.0,,30.0,Hastings District,Nil,0.0,0.0,0.0,0.0,0.0,0.0,Open,0.0,0.0,0.0,Fine
386926,1931039.0,5605564.0,548000.0,0.0,0.0,2.0,Null,2003/2004,KARUMU ROAD NORTH,FREDERICK ST,Non-Injury Crash,No,2004,South,0.0,,Flat,,,,,Dark,1497100.0,0.0,0.0,0.0,2.0,0.0,,,Hawke's Bay Region,Nil,2-way,Sealed,0.0,0.0,,50.0,,On,0.0,0.0,,30.0,Hastings District,Traffic Signals,,,,,0.0,0.0,Urban,0.0,,,Fine
684101,1931870.0,5607130.0,545721.0,0.0,0.0,1.0,Null,2003/2004,ELWOOD ROAD,OTENE ROAD,Non-Injury Crash,No,2003,North,0.0,0.0,Flat,0.0,,0.0,0.0,Dark,1471700.0,0.0,0.0,0.0,2.0,0.0,0.0,,Hawke's Bay Region,Nil,2-way,Sealed,0.0,0.0,0.0,100.0,0.0,On,0.0,0.0,,30.0,Hastings District,Give way,0.0,0.0,0.0,0.0,0.0,0.0,Open,0.0,0.0,0.0,Fine
332550,1915232.0,5655785.0,545911.0,0.0,0.0,0.0,South,2006/2007,SH 5,WAITARA ROAD,Non-Injury Crash,Yes,2007,South,0.0,,Flat,,,,,Dark,1415900.0,0.0,0.0,0.0,2.0,0.0,,,Hawke's Bay Region,Nil,2-way,Sealed,0.0,0.0,,100.0,,None,0.0,0.0,,30.0,Hastings District,Nil,,,,,1.0,0.0,Open,0.0,,,Fine
179499,1930614.0,5603905.0,548100.0,0.0,0.0,1.0,Null,2017/2018,PARK ROAD NORTH,HERETAUNGA ST EAST,Non-Injury Crash,No,2017,South,0.0,0.0,Flat,0.0,,0.0,0.0,Overcast,1501200.0,0.0,0.0,0.0,2.0,0.0,0.0,,Hawke's Bay Region,Nil,2-way,Sealed,0.0,0.0,0.0,50.0,0.0,Null,0.0,0.0,,30.0,Hastings District,Give way,0.0,1.0,0.0,0.0,0.0,0.0,Urban,0.0,0.0,0.0,Light rain
598263,1936550.5257,5612252.8923,545832.0,0.0,0.0,1.0,North,2019/2020,SH 51,HELLYERS LANE,Non-Injury Crash,Yes,2019,North,0.0,0.0,Flat,0.0,,0.0,0.0,Overcast,1404200.0,0.0,0.0,0.0,2.0,0.0,0.0,,Hawke's Bay Region,Nil,2-way,Sealed,0.0,0.0,0.0,100.0,0.0,Off,0.0,0.0,,30.0,Hastings District,Unknown,0.0,0.0,0.0,1.0,0.0,0.0,Open,0.0,0.0,0.0,Heavy rain
621995,1934505.0,5599385.0,548833.0,0.0,0.0,1.0,South,2005/2006,TE MATA PEAK ROAD,PARK GATE,Non-Injury Crash,No,2006,North,0.0,0.0,Hill Road,0.0,,0.0,0.0,Dark,1467003.0,0.0,0.0,0.0,2.0,0.0,0.0,,Hawke's Bay Region,Nil,2-way,Sealed,0.0,0.0,0.0,50.0,0.0,None,0.0,0.0,,30.0,Hastings District,Nil,0.0,0.0,0.0,1.0,0.0,0.0,Urban,0.0,0.0,0.0,Fine