OBJECTID,X,Y,areaUnitID,bicycle,bus,carStationWagon,crashDirectionDescription,crashFinancialYear,crashLocation1,crashLocation2,crashSeverity,crashSHDescription,crashYear,directionRoleDescription,fatalCount,fence,flatHill,guardRail,holiday,houseOrBuilding,kerb,light,meshblockId,minorInjuryCount,moped,motorcycle,NumberOfLanes,otherVehicleType,parkedVehicle,pedestrian,region,roadCharacter,roadLane,roadSurface,schoolBus,seriousInjuryCount,slipOrFlood,speedLimit,strayAnimal,streetLight,suv,taxi,temporarySpeedLimit,tlaId,tlaName,trafficControl,trafficIsland,trafficSign,train,tree,truck,unknownVehicleType,urban,vanOrUtility,vehicle,waterRiver,weatherA
654881,1924917.0,5637540.0,545811.0,0.0,0.0,0.0,South,2004/2005,SH 5,GLENGARRY ROAD,Non-Injury Crash,Yes,2005,North,0.0,0.0,Hill Road,1.0,,0.0,0.0,Overcast,1414800.0,0.0,0.0,0.0,3.0,0.0,0.0,,Hawke's Bay Region,Nil,2-way,Sealed,0.0,0.0,0.0,100.0,0.0,Null,0.0,0.0,,30.0,Hastings District,Nil,0.0,0.0,0.0,1.0,0.0,0.0,Open,1.0,0.0,0.0,Fine
76456,1932505.0,5601810.0,548831.0,0.0,0.0,1.0,Null,2004/2005,PORTER DRIVE,HAVELOCK ROAD,Minor Crash,No,2004,South,0.0,0.0,Flat,0.0,,0.0,0.0,Overcast,1509600.0,1.0,0.0,0.0,2.0,0.0,0.0,,Hawke's Bay Region,Nil,2-way,Sealed,0.0,0.0,0.0,50.0,0.0,Null,0.0,0.0,,30.0,Hastings District,Nil,1.0,1.0,0.0,0.0,0.0,0.0,Urban,0.0,0.0,0.0,Fine
46807,1932871.0,5606339.0,545721.0,0.0,1.0,0.0,North,2008/2009,SH 2,ST GEORGES ROAD,Non-Injury Crash,Yes,2009,North,0.0,,Flat,,,,,Bright sun,1472100.0,0.0,0.0,0.0,2.0,0.0,,,Hawke's Bay Region,Nil,2-way,Sealed,0.0,0.0,,100.0,,Null,0.0,0.0,,30.0,Hastings District,Nil,,,,,0.0,0.0,Open,1.0,,,Fine
78959,1916061.0,5590968.0,545851.0,0.0,0.0,1.0,South,2018/2019,SH 2,TE AUTE COL,Minor Crash,Yes,2018,North,0.0,1.0,Flat,0.0,,0.0,0.0,Overcast,1464300.0,1.0,0.0,0.0,2.0,0.0,0.0,,Hawke's Bay Region,Nil,2-way,Sealed,0.0,0.0,0.0,100.0,0.0,Null,0.0,0.0,,30.0,Hastings District,Unknown,0.0,0.0,0.0,0.0,0.0,0.0,Open,0.0,0.0,0.0,Fine
524437,1929214.0,5585129.0,545860.0,0.0,0.0,0.0,South,2016/2017,KAHURANAKI ROAD,MACKENZIE ROAD,Non-Injury Crash,No,2016,North,0.0,1.0,Flat,0.0,,0.0,0.0,Overcast,1467301.0,0.0,0.0,0.0,2.0,0.0,0.0,,Hawke's Bay Region,Nil,2-way,Sealed,0.0,0.0,0.0,100.0,0.0,Null,0.0,0.0,,30.0,Hastings District,Nil,0.0,0.0,0.0,0.0,1.0,0.0,Open,1.0,0.0,0.0,Fine
397342,1932965.0,5602086.0,548831.0,0.0,0.0,1.0,North,2009/2010,NAPIER ROAD,BENNELONG PLACE,Non-Injury Crash,No,2009,North,0.0,,Flat,,,,,Overcast,1509100.0,0.0,0.0,0.0,2.0,0.0,,,Hawke's Bay Region,Nil,2-way,Sealed,0.0,0.0,,50.0,,Null,1.0,0.0,,30.0,Hastings District,Nil,,,,,0.0,0.0,Urban,0.0,,,Fine
467227,1933276.0,5609795.0,545832.0,0.0,0.0,1.0,North,2002/2003,FARNDON ROAD,CHESTERHOPE BRIDGE,Non-Injury Crash,No,2003,North,0.0,0.0,Flat,0.0,Queens Birthday,0.0,0.0,Bright sun,1404200.0,0.0,0.0,0.0,2.0,0.0,0.0,,Hawke's Bay Region,Nil,2-way,Sealed,0.0,0.0,0.0,100.0,0.0,Null,0.0,0.0,,30.0,Hastings District,Nil,0.0,0.0,0.0,0.0,0.0,0.0,Open,0.0,0.0,0.0,Fine
434112,1926465.0,5608002.0,545710.0,0.0,0.0,1.0,Null,2017/2018,OMAHU ROAD,HENDERSON ROAD,Non-Injury Crash,No,2017,North,0.0,0.0,Flat,0.0,,0.0,0.0,Dark,1470900.0,0.0,0.0,0.0,2.0,0.0,0.0,,Hawke's Bay Region,Nil,2-way,Sealed,0.0,0.0,0.0,50.0,0.0,On,0.0,0.0,,30.0,Hastings District,Give way,1.0,0.0,0.0,0.0,0.0,0.0,Urban,0.0,0.0,0.0,Fine
676897,1929435.0,5606032.0,547700.0,0.0,0.0,1.0,Null,2002/2003,ST AUBYN ST WEST,GRAYS ROAD,Non-Injury Crash,No,2002,North,0.0,,Flat,,,,,Dark,1488100.0,0.0,0.0,0.0,2.0,0.0,,,Hawke's Bay Region,Nil,2-way,Sealed,0.0,0.0,,50.0,,On,0.0,0.0,,30.0,Hastings District,Give way,,,,,0.0,0.0,Urban,1.0,,,Fine
689273,1927641.0,5607417.0,547800.0,0.0,0.0,1.0,Null,2008/2009,SH 50A,OMAHU ROAD,Non-Injury Crash,Yes,2008,South,0.0,,Flat,,,,,Bright sun,1476600.0,0.0,0.0,1.0,2.0,0.0,,,Hawke's Bay Region,Nil,2-way,Sealed,0.0,0.0,,100.0,,Null,0.0,0.0,,30.0,Hastings District,Give way,,,,,0.0,0.0,Open,0.0,,,Fine
734430,1927582.0,5607392.0,548400.0,1.0,0.0,0.0,Null,2010/2011,SH 50A,OMAHU ROAD,Minor Crash,Yes,2010,North,0.0,,Flat,,,,,Dark,1473500.0,1.0,0.0,0.0,2.0,0.0,,,Hawke's Bay Region,Nil,2-way,Sealed,0.0,0.0,,100.0,,On,1.0,0.0,,30.0,Hastings District,Give way,,,,,0.0,0.0,Open,0.0,,,Light rain
304033,1937930.0,5610187.0,545730.0,1.0,0.0,0.0,Null,2007/2008,SCHOOL ROAD,PITT ST,Minor Crash,No,2007,West,0.0,,Flat,,,,,Bright sun,1405200.0,1.0,0.0,0.0,2.0,0.0,,,Hawke's Bay Region,Nil,2-way,Sealed,0.0,0.0,,100.0,,Null,0.0,0.0,,30.0,Hastings District,Give way,,,,,0.0,0.0,Open,1.0,,,Fine
209366,1929694.0,5605282.0,548200.0,0.0,0.0,0.0,West,2006/2007,QUEEN ST WEST,KING ST NORTH,Non-Injury Crash,No,2007,West,0.0,,Flat,,,,,Overcast,1490800.0,0.0,0.0,0.0,2.0,0.0,,,Hawke's Bay Region,Nil,2-way,Sealed,0.0,0.0,,50.0,,Null,1.0,0.0,,30.0,Hastings District,Nil,,,,,0.0,0.0,Urban,1.0,,,Fine
461040,1911950.0,5586355.0,545851.0,0.0,0.0,0.0,South,2011/2012,SH 2,WAIKAREAO ROAD,Serious Crash,Yes,2012,North,0.0,0.0,Hill Road,0.0,,0.0,0.0,Overcast,1464600.0,0.0,0.0,0.0,3.0,0.0,0.0,,Hawke's Bay Region,Nil,2-way,Sealed,0.0,1.0,0.0,100.0,0.0,Null,0.0,0.0,,30.0,Hastings District,Nil,0.0,0.0,0.0,0.0,1.0,0.0,Open,0.0,0.0,0.0,Light rain
175526,1929090.0,5605275.0,548200.0,0.0,0.0,1.0,Null,2000/2001,SOUTHAMPTON ST WEST,CHARLES ST,Non-Injury Crash,No,2001,East,0.0,0.0,Flat,0.0,,0.0,0.0,Bright sun,1488500.0,0.0,0.0,0.0,2.0,0.0,0.0,,Hawke's Bay Region,Nil,2-way,Sealed,0.0,0.0,0.0,50.0,0.0,Null,0.0,0.0,,30.0,Hastings District,Give way,1.0,0.0,0.0,0.0,0.0,0.0,Urban,0.0,0.0,0.0,Fine
359876,1929840.0,5605090.0,548200.0,0.0,0.0,2.0,Null,2008/2009,MARKET ST NORTH,QUEEN ST WEST,Non-Injury Crash,No,2008,South,0.0,,Flat,,,,,Bright sun,1491300.0,0.0,0.0,0.0,2.0,0.0,,,Hawke's Bay Region,Nil,2-way,Sealed,0.0,0.0,,50.0,,Null,0.0,0.0,,30.0,Hastings District,Traffic Signals,,,,,0.0,0.0,Urban,0.0,,,Fine
416904,1930535.1166,5600855.5811,545762.0,0.0,0.0,1.0,East,2019/2020,TE AUTE ROAD,RICHARD ROAD,Non-Injury Crash,No,2019,East,0.0,1.0,Flat,0.0,,0.0,0.0,Bright sun,1465400.0,0.0,0.0,0.0,2.0,0.0,0.0,,Hawke's Bay Region,Nil,2-way,Sealed,0.0,0.0,0.0,100.0,0.0,Off,0.0,0.0,,30.0,Hastings District,Unknown,0.0,0.0,0.0,2.0,0.0,0.0,Open,0.0,0.0,0.0,Fine
123860,1930328.0,5603435.0,548300.0,0.0,0.0,2.0,Null,2001/2002,LUMSDEN ROAD,OUTRAM ROAD,Minor Crash,No,2002,North,0.0,,Flat,,,,,Overcast,1502800.0,1.0,0.0,0.0,2.0,0.0,,,Hawke's Bay Region,Nil,2-way,Sealed,0.0,0.0,,50.0,,Null,0.0,0.0,,30.0,Hastings District,Give way,,,,,0.0,0.0,Urban,0.0,,,Fine
434502,1916274.0,5605065.0,545841.0,0.0,0.0,0.0,North,2009/2010,SH 50,MARAEKAKAHO ROAD,Minor Crash,Yes,2009,North,0.0,1.0,Flat,0.0,,0.0,0.0,Dark,1462901.0,1.0,0.0,0.0,2.0,0.0,0.0,,Hawke's Bay Region,Nil,2-way,Sealed,0.0,0.0,0.0,100.0,0.0,None,1.0,0.0,,30.0,Hastings District,Nil,0.0,0.0,0.0,0.0,0.0,0.0,Open,0.0,0.0,0.0,Fine
228089,1916608.0,5624830.0,545821.0,0.0,0.0,1.0,West,2011/2012,DARTMOOR ROAD,DARTMOOR DOMAIN ROAD,Non-Injury Crash,No,2012,West,0.0,0.0,Flat,0.0,,0.0,0.0,Twilight,1412400.0,0.0,0.0,0.0,2.0,0.0,0.0,,Hawke's Bay Region,Nil,2-way,Sealed,0.0,0.0,0.0,100.0,0.0,None,0.0,0.0,,30.0,Hastings District,Nil,0.0,0.0,0.0,0.0,0.0,0.0,Open,0.0,0.0,0.0,Fine
415788,1912034.0,5659294.0,545911.0,0.0,0.0,1.0,North,2008/2009,SH 5,MCVICAR ROAD,Minor Crash,Yes,2008,North,0.0,,Hill Road,,,,,Bright sun,1414300.0,3.0,0.0,0.0,3.0,0.0,,,Hawke's Bay Region,Nil,2-way,Sealed,0.0,0.0,,100.0,,Null,1.0,0.0,,30.0,Hastings District,Nil,,,,,0.0,0.0,Open,0.0,,,Fine
681517,1927940.0,5605073.0,547900.0,0.0,0.0,1.0,South,2010/2011,BLEDISLOE ST,COBHAM ST,Minor Crash,No,2010,East,0.0,,Flat,,Labour Weekend,,,Twilight,1481400.0,1.0,0.0,0.0,2.0,0.0,,1.0,Hawke's Bay Region,Nil,2-way,Sealed,0.0,0.0,,50.0,,None,0.0,0.0,,30.0,Hastings District,Nil,,,,,0.0,0.0,Urban,0.0,,,Fine
648138,1936429.0,5598555.0,545851.0,0.0,0.0,1.0,East,2000/2001,WAIMARAMA ROAD,TE MATA ROAD,Non-Injury Crash,No,2000,South,0.0,1.0,Flat,0.0,,0.0,0.0,Overcast,1467002.0,0.0,0.0,0.0,2.0,0.0,0.0,,Hawke's Bay Region,Nil,2-way,Sealed,0.0,0.0,0.0,100.0,0.0,Null,0.0,0.0,,30.0,Hastings District,Nil,0.0,0.0,0.0,1.0,0.0,0.0,Open,0.0,0.0,0.0,Fine
92674,1913776.0,5604854.0,545841.0,0.0,0.0,1.0,West,2018/2019,SH 50,VALLEY ROAD,Minor Crash,Yes,2019,East,0.0,0.0,Flat,0.0,Christmas New Year,0.0,0.0,Bright sun,1462800.0,1.0,0.0,0.0,2.0,0.0,0.0,,Hawke's Bay Region,Nil,2-way,Sealed,0.0,0.0,0.0,100.0,0.0,Null,0.0,0.0,,30.0,Hastings District,Unknown,0.0,0.0,0.0,0.0,0.0,0.0,Open,0.0,0.0,0.0,Fine
723827,1933237.0,5601936.0,548831.0,0.0,0.0,3.0,West,2006/2007,TE MATA ROAD,CARL AVENUE,Non-Injury Crash,No,2006,West,0.0,,Flat,,,,,Twilight,1509800.0,0.0,0.0,0.0,2.0,0.0,,,Hawke's Bay Region,Nil,2-way,Sealed,0.0,0.0,,50.0,,None,0.0,0.0,,30.0,Hastings District,Nil,,,,,0.0,0.0,Urban,0.0,,,Fine
481098,1925870.0,5606578.0,548620.0,0.0,0.0,1.0,Null,2001/2002,FLAXMERE AVENUE,WILSON ROAD,Non-Injury Crash,No,2002,West,0.0,0.0,Flat,0.0,,0.0,0.0,Overcast,1475800.0,0.0,0.0,0.0,2.0,0.0,0.0,,Hawke's Bay Region,Nil,2-way,Sealed,0.0,0.0,0.0,50.0,0.0,On,0.0,0.0,,30.0,Hastings District,Give way,0.0,1.0,0.0,0.0,0.0,0.0,Urban,0.0,0.0,0.0,Mist or Fog
608016,1919334.0,5646357.0,545811.0,0.0,0.0,1.0,South,2007/2008,SH 5,OLD TAUPO COACH ROAD,Minor Crash,Yes,2007,North,0.0,0.0,Hill Road,0.0,,0.0,0.0,Dark,1414700.0,1.0,0.0,0.0,2.0,0.0,0.0,,Hawke's Bay Region,Nil,2-way,Sealed,0.0,0.0,0.0,100.0,0.0,None,0.0,0.0,,30.0,Hastings District,Nil,0.0,1.0,0.0,0.0,0.0,0.0,Open,0.0,0.0,0.0,Fine
10653,1932892.0,5608004.0,545721.0,0.0,0.0,1.0,South,2016/2017,RUAHAPIA ROAD,OTENE ROAD,Non-Injury Crash,No,2016,South,0.0,1.0,Flat,0.0,,0.0,0.0,Bright sun,1471800.0,0.0,0.0,0.0,2.0,0.0,0.0,,Hawke's Bay Region,Nil,2-way,Sealed,0.0,0.0,0.0,80.0,0.0,None,0.0,0.0,,30.0,Hastings District,Unknown,0.0,0.0,0.0,0.0,0.0,0.0,Open,0.0,0.0,0.0,Fine
190279,1931578.0,5604603.0,548100.0,0.0,0.0,1.0,Null,2007/2008,Z CPK WINDSOR PARK,GROVE ROAD,Non-Injury Crash,No,2008,North,0.0,0.0,Flat,0.0,,0.0,0.0,Overcast,1499900.0,0.0,0.0,0.0,2.0,0.0,0.0,,Hawke's Bay Region,Nil,Off road,Sealed,0.0,0.0,0.0,50.0,0.0,Null,0.0,0.0,,30.0,Hastings District,Nil,0.0,0.0,0.0,0.0,0.0,0.0,Urban,0.0,0.0,0.0,Fine
589447,1930115.0,5605207.0,548200.0,0.0,0.0,3.0,North,2014/2015,SIR JAMES WATTIE PLACE,ST AUBYN ST EAST,Non-Injury Crash,No,2015,South,0.0,0.0,Flat,0.0,,0.0,0.0,Bright sun,1494100.0,0.0,0.0,0.0,2.0,0.0,1.0,,Hawke's Bay Region,Nil,2-way,Sealed,0.0,0.0,0.0,50.0,0.0,Null,1.0,0.0,,30.0,Hastings District,Unknown,0.0,0.0,0.0,0.0,0.0,0.0,Urban,0.0,0.0,0.0,Fine
533670,1929687.0,5605290.0,548200.0,0.0,0.0,1.0,East,2005/2006,QUEEN ST WEST,NELSON ST NORTH,Non-Injury Crash,No,2006,East,0.0,,Flat,,,,,Dark,1490700.0,0.0,0.0,0.0,2.0,0.0,,,Hawke's Bay Region,Nil,2-way,Sealed,0.0,0.0,,50.0,,On,0.0,0.0,,30.0,Hastings District,Nil,,,,,0.0,0.0,Urban,1.0,,,Fine
545645,1935107.0,5609256.0,545722.0,0.0,0.0,2.0,North,2006/2007,SH 2,RAILWAY ROAD,Non-Injury Crash,Yes,2006,South,0.0,,Flat,,,,,Bright sun,1406300.0,0.0,0.0,0.0,2.0,0.0,,,Hawke's Bay Region,Nil,2-way,Sealed,0.0,0.0,,100.0,,Null,0.0,0.0,,30.0,Hastings District,Nil,,,,,0.0,0.0,Open,0.0,,,Fine
188954,1931653.0,5612511.0,545832.0,0.0,0.0,1.0,North,2011/2012,PAKOWHAI ROAD,CHESTERHOPE ROAD,Minor Crash,No,2012,North,0.0,1.0,Flat,0.0,,0.0,0.0,Dark,1403900.0,2.0,0.0,0.0,2.0,0.0,0.0,,Hawke's Bay Region,Nil,2-way,Sealed,0.0,0.0,0.0,100.0,0.0,None,0.0,0.0,,30.0,Hastings District,Nil,0.0,0.0,0.0,0.0,0.0,0.0,Open,0.0,0.0,0.0,Fine
92091,1926898.0,5601964.0,545852.0,0.0,0.0,1.0,South,2004/2005,RAILWAY ROAD SOUTH,LONGLANDS ROAD WEST,Minor Crash,No,2004,South,0.0,,Flat,,,,,Dark,1468700.0,1.0,0.0,0.0,2.0,0.0,,,Hawke's Bay Region,Nil,2-way,Sealed,0.0,0.0,,100.0,,None,0.0,0.0,,30.0,Hastings District,Nil,,,,,0.0,0.0,Open,0.0,,,Fine
259508,1928979.0,5606026.0,547700.0,0.0,0.0,2.0,Null,2004/2005,HERETAUNGA ST WEST,DAVIS ST,Non-Injury Crash,No,2005,North,0.0,0.0,Flat,0.0,,0.0,0.0,Bright sun,1487400.0,0.0,0.0,0.0,2.0,0.0,1.0,,Hawke's Bay Region,Nil,2-way,Sealed,0.0,0.0,0.0,50.0,0.0,Null,0.0,0.0,,30.0,Hastings District,Stop,0.0,0.0,0.0,0.0,0.0,0.0,Urban,0.0,0.0,0.0,Fine
495550,1925824.0,5606551.0,548620.0,0.0,0.0,1.0,North,2017/2018,WILSON ROAD,DUNDEE DRIVE,Non-Injury Crash,No,2017,North,0.0,,Flat,,,,,Overcast,1475800.0,0.0,0.0,0.0,2.0,0.0,,,Hawke's Bay Region,Nil,2-way,Sealed,0.0,0.0,,50.0,,Null,0.0,0.0,,30.0,Hastings District,Unknown,,,,,0.0,0.0,Urban,0.0,,,Fine
509600,1930036.0,5606491.0,547600.0,0.0,0.0,2.0,Null,2005/2006,DUKE ST,GRAYS ROAD,Non-Injury Crash,No,2005,East,0.0,,Flat,,,,,Dark,1484500.0,0.0,0.0,0.0,2.0,0.0,,,Hawke's Bay Region,Nil,2-way,Sealed,0.0,0.0,,50.0,,On,0.0,0.0,,30.0,Hastings District,Give way,,,,,0.0,0.0,Urban,0.0,,,Fine
268175,1930425.0,5604707.0,548200.0,0.0,0.0,2.0,Null,2018/2019,ST AUBYN ST EAST,MILLER ST,Minor Crash,No,2018,North,0.0,0.0,Flat,0.0,,0.0,0.0,Dark,1493502.0,1.0,0.0,0.0,2.0,0.0,0.0,,Hawke's Bay Region,Nil,2-way,Sealed,0.0,0.0,0.0,50.0,0.0,On,0.0,0.0,,30.0,Hastings District,Stop,0.0,1.0,0.0,0.0,0.0,0.0,Urban,0.0,0.0,0.0,Fine
81138,1925218.0,5605157.0,545842.0,0.0,0.0,1.0,South,2004/2005,STOCK ROAD,IRONGATE ROAD,Minor Crash,No,2004,South,0.0,0.0,Flat,0.0,,0.0,0.0,Overcast,1470214.0,1.0,0.0,0.0,2.0,0.0,0.0,,Hawke's Bay Region,Nil,2-way,Sealed,0.0,0.0,0.0,100.0,0.0,Null,0.0,0.0,,30.0,Hastings District,Nil,0.0,0.0,0.0,0.0,0.0,0.0,Open,0.0,0.0,0.0,Light rain
316549,1927415.0,5607761.0,545710.0,0.0,0.0,0.0,North,2007/2008,ORMOND ROAD,OMAHU ROAD,Serious Crash,No,2008,South,0.0,0.0,Flat,0.0,,0.0,0.0,Bright sun,1471000.0,2.0,0.0,0.0,1.0,0.0,0.0,,Hawke's Bay Region,Nil,2-way,Sealed,0.0,1.0,0.0,60.0,0.0,Null,0.0,0.0,,30.0,Hastings District,Nil,0.0,0.0,0.0,1.0,0.0,0.0,Urban,1.0,0.0,0.0,Fine
283355,1930750.0,5605388.0,548200.0,0.0,0.0,1.0,East,2018/2019,KARAMU ROAD NORTH,JERVOIS ST,Non-Injury Crash,No,2018,West,0.0,,Flat,,,,,Bright sun,1494300.0,0.0,0.0,0.0,2.0,0.0,,,Hawke's Bay Region,Nil,2-way,Sealed,0.0,0.0,,50.0,,Null,0.0,0.0,,30.0,Hastings District,Unknown,,,,,0.0,0.0,Urban,1.0,,,Fine
535634,1929225.0,5614134.0,545831.0,0.0,0.0,1.0,West,2009/2010,SH 50,LINKS ROAD EAST,Minor Crash,Yes,2009,West,0.0,1.0,Flat,0.0,,0.0,0.0,Dark,1409400.0,1.0,0.0,0.0,2.0,0.0,0.0,,Hawke's Bay Region,Nil,2-way,Sealed,0.0,0.0,0.0,100.0,0.0,None,0.0,0.0,,30.0,Hastings District,Nil,0.0,0.0,0.0,1.0,0.0,0.0,Open,0.0,0.0,0.0,Fine
578900,1929228.0,5605882.0,547700.0,0.0,0.0,2.0,South,2005/2006,GRAYS ROAD,QUEEN ST WEST,Non-Injury Crash,No,2006,South,0.0,,Flat,,,,,Dark,1487800.0,0.0,0.0,0.0,2.0,0.0,,,Hawke's Bay Region,Nil,2-way,Sealed,0.0,0.0,,50.0,,On,0.0,0.0,,30.0,Hastings District,Nil,,,,,0.0,0.0,Urban,0.0,,,Fine
720698,1932032.0,5606172.0,545721.0,0.0,0.0,1.0,Null,2012/2013,SH 2,ELWOOD ROAD,Minor Crash,Yes,2013,West,0.0,,Flat,,,,,Bright sun,1471700.0,1.0,0.0,0.0,2.0,0.0,,,Hawke's Bay Region,Nil,2-way,Sealed,0.0,0.0,,70.0,,Null,1.0,0.0,,30.0,Hastings District,Give way,,,,,0.0,0.0,Urban,0.0,,,Fine
10954,1934180.0,5607200.0,545722.0,0.0,0.0,2.0,Null,2005/2006,SH 2,NAPIER ROAD,Minor Crash,Yes,2005,South,0.0,,Flat,,,,,Bright sun,1406200.0,1.0,0.0,0.0,2.0,0.0,,,Hawke's Bay Region,Nil,2-way,Sealed,0.0,0.0,,100.0,,Null,0.0,0.0,,30.0,Hastings District,Give way,,,,,0.0,0.0,Open,0.0,,,Fine
474288,1936286.0,5611098.0,545730.0,1.0,0.0,1.0,Null,2014/2015,SH 2,WILLIAMSON ROAD,Minor Crash,Yes,2015,West,0.0,,Flat,,,,,Bright sun,1405500.0,1.0,0.0,0.0,2.0,0.0,,,Hawke's Bay Region,Nil,2-way,Sealed,0.0,0.0,,50.0,,Null,0.0,0.0,,30.0,Hastings District,Stop,,,,,0.0,0.0,Urban,0.0,,,Fine
581304,1925186.0,5607653.0,548611.0,0.0,0.0,2.0,North,2001/2002,CHATHAM ROAD,FLAXMERE AVENUE,Non-Injury Crash,No,2001,North,0.0,,Flat,,,,,Dark,1473806.0,0.0,0.0,0.0,2.0,0.0,,,Hawke's Bay Region,Nil,2-way,Sealed,0.0,0.0,,50.0,,On,0.0,0.0,,30.0,Hastings District,Nil,,,,,0.0,0.0,Urban,0.0,,,Fine
257856,1932727.0,5609607.0,545832.0,0.0,0.0,1.0,East,2006/2007,FARNDON ROAD,PAKOWHAI ROAD,Non-Injury Crash,No,2007,East,0.0,1.0,Flat,0.0,,0.0,0.0,Bright sun,1404300.0,0.0,0.0,0.0,2.0,0.0,0.0,,Hawke's Bay Region,Nil,2-way,Sealed,0.0,0.0,0.0,100.0,0.0,Null,0.0,0.0,,30.0,Hastings District,Nil,0.0,0.0,0.0,0.0,0.0,0.0,Open,0.0,0.0,0.0,Fine
557042,1930257.0,5604934.0,548200.0,0.0,0.0,2.0,Null,2016/2017,ST AUBYN ST EAST,WARREN ST NORTH,Non-Injury Crash,No,2016,North,0.0,,Flat,,,,,Bright sun,1493501.0,0.0,0.0,0.0,4.0,0.0,,,Hawke's Bay Region,Nil,2-way,Sealed,0.0,0.0,,50.0,,Null,0.0,0.0,,30.0,Hastings District,Give way,,,,,0.0,0.0,Urban,0.0,,,Fine
154787,1929668.0,5604512.0,548300.0,0.0,0.0,2.0,North,2011/2012,SOUTHAMPTON ST EAST,HASTINGS ST SOUTH,Non-Injury Crash,No,2012,South,0.0,,Flat,,,,,Bright sun,1503100.0,0.0,0.0,0.0,2.0,0.0,,,Hawke's Bay Region,Nil,2-way,Sealed,0.0,0.0,,50.0,,Null,0.0,0.0,,30.0,Hastings District,Nil,,,,,0.0,0.0,Urban,0.0,,,Fine
97325,1929548.0,5604673.0,548200.0,0.0,0.0,1.0,Null,2009/2010,SOUTHAMPTON ST WEST,RAILWAY ROAD,Non-Injury Crash,No,2009,South,0.0,0.0,Flat,0.0,,0.0,0.0,Dark,1489700.0,0.0,0.0,0.0,2.0,0.0,0.0,,Hawke's Bay Region,Nil,2-way,Sealed,0.0,0.0,0.0,50.0,0.0,On,0.0,0.0,,30.0,Hastings District,Traffic Signals,0.0,0.0,0.0,1.0,0.0,0.0,Urban,0.0,0.0,0.0,Fine
706903,1929905.0,5605001.0,548200.0,0.0,0.0,2.0,Null,2000/2001,QUEEN ST EAST,RUSSELL ST NORTH,Non-Injury Crash,No,2000,North,0.0,,Flat,,,,,Bright sun,1492200.0,0.0,0.0,0.0,2.0,0.0,,,Hawke's Bay Region,Nil,2-way,Sealed,0.0,0.0,,50.0,,Null,0.0,0.0,,30.0,Hastings District,Nil,,,,,0.0,0.0,Urban,0.0,,,Fine
52715,1932914.0,5601997.0,548831.0,0.0,0.0,2.0,East,2013/2014,BENNELONG PLACE,NAPIER ROAD,Non-Injury Crash,No,2014,West,0.0,0.0,Flat,0.0,,0.0,0.0,Bright sun,1509800.0,0.0,0.0,0.0,2.0,0.0,1.0,,Hawke's Bay Region,Nil,2-way,Sealed,0.0,0.0,0.0,50.0,0.0,Null,0.0,0.0,,30.0,Hastings District,Nil,0.0,0.0,0.0,0.0,0.0,0.0,Urban,0.0,0.0,0.0,Fine
680628,1929082.0,5606504.0,547700.0,0.0,0.0,1.0,Null,2001/2002,PAKOWHAI ROAD,ST AUBYN ST WEST,Non-Injury Crash,No,2001,South,0.0,,Flat,,,,,Dark,1485900.0,0.0,0.0,0.0,4.0,0.0,,1.0,Hawke's Bay Region,Nil,2-way,Sealed,0.0,0.0,,50.0,,On,0.0,0.0,,30.0,Hastings District,Traffic Signals,,,,,0.0,0.0,Urban,0.0,,,Fine
614618,1931085.8921,5600824.2101,545762.0,0.0,0.0,1.0,West,2019/2020,TE AUTE ROAD,GILPIN ROAD,Non-Injury Crash,No,2020,West,0.0,0.0,Flat,1.0,,0.0,0.0,Dark,1465400.0,0.0,0.0,0.0,2.0,0.0,0.0,,Hawke's Bay Region,Nil,2-way,Sealed,0.0,0.0,0.0,100.0,0.0,None,0.0,0.0,,30.0,Hastings District,Nil,0.0,0.0,0.0,0.0,0.0,0.0,Open,0.0,0.0,0.0,Fine
203375,1922141.0,5610373.0,545710.0,0.0,0.0,1.0,West,2010/2011,MERE ROAD,DUNVEGAN ROAD,Non-Injury Crash,No,2011,East,0.0,0.0,Flat,0.0,,0.0,0.0,Bright sun,1469703.0,0.0,0.0,0.0,2.0,0.0,0.0,,Hawke's Bay Region,Nil,2-way,Sealed,0.0,0.0,0.0,60.0,0.0,Null,0.0,0.0,,30.0,Hastings District,Nil,0.0,0.0,0.0,0.0,0.0,0.0,Urban,0.0,0.0,0.0,Fine
642497,1934649.1269999999,5608542.7405,545722.0,1.0,0.0,1.0,North,2019/2020,SH 51,STATION ROAD,Serious Crash,Yes,2019,North,0.0,,Flat,,,,,Overcast,1406102.0,0.0,0.0,0.0,2.0,0.0,,,Hawke's Bay Region,Nil,2-way,Sealed,0.0,1.0,,80.0,,None,0.0,0.0,,30.0,Hastings District,Nil,,,,,0.0,0.0,Open,0.0,,,Fine
278291,1932010.0,5606370.0,545721.0,0.0,0.0,1.0,North,2006/2007,ELWOOD ROAD,SH 2,Non-Injury Crash,No,2006,North,0.0,0.0,Flat,0.0,,0.0,0.0,Overcast,1471700.0,0.0,0.0,0.0,2.0,0.0,0.0,,Hawke's Bay Region,Nil,2-way,Sealed,0.0,0.0,0.0,70.0,0.0,Null,0.0,0.0,,30.0,Hastings District,Nil,0.0,0.0,0.0,0.0,0.0,0.0,Urban,0.0,0.0,1.0,Light rain