OBJECTID,X,Y,areaUnitID,bicycle,bus,carStationWagon,crashDirectionDescription,crashFinancialYear,crashLocation1,crashLocation2,crashSeverity,crashSHDescription,crashYear,directionRoleDescription,fatalCount,fence,flatHill,guardRail,holiday,houseOrBuilding,kerb,light,meshblockId,minorInjuryCount,moped,motorcycle,NumberOfLanes,otherVehicleType,parkedVehicle,pedestrian,region,roadCharacter,roadLane,roadSurface,schoolBus,seriousInjuryCount,slipOrFlood,speedLimit,strayAnimal,streetLight,suv,taxi,temporarySpeedLimit,tlaId,tlaName,trafficControl,trafficIsland,trafficSign,train,tree,truck,unknownVehicleType,urban,vanOrUtility,vehicle,waterRiver,weatherA
691058,1925820.0,5606387.0,548620.0,0.0,0.0,2.0,West,2015/2016,AYR ST,DUNDEE DRIVE,Non-Injury Crash,No,2016,West,0.0,0.0,Flat,0.0,,0.0,0.0,Bright sun,1475702.0,0.0,0.0,0.0,2.0,0.0,1.0,,Hawke's Bay Region,Nil,2-way,Sealed,0.0,0.0,0.0,50.0,0.0,Null,0.0,0.0,,30.0,Hastings District,Nil,0.0,0.0,0.0,0.0,0.0,0.0,Urban,0.0,0.0,0.0,Fine
636084,1928310.0,5605897.0,548500.0,0.0,0.0,2.0,Null,2004/2005,MARAEKAKAHO ROAD,FRANCIS HICKS AVENUE,Non-Injury Crash,No,2004,South,0.0,,Flat,,,,,Dark,1479600.0,0.0,0.0,0.0,2.0,0.0,,,Hawke's Bay Region,Nil,2-way,Sealed,0.0,0.0,,50.0,,On,0.0,0.0,,30.0,Hastings District,Give way,,,,,0.0,0.0,Urban,0.0,,,Fine
677847,1925551.0,5603217.0,545842.0,0.0,0.0,1.0,Null,2008/2009,MARAEKAKAHO ROAD,LONGLANDS ROAD WEST,Non-Injury Crash,Yes,2009,East,0.0,0.0,Flat,0.0,,0.0,0.0,Overcast,1470214.0,0.0,0.0,0.0,2.0,0.0,0.0,,Hawke's Bay Region,Nil,2-way,Sealed,0.0,0.0,0.0,100.0,0.0,Null,0.0,0.0,,30.0,Hastings District,Give way,1.0,1.0,0.0,0.0,0.0,0.0,Open,0.0,0.0,0.0,Mist or Fog
616016,1945376.0,5660502.0,545911.0,0.0,0.0,1.0,North,2009/2010,SH 2,PUTORINO STATION ROAD,Non-Injury Crash,Yes,2010,South,0.0,0.0,Flat,0.0,Queens Birthday,0.0,0.0,Overcast,1415100.0,0.0,0.0,0.0,2.0,0.0,0.0,,Hawke's Bay Region,Nil,2-way,Sealed,0.0,0.0,0.0,100.0,0.0,Null,0.0,0.0,,30.0,Hastings District,Nil,0.0,0.0,0.0,0.0,0.0,0.0,Open,0.0,0.0,0.0,Fine
633744,1914608.0,5588539.0,545851.0,0.0,0.0,2.0,North,2004/2005,SH 2,TE AUTE TRUST ROAD,Serious Crash,Yes,2005,North,0.0,0.0,Flat,0.0,,0.0,0.0,Overcast,1464500.0,0.0,0.0,0.0,2.0,0.0,0.0,,Hawke's Bay Region,Nil,2-way,Sealed,0.0,3.0,0.0,100.0,0.0,Null,0.0,0.0,,30.0,Hastings District,Nil,0.0,0.0,0.0,0.0,0.0,0.0,Open,0.0,0.0,0.0,Fine
212287,1928501.0,5604642.0,547900.0,0.0,0.0,2.0,Null,2002/2003,SOUTHLAND ROAD,GASCOIGNE ST,Non-Injury Crash,No,2002,North,0.0,,Flat,,,,,Bright sun,1482000.0,0.0,0.0,0.0,2.0,0.0,,,Hawke's Bay Region,Nil,2-way,Sealed,0.0,0.0,,50.0,,Off,0.0,0.0,,30.0,Hastings District,Give way,,,,,0.0,0.0,Urban,0.0,,,Fine
60473,1930862.0,5605821.0,548000.0,0.0,0.0,1.0,South,2016/2017,FREDERICK ST,CAROLINE ROAD,Non-Injury Crash,No,2017,South,0.0,,Flat,,,,,Overcast,1495600.0,0.0,0.0,0.0,2.0,0.0,,,Hawke's Bay Region,Nil,2-way,Sealed,0.0,0.0,,50.0,,Null,0.0,0.0,,30.0,Hastings District,Nil,,,,,0.0,0.0,Urban,1.0,,,Null
102423,1917290.0,5592184.0,545851.0,0.0,0.0,1.0,North,2015/2016,SH 2,WHAREMOANA ROAD,Non-Injury Crash,Yes,2015,North,0.0,1.0,Flat,0.0,,0.0,0.0,Bright sun,1464200.0,0.0,0.0,0.0,2.0,0.0,0.0,,Hawke's Bay Region,Nil,2-way,Sealed,0.0,0.0,0.0,100.0,0.0,Null,0.0,0.0,,30.0,Hastings District,Unknown,0.0,0.0,0.0,0.0,1.0,0.0,Open,0.0,0.0,0.0,Fine
538146,1925230.0,5599181.0,545852.0,0.0,0.0,2.0,South,2001/2002,SH 2,TE AUTE ROAD,Non-Injury Crash,Yes,2002,South,0.0,,Flat,,,,,Overcast,1463602.0,0.0,0.0,0.0,2.0,0.0,,,Hawke's Bay Region,Nil,2-way,Sealed,0.0,0.0,,100.0,,Null,0.0,0.0,,30.0,Hastings District,Nil,,,,,0.0,0.0,Open,0.0,,,Fine
98958,1929161.0,5606564.0,547800.0,0.0,0.0,2.0,North,2015/2016,PAKOWHAI ROAD,ST AUBYN ST WEST,Non-Injury Crash,No,2016,South,0.0,,Flat,,,,,Bright sun,1477600.0,0.0,0.0,0.0,2.0,0.0,,,Hawke's Bay Region,Nil,2-way,Sealed,0.0,0.0,,50.0,,Null,0.0,0.0,,30.0,Hastings District,Unknown,,,,,0.0,0.0,Urban,0.0,,,Null
234160,1929387.0,5614231.0,545831.0,0.0,0.0,1.0,Null,2003/2004,SH 50,WAIOHIKI ROAD,Non-Injury Crash,Yes,2003,West,0.0,,Flat,,,,,Bright sun,1409400.0,0.0,0.0,0.0,2.0,1.0,,,Hawke's Bay Region,Nil,2-way,Sealed,0.0,0.0,,100.0,,Null,0.0,0.0,,30.0,Hastings District,Give way,,,,,0.0,0.0,Open,0.0,,,Fine
316633,1930485.0,5606405.0,547600.0,0.0,0.0,1.0,Null,2007/2008,TOMOANA ROAD,FREDERICK ST,Non-Injury Crash,No,2007,North,0.0,,Flat,,,,,Overcast,1483800.0,0.0,0.0,0.0,2.0,0.0,,,Hawke's Bay Region,Nil,2-way,Sealed,0.0,0.0,,50.0,,Null,1.0,0.0,,30.0,Hastings District,Traffic Signals,,,,,0.0,0.0,Urban,0.0,,,Fine
483805,1929851.0,5605477.0,548200.0,0.0,0.0,2.0,Null,2006/2007,ST AUBYN ST WEST,NELSON ST NORTH,Non-Injury Crash,No,2006,West,0.0,,Flat,,,,,Overcast,1491000.0,0.0,0.0,0.0,6.0,0.0,,,Hawke's Bay Region,Nil,2-way,Sealed,0.0,0.0,,50.0,,Null,0.0,0.0,,30.0,Hastings District,Traffic Signals,,,,,0.0,0.0,Urban,0.0,,,Fine
184722,1938846.0,5608723.0,545740.0,0.0,0.0,2.0,South,2017/2018,BEACH ROAD,HAUMOANA ROAD,Minor Crash,No,2017,South,0.0,,Flat,,,,,Dark,1407000.0,1.0,0.0,0.0,2.0,0.0,,,Hawke's Bay Region,Nil,2-way,Sealed,0.0,0.0,,50.0,,On,0.0,0.0,,30.0,Hastings District,Unknown,,,,,0.0,0.0,Urban,1.0,,,Fine
735856,1931023.0,5605576.0,548000.0,0.0,0.0,2.0,North,2012/2013,FREDERICK ST,KARAMU ROAD NORTH,Non-Injury Crash,No,2013,South,0.0,,Flat,,,,,Twilight,1495700.0,0.0,0.0,0.0,2.0,0.0,,,Hawke's Bay Region,Nil,2-way,Sealed,0.0,0.0,,50.0,,Off,0.0,0.0,,30.0,Hastings District,Nil,,,,,0.0,0.0,Urban,0.0,,,Fine
492151,1930064.0,5605193.0,548200.0,0.0,0.0,1.0,Null,2008/2009,ST AUBYN ST WEST,ST AUBYN ST,Non-Injury Crash,No,2008,North,0.0,,Flat,,,,,Dark,1494100.0,0.0,0.0,0.0,2.0,0.0,,,Hawke's Bay Region,Nil,2-way,Sealed,0.0,0.0,,50.0,,On,1.0,0.0,,30.0,Hastings District,Give way,,,,,0.0,0.0,Urban,0.0,,,Fine
423509,1916258.0,5591206.0,545851.0,0.0,0.0,1.0,South,2017/2018,SH 2,TE AUTE COL,Minor Crash,Yes,2018,North,0.0,,Flat,,,,,Bright sun,1464300.0,2.0,0.0,0.0,2.0,0.0,,,Hawke's Bay Region,Nil,2-way,Sealed,0.0,0.0,,100.0,,Null,1.0,0.0,,30.0,Hastings District,Nil,,,,,0.0,0.0,Open,0.0,,,Fine
309484,1933773.0,5609808.0,545832.0,0.0,0.0,1.0,North,2007/2008,FARNDON ROAD,CHESTERHOPE BRIDGE,Non-Injury Crash,No,2008,West,0.0,0.0,Flat,0.0,,0.0,0.0,Overcast,1404200.0,0.0,0.0,0.0,2.0,0.0,0.0,,Hawke's Bay Region,Nil,2-way,Sealed,0.0,0.0,0.0,100.0,0.0,Null,0.0,0.0,,30.0,Hastings District,Nil,0.0,0.0,0.0,0.0,0.0,0.0,Open,0.0,0.0,0.0,Fine
410849,1928419.0,5633810.0,545811.0,0.0,0.0,1.0,South,2000/2001,SH 5,MUNNS BR,Non-Injury Crash,Yes,2000,East,0.0,0.0,Flat,0.0,Christmas New Year,0.0,0.0,Bright sun,1414700.0,0.0,0.0,0.0,2.0,0.0,0.0,,Hawke's Bay Region,Nil,2-way,Sealed,0.0,0.0,0.0,100.0,0.0,Null,0.0,0.0,,30.0,Hastings District,Nil,0.0,0.0,0.0,0.0,0.0,0.0,Open,0.0,0.0,0.0,Fine
492072,1929664.0,5614516.0,545831.0,0.0,0.0,2.0,South,2016/2017,WAIOHIKI ROAD,HATAS LANE,Non-Injury Crash,No,2017,South,0.0,,Flat,,,,,Twilight,1404600.0,0.0,0.0,0.0,2.0,0.0,,,Hawke's Bay Region,Nil,2-way,Sealed,0.0,0.0,,70.0,,None,0.0,0.0,,30.0,Hastings District,Nil,,,,,0.0,0.0,Urban,0.0,,,Fine
392362,1929367.0,5604909.0,548200.0,0.0,0.0,2.0,Null,2017/2018,SOUTHAMPTON ST WEST,KING ST SOUTH,Non-Injury Crash,No,2018,North,0.0,,Flat,,,,,Overcast,1489100.0,0.0,0.0,0.0,2.0,0.0,,,Hawke's Bay Region,Nil,2-way,Sealed,0.0,0.0,,50.0,,Null,0.0,0.0,,30.0,Hastings District,Give way,,,,,0.0,0.0,Urban,0.0,,,Mist or Fog
105894,1924524.0,5603970.0,545842.0,0.0,0.0,0.0,North,2002/2003,STOCK ROAD,MARAEKAKAHO ROAD,Non-Injury Crash,No,2003,North,0.0,,Flat,,,,,Overcast,1470214.0,0.0,0.0,0.0,2.0,0.0,,,Hawke's Bay Region,Nil,2-way,Sealed,0.0,0.0,,100.0,,Null,0.0,0.0,,30.0,Hastings District,Nil,,,,,1.0,0.0,Open,1.0,,,Fine
371496,1930835.0,5603666.0,548300.0,0.0,0.0,1.0,Null,2002/2003,WINDSOR AVENUE,HERETAUNGA ST EAST,Minor Crash,No,2003,West,0.0,,Flat,,,,,Overcast,1502700.0,1.0,0.0,0.0,2.0,0.0,,1.0,Hawke's Bay Region,Nil,2-way,Sealed,0.0,0.0,,50.0,,Null,0.0,0.0,,30.0,Hastings District,Stop,,,,,0.0,0.0,Urban,0.0,,,Fine
682660,1931987.0,5602438.0,545762.0,0.0,0.0,1.0,North,2006/2007,HAVELOCK ROAD,KARANEMA DRIVE,Non-Injury Crash,No,2006,North,0.0,,Flat,,,,,Bright sun,1468300.0,0.0,0.0,0.0,2.0,0.0,,,Hawke's Bay Region,Nil,2-way,Sealed,0.0,0.0,,70.0,,Null,0.0,0.0,,30.0,Hastings District,Nil,,,,,0.0,0.0,Urban,2.0,,,Fine
525191,1929206.0,5605724.0,547700.0,0.0,0.0,1.0,East,2009/2010,HERETAUNGA ST WEST,BERESFORD ST,Non-Injury Crash,No,2009,East,0.0,0.0,Flat,0.0,,0.0,0.0,Overcast,1487800.0,0.0,0.0,0.0,2.0,0.0,1.0,,Hawke's Bay Region,Nil,2-way,Sealed,0.0,0.0,0.0,50.0,0.0,Null,1.0,0.0,,30.0,Hastings District,Nil,0.0,0.0,0.0,0.0,0.0,0.0,Urban,0.0,0.0,0.0,Fine
181004,1930918.0,5603578.0,545762.0,0.0,0.0,0.0,South,2011/2012,HAVELOCK ROAD,NORTON ROAD,Non-Injury Crash,No,2012,South,0.0,1.0,Flat,0.0,,0.0,0.0,Overcast,1468500.0,0.0,0.0,0.0,2.0,0.0,0.0,,Hawke's Bay Region,Nil,2-way,Sealed,0.0,0.0,0.0,70.0,0.0,Null,0.0,0.0,,30.0,Hastings District,Nil,0.0,0.0,0.0,0.0,0.0,0.0,Urban,1.0,0.0,0.0,Fine
91252,1920758.0,5642492.0,545811.0,0.0,0.0,1.0,North,1999/2000,SH 5,GLENGARRY ROAD,Non-Injury Crash,Yes,2000,East,0.0,0.0,Hill Road,0.0,,0.0,0.0,Bright sun,1414600.0,0.0,0.0,0.0,2.0,0.0,0.0,,Hawke's Bay Region,Nil,2-way,Sealed,0.0,0.0,0.0,100.0,0.0,Null,0.0,0.0,,30.0,Hastings District,Nil,0.0,0.0,0.0,0.0,0.0,0.0,Open,0.0,0.0,0.0,Fine
150418,1928360.0,5600934.0,545852.0,0.0,0.0,1.0,West,2017/2018,TE AUTE ROAD,LONGLANDS ROAD EAST,Non-Injury Crash,No,2018,West,0.0,0.0,Flat,0.0,,0.0,0.0,Bright sun,1465700.0,0.0,0.0,0.0,2.0,0.0,0.0,,Hawke's Bay Region,Nil,2-way,Sealed,0.0,0.0,0.0,100.0,0.0,Null,0.0,0.0,,30.0,Hastings District,Unknown,0.0,0.0,0.0,0.0,0.0,0.0,Open,0.0,0.0,0.0,Fine
126515,1930912.0,5607891.0,545710.0,0.0,0.0,1.0,Null,2000/2001,PAKOWHAI ROAD,RICHMOND ROAD,Non-Injury Crash,No,2001,South,0.0,,Flat,,,,,Overcast,1471100.0,0.0,0.0,0.0,2.0,0.0,,,Hawke's Bay Region,Nil,2-way,Sealed,0.0,0.0,,70.0,,Null,0.0,0.0,,30.0,Hastings District,Give way,,,,,1.0,0.0,Urban,0.0,,,Fine
510916,1935535.0,5645189.0,545811.0,0.0,0.0,0.0,South,2013/2014,SH 2,TANGOIO SETTLEMENT ROAD N,Minor Crash,Yes,2013,South,0.0,,Flat,,,,,Dark,1415600.0,1.0,0.0,0.0,2.0,0.0,,,Hawke's Bay Region,Nil,2-way,Sealed,0.0,0.0,,100.0,,None,1.0,0.0,,30.0,Hastings District,Nil,,,,,0.0,0.0,Open,0.0,,,Fine
243623,1929560.0,5605258.0,548200.0,1.0,0.0,0.0,Null,2004/2005,HERETAUNGA ST WEST,NELSON ST NORTH,Minor Crash,No,2005,South,0.0,,Flat,,,,,Bright sun,1490100.0,1.0,0.0,0.0,2.0,0.0,,,Hawke's Bay Region,Nil,2-way,Sealed,0.0,0.0,,50.0,,Null,0.0,0.0,,30.0,Hastings District,Traffic Signals,,,,,0.0,0.0,Urban,1.0,,,Fine
390014,1923717.0,5607300.0,548611.0,0.0,0.0,1.0,Null,2008/2009,PORTSMOUTH ROAD,DIAZ DRIVE,Non-Injury Crash,No,2009,West,0.0,0.0,Flat,0.0,,0.0,0.0,Overcast,1473901.0,0.0,0.0,0.0,2.0,0.0,0.0,,Hawke's Bay Region,Nil,2-way,Sealed,0.0,0.0,0.0,50.0,0.0,Null,0.0,0.0,,30.0,Hastings District,Nil,0.0,0.0,0.0,1.0,0.0,0.0,Urban,0.0,0.0,0.0,Light rain
328324,1931958.0,5603582.0,545721.0,1.0,0.0,1.0,East,2004/2005,ADA ST,KATHLEEN ST,Minor Crash,No,2004,West,0.0,,Flat,,,,,Dark,1473200.0,1.0,0.0,0.0,2.0,0.0,,,Hawke's Bay Region,Nil,2-way,Sealed,0.0,0.0,,100.0,,None,0.0,0.0,,30.0,Hastings District,Nil,,,,,0.0,0.0,Open,0.0,,,Fine
13979,1930185.0,5605031.0,548200.0,1.0,0.0,0.0,Null,2010/2011,ST AUBYN ST EAST,KARAMU ROAD NORTH,Non-Injury Crash,No,2010,North,0.0,,Flat,,,,,Bright sun,1494100.0,0.0,0.0,0.0,2.0,0.0,,,Hawke's Bay Region,Nil,2-way,Sealed,0.0,0.0,,50.0,,Null,0.0,0.0,,30.0,Hastings District,Traffic Signals,,,,,0.0,0.0,Urban,1.0,,,Fine
461872,1929594.0,5605732.0,548200.0,0.0,0.0,2.0,South,2003/2004,TOMOANA ROAD,ST AUBYN ST WEST,Non-Injury Crash,No,2004,North,0.0,0.0,Flat,0.0,,0.0,0.0,Bright sun,1490300.0,0.0,0.0,0.0,2.0,0.0,1.0,,Hawke's Bay Region,Nil,2-way,Sealed,0.0,0.0,0.0,50.0,0.0,Null,0.0,0.0,,30.0,Hastings District,Nil,0.0,0.0,0.0,0.0,0.0,0.0,Urban,0.0,0.0,0.0,Fine
626753,1929560.0,5605258.0,548200.0,0.0,0.0,1.0,Null,2012/2013,NELSON ST NORTH,HERETAUNGA ST WEST,Non-Injury Crash,No,2013,West,0.0,,Flat,,,,,Bright sun,1490100.0,0.0,0.0,0.0,2.0,0.0,,,Hawke's Bay Region,Nil,2-way,Sealed,0.0,0.0,,50.0,,Null,0.0,0.0,,30.0,Hastings District,Traffic Signals,,,,,0.0,0.0,Urban,1.0,,,Fine
662533,1933286.0,5601507.0,548832.0,0.0,0.0,1.0,West,2008/2009,DUART ROAD,GILLEAN ST,Non-Injury Crash,No,2009,North,0.0,0.0,Flat,0.0,Easter,0.0,1.0,Twilight,1509000.0,0.0,0.0,0.0,2.0,0.0,0.0,,Hawke's Bay Region,Nil,2-way,Sealed,0.0,0.0,0.0,50.0,0.0,On,0.0,0.0,,30.0,Hastings District,Nil,0.0,0.0,0.0,0.0,0.0,0.0,Urban,0.0,0.0,0.0,Fine
256763,1931319.0,5605204.0,548000.0,0.0,0.0,2.0,East,2003/2004,WILLOWPARK ROAD NORTH,GROVE ROAD,Non-Injury Crash,No,2004,East,0.0,0.0,Flat,0.0,,0.0,0.0,Bright sun,1496800.0,0.0,0.0,0.0,2.0,0.0,1.0,,Hawke's Bay Region,Nil,2-way,Sealed,0.0,0.0,0.0,50.0,0.0,Null,0.0,0.0,,30.0,Hastings District,Nil,0.0,0.0,0.0,0.0,0.0,0.0,Urban,0.0,0.0,0.0,Fine
646231,1928044.0,5605695.0,547900.0,0.0,0.0,2.0,Null,2008/2009,MARAEKAKAHO ROAD,KAIAPO ROAD,Minor Crash,No,2008,South,0.0,0.0,Flat,0.0,,0.0,0.0,Dark,1469802.0,1.0,0.0,0.0,2.0,0.0,0.0,,Hawke's Bay Region,Nil,2-way,Sealed,0.0,0.0,0.0,50.0,0.0,On,0.0,0.0,,30.0,Hastings District,Give way,0.0,0.0,0.0,1.0,0.0,0.0,Urban,0.0,0.0,0.0,Light rain
741033,1930935.0,5613540.0,545831.0,0.0,0.0,2.0,Null,2011/2012,SH 50A,LINKS ROAD,Serious Crash,Yes,2012,North,0.0,,Flat,,,,,Bright sun,1404600.0,1.0,0.0,0.0,3.0,0.0,,,Hawke's Bay Region,Nil,2-way,Sealed,0.0,1.0,,100.0,,Null,0.0,0.0,,30.0,Hastings District,Give way,,,,,0.0,0.0,Open,0.0,,,Fine
453901,1929631.0,5604761.0,548200.0,0.0,0.0,2.0,Null,2015/2016,RAILWAY ROAD,LYNDON ROAD WEST,Minor Crash,No,2015,West,0.0,,Flat,,,,,Overcast,1489802.0,1.0,0.0,0.0,2.0,0.0,,,Hawke's Bay Region,Nil,2-way,Sealed,0.0,0.0,,50.0,,Null,0.0,0.0,,30.0,Hastings District,Stop,,,,,0.0,0.0,Urban,0.0,,,Fine
742347,1930149.0,5605079.0,548200.0,0.0,0.0,2.0,North,2017/2018,ST AUBYN ST EAST,KARAMU ROAD NORTH,Non-Injury Crash,No,2017,North,0.0,,Flat,,,,,Bright sun,1494100.0,0.0,0.0,0.0,2.0,0.0,,,Hawke's Bay Region,Nil,2-way,Sealed,0.0,0.0,,50.0,,Null,0.0,0.0,,30.0,Hastings District,Unknown,,,,,0.0,0.0,Urban,0.0,,,Fine
274607,1929367.0,5604909.0,548200.0,0.0,0.0,1.0,Null,2003/2004,KING ST SOUTH,SOUTHAMPTON ST WEST,Minor Crash,No,2004,East,0.0,,Flat,,,,,Bright sun,1489100.0,1.0,0.0,0.0,2.0,0.0,,,Hawke's Bay Region,Nil,2-way,Sealed,0.0,0.0,,50.0,,Null,0.0,0.0,,30.0,Hastings District,Give way,,,,,1.0,0.0,Urban,0.0,,,Fine
528391,1924938.0,5612841.0,545822.0,0.0,0.0,1.0,West,2006/2007,SH 50,WHEATLEY ROAD,Minor Crash,Yes,2006,North,0.0,0.0,Flat,0.0,,0.0,0.0,Overcast,1408800.0,1.0,0.0,0.0,2.0,0.0,0.0,,Hawke's Bay Region,Nil,2-way,Sealed,0.0,0.0,0.0,100.0,0.0,Null,0.0,0.0,,30.0,Hastings District,Nil,0.0,0.0,0.0,0.0,1.0,0.0,Open,0.0,0.0,0.0,Fine
659337,1923221.0,5610812.0,545710.0,0.0,0.0,2.0,North,2004/2005,SH 50,GORDON ST,Fatal Crash,Yes,2005,North,1.0,0.0,Flat,0.0,,0.0,0.0,Dark,1470400.0,0.0,0.0,0.0,2.0,0.0,0.0,,Hawke's Bay Region,Nil,2-way,Sealed,0.0,2.0,0.0,50.0,0.0,On,0.0,0.0,,30.0,Hastings District,Nil,0.0,0.0,0.0,0.0,0.0,0.0,Urban,0.0,0.0,0.0,Fine
433150,1936596.0,5645459.0,545911.0,0.0,0.0,1.0,East,2009/2010,AROPAOANUI ROAD,SH 2,Minor Crash,No,2010,East,0.0,1.0,Hill Road,0.0,,0.0,0.0,Bright sun,1415200.0,2.0,0.0,0.0,0.0,0.0,0.0,,Hawke's Bay Region,Nil,2-way,Sealed,0.0,0.0,0.0,100.0,0.0,Null,0.0,0.0,,30.0,Hastings District,Nil,0.0,0.0,0.0,0.0,0.0,0.0,Open,0.0,0.0,0.0,Fine
710379,1929606.0,5604596.0,548300.0,0.0,0.0,2.0,Null,2004/2005,SOUTHAMPTON ST EAST,KARAMU ROAD SOUTH,Non-Injury Crash,No,2004,East,0.0,,Flat,,,,,Bright sun,1503100.0,0.0,0.0,0.0,2.0,0.0,,,Hawke's Bay Region,Nil,2-way,Sealed,0.0,0.0,,50.0,,Null,0.0,0.0,,30.0,Hastings District,Stop,,,,,0.0,0.0,Urban,0.0,,,Fine
732140,1922629.0,5609815.0,545842.0,0.0,0.0,1.0,West,2003/2004,Z CPK DELEGATS VINEYARD,SH 50 OMAHU,Non-Injury Crash,No,2004,North,0.0,1.0,Flat,0.0,,0.0,0.0,Bright sun,1470308.0,0.0,0.0,0.0,0.0,0.0,0.0,,Hawke's Bay Region,Nil,Off road,Unsealed,0.0,0.0,0.0,100.0,0.0,Null,0.0,0.0,,30.0,Hastings District,Nil,0.0,0.0,0.0,0.0,0.0,0.0,Open,0.0,0.0,0.0,Fine
26285,1923851.0,5609727.0,545842.0,0.0,0.0,1.0,Null,2007/2008,OMAHU ROAD,HILL ROAD,Non-Injury Crash,No,2007,East,0.0,0.0,Flat,0.0,Christmas New Year,0.0,0.0,Bright sun,1469704.0,0.0,0.0,0.0,2.0,0.0,0.0,,Hawke's Bay Region,Nil,2-way,Sealed,0.0,0.0,0.0,100.0,0.0,Null,0.0,0.0,,30.0,Hastings District,Give way,0.0,0.0,0.0,0.0,0.0,0.0,Open,0.0,0.0,0.0,Fine
392202,1936082.0,5645992.0,545911.0,0.0,0.0,1.0,North,2012/2013,SH 2,AROPAOANUI ROAD,Non-Injury Crash,Yes,2012,North,0.0,1.0,Hill Road,0.0,Christmas New Year,0.0,0.0,Overcast,1415400.0,0.0,0.0,0.0,2.0,0.0,0.0,,Hawke's Bay Region,Nil,2-way,Sealed,0.0,0.0,0.0,100.0,0.0,Null,0.0,0.0,,30.0,Hastings District,Nil,0.0,0.0,0.0,0.0,0.0,0.0,Open,0.0,0.0,0.0,Light rain
266346,1928364.0,5606525.0,548500.0,0.0,0.0,2.0,West,2006/2007,Z CPK HOSPITAL,CANNING/HAPIA,Non-Injury Crash,No,2006,West,0.0,0.0,Flat,0.0,,0.0,0.0,Overcast,1478700.0,0.0,0.0,0.0,1.0,0.0,1.0,,Hawke's Bay Region,Nil,Off road,Sealed,0.0,0.0,0.0,50.0,0.0,Null,0.0,0.0,,30.0,Hastings District,Nil,0.0,0.0,0.0,0.0,0.0,0.0,Urban,0.0,0.0,0.0,Fine
434175,1928135.0,5605763.0,547900.0,0.0,0.0,2.0,West,2006/2007,MARAEKAKAHO ROAD,LOWE ST,Non-Injury Crash,No,2007,West,0.0,1.0,Flat,0.0,,0.0,0.0,Dark,1479900.0,0.0,0.0,0.0,2.0,0.0,0.0,,Hawke's Bay Region,Nil,2-way,Sealed,0.0,0.0,0.0,50.0,0.0,On,0.0,0.0,,30.0,Hastings District,Nil,0.0,0.0,0.0,0.0,0.0,0.0,Urban,0.0,0.0,0.0,Light rain
104067,1929464.0,5605185.0,548200.0,0.0,0.0,2.0,Null,2005/2006,NELSON ST SOUTH,EASTBOURNE ST WEST,Non-Injury Crash,No,2005,East,0.0,,Flat,,,,,Bright sun,1488900.0,0.0,0.0,0.0,2.0,0.0,,,Hawke's Bay Region,Nil,2-way,Sealed,0.0,0.0,,50.0,,Off,0.0,0.0,,30.0,Hastings District,Give way,,,,,0.0,0.0,Urban,1.0,,,Fine
720717,1929066.0,5605307.0,547700.0,0.0,0.0,0.0,West,2004/2005,SOUTHAMPTON ST WEST,CHARLES ST,Minor Crash,No,2005,East,0.0,,Flat,,,,,Overcast,1487700.0,1.0,0.0,1.0,2.0,0.0,,,Hawke's Bay Region,Nil,2-way,Sealed,0.0,0.0,,50.0,,Null,0.0,0.0,,30.0,Hastings District,Nil,,,,,0.0,0.0,Urban,0.0,,,Light rain
722274,1927679.0,5607006.0,548500.0,0.0,0.0,2.0,Null,2013/2014,ORCHARD ROAD,STONYCROFT ST,Non-Injury Crash,No,2014,East,0.0,,Flat,,,,,Overcast,1477900.0,0.0,0.0,0.0,2.0,0.0,,,Hawke's Bay Region,Nil,2-way,Sealed,0.0,0.0,,50.0,,Null,0.0,0.0,,30.0,Hastings District,Stop,,,,,0.0,0.0,Urban,0.0,,,Heavy rain
183833,1927683.0,5606475.0,548500.0,0.0,0.0,1.0,East,2006/2007,HUIA ST,HUIA PLACE,Non-Injury Crash,No,2006,West,0.0,0.0,Flat,0.0,,0.0,0.0,Bright sun,1479400.0,0.0,0.0,0.0,2.0,0.0,0.0,,Hawke's Bay Region,Nil,2-way,Sealed,0.0,0.0,0.0,50.0,0.0,Null,0.0,0.0,,30.0,Hastings District,Nil,0.0,0.0,0.0,0.0,0.0,0.0,Urban,0.0,0.0,0.0,Fine
438188,1925102.0,5606407.0,548620.0,0.0,0.0,2.0,North,2004/2005,BIRKENHEAD CRESCENT,SCARBOROUGH ROAD S,Non-Injury Crash,No,2005,East,0.0,0.0,Flat,0.0,,0.0,0.0,Dark,1474900.0,0.0,0.0,0.0,2.0,0.0,1.0,,Hawke's Bay Region,Nil,2-way,Sealed,0.0,0.0,0.0,50.0,0.0,On,0.0,0.0,,30.0,Hastings District,Nil,0.0,0.0,0.0,0.0,0.0,0.0,Urban,0.0,0.0,0.0,Fine
426373,1930317.0,5604449.0,548200.0,0.0,0.0,2.0,Null,2005/2006,WILLOWPARK ROAD NORTH,QUEEN ST EAST,Non-Injury Crash,No,2005,South,0.0,,Flat,,,,,Dark,1494000.0,0.0,0.0,0.0,2.0,0.0,,,Hawke's Bay Region,Nil,2-way,Sealed,0.0,0.0,,50.0,,On,0.0,1.0,,30.0,Hastings District,Give way,,,,,0.0,0.0,Urban,0.0,,,Fine