OBJECTID,X,Y,areaUnitID,bicycle,bus,carStationWagon,crashDirectionDescription,crashFinancialYear,crashLocation1,crashLocation2,crashSeverity,crashSHDescription,crashYear,directionRoleDescription,fatalCount,fence,flatHill,guardRail,holiday,houseOrBuilding,kerb,light,meshblockId,minorInjuryCount,moped,motorcycle,NumberOfLanes,otherVehicleType,parkedVehicle,pedestrian,region,roadCharacter,roadLane,roadSurface,schoolBus,seriousInjuryCount,slipOrFlood,speedLimit,strayAnimal,streetLight,suv,taxi,temporarySpeedLimit,tlaId,tlaName,trafficControl,trafficIsland,trafficSign,train,tree,truck,unknownVehicleType,urban,vanOrUtility,vehicle,waterRiver,weatherA
385409,1930197.0,5604407.0,548200.0,0.0,0.0,1.0,West,2009/2010,HERETAUNGA ST EAST,WILLOWPARK ROAD NORTH,Minor Crash,No,2009,West,0.0,,Flat,,,,,Bright sun,1493800.0,1.0,0.0,0.0,2.0,0.0,,1.0,Hawke's Bay Region,Nil,2-way,Sealed,0.0,0.0,,50.0,,Null,0.0,0.0,,30.0,Hastings District,Nil,,,,,0.0,0.0,Urban,0.0,,,Fine
363965,1919264.0,5646822.0,545811.0,0.0,0.0,1.0,South,2004/2005,SH 5,OLD TAUPO COACH ROAD,Non-Injury Crash,Yes,2004,North,0.0,0.0,Hill Road,0.0,,0.0,0.0,Overcast,1414600.0,0.0,0.0,0.0,2.0,0.0,0.0,,Hawke's Bay Region,Nil,2-way,Sealed,0.0,0.0,0.0,100.0,0.0,Null,0.0,0.0,,30.0,Hastings District,Unknown,0.0,0.0,0.0,0.0,0.0,0.0,Open,0.0,0.0,0.0,Fine
280640,1928508.0,5607214.0,547800.0,0.0,0.0,2.0,Null,2008/2009,NOTTINGLEY ROAD,FRIMLEY ROAD,Non-Injury Crash,No,2009,West,0.0,,Flat,,,,,Bright sun,1476900.0,0.0,0.0,0.0,2.0,0.0,,,Hawke's Bay Region,Nil,2-way,Sealed,0.0,0.0,,50.0,,Null,0.0,0.0,,30.0,Hastings District,Give way,,,,,0.0,0.0,Urban,0.0,,,Fine
368813,1923469.0,5608213.0,548611.0,0.0,0.0,2.0,East,2010/2011,FLAXMERE AVENUE,TARBET ST,Non-Injury Crash,No,2011,South,0.0,,Flat,,,,,Overcast,1470319.0,0.0,0.0,0.0,2.0,0.0,,,Hawke's Bay Region,Nil,2-way,Sealed,0.0,0.0,,50.0,,Null,0.0,0.0,,30.0,Hastings District,Nil,,,,,0.0,0.0,Urban,0.0,,,Fine
692647,1929265.0,5605647.0,547700.0,0.0,0.0,2.0,Null,2002/2003,HERETAUNGA ST WEST,LOVEDALE ROAD,Minor Crash,No,2003,West,0.0,,Flat,,,,,Overcast,1487900.0,1.0,0.0,0.0,2.0,0.0,,,Hawke's Bay Region,Nil,2-way,Sealed,0.0,0.0,,50.0,,Off,0.0,0.0,,30.0,Hastings District,Stop,,,,,0.0,0.0,Urban,0.0,,,Fine
52916,1933957.0,5607005.0,545722.0,0.0,0.0,1.0,South,2014/2015,SH 2,NAPIER ROAD,Non-Injury Crash,Yes,2014,South,0.0,0.0,Flat,0.0,,0.0,0.0,Bright sun,1406701.0,0.0,0.0,0.0,2.0,0.0,0.0,,Hawke's Bay Region,Nil,2-way,Sealed,0.0,0.0,0.0,80.0,0.0,None,0.0,0.0,,30.0,Hastings District,Nil,0.0,0.0,0.0,0.0,0.0,0.0,Open,0.0,0.0,0.0,Fine
299563,1928031.0,5607741.0,545710.0,0.0,0.0,1.0,East,2013/2014,SH 50A,OMAHU ROAD,Non-Injury Crash,Yes,2014,West,0.0,1.0,Flat,0.0,,0.0,0.0,Dark,1471201.0,0.0,0.0,0.0,2.0,0.0,0.0,,Hawke's Bay Region,Nil,2-way,Sealed,0.0,0.0,0.0,100.0,0.0,None,0.0,0.0,,30.0,Hastings District,Nil,0.0,0.0,0.0,0.0,0.0,0.0,Open,0.0,0.0,0.0,Fine
453633,1930724.0,5603786.0,548100.0,0.0,0.0,2.0,Null,2014/2015,HERETAUNGA ST EAST,TERRACE ROAD,Non-Injury Crash,No,2015,South,0.0,,Flat,,,,,Bright sun,1501400.0,0.0,0.0,0.0,2.0,0.0,,,Hawke's Bay Region,Nil,2-way,Sealed,0.0,0.0,,50.0,,Off,0.0,0.0,,30.0,Hastings District,Give way,,,,,0.0,0.0,Urban,0.0,,,Fine
96695,1930795.0,5604811.0,548100.0,0.0,0.0,1.0,Null,2003/2004,ALBERT ST,WILLOWPARK ROAD NORTH,Non-Injury Crash,No,2003,North,0.0,,Flat,,,,,Bright sun,1499700.0,0.0,0.0,0.0,2.0,0.0,,,Hawke's Bay Region,Nil,2-way,Sealed,0.0,0.0,,50.0,,Null,0.0,0.0,,30.0,Hastings District,Give way,,,,,0.0,0.0,Urban,1.0,,,Fine
73523,1923869.0,5607408.0,548612.0,0.0,0.0,0.0,North,2012/2013,DIAZ DRIVE,KINGSLEY DRIVE S,Non-Injury Crash,No,2013,South,0.0,,Flat,,,,,Overcast,1474002.0,0.0,0.0,0.0,2.0,0.0,,,Hawke's Bay Region,Nil,2-way,Sealed,0.0,0.0,,50.0,,Null,0.0,0.0,,30.0,Hastings District,Nil,,,,,0.0,0.0,Urban,2.0,,,Fine
134921,1934566.0,5608336.0,545722.0,0.0,0.0,1.0,South,2007/2008,SH 2,STATION ROAD,Non-Injury Crash,Yes,2008,North,0.0,0.0,Flat,0.0,,0.0,0.0,Bright sun,1406300.0,0.0,0.0,0.0,2.0,0.0,0.0,,Hawke's Bay Region,Nil,2-way,Sealed,0.0,0.0,0.0,100.0,0.0,Null,0.0,0.0,,30.0,Hastings District,Nil,0.0,0.0,0.0,0.0,0.0,0.0,Open,0.0,0.0,0.0,Fine
29769,1929746.0,5609069.0,545710.0,0.0,0.0,4.0,North,2014/2015,SH 50A,EVENDEN ROAD,Non-Injury Crash,Yes,2015,South,0.0,,Flat,,,,,Bright sun,1471100.0,0.0,0.0,0.0,2.0,0.0,,,Hawke's Bay Region,Nil,2-way,Sealed,0.0,0.0,,100.0,,None,0.0,0.0,,30.0,Hastings District,Nil,,,,,0.0,0.0,Open,0.0,,,Fine
122683,1929702.0,5604868.0,548200.0,0.0,0.0,2.0,West,2010/2011,EASTBOURNE ST WEST,RAILWAY ROAD,Non-Injury Crash,No,2011,East,0.0,,Flat,,,,,Overcast,1489900.0,0.0,0.0,0.0,2.0,0.0,,,Hawke's Bay Region,Nil,2-way,Sealed,0.0,0.0,,50.0,,Null,0.0,0.0,,30.0,Hastings District,Traffic Signals,,,,,0.0,0.0,Urban,0.0,,,Fine
230392,1930529.0,5604966.0,548200.0,0.0,0.0,1.0,Null,2007/2008,VICTORIA ST,HASTINGS ST NORTH,Non-Injury Crash,No,2008,East,0.0,,Flat,,,,,Overcast,1494500.0,0.0,0.0,0.0,2.0,0.0,,,Hawke's Bay Region,Nil,2-way,Sealed,0.0,0.0,,50.0,,Null,1.0,0.0,,30.0,Hastings District,Give way,,,,,0.0,0.0,Urban,0.0,,,Light rain
210813,1917658.0,5615116.0,545821.0,0.0,0.0,1.0,West,2013/2014,TAIHAPE ROAD,KAWERA ROAD,Non-Injury Crash,No,2013,West,0.0,,Flat,,,,,Overcast,1410300.0,0.0,0.0,0.0,2.0,0.0,,,Hawke's Bay Region,Nil,2-way,Sealed,0.0,0.0,,100.0,,None,0.0,0.0,,30.0,Hastings District,Nil,,,,,0.0,0.0,Open,0.0,,,Light rain
177226,1920618.3985,5608290.6571,545841.0,0.0,0.0,1.0,North,2018/2019,050-0017,NGATARAWA ROAD,Non-Injury Crash,Yes,2019,North,0.0,0.0,Flat,0.0,Queens Birthday,0.0,0.0,Dark,1462901.0,0.0,0.0,0.0,2.0,0.0,0.0,,Hawke's Bay Region,Nil,2-way,Sealed,0.0,0.0,0.0,100.0,0.0,None,0.0,0.0,,30.0,Hastings District,Unknown,0.0,0.0,0.0,1.0,0.0,0.0,Open,0.0,0.0,0.0,Light rain
646362,1918160.0,5650312.0,545912.0,0.0,0.0,1.0,North,2009/2010,SH 5,TE POHUE HOTEL,Non-Injury Crash,Yes,2010,South,0.0,1.0,Flat,0.0,,0.0,0.0,Twilight,1414504.0,0.0,0.0,0.0,2.0,0.0,0.0,,Hawke's Bay Region,Nil,2-way,Sealed,0.0,0.0,0.0,100.0,0.0,None,0.0,0.0,30.0,30.0,Hastings District,Nil,0.0,0.0,0.0,0.0,0.0,0.0,Open,0.0,0.0,0.0,Fine
697639,1928478.0,5604688.0,547900.0,0.0,0.0,1.0,West,2006/2007,OLIPHANT ROAD,SOUTHLAND ROAD,Minor Crash,No,2007,East,0.0,1.0,Flat,0.0,,0.0,0.0,Dark,1481000.0,1.0,0.0,0.0,2.0,0.0,0.0,,Hawke's Bay Region,Nil,2-way,Unsealed,0.0,0.0,0.0,50.0,0.0,On,0.0,0.0,30.0,30.0,Hastings District,Nil,0.0,0.0,0.0,0.0,0.0,0.0,Urban,0.0,0.0,0.0,Fine
519452,1924841.0,5626976.0,545821.0,1.0,0.0,0.0,East,2007/2008,PUKETITIRI ROAD,GLENGARRY ROAD,Minor Crash,No,2007,South,0.0,,Flat,,,,,Overcast,1411100.0,2.0,0.0,1.0,2.0,0.0,,,Hawke's Bay Region,Nil,2-way,Sealed,0.0,0.0,,100.0,,Null,0.0,0.0,,30.0,Hastings District,Nil,,,,,0.0,0.0,Open,0.0,,,Fine
42163,1929493.0,5604827.0,548200.0,0.0,0.0,0.0,North,2017/2018,MARKET ST SOUTH,SOUTHAMPTON ST WEST,Non-Injury Crash,No,2017,South,0.0,0.0,Flat,0.0,,0.0,0.0,Bright sun,1489802.0,0.0,0.0,0.0,2.0,0.0,1.0,,Hawke's Bay Region,Nil,2-way,Sealed,0.0,0.0,0.0,50.0,0.0,Null,0.0,0.0,,30.0,Hastings District,Unknown,0.0,0.0,0.0,0.0,1.0,0.0,Urban,1.0,0.0,0.0,Fine
40711,1928248.0,5604448.0,547900.0,0.0,0.0,0.0,Null,2006/2007,SOUTHLAND ROAD,MURDOCH ROAD WEST,Minor Crash,No,2007,West,0.0,1.0,Flat,0.0,,0.0,0.0,Bright sun,1469201.0,1.0,0.0,0.0,2.0,0.0,0.0,,Hawke's Bay Region,Nil,2-way,Sealed,0.0,0.0,0.0,50.0,0.0,Null,0.0,0.0,,30.0,Hastings District,Give way,0.0,0.0,0.0,0.0,0.0,0.0,Urban,1.0,0.0,0.0,Fine
588332,1929657.0,5605129.0,548200.0,0.0,0.0,0.0,Null,2003/2004,KING ST NORTH,HERETAUNGA ST WEST,Minor Crash,No,2003,North,0.0,,Flat,,,,,Bright sun,1491200.0,1.0,0.0,0.0,2.0,0.0,,1.0,Hawke's Bay Region,Nil,2-way,Sealed,0.0,0.0,,50.0,,Null,0.0,0.0,,30.0,Hastings District,Nil,,,,,0.0,0.0,Urban,1.0,,,Fine
332382,1924363.0,5607529.0,548612.0,0.0,0.0,1.0,West,2013/2014,CORTES CRESCENT,HUDSON ROAD S,Minor Crash,No,2014,West,0.0,1.0,Flat,0.0,,0.0,0.0,Dark,1474113.0,2.0,0.0,0.0,2.0,0.0,0.0,,Hawke's Bay Region,Nil,2-way,Sealed,0.0,0.0,0.0,50.0,0.0,On,0.0,0.0,,30.0,Hastings District,Unknown,0.0,0.0,0.0,0.0,0.0,0.0,Urban,0.0,0.0,0.0,Fine
150965,1929009.0,5604080.0,547900.0,0.0,0.0,1.0,Null,2012/2013,GASCOIGNE ST,RAILWAY ROAD,Non-Injury Crash,No,2012,South,0.0,0.0,Flat,1.0,,0.0,0.0,Dark,1482400.0,0.0,0.0,0.0,2.0,0.0,0.0,,Hawke's Bay Region,Nil,2-way,Sealed,0.0,0.0,0.0,70.0,0.0,On,0.0,0.0,,30.0,Hastings District,Stop,1.0,0.0,0.0,0.0,0.0,0.0,Urban,0.0,0.0,0.0,Fine
321782,1925116.0,5607017.0,548620.0,0.0,0.0,2.0,West,2001/2002,SWANSEA ROAD,HENDERSON ROAD,Non-Injury Crash,No,2002,East,0.0,,Flat,,,,,Overcast,1473700.0,0.0,0.0,0.0,2.0,0.0,,,Hawke's Bay Region,Nil,2-way,Sealed,0.0,0.0,,50.0,,Null,0.0,0.0,,30.0,Hastings District,Nil,,,,,0.0,0.0,Urban,0.0,,,Light rain
4045,1908505.0,5674807.0,545911.0,0.0,0.0,1.0,North,2003/2004,SH 5,TARAWERA TAV,Non-Injury Crash,Yes,2003,South,0.0,0.0,Flat,0.0,Christmas New Year,0.0,0.0,Bright sun,1281200.0,0.0,0.0,0.0,2.0,0.0,0.0,,Hawke's Bay Region,Nil,2-way,Sealed,0.0,0.0,0.0,100.0,0.0,Null,0.0,0.0,,30.0,Hastings District,Pointsman,0.0,0.0,0.0,0.0,0.0,0.0,Open,0.0,0.0,0.0,Fine
198034,1928490.0,5606058.0,548500.0,0.0,0.0,3.0,North,2013/2014,ORCHARD ROAD,MARAEKAKAHO ROAD,Non-Injury Crash,No,2014,North,0.0,,Flat,,,,,Bright sun,1479600.0,0.0,0.0,0.0,2.0,0.0,,,Hawke's Bay Region,Nil,2-way,Sealed,0.0,0.0,,50.0,,Off,1.0,0.0,,30.0,Hastings District,Nil,,,,,0.0,0.0,Urban,0.0,,,Fine
723242,1927198.7066,5607727.0885,548400.0,0.0,0.0,2.0,North,2019/2020,OMAHU ROAD,WILSON ROAD,Non-Injury Crash,No,2020,South,0.0,,Flat,,,,,Bright sun,1473400.0,0.0,0.0,0.0,2.0,0.0,,,Hawke's Bay Region,Nil,2-way,Sealed,0.0,0.0,,50.0,,Off,0.0,0.0,,30.0,Hastings District,Nil,,,,,0.0,0.0,Urban,0.0,,,Fine
681590,1932575.0,5608502.0,545721.0,0.0,0.0,0.0,Null,2010/2011,RUAHAPIA ROAD,WHAKATU ROAD,Non-Injury Crash,No,2011,South,0.0,,Flat,,,,,Overcast,1471600.0,0.0,0.0,0.0,2.0,0.0,,,Hawke's Bay Region,Nil,2-way,Sealed,0.0,0.0,,100.0,,Null,0.0,0.0,,30.0,Hastings District,Give way,,,,,1.0,0.0,Open,1.0,,,Light rain
560446,1934581.0,5641889.0,545811.0,0.0,0.0,0.0,South,2018/2019,SH 2,KAREAARA BR,Serious Crash,Yes,2018,East,0.0,,Hill Road,,,,,Bright sun,1415700.0,0.0,0.0,1.0,2.0,0.0,,,Hawke's Bay Region,Nil,2-way,Sealed,0.0,1.0,,100.0,,Null,0.0,0.0,,30.0,Hastings District,Unknown,,,,,0.0,0.0,Open,0.0,,,Fine
277679,1932990.0,5601033.0,548821.0,0.0,0.0,1.0,North,1999/2000,JOLL ROAD,LAING COVE,Serious Crash,No,2000,South,0.0,,Hill Road,,,,,Bright sun,1507400.0,0.0,0.0,0.0,2.0,0.0,,1.0,Hawke's Bay Region,Nil,2-way,Sealed,0.0,1.0,,50.0,,Null,0.0,0.0,,30.0,Hastings District,Unknown,,,,,0.0,0.0,Urban,0.0,,,Fine
36125,1928818.0,5600976.0,545852.0,0.0,0.0,1.0,Null,2016/2017,LONGLANDS ROAD EAST,TE AUTE ROAD,Non-Injury Crash,No,2016,South,0.0,0.0,Flat,1.0,,0.0,0.0,Dark,1465700.0,0.0,0.0,0.0,2.0,0.0,0.0,,Hawke's Bay Region,Nil,2-way,Sealed,0.0,0.0,0.0,100.0,0.0,On,0.0,0.0,,30.0,Hastings District,Give way,0.0,0.0,0.0,0.0,0.0,0.0,Open,0.0,0.0,0.0,Fine
100949,1925737.0,5619711.0,545821.0,0.0,0.0,1.0,West,2007/2008,DARTMOOR ROAD,VICARAGE ROAD,Minor Crash,No,2008,North,0.0,,Hill Road,,,,,Overcast,1411400.0,1.0,0.0,0.0,2.0,0.0,,,Hawke's Bay Region,Nil,2-way,Sealed,0.0,0.0,,50.0,,Null,0.0,0.0,,30.0,Hastings District,Nil,,,,,0.0,0.0,Urban,1.0,,,Light rain
339678,1928784.0,5606279.0,547800.0,0.0,0.0,2.0,Null,2013/2014,MARAEKAKAHO ROAD,OMAHU ROAD,Non-Injury Crash,No,2013,South,0.0,,Flat,,,,,Bright sun,1477800.0,0.0,0.0,0.0,2.0,0.0,,,Hawke's Bay Region,Nil,2-way,Sealed,0.0,0.0,,50.0,,Null,0.0,0.0,,30.0,Hastings District,Give way,,,,,0.0,0.0,Urban,0.0,,,Fine
83351,1929453.0,5604796.0,548200.0,0.0,0.0,3.0,Null,2010/2011,SOUTHAMPTON ST WEST,MARKET ST SOUTH,Minor Crash,No,2011,North,0.0,,Flat,,,,,Bright sun,1489802.0,1.0,0.0,0.0,2.0,0.0,,,Hawke's Bay Region,Nil,2-way,Sealed,0.0,0.0,,50.0,,Null,0.0,0.0,,30.0,Hastings District,Give way,,,,,0.0,0.0,Urban,0.0,,,Fine
463259,1925548.0,5603456.0,545842.0,0.0,0.0,2.0,North,2003/2004,SH 50A,LONGLANDS ROAD WEST,Minor Crash,Yes,2004,South,0.0,,Flat,,,,,Overcast,1470214.0,1.0,0.0,0.0,2.0,0.0,,,Hawke's Bay Region,Nil,2-way,Sealed,0.0,0.0,,100.0,,Null,0.0,0.0,,30.0,Hastings District,Nil,,,,,0.0,0.0,Open,0.0,,,Light rain
67178,1928818.0,5600976.0,545852.0,0.0,0.0,2.0,Null,2002/2003,TE AUTE ROAD,LONGLANDS ROAD EAST,Non-Injury Crash,No,2002,East,0.0,,Flat,,Labour Weekend,,,Bright sun,1465700.0,0.0,0.0,0.0,2.0,0.0,,,Hawke's Bay Region,Nil,2-way,Sealed,0.0,0.0,,100.0,,Null,0.0,0.0,,30.0,Hastings District,Give way,,,,,0.0,0.0,Open,0.0,,,Fine
701225,1925271.0,5607916.0,548611.0,0.0,0.0,1.0,West,2002/2003,MARGATE AVENUE,YARMOUTH ROAD S,Non-Injury Crash,No,2002,West,0.0,,Flat,,,,,Bright sun,1473803.0,0.0,0.0,0.0,2.0,0.0,,,Hawke's Bay Region,Nil,2-way,Sealed,0.0,0.0,,50.0,,Null,0.0,0.0,,30.0,Hastings District,Nil,,,,,1.0,0.0,Urban,0.0,,,Fine
642425,1932484.0,5601835.0,548831.0,0.0,0.0,4.0,West,2000/2001,HAVELOCK ROAD,PORTER DRIVE,Non-Injury Crash,No,2000,North,0.0,,Flat,,Christmas New Year,,,Bright sun,1509600.0,0.0,0.0,0.0,2.0,0.0,,,Hawke's Bay Region,Nil,2-way,Sealed,0.0,0.0,,50.0,,Null,0.0,0.0,,30.0,Hastings District,Unknown,,,,,0.0,0.0,Urban,0.0,,,Fine
532944,1931594.4632,5605548.8463,548000.0,0.0,0.0,0.0,North,2019/2020,COLLINGE ROAD,DALCROSS STREET,Non-Injury Crash,No,2020,North,0.0,0.0,Flat,0.0,,0.0,0.0,Bright sun,1497300.0,0.0,0.0,0.0,2.0,0.0,1.0,,Hawke's Bay Region,Nil,2-way,Sealed,0.0,0.0,0.0,50.0,0.0,Off,0.0,0.0,,30.0,Hastings District,Nil,0.0,0.0,0.0,0.0,2.0,0.0,Urban,0.0,0.0,0.0,Fine
54814,1929435.0,5606032.0,547700.0,0.0,0.0,3.0,Null,2006/2007,ST AUBYN ST WEST,GRAYS ROAD,Minor Crash,No,2007,North,0.0,0.0,Flat,0.0,,0.0,1.0,Bright sun,1488100.0,1.0,0.0,0.0,2.0,0.0,0.0,,Hawke's Bay Region,Nil,2-way,Sealed,0.0,0.0,0.0,50.0,0.0,Null,0.0,0.0,,30.0,Hastings District,Give way,0.0,0.0,0.0,0.0,0.0,0.0,Urban,0.0,0.0,0.0,Fine
323394,1927597.0,5605358.0,545761.0,0.0,0.0,1.0,Null,2008/2009,MARAEKAKAHO ROAD,WALL ROAD,Serious Crash,No,2008,South,0.0,,Flat,,,,,Bright sun,1469905.0,0.0,1.0,0.0,2.0,0.0,,,Hawke's Bay Region,Nil,2-way,Sealed,0.0,1.0,,100.0,,Null,0.0,0.0,,30.0,Hastings District,Give way,,,,,0.0,0.0,Open,0.0,,,Fine
564267,1929560.0,5605258.0,548200.0,1.0,0.0,1.0,Null,2017/2018,HERETAUNGA ST WEST,NELSON ST SOUTH,Minor Crash,No,2018,North,0.0,,Flat,,,,,Bright sun,1490100.0,1.0,0.0,0.0,2.0,0.0,,,Hawke's Bay Region,Nil,2-way,Sealed,0.0,0.0,,50.0,,Null,0.0,0.0,,30.0,Hastings District,Traffic Signals,,,,,0.0,0.0,Urban,0.0,,,Fine
57723,1929285.0,5605424.0,548200.0,0.0,0.0,1.0,Null,2013/2014,CHARLES ST,EASTBOURNE ST WEST,Serious Crash,No,2013,South,0.0,,Flat,,,,,Overcast,1488800.0,0.0,0.0,1.0,2.0,0.0,,,Hawke's Bay Region,Nil,2-way,Sealed,0.0,1.0,,50.0,,Off,0.0,0.0,,30.0,Hastings District,Give way,,,,,0.0,0.0,Urban,0.0,,,Fine
462475,1900150.0,5623341.0,545821.0,0.0,0.0,0.0,South,2014/2015,TAIHAPE ROAD,KOROMIKO ROAD,Serious Crash,No,2015,North,0.0,,Hill Road,,,,,Bright sun,1410000.0,0.0,0.0,1.0,2.0,0.0,,,Hawke's Bay Region,Nil,2-way,Sealed,0.0,1.0,,100.0,,Null,0.0,0.0,,30.0,Hastings District,Unknown,,,,,0.0,0.0,Open,0.0,,,Fine
655877,1932441.0,5602128.0,548831.0,0.0,0.0,1.0,East,2015/2016,Z DRIVEWAY,KARAMU STREAM,Minor Crash,No,2016,East,0.0,0.0,Null,0.0,,1.0,0.0,Bright sun,1509100.0,1.0,0.0,0.0,,0.0,0.0,,Hawke's Bay Region,Nil,Off road,Sealed,0.0,0.0,0.0,30.0,0.0,Null,0.0,0.0,,30.0,Hastings District,Unknown,0.0,0.0,0.0,1.0,0.0,0.0,Urban,0.0,0.0,0.0,Null
18465,1930507.8665,5605973.1942,547600.0,0.0,0.0,0.0,Null,2018/2019,NELSON STREET NORTH,CORNWALL ROAD,Serious Crash,No,2019,North,0.0,,Flat,,,,,Bright sun,1483500.0,0.0,0.0,0.0,2.0,0.0,,1.0,Hawke's Bay Region,Nil,2-way,Sealed,0.0,1.0,,50.0,,Off,1.0,0.0,,30.0,Hastings District,Give way,,,,,0.0,0.0,Urban,0.0,,,Fine
45884,1933673.0,5652394.0,545911.0,0.0,0.0,1.0,West,2006/2007,WAIKOAU ROAD,SH 2,Non-Injury Crash,No,2007,North,0.0,0.0,Flat,0.0,,0.0,0.0,Overcast,1415400.0,0.0,0.0,0.0,2.0,0.0,0.0,,Hawke's Bay Region,Nil,2-way,Sealed,0.0,0.0,0.0,100.0,0.0,Null,0.0,0.0,,30.0,Hastings District,Nil,0.0,0.0,0.0,0.0,0.0,0.0,Open,0.0,0.0,0.0,Light rain
460681,1930564.0,5605273.0,548200.0,0.0,0.0,1.0,South,2003/2004,KARAMU ROAD NORTH,ALEXANDRA ST,Non-Injury Crash,No,2004,South,0.0,0.0,Flat,0.0,Queens Birthday,0.0,0.0,Twilight,1494600.0,0.0,0.0,0.0,2.0,0.0,0.0,,Hawke's Bay Region,Nil,2-way,Sealed,0.0,0.0,0.0,50.0,0.0,On,0.0,0.0,,30.0,Hastings District,Nil,0.0,0.0,0.0,0.0,0.0,0.0,Urban,0.0,0.0,0.0,Fine
121799,1930627.0,5606185.0,547600.0,0.0,0.0,2.0,North,2012/2013,FREDERICK ST,NELSON ST NORTH,Minor Crash,No,2012,North,0.0,,Flat,,,,,Bright sun,1483700.0,1.0,0.0,0.0,2.0,0.0,,,Hawke's Bay Region,Nil,2-way,Sealed,0.0,0.0,,50.0,,Null,0.0,0.0,,30.0,Hastings District,Nil,,,,,0.0,0.0,Urban,0.0,,,Fine
465433,1931756.0,5601625.0,548810.0,0.0,0.0,1.0,Null,2006/2007,TASMAN ST,SEFTON ST,Minor Crash,No,2006,South,0.0,0.0,Flat,0.0,,0.0,0.0,Dark,1505400.0,1.0,0.0,0.0,2.0,0.0,0.0,,Hawke's Bay Region,Nil,2-way,Sealed,0.0,0.0,0.0,50.0,0.0,On,0.0,0.0,,30.0,Hastings District,Nil,0.0,0.0,0.0,1.0,0.0,0.0,Urban,0.0,0.0,0.0,Fine
80745,1930065.0,5604789.0,548200.0,0.0,0.0,2.0,Null,2009/2010,WARREN ST NORTH,QUEEN ST EAST,Non-Injury Crash,No,2010,South,0.0,0.0,Flat,0.0,,0.0,0.0,Bright sun,1493400.0,0.0,0.0,0.0,2.0,0.0,1.0,,Hawke's Bay Region,Nil,2-way,Sealed,0.0,0.0,0.0,50.0,0.0,Null,0.0,0.0,,30.0,Hastings District,Give way,0.0,0.0,0.0,0.0,0.0,0.0,Urban,0.0,0.0,0.0,Fine
250113,1905763.0,5600895.0,545841.0,0.0,0.0,1.0,South,2011/2012,SH 50,TAIT ROAD,Non-Injury Crash,Yes,2011,North,0.0,,Hill Road,,,,,Overcast,1462600.0,0.0,0.0,0.0,2.0,0.0,,,Hawke's Bay Region,Nil,2-way,Sealed,0.0,0.0,,100.0,,Null,0.0,0.0,,30.0,Hastings District,Nil,,,,,0.0,0.0,Open,0.0,,,Fine
171845,1928379.0,5634529.0,545811.0,0.0,0.0,1.0,North,2009/2010,SH 5,ELLIS WALLACE ROAD,Minor Crash,Yes,2009,East,0.0,,Hill Road,,,,,Dark,1414700.0,2.0,0.0,0.0,2.0,0.0,,,Hawke's Bay Region,Nil,2-way,Sealed,0.0,0.0,,100.0,,None,0.0,0.0,,30.0,Hastings District,Nil,,,,,0.0,0.0,Open,0.0,,,Fine
257300,1929464.0,5605185.0,548200.0,0.0,0.0,2.0,Null,2016/2017,NELSON ST SOUTH,EASTBOURNE ST WEST,Non-Injury Crash,No,2017,East,0.0,,Flat,,,,,Bright sun,1488900.0,0.0,0.0,0.0,2.0,0.0,,,Hawke's Bay Region,Nil,2-way,Sealed,0.0,0.0,,50.0,,Null,0.0,0.0,,30.0,Hastings District,Stop,,,,,0.0,0.0,Urban,0.0,,,Fine
241674,1913494.8883,5587551.5422,545851.0,0.0,0.0,1.0,North,2019/2020,SH 2,WAIKAREAO ROAD,Non-Injury Crash,Yes,2019,South,0.0,,Hill Road,,,,,Bright sun,1464500.0,0.0,0.0,0.0,2.0,0.0,,,Hawke's Bay Region,Bridge,2-way,Sealed,0.0,0.0,,100.0,,Off,0.0,0.0,,30.0,Hastings District,Nil,,,,,1.0,0.0,Open,0.0,,,Fine
443861,1928700.0,5606358.0,547800.0,0.0,0.0,3.0,South,2003/2004,OMAHU ROAD,RENATA ST,Non-Injury Crash,No,2003,East,0.0,,Flat,,,,,Twilight,1477800.0,0.0,0.0,0.0,2.0,0.0,,,Hawke's Bay Region,Nil,2-way,Sealed,0.0,0.0,,50.0,,Off,0.0,0.0,,30.0,Hastings District,Nil,,,,,0.0,0.0,Urban,0.0,,,Light rain
374075,1933014.0,5605429.0,545721.0,0.0,0.0,1.0,Null,2004/2005,ST GEORGES ROAD,FARMLET ROAD,Non-Injury Crash,No,2004,North,0.0,0.0,Flat,0.0,,0.0,0.0,Overcast,1472405.0,0.0,0.0,0.0,2.0,0.0,0.0,,Hawke's Bay Region,Nil,2-way,Sealed,0.0,0.0,0.0,100.0,0.0,Null,0.0,0.0,,30.0,Hastings District,Nil,0.0,1.0,0.0,0.0,0.0,0.0,Open,0.0,0.0,0.0,Light rain
533800,1932652.0,5609542.0,545832.0,0.0,0.0,1.0,Null,2015/2016,CHESTERHOPE BRIDGE,FARNDON ROAD,Non-Injury Crash,No,2016,South,0.0,0.0,Flat,1.0,,0.0,0.0,Dark,1404300.0,0.0,0.0,0.0,3.0,0.0,0.0,,Hawke's Bay Region,Nil,2-way,Sealed,0.0,0.0,0.0,100.0,0.0,On,0.0,0.0,,30.0,Hastings District,Give way,0.0,1.0,0.0,0.0,0.0,0.0,Open,0.0,0.0,0.0,Light rain