OBJECTID,X,Y,areaUnitID,bicycle,bus,carStationWagon,crashDirectionDescription,crashFinancialYear,crashLocation1,crashLocation2,crashSeverity,crashSHDescription,crashYear,directionRoleDescription,fatalCount,fence,flatHill,guardRail,holiday,houseOrBuilding,kerb,light,meshblockId,minorInjuryCount,moped,motorcycle,NumberOfLanes,otherVehicleType,parkedVehicle,pedestrian,region,roadCharacter,roadLane,roadSurface,schoolBus,seriousInjuryCount,slipOrFlood,speedLimit,strayAnimal,streetLight,suv,taxi,temporarySpeedLimit,tlaId,tlaName,trafficControl,trafficIsland,trafficSign,train,tree,truck,unknownVehicleType,urban,vanOrUtility,vehicle,waterRiver,weatherA
549819,1929749.0,5604831.0,548200.0,0.0,0.0,2.0,North,2004/2005,RUSSELL ST SOUTH,EASTBOURNE ST EAST,Non-Injury Crash,No,2005,South,0.0,,Flat,,,,,Bright sun,1492000.0,0.0,0.0,0.0,2.0,0.0,,,Hawke's Bay Region,Nil,2-way,Sealed,0.0,0.0,,50.0,,Null,0.0,0.0,,30.0,Hastings District,Nil,,,,,0.0,0.0,Urban,0.0,,,Fine
51973,1928031.0,5600862.0,545852.0,0.0,0.0,1.0,South,2007/2008,TE AUTE ROAD,LONGLANDS ROAD EAST,Minor Crash,No,2007,North,0.0,0.0,Flat,0.0,,0.0,0.0,Overcast,1465700.0,2.0,0.0,0.0,2.0,0.0,0.0,,Hawke's Bay Region,Nil,2-way,Sealed,0.0,0.0,0.0,100.0,0.0,Null,0.0,0.0,,30.0,Hastings District,Nil,0.0,0.0,0.0,0.0,0.0,0.0,Open,0.0,0.0,0.0,Fine
398216,1929651.0,5604935.0,548200.0,0.0,0.0,1.0,East,2008/2009,EASTBOURNE ST WEST,MARKET ST SOUTH,Non-Injury Crash,No,2009,East,0.0,0.0,Flat,0.0,,0.0,1.0,Bright sun,1489900.0,0.0,0.0,0.0,2.0,0.0,0.0,,Hawke's Bay Region,Nil,2-way,Sealed,0.0,0.0,0.0,50.0,0.0,Null,0.0,0.0,,30.0,Hastings District,Give way,0.0,0.0,0.0,1.0,0.0,0.0,Urban,0.0,0.0,0.0,Fine
593045,1930517.1699,5604599.5884,548100.0,0.0,0.0,2.0,Null,2019/2020,WILLOWPARK ROAD NORTH,ST AUBYN STREET EAST,Non-Injury Crash,No,2020,West,0.0,1.0,Flat,0.0,,0.0,0.0,Bright sun,1500800.0,0.0,0.0,0.0,2.0,0.0,0.0,,Hawke's Bay Region,Nil,2-way,Sealed,0.0,0.0,0.0,50.0,0.0,Off,0.0,0.0,,30.0,Hastings District,Give way,0.0,0.0,0.0,0.0,0.0,0.0,Urban,0.0,0.0,0.0,Fine
356895,1938511.0,5594660.0,545860.0,0.0,0.0,1.0,North,2015/2016,WAIMARAMA ROAD,MARAETOTARA ROAD,Non-Injury Crash,No,2015,West,0.0,0.0,Hill Road,0.0,,0.0,0.0,Overcast,1467400.0,0.0,0.0,0.0,2.0,0.0,0.0,,Hawke's Bay Region,Nil,2-way,Sealed,0.0,0.0,0.0,100.0,0.0,None,0.0,0.0,,30.0,Hastings District,Unknown,0.0,0.0,0.0,0.0,0.0,0.0,Open,0.0,0.0,0.0,Light rain
450231,1931477.0,5615020.0,545831.0,0.0,0.0,3.0,South,2005/2006,SH 50,MEEANEE ROAD,Non-Injury Crash,Yes,2006,North,0.0,,Flat,,,,,Twilight,1404600.0,0.0,0.0,0.0,2.0,0.0,,,Hawke's Bay Region,Bridge,2-way,Sealed,0.0,0.0,,100.0,,None,0.0,0.0,,30.0,Hastings District,Nil,,,,,0.0,0.0,Open,0.0,,,Heavy rain
682638,1923214.0,5596634.0,545851.0,0.0,0.0,1.0,South,2007/2008,SH 2,STOCK ROAD,Non-Injury Crash,Yes,2008,North,0.0,0.0,Flat,0.0,,0.0,0.0,Overcast,1463900.0,0.0,0.0,0.0,2.0,0.0,0.0,,Hawke's Bay Region,Nil,2-way,Sealed,0.0,0.0,0.0,100.0,0.0,Null,0.0,0.0,,30.0,Hastings District,Nil,0.0,0.0,0.0,0.0,0.0,0.0,Open,0.0,0.0,0.0,Light rain
470650,1931438.0,5605808.0,548000.0,0.0,0.0,2.0,Null,2002/2003,KARUMU ROAD NORTH,COLLINGE ROAD,Non-Injury Crash,No,2003,West,0.0,,Flat,,,,,Bright sun,1496700.0,0.0,0.0,0.0,2.0,0.0,,,Hawke's Bay Region,Nil,2-way,Sealed,0.0,0.0,,50.0,,Null,0.0,0.0,,30.0,Hastings District,Give way,,,,,0.0,0.0,Urban,0.0,,,Fine
653860,1937211.0,5637949.0,545811.0,0.0,0.0,1.0,North,2018/2019,SH 2,PAKURATAHI VALLEY ROAD,Non-Injury Crash,Yes,2018,South,0.0,,Flat,,,,,Bright sun,1415800.0,0.0,0.0,0.0,2.0,0.0,,,Hawke's Bay Region,Nil,2-way,Sealed,0.0,0.0,,100.0,,Null,0.0,0.0,,30.0,Hastings District,Unknown,,,,,0.0,0.0,Open,0.0,,,Fine
226627,1932097.0,5608866.0,545710.0,0.0,1.0,1.0,South,2017/2018,PAKOWHAI ROAD,RUAHAPIA ROAD,Serious Crash,No,2018,North,0.0,,Flat,,,,,Bright sun,1471100.0,1.0,0.0,0.0,2.0,0.0,,,Hawke's Bay Region,Nil,2-way,Sealed,0.0,1.0,,80.0,,Null,0.0,0.0,50.0,30.0,Hastings District,Unknown,,,,,1.0,0.0,Open,1.0,,,Fine
6412,1924516.0,5609109.0,545710.0,0.0,0.0,0.0,North,2010/2011,OMAHU ROAD,JAMES ROCHFORT PLACE,Non-Injury Crash,No,2010,North,0.0,,Flat,,,,,Bright sun,1470600.0,0.0,0.0,0.0,2.0,0.0,,,Hawke's Bay Region,Nil,2-way,Sealed,0.0,0.0,,70.0,,Null,0.0,0.0,,30.0,Hastings District,Nil,,,,,0.0,0.0,Urban,2.0,,,Fine
135710,1911858.0,5662768.0,545911.0,0.0,0.0,0.0,South,2002/2003,SH 5,TE HAROTO ROAD,Non-Injury Crash,Yes,2003,North,0.0,,Hill Road,,,,,Overcast,1414300.0,0.0,0.0,0.0,2.0,0.0,,,Hawke's Bay Region,Nil,2-way,Sealed,0.0,0.0,,100.0,,Null,0.0,0.0,,30.0,Hastings District,Nil,,,,,0.0,0.0,Open,1.0,,,Light rain
429849,1913288.0,5587210.0,545851.0,0.0,0.0,1.0,South,2000/2001,SH 2,WAIKAREAO ROAD,Non-Injury Crash,Yes,2000,South,0.0,,Hill Road,,,,,Bright sun,1464600.0,0.0,0.0,0.0,2.0,0.0,,,Hawke's Bay Region,Nil,2-way,Sealed,0.0,0.0,,100.0,,Null,0.0,0.0,,30.0,Hastings District,Nil,,,,,0.0,0.0,Open,0.0,,,Fine
292171,1932516.0,5606194.0,545721.0,0.0,0.0,1.0,West,2018/2019,SH 2,ST GEORGES ROAD,Non-Injury Crash,Yes,2018,West,0.0,,Flat,,,,,Bright sun,1472300.0,0.0,0.0,0.0,2.0,0.0,,,Hawke's Bay Region,Nil,2-way,Sealed,0.0,0.0,,70.0,,Null,0.0,0.0,,30.0,Hastings District,Unknown,,,,,1.0,0.0,Urban,0.0,,,Fine
463805,1930687.0,5606092.0,547600.0,0.0,0.0,2.0,Null,2001/2002,FREDERICK ST,NELSON ST NORTH,Non-Injury Crash,No,2001,North,0.0,,Flat,,,,,Bright sun,1483500.0,0.0,0.0,0.0,2.0,0.0,,,Hawke's Bay Region,Nil,2-way,Sealed,0.0,0.0,,50.0,,Null,0.0,0.0,,30.0,Hastings District,Give way,,,,,0.0,0.0,Urban,0.0,,,Fine
120132,1928679.0,5604778.0,547900.0,0.0,0.0,2.0,Null,2010/2011,SOUTHLAND ROAD,GORDON ROAD,Minor Crash,No,2011,North,0.0,,Flat,,,,,Bright sun,1482100.0,1.0,0.0,0.0,2.0,0.0,,,Hawke's Bay Region,Nil,2-way,Sealed,0.0,0.0,,50.0,,Null,0.0,0.0,,30.0,Hastings District,Nil,,,,,0.0,0.0,Urban,0.0,,,Fine
401907,1929670.0,5605714.0,548200.0,0.0,0.0,1.0,South,2004/2005,ST AUBYN ST WEST,TOMOANA ROAD,Non-Injury Crash,No,2005,North,0.0,,Flat,,,,,Bright sun,1490300.0,0.0,0.0,0.0,2.0,0.0,,,Hawke's Bay Region,Nil,2-way,Sealed,0.0,0.0,,50.0,,Null,0.0,0.0,,30.0,Hastings District,Nil,,,,,0.0,0.0,Urban,1.0,,,Fine
646331,1918242.0,5650461.0,545912.0,0.0,0.0,1.0,North,2012/2013,SH 5,TE POHUE LOOP ROAD,Non-Injury Crash,Yes,2012,South,0.0,1.0,Hill Road,0.0,Christmas New Year,0.0,0.0,Bright sun,1414504.0,0.0,0.0,0.0,3.0,0.0,0.0,,Hawke's Bay Region,Nil,2-way,Sealed,0.0,0.0,0.0,100.0,0.0,Null,0.0,0.0,,30.0,Hastings District,Nil,0.0,0.0,0.0,0.0,0.0,0.0,Open,0.0,0.0,0.0,Fine
261358,1936439.0,5601132.0,548833.0,0.0,0.0,0.0,East,2006/2007,WAIMARAMA ROAD,TE MATA ROAD,Non-Injury Crash,No,2006,East,0.0,1.0,Hill Road,0.0,,0.0,0.0,Twilight,1466802.0,0.0,0.0,0.0,2.0,0.0,0.0,,Hawke's Bay Region,Nil,2-way,Sealed,0.0,0.0,0.0,100.0,0.0,None,0.0,0.0,,30.0,Hastings District,Nil,0.0,0.0,0.0,0.0,0.0,0.0,Open,1.0,0.0,0.0,Light rain
733167,1935262.0,5607114.0,545722.0,0.0,0.0,0.0,North,2009/2010,LAWN ROAD,PILCHER ROAD,Minor Crash,No,2010,North,0.0,0.0,Flat,0.0,,0.0,0.0,Bright sun,1406300.0,1.0,0.0,0.0,2.0,0.0,0.0,,Hawke's Bay Region,Nil,2-way,Sealed,0.0,0.0,0.0,100.0,0.0,Null,1.0,0.0,,30.0,Hastings District,Nil,0.0,0.0,0.0,0.0,0.0,0.0,Open,0.0,0.0,0.0,Fine
415652,1930951.0,5606308.0,547600.0,0.0,0.0,1.0,Null,2000/2001,WILLIAMS ST,NELSON ST NORTH,Non-Injury Crash,No,2001,East,0.0,1.0,Flat,0.0,,0.0,0.0,Dark,1483900.0,0.0,0.0,0.0,2.0,0.0,0.0,,Hawke's Bay Region,Nil,2-way,Sealed,0.0,0.0,0.0,50.0,0.0,On,0.0,0.0,,30.0,Hastings District,Nil,0.0,0.0,0.0,1.0,0.0,0.0,Urban,0.0,0.0,0.0,Fine
304451,1945315.0,5660435.0,545911.0,0.0,0.0,0.0,West,2005/2006,SH 2,WAIKARE ROAD,Non-Injury Crash,Yes,2006,West,0.0,0.0,Hill Road,0.0,,0.0,0.0,Overcast,1416100.0,0.0,0.0,0.0,2.0,0.0,0.0,,Hawke's Bay Region,Nil,2-way,Sealed,0.0,0.0,0.0,100.0,0.0,Null,0.0,0.0,,30.0,Hastings District,Nil,0.0,0.0,0.0,0.0,1.0,0.0,Open,0.0,0.0,0.0,Fine
435625,1933308.5952,5608485.7974,545722.0,0.0,0.0,1.0,North,2019/2020,ANDERSON ROAD,WHAKATU ROAD,Non-Injury Crash,No,2020,West,0.0,0.0,Flat,0.0,,0.0,0.0,Overcast,1406200.0,0.0,0.0,0.0,2.0,0.0,0.0,,Hawke's Bay Region,Rail xing,2-way,Sealed,0.0,0.0,0.0,80.0,0.0,Off,0.0,0.0,,30.0,Hastings District,Nil,0.0,0.0,0.0,0.0,0.0,0.0,Open,0.0,0.0,0.0,Heavy rain
635028,1924171.0,5603718.0,545842.0,0.0,0.0,1.0,West,2004/2005,MARAEKAKAHO ROAD,STOCK ROAD,Non-Injury Crash,No,2004,West,0.0,1.0,Flat,0.0,,0.0,0.0,Bright sun,1470213.0,0.0,0.0,0.0,2.0,0.0,0.0,,Hawke's Bay Region,Nil,2-way,Sealed,0.0,0.0,0.0,100.0,0.0,Null,0.0,0.0,,30.0,Hastings District,Nil,0.0,0.0,0.0,1.0,0.0,0.0,Open,0.0,0.0,0.0,Fine
491633,1925859.0,5600719.0,545852.0,0.0,0.0,1.0,South,2014/2015,RAILWAY ROAD SOUTH,LONGLANDS ROAD EAST,Non-Injury Crash,No,2015,North,0.0,,Flat,,Easter,,,Bright sun,1469600.0,0.0,0.0,0.0,2.0,0.0,,,Hawke's Bay Region,Nil,2-way,Sealed,0.0,0.0,,100.0,,Null,0.0,0.0,,30.0,Hastings District,Unknown,,,,,0.0,0.0,Open,0.0,,,Fine
312266,1930065.0,5604789.0,548200.0,0.0,0.0,2.0,Null,2004/2005,QUEEN ST EAST,WARREN ST NORTH,Serious Crash,No,2005,East,0.0,,Flat,,,,,Bright sun,1493400.0,0.0,0.0,0.0,2.0,0.0,,,Hawke's Bay Region,Nil,2-way,Sealed,0.0,1.0,,50.0,,Null,0.0,0.0,,30.0,Hastings District,Give way,,,,,0.0,0.0,Urban,1.0,,,Fine
405742,1930552.0,5604538.0,548100.0,0.0,0.0,0.0,North,2018/2019,ST AUBYN ST EAST,PRINCES ST,Non-Injury Crash,No,2018,South,0.0,0.0,Flat,0.0,,0.0,0.0,Bright sun,1500800.0,0.0,0.0,0.0,2.0,0.0,0.0,,Hawke's Bay Region,Nil,2-way,Sealed,0.0,0.0,0.0,50.0,0.0,Null,0.0,0.0,,30.0,Hastings District,Unknown,0.0,0.0,0.0,0.0,1.0,0.0,Urban,0.0,0.0,0.0,Fine
330123,1930061.0,5604568.0,548200.0,0.0,0.0,2.0,West,2003/2004,Z CPK NEW WORLD,HERETAUNGA ST EAST,Non-Injury Crash,No,2004,North,0.0,,Flat,,,,,Bright sun,1493800.0,0.0,0.0,0.0,0.0,0.0,,,Hawke's Bay Region,Nil,Off road,Sealed,0.0,0.0,,50.0,,Null,0.0,0.0,,30.0,Hastings District,Nil,,,,,0.0,0.0,Urban,0.0,,,Fine
85731,1926296.9019,5608058.1589,548400.0,0.0,0.0,1.0,West,2018/2019,OMAHU ROAD,HENDERSON ROAD,Minor Crash,No,2019,North,0.0,1.0,Flat,0.0,,0.0,0.0,Overcast,1473400.0,1.0,0.0,0.0,2.0,0.0,0.0,,Hawke's Bay Region,Nil,2-way,Sealed,0.0,0.0,0.0,50.0,0.0,Off,0.0,0.0,,30.0,Hastings District,Nil,0.0,0.0,0.0,0.0,0.0,0.0,Urban,1.0,0.0,0.0,Fine
123797,1926643.0,5606014.0,545761.0,0.0,0.0,2.0,Null,2000/2001,SH 50A,YORK ROAD,Non-Injury Crash,Yes,2001,West,0.0,,Flat,,,,,Overcast,1469905.0,0.0,0.0,0.0,2.0,0.0,,,Hawke's Bay Region,Nil,2-way,Sealed,0.0,0.0,,50.0,,Null,0.0,0.0,30.0,30.0,Hastings District,Nil,,,,,0.0,0.0,Urban,0.0,,,Fine
514404,1930322.0629,5603442.3741,548300.0,0.0,0.0,1.0,Null,2019/2020,OUTRAM ROAD,LUMSDEN ROAD,Non-Injury Crash,No,2019,East,0.0,0.0,Flat,0.0,,0.0,0.0,Dark,1504500.0,0.0,0.0,0.0,2.0,0.0,1.0,,Hawke's Bay Region,Nil,2-way,Sealed,0.0,0.0,0.0,50.0,0.0,On,0.0,0.0,,30.0,Hastings District,Give way,0.0,0.0,0.0,0.0,0.0,0.0,Urban,1.0,0.0,0.0,Fine
627051,1928743.0,5613846.0,545831.0,0.0,0.0,2.0,Null,2000/2001,SH 50,OMARUNUI ROAD,Serious Crash,Yes,2000,North,0.0,,Flat,,,,,Dark,1409400.0,1.0,0.0,0.0,2.0,0.0,,,Hawke's Bay Region,Nil,2-way,Sealed,0.0,1.0,,100.0,,On,0.0,0.0,,30.0,Hastings District,Give way,,,,,0.0,0.0,Open,0.0,,,Fine
622899,1929441.0,5605616.0,547700.0,0.0,0.0,1.0,Null,2009/2010,QUEEN ST WEST,TOMOANA ROAD,Non-Injury Crash,No,2009,North,0.0,0.0,Flat,0.0,,0.0,0.0,Bright sun,1488000.0,0.0,0.0,0.0,2.0,0.0,0.0,,Hawke's Bay Region,Nil,2-way,Sealed,0.0,0.0,0.0,50.0,0.0,Null,0.0,0.0,,30.0,Hastings District,Give way,0.0,0.0,0.0,0.0,0.0,0.0,Urban,0.0,0.0,0.0,Fine
256986,1929648.0,5604741.0,548200.0,0.0,0.0,1.0,Null,2006/2007,LYNDON ROAD WEST,LYNDON ROAD,Minor Crash,No,2006,West,0.0,,Flat,,,,,Overcast,1491900.0,2.0,0.0,0.0,2.0,0.0,,,Hawke's Bay Region,Nil,2-way,Sealed,0.0,0.0,,50.0,,Null,0.0,1.0,,30.0,Hastings District,Stop,,,,,0.0,0.0,Urban,1.0,,,Fine
198371,1930891.0,5604884.0,548100.0,0.0,0.0,2.0,Null,2011/2012,WILLOWPARK ROAD NORTH,ALEXANDRA ST,Non-Injury Crash,No,2011,South,0.0,0.0,Flat,0.0,,0.0,0.0,Bright sun,1499100.0,0.0,0.0,0.0,2.0,0.0,1.0,,Hawke's Bay Region,Nil,2-way,Sealed,0.0,0.0,0.0,50.0,0.0,Null,0.0,0.0,,30.0,Hastings District,Give way,0.0,0.0,0.0,0.0,0.0,0.0,Urban,0.0,0.0,0.0,Light rain
673413,1929549.0,5604672.0,548200.0,0.0,0.0,2.0,Null,2016/2017,RAILWAY ROAD,SOUTHAMPTON ST WEST,Non-Injury Crash,No,2016,West,0.0,,Flat,,,,,Twilight,1489700.0,0.0,0.0,0.0,2.0,0.0,,,Hawke's Bay Region,Nil,2-way,Sealed,0.0,0.0,,50.0,,On,0.0,0.0,,30.0,Hastings District,Traffic Signals,,,,,0.0,0.0,Urban,0.0,,,Null
456295,1929850.0,5605477.0,548200.0,1.0,0.0,1.0,Null,2018/2019,NELSON ST NORTH,ST AUBYN ST WEST,Minor Crash,No,2019,North,0.0,,Flat,,,,,Bright sun,1490405.0,1.0,0.0,0.0,4.0,0.0,,,Hawke's Bay Region,Nil,2-way,Sealed,0.0,0.0,,50.0,,Null,0.0,0.0,,30.0,Hastings District,Traffic Signals,,,,,0.0,0.0,Urban,0.0,,,Fine
109826,1931153.0,5600843.0,545762.0,0.0,0.0,1.0,Null,2006/2007,TE AUTE ROAD,GILPIN ROAD,Minor Crash,No,2006,West,0.0,0.0,Flat,0.0,,0.0,0.0,Dark,1465200.0,1.0,0.0,0.0,2.0,0.0,0.0,,Hawke's Bay Region,Bridge,2-way,Sealed,0.0,0.0,0.0,100.0,0.0,None,0.0,0.0,,30.0,Hastings District,Give way,0.0,0.0,0.0,0.0,0.0,0.0,Open,0.0,0.0,0.0,Fine
73483,1929606.0,5604596.0,548300.0,0.0,0.0,1.0,Null,2000/2001,SOUTHAMPTON ST EAST,KARAMU ROAD SOUTH,Non-Injury Crash,No,2001,West,0.0,,Flat,,,,,Bright sun,1503100.0,0.0,0.0,0.0,2.0,0.0,,,Hawke's Bay Region,Nil,2-way,Sealed,0.0,0.0,,50.0,,Null,0.0,0.0,,30.0,Hastings District,Give way,,,,,1.0,0.0,Urban,0.0,,,Fine
458676,1930687.0,5606092.0,547600.0,0.0,0.0,2.0,East,2008/2009,FREDERICK ST,NELSON ST NORTH,Non-Injury Crash,No,2009,West,0.0,,Flat,,,,,Overcast,1483500.0,0.0,0.0,0.0,2.0,0.0,,,Hawke's Bay Region,Nil,2-way,Sealed,0.0,0.0,,50.0,,Null,0.0,0.0,,30.0,Hastings District,Give way,,,,,0.0,0.0,Urban,0.0,,,Fine
284061,1933416.0,5612180.0,545832.0,0.0,0.0,1.0,Null,2006/2007,BROOKFIELDS ROAD,SISSONS ROAD,Minor Crash,No,2007,North,0.0,1.0,Flat,0.0,,0.0,0.0,Dark,1404000.0,4.0,0.0,0.0,2.0,0.0,0.0,,Hawke's Bay Region,Nil,2-way,Sealed,0.0,0.0,0.0,100.0,0.0,None,0.0,0.0,,30.0,Hastings District,Give way,0.0,0.0,0.0,1.0,0.0,0.0,Open,0.0,0.0,0.0,Fine
327354,1913172.0,5587049.0,545851.0,0.0,0.0,1.0,South,2016/2017,SH 2,WAIKAREAO ROAD,Serious Crash,Yes,2017,East,0.0,0.0,Hill Road,0.0,,0.0,0.0,Dark,1464600.0,0.0,0.0,0.0,3.0,0.0,0.0,,Hawke's Bay Region,Nil,2-way,Sealed,0.0,4.0,0.0,100.0,0.0,None,0.0,0.0,,30.0,Hastings District,Unknown,0.0,0.0,0.0,0.0,0.0,0.0,Open,0.0,0.0,1.0,Heavy rain
697400,1929519.0,5604199.0,548300.0,0.0,0.0,2.0,Null,2010/2011,HASTINGS ST SOUTH,PATTISON ROAD,Non-Injury Crash,No,2011,South,0.0,0.0,Flat,0.0,,0.0,0.0,Dark,1503400.0,0.0,0.0,0.0,2.0,0.0,1.0,,Hawke's Bay Region,Nil,2-way,Sealed,0.0,0.0,0.0,50.0,0.0,On,0.0,0.0,,30.0,Hastings District,Nil,0.0,0.0,0.0,0.0,0.0,0.0,Urban,0.0,0.0,0.0,Fine
276321,1932834.0,5601937.0,548831.0,0.0,0.0,2.0,Null,2000/2001,KARANEMA DRIVE,NAPIER ROAD,Non-Injury Crash,No,2001,South,0.0,,Flat,,,,,Dark,1509100.0,0.0,0.0,0.0,2.0,0.0,,,Hawke's Bay Region,Nil,2-way,Sealed,0.0,0.0,,50.0,,On,0.0,0.0,,30.0,Hastings District,Give way,,,,,0.0,0.0,Urban,0.0,,,Fine
112365,1930795.0,5604810.0,548100.0,0.0,0.0,2.0,Null,2017/2018,WILLOWPARK ROAD NORTH,ALBERT ST,Non-Injury Crash,No,2018,East,0.0,,Flat,,,,,Dark,1499700.0,0.0,0.0,0.0,2.0,0.0,,,Hawke's Bay Region,Nil,2-way,Sealed,0.0,0.0,,50.0,,On,0.0,0.0,,30.0,Hastings District,Give way,,,,,0.0,0.0,Urban,0.0,,,Light rain
661274,1930795.0,5605415.0,548000.0,0.0,0.0,2.0,Null,2007/2008,KARAMU ROAD NORTH,CHARLOTTE CRESCENT,Non-Injury Crash,No,2008,North,0.0,,Flat,,,,,Bright sun,1495800.0,0.0,0.0,0.0,2.0,0.0,,,Hawke's Bay Region,Nil,2-way,Sealed,0.0,0.0,,50.0,,Null,0.0,0.0,,30.0,Hastings District,Give way,,,,,0.0,0.0,Urban,0.0,,,Fine
527536,1929344.0,5605544.0,547700.0,0.0,0.0,2.0,East,2000/2001,HERETAUNGA ST WEST,TOMOANA ROAD,Non-Injury Crash,No,2001,West,0.0,,Flat,,,,,Dark,1487900.0,0.0,0.0,0.0,2.0,0.0,,,Hawke's Bay Region,Nil,2-way,Sealed,0.0,0.0,,50.0,,On,0.0,0.0,,30.0,Hastings District,Nil,,,,,0.0,0.0,Urban,0.0,,,Fine
731464,1927243.0,5607048.0,548500.0,0.0,0.0,2.0,West,2004/2005,KOTUKU ST,KIWI ST,Non-Injury Crash,No,2004,North,0.0,0.0,Flat,0.0,,0.0,0.0,Bright sun,1478200.0,0.0,0.0,0.0,2.0,0.0,1.0,,Hawke's Bay Region,Nil,2-way,Sealed,0.0,0.0,0.0,50.0,0.0,Null,0.0,0.0,,30.0,Hastings District,Nil,0.0,0.0,0.0,0.0,0.0,0.0,Urban,0.0,0.0,0.0,Fine
362806,1927225.0,5602254.0,545761.0,0.0,0.0,1.0,West,2009/2010,LONGLANDS ROAD WEST,RAILWAY ROAD SOUTH,Non-Injury Crash,No,2010,West,0.0,,Flat,,,,,Dark,1468901.0,0.0,0.0,0.0,2.0,0.0,,,Hawke's Bay Region,Nil,2-way,Sealed,0.0,0.0,,100.0,,On,1.0,0.0,,30.0,Hastings District,Give way,,,,,0.0,0.0,Open,0.0,,,Mist or Fog
167724,1930639.0,5605223.0,548200.0,0.0,0.0,1.0,Null,2011/2012,ALEXANDRA ST,WARREN ST NORTH,Non-Injury Crash,No,2011,South,0.0,,Flat,,,,,Bright sun,1494700.0,0.0,0.0,0.0,2.0,0.0,,,Hawke's Bay Region,Nil,2-way,Sealed,0.0,0.0,,50.0,,Null,0.0,0.0,,30.0,Hastings District,Give way,,,,,0.0,0.0,Urban,1.0,,,Fine
287431,1929860.5049,5600778.4672,545762.0,0.0,0.0,1.0,West,2019/2020,TE AUTE ROAD,RICHARD ROAD,Non-Injury Crash,No,2020,East,0.0,,Flat,,,,,Overcast,1465300.0,0.0,0.0,0.0,2.0,0.0,,,Hawke's Bay Region,Nil,2-way,Sealed,0.0,0.0,,100.0,,None,0.0,0.0,,30.0,Hastings District,Nil,,,,,0.0,0.0,Open,0.0,,,Fine
346307,1929650.8264,5605123.6025,548200.0,1.0,0.0,1.0,Null,2018/2019,KING STREET SOUTH,HERETAUNGA STREET WEST,Minor Crash,No,2019,North,0.0,,Flat,,,,,Bright sun,1489500.0,1.0,0.0,0.0,1.0,0.0,,,Hawke's Bay Region,Nil,2-way,Sealed,0.0,0.0,,50.0,,Null,0.0,0.0,,30.0,Hastings District,Give way,,,,,0.0,0.0,Urban,0.0,,,Fine
91416,1930496.0,5606388.0,547600.0,0.0,0.0,2.0,South,2014/2015,FREDERICK ST,TOMOANA ROAD,Non-Injury Crash,No,2014,North,0.0,0.0,Flat,0.0,,0.0,0.0,Dark,1483800.0,0.0,0.0,0.0,2.0,0.0,1.0,,Hawke's Bay Region,Nil,2-way,Sealed,0.0,0.0,0.0,50.0,0.0,On,0.0,0.0,,30.0,Hastings District,Nil,0.0,0.0,0.0,0.0,0.0,0.0,Urban,0.0,0.0,0.0,Fine
625758,1932032.0,5606171.0,545721.0,0.0,0.0,1.0,Null,2008/2009,SH 2,ELWOOD ROAD,Non-Injury Crash,Yes,2008,East,0.0,1.0,Flat,1.0,,0.0,0.0,Dark,1472403.0,0.0,0.0,0.0,2.0,0.0,0.0,,Hawke's Bay Region,Nil,2-way,Sealed,0.0,0.0,0.0,70.0,0.0,On,0.0,0.0,,30.0,Hastings District,Give way,0.0,0.0,0.0,0.0,0.0,0.0,Urban,0.0,0.0,0.0,Fine
343206,1919863.1558,5644353.6354,545811.0,0.0,0.0,0.0,South,2019/2020,005-0233,FORESTRY ROAD,Serious Crash,Yes,2019,South,0.0,,Hill Road,,,,,Bright sun,1414600.0,0.0,0.0,0.0,2.0,0.0,,,Hawke's Bay Region,Nil,2-way,Sealed,0.0,1.0,,100.0,,None,0.0,0.0,,30.0,Hastings District,Unknown,,,,,0.0,0.0,Open,1.0,,,Fine
227167,1927176.0,5605040.0,545761.0,0.0,0.0,1.0,South,2003/2004,MARAEKAKAHO ROAD,YORK ROAD,Non-Injury Crash,No,2004,North,0.0,,Flat,,,,,Dark,1468801.0,0.0,0.0,0.0,2.0,0.0,,,Hawke's Bay Region,Nil,2-way,Sealed,0.0,0.0,,70.0,,None,0.0,0.0,,30.0,Hastings District,Nil,,,,,0.0,0.0,Urban,1.0,,,Fine
657887,1934955.0,5609181.0,545722.0,0.0,0.0,0.0,South,1999/2000,SH 2,RAILWAY ROAD,Minor Crash,Yes,2000,West,0.0,,Flat,,,,,Dark,1406300.0,1.0,0.0,0.0,2.0,0.0,,1.0,Hawke's Bay Region,Nil,2-way,Sealed,0.0,0.0,,100.0,,On,0.0,0.0,,30.0,Hastings District,Give way,,,,,0.0,0.0,Open,1.0,,,Fine
566670,1933028.0,5609767.0,545832.0,0.0,0.0,0.0,North,2017/2018,FARNDON ROAD,CHESTERHOPE BRIDGE,Non-Injury Crash,No,2017,East,0.0,1.0,Flat,0.0,,0.0,0.0,Overcast,1404200.0,0.0,0.0,0.0,2.0,0.0,0.0,,Hawke's Bay Region,Nil,2-way,Sealed,0.0,0.0,0.0,100.0,0.0,Null,1.0,0.0,,30.0,Hastings District,Nil,0.0,0.0,0.0,0.0,1.0,0.0,Open,0.0,0.0,0.0,Fine