OBJECTID,X,Y,areaUnitID,bicycle,bus,carStationWagon,crashDirectionDescription,crashFinancialYear,crashLocation1,crashLocation2,crashSeverity,crashSHDescription,crashYear,directionRoleDescription,fatalCount,fence,flatHill,guardRail,holiday,houseOrBuilding,kerb,light,meshblockId,minorInjuryCount,moped,motorcycle,NumberOfLanes,otherVehicleType,parkedVehicle,pedestrian,region,roadCharacter,roadLane,roadSurface,schoolBus,seriousInjuryCount,slipOrFlood,speedLimit,strayAnimal,streetLight,suv,taxi,temporarySpeedLimit,tlaId,tlaName,trafficControl,trafficIsland,trafficSign,train,tree,truck,unknownVehicleType,urban,vanOrUtility,vehicle,waterRiver,weatherA
352661,1930591.2558,5611832.4574,545832.0,0.0,0.0,0.0,South,2020/2021,HAWKES BAY EXPRESSWAY,WAIMATE BR,Non-Injury Crash,Yes,2020,South,0.0,0.0,Flat,1.0,,0.0,0.0,Dark,1404400.0,0.0,0.0,0.0,2.0,0.0,0.0,,Hawke's Bay Region,Nil,2-way,Sealed,0.0,0.0,0.0,100.0,0.0,None,0.0,0.0,,30.0,Hastings District,Nil,0.0,0.0,0.0,0.0,0.0,0.0,Open,1.0,0.0,0.0,Fine
503438,1925195.9237,5606448.0048,548620.0,0.0,0.0,1.0,North,2018/2019,LIVERPOOL CRESCENT,TILBURY ST,Non-Injury Crash,No,2019,North,0.0,,Flat,,,,,Overcast,1474700.0,0.0,0.0,0.0,1.0,0.0,,,Hawke's Bay Region,Nil,2-way,Sealed,0.0,0.0,,50.0,,Off,0.0,0.0,,30.0,Hastings District,Nil,,,,,0.0,0.0,Urban,1.0,,,Fine
607979,1933157.0,5608753.0,545722.0,0.0,0.0,1.0,Null,2006/2007,WHAKATU ROAD,RANGITANE ROAD,Non-Injury Crash,No,2006,North,0.0,,Flat,,,,,Overcast,1405700.0,0.0,0.0,0.0,2.0,0.0,,,Hawke's Bay Region,Nil,2-way,Sealed,0.0,0.0,,100.0,,Null,0.0,0.0,,30.0,Hastings District,Nil,,,,,1.0,0.0,Open,0.0,,,Light rain
324057,1924097.0,5607840.0,548611.0,0.0,0.0,1.0,East,2011/2012,KINGSLEY DRIVE,PEARY CRESCENT,Non-Injury Crash,No,2011,South,0.0,,Flat,,,,,Dark,1470305.0,0.0,0.0,0.0,2.0,0.0,,,Hawke's Bay Region,Nil,2-way,Sealed,0.0,0.0,,50.0,,None,1.0,0.0,,30.0,Hastings District,Nil,,,,,0.0,0.0,Urban,0.0,,,Light rain
278218,1932575.0,5608502.0,545721.0,0.0,0.0,1.0,Null,1999/2000,RUAHAPIA ROAD,WHAKATU ROAD,Non-Injury Crash,No,2000,East,0.0,0.0,Flat,0.0,,0.0,0.0,Overcast,1471600.0,0.0,0.0,0.0,2.0,0.0,0.0,,Hawke's Bay Region,Nil,2-way,Sealed,0.0,0.0,0.0,100.0,0.0,None,0.0,0.0,,30.0,Hastings District,Give way,1.0,0.0,0.0,0.0,0.0,0.0,Open,1.0,0.0,0.0,Mist or Fog
260136,1930855.0,5605452.0,548000.0,0.0,0.0,0.0,North,2010/2011,KARAMU ROAD NORTH,CHARLOTTE CRESCENT,Serious Crash,No,2010,South,0.0,,Flat,,,,,Bright sun,1495800.0,1.0,1.0,0.0,2.0,0.0,,1.0,Hawke's Bay Region,Nil,2-way,Sealed,0.0,1.0,,50.0,,Null,0.0,0.0,,30.0,Hastings District,Nil,,,,,0.0,0.0,Urban,0.0,,,Fine
70803,1938805.0,5593455.0,545860.0,0.0,0.0,0.0,South,2014/2015,MARAETOTARA ROAD,WAIMARAMA ROAD,Non-Injury Crash,No,2014,South,0.0,0.0,Flat,0.0,Christmas New Year,0.0,0.0,Bright sun,1467500.0,0.0,0.0,0.0,2.0,1.0,0.0,,Hawke's Bay Region,Nil,2-way,Sealed,0.0,0.0,0.0,100.0,0.0,Null,0.0,0.0,,30.0,Hastings District,Nil,0.0,0.0,0.0,0.0,0.0,0.0,Open,0.0,0.0,0.0,Fine
283246,1930283.0,5605802.0,548200.0,0.0,0.0,2.0,West,2016/2017,NELSON ST NORTH,KITCHENER ST,Minor Crash,No,2017,South,0.0,,Flat,,,,,Overcast,1491100.0,2.0,0.0,0.0,2.0,0.0,,,Hawke's Bay Region,Nil,2-way,Sealed,0.0,0.0,,50.0,,Null,0.0,0.0,,30.0,Hastings District,Nil,,,,,0.0,0.0,Urban,0.0,,,Light rain
45840,1929039.9932,5605344.209,547700.0,0.0,0.0,3.0,Null,2018/2019,SOUTHAMPTON STREET WEST,LASCELLES STREET,Minor Crash,No,2019,South,0.0,,Flat,,,,,Overcast,1487700.0,1.0,0.0,0.0,2.0,0.0,,,Hawke's Bay Region,Nil,2-way,Sealed,0.0,0.0,,50.0,,Off,0.0,0.0,,30.0,Hastings District,Unknown,,,,,0.0,0.0,Urban,0.0,,,Fine
709213,1925619.6168,5613119.0944,545822.0,0.0,0.0,1.0,West,2019/2020,050-0012,WHEATLEY ROAD,Non-Injury Crash,Yes,2019,South,0.0,,Flat,,,,,Dark,1408800.0,0.0,0.0,0.0,2.0,0.0,,,Hawke's Bay Region,Nil,2-way,Sealed,0.0,0.0,,100.0,,None,0.0,0.0,,30.0,Hastings District,Unknown,,,,,0.0,0.0,Open,0.0,,,Light rain
604872,1928842.0,5603900.0,547900.0,0.0,0.0,2.0,Null,2015/2016,RAILWAY ROAD,MURDOCH ROAD WEST,Non-Injury Crash,No,2015,West,0.0,,Flat,,,,,Dark,1482600.0,0.0,0.0,0.0,2.0,0.0,,,Hawke's Bay Region,Nil,2-way,Sealed,0.0,0.0,,50.0,,On,0.0,0.0,,30.0,Hastings District,Stop,,,,,0.0,0.0,Urban,0.0,,,Light rain
360791,1928904.0,5606124.0,547700.0,0.0,0.0,2.0,South,2017/2018,HERETAUNGA ST WEST,STORTFORD ST,Non-Injury Crash,No,2018,North,0.0,0.0,Flat,0.0,,0.0,0.0,Bright sun,1486700.0,0.0,0.0,0.0,2.0,0.0,1.0,,Hawke's Bay Region,Nil,2-way,Sealed,0.0,0.0,0.0,50.0,0.0,Null,0.0,0.0,,30.0,Hastings District,Unknown,0.0,0.0,0.0,0.0,0.0,0.0,Urban,0.0,0.0,0.0,Fine
564587,1928818.0,5600976.0,545852.0,0.0,0.0,1.0,Null,2001/2002,TE AUTE ROAD,LONGLANDS ROAD EAST,Minor Crash,No,2001,West,0.0,1.0,Flat,0.0,,0.0,0.0,Overcast,1465700.0,1.0,0.0,0.0,2.0,0.0,0.0,,Hawke's Bay Region,Nil,2-way,Sealed,0.0,0.0,0.0,100.0,0.0,Null,0.0,0.0,,30.0,Hastings District,Give way,0.0,0.0,0.0,1.0,0.0,0.0,Open,0.0,0.0,0.0,Light rain
226039,1929590.0,5605218.0,548200.0,0.0,0.0,2.0,South,2014/2015,HERETAUNGA ST WEST,NELSON ST NORTH,Non-Injury Crash,No,2015,South,0.0,,Flat,,,,,Dark,1490700.0,0.0,0.0,0.0,2.0,0.0,,,Hawke's Bay Region,Nil,2-way,Sealed,0.0,0.0,,50.0,,On,0.0,0.0,,30.0,Hastings District,Unknown,,,,,0.0,0.0,Urban,0.0,,,Fine
286763,1919867.698,5594316.1875,545851.0,0.0,0.0,0.0,North,2018/2019,002-0678,HORONUI ROAD,Non-Injury Crash,Yes,2019,North,0.0,0.0,Flat,0.0,,0.0,0.0,Bright sun,1463900.0,0.0,0.0,0.0,2.0,0.0,0.0,,Hawke's Bay Region,Nil,2-way,Sealed,0.0,0.0,0.0,100.0,0.0,None,0.0,0.0,,30.0,Hastings District,Unknown,0.0,0.0,0.0,0.0,0.0,0.0,Open,1.0,0.0,0.0,Fine
79356,1929931.0,5604159.0,548200.0,0.0,0.0,1.0,Null,2012/2013,WILLOWPARK ROAD SOUTH,SOUTHAMPTON ST EAST,Minor Crash,No,2012,South,0.0,,Flat,,,,,Bright sun,1493600.0,1.0,0.0,0.0,2.0,0.0,,,Hawke's Bay Region,Nil,2-way,Sealed,0.0,0.0,,50.0,,Null,0.0,0.0,,30.0,Hastings District,Give way,,,,,0.0,0.0,Urban,1.0,,,Fine
711404,1932812.0,5601744.0,548832.0,0.0,0.0,4.0,West,2003/2004,TE MATA ROAD,DUART ROAD,Non-Injury Crash,No,2003,East,0.0,0.0,Flat,0.0,,0.0,0.0,Twilight,1508400.0,0.0,0.0,0.0,2.0,0.0,3.0,,Hawke's Bay Region,Nil,2-way,Sealed,0.0,0.0,0.0,50.0,0.0,Off,0.0,0.0,,30.0,Hastings District,Nil,0.0,0.0,0.0,0.0,0.0,0.0,Urban,1.0,0.0,0.0,Fine
603861,1919249.0,5646625.0,545811.0,0.0,0.0,1.0,South,2010/2011,SH 5,OLD TAUPO COACH ROAD,Non-Injury Crash,Yes,2010,South,0.0,1.0,Flat,0.0,Christmas New Year,0.0,0.0,Dark,1414600.0,0.0,0.0,0.0,2.0,0.0,0.0,,Hawke's Bay Region,Nil,2-way,Sealed,0.0,0.0,0.0,100.0,0.0,None,0.0,0.0,,30.0,Hastings District,Nil,0.0,0.0,0.0,0.0,0.0,0.0,Open,0.0,0.0,0.0,Fine
358525,1924636.0,5597653.0,545851.0,0.0,0.0,0.0,South,2013/2014,SH 2,STOCK ROAD,Non-Injury Crash,Yes,2014,North,0.0,0.0,Flat,0.0,,0.0,0.0,Dark,1463900.0,0.0,0.0,0.0,2.0,0.0,0.0,,Hawke's Bay Region,Nil,2-way,Sealed,0.0,0.0,0.0,100.0,0.0,None,0.0,0.0,,30.0,Hastings District,Unknown,0.0,0.0,0.0,0.0,1.0,0.0,Open,0.0,0.0,0.0,Mist or Fog
108573,1930579.0,5603941.0,548100.0,0.0,0.0,2.0,North,2017/2018,HERETAUNGA ST EAST,PARK ROAD SOUTH,Minor Crash,No,2018,North,0.0,0.0,Flat,0.0,,0.0,0.0,Bright sun,1501200.0,1.0,0.0,0.0,2.0,0.0,1.0,,Hawke's Bay Region,Nil,2-way,Sealed,0.0,0.0,0.0,50.0,0.0,Null,0.0,0.0,,30.0,Hastings District,Unknown,0.0,0.0,0.0,0.0,0.0,0.0,Urban,0.0,0.0,0.0,Fine
178825,1924458.0,5606949.0,548612.0,0.0,0.0,1.0,South,2008/2009,WALTON WAY,TENBY TERRACE,Non-Injury Crash,No,2009,South,0.0,1.0,Flat,0.0,,0.0,0.0,Dark,1474600.0,0.0,0.0,0.0,2.0,0.0,0.0,,Hawke's Bay Region,Nil,2-way,Sealed,0.0,0.0,0.0,50.0,0.0,On,0.0,0.0,,30.0,Hastings District,Nil,0.0,0.0,0.0,1.0,0.0,0.0,Urban,0.0,0.0,0.0,Fine
112830,1939228.0,5608185.0,545740.0,0.0,0.0,2.0,Null,2002/2003,BEACH ROAD,COLLISON TERRACE,Non-Injury Crash,No,2002,East,0.0,0.0,Flat,0.0,,0.0,0.0,Twilight,1407100.0,0.0,0.0,0.0,2.0,0.0,1.0,,Hawke's Bay Region,Nil,2-way,Sealed,0.0,0.0,0.0,50.0,0.0,Off,0.0,0.0,,30.0,Hastings District,Nil,0.0,0.0,0.0,0.0,0.0,0.0,Urban,0.0,0.0,0.0,Fine
110295,1930935.0,5613540.0,545831.0,0.0,0.0,3.0,Null,2005/2006,SH 50,SH 50A,Minor Crash,Yes,2006,North,0.0,,Flat,,,,,Dark,1404600.0,2.0,0.0,0.0,4.0,0.0,,,Hawke's Bay Region,Nil,2-way,Sealed,0.0,0.0,,100.0,,On,0.0,0.0,,30.0,Hastings District,Give way,,,,,0.0,0.0,Open,0.0,,,Heavy rain
476459,1931281.0,5605210.0,548000.0,0.0,0.0,2.0,North,2015/2016,GROVE ROAD,WILLOWPARK ROAD NORTH,Non-Injury Crash,No,2015,North,0.0,0.0,Flat,0.0,,0.0,0.0,Bright sun,1497100.0,0.0,0.0,0.0,2.0,0.0,1.0,,Hawke's Bay Region,Nil,2-way,Sealed,0.0,0.0,0.0,30.0,0.0,Null,0.0,0.0,,30.0,Hastings District,Unknown,0.0,0.0,0.0,0.0,0.0,0.0,Urban,0.0,0.0,0.0,Fine
111217,1931508.0,5602949.0,545762.0,0.0,0.0,2.0,West,2006/2007,HAVELOCK ROAD,ST GEORGES ROAD,Non-Injury Crash,No,2007,West,0.0,,Flat,,,,,Overcast,1468500.0,0.0,0.0,0.0,2.0,0.0,,,Hawke's Bay Region,Nil,2-way,Sealed,0.0,0.0,,70.0,,Null,0.0,0.0,,30.0,Hastings District,Nil,,,,,0.0,0.0,Urban,0.0,,,Fine
280226,1929584.0,5600691.0,545762.0,0.0,0.0,2.0,Null,2006/2007,TE AUTE ROAD,ST GEORGES ROAD,Non-Injury Crash,No,2007,West,0.0,0.0,Flat,1.0,,0.0,0.0,Bright sun,1465300.0,0.0,0.0,0.0,2.0,0.0,0.0,,Hawke's Bay Region,Nil,2-way,Sealed,0.0,0.0,0.0,100.0,0.0,Null,0.0,0.0,,30.0,Hastings District,Give way,0.0,0.0,0.0,0.0,0.0,0.0,Open,0.0,0.0,0.0,Fine
135455,1930460.1276,5607538.3692,545721.0,0.0,0.0,1.0,Null,2019/2020,PAKOWHAI ROAD,EVENDEN ROAD,Non-Injury Crash,No,2019,North,0.0,0.0,Flat,0.0,,0.0,0.0,Dark,1471401.0,0.0,0.0,0.0,2.0,0.0,0.0,,Hawke's Bay Region,Nil,2-way,Sealed,0.0,0.0,0.0,50.0,0.0,On,0.0,0.0,,30.0,Hastings District,Give way,1.0,1.0,0.0,0.0,0.0,0.0,Urban,0.0,0.0,0.0,Fine
711933,1929911.0,5605397.0,548200.0,0.0,0.0,1.0,East,2006/2007,ST AUBYN ST WEST,NELSON ST NORTH,Non-Injury Crash,No,2006,East,0.0,,Flat,,,,,Dark,1491000.0,0.0,0.0,0.0,4.0,0.0,,,Hawke's Bay Region,Nil,2-way,Sealed,0.0,0.0,,50.0,,On,0.0,0.0,,30.0,Hastings District,Nil,,,,,1.0,0.0,Urban,0.0,,,Fine
600455,1941815.0,5584778.0,545860.0,0.0,0.0,0.0,South,2012/2013,HARPER ROAD,GILRAY PLACE,Non-Injury Crash,No,2012,North,0.0,1.0,Flat,0.0,,0.0,0.0,Dark,1467904.0,0.0,0.0,0.0,2.0,0.0,0.0,,Hawke's Bay Region,Nil,2-way,Sealed,0.0,0.0,0.0,50.0,0.0,On,1.0,0.0,,30.0,Hastings District,Nil,0.0,0.0,0.0,0.0,0.0,0.0,Urban,0.0,0.0,0.0,Fine
358619,1929549.0,5604672.0,548200.0,0.0,0.0,1.0,Null,2003/2004,RAILWAY ROAD,SOUTHAMPTON ST WEST,Non-Injury Crash,No,2004,North,0.0,0.0,Flat,0.0,,0.0,0.0,Dark,1489700.0,0.0,0.0,0.0,2.0,0.0,0.0,,Hawke's Bay Region,Rail xing,2-way,Sealed,0.0,0.0,0.0,50.0,0.0,On,0.0,0.0,,30.0,Hastings District,Traffic Signals,0.0,0.0,0.0,1.0,0.0,0.0,Urban,0.0,0.0,0.0,Mist or Fog
331719,1928113.0,5606927.0,547800.0,0.0,0.0,0.0,Null,2005/2006,OMAHU ROAD,NOTTINGLEY ROAD,Serious Crash,No,2006,South,0.0,,Flat,,,,,Overcast,1476700.0,0.0,0.0,1.0,2.0,0.0,,,Hawke's Bay Region,Nil,2-way,Sealed,0.0,1.0,,50.0,,Null,0.0,0.0,,30.0,Hastings District,Give way,,,,,0.0,0.0,Urban,1.0,,,Fine
48804,1924525.0,5637761.0,545811.0,0.0,0.0,0.0,South,2001/2002,SH 5,GLENGARRY ROAD,Non-Injury Crash,Yes,2002,North,0.0,0.0,Hill Road,0.0,Easter,0.0,0.0,Bright sun,1414800.0,0.0,0.0,1.0,3.0,0.0,0.0,,Hawke's Bay Region,Nil,2-way,Sealed,0.0,0.0,0.0,100.0,0.0,Null,0.0,0.0,,30.0,Hastings District,Nil,0.0,0.0,0.0,0.0,0.0,0.0,Open,0.0,0.0,0.0,Fine
633649,1936694.0,5596582.0,545851.0,0.0,0.0,1.0,East,2003/2004,WAIMARAMA ROAD,MATANGI ROAD,Non-Injury Crash,No,2004,East,0.0,0.0,Flat,0.0,,0.0,0.0,Overcast,1467002.0,0.0,0.0,0.0,2.0,0.0,0.0,,Hawke's Bay Region,Bridge,2-way,Sealed,0.0,0.0,0.0,100.0,0.0,Null,0.0,0.0,,30.0,Hastings District,Nil,0.0,0.0,0.0,0.0,0.0,0.0,Open,0.0,0.0,0.0,Light rain
340772,1929168.0,5606404.0,547700.0,0.0,0.0,2.0,East,2009/2010,ST AUBYN ST WEST,NIKAU ST,Non-Injury Crash,No,2010,West,0.0,,Flat,,,,,Overcast,1485800.0,0.0,0.0,0.0,2.0,0.0,,,Hawke's Bay Region,Nil,2-way,Sealed,0.0,0.0,,50.0,,Null,0.0,0.0,,30.0,Hastings District,Nil,,,,,0.0,0.0,Urban,0.0,,,Fine
486889,1911511.0,5663540.0,545911.0,0.0,0.0,1.0,South,2010/2011,SH 5,TE HAROTO ROAD,Minor Crash,Yes,2010,North,0.0,0.0,Flat,0.0,,0.0,0.0,Bright sun,1414400.0,1.0,0.0,0.0,2.0,0.0,0.0,,Hawke's Bay Region,Nil,2-way,Sealed,0.0,0.0,0.0,100.0,0.0,Null,0.0,0.0,,30.0,Hastings District,Nil,0.0,0.0,0.0,0.0,0.0,0.0,Open,0.0,0.0,0.0,Light rain
430930,1916984.0,5654687.0,545911.0,0.0,0.0,1.0,North,2018/2019,SH 5,TITIOKURA SUMMIT,Minor Crash,Yes,2018,South,0.0,,Hill Road,,,,,Dark,1415900.0,1.0,0.0,0.0,3.0,0.0,,,Hawke's Bay Region,Nil,2-way,Sealed,0.0,0.0,,100.0,,None,0.0,0.0,,30.0,Hastings District,Unknown,,,,,0.0,0.0,Open,0.0,,,Fine
729622,1935967.0,5610727.0,545730.0,0.0,0.0,1.0,Null,2015/2016,SH 2,MILL ROAD,Serious Crash,Yes,2015,South,0.0,,Flat,,,,,Twilight,1404700.0,0.0,0.0,1.0,3.0,0.0,,,Hawke's Bay Region,Nil,2-way,Sealed,0.0,1.0,,50.0,,None,0.0,0.0,,30.0,Hastings District,Give way,,,,,0.0,0.0,Urban,0.0,,,Light rain
636497,1928508.0,5607214.0,547800.0,0.0,0.0,1.0,Null,2012/2013,NOTTINGLEY ROAD,FRIMLEY ROAD,Non-Injury Crash,No,2013,North,0.0,0.0,Flat,0.0,,0.0,1.0,Dark,1476900.0,0.0,0.0,0.0,2.0,0.0,0.0,,Hawke's Bay Region,Nil,2-way,Sealed,0.0,0.0,0.0,50.0,0.0,On,0.0,0.0,,30.0,Hastings District,Give way,0.0,0.0,0.0,0.0,0.0,0.0,Urban,0.0,0.0,0.0,Fine
337700,1932893.8991,5608609.6942,545722.0,0.0,0.0,2.0,Null,2018/2019,TE ARA KAHIKATEA,WHAKATU ROAD,Non-Injury Crash,No,2019,South,0.0,,Flat,,,,,Bright sun,1405700.0,0.0,0.0,0.0,2.0,0.0,,,Hawke's Bay Region,Nil,2-way,Sealed,0.0,0.0,,50.0,,Off,0.0,0.0,,30.0,Hastings District,Give way,,,,,0.0,0.0,Urban,0.0,,,Fine
565204,1926231.0,5636854.0,545811.0,0.0,0.0,1.0,North,2004/2005,SH 5,LUCKY HILL BR,Non-Injury Crash,Yes,2004,South,0.0,0.0,Hill Road,0.0,,0.0,0.0,Overcast,1414700.0,0.0,0.0,0.0,2.0,0.0,0.0,,Hawke's Bay Region,Nil,2-way,Sealed,0.0,0.0,0.0,100.0,0.0,Null,0.0,0.0,,30.0,Hastings District,Nil,0.0,0.0,0.0,0.0,0.0,0.0,Open,0.0,0.0,0.0,Light rain
155949,1929754.0,5605404.0,548200.0,0.0,0.0,2.0,Null,2010/2011,NELSON ST NORTH,AVENUE ROAD WEST,Non-Injury Crash,No,2010,East,0.0,,Flat,,,,,Overcast,1490300.0,0.0,0.0,0.0,2.0,0.0,,,Hawke's Bay Region,Nil,2-way,Sealed,0.0,0.0,,50.0,,Null,0.0,0.0,,30.0,Hastings District,Give way,,,,,0.0,0.0,Urban,0.0,,,Fine
201487,1933194.0,5606508.0,545721.0,0.0,0.0,2.0,Null,2004/2005,SH 2,RUAHAPIA ROAD,Non-Injury Crash,Yes,2004,North,0.0,,Flat,,,,,Overcast,1471800.0,0.0,0.0,0.0,2.0,0.0,,,Hawke's Bay Region,Nil,2-way,Sealed,0.0,0.0,,100.0,,Null,0.0,0.0,,30.0,Hastings District,Give way,,,,,0.0,0.0,Open,0.0,,,Fine
547916,1931251.0,5614390.0,545831.0,0.0,0.0,2.0,North,2009/2010,SH 50,PAKOWHAI ON NBD,Minor Crash,Yes,2009,North,0.0,,Flat,,,,,Bright sun,1404600.0,3.0,0.0,0.0,2.0,0.0,,,Hawke's Bay Region,Nil,2-way,Sealed,0.0,0.0,,100.0,,Null,0.0,0.0,,30.0,Hastings District,Nil,,,,,0.0,0.0,Open,0.0,,,Fine
547736,1929255.0,5609110.0,545710.0,0.0,0.0,1.0,Null,2011/2012,ORMOND ROAD,EVENDEN ROAD,Minor Crash,No,2012,North,0.0,0.0,Flat,0.0,,0.0,0.0,Bright sun,1471000.0,1.0,0.0,0.0,2.0,0.0,0.0,,Hawke's Bay Region,Nil,2-way,Sealed,0.0,0.0,0.0,100.0,0.0,Null,0.0,0.0,,30.0,Hastings District,Stop,0.0,0.0,0.0,0.0,0.0,0.0,Open,0.0,0.0,0.0,Fine
100617,1927422.0,5607271.0,548400.0,0.0,0.0,2.0,South,2007/2008,SH 50A,OMAHU ROAD,Non-Injury Crash,Yes,2008,North,0.0,,Flat,,,,,Bright sun,1473500.0,0.0,0.0,0.0,2.0,0.0,,,Hawke's Bay Region,Nil,2-way,Sealed,0.0,0.0,,100.0,,Null,0.0,0.0,,30.0,Hastings District,Nil,,,,,0.0,0.0,Open,0.0,,,Fine
401355,1930173.0,5604645.0,548200.0,1.0,0.0,1.0,South,2002/2003,QUEEN ST EAST,SH 2,Minor Crash,No,2003,West,0.0,,Flat,,,,,Overcast,1493400.0,1.0,0.0,0.0,2.0,0.0,,,Hawke's Bay Region,Nil,2-way,Sealed,0.0,0.0,,50.0,,Null,0.0,0.0,,30.0,Hastings District,Nil,,,,,0.0,0.0,Urban,0.0,,,Fine
383413,1925816.0,5608292.0,545710.0,0.0,0.0,2.0,West,2001/2002,OMAHU ROAD,CHATHAM ROAD,Non-Injury Crash,No,2002,West,0.0,,Flat,,,,,Overcast,1470900.0,0.0,0.0,0.0,2.0,0.0,,,Hawke's Bay Region,Nil,2-way,Sealed,0.0,0.0,,70.0,,Null,0.0,0.0,,30.0,Hastings District,Nil,,,,,0.0,0.0,Urban,0.0,,,Fine
360794,1936183.0,5611652.0,545832.0,0.0,0.0,1.0,Null,2006/2007,SH 2,FARNDON ROAD,Minor Crash,Yes,2006,North,0.0,,Flat,,,,,Overcast,1404200.0,1.0,0.0,0.0,2.0,0.0,,,Hawke's Bay Region,Nil,2-way,Sealed,0.0,0.0,,100.0,,Null,0.0,0.0,,30.0,Hastings District,Give way,,,,,0.0,0.0,Open,1.0,,,Fine
240109,1932141.0,5605188.0,548000.0,0.0,0.0,2.0,East,2004/2005,Z DWAY,JUBILEE/NICHOLSON,Non-Injury Crash,No,2005,South,0.0,0.0,Flat,0.0,,0.0,0.0,Overcast,1472500.0,0.0,0.0,0.0,0.0,0.0,1.0,,Hawke's Bay Region,Nil,Off road,Sealed,0.0,0.0,0.0,50.0,0.0,Null,0.0,0.0,,30.0,Hastings District,Nil,0.0,0.0,0.0,0.0,0.0,0.0,Urban,0.0,0.0,0.0,Fine
443179,1925700.0,5600341.0,545852.0,0.0,0.0,2.0,East,2017/2018,RAILWAY ROAD SOUTH,SH 50A,Non-Injury Crash,No,2018,South,0.0,,Flat,,,,,Bright sun,1469600.0,0.0,0.0,0.0,2.0,0.0,,,Hawke's Bay Region,Nil,2-way,Sealed,0.0,0.0,,100.0,,Null,0.0,0.0,,30.0,Hastings District,Nil,,,,,0.0,0.0,Open,0.0,,,Fine
682059,1924488.0,5616845.0,545821.0,0.0,0.0,1.0,South,2001/2002,SWAMP ROAD,OMARUNUI ROAD,Minor Crash,No,2002,South,0.0,0.0,Flat,0.0,,0.0,0.0,Bright sun,1408600.0,1.0,0.0,0.0,2.0,0.0,0.0,,Hawke's Bay Region,Nil,2-way,Sealed,0.0,0.0,0.0,100.0,0.0,Null,0.0,0.0,,30.0,Hastings District,Nil,0.0,0.0,0.0,0.0,0.0,0.0,Open,0.0,0.0,0.0,Fine
151507,1899567.0,5597868.0,545841.0,0.0,0.0,0.0,North,2015/2016,SH 50,MANGA-O-NUKU NO3 BR,Minor Crash,Yes,2016,North,0.0,0.0,Hill Road,0.0,,0.0,0.0,Overcast,1462500.0,1.0,0.0,0.0,2.0,0.0,0.0,,Hawke's Bay Region,Nil,2-way,Sealed,0.0,0.0,0.0,100.0,0.0,Null,0.0,0.0,,30.0,Hastings District,Unknown,0.0,0.0,0.0,0.0,0.0,0.0,Open,1.0,0.0,0.0,Light rain
17312,1927435.0,5607549.0,548400.0,0.0,0.0,2.0,East,2013/2014,OMAHU ROAD,KELFIELD PLACE,Non-Injury Crash,No,2014,West,0.0,,Flat,,,,,Bright sun,1473600.0,0.0,0.0,0.0,2.0,0.0,,,Hawke's Bay Region,Nil,2-way,Sealed,0.0,0.0,,50.0,,Null,0.0,0.0,,30.0,Hastings District,Unknown,,,,,0.0,0.0,Urban,0.0,,,Fine
170646,1931981.0,5608759.0,545710.0,0.0,0.0,1.0,North,2003/2004,PAKOWHAI ROAD,ELWOOD ROAD,Non-Injury Crash,No,2004,North,0.0,0.0,Flat,0.0,,0.0,0.0,Overcast,1471100.0,0.0,0.0,0.0,2.0,0.0,1.0,,Hawke's Bay Region,Nil,2-way,Sealed,0.0,0.0,0.0,100.0,0.0,Null,0.0,0.0,,30.0,Hastings District,Nil,0.0,0.0,0.0,0.0,1.0,0.0,Open,0.0,0.0,0.0,Fine
514590,1929880.0,5605120.0,548200.0,0.0,0.0,2.0,North,2000/2001,MARKET ST NORTH,QUEEN ST WEST,Non-Injury Crash,No,2001,West,0.0,0.0,Flat,0.0,,0.0,0.0,Bright sun,1491300.0,0.0,0.0,0.0,2.0,0.0,0.0,,Hawke's Bay Region,Nil,2-way,Sealed,0.0,0.0,0.0,50.0,0.0,Null,0.0,0.0,,30.0,Hastings District,Nil,0.0,0.0,0.0,0.0,0.0,0.0,Urban,0.0,1.0,0.0,Fine
87089,1936296.0,5611081.0,545730.0,0.0,0.0,1.0,East,2005/2006,WILLIAMSON ROAD,SH 2,Minor Crash,No,2005,South,0.0,0.0,Flat,0.0,,1.0,1.0,Overcast,1405500.0,1.0,0.0,0.0,2.0,0.0,0.0,,Hawke's Bay Region,Nil,2-way,Sealed,0.0,0.0,0.0,50.0,0.0,Null,0.0,0.0,,30.0,Hastings District,Nil,0.0,0.0,0.0,0.0,0.0,0.0,Urban,0.0,0.0,0.0,Fine
79632,1925045.0,5618364.0,545821.0,0.0,0.0,0.0,North,2010/2011,SWAMP ROAD,OMARUNUI SETTLEMENT ROAD,Non-Injury Crash,No,2010,West,0.0,0.0,Flat,0.0,,0.0,0.0,Twilight,1408500.0,0.0,0.0,0.0,2.0,0.0,0.0,,Hawke's Bay Region,Nil,2-way,Sealed,0.0,0.0,0.0,100.0,0.0,None,0.0,0.0,,30.0,Hastings District,Nil,0.0,0.0,0.0,0.0,0.0,0.0,Open,1.0,0.0,0.0,Fine