OBJECTID,X,Y,areaUnitID,bicycle,bus,carStationWagon,crashDirectionDescription,crashFinancialYear,crashLocation1,crashLocation2,crashSeverity,crashSHDescription,crashYear,directionRoleDescription,fatalCount,fence,flatHill,guardRail,holiday,houseOrBuilding,kerb,light,meshblockId,minorInjuryCount,moped,motorcycle,NumberOfLanes,otherVehicleType,parkedVehicle,pedestrian,region,roadCharacter,roadLane,roadSurface,schoolBus,seriousInjuryCount,slipOrFlood,speedLimit,strayAnimal,streetLight,suv,taxi,temporarySpeedLimit,tlaId,tlaName,trafficControl,trafficIsland,trafficSign,train,tree,truck,unknownVehicleType,urban,vanOrUtility,vehicle,waterRiver,weatherA
269814,1932840.0,5608108.0,545721.0,0.0,0.0,1.0,East,2013/2014,RUAHAPIA ROAD,OTENE ROAD,Non-Injury Crash,No,2014,South,0.0,,Flat,,,,,Dark,1471900.0,0.0,0.0,0.0,2.0,0.0,,,Hawke's Bay Region,Rail xing,2-way,Sealed,0.0,0.0,,100.0,,None,0.0,0.0,,30.0,Hastings District,Nil,,,,,0.0,0.0,Open,0.0,,,Fine
303,1928910.0,5606116.0,547700.0,0.0,0.0,1.0,East,2007/2008,HERETAUNGA ST WEST,STORTFORD ST,Non-Injury Crash,No,2008,West,0.0,,Flat,,,,,Bright sun,1486700.0,0.0,0.0,0.0,2.0,0.0,,,Hawke's Bay Region,Nil,2-way,Sealed,0.0,0.0,,50.0,,Null,0.0,0.0,,30.0,Hastings District,Nil,,,,,0.0,0.0,Urban,1.0,,,Fine
504810,1931237.0,5605684.0,548000.0,0.0,0.0,2.0,South,2005/2006,KARAMU ROAD NORTH,MAYFAIR AVENUE,Non-Injury Crash,No,2005,East,0.0,,Flat,,,,,Overcast,1497100.0,0.0,0.0,0.0,2.0,0.0,,,Hawke's Bay Region,Nil,2-way,Sealed,0.0,0.0,,50.0,,Null,0.0,0.0,,30.0,Hastings District,Nil,,,,,0.0,0.0,Urban,0.0,,,Fine
212226,1930173.0,5605047.0,548200.0,0.0,0.0,2.0,North,2012/2013,ST AUBYN ST EAST,KARAMU ROAD NORTH,Non-Injury Crash,No,2012,North,0.0,0.0,Flat,0.0,,0.0,0.0,Bright sun,1494100.0,0.0,0.0,0.0,2.0,0.0,1.0,,Hawke's Bay Region,Nil,2-way,Sealed,0.0,0.0,0.0,50.0,0.0,Null,0.0,0.0,,30.0,Hastings District,Nil,0.0,0.0,0.0,0.0,0.0,0.0,Urban,0.0,0.0,0.0,Fine
470754,1932411.0,5606189.0,545721.0,0.0,0.0,2.0,Null,2014/2015,SH 2,BENNETT ROAD,Non-Injury Crash,Yes,2015,West,0.0,,Null,,,,,Overcast,1472300.0,0.0,0.0,0.0,2.0,0.0,,,Hawke's Bay Region,Nil,2-way,Sealed,0.0,0.0,,70.0,,Off,1.0,0.0,,30.0,Hastings District,Stop,,,,,0.0,0.0,Urban,0.0,,,Fine
230936,1929876.0,5606371.0,547600.0,0.0,0.0,1.0,South,2001/2002,GRAYS ROAD,DUKE ST,Non-Injury Crash,No,2001,North,0.0,0.0,Flat,0.0,,0.0,0.0,Bright sun,1485600.0,0.0,0.0,0.0,2.0,0.0,1.0,,Hawke's Bay Region,Nil,2-way,Sealed,0.0,0.0,0.0,50.0,0.0,Null,0.0,0.0,,30.0,Hastings District,Nil,0.0,0.0,0.0,0.0,0.0,0.0,Urban,1.0,0.0,0.0,Fine
235820,1931613.0,5608421.0,545710.0,0.0,0.0,0.0,Null,2000/2001,PAKOWHAI ROAD,ELWOOD ROAD,Non-Injury Crash,No,2000,East,0.0,1.0,Flat,0.0,,0.0,0.0,Bright sun,1471100.0,0.0,0.0,0.0,3.0,0.0,0.0,,Hawke's Bay Region,Nil,2-way,Sealed,0.0,0.0,0.0,100.0,0.0,Null,0.0,0.0,,30.0,Hastings District,Give way,0.0,0.0,0.0,0.0,1.0,0.0,Open,1.0,0.0,0.0,Fine
583999,1915546.0,5590189.0,545851.0,0.0,0.0,2.0,South,2007/2008,SH 2,COLIN WHITE ROAD,Minor Crash,Yes,2007,South,0.0,,Flat,,,,,Overcast,1464500.0,2.0,0.0,0.0,2.0,0.0,,,Hawke's Bay Region,Nil,2-way,Sealed,0.0,0.0,,100.0,,Null,0.0,0.0,,30.0,Hastings District,Nil,,,,,0.0,0.0,Open,1.0,,,Light rain
726016,1932477.0,5610417.0,545832.0,0.0,0.0,1.0,Null,2003/2004,PAKOWHAI ROAD,HODGSON ROAD,Non-Injury Crash,No,2003,South,0.0,0.0,Flat,0.0,,0.0,0.0,Bright sun,1404100.0,0.0,0.0,0.0,2.0,0.0,0.0,,Hawke's Bay Region,Nil,2-way,Sealed,0.0,0.0,0.0,100.0,0.0,Null,0.0,0.0,,30.0,Hastings District,Give way,0.0,0.0,0.0,0.0,0.0,0.0,Open,0.0,0.0,0.0,Fine
146043,1923352.0,5610218.0,545710.0,2.0,0.0,1.0,Null,2017/2018,OMAHU ROAD,SH 50,Minor Crash,Yes,2018,North,0.0,,Flat,,,,,Bright sun,1470500.0,2.0,0.0,0.0,2.0,0.0,,,Hawke's Bay Region,Nil,2-way,Sealed,0.0,0.0,,100.0,,Null,0.0,0.0,,30.0,Hastings District,Give way,,,,,0.0,0.0,Open,0.0,,,Fine
454554,1929657.0,5605330.0,548200.0,0.0,0.0,0.0,Null,2005/2006,NELSON ST NORTH,QUEEN ST WEST,Non-Injury Crash,No,2006,South,0.0,,Flat,,,,,Bright sun,1490800.0,0.0,0.0,0.0,2.0,0.0,,,Hawke's Bay Region,Nil,2-way,Sealed,0.0,0.0,,50.0,,Null,2.0,0.0,,30.0,Hastings District,Give way,,,,,0.0,0.0,Urban,0.0,,,Fine
421527,1936300.0,5608328.0,545722.0,0.0,0.0,1.0,South,2001/2002,LAWN ROAD,MILL ROAD,Non-Injury Crash,No,2002,North,0.0,0.0,Flat,0.0,,0.0,0.0,Dark,1406501.0,0.0,0.0,0.0,2.0,0.0,0.0,,Hawke's Bay Region,Nil,2-way,Sealed,0.0,0.0,0.0,100.0,0.0,None,0.0,0.0,,30.0,Hastings District,Nil,0.0,0.0,0.0,0.0,0.0,0.0,Open,0.0,0.0,0.0,Light rain
466861,1929347.0,5605500.0,547700.0,0.0,0.0,0.0,Null,2004/2005,Z CPK PAK N SAVE,HERETAUNGA ST WEST,Non-Injury Crash,No,2005,East,0.0,,Flat,,,,,Bright sun,1487700.0,0.0,0.0,0.0,1.0,0.0,,,Hawke's Bay Region,Nil,Off road,Sealed,0.0,0.0,,50.0,,Null,2.0,0.0,,30.0,Hastings District,Nil,,,,,0.0,0.0,Urban,0.0,,,Fine
575428,1932371.0,5602044.0,548831.0,0.0,0.0,1.0,Null,2004/2005,HAVELOCK ROAD,KARANEMA DRIVE,Non-Injury Crash,No,2004,South,0.0,0.0,Flat,0.0,,0.0,0.0,Dark,1509100.0,0.0,0.0,0.0,2.0,0.0,0.0,,Hawke's Bay Region,Nil,2-way,Sealed,0.0,0.0,0.0,50.0,0.0,On,0.0,0.0,,30.0,Hastings District,Give way,1.0,1.0,0.0,1.0,0.0,0.0,Urban,0.0,0.0,0.0,Fine
574854,1931438.0,5605808.0,548000.0,0.0,0.0,1.0,Null,2016/2017,KARAMU ROAD NORTH,COLLINGE ROAD,Non-Injury Crash,No,2016,West,0.0,,Flat,,,,,Dark,1496700.0,0.0,0.0,0.0,2.0,0.0,,,Hawke's Bay Region,Nil,2-way,Sealed,0.0,0.0,,50.0,,On,1.0,0.0,,30.0,Hastings District,Give way,,,,,0.0,0.0,Urban,0.0,,,Fine
43269,1925555.0,5603145.0,545842.0,0.0,0.0,0.0,Null,2016/2017,SH 50A,MARAEKAKAHO ROAD,Non-Injury Crash,Yes,2016,South,0.0,,Flat,,,,,Bright sun,1470213.0,0.0,0.0,0.0,2.0,0.0,,,Hawke's Bay Region,Nil,2-way,Sealed,0.0,0.0,,100.0,,Null,0.0,0.0,,30.0,Hastings District,Give way,,,,,1.0,0.0,Open,1.0,,,Fine
507514,1931461.5553,5614993.1309,545831.0,0.0,0.0,1.0,South,2019/2020,HAWKES BAY EXPRESSWAY,TUTAEKURI BR,Minor Crash,Yes,2020,North,0.0,,Flat,,,,,Dark,1404600.0,1.0,0.0,0.0,2.0,0.0,,,Hawke's Bay Region,Bridge,2-way,Sealed,0.0,0.0,,100.0,,None,1.0,0.0,,30.0,Hastings District,Nil,,,,,0.0,0.0,Open,0.0,,,Fine
32497,1919086.0,5614120.0,545821.0,0.0,0.0,1.0,South,2017/2018,TAIHAPE ROAD,RUNANGA PA LANE,Non-Injury Crash,No,2018,North,0.0,0.0,Flat,0.0,,0.0,0.0,Dark,1408401.0,0.0,0.0,0.0,2.0,0.0,0.0,,Hawke's Bay Region,Nil,2-way,Sealed,0.0,0.0,0.0,100.0,0.0,None,0.0,0.0,,30.0,Hastings District,Unknown,0.0,0.0,0.0,0.0,0.0,0.0,Open,0.0,0.0,0.0,Fine
668292,1929740.0,5604366.0,548300.0,0.0,0.0,3.0,South,2007/2008,HASTINGS ST SOUTH,SOUTHAMPTON ST EAST,Non-Injury Crash,No,2007,North,0.0,0.0,Flat,0.0,,0.0,0.0,Bright sun,1503100.0,0.0,0.0,0.0,2.0,0.0,1.0,,Hawke's Bay Region,Nil,2-way,Sealed,0.0,0.0,0.0,50.0,0.0,Null,0.0,0.0,,30.0,Hastings District,Nil,0.0,0.0,0.0,0.0,0.0,0.0,Urban,0.0,0.0,0.0,Fine
193211,1943628.0,5659703.0,545911.0,0.0,0.0,0.0,West,2004/2005,SH 2,WAIKARE ROAD,Non-Injury Crash,Yes,2005,East,0.0,,Hill Road,,,,,Overcast,1415100.0,0.0,0.0,0.0,2.0,0.0,,,Hawke's Bay Region,Nil,2-way,Sealed,0.0,0.0,,100.0,,Null,0.0,0.0,,30.0,Hastings District,Nil,,,,,0.0,0.0,Open,1.0,,,Fine
388733,1931495.0,5646795.0,545811.0,0.0,0.0,2.0,South,2000/2001,WAIPUNGA ROAD,KAIWAKA ROAD,Non-Injury Crash,No,2000,West,0.0,,Hill Road,,Christmas New Year,,,Bright sun,1415600.0,0.0,0.0,0.0,2.0,0.0,,,Hawke's Bay Region,Nil,2-way,Unsealed,0.0,0.0,,100.0,,Null,0.0,0.0,,30.0,Hastings District,Nil,,,,,0.0,0.0,Open,0.0,,,Fine
634000,1929091.0,5602577.0,545762.0,0.0,0.0,1.0,South,2011/2012,PARK ROAD SOUTH,TOLLEMACHE ROAD EAST,Non-Injury Crash,No,2011,South,0.0,0.0,Flat,0.0,,0.0,0.0,Bright sun,1468100.0,0.0,0.0,0.0,0.0,0.0,0.0,,Hawke's Bay Region,Nil,2-way,Sealed,0.0,0.0,0.0,100.0,0.0,Null,0.0,0.0,,30.0,Hastings District,Nil,0.0,0.0,0.0,0.0,0.0,0.0,Open,0.0,0.0,0.0,Fine
556680,1930706.0,5600856.0,545762.0,0.0,0.0,1.0,West,2006/2007,TE AUTE ROAD,GILPIN ROAD,Non-Injury Crash,No,2007,West,0.0,,Flat,,,,,Bright sun,1465200.0,0.0,0.0,0.0,2.0,0.0,,,Hawke's Bay Region,Nil,2-way,Sealed,0.0,0.0,,100.0,,Null,0.0,0.0,,30.0,Hastings District,Nil,,,,,1.0,0.0,Open,0.0,,,Fine
566803,1921913.6815,5641195.2453,545811.0,0.0,0.0,1.0,South,2019/2020,005-0233,ELAND STN ENT,Non-Injury Crash,Yes,2019,South,0.0,0.0,Flat,0.0,,0.0,0.0,Overcast,1414600.0,0.0,0.0,0.0,2.0,0.0,0.0,,Hawke's Bay Region,Nil,2-way,Sealed,0.0,0.0,0.0,100.0,0.0,Null,0.0,0.0,,30.0,Hastings District,Unknown,0.0,0.0,0.0,1.0,0.0,0.0,Open,0.0,0.0,0.0,Fine
417449,1925551.0,5603217.0,545842.0,0.0,0.0,1.0,Null,2008/2009,MARAEKAKAHO ROAD,LONGLANDS ROAD WEST,Non-Injury Crash,Yes,2009,North,0.0,0.0,Flat,0.0,,0.0,0.0,Overcast,1470214.0,0.0,0.0,0.0,2.0,0.0,0.0,,Hawke's Bay Region,Nil,2-way,Sealed,0.0,0.0,0.0,100.0,0.0,Null,0.0,0.0,,30.0,Hastings District,Give way,0.0,0.0,0.0,0.0,0.0,0.0,Open,0.0,0.0,0.0,Light rain
200885,1930022.0,5604665.0,548200.0,0.0,0.0,2.0,North,2008/2009,Z CPK REBEL SPORTS,HERETAUNGA/HASTINGS,Non-Injury Crash,No,2008,West,0.0,,Flat,,Christmas New Year,,,Bright sun,1493300.0,0.0,0.0,0.0,2.0,0.0,,,Hawke's Bay Region,Nil,Off road,Sealed,0.0,0.0,,50.0,,Null,0.0,0.0,,30.0,Hastings District,Nil,,,,,0.0,0.0,Urban,0.0,,,Fine
11273,1935405.0,5609483.0,545722.0,0.0,0.0,0.0,Null,2000/2001,SH 2,RICHMOND ROAD,Non-Injury Crash,Yes,2001,North,0.0,,Flat,,,,,Overcast,1406300.0,0.0,0.0,0.0,3.0,0.0,,,Hawke's Bay Region,Nil,2-way,Sealed,0.0,0.0,,100.0,,Null,0.0,0.0,,30.0,Hastings District,Nil,,,,,0.0,0.0,Open,2.0,,,Light rain
379292,1929464.0,5605185.0,548200.0,0.0,0.0,2.0,Null,1999/2000,NELSON ST SOUTH,EASTBOURNE ST WEST,Non-Injury Crash,No,2000,North,0.0,,Flat,,,,,Twilight,1488900.0,0.0,0.0,0.0,2.0,0.0,,,Hawke's Bay Region,Nil,2-way,Sealed,0.0,0.0,,50.0,,Off,0.0,0.0,,30.0,Hastings District,Give way,,,,,0.0,0.0,Urban,0.0,,,Fine
730460,1932501.0,5608632.0,545721.0,0.0,0.0,1.0,North,2017/2018,RUAHAPIA ROAD,WHAKATU ROAD,Non-Injury Crash,No,2018,North,0.0,,Flat,,,,,Bright sun,1471600.0,0.0,0.0,0.0,3.0,0.0,,,Hawke's Bay Region,Nil,2-way,Sealed,0.0,0.0,,80.0,,Null,0.0,0.0,,30.0,Hastings District,Nil,,,,,1.0,0.0,Open,0.0,,,Fine
595906,1931730.0,5601503.0,548810.0,0.0,0.0,2.0,Null,2005/2006,TE AUTE ROAD,LIPSCOMBE CRESCENT,Non-Injury Crash,No,2006,West,0.0,,Flat,,,,,Bright sun,1505400.0,0.0,0.0,0.0,2.0,0.0,,,Hawke's Bay Region,Nil,2-way,Sealed,0.0,0.0,,50.0,,Null,0.0,0.0,,30.0,Hastings District,Give way,,,,,0.0,0.0,Urban,0.0,,,Fine
193000,1925910.0,5606882.0,548620.0,0.0,0.0,1.0,Null,2002/2003,FOLKESTONE DRIVE,FOLKESTONE DRIVE S,Non-Injury Crash,No,2002,West,0.0,1.0,Flat,0.0,,0.0,0.0,Dark,1476200.0,0.0,0.0,0.0,2.0,0.0,0.0,,Hawke's Bay Region,Nil,2-way,Sealed,0.0,0.0,0.0,50.0,0.0,On,0.0,0.0,,30.0,Hastings District,Nil,0.0,0.0,0.0,0.0,0.0,0.0,Urban,0.0,0.0,0.0,Fine
693159,1911481.0,5660106.0,545911.0,0.0,0.0,0.0,North,2013/2014,SH 5,MCVICAR ROAD,Non-Injury Crash,Yes,2014,South,0.0,,Hill Road,,,,,Dark,1414300.0,0.0,0.0,0.0,2.0,0.0,,,Hawke's Bay Region,Nil,2-way,Sealed,0.0,0.0,,100.0,,None,0.0,0.0,,30.0,Hastings District,Unknown,,,,,0.0,0.0,Open,1.0,,,Heavy rain
114931,1937466.0,5608602.0,545730.0,0.0,0.0,2.0,Null,2003/2004,MILL ROAD,BLACKS BR,Non-Injury Crash,No,2003,East,0.0,0.0,Flat,0.0,,0.0,0.0,Overcast,1405300.0,0.0,0.0,0.0,2.0,0.0,0.0,,Hawke's Bay Region,Bridge,2-way,Sealed,0.0,0.0,0.0,100.0,0.0,Null,0.0,0.0,,30.0,Hastings District,Nil,0.0,0.0,0.0,0.0,0.0,0.0,Open,0.0,0.0,0.0,Fine
386673,1931582.0,5602888.0,545721.0,0.0,0.0,1.0,Null,2009/2010,HAVELOCK ROAD,ST GEORGES ROAD,Non-Injury Crash,No,2010,East,0.0,,Flat,,,,,Twilight,1473000.0,0.0,0.0,0.0,2.0,0.0,,,Hawke's Bay Region,Nil,2-way,Sealed,0.0,0.0,,70.0,,On,0.0,0.0,,30.0,Hastings District,Give way,,,,,0.0,0.0,Urban,1.0,,,Heavy rain
296071,1928399.0,5605149.0,547900.0,0.0,0.0,2.0,North,2012/2013,GORDON ROAD,PEPPER ST,Non-Injury Crash,No,2012,South,0.0,0.0,Flat,0.0,,0.0,0.0,Overcast,1480400.0,0.0,0.0,0.0,2.0,0.0,1.0,,Hawke's Bay Region,Nil,2-way,Sealed,0.0,0.0,0.0,50.0,0.0,Null,0.0,0.0,,30.0,Hastings District,Nil,0.0,0.0,0.0,0.0,0.0,0.0,Urban,0.0,0.0,0.0,Fine
132420,1929548.0,5604672.0,548200.0,0.0,0.0,2.0,Null,2003/2004,RAILWAY ROAD,SOUTHAMPTON ST WEST,Non-Injury Crash,No,2003,West,0.0,,Flat,,,,,Overcast,1489700.0,0.0,0.0,0.0,2.0,0.0,,,Hawke's Bay Region,Nil,2-way,Sealed,0.0,0.0,,50.0,,Null,0.0,0.0,,30.0,Hastings District,Nil,,,,,0.0,0.0,Urban,0.0,,,Light rain
337595,1909051.0,5674661.0,545911.0,0.0,0.0,2.0,North,2002/2003,SH 5,TARAWERA TAV,Non-Injury Crash,Yes,2002,North,0.0,,Hill Road,,Labour Weekend,,,Overcast,1281200.0,0.0,0.0,0.0,2.0,0.0,,,Hawke's Bay Region,Nil,2-way,Sealed,0.0,0.0,,100.0,,Null,0.0,0.0,,30.0,Hastings District,Nil,,,,,0.0,0.0,Open,0.0,,,Light rain
161474,1927363.0,5608734.0,545710.0,0.0,0.0,0.0,North,2018/2019,RAUPARE ROAD,THOMPSON ROAD,Non-Injury Crash,No,2018,North,0.0,0.0,Flat,0.0,,0.0,0.0,Dark,1471000.0,0.0,0.0,0.0,2.0,0.0,0.0,,Hawke's Bay Region,Nil,2-way,Sealed,0.0,0.0,0.0,100.0,0.0,None,0.0,0.0,,30.0,Hastings District,Unknown,0.0,0.0,0.0,0.0,0.0,0.0,Open,1.0,0.0,0.0,Fine
303543,1931520.0,5605295.0,548000.0,0.0,0.0,0.0,Null,2012/2013,FENWICK ST,WILLOWPARK ROAD NORTH,Non-Injury Crash,No,2012,South,0.0,0.0,Flat,0.0,Christmas New Year,0.0,0.0,Overcast,1497300.0,0.0,0.0,0.0,2.0,0.0,0.0,,Hawke's Bay Region,Nil,2-way,Sealed,0.0,0.0,0.0,50.0,0.0,Null,0.0,0.0,,30.0,Hastings District,Give way,0.0,1.0,0.0,0.0,0.0,0.0,Urban,1.0,0.0,0.0,Light rain
437988,1937036.8897,5609166.4268,545730.0,0.0,0.0,1.0,North,2019/2020,LAWN ROAD,MILL ROAD,Non-Injury Crash,No,2019,East,0.0,0.0,Flat,0.0,,0.0,0.0,Dark,1405300.0,0.0,0.0,0.0,2.0,0.0,0.0,,Hawke's Bay Region,Nil,2-way,Sealed,0.0,0.0,0.0,100.0,0.0,None,0.0,0.0,,30.0,Hastings District,Unknown,0.0,0.0,0.0,0.0,0.0,0.0,Open,0.0,0.0,0.0,Fine
370735,1929540.0,5633020.0,545811.0,0.0,0.0,1.0,West,2004/2005,SH 5,SHAW ROAD,Minor Crash,Yes,2005,East,0.0,1.0,Flat,0.0,,0.0,0.0,Dark,1414700.0,2.0,0.0,0.0,2.0,0.0,0.0,,Hawke's Bay Region,Nil,2-way,Sealed,0.0,0.0,0.0,100.0,0.0,On,0.0,0.0,,30.0,Hastings District,Nil,0.0,0.0,0.0,0.0,0.0,0.0,Open,0.0,0.0,0.0,Heavy rain
390479,1923298.0,5652294.0,545911.0,0.0,0.0,0.0,West,2010/2011,OHURAKURA ROAD,BERRY ROAD,Fatal Crash,No,2011,East,1.0,0.0,Hill Road,0.0,,0.0,0.0,Dark,1415900.0,0.0,0.0,0.0,2.0,0.0,0.0,,Hawke's Bay Region,Nil,2-way,Sealed,0.0,0.0,0.0,100.0,0.0,None,1.0,0.0,,30.0,Hastings District,Nil,0.0,0.0,0.0,0.0,0.0,0.0,Open,0.0,0.0,0.0,Fine
194756,1922693.0,5604677.0,545842.0,0.0,0.0,1.0,South,2006/2007,NGATARAWA ROAD,VALENTINE ROAD,Serious Crash,No,2006,South,0.0,,Flat,,,,,Overcast,1470218.0,0.0,0.0,0.0,2.0,0.0,,,Hawke's Bay Region,Nil,2-way,Sealed,0.0,1.0,,100.0,,Null,0.0,0.0,,30.0,Hastings District,Unknown,,,,,0.0,0.0,Open,0.0,,,Fine
643064,1931865.0,5607160.0,545721.0,0.0,0.0,1.0,North,2005/2006,ELWOOD ROAD,OTENE ROAD,Non-Injury Crash,No,2006,South,0.0,,Flat,,,,,Overcast,1471600.0,0.0,0.0,0.0,2.0,0.0,,,Hawke's Bay Region,Rail xing,2-way,Sealed,0.0,0.0,,100.0,,Null,0.0,0.0,,30.0,Hastings District,Traffic Signals,,,,,0.0,0.0,Open,1.0,,,Heavy rain
651983,1938046.0,5607809.0,545740.0,0.0,0.0,2.0,South,2014/2015,TUKITUKI ROAD,HAUMOANA ROAD,Serious Crash,No,2015,South,0.0,,Flat,,,,,Overcast,1407600.0,1.0,0.0,0.0,2.0,0.0,,,Hawke's Bay Region,Nil,2-way,Sealed,0.0,1.0,,100.0,,Null,0.0,0.0,,30.0,Hastings District,Nil,,,,,0.0,0.0,Open,0.0,,,Fine
120447,1930257.0,5604934.0,548200.0,0.0,0.0,1.0,Null,2012/2013,ST AUBYN ST EAST,WARREN ST NORTH,Minor Crash,No,2012,North,0.0,,Flat,,,,,Overcast,1493501.0,2.0,0.0,0.0,4.0,0.0,,,Hawke's Bay Region,Nil,2-way,Sealed,0.0,0.0,,50.0,,Null,0.0,0.0,,30.0,Hastings District,Give way,,,,,0.0,0.0,Urban,1.0,,,Fine
256424,1931614.8472,5608423.9991,545710.0,0.0,0.0,1.0,Null,2019/2020,PAKOWHAI ROAD,ELWOOD ROAD,Non-Injury Crash,No,2019,South,0.0,,Flat,,,,,Overcast,1471100.0,0.0,0.0,0.0,2.0,0.0,,,Hawke's Bay Region,Nil,2-way,Sealed,0.0,0.0,,80.0,,Off,0.0,0.0,,30.0,Hastings District,Stop,,,,,0.0,0.0,Open,1.0,,,Fine
89947,1930257.0,5604934.0,548200.0,0.0,0.0,2.0,Null,2009/2010,ST AUBYN ST EAST,WARREN ST NORTH,Non-Injury Crash,No,2009,West,0.0,,Flat,,,,,Overcast,1493501.0,0.0,0.0,0.0,2.0,0.0,,,Hawke's Bay Region,Nil,2-way,Sealed,0.0,0.0,,50.0,,Null,0.0,0.0,,30.0,Hastings District,Give way,,,,,0.0,0.0,Urban,0.0,,,Light rain
505598,1929597.0,5605409.0,548200.0,1.0,0.0,1.0,North,2011/2012,QUEEN ST WEST,NELSON ST NORTH,Non-Injury Crash,No,2011,North,0.0,,Flat,,,,,Bright sun,1490100.0,0.0,0.0,0.0,2.0,0.0,,,Hawke's Bay Region,Nil,2-way,Sealed,0.0,0.0,,50.0,,Null,0.0,0.0,,30.0,Hastings District,Nil,,,,,0.0,0.0,Urban,0.0,,,Fine
457843,1924459.0,5607937.0,548612.0,0.0,0.0,1.0,Null,2009/2010,FLAXMERE AVENUE,DIAZ DRIVE,Non-Injury Crash,No,2009,West,0.0,,Flat,,,,,Bright sun,1474106.0,0.0,0.0,0.0,2.0,0.0,,,Hawke's Bay Region,Nil,2-way,Sealed,0.0,0.0,,50.0,,Null,1.0,0.0,,30.0,Hastings District,Give way,,,,,0.0,0.0,Urban,0.0,,,Fine
79469,1931270.0,5605706.0,548000.0,0.0,0.0,2.0,Null,2012/2013,MAYFAIR AVENUE,KARAMU ROAD NORTH,Non-Injury Crash,No,2012,East,0.0,,Flat,,,,,Overcast,1495600.0,0.0,0.0,0.0,2.0,0.0,,,Hawke's Bay Region,Nil,2-way,Sealed,0.0,0.0,,50.0,,Null,0.0,0.0,,30.0,Hastings District,Stop,,,,,0.0,0.0,Urban,0.0,,,Fine
644633,1928128.0,5606927.0,547800.0,0.0,0.0,1.0,Null,2010/2011,OMAHU ROAD,NOTTINGLEY ROAD,Non-Injury Crash,No,2011,South,0.0,,Flat,,,,,Bright sun,1476700.0,0.0,0.0,1.0,2.0,0.0,,,Hawke's Bay Region,Nil,2-way,Sealed,0.0,0.0,,50.0,,Null,0.0,0.0,,30.0,Hastings District,Give way,,,,,0.0,0.0,Urban,0.0,,,Fine
88092,1928248.0,5604448.0,547900.0,0.0,0.0,2.0,Null,2002/2003,MURDOCH ROAD WEST,SOUTHLAND ROAD,Non-Injury Crash,No,2003,South,0.0,,Flat,,,,,Overcast,1469201.0,0.0,0.0,0.0,2.0,0.0,,,Hawke's Bay Region,Nil,2-way,Sealed,0.0,0.0,,50.0,,Null,0.0,0.0,,30.0,Hastings District,Give way,,,,,0.0,0.0,Urban,0.0,,,Heavy rain
187365,1928786.0,5605625.0,547700.0,0.0,0.0,1.0,Null,2010/2011,SOUTHAMPTON ST,TOWNSHEND ST,Minor Crash,No,2010,South,0.0,,Flat,,,,,Bright sun,1486800.0,3.0,0.0,0.0,2.0,0.0,,,Hawke's Bay Region,Nil,2-way,Sealed,0.0,0.0,,50.0,,Null,0.0,0.0,,30.0,Hastings District,Stop,,,,,0.0,0.0,Urban,1.0,,,Fine
501596,1929510.1657,5608838.3282,545710.0,0.0,1.0,2.0,Null,2020/2021,HAWKES BAY EXPRESSWAY,EVENDEN ROAD,Minor Crash,Yes,2020,South,0.0,,Flat,,,,,Bright sun,1471100.0,1.0,0.0,0.0,2.0,0.0,,,Hawke's Bay Region,Nil,1-way,Sealed,1.0,0.0,,100.0,,Off,0.0,0.0,,30.0,Hastings District,Give way,,,,,0.0,0.0,Open,0.0,,,Fine
320764,1917605.8501,5623465.5337,545821.0,0.0,0.0,1.0,South,2019/2020,DARTMOOR ROAD,DARTMOOR SETL BR,Minor Crash,No,2019,East,0.0,1.0,Hill Road,0.0,,0.0,0.0,Overcast,1412400.0,1.0,0.0,0.0,2.0,0.0,0.0,,Hawke's Bay Region,Nil,2-way,Sealed,0.0,0.0,0.0,100.0,0.0,None,0.0,0.0,,30.0,Hastings District,Unknown,0.0,0.0,0.0,1.0,0.0,0.0,Open,0.0,0.0,0.0,Fine
229466,1934204.0,5601382.0,548832.0,0.0,0.0,1.0,West,2008/2009,JAMES COOK ST,TE MATA ROAD,Minor Crash,No,2008,East,0.0,,Hill Road,,,,,Bright sun,1466705.0,1.0,0.0,1.0,2.0,0.0,,,Hawke's Bay Region,Nil,2-way,Sealed,0.0,0.0,,50.0,,Null,0.0,0.0,,30.0,Hastings District,Nil,,,,,0.0,0.0,Urban,0.0,,,Fine
668373,1930149.0,5604677.0,548200.0,0.0,0.0,1.0,Null,2003/2004,QUEEN ST EAST,HASTINGS ST,Non-Injury Crash,No,2004,West,0.0,,Flat,,,,,Dark,1493400.0,0.0,0.0,0.0,2.0,0.0,,,Hawke's Bay Region,Nil,2-way,Sealed,0.0,0.0,,50.0,,On,0.0,0.0,,30.0,Hastings District,Give way,,,,,0.0,0.0,Urban,1.0,,,Fine
258331,1937304.0,5594925.0,545860.0,0.0,0.0,1.0,West,2018/2019,WAIMARAMA ROAD,LOPEZ LANE,Non-Injury Crash,No,2018,West,0.0,0.0,Hill Road,0.0,,0.0,0.0,Dark,1467200.0,0.0,0.0,0.0,2.0,0.0,0.0,,Hawke's Bay Region,Nil,2-way,Sealed,0.0,0.0,0.0,100.0,0.0,None,0.0,0.0,50.0,30.0,Hastings District,Unknown,0.0,0.0,0.0,1.0,0.0,0.0,Open,0.0,0.0,0.0,Fine