OBJECTID,X,Y,areaUnitID,bicycle,bus,carStationWagon,crashDirectionDescription,crashFinancialYear,crashLocation1,crashLocation2,crashSeverity,crashSHDescription,crashYear,directionRoleDescription,fatalCount,fence,flatHill,guardRail,holiday,houseOrBuilding,kerb,light,meshblockId,minorInjuryCount,moped,motorcycle,NumberOfLanes,otherVehicleType,parkedVehicle,pedestrian,region,roadCharacter,roadLane,roadSurface,schoolBus,seriousInjuryCount,slipOrFlood,speedLimit,strayAnimal,streetLight,suv,taxi,temporarySpeedLimit,tlaId,tlaName,trafficControl,trafficIsland,trafficSign,train,tree,truck,unknownVehicleType,urban,vanOrUtility,vehicle,waterRiver,weatherA
220890,1929434.0,5608803.0,545710.0,0.0,0.0,3.0,South,2006/2007,SH 50A,EVENDEN ROAD,Minor Crash,Yes,2006,North,0.0,,Flat,,,,,Bright sun,1471201.0,1.0,0.0,0.0,2.0,0.0,,,Hawke's Bay Region,Nil,2-way,Sealed,0.0,0.0,,100.0,,Null,0.0,0.0,,30.0,Hastings District,Nil,,,,,0.0,0.0,Open,0.0,,,Fine
635516,1908276.0,5675014.0,545911.0,0.0,0.0,0.0,East,2008/2009,SH 5,POHOKURA ROAD,Non-Injury Crash,Yes,2008,South,0.0,,Hill Road,,,,,Overcast,1281200.0,0.0,0.0,0.0,2.0,0.0,,,Hawke's Bay Region,Nil,2-way,Sealed,0.0,0.0,,100.0,,None,1.0,0.0,,30.0,Hastings District,Nil,,,,,0.0,0.0,Open,0.0,,,Light rain
545100,1930340.0,5604821.0,548200.0,0.0,0.0,1.0,Null,2008/2009,ST AUBYN ST EAST,HASTINGS ST NORTH,Non-Injury Crash,No,2009,North,0.0,,Flat,,,,,Dark,1493501.0,0.0,0.0,0.0,2.0,0.0,,,Hawke's Bay Region,Nil,2-way,Sealed,0.0,0.0,,50.0,,On,1.0,0.0,,30.0,Hastings District,Stop,,,,,0.0,0.0,Urban,0.0,,,Fine
79202,1936458.0,5609908.0,545730.0,0.0,0.0,2.0,Null,1999/2000,RICHMOND ROAD,MILL ROAD,Minor Crash,No,2000,East,0.0,,Flat,,,,,Bright sun,1405403.0,3.0,0.0,0.0,2.0,0.0,,,Hawke's Bay Region,Nil,2-way,Sealed,0.0,0.0,,100.0,,Null,0.0,0.0,,30.0,Hastings District,Stop,,,,,0.0,0.0,Open,0.0,,,Fine
82196,1918288.0,5653467.0,545912.0,0.0,0.0,0.0,East,2015/2016,SH 5,TITIOKURA SUMMIT,Serious Crash,Yes,2015,East,0.0,1.0,Hill Road,0.0,,0.0,0.0,Bright sun,1414504.0,0.0,0.0,0.0,3.0,0.0,0.0,,Hawke's Bay Region,Nil,2-way,Sealed,0.0,1.0,0.0,100.0,0.0,Null,1.0,0.0,,30.0,Hastings District,Unknown,0.0,0.0,0.0,1.0,0.0,0.0,Open,0.0,0.0,0.0,Fine
76773,1921671.0,5626035.0,545821.0,0.0,0.0,0.0,South,2009/2010,APLEY ROAD,PUKETITIRI ROAD,Minor Crash,No,2010,South,0.0,,Flat,,,,,Bright sun,1411100.0,1.0,0.0,1.0,2.0,0.0,,,Hawke's Bay Region,Nil,2-way,Sealed,0.0,0.0,,100.0,,Null,0.0,0.0,,30.0,Hastings District,Nil,,,,,0.0,0.0,Open,0.0,,,Fine
639423,1928011.0,5605732.0,547900.0,0.0,0.0,2.0,West,2003/2004,KAIAPO ROAD,MARAEKAKAHO ROAD,Non-Injury Crash,No,2004,East,0.0,,Flat,,,,,Dark,1469802.0,0.0,0.0,0.0,2.0,0.0,,,Hawke's Bay Region,Nil,2-way,Sealed,0.0,0.0,,50.0,,None,0.0,0.0,,30.0,Hastings District,Nil,,,,,0.0,0.0,Urban,0.0,,,Fine
461649,1925076.0,5605018.0,545842.0,0.0,0.0,1.0,South,2012/2013,STOCK ROAD,IRONGATE LANE,Serious Crash,No,2012,North,0.0,,Flat,,,,,Bright sun,1470214.0,1.0,0.0,0.0,2.0,0.0,,,Hawke's Bay Region,Nil,2-way,Sealed,0.0,1.0,,100.0,,Null,0.0,0.0,,30.0,Hastings District,Nil,,,,,1.0,0.0,Open,0.0,,,Fine
73083,1931859.0,5600837.0,548821.0,0.0,0.0,1.0,Null,2018/2019,BREADALBANE ROAD,MIDDLE ROAD,Minor Crash,No,2018,South,0.0,0.0,Flat,0.0,,0.0,0.0,Dark,1465507.0,1.0,1.0,0.0,2.0,0.0,1.0,,Hawke's Bay Region,Nil,2-way,Sealed,0.0,0.0,0.0,50.0,0.0,On,0.0,0.0,,30.0,Hastings District,Nil,0.0,0.0,0.0,0.0,0.0,0.0,Urban,0.0,0.0,0.0,Fine
80300,1929671.0,5606217.0,547600.0,1.0,0.0,1.0,Null,2006/2007,GRAYS ROAD,FITZROY AVENUE,Serious Crash,No,2006,South,0.0,,Flat,,,,,Bright sun,1485300.0,0.0,0.0,0.0,2.0,0.0,,,Hawke's Bay Region,Nil,2-way,Sealed,0.0,1.0,,50.0,,Null,0.0,0.0,,30.0,Hastings District,Give way,,,,,0.0,0.0,Urban,0.0,,,Fine
524341,1926785.0,5605822.0,545761.0,0.0,0.0,2.0,North,2011/2012,YORK ROAD,MARAEKAKAHO ROAD,Minor Crash,No,2012,South,0.0,,Flat,,,,,Dark,1469905.0,4.0,0.0,0.0,2.0,0.0,,,Hawke's Bay Region,Nil,2-way,Sealed,0.0,0.0,,100.0,,On,0.0,0.0,,30.0,Hastings District,Nil,,,,,0.0,0.0,Open,0.0,,,Fine
666880,1911825.0,5662347.0,545911.0,0.0,0.0,1.0,South,2004/2005,SH 5,TE HAROTO ROAD,Non-Injury Crash,Yes,2005,North,0.0,,Flat,,,,,Dark,1414300.0,0.0,0.0,0.0,2.0,0.0,,,Hawke's Bay Region,Nil,2-way,Sealed,0.0,0.0,,100.0,,None,0.0,0.0,,30.0,Hastings District,Nil,,,,,0.0,0.0,Open,0.0,,,Light rain
724724,1918054.0,5648844.0,545811.0,0.0,0.0,1.0,South,2017/2018,SH 5,TE POHUE HOTEL,Non-Injury Crash,Yes,2018,West,0.0,0.0,Flat,0.0,,0.0,0.0,Overcast,1414600.0,0.0,0.0,0.0,2.0,0.0,0.0,,Hawke's Bay Region,Nil,2-way,Sealed,0.0,0.0,0.0,100.0,0.0,Null,0.0,0.0,,30.0,Hastings District,Unknown,0.0,0.0,0.0,0.0,0.0,0.0,Open,0.0,0.0,0.0,Heavy rain
564205,1932237.0,5608994.0,545721.0,0.0,0.0,1.0,South,2009/2010,PAKOWHAI ROAD,RUAHAPIA ROAD,Minor Crash,No,2009,East,0.0,0.0,Flat,0.0,,0.0,0.0,Dark,1471600.0,4.0,0.0,0.0,2.0,0.0,0.0,,Hawke's Bay Region,Nil,2-way,Sealed,0.0,0.0,0.0,100.0,0.0,None,0.0,0.0,,30.0,Hastings District,Nil,0.0,0.0,0.0,0.0,0.0,0.0,Open,0.0,0.0,0.0,Light rain
178531,1935457.0,5651195.0,545911.0,0.0,0.0,1.0,South,2004/2005,SH 2,WAIKOAU ROAD,Non-Injury Crash,Yes,2005,North,0.0,0.0,Flat,0.0,,0.0,0.0,Bright sun,1415400.0,0.0,0.0,0.0,2.0,0.0,0.0,,Hawke's Bay Region,Nil,2-way,Sealed,0.0,0.0,0.0,100.0,0.0,Null,0.0,0.0,,30.0,Hastings District,Nil,0.0,0.0,0.0,1.0,0.0,0.0,Open,0.0,0.0,0.0,Fine
739174,1928825.0,5606227.0,547700.0,0.0,0.0,2.0,East,2004/2005,HERETAUNGA ST WEST,MARAEKAKAHO RIVER ROAD,Non-Injury Crash,No,2004,East,0.0,,Flat,,,,,Bright sun,1486600.0,0.0,0.0,0.0,2.0,0.0,,,Hawke's Bay Region,Nil,2-way,Sealed,0.0,0.0,,50.0,,Null,0.0,0.0,,30.0,Hastings District,Nil,,,,,0.0,0.0,Urban,0.0,,,Fine
378491,1924907.0,5601330.0,545851.0,0.0,0.0,1.0,South,2015/2016,SH 50A,MANGAROA ROAD,Non-Injury Crash,Yes,2015,North,0.0,1.0,Flat,0.0,,0.0,0.0,Overcast,1463500.0,0.0,0.0,0.0,2.0,0.0,0.0,,Hawke's Bay Region,Nil,2-way,Sealed,0.0,0.0,0.0,100.0,0.0,Null,0.0,0.0,,30.0,Hastings District,Unknown,0.0,0.0,0.0,0.0,0.0,0.0,Open,0.0,0.0,0.0,Light rain
423994,1930469.0,5606431.0,547600.0,0.0,0.0,2.0,West,2000/2001,FREDERICK ST,TOMOANA ROAD,Non-Injury Crash,No,2001,West,0.0,0.0,Flat,0.0,,0.0,0.0,Bright sun,1483400.0,0.0,0.0,0.0,2.0,0.0,1.0,,Hawke's Bay Region,Nil,2-way,Sealed,0.0,0.0,0.0,50.0,0.0,Null,0.0,0.0,,30.0,Hastings District,Nil,0.0,0.0,0.0,0.0,0.0,0.0,Urban,0.0,0.0,0.0,Fine
270234,1929353.0,5614210.0,545831.0,1.0,0.0,0.0,West,2014/2015,SH 50,WAIOHIKI ROAD,Minor Crash,Yes,2015,West,0.0,,Flat,,,,,Overcast,1409400.0,1.0,0.0,0.0,3.0,0.0,,,Hawke's Bay Region,Nil,2-way,Sealed,0.0,0.0,,70.0,,Off,1.0,0.0,,30.0,Hastings District,Nil,,,,,0.0,0.0,Urban,0.0,,,Fine
86873,1930510.0,5604594.0,548100.0,0.0,0.0,3.0,Null,2005/2006,ST AUBYN ST EAST,WILLOWPARK ROAD NORTH,Non-Injury Crash,No,2006,North,0.0,,Flat,,,,,Overcast,1500800.0,0.0,0.0,0.0,2.0,0.0,,,Hawke's Bay Region,Nil,2-way,Sealed,0.0,0.0,,50.0,,Null,0.0,0.0,,30.0,Hastings District,Give way,,,,,0.0,0.0,Urban,0.0,,,Light rain
286680,1928441.0,5605093.0,547900.0,0.0,0.0,0.0,Null,2001/2002,PEPPER ST,GORDON ROAD,Serious Crash,No,2001,South,0.0,1.0,Flat,0.0,,0.0,0.0,Overcast,1480400.0,0.0,0.0,1.0,2.0,0.0,0.0,,Hawke's Bay Region,Nil,2-way,Sealed,0.0,1.0,0.0,50.0,0.0,Null,0.0,0.0,,30.0,Hastings District,Give way,0.0,0.0,0.0,1.0,0.0,0.0,Urban,0.0,0.0,0.0,Fine
217197,1929896.0,5604813.0,548200.0,0.0,0.0,0.0,Null,2001/2002,HERETAUNGA ST EAST,KARAMU ROAD NORTH,Non-Injury Crash,No,2002,South,0.0,0.0,Flat,0.0,Easter,0.0,1.0,Bright sun,1492700.0,0.0,0.0,0.0,2.0,0.0,0.0,,Hawke's Bay Region,Nil,2-way,Sealed,0.0,0.0,0.0,50.0,0.0,Null,0.0,0.0,,30.0,Hastings District,Traffic Signals,0.0,0.0,0.0,0.0,0.0,0.0,Urban,1.0,0.0,0.0,Fine
535814,1925210.0,5607513.0,548620.0,0.0,0.0,1.0,East,2004/2005,FLAXMERE AVENUE,CHATHAM ROAD,Non-Injury Crash,No,2005,West,0.0,0.0,Flat,0.0,,0.0,0.0,Dark,1474201.0,0.0,0.0,0.0,2.0,0.0,0.0,,Hawke's Bay Region,Nil,2-way,Sealed,0.0,0.0,0.0,50.0,0.0,On,0.0,0.0,,30.0,Hastings District,Nil,1.0,0.0,0.0,1.0,0.0,0.0,Urban,0.0,0.0,0.0,Fine
589323,1918654.0,5648673.0,545911.0,0.0,0.0,0.0,North,2004/2005,SH 5,OHURAKURA ROAD,Minor Crash,Yes,2004,South,0.0,0.0,Hill Road,0.0,,0.0,0.0,Dark,1415900.0,1.0,0.0,0.0,3.0,0.0,0.0,,Hawke's Bay Region,Nil,2-way,Sealed,0.0,0.0,0.0,100.0,0.0,None,0.0,0.0,,30.0,Hastings District,Nil,0.0,0.0,0.0,0.0,0.0,0.0,Open,1.0,0.0,0.0,Fine
294518,1918722.0,5652166.0,545912.0,0.0,0.0,0.0,North,2002/2003,SH 5,TE POHUE LOOP ROAD N,Non-Injury Crash,Yes,2003,South,0.0,0.0,Hill Road,0.0,,0.0,0.0,Overcast,1414504.0,0.0,0.0,0.0,3.0,0.0,0.0,,Hawke's Bay Region,Nil,2-way,Sealed,0.0,0.0,0.0,100.0,0.0,None,0.0,0.0,,30.0,Hastings District,Nil,0.0,0.0,0.0,0.0,1.0,0.0,Open,1.0,0.0,0.0,Mist or Fog
259305,1927428.0,5596616.0,545851.0,0.0,0.0,0.0,North,2006/2007,MIDDLE ROAD,MUTINY ROAD,Minor Crash,No,2007,North,0.0,0.0,Flat,0.0,Easter,0.0,0.0,Bright sun,1465903.0,1.0,0.0,1.0,2.0,0.0,0.0,,Hawke's Bay Region,Nil,2-way,Sealed,0.0,0.0,0.0,100.0,0.0,Null,0.0,0.0,,30.0,Hastings District,Nil,0.0,0.0,0.0,0.0,0.0,0.0,Open,0.0,0.0,0.0,Fine
185573,1927296.0,5605131.0,545761.0,0.0,0.0,2.0,Null,2009/2010,MARAEKAKAHO ROAD,YORK ROAD,Non-Injury Crash,No,2010,North,0.0,,Flat,,,,,Bright sun,1469905.0,0.0,0.0,0.0,2.0,0.0,,,Hawke's Bay Region,Nil,2-way,Sealed,0.0,0.0,,70.0,,Null,0.0,0.0,,30.0,Hastings District,Give way,,,,,0.0,0.0,Urban,0.0,,,Fine
716470,1929421.0,5614252.0,545831.0,0.0,0.0,2.0,North,2006/2007,WAIOHIKI ROAD,SH 50,Non-Injury Crash,No,2006,North,0.0,0.0,Flat,0.0,,0.0,0.0,Overcast,1409400.0,0.0,0.0,0.0,2.0,0.0,1.0,,Hawke's Bay Region,Nil,2-way,Sealed,0.0,0.0,0.0,70.0,0.0,Null,0.0,0.0,,30.0,Hastings District,Unknown,0.0,0.0,0.0,0.0,0.0,0.0,Urban,0.0,0.0,0.0,Fine
685692,1925030.0,5606925.0,548620.0,0.0,0.0,1.0,Null,2005/2006,Z CPK FLAXMERE VILLAGE,SWANSEA ROAD,Non-Injury Crash,No,2005,South,0.0,,Flat,,,,,Overcast,1473700.0,0.0,0.0,0.0,0.0,0.0,,,Hawke's Bay Region,Nil,Off road,Sealed,0.0,0.0,,50.0,,Null,1.0,1.0,,30.0,Hastings District,Nil,,,,,0.0,0.0,Urban,0.0,,,Fine
163287,1931601.0,5602914.0,545721.0,0.0,0.0,2.0,East,2017/2018,ST GEORGES ROAD,HAVELOCK ROAD,Minor Crash,No,2018,West,0.0,,Flat,,,,,Overcast,1472900.0,2.0,0.0,0.0,2.0,0.0,,,Hawke's Bay Region,Nil,2-way,Sealed,0.0,0.0,,70.0,,Null,0.0,0.0,,30.0,Hastings District,Unknown,,,,,0.0,0.0,Urban,1.0,,,Light rain
679677,1928533.0,5606518.0,548500.0,0.0,0.0,2.0,East,2001/2002,OMAHU ROAD,HAPUKA ST,Non-Injury Crash,No,2002,East,0.0,,Flat,,,,,Bright sun,1478700.0,0.0,0.0,0.0,2.0,0.0,,,Hawke's Bay Region,Nil,2-way,Sealed,0.0,0.0,,50.0,,Null,0.0,0.0,,30.0,Hastings District,Nil,,,,,0.0,0.0,Urban,1.0,,,Fine
170036,1923214.0,5596634.0,545851.0,0.0,0.0,1.0,South,2000/2001,SH 2,STOCK ROAD,Non-Injury Crash,Yes,2000,South,0.0,0.0,Flat,0.0,,0.0,0.0,Overcast,1463900.0,0.0,0.0,0.0,2.0,0.0,0.0,,Hawke's Bay Region,Nil,2-way,Sealed,0.0,0.0,0.0,100.0,0.0,Null,0.0,0.0,,30.0,Hastings District,Nil,0.0,0.0,0.0,0.0,0.0,0.0,Open,0.0,0.0,0.0,Light rain
186138,1930100.0,5605661.0,548200.0,0.0,0.0,3.0,Null,2003/2004,NELSON ST NORTH,FITZROY AVENUE,Minor Crash,No,2004,North,0.0,,Flat,,,,,Overcast,1491100.0,3.0,0.0,0.0,2.0,0.0,,,Hawke's Bay Region,Nil,2-way,Sealed,0.0,0.0,,50.0,,Null,0.0,0.0,,30.0,Hastings District,Give way,,,,,0.0,0.0,Urban,0.0,,,Heavy rain
572090,1928874.0,5606164.0,547700.0,0.0,0.0,1.0,West,2007/2008,HERETAUNGA ST WEST,STORTFORD ST,Minor Crash,No,2007,West,0.0,,Flat,,,,,Dark,1486600.0,1.0,0.0,0.0,2.0,0.0,,1.0,Hawke's Bay Region,Nil,2-way,Sealed,0.0,0.0,,50.0,,On,0.0,0.0,,30.0,Hastings District,Traffic Signals,,,,,0.0,0.0,Urban,0.0,,,Fine
263307,1923051.8584,5611787.8002,545822.0,0.0,0.0,2.0,Null,2019/2020,KOROKIPO ROAD,TAIHAPE ROAD,Non-Injury Crash,Yes,2019,North,0.0,,Flat,,,,,Twilight,1409300.0,0.0,0.0,0.0,2.0,0.0,,,Hawke's Bay Region,Nil,2-way,Sealed,0.0,0.0,,50.0,,On,0.0,0.0,,30.0,Hastings District,Give way,,,,,0.0,0.0,Urban,0.0,,,Fine
518520,1909059.0,5664777.0,545911.0,0.0,0.0,0.0,South,2016/2017,SH 5,KOWARO ROADWAY,Minor Crash,Yes,2016,West,0.0,0.0,Hill Road,1.0,,0.0,0.0,Dark,1414400.0,2.0,0.0,0.0,2.0,0.0,0.0,,Hawke's Bay Region,Nil,2-way,Sealed,0.0,0.0,0.0,100.0,0.0,None,1.0,0.0,,30.0,Hastings District,Unknown,0.0,0.0,0.0,0.0,0.0,0.0,Open,0.0,0.0,0.0,Heavy rain
654776,1928782.0,5606274.0,548500.0,0.0,0.0,1.0,Null,2017/2018,MARAEKAKAHO ROAD,OMAHU ROAD,Non-Injury Crash,No,2018,East,0.0,0.0,Flat,0.0,,0.0,0.0,Bright sun,1478800.0,0.0,0.0,0.0,2.0,0.0,0.0,,Hawke's Bay Region,Nil,2-way,Sealed,0.0,0.0,0.0,50.0,0.0,Null,0.0,0.0,,30.0,Hastings District,Give way,0.0,0.0,0.0,0.0,0.0,0.0,Urban,0.0,0.0,0.0,Fine
318497,1926207.0,5636173.0,545811.0,0.0,0.0,0.0,West,2004/2005,SH 5,BEATTIE ROAD,Minor Crash,Yes,2005,South,0.0,,Flat,,,,,Dark,1414800.0,1.0,0.0,0.0,2.0,0.0,,,Hawke's Bay Region,Bridge,2-way,Sealed,0.0,0.0,,100.0,,None,0.0,0.0,,30.0,Hastings District,Nil,,,,,1.0,0.0,Open,0.0,,,Fine
124894,1930090.0,5604957.0,548200.0,0.0,0.0,1.0,Null,2010/2011,AVENUE ROAD EAST,KARAMU ROAD NORTH,Minor Crash,No,2010,East,0.0,,Flat,,Labour Weekend,,,Bright sun,1492900.0,1.0,0.0,0.0,2.0,0.0,,,Hawke's Bay Region,Nil,2-way,Sealed,0.0,0.0,,50.0,,Null,0.0,0.0,,30.0,Hastings District,Stop,,,,,0.0,0.0,Urban,1.0,,,Fine
599122,1929854.2784,5605479.0039,548200.0,0.0,0.0,2.0,Null,2019/2020,NELSON STREET NORTH,ST AUBYN STREET WEST,Non-Injury Crash,No,2020,South,0.0,,Flat,,,,,Overcast,1491000.0,0.0,0.0,0.0,2.0,0.0,,,Hawke's Bay Region,Nil,2-way,Sealed,0.0,0.0,,50.0,,Off,0.0,0.0,,30.0,Hastings District,Traffic Signals,,,,,0.0,0.0,Urban,0.0,,,Light rain
12526,1928294.0,5604932.0,547900.0,0.0,0.0,0.0,Null,2011/2012,OLIPHANT ROAD,CAMPBELL ST,Non-Injury Crash,No,2012,South,0.0,0.0,Flat,0.0,,0.0,0.0,Bright sun,1481800.0,0.0,0.0,0.0,2.0,0.0,0.0,,Hawke's Bay Region,Nil,2-way,Sealed,0.0,0.0,0.0,50.0,0.0,Null,0.0,0.0,,30.0,Hastings District,Nil,0.0,0.0,0.0,0.0,1.0,0.0,Urban,0.0,0.0,0.0,Fine
392099,1933215.0,5608648.0,545722.0,0.0,0.0,0.0,South,2016/2017,WHAKATU ROAD,RANGITANE ROAD,Minor Crash,No,2016,South,0.0,0.0,Flat,0.0,,0.0,0.0,Dark,1405700.0,1.0,0.0,0.0,2.0,0.0,0.0,,Hawke's Bay Region,Nil,2-way,Sealed,0.0,0.0,0.0,100.0,0.0,None,0.0,0.0,,30.0,Hastings District,Unknown,0.0,0.0,0.0,0.0,0.0,0.0,Open,1.0,0.0,0.0,Fine
441259,1936301.5224,5611062.5466,545730.0,0.0,0.0,1.0,South,2019/2020,WILLIAMSON ROAD,SH 51,Non-Injury Crash,No,2020,East,0.0,0.0,Flat,0.0,,1.0,0.0,Dark,1405500.0,0.0,0.0,0.0,2.0,0.0,0.0,,Hawke's Bay Region,Nil,2-way,Sealed,0.0,0.0,0.0,50.0,0.0,On,0.0,0.0,40.0,30.0,Hastings District,Nil,0.0,0.0,0.0,0.0,0.0,0.0,Urban,0.0,0.0,0.0,Fine
650166,1930117.0,5606977.0,547600.0,0.0,0.0,0.0,North,2009/2010,FREDERICK ST,KAURI ST,Non-Injury Crash,No,2010,West,0.0,0.0,Flat,0.0,,0.0,0.0,Overcast,1484900.0,0.0,1.0,0.0,2.0,0.0,1.0,,Hawke's Bay Region,Nil,2-way,Sealed,0.0,0.0,0.0,50.0,0.0,Null,0.0,0.0,,30.0,Hastings District,Nil,0.0,0.0,0.0,0.0,0.0,0.0,Urban,1.0,0.0,0.0,Fine
514353,1938259.6827,5608230.9753,545740.0,0.0,0.0,1.0,Null,2018/2019,PARKHILL ROAD,HAUMOANA ROAD,Non-Injury Crash,No,2018,East,0.0,1.0,Flat,0.0,,0.0,0.0,Dark,1407600.0,0.0,0.0,0.0,2.0,0.0,0.0,,Hawke's Bay Region,Nil,2-way,Sealed,0.0,0.0,0.0,100.0,0.0,None,0.0,0.0,,30.0,Hastings District,Nil,1.0,0.0,0.0,0.0,0.0,0.0,Open,0.0,0.0,1.0,Fine
443327,1898453.0,5607280.0,545841.0,0.0,0.0,1.0,West,2013/2014,KERERU ROAD,DASENT ROAD,Minor Crash,No,2013,East,0.0,0.0,Flat,0.0,,0.0,0.0,Bright sun,1462202.0,1.0,0.0,0.0,2.0,0.0,0.0,,Hawke's Bay Region,Nil,2-way,Sealed,0.0,0.0,0.0,100.0,0.0,Null,0.0,0.0,,30.0,Hastings District,Nil,0.0,0.0,0.0,0.0,0.0,0.0,Open,0.0,0.0,0.0,Fine
244501,1932998.0,5601845.0,548831.0,0.0,0.0,1.0,Null,2011/2012,TE MATA ROAD,KARANEMA DRIVE,Serious Crash,No,2011,West,0.0,,Flat,,,,,Overcast,1509800.0,1.0,0.0,0.0,2.0,0.0,,,Hawke's Bay Region,Nil,2-way,Sealed,0.0,1.0,,50.0,,Null,1.0,0.0,,30.0,Hastings District,Give way,,,,,0.0,0.0,Urban,0.0,,,Fine
560074,1930415.0,5605181.0,548200.0,0.0,0.0,2.0,North,2009/2010,KARAMU ROAD NORTH,VICTORIA ST,Non-Injury Crash,No,2009,North,0.0,,Flat,,,,,Bright sun,1494500.0,0.0,0.0,0.0,2.0,0.0,,,Hawke's Bay Region,Nil,2-way,Sealed,0.0,0.0,,50.0,,Null,0.0,0.0,,30.0,Hastings District,Nil,,,,,0.0,0.0,Urban,0.0,,,Fine
608804,1929528.0,5604535.0,548300.0,0.0,0.0,2.0,West,2014/2015,KARAMU ROAD SOUTH,SOUTHAMPTON ST EAST,Non-Injury Crash,No,2015,West,0.0,0.0,Flat,0.0,,0.0,0.0,Bright sun,1503100.0,0.0,0.0,0.0,2.0,0.0,1.0,,Hawke's Bay Region,Nil,2-way,Sealed,0.0,0.0,0.0,50.0,0.0,Null,0.0,0.0,,30.0,Hastings District,Nil,0.0,0.0,0.0,0.0,0.0,0.0,Urban,0.0,0.0,0.0,Fine
352367,1925247.0,5606171.0,548620.0,0.0,0.0,1.0,North,2015/2016,LIVERPOOL CRESCENT,SUNDERLAND DRIVE S,Non-Injury Crash,No,2016,East,0.0,,Flat,,,,,Bright sun,1475100.0,0.0,0.0,0.0,2.0,0.0,,,Hawke's Bay Region,Nil,2-way,Sealed,0.0,0.0,,50.0,,Null,0.0,0.0,,30.0,Hastings District,Unknown,,,,,0.0,0.0,Urban,1.0,,,Fine
542749,1929290.3344,5604674.3096,548200.0,0.0,1.0,1.0,Null,2019/2020,MARKET STREET SOUTH,PROSPECT ROAD,Non-Injury Crash,No,2019,West,0.0,0.0,Flat,0.0,,0.0,0.0,Bright sun,1489200.0,0.0,0.0,0.0,2.0,0.0,1.0,,Hawke's Bay Region,Nil,2-way,Sealed,0.0,0.0,0.0,50.0,0.0,Off,0.0,0.0,,30.0,Hastings District,Nil,0.0,0.0,0.0,0.0,0.0,0.0,Urban,0.0,0.0,0.0,Fine
112730,1925012.0,5607558.0,548612.0,0.0,0.0,1.0,North,2005/2006,COLUMBUS CRESCENT,CHATHAM ROAD,Non-Injury Crash,No,2005,East,0.0,1.0,Flat,0.0,,0.0,1.0,Dark,1474117.0,0.0,0.0,0.0,2.0,0.0,0.0,,Hawke's Bay Region,Nil,2-way,Sealed,0.0,0.0,0.0,50.0,0.0,On,0.0,0.0,,30.0,Hastings District,Nil,0.0,0.0,0.0,0.0,0.0,0.0,Urban,0.0,0.0,0.0,Fine
589155,1920513.0,5594587.0,545851.0,0.0,0.0,1.0,South,2001/2002,SH 2,TE MAHANGA ROAD,Minor Crash,Yes,2002,North,0.0,1.0,Flat,0.0,,0.0,0.0,Bright sun,1463900.0,2.0,0.0,0.0,2.0,0.0,0.0,,Hawke's Bay Region,Nil,2-way,Sealed,0.0,0.0,0.0,100.0,0.0,Null,0.0,0.0,,30.0,Hastings District,Nil,0.0,0.0,0.0,0.0,0.0,0.0,Open,0.0,0.0,0.0,Fine
345632,1930472.0,5607553.0,545721.0,0.0,0.0,2.0,Null,2016/2017,EVENDEN ROAD,PAKOWHAI ROAD,Non-Injury Crash,No,2016,North,0.0,,Flat,,,,,Bright sun,1471401.0,0.0,0.0,0.0,2.0,0.0,,,Hawke's Bay Region,Nil,2-way,Sealed,0.0,0.0,,50.0,,Null,0.0,0.0,,30.0,Hastings District,Give way,,,,,0.0,0.0,Urban,0.0,,,Fine
578228,1933312.0,5600844.0,548821.0,0.0,0.0,1.0,South,2007/2008,TAINUI DRIVE,TANNER ST,Non-Injury Crash,No,2008,North,0.0,,Hill Road,,,,,Bright sun,1507900.0,0.0,0.0,1.0,2.0,0.0,,,Hawke's Bay Region,Nil,2-way,Sealed,0.0,0.0,,50.0,,Null,0.0,0.0,,30.0,Hastings District,Nil,,,,,0.0,0.0,Urban,0.0,,,Fine
713031,1936748.0,5595024.0,545860.0,0.0,0.0,0.0,East,2005/2006,WAIMARAMA ROAD,KAHURANAKI ROAD,Non-Injury Crash,No,2005,South,0.0,0.0,Hill Road,0.0,Christmas New Year,0.0,0.0,Overcast,1467200.0,0.0,0.0,0.0,2.0,0.0,0.0,,Hawke's Bay Region,Nil,2-way,Sealed,0.0,0.0,0.0,100.0,0.0,Null,1.0,0.0,,30.0,Hastings District,Nil,0.0,0.0,0.0,1.0,0.0,0.0,Open,0.0,0.0,0.0,Fine
149858,1929989.0,5605577.0,548200.0,0.0,0.0,2.0,Null,2003/2004,NELSON ST NORTH,WHITEHEAD ROAD,Non-Injury Crash,No,2004,North,0.0,,Flat,,,,,Overcast,1490500.0,0.0,0.0,0.0,2.0,0.0,,,Hawke's Bay Region,Nil,2-way,Sealed,0.0,0.0,,50.0,,Null,0.0,0.0,,30.0,Hastings District,Give way,,,,,0.0,0.0,Urban,0.0,,,Light rain
277592,1926130.0,5619810.0,545821.0,0.0,0.0,1.0,South,2012/2013,PUKETAPU ROAD,DARTMOOR ROAD,Non-Injury Crash,No,2012,South,0.0,,Flat,,,,,Dark,1411000.0,0.0,0.0,1.0,2.0,0.0,,,Hawke's Bay Region,Nil,2-way,Sealed,0.0,0.0,,50.0,,None,0.0,0.0,,30.0,Hastings District,Nil,,,,,0.0,0.0,Urban,0.0,,,Light rain