OBJECTID,X,Y,areaUnitID,bicycle,bus,carStationWagon,crashDirectionDescription,crashFinancialYear,crashLocation1,crashLocation2,crashSeverity,crashSHDescription,crashYear,directionRoleDescription,fatalCount,fence,flatHill,guardRail,holiday,houseOrBuilding,kerb,light,meshblockId,minorInjuryCount,moped,motorcycle,NumberOfLanes,otherVehicleType,parkedVehicle,pedestrian,region,roadCharacter,roadLane,roadSurface,schoolBus,seriousInjuryCount,slipOrFlood,speedLimit,strayAnimal,streetLight,suv,taxi,temporarySpeedLimit,tlaId,tlaName,trafficControl,trafficIsland,trafficSign,train,tree,truck,unknownVehicleType,urban,vanOrUtility,vehicle,waterRiver,weatherA
639419,1929802.0,5605541.0,548200.0,1.0,0.0,0.0,North,2014/2015,ST AUBYN ST WEST,NELSON ST NORTH,Minor Crash,No,2015,South,0.0,,Flat,,,,,Bright sun,1490403.0,1.0,0.0,0.0,2.0,0.0,,,Hawke's Bay Region,Nil,2-way,Sealed,0.0,0.0,,50.0,,Off,0.0,0.0,,30.0,Hastings District,Nil,,,,,0.0,0.0,Urban,0.0,,,Fine
557958,1925383.4675,5607802.2517,545761.0,0.0,0.0,1.0,Null,2019/2020,CHATHAM ROAD,MARGATE AVENUE,Non-Injury Crash,No,2019,North,0.0,,Flat,,,,,Bright sun,1470001.0,0.0,0.0,0.0,2.0,0.0,,,Hawke's Bay Region,Nil,2-way,Sealed,0.0,0.0,,50.0,,Off,1.0,0.0,,30.0,Hastings District,Give way,,,,,0.0,0.0,Urban,0.0,,,Fine
65158,1923602.0,5637876.0,545811.0,0.0,0.0,0.0,South,2011/2012,SH 5,GLENGARRY ROAD,Minor Crash,Yes,2012,North,0.0,,Hill Road,,,,,Overcast,1414700.0,1.0,0.0,0.0,2.0,0.0,,,Hawke's Bay Region,Nil,2-way,Sealed,0.0,0.0,,100.0,,Null,0.0,0.0,,30.0,Hastings District,Nil,,,,,0.0,0.0,Open,1.0,,,Fine
349651,1919798.0,5645820.0,545811.0,0.0,0.0,1.0,South,2005/2006,SH 5,PALMER ROAD,Non-Injury Crash,Yes,2006,North,0.0,0.0,Hill Road,0.0,,0.0,0.0,Overcast,1414600.0,0.0,0.0,0.0,2.0,0.0,0.0,,Hawke's Bay Region,Nil,2-way,Sealed,0.0,0.0,0.0,100.0,0.0,Null,0.0,0.0,,30.0,Hastings District,Unknown,0.0,0.0,0.0,0.0,0.0,0.0,Open,0.0,0.0,0.0,Light rain
590288,1927668.0,5627863.0,545811.0,0.0,0.0,1.0,South,2008/2009,SEAFIELD ROAD,HOLT ROAD,Non-Injury Crash,No,2009,South,0.0,0.0,Flat,0.0,,0.0,0.0,Dark,1414100.0,0.0,0.0,0.0,2.0,0.0,0.0,,Hawke's Bay Region,Nil,2-way,Sealed,0.0,0.0,0.0,100.0,0.0,None,0.0,0.0,,30.0,Hastings District,Nil,0.0,0.0,0.0,0.0,0.0,0.0,Open,0.0,0.0,0.0,Fine
412122,1928500.8919,5606040.1774,548500.0,0.0,0.0,1.0,East,2018/2019,MARAEKAKAHO ROAD,ORCHARD ROAD,Minor Crash,No,2019,North,0.0,,Flat,,,,,Dark,1479600.0,1.0,0.0,0.0,2.0,0.0,,,Hawke's Bay Region,Nil,2-way,Sealed,0.0,0.0,,50.0,,On,1.0,0.0,,30.0,Hastings District,Traffic Signals,,,,,0.0,0.0,Urban,0.0,,,Fine
458017,1930588.0,5611580.0,545832.0,0.0,0.0,2.0,South,2015/2016,SH 50A,SH 50,Non-Injury Crash,Yes,2015,North,0.0,,Flat,,,,,Dark,1404400.0,0.0,0.0,0.0,2.0,0.0,,,Hawke's Bay Region,Nil,2-way,Sealed,0.0,0.0,,100.0,,None,0.0,0.0,,30.0,Hastings District,Nil,,,,,0.0,0.0,Open,0.0,,,Fine
25756,1929081.0,5606504.0,547800.0,0.0,0.0,2.0,Null,2013/2014,PAKOWHAI ROAD,ST AUBYN ST WEST,Non-Injury Crash,No,2014,East,0.0,,Flat,,,,,Twilight,1477500.0,0.0,0.0,0.0,2.0,0.0,,,Hawke's Bay Region,Nil,2-way,Sealed,0.0,0.0,,50.0,,On,0.0,0.0,,30.0,Hastings District,Traffic Signals,,,,,0.0,0.0,Urban,0.0,,,Fine
411810,1929841.0,5604934.0,548200.0,0.0,0.0,2.0,North,2007/2008,RUSSELL ST NORTH,HERETAUNGA ST EAST,Non-Injury Crash,No,2008,South,0.0,0.0,Flat,0.0,,0.0,0.0,Overcast,1492100.0,0.0,0.0,0.0,2.0,0.0,1.0,,Hawke's Bay Region,Nil,2-way,Sealed,0.0,0.0,0.0,50.0,0.0,Null,0.0,0.0,,30.0,Hastings District,Nil,0.0,0.0,0.0,0.0,0.0,0.0,Urban,0.0,0.0,0.0,Light rain
279700,1930915.9081,5607892.4034,545710.0,0.0,0.0,0.0,Null,2018/2019,PAKOWHAI ROAD,RICHMOND ROAD,Non-Injury Crash,No,2019,Null,0.0,,Flat,,,,,Bright sun,1471100.0,0.0,0.0,0.0,2.0,0.0,,,Hawke's Bay Region,Nil,2-way,Sealed,0.0,0.0,,80.0,,Off,1.0,0.0,,30.0,Hastings District,Stop,,,,,0.0,0.0,Open,0.0,,,Fine
350071,1937896.0,5610525.0,545730.0,0.0,0.0,1.0,Null,2017/2018,RICHMOND ROAD,GREY ST,Non-Injury Crash,No,2018,South,0.0,0.0,Flat,0.0,,0.0,0.0,Bright sun,1405100.0,0.0,0.0,0.0,2.0,0.0,0.0,,Hawke's Bay Region,Nil,2-way,Sealed,0.0,0.0,0.0,100.0,0.0,Null,0.0,0.0,,30.0,Hastings District,Nil,0.0,0.0,0.0,0.0,0.0,0.0,Open,1.0,0.0,0.0,Fine
284989,1933134.0,5602321.0,548831.0,1.0,0.0,0.0,Null,2010/2011,NAPIER ROAD,ST HILL LANE,Serious Crash,No,2011,South,0.0,,Flat,,,,,Overcast,1509100.0,0.0,0.0,0.0,2.0,0.0,,,Hawke's Bay Region,Nil,2-way,Sealed,0.0,1.0,,50.0,,Null,1.0,0.0,,30.0,Hastings District,Give way,,,,,0.0,0.0,Urban,0.0,,,Fine
503495,1931021.0,5603469.0,545762.0,0.0,0.0,1.0,East,2003/2004,HAVELOCK ROAD,NORTON ROAD,Non-Injury Crash,No,2004,South,0.0,0.0,Flat,0.0,,0.0,0.0,Overcast,1468500.0,0.0,0.0,0.0,2.0,0.0,0.0,,Hawke's Bay Region,Nil,2-way,Sealed,0.0,0.0,0.0,70.0,0.0,Null,0.0,0.0,,30.0,Hastings District,Nil,0.0,0.0,0.0,0.0,0.0,0.0,Urban,0.0,0.0,0.0,Fine
342093,1924459.0,5607938.0,548611.0,0.0,0.0,2.0,Null,2010/2011,FLAXMERE AVENUE,DIAZ DRIVE,Non-Injury Crash,No,2010,West,0.0,,Flat,,,,,Overcast,1469710.0,0.0,0.0,0.0,2.0,0.0,,,Hawke's Bay Region,Nil,2-way,Sealed,0.0,0.0,,50.0,,Null,0.0,0.0,,30.0,Hastings District,Give way,,,,,0.0,0.0,Urban,0.0,,,Fine
731364,1929380.0,5605496.0,548200.0,0.0,0.0,2.0,Null,2012/2013,HERETAUNGA ST WEST,CHARLES ST,Non-Injury Crash,No,2013,South,0.0,,Flat,,,,,Twilight,1490100.0,0.0,0.0,0.0,2.0,0.0,,,Hawke's Bay Region,Nil,2-way,Sealed,0.0,0.0,,50.0,,On,0.0,0.0,,30.0,Hastings District,Give way,,,,,0.0,0.0,Urban,0.0,,,Fine
346703,1907263.0,5605049.0,545841.0,0.0,0.0,0.0,North,2009/2010,SH 50,TAIT ROAD,Non-Injury Crash,Yes,2010,North,0.0,1.0,Flat,0.0,,0.0,0.0,Overcast,1462700.0,0.0,0.0,0.0,2.0,0.0,0.0,,Hawke's Bay Region,Nil,2-way,Sealed,0.0,0.0,0.0,100.0,0.0,Null,1.0,0.0,,30.0,Hastings District,Nil,0.0,0.0,0.0,0.0,0.0,0.0,Open,0.0,0.0,1.0,Light rain
531200,1937245.0225,5608321.8566,545722.0,0.0,0.0,1.0,Null,2020/2021,OFF ROAD - PUBLIC ACCESS ROAD,,Serious Crash,No,2020,South,0.0,0.0,Flat,0.0,,0.0,0.0,Bright sun,1406501.0,0.0,0.0,0.0,,0.0,1.0,,Hawke's Bay Region,Nil,Off road,Unsealed,0.0,1.0,0.0,,0.0,None,0.0,0.0,,30.0,Hastings District,Unknown,0.0,0.0,0.0,0.0,0.0,0.0,Urban,2.0,0.0,0.0,Fine
490277,1930081.0,5605106.0,548200.0,0.0,0.0,1.0,Null,2006/2007,Z CPK K-MART,ST AUBYN/RUSSELL,Non-Injury Crash,No,2006,South,0.0,,Flat,,,,,Bright sun,1492300.0,0.0,0.0,0.0,1.0,0.0,,,Hawke's Bay Region,Nil,Off road,Sealed,0.0,0.0,,50.0,,Null,1.0,0.0,,30.0,Hastings District,Nil,,,,,0.0,0.0,Urban,0.0,,,Fine
662925,1927434.0,5607550.0,548400.0,0.0,0.0,2.0,South,2014/2015,OMAHU ROAD,WILSON ROAD,Non-Injury Crash,No,2015,South,0.0,0.0,Flat,0.0,,0.0,0.0,Bright sun,1473600.0,0.0,0.0,0.0,2.0,0.0,1.0,,Hawke's Bay Region,Nil,2-way,Sealed,0.0,0.0,0.0,50.0,0.0,Null,0.0,0.0,,30.0,Hastings District,Nil,0.0,0.0,0.0,0.0,0.0,0.0,Urban,0.0,0.0,0.0,Null
532542,1927639.4343,5607383.9144,548500.0,0.0,0.0,1.0,Null,2018/2019,OMAHU ROAD,HAWKES BAY EXPRESSWAY,Non-Injury Crash,No,2019,West,0.0,,Flat,,,,,Dark,1477900.0,0.0,0.0,0.0,2.0,0.0,,,Hawke's Bay Region,Nil,1-way,Sealed,0.0,0.0,,50.0,,On,0.0,0.0,,30.0,Hastings District,Give way,,,,,0.0,0.0,Urban,1.0,,,Fine
501450,1929905.0,5605001.0,548200.0,0.0,0.0,1.0,Null,2008/2009,QUEEN ST EAST,RUSSELL ST NORTH,Non-Injury Crash,No,2009,North,0.0,,Flat,,,,,Bright sun,1492200.0,0.0,0.0,0.0,2.0,0.0,,,Hawke's Bay Region,Rail xing,2-way,Sealed,0.0,0.0,,50.0,,Null,0.0,0.0,,30.0,Hastings District,Traffic Signals,,,,,0.0,0.0,Urban,1.0,,,Fine
196575,1930063.0,5602938.0,548300.0,0.0,0.0,1.0,Null,2002/2003,NORTON ROAD,COPELAND ROAD,Minor Crash,No,2002,South,0.0,0.0,Flat,0.0,,0.0,0.0,Dark,1504700.0,1.0,0.0,0.0,2.0,0.0,0.0,,Hawke's Bay Region,Nil,2-way,Sealed,0.0,0.0,0.0,50.0,0.0,On,0.0,0.0,,30.0,Hastings District,Nil,0.0,0.0,0.0,0.0,0.0,0.0,Urban,0.0,0.0,0.0,Fine
395431,1930322.0,5605125.0,548200.0,0.0,0.0,1.0,East,2017/2018,KARAMU ROAD NORTH,ELLISON ROAD,Non-Injury Crash,No,2017,West,0.0,0.0,Flat,0.0,,0.0,0.0,Dark,1494100.0,0.0,0.0,0.0,2.0,0.0,1.0,,Hawke's Bay Region,Nil,2-way,Sealed,0.0,0.0,0.0,50.0,0.0,On,0.0,0.0,,30.0,Hastings District,Unknown,0.0,0.0,0.0,0.0,0.0,0.0,Urban,1.0,0.0,0.0,Fine
661677,1932638.7912,5609444.532000001,545832.0,0.0,0.0,2.0,South,2018/2019,PAKOWHAI ROAD,FARNDON ROAD,Non-Injury Crash,No,2019,Null,0.0,,Flat,,,,,Bright sun,1404300.0,0.0,0.0,0.0,0.0,0.0,,,Hawke's Bay Region,Nil,2-way,Sealed,0.0,0.0,,80.0,,Off,0.0,0.0,,30.0,Hastings District,Unknown,,,,,0.0,0.0,Open,0.0,,,Fine
534271,1932274.0,5609028.0,545721.0,0.0,0.0,2.0,Null,2017/2018,PAKOWHAI ROAD,RUAHAPIA ROAD,Non-Injury Crash,No,2017,South,0.0,0.0,Flat,0.0,,0.0,0.0,Twilight,1471600.0,0.0,0.0,0.0,3.0,0.0,0.0,,Hawke's Bay Region,Nil,2-way,Sealed,0.0,0.0,0.0,80.0,0.0,Off,0.0,0.0,,30.0,Hastings District,Give way,0.0,0.0,0.0,1.0,0.0,0.0,Open,0.0,0.0,0.0,Fine
337588,1929359.0,5608211.0,545710.0,0.0,0.0,0.0,South,2016/2017,PERCIVAL ROAD,EVENDEN ROAD,Non-Injury Crash,No,2017,South,0.0,0.0,Flat,0.0,,0.0,0.0,Overcast,1471300.0,0.0,0.0,0.0,2.0,0.0,0.0,,Hawke's Bay Region,Nil,2-way,Sealed,0.0,0.0,0.0,50.0,0.0,Null,1.0,0.0,,30.0,Hastings District,Unknown,0.0,1.0,0.0,0.0,0.0,0.0,Urban,0.0,0.0,0.0,Light rain
255457,1928798.0,5606263.0,547700.0,0.0,0.0,2.0,Null,2001/2002,HERETAUNGA ST WEST,MARAEKAKAHO ROAD,Non-Injury Crash,No,2002,West,0.0,,Flat,,,,,Dark,1486600.0,0.0,0.0,0.0,2.0,0.0,,,Hawke's Bay Region,Nil,2-way,Sealed,0.0,0.0,,50.0,,On,0.0,0.0,,30.0,Hastings District,Give way,,,,,0.0,0.0,Urban,0.0,,,Fine
232416,1928786.0,5606241.0,547700.0,0.0,0.0,2.0,Null,2006/2007,Z FCT BP,MARAEKAKAHO/HERETAUNGA,Non-Injury Crash,No,2007,East,0.0,,Flat,,,,,Bright sun,1486600.0,0.0,0.0,0.0,0.0,0.0,,,Hawke's Bay Region,Nil,Off road,Sealed,0.0,0.0,,50.0,,Null,0.0,0.0,,30.0,Hastings District,Nil,,,,,0.0,0.0,Urban,0.0,,,Fine
48606,1931258.0,5604303.0,548100.0,0.0,0.0,1.0,East,2003/2004,TERRACE ROAD,PARK ROAD NORTH,Non-Injury Crash,No,2004,North,0.0,1.0,Flat,0.0,,0.0,0.0,Overcast,1500100.0,0.0,0.0,0.0,2.0,0.0,0.0,,Hawke's Bay Region,Nil,2-way,Sealed,0.0,0.0,0.0,50.0,0.0,Null,0.0,0.0,,30.0,Hastings District,Nil,0.0,0.0,0.0,0.0,0.0,0.0,Urban,0.0,0.0,0.0,Light rain
417985,1937002.0,5613231.0,545832.0,0.0,0.0,1.0,South,2009/2010,SH 2,WAITANGI ROAD,Minor Crash,Yes,2010,South,0.0,,Flat,,,,,Bright sun,1404000.0,1.0,0.0,0.0,2.0,0.0,,,Hawke's Bay Region,Nil,2-way,Sealed,0.0,0.0,,100.0,,Null,0.0,0.0,,30.0,Hastings District,Nil,,,,,0.0,0.0,Open,1.0,,,Fine
323463,1929969.0,5605069.0,548200.0,0.0,0.0,1.0,West,2001/2002,RUSSELL ST NORTH,AVENUE ROAD EAST,Non-Injury Crash,No,2002,North,0.0,,Flat,,,,,Overcast,1492200.0,0.0,0.0,1.0,2.0,0.0,,,Hawke's Bay Region,Nil,2-way,Sealed,0.0,0.0,,50.0,,Null,0.0,0.0,,30.0,Hastings District,Nil,,,,,0.0,0.0,Urban,0.0,,,Light rain
388704,1932860.0,5601933.0,548831.0,0.0,0.0,2.0,Null,2009/2010,Z CPK,NAPIER/KARANEMA,Non-Injury Crash,No,2009,West,0.0,0.0,Flat,0.0,,0.0,0.0,Twilight,1509800.0,0.0,0.0,0.0,0.0,0.0,1.0,,Hawke's Bay Region,Nil,Off road,Sealed,0.0,0.0,0.0,50.0,0.0,On,0.0,0.0,,30.0,Hastings District,Nil,0.0,0.0,0.0,0.0,0.0,0.0,Urban,0.0,0.0,0.0,Fine
257627,1925609.0,5606913.0,548620.0,0.0,0.0,2.0,Null,2011/2012,FLAXMERE AVENUE,HOVE ST,Non-Injury Crash,No,2011,South,0.0,,Flat,,,,,Bright sun,1476500.0,0.0,0.0,0.0,1.0,0.0,,,Hawke's Bay Region,Nil,2-way,Sealed,0.0,0.0,,50.0,,Null,0.0,0.0,,30.0,Hastings District,Give way,,,,,0.0,0.0,Urban,0.0,,,Fine
236688,1924572.7891,5607263.0606,548612.0,0.0,0.0,2.0,Null,2018/2019,CHATHAM ROAD,Scott Drive,Minor Crash,No,2019,East,0.0,,Flat,,,,,Bright sun,1474400.0,4.0,0.0,0.0,2.0,0.0,,,Hawke's Bay Region,Nil,2-way,Sealed,0.0,0.0,,50.0,,Off,0.0,0.0,,30.0,Hastings District,Nil,,,,,0.0,0.0,Urban,0.0,,,Fine
554561,1925475.0,5605813.0,545842.0,0.0,0.0,1.0,Null,2000/2001,PORTSMOUTH ROAD,STOCK ROAD,Serious Crash,No,2001,East,0.0,1.0,Flat,0.0,,0.0,0.0,Dark,1470207.0,1.0,0.0,0.0,2.0,0.0,0.0,,Hawke's Bay Region,Nil,2-way,Sealed,0.0,1.0,0.0,50.0,0.0,On,0.0,0.0,,30.0,Hastings District,Nil,0.0,0.0,0.0,1.0,0.0,0.0,Urban,0.0,0.0,0.0,Light rain
495857,1941113.0,5591320.0,545860.0,0.0,0.0,1.0,South,2002/2003,WAIMARAMA ROAD,OCEAN BEACH ROAD,Serious Crash,No,2003,West,0.0,1.0,Hill Road,0.0,,0.0,0.0,Dark,1467600.0,1.0,0.0,0.0,2.0,0.0,0.0,,Hawke's Bay Region,Nil,2-way,Sealed,0.0,1.0,0.0,100.0,0.0,None,0.0,0.0,,30.0,Hastings District,Nil,0.0,0.0,0.0,0.0,0.0,0.0,Open,0.0,0.0,0.0,Fine
449439,1929560.0,5605258.0,548200.0,1.0,0.0,0.0,Null,2006/2007,HERETAUNGA ST WEST,NELSON ST SOUTH,Minor Crash,No,2006,North,0.0,,Flat,,,,,Bright sun,1490100.0,1.0,0.0,0.0,4.0,0.0,,,Hawke's Bay Region,Nil,2-way,Sealed,0.0,0.0,,50.0,,Null,0.0,0.0,,30.0,Hastings District,Traffic Signals,,,,,1.0,0.0,Urban,0.0,,,Fine
694984,1934080.0,5601244.0,548832.0,0.0,0.0,1.0,North,2004/2005,SIMLA AVENUE,TE MATA PEAK ROAD,Non-Injury Crash,No,2005,South,0.0,0.0,Hill Road,0.0,,0.0,0.0,Dark,1466704.0,0.0,0.0,0.0,2.0,0.0,1.0,,Hawke's Bay Region,Nil,2-way,Sealed,0.0,0.0,0.0,50.0,0.0,On,1.0,0.0,,30.0,Hastings District,Nil,0.0,0.0,0.0,0.0,0.0,0.0,Urban,0.0,0.0,0.0,Fine
257539,1930954.0,5605988.0,548000.0,0.0,0.0,1.0,East,2002/2003,CAROLINE ROAD,BARDEN ST,Non-Injury Crash,No,2002,East,0.0,0.0,Flat,0.0,,0.0,0.0,Bright sun,1495500.0,0.0,0.0,0.0,2.0,0.0,1.0,,Hawke's Bay Region,Nil,2-way,Sealed,0.0,0.0,0.0,50.0,0.0,Null,0.0,0.0,,30.0,Hastings District,Nil,0.0,0.0,0.0,0.0,0.0,0.0,Urban,1.0,0.0,0.0,Fine
501937,1935787.0,5651975.0,545911.0,0.0,0.0,2.0,South,2016/2017,SH 2,MAHIARUHE STM BR,Non-Injury Crash,Yes,2017,North,0.0,,Flat,,,,,Overcast,1415200.0,0.0,0.0,0.0,2.0,0.0,,,Hawke's Bay Region,Nil,2-way,Sealed,0.0,0.0,,100.0,,None,0.0,0.0,,30.0,Hastings District,Unknown,,,,,0.0,0.0,Open,0.0,,,Fine
660821,1928329.0,5606718.0,547800.0,0.0,0.0,2.0,Null,2006/2007,OMAHU ROAD,CANNING ROAD,Non-Injury Crash,No,2006,North,0.0,,Flat,,,,,Overcast,1477100.0,0.0,0.0,0.0,2.0,0.0,,,Hawke's Bay Region,Nil,2-way,Sealed,0.0,0.0,,50.0,,Null,0.0,0.0,,30.0,Hastings District,Give way,,,,,0.0,0.0,Urban,0.0,,,Light rain
436932,1937745.0,5609693.0,545730.0,0.0,0.0,0.0,East,2008/2009,LAWN ROAD,MILL ROAD,Minor Crash,No,2009,East,0.0,,Flat,,,,,Dark,1405300.0,2.0,0.0,0.0,2.0,1.0,,,Hawke's Bay Region,Nil,2-way,Sealed,0.0,0.0,,100.0,,Off,1.0,0.0,,30.0,Hastings District,Nil,,,,,0.0,0.0,Open,0.0,,,Fine
27763,1926115.0,5608154.0,545710.0,0.0,0.0,2.0,East,2015/2016,OMAHU ROAD,CHATHAM ROAD,Minor Crash,No,2015,West,0.0,,Flat,,,,,Bright sun,1470900.0,1.0,0.0,0.0,2.0,0.0,,,Hawke's Bay Region,Nil,2-way,Sealed,0.0,0.0,,50.0,,Null,0.0,0.0,,30.0,Hastings District,Unknown,,,,,0.0,0.0,Urban,0.0,,,Fine
552091,1929009.0,5604080.0,547900.0,0.0,0.0,1.0,Null,2013/2014,RAILWAY ROAD,GASCOIGNE ST,Non-Injury Crash,No,2014,East,0.0,,Flat,,,,,Dark,1482400.0,0.0,0.0,0.0,2.0,0.0,,,Hawke's Bay Region,Nil,2-way,Sealed,0.0,0.0,,50.0,,On,0.0,0.0,,30.0,Hastings District,Stop,,,,,0.0,0.0,Urban,0.0,,,Light rain
204335,1931587.0,5605564.0,548000.0,0.0,0.0,2.0,North,2007/2008,COLLINGE ROAD,DALCROSS ST,Non-Injury Crash,No,2007,North,0.0,,Flat,,,,,Dark,1497300.0,0.0,0.0,0.0,2.0,0.0,,,Hawke's Bay Region,Nil,2-way,Sealed,0.0,0.0,,50.0,,On,0.0,0.0,,30.0,Hastings District,Nil,,,,,0.0,0.0,Urban,0.0,,,Fine
203069,1923427.0,5610488.0,545710.0,0.0,0.0,2.0,North,2016/2017,SH 50,OMAHU ROAD,Serious Crash,Yes,2016,North,0.0,,Flat,,,,,Overcast,1470400.0,0.0,0.0,0.0,2.0,0.0,,,Hawke's Bay Region,Nil,2-way,Sealed,0.0,2.0,,100.0,,Null,0.0,0.0,,30.0,Hastings District,Unknown,,,,,0.0,0.0,Open,0.0,,,Fine
261212,1929560.0,5605258.0,548200.0,0.0,0.0,2.0,Null,2007/2008,NELSON ST SOUTH,HERETAUNGA ST WEST,Non-Injury Crash,No,2008,North,0.0,,Flat,,,,,Overcast,1490100.0,0.0,0.0,0.0,3.0,0.0,,,Hawke's Bay Region,Nil,2-way,Sealed,0.0,0.0,,50.0,,Null,0.0,0.0,,30.0,Hastings District,Traffic Signals,,,,,0.0,0.0,Urban,0.0,,,Fine
408712,1929905.0,5605001.0,548200.0,0.0,0.0,2.0,Null,2008/2009,QUEEN ST EAST,RUSSELL ST NORTH,Non-Injury Crash,No,2009,West,0.0,,Flat,,,,,Bright sun,1492200.0,0.0,0.0,0.0,2.0,0.0,,,Hawke's Bay Region,Nil,2-way,Sealed,0.0,0.0,,50.0,,Null,0.0,0.0,,30.0,Hastings District,Traffic Signals,,,,,0.0,0.0,Urban,0.0,,,Fine
654374,1928224.0,5605027.0,547900.0,0.0,0.0,1.0,South,2008/2009,OLIPHANT ROAD,FLORENCE ST,Non-Injury Crash,No,2009,North,0.0,0.0,Flat,0.0,,0.0,0.0,Bright sun,1480500.0,0.0,0.0,0.0,2.0,0.0,1.0,,Hawke's Bay Region,Nil,2-way,Sealed,0.0,0.0,0.0,50.0,0.0,Null,0.0,0.0,,30.0,Hastings District,Nil,0.0,0.0,0.0,0.0,0.0,0.0,Urban,1.0,0.0,0.0,Fine
421259,1929931.0,5604159.0,548200.0,0.0,0.0,0.0,Null,2001/2002,WILLOWPARK ROAD SOUTH,SOUTHAMPTON ST EAST,Non-Injury Crash,No,2002,North,0.0,,Flat,,,,,Bright sun,1493600.0,0.0,0.0,0.0,3.0,0.0,,,Hawke's Bay Region,Nil,2-way,Sealed,0.0,0.0,,50.0,,Null,0.0,0.0,,30.0,Hastings District,Stop,,,,,0.0,0.0,Urban,2.0,,,Fine
150281,1931876.0,5603082.0,545721.0,0.0,0.0,2.0,Null,2009/2010,HOWARD ST,ST GEORGES ROAD,Non-Injury Crash,No,2010,East,0.0,,Flat,,,,,Bright sun,1472801.0,0.0,0.0,0.0,2.0,0.0,,,Hawke's Bay Region,Nil,2-way,Sealed,0.0,0.0,,80.0,,Null,0.0,0.0,,30.0,Hastings District,Stop,,,,,0.0,0.0,Open,0.0,,,Fine
422888,1930408.0,5605161.0,548200.0,0.0,0.0,2.0,East,2006/2007,Z CPK VIDEO EASY,KARAMU NORTH/VICTORIA,Non-Injury Crash,No,2007,East,0.0,0.0,Flat,0.0,,0.0,0.0,Overcast,1494500.0,0.0,0.0,0.0,0.0,0.0,1.0,,Hawke's Bay Region,Nil,Off road,Sealed,0.0,0.0,0.0,50.0,0.0,Null,0.0,0.0,,30.0,Hastings District,Nil,0.0,0.0,0.0,0.0,0.0,0.0,Urban,0.0,0.0,0.0,Light rain
307317,1933613.0,5602102.0,548832.0,0.0,0.0,1.0,West,2018/2019,TE MATA ROAD,GUTHRIE ROAD,Minor Crash,No,2018,East,0.0,0.0,Flat,0.0,,1.0,0.0,Dark,1510200.0,1.0,0.0,0.0,2.0,0.0,0.0,,Hawke's Bay Region,Nil,2-way,Sealed,0.0,0.0,0.0,50.0,0.0,On,0.0,0.0,,30.0,Hastings District,Unknown,0.0,0.0,0.0,0.0,0.0,0.0,Urban,0.0,0.0,0.0,Fine
507563,1924508.0,5607819.0,548612.0,0.0,0.0,1.0,Null,2015/2016,RALEIGH ST,CARTIER CRESCENT N,Non-Injury Crash,No,2016,North,0.0,,Flat,,,,,Bright sun,1474106.0,0.0,0.0,0.0,2.0,0.0,,,Hawke's Bay Region,Nil,2-way,Sealed,0.0,0.0,,50.0,,Null,0.0,0.0,,30.0,Hastings District,Nil,,,,,0.0,0.0,Urban,0.0,,,Fine
108875,1929559.2217,5605257.7448,548200.0,0.0,0.0,1.0,Null,2019/2020,NELSON STREET SOUTH,HERETAUNGA STREET WEST,Non-Injury Crash,No,2020,North,0.0,,Flat,,,,,Bright sun,1488900.0,0.0,0.0,0.0,2.0,0.0,,,Hawke's Bay Region,Nil,2-way,Sealed,0.0,0.0,,50.0,,Off,1.0,0.0,,30.0,Hastings District,Traffic Signals,,,,,0.0,0.0,Urban,0.0,,,Fine
436517,1935652.0,5607570.0,545722.0,0.0,0.0,0.0,East,2013/2014,LAWN ROAD,PILCHER ROAD,Non-Injury Crash,No,2014,West,0.0,,Flat,,,,,Dark,1406501.0,0.0,0.0,0.0,2.0,0.0,,,Hawke's Bay Region,Nil,2-way,Unsealed,0.0,0.0,,100.0,,None,1.0,0.0,30.0,30.0,Hastings District,Nil,,,,,0.0,0.0,Open,0.0,,,Fine
328979,1929389.324,5614225.1039,545831.0,0.0,0.0,0.0,Null,2019/2020,LINKS ROAD,WAIOHIKI ROAD,Non-Injury Crash,Yes,2019,East,0.0,1.0,Flat,0.0,,0.0,0.0,Overcast,1404600.0,0.0,0.0,0.0,2.0,0.0,0.0,,Hawke's Bay Region,Nil,2-way,Sealed,0.0,0.0,0.0,70.0,0.0,Off,0.0,0.0,,30.0,Hastings District,Give way,0.0,0.0,0.0,0.0,0.0,0.0,Urban,1.0,0.0,0.0,Light rain
27942,1915989.0,5590868.0,545851.0,0.0,0.0,0.0,North,2014/2015,SH 2,COLIN WHITE ROAD,Fatal Crash,Yes,2014,North,1.0,,Flat,,,,,Overcast,1464400.0,0.0,0.0,0.0,2.0,0.0,,1.0,Hawke's Bay Region,Nil,2-way,Sealed,0.0,0.0,,100.0,,Null,0.0,0.0,,30.0,Hastings District,Nil,,,,,1.0,0.0,Open,0.0,,,Fine