OBJECTID,X,Y,areaUnitID,bicycle,bus,carStationWagon,crashDirectionDescription,crashFinancialYear,crashLocation1,crashLocation2,crashSeverity,crashSHDescription,crashYear,directionRoleDescription,fatalCount,fence,flatHill,guardRail,holiday,houseOrBuilding,kerb,light,meshblockId,minorInjuryCount,moped,motorcycle,NumberOfLanes,otherVehicleType,parkedVehicle,pedestrian,region,roadCharacter,roadLane,roadSurface,schoolBus,seriousInjuryCount,slipOrFlood,speedLimit,strayAnimal,streetLight,suv,taxi,temporarySpeedLimit,tlaId,tlaName,trafficControl,trafficIsland,trafficSign,train,tree,truck,unknownVehicleType,urban,vanOrUtility,vehicle,waterRiver,weatherA
385743,1927234.0,5602249.0,545762.0,0.0,0.0,2.0,Null,2013/2014,RAILWAY ROAD SOUTH,LONGLANDS ROAD WEST,Non-Injury Crash,No,2014,North,0.0,0.0,Flat,0.0,,0.0,0.0,Bright sun,1468200.0,0.0,0.0,0.0,2.0,0.0,0.0,,Hawke's Bay Region,Nil,2-way,Sealed,0.0,0.0,0.0,100.0,0.0,Off,0.0,0.0,,30.0,Hastings District,Give way,0.0,0.0,0.0,0.0,0.0,0.0,Open,0.0,0.0,0.0,Fine
9684,1932383.0,5609115.0,545721.0,0.0,0.0,2.0,North,2017/2018,PAKOWHAI ROAD,RUAHAPIA ROAD,Non-Injury Crash,No,2018,South,0.0,,Flat,,,,,Overcast,1471600.0,0.0,0.0,0.0,2.0,0.0,,,Hawke's Bay Region,Nil,2-way,Sealed,0.0,0.0,,80.0,,Null,0.0,0.0,,30.0,Hastings District,Unknown,,,,,0.0,0.0,Open,1.0,,,Null
274047,1929584.0,5600691.0,545762.0,0.0,0.0,2.0,Null,2006/2007,TE AUTE ROAD,ST GEORGES ROAD,Minor Crash,No,2006,West,0.0,1.0,Flat,0.0,,0.0,0.0,Bright sun,1465300.0,1.0,0.0,0.0,2.0,0.0,0.0,,Hawke's Bay Region,Nil,2-way,Sealed,0.0,0.0,0.0,100.0,0.0,Null,0.0,0.0,,30.0,Hastings District,Give way,0.0,0.0,0.0,1.0,0.0,0.0,Open,0.0,0.0,0.0,Fine
479281,1935277.0,5646457.0,545911.0,0.0,0.0,1.0,North,2014/2015,SH 2,AROPAOANUI ROAD,Non-Injury Crash,Yes,2014,North,0.0,0.0,Hill Road,1.0,,0.0,0.0,Dark,1415200.0,0.0,0.0,0.0,2.0,0.0,0.0,,Hawke's Bay Region,Nil,2-way,Sealed,0.0,0.0,0.0,100.0,0.0,None,0.0,0.0,,30.0,Hastings District,Unknown,0.0,0.0,0.0,0.0,0.0,0.0,Open,0.0,0.0,0.0,Fine
52257,1929738.0,5605190.0,548200.0,0.0,0.0,0.0,East,2002/2003,KING ST NORTH,HERETAUNGA ST WEST,Minor Crash,No,2002,South,0.0,,Flat,,,,,Bright sun,1490700.0,1.0,0.0,0.0,2.0,0.0,,1.0,Hawke's Bay Region,Nil,2-way,Sealed,0.0,0.0,,50.0,,Null,0.0,0.0,,30.0,Hastings District,Nil,,,,,0.0,0.0,Urban,1.0,,,Fine
338669,1930912.0,5607891.0,545710.0,1.0,0.0,1.0,Null,2002/2003,PAKOWHAI ROAD,RICHMOND ROAD,Minor Crash,No,2002,South,0.0,,Flat,,,,,Bright sun,1471100.0,1.0,0.0,0.0,3.0,0.0,,,Hawke's Bay Region,Nil,2-way,Sealed,0.0,0.0,,70.0,,Null,0.0,0.0,,30.0,Hastings District,Give way,,,,,0.0,0.0,Urban,0.0,,,Fine
276823,1938353.0,5608082.0,545740.0,0.0,0.0,0.0,South,2007/2008,PARKHILL ROAD,HAUMOANA ROAD,Non-Injury Crash,No,2007,South,0.0,,Flat,,,,,Bright sun,1407300.0,0.0,0.0,0.0,2.0,0.0,,,Hawke's Bay Region,Nil,2-way,Sealed,0.0,0.0,,100.0,,Null,1.0,0.0,,30.0,Hastings District,Nil,,,,,1.0,0.0,Open,0.0,,,Fine
374232,1927597.0,5605358.0,545761.0,0.0,0.0,1.0,Null,2005/2006,WALL ROAD,MARAEKAKAHO ROAD,Non-Injury Crash,No,2005,North,0.0,1.0,Flat,0.0,,0.0,0.0,Dark,1469905.0,0.0,0.0,0.0,2.0,0.0,0.0,,Hawke's Bay Region,Nil,2-way,Sealed,0.0,0.0,0.0,50.0,0.0,On,0.0,0.0,,30.0,Hastings District,Nil,0.0,0.0,0.0,0.0,0.0,0.0,Urban,0.0,0.0,0.0,Fine
732229,1930225.2698,5604371.1259,548100.0,0.0,0.0,2.0,Null,2019/2020,HERETAUNGA STREET EAST,WILLOWPARK ROAD NORTH,Non-Injury Crash,No,2019,North,0.0,,Flat,,,,,Bright sun,1500500.0,0.0,0.0,0.0,2.0,0.0,,,Hawke's Bay Region,Nil,2-way,Sealed,0.0,0.0,,50.0,,Off,0.0,0.0,,30.0,Hastings District,Give way,,,,,0.0,0.0,Urban,0.0,,,Fine
110642,1911511.0,5663569.0,545911.0,0.0,0.0,0.0,North,2008/2009,SH 5,MCVICAR ROAD,Minor Crash,Yes,2008,North,0.0,1.0,Hill Road,0.0,,0.0,0.0,Dark,1414400.0,1.0,0.0,0.0,2.0,0.0,0.0,,Hawke's Bay Region,Nil,2-way,Sealed,0.0,0.0,0.0,100.0,0.0,None,0.0,0.0,,30.0,Hastings District,Nil,0.0,0.0,0.0,0.0,1.0,0.0,Open,0.0,0.0,0.0,Mist or Fog
112043,1931613.0,5608421.0,545710.0,0.0,0.0,2.0,Null,2012/2013,PAKOWHAI ROAD,ELWOOD ROAD,Minor Crash,No,2013,North,0.0,,Flat,,,,,Bright sun,1471100.0,1.0,0.0,0.0,2.0,0.0,,,Hawke's Bay Region,Nil,2-way,Sealed,0.0,0.0,,100.0,,Null,0.0,0.0,,30.0,Hastings District,Give way,,,,,0.0,0.0,Open,0.0,,,Fine
311666,1926285.0,5606268.0,545761.0,0.0,0.0,2.0,Null,2011/2012,YORK ROAD,SH 50A,Non-Injury Crash,No,2011,West,0.0,,Flat,,,,,Dark,1469905.0,0.0,0.0,0.0,2.0,0.0,,,Hawke's Bay Region,Nil,2-way,Sealed,0.0,0.0,,100.0,,On,0.0,0.0,,30.0,Hastings District,Give way,,,,,0.0,0.0,Open,0.0,,,Light rain
501603,1929847.3443,5606575.3822,547600.0,0.0,0.0,1.0,North,2020/2021,TAMATEA PLACE,TAMATEA STREET,Minor Crash,No,2020,North,0.0,2.0,Flat,0.0,,2.0,0.0,Bright sun,1485500.0,1.0,0.0,0.0,2.0,0.0,1.0,,Hawke's Bay Region,Nil,2-way,Sealed,0.0,0.0,0.0,50.0,0.0,Off,1.0,0.0,,30.0,Hastings District,Nil,0.0,0.0,0.0,0.0,0.0,0.0,Urban,0.0,0.0,0.0,Fine
5371,1923079.0,5611805.0,545822.0,0.0,0.0,2.0,Null,1999/2000,SH 50,TAIHAPE ROAD,Non-Injury Crash,Yes,2000,North,0.0,,Flat,,,,,Overcast,1409300.0,0.0,0.0,0.0,2.0,0.0,,,Hawke's Bay Region,Nil,2-way,Sealed,0.0,0.0,,50.0,,Null,0.0,0.0,,30.0,Hastings District,Give way,,,,,0.0,0.0,Urban,0.0,,,Fine
663927,1932801.0,5601956.0,548831.0,0.0,0.0,1.0,North,2018/2019,KARANEMA DRIVE,NAPIER ROAD,Minor Crash,No,2018,South,0.0,0.0,Flat,0.0,Christmas New Year,1.0,0.0,Bright sun,1509600.0,1.0,0.0,0.0,1.0,0.0,0.0,,Hawke's Bay Region,Nil,2-way,Sealed,0.0,0.0,0.0,50.0,0.0,Null,0.0,0.0,,30.0,Hastings District,Nil,0.0,0.0,0.0,0.0,0.0,0.0,Urban,1.0,0.0,0.0,Fine
705462,1930969.0,5605520.0,548000.0,0.0,0.0,1.0,North,2003/2004,KARAMU ROAD NORTH,WOLSELEY ST,Non-Injury Crash,No,2003,North,0.0,,Flat,,,,,Bright sun,1497500.0,0.0,0.0,0.0,2.0,0.0,,,Hawke's Bay Region,Nil,2-way,Sealed,0.0,0.0,,50.0,,Null,0.0,0.0,,30.0,Hastings District,Nil,,,,,0.0,0.0,Urban,1.0,,,Fine
394857,1932330.0,5602094.0,548810.0,0.0,0.0,1.0,Null,2004/2005,HAVELOCK ROAD,HAVELOCK BR,Minor Crash,No,2005,South,0.0,0.0,Flat,0.0,,0.0,0.0,Dark,1505200.0,1.0,0.0,0.0,2.0,0.0,0.0,,Hawke's Bay Region,Nil,2-way,Sealed,0.0,0.0,0.0,50.0,0.0,On,0.0,0.0,,30.0,Hastings District,Nil,0.0,0.0,0.0,0.0,0.0,0.0,Urban,0.0,0.0,0.0,Fine
97830,1930972.0,5603973.0,548100.0,0.0,0.0,2.0,Null,2002/2003,ST AUBYN ST EAST,TERRACE ROAD,Non-Injury Crash,No,2003,East,0.0,,Flat,,,,,Overcast,1500100.0,0.0,0.0,0.0,2.0,0.0,,,Hawke's Bay Region,Nil,2-way,Sealed,0.0,0.0,,50.0,,Null,0.0,0.0,,30.0,Hastings District,Give way,,,,,0.0,0.0,Urban,0.0,,,Fine
315131,1923016.0,5611287.0,545822.0,0.0,0.0,1.0,South,2002/2003,SH 50,FERNHILL BR,Minor Crash,Yes,2002,South,0.0,1.0,Flat,0.0,,0.0,0.0,Dark,1409300.0,1.0,0.0,0.0,2.0,0.0,0.0,,Hawke's Bay Region,Nil,2-way,Sealed,0.0,0.0,0.0,100.0,0.0,None,0.0,0.0,,30.0,Hastings District,Nil,0.0,0.0,0.0,0.0,0.0,0.0,Open,0.0,0.0,0.0,Fine
73213,1910593.0,5664268.0,545911.0,0.0,0.0,0.0,North,2004/2005,SH 5,TE HAROTO ROAD,Non-Injury Crash,Yes,2005,South,0.0,0.0,Flat,0.0,,0.0,0.0,Dark,1414400.0,0.0,0.0,0.0,2.0,0.0,0.0,,Hawke's Bay Region,Nil,2-way,Sealed,0.0,0.0,0.0,100.0,0.0,None,0.0,0.0,,30.0,Hastings District,Nil,0.0,0.0,0.0,0.0,1.0,0.0,Open,0.0,0.0,0.0,Null
715521,1929735.0,5605272.0,548200.0,0.0,0.0,1.0,Null,2000/2001,Z CPK COUNTDOWN,QUEEN W/KING N,Non-Injury Crash,No,2001,North,0.0,0.0,Flat,0.0,,1.0,0.0,Bright sun,1490800.0,0.0,0.0,0.0,0.0,0.0,0.0,,Hawke's Bay Region,Nil,Off road,Sealed,0.0,0.0,0.0,50.0,0.0,Null,0.0,0.0,,30.0,Hastings District,Nil,0.0,0.0,0.0,0.0,0.0,0.0,Urban,0.0,0.0,0.0,Fine
295078,1927501.0,5603870.0,545761.0,1.0,0.0,1.0,Null,2000/2001,SOUTHLAND ROAD,HEATHCOTE ROAD,Minor Crash,No,2000,South,0.0,0.0,Flat,0.0,,0.0,0.0,Overcast,1468801.0,1.0,0.0,0.0,2.0,0.0,0.0,,Hawke's Bay Region,Nil,2-way,Sealed,0.0,0.0,0.0,100.0,0.0,Null,0.0,0.0,,30.0,Hastings District,Give way,0.0,0.0,0.0,0.0,0.0,0.0,Open,0.0,0.0,0.0,Light rain
210134,1914124.0,5588056.0,545851.0,0.0,0.0,2.0,Null,2001/2002,SH 2,TE AUTE TRUST ROAD,Non-Injury Crash,Yes,2002,West,0.0,,Flat,,,,,Bright sun,1464600.0,0.0,0.0,0.0,2.0,0.0,,,Hawke's Bay Region,Nil,2-way,Sealed,0.0,0.0,,100.0,,Null,0.0,0.0,,30.0,Hastings District,Give way,,,,,0.0,0.0,Open,0.0,,,Fine
140628,1930625.0,5605037.0,548200.0,0.0,0.0,1.0,Null,2014/2015,HASTINGS ST NORTH,ALBERT ST,Non-Injury Crash,No,2015,South,0.0,,Flat,,,,,Overcast,1494600.0,0.0,0.0,0.0,2.0,0.0,,,Hawke's Bay Region,Nil,2-way,Sealed,0.0,0.0,,50.0,,Null,0.0,0.0,,30.0,Hastings District,Give way,,,,,0.0,0.0,Urban,1.0,,,Fine
496297,1926481.0,5637201.0,545811.0,0.0,0.0,1.0,North,2018/2019,SH 5,LUCKY HILL BR,Non-Injury Crash,Yes,2018,South,0.0,1.0,Flat,0.0,,0.0,0.0,Overcast,1414700.0,0.0,0.0,0.0,2.0,0.0,0.0,,Hawke's Bay Region,Nil,2-way,Sealed,0.0,0.0,0.0,100.0,0.0,Null,0.0,0.0,,30.0,Hastings District,Unknown,0.0,0.0,0.0,0.0,0.0,0.0,Open,0.0,0.0,0.0,Light rain
201742,1925247.0,5606512.0,548620.0,0.0,0.0,1.0,Null,2004/2005,PETERHEAD AVENUE,BRISTOL CRESCENT,Non-Injury Crash,No,2005,North,0.0,1.0,Flat,0.0,,0.0,0.0,Dark,1474700.0,0.0,0.0,0.0,2.0,0.0,0.0,,Hawke's Bay Region,Nil,2-way,Sealed,0.0,0.0,0.0,50.0,0.0,On,0.0,0.0,,30.0,Hastings District,Give way,0.0,0.0,0.0,0.0,0.0,0.0,Urban,0.0,0.0,0.0,Fine
138195,1931153.0,5600040.0,548822.0,0.0,0.0,0.0,South,2000/2001,MIDDLE ROAD,IONA ROAD,Non-Injury Crash,No,2000,South,0.0,,Flat,,,,,Overcast,1465601.0,0.0,0.0,0.0,2.0,0.0,,,Hawke's Bay Region,Nil,2-way,Sealed,0.0,0.0,,100.0,,Null,0.0,0.0,,30.0,Hastings District,Nil,,,,,0.0,0.0,Open,1.0,,,Light rain
625012,1930128.0,5606960.0,547600.0,0.0,0.0,1.0,Null,2017/2018,FREDERICK ST,KAURI ST,Non-Injury Crash,No,2018,North,0.0,,Flat,,,,,Dark,1484900.0,0.0,0.0,0.0,2.0,0.0,,,Hawke's Bay Region,Nil,2-way,Sealed,0.0,0.0,,50.0,,On,1.0,0.0,,30.0,Hastings District,Nil,,,,,0.0,0.0,Urban,0.0,,,Light rain
137959,1919354.0,5646270.0,545811.0,0.0,0.0,0.0,North,2000/2001,SH 5,PALMER ROAD,Minor Crash,Yes,2001,North,0.0,0.0,Hill Road,0.0,,0.0,0.0,Overcast,1414600.0,3.0,0.0,0.0,2.0,0.0,0.0,,Hawke's Bay Region,Nil,2-way,Sealed,0.0,0.0,0.0,100.0,0.0,Null,0.0,0.0,,30.0,Hastings District,Nil,0.0,0.0,0.0,0.0,1.0,0.0,Open,1.0,0.0,0.0,Light rain
484496,1929177.0,5610097.0,545710.0,0.0,0.0,1.0,Null,2004/2005,NICHOLL ROAD,RAUPARE ROAD,Non-Injury Crash,No,2004,East,0.0,0.0,Flat,0.0,,0.0,0.0,Dark,1470700.0,0.0,0.0,0.0,2.0,0.0,0.0,,Hawke's Bay Region,Nil,2-way,Sealed,0.0,0.0,0.0,100.0,0.0,Off,0.0,0.0,,30.0,Hastings District,Nil,0.0,0.0,0.0,0.0,0.0,0.0,Open,0.0,0.0,0.0,Mist or Fog
551642,1929560.0,5605257.0,548200.0,1.0,0.0,1.0,Null,2010/2011,HERETAUNGA ST WEST,NELSON ST SOUTH,Non-Injury Crash,No,2011,South,0.0,,Flat,,,,,Bright sun,1488900.0,0.0,0.0,0.0,2.0,0.0,,,Hawke's Bay Region,Nil,2-way,Sealed,0.0,0.0,,50.0,,Null,0.0,0.0,,30.0,Hastings District,Traffic Signals,,,,,0.0,0.0,Urban,0.0,,,Fine
259522,1909765.0,5604663.0,545841.0,0.0,0.0,1.0,West,2007/2008,SH 50,WHAKAPIRAU ROAD,Minor Crash,Yes,2007,East,0.0,0.0,Flat,0.0,Christmas New Year,0.0,0.0,Bright sun,1462700.0,1.0,0.0,0.0,2.0,0.0,0.0,,Hawke's Bay Region,Nil,2-way,Sealed,0.0,0.0,0.0,100.0,0.0,Null,0.0,0.0,,30.0,Hastings District,Nil,0.0,0.0,0.0,0.0,0.0,0.0,Open,0.0,0.0,0.0,Fine
288775,1930715.0,5612771.0,545831.0,0.0,0.0,1.0,South,2006/2007,SH 50A,SH 50,Non-Injury Crash,Yes,2006,North,0.0,0.0,Flat,0.0,,0.0,0.0,Twilight,1404500.0,0.0,0.0,0.0,2.0,0.0,0.0,,Hawke's Bay Region,Nil,2-way,Sealed,0.0,0.0,0.0,100.0,0.0,Off,0.0,0.0,,30.0,Hastings District,Nil,0.0,0.0,0.0,0.0,0.0,0.0,Open,0.0,0.0,0.0,Fine
467746,1928526.0,5606835.0,547800.0,0.0,0.0,2.0,Null,2011/2012,IKANUI ROAD,KARAITIANA ST,Non-Injury Crash,No,2011,North,0.0,,Flat,,,,,Overcast,1477200.0,0.0,0.0,0.0,2.0,0.0,,,Hawke's Bay Region,Nil,2-way,Sealed,0.0,0.0,,50.0,,Null,0.0,0.0,,30.0,Hastings District,Give way,,,,,0.0,0.0,Urban,0.0,,,Fine
43382,1929647.0,5614959.0,545831.0,0.0,0.0,4.0,South,2002/2003,WAIOHIKI ROAD,SPRINGFIELD ROAD,Non-Injury Crash,No,2003,South,0.0,,Hill Road,,Easter,,,Bright sun,1409400.0,0.0,0.0,0.0,2.0,0.0,,,Hawke's Bay Region,Nil,2-way,Sealed,0.0,0.0,,70.0,,Null,0.0,0.0,,30.0,Hastings District,Nil,,,,,0.0,0.0,Urban,0.0,,,Fine
467004,1937897.0,5608340.0,545740.0,0.0,0.0,1.0,North,2011/2012,MILL ROAD,HAUMOANA ROAD,Non-Injury Crash,No,2012,South,0.0,1.0,Flat,0.0,,0.0,0.0,Dark,1407700.0,0.0,0.0,0.0,2.0,0.0,0.0,,Hawke's Bay Region,Nil,2-way,Sealed,0.0,0.0,0.0,100.0,0.0,On,0.0,0.0,,30.0,Hastings District,Nil,0.0,0.0,0.0,0.0,0.0,0.0,Open,0.0,0.0,1.0,Fine
92770,1930275.0,5604910.0,548200.0,0.0,0.0,1.0,East,2004/2005,ST AUBYN ST EAST,WARREN ST NORTH,Minor Crash,No,2005,East,0.0,,Flat,,,,,Overcast,1494400.0,1.0,0.0,0.0,4.0,0.0,,,Hawke's Bay Region,Nil,2-way,Sealed,0.0,0.0,,50.0,,Null,0.0,0.0,,30.0,Hastings District,Nil,,,,,0.0,0.0,Urban,1.0,,,Light rain
101967,1928868.0,5606172.0,547700.0,0.0,0.0,2.0,North,2015/2016,HERETAUNGA ST WEST,STORTFORD ST,Non-Injury Crash,No,2015,North,0.0,,Flat,,,,,Overcast,1486600.0,0.0,0.0,0.0,2.0,0.0,,,Hawke's Bay Region,Nil,2-way,Sealed,0.0,0.0,,50.0,,Off,0.0,0.0,,30.0,Hastings District,Nil,,,,,0.0,0.0,Urban,0.0,,,Light rain
636204,1894570.0101,5606692.937999999,545841.0,0.0,0.0,0.0,East,2019/2020,KERERU ROAD,BIG HILL ROAD,Minor Crash,No,2019,North,0.0,0.0,Hill Road,0.0,,0.0,0.0,Overcast,1462300.0,1.0,0.0,0.0,2.0,0.0,0.0,,Hawke's Bay Region,Nil,2-way,Sealed,0.0,0.0,0.0,100.0,0.0,Off,0.0,0.0,,30.0,Hastings District,Unknown,0.0,0.0,0.0,0.0,0.0,0.0,Open,1.0,0.0,0.0,Light rain
246578,1936424.0,5600884.0,548833.0,0.0,0.0,1.0,South,2010/2011,WAIMARAMA ROAD,TE MATA ROAD,Non-Injury Crash,No,2011,South,0.0,1.0,Hill Road,0.0,,0.0,0.0,Dark,1466802.0,0.0,0.0,0.0,2.0,0.0,0.0,,Hawke's Bay Region,Nil,2-way,Sealed,0.0,0.0,0.0,100.0,0.0,None,0.0,0.0,,30.0,Hastings District,Nil,0.0,0.0,0.0,0.0,0.0,0.0,Open,0.0,0.0,0.0,Fine
604874,1933107.0,5609776.0,545832.0,0.0,0.0,1.0,East,2017/2018,FARNDON ROAD,CHESTERHOPE BRIDGE,Minor Crash,No,2018,East,0.0,,Flat,,,,,Bright sun,1404200.0,1.0,0.0,0.0,2.0,0.0,,,Hawke's Bay Region,Nil,2-way,Sealed,0.0,0.0,,100.0,,Null,0.0,0.0,,30.0,Hastings District,Unknown,,,,,0.0,0.0,Open,1.0,,,Fine
48131,1929835.0,5604927.0,548200.0,0.0,0.0,2.0,North,2003/2004,RUSSELL ST NORTH,HERETAUNGA ST EAST,Non-Injury Crash,No,2004,North,0.0,0.0,Flat,0.0,Christmas New Year,0.0,0.0,Bright sun,1492100.0,0.0,0.0,0.0,2.0,0.0,1.0,,Hawke's Bay Region,Nil,2-way,Sealed,0.0,0.0,0.0,50.0,0.0,Null,0.0,0.0,,30.0,Hastings District,Nil,0.0,0.0,0.0,0.0,0.0,0.0,Urban,0.0,0.0,0.0,Fine
276334,1929464.0,5605185.0,548200.0,0.0,0.0,1.0,Null,2011/2012,EASTBOURNE ST WEST,NELSON ST SOUTH,Non-Injury Crash,No,2012,North,0.0,0.0,Flat,1.0,,0.0,0.0,Dark,1488900.0,0.0,0.0,0.0,2.0,0.0,0.0,,Hawke's Bay Region,Nil,2-way,Sealed,0.0,0.0,0.0,50.0,0.0,On,0.0,0.0,,30.0,Hastings District,Stop,1.0,0.0,0.0,0.0,0.0,0.0,Urban,0.0,0.0,0.0,Light rain
394648,1934971.0,5609194.0,545722.0,0.0,0.0,1.0,Null,2010/2011,SH 2,RAILWAY ROAD,Non-Injury Crash,Yes,2010,North,0.0,0.0,Flat,1.0,,0.0,0.0,Dark,1405900.0,0.0,0.0,0.0,2.0,0.0,0.0,,Hawke's Bay Region,Nil,2-way,Sealed,0.0,0.0,0.0,100.0,0.0,On,0.0,0.0,,30.0,Hastings District,Give way,0.0,0.0,0.0,0.0,0.0,0.0,Open,0.0,0.0,0.0,Heavy rain
625938,1918524.5464,5653051.1719,545912.0,0.0,0.0,0.0,South,2019/2020,005-0220,RICHMOND ROAD,Serious Crash,Yes,2019,South,0.0,,Hill Road,,,,,Overcast,1414504.0,1.0,0.0,0.0,3.0,0.0,,,Hawke's Bay Region,Nil,2-way,Sealed,0.0,1.0,,100.0,,None,0.0,0.0,,30.0,Hastings District,Unknown,,,,,0.0,0.0,Open,1.0,,,Light rain
18864,1930398.0,5605171.0,548200.0,0.0,0.0,2.0,North,2004/2005,KARAMU ROAD NORTH,VICTORIA ST,Serious Crash,No,2005,South,0.0,,Flat,,,,,Overcast,1494100.0,0.0,0.0,0.0,2.0,0.0,,,Hawke's Bay Region,Nil,2-way,Sealed,0.0,1.0,,50.0,,Null,0.0,0.0,,30.0,Hastings District,Nil,,,,,0.0,0.0,Urban,0.0,,,Light rain
656930,1932774.0,5608110.0,545721.0,0.0,0.0,1.0,West,2008/2009,OTENE ROAD,RUAHAPIA ROAD,Non-Injury Crash,No,2008,North,0.0,0.0,Flat,0.0,,0.0,0.0,Overcast,1471800.0,0.0,0.0,0.0,2.0,0.0,0.0,,Hawke's Bay Region,Nil,2-way,Sealed,0.0,0.0,0.0,50.0,0.0,Null,0.0,0.0,,30.0,Hastings District,Nil,0.0,0.0,0.0,0.0,0.0,0.0,Urban,0.0,0.0,0.0,Fine
421200,1930935.0,5613540.0,545831.0,0.0,0.0,1.0,Null,2017/2018,SH 50,SH 50A,Non-Injury Crash,Yes,2018,North,0.0,0.0,Flat,0.0,,0.0,0.0,Overcast,1404600.0,0.0,0.0,0.0,2.0,0.0,0.0,,Hawke's Bay Region,Nil,2-way,Sealed,0.0,0.0,0.0,100.0,0.0,Null,0.0,0.0,,30.0,Hastings District,Give way,0.0,0.0,0.0,0.0,0.0,0.0,Open,0.0,0.0,0.0,Light rain
347118,1928842.0,5603900.0,547900.0,0.0,0.0,2.0,Null,2016/2017,RAILWAY ROAD,MURDOCH ROAD WEST,Non-Injury Crash,No,2017,South,0.0,,Flat,,,,,Overcast,1482600.0,0.0,0.0,0.0,2.0,0.0,,,Hawke's Bay Region,Nil,2-way,Sealed,0.0,0.0,,50.0,,Null,0.0,0.0,,30.0,Hastings District,Stop,,,,,0.0,0.0,Urban,0.0,,,Heavy rain
232659,1928548.0,5606504.0,547800.0,0.0,0.0,2.0,East,2002/2003,OMAHU ROAD,HAPUKA ST,Non-Injury Crash,No,2003,East,0.0,,Flat,,,,,Overcast,1477700.0,0.0,0.0,0.0,2.0,0.0,,,Hawke's Bay Region,Nil,2-way,Sealed,0.0,0.0,,50.0,,Null,0.0,0.0,,30.0,Hastings District,Nil,,,,,0.0,0.0,Urban,0.0,,,Fine
112048,1929948.0,5605347.0,548200.0,0.0,0.0,2.0,Null,2003/2004,ST AUBYN ST WEST,KING ST NORTH,Non-Injury Crash,No,2003,North,0.0,,Flat,,,,,Bright sun,1491500.0,0.0,0.0,0.0,4.0,0.0,,,Hawke's Bay Region,Nil,2-way,Sealed,0.0,0.0,,50.0,,Null,0.0,0.0,,30.0,Hastings District,Nil,,,,,0.0,0.0,Urban,0.0,,,Light rain
67717,1923928.0,5596911.0,545851.0,0.0,0.0,1.0,South,2011/2012,SH 2,STOCK ROAD,Non-Injury Crash,Yes,2012,South,0.0,1.0,Hill Road,0.0,,0.0,0.0,Dark,1463900.0,0.0,0.0,0.0,2.0,0.0,0.0,,Hawke's Bay Region,Nil,2-way,Sealed,0.0,0.0,0.0,100.0,0.0,None,0.0,0.0,,30.0,Hastings District,Nil,0.0,0.0,0.0,0.0,0.0,0.0,Open,0.0,0.0,0.0,Fine
732801,1929428.0,5605233.0,548200.0,0.0,0.0,0.0,North,2017/2018,EASTBOURNE ST WEST,NELSON ST SOUTH,Non-Injury Crash,No,2018,West,0.0,0.0,Flat,0.0,,0.0,0.0,Bright sun,1488900.0,0.0,0.0,0.0,2.0,0.0,1.0,,Hawke's Bay Region,Nil,2-way,Sealed,0.0,0.0,0.0,50.0,0.0,Null,0.0,0.0,,30.0,Hastings District,Unknown,0.0,0.0,0.0,0.0,1.0,0.0,Urban,1.0,0.0,0.0,Fine
502074,1932878.0,5608051.0,545721.0,0.0,0.0,1.0,East,2009/2010,RUAHAPIA ROAD,OTENE ROAD,Non-Injury Crash,No,2010,South,0.0,0.0,Flat,0.0,,0.0,0.0,Overcast,1471800.0,0.0,0.0,0.0,2.0,0.0,0.0,,Hawke's Bay Region,Nil,2-way,Sealed,0.0,0.0,0.0,100.0,0.0,Null,0.0,0.0,,30.0,Hastings District,Nil,0.0,0.0,0.0,1.0,0.0,0.0,Open,0.0,0.0,0.0,Light rain
206881,1929295.0,5605607.0,547700.0,0.0,0.0,2.0,South,2011/2012,HERETAUNGA ST WEST,LOVEDALE ROAD,Non-Injury Crash,No,2012,East,0.0,0.0,Flat,0.0,,0.0,0.0,Bright sun,1487900.0,0.0,0.0,0.0,2.0,0.0,1.0,,Hawke's Bay Region,Nil,2-way,Sealed,0.0,0.0,0.0,50.0,0.0,Null,0.0,0.0,,30.0,Hastings District,Nil,0.0,0.0,0.0,0.0,0.0,0.0,Urban,0.0,0.0,0.0,Fine
408366,1929854.0,5604668.0,548200.0,0.0,0.0,2.0,West,2014/2015,EASTBOURNE ST EAST,WARREN ST SOUTH,Non-Injury Crash,No,2014,South,0.0,0.0,Flat,0.0,,0.0,0.0,Bright sun,1492600.0,0.0,0.0,0.0,2.0,0.0,1.0,,Hawke's Bay Region,Nil,2-way,Sealed,0.0,0.0,0.0,50.0,0.0,Null,0.0,0.0,,30.0,Hastings District,Nil,0.0,0.0,0.0,0.0,0.0,0.0,Urban,0.0,0.0,0.0,Fine
399971,1931645.0,5605930.0,548000.0,0.0,0.0,1.0,South,1999/2000,KARAMU ROAD NORTH,KENILWORTH ROAD,Non-Injury Crash,No,2000,West,0.0,,Flat,,,,,Dark,1496700.0,0.0,0.0,1.0,2.0,0.0,,,Hawke's Bay Region,Nil,2-way,Sealed,0.0,0.0,,50.0,,On,0.0,0.0,,30.0,Hastings District,Nil,,,,,0.0,0.0,Urban,0.0,,,Fine
394335,1929634.0,5605762.0,548200.0,0.0,0.0,2.0,Null,2015/2016,TOMOANA ROAD,ST AUBYN ST WEST,Non-Injury Crash,No,2016,West,0.0,,Flat,,,,,Dark,1490300.0,0.0,0.0,0.0,2.0,0.0,,,Hawke's Bay Region,Nil,2-way,Sealed,0.0,0.0,,50.0,,On,0.0,0.0,,30.0,Hastings District,Traffic Signals,,,,,0.0,0.0,Urban,0.0,,,Light rain