OBJECTID,X,Y,areaUnitID,bicycle,bus,carStationWagon,crashDirectionDescription,crashFinancialYear,crashLocation1,crashLocation2,crashSeverity,crashSHDescription,crashYear,directionRoleDescription,fatalCount,fence,flatHill,guardRail,holiday,houseOrBuilding,kerb,light,meshblockId,minorInjuryCount,moped,motorcycle,NumberOfLanes,otherVehicleType,parkedVehicle,pedestrian,region,roadCharacter,roadLane,roadSurface,schoolBus,seriousInjuryCount,slipOrFlood,speedLimit,strayAnimal,streetLight,suv,taxi,temporarySpeedLimit,tlaId,tlaName,trafficControl,trafficIsland,trafficSign,train,tree,truck,unknownVehicleType,urban,vanOrUtility,vehicle,waterRiver,weatherA
419709,1928483.0,5606065.0,548500.0,0.0,0.0,1.0,North,2017/2018,ORCHARD ROAD,MARAEKAKAHO ROAD,Non-Injury Crash,No,2018,South,0.0,,Flat,,,,,Bright sun,1479600.0,0.0,0.0,0.0,2.0,0.0,,,Hawke's Bay Region,Nil,2-way,Sealed,0.0,0.0,,50.0,,Null,0.0,0.0,,30.0,Hastings District,Unknown,,,,,0.0,0.0,Urban,1.0,,,Fine
674618,1928009.0,5605667.0,547900.0,0.0,0.0,1.0,Null,2015/2016,MARAEKAKAHO ROAD,GORDON ROAD,Non-Injury Crash,No,2016,North,0.0,1.0,Flat,0.0,,0.0,0.0,Dark,1479900.0,0.0,0.0,0.0,2.0,0.0,0.0,,Hawke's Bay Region,Nil,2-way,Sealed,0.0,0.0,0.0,50.0,0.0,On,0.0,0.0,,30.0,Hastings District,Nil,0.0,0.0,0.0,0.0,0.0,0.0,Urban,0.0,0.0,0.0,Fine
651055,1915622.0,5590394.0,545851.0,0.0,0.0,2.0,South,2001/2002,SH 2,COLIN WHITE ROAD,Minor Crash,Yes,2002,North,0.0,,Flat,,,,,Twilight,1464500.0,1.0,0.0,0.0,2.0,0.0,,,Hawke's Bay Region,Nil,2-way,Sealed,0.0,0.0,,100.0,,None,0.0,0.0,,30.0,Hastings District,Nil,,,,,0.0,0.0,Open,0.0,,,Fine
77449,1933514.0,5603192.0,545750.0,0.0,0.0,2.0,South,2001/2002,NAPIER ROAD,THOMPSON ROAD,Non-Injury Crash,No,2001,South,0.0,0.0,Flat,0.0,,0.0,0.0,Bright sun,1466202.0,0.0,0.0,0.0,2.0,0.0,0.0,,Hawke's Bay Region,Nil,2-way,Sealed,0.0,0.0,0.0,100.0,0.0,Null,0.0,0.0,,30.0,Hastings District,Nil,0.0,0.0,0.0,0.0,0.0,0.0,Open,0.0,0.0,0.0,Fine
720989,1931200.0273,5606134.411,548000.0,0.0,0.0,2.0,Null,2018/2019,WARWICK ROAD,CAROLINE ROAD,Non-Injury Crash,No,2018,North,0.0,,Flat,,,,,Overcast,1496100.0,0.0,0.0,0.0,2.0,0.0,,,Hawke's Bay Region,Nil,2-way,Sealed,0.0,0.0,,50.0,,Off,0.0,0.0,,30.0,Hastings District,Give way,,,,,0.0,0.0,Urban,0.0,,,Fine
417027,1935641.0,5650967.0,545911.0,0.0,0.0,0.0,South,2007/2008,SH 2,WAIKOAU ROAD,Non-Injury Crash,Yes,2007,North,0.0,,Flat,,,,,Bright sun,1415400.0,0.0,0.0,0.0,2.0,0.0,,,Hawke's Bay Region,Nil,2-way,Sealed,0.0,0.0,,100.0,,Null,1.0,0.0,,30.0,Hastings District,Nil,,,,,0.0,0.0,Open,1.0,,,Fine
166335,1918300.0,5653455.0,545912.0,0.0,0.0,1.0,North,2001/2002,SH 5,BROOKS ENT,Serious Crash,Yes,2002,North,0.0,0.0,Hill Road,0.0,,0.0,0.0,Overcast,1414504.0,1.0,0.0,0.0,2.0,0.0,0.0,,Hawke's Bay Region,Nil,2-way,Sealed,0.0,1.0,0.0,100.0,0.0,Null,0.0,0.0,,30.0,Hastings District,Nil,0.0,0.0,0.0,0.0,0.0,0.0,Open,0.0,0.0,0.0,Mist or Fog
572139,1929883.0,5604980.0,548200.0,0.0,0.0,1.0,West,2013/2014,RUSSELL ST NORTH,QUEEN ST EAST,Minor Crash,No,2013,East,0.0,,Flat,,,,,Bright sun,1492100.0,1.0,0.0,0.0,2.0,0.0,,1.0,Hawke's Bay Region,Nil,2-way,Sealed,0.0,0.0,,50.0,,Null,0.0,0.0,,30.0,Hastings District,Nil,,,,,0.0,0.0,Urban,0.0,,,Fine
737378,1939863.0,5607337.0,545740.0,0.0,0.0,0.0,South,2007/2008,Z BCH HAUMOANA ,CLIFTON/BEACH,Non-Injury Crash,No,2007,North,0.0,0.0,Flat,0.0,Labour Weekend,0.0,0.0,Overcast,1407800.0,0.0,0.0,1.0,0.0,0.0,0.0,,Hawke's Bay Region,Nil,Off road,Sealed,0.0,0.0,0.0,50.0,0.0,Null,0.0,0.0,,30.0,Hastings District,Nil,0.0,0.0,0.0,0.0,0.0,0.0,Urban,0.0,0.0,0.0,Fine
301924,1924237.6579,5608013.5762,548611.0,0.0,0.0,1.0,Null,2018/2019,FLAXMERE AVENUE,KIRKWOOD ROAD,Non-Injury Crash,No,2018,West,0.0,1.0,Flat,1.0,,0.0,0.0,Dark,1470316.0,0.0,0.0,0.0,2.0,0.0,0.0,,Hawke's Bay Region,Nil,2-way,Sealed,0.0,0.0,0.0,50.0,0.0,On,0.0,0.0,,30.0,Hastings District,Give way,0.0,0.0,0.0,0.0,0.0,0.0,Urban,0.0,0.0,0.0,Light rain
431695,1925586.3874,5603305.8747,545842.0,0.0,0.0,1.0,Null,2018/2019,MARAEKAKAHO ROAD,LONGLANDS ROAD WEST,Minor Crash,No,2019,South,0.0,0.0,Flat,0.0,,0.0,0.0,Bright sun,1470214.0,1.0,0.0,0.0,2.0,0.0,0.0,,Hawke's Bay Region,Nil,2-way,Sealed,0.0,0.0,0.0,100.0,0.0,Off,0.0,0.0,,30.0,Hastings District,Give way,1.0,0.0,0.0,1.0,0.0,0.0,Open,0.0,0.0,0.0,Fine
532397,1929334.0,5605499.0,547700.0,0.0,0.0,0.0,Null,2008/2009,Z CPK PAK N SAVE,CHARLES/HERETAUNGA,Minor Crash,No,2008,North,0.0,,Flat,,,,,Bright sun,1487700.0,1.0,0.0,0.0,2.0,0.0,,1.0,Hawke's Bay Region,Nil,Off road,Sealed,0.0,0.0,,50.0,,Null,1.0,0.0,,30.0,Hastings District,Nil,,,,,0.0,0.0,Urban,0.0,,,Fine
235301,1928982.0,5602949.0,545762.0,0.0,0.0,1.0,Null,2001/2002,TOLLEMACHE ROAD EAST,RIVERSLEA ROAD SOUTH,Minor Crash,No,2001,South,0.0,,Flat,,,,,Overcast,1468200.0,1.0,0.0,0.0,2.0,0.0,,,Hawke's Bay Region,Nil,2-way,Sealed,0.0,0.0,,100.0,,Null,0.0,0.0,,30.0,Hastings District,Give way,,,,,0.0,0.0,Open,1.0,,,Light rain
265770,1930049.0,5604611.0,548200.0,1.0,0.0,1.0,Null,2013/2014,HERETAUNGA ST EAST,HASTINGS ST SOUTH,Non-Injury Crash,No,2013,North,0.0,,Flat,,,,,Bright sun,1493300.0,0.0,0.0,0.0,2.0,0.0,,,Hawke's Bay Region,Nil,2-way,Sealed,0.0,0.0,,50.0,,Null,0.0,0.0,,30.0,Hastings District,Give way,,,,,0.0,0.0,Urban,0.0,,,Fine
579372,1933155.0,5602065.0,548831.0,0.0,0.0,0.0,North,2008/2009,CARL AVENUE,TE MATA ROAD,Non-Injury Crash,No,2008,South,0.0,0.0,Flat,0.0,,0.0,0.0,Dark,1509800.0,0.0,0.0,0.0,2.0,0.0,0.0,,Hawke's Bay Region,Nil,2-way,Sealed,0.0,0.0,0.0,50.0,0.0,On,0.0,0.0,,30.0,Hastings District,Nil,0.0,0.0,0.0,1.0,0.0,0.0,Urban,1.0,0.0,0.0,Fine
86010,1924701.0,5607336.0,548612.0,0.0,0.0,1.0,Null,2003/2004,CHATHAM ROAD,CAERNARVON DRIVE,Non-Injury Crash,No,2004,North,0.0,,Flat,,,,,Overcast,1474400.0,0.0,0.0,0.0,2.0,0.0,,,Hawke's Bay Region,Nil,2-way,Sealed,0.0,0.0,,50.0,,Off,0.0,0.0,,30.0,Hastings District,Nil,,,,,1.0,0.0,Urban,0.0,,,Fine
403887,1932248.0,5601276.0,548821.0,0.0,0.0,2.0,South,2007/2008,MIDDLE ROAD,NGARIMU ST,Non-Injury Crash,No,2008,North,0.0,0.0,Flat,0.0,,0.0,0.0,Overcast,1506800.0,0.0,0.0,0.0,2.0,0.0,1.0,,Hawke's Bay Region,Nil,2-way,Sealed,0.0,0.0,0.0,50.0,0.0,Null,0.0,0.0,,30.0,Hastings District,Nil,0.0,0.0,0.0,0.0,0.0,0.0,Urban,0.0,0.0,0.0,Light rain
559938,1929265.0,5605647.0,547700.0,0.0,0.0,2.0,Null,2016/2017,HERETAUNGA ST WEST,LOVEDALE ROAD,Non-Injury Crash,No,2017,South,0.0,,Flat,,,,,Overcast,1487900.0,0.0,0.0,0.0,2.0,0.0,,,Hawke's Bay Region,Nil,2-way,Sealed,0.0,0.0,,50.0,,Null,0.0,0.0,,30.0,Hastings District,Give way,,,,,0.0,0.0,Urban,0.0,,,Heavy rain
659693,1925469.0,5606288.0,548620.0,0.0,0.0,1.0,Null,2011/2012,WILSON ROAD,PETERHEAD AVENUE,Minor Crash,No,2012,South,0.0,,Flat,,,,,Bright sun,1474800.0,1.0,0.0,0.0,2.0,0.0,,,Hawke's Bay Region,Nil,2-way,Sealed,0.0,0.0,,50.0,,Null,0.0,0.0,,30.0,Hastings District,Nil,,,,,0.0,0.0,Urban,1.0,,,Fine
278783,1924802.0,5604514.0,545842.0,0.0,0.0,1.0,Null,2002/2003,STOCK ROAD,EQUESTRIAN LANE,Non-Injury Crash,No,2003,South,0.0,0.0,Flat,0.0,,0.0,0.0,Overcast,1470214.0,0.0,0.0,0.0,2.0,0.0,0.0,,Hawke's Bay Region,Nil,2-way,Sealed,0.0,0.0,0.0,100.0,0.0,None,0.0,0.0,,30.0,Hastings District,Nil,0.0,0.0,0.0,0.0,0.0,0.0,Open,0.0,0.0,0.0,Fine
39593,1929319.0,5603464.0,548300.0,0.0,0.0,2.0,West,2008/2009,MURDOCH ROAD EAST,RIVERSLEA ROAD SOUTH,Non-Injury Crash,No,2008,East,0.0,,Flat,,,,,Dark,1503800.0,0.0,0.0,0.0,2.0,0.0,,,Hawke's Bay Region,Nil,2-way,Sealed,0.0,0.0,,50.0,,On,0.0,0.0,,30.0,Hastings District,Nil,,,,,0.0,0.0,Urban,0.0,,,Fine
441932,1909340.0,5673481.0,545911.0,0.0,0.0,1.0,North,2007/2008,SH 5,TATARAAKINA ROAD,Non-Injury Crash,Yes,2007,South,0.0,0.0,Flat,0.0,,0.0,0.0,Dark,1281200.0,0.0,0.0,0.0,2.0,0.0,0.0,,Hawke's Bay Region,Nil,2-way,Sealed,0.0,0.0,0.0,100.0,0.0,None,0.0,0.0,,30.0,Hastings District,Nil,0.0,0.0,0.0,0.0,1.0,0.0,Open,0.0,0.0,0.0,Light rain
168330,1900822.0,5598485.0,545841.0,0.0,0.0,0.0,South,2012/2013,SH 50,SALISBURY ROAD,Fatal Crash,Yes,2012,South,1.0,1.0,Hill Road,0.0,,0.0,0.0,Bright sun,1462600.0,0.0,0.0,0.0,2.0,0.0,0.0,,Hawke's Bay Region,Nil,2-way,Sealed,0.0,0.0,0.0,100.0,0.0,Null,1.0,0.0,,30.0,Hastings District,Nil,0.0,0.0,0.0,0.0,0.0,0.0,Open,0.0,0.0,0.0,Fine
455301,1929465.0,5604983.0,548200.0,0.0,0.0,2.0,Null,2000/2001,LYNDON ROAD WEST,KING ST SOUTH,Non-Injury Crash,No,2000,North,0.0,,Flat,,,,,Bright sun,1489801.0,0.0,0.0,0.0,2.0,0.0,,,Hawke's Bay Region,Nil,2-way,Sealed,0.0,0.0,,50.0,,Null,0.0,0.0,,30.0,Hastings District,Give way,,,,,0.0,0.0,Urban,0.0,,,Fine
419987,1930935.0,5613540.0,545831.0,0.0,0.0,2.0,Null,2013/2014,SH 50A,LINKS ROAD,Non-Injury Crash,Yes,2014,North,0.0,,Flat,,,,,Dark,1404600.0,0.0,0.0,0.0,2.0,0.0,,,Hawke's Bay Region,Nil,2-way,Sealed,0.0,0.0,,100.0,,On,0.0,0.0,,30.0,Hastings District,Give way,,,,,0.0,0.0,Open,0.0,,,Fine
680909,1932047.0,5606172.0,545721.0,0.0,0.0,1.0,North,2009/2010,SH 2,ELWOOD ROAD,Non-Injury Crash,Yes,2009,East,0.0,1.0,Flat,0.0,,0.0,0.0,Dark,1472300.0,0.0,0.0,0.0,2.0,0.0,0.0,,Hawke's Bay Region,Nil,2-way,Sealed,0.0,0.0,0.0,70.0,0.0,On,0.0,0.0,,30.0,Hastings District,Nil,0.0,0.0,0.0,0.0,0.0,0.0,Urban,0.0,0.0,0.0,Fine
33158,1917748.0,5649125.0,545911.0,0.0,0.0,1.0,North,1999/2000,SH 5,OHURAKURA ROAD,Non-Injury Crash,Yes,2000,North,0.0,0.0,Hill Road,0.0,Easter,0.0,0.0,Dark,1415900.0,0.0,0.0,0.0,3.0,0.0,0.0,,Hawke's Bay Region,Nil,2-way,Sealed,0.0,0.0,0.0,100.0,0.0,Off,0.0,0.0,,30.0,Hastings District,Nil,0.0,0.0,0.0,0.0,0.0,0.0,Open,0.0,0.0,0.0,Fine
444263,1930562.0,5610763.0,545832.0,0.0,0.0,1.0,North,2004/2005,SH 50A,NGARURORO BR,Non-Injury Crash,Yes,2005,North,0.0,0.0,Flat,0.0,Queens Birthday,0.0,0.0,Dark,1404400.0,0.0,0.0,0.0,2.0,0.0,1.0,,Hawke's Bay Region,Nil,2-way,Sealed,0.0,0.0,0.0,100.0,0.0,None,1.0,0.0,,30.0,Hastings District,Nil,0.0,0.0,0.0,0.0,0.0,0.0,Open,1.0,0.0,0.0,Fine
306987,1928241.0,5606802.0,547800.0,0.0,0.0,2.0,Null,2014/2015,OMAHU ROAD,FRIMLEY AVENUE,Non-Injury Crash,No,2014,South,0.0,,Flat,,,,,Bright sun,1477100.0,0.0,0.0,0.0,2.0,0.0,,,Hawke's Bay Region,Nil,2-way,Sealed,0.0,0.0,,50.0,,Null,0.0,0.0,,30.0,Hastings District,Give way,,,,,0.0,0.0,Urban,0.0,,,Fine
623067,1930228.0,5604383.0,548200.0,0.0,0.0,2.0,Null,2008/2009,HERETAUNGA ST EAST,WILLOWPARK ROAD NORTH,Non-Injury Crash,No,2009,South,0.0,,Flat,,,,,Overcast,1494000.0,0.0,0.0,0.0,2.0,0.0,,,Hawke's Bay Region,Nil,2-way,Sealed,0.0,0.0,,50.0,,Null,0.0,0.0,,30.0,Hastings District,Give way,,,,,0.0,0.0,Urban,0.0,,,Light rain
609445,1928789.0,5606266.0,547700.0,0.0,0.0,0.0,Null,2002/2003,HERETAUNGA ST WEST,MARAEKAKAHO ROAD,Minor Crash,No,2003,North,0.0,0.0,Flat,0.0,,0.0,0.0,Overcast,1486600.0,1.0,0.0,1.0,2.0,0.0,0.0,,Hawke's Bay Region,Nil,2-way,Sealed,0.0,0.0,0.0,50.0,0.0,Off,0.0,0.0,,30.0,Hastings District,Give way,1.0,0.0,0.0,0.0,0.0,0.0,Urban,0.0,0.0,0.0,Fine
673372,1932411.0,5606189.0,545721.0,0.0,0.0,2.0,Null,2002/2003,SH 2,BENNETT ROAD,Non-Injury Crash,Yes,2002,East,0.0,,Flat,,,,,Bright sun,1472300.0,0.0,0.0,0.0,2.0,0.0,,,Hawke's Bay Region,Nil,2-way,Sealed,0.0,0.0,,70.0,,Null,0.0,0.0,,30.0,Hastings District,Stop,,,,,0.0,0.0,Urban,0.0,,,Fine
183390,1934249.0,5607561.0,545722.0,0.0,0.0,1.0,North,1999/2000,SH 2,PILCHER ROAD,Non-Injury Crash,Yes,2000,South,0.0,,Flat,,,,,Bright sun,1406300.0,0.0,0.0,0.0,2.0,0.0,,,Hawke's Bay Region,Nil,2-way,Sealed,0.0,0.0,,100.0,,Null,0.0,0.0,,30.0,Hastings District,Nil,,,,,1.0,0.0,Open,0.0,,,Fine
82934,1934962.0,5609187.0,545722.0,0.0,0.0,0.0,South,2002/2003,SH 2,RAILWAY ROAD,Non-Injury Crash,Yes,2002,South,0.0,0.0,Flat,0.0,,0.0,0.0,Twilight,1406300.0,0.0,0.0,0.0,2.0,0.0,0.0,,Hawke's Bay Region,Nil,2-way,Sealed,0.0,0.0,0.0,100.0,0.0,None,0.0,0.0,,30.0,Hastings District,Give way,0.0,0.0,0.0,0.0,0.0,0.0,Open,1.0,0.0,0.0,Fine
606765,1931174.0,5600062.0,548822.0,0.0,0.0,1.0,Null,2016/2017,IONA ROAD,MIDDLE ROAD,Non-Injury Crash,No,2017,North,0.0,,Flat,,,,,Bright sun,1465601.0,0.0,0.0,0.0,2.0,0.0,,,Hawke's Bay Region,Nil,2-way,Sealed,0.0,0.0,,100.0,,Null,0.0,0.0,,30.0,Hastings District,Give way,,,,,0.0,0.0,Open,1.0,,,Fine
192908,1929314.0,5605583.0,547700.0,0.0,0.0,2.0,North,2017/2018,HERETAUNGA ST WEST,TOMOANA ROAD,Minor Crash,No,2017,North,0.0,,Flat,,,,,Overcast,1487900.0,1.0,0.0,0.0,2.0,0.0,,,Hawke's Bay Region,Nil,2-way,Sealed,0.0,0.0,,50.0,,Null,0.0,0.0,,30.0,Hastings District,Nil,,,,,0.0,0.0,Urban,0.0,,,Fine
606167,1931064.0,5605579.0,548000.0,0.0,0.0,1.0,East,2017/2018,KARAMU ROAD NORTH,FREDERICK ST,Non-Injury Crash,No,2018,South,0.0,,Flat,,,,,Twilight,1497100.0,0.0,0.0,0.0,2.0,0.0,,,Hawke's Bay Region,Nil,2-way,Sealed,0.0,0.0,,50.0,,Off,1.0,0.0,,30.0,Hastings District,Traffic Signals,,,,,0.0,0.0,Urban,0.0,,,Light rain
659648,1930226.0,5604367.0,548300.0,0.0,0.0,2.0,Null,2013/2014,WILLOWPARK ROAD NORTH,HERETAUNGA ST EAST,Non-Injury Crash,No,2014,North,0.0,0.0,Flat,0.0,,0.0,0.0,Bright sun,1501500.0,0.0,0.0,0.0,2.0,0.0,0.0,,Hawke's Bay Region,Nil,2-way,Sealed,0.0,0.0,0.0,50.0,0.0,Off,0.0,0.0,,30.0,Hastings District,Give way,0.0,0.0,0.0,0.0,0.0,0.0,Urban,0.0,1.0,0.0,Fine
451163,1929373.0,5605307.0,548200.0,0.0,0.0,0.0,Null,2007/2008,EASTBOURNE ST WEST,SOUTHLAND ROAD,Non-Injury Crash,No,2007,North,0.0,,Flat,,,,,Bright sun,1488800.0,0.0,0.0,0.0,2.0,0.0,,,Hawke's Bay Region,Nil,2-way,Sealed,0.0,0.0,,50.0,,Null,0.0,0.0,,30.0,Hastings District,Give way,,,,,0.0,0.0,Urban,2.0,,,Fine
693366,1931397.2936,5614818.647999999,545831.0,0.0,0.0,2.0,South,2019/2020,HAWKES BAY EXPRESSWAY,TUTAEKURI BR S,Minor Crash,Yes,2020,North,0.0,,Flat,,,,,Overcast,1404600.0,1.0,0.0,0.0,2.0,0.0,,,Hawke's Bay Region,Nil,2-way,Sealed,0.0,0.0,,100.0,,None,1.0,0.0,,30.0,Hastings District,Unknown,,,,,0.0,0.0,Open,0.0,,,Fine
286075,1928009.0,5605668.0,547900.0,0.0,0.0,2.0,Null,2009/2010,MARAEKAKAHO ROAD,GORDON ROAD,Non-Injury Crash,No,2010,South,0.0,,Flat,,,,,Dark,1479900.0,0.0,0.0,0.0,2.0,0.0,,,Hawke's Bay Region,Nil,2-way,Sealed,0.0,0.0,,50.0,,On,0.0,0.0,,30.0,Hastings District,Give way,,,,,0.0,0.0,Urban,0.0,,,Fine
28308,1928454.0,5604720.0,547900.0,0.0,0.0,1.0,North,2018/2019,OLIPHANT ROAD,SOUTHLAND ROAD,Serious Crash,No,2019,North,0.0,1.0,Flat,0.0,,0.0,0.0,Dark,1481000.0,0.0,0.0,0.0,2.0,0.0,0.0,,Hawke's Bay Region,Nil,2-way,Sealed,0.0,1.0,0.0,50.0,0.0,On,0.0,0.0,,30.0,Hastings District,Unknown,0.0,0.0,0.0,0.0,0.0,0.0,Urban,0.0,0.0,0.0,Fine
339579,1929741.0,5601664.0,545762.0,0.0,0.0,1.0,North,2004/2005,ST GEORGES ROAD,TE AUTE ROAD,Non-Injury Crash,No,2004,West,0.0,1.0,Flat,0.0,,0.0,0.0,Dark,1468600.0,0.0,0.0,0.0,2.0,0.0,0.0,,Hawke's Bay Region,Nil,2-way,Sealed,0.0,0.0,0.0,100.0,0.0,None,0.0,0.0,,30.0,Hastings District,Nil,0.0,0.0,0.0,0.0,0.0,0.0,Open,0.0,0.0,0.0,Fine
162290,1929271.0,5605038.0,548200.0,0.0,0.0,0.0,Null,2010/2011,SOUTHAMPTON ST WEST,NELSON ST SOUTH,Non-Injury Crash,No,2010,South,0.0,,Flat,,,,,Twilight,1489100.0,0.0,0.0,0.0,2.0,0.0,,,Hawke's Bay Region,Nil,2-way,Sealed,0.0,0.0,,50.0,,Off,1.0,0.0,,30.0,Hastings District,Give way,,,,,0.0,0.0,Urban,1.0,,,Fine
576126,1937868.8127,5607591.7817,545740.0,0.0,0.0,1.0,North,2019/2020,TUKI TUKI ROAD,PALOMINO ROAD,Non-Injury Crash,No,2020,North,0.0,1.0,Flat,0.0,Queens Birthday,0.0,0.0,Overcast,1407700.0,0.0,0.0,0.0,2.0,0.0,0.0,,Hawke's Bay Region,Nil,2-way,Sealed,0.0,0.0,0.0,70.0,0.0,None,0.0,0.0,,30.0,Hastings District,Nil,0.0,0.0,0.0,1.0,0.0,0.0,Urban,0.0,0.0,0.0,Light rain
57588,1929770.6348,5603725.4987,548300.0,0.0,0.0,1.0,Null,2019/2020,RIVERSLEA ROAD SOUTH,ELM ROAD,Non-Injury Crash,No,2020,West,0.0,1.0,Flat,0.0,,0.0,0.0,Bright sun,1503700.0,0.0,0.0,0.0,2.0,0.0,0.0,,Hawke's Bay Region,Nil,2-way,Sealed,0.0,0.0,0.0,50.0,0.0,Off,0.0,0.0,,30.0,Hastings District,Nil,0.0,0.0,0.0,0.0,0.0,0.0,Urban,0.0,0.0,0.0,Fine
132672,1934252.0,5594378.0,545860.0,0.0,0.0,0.0,West,2008/2009,KAHURANAKI ROAD,WAIMARAMA ROAD,Minor Crash,No,2008,North,0.0,0.0,Hill Road,0.0,,0.0,0.0,Bright sun,1467400.0,1.0,0.0,1.0,2.0,0.0,0.0,,Hawke's Bay Region,Nil,2-way,Sealed,0.0,0.0,0.0,100.0,0.0,Null,0.0,0.0,,30.0,Hastings District,Nil,0.0,0.0,0.0,0.0,0.0,0.0,Open,0.0,0.0,0.0,Fine
700504,1932537.0,5603588.0,545721.0,0.0,0.0,2.0,Null,2017/2018,ST GEORGES ROAD,CROSSES ROAD,Non-Injury Crash,No,2017,North,0.0,,Flat,,,,,Bright sun,1472702.0,0.0,0.0,0.0,2.0,0.0,,,Hawke's Bay Region,Nil,2-way,Sealed,0.0,0.0,,80.0,,Null,0.0,0.0,,30.0,Hastings District,Give way,,,,,0.0,0.0,Open,0.0,,,Fine
377226,1934193.0,5608982.0,545722.0,0.0,0.0,0.0,West,2006/2007,ANDERSON ROAD,STATION ROAD,Non-Injury Crash,No,2006,East,0.0,0.0,Flat,0.0,,0.0,0.0,Dark,1406200.0,0.0,0.0,0.0,2.0,0.0,0.0,,Hawke's Bay Region,Nil,2-way,Sealed,0.0,0.0,0.0,100.0,0.0,None,0.0,0.0,,30.0,Hastings District,Nil,0.0,0.0,0.0,0.0,0.0,0.0,Open,1.0,0.0,0.0,Fine
665939,1932281.0,5601314.0,548810.0,0.0,0.0,1.0,Null,2018/2019,MIDDLE ROAD,NGARIMU ST,Minor Crash,No,2019,South,0.0,,Flat,,,,,Overcast,1505800.0,1.0,0.0,0.0,2.0,0.0,,,Hawke's Bay Region,Nil,2-way,Sealed,0.0,0.0,,50.0,,Null,0.0,0.0,,30.0,Hastings District,Give way,,,,,0.0,0.0,Urban,1.0,,,Light rain
130083,1929483.7488,5608799.209,545710.0,0.0,0.0,1.0,Null,2019/2020,EVENDEN ROAD,HAWKES BAY EXPRESSWAY,Non-Injury Crash,No,2020,North,0.0,,Flat,,,,,Bright sun,1471201.0,0.0,0.0,0.0,2.0,0.0,,,Hawke's Bay Region,Nil,1-way,Sealed,0.0,0.0,,80.0,,Off,0.0,0.0,,30.0,Hastings District,Give way,,,,,0.0,0.0,Open,0.0,,,Fine
611565,1911472.0,5661242.0,545911.0,0.0,1.0,0.0,North,2012/2013,SH 5,MCVICAR ROAD,Non-Injury Crash,Yes,2012,North,0.0,,Flat,,,,,Bright sun,1414400.0,0.0,0.0,0.0,2.0,0.0,,,Hawke's Bay Region,Nil,2-way,Sealed,0.0,0.0,,100.0,,Null,0.0,0.0,,30.0,Hastings District,Nil,,,,,0.0,0.0,Open,0.0,,,Fine
664304,1922869.8871,5610004.2286,545710.0,0.0,0.0,1.0,East,2018/2019,050-0017,MERE ROAD,Non-Injury Crash,Yes,2018,South,0.0,1.0,Flat,0.0,,0.0,0.0,Bright sun,1469703.0,0.0,0.0,0.0,2.0,0.0,0.0,,Hawke's Bay Region,Nil,2-way,Sealed,0.0,0.0,0.0,100.0,0.0,None,0.0,0.0,,30.0,Hastings District,Unknown,0.0,0.0,0.0,0.0,0.0,0.0,Open,0.0,0.0,0.0,Light rain
354101,1936043.0,5608027.0,545722.0,0.0,0.0,1.0,North,2002/2003,LAWN ROAD,TE MATA MANGATERETERE ROA,Non-Injury Crash,No,2003,North,0.0,1.0,Flat,0.0,,0.0,0.0,Bright sun,1406501.0,0.0,0.0,0.0,2.0,0.0,0.0,,Hawke's Bay Region,Nil,2-way,Sealed,0.0,0.0,0.0,100.0,0.0,Null,0.0,0.0,,30.0,Hastings District,Nil,0.0,0.0,0.0,0.0,0.0,0.0,Open,0.0,0.0,0.0,Fine
323875,1928231.0,5606341.0,548500.0,0.0,0.0,1.0,West,2015/2016,ORCHARD ROAD,MCLEOD ST,Non-Injury Crash,No,2016,South,0.0,,Flat,,,,,Bright sun,1478700.0,0.0,0.0,0.0,2.0,0.0,,,Hawke's Bay Region,Nil,2-way,Sealed,0.0,0.0,,50.0,,Null,0.0,0.0,,30.0,Hastings District,Nil,,,,,0.0,0.0,Urban,1.0,,,Fine
211893,1918590.0988,5614614.8736,545821.0,0.0,0.0,0.0,South,2019/2020,TAIHAPE ROAD,KAWERA ROAD,Serious Crash,No,2020,South,0.0,,Flat,,,,,Bright sun,1408900.0,1.0,0.0,0.0,2.0,0.0,,,Hawke's Bay Region,Nil,2-way,Sealed,0.0,2.0,,100.0,,None,0.0,0.0,,30.0,Hastings District,Unknown,,,,,0.0,0.0,Open,2.0,,,Fine
861,1929480.0,5605363.0,548200.0,0.0,0.0,1.0,East,2000/2001,HERETAUNGA ST WEST,SOUTHLAND ROAD,Minor Crash,No,2000,East,0.0,,Flat,,,,,Bright sun,1490100.0,2.0,0.0,0.0,2.0,0.0,,2.0,Hawke's Bay Region,Nil,2-way,Sealed,0.0,0.0,,50.0,,Null,0.0,0.0,,30.0,Hastings District,Nil,,,,,0.0,0.0,Urban,0.0,,,Fine
575964,1927302.5345,5607645.5167,548400.0,0.0,0.0,1.0,Null,2018/2019,OMAHU ROAD,WILSON ROAD,Non-Injury Crash,No,2018,North,0.0,,Flat,,,,,Overcast,1473500.0,0.0,0.0,0.0,2.0,0.0,,,Hawke's Bay Region,Nil,2-way,Sealed,0.0,0.0,,50.0,,Null,1.0,0.0,,30.0,Hastings District,Give way,,,,,0.0,0.0,Urban,0.0,,,Null