OBJECTID,X,Y,areaUnitID,bicycle,bus,carStationWagon,crashDirectionDescription,crashFinancialYear,crashLocation1,crashLocation2,crashSeverity,crashSHDescription,crashYear,directionRoleDescription,fatalCount,fence,flatHill,guardRail,holiday,houseOrBuilding,kerb,light,meshblockId,minorInjuryCount,moped,motorcycle,NumberOfLanes,otherVehicleType,parkedVehicle,pedestrian,region,roadCharacter,roadLane,roadSurface,schoolBus,seriousInjuryCount,slipOrFlood,speedLimit,strayAnimal,streetLight,suv,taxi,temporarySpeedLimit,tlaId,tlaName,trafficControl,trafficIsland,trafficSign,train,tree,truck,unknownVehicleType,urban,vanOrUtility,vehicle,waterRiver,weatherA
468412,1928937.0,5604051.0,547900.0,0.0,0.0,1.0,North,2007/2008,Z CPK BRIDGE CLUB,RAILWAY/GARNETT,Non-Injury Crash,No,2008,North,0.0,1.0,Flat,0.0,,1.0,0.0,Twilight,1482500.0,0.0,0.0,0.0,0.0,0.0,0.0,,Hawke's Bay Region,Nil,Off road,Sealed,0.0,0.0,0.0,50.0,0.0,Off,0.0,0.0,,30.0,Hastings District,Nil,0.0,0.0,0.0,0.0,0.0,0.0,Urban,0.0,0.0,0.0,Fine
45915,1931940.0,5601539.0,548810.0,0.0,0.0,2.0,West,2002/2003,TE AUTE ROAD,LIPSCOMBE CRESCENT,Minor Crash,No,2002,East,0.0,0.0,Flat,0.0,,0.0,0.0,Twilight,1505400.0,1.0,0.0,0.0,2.0,0.0,1.0,,Hawke's Bay Region,Nil,2-way,Sealed,0.0,0.0,0.0,50.0,0.0,On,0.0,0.0,,30.0,Hastings District,Nil,0.0,0.0,0.0,1.0,0.0,0.0,Urban,0.0,0.0,0.0,Fine
12924,1930191.0,5604415.0,548200.0,1.0,0.0,1.0,East,2013/2014,HERETAUNGA ST EAST,WILLOWPARK ROAD SOUTH,Serious Crash,No,2013,North,0.0,,Flat,,,,,Bright sun,1493800.0,0.0,0.0,0.0,2.0,0.0,,,Hawke's Bay Region,Nil,2-way,Sealed,0.0,1.0,,50.0,,Null,0.0,0.0,,30.0,Hastings District,Nil,,,,,0.0,0.0,Urban,0.0,,,Fine
396908,1929901.0,5604136.0,548300.0,0.0,0.0,2.0,Null,2001/2002,WILLOWPARK ROAD SOUTH,BEECH ST,Non-Injury Crash,No,2002,South,0.0,,Flat,,,,,Bright sun,1503600.0,0.0,0.0,0.0,2.0,0.0,,,Hawke's Bay Region,Nil,2-way,Sealed,0.0,0.0,,50.0,,Null,0.0,0.0,,30.0,Hastings District,Give way,,,,,0.0,0.0,Urban,0.0,,,Fine
75371,1928775.1483,5604850.7379,547900.0,0.0,0.0,2.0,North,2018/2019,SOUTHLAND ROAD,GORDON ROAD,Non-Injury Crash,No,2019,South,0.0,,Flat,,Easter,,,Dark,1482100.0,0.0,0.0,0.0,2.0,0.0,,,Hawke's Bay Region,Nil,2-way,Sealed,0.0,0.0,,50.0,,On,0.0,0.0,,30.0,Hastings District,Nil,,,,,0.0,0.0,Urban,0.0,,,Fine
622963,1923079.0,5611805.0,545822.0,0.0,0.0,2.0,Null,2008/2009,SH 50,TAIHAPE ROAD,Serious Crash,Yes,2008,South,0.0,,Flat,,,,,Bright sun,1409300.0,0.0,0.0,0.0,2.0,0.0,,,Hawke's Bay Region,Nil,2-way,Sealed,0.0,1.0,,50.0,,Null,0.0,0.0,,30.0,Hastings District,Give way,,,,,0.0,0.0,Urban,0.0,,,Fine
499775,1929368.0434,5605303.0364,548200.0,0.0,0.0,2.0,Null,2018/2019,SOUTHLAND ROAD,EASTBOURNE STREET WEST,Non-Injury Crash,No,2019,North,0.0,,Flat,,,,,Overcast,1488700.0,0.0,0.0,0.0,2.0,0.0,,,Hawke's Bay Region,Nil,2-way,Sealed,0.0,0.0,,50.0,,Off,0.0,0.0,,30.0,Hastings District,Give way,,,,,0.0,0.0,Urban,0.0,,,Fine
242708,1927812.0,5607219.0,547800.0,0.0,0.0,1.0,North,2017/2018,OMAHU ROAD,STONYCROFT ST,Non-Injury Crash,No,2018,North,0.0,1.0,Flat,0.0,,0.0,0.0,Bright sun,1476600.0,0.0,0.0,0.0,2.0,0.0,1.0,,Hawke's Bay Region,Nil,2-way,Sealed,0.0,0.0,0.0,50.0,0.0,Null,0.0,0.0,,30.0,Hastings District,Unknown,0.0,0.0,0.0,0.0,1.0,0.0,Urban,0.0,0.0,0.0,Fine
679468,1935012.0,5633468.0,545812.0,0.0,0.0,1.0,South,2005/2006,SH 2,WHIRINAKI ROAD,Minor Crash,Yes,2006,South,0.0,1.0,Flat,0.0,,0.0,0.0,Dark,1414903.0,1.0,0.0,0.0,2.0,0.0,0.0,,Hawke's Bay Region,Nil,2-way,Sealed,0.0,0.0,0.0,100.0,0.0,None,0.0,0.0,,30.0,Hastings District,Nil,0.0,0.0,0.0,1.0,0.0,0.0,Open,0.0,0.0,0.0,Fine
27163,1930792.2568,5604808.3607,548100.0,0.0,0.0,2.0,Null,2019/2020,WILLOWPARK ROAD NORTH,ALBERT STREET,Non-Injury Crash,No,2019,East,0.0,0.0,Flat,0.0,,0.0,1.0,Overcast,1499600.0,0.0,0.0,0.0,2.0,0.0,0.0,,Hawke's Bay Region,Nil,2-way,Sealed,0.0,0.0,0.0,50.0,0.0,Off,0.0,0.0,,30.0,Hastings District,Give way,0.0,0.0,0.0,0.0,0.0,0.0,Urban,0.0,0.0,0.0,Light rain
355766,1926391.0,5619264.0,545821.0,0.0,0.0,1.0,West,2008/2009,PUKETAPU ROAD,SPRINGFIELD ROAD,Minor Crash,No,2009,East,0.0,0.0,Hill Road,0.0,Easter,0.0,0.0,Dark,1410902.0,1.0,0.0,0.0,2.0,0.0,0.0,,Hawke's Bay Region,Nil,2-way,Sealed,0.0,0.0,0.0,100.0,0.0,None,0.0,0.0,,30.0,Hastings District,Nil,0.0,0.0,0.0,0.0,0.0,0.0,Open,0.0,0.0,0.0,Fine
11414,1931091.0,5604885.0,548000.0,0.0,0.0,1.0,Null,2009/2010,JERVOIS ST,PRINCES ST,Non-Injury Crash,No,2010,North,0.0,1.0,Flat,0.0,,0.0,0.0,Bright sun,1497700.0,0.0,0.0,0.0,2.0,0.0,0.0,,Hawke's Bay Region,Nil,2-way,Sealed,0.0,0.0,0.0,50.0,0.0,Null,0.0,0.0,,30.0,Hastings District,Nil,0.0,0.0,0.0,0.0,0.0,0.0,Urban,0.0,0.0,0.0,Fine
71444,1930415.0,5606353.0,547600.0,0.0,0.0,2.0,East,2015/2016,TOMOANA ROAD,BURNETT ST,Non-Injury Crash,No,2015,North,0.0,,Flat,,,,,Bright sun,1484400.0,0.0,0.0,0.0,2.0,0.0,,,Hawke's Bay Region,Nil,2-way,Sealed,0.0,0.0,,50.0,,Null,0.0,0.0,,30.0,Hastings District,Unknown,,,,,0.0,0.0,Urban,0.0,,,Fine
728139,1933157.0,5608753.0,545722.0,0.0,0.0,2.0,Null,2002/2003,WHAKATU ROAD,RANGITANE ROAD,Minor Crash,No,2003,South,0.0,,Flat,,,,,Bright sun,1405700.0,1.0,0.0,0.0,2.0,0.0,,,Hawke's Bay Region,Nil,2-way,Sealed,0.0,0.0,,100.0,,Null,0.0,0.0,,30.0,Hastings District,Stop,,,,,0.0,0.0,Open,0.0,,,Fine
572356,1928151.0,5600915.0,545852.0,0.0,0.0,1.0,West,2013/2014,TE AUTE ROAD,LONGLANDS ROAD EAST,Minor Crash,No,2013,East,0.0,1.0,Flat,0.0,,0.0,0.0,Bright sun,1465700.0,1.0,0.0,0.0,2.0,0.0,0.0,,Hawke's Bay Region,Nil,2-way,Sealed,0.0,0.0,0.0,100.0,0.0,Null,0.0,0.0,,30.0,Hastings District,Nil,0.0,0.0,0.0,0.0,0.0,0.0,Open,0.0,0.0,0.0,Fine
617487,1930278.0,5606249.0,547600.0,0.0,0.0,0.0,South,2017/2018,TOMOANA ROAD,CORNWALL ROAD,Minor Crash,No,2018,North,0.0,,Flat,,,,,Bright sun,1484300.0,1.0,0.0,0.0,2.0,0.0,,,Hawke's Bay Region,Nil,2-way,Sealed,0.0,0.0,,50.0,,Null,0.0,0.0,,30.0,Hastings District,Nil,,,,,0.0,0.0,Urban,2.0,,,Fine
668062,1930078.0,5608071.0,545710.0,0.0,0.0,1.0,West,2004/2005,EVENDEN ROAD,PAKOWHAI ROAD,Non-Injury Crash,No,2004,West,0.0,0.0,Flat,0.0,,0.0,0.0,Dark,1471300.0,0.0,0.0,0.0,2.0,0.0,0.0,,Hawke's Bay Region,Nil,2-way,Sealed,0.0,0.0,0.0,100.0,0.0,None,0.0,0.0,,30.0,Hastings District,Nil,0.0,0.0,0.0,0.0,0.0,0.0,Open,0.0,0.0,0.0,Fine
346849,1918641.0,5609817.0,545821.0,0.0,0.0,0.0,South,2013/2014,OHITI ROAD,TAIHAPE ROAD,Non-Injury Crash,No,2013,North,0.0,0.0,Flat,0.0,,0.0,0.0,Dark,1409000.0,0.0,0.0,0.0,2.0,0.0,0.0,,Hawke's Bay Region,Nil,2-way,Sealed,0.0,0.0,0.0,100.0,0.0,None,1.0,0.0,,30.0,Hastings District,Nil,0.0,0.0,0.0,0.0,0.0,0.0,Open,0.0,0.0,0.0,Fine
69873,1927501.0,5603870.0,545761.0,0.0,0.0,1.0,Null,2018/2019,HEATHCOTE ROAD,SOUTHLAND ROAD,Minor Crash,No,2018,West,0.0,0.0,Flat,0.0,,0.0,0.0,Dark,1468801.0,4.0,0.0,0.0,2.0,0.0,0.0,,Hawke's Bay Region,Nil,2-way,Sealed,0.0,0.0,0.0,50.0,0.0,None,0.0,0.0,,30.0,Hastings District,Give way,0.0,0.0,0.0,0.0,0.0,0.0,Urban,0.0,0.0,0.0,Light rain
436332,1928662.0,5606394.0,547800.0,0.0,0.0,2.0,Null,2004/2005,OMAHU ROAD,MCLEOD ST,Minor Crash,No,2005,East,0.0,,Flat,,,,,Bright sun,1477800.0,1.0,0.0,0.0,2.0,0.0,,,Hawke's Bay Region,Nil,2-way,Sealed,0.0,0.0,,50.0,,Null,0.0,0.0,,30.0,Hastings District,Nil,,,,,0.0,0.0,Urban,0.0,,,Fine
553531,1931014.0,5632457.0,545812.0,0.0,0.0,0.0,East,2014/2015,SH 5,YULE ROAD,Non-Injury Crash,Yes,2015,West,0.0,,Flat,,Queens Birthday,,,Dark,1414200.0,0.0,0.0,0.0,2.0,0.0,,,Hawke's Bay Region,Nil,2-way,Sealed,0.0,0.0,,100.0,,None,1.0,0.0,,30.0,Hastings District,Unknown,,,,,0.0,0.0,Open,0.0,,,Null
166445,1931234.0,5614343.0,545831.0,0.0,0.0,2.0,North,2012/2013,SH 50,PAKOWHAI ON NBD,Non-Injury Crash,Yes,2012,North,0.0,,Flat,,,,,Bright sun,1404600.0,0.0,0.0,0.0,2.0,0.0,,,Hawke's Bay Region,Nil,2-way,Sealed,0.0,0.0,,100.0,,Null,0.0,0.0,,30.0,Hastings District,Nil,,,,,0.0,0.0,Open,1.0,,,Fine
88926,1934002.0,5608871.0,545722.0,0.0,0.0,2.0,West,2000/2001,ANDERSON ROAD,STATION ROAD,Serious Crash,No,2000,South,0.0,,Flat,,,,,Overcast,1406200.0,0.0,0.0,0.0,2.0,0.0,,,Hawke's Bay Region,Nil,2-way,Sealed,0.0,3.0,,100.0,,Null,0.0,0.0,,30.0,Hastings District,Nil,,,,,0.0,0.0,Open,0.0,,,Fine
608026,1929766.0,5604850.0,548200.0,0.0,0.0,2.0,East,2002/2003,RUSSELL ST SOUTH,EASTBOURNE ST EAST,Non-Injury Crash,No,2003,West,0.0,0.0,Flat,0.0,,0.0,0.0,Overcast,1492000.0,0.0,0.0,0.0,2.0,0.0,1.0,,Hawke's Bay Region,Nil,2-way,Sealed,0.0,0.0,0.0,50.0,0.0,Null,0.0,0.0,,30.0,Hastings District,Nil,0.0,0.0,0.0,0.0,0.0,0.0,Urban,0.0,0.0,0.0,Fine
286983,1929638.9791,5605766.2393,547700.0,0.0,0.0,2.0,Null,2018/2019,TOMOANA ROAD,ST AUBYN STREET WEST,Non-Injury Crash,No,2019,South,0.0,,Flat,,,,,Bright sun,1488300.0,0.0,0.0,0.0,2.0,0.0,,,Hawke's Bay Region,Nil,2-way,Sealed,0.0,0.0,,50.0,,Off,0.0,0.0,,30.0,Hastings District,Traffic Signals,,,,,0.0,0.0,Urban,0.0,,,Fine
537046,1929851.0,5605477.0,548200.0,0.0,0.0,2.0,Null,2006/2007,ST AUBYN ST WEST,NELSON ST NORTH,Non-Injury Crash,No,2006,West,0.0,,Flat,,Labour Weekend,,,Dark,1491000.0,0.0,0.0,0.0,7.0,0.0,,,Hawke's Bay Region,Nil,2-way,Sealed,0.0,0.0,,50.0,,On,0.0,0.0,,30.0,Hastings District,Traffic Signals,,,,,0.0,0.0,Urban,0.0,,,Light rain
628555,1932472.0,5601614.0,548810.0,0.0,0.0,1.0,Null,2005/2006,TE AUTE ROAD,PORTER DRIVE,Non-Injury Crash,No,2006,West,0.0,,Flat,,,,,Bright sun,1505700.0,0.0,0.0,0.0,2.0,0.0,,,Hawke's Bay Region,Nil,2-way,Sealed,0.0,0.0,,50.0,,Null,1.0,0.0,,30.0,Hastings District,Give way,,,,,0.0,0.0,Urban,0.0,,,Fine
450132,1929503.0,5608862.0,545710.0,0.0,0.0,2.0,Null,2008/2009,SH 50A,EVENDEN ROAD,Non-Injury Crash,Yes,2008,North,0.0,,Flat,,,,,Overcast,1471100.0,0.0,0.0,0.0,2.0,0.0,,,Hawke's Bay Region,Nil,2-way,Sealed,0.0,0.0,,100.0,,Null,0.0,0.0,,30.0,Hastings District,Give way,,,,,0.0,0.0,Open,0.0,,,Fine
595593,1937769.1001,5608495.9914,545740.0,0.0,0.0,1.0,East,2018/2019,MILL ROAD,DOMAIN ROAD,Non-Injury Crash,No,2018,South,0.0,0.0,Hill Road,1.0,,0.0,0.0,Twilight,1407700.0,0.0,0.0,0.0,2.0,0.0,0.0,,Hawke's Bay Region,Bridge,2-way,Sealed,0.0,0.0,0.0,100.0,0.0,None,0.0,0.0,,30.0,Hastings District,Unknown,0.0,0.0,0.0,0.0,0.0,0.0,Open,0.0,0.0,0.0,Fine
103707,1930761.0,5604258.0,548100.0,0.0,0.0,2.0,Null,2007/2008,ST AUBYN ST EAST,SYLVAN ROAD,Non-Injury Crash,No,2008,East,0.0,,Flat,,,,,Bright sun,1501300.0,0.0,0.0,0.0,2.0,0.0,,,Hawke's Bay Region,Nil,2-way,Sealed,0.0,0.0,,50.0,,Null,0.0,0.0,,30.0,Hastings District,Give way,,,,,0.0,0.0,Urban,0.0,,,Fine
36116,1929743.0,5605218.0,548200.0,0.0,0.0,2.0,North,2004/2005,QUEEN ST WEST,KING ST NORTH,Non-Injury Crash,No,2004,South,0.0,,Flat,,,,,Bright sun,1490800.0,0.0,0.0,0.0,2.0,0.0,,,Hawke's Bay Region,Nil,2-way,Sealed,0.0,0.0,,50.0,,Null,0.0,0.0,,30.0,Hastings District,Nil,,,,,0.0,0.0,Urban,0.0,,,Fine
558760,1927775.0,5607255.0,547800.0,0.0,0.0,2.0,South,2008/2009,OMAHU ROAD,SH 50A,Non-Injury Crash,No,2008,East,0.0,,Flat,,,,,Bright sun,1476600.0,0.0,0.0,0.0,2.0,0.0,,,Hawke's Bay Region,Nil,2-way,Sealed,0.0,0.0,,50.0,,Null,0.0,0.0,,30.0,Hastings District,Nil,,,,,0.0,0.0,Urban,0.0,,,Fine
43131,1931560.0,5602871.0,545762.0,0.0,0.0,1.0,Null,2009/2010,HAVELOCK ROAD,ST GEORGES ROAD,Non-Injury Crash,No,2010,North,0.0,,Flat,,,,,Twilight,1468600.0,0.0,0.0,0.0,4.0,0.0,,,Hawke's Bay Region,Nil,2-way,Sealed,0.0,0.0,,70.0,,On,0.0,0.0,,30.0,Hastings District,Give way,,,,,0.0,0.0,Urban,1.0,,,Heavy rain
541374,1917508.2256,5592362.8843,545851.0,0.0,0.0,0.0,North,2019/2020,002-0678,WHAREMOANA ROAD,Serious Crash,Yes,2019,North,0.0,1.0,Flat,0.0,,0.0,0.0,Bright sun,1464200.0,0.0,0.0,0.0,2.0,0.0,0.0,,Hawke's Bay Region,Nil,2-way,Sealed,0.0,1.0,0.0,100.0,0.0,None,0.0,0.0,,30.0,Hastings District,Unknown,0.0,0.0,0.0,0.0,1.0,0.0,Open,0.0,0.0,0.0,Fine
341128,1928379.0,5606178.0,548500.0,0.0,0.0,1.0,Null,2005/2006,ORCHARD ROAD,MCLEOD ST,Non-Injury Crash,No,2005,South,0.0,0.0,Flat,0.0,,0.0,0.0,Dark,1479600.0,0.0,0.0,0.0,2.0,1.0,1.0,,Hawke's Bay Region,Nil,2-way,Sealed,0.0,0.0,0.0,50.0,0.0,On,0.0,0.0,,30.0,Hastings District,Give way,0.0,0.0,0.0,0.0,0.0,0.0,Urban,0.0,0.0,0.0,Fine
108477,1919823.0,5645715.0,545811.0,0.0,0.0,1.0,South,2008/2009,SH 5,OHURAKURA ROAD,Serious Crash,Yes,2008,South,0.0,,Flat,,,,,Overcast,1414600.0,3.0,0.0,0.0,2.0,0.0,,,Hawke's Bay Region,Nil,2-way,Sealed,0.0,1.0,,100.0,,Null,0.0,0.0,,30.0,Hastings District,Nil,,,,,0.0,0.0,Open,0.0,,,Light rain
503782,1930425.0,5604707.0,548200.0,0.0,0.0,2.0,Null,2012/2013,ST AUBYN ST EAST,MILLER ST,Non-Injury Crash,No,2012,North,0.0,,Flat,,,,,Bright sun,1493502.0,0.0,0.0,0.0,2.0,0.0,,,Hawke's Bay Region,Nil,2-way,Sealed,0.0,0.0,,50.0,,Null,0.0,0.0,,30.0,Hastings District,Stop,,,,,0.0,0.0,Urban,0.0,,,Fine
422158,1930835.0,5603667.0,548100.0,0.0,0.0,2.0,Null,2012/2013,HERETAUNGA ST EAST,WINDSOR AVENUE,Non-Injury Crash,No,2012,North,0.0,0.0,Flat,0.0,,0.0,0.0,Dark,1500300.0,0.0,0.0,0.0,2.0,0.0,2.0,,Hawke's Bay Region,Nil,2-way,Sealed,0.0,0.0,0.0,50.0,0.0,On,0.0,1.0,,30.0,Hastings District,Nil,0.0,0.0,0.0,0.0,0.0,0.0,Urban,1.0,0.0,0.0,Fine
172996,1928682.3953,5609900.6961,545710.0,0.0,0.0,1.0,Null,2019/2020,EVENDEN ROAD,RAUPARE ROAD,Serious Crash,No,2019,North,0.0,0.0,Flat,0.0,,0.0,0.0,Dark,1471000.0,0.0,0.0,0.0,2.0,0.0,0.0,,Hawke's Bay Region,Nil,2-way,Sealed,0.0,1.0,0.0,100.0,0.0,None,0.0,0.0,,30.0,Hastings District,Stop,0.0,0.0,0.0,0.0,0.0,0.0,Open,0.0,0.0,0.0,Fine
283340,1913164.0,5587042.0,545851.0,0.0,0.0,1.0,South,2005/2006,SH 2,WAIKAREAO ROAD,Fatal Crash,Yes,2006,North,1.0,1.0,Hill Road,0.0,,0.0,0.0,Dark,1464600.0,0.0,0.0,0.0,3.0,0.0,0.0,,Hawke's Bay Region,Nil,2-way,Sealed,0.0,0.0,0.0,100.0,0.0,None,0.0,0.0,,30.0,Hastings District,Nil,0.0,0.0,0.0,1.0,0.0,0.0,Open,0.0,0.0,0.0,Fine
638149,1930449.0,5605160.0,548200.0,0.0,0.0,1.0,East,2015/2016,CPK THE WAREHOUSE,VICTORIA ST,Minor Crash,No,2015,North,0.0,0.0,Flat,0.0,,1.0,0.0,Bright sun,1494500.0,1.0,0.0,0.0,2.0,0.0,1.0,,Hawke's Bay Region,Nil,Off road,Sealed,0.0,0.0,0.0,30.0,0.0,Off,1.0,0.0,,30.0,Hastings District,Nil,0.0,0.0,0.0,0.0,0.0,0.0,Urban,0.0,0.0,0.0,Fine
44129,1916671.0,5616078.0,545821.0,0.0,0.0,0.0,East,2007/2008,TAIHAPE ROAD,MATAPIRO ROAD,Non-Injury Crash,No,2008,West,0.0,0.0,Hill Road,0.0,,0.0,0.0,Dark,1410300.0,0.0,0.0,0.0,2.0,0.0,0.0,,Hawke's Bay Region,Nil,2-way,Sealed,0.0,0.0,0.0,100.0,0.0,None,1.0,0.0,,30.0,Hastings District,Nil,0.0,0.0,0.0,0.0,0.0,0.0,Open,0.0,0.0,0.0,Fine
402142,1928842.0,5603900.0,547900.0,0.0,0.0,1.0,Null,2003/2004,RAILWAY ROAD,MURDOCH ROAD WEST,Non-Injury Crash,No,2003,North,0.0,,Flat,,,,,Bright sun,1482600.0,0.0,0.0,0.0,2.0,0.0,,,Hawke's Bay Region,Rail xing,2-way,Sealed,0.0,0.0,,70.0,,Null,0.0,0.0,,30.0,Hastings District,Stop,,,,,0.0,0.0,Urban,1.0,,,Fine
538976,1927360.5329,5607019.1259,548500.0,0.0,0.0,2.0,Null,2018/2019,RURU PLACE,KIWI STREET,Non-Injury Crash,No,2018,South,0.0,,Flat,,,,,Overcast,1478100.0,0.0,0.0,0.0,2.0,0.0,,,Hawke's Bay Region,Nil,2-way,Sealed,0.0,0.0,,50.0,,Off,0.0,0.0,,30.0,Hastings District,Nil,,,,,0.0,0.0,Urban,0.0,,,Fine
511924,1931038.0,5605564.0,548000.0,0.0,0.0,2.0,Null,2015/2016,KARAMU ROAD NORTH,FREDERICK ST,Non-Injury Crash,No,2016,West,0.0,,Flat,,Christmas New Year,,,Overcast,1495700.0,0.0,0.0,0.0,2.0,0.0,,,Hawke's Bay Region,Nil,2-way,Sealed,0.0,0.0,,50.0,,Null,0.0,0.0,,30.0,Hastings District,Traffic Signals,,,,,0.0,0.0,Urban,0.0,,,Fine
473678,1929536.0,5605289.0,548200.0,1.0,0.0,1.0,West,2003/2004,HERETAUNGA ST WEST,NELSON ST SOUTH,Minor Crash,No,2004,West,0.0,,Flat,,,,,Overcast,1488900.0,1.0,0.0,0.0,2.0,0.0,,,Hawke's Bay Region,Nil,2-way,Sealed,0.0,0.0,,50.0,,Null,0.0,0.0,,30.0,Hastings District,Nil,,,,,0.0,0.0,Urban,0.0,,,Light rain
517154,1912618.7908,5586837.45,545851.0,0.0,0.0,1.0,North,2019/2020,002-0691,TE ONEPU ROAD,Non-Injury Crash,Yes,2019,West,0.0,0.0,Hill Road,0.0,,0.0,0.0,Overcast,1464600.0,0.0,0.0,0.0,2.0,0.0,0.0,,Hawke's Bay Region,Nil,2-way,Sealed,0.0,0.0,0.0,100.0,0.0,None,0.0,0.0,,30.0,Hastings District,Unknown,0.0,0.0,0.0,0.0,0.0,0.0,Open,1.0,0.0,0.0,Light rain
724750,1926256.0,5609929.0,545710.0,0.0,0.0,1.0,South,2005/2006,TWYFORD ROAD,EVANS ROAD,Non-Injury Crash,No,2006,South,0.0,1.0,Flat,0.0,,0.0,0.0,Bright sun,1470800.0,0.0,0.0,0.0,2.0,0.0,0.0,,Hawke's Bay Region,Nil,2-way,Sealed,0.0,0.0,0.0,100.0,0.0,Null,0.0,0.0,,30.0,Hastings District,Nil,0.0,0.0,0.0,0.0,0.0,0.0,Open,0.0,0.0,1.0,Fine
391485,1939722.0,5607436.0,545740.0,0.0,0.0,1.0,South,2007/2008,CLIFTON ROAD,EAST ROAD,Minor Crash,No,2007,North,0.0,,Flat,,,,,Dark,1407800.0,1.0,0.0,0.0,2.0,0.0,,,Hawke's Bay Region,Nil,2-way,Sealed,0.0,0.0,,50.0,,On,0.0,0.0,,30.0,Hastings District,Nil,,,,,0.0,0.0,Urban,1.0,,,Light rain
657793,1929787.0,5604779.0,548200.0,0.0,0.0,2.0,North,2002/2003,Z CPK,EASTBOURNE/KARAMU,Non-Injury Crash,No,2002,North,0.0,0.0,Flat,0.0,,0.0,0.0,Overcast,1492000.0,0.0,0.0,0.0,1.0,0.0,1.0,,Hawke's Bay Region,Nil,Off road,Sealed,0.0,0.0,0.0,50.0,0.0,Null,0.0,0.0,,30.0,Hastings District,Nil,0.0,0.0,0.0,0.0,0.0,0.0,Urban,0.0,0.0,0.0,Fine
92903,1896394.0,5629588.0,545913.0,0.0,0.0,1.0,North,2004/2005,TAIHAPE ROAD,GLENROSS ROAD,Non-Injury Crash,No,2004,East,0.0,1.0,Hill Road,0.0,,0.0,0.0,Overcast,1409800.0,0.0,0.0,0.0,2.0,0.0,0.0,,Hawke's Bay Region,Nil,2-way,Sealed,0.0,0.0,0.0,100.0,0.0,Null,0.0,0.0,,30.0,Hastings District,Nil,0.0,0.0,0.0,0.0,0.0,0.0,Open,0.0,0.0,0.0,Light rain
697162,1927577.0,5607439.0,548400.0,0.0,0.0,0.0,Null,2011/2012,OMAHU ROAD,SH 50A,Non-Injury Crash,No,2012,North,0.0,,Flat,,,,,Overcast,1473600.0,0.0,0.0,0.0,2.0,0.0,,,Hawke's Bay Region,Nil,2-way,Sealed,0.0,0.0,,50.0,,Null,1.0,0.0,,30.0,Hastings District,Give way,,,,,0.0,0.0,Urban,1.0,,,Fine
219133,1932284.0,5602133.0,545721.0,0.0,0.0,1.0,East,2005/2006,HAVELOCK ROAD,ST ANDREWS ROAD,Non-Injury Crash,No,2006,East,0.0,0.0,Flat,1.0,,0.0,0.0,Dark,1473000.0,0.0,0.0,0.0,2.0,0.0,0.0,,Hawke's Bay Region,Nil,2-way,Sealed,0.0,0.0,0.0,50.0,0.0,On,0.0,0.0,,30.0,Hastings District,Nil,0.0,0.0,0.0,1.0,0.0,0.0,Urban,0.0,0.0,1.0,Fine
137817,1929939.718,5609259.0295,545710.0,0.0,0.0,1.0,North,2019/2020,HAWKES BAY EXPRESSWAY,EVENDEN ROAD,Minor Crash,Yes,2020,North,0.0,1.0,Flat,0.0,,0.0,0.0,Dark,1471100.0,1.0,0.0,0.0,2.0,0.0,0.0,,Hawke's Bay Region,Nil,1-way,Sealed,0.0,0.0,0.0,100.0,0.0,None,0.0,0.0,,30.0,Hastings District,Unknown,0.0,0.0,0.0,1.0,0.0,0.0,Open,0.0,0.0,0.0,Light rain
690744,1923978.2004,5607722.7653,548611.0,0.0,0.0,1.0,North,2019/2020,KINGSLEY DRIVE,BANGOR STREET,Non-Injury Crash,No,2020,South,0.0,0.0,Flat,0.0,,0.0,0.0,Dark,1470305.0,0.0,0.0,0.0,2.0,0.0,0.0,,Hawke's Bay Region,Nil,2-way,Sealed,0.0,0.0,0.0,30.0,0.0,On,0.0,0.0,,30.0,Hastings District,Nil,0.0,0.0,0.0,1.0,0.0,0.0,Urban,0.0,0.0,0.0,Light rain
173382,1930835.0,5605863.0,548000.0,0.0,0.0,2.0,Null,2016/2017,FREDERICK ST,CAROLINE ROAD,Non-Injury Crash,No,2016,North,0.0,,Flat,,,,,Overcast,1495400.0,0.0,0.0,0.0,2.0,0.0,,,Hawke's Bay Region,Nil,2-way,Sealed,0.0,0.0,,50.0,,Null,0.0,0.0,,30.0,Hastings District,Give way,,,,,0.0,0.0,Urban,0.0,,,Light rain
52453,1928238.0,5605362.0,547900.0,0.0,0.0,1.0,East,2001/2002,GORDON ROAD,KENNEDY ROAD,Minor Crash,No,2002,West,0.0,,Flat,,,,,Bright sun,1480303.0,1.0,0.0,0.0,2.0,0.0,,1.0,Hawke's Bay Region,Nil,2-way,Sealed,0.0,0.0,,50.0,,Null,0.0,0.0,,30.0,Hastings District,Nil,,,,,0.0,0.0,Urban,0.0,,,Fine
443261,1930545.0,5603978.0,548100.0,0.0,0.0,2.0,North,2016/2017,HERETAUNGA ST EAST,PARK ROAD SOUTH,Non-Injury Crash,No,2017,South,0.0,0.0,Flat,0.0,,0.0,0.0,Overcast,1501200.0,0.0,0.0,0.0,2.0,0.0,1.0,,Hawke's Bay Region,Nil,2-way,Sealed,0.0,0.0,0.0,50.0,0.0,Null,0.0,0.0,,30.0,Hastings District,Unknown,0.0,0.0,0.0,0.0,0.0,0.0,Urban,0.0,0.0,0.0,Light rain