OBJECTID,X,Y,areaUnitID,bicycle,bus,carStationWagon,crashDirectionDescription,crashFinancialYear,crashLocation1,crashLocation2,crashSeverity,crashSHDescription,crashYear,directionRoleDescription,fatalCount,fence,flatHill,guardRail,holiday,houseOrBuilding,kerb,light,meshblockId,minorInjuryCount,moped,motorcycle,NumberOfLanes,otherVehicleType,parkedVehicle,pedestrian,region,roadCharacter,roadLane,roadSurface,schoolBus,seriousInjuryCount,slipOrFlood,speedLimit,strayAnimal,streetLight,suv,taxi,temporarySpeedLimit,tlaId,tlaName,trafficControl,trafficIsland,trafficSign,train,tree,truck,unknownVehicleType,urban,vanOrUtility,vehicle,waterRiver,weatherA
41257,1910329.0,5664346.0,545911.0,0.0,0.0,0.0,North,2014/2015,SH 5,MCVICAR ROAD,Non-Injury Crash,Yes,2014,South,0.0,0.0,Hill Road,0.0,,0.0,0.0,Overcast,1414400.0,0.0,0.0,0.0,2.0,0.0,0.0,,Hawke's Bay Region,Nil,2-way,Sealed,0.0,0.0,0.0,100.0,0.0,Null,1.0,0.0,,30.0,Hastings District,Unknown,0.0,0.0,0.0,0.0,0.0,0.0,Open,0.0,0.0,0.0,Heavy rain
674206,1929560.0,5605258.0,548200.0,1.0,0.0,1.0,Null,2008/2009,NELSON ST NORTH,HERETAUNGA ST WEST,Non-Injury Crash,No,2009,East,0.0,,Flat,,,,,Bright sun,1490100.0,0.0,0.0,0.0,2.0,0.0,,,Hawke's Bay Region,Nil,2-way,Sealed,0.0,0.0,,50.0,,Null,0.0,0.0,,30.0,Hastings District,Traffic Signals,,,,,0.0,0.0,Urban,0.0,,,Fine
647422,1927409.0,5602152.0,545762.0,0.0,0.0,2.0,East,2008/2009,LONGLANDS ROAD EAST,RAILWAY ROAD SOUTH,Non-Injury Crash,No,2008,West,0.0,0.0,Flat,0.0,,0.0,0.0,Dark,1468200.0,0.0,0.0,0.0,2.0,0.0,0.0,,Hawke's Bay Region,Nil,2-way,Sealed,0.0,0.0,0.0,100.0,0.0,None,0.0,0.0,,30.0,Hastings District,Nil,0.0,0.0,0.0,0.0,0.0,0.0,Open,0.0,0.0,0.0,Fine
703290,1936684.0,5596571.0,545851.0,0.0,0.0,1.0,Null,2011/2012,WAIMARAMA ROAD,MATANGI ROAD,Fatal Crash,No,2012,South,1.0,0.0,Flat,0.0,,0.0,0.0,Overcast,1467002.0,0.0,0.0,0.0,2.0,0.0,0.0,,Hawke's Bay Region,Bridge,2-way,Sealed,0.0,0.0,0.0,100.0,0.0,Null,0.0,0.0,,30.0,Hastings District,Give way,0.0,0.0,0.0,0.0,0.0,0.0,Open,0.0,0.0,0.0,Fine
187419,1936877.0291,5654902.816000001,545911.0,0.0,0.0,0.0,South,2019/2020,002-0592,RIDGEMOUNT ROAD,Serious Crash,Yes,2019,South,0.0,0.0,Hill Road,1.0,,0.0,0.0,Bright sun,1415200.0,0.0,0.0,1.0,2.0,0.0,0.0,,Hawke's Bay Region,Nil,2-way,Sealed,0.0,1.0,0.0,100.0,0.0,None,0.0,0.0,,30.0,Hastings District,Unknown,0.0,0.0,0.0,0.0,0.0,0.0,Open,0.0,0.0,0.0,Fine
377499,1930835.0,5603666.0,548300.0,0.0,0.0,0.0,Null,2000/2001,HERETAUNGA ST EAST,WINDSOR AVENUE,Non-Injury Crash,No,2001,West,0.0,,Flat,,,,,Overcast,1502700.0,0.0,0.0,0.0,2.0,0.0,,,Hawke's Bay Region,Nil,2-way,Sealed,0.0,0.0,,50.0,,Null,0.0,0.0,,30.0,Hastings District,Stop,,,,,0.0,0.0,Urban,2.0,,,Light rain
77047,1930640.0,5604217.0,548100.0,0.0,1.0,1.0,West,2002/2003,AVENUE ROAD EAST,SYLVAN ROAD,Non-Injury Crash,No,2003,East,0.0,0.0,Flat,0.0,,0.0,0.0,Dark,1501000.0,0.0,0.0,0.0,2.0,0.0,1.0,,Hawke's Bay Region,Nil,2-way,Sealed,0.0,0.0,0.0,50.0,0.0,On,0.0,0.0,,30.0,Hastings District,Nil,0.0,0.0,0.0,0.0,0.0,0.0,Urban,0.0,0.0,0.0,Fine
672015,1935886.0,5645504.0,545811.0,0.0,0.0,2.0,West,2016/2017,SH 2,KAIWAKA ROAD,Non-Injury Crash,Yes,2016,East,0.0,,Flat,,Christmas New Year,,,Bright sun,1415600.0,0.0,0.0,0.0,5.0,0.0,,,Hawke's Bay Region,Nil,2-way,Sealed,0.0,0.0,,100.0,,Null,0.0,0.0,,30.0,Hastings District,Unknown,,,,,0.0,0.0,Open,0.0,,,Fine
294677,1921086.0,5609100.0,545842.0,0.0,0.0,0.0,Null,1999/2000,SH 50,GIMBLETT ROAD,Non-Injury Crash,Yes,2000,North,0.0,,Flat,,,,,Bright sun,1470308.0,0.0,0.0,0.0,2.0,0.0,,,Hawke's Bay Region,Nil,2-way,Sealed,0.0,0.0,,100.0,,Null,0.0,0.0,,30.0,Hastings District,Nil,,,,,2.0,0.0,Open,0.0,,,Fine
531911,1930935.0,5613540.0,545831.0,0.0,0.0,2.0,Null,2011/2012,NAPIER-HASTINGS EXPRESSWA,LINKS ROAD,Non-Injury Crash,Yes,2012,East,0.0,,Flat,,,,,Bright sun,1404600.0,0.0,0.0,0.0,2.0,0.0,,,Hawke's Bay Region,Nil,2-way,Sealed,0.0,0.0,,100.0,,Null,0.0,0.0,,30.0,Hastings District,Give way,,,,,1.0,0.0,Open,0.0,,,Fine
513953,1929851.0,5605477.0,548200.0,0.0,0.0,1.0,Null,2006/2007,NELSON ST NORTH,ST AUBYN ST WEST,Non-Injury Crash,No,2006,West,0.0,,Flat,,,,,Bright sun,1491000.0,0.0,0.0,0.0,2.0,0.0,,,Hawke's Bay Region,Nil,2-way,Sealed,0.0,0.0,,50.0,,Null,0.0,0.0,,30.0,Hastings District,Traffic Signals,,,,,0.0,0.0,Urban,1.0,,,Fine
388461,1929464.0,5605185.0,548200.0,0.0,0.0,2.0,Null,2000/2001,NELSON ST SOUTH,EASTBOURNE ST WEST,Non-Injury Crash,No,2000,North,0.0,,Flat,,,,,Bright sun,1488900.0,0.0,0.0,0.0,2.0,0.0,,,Hawke's Bay Region,Nil,2-way,Sealed,0.0,0.0,,50.0,,Null,0.0,0.0,,30.0,Hastings District,Give way,,,,,0.0,0.0,Urban,0.0,,,Fine
489342,1933297.0,5608841.0,545722.0,0.0,0.0,1.0,Null,2002/2003,RANGITANE ROAD,JOHNSTON WAY,Non-Injury Crash,No,2002,East,0.0,1.0,Flat,0.0,,0.0,0.0,Dark,1405700.0,0.0,0.0,0.0,2.0,0.0,0.0,,Hawke's Bay Region,Nil,2-way,Sealed,0.0,0.0,0.0,100.0,0.0,On,0.0,0.0,,30.0,Hastings District,Give way,0.0,0.0,0.0,0.0,0.0,0.0,Open,0.0,0.0,0.0,Light rain
682440,1924088.0,5607419.0,548612.0,0.0,0.0,1.0,Null,2002/2003,BAKER ST,BURTON CRESCENT,Non-Injury Crash,No,2002,North,0.0,0.0,Flat,0.0,,0.0,0.0,Dark,1474003.0,0.0,0.0,0.0,2.0,0.0,0.0,,Hawke's Bay Region,Nil,2-way,Sealed,0.0,0.0,0.0,50.0,0.0,On,0.0,0.0,,30.0,Hastings District,Nil,0.0,0.0,0.0,0.0,0.0,0.0,Urban,0.0,0.0,0.0,Fine
195933,1928821.0962,5602770.4772,545762.0,0.0,0.0,1.0,South,2019/2020,RIVERSLEA ROAD SOUTH,TOLLEMACHE ROAD EAST,Non-Injury Crash,No,2019,South,0.0,0.0,Flat,0.0,,0.0,0.0,Bright sun,1468100.0,0.0,0.0,0.0,2.0,0.0,0.0,,Hawke's Bay Region,Nil,2-way,Sealed,0.0,0.0,0.0,100.0,0.0,None,0.0,0.0,,30.0,Hastings District,Unknown,0.0,0.0,0.0,0.0,0.0,0.0,Open,0.0,0.0,0.0,Fine
444474,1928537.0,5606471.0,548500.0,0.0,0.0,2.0,Null,2010/2011,Z CPK HOSPITAL,OMAHU ROAD,Non-Injury Crash,No,2011,South,0.0,,Flat,,,,,Bright sun,1478700.0,0.0,0.0,0.0,1.0,0.0,,,Hawke's Bay Region,Nil,Off road,Sealed,0.0,0.0,,50.0,,Null,0.0,0.0,,30.0,Hastings District,Nil,,,,,0.0,0.0,Urban,0.0,,,Fine
241740,1935324.0,5607186.0,545722.0,0.0,0.0,1.0,South,2006/2007,LAWN ROAD,MILL ROAD,Serious Crash,No,2006,North,0.0,1.0,Flat,0.0,,0.0,0.0,Overcast,1406300.0,0.0,0.0,0.0,2.0,0.0,0.0,,Hawke's Bay Region,Nil,2-way,Sealed,0.0,1.0,0.0,100.0,0.0,Null,0.0,0.0,,30.0,Hastings District,Nil,0.0,0.0,0.0,1.0,0.0,0.0,Open,0.0,0.0,0.0,Fine
688680,1929356.0,5605478.0,547700.0,0.0,0.0,2.0,West,2003/2004,CHARLES ST,HERETAUNGA ST WEST,Non-Injury Crash,No,2003,East,0.0,,Flat,,,,,Bright sun,1487700.0,0.0,0.0,0.0,2.0,0.0,,,Hawke's Bay Region,Nil,2-way,Sealed,0.0,0.0,,50.0,,Null,0.0,0.0,,30.0,Hastings District,Give way,,,,,0.0,0.0,Urban,0.0,,,Fine
10144,1931038.0,5605564.0,548000.0,0.0,0.0,1.0,Null,2010/2011,KARAMU ROAD NORTH,GROVE ROAD,Non-Injury Crash,No,2011,North,0.0,,Flat,,,,,Bright sun,1495700.0,0.0,0.0,0.0,3.0,0.0,,,Hawke's Bay Region,Nil,2-way,Sealed,0.0,0.0,,50.0,,Null,1.0,0.0,,30.0,Hastings District,Traffic Signals,,,,,0.0,0.0,Urban,0.0,,,Fine
486409,1925555.0,5603145.0,545842.0,0.0,0.0,2.0,Null,2009/2010,SH 50A,LONGLANDS ROAD WEST,Non-Injury Crash,Yes,2010,South,0.0,,Flat,,,,,Bright sun,1470213.0,0.0,0.0,0.0,2.0,0.0,,,Hawke's Bay Region,Nil,2-way,Sealed,0.0,0.0,,100.0,,Null,0.0,0.0,,30.0,Hastings District,Give way,,,,,0.0,0.0,Open,0.0,,,Fine
79214,1928866.0,5600963.0,545852.0,0.0,0.0,1.0,East,2002/2003,TE AUTE ROAD,LONGLANDS ROAD EAST,Minor Crash,No,2002,East,0.0,1.0,Flat,0.0,,0.0,0.0,Bright sun,1465700.0,1.0,0.0,0.0,2.0,0.0,0.0,,Hawke's Bay Region,Nil,2-way,Sealed,0.0,0.0,0.0,100.0,0.0,Null,0.0,0.0,,30.0,Hastings District,Nil,0.0,0.0,0.0,0.0,0.0,0.0,Open,0.0,0.0,1.0,Fine
664365,1931999.0,5601146.0,548810.0,0.0,0.0,1.0,East,2008/2009,UPHAM ST,ELLIOTT CRESCENT,Non-Injury Crash,No,2009,West,0.0,0.0,Flat,0.0,,0.0,0.0,Dark,1505500.0,0.0,0.0,0.0,2.0,0.0,1.0,,Hawke's Bay Region,Nil,2-way,Sealed,0.0,0.0,0.0,50.0,0.0,On,0.0,0.0,,30.0,Hastings District,Nil,0.0,0.0,0.0,0.0,0.0,0.0,Urban,1.0,0.0,0.0,Fine
319490,1925604.0,5603606.0,545842.0,0.0,0.0,1.0,North,2001/2002,SH 50A,LONGLANDS ROAD WEST,Non-Injury Crash,Yes,2002,South,0.0,1.0,Flat,0.0,Easter,0.0,0.0,Overcast,1470214.0,0.0,0.0,0.0,2.0,0.0,0.0,,Hawke's Bay Region,Nil,2-way,Sealed,0.0,0.0,0.0,100.0,0.0,Null,0.0,0.0,,30.0,Hastings District,Nil,0.0,0.0,0.0,0.0,0.0,0.0,Open,0.0,0.0,0.0,Fine
360562,1942958.0,5604415.0,545740.0,0.0,0.0,1.0,East,2007/2008,CLIFTON ROAD,CHARLTON ROAD,Minor Crash,No,2008,West,0.0,1.0,Flat,0.0,,0.0,0.0,Dark,1408100.0,1.0,0.0,0.0,2.0,0.0,0.0,,Hawke's Bay Region,Nil,2-way,Sealed,0.0,0.0,0.0,100.0,0.0,None,0.0,0.0,,30.0,Hastings District,Nil,0.0,0.0,0.0,1.0,0.0,0.0,Open,0.0,0.0,0.0,Fine
635835,1909765.0,5604663.0,545841.0,0.0,0.0,1.0,South,2005/2006,SH 50,WHAKAPIRAU ROAD,Non-Injury Crash,Yes,2006,North,0.0,1.0,Flat,0.0,,0.0,0.0,Dark,1462700.0,0.0,0.0,0.0,2.0,0.0,0.0,,Hawke's Bay Region,Nil,2-way,Sealed,0.0,0.0,0.0,100.0,0.0,None,0.0,0.0,,30.0,Hastings District,Nil,0.0,1.0,0.0,0.0,0.0,0.0,Open,0.0,0.0,0.0,Light rain
500744,1924726.549,5607828.101,548612.0,0.0,0.0,2.0,West,2018/2019,FLAXMERE AVENUE,MARGATE AVENUE,Non-Injury Crash,No,2019,Null,0.0,0.0,Flat,0.0,,0.0,0.0,Dark,1474106.0,0.0,0.0,0.0,2.0,0.0,2.0,,Hawke's Bay Region,Nil,2-way,Sealed,0.0,0.0,0.0,50.0,0.0,On,0.0,0.0,,30.0,Hastings District,Unknown,0.0,0.0,0.0,0.0,0.0,1.0,Urban,0.0,0.0,0.0,Mist or Fog
25818,1928381.0,5613666.0,545831.0,0.0,0.0,2.0,South,2007/2008,SH 50,OMARUNUI ROAD,Minor Crash,Yes,2007,North,0.0,0.0,Flat,0.0,,0.0,0.0,Dark,1409400.0,2.0,0.0,0.0,2.0,0.0,0.0,,Hawke's Bay Region,Nil,2-way,Sealed,0.0,0.0,0.0,100.0,0.0,None,0.0,0.0,,30.0,Hastings District,Nil,0.0,0.0,0.0,0.0,0.0,0.0,Open,0.0,0.0,0.0,Fine
232329,1926080.0,5606737.0,545761.0,0.0,0.0,2.0,Null,2017/2018,WILSON ROAD,FOLKESTONE DRIVE,Non-Injury Crash,No,2017,North,0.0,,Flat,,,,,Bright sun,1469905.0,0.0,0.0,0.0,2.0,0.0,,,Hawke's Bay Region,Nil,2-way,Sealed,0.0,0.0,,50.0,,Null,0.0,0.0,,30.0,Hastings District,Give way,,,,,0.0,0.0,Urban,0.0,,,Fine
20509,1925001.0,5618007.0,545821.0,0.0,0.0,1.0,South,2003/2004,SWAMP ROAD,OMARUNUI SETTLEMENT ROAD,Non-Injury Crash,No,2003,South,0.0,,Flat,,,,,Overcast,1408500.0,0.0,0.0,0.0,2.0,1.0,,,Hawke's Bay Region,Nil,2-way,Sealed,0.0,0.0,,100.0,,Null,0.0,0.0,,30.0,Hastings District,Nil,,,,,0.0,0.0,Open,0.0,,,Fine
83386,1930493.0,5610320.0,545832.0,0.0,0.0,2.0,North,2002/2003,SH 50A,EVENDEN ROAD,Non-Injury Crash,Yes,2003,North,0.0,,Flat,,,,,Twilight,1404400.0,0.0,0.0,0.0,2.0,0.0,,,Hawke's Bay Region,Bridge,2-way,Sealed,0.0,0.0,,100.0,,None,0.0,0.0,,30.0,Hastings District,Nil,,,,,0.0,0.0,Open,1.0,,,Light rain
674835,1915364.0,5586073.0,545851.0,0.0,0.0,1.0,West,2000/2001,TE AUTE TRUST ROAD,PUKEKURA SETTLEMENT ROAD,Minor Crash,No,2000,West,0.0,0.0,Hill Road,0.0,,0.0,0.0,Overcast,1466101.0,1.0,0.0,0.0,2.0,0.0,0.0,,Hawke's Bay Region,Nil,2-way,Sealed,0.0,0.0,0.0,100.0,0.0,None,0.0,0.0,,30.0,Hastings District,Nil,0.0,0.0,0.0,0.0,0.0,0.0,Open,0.0,0.0,0.0,Light rain
676581,1918262.0,5582950.0,545851.0,0.0,0.0,1.0,North,2004/2005,MIDDLE ROAD,TE AUTE TRUST ROAD,Non-Injury Crash,No,2005,North,0.0,0.0,Hill Road,0.0,,0.0,0.0,Dark,1466102.0,0.0,0.0,0.0,2.0,0.0,0.0,,Hawke's Bay Region,Nil,2-way,Sealed,0.0,0.0,0.0,100.0,0.0,None,0.0,0.0,,30.0,Hastings District,Nil,0.0,0.0,0.0,0.0,0.0,0.0,Open,0.0,0.0,0.0,Light rain
651136,1929464.0,5605185.0,548200.0,0.0,0.0,1.0,Null,2001/2002,EASTBOURNE ST WEST,NELSON ST SOUTH,Non-Injury Crash,No,2002,North,0.0,0.0,Flat,0.0,,0.0,0.0,Bright sun,1488900.0,0.0,0.0,0.0,2.0,0.0,0.0,,Hawke's Bay Region,Nil,2-way,Sealed,0.0,0.0,0.0,50.0,0.0,Null,0.0,0.0,,30.0,Hastings District,Give way,1.0,1.0,0.0,0.0,0.0,0.0,Urban,1.0,0.0,0.0,Fine
630378,1929560.0,5605258.0,548200.0,0.0,0.0,2.0,Null,2001/2002,NELSON ST SOUTH,HERETAUNGA ST WEST,Non-Injury Crash,No,2001,North,0.0,,Flat,,,,,Bright sun,1490100.0,0.0,0.0,0.0,4.0,0.0,,,Hawke's Bay Region,Nil,2-way,Sealed,0.0,0.0,,50.0,,Null,0.0,0.0,,30.0,Hastings District,Traffic Signals,,,,,0.0,0.0,Urban,0.0,,,Fine
270651,1929464.0,5605185.0,548200.0,0.0,0.0,2.0,Null,2000/2001,NELSON ST SOUTH,EASTBOURNE ST WEST,Non-Injury Crash,No,2000,North,0.0,,Flat,,,,,Bright sun,1488900.0,0.0,0.0,0.0,2.0,0.0,,,Hawke's Bay Region,Nil,2-way,Sealed,0.0,0.0,,50.0,,Null,0.0,0.0,,30.0,Hastings District,Give way,,,,,0.0,0.0,Urban,0.0,,,Fine
424741,1931970.0,5601544.0,548810.0,0.0,0.0,1.0,Null,2009/2010,TE AUTE ROAD,LIPSCOMBE CRESCENT,Non-Injury Crash,No,2009,South,0.0,0.0,Flat,0.0,,0.0,0.0,Dark,1505000.0,0.0,0.0,0.0,2.0,0.0,0.0,,Hawke's Bay Region,Nil,2-way,Sealed,0.0,0.0,0.0,50.0,0.0,On,0.0,0.0,,30.0,Hastings District,Give way,0.0,1.0,0.0,1.0,0.0,0.0,Urban,0.0,0.0,0.0,Mist or Fog
237385,1928474.7175,5606575.1204,547800.0,0.0,0.0,1.0,North,2020/2021,OMAHU ROAD,HAPUKU STREET,Non-Injury Crash,No,2020,Null,0.0,,Null,,,,,Unknown,1477400.0,0.0,0.0,0.0,2.0,0.0,,,Hawke's Bay Region,Nil,2-way,Sealed,0.0,0.0,,50.0,,Null,0.0,0.0,,30.0,Hastings District,Nil,,,,,0.0,0.0,Urban,0.0,,,Null
537313,1930940.8091,5613575.7065,545831.0,0.0,0.0,2.0,Null,2019/2020,HAWKES BAY EXPRESSWAY,PAKOWHAI ROAD,Non-Injury Crash,Yes,2020,West,0.0,,Flat,,,,,Bright sun,1404600.0,0.0,0.0,0.0,4.0,0.0,,,Hawke's Bay Region,Nil,2-way,Sealed,0.0,0.0,,100.0,,Off,0.0,0.0,,30.0,Hastings District,Give way,,,,,1.0,0.0,Open,0.0,,,Fine
740692,1931930.0,5611979.0,545832.0,0.0,0.0,2.0,North,2008/2009,PAKOWHAI ROAD,CHESTERHOPE ROAD,Non-Injury Crash,No,2008,South,0.0,,Flat,,,,,Dark,1403900.0,0.0,0.0,0.0,2.0,0.0,,,Hawke's Bay Region,Nil,2-way,Sealed,0.0,0.0,,100.0,,None,0.0,0.0,,30.0,Hastings District,Nil,,,,,0.0,0.0,Open,0.0,,,Fine
41176,1929021.0,5605970.0,547700.0,0.0,0.0,1.0,South,2003/2004,HERETAUNGA ST WEST,DAVIS ST,Minor Crash,No,2003,North,0.0,,Flat,,,,,Bright sun,1487400.0,1.0,0.0,0.0,2.0,0.0,,,Hawke's Bay Region,Nil,2-way,Sealed,0.0,0.0,,50.0,,Null,0.0,0.0,,30.0,Hastings District,Nil,,,,,0.0,0.0,Urban,2.0,,,Fine
594752,1930442.0,5605198.0,548200.0,0.0,0.0,2.0,South,2009/2010,KARAMU ROAD NORTH,ALBERT ST,Non-Injury Crash,No,2009,South,0.0,,Flat,,,,,Bright sun,1494100.0,0.0,0.0,0.0,2.0,0.0,,,Hawke's Bay Region,Nil,2-way,Sealed,0.0,0.0,,50.0,,Null,0.0,0.0,,30.0,Hastings District,Nil,,,,,0.0,0.0,Urban,0.0,,,Fine
61246,1918109.2005,5649943.1159,545912.0,0.0,0.0,1.0,North,2019/2020,SH 5,TE POHUE LOOP ROAD,Non-Injury Crash,Yes,2019,North,0.0,1.0,Hill Road,0.0,,0.0,0.0,Overcast,1414504.0,0.0,0.0,0.0,2.0,0.0,0.0,,Hawke's Bay Region,Nil,2-way,Sealed,0.0,0.0,0.0,100.0,0.0,None,0.0,0.0,,30.0,Hastings District,Unknown,0.0,0.0,0.0,0.0,0.0,0.0,Open,0.0,0.0,0.0,Light rain
81459,1911375.0,5663701.0,545911.0,0.0,0.0,0.0,North,2017/2018,SH 5,TE HAROTO PO,Serious Crash,Yes,2017,South,0.0,0.0,Hill Road,0.0,,0.0,0.0,Bright sun,1414400.0,0.0,0.0,0.0,2.0,0.0,0.0,,Hawke's Bay Region,Nil,2-way,Sealed,0.0,1.0,0.0,100.0,0.0,Null,0.0,0.0,70.0,30.0,Hastings District,Unknown,0.0,0.0,0.0,0.0,2.0,0.0,Open,0.0,0.0,0.0,Fine
246416,1934137.0,5601878.0,548831.0,0.0,0.0,1.0,West,2006/2007,TE MATA ROAD,JAMES COOK ST,Minor Crash,No,2006,West,0.0,,Flat,,,,,Bright sun,1510100.0,1.0,1.0,0.0,2.0,0.0,,,Hawke's Bay Region,Nil,2-way,Sealed,0.0,0.0,,50.0,,Null,0.0,0.0,,30.0,Hastings District,Nil,,,,,0.0,0.0,Urban,0.0,,,Fine
414493,1923445.0,5612033.0,545821.0,0.0,0.0,0.0,East,2004/2005,SH 50,HAKIWAI ROAD,Non-Injury Crash,Yes,2005,East,0.0,0.0,Flat,0.0,,0.0,0.0,Dark,1408600.0,0.0,0.0,0.0,2.0,0.0,0.0,,Hawke's Bay Region,Nil,2-way,Sealed,0.0,0.0,0.0,100.0,0.0,None,0.0,0.0,,30.0,Hastings District,Nil,0.0,0.0,0.0,0.0,0.0,0.0,Open,1.0,0.0,0.0,Fine
739912,1932702.0,5611843.0,545832.0,0.0,0.0,1.0,Null,2012/2013,GILBERTSON ROAD,BROOKFIELDS ROAD,Minor Crash,No,2013,East,0.0,1.0,Flat,0.0,,0.0,0.0,Bright sun,1403900.0,2.0,0.0,0.0,2.0,0.0,0.0,,Hawke's Bay Region,Nil,2-way,Sealed,0.0,0.0,0.0,100.0,0.0,Null,1.0,0.0,,30.0,Hastings District,Give way,0.0,0.0,0.0,0.0,0.0,0.0,Open,0.0,0.0,0.0,Fine
428715,1909032.0,5674669.0,545911.0,0.0,0.0,1.0,North,2002/2003,SH 5,TARAWERA TAV,Non-Injury Crash,Yes,2003,North,0.0,0.0,Hill Road,0.0,,0.0,0.0,Overcast,1281200.0,0.0,0.0,0.0,2.0,0.0,0.0,,Hawke's Bay Region,Nil,2-way,Sealed,0.0,0.0,0.0,100.0,0.0,Null,0.0,0.0,,30.0,Hastings District,Nil,0.0,0.0,0.0,0.0,0.0,0.0,Open,0.0,0.0,0.0,Light rain
99382,1932811.0,5603325.0,545721.0,0.0,0.0,0.0,South,2003/2004,CROSSES ROAD,ST GEORGES ROAD,Minor Crash,No,2003,North,0.0,,Flat,,,,,Dark,1473100.0,1.0,0.0,1.0,2.0,0.0,,,Hawke's Bay Region,Nil,2-way,Sealed,0.0,0.0,,100.0,,None,0.0,0.0,,30.0,Hastings District,Nil,,,,,0.0,0.0,Open,0.0,,,Fine
372325,1927635.0,5607391.0,547800.0,0.0,0.0,1.0,Null,2017/2018,OMAHU ROAD,SH 50A,Non-Injury Crash,No,2018,North,0.0,,Flat,,,,,Bright sun,1476600.0,0.0,1.0,0.0,4.0,0.0,,,Hawke's Bay Region,Nil,2-way,Sealed,0.0,0.0,,50.0,,Null,0.0,0.0,,30.0,Hastings District,Give way,,,,,0.0,0.0,Urban,0.0,,,Fine
489592,1927296.0,5605131.0,545761.0,0.0,0.0,3.0,Null,2015/2016,YORK ROAD,MARAEKAKAHO ROAD,Non-Injury Crash,No,2015,West,0.0,,Flat,,,,,Bright sun,1469905.0,0.0,0.0,0.0,2.0,0.0,,,Hawke's Bay Region,Nil,2-way,Sealed,0.0,0.0,,100.0,,Null,0.0,0.0,,30.0,Hastings District,Give way,,,,,0.0,0.0,Open,0.0,,,Fine
100506,1929464.0,5605185.0,548200.0,0.0,0.0,1.0,Null,2009/2010,NELSON ST SOUTH,EASTBOURNE ST WEST,Serious Crash,No,2010,North,0.0,,Flat,,,,,Overcast,1488900.0,0.0,0.0,0.0,2.0,0.0,,,Hawke's Bay Region,Nil,2-way,Sealed,0.0,3.0,,50.0,,Null,0.0,0.0,,30.0,Hastings District,Stop,,,,,1.0,0.0,Urban,0.0,,,Heavy rain
662056,1928778.0,5600972.0,545852.0,0.0,0.0,2.0,West,2006/2007,TE AUTE ROAD,LONGLANDS ROAD EAST,Non-Injury Crash,No,2007,West,0.0,,Flat,,,,,Bright sun,1465700.0,0.0,0.0,0.0,2.0,0.0,,,Hawke's Bay Region,Nil,2-way,Sealed,0.0,0.0,,100.0,,Null,0.0,0.0,,30.0,Hastings District,Nil,,,,,0.0,0.0,Open,0.0,,,Fine
309098,1932652.0,5609542.0,545832.0,0.0,0.0,2.0,Null,2003/2004,CHESTERHOPE BRIDGE,FARNDON ROAD,Non-Injury Crash,No,2003,South,0.0,,Flat,,,,,Dark,1404300.0,0.0,0.0,0.0,2.0,0.0,,,Hawke's Bay Region,Nil,2-way,Sealed,0.0,0.0,,100.0,,On,0.0,0.0,,30.0,Hastings District,Give way,,,,,0.0,0.0,Open,0.0,,,Fine
74919,1929634.0,5605762.0,548200.0,0.0,0.0,3.0,Null,2000/2001,ST AUBYN ST WEST,TOMOANA ROAD,Non-Injury Crash,No,2001,East,0.0,1.0,Flat,0.0,,0.0,0.0,Dark,1490300.0,0.0,0.0,0.0,2.0,0.0,0.0,,Hawke's Bay Region,Nil,2-way,Sealed,0.0,0.0,0.0,50.0,0.0,On,0.0,0.0,,30.0,Hastings District,Nil,0.0,0.0,0.0,0.0,0.0,0.0,Urban,0.0,0.0,0.0,Fine
116802,1931613.0,5608421.0,545710.0,0.0,0.0,2.0,Null,2007/2008,PAKOWHAI ROAD,ELWOOD ROAD,Minor Crash,No,2007,West,0.0,,Flat,,,,,Twilight,1471100.0,1.0,0.0,0.0,3.0,0.0,,,Hawke's Bay Region,Nil,2-way,Sealed,0.0,0.0,,100.0,,None,0.0,0.0,,30.0,Hastings District,Give way,,,,,0.0,0.0,Open,0.0,,,Light rain
444303,1923821.0,5608105.0,548611.0,0.0,0.0,2.0,Null,2000/2001,FLAXMERE AVENUE,BLYTH ST,Serious Crash,No,2001,East,0.0,,Flat,,,,,Twilight,1470314.0,0.0,0.0,0.0,2.0,0.0,,,Hawke's Bay Region,Nil,2-way,Sealed,0.0,1.0,,50.0,,Off,0.0,0.0,,30.0,Hastings District,Nil,,,,,0.0,0.0,Urban,0.0,,,Fine
188529,1927296.0,5605131.0,545761.0,0.0,0.0,1.0,Null,2017/2018,YORK ROAD,MARAEKAKAHO ROAD,Minor Crash,No,2017,South,0.0,,Flat,,,,,Bright sun,1469905.0,1.0,0.0,0.0,2.0,0.0,,,Hawke's Bay Region,Nil,2-way,Sealed,0.0,0.0,,70.0,,Null,1.0,0.0,,30.0,Hastings District,Give way,,,,,0.0,0.0,Urban,0.0,,,Fine