OBJECTID,X,Y,areaUnitID,bicycle,bus,carStationWagon,crashDirectionDescription,crashFinancialYear,crashLocation1,crashLocation2,crashSeverity,crashSHDescription,crashYear,directionRoleDescription,fatalCount,fence,flatHill,guardRail,holiday,houseOrBuilding,kerb,light,meshblockId,minorInjuryCount,moped,motorcycle,NumberOfLanes,otherVehicleType,parkedVehicle,pedestrian,region,roadCharacter,roadLane,roadSurface,schoolBus,seriousInjuryCount,slipOrFlood,speedLimit,strayAnimal,streetLight,suv,taxi,temporarySpeedLimit,tlaId,tlaName,trafficControl,trafficIsland,trafficSign,train,tree,truck,unknownVehicleType,urban,vanOrUtility,vehicle,waterRiver,weatherA
4410,1937034.0,5613418.0,545832.0,0.0,0.0,1.0,North,2000/2001,SH 2,FARNDON ROAD,Minor Crash,Yes,2001,North,0.0,,Flat,,,,,Bright sun,1404000.0,2.0,0.0,0.0,2.0,0.0,,,Hawke's Bay Region,Bridge,2-way,Sealed,0.0,0.0,,100.0,,Null,0.0,0.0,,30.0,Hastings District,Nil,,,,,0.0,0.0,Open,1.0,,,Fine
591635,1938630.0,5580777.0,545860.0,0.0,0.0,1.0,South,2007/2008,TE APITI ROAD,WAIMARAMA ROAD,Non-Injury Crash,No,2008,South,0.0,0.0,Hill Road,0.0,,0.0,0.0,Dark,1467801.0,0.0,0.0,0.0,2.0,0.0,0.0,,Hawke's Bay Region,Nil,2-way,Unsealed,0.0,0.0,0.0,100.0,0.0,None,0.0,0.0,,30.0,Hastings District,Nil,0.0,0.0,0.0,1.0,0.0,0.0,Open,0.0,0.0,0.0,Heavy rain
482941,1928517.0,5606029.0,547700.0,0.0,0.0,1.0,East,2003/2004,SOUTHAMPTON ST WEST,MARAEKAKAHO ROAD,Non-Injury Crash,No,2004,West,0.0,0.0,Flat,0.0,,0.0,0.0,Dark,1486500.0,0.0,0.0,0.0,2.0,0.0,0.0,,Hawke's Bay Region,Nil,2-way,Sealed,0.0,0.0,0.0,50.0,0.0,On,0.0,0.0,,30.0,Hastings District,Nil,0.0,0.0,0.0,0.0,0.0,0.0,Urban,0.0,0.0,0.0,Mist or Fog
420419,1931959.8686,5600619.8758,548821.0,0.0,0.0,1.0,South,2019/2020,BREADALBANE ROAD,KAWEKA PLACE,Non-Injury Crash,No,2020,South,0.0,0.0,Hill Road,0.0,,0.0,0.0,Bright sun,1465508.0,0.0,0.0,0.0,2.0,0.0,1.0,,Hawke's Bay Region,Nil,2-way,Sealed,0.0,0.0,0.0,50.0,0.0,Off,1.0,0.0,,30.0,Hastings District,Unknown,0.0,0.0,0.0,0.0,0.0,0.0,Urban,0.0,0.0,0.0,Fine
439797,1911162.0,5663819.0,545911.0,0.0,0.0,0.0,South,2016/2017,SH 5,SUMMIT KIOSK,Non-Injury Crash,Yes,2016,East,0.0,0.0,Hill Road,1.0,Labour Weekend,0.0,0.0,Overcast,1414400.0,0.0,0.0,0.0,2.0,0.0,0.0,,Hawke's Bay Region,Nil,2-way,Sealed,0.0,0.0,0.0,100.0,0.0,Null,1.0,0.0,,30.0,Hastings District,Unknown,0.0,0.0,0.0,0.0,0.0,0.0,Open,0.0,0.0,0.0,Light rain
556987,1930153.0,5605007.0,548200.0,0.0,0.0,1.0,South,2002/2003,KARAMU ROAD NORTH,ST AUBYN ST EAST,Non-Injury Crash,No,2003,East,0.0,,Flat,,,,,Bright sun,1492300.0,0.0,0.0,0.0,3.0,0.0,,,Hawke's Bay Region,Nil,2-way,Sealed,0.0,0.0,,50.0,,Null,0.0,0.0,,30.0,Hastings District,Nil,,,,,0.0,0.0,Urban,1.0,,,Fine
184378,1929634.0,5605762.0,548200.0,0.0,0.0,2.0,Null,2007/2008,TOMOANA ROAD,ST AUBYN ST WEST,Non-Injury Crash,No,2007,South,0.0,,Flat,,Labour Weekend,,,Bright sun,1490300.0,0.0,0.0,0.0,4.0,0.0,,,Hawke's Bay Region,Nil,2-way,Sealed,0.0,0.0,,50.0,,Null,0.0,0.0,,30.0,Hastings District,Traffic Signals,,,,,0.0,0.0,Urban,0.0,,,Fine
306583,1929548.0,5604672.0,548200.0,0.0,0.0,1.0,Null,2004/2005,RAILWAY ROAD,SOUTHAMPTON ST WEST,Non-Injury Crash,No,2004,West,0.0,0.0,Flat,0.0,,0.0,0.0,Dark,1489700.0,0.0,0.0,0.0,2.0,0.0,0.0,,Hawke's Bay Region,Rail xing,2-way,Sealed,0.0,0.0,0.0,50.0,0.0,On,0.0,0.0,,30.0,Hastings District,Traffic Signals,0.0,1.0,0.0,0.0,0.0,0.0,Urban,0.0,0.0,0.0,Fine
611902,1932507.0,5601546.0,548821.0,0.0,0.0,1.0,South,2018/2019,PORTER DRIVE,MIDDLE ROAD,Non-Injury Crash,No,2018,North,0.0,0.0,Flat,1.0,,0.0,0.0,Overcast,1507001.0,0.0,0.0,0.0,2.0,0.0,0.0,,Hawke's Bay Region,Nil,2-way,Sealed,0.0,0.0,0.0,50.0,0.0,Null,0.0,0.0,,30.0,Hastings District,Unknown,0.0,0.0,0.0,0.0,0.0,0.0,Urban,0.0,0.0,0.0,Fine
200958,1921625.0,5621054.0,545821.0,0.0,0.0,0.0,East,2016/2017,DARTMOOR ROAD,APLEY ROAD,Serious Crash,No,2016,West,0.0,1.0,Flat,0.0,Christmas New Year,0.0,0.0,Bright sun,1411400.0,0.0,0.0,1.0,2.0,0.0,0.0,,Hawke's Bay Region,Nil,2-way,Sealed,0.0,1.0,0.0,100.0,0.0,Null,0.0,0.0,,30.0,Hastings District,Unknown,0.0,0.0,0.0,0.0,0.0,0.0,Open,0.0,0.0,0.0,Fine
282490,1926504.0,5607995.0,545710.0,0.0,0.0,2.0,East,2002/2003,OMAHU ROAD,HENDERSON ROAD,Non-Injury Crash,No,2002,West,0.0,,Flat,,,,,Bright sun,1470900.0,0.0,0.0,0.0,2.0,0.0,,,Hawke's Bay Region,Nil,2-way,Sealed,0.0,0.0,,70.0,,Null,0.0,0.0,,30.0,Hastings District,Nil,,,,,0.0,0.0,Urban,0.0,,,Fine
87931,1930932.0,5604389.0,548100.0,0.0,0.0,2.0,North,2015/2016,SYLVAN ROAD,ELLISON ROAD,Non-Injury Crash,No,2015,South,0.0,0.0,Flat,0.0,,0.0,0.0,Dark,1499400.0,0.0,0.0,0.0,1.0,0.0,1.0,,Hawke's Bay Region,Nil,2-way,Sealed,0.0,0.0,0.0,50.0,0.0,On,0.0,0.0,,30.0,Hastings District,Unknown,0.0,0.0,0.0,0.0,0.0,0.0,Urban,0.0,0.0,0.0,Fine
556981,1933354.0,5601989.0,548831.0,0.0,0.0,0.0,Null,2011/2012,TE MATA ROAD,DANVERS ST,Non-Injury Crash,No,2012,West,0.0,,Flat,,,,,Bright sun,1509900.0,0.0,0.0,0.0,2.0,0.0,,,Hawke's Bay Region,Nil,2-way,Sealed,0.0,0.0,,50.0,,Null,0.0,0.0,,30.0,Hastings District,Give way,,,,,0.0,0.0,Urban,2.0,,,Fine
96007,1929968.0,5604514.0,548200.0,0.0,0.0,1.0,South,2016/2017,EASTBOURNE ST EAST,HASTINGS ST SOUTH,Non-Injury Crash,No,2016,North,0.0,,Flat,,,,,Bright sun,1493800.0,0.0,0.0,0.0,2.0,0.0,,,Hawke's Bay Region,Nil,2-way,Sealed,0.0,0.0,,50.0,,Null,0.0,0.0,,30.0,Hastings District,Unknown,,,,,0.0,0.0,Urban,1.0,,,Fine
533853,1930047.0,5605120.0,548200.0,0.0,0.0,2.0,South,2004/2005,Z CPK K-MART,ST AUBYN/RUSSELL,Non-Injury Crash,No,2004,North,0.0,0.0,Flat,0.0,,0.0,0.0,Overcast,1492300.0,0.0,0.0,0.0,0.0,0.0,1.0,,Hawke's Bay Region,Nil,Off road,Sealed,0.0,0.0,0.0,50.0,0.0,Null,0.0,0.0,,30.0,Hastings District,Nil,0.0,0.0,0.0,0.0,0.0,0.0,Urban,0.0,0.0,0.0,Fine
6300,1928387.0,5602296.0,545762.0,0.0,0.0,2.0,Null,2001/2002,RIVERSLEA ROAD SOUTH,ALGERNON ROAD,Non-Injury Crash,No,2001,South,0.0,,Flat,,,,,Bright sun,1468100.0,0.0,0.0,0.0,2.0,0.0,,,Hawke's Bay Region,Nil,2-way,Sealed,0.0,0.0,,100.0,,Null,0.0,0.0,,30.0,Hastings District,Give way,,,,,0.0,0.0,Open,0.0,,,Fine
597174,1927762.0,5604074.0,545761.0,0.0,0.0,1.0,Null,2002/2003,SOUTHLAND ROAD,TOLLEMACHE ROAD WEST,Non-Injury Crash,No,2002,South,0.0,1.0,Flat,0.0,,0.0,0.0,Dark,1468801.0,0.0,0.0,0.0,2.0,0.0,0.0,,Hawke's Bay Region,Nil,2-way,Sealed,0.0,0.0,0.0,50.0,0.0,None,0.0,0.0,,30.0,Hastings District,Give way,0.0,0.0,0.0,0.0,0.0,0.0,Urban,0.0,0.0,0.0,Fine
62602,1924793.0,5600201.0,545852.0,0.0,0.0,1.0,Null,2005/2006,SH 50A,TURAMOE ROAD,Minor Crash,Yes,2006,South,0.0,,Flat,,Easter,,,Overcast,1469600.0,1.0,0.0,0.0,2.0,0.0,,,Hawke's Bay Region,Nil,2-way,Sealed,0.0,0.0,,100.0,,Null,0.0,0.0,,30.0,Hastings District,Stop,,,,,1.0,0.0,Open,0.0,,,Fine
20992,1918088.0,5606559.0,545841.0,0.0,0.0,1.0,South,2012/2013,SH 50 ROYS HILL ROAD,NGATARAWA ROAD,Non-Injury Crash,Yes,2012,South,0.0,0.0,Flat,0.0,,0.0,0.0,Dark,1462901.0,0.0,0.0,0.0,2.0,0.0,0.0,,Hawke's Bay Region,Nil,2-way,Sealed,0.0,0.0,0.0,100.0,0.0,None,0.0,0.0,,30.0,Hastings District,Nil,0.0,0.0,0.0,0.0,0.0,0.0,Open,0.0,0.0,0.0,Fine
655099,1927030.0,5607461.0,545761.0,0.0,0.0,2.0,Null,1999/2000,WILSON ROAD,MANCHESTER ST,Non-Injury Crash,No,2000,West,0.0,,Flat,,,,,Overcast,1470003.0,0.0,0.0,0.0,2.0,0.0,,,Hawke's Bay Region,Nil,2-way,Sealed,0.0,0.0,,50.0,,Off,0.0,0.0,,30.0,Hastings District,Nil,,,,,0.0,0.0,Urban,0.0,,,Light rain
622808,1910360.0,5668894.0,545911.0,0.0,0.0,0.0,South,2007/2008,SH 5,BAKERS CULV,Minor Crash,Yes,2007,South,0.0,0.0,Hill Road,0.0,,0.0,0.0,Overcast,1281200.0,1.0,0.0,1.0,2.0,0.0,0.0,,Hawke's Bay Region,Nil,2-way,Sealed,0.0,0.0,0.0,100.0,0.0,Null,0.0,0.0,,30.0,Hastings District,Nil,0.0,0.0,0.0,0.0,0.0,0.0,Open,0.0,0.0,0.0,Light rain
364494,1909969.0,5664644.0,545911.0,0.0,0.0,0.0,North,2009/2010,SH 5,SUMMIT KIOSK,Non-Injury Crash,Yes,2009,South,0.0,,Hill Road,,,,,Bright sun,1414400.0,0.0,0.0,1.0,3.0,0.0,,,Hawke's Bay Region,Nil,2-way,Sealed,0.0,0.0,,100.0,,Null,0.0,0.0,,30.0,Hastings District,Nil,,,,,0.0,0.0,Open,0.0,,,Fine
198484,1925862.0,5608274.0,545710.0,0.0,0.0,1.0,West,2006/2007,OMAHU ROAD,CHATHAM ROAD,Minor Crash,No,2007,East,0.0,,Flat,,,,,Bright sun,1470900.0,1.0,0.0,0.0,2.0,0.0,,,Hawke's Bay Region,Nil,2-way,Sealed,0.0,0.0,,50.0,,Null,0.0,0.0,,30.0,Hastings District,Nil,,,,,0.0,0.0,Urban,1.0,,,Fine
266249,1926099.0,5607718.0,545761.0,0.0,0.0,0.0,South,2009/2010,HENDERSON ROAD,STEVENS PLACE,Non-Injury Crash,No,2009,North,0.0,0.0,Flat,0.0,,0.0,0.0,Overcast,1470002.0,0.0,0.0,0.0,2.0,0.0,1.0,,Hawke's Bay Region,Nil,2-way,Sealed,0.0,0.0,0.0,50.0,0.0,Null,1.0,0.0,,30.0,Hastings District,Nil,0.0,0.0,0.0,0.0,0.0,0.0,Urban,1.0,0.0,0.0,Fine
620169,1928072.0,5607771.0,545710.0,0.0,0.0,1.0,North,2004/2005,SH 50A,OMAHU ROAD,Non-Injury Crash,Yes,2004,North,0.0,,Flat,,,,,Dark,1471201.0,0.0,0.0,0.0,2.0,0.0,,,Hawke's Bay Region,Nil,2-way,Sealed,0.0,0.0,,100.0,,None,0.0,0.0,,30.0,Hastings District,Nil,,,,,0.0,0.0,Open,0.0,,,Fine
674494,1927633.0,5607439.0,548400.0,0.0,0.0,2.0,Null,2005/2006,SH 50A,OMAHU ROAD,Non-Injury Crash,Yes,2005,North,0.0,,Flat,,,,,Bright sun,1473600.0,0.0,0.0,0.0,2.0,0.0,,,Hawke's Bay Region,Nil,2-way,Sealed,0.0,0.0,,100.0,,Null,0.0,0.0,,30.0,Hastings District,Give way,,,,,0.0,0.0,Open,0.0,,,Fine
616151,1928743.0,5613847.0,545831.0,0.0,0.0,2.0,Null,2002/2003,SH 50,OMARUNUI ROAD,Serious Crash,Yes,2003,East,0.0,,Flat,,,,,Bright sun,1409400.0,1.0,0.0,0.0,2.0,0.0,,,Hawke's Bay Region,Nil,2-way,Sealed,0.0,1.0,,100.0,,Null,0.0,0.0,,30.0,Hastings District,Give way,,,,,0.0,0.0,Open,0.0,,,Fine
85910,1929265.0,5605647.0,547700.0,0.0,0.0,2.0,Null,2003/2004,HERETAUNGA ST WEST,LOVEDALE ROAD,Non-Injury Crash,No,2003,West,0.0,,Flat,,,,,Overcast,1487900.0,0.0,0.0,0.0,2.0,0.0,,,Hawke's Bay Region,Nil,2-way,Sealed,0.0,0.0,,50.0,,Null,0.0,0.0,,30.0,Hastings District,Stop,,,,,0.0,0.0,Urban,0.0,,,Light rain
251070,1928434.0,5604276.0,547900.0,0.0,0.0,2.0,North,2011/2012,MURDOCH ROAD WEST,HEMI ST,Non-Injury Crash,No,2011,South,0.0,0.0,Flat,0.0,,0.0,0.0,Bright sun,1482200.0,0.0,0.0,0.0,2.0,0.0,1.0,,Hawke's Bay Region,Nil,2-way,Sealed,0.0,0.0,0.0,50.0,0.0,Null,0.0,0.0,,30.0,Hastings District,Nil,0.0,0.0,0.0,0.0,0.0,0.0,Urban,0.0,0.0,0.0,Fine
716853,1898607.0,5593575.0,545841.0,0.0,0.0,0.0,Null,2008/2009,SH 50,MANGA-O-NUKU NO3 BR,Non-Injury Crash,Yes,2008,North,0.0,0.0,Hill Road,1.0,,0.0,0.0,Overcast,1462600.0,0.0,0.0,0.0,1.0,0.0,0.0,,Hawke's Bay Region,Bridge,2-way,Sealed,0.0,0.0,0.0,100.0,0.0,Null,0.0,0.0,,30.0,Hastings District,Give way,0.0,0.0,0.0,0.0,0.0,0.0,Open,1.0,0.0,0.0,Light rain
70200,1928445.0,5634290.0,545811.0,0.0,0.0,0.0,South,2010/2011,SH 5,ELLIS WALLACE ROAD,Non-Injury Crash,Yes,2010,North,0.0,,Flat,,,,,Bright sun,1414700.0,0.0,0.0,0.0,2.0,0.0,,,Hawke's Bay Region,Bridge,2-way,Sealed,0.0,0.0,,100.0,,Null,1.0,0.0,,30.0,Hastings District,Nil,,,,,1.0,0.0,Open,0.0,,,Fine
565025,1929677.0,5604702.0,548200.0,0.0,0.0,1.0,South,2012/2013,LYNDON ROAD EAST,RUSSELL ST SOUTH,Minor Crash,No,2012,North,0.0,,Flat,,,,,Bright sun,1491900.0,1.0,0.0,0.0,2.0,0.0,,1.0,Hawke's Bay Region,Nil,2-way,Sealed,0.0,0.0,,50.0,,Null,0.0,0.0,,30.0,Hastings District,Nil,,,,,0.0,0.0,Urban,0.0,,,Fine
384377,1932274.0,5609028.0,545721.0,0.0,0.0,2.0,Null,2000/2001,PAKOWHAI ROAD,RUAHAPIA ROAD,Minor Crash,No,2001,South,0.0,,Flat,,,,,Bright sun,1471600.0,2.0,0.0,0.0,4.0,0.0,,,Hawke's Bay Region,Nil,2-way,Sealed,0.0,0.0,,100.0,,Null,0.0,0.0,,30.0,Hastings District,Give way,,,,,0.0,0.0,Open,0.0,,,Fine
360349,1924684.0,5607327.0,548612.0,0.0,0.0,1.0,West,2016/2017,CHATHAM ROAD,CAERNARVON DRIVE,Non-Injury Crash,No,2016,East,0.0,,Flat,,,,,Bright sun,1474400.0,0.0,0.0,0.0,2.0,0.0,,,Hawke's Bay Region,Nil,2-way,Sealed,0.0,0.0,,50.0,,Null,1.0,0.0,,30.0,Hastings District,Nil,,,,,0.0,0.0,Urban,0.0,,,Light rain
170959,1926403.96,5602711.7012,545761.0,0.0,0.0,1.0,West,2018/2019,LONGLANDS ROAD WEST,Railway road,Non-Injury Crash,No,2019,West,0.0,0.0,Flat,0.0,,0.0,0.0,Bright sun,1468901.0,0.0,0.0,0.0,2.0,0.0,0.0,,Hawke's Bay Region,Nil,2-way,Sealed,0.0,0.0,0.0,100.0,0.0,Off,0.0,0.0,,30.0,Hastings District,Unknown,0.0,0.0,0.0,0.0,0.0,0.0,Open,0.0,0.0,0.0,Fine
242738,1916081.0,5604836.0,545841.0,0.0,0.0,2.0,Null,2003/2004,SH 50,MARAEKAKAHO ROAD,Non-Injury Crash,Yes,2004,West,0.0,,Flat,,Easter,,,Bright sun,1462901.0,0.0,0.0,0.0,2.0,0.0,,,Hawke's Bay Region,Nil,2-way,Sealed,0.0,0.0,,100.0,,Null,0.0,0.0,,30.0,Hastings District,Give way,,,,,0.0,0.0,Open,0.0,,,Fine
636486,1931021.0,5603469.0,545762.0,0.0,0.0,1.0,South,2012/2013,HAVELOCK ROAD,NORTON ROAD,Non-Injury Crash,No,2012,South,0.0,,Flat,,,,,Bright sun,1468500.0,0.0,0.0,0.0,2.0,0.0,,,Hawke's Bay Region,Nil,2-way,Sealed,0.0,0.0,,70.0,,Null,0.0,0.0,,30.0,Hastings District,Nil,,,,,0.0,0.0,Urban,0.0,,,Fine
361632,1930752.0,5603757.0,548100.0,0.0,0.0,0.0,Null,2005/2006,HERETAUNGA ST EAST,LUMSDEN ROAD,Non-Injury Crash,No,2005,South,0.0,,Flat,,,,,Dark,1500300.0,0.0,0.0,0.0,2.0,0.0,,,Hawke's Bay Region,Nil,2-way,Sealed,0.0,0.0,,50.0,,On,0.0,0.0,,30.0,Hastings District,Nil,,,,,0.0,0.0,Urban,2.0,,,Fine
50540,1929634.0,5605762.0,548200.0,0.0,0.0,1.0,Null,2006/2007,ST AUBYN ST WEST,TOMOANA ROAD,Non-Injury Crash,No,2007,North,0.0,,Flat,,,,,Twilight,1490300.0,0.0,0.0,0.0,2.0,0.0,,,Hawke's Bay Region,Nil,2-way,Sealed,0.0,0.0,,50.0,,On,0.0,0.0,,30.0,Hastings District,Traffic Signals,,,,,0.0,0.0,Urban,1.0,,,Fine
482139,1929657.0,5605129.0,548200.0,1.0,0.0,0.0,Null,2004/2005,KING ST SOUTH,HERETAUNGA ST WEST,Serious Crash,No,2004,North,0.0,,Flat,,,,,Bright sun,1491200.0,0.0,0.0,0.0,2.0,0.0,,,Hawke's Bay Region,Nil,2-way,Sealed,0.0,1.0,,50.0,,Null,0.0,0.0,,30.0,Hastings District,Give way,,,,,0.0,0.0,Urban,1.0,,,Fine
43417,1929584.0,5600691.0,545762.0,0.0,0.0,2.0,Null,2001/2002,TE AUTE ROAD,MOUNT ERIN ROAD,Serious Crash,No,2001,East,0.0,,Flat,,,,,Bright sun,1465300.0,0.0,0.0,0.0,2.0,0.0,,,Hawke's Bay Region,Nil,2-way,Sealed,0.0,1.0,,100.0,,Null,0.0,0.0,,30.0,Hastings District,Give way,,,,,0.0,0.0,Open,0.0,,,Fine
48202,1930203.0,5613708.0,545831.0,0.0,0.0,1.0,West,2007/2008,SH 50 LINKS,SH 50A,Non-Injury Crash,Yes,2007,East,0.0,,Flat,,,,,Bright sun,1404600.0,0.0,0.0,0.0,2.0,1.0,,,Hawke's Bay Region,Nil,2-way,Sealed,0.0,0.0,,100.0,,Null,0.0,0.0,,30.0,Hastings District,Nil,,,,,0.0,0.0,Open,0.0,,,Fine
694747,1928683.0,5606183.0,548500.0,0.0,0.0,2.0,North,2002/2003,MARAEKAKAHO ROAD,PLUNKET ST,Serious Crash,No,2003,North,0.0,,Flat,,,,,Bright sun,1478800.0,1.0,0.0,0.0,2.0,0.0,,,Hawke's Bay Region,Nil,2-way,Sealed,0.0,1.0,,50.0,,Null,0.0,0.0,,30.0,Hastings District,Nil,,,,,0.0,0.0,Urban,0.0,,,Fine
29269,1931487.0,5602971.0,545762.0,0.0,0.0,2.0,North,2015/2016,HAVELOCK ROAD,ST GEORGES ROAD,Non-Injury Crash,No,2016,North,0.0,0.0,Flat,1.0,,0.0,0.0,Bright sun,1468500.0,0.0,0.0,0.0,2.0,0.0,0.0,,Hawke's Bay Region,Nil,2-way,Sealed,0.0,0.0,0.0,70.0,0.0,Null,0.0,0.0,,30.0,Hastings District,Unknown,1.0,0.0,0.0,0.0,0.0,0.0,Urban,0.0,0.0,0.0,Fine
676421,1935254.0,5607108.0,545722.0,0.0,0.0,2.0,North,2010/2011,LAWN ROAD,PILCHER ROAD,Non-Injury Crash,No,2010,North,0.0,0.0,Flat,0.0,,0.0,0.0,Overcast,1406300.0,0.0,0.0,0.0,2.0,0.0,0.0,,Hawke's Bay Region,Nil,2-way,Sealed,0.0,0.0,0.0,100.0,0.0,Null,0.0,0.0,,30.0,Hastings District,Nil,0.0,0.0,0.0,0.0,0.0,0.0,Open,0.0,0.0,0.0,Light rain
334638,1931038.0,5605564.0,548000.0,0.0,0.0,1.0,Null,2011/2012,KARAMU ROAD NORTH,GROVE ROAD,Minor Crash,No,2012,South,0.0,,Flat,,,,,Bright sun,1495700.0,1.0,0.0,0.0,2.0,0.0,,1.0,Hawke's Bay Region,Nil,2-way,Sealed,0.0,0.0,,50.0,,Null,0.0,0.0,,30.0,Hastings District,Traffic Signals,,,,,0.0,0.0,Urban,0.0,,,Fine
25393,1926464.0,5612312.0,545822.0,0.0,0.0,1.0,South,2006/2007,Z NGARURORO RIVER TRACK,KOROKIPO ROAD,Non-Injury Crash,No,2007,South,0.0,0.0,Flat,0.0,,0.0,0.0,Bright sun,1408800.0,0.0,0.0,0.0,1.0,0.0,0.0,,Hawke's Bay Region,Nil,Off road,Unsealed,0.0,0.0,0.0,100.0,0.0,Null,0.0,0.0,,30.0,Hastings District,Nil,0.0,0.0,0.0,0.0,0.0,0.0,Open,0.0,0.0,0.0,Fine
427833,1923733.0,5607313.0,548611.0,0.0,0.0,2.0,East,2003/2004,DIAZ DRIVE,PORTSMOUTH ROAD,Non-Injury Crash,No,2004,East,0.0,0.0,Flat,0.0,,0.0,0.0,Dark,1473901.0,0.0,0.0,0.0,2.0,0.0,1.0,,Hawke's Bay Region,Nil,2-way,Sealed,0.0,0.0,0.0,50.0,0.0,On,0.0,0.0,,30.0,Hastings District,Unknown,0.0,0.0,0.0,0.0,0.0,0.0,Urban,0.0,0.0,0.0,Fine
30563,1925994.0,5604951.0,545842.0,0.0,0.0,1.0,North,2003/2004,IRONGATE ROAD,SH 50A,Minor Crash,No,2004,East,0.0,1.0,Flat,0.0,Easter,0.0,0.0,Twilight,1470205.0,1.0,0.0,0.0,2.0,0.0,0.0,,Hawke's Bay Region,Nil,2-way,Sealed,0.0,0.0,0.0,100.0,0.0,None,0.0,0.0,,30.0,Hastings District,Nil,0.0,0.0,0.0,0.0,0.0,0.0,Open,0.0,0.0,0.0,Fine
120481,1933620.0,5612746.0,545832.0,0.0,0.0,2.0,Null,2011/2012,BROOKFIELDS ROAD,BROOKFIELDS BR,Serious Crash,No,2012,North,0.0,0.0,Flat,0.0,,0.0,0.0,Dark,1403900.0,0.0,0.0,0.0,1.0,0.0,0.0,,Hawke's Bay Region,Nil,1-way,Sealed,0.0,1.0,0.0,50.0,0.0,None,0.0,0.0,,30.0,Hastings District,Nil,0.0,0.0,0.0,1.0,0.0,0.0,Urban,0.0,0.0,0.0,Fine
448372,1924608.0,5607881.0,548611.0,0.0,0.0,1.0,West,2008/2009,FLAXMERE AVENUE,MARGATE AVENUE,Non-Injury Crash,No,2009,West,0.0,,Flat,,,,,Dark,1469710.0,0.0,0.0,0.0,2.0,0.0,,,Hawke's Bay Region,Nil,2-way,Sealed,0.0,0.0,,50.0,,On,1.0,0.0,,30.0,Hastings District,Nil,,,,,0.0,0.0,Urban,0.0,,,Fine
484300,1931051.7378,5606819.2938,547600.0,0.0,0.0,3.0,West,2018/2019,TOMOANA ROAD,Coventry Road,Serious Crash,No,2019,East,0.0,0.0,Flat,0.0,,0.0,0.0,Dark,1484000.0,4.0,0.0,0.0,2.0,0.0,2.0,,Hawke's Bay Region,Nil,2-way,Sealed,0.0,3.0,0.0,50.0,0.0,On,0.0,0.0,,30.0,Hastings District,Unknown,0.0,0.0,0.0,0.0,0.0,0.0,Urban,0.0,0.0,0.0,Fine
605408,1929179.0,5605159.0,548200.0,0.0,0.0,2.0,Null,2004/2005,SOUTHAMPTON ST WEST,SOUTHLAND ROAD,Non-Injury Crash,No,2004,North,0.0,,Flat,,,,,Overcast,1488600.0,0.0,0.0,0.0,2.0,0.0,,,Hawke's Bay Region,Nil,2-way,Sealed,0.0,0.0,,50.0,,Null,0.0,0.0,,30.0,Hastings District,Give way,,,,,0.0,0.0,Urban,0.0,,,Light rain
516308,1936923.0,5613046.0,545832.0,0.0,0.0,1.0,South,2006/2007,SH 2,WAITANGI ROAD,Non-Injury Crash,Yes,2007,North,0.0,,Flat,,,,,Bright sun,1404000.0,0.0,0.0,0.0,2.0,0.0,,,Hawke's Bay Region,Nil,2-way,Sealed,0.0,0.0,,100.0,,Null,0.0,0.0,,30.0,Hastings District,Nil,,,,,1.0,0.0,Open,0.0,,,Fine
363745,1930149.0,5604677.0,548200.0,0.0,0.0,2.0,Null,2001/2002,HASTINGS ST NORTH,QUEEN ST EAST,Non-Injury Crash,No,2002,South,0.0,,Flat,,,,,Bright sun,1493400.0,0.0,0.0,0.0,2.0,0.0,,,Hawke's Bay Region,Nil,2-way,Sealed,0.0,0.0,,50.0,,Null,0.0,0.0,,30.0,Hastings District,Give way,,,,,0.0,0.0,Urban,0.0,,,Fine
158307,1928487.0,5606031.0,548500.0,0.0,0.0,1.0,South,2010/2011,MARAEKAKAHO ROAD,ORCHARD ROAD,Non-Injury Crash,No,2011,North,0.0,0.0,Flat,0.0,,0.0,0.0,Bright sun,1479600.0,0.0,0.0,0.0,2.0,0.0,1.0,,Hawke's Bay Region,Nil,2-way,Sealed,0.0,0.0,0.0,50.0,0.0,Null,0.0,0.0,,30.0,Hastings District,Nil,0.0,0.0,0.0,0.0,1.0,0.0,Urban,0.0,0.0,0.0,Fine
442222,1915722.0,5590531.0,545851.0,0.0,0.0,1.0,South,2005/2006,SH 2,COLIN WHITE ROAD,Minor Crash,Yes,2006,North,0.0,0.0,Hill Road,0.0,,0.0,0.0,Bright sun,1464500.0,1.0,0.0,0.0,2.0,0.0,0.0,,Hawke's Bay Region,Nil,2-way,Sealed,0.0,0.0,0.0,100.0,0.0,Null,0.0,0.0,,30.0,Hastings District,Nil,0.0,0.0,0.0,0.0,0.0,0.0,Open,0.0,0.0,0.0,Fine
678593,1929233.0,5606618.0,547800.0,0.0,0.0,2.0,West,2004/2005,PAKOWHAI ROAD,FITZROY AVENUE,Non-Injury Crash,No,2005,North,0.0,,Flat,,Easter,,,Dark,1477600.0,0.0,0.0,0.0,2.0,0.0,,,Hawke's Bay Region,Nil,2-way,Sealed,0.0,0.0,,50.0,,On,0.0,0.0,,30.0,Hastings District,Nil,,,,,0.0,0.0,Urban,0.0,,,Fine