OBJECTID,X,Y,areaUnitID,bicycle,bus,carStationWagon,crashDirectionDescription,crashFinancialYear,crashLocation1,crashLocation2,crashSeverity,crashSHDescription,crashYear,directionRoleDescription,fatalCount,fence,flatHill,guardRail,holiday,houseOrBuilding,kerb,light,meshblockId,minorInjuryCount,moped,motorcycle,NumberOfLanes,otherVehicleType,parkedVehicle,pedestrian,region,roadCharacter,roadLane,roadSurface,schoolBus,seriousInjuryCount,slipOrFlood,speedLimit,strayAnimal,streetLight,suv,taxi,temporarySpeedLimit,tlaId,tlaName,trafficControl,trafficIsland,trafficSign,train,tree,truck,unknownVehicleType,urban,vanOrUtility,vehicle,waterRiver,weatherA
31899,1931643.0,5604616.0,548000.0,0.0,0.0,2.0,Null,2003/2004,GROVE ROAD,SUSSEX ST,Non-Injury Crash,No,2003,East,0.0,,Flat,,,,,Twilight,1498900.0,0.0,0.0,0.0,2.0,0.0,,,Hawke's Bay Region,Nil,2-way,Sealed,0.0,0.0,,50.0,,Off,0.0,0.0,,30.0,Hastings District,Give way,,,,,0.0,0.0,Urban,0.0,,,Fine
64062,1924169.0,5607547.0,548612.0,0.0,0.0,2.0,Null,2007/2008,PALGRAVE AVENUE,DIAZ DRIVE,Minor Crash,No,2007,North,0.0,,Flat,,,,,Dark,1474002.0,3.0,0.0,0.0,2.0,0.0,,,Hawke's Bay Region,Nil,2-way,Sealed,0.0,0.0,,50.0,,On,0.0,0.0,,30.0,Hastings District,Nil,,,,,0.0,0.0,Urban,0.0,,,Fine
140160,1924323.0,5607620.0,548612.0,0.0,0.0,1.0,West,2002/2003,DIAZ DRIVE,CARTIER CRESCENT S,Non-Injury Crash,No,2002,West,0.0,1.0,Flat,0.0,,0.0,0.0,Overcast,1474112.0,0.0,0.0,0.0,2.0,0.0,0.0,,Hawke's Bay Region,Nil,2-way,Sealed,0.0,0.0,0.0,50.0,0.0,Null,0.0,0.0,,30.0,Hastings District,Nil,0.0,0.0,0.0,0.0,0.0,0.0,Urban,0.0,0.0,0.0,Fine
710039,1928918.0,5606106.0,547700.0,0.0,0.0,2.0,North,2013/2014,HERETAUNGA ST WEST,ALLERTON ST,Non-Injury Crash,No,2013,South,0.0,,Flat,,,,,Bright sun,1486000.0,0.0,0.0,0.0,2.0,0.0,,,Hawke's Bay Region,Nil,2-way,Sealed,0.0,0.0,,50.0,,Null,0.0,0.0,,30.0,Hastings District,Nil,,,,,0.0,0.0,Urban,0.0,,,Fine
344492,1919654.0,5645984.0,545811.0,0.0,0.0,1.0,South,2005/2006,SH 5,RUKUMOANA ROAD,Non-Injury Crash,Yes,2006,North,0.0,0.0,Hill Road,0.0,,0.0,0.0,Dark,1414600.0,0.0,0.0,0.0,3.0,0.0,0.0,,Hawke's Bay Region,Nil,2-way,Sealed,0.0,0.0,0.0,100.0,0.0,None,0.0,0.0,,30.0,Hastings District,Nil,0.0,0.0,0.0,1.0,0.0,0.0,Open,0.0,0.0,0.0,Heavy rain
351450,1930099.4868,5606407.5537,547600.0,0.0,0.0,1.0,Null,2019/2020,DUKE STREET,RANGIORA STREET,Non-Injury Crash,No,2019,West,0.0,0.0,Flat,0.0,,0.0,0.0,Bright sun,1484200.0,0.0,0.0,0.0,2.0,0.0,1.0,,Hawke's Bay Region,Nil,2-way,Sealed,0.0,0.0,0.0,50.0,0.0,Off,0.0,0.0,,30.0,Hastings District,Give way,0.0,0.0,0.0,0.0,0.0,0.0,Urban,1.0,0.0,0.0,Fine
33464,1929013.0,5604084.0,547900.0,0.0,0.0,1.0,North,2012/2013,RAILWAY ROAD,GASCOIGNE ST,Minor Crash,No,2013,North,0.0,0.0,Flat,1.0,,0.0,0.0,Overcast,1482400.0,1.0,0.0,0.0,2.0,0.0,0.0,,Hawke's Bay Region,Nil,2-way,Sealed,0.0,0.0,0.0,50.0,0.0,Null,0.0,0.0,,30.0,Hastings District,Nil,0.0,0.0,0.0,0.0,0.0,0.0,Urban,0.0,0.0,0.0,Fine
597769,1936506.0,5595180.0,545860.0,0.0,0.0,1.0,West,2016/2017,WAIMARAMA ROAD,LOPEZ LANE,Minor Crash,No,2017,North,0.0,0.0,Hill Road,0.0,,0.0,0.0,Dark,1467200.0,1.0,0.0,0.0,2.0,0.0,0.0,,Hawke's Bay Region,Nil,2-way,Sealed,0.0,0.0,0.0,100.0,0.0,None,0.0,0.0,,30.0,Hastings District,Unknown,0.0,0.0,0.0,0.0,0.0,0.0,Open,0.0,0.0,0.0,Fine
734651,1935399.9273,5609484.8203,545722.0,0.0,0.0,1.0,Null,2020/2021,SH 51,RICHMOND ROAD,Non-Injury Crash,Yes,2020,South,0.0,,Flat,,,,,Dark,1406000.0,0.0,0.0,0.0,2.0,0.0,,,Hawke's Bay Region,Nil,2-way,Sealed,0.0,0.0,,80.0,,None,0.0,0.0,,30.0,Hastings District,Give way,,,,,0.0,0.0,Open,0.0,,,Light rain
261848,1926375.0,5607834.0,548400.0,0.0,0.0,1.0,South,2008/2009,Z TRANSFER STATION,HENDERSON/OMAHU,Non-Injury Crash,No,2008,North,0.0,0.0,Flat,0.0,,0.0,0.0,Overcast,1473400.0,0.0,0.0,0.0,0.0,0.0,1.0,,Hawke's Bay Region,Nil,Off road,Sealed,0.0,0.0,0.0,50.0,0.0,Null,0.0,0.0,,30.0,Hastings District,Nil,0.0,0.0,0.0,0.0,0.0,0.0,Urban,1.0,0.0,0.0,Fine
159770,1929755.0,5605025.0,548200.0,0.0,0.0,1.0,North,2007/2008,MARKET ST NORTH,HERETAUNGA ST WEST,Non-Injury Crash,No,2007,South,0.0,,Flat,,,,,Bright sun,1491700.0,0.0,0.0,0.0,2.0,0.0,,,Hawke's Bay Region,Nil,2-way,Sealed,0.0,0.0,,50.0,,Null,0.0,0.0,,30.0,Hastings District,Nil,,,,,0.0,0.0,Urban,1.0,,,Fine
48176,1932158.0,5602256.0,545721.0,0.0,0.0,1.0,West,2000/2001,HAVELOCK ROAD,KARANEMA DRIVE,Non-Injury Crash,No,2001,West,0.0,0.0,Flat,0.0,,0.0,0.0,Dark,1473000.0,0.0,0.0,0.0,2.0,0.0,0.0,,Hawke's Bay Region,Nil,2-way,Sealed,0.0,0.0,0.0,70.0,0.0,On,0.0,0.0,,30.0,Hastings District,Nil,0.0,0.0,0.0,0.0,0.0,0.0,Urban,0.0,0.0,0.0,Fine
600615,1930824.0,5605880.0,548000.0,0.0,0.0,3.0,West,2008/2009,FREDERICK ST,CAROLINE ROAD,Non-Injury Crash,No,2008,North,0.0,,Flat,,Christmas New Year,,,Bright sun,1495400.0,0.0,0.0,0.0,2.0,0.0,,,Hawke's Bay Region,Nil,2-way,Sealed,0.0,0.0,,50.0,,Null,0.0,0.0,,30.0,Hastings District,Nil,,,,,0.0,0.0,Urban,0.0,,,Fine
188412,1928842.0,5603900.0,547900.0,0.0,0.0,2.0,Null,2007/2008,RAILWAY ROAD,MURDOCH ROAD EAST,Non-Injury Crash,No,2007,North,0.0,0.0,Flat,0.0,,0.0,0.0,Bright sun,1482600.0,0.0,0.0,0.0,2.0,0.0,0.0,,Hawke's Bay Region,Nil,2-way,Sealed,0.0,0.0,0.0,70.0,0.0,Null,0.0,0.0,,30.0,Hastings District,Stop,0.0,0.0,0.0,1.0,0.0,0.0,Urban,0.0,0.0,0.0,Fine
502604,1929670.0,5604961.0,548200.0,0.0,0.0,2.0,North,2007/2008,MARKET ST SOUTH,EASTBOURNE ST WEST,Non-Injury Crash,No,2007,South,0.0,0.0,Flat,0.0,,0.0,0.0,Overcast,1490000.0,0.0,0.0,0.0,2.0,0.0,1.0,,Hawke's Bay Region,Nil,2-way,Sealed,0.0,0.0,0.0,50.0,0.0,Null,0.0,0.0,,30.0,Hastings District,Nil,0.0,0.0,0.0,0.0,0.0,0.0,Urban,0.0,0.0,0.0,Heavy rain
303051,1930404.0,5630045.0,545812.0,0.0,0.0,0.0,West,2003/2004,SEAFIELD ROAD,AVERY ROAD,Serious Crash,No,2004,North,0.0,,Hill Road,,,,,Bright sun,1414200.0,0.0,0.0,1.0,2.0,0.0,,,Hawke's Bay Region,Nil,2-way,Sealed,0.0,1.0,,100.0,,Null,0.0,0.0,,30.0,Hastings District,Nil,,,,,0.0,0.0,Open,0.0,,,Fine
336992,1924047.0,5606957.0,548612.0,0.0,0.0,1.0,Null,2008/2009,PORTSMOUTH ROAD,CHATHAM ROAD,Non-Injury Crash,No,2008,North,0.0,0.0,Flat,0.0,,0.0,1.0,Dark,1474001.0,0.0,0.0,0.0,2.0,0.0,0.0,,Hawke's Bay Region,Nil,2-way,Sealed,0.0,0.0,0.0,50.0,0.0,On,0.0,0.0,,30.0,Hastings District,Give way,1.0,0.0,0.0,1.0,0.0,0.0,Urban,0.0,0.0,0.0,Fine
194727,1934791.0,5641151.0,545811.0,0.0,0.0,1.0,North,2017/2018,SH 2,TE NGARU BR,Non-Injury Crash,Yes,2017,East,0.0,0.0,Hill Road,1.0,,0.0,0.0,Dark,1415600.0,0.0,0.0,0.0,2.0,0.0,0.0,,Hawke's Bay Region,Nil,2-way,Sealed,0.0,0.0,0.0,100.0,0.0,None,0.0,0.0,,30.0,Hastings District,Unknown,0.0,0.0,0.0,0.0,0.0,0.0,Open,0.0,0.0,0.0,Light rain
293062,1925419.0,5607201.0,548620.0,0.0,0.0,1.0,Null,2004/2005,FLAXMERE AVENUE,HENDERSON ROAD,Non-Injury Crash,No,2005,East,0.0,0.0,Flat,0.0,,0.0,0.0,Twilight,1474204.0,0.0,0.0,0.0,2.0,0.0,0.0,,Hawke's Bay Region,Nil,2-way,Sealed,0.0,0.0,0.0,50.0,0.0,On,0.0,0.0,,30.0,Hastings District,Give way,1.0,1.0,0.0,0.0,0.0,0.0,Urban,0.0,0.0,0.0,Fine
37764,1930257.0,5604934.0,548200.0,0.0,0.0,2.0,Null,2017/2018,ST AUBYN ST EAST,WARREN ST NORTH,Non-Injury Crash,No,2017,North,0.0,0.0,Flat,0.0,,1.0,0.0,Overcast,1493501.0,0.0,0.0,0.0,4.0,0.0,0.0,,Hawke's Bay Region,Nil,2-way,Sealed,0.0,0.0,0.0,50.0,0.0,Null,0.0,0.0,,30.0,Hastings District,Give way,0.0,0.0,0.0,0.0,0.0,0.0,Urban,0.0,0.0,0.0,Fine
677657,1928319.0,5600930.0,545852.0,0.0,0.0,1.0,West,2005/2006,TE AUTE ROAD,LONGLANDS ROAD EAST,Non-Injury Crash,No,2006,East,0.0,0.0,Flat,0.0,,0.0,0.0,Overcast,1465700.0,0.0,0.0,0.0,2.0,0.0,0.0,,Hawke's Bay Region,Nil,2-way,Sealed,0.0,0.0,0.0,100.0,0.0,Null,0.0,0.0,,30.0,Hastings District,Nil,0.0,0.0,0.0,0.0,0.0,0.0,Open,0.0,0.0,0.0,Fine
463875,1927226.0,5607711.0,545710.0,0.0,0.0,1.0,West,2002/2003,OMAHU ROAD,ORMOND ROAD,Non-Injury Crash,No,2003,East,0.0,,Flat,,,,,Bright sun,1471000.0,0.0,0.0,0.0,3.0,0.0,,,Hawke's Bay Region,Nil,2-way,Sealed,0.0,0.0,,50.0,,Null,0.0,0.0,,30.0,Hastings District,Nil,,,,,0.0,0.0,Urban,1.0,,,Fine
227765,1929821.0,5604912.0,548200.0,0.0,0.0,2.0,Null,2008/2009,HERETAUNGA ST EAST,RUSSELL ST NORTH,Non-Injury Crash,No,2008,West,0.0,,Flat,,,,,Bright sun,1492100.0,0.0,0.0,0.0,2.0,0.0,,,Hawke's Bay Region,Nil,2-way,Sealed,0.0,0.0,,50.0,,Null,0.0,0.0,,30.0,Hastings District,Nil,,,,,0.0,0.0,Urban,0.0,,,Fine
310296,1929444.0,5605411.0,548200.0,0.0,0.0,2.0,North,2018/2019,HERETAUNGA ST WEST,SOUTHLAND ROAD,Non-Injury Crash,No,2018,South,0.0,,Flat,,,,,Overcast,1490100.0,0.0,0.0,0.0,2.0,0.0,,,Hawke's Bay Region,Nil,2-way,Sealed,0.0,0.0,,50.0,,Null,0.0,0.0,,30.0,Hastings District,Unknown,,,,,0.0,0.0,Urban,0.0,,,Fine
555746,1931613.0,5608421.0,545710.0,0.0,0.0,1.0,Null,2007/2008,ELWOOD ROAD,PAKOWHAI ROAD,Non-Injury Crash,No,2007,South,0.0,0.0,Flat,0.0,,0.0,0.0,Dark,1471100.0,0.0,0.0,0.0,2.0,0.0,0.0,,Hawke's Bay Region,Nil,2-way,Sealed,0.0,0.0,0.0,100.0,0.0,On,0.0,0.0,,30.0,Hastings District,Give way,0.0,0.0,0.0,0.0,0.0,0.0,Open,0.0,0.0,0.0,Fine
504474,1928755.0,5605328.0,547700.0,0.0,0.0,1.0,North,2002/2003,PEPPER ST,FRANCIS HICKS AVENUE,Non-Injury Crash,No,2002,South,0.0,,Flat,,,,,Bright sun,1487500.0,0.0,0.0,0.0,2.0,0.0,,,Hawke's Bay Region,Nil,2-way,Sealed,0.0,0.0,,50.0,,Null,0.0,0.0,,30.0,Hastings District,Nil,,,,,0.0,0.0,Urban,1.0,,,Fine
504133,1934161.0,5606308.0,545722.0,0.0,0.0,1.0,Null,2017/2018,LAWN ROAD,NAPIER ROAD,Non-Injury Crash,No,2018,South,0.0,,Flat,,Queens Birthday,,,Dark,1406701.0,0.0,0.0,0.0,2.0,0.0,,,Hawke's Bay Region,Nil,2-way,Sealed,0.0,0.0,,80.0,,On,0.0,0.0,,30.0,Hastings District,Stop,,,,,0.0,0.0,Open,1.0,,,Fine
358076,1927703.0,5607325.0,547800.0,0.0,0.0,2.0,South,2017/2018,OMAHU ROAD,SH 50A,Non-Injury Crash,No,2018,South,0.0,,Flat,,Easter,,,Bright sun,1476600.0,0.0,0.0,0.0,2.0,0.0,,,Hawke's Bay Region,Nil,2-way,Sealed,0.0,0.0,,50.0,,Null,0.0,0.0,,30.0,Hastings District,Unknown,,,,,0.0,0.0,Urban,0.0,,,Fine
492573,1932843.0,5609702.0,545832.0,0.0,0.0,2.0,East,2011/2012,FARNDON ROAD,PAKOWHAI ROAD,Minor Crash,No,2011,West,0.0,0.0,Flat,0.0,,0.0,0.0,Dark,1404300.0,1.0,0.0,0.0,2.0,0.0,0.0,,Hawke's Bay Region,Nil,2-way,Sealed,0.0,0.0,0.0,100.0,0.0,None,0.0,0.0,,30.0,Hastings District,Nil,0.0,0.0,0.0,0.0,0.0,0.0,Open,0.0,1.0,0.0,Fine
480282,1932594.0,5601733.0,548831.0,0.0,0.0,1.0,East,2004/2005,SERVICE LANE,HAVELOCK ROAD,Serious Crash,No,2004,North,0.0,0.0,Flat,0.0,,0.0,0.0,Dark,1509600.0,1.0,0.0,0.0,2.0,0.0,0.0,2.0,Hawke's Bay Region,Nil,2-way,Sealed,0.0,1.0,0.0,50.0,0.0,On,0.0,0.0,,30.0,Hastings District,Nil,0.0,0.0,0.0,0.0,0.0,0.0,Urban,0.0,0.0,0.0,Light rain
687107,1922353.0,5604358.0,545842.0,0.0,0.0,1.0,East,2002/2003,MARAEKAKAHO ROAD,HIGBEE ROAD,Minor Crash,No,2003,West,0.0,,Flat,,,,,Twilight,1462902.0,1.0,0.0,0.0,2.0,0.0,,,Hawke's Bay Region,Nil,2-way,Unsealed,0.0,0.0,,100.0,,Off,0.0,0.0,,30.0,Hastings District,Nil,,,,,0.0,0.0,Open,0.0,,,Fine
478084,1940531.0,5606292.0,545740.0,0.0,0.0,1.0,South,2007/2008,CLIFTON ROAD,EAST ROAD,Minor Crash,No,2008,South,0.0,,Flat,,,,,Bright sun,1407800.0,1.0,0.0,0.0,2.0,0.0,,,Hawke's Bay Region,Nil,2-way,Sealed,0.0,0.0,,100.0,,Null,1.0,0.0,,30.0,Hastings District,Nil,,,,,0.0,0.0,Open,0.0,,,Fine
568574,1925557.0,5603150.0,545842.0,0.0,0.0,2.0,Null,2005/2006,SH 50A,MARAEKAKAHO ROAD,Non-Injury Crash,Yes,2006,North,0.0,,Flat,,,,,Bright sun,1470213.0,0.0,0.0,0.0,3.0,0.0,,,Hawke's Bay Region,Nil,2-way,Sealed,0.0,0.0,,70.0,,Null,0.0,0.0,,30.0,Hastings District,Give way,,,,,0.0,0.0,Urban,0.0,,,Fine
670576,1921477.0,5641891.0,545811.0,0.0,0.0,1.0,West,2005/2006,SH 5,GLENGARRY ROAD,Fatal Crash,Yes,2005,East,1.0,,Hill Road,,,,,Overcast,1414600.0,0.0,0.0,0.0,2.0,0.0,,,Hawke's Bay Region,Nil,2-way,Sealed,0.0,1.0,,100.0,,Null,0.0,0.0,,30.0,Hastings District,Nil,,,,,1.0,0.0,Open,0.0,,,Light rain
351488,1929742.0,5614619.0,545831.0,0.0,0.0,0.0,South,2004/2005,WAIOHIKI ROAD,HATAS LANE,Non-Injury Crash,No,2005,South,0.0,0.0,Flat,0.0,,0.0,0.0,Dark,1404600.0,0.0,0.0,0.0,2.0,0.0,0.0,,Hawke's Bay Region,Nil,2-way,Sealed,0.0,0.0,0.0,70.0,0.0,On,0.0,0.0,,30.0,Hastings District,Nil,0.0,0.0,0.0,0.0,0.0,0.0,Urban,1.0,0.0,0.0,Fine
678695,1930059.0,5604608.0,548200.0,1.0,0.0,0.0,Null,2012/2013,HERETAUNGA ST EAST,HASTINGS ST SOUTH,Minor Crash,No,2013,East,0.0,,Flat,,,,,Bright sun,1493900.0,1.0,0.0,0.0,1.0,0.0,,,Hawke's Bay Region,Nil,2-way,Sealed,0.0,0.0,,50.0,,Null,0.0,0.0,,30.0,Hastings District,Give way,,,,,0.0,0.0,Urban,1.0,,,Fine
88099,1933255.0,5600873.0,548821.0,0.0,0.0,2.0,West,2005/2006,TANNER ST,TAINUI DRIVE,Non-Injury Crash,No,2006,West,0.0,,Hill Road,,,,,Dark,1507800.0,0.0,0.0,0.0,2.0,0.0,,,Hawke's Bay Region,Nil,2-way,Sealed,0.0,0.0,,50.0,,On,0.0,0.0,,30.0,Hastings District,Nil,,,,,0.0,0.0,Urban,0.0,,,Fine
373009,1931744.0,5603846.0,545721.0,0.0,0.0,2.0,West,1999/2000,ADA ST,KATHLEEN ST,Non-Injury Crash,No,2000,West,0.0,0.0,Flat,0.0,,0.0,0.0,Twilight,1473200.0,0.0,0.0,0.0,2.0,0.0,1.0,,Hawke's Bay Region,Nil,2-way,Sealed,0.0,0.0,0.0,50.0,0.0,On,0.0,0.0,,30.0,Hastings District,Unknown,0.0,0.0,0.0,0.0,0.0,0.0,Urban,0.0,0.0,0.0,Fine
113312,1914121.9525,5588053.38,545851.0,0.0,0.0,0.0,Null,2020/2021,SH 2,TE AUTE TRUST ROAD,Minor Crash,Yes,2020,South,0.0,,Flat,,,,,Overcast,1464600.0,1.0,0.0,0.0,2.0,0.0,,,Hawke's Bay Region,Nil,2-way,Sealed,0.0,0.0,,100.0,,None,0.0,0.0,,30.0,Hastings District,Give way,,,,,0.0,0.0,Open,3.0,,,Light rain
618641,1908454.0,5674853.0,545911.0,0.0,0.0,0.0,North,2018/2019,SH 5,TARAWERA TAV,Serious Crash,Yes,2018,West,0.0,,Flat,,,,,Bright sun,1281200.0,0.0,0.0,1.0,1.0,0.0,,,Hawke's Bay Region,Nil,2-way,Sealed,0.0,1.0,,100.0,,Null,0.0,0.0,,30.0,Hastings District,Unknown,,,,,1.0,0.0,Open,0.0,,,Fine
468121,1914353.0,5656227.0,545911.0,0.0,0.0,2.0,South,2005/2006,SH 5,MOHAKA BR,Non-Injury Crash,Yes,2006,North,0.0,,Hill Road,,,,,Overcast,1415900.0,0.0,0.0,0.0,2.0,0.0,,,Hawke's Bay Region,Nil,2-way,Sealed,0.0,0.0,,100.0,,Null,0.0,0.0,,30.0,Hastings District,Unknown,,,,,0.0,0.0,Open,0.0,,,Fine
107451,1931019.0,5604980.0,548000.0,0.0,0.0,1.0,Null,2001/2002,WILLOWPARK ROAD NORTH,JERVOIS ST,Non-Injury Crash,No,2002,South,0.0,,Flat,,,,,Bright sun,1497600.0,0.0,0.0,0.0,2.0,0.0,,,Hawke's Bay Region,Nil,2-way,Sealed,0.0,0.0,,50.0,,Null,0.0,0.0,,30.0,Hastings District,Give way,,,,,0.0,0.0,Urban,1.0,,,Fine
252500,1929607.0,5604596.0,548200.0,0.0,0.0,2.0,Null,2005/2006,SOUTHAMPTON ST EAST,KARAMU ROAD SOUTH,Minor Crash,No,2005,South,0.0,,Flat,,,,,Bright sun,1492400.0,2.0,0.0,0.0,2.0,0.0,,,Hawke's Bay Region,Nil,2-way,Sealed,0.0,0.0,,50.0,,Null,0.0,0.0,,30.0,Hastings District,Give way,,,,,0.0,0.0,Urban,0.0,,,Fine
81409,1932504.0,5601634.0,548810.0,0.0,0.0,1.0,East,2014/2015,TE AUTE ROAD,PORTER DRIVE,Minor Crash,No,2014,North,0.0,0.0,Flat,0.0,,0.0,0.0,Bright sun,1505200.0,1.0,0.0,0.0,2.0,0.0,0.0,,Hawke's Bay Region,Nil,2-way,Sealed,0.0,0.0,0.0,50.0,0.0,Null,0.0,0.0,,30.0,Hastings District,Give way,0.0,1.0,0.0,0.0,0.0,0.0,Urban,0.0,0.0,0.0,Fine
450421,1923821.0,5608105.0,548611.0,0.0,0.0,1.0,Null,2005/2006,FLAXMERE AVENUE,BLYTH ST,Non-Injury Crash,No,2005,West,0.0,0.0,Flat,0.0,,0.0,0.0,Bright sun,1470314.0,0.0,0.0,0.0,2.0,0.0,0.0,,Hawke's Bay Region,Nil,2-way,Sealed,0.0,0.0,0.0,50.0,0.0,Null,0.0,0.0,,30.0,Hastings District,Nil,1.0,0.0,0.0,0.0,0.0,0.0,Urban,0.0,0.0,0.0,Fine
475496,1931611.0,5632135.0,545812.0,0.0,0.0,0.0,North,2007/2008,SH 5,HILL ROAD,Non-Injury Crash,Yes,2007,East,0.0,0.0,Flat,0.0,,0.0,0.0,Dark,1414200.0,0.0,0.0,0.0,2.0,0.0,0.0,,Hawke's Bay Region,Nil,2-way,Sealed,0.0,0.0,0.0,100.0,0.0,None,0.0,0.0,,30.0,Hastings District,Nil,0.0,0.0,0.0,0.0,2.0,0.0,Open,0.0,0.0,0.0,Fine
321589,1925321.0,5599569.0,545852.0,0.0,0.0,1.0,Null,2011/2012,SH 50A PAKI PAKI,SH 2,Serious Crash,Yes,2011,East,0.0,,Flat,,,,,Dark,1469600.0,0.0,0.0,0.0,2.0,0.0,,,Hawke's Bay Region,Nil,2-way,Sealed,0.0,1.0,,100.0,,On,1.0,0.0,,30.0,Hastings District,Give way,,,,,0.0,0.0,Open,0.0,,,Fine
330780,1933416.0,5612180.0,545832.0,0.0,0.0,1.0,Null,2008/2009,BROOKFIELDS ROAD,SISSONS ROAD,Minor Crash,No,2008,South,0.0,1.0,Flat,0.0,,0.0,0.0,Dark,1404000.0,1.0,0.0,0.0,2.0,0.0,0.0,,Hawke's Bay Region,Nil,2-way,Sealed,0.0,0.0,0.0,100.0,0.0,None,0.0,0.0,,30.0,Hastings District,Give way,0.0,0.0,0.0,0.0,0.0,0.0,Open,0.0,0.0,0.0,Fine
681170,1929510.3216,5605667.6949,548200.0,0.0,0.0,2.0,South,2019/2020,TOMOANA ROAD,AVENUE ROAD WEST,Minor Crash,No,2020,North,0.0,,Flat,,,,,Twilight,1490200.0,1.0,0.0,0.0,2.0,0.0,,,Hawke's Bay Region,Nil,2-way,Sealed,0.0,0.0,,50.0,,On,0.0,0.0,,30.0,Hastings District,Nil,,,,,0.0,0.0,Urban,0.0,,,Fine
635736,1931019.0,5604980.0,548000.0,0.0,0.0,2.0,Null,2005/2006,JERVOIS ST,WILLOWPARK ROAD NORTH,Non-Injury Crash,No,2005,South,0.0,,Flat,,,,,Overcast,1497600.0,0.0,0.0,0.0,2.0,0.0,,,Hawke's Bay Region,Nil,2-way,Sealed,0.0,0.0,,50.0,,Null,0.0,0.0,,30.0,Hastings District,Give way,,,,,0.0,0.0,Urban,0.0,,,Fine
143696,1929285.0,5605424.0,548200.0,0.0,0.0,1.0,Null,2003/2004,CHARLES ST,EASTBOURNE ST WEST,Non-Injury Crash,No,2003,West,0.0,,Flat,,,,,Overcast,1488800.0,0.0,0.0,0.0,2.0,0.0,,,Hawke's Bay Region,Nil,2-way,Sealed,0.0,0.0,,50.0,,Null,0.0,0.0,,30.0,Hastings District,Give way,,,,,0.0,0.0,Urban,1.0,,,Fine
63819,1924514.0,5607036.0,548612.0,0.0,0.0,1.0,Null,2004/2005,TENBY TERRACE,KIRKCALDY CRESCENT,Non-Injury Crash,No,2005,South,0.0,1.0,Flat,0.0,,0.0,0.0,Overcast,1474400.0,0.0,0.0,0.0,2.0,0.0,0.0,,Hawke's Bay Region,Nil,2-way,Sealed,0.0,0.0,0.0,50.0,0.0,Null,0.0,0.0,,30.0,Hastings District,Nil,0.0,0.0,0.0,0.0,0.0,0.0,Urban,0.0,0.0,0.0,Fine
281889,1946038.0,5661113.0,545911.0,0.0,0.0,2.0,North,2006/2007,SH 2,WAIKARE ROAD,Non-Injury Crash,Yes,2007,South,0.0,,Flat,,Queens Birthday,,,Dark,1416100.0,0.0,0.0,0.0,2.0,0.0,,,Hawke's Bay Region,Bridge,2-way,Sealed,0.0,0.0,,100.0,,None,0.0,0.0,,30.0,Hastings District,Nil,,,,,0.0,0.0,Open,0.0,,,Fine
55864,1930504.0,5607578.0,545710.0,0.0,0.0,1.0,North,2015/2016,PAKOWHAI ROAD,EVENDEN ROAD,Non-Injury Crash,No,2016,South,0.0,,Flat,,,,,Bright sun,1471100.0,0.0,0.0,0.0,2.0,0.0,,,Hawke's Bay Region,Nil,2-way,Sealed,0.0,0.0,,50.0,,Null,0.0,0.0,,30.0,Hastings District,Unknown,,,,,0.0,0.0,Urban,2.0,,,Fine
273948,1930625.0,5605037.0,548200.0,0.0,0.0,1.0,Null,2006/2007,ALBERT ST,HASTINGS ST NORTH,Minor Crash,No,2007,West,0.0,,Flat,,,,,Dark,1494600.0,2.0,0.0,0.0,2.0,0.0,,,Hawke's Bay Region,Nil,2-way,Sealed,0.0,0.0,,50.0,,On,1.0,0.0,,30.0,Hastings District,Give way,,,,,0.0,0.0,Urban,0.0,,,Fine
217901,1929851.0,5605275.0,548200.0,0.0,0.0,2.0,Null,2001/2002,AVENUE ROAD WEST,KING ST NORTH,Minor Crash,No,2002,North,0.0,,Flat,,,,,Overcast,1490900.0,2.0,0.0,0.0,2.0,0.0,,,Hawke's Bay Region,Nil,2-way,Sealed,0.0,0.0,,50.0,,Null,0.0,0.0,,30.0,Hastings District,Give way,,,,,0.0,0.0,Urban,0.0,,,Heavy rain
131613,1930128.0,5606960.0,547600.0,0.0,0.0,2.0,Null,2006/2007,FREDERICK ST,KAURI ST,Non-Injury Crash,No,2006,West,0.0,1.0,Flat,0.0,,0.0,0.0,Twilight,1484900.0,0.0,0.0,0.0,2.0,0.0,0.0,,Hawke's Bay Region,Nil,2-way,Sealed,0.0,0.0,0.0,50.0,0.0,Off,0.0,0.0,,30.0,Hastings District,Nil,0.0,0.0,0.0,0.0,0.0,0.0,Urban,0.0,0.0,0.0,Light rain
428591,1937016.0,5613310.0,545832.0,0.0,0.0,1.0,South,2010/2011,SH 2,WAITANGI BR,Non-Injury Crash,Yes,2010,South,0.0,0.0,Flat,0.0,,0.0,0.0,Bright sun,1404000.0,0.0,0.0,0.0,2.0,0.0,0.0,,Hawke's Bay Region,Nil,2-way,Sealed,0.0,0.0,0.0,100.0,0.0,Null,0.0,0.0,,30.0,Hastings District,Nil,0.0,0.0,0.0,0.0,0.0,0.0,Open,0.0,0.0,0.0,Fine
199702,1930285.0,5604262.0,548300.0,0.0,0.0,1.0,South,2004/2005,MADDISON ST,HERETAUNGA ST EAST,Non-Injury Crash,No,2004,North,0.0,,Flat,,,,,Overcast,1501500.0,0.0,0.0,0.0,2.0,0.0,,,Hawke's Bay Region,Nil,2-way,Sealed,0.0,0.0,,50.0,,Null,0.0,0.0,,30.0,Hastings District,Nil,,,,,0.0,0.0,Urban,1.0,,,Fine