OBJECTID,X,Y,areaUnitID,bicycle,bus,carStationWagon,crashDirectionDescription,crashFinancialYear,crashLocation1,crashLocation2,crashSeverity,crashSHDescription,crashYear,directionRoleDescription,fatalCount,fence,flatHill,guardRail,holiday,houseOrBuilding,kerb,light,meshblockId,minorInjuryCount,moped,motorcycle,NumberOfLanes,otherVehicleType,parkedVehicle,pedestrian,region,roadCharacter,roadLane,roadSurface,schoolBus,seriousInjuryCount,slipOrFlood,speedLimit,strayAnimal,streetLight,suv,taxi,temporarySpeedLimit,tlaId,tlaName,trafficControl,trafficIsland,trafficSign,train,tree,truck,unknownVehicleType,urban,vanOrUtility,vehicle,waterRiver,weatherA
327088,1929367.0,5604909.0,548200.0,0.0,0.0,2.0,Null,2008/2009,KING ST SOUTH,KING ST,Non-Injury Crash,No,2008,South,0.0,,Flat,,,,,Overcast,1489100.0,0.0,0.0,0.0,2.0,0.0,,,Hawke's Bay Region,Nil,2-way,Sealed,0.0,0.0,,50.0,,Null,0.0,0.0,,30.0,Hastings District,Give way,,,,,0.0,0.0,Urban,0.0,,,Fine
186897,1925110.0,5607594.0,548620.0,0.0,0.0,2.0,Null,2003/2004,FLAXMERE AVENUE,CHATHAM ROAD,Non-Injury Crash,No,2004,West,0.0,,Flat,,,,,Twilight,1474201.0,0.0,0.0,0.0,2.0,0.0,,,Hawke's Bay Region,Nil,2-way,Sealed,0.0,0.0,,50.0,,Off,0.0,0.0,,30.0,Hastings District,Give way,,,,,0.0,0.0,Urban,0.0,,,Fine
362066,1929480.0,5605363.0,548200.0,0.0,0.0,2.0,South,2016/2017,HERETAUNGA ST WEST,SOUTHLAND ROAD,Non-Injury Crash,No,2016,South,0.0,,Flat,,,,,Bright sun,1490100.0,0.0,0.0,0.0,2.0,0.0,,,Hawke's Bay Region,Nil,2-way,Sealed,0.0,0.0,,50.0,,Null,0.0,0.0,,30.0,Hastings District,Stop,,,,,0.0,0.0,Urban,0.0,,,Fine
109925,1930149.0,5604677.0,548200.0,0.0,0.0,1.0,Null,2008/2009,QUEEN ST EAST,HASTINGS ST NORTH,Non-Injury Crash,No,2009,West,0.0,0.0,Flat,0.0,,0.0,0.0,Bright sun,1493400.0,0.0,0.0,0.0,2.0,0.0,1.0,,Hawke's Bay Region,Nil,2-way,Sealed,0.0,0.0,0.0,50.0,0.0,Null,0.0,0.0,,30.0,Hastings District,Give way,0.0,0.0,0.0,0.0,1.0,0.0,Urban,0.0,0.0,0.0,Fine
68741,1929998.0,5603439.0,548300.0,0.0,0.0,1.0,North,2007/2008,PARK ROAD SOUTH,COPELAND ROAD,Non-Injury Crash,No,2008,North,0.0,,Flat,,,,,Dark,1504100.0,0.0,0.0,0.0,2.0,0.0,,,Hawke's Bay Region,Nil,2-way,Sealed,0.0,0.0,,50.0,,On,0.0,0.0,,30.0,Hastings District,Nil,,,,,0.0,0.0,Urban,1.0,,,Fine
641330,1933269.0,5601950.0,548831.0,0.0,0.0,1.0,East,2006/2007,TE MATA ROAD,SCANNELL ST,Minor Crash,No,2007,East,0.0,,Flat,,,,,Dark,1509900.0,1.0,0.0,0.0,2.0,0.0,,1.0,Hawke's Bay Region,Nil,2-way,Sealed,0.0,0.0,,50.0,,On,0.0,0.0,,30.0,Hastings District,Nil,,,,,0.0,0.0,Urban,0.0,,,Fine
58081,1932149.0,5602264.0,545721.0,0.0,0.0,1.0,West,2015/2016,HAVELOCK ROAD,KARANEMA DRIVE,Non-Injury Crash,No,2016,South,0.0,,Flat,,,,,Bright sun,1473000.0,0.0,0.0,1.0,2.0,0.0,,,Hawke's Bay Region,Nil,2-way,Sealed,0.0,0.0,,70.0,,Null,0.0,0.0,,30.0,Hastings District,Unknown,,,,,0.0,0.0,Urban,0.0,,,Fine
170399,1923413.0,5608149.0,548611.0,0.0,0.0,1.0,West,2018/2019,Z DRIVEWAY,KILKEE TERRACE,Minor Crash,No,2018,North,0.0,,Flat,,,,,Overcast,1470311.0,1.0,0.0,0.0,1.0,0.0,,1.0,Hawke's Bay Region,Nil,Off road,Sealed,0.0,0.0,,50.0,,Null,0.0,0.0,,30.0,Hastings District,Unknown,,,,,0.0,0.0,Urban,0.0,,,Fine
250124,1923352.0,5610218.0,545710.0,0.0,0.0,1.0,Null,2007/2008,OMAHU ROAD,SH 50,Non-Injury Crash,No,2008,North,0.0,1.0,Flat,0.0,,0.0,0.0,Bright sun,1470500.0,0.0,0.0,0.0,2.0,0.0,0.0,,Hawke's Bay Region,Nil,2-way,Sealed,0.0,0.0,0.0,100.0,0.0,Null,0.0,0.0,,30.0,Hastings District,Give way,0.0,0.0,0.0,0.0,0.0,0.0,Open,0.0,0.0,0.0,Fine
383887,1930876.0,5604104.0,548100.0,0.0,0.0,2.0,Null,2006/2007,ST AUBYN ST EAST,PARK ROAD NORTH,Minor Crash,No,2007,East,0.0,1.0,Flat,0.0,,0.0,0.0,Bright sun,1501300.0,1.0,0.0,0.0,2.0,0.0,0.0,,Hawke's Bay Region,Nil,2-way,Sealed,0.0,0.0,0.0,50.0,0.0,Null,0.0,0.0,,30.0,Hastings District,Give way,0.0,0.0,0.0,0.0,0.0,0.0,Urban,0.0,0.0,0.0,Fine
239629,1930667.0,5606122.0,547600.0,0.0,0.0,2.0,East,2013/2014,FREDERICK ST,NELSON ST NORTH,Non-Injury Crash,No,2014,West,0.0,,Flat,,,,,Overcast,1483700.0,0.0,0.0,0.0,2.0,0.0,,,Hawke's Bay Region,Nil,2-way,Sealed,0.0,0.0,,50.0,,Off,0.0,0.0,,30.0,Hastings District,Give way,,,,,0.0,0.0,Urban,0.0,,,Fine
90941,1933719.6507,5603931.6502,545750.0,1.0,0.0,0.0,North,2019/2020,NAPIER ROAD,THOMPSON ROAD,Minor Crash,No,2019,South,0.0,,Flat,,Christmas New Year,,,Bright sun,1406600.0,1.0,0.0,0.0,2.0,0.0,,,Hawke's Bay Region,Nil,2-way,Sealed,0.0,0.0,,80.0,,Off,0.0,0.0,,30.0,Hastings District,Unknown,,,,,0.0,0.0,Open,1.0,,,Fine
58130,1936881.0,5612945.0,545832.0,0.0,0.0,1.0,North,2005/2006,SH 2,FARNDON ROAD,Minor Crash,Yes,2006,South,0.0,0.0,Flat,0.0,,0.0,0.0,Overcast,1404000.0,1.0,0.0,0.0,2.0,0.0,0.0,,Hawke's Bay Region,Bridge,2-way,Sealed,0.0,0.0,0.0,100.0,0.0,Null,0.0,0.0,,30.0,Hastings District,Nil,0.0,0.0,0.0,0.0,1.0,0.0,Open,0.0,0.0,0.0,Fine
355628,1929528.0,5605234.0,548200.0,0.0,0.0,2.0,South,2002/2003,NELSON ST SOUTH,HERETAUNGA ST WEST,Non-Injury Crash,No,2002,North,0.0,,Flat,,,,,Bright sun,1488900.0,0.0,0.0,0.0,3.0,0.0,,,Hawke's Bay Region,Nil,2-way,Sealed,0.0,0.0,,50.0,,Null,0.0,0.0,,30.0,Hastings District,Nil,,,,,0.0,0.0,Urban,0.0,,,Fine
361258,1924430.0,5609183.0,545710.0,1.0,0.0,1.0,South,2016/2017,OMAHU ROAD,KIRKWOOD ROAD,Minor Crash,No,2017,North,0.0,,Flat,,,,,Dark,1470600.0,2.0,0.0,0.0,2.0,0.0,,,Hawke's Bay Region,Nil,2-way,Sealed,0.0,0.0,,50.0,,On,0.0,0.0,,30.0,Hastings District,Nil,,,,,0.0,0.0,Urban,0.0,,,Fine
323937,1930542.0,5605151.0,548200.0,0.0,0.0,1.0,Null,2011/2012,ALBERT ST,WARREN ST NORTH,Non-Injury Crash,No,2011,North,0.0,,Flat,,,,,Bright sun,1494600.0,0.0,0.0,0.0,2.0,0.0,,,Hawke's Bay Region,Nil,2-way,Sealed,0.0,0.0,,50.0,,Null,0.0,0.0,,30.0,Hastings District,Give way,,,,,0.0,0.0,Urban,1.0,,,Fine
364448,1925384.0,5607804.0,548611.0,0.0,0.0,0.0,Null,2005/2006,MARGATE AVENUE,CHATHAM ROAD,Non-Injury Crash,No,2006,South,0.0,,Flat,,,,,Dark,1473803.0,0.0,0.0,0.0,2.0,0.0,,,Hawke's Bay Region,Nil,2-way,Sealed,0.0,0.0,,50.0,,On,0.0,0.0,,30.0,Hastings District,Give way,,,,,1.0,0.0,Urban,1.0,,,Light rain
622274,1928253.0,5607019.0,547800.0,0.0,0.0,1.0,East,2005/2006,NOTTINGLEY ROAD,BALLANTYNE ST,Non-Injury Crash,No,2005,East,0.0,0.0,Flat,0.0,Christmas New Year,0.0,0.0,Twilight,1476800.0,0.0,0.0,0.0,2.0,0.0,0.0,,Hawke's Bay Region,Nil,2-way,Sealed,0.0,0.0,0.0,50.0,0.0,Off,0.0,0.0,,30.0,Hastings District,Nil,0.0,1.0,0.0,0.0,0.0,0.0,Urban,0.0,0.0,0.0,Fine
2902,1909993.0,5664547.0,545911.0,0.0,0.0,1.0,North,2010/2011,SH 5,SUMMIT KIOSK,Fatal Crash,Yes,2011,South,1.0,0.0,Hill Road,0.0,,0.0,0.0,Overcast,1414300.0,0.0,0.0,0.0,2.0,0.0,0.0,,Hawke's Bay Region,Nil,2-way,Sealed,0.0,0.0,0.0,100.0,0.0,Null,0.0,0.0,,30.0,Hastings District,Nil,0.0,0.0,0.0,1.0,0.0,0.0,Open,0.0,0.0,0.0,Fine
304174,1930227.0,5604975.0,548200.0,0.0,0.0,2.0,North,2003/2004,ST AUBYN ST EAST,WARREN ST NORTH,Non-Injury Crash,No,2004,North,0.0,,Flat,,,,,Bright sun,1494400.0,0.0,0.0,0.0,2.0,0.0,,,Hawke's Bay Region,Nil,2-way,Sealed,0.0,0.0,,50.0,,Null,0.0,0.0,,30.0,Hastings District,Nil,,,,,0.0,0.0,Urban,0.0,,,Fine
298618,1929549.0,5604672.0,548200.0,0.0,0.0,1.0,Null,2010/2011,RAILWAY ROAD,SOUTHAMPTON ST EAST,Non-Injury Crash,No,2010,West,0.0,,Flat,,,,,Bright sun,1489700.0,0.0,0.0,0.0,2.0,0.0,,,Hawke's Bay Region,Nil,2-way,Sealed,0.0,0.0,,50.0,,Null,0.0,0.0,,30.0,Hastings District,Traffic Signals,,,,,0.0,0.0,Urban,1.0,,,Fine
176284,1929857.0,5605408.0,548200.0,0.0,0.0,2.0,Null,2004/2005,Z CPK PROPERTY BROKERS,ST AUBYN ST WEST,Non-Injury Crash,No,2004,South,0.0,0.0,Flat,0.0,,0.0,0.0,Bright sun,1490900.0,0.0,0.0,0.0,0.0,0.0,1.0,,Hawke's Bay Region,Nil,Off road,Sealed,0.0,0.0,0.0,50.0,0.0,Null,0.0,0.0,,30.0,Hastings District,Nil,0.0,0.0,0.0,0.0,0.0,0.0,Urban,0.0,0.0,0.0,Fine
194137,1932575.0,5608502.0,545721.0,0.0,0.0,2.0,Null,1999/2000,RUAHAPIA ROAD,WHAKATU ROAD,Non-Injury Crash,No,2000,East,0.0,,Flat,,,,,Dark,1471600.0,0.0,0.0,0.0,2.0,0.0,,,Hawke's Bay Region,Nil,2-way,Sealed,0.0,0.0,,100.0,,None,0.0,0.0,,30.0,Hastings District,Stop,,,,,0.0,0.0,Open,0.0,,,Fine
520587,1929461.0,5604802.0,548200.0,0.0,0.0,2.0,North,2005/2006,MARKET ST SOUTH,SOUTHAMPTON ST WEST,Non-Injury Crash,No,2005,East,0.0,0.0,Flat,0.0,,0.0,0.0,Dark,1489802.0,0.0,0.0,0.0,2.0,0.0,1.0,,Hawke's Bay Region,Nil,2-way,Sealed,0.0,0.0,0.0,50.0,0.0,On,0.0,1.0,,30.0,Hastings District,Nil,0.0,0.0,0.0,0.0,0.0,0.0,Urban,0.0,0.0,0.0,Heavy rain
113714,1930795.0,5604811.0,548100.0,0.0,0.0,1.0,Null,2009/2010,WILLOWPARK ROAD NORTH,ALBERT ST,Non-Injury Crash,No,2009,North,0.0,0.0,Flat,0.0,,0.0,0.0,Bright sun,1499700.0,0.0,0.0,0.0,2.0,0.0,0.0,,Hawke's Bay Region,Nil,2-way,Sealed,0.0,0.0,0.0,50.0,0.0,Null,0.0,0.0,,30.0,Hastings District,Give way,0.0,0.0,0.0,1.0,0.0,0.0,Urban,1.0,0.0,0.0,Fine
717818,1929549.0,5604870.0,548200.0,0.0,0.0,2.0,Null,2014/2015,LYNDON ROAD WEST,MARKET ST SOUTH,Minor Crash,No,2015,North,0.0,,Flat,,,,,Bright sun,1489802.0,1.0,0.0,0.0,2.0,0.0,,,Hawke's Bay Region,Nil,2-way,Sealed,0.0,0.0,,50.0,,Null,0.0,0.0,,30.0,Hastings District,Give way,,,,,0.0,0.0,Urban,0.0,,,Fine
450462,1923525.0,5652332.0,545911.0,0.0,0.0,0.0,West,2004/2005,OHURAKURA ROAD,BERRY ROAD,Non-Injury Crash,No,2004,West,0.0,0.0,Hill Road,0.0,,0.0,0.0,Dark,1415900.0,0.0,0.0,0.0,2.0,0.0,0.0,,Hawke's Bay Region,Nil,2-way,Unsealed,0.0,0.0,0.0,100.0,0.0,None,0.0,0.0,,30.0,Hastings District,Nil,0.0,0.0,0.0,0.0,0.0,0.0,Open,1.0,0.0,0.0,Fine
660110,1929979.7697,5606447.6061,547600.0,0.0,0.0,1.0,South,2019/2020,GRAYS ROAD,DUKE STREET,Non-Injury Crash,No,2020,South,0.0,0.0,Flat,0.0,,0.0,0.0,Dark,1484200.0,0.0,0.0,0.0,2.0,0.0,1.0,,Hawke's Bay Region,Nil,2-way,Sealed,0.0,0.0,0.0,50.0,0.0,On,1.0,0.0,,30.0,Hastings District,Unknown,0.0,0.0,0.0,0.0,0.0,0.0,Urban,0.0,0.0,0.0,Fine
294730,1925422.0,5606252.0,548620.0,0.0,0.0,2.0,South,2013/2014,WILSON ROAD,PETERHEAD AVENUE,Non-Injury Crash,No,2014,North,0.0,,Flat,,,,,Overcast,1474800.0,0.0,0.0,0.0,2.0,0.0,,,Hawke's Bay Region,Nil,2-way,Sealed,0.0,0.0,,50.0,,Off,0.0,0.0,,30.0,Hastings District,Unknown,,,,,0.0,0.0,Urban,0.0,,,Light rain
160650,1942345.0,5594488.0,545860.0,0.0,0.0,3.0,East,2003/2004,OCEAN BEACH ROAD,WAIMARAMA ROAD,Non-Injury Crash,No,2003,South,0.0,1.0,Hill Road,0.0,,0.0,0.0,Bright sun,1467600.0,0.0,0.0,0.0,2.0,0.0,0.0,,Hawke's Bay Region,Nil,2-way,Unsealed,0.0,0.0,0.0,100.0,0.0,Null,0.0,0.0,30.0,30.0,Hastings District,Nil,0.0,0.0,0.0,0.0,0.0,0.0,Open,0.0,0.0,0.0,Fine
19593,1939225.0,5594406.0,545860.0,0.0,0.0,1.0,South,2000/2001,WAIMARAMA ROAD,MARAETOTARA ROAD,Non-Injury Crash,No,2001,North,0.0,1.0,Hill Road,0.0,,0.0,0.0,Bright sun,1467500.0,0.0,0.0,0.0,2.0,0.0,0.0,,Hawke's Bay Region,Nil,2-way,Sealed,0.0,0.0,0.0,100.0,0.0,Null,0.0,0.0,,30.0,Hastings District,Nil,0.0,0.0,0.0,0.0,0.0,0.0,Open,0.0,0.0,0.0,Fine
560175,1903322.0,5599328.0,545841.0,0.0,0.0,0.0,South,2005/2006,SH 50,SALISBURY ROAD,Minor Crash,Yes,2006,North,0.0,1.0,Hill Road,0.0,,0.0,0.0,Bright sun,1462500.0,1.0,0.0,0.0,2.0,0.0,0.0,,Hawke's Bay Region,Nil,2-way,Sealed,0.0,0.0,0.0,100.0,0.0,Null,0.0,0.0,,30.0,Hastings District,Nil,0.0,0.0,0.0,0.0,1.0,0.0,Open,0.0,0.0,0.0,Fine
228335,1929806.0,5605079.0,548200.0,0.0,0.0,1.0,North,2011/2012,Z CPK WESTPAC,MARKET ST NORTH,Non-Injury Crash,No,2012,South,0.0,,Flat,,,,,Bright sun,1491200.0,0.0,0.0,0.0,0.0,0.0,,,Hawke's Bay Region,Nil,Off road,Sealed,0.0,0.0,,50.0,,Null,0.0,0.0,,30.0,Hastings District,Nil,,,,,0.0,0.0,Urban,1.0,,,Fine
64852,1930269.0,5603643.0,548300.0,0.0,0.0,2.0,South,2011/2012,PARK ROAD SOUTH,FERGUSON ST,Non-Injury Crash,No,2011,North,0.0,0.0,Flat,0.0,,0.0,0.0,Dark,1501700.0,0.0,0.0,0.0,2.0,0.0,1.0,,Hawke's Bay Region,Nil,2-way,Sealed,0.0,0.0,0.0,50.0,0.0,On,0.0,0.0,,30.0,Hastings District,Nil,0.0,0.0,0.0,0.0,0.0,0.0,Urban,0.0,0.0,0.0,Fine
585088,1911805.0,5661935.0,545911.0,0.0,0.0,1.0,North,2007/2008,SH 5,MCVICAR ROAD,Serious Crash,Yes,2008,South,0.0,,Hill Road,,,,,Dark,1414400.0,0.0,0.0,0.0,2.0,0.0,,,Hawke's Bay Region,Nil,2-way,Sealed,0.0,1.0,,100.0,,None,0.0,0.0,30.0,30.0,Hastings District,Nil,,,,,0.0,0.0,Open,0.0,,,Fine
553950,1930214.0,5604383.0,548200.0,0.0,0.0,2.0,Null,2013/2014,WILLOWPARK ROAD NORTH,HERETAUNGA ST EAST,Non-Injury Crash,No,2013,South,0.0,,Flat,,,,,Bright sun,1493800.0,0.0,0.0,0.0,2.0,0.0,,,Hawke's Bay Region,Nil,2-way,Sealed,0.0,0.0,,50.0,,Off,0.0,0.0,,30.0,Hastings District,Give way,,,,,0.0,0.0,Urban,0.0,,,Fine
574437,1932274.0,5609028.0,545721.0,0.0,0.0,2.0,Null,2015/2016,PAKOWHAI ROAD,RUAHAPIA ROAD,Non-Injury Crash,No,2016,South,0.0,,Flat,,,,,Bright sun,1471600.0,0.0,0.0,0.0,2.0,0.0,,,Hawke's Bay Region,Nil,2-way,Sealed,0.0,0.0,,80.0,,Null,0.0,0.0,,30.0,Hastings District,Give way,,,,,0.0,0.0,Open,0.0,,,Fine
271948,1929899.0,5605009.0,548200.0,0.0,0.0,1.0,West,2008/2009,QUEEN ST EAST,RUSSELL ST NORTH,Non-Injury Crash,No,2008,East,0.0,,Flat,,,,,Bright sun,1492200.0,0.0,0.0,0.0,2.0,0.0,,,Hawke's Bay Region,Nil,2-way,Sealed,0.0,0.0,,50.0,,Null,0.0,0.0,,30.0,Hastings District,Nil,,,,,0.0,0.0,Urban,1.0,,,Fine
94091,1921478.0,5595408.0,545851.0,0.0,0.0,2.0,South,2002/2003,SH 2,PAKIPAKI OFF NBD,Non-Injury Crash,Yes,2003,North,0.0,,Flat,,,,,Overcast,1463900.0,0.0,0.0,0.0,2.0,0.0,,,Hawke's Bay Region,Nil,2-way,Sealed,0.0,0.0,,100.0,,None,0.0,0.0,,30.0,Hastings District,Nil,,,,,0.0,0.0,Open,0.0,,,Fine
268447,1930017.0,5604753.0,548200.0,0.0,0.0,1.0,South,2000/2001,WARREN ST NORTH,QUEEN ST EAST,Non-Injury Crash,No,2001,South,0.0,0.0,Flat,0.0,,0.0,0.0,Bright sun,1493300.0,0.0,0.0,0.0,2.0,0.0,1.0,,Hawke's Bay Region,Nil,2-way,Sealed,0.0,0.0,0.0,50.0,0.0,Null,0.0,0.0,,30.0,Hastings District,Nil,0.0,0.0,0.0,0.0,1.0,0.0,Urban,0.0,0.0,0.0,Fine
413631,1929441.0,5608839.0,545710.0,0.0,0.0,2.0,Null,2004/2005,SH 50A,EVENDEN ROAD,Non-Injury Crash,Yes,2005,North,0.0,,Flat,,,,,Overcast,1471201.0,0.0,0.0,0.0,2.0,0.0,,,Hawke's Bay Region,Nil,2-way,Sealed,0.0,0.0,,100.0,,Null,0.0,0.0,,30.0,Hastings District,Give way,,,,,0.0,0.0,Open,0.0,,,Fine
537497,1936233.0,5601768.0,545750.0,0.0,0.0,0.0,North,2008/2009,TE MATA MANGATERETERE ROA,TE MATA ROAD,Non-Injury Crash,No,2008,North,0.0,1.0,Hill Road,0.0,,0.0,0.0,Dark,1466600.0,0.0,0.0,0.0,2.0,0.0,0.0,,Hawke's Bay Region,Nil,2-way,Sealed,0.0,0.0,0.0,100.0,0.0,None,1.0,0.0,,30.0,Hastings District,Nil,0.0,0.0,0.0,0.0,0.0,0.0,Open,0.0,0.0,0.0,Fine
682824,1936396.0,5612084.0,545832.0,0.0,0.0,1.0,North,2008/2009,SH 2,FARNDON ROAD,Minor Crash,Yes,2009,South,0.0,0.0,Flat,0.0,,0.0,0.0,Bright sun,1404200.0,2.0,0.0,0.0,3.0,0.0,0.0,,Hawke's Bay Region,Nil,2-way,Sealed,0.0,0.0,0.0,100.0,0.0,Null,0.0,0.0,,30.0,Hastings District,Nil,0.0,0.0,0.0,1.0,0.0,0.0,Open,0.0,0.0,0.0,Fine
455207,1930614.0,5603905.0,548100.0,0.0,0.0,2.0,Null,2012/2013,HERETAUNGA ST EAST,PARK ROAD SOUTH,Minor Crash,No,2013,North,0.0,,Flat,,,,,Bright sun,1501200.0,2.0,0.0,0.0,2.0,0.0,,,Hawke's Bay Region,Nil,2-way,Sealed,0.0,0.0,,50.0,,Null,0.0,0.0,,30.0,Hastings District,Give way,,,,,0.0,0.0,Urban,0.0,,,Fine
184498,1929821.0,5604912.0,548200.0,1.0,0.0,0.0,Null,2001/2002,HERETAUNGA ST EAST,RUSSELL ST NORTH,Non-Injury Crash,No,2002,South,0.0,,Flat,,,,,Dark,1492100.0,0.0,0.0,0.0,2.0,0.0,,,Hawke's Bay Region,Nil,2-way,Sealed,0.0,0.0,,50.0,,On,0.0,0.0,,30.0,Hastings District,Nil,,,,,0.0,0.0,Urban,1.0,,,Fine
81541,1930935.0,5613540.0,545831.0,0.0,0.0,1.0,Null,2005/2006,SH 50,LINKS ROAD,Non-Injury Crash,Yes,2005,South,0.0,0.0,Flat,0.0,,0.0,0.0,Bright sun,1404600.0,0.0,0.0,0.0,2.0,0.0,0.0,,Hawke's Bay Region,Nil,2-way,Sealed,0.0,0.0,0.0,100.0,0.0,Null,0.0,0.0,,30.0,Hastings District,Give way,1.0,0.0,0.0,0.0,1.0,0.0,Open,0.0,0.0,0.0,Fine
351802,1930791.5485,5603717.0932,548100.0,0.0,0.0,1.0,South,2018/2019,HERETAUNGA STREET EAST,LUMSDEN ROAD,Non-Injury Crash,No,2019,South,0.0,,Flat,,,,,Bright sun,1500300.0,0.0,0.0,0.0,2.0,0.0,,,Hawke's Bay Region,Nil,2-way,Sealed,0.0,0.0,,50.0,,Off,2.0,0.0,,30.0,Hastings District,Unknown,,,,,0.0,0.0,Urban,0.0,,,Fine
61519,1924864.0,5608807.0,545710.0,0.0,0.0,2.0,Null,2008/2009,OMAHU ROAD,TWYFORD ROAD,Minor Crash,No,2008,East,0.0,,Flat,,Christmas New Year,,,Overcast,1470600.0,1.0,0.0,0.0,2.0,0.0,,,Hawke's Bay Region,Nil,2-way,Sealed,0.0,0.0,,70.0,,Null,0.0,0.0,,30.0,Hastings District,Give way,,,,,0.0,0.0,Urban,0.0,,,Fine
409264,1936838.0,5598094.0,545851.0,0.0,0.0,0.0,North,2004/2005,WAIMARAMA ROAD,MATANGI ROAD,Minor Crash,No,2005,West,0.0,0.0,Hill Road,0.0,Christmas New Year,0.0,0.0,Bright sun,1467002.0,1.0,0.0,1.0,2.0,0.0,0.0,,Hawke's Bay Region,Nil,2-way,Sealed,0.0,0.0,0.0,100.0,0.0,Null,0.0,0.0,,30.0,Hastings District,Nil,0.0,0.0,0.0,0.0,0.0,0.0,Open,2.0,0.0,0.0,Fine
553727,1930935.0,5613540.0,545831.0,1.0,0.0,0.0,Null,2009/2010,SH 50A,SH 50 LINKS ROAD,Minor Crash,Yes,2009,North,0.0,,Flat,,,,,Bright sun,1404600.0,1.0,0.0,0.0,2.0,0.0,,,Hawke's Bay Region,Nil,2-way,Sealed,0.0,0.0,,100.0,,Null,1.0,0.0,,30.0,Hastings District,Give way,,,,,0.0,0.0,Open,0.0,,,Fine
583182,1927296.0,5605131.0,545761.0,0.0,0.0,1.0,Null,2011/2012,YORK ROAD,MARAEKAKAHO ROAD,Non-Injury Crash,No,2012,South,0.0,,Flat,,,,,Overcast,1469905.0,0.0,0.0,0.0,2.0,0.0,,,Hawke's Bay Region,Nil,2-way,Sealed,0.0,0.0,,70.0,,Null,0.0,0.0,,30.0,Hastings District,Give way,,,,,0.0,0.0,Urban,1.0,,,Fine
492558,1930050.0,5604572.0,548200.0,0.0,0.0,2.0,South,2002/2003,Z CPK NEW WORLD,HERETAUNGA/SH 2,Non-Injury Crash,No,2002,West,0.0,0.0,Flat,0.0,,0.0,0.0,Bright sun,1493800.0,0.0,0.0,0.0,1.0,0.0,1.0,,Hawke's Bay Region,Nil,Off road,Sealed,0.0,0.0,0.0,50.0,0.0,Null,0.0,0.0,,30.0,Hastings District,Nil,0.0,0.0,0.0,0.0,0.0,0.0,Urban,0.0,0.0,0.0,Fine
56759,1930485.0,5606405.0,547600.0,0.0,0.0,3.0,Null,2015/2016,FREDERICK ST,TOMOANA ROAD,Non-Injury Crash,No,2016,North,0.0,,Flat,,,,,Twilight,1483800.0,0.0,0.0,0.0,2.0,0.0,,,Hawke's Bay Region,Nil,2-way,Sealed,0.0,0.0,,50.0,,Off,0.0,0.0,,30.0,Hastings District,Traffic Signals,,,,,0.0,0.0,Urban,0.0,,,Fine
476745,1913131.0,5587019.0,545851.0,0.0,0.0,2.0,South,2003/2004,SH 2,WAIKAREAO ROAD,Non-Injury Crash,Yes,2003,East,0.0,0.0,Flat,0.0,,0.0,0.0,Dark,1464600.0,0.0,0.0,0.0,3.0,0.0,1.0,,Hawke's Bay Region,Nil,2-way,Sealed,0.0,0.0,0.0,100.0,0.0,None,0.0,0.0,,30.0,Hastings District,Nil,0.0,0.0,0.0,0.0,0.0,0.0,Open,0.0,0.0,0.0,Fine
120474,1930321.0,5604984.0,548200.0,0.0,0.0,1.0,East,2008/2009,WARREN ST NORTH,ST AUBYN ST EAST,Non-Injury Crash,No,2009,South,0.0,,Flat,,,,,Overcast,1494400.0,0.0,0.0,0.0,2.0,0.0,,,Hawke's Bay Region,Nil,2-way,Sealed,0.0,0.0,,50.0,,Null,1.0,0.0,,30.0,Hastings District,Nil,,,,,0.0,0.0,Urban,0.0,,,Heavy rain
52218,1925713.0,5618949.0,545821.0,0.0,0.0,1.0,South,2010/2011,OMARUNUI ROAD,VICARAGE ROAD,Non-Injury Crash,No,2011,North,0.0,,Hill Road,,,,,Bright sun,1408700.0,0.0,0.0,0.0,2.0,0.0,,,Hawke's Bay Region,Nil,2-way,Sealed,0.0,0.0,,100.0,,Null,0.0,0.0,,30.0,Hastings District,Nil,,,,,0.0,0.0,Open,0.0,,,Fine
283963,1929663.0,5606211.0,547700.0,0.0,0.0,2.0,South,2008/2009,GRAYS ROAD,FITZROY AVENUE,Non-Injury Crash,No,2009,South,0.0,,Flat,,,,,Bright sun,1486300.0,0.0,0.0,0.0,2.0,0.0,,,Hawke's Bay Region,Nil,2-way,Sealed,0.0,0.0,,50.0,,Null,0.0,0.0,,30.0,Hastings District,Give way,,,,,0.0,0.0,Urban,0.0,,,Fine
549114,1914124.0,5588056.0,545851.0,0.0,0.0,1.0,Null,2013/2014,SH 2,TE AUTE TRUST ROAD,Non-Injury Crash,Yes,2014,South,0.0,,Flat,,,,,Bright sun,1464600.0,0.0,0.0,0.0,2.0,0.0,,,Hawke's Bay Region,Nil,2-way,Sealed,0.0,0.0,,100.0,,Off,1.0,0.0,,30.0,Hastings District,Nil,,,,,0.0,0.0,Open,0.0,,,Fine