OBJECTID,X,Y,areaUnitID,bicycle,bus,carStationWagon,crashDirectionDescription,crashFinancialYear,crashLocation1,crashLocation2,crashSeverity,crashSHDescription,crashYear,directionRoleDescription,fatalCount,fence,flatHill,guardRail,holiday,houseOrBuilding,kerb,light,meshblockId,minorInjuryCount,moped,motorcycle,NumberOfLanes,otherVehicleType,parkedVehicle,pedestrian,region,roadCharacter,roadLane,roadSurface,schoolBus,seriousInjuryCount,slipOrFlood,speedLimit,strayAnimal,streetLight,suv,taxi,temporarySpeedLimit,tlaId,tlaName,trafficControl,trafficIsland,trafficSign,train,tree,truck,unknownVehicleType,urban,vanOrUtility,vehicle,waterRiver,weatherA
198058,1926030.0,5626914.0,545821.0,0.0,0.0,1.0,East,2015/2016,SEAFIELD ROAD,PUKETITIRI ROAD,Non-Injury Crash,No,2015,East,0.0,1.0,Hill Road,0.0,,0.0,0.0,Bright sun,1410801.0,0.0,0.0,0.0,2.0,0.0,0.0,,Hawke's Bay Region,Nil,2-way,Sealed,0.0,0.0,0.0,100.0,0.0,Null,0.0,0.0,,30.0,Hastings District,Unknown,0.0,0.0,0.0,0.0,0.0,0.0,Open,0.0,0.0,0.0,Fine
245029,1906957.0,5677209.0,545911.0,0.0,0.0,2.0,West,2014/2015,SH 5,POHOKURA ROAD,Non-Injury Crash,Yes,2014,South,0.0,,Hill Road,,,,,Bright sun,1281200.0,0.0,0.0,0.0,2.0,0.0,,,Hawke's Bay Region,Nil,2-way,Sealed,0.0,0.0,,100.0,,Null,0.0,0.0,,30.0,Hastings District,Nil,,,,,0.0,0.0,Open,0.0,,,Fine
123910,1929627.0,5632875.0,545811.0,0.0,0.0,1.0,East,2010/2011,SH 5,SHAW ROAD,Non-Injury Crash,Yes,2011,North,0.0,0.0,Flat,0.0,,1.0,0.0,Overcast,1414700.0,0.0,0.0,0.0,2.0,0.0,0.0,,Hawke's Bay Region,Nil,2-way,Sealed,0.0,0.0,0.0,100.0,0.0,Null,0.0,0.0,,30.0,Hastings District,Nil,0.0,0.0,0.0,0.0,0.0,0.0,Open,0.0,0.0,0.0,Light rain
640815,1925829.0,5608141.0,548400.0,0.0,0.0,1.0,South,2008/2009,CHATHAM ROAD,HAZELWOOD ST,Non-Injury Crash,No,2009,North,0.0,1.0,Flat,0.0,,0.0,0.0,Dark,1473300.0,0.0,0.0,0.0,2.0,0.0,0.0,,Hawke's Bay Region,Nil,2-way,Sealed,0.0,0.0,0.0,50.0,0.0,On,0.0,0.0,,30.0,Hastings District,Nil,0.0,0.0,0.0,0.0,0.0,0.0,Urban,0.0,0.0,0.0,Light rain
625807,1930567.0,5604113.0,548100.0,0.0,0.0,2.0,Null,2001/2002,SYLVAN ROAD,QUEEN ST EAST,Non-Injury Crash,No,2001,East,0.0,,Flat,,,,,Overcast,1501100.0,0.0,0.0,0.0,2.0,0.0,,,Hawke's Bay Region,Nil,2-way,Sealed,0.0,0.0,,50.0,,Null,0.0,0.0,,30.0,Hastings District,Give way,,,,,0.0,0.0,Urban,0.0,,,Light rain
309405,1931723.0,5631667.0,545611.0,0.0,0.0,1.0,South,2007/2008,HILL ROAD,SH 5,Minor Crash,No,2008,South,0.0,1.0,Hill Road,0.0,,1.0,0.0,Overcast,1413900.0,1.0,0.0,0.0,2.0,0.0,0.0,,Hawke's Bay Region,Nil,2-way,Sealed,0.0,0.0,0.0,100.0,0.0,Null,0.0,0.0,,30.0,Hastings District,Nil,0.0,0.0,0.0,0.0,0.0,0.0,Open,0.0,0.0,0.0,Fine
57847,1916692.0,5654743.0,545911.0,0.0,0.0,1.0,West,2015/2016,SH 5,TITIOKURA SUMMIT,Non-Injury Crash,Yes,2016,East,0.0,0.0,Hill Road,0.0,,0.0,1.0,Bright sun,1415900.0,0.0,0.0,0.0,3.0,0.0,0.0,,Hawke's Bay Region,Nil,2-way,Sealed,0.0,0.0,0.0,100.0,0.0,Null,0.0,0.0,,30.0,Hastings District,Unknown,0.0,0.0,0.0,0.0,0.0,0.0,Open,0.0,0.0,0.0,Fine
491038,1927481.2167,5603871.1369,545761.0,0.0,0.0,1.0,Null,2018/2019,HEATHCOTE ROAD,SOUTHLAND ROAD,Non-Injury Crash,No,2018,East,0.0,1.0,Flat,0.0,Christmas New Year,0.0,0.0,Dark,1468801.0,0.0,0.0,0.0,2.0,0.0,0.0,,Hawke's Bay Region,Nil,2-way,Sealed,0.0,0.0,0.0,100.0,0.0,Off,0.0,0.0,,30.0,Hastings District,Give way,0.0,1.0,0.0,1.0,0.0,0.0,Open,0.0,0.0,0.0,Fine
519129,1919245.0,5593807.0,545851.0,0.0,0.0,1.0,North,1999/2000,SH 2,HORONUI ROAD,Non-Injury Crash,Yes,2000,North,0.0,1.0,Flat,0.0,,0.0,0.0,Twilight,1463900.0,0.0,0.0,0.0,2.0,0.0,0.0,,Hawke's Bay Region,Nil,2-way,Sealed,0.0,0.0,0.0,100.0,0.0,None,0.0,0.0,,30.0,Hastings District,Nil,0.0,0.0,0.0,0.0,0.0,0.0,Open,0.0,0.0,0.0,Fine
573866,1922467.0,5604323.0,545842.0,0.0,0.0,1.0,East,2012/2013,MARAEKAKAHO ROAD,HIGBEE ROAD,Minor Crash,No,2012,East,0.0,,Flat,,,,,Bright sun,1462902.0,1.0,0.0,0.0,2.0,0.0,,1.0,Hawke's Bay Region,Nil,2-way,Sealed,0.0,0.0,,50.0,,Null,0.0,0.0,,30.0,Hastings District,Nil,,,,,0.0,0.0,Urban,0.0,,,Fine
68575,1913772.0,5634859.0,545821.0,0.0,0.0,0.0,West,2006/2007,PUKETITIRI ROAD,SOLDIERS SETTLEMENT ROAD,Minor Crash,No,2006,East,0.0,0.0,Hill Road,0.0,,0.0,0.0,Bright sun,1412300.0,1.0,0.0,0.0,2.0,0.0,0.0,,Hawke's Bay Region,Nil,2-way,Sealed,0.0,0.0,0.0,100.0,0.0,Null,0.0,0.0,,30.0,Hastings District,Nil,0.0,0.0,0.0,0.0,0.0,0.0,Open,1.0,0.0,0.0,Fine
349758,1932477.0,5610417.0,545832.0,0.0,0.0,1.0,Null,2013/2014,PAKOWHAI ROAD,HODGSON ROAD,Non-Injury Crash,No,2014,North,0.0,,Flat,,,,,Bright sun,1404100.0,0.0,0.0,0.0,2.0,0.0,,,Hawke's Bay Region,Nil,2-way,Sealed,0.0,0.0,,80.0,,Null,0.0,0.0,,30.0,Hastings District,Give way,,,,,1.0,0.0,Open,0.0,,,Fine
175344,1928518.0,5606533.0,547800.0,0.0,0.0,1.0,West,2002/2003,OMAHU ROAD,MCLEOD ST,Non-Injury Crash,No,2003,West,0.0,,Flat,,,,,Overcast,1477400.0,0.0,0.0,0.0,3.0,0.0,,,Hawke's Bay Region,Nil,2-way,Sealed,0.0,0.0,,50.0,,Null,0.0,0.0,,30.0,Hastings District,Nil,,,,,0.0,0.0,Urban,1.0,,,Light rain
695624,1934672.0,5608806.0,545722.0,0.0,0.0,0.0,East,2015/2016,BOWDEN PLACE,NGARURORO AVENUE,Non-Injury Crash,No,2015,South,0.0,0.0,Flat,0.0,,0.0,0.0,Overcast,1406102.0,0.0,0.0,0.0,2.0,0.0,1.0,,Hawke's Bay Region,Nil,2-way,Sealed,0.0,0.0,0.0,50.0,0.0,Null,0.0,0.0,,30.0,Hastings District,Nil,0.0,0.0,0.0,0.0,0.0,0.0,Urban,2.0,0.0,0.0,Fine
413772,1933101.0,5601874.0,548832.0,0.0,0.0,2.0,West,2009/2010,TE MATA ROAD,CHAMBERS ST,Non-Injury Crash,No,2009,West,0.0,,Flat,,,,,Bright sun,1508500.0,0.0,0.0,0.0,2.0,0.0,,,Hawke's Bay Region,Nil,2-way,Sealed,0.0,0.0,,50.0,,Null,0.0,0.0,,30.0,Hastings District,Nil,,,,,0.0,0.0,Urban,0.0,,,Fine
452409,1925125.0,5607591.0,548620.0,0.0,0.0,2.0,Null,2005/2006,FLAXMERE AVENUE,CHATHAM ROAD,Non-Injury Crash,No,2005,North,0.0,,Flat,,,,,Bright sun,1474203.0,0.0,0.0,0.0,2.0,0.0,,,Hawke's Bay Region,Nil,2-way,Sealed,0.0,0.0,,50.0,,Null,0.0,0.0,,30.0,Hastings District,Give way,,,,,0.0,0.0,Urban,0.0,,,Fine
610968,1938677.0,5593337.0,545860.0,0.0,0.0,0.0,South,2005/2006,MARAETOTARA ROAD,WAIMARAMA ROAD,Non-Injury Crash,No,2006,North,0.0,,Hill Road,,,,,Twilight,1467500.0,0.0,0.0,0.0,2.0,0.0,,,Hawke's Bay Region,Nil,2-way,Sealed,0.0,0.0,,100.0,,None,0.0,0.0,,30.0,Hastings District,Nil,,,,,0.0,0.0,Open,1.0,,,Light rain
639230,1930614.0,5603905.0,548100.0,0.0,0.0,1.0,Null,2013/2014,HERETAUNGA ST EAST,PARK ROAD SOUTH,Minor Crash,No,2013,North,0.0,,Flat,,,,,Bright sun,1501200.0,1.0,0.0,0.0,2.0,0.0,,1.0,Hawke's Bay Region,Nil,2-way,Sealed,0.0,0.0,,50.0,,Null,0.0,0.0,,30.0,Hastings District,Give way,,,,,0.0,0.0,Urban,0.0,,,Fine
238314,1931130.0,5603352.0,545762.0,0.0,0.0,2.0,South,2017/2018,HAVELOCK ROAD,NORTON ROAD,Minor Crash,No,2017,South,0.0,,Flat,,,,,Bright sun,1468500.0,1.0,0.0,0.0,2.0,0.0,,,Hawke's Bay Region,Nil,2-way,Sealed,0.0,0.0,,70.0,,Null,0.0,0.0,,30.0,Hastings District,Unknown,,,,,0.0,0.0,Urban,0.0,,,Fine
56806,1930017.0,5605223.0,548200.0,0.0,0.0,1.0,West,2012/2013,MARKET ST NORTH,ST AUBYN ST WEST,Non-Injury Crash,No,2012,West,0.0,,Flat,,,,,Overcast,1491400.0,0.0,0.0,0.0,2.0,0.0,,,Hawke's Bay Region,Nil,2-way,Sealed,0.0,0.0,,50.0,,Null,0.0,0.0,,30.0,Hastings District,Nil,,,,,0.0,0.0,Urban,1.0,,,Fine
477014,1929731.0,5605252.0,548200.0,0.0,0.0,1.0,North,2011/2012,Z CPK COUNTDOWN,KING ST NORTH,Non-Injury Crash,No,2011,East,0.0,0.0,Flat,0.0,,0.0,0.0,Overcast,1490800.0,0.0,0.0,0.0,0.0,0.0,1.0,,Hawke's Bay Region,Nil,Off road,Sealed,0.0,0.0,0.0,50.0,0.0,Null,0.0,0.0,,30.0,Hastings District,Nil,0.0,0.0,0.0,0.0,0.0,0.0,Urban,1.0,0.0,0.0,Fine
147268,1932543.0,5601366.0,548821.0,0.0,0.0,1.0,North,2008/2009,Z DWAY 2 BILL ASHCROFT,BILL ASHCROFT GROVE/WALLA,Minor Crash,No,2008,South,0.0,1.0,Flat,0.0,,1.0,0.0,Bright sun,1507001.0,1.0,0.0,0.0,1.0,0.0,0.0,,Hawke's Bay Region,Nil,Off road,Sealed,0.0,0.0,0.0,50.0,0.0,Null,0.0,0.0,,30.0,Hastings District,Nil,0.0,0.0,0.0,1.0,0.0,0.0,Urban,0.0,0.0,0.0,Fine
433927,1936458.0,5609908.0,545730.0,0.0,1.0,1.0,Null,2015/2016,RICHMOND ROAD,MILL ROAD,Non-Injury Crash,No,2016,East,0.0,,Null,,,,,Bright sun,1405403.0,0.0,0.0,0.0,2.0,0.0,,,Hawke's Bay Region,Nil,2-way,Sealed,0.0,0.0,,100.0,,Null,0.0,0.0,,30.0,Hastings District,Stop,,,,,0.0,0.0,Open,0.0,,,Fine
3744,1930065.0,5604789.0,548200.0,0.0,0.0,2.0,Null,2001/2002,QUEEN ST EAST,WARREN ST NORTH,Minor Crash,No,2002,South,0.0,,Flat,,Easter,,,Bright sun,1493400.0,2.0,0.0,0.0,2.0,0.0,,,Hawke's Bay Region,Nil,2-way,Sealed,0.0,0.0,,50.0,,Null,0.0,0.0,,30.0,Hastings District,Give way,,,,,0.0,0.0,Urban,0.0,,,Fine
284547,1930884.0,5603614.0,548300.0,0.0,0.0,2.0,Null,2004/2005,HERETAUNGA ST EAST,NORTON ROAD,Minor Crash,No,2005,West,0.0,,Flat,,,,,Overcast,1502700.0,1.0,0.0,0.0,3.0,0.0,,,Hawke's Bay Region,Nil,2-way,Sealed,0.0,0.0,,50.0,,Null,0.0,0.0,,30.0,Hastings District,Stop,,,,,0.0,0.0,Urban,0.0,,,Fine
606246,1927631.0,5607394.0,548500.0,0.0,0.0,1.0,Null,2010/2011,OMAHU ROAD,SH 50A,Non-Injury Crash,No,2011,South,0.0,,Flat,,,,,Overcast,1477900.0,0.0,0.0,0.0,2.0,0.0,,,Hawke's Bay Region,Nil,2-way,Sealed,0.0,0.0,,50.0,,Null,0.0,0.0,,30.0,Hastings District,Give way,,,,,0.0,0.0,Urban,1.0,,,Fine
171311,1940404.0,5586914.0,545860.0,0.0,0.0,1.0,North,2010/2011,WAIMARAMA ROAD,WAITANGI ROAD,Serious Crash,No,2010,North,0.0,1.0,Hill Road,0.0,,0.0,0.0,Dark,1467600.0,4.0,0.0,0.0,2.0,0.0,0.0,,Hawke's Bay Region,Nil,2-way,Sealed,0.0,1.0,0.0,100.0,0.0,None,0.0,0.0,,30.0,Hastings District,Nil,0.0,0.0,0.0,0.0,0.0,0.0,Open,0.0,0.0,0.0,Fine
10180,1931072.0,5613748.0,545831.0,0.0,0.0,1.0,East,2003/2004,PAKOWHAI ROAD,SH 50,Non-Injury Crash,No,2004,West,0.0,0.0,Flat,0.0,,0.0,0.0,Twilight,1404600.0,0.0,0.0,0.0,2.0,0.0,0.0,,Hawke's Bay Region,Nil,2-way,Sealed,0.0,0.0,0.0,100.0,0.0,On,0.0,0.0,,30.0,Hastings District,Nil,0.0,0.0,0.0,0.0,0.0,0.0,Open,0.0,0.0,0.0,Light rain
569496,1931481.0,5602978.0,545762.0,0.0,0.0,2.0,North,2006/2007,HAVELOCK ROAD,ST GEORGES ROAD,Non-Injury Crash,No,2007,North,0.0,,Flat,,,,,Bright sun,1468500.0,0.0,0.0,0.0,2.0,0.0,,,Hawke's Bay Region,Nil,2-way,Sealed,0.0,0.0,,70.0,,Null,0.0,0.0,,30.0,Hastings District,Nil,,,,,0.0,0.0,Urban,0.0,,,Fine
96221,1928442.0,5634429.0,545811.0,0.0,0.0,0.0,North,2009/2010,SH 5,SH 2,Non-Injury Crash,Yes,2009,South,0.0,0.0,Hill Road,0.0,Labour Weekend,0.0,0.0,Dark,1414800.0,0.0,0.0,0.0,2.0,0.0,0.0,,Hawke's Bay Region,Nil,2-way,Sealed,0.0,0.0,0.0,100.0,0.0,None,1.0,0.0,,30.0,Hastings District,Nil,0.0,0.0,0.0,0.0,0.0,0.0,Open,0.0,0.0,0.0,Fine
325649,1925954.0,5599863.0,545852.0,0.0,0.0,1.0,East,2005/2006,TE AUTE ROAD,SH 2,Non-Injury Crash,No,2006,East,0.0,0.0,Flat,0.0,,0.0,0.0,Dark,1468700.0,0.0,0.0,0.0,2.0,0.0,0.0,,Hawke's Bay Region,Nil,2-way,Sealed,0.0,0.0,0.0,100.0,0.0,None,0.0,0.0,,30.0,Hastings District,Nil,0.0,0.0,0.0,0.0,0.0,0.0,Open,0.0,0.0,0.0,Fine
152209,1926547.0,5619068.0,545821.0,0.0,0.0,1.0,West,2006/2007,PUKETAPU ROAD,SPRINGFIELD ROAD,Minor Crash,No,2006,West,0.0,0.0,Flat,0.0,,0.0,0.0,Bright sun,1411000.0,1.0,0.0,0.0,2.0,0.0,0.0,,Hawke's Bay Region,Nil,2-way,Sealed,0.0,0.0,0.0,100.0,0.0,Null,0.0,0.0,,30.0,Hastings District,Nil,0.0,0.0,0.0,0.0,0.0,0.0,Open,0.0,0.0,0.0,Fine
684720,1924554.0,5609077.0,545710.0,0.0,0.0,2.0,Null,2007/2008,OMAHU ROAD,JAMES ROCHFORT PLACE,Non-Injury Crash,No,2007,West,0.0,,Flat,,,,,Twilight,1470600.0,0.0,0.0,0.0,2.0,0.0,,,Hawke's Bay Region,Nil,2-way,Sealed,0.0,0.0,,70.0,,On,0.0,0.0,,30.0,Hastings District,Nil,,,,,0.0,0.0,Urban,0.0,,,Fine
570151,1934942.9192,5609180.406,545722.0,0.0,0.0,2.0,Null,2019/2020,RAILWAY ROAD,SH 51,Non-Injury Crash,No,2019,West,0.0,,Flat,,,,,Overcast,1406101.0,0.0,0.0,0.0,2.0,0.0,,,Hawke's Bay Region,Nil,2-way,Sealed,0.0,0.0,,50.0,,None,0.0,0.0,,30.0,Hastings District,Give way,,,,,0.0,0.0,Urban,0.0,,,Fine
702984,1932544.0,5610109.0,545832.0,0.0,0.0,1.0,Null,2007/2008,PAKOWHAI ROAD,GILBERTSON ROAD,Non-Injury Crash,No,2007,North,0.0,,Flat,,,,,Bright sun,1404100.0,0.0,0.0,0.0,2.0,0.0,,,Hawke's Bay Region,Nil,2-way,Sealed,0.0,0.0,,100.0,,Null,0.0,0.0,,30.0,Hastings District,Nil,,,,,0.0,0.0,Open,1.0,,,Fine
648836,1924012.0,5652018.0,545911.0,0.0,0.0,1.0,South,2015/2016,BERRY ROAD,OHURAKURA ROAD,Minor Crash,No,2015,North,0.0,0.0,Hill Road,0.0,,0.0,0.0,Overcast,1415900.0,1.0,0.0,0.0,2.0,0.0,0.0,,Hawke's Bay Region,Nil,2-way,Unsealed,0.0,0.0,0.0,100.0,0.0,Null,0.0,0.0,,30.0,Hastings District,Unknown,0.0,0.0,0.0,0.0,0.0,0.0,Open,0.0,0.0,0.0,Fine
493020,1931563.0,5602891.0,545721.0,0.0,0.0,2.0,Null,1999/2000,HAVELOCK ROAD,ST GEORGES ROAD,Non-Injury Crash,No,2000,West,0.0,,Flat,,,,,Overcast,1472900.0,0.0,0.0,0.0,2.0,0.0,,,Hawke's Bay Region,Nil,2-way,Sealed,0.0,0.0,,70.0,,Null,0.0,0.0,,30.0,Hastings District,Give way,,,,,0.0,0.0,Urban,0.0,,,Light rain
539214,1925772.0,5606709.0,548620.0,0.0,0.0,2.0,North,2011/2012,FLAXMERE AVENUE,WILSON ROAD,Non-Injury Crash,No,2011,North,0.0,0.0,Flat,0.0,,0.0,0.0,Bright sun,1476400.0,0.0,0.0,0.0,2.0,0.0,1.0,,Hawke's Bay Region,Nil,2-way,Sealed,0.0,0.0,0.0,50.0,0.0,Null,0.0,0.0,,30.0,Hastings District,Nil,0.0,0.0,0.0,0.0,0.0,0.0,Urban,0.0,0.0,0.0,Fine
48017,1925229.0,5598390.0,545851.0,0.0,0.0,1.0,South,2005/2006,SH 2,STOCK ROAD,Non-Injury Crash,Yes,2006,North,0.0,0.0,Flat,0.0,,0.0,0.0,Twilight,1463900.0,0.0,0.0,0.0,2.0,0.0,0.0,,Hawke's Bay Region,Nil,2-way,Sealed,0.0,0.0,0.0,100.0,0.0,On,0.0,0.0,,30.0,Hastings District,Nil,0.0,0.0,0.0,0.0,0.0,0.0,Open,0.0,0.0,0.0,Fine
149255,1926414.0263,5606501.6414,545761.0,0.0,0.0,2.0,North,2018/2019,50A-0000/07.55,YORK ROAD,Serious Crash,Yes,2019,North,0.0,,Flat,,,,,Overcast,1469905.0,1.0,0.0,0.0,2.0,0.0,,,Hawke's Bay Region,Nil,2-way,Sealed,0.0,1.0,,100.0,,Off,0.0,0.0,,30.0,Hastings District,Unknown,,,,,0.0,0.0,Open,0.0,,,Fine
599988,1928503.0,5606043.0,548500.0,0.0,0.0,1.0,Null,2002/2003,ORCHARD ROAD,MARAEKAKAHO ROAD,Serious Crash,No,2002,South,0.0,,Flat,,,,,Dark,1479600.0,0.0,0.0,0.0,4.0,0.0,,1.0,Hawke's Bay Region,Nil,2-way,Sealed,0.0,1.0,,50.0,,On,0.0,0.0,,30.0,Hastings District,Traffic Signals,,,,,0.0,0.0,Urban,0.0,,,Light rain
613943,1930364.0,5630291.0,545812.0,0.0,0.0,0.0,West,2015/2016,AVERY ROAD,SEAFIELD ROAD,Serious Crash,No,2015,East,0.0,0.0,Hill Road,0.0,,0.0,0.0,Overcast,1414200.0,0.0,0.0,0.0,,0.0,0.0,,Hawke's Bay Region,Nil,2-way,Sealed,0.0,1.0,0.0,100.0,0.0,Null,0.0,0.0,,30.0,Hastings District,Nil,0.0,0.0,0.0,0.0,0.0,0.0,Open,1.0,0.0,0.0,Light rain
9288,1930835.0,5605864.0,548000.0,0.0,0.0,1.0,Null,2000/2001,FREDERICK ST,CAROLINE ROAD,Serious Crash,No,2000,West,0.0,,Flat,,,,,Bright sun,1495500.0,0.0,0.0,1.0,2.0,0.0,,,Hawke's Bay Region,Nil,2-way,Sealed,0.0,1.0,,50.0,,Null,0.0,0.0,,30.0,Hastings District,Give way,,,,,0.0,0.0,Urban,0.0,,,Fine
526581,1929236.0,5605888.0,547700.0,0.0,0.0,2.0,Null,2008/2009,GRAYS ROAD,QUEEN ST WEST,Non-Injury Crash,No,2009,South,0.0,,Flat,,Christmas New Year,,,Bright sun,1488000.0,0.0,0.0,0.0,2.0,0.0,,,Hawke's Bay Region,Nil,2-way,Sealed,0.0,0.0,,50.0,,Null,0.0,0.0,,30.0,Hastings District,Give way,,,,,0.0,0.0,Urban,0.0,,,Fine
41193,1930167.0,5604653.0,548200.0,0.0,0.0,3.0,South,2016/2017,QUEEN ST EAST,HASTINGS ST NORTH,Non-Injury Crash,No,2016,North,0.0,,Flat,,,,,Overcast,1493400.0,0.0,0.0,0.0,2.0,0.0,,,Hawke's Bay Region,Nil,2-way,Sealed,0.0,0.0,,50.0,,Null,0.0,0.0,,30.0,Hastings District,Give way,,,,,0.0,0.0,Urban,0.0,,,Fine
296192,1926240.0,5606339.0,545761.0,0.0,0.0,0.0,Null,2006/2007,FLAXMERE AVENUE,SH 50A,Serious Crash,Yes,2007,East,0.0,0.0,Flat,0.0,,0.0,0.0,Bright sun,1469905.0,1.0,0.0,1.0,2.0,0.0,0.0,,Hawke's Bay Region,Nil,2-way,Sealed,0.0,1.0,0.0,100.0,0.0,Null,0.0,0.0,,30.0,Hastings District,Give way,0.0,0.0,0.0,0.0,0.0,0.0,Open,0.0,0.0,0.0,Fine
8167,1928541.0,5606511.0,547800.0,0.0,0.0,2.0,East,2002/2003,OMAHU ROAD,HAPUKA ST,Non-Injury Crash,No,2002,East,0.0,,Flat,,,,,Bright sun,1477700.0,0.0,0.0,0.0,2.0,0.0,,,Hawke's Bay Region,Nil,2-way,Sealed,0.0,0.0,,50.0,,Null,0.0,0.0,,30.0,Hastings District,Nil,,,,,0.0,0.0,Urban,0.0,,,Fine
8205,1927516.0,5606659.0,548500.0,0.0,0.0,1.0,South,2018/2019,HUIA ST,TAKAHE ST,Non-Injury Crash,No,2018,South,0.0,1.0,Flat,0.0,,0.0,0.0,Overcast,1479000.0,0.0,0.0,0.0,2.0,0.0,0.0,,Hawke's Bay Region,Nil,2-way,Sealed,0.0,0.0,0.0,50.0,0.0,Null,0.0,0.0,,30.0,Hastings District,Unknown,0.0,0.0,0.0,0.0,0.0,0.0,Urban,0.0,0.0,0.0,Heavy rain
142965,1923694.0,5608137.0,548611.0,0.0,0.0,2.0,Null,2001/2002,FLAXMERE AVENUE,RAMSEY CRESCENT W,Serious Crash,No,2002,East,0.0,1.0,Flat,0.0,,0.0,0.0,Twilight,1470314.0,1.0,0.0,0.0,2.0,0.0,0.0,,Hawke's Bay Region,Nil,2-way,Sealed,0.0,1.0,0.0,50.0,0.0,On,0.0,0.0,,30.0,Hastings District,Nil,0.0,0.0,0.0,0.0,0.0,0.0,Urban,0.0,0.0,0.0,Fine
389837,1929510.0,5600698.0,545762.0,0.0,0.0,1.0,West,2001/2002,TE AUTE ROAD,MOUNT ERIN ROAD,Non-Injury Crash,No,2001,West,0.0,1.0,Flat,0.0,,0.0,0.0,Overcast,1465300.0,0.0,0.0,0.0,2.0,0.0,0.0,,Hawke's Bay Region,Nil,2-way,Sealed,0.0,0.0,0.0,100.0,0.0,Null,0.0,0.0,,30.0,Hastings District,Nil,0.0,0.0,0.0,0.0,0.0,0.0,Open,0.0,0.0,0.0,Light rain
32632,1933620.0,5612746.0,545832.0,0.0,0.0,1.0,Null,2002/2003,BROOKFIELDS ROAD,BROOKFIELDS BR,Non-Injury Crash,No,2002,South,0.0,0.0,Flat,0.0,,0.0,0.0,Bright sun,1403900.0,0.0,0.0,0.0,1.0,0.0,0.0,,Hawke's Bay Region,Bridge,2-way,Sealed,0.0,0.0,0.0,100.0,0.0,Null,0.0,0.0,,30.0,Hastings District,Nil,0.0,0.0,0.0,0.0,0.0,0.0,Open,0.0,0.0,0.0,Fine
553146,1927876.0,5607157.0,547800.0,0.0,0.0,1.0,Null,2016/2017,OMAHU ROAD,STONYCROFT ST,Non-Injury Crash,No,2016,North,0.0,,Flat,,,,,Bright sun,1476600.0,0.0,0.0,0.0,2.0,0.0,,,Hawke's Bay Region,Nil,2-way,Sealed,0.0,0.0,,50.0,,Null,1.0,0.0,,30.0,Hastings District,Give way,,,,,0.0,0.0,Urban,0.0,,,Fine
156792,1929498.0,5614301.0,545831.0,0.0,0.0,1.0,Null,2011/2012,WAIOHIKI ROAD,VICTORIA LANE,Non-Injury Crash,No,2012,North,0.0,,Flat,,,,,Dark,1409400.0,0.0,0.0,0.0,2.0,0.0,,,Hawke's Bay Region,Nil,2-way,Sealed,0.0,0.0,,70.0,,On,0.0,0.0,,30.0,Hastings District,Nil,,,,,0.0,0.0,Urban,1.0,,,Fine
440527,1929387.0,5614231.0,545831.0,0.0,0.0,1.0,Null,2003/2004,SH 50,WAIOHIKI ROAD,Minor Crash,Yes,2004,West,0.0,,Flat,,,,,Dark,1409400.0,1.0,0.0,0.0,2.0,0.0,,,Hawke's Bay Region,Nil,2-way,Sealed,0.0,0.0,,100.0,,On,0.0,0.0,,30.0,Hastings District,Give way,,,,,0.0,0.0,Open,1.0,,,Fine
62292,1930086.0,5605165.0,548200.0,0.0,0.0,1.0,South,2004/2005,ST AUBYN ST EAST,RUSSELL ST NORTH,Non-Injury Crash,No,2004,North,0.0,,Flat,,,,,Overcast,1494100.0,0.0,0.0,0.0,2.0,0.0,,,Hawke's Bay Region,Nil,1-way,Sealed,0.0,0.0,,50.0,,Off,0.0,0.0,,30.0,Hastings District,Nil,,,,,1.0,0.0,Urban,0.0,,,Fine
158776,1924459.0,5607937.0,548612.0,0.0,0.0,1.0,Null,2004/2005,FLAXMERE AVENUE,DIAZ DRIVE,Non-Injury Crash,No,2005,West,0.0,,Flat,,,,,Overcast,1474106.0,0.0,0.0,0.0,2.0,0.0,,,Hawke's Bay Region,Nil,2-way,Sealed,0.0,0.0,,50.0,,Null,0.0,0.0,,30.0,Hastings District,Give way,,,,,0.0,0.0,Urban,1.0,,,Light rain
650300,1928769.0,5606254.0,548500.0,0.0,0.0,1.0,West,2006/2007,MARAEKAKAHO ROAD,HERETAUNGA ST WEST,Non-Injury Crash,No,2006,East,0.0,,Flat,,,,,Bright sun,1478800.0,0.0,0.0,0.0,2.0,0.0,,,Hawke's Bay Region,Nil,2-way,Sealed,0.0,0.0,,50.0,,Null,0.0,0.0,,30.0,Hastings District,Nil,,,,,0.0,0.0,Urban,1.0,,,Fine
230237,1932870.0,5608070.0,545721.0,0.0,0.0,0.0,East,2009/2010,RUAHAPIA ROAD,OTENE ROAD,Non-Injury Crash,No,2009,West,0.0,0.0,Flat,0.0,,0.0,0.0,Overcast,1471900.0,0.0,0.0,0.0,2.0,0.0,0.0,,Hawke's Bay Region,Nil,2-way,Sealed,0.0,0.0,0.0,100.0,0.0,Null,0.0,0.0,,30.0,Hastings District,Nil,0.0,0.0,0.0,0.0,0.0,0.0,Open,1.0,0.0,0.0,Fine