OBJECTID,X,Y,areaUnitID,bicycle,bus,carStationWagon,crashDirectionDescription,crashFinancialYear,crashLocation1,crashLocation2,crashSeverity,crashSHDescription,crashYear,directionRoleDescription,fatalCount,fence,flatHill,guardRail,holiday,houseOrBuilding,kerb,light,meshblockId,minorInjuryCount,moped,motorcycle,NumberOfLanes,otherVehicleType,parkedVehicle,pedestrian,region,roadCharacter,roadLane,roadSurface,schoolBus,seriousInjuryCount,slipOrFlood,speedLimit,strayAnimal,streetLight,suv,taxi,temporarySpeedLimit,tlaId,tlaName,trafficControl,trafficIsland,trafficSign,train,tree,truck,unknownVehicleType,urban,vanOrUtility,vehicle,waterRiver,weatherA
474744,1925534.0,5599945.0,545852.0,0.0,0.0,2.0,North,2009/2010,RAILWAY ROAD SOUTH,PAKI PAKI ON RAMP N/BOUND,Non-Injury Crash,No,2010,North,0.0,0.0,Flat,0.0,,0.0,0.0,Bright sun,1469600.0,0.0,0.0,0.0,2.0,0.0,0.0,,Hawke's Bay Region,Nil,2-way,Sealed,0.0,0.0,0.0,100.0,0.0,Null,1.0,0.0,,30.0,Hastings District,Nil,0.0,0.0,0.0,0.0,0.0,0.0,Open,0.0,0.0,0.0,Fine
422013,1910163.0,5605234.0,545841.0,0.0,0.0,2.0,West,2001/2002,KERERU ROAD,SH 50,Non-Injury Crash,No,2002,West,0.0,1.0,Flat,0.0,,0.0,0.0,Overcast,1462401.0,0.0,0.0,0.0,2.0,0.0,0.0,,Hawke's Bay Region,Nil,2-way,Sealed,0.0,0.0,0.0,100.0,0.0,Null,0.0,0.0,,30.0,Hastings District,Nil,0.0,0.0,0.0,0.0,0.0,0.0,Open,0.0,0.0,0.0,Fine
388980,1926635.0,5608746.0,545710.0,0.0,0.0,1.0,South,2017/2018,THOMPSON ROAD,JARVIS ROAD,Non-Injury Crash,No,2018,North,0.0,0.0,Flat,0.0,,0.0,0.0,Dark,1470900.0,0.0,0.0,0.0,2.0,0.0,0.0,,Hawke's Bay Region,Nil,2-way,Sealed,0.0,0.0,0.0,100.0,0.0,None,0.0,0.0,,30.0,Hastings District,Unknown,0.0,0.0,0.0,0.0,0.0,0.0,Open,0.0,0.0,0.0,Fine
80083,1930724.0,5603786.0,548100.0,0.0,0.0,2.0,Null,2013/2014,HERETAUNGA ST EAST,TERRACE ROAD,Non-Injury Crash,No,2013,North,0.0,,Flat,,,,,Bright sun,1501400.0,0.0,0.0,0.0,2.0,0.0,,,Hawke's Bay Region,Nil,2-way,Sealed,0.0,0.0,,50.0,,Off,0.0,0.0,,30.0,Hastings District,Give way,,,,,0.0,0.0,Urban,0.0,,,Fine
190569,1929387.0,5614231.0,545831.0,0.0,0.0,2.0,Null,2004/2005,SH 50,WAIOHIKI ROAD,Non-Injury Crash,Yes,2004,South,0.0,,Flat,,,,,Bright sun,1409400.0,0.0,0.0,0.0,2.0,0.0,,,Hawke's Bay Region,Nil,2-way,Sealed,0.0,0.0,,100.0,,Null,0.0,0.0,,30.0,Hastings District,Give way,,,,,0.0,0.0,Open,0.0,,,Fine
712651,1929518.0,5604712.0,548200.0,0.0,0.0,1.0,West,1999/2000,SOUTHAMPTON ST WEST,RAILWAY ROAD,Non-Injury Crash,No,2000,East,0.0,1.0,Flat,0.0,,0.0,0.0,Dark,1489802.0,0.0,0.0,0.0,2.0,0.0,0.0,,Hawke's Bay Region,Nil,2-way,Sealed,0.0,0.0,0.0,50.0,0.0,On,0.0,0.0,,30.0,Hastings District,Unknown,0.0,0.0,0.0,1.0,0.0,0.0,Urban,0.0,0.0,0.0,Fine
394910,1933926.0,5600630.0,548832.0,1.0,0.0,0.0,East,2009/2010,TAUROA ROAD,AOTEA CRESCENT,Minor Crash,No,2010,North,0.0,,Hill Road,,,,,Dark,1508002.0,1.0,0.0,0.0,2.0,0.0,,,Hawke's Bay Region,Nil,2-way,Sealed,0.0,0.0,,50.0,,On,0.0,0.0,,30.0,Hastings District,Nil,,,,,0.0,0.0,Urban,1.0,,,Fine
376835,1929606.0,5604596.0,548300.0,0.0,0.0,0.0,Null,2005/2006,SOUTHAMPTON ST EAST,KARAMU ROAD SOUTH,Non-Injury Crash,No,2005,South,0.0,0.0,Flat,0.0,,0.0,0.0,Bright sun,1503100.0,0.0,0.0,0.0,2.0,0.0,0.0,,Hawke's Bay Region,Nil,2-way,Sealed,0.0,0.0,0.0,50.0,0.0,Null,0.0,0.0,,30.0,Hastings District,Nil,0.0,0.0,0.0,0.0,0.0,0.0,Urban,1.0,0.0,0.0,Fine
584546,1926388.0,5606467.0,545761.0,0.0,0.0,2.0,North,2015/2016,SH 50A,YORK ROAD,Non-Injury Crash,Yes,2016,North,0.0,,Flat,,,,,Overcast,1469905.0,0.0,0.0,0.0,2.0,0.0,,,Hawke's Bay Region,Nil,2-way,Sealed,0.0,0.0,,70.0,,Null,0.0,0.0,,30.0,Hastings District,Unknown,,,,,0.0,0.0,Urban,0.0,,,Fine
72216,1910268.0,5664354.0,545911.0,0.0,0.0,1.0,North,2016/2017,SH 5,TE HAROTO ROAD,Minor Crash,Yes,2017,West,0.0,,Hill Road,,,,,Dark,1414400.0,1.0,0.0,0.0,2.0,0.0,,,Hawke's Bay Region,Nil,2-way,Sealed,0.0,0.0,,100.0,,None,0.0,0.0,,30.0,Hastings District,Unknown,,,,,0.0,0.0,Open,0.0,,,Fine
127152,1933565.0,5600970.0,548821.0,0.0,0.0,1.0,Null,2007/2008,DUART ROAD,TANNER ST,Minor Crash,No,2008,East,0.0,1.0,Hill Road,0.0,,0.0,0.0,Bright sun,1507900.0,1.0,0.0,0.0,2.0,0.0,0.0,,Hawke's Bay Region,Nil,2-way,Sealed,0.0,0.0,0.0,50.0,0.0,Null,0.0,0.0,,30.0,Hastings District,Give way,0.0,0.0,0.0,0.0,0.0,0.0,Urban,0.0,0.0,0.0,Fine
135819,1909147.0,5674608.0,545911.0,0.0,0.0,1.0,North,2017/2018,SH 5,TARAWERA TAV,Non-Injury Crash,Yes,2018,North,0.0,,Hill Road,,,,,Overcast,1281200.0,0.0,0.0,0.0,3.0,0.0,,,Hawke's Bay Region,Nil,2-way,Sealed,0.0,0.0,,100.0,,Null,1.0,0.0,,30.0,Hastings District,Unknown,,,,,0.0,0.0,Open,0.0,,,Fine
538610,1898510.7542,5607278.5667,545841.0,0.0,0.0,0.0,East,2018/2019,KERERU ROAD,BIG HILL ROAD,Minor Crash,No,2019,West,0.0,0.0,Flat,0.0,,0.0,0.0,Dark,1462202.0,1.0,0.0,0.0,2.0,0.0,0.0,,Hawke's Bay Region,Nil,2-way,Sealed,0.0,0.0,0.0,100.0,0.0,None,0.0,0.0,,30.0,Hastings District,Unknown,0.0,0.0,0.0,0.0,0.0,0.0,Open,1.0,0.0,0.0,Fine
520068,1908172.0,5593236.0,545851.0,0.0,0.0,1.0,South,2011/2012,RAUKAWA ROAD,WHAKAPIRAU ROAD,Fatal Crash,No,2012,South,1.0,,Hill Road,,,,,Overcast,1464800.0,1.0,0.0,1.0,2.0,0.0,,,Hawke's Bay Region,Nil,2-way,Sealed,0.0,0.0,,100.0,,Null,0.0,0.0,,30.0,Hastings District,Unknown,,,,,0.0,0.0,Open,0.0,,,Fine
547425,1931497.6813,5592384.7762,545860.0,0.0,0.0,1.0,North,2020/2021,KAHURANAKI ROAD,ROCHFORT ROAD,Serious Crash,No,2020,West,0.0,1.0,Hill Road,0.0,,0.0,0.0,Overcast,1467400.0,0.0,0.0,0.0,2.0,0.0,0.0,,Hawke's Bay Region,Nil,2-way,Sealed,0.0,2.0,0.0,100.0,0.0,None,0.0,0.0,,30.0,Hastings District,Nil,0.0,0.0,0.0,1.0,0.0,0.0,Open,0.0,0.0,0.0,Light rain
133673,1929509.0,5608835.0,545710.0,0.0,0.0,1.0,Null,2013/2014,SH 50A,EVENDEN ROAD,Non-Injury Crash,Yes,2013,West,0.0,0.0,Flat,0.0,,0.0,1.0,Dark,1471100.0,0.0,0.0,0.0,3.0,0.0,0.0,,Hawke's Bay Region,Nil,2-way,Sealed,0.0,0.0,0.0,100.0,0.0,On,0.0,0.0,,30.0,Hastings District,Give way,1.0,0.0,0.0,0.0,0.0,0.0,Open,0.0,0.0,0.0,Fine
69142,1905488.0,5600524.0,545841.0,0.0,0.0,1.0,South,1999/2000,SH 50,SALISBURY ROAD,Non-Injury Crash,Yes,2000,North,0.0,0.0,Hill Road,0.0,,0.0,0.0,Dark,1462600.0,0.0,0.0,0.0,2.0,0.0,0.0,,Hawke's Bay Region,Nil,2-way,Sealed,0.0,0.0,0.0,100.0,0.0,None,0.0,0.0,,30.0,Hastings District,Nil,0.0,0.0,0.0,0.0,0.0,0.0,Open,0.0,0.0,0.0,Fine
609800,1928651.0,5606404.0,548500.0,0.0,0.0,2.0,West,2000/2001,OMAHU ROAD,MCLEOD ST,Non-Injury Crash,No,2001,East,0.0,,Flat,,Easter,,,Overcast,1478800.0,0.0,0.0,0.0,2.0,0.0,,,Hawke's Bay Region,Nil,2-way,Sealed,0.0,0.0,,50.0,,Null,0.0,0.0,,30.0,Hastings District,Nil,,,,,0.0,0.0,Urban,1.0,,,Heavy rain
158517,1929851.0,5605275.0,548200.0,0.0,0.0,3.0,Null,2006/2007,KING ST NORTH,AVENUE ROAD WEST,Minor Crash,No,2006,North,0.0,0.0,Flat,0.0,,0.0,0.0,Overcast,1490900.0,2.0,0.0,0.0,2.0,0.0,2.0,,Hawke's Bay Region,Nil,2-way,Sealed,0.0,0.0,0.0,50.0,0.0,Null,0.0,0.0,,30.0,Hastings District,Give way,0.0,1.0,0.0,0.0,0.0,0.0,Urban,1.0,0.0,0.0,Fine
601706,1930166.0,5604449.0,548200.0,0.0,0.0,1.0,East,2004/2005,HERETAUNGA ST EAST,MILLER ST,Minor Crash,No,2004,East,0.0,,Flat,,Christmas New Year,,,Bright sun,1493800.0,1.0,0.0,0.0,2.0,0.0,,,Hawke's Bay Region,Nil,2-way,Sealed,0.0,0.0,,50.0,,Null,0.0,0.0,,30.0,Hastings District,Nil,,,,,0.0,0.0,Urban,1.0,,,Fine
20994,1929948.0,5605347.0,548200.0,0.0,0.0,2.0,Null,2008/2009,ST AUBYN ST WEST,KING ST NORTH,Non-Injury Crash,No,2009,West,0.0,,Flat,,,,,Bright sun,1491500.0,0.0,0.0,0.0,2.0,0.0,,,Hawke's Bay Region,Nil,2-way,Sealed,0.0,0.0,,50.0,,Null,0.0,0.0,,30.0,Hastings District,Give way,,,,,0.0,0.0,Urban,0.0,,,Fine
456113,1937412.0,5606300.0,545740.0,0.0,0.0,1.0,North,2000/2001,TUKITUKI ROAD,TENNANT ROAD,Non-Injury Crash,No,2000,West,0.0,0.0,Flat,0.0,,0.0,0.0,Overcast,1407700.0,0.0,0.0,0.0,2.0,0.0,0.0,,Hawke's Bay Region,Nil,2-way,Sealed,0.0,0.0,0.0,50.0,0.0,Null,0.0,0.0,,30.0,Hastings District,Nil,0.0,0.0,0.0,0.0,0.0,0.0,Urban,0.0,0.0,0.0,Heavy rain
639044,1933527.0,5606722.0,545721.0,0.0,0.0,1.0,North,2006/2007,SH 2,RUAHAPIA ROAD,Minor Crash,Yes,2006,South,0.0,,Flat,,,,,Bright sun,1472200.0,1.0,0.0,0.0,2.0,0.0,,,Hawke's Bay Region,Nil,2-way,Sealed,0.0,0.0,,100.0,,Null,1.0,0.0,,30.0,Hastings District,Nil,,,,,0.0,0.0,Open,0.0,,,Fine
686440,1920147.0,5628200.0,545821.0,0.0,0.0,0.0,North,2010/2011,PUKETITIRI ROAD,SOLDIERS SETTLEMENT ROAD,Serious Crash,No,2010,North,0.0,0.0,Hill Road,0.0,,0.0,0.0,Overcast,1412300.0,0.0,0.0,1.0,2.0,0.0,0.0,,Hawke's Bay Region,Nil,2-way,Sealed,0.0,1.0,0.0,100.0,0.0,Null,0.0,0.0,,30.0,Hastings District,Nil,0.0,0.0,0.0,0.0,0.0,0.0,Open,0.0,0.0,0.0,Fine
197858,1936946.0,5636959.0,545811.0,0.0,0.0,1.0,South,2005/2006,SH 2,PAKURATAHI VALLEY ROAD,Non-Injury Crash,Yes,2005,North,0.0,1.0,Flat,0.0,,0.0,0.0,Bright sun,1415600.0,0.0,0.0,0.0,2.0,0.0,0.0,,Hawke's Bay Region,Nil,2-way,Sealed,0.0,0.0,0.0,100.0,0.0,Null,0.0,0.0,,30.0,Hastings District,Nil,0.0,0.0,0.0,0.0,0.0,0.0,Open,0.0,0.0,0.0,Fine
368152,1930495.0,5603599.0,548300.0,0.0,0.0,0.0,North,2003/2004,LUMSDEN PLACE,LUMSDEN ROAD,Non-Injury Crash,No,2004,East,0.0,0.0,Flat,0.0,,0.0,0.0,Bright sun,1502400.0,0.0,0.0,0.0,2.0,0.0,1.0,,Hawke's Bay Region,Nil,2-way,Sealed,0.0,0.0,0.0,50.0,0.0,None,0.0,0.0,,30.0,Hastings District,Nil,0.0,0.0,0.0,0.0,0.0,0.0,Urban,2.0,0.0,0.0,Fine
288679,1924525.0,5637761.0,545811.0,0.0,0.0,0.0,South,1999/2000,SH 5,GLENGARRY ROAD,Serious Crash,Yes,2000,North,0.0,0.0,Hill Road,0.0,,0.0,0.0,Bright sun,1414800.0,0.0,0.0,1.0,3.0,0.0,0.0,,Hawke's Bay Region,Nil,2-way,Sealed,0.0,1.0,0.0,100.0,0.0,Null,0.0,0.0,,30.0,Hastings District,Nil,0.0,0.0,0.0,0.0,0.0,0.0,Open,0.0,0.0,0.0,Fine
48298,1940880.0,5586610.0,545860.0,0.0,0.0,1.0,South,2015/2016,WAIMARAMA ROAD,WAITANGI ROAD,Minor Crash,No,2015,West,0.0,,Flat,,,,,Bright sun,1467600.0,1.0,0.0,0.0,2.0,0.0,,,Hawke's Bay Region,Nil,2-way,Sealed,0.0,0.0,,80.0,,Null,0.0,0.0,,30.0,Hastings District,Nil,,,,,0.0,0.0,Open,1.0,,,Fine
579187,1929832.0,5607071.0,545710.0,0.0,0.0,0.0,West,2016/2017,PAKOWHAI ROAD,FREDERICK ST,Non-Injury Crash,No,2016,North,0.0,,Flat,,,,,Overcast,1471300.0,0.0,0.0,0.0,2.0,0.0,,,Hawke's Bay Region,Nil,2-way,Sealed,0.0,0.0,,50.0,,Null,0.0,0.0,,30.0,Hastings District,Nil,,,,,0.0,0.0,Urban,2.0,,,Fine
631181,1930257.0,5604934.0,548200.0,0.0,0.0,1.0,Null,2007/2008,ST AUBYN ST EAST,WARREN ST NORTH,Non-Injury Crash,No,2008,West,0.0,,Flat,,,,,Bright sun,1493501.0,0.0,0.0,0.0,2.0,0.0,,,Hawke's Bay Region,Nil,2-way,Sealed,0.0,0.0,,50.0,,Null,0.0,0.0,,30.0,Hastings District,Give way,,,,,1.0,0.0,Urban,0.0,,,Fine
404589,1926052.0,5601179.0,545852.0,0.0,0.0,1.0,South,2004/2005,RAILWAY ROAD SOUTH,LONGLANDS ROAD EAST,Non-Injury Crash,No,2004,South,0.0,,Flat,,,,,Overcast,1468700.0,0.0,0.0,0.0,2.0,0.0,,,Hawke's Bay Region,Nil,2-way,Sealed,0.0,0.0,,100.0,,Null,0.0,0.0,,30.0,Hastings District,Nil,,,,,0.0,0.0,Open,1.0,,,Heavy rain
698497,1931613.0,5608421.0,545710.0,0.0,0.0,2.0,Null,2018/2019,PAKOWHAI ROAD,ELWOOD ROAD,Minor Crash,No,2018,East,0.0,,Flat,,,,,Bright sun,1471100.0,1.0,0.0,0.0,2.0,0.0,,,Hawke's Bay Region,Nil,2-way,Sealed,0.0,0.0,,80.0,,Null,0.0,0.0,,30.0,Hastings District,Give way,,,,,0.0,0.0,Open,0.0,,,Fine
315109,1929284.7583,5605050.4883,548200.0,0.0,0.0,2.0,Null,2018/2019,NELSON STREET SOUTH,SOUTHAMPTON STREET WEST,Non-Injury Crash,No,2018,South,0.0,,Flat,,,,,Twilight,1488600.0,0.0,0.0,0.0,2.0,0.0,,,Hawke's Bay Region,Nil,2-way,Sealed,0.0,0.0,,50.0,,Off,0.0,0.0,,30.0,Hastings District,Give way,,,,,0.0,0.0,Urban,0.0,,,Fine
734399,1931309.6396,5608189.6435,545721.0,1.0,0.0,0.0,West,2019/2020,PAKOWHAI ROAD,ELWOOD ROAD,Minor Crash,No,2020,East,0.0,0.0,Flat,0.0,,0.0,0.0,Bright sun,1471500.0,1.0,0.0,0.0,2.0,0.0,0.0,,Hawke's Bay Region,Nil,2-way,Sealed,0.0,0.0,0.0,80.0,0.0,None,0.0,0.0,,30.0,Hastings District,Nil,0.0,0.0,0.0,0.0,1.0,0.0,Open,0.0,0.0,0.0,Fine
124738,1932719.9688,5602109.4728,548831.0,0.0,0.0,1.0,North,2018/2019,MARTIN PLACE,KARANEMA DRIVE,Non-Injury Crash,No,2018,South,0.0,,Flat,,,,,Overcast,1509100.0,0.0,0.0,0.0,2.0,0.0,,,Hawke's Bay Region,Nil,2-way,Sealed,0.0,0.0,,50.0,,Off,0.0,0.0,,30.0,Hastings District,Nil,,,,,1.0,0.0,Urban,0.0,,,Fine
500574,1925537.0,5603173.0,545842.0,0.0,0.0,0.0,Null,2014/2015,SH 50A,MARAEKAKAHO ROAD,Non-Injury Crash,Yes,2015,North,0.0,0.0,Flat,0.0,,0.0,0.0,Overcast,1470213.0,0.0,0.0,0.0,2.0,0.0,0.0,,Hawke's Bay Region,Nil,2-way,Sealed,0.0,0.0,0.0,100.0,0.0,Null,0.0,0.0,,30.0,Hastings District,Give way,0.0,0.0,0.0,0.0,1.0,0.0,Open,0.0,0.0,0.0,Fine
655964,1931019.0,5604980.0,548000.0,1.0,0.0,1.0,Null,2001/2002,WILLOWPARK ROAD NORTH,JERVOIS ST,Non-Injury Crash,No,2001,South,0.0,,Flat,,,,,Bright sun,1497600.0,0.0,0.0,0.0,2.0,0.0,,,Hawke's Bay Region,Nil,2-way,Sealed,0.0,0.0,,50.0,,Null,0.0,0.0,,30.0,Hastings District,Give way,,,,,0.0,0.0,Urban,0.0,,,Fine
100968,1913125.0,5657705.0,545911.0,0.0,0.0,1.0,Null,2005/2006,SH 5,MCVICAR ROAD,Non-Injury Crash,Yes,2006,North,0.0,,Flat,,Easter,,,Dark,1414400.0,0.0,0.0,0.0,2.0,0.0,,,Hawke's Bay Region,Nil,2-way,Sealed,0.0,0.0,,100.0,,None,0.0,0.0,,30.0,Hastings District,Nil,,,,,0.0,0.0,Open,0.0,,,Fine
237299,1929497.0,5605659.0,547700.0,0.0,0.0,1.0,South,2009/2010,TOMOANA ROAD,AVENUE ROAD WEST,Minor Crash,No,2010,North,0.0,,Flat,,,,,Dark,1488000.0,3.0,0.0,0.0,2.0,0.0,,3.0,Hawke's Bay Region,Nil,2-way,Sealed,0.0,0.0,,50.0,,On,0.0,0.0,,30.0,Hastings District,Nil,,,,,0.0,0.0,Urban,0.0,,,Fine
312811,1927888.0,5602861.0,545761.0,0.0,0.0,0.0,South,2007/2008,RAILWAY ROAD SOUTH,FRANCE ROAD,Serious Crash,No,2008,North,0.0,,Flat,,,,,Bright sun,1469000.0,3.0,0.0,0.0,2.0,0.0,,,Hawke's Bay Region,Nil,2-way,Sealed,0.0,4.0,,100.0,,Null,0.0,0.0,,30.0,Hastings District,Nil,,,,,0.0,0.0,Open,1.0,,,Fine
417144,1930149.0,5604677.0,548200.0,0.0,0.0,1.0,Null,2004/2005,HASTINGS ST NORTH,QUEEN ST EAST,Non-Injury Crash,No,2005,East,0.0,,Flat,,,,,Twilight,1493400.0,0.0,0.0,0.0,2.0,0.0,,,Hawke's Bay Region,Nil,2-way,Sealed,0.0,0.0,,50.0,,Off,0.0,0.0,,30.0,Hastings District,Give way,,,,,0.0,0.0,Urban,1.0,,,Fine
474430,1898843.0,5595879.0,545841.0,0.0,0.0,2.0,South,2018/2019,SH 50,MANGA-O-NUKU NO2 BR,Non-Injury Crash,Yes,2018,East,0.0,0.0,Flat,0.0,,0.0,0.0,Overcast,1462600.0,0.0,0.0,0.0,2.0,0.0,0.0,,Hawke's Bay Region,Bridge,1-way,Sealed,0.0,0.0,0.0,100.0,0.0,Null,0.0,0.0,,30.0,Hastings District,Unknown,0.0,0.0,0.0,0.0,0.0,0.0,Open,0.0,1.0,0.0,Light rain
144969,1924853.0,5606437.0,548620.0,0.0,0.0,2.0,South,2002/2003,SUNDERLAND DRIVE,LIVERPOOL CRESCENT N,Non-Injury Crash,No,2003,North,0.0,0.0,Flat,0.0,,0.0,0.0,Twilight,1474900.0,0.0,0.0,0.0,2.0,0.0,1.0,,Hawke's Bay Region,Nil,2-way,Sealed,0.0,0.0,0.0,50.0,0.0,Off,0.0,0.0,,30.0,Hastings District,Nil,0.0,0.0,0.0,0.0,0.0,0.0,Urban,0.0,0.0,0.0,Fine
411373,1929457.2322,5604790.2407,548200.0,1.0,0.0,1.0,Null,2019/2020,SOUTHAMPTON STREET WEST,MARKET STREET SOUTH,Serious Crash,No,2020,West,0.0,,Flat,,,,,Bright sun,1489700.0,0.0,0.0,0.0,2.0,0.0,,,Hawke's Bay Region,Nil,2-way,Sealed,0.0,1.0,,50.0,,Off,0.0,0.0,,30.0,Hastings District,Give way,,,,,0.0,0.0,Urban,0.0,,,Fine
683662,1929549.0,5604870.0,548200.0,0.0,0.0,2.0,Null,2017/2018,MARKET ST SOUTH,LYNDON ROAD WEST,Non-Injury Crash,No,2017,West,0.0,,Flat,,,,,Bright sun,1489802.0,0.0,0.0,0.0,2.0,0.0,,,Hawke's Bay Region,Nil,2-way,Sealed,0.0,0.0,,50.0,,Null,0.0,0.0,,30.0,Hastings District,Give way,,,,,0.0,0.0,Urban,0.0,,,Fine
377907,1933388.0,5604906.0,545721.0,0.0,0.0,0.0,Null,2018/2019,ST GEORGES ROAD,HASSEL ROAD,Serious Crash,No,2018,South,0.0,1.0,Flat,0.0,,0.0,0.0,Dark,1473100.0,1.0,0.0,0.0,2.0,0.0,0.0,,Hawke's Bay Region,Nil,2-way,Sealed,0.0,2.0,0.0,80.0,0.0,None,0.0,0.0,,30.0,Hastings District,Nil,0.0,0.0,0.0,1.0,0.0,0.0,Open,1.0,0.0,0.0,Fine
174823,1932460.0,5601879.0,548831.0,0.0,0.0,1.0,North,2008/2009,HAVELOCK ROAD,PORTER DRIVE,Non-Injury Crash,No,2008,North,0.0,,Flat,,,,,Bright sun,1509600.0,0.0,0.0,0.0,2.0,0.0,,,Hawke's Bay Region,Nil,2-way,Sealed,0.0,0.0,,50.0,,Null,0.0,0.0,,30.0,Hastings District,Nil,,,,,0.0,0.0,Urban,1.0,,,Fine
57403,1936892.0,5637423.0,545811.0,0.0,0.0,1.0,South,2004/2005,SH 2,PAKURATAHI VALLEY ROAD,Non-Injury Crash,Yes,2004,South,0.0,0.0,Hill Road,0.0,Christmas New Year,0.0,0.0,Overcast,1415800.0,0.0,0.0,0.0,2.0,0.0,0.0,,Hawke's Bay Region,Nil,2-way,Sealed,0.0,0.0,0.0,100.0,0.0,Null,0.0,0.0,,30.0,Hastings District,Nil,0.0,0.0,0.0,0.0,0.0,0.0,Open,0.0,0.0,0.0,Light rain
408264,1914282.0,5614661.0,545821.0,0.0,0.0,1.0,South,2015/2016,MATAPIRO ROAD,CROWNTHORPE SETTLEMENT RO,Non-Injury Crash,No,2016,North,0.0,0.0,Flat,0.0,,0.0,0.0,Bright sun,1410400.0,0.0,0.0,0.0,2.0,0.0,0.0,,Hawke's Bay Region,Nil,2-way,Sealed,0.0,0.0,0.0,100.0,0.0,None,0.0,0.0,,30.0,Hastings District,Unknown,0.0,0.0,0.0,0.0,0.0,0.0,Open,0.0,0.0,0.0,Fine
67880,1927876.0,5607157.0,547800.0,1.0,0.0,1.0,Null,2007/2008,OMAHU ROAD,STONYCROFT ST,Non-Injury Crash,No,2008,West,0.0,,Flat,,,,,Dark,1476600.0,0.0,0.0,0.0,2.0,0.0,,,Hawke's Bay Region,Nil,2-way,Sealed,0.0,0.0,,50.0,,On,0.0,0.0,,30.0,Hastings District,Give way,,,,,0.0,0.0,Urban,0.0,,,Heavy rain
611392,1919682.0,5644039.0,545811.0,0.0,0.0,0.0,South,1999/2000,SH 5,MCALLISTER ENT,Non-Injury Crash,Yes,2000,South,0.0,0.0,Flat,0.0,,0.0,0.0,Overcast,1414600.0,0.0,0.0,0.0,2.0,0.0,0.0,,Hawke's Bay Region,Nil,2-way,Sealed,0.0,0.0,0.0,100.0,0.0,Null,0.0,0.0,,30.0,Hastings District,Nil,0.0,0.0,0.0,0.0,0.0,0.0,Open,1.0,0.0,0.0,Light rain
249962,1931233.0,5603771.0,545721.0,0.0,0.0,2.0,South,2003/2004,HOWARD ST,PALMER PLACE,Non-Injury Crash,No,2003,North,0.0,0.0,Flat,0.0,,0.0,0.0,Overcast,1472900.0,0.0,0.0,0.0,2.0,0.0,1.0,,Hawke's Bay Region,Nil,2-way,Sealed,0.0,0.0,0.0,50.0,0.0,Null,0.0,0.0,,30.0,Hastings District,Nil,0.0,0.0,0.0,0.0,0.0,0.0,Urban,0.0,0.0,0.0,Light rain
428301,1925254.0,5605193.0,545842.0,0.0,0.0,1.0,South,2011/2012,STOCK ROAD,IRONGATE ROAD,Minor Crash,No,2011,South,0.0,0.0,Flat,0.0,,0.0,0.0,Overcast,1470214.0,1.0,0.0,0.0,2.0,0.0,0.0,,Hawke's Bay Region,Nil,2-way,Sealed,0.0,0.0,0.0,100.0,0.0,Null,0.0,0.0,,30.0,Hastings District,Nil,0.0,0.0,0.0,0.0,0.0,0.0,Open,0.0,0.0,0.0,Light rain
107217,1928593.0,5633406.0,545811.0,0.0,0.0,1.0,South,2008/2009,SH 5,ELLIS WALLACE ROAD,Non-Injury Crash,Yes,2009,South,0.0,0.0,Hill Road,0.0,,0.0,0.0,Dark,1414700.0,0.0,0.0,0.0,2.0,0.0,0.0,,Hawke's Bay Region,Nil,2-way,Sealed,0.0,0.0,0.0,50.0,0.0,None,0.0,0.0,,30.0,Hastings District,Nil,0.0,0.0,0.0,0.0,0.0,0.0,Urban,0.0,0.0,0.0,Heavy rain
428249,1932484.0,5601542.0,548821.0,0.0,0.0,1.0,West,2009/2010,MIDDLE ROAD,JOLL ROAD,Non-Injury Crash,No,2009,East,0.0,0.0,Flat,0.0,Labour Weekend,0.0,0.0,Dark,1507001.0,0.0,0.0,0.0,1.0,0.0,0.0,,Hawke's Bay Region,Nil,1-way,Sealed,0.0,0.0,0.0,50.0,0.0,On,0.0,0.0,,30.0,Hastings District,Nil,0.0,0.0,0.0,0.0,0.0,0.0,Urban,0.0,0.0,0.0,Fine
699321,1929931.0,5604159.0,548200.0,0.0,0.0,2.0,Null,2007/2008,WILLOWPARK ROAD SOUTH,SOUTHAMPTON ST EAST,Non-Injury Crash,No,2008,East,0.0,,Flat,,,,,Dark,1493600.0,0.0,0.0,0.0,2.0,0.0,,,Hawke's Bay Region,Nil,2-way,Sealed,0.0,0.0,,50.0,,On,0.0,0.0,,30.0,Hastings District,Give way,,,,,0.0,0.0,Urban,0.0,,,Fine
199691,1925033.0,5607669.0,548612.0,0.0,0.0,2.0,North,2000/2001,FLAXMERE AVENUE,CHATHAM ROAD,Non-Injury Crash,No,2001,East,0.0,,Flat,,,,,Bright sun,1474107.0,0.0,0.0,0.0,2.0,0.0,,,Hawke's Bay Region,Nil,2-way,Sealed,0.0,0.0,,50.0,,Null,0.0,0.0,,30.0,Hastings District,Nil,,,,,0.0,0.0,Urban,0.0,,,Fine
345770,1929179.0,5605159.0,548200.0,1.0,0.0,0.0,Null,2002/2003,SOUTHLAND ROAD,SOUTHAMPTON ST WEST,Minor Crash,No,2003,West,0.0,,Flat,,,,,Dark,1488600.0,1.0,0.0,0.0,2.0,0.0,,,Hawke's Bay Region,Nil,2-way,Sealed,0.0,0.0,,50.0,,On,0.0,0.0,,30.0,Hastings District,Give way,,,,,0.0,0.0,Urban,1.0,,,Light rain