OBJECTID,X,Y,areaUnitID,bicycle,bus,carStationWagon,crashDirectionDescription,crashFinancialYear,crashLocation1,crashLocation2,crashSeverity,crashSHDescription,crashYear,directionRoleDescription,fatalCount,fence,flatHill,guardRail,holiday,houseOrBuilding,kerb,light,meshblockId,minorInjuryCount,moped,motorcycle,NumberOfLanes,otherVehicleType,parkedVehicle,pedestrian,region,roadCharacter,roadLane,roadSurface,schoolBus,seriousInjuryCount,slipOrFlood,speedLimit,strayAnimal,streetLight,suv,taxi,temporarySpeedLimit,tlaId,tlaName,trafficControl,trafficIsland,trafficSign,train,tree,truck,unknownVehicleType,urban,vanOrUtility,vehicle,waterRiver,weatherA
303241,1932233.6547,5601261.2374,548810.0,0.0,0.0,0.0,South,2019/2020,MIDDLE ROAD,EXMOOR STREET,Non-Injury Crash,No,2019,South,0.0,0.0,Flat,0.0,,0.0,0.0,Bright sun,1505900.0,0.0,0.0,0.0,2.0,0.0,1.0,,Hawke's Bay Region,Nil,2-way,Sealed,0.0,0.0,0.0,50.0,0.0,Off,0.0,0.0,,30.0,Hastings District,Nil,0.0,0.0,0.0,0.0,0.0,0.0,Urban,2.0,0.0,0.0,Fine
338627,1932680.0,5601443.0,548821.0,0.0,0.0,2.0,Null,2014/2015,JOLL ROAD,PORTER DRIVE,Minor Crash,No,2014,East,0.0,,Flat,,,,,Bright sun,1507001.0,1.0,0.0,0.0,2.0,0.0,,,Hawke's Bay Region,Nil,2-way,Sealed,0.0,0.0,,50.0,,Null,0.0,0.0,,30.0,Hastings District,Give way,,,,,0.0,0.0,Urban,0.0,,,Fine
266081,1930614.0,5603905.0,548100.0,0.0,0.0,2.0,Null,2001/2002,HERETAUNGA ST EAST,PARK ROAD NORTH,Non-Injury Crash,No,2001,South,0.0,,Flat,,,,,Overcast,1501200.0,0.0,0.0,0.0,2.0,0.0,,,Hawke's Bay Region,Nil,2-way,Sealed,0.0,0.0,,50.0,,Null,0.0,0.0,,30.0,Hastings District,Stop,,,,,0.0,0.0,Urban,0.0,,,Fine
121404,1931613.0,5608421.0,545710.0,0.0,0.0,1.0,Null,2006/2007,PAKOWHAI ROAD,ELWOOD ROAD,Non-Injury Crash,No,2007,South,0.0,1.0,Flat,0.0,,0.0,0.0,Bright sun,1471100.0,0.0,0.0,0.0,2.0,0.0,0.0,,Hawke's Bay Region,Nil,2-way,Sealed,0.0,0.0,0.0,100.0,0.0,Null,0.0,0.0,,30.0,Hastings District,Give way,0.0,0.0,0.0,0.0,0.0,0.0,Open,0.0,0.0,0.0,Fine
229566,1941755.0,5605112.0,545740.0,0.0,0.0,0.0,Null,2001/2002,CLIFTON ROAD,PIPI ST,Non-Injury Crash,No,2001,East,0.0,1.0,Flat,0.0,,0.0,0.0,Dark,1408003.0,0.0,0.0,0.0,2.0,0.0,0.0,,Hawke's Bay Region,Nil,2-way,Sealed,0.0,0.0,0.0,50.0,0.0,On,0.0,0.0,,30.0,Hastings District,Nil,0.0,0.0,0.0,0.0,0.0,0.0,Urban,1.0,0.0,0.0,Fine
531616,1929984.0,5607185.0,545710.0,0.0,1.0,1.0,Null,2011/2012,PAKOWHAI ROAD,FREDERICK ST,Minor Crash,No,2012,South,0.0,,Flat,,,,,Dark,1471300.0,1.0,0.0,0.0,3.0,0.0,,,Hawke's Bay Region,Nil,2-way,Sealed,0.0,0.0,,50.0,,On,0.0,0.0,,30.0,Hastings District,Give way,,,,,0.0,0.0,Urban,0.0,,,Fine
374656,1932783.0,5606292.0,545721.0,0.0,0.0,2.0,East,2005/2006,SH 2,ST GEORGES ROAD,Non-Injury Crash,Yes,2006,North,0.0,,Flat,,,,,Overcast,1472100.0,0.0,0.0,0.0,2.0,0.0,,,Hawke's Bay Region,Nil,2-way,Sealed,0.0,0.0,,100.0,,Null,0.0,0.0,,30.0,Hastings District,Nil,,,,,0.0,0.0,Open,0.0,,,Fine
67649,1928842.0,5603900.0,547900.0,0.0,0.0,1.0,Null,2001/2002,RAILWAY ROAD,MURDOCH ROAD WEST,Non-Injury Crash,No,2001,North,0.0,,Flat,,,,,Bright sun,1482600.0,0.0,0.0,0.0,2.0,0.0,,,Hawke's Bay Region,Rail xing,2-way,Sealed,0.0,0.0,,50.0,,Null,0.0,0.0,,30.0,Hastings District,Stop,,,,,0.0,0.0,Urban,1.0,,,Fine
150710,1929441.0,5608839.0,545710.0,0.0,0.0,1.0,Null,1999/2000,SH 50A,EVENDEN ROAD,Non-Injury Crash,Yes,2000,North,0.0,,Flat,,,,,Bright sun,1471201.0,0.0,0.0,0.0,2.0,0.0,,,Hawke's Bay Region,Nil,2-way,Sealed,0.0,0.0,,100.0,,Null,0.0,0.0,,30.0,Hastings District,Give way,,,,,1.0,0.0,Open,0.0,,,Fine
395825,1918541.6693,5651741.6513,545911.0,0.0,0.0,1.0,South,2018/2019,005-0220,OLSENS GATE,Non-Injury Crash,Yes,2018,South,0.0,0.0,Hill Road,0.0,,0.0,0.0,Overcast,1415900.0,0.0,0.0,0.0,3.0,0.0,0.0,,Hawke's Bay Region,Nil,2-way,Sealed,0.0,0.0,0.0,100.0,0.0,None,0.0,0.0,,30.0,Hastings District,Unknown,0.0,0.0,0.0,1.0,0.0,0.0,Open,0.0,0.0,0.0,Light rain
605269,1927234.0,5602249.0,545762.0,0.0,0.0,2.0,Null,2008/2009,RAILWAY ROAD SOUTH,LONGLANDS ROAD EAST,Serious Crash,No,2009,South,0.0,,Flat,,,,,Bright sun,1468200.0,0.0,0.0,0.0,2.0,0.0,,,Hawke's Bay Region,Nil,2-way,Sealed,0.0,1.0,,100.0,,Null,0.0,0.0,,30.0,Hastings District,Give way,,,,,0.0,0.0,Open,0.0,,,Fine
213320,1937243.0,5638002.0,545811.0,0.0,0.0,1.0,South,2004/2005,SH 2,TANGOIO SETTLEMENT ROAD S,Non-Injury Crash,Yes,2005,North,0.0,0.0,Flat,0.0,,0.0,0.0,Dark,1415800.0,0.0,0.0,0.0,2.0,0.0,0.0,,Hawke's Bay Region,Nil,2-way,Sealed,0.0,0.0,0.0,100.0,0.0,None,0.0,0.0,,30.0,Hastings District,Nil,0.0,0.0,0.0,0.0,0.0,0.0,Open,0.0,0.0,0.0,Fine
407038,1931135.0,5614070.0,545831.0,0.0,0.0,1.0,North,2017/2018,SH 50,PAKOWHAI ON NBD,Non-Injury Crash,Yes,2017,North,0.0,,Flat,,Christmas New Year,,,Twilight,1404600.0,0.0,0.0,0.0,2.0,0.0,,,Hawke's Bay Region,Nil,2-way,Sealed,0.0,0.0,,100.0,,Off,0.0,0.0,,30.0,Hastings District,Unknown,,,,,0.0,0.0,Open,1.0,,,Fine
486776,1923650.9032,5607968.8397,548611.0,0.0,0.0,1.0,South,2018/2019,RAMSEY CRESCENT,KILKEE CRESCENT,Non-Injury Crash,No,2019,West,0.0,0.0,Flat,0.0,,0.0,0.0,Dark,1470311.0,0.0,0.0,0.0,2.0,0.0,1.0,,Hawke's Bay Region,Nil,2-way,Sealed,0.0,0.0,0.0,50.0,0.0,On,0.0,0.0,,30.0,Hastings District,Unknown,0.0,0.0,0.0,0.0,1.0,0.0,Urban,0.0,0.0,0.0,Light rain
238986,1915802.0,5590633.0,545851.0,0.0,0.0,0.0,South,2003/2004,SH 2,COLIN WHITE ROAD,Non-Injury Crash,Yes,2003,North,0.0,0.0,Flat,0.0,,0.0,0.0,Dark,1464500.0,0.0,0.0,0.0,2.0,0.0,0.0,,Hawke's Bay Region,Nil,2-way,Sealed,0.0,0.0,0.0,100.0,0.0,None,0.0,0.0,,30.0,Hastings District,Nil,0.0,0.0,0.0,0.0,0.0,0.0,Open,1.0,0.0,0.0,Fine
362920,1931140.0,5604870.0,548000.0,0.0,0.0,1.0,East,2003/2004,CAMBRIDGE ST,JERVOIS ST,Non-Injury Crash,No,2004,West,0.0,,Flat,,,,,Bright sun,1498002.0,0.0,0.0,0.0,2.0,0.0,,,Hawke's Bay Region,Nil,2-way,Sealed,0.0,0.0,,50.0,,Null,0.0,0.0,,30.0,Hastings District,Nil,,,,,1.0,0.0,Urban,0.0,,,Fine
536461,1931087.0,5613679.0,545831.0,0.0,0.0,1.0,South,2002/2003,PAKOWHAI ROAD,SH 50,Minor Crash,No,2002,North,0.0,,Flat,,,,,Bright sun,1404600.0,1.0,0.0,0.0,2.0,0.0,,,Hawke's Bay Region,Nil,2-way,Sealed,0.0,0.0,,100.0,,Null,0.0,0.0,,30.0,Hastings District,Nil,,,,,0.0,0.0,Open,1.0,,,Fine
701544,1930303.0,5600859.0,545762.0,0.0,0.0,0.0,East,2005/2006,TE AUTE ROAD,RICHARD ROAD,Minor Crash,No,2005,East,0.0,1.0,Flat,0.0,,0.0,0.0,Dark,1465200.0,1.0,0.0,0.0,2.0,0.0,0.0,,Hawke's Bay Region,Nil,2-way,Sealed,0.0,0.0,0.0,70.0,0.0,None,0.0,0.0,,30.0,Hastings District,Nil,0.0,0.0,0.0,1.0,0.0,0.0,Urban,1.0,0.0,0.0,Fine
531794,1916014.9162,5585996.9184,545851.0,0.0,0.0,0.0,East,2018/2019,PUKEKURA SETTLEMENT ROAD,TE AUTE TRUST ROAD,Non-Injury Crash,No,2019,East,0.0,,Flat,,,,,Overcast,1466101.0,0.0,0.0,0.0,2.0,0.0,,,Hawke's Bay Region,Nil,2-way,Sealed,0.0,0.0,,100.0,,None,1.0,0.0,,30.0,Hastings District,Unknown,,,,,0.0,0.0,Open,0.0,,,Fine
738133,1937941.0,5610547.0,545730.0,0.0,0.0,1.0,East,2006/2007,RICHMOND ROAD,GREY ST,Non-Injury Crash,No,2007,West,0.0,1.0,Flat,0.0,,0.0,0.0,Bright sun,1405100.0,0.0,0.0,0.0,2.0,0.0,0.0,,Hawke's Bay Region,Nil,2-way,Sealed,0.0,0.0,0.0,100.0,0.0,Null,0.0,0.0,,30.0,Hastings District,Nil,0.0,0.0,0.0,0.0,0.0,0.0,Open,0.0,0.0,0.0,Fine
382506,1930485.0,5606405.0,547600.0,1.0,0.0,1.0,Null,2007/2008,TOMOANA ROAD,FREDERICK ST,Minor Crash,No,2007,South,0.0,,Flat,,,,,Overcast,1483800.0,1.0,0.0,0.0,2.0,0.0,,,Hawke's Bay Region,Nil,2-way,Sealed,0.0,0.0,,50.0,,Null,0.0,0.0,,30.0,Hastings District,Traffic Signals,,,,,0.0,0.0,Urban,0.0,,,Fine
575494,1934330.0,5599839.0,548833.0,0.0,0.0,1.0,South,2008/2009,TE MATA PEAK ROAD,SIMLA AVENUE,Non-Injury Crash,No,2009,North,0.0,,Hill Road,,,,,Overcast,1466710.0,0.0,0.0,0.0,2.0,0.0,,,Hawke's Bay Region,Nil,2-way,Sealed,0.0,0.0,,100.0,,Null,1.0,0.0,,30.0,Hastings District,Nil,,,,,0.0,0.0,Open,0.0,,,Fine
494883,1927501.0,5603870.0,545761.0,0.0,0.0,1.0,Null,2007/2008,SOUTHLAND ROAD,HEATHCOTE ROAD,Non-Injury Crash,No,2007,South,0.0,0.0,Flat,0.0,,0.0,0.0,Dark,1468801.0,0.0,0.0,0.0,2.0,0.0,0.0,,Hawke's Bay Region,Nil,2-way,Sealed,0.0,0.0,0.0,100.0,0.0,None,0.0,0.0,,30.0,Hastings District,Give way,0.0,0.0,0.0,0.0,0.0,0.0,Open,0.0,0.0,0.0,Fine
283805,1928906.3956,5606116.8325,547700.0,0.0,0.0,1.0,South,2018/2019,HERETAUNGA STREET WEST,STORTFORD STREET,Non-Injury Crash,No,2019,West,0.0,,Flat,,,,,Bright sun,1486700.0,0.0,0.0,0.0,2.0,0.0,,1.0,Hawke's Bay Region,Nil,2-way,Sealed,0.0,0.0,,50.0,,Off,0.0,0.0,,30.0,Hastings District,Nil,,,,,0.0,0.0,Urban,0.0,,,Fine
492099,1923417.0,5613766.0,545821.0,0.0,0.0,0.0,South,2016/2017,SWAMP ROAD,PIRAU ROAD,Minor Crash,No,2017,North,0.0,0.0,Flat,0.0,,0.0,0.0,Bright sun,1408401.0,1.0,0.0,0.0,2.0,0.0,0.0,,Hawke's Bay Region,Nil,2-way,Sealed,0.0,0.0,0.0,100.0,0.0,Null,0.0,0.0,,30.0,Hastings District,Unknown,0.0,0.0,0.0,0.0,1.0,0.0,Open,0.0,0.0,0.0,Fine
216269,1929297.0,5606666.0,547800.0,0.0,0.0,2.0,South,2009/2010,PAKOWHAI ROAD,FITZROY AVENUE,Non-Injury Crash,No,2009,South,0.0,,Flat,,,,,Bright sun,1477600.0,0.0,0.0,0.0,2.0,0.0,,,Hawke's Bay Region,Nil,2-way,Sealed,0.0,0.0,,50.0,,Null,0.0,0.0,,30.0,Hastings District,Nil,,,,,0.0,0.0,Urban,0.0,,,Fine
66076,1925737.0,5619711.0,545821.0,0.0,0.0,1.0,West,2000/2001,DARTMOOR ROAD,VICARAGE ROAD,Non-Injury Crash,No,2000,North,0.0,,Hill Road,,,,,Overcast,1411400.0,0.0,0.0,0.0,2.0,0.0,,,Hawke's Bay Region,Nil,2-way,Sealed,0.0,0.0,,50.0,,Null,0.0,0.0,,30.0,Hastings District,Nil,,,,,1.0,0.0,Urban,0.0,,,Heavy rain
510285,1936136.0,5610441.0,545730.0,0.0,0.0,1.0,South,2007/2008,MILL ROAD,VALERIE ST,Minor Crash,No,2007,North,0.0,0.0,Flat,0.0,,0.0,0.0,Twilight,1405402.0,1.0,0.0,0.0,2.0,0.0,0.0,,Hawke's Bay Region,Bridge,2-way,Sealed,0.0,0.0,0.0,100.0,0.0,Off,0.0,0.0,,30.0,Hastings District,Nil,0.0,0.0,0.0,0.0,0.0,0.0,Open,0.0,0.0,0.0,Fine
220067,1933613.0,5602102.0,548832.0,0.0,0.0,1.0,West,2004/2005,TE MATA ROAD,GUTHRIE ROAD,Non-Injury Crash,No,2005,West,0.0,1.0,Flat,0.0,,0.0,0.0,Dark,1510200.0,0.0,0.0,0.0,2.0,0.0,0.0,,Hawke's Bay Region,Nil,2-way,Sealed,0.0,0.0,0.0,50.0,0.0,On,0.0,0.0,,30.0,Hastings District,Nil,0.0,0.0,0.0,1.0,0.0,0.0,Urban,0.0,0.0,0.0,Fine
231575,1932072.0,5601078.0,548810.0,0.0,0.0,2.0,South,2013/2014,UPHAM ST,ELLIOTT CRESCENT S,Non-Injury Crash,No,2013,South,0.0,0.0,Flat,0.0,,0.0,0.0,Bright sun,1505900.0,0.0,0.0,0.0,2.0,0.0,0.0,,Hawke's Bay Region,Nil,2-way,Sealed,0.0,0.0,0.0,50.0,0.0,Null,0.0,0.0,,30.0,Hastings District,Nil,0.0,0.0,0.0,0.0,0.0,0.0,Urban,0.0,1.0,0.0,Fine
732893,1926604.0,5607976.0,548400.0,0.0,0.0,2.0,Null,2011/2012,MEIHANA ST,OMAHU ROAD,Non-Injury Crash,No,2011,West,0.0,,Flat,,,,,Dark,1473400.0,0.0,0.0,0.0,2.0,0.0,,,Hawke's Bay Region,Nil,2-way,Sealed,0.0,0.0,,50.0,,None,0.0,0.0,,30.0,Hastings District,Nil,,,,,0.0,0.0,Urban,0.0,,,Fine
202744,1929323.0,5606207.0,547700.0,0.0,0.0,2.0,Null,2007/2008,ST AUBYN ST WEST,BRUNSWICK ST,Non-Injury Crash,No,2007,North,0.0,,Flat,,,,,Overcast,1486100.0,0.0,0.0,0.0,2.0,0.0,,,Hawke's Bay Region,Nil,2-way,Sealed,0.0,0.0,,50.0,,Null,0.0,0.0,,30.0,Hastings District,Give way,,,,,0.0,0.0,Urban,0.0,,,Light rain
507683,1931617.0,5608425.0,545710.0,0.0,0.0,1.0,North,2013/2014,PAKOWHAI ROAD,ELWOOD ROAD,Non-Injury Crash,No,2013,South,0.0,,Flat,,,,,Overcast,1471100.0,0.0,0.0,0.0,2.0,0.0,,,Hawke's Bay Region,Nil,2-way,Sealed,0.0,0.0,,80.0,,Null,1.0,0.0,,30.0,Hastings District,Nil,,,,,0.0,0.0,Open,0.0,,,Fine
247163,1927518.0,5607343.0,548400.0,0.0,0.0,0.0,South,2008/2009,SH 50A,OMAHU ROAD,Serious Crash,Yes,2009,North,0.0,1.0,Flat,0.0,,0.0,0.0,Overcast,1473500.0,0.0,0.0,0.0,2.0,0.0,1.0,,Hawke's Bay Region,Nil,2-way,Sealed,0.0,1.0,0.0,100.0,0.0,Null,0.0,0.0,,30.0,Hastings District,Nil,0.0,0.0,0.0,0.0,0.0,0.0,Open,1.0,0.0,0.0,Light rain
259196,1918682.0,5652853.0,545912.0,0.0,0.0,1.0,South,2017/2018,SH 5,OLSENS GATE,Non-Injury Crash,Yes,2018,South,0.0,0.0,Hill Road,0.0,Christmas New Year,0.0,0.0,Overcast,1414504.0,0.0,0.0,0.0,2.0,0.0,0.0,,Hawke's Bay Region,Nil,2-way,Sealed,0.0,0.0,0.0,100.0,0.0,Null,0.0,0.0,,30.0,Hastings District,Unknown,0.0,0.0,0.0,0.0,0.0,0.0,Open,0.0,0.0,0.0,Heavy rain
425741,1927058.0,5605453.0,545761.0,0.0,0.0,1.0,West,2010/2011,YORK ROAD,MARAEKAKAHO ROAD,Non-Injury Crash,No,2010,West,0.0,1.0,Flat,0.0,,0.0,0.0,Dark,1469905.0,0.0,0.0,0.0,2.0,0.0,0.0,,Hawke's Bay Region,Nil,2-way,Sealed,0.0,0.0,0.0,100.0,0.0,On,0.0,0.0,,30.0,Hastings District,Nil,0.0,0.0,0.0,1.0,0.0,0.0,Open,0.0,0.0,0.0,Light rain
192550,1927633.0,5607439.0,548400.0,0.0,0.0,2.0,Null,2014/2015,OMAHU ROAD,SH 50A,Non-Injury Crash,Yes,2014,South,0.0,,Flat,,,,,Bright sun,1473600.0,0.0,0.0,0.0,4.0,0.0,,,Hawke's Bay Region,Nil,2-way,Sealed,0.0,0.0,,50.0,,Null,0.0,0.0,,30.0,Hastings District,Give way,,,,,0.0,0.0,Urban,0.0,,,Fine
619241,1919245.0,5593807.0,545851.0,0.0,0.0,1.0,East,2015/2016,SH 2,HORONUI ROAD,Minor Crash,Yes,2015,East,0.0,0.0,Flat,0.0,,0.0,0.0,Dark,1463900.0,2.0,0.0,0.0,3.0,0.0,0.0,,Hawke's Bay Region,Nil,2-way,Sealed,0.0,0.0,0.0,100.0,0.0,None,0.0,0.0,,30.0,Hastings District,Nil,0.0,0.0,0.0,0.0,0.0,0.0,Open,1.0,1.0,0.0,Light rain
286368,1930299.0,5605814.0,548200.0,0.0,0.0,1.0,South,2001/2002,NELSON ST NORTH,KITCHENER ST,Minor Crash,No,2001,South,0.0,0.0,Flat,0.0,,0.0,0.0,Dark,1491100.0,2.0,0.0,0.0,2.0,0.0,1.0,,Hawke's Bay Region,Nil,2-way,Sealed,0.0,0.0,0.0,50.0,0.0,On,0.0,0.0,,30.0,Hastings District,Nil,0.0,0.0,0.0,0.0,0.0,0.0,Urban,2.0,0.0,0.0,Fine
31198,1907758.0,5610739.0,545821.0,0.0,0.0,1.0,West,2018/2019,MATAPIRO ROAD,OMAPERE ROAD,Minor Crash,No,2018,East,0.0,0.0,Flat,0.0,,0.0,0.0,Overcast,1410100.0,2.0,0.0,0.0,2.0,0.0,0.0,,Hawke's Bay Region,Nil,2-way,Sealed,0.0,0.0,0.0,100.0,0.0,Null,0.0,0.0,,30.0,Hastings District,Unknown,0.0,0.0,0.0,1.0,0.0,0.0,Open,0.0,0.0,0.0,Fine
283366,1928151.0,5604373.0,547900.0,0.0,0.0,0.0,Null,2016/2017,SOUTHLAND ROAD,HEMI ST,Non-Injury Crash,No,2017,North,0.0,0.0,Flat,0.0,,0.0,0.0,Dark,1469202.0,0.0,0.0,0.0,2.0,0.0,0.0,,Hawke's Bay Region,Nil,2-way,Sealed,0.0,0.0,0.0,50.0,0.0,On,0.0,0.0,,30.0,Hastings District,Nil,0.0,0.0,0.0,0.0,0.0,0.0,Urban,1.0,0.0,0.0,Fine
367461,1929687.0,5605089.0,548200.0,0.0,0.0,2.0,South,2003/2004,HERETAUNGA ST WEST,KING ST NORTH,Non-Injury Crash,No,2003,South,0.0,0.0,Flat,0.0,,0.0,0.0,Bright sun,1491200.0,0.0,0.0,0.0,2.0,0.0,1.0,,Hawke's Bay Region,Nil,2-way,Sealed,0.0,0.0,0.0,50.0,0.0,Null,0.0,0.0,,30.0,Hastings District,Nil,0.0,0.0,0.0,0.0,0.0,0.0,Urban,0.0,0.0,0.0,Fine
71320,1931253.0,5605695.0,548000.0,0.0,0.0,1.0,West,2014/2015,KARAMU ROAD NORTH,FENWICK ST,Minor Crash,No,2015,West,0.0,,Flat,,,,,Bright sun,1497100.0,2.0,0.0,0.0,2.0,0.0,,1.0,Hawke's Bay Region,Nil,2-way,Sealed,0.0,0.0,,50.0,,Null,0.0,1.0,,30.0,Hastings District,Unknown,,,,,0.0,0.0,Urban,0.0,,,Fine
435243,1941882.0,5657450.0,545911.0,0.0,0.0,1.0,South,2002/2003,SH 2,MATAHORUA ROAD N,Non-Injury Crash,Yes,2003,South,0.0,0.0,Hill Road,1.0,,0.0,0.0,Twilight,1415100.0,0.0,0.0,0.0,2.0,0.0,0.0,,Hawke's Bay Region,Nil,2-way,Sealed,0.0,0.0,0.0,100.0,0.0,None,0.0,0.0,,30.0,Hastings District,Nil,0.0,0.0,0.0,0.0,0.0,0.0,Open,0.0,0.0,0.0,Fine
653108,1935638.0,5650664.0,545911.0,0.0,0.0,1.0,South,2013/2014,SH 2,MAHIARUHE STM BR,Non-Injury Crash,Yes,2014,North,0.0,0.0,Flat,0.0,,0.0,0.0,Overcast,1415400.0,0.0,0.0,0.0,2.0,0.0,0.0,,Hawke's Bay Region,Nil,2-way,Sealed,0.0,0.0,0.0,100.0,0.0,None,0.0,0.0,,30.0,Hastings District,Unknown,0.0,0.0,0.0,0.0,0.0,0.0,Open,0.0,0.0,0.0,Fine
342644,1936359.0,5600687.0,548833.0,0.0,0.0,0.0,South,2015/2016,WAIMARAMA ROAD,MCLEAN ROAD,Non-Injury Crash,No,2015,North,0.0,,Flat,,,,,Overcast,1466801.0,0.0,0.0,0.0,2.0,0.0,,,Hawke's Bay Region,Nil,2-way,Sealed,0.0,0.0,,80.0,,Null,0.0,0.0,,30.0,Hastings District,Unknown,,,,,0.0,0.0,Open,1.0,,,Light rain
209988,1927321.0,5602201.0,545762.0,0.0,0.0,1.0,East,2012/2013,LONGLANDS ROAD EAST,RAILWAY ROAD SOUTH,Non-Injury Crash,No,2013,East,0.0,0.0,Flat,0.0,,0.0,0.0,Dark,1468200.0,0.0,0.0,0.0,2.0,0.0,0.0,,Hawke's Bay Region,Nil,2-way,Sealed,0.0,0.0,0.0,100.0,0.0,None,0.0,0.0,,30.0,Hastings District,Nil,0.0,1.0,0.0,1.0,0.0,0.0,Open,0.0,0.0,0.0,Mist or Fog
253724,1926244.0,5606261.0,545761.0,0.0,0.0,2.0,Null,2008/2009,SH 50A,FLAXMERE AVENUE,Non-Injury Crash,Yes,2008,North,0.0,,Flat,,,,,Bright sun,1469905.0,0.0,0.0,0.0,2.0,0.0,,,Hawke's Bay Region,Nil,2-way,Sealed,0.0,0.0,,100.0,,Null,0.0,0.0,,30.0,Hastings District,Give way,,,,,0.0,0.0,Open,0.0,,,Fine
116536,1934889.0,5646450.0,545911.0,0.0,0.0,1.0,North,2002/2003,SH 2,KAIWAKA ROAD,Non-Injury Crash,Yes,2003,East,0.0,0.0,Hill Road,0.0,,0.0,0.0,Overcast,1415400.0,0.0,0.0,0.0,2.0,0.0,0.0,,Hawke's Bay Region,Nil,2-way,Sealed,0.0,0.0,0.0,100.0,0.0,Null,0.0,0.0,,30.0,Hastings District,Nil,0.0,0.0,0.0,0.0,0.0,0.0,Open,0.0,0.0,0.0,Heavy rain
485540,1935450.0,5600769.0,548833.0,0.0,0.0,1.0,South,2017/2018,BLACK BARN ROAD,TE MATA ROAD,Serious Crash,No,2018,North,0.0,,Hill Road,,,,,Bright sun,1466801.0,0.0,0.0,0.0,2.0,0.0,,1.0,Hawke's Bay Region,Nil,2-way,Sealed,0.0,1.0,,80.0,,None,0.0,0.0,,30.0,Hastings District,Unknown,,,,,0.0,0.0,Open,0.0,,,Fine
608262,1934072.0,5609776.0,545832.0,0.0,0.0,1.0,North,2001/2002,FARNDON ROAD,CHESTERHOPE BRIDGE,Non-Injury Crash,No,2002,West,0.0,,Flat,,,,,Bright sun,1404200.0,0.0,0.0,0.0,2.0,0.0,,,Hawke's Bay Region,Nil,2-way,Sealed,0.0,0.0,,100.0,,Null,0.0,0.0,,30.0,Hastings District,Nil,,,,,1.0,0.0,Open,0.0,,,Fine
686569,1932575.0,5608502.0,545721.0,0.0,0.0,1.0,Null,1999/2000,RUAHAPIA ROAD,WHAKATU ROAD,Non-Injury Crash,No,2000,East,0.0,,Flat,,,,,Bright sun,1471600.0,0.0,0.0,0.0,2.0,0.0,,,Hawke's Bay Region,Nil,2-way,Sealed,0.0,0.0,,100.0,,Null,0.0,0.0,,30.0,Hastings District,Give way,,,,,0.0,0.0,Open,1.0,,,Fine
161640,1929730.0,5605386.0,548200.0,0.0,0.0,2.0,South,2008/2009,NELSON ST NORTH,AVENUE ROAD WEST,Non-Injury Crash,No,2008,North,0.0,,Flat,,,,,Bright sun,1490200.0,0.0,0.0,0.0,2.0,0.0,,,Hawke's Bay Region,Nil,2-way,Sealed,0.0,0.0,,50.0,,Null,0.0,0.0,,30.0,Hastings District,Nil,,,,,0.0,0.0,Urban,0.0,,,Fine
448590,1926465.0,5608002.0,545710.0,0.0,0.0,2.0,Null,2005/2006,OMAHU ROAD,HENDERSON ROAD,Non-Injury Crash,No,2005,West,0.0,,Flat,,,,,Overcast,1470900.0,0.0,0.0,0.0,3.0,0.0,,,Hawke's Bay Region,Nil,2-way,Sealed,0.0,0.0,,50.0,,Null,0.0,0.0,,30.0,Hastings District,Give way,,,,,0.0,0.0,Urban,1.0,,,Light rain
75500,1937709.0,5602814.0,545860.0,0.0,0.0,0.0,South,2006/2007,TUKI TUKI ROAD,MOORE ROAD,Non-Injury Crash,No,2006,South,0.0,0.0,Flat,0.0,,0.0,0.0,Dark,1408301.0,0.0,0.0,0.0,2.0,0.0,0.0,,Hawke's Bay Region,Nil,2-way,Sealed,0.0,0.0,0.0,100.0,0.0,None,0.0,0.0,,30.0,Hastings District,Nil,0.0,0.0,0.0,0.0,0.0,0.0,Open,1.0,0.0,0.0,Fine
703066,1932828.0,5604226.0,545721.0,0.0,0.0,1.0,North,2000/2001,ST GEORGES ROAD,CROSSES ROAD,Non-Injury Crash,No,2000,North,0.0,0.0,Flat,0.0,,0.0,0.0,Overcast,1472702.0,0.0,0.0,0.0,2.0,0.0,0.0,,Hawke's Bay Region,Nil,2-way,Sealed,0.0,0.0,0.0,100.0,0.0,Null,0.0,0.0,,30.0,Hastings District,Nil,0.0,0.0,0.0,1.0,0.0,0.0,Open,0.0,0.0,0.0,Fine
688292,1930614.0,5612079.0,545832.0,0.0,0.0,0.0,South,2007/2008,SH 50A,SH 50,Non-Injury Crash,Yes,2007,South,0.0,0.0,Flat,0.0,,0.0,0.0,Overcast,1404400.0,0.0,0.0,0.0,2.0,0.0,1.0,,Hawke's Bay Region,Nil,2-way,Sealed,0.0,0.0,0.0,100.0,0.0,Null,0.0,0.0,,30.0,Hastings District,Nil,0.0,0.0,0.0,0.0,0.0,0.0,Open,2.0,0.0,0.0,Fine
470638,1923407.0,5610410.0,545710.0,0.0,0.0,1.0,North,2005/2006,SH 50,OMAHU ROAD,Minor Crash,Yes,2005,North,0.0,1.0,Flat,0.0,,0.0,0.0,Bright sun,1470400.0,1.0,0.0,0.0,2.0,0.0,0.0,,Hawke's Bay Region,Nil,2-way,Sealed,0.0,0.0,0.0,100.0,0.0,Null,0.0,0.0,,30.0,Hastings District,Nil,0.0,0.0,0.0,0.0,0.0,0.0,Open,0.0,0.0,0.0,Fine