OBJECTID,X,Y,areaUnitID,bicycle,bus,carStationWagon,crashDirectionDescription,crashFinancialYear,crashLocation1,crashLocation2,crashSeverity,crashSHDescription,crashYear,directionRoleDescription,fatalCount,fence,flatHill,guardRail,holiday,houseOrBuilding,kerb,light,meshblockId,minorInjuryCount,moped,motorcycle,NumberOfLanes,otherVehicleType,parkedVehicle,pedestrian,region,roadCharacter,roadLane,roadSurface,schoolBus,seriousInjuryCount,slipOrFlood,speedLimit,strayAnimal,streetLight,suv,taxi,temporarySpeedLimit,tlaId,tlaName,trafficControl,trafficIsland,trafficSign,train,tree,truck,unknownVehicleType,urban,vanOrUtility,vehicle,waterRiver,weatherA
374878,1930835.0,5605863.0,548000.0,0.0,0.0,2.0,Null,2015/2016,CAROLINE ROAD,FREDERICK ST,Non-Injury Crash,No,2016,North,0.0,,Flat,,,,,Dark,1495400.0,0.0,0.0,0.0,2.0,0.0,,,Hawke's Bay Region,Nil,2-way,Sealed,0.0,0.0,,50.0,,On,0.0,0.0,,30.0,Hastings District,Give way,,,,,0.0,0.0,Urban,0.0,,,Fine
252362,1929986.0,5604188.0,548300.0,0.0,0.0,2.0,East,2004/2005,BULLER ST,WILLOWPARK ROAD SOUTH,Non-Injury Crash,No,2004,North,0.0,0.0,Flat,0.0,,0.0,0.0,Twilight,1501600.0,0.0,0.0,0.0,2.0,0.0,1.0,,Hawke's Bay Region,Nil,2-way,Sealed,0.0,0.0,0.0,50.0,0.0,Off,0.0,0.0,,30.0,Hastings District,Give way,0.0,0.0,0.0,0.0,0.0,0.0,Urban,0.0,0.0,0.0,Fine
553851,1930033.0,5604425.0,548200.0,0.0,0.0,2.0,South,2017/2018,EASTBOURNE ST EAST,HASTINGS ST SOUTH,Non-Injury Crash,No,2017,West,0.0,0.0,Flat,0.0,,0.0,0.0,Bright sun,1493800.0,0.0,0.0,0.0,2.0,0.0,1.0,,Hawke's Bay Region,Nil,2-way,Sealed,0.0,0.0,0.0,50.0,0.0,Null,0.0,0.0,,30.0,Hastings District,Nil,0.0,0.0,0.0,0.0,0.0,0.0,Urban,0.0,0.0,0.0,Fine
18643,1929548.0,5604672.0,548200.0,0.0,0.0,1.0,Null,2008/2009,SOUTHAMPTON ST WEST,RAILWAY ROAD,Non-Injury Crash,No,2009,East,0.0,,Flat,,,,,Bright sun,1489700.0,0.0,0.0,0.0,2.0,0.0,,,Hawke's Bay Region,Nil,2-way,Sealed,0.0,0.0,,50.0,,Null,1.0,0.0,,30.0,Hastings District,Traffic Signals,,,,,0.0,0.0,Urban,0.0,,,Fine
464595,1917422.0,5592293.0,545851.0,0.0,0.0,2.0,South,2006/2007,SH 2,POUKAWA ROAD,Serious Crash,Yes,2007,South,0.0,,Flat,,,,,Bright sun,1464200.0,3.0,0.0,0.0,2.0,0.0,,,Hawke's Bay Region,Nil,2-way,Sealed,0.0,1.0,,100.0,,Null,0.0,0.0,,30.0,Hastings District,Nil,,,,,0.0,0.0,Open,0.0,,,Fine
711648,1928839.1408,5603897.1713,547900.0,0.0,0.0,2.0,Null,2018/2019,RAILWAY ROAD SOUTH,MURDOCH ROAD EAST,Non-Injury Crash,No,2019,North,0.0,,Flat,,,,,Overcast,1482600.0,0.0,0.0,0.0,2.0,0.0,,,Hawke's Bay Region,Rail xing,2-way,Sealed,0.0,0.0,,50.0,,None,1.0,0.0,,30.0,Hastings District,Stop,,,,,0.0,0.0,Urban,0.0,,,Mist or Fog
726846,1928777.0,5606261.0,548500.0,0.0,0.0,1.0,North,2004/2005,MARAEKAKAHO ROAD,ORCHARD ROAD,Non-Injury Crash,No,2005,South,0.0,,Flat,,,,,Overcast,1478800.0,0.0,0.0,0.0,2.0,0.0,,,Hawke's Bay Region,Nil,2-way,Sealed,0.0,0.0,,50.0,,Null,1.0,0.0,,30.0,Hastings District,Traffic Signals,,,,,0.0,0.0,Urban,0.0,,,Heavy rain
20759,1930083.0,5605168.0,548200.0,0.0,0.0,1.0,South,2010/2011,ST AUBYN ST EAST,CAROLINE ROAD,Minor Crash,No,2010,South,0.0,,Flat,,,,,Bright sun,1494100.0,1.0,0.0,0.0,4.0,0.0,,,Hawke's Bay Region,Nil,2-way,Sealed,0.0,0.0,,50.0,,Null,1.0,0.0,,30.0,Hastings District,Nil,,,,,0.0,0.0,Urban,0.0,,,Fine
321864,1924994.0,5608068.0,548611.0,0.0,0.0,1.0,West,2017/2018,MARGATE AVENUE,MARGATE PLACE,Non-Injury Crash,No,2018,West,0.0,1.0,Flat,0.0,,0.0,0.0,Bright sun,1473803.0,0.0,0.0,0.0,2.0,0.0,0.0,,Hawke's Bay Region,Nil,2-way,Sealed,0.0,0.0,0.0,50.0,0.0,Null,0.0,0.0,,30.0,Hastings District,Unknown,0.0,0.0,0.0,1.0,0.0,0.0,Urban,0.0,0.0,0.0,Fine
391358,1932861.0,5608088.0,545721.0,0.0,0.0,1.0,South,2013/2014,RUAHAPIA ROAD,OTENE ROAD,Non-Injury Crash,No,2013,South,0.0,1.0,Flat,0.0,,0.0,0.0,Dark,1471900.0,0.0,0.0,0.0,2.0,0.0,0.0,,Hawke's Bay Region,Nil,2-way,Sealed,0.0,0.0,0.0,80.0,0.0,None,0.0,0.0,,30.0,Hastings District,Nil,0.0,0.0,0.0,0.0,0.0,0.0,Open,0.0,0.0,0.0,Heavy rain
715379,1928526.0,5606525.0,548500.0,0.0,0.0,2.0,East,2001/2002,OMAHU ROAD,HAPUKA ST,Non-Injury Crash,No,2002,South,0.0,,Flat,,,,,Bright sun,1478700.0,0.0,0.0,0.0,2.0,0.0,,,Hawke's Bay Region,Nil,2-way,Sealed,0.0,0.0,,50.0,,Null,0.0,0.0,,30.0,Hastings District,Nil,,,,,0.0,0.0,Urban,0.0,,,Fine
130770,1929634.0,5605762.0,548200.0,0.0,0.0,2.0,Null,2013/2014,ST AUBYN ST WEST,TOMOANA ROAD,Non-Injury Crash,No,2013,East,0.0,,Flat,,,,,Dark,1490300.0,0.0,0.0,0.0,2.0,0.0,,,Hawke's Bay Region,Nil,2-way,Sealed,0.0,0.0,,50.0,,On,0.0,0.0,,30.0,Hastings District,Traffic Signals,,,,,0.0,0.0,Urban,0.0,,,Light rain
384301,1930472.0,5607553.0,545721.0,0.0,0.0,1.0,Null,2015/2016,PAKOWHAI ROAD,EVENDEN ROAD,Minor Crash,No,2015,South,0.0,0.0,Flat,0.0,,0.0,1.0,Overcast,1471401.0,1.0,0.0,0.0,1.0,0.0,0.0,,Hawke's Bay Region,Nil,1-way,Sealed,0.0,0.0,0.0,50.0,0.0,Null,0.0,0.0,,30.0,Hastings District,Give way,0.0,0.0,0.0,0.0,0.0,0.0,Urban,0.0,0.0,0.0,Light rain
71565,1929645.0,5604943.0,548200.0,0.0,1.0,1.0,Null,2004/2005,EASTBOURNE ST WEST,MARKET ST SOUTH,Non-Injury Crash,No,2004,West,0.0,,Flat,,,,,Bright sun,1489600.0,0.0,0.0,0.0,2.0,0.0,,,Hawke's Bay Region,Nil,2-way,Sealed,0.0,0.0,,50.0,,Null,0.0,0.0,,30.0,Hastings District,Give way,,,,,0.0,0.0,Urban,0.0,,,Fine
384696,1927607.0,5607382.0,548500.0,0.0,0.0,2.0,Null,2017/2018,OMAHU ROAD,SH 50A,Non-Injury Crash,Yes,2017,South,0.0,,Flat,,,,,Overcast,1477900.0,0.0,0.0,0.0,2.0,0.0,,,Hawke's Bay Region,Nil,2-way,Sealed,0.0,0.0,,50.0,,Off,0.0,0.0,,30.0,Hastings District,Give way,,,,,0.0,0.0,Urban,0.0,,,Fine
414228,1930279.0,5605099.0,548200.0,0.0,0.0,1.0,Null,2003/2004,KARAMU ROAD NORTH,ELLISON ROAD,Non-Injury Crash,No,2004,South,0.0,,Flat,,,,,Overcast,1494100.0,0.0,0.0,0.0,2.0,0.0,,,Hawke's Bay Region,Nil,2-way,Sealed,0.0,0.0,,50.0,,Null,0.0,0.0,,30.0,Hastings District,Nil,,,,,1.0,0.0,Urban,0.0,,,Fine
351109,1931038.0,5605564.0,548000.0,0.0,0.0,1.0,Null,2015/2016,KARAMU ROAD NORTH,GROVE ROAD,Non-Injury Crash,No,2016,East,0.0,,Flat,,,,,Bright sun,1495700.0,0.0,0.0,0.0,2.0,0.0,,,Hawke's Bay Region,Nil,2-way,Sealed,0.0,0.0,,50.0,,Null,1.0,0.0,30.0,30.0,Hastings District,Nil,,,,,0.0,0.0,Urban,0.0,,,Fine
686904,1931038.0,5605564.0,548000.0,0.0,0.0,0.0,Null,2013/2014,KARAMU ROAD NORTH,FREDERICK ST,Minor Crash,No,2014,West,0.0,,Flat,,,,,Overcast,1495700.0,1.0,0.0,0.0,3.0,0.0,,1.0,Hawke's Bay Region,Nil,2-way,Sealed,0.0,0.0,,50.0,,Null,0.0,0.0,,30.0,Hastings District,Traffic Signals,,,,,0.0,0.0,Urban,1.0,,,Fine
438530,1935103.0,5606499.0,545750.0,0.0,0.0,1.0,East,2003/2004,TE MATA MANGATERETERE ROA,LAWN ROAD,Non-Injury Crash,No,2004,North,0.0,0.0,Flat,0.0,,0.0,0.0,Bright sun,1406600.0,0.0,0.0,0.0,2.0,0.0,0.0,,Hawke's Bay Region,Nil,2-way,Unsealed,0.0,0.0,0.0,100.0,0.0,Null,0.0,0.0,30.0,30.0,Hastings District,Nil,0.0,0.0,0.0,0.0,0.0,0.0,Open,0.0,0.0,0.0,Fine
94884,1927577.0,5607439.0,548400.0,0.0,0.0,2.0,Null,2010/2011,SH 50A,OMAHU ROAD,Non-Injury Crash,Yes,2010,South,0.0,,Flat,,,,,Bright sun,1473600.0,0.0,0.0,0.0,4.0,0.0,,,Hawke's Bay Region,Nil,2-way,Sealed,0.0,0.0,,100.0,,Null,0.0,0.0,,30.0,Hastings District,Give way,,,,,0.0,0.0,Open,0.0,,,Fine
406054,1926207.0,5636173.0,545811.0,0.0,0.0,0.0,Null,2009/2010,SH 5,LUCKY HILL BR,Non-Injury Crash,Yes,2010,North,0.0,0.0,Flat,0.0,,0.0,0.0,Bright sun,1414800.0,0.0,0.0,1.0,2.0,0.0,0.0,,Hawke's Bay Region,Bridge,2-way,Sealed,0.0,0.0,0.0,100.0,0.0,Null,0.0,0.0,,30.0,Hastings District,Nil,0.0,0.0,0.0,0.0,0.0,0.0,Open,0.0,0.0,0.0,Fine
40843,1929367.0,5604909.0,548200.0,0.0,0.0,2.0,Null,2014/2015,SOUTHAMPTON ST WEST,KING ST SOUTH,Non-Injury Crash,No,2014,West,0.0,,Flat,,,,,Overcast,1489100.0,0.0,0.0,0.0,2.0,0.0,,,Hawke's Bay Region,Nil,2-way,Sealed,0.0,0.0,,50.0,,Null,0.0,0.0,,30.0,Hastings District,Give way,,,,,0.0,0.0,Urban,0.0,,,Fine
129518,1926554.0,5606092.0,545761.0,0.0,0.0,1.0,East,2018/2019,YORK ROAD,SH 50A,Non-Injury Crash,No,2018,North,0.0,0.0,Flat,0.0,,0.0,0.0,Overcast,1469905.0,0.0,0.0,0.0,2.0,0.0,0.0,,Hawke's Bay Region,Nil,2-way,Sealed,0.0,0.0,0.0,80.0,0.0,Null,0.0,0.0,,30.0,Hastings District,Unknown,0.0,1.0,0.0,0.0,0.0,0.0,Open,0.0,0.0,0.0,Fine
234866,1923509.0,5614977.0,545821.0,0.0,0.0,1.0,North,2003/2004,SWAMP ROAD,PIRAU ROAD,Non-Injury Crash,No,2004,South,0.0,0.0,Flat,0.0,,0.0,0.0,Dark,1408600.0,0.0,0.0,0.0,2.0,0.0,0.0,,Hawke's Bay Region,Nil,2-way,Sealed,0.0,0.0,0.0,100.0,0.0,None,0.0,0.0,,30.0,Hastings District,Nil,0.0,0.0,0.0,0.0,0.0,0.0,Open,0.0,0.0,0.0,Fine
315545,1928929.0,5605469.0,547700.0,0.0,0.0,2.0,East,2007/2008,SOUTHAMPTON ST WEST,PEPPER ST,Non-Injury Crash,No,2007,West,0.0,0.0,Flat,0.0,,0.0,0.0,Dark,1487500.0,0.0,0.0,0.0,2.0,0.0,1.0,,Hawke's Bay Region,Nil,2-way,Sealed,0.0,0.0,0.0,50.0,0.0,On,0.0,0.0,,30.0,Hastings District,Nil,0.0,0.0,0.0,0.0,0.0,0.0,Urban,0.0,0.0,0.0,Fine
51792,1931019.0,5604980.0,548000.0,0.0,0.0,1.0,Null,2007/2008,JERVOIS ST,WILLOWPARK ROAD NORTH,Non-Injury Crash,No,2007,East,0.0,0.0,Flat,0.0,,0.0,0.0,Overcast,1497600.0,0.0,0.0,0.0,2.0,0.0,1.0,,Hawke's Bay Region,Nil,2-way,Sealed,0.0,0.0,0.0,50.0,0.0,Null,1.0,0.0,,30.0,Hastings District,Give way,0.0,0.0,0.0,0.0,0.0,0.0,Urban,0.0,0.0,0.0,Light rain
27893,1926041.0,5613227.0,545822.0,0.0,0.0,1.0,West,2009/2010,SH 50,OMARUNUI ROAD,Non-Injury Crash,Yes,2010,East,0.0,1.0,Flat,0.0,,0.0,0.0,Overcast,1408800.0,0.0,0.0,0.0,2.0,0.0,0.0,,Hawke's Bay Region,Nil,2-way,Sealed,0.0,0.0,0.0,100.0,0.0,Null,0.0,0.0,,30.0,Hastings District,Nil,0.0,0.0,0.0,0.0,0.0,0.0,Open,0.0,0.0,0.0,Fine
346174,1920266.0,5604721.0,545841.0,0.0,0.0,1.0,West,2000/2001,MARAEKAKAHO ROAD,RAUKAWA ROAD,Serious Crash,No,2000,West,0.0,,Flat,,,,,Bright sun,1463000.0,0.0,0.0,1.0,2.0,0.0,,,Hawke's Bay Region,Nil,2-way,Sealed,0.0,1.0,,100.0,,Null,0.0,0.0,,30.0,Hastings District,Nil,,,,,0.0,0.0,Open,0.0,,,Fine
331933,1928068.0,5605713.0,547900.0,0.0,0.0,1.0,North,2003/2004,MARAEKAKAHO ROAD,KAIAPO ROAD,Non-Injury Crash,No,2004,North,0.0,0.0,Flat,0.0,,0.0,0.0,Bright sun,1469802.0,0.0,0.0,0.0,2.0,0.0,1.0,,Hawke's Bay Region,Nil,2-way,Sealed,0.0,0.0,0.0,50.0,0.0,Null,0.0,0.0,,30.0,Hastings District,Nil,0.0,0.0,0.0,0.0,1.0,0.0,Urban,0.0,0.0,0.0,Fine
267846,1929346.0,5605496.0,547700.0,0.0,0.0,1.0,Null,2003/2004,Z CPK PAK N SAVE,CHARLES/HERETAUNGA,Non-Injury Crash,No,2003,North,0.0,0.0,Flat,0.0,,0.0,0.0,Overcast,1487700.0,0.0,0.0,0.0,0.0,0.0,1.0,,Hawke's Bay Region,Nil,Off road,Sealed,0.0,0.0,0.0,50.0,0.0,Null,0.0,0.0,,30.0,Hastings District,Nil,0.0,0.0,0.0,0.0,0.0,0.0,Urban,1.0,0.0,0.0,Fine
130900,1929465.0,5604983.0,548200.0,0.0,0.0,2.0,Null,2017/2018,KING ST SOUTH,LYNDON ROAD WEST,Non-Injury Crash,No,2017,North,0.0,,Flat,,,,,Bright sun,1489801.0,0.0,0.0,0.0,2.0,0.0,,,Hawke's Bay Region,Nil,2-way,Sealed,0.0,0.0,,50.0,,Null,0.0,0.0,,30.0,Hastings District,Give way,,,,,0.0,0.0,Urban,0.0,,,Fine
234641,1924928.0,5606660.0,548620.0,0.0,0.0,0.0,Null,2010/2011,SUNDERLAND DRIVE,SWANSEA ROAD,Non-Injury Crash,No,2011,East,0.0,1.0,Flat,0.0,,1.0,0.0,Twilight,1473700.0,0.0,0.0,0.0,2.0,0.0,0.0,,Hawke's Bay Region,Nil,2-way,Sealed,0.0,0.0,0.0,50.0,0.0,On,0.0,0.0,,30.0,Hastings District,Give way,0.0,0.0,0.0,0.0,0.0,0.0,Urban,1.0,0.0,0.0,Fine
74184,1928789.0,5606266.0,547700.0,0.0,0.0,1.0,Null,2009/2010,HERETAUNGA ST WEST,MARAEKAKAHO ROAD,Non-Injury Crash,No,2010,South,0.0,0.0,Flat,0.0,,0.0,0.0,Twilight,1486600.0,0.0,0.0,0.0,2.0,0.0,0.0,,Hawke's Bay Region,Nil,2-way,Sealed,0.0,0.0,0.0,50.0,0.0,On,0.0,0.0,,30.0,Hastings District,Give way,0.0,1.0,0.0,0.0,0.0,0.0,Urban,0.0,0.0,0.0,Mist or Fog
730887,1929212.0,5605717.0,547700.0,1.0,0.0,1.0,North,1999/2000,HERETAUNGA ST WEST,MCLEAN ST,Serious Crash,No,2000,South,0.0,0.0,Flat,0.0,,0.0,0.0,Bright sun,1487800.0,0.0,0.0,0.0,2.0,0.0,0.0,,Hawke's Bay Region,Nil,2-way,Sealed,0.0,1.0,0.0,50.0,0.0,Null,0.0,0.0,,30.0,Hastings District,Nil,0.0,0.0,0.0,0.0,0.0,0.0,Urban,1.0,1.0,0.0,Fine
503857,1934019.0,5601933.0,548831.0,0.0,0.0,1.0,West,2012/2013,TE MATA ROAD,JAMES COOK ST,Minor Crash,No,2013,East,0.0,,Hill Road,,,,,Bright sun,1510100.0,1.0,1.0,0.0,2.0,0.0,,,Hawke's Bay Region,Nil,2-way,Sealed,0.0,0.0,,50.0,,Null,0.0,0.0,,30.0,Hastings District,Nil,,,,,0.0,0.0,Urban,0.0,,,Fine
421891,1923053.0,5596517.0,545851.0,0.0,0.0,0.0,South,2011/2012,SH 2,STOCK ROAD,Serious Crash,Yes,2012,North,0.0,,Flat,,,,,Overcast,1463900.0,0.0,0.0,0.0,2.0,0.0,,,Hawke's Bay Region,Nil,2-way,Sealed,0.0,1.0,,100.0,,Null,1.0,0.0,,30.0,Hastings District,Nil,,,,,0.0,0.0,Open,0.0,,,Fine
457562,1928514.4658,5606536.0992,548500.0,0.0,0.0,1.0,Null,2018/2019,OMAHU ROAD,HAPUKU STREET,Minor Crash,No,2019,South,0.0,,Flat,,,,,Bright sun,1478700.0,1.0,0.0,0.0,2.0,0.0,,1.0,Hawke's Bay Region,Nil,2-way,Sealed,0.0,0.0,,50.0,,Null,0.0,0.0,,30.0,Hastings District,Nil,,,,,0.0,0.0,Urban,0.0,,,Fine
711176,1932606.0,5606198.0,545721.0,0.0,0.0,2.0,Null,2002/2003,SH 2,ST GEORGES ROAD,Serious Crash,Yes,2002,West,0.0,,Flat,,,,,Overcast,1472300.0,1.0,0.0,0.0,2.0,0.0,,,Hawke's Bay Region,Nil,2-way,Sealed,0.0,2.0,,70.0,,Null,0.0,0.0,,30.0,Hastings District,Give way,,,,,0.0,0.0,Urban,0.0,,,Fine
351741,1931167.0,5600332.0,545762.0,0.0,0.0,2.0,North,2017/2018,GILPIN ROAD,MIDDLE ROAD,Minor Crash,No,2018,North,0.0,0.0,Flat,0.0,,0.0,0.0,Bright sun,1465503.0,2.0,0.0,0.0,2.0,0.0,0.0,,Hawke's Bay Region,Nil,2-way,Sealed,0.0,0.0,0.0,100.0,0.0,Null,0.0,0.0,,30.0,Hastings District,Unknown,0.0,0.0,0.0,0.0,0.0,0.0,Open,0.0,0.0,0.0,Fine
513400,1931434.0,5612933.0,545832.0,0.0,0.0,1.0,South,2003/2004,PAKOWHAI ROAD,ALLEN ROAD,Non-Injury Crash,No,2003,North,0.0,0.0,Flat,0.0,Christmas New Year,0.0,0.0,Dark,1403900.0,0.0,0.0,0.0,2.0,0.0,0.0,,Hawke's Bay Region,Nil,2-way,Sealed,0.0,0.0,0.0,100.0,0.0,None,0.0,0.0,,30.0,Hastings District,Nil,0.0,0.0,0.0,0.0,0.0,0.0,Open,0.0,0.0,0.0,Fine
654153,1932702.0,5611843.0,545832.0,0.0,0.0,2.0,Null,2006/2007,BROOKFIELDS ROAD,GILBERTSON ROAD,Non-Injury Crash,No,2006,South,0.0,,Flat,,,,,Bright sun,1403900.0,0.0,0.0,0.0,2.0,0.0,,,Hawke's Bay Region,Nil,2-way,Sealed,0.0,0.0,,100.0,,Null,0.0,0.0,,30.0,Hastings District,Give way,,,,,0.0,0.0,Open,0.0,,,Fine
374674,1924481.0,5597457.0,545851.0,0.0,0.0,1.0,South,2004/2005,SH 2,STOCK ROAD,Non-Injury Crash,Yes,2004,North,0.0,1.0,Flat,0.0,,0.0,0.0,Overcast,1463900.0,0.0,0.0,0.0,2.0,0.0,0.0,,Hawke's Bay Region,Nil,2-way,Sealed,0.0,0.0,0.0,100.0,0.0,Null,0.0,0.0,,30.0,Hastings District,Nil,0.0,0.0,0.0,0.0,0.0,0.0,Open,0.0,0.0,0.0,Light rain
302877,1929560.0,5605258.0,548200.0,0.0,0.0,1.0,Null,2007/2008,HERETAUNGA ST WEST,NELSON ST SOUTH,Non-Injury Crash,No,2008,South,0.0,,Flat,,,,,Bright sun,1490100.0,0.0,0.0,0.0,4.0,0.0,,,Hawke's Bay Region,Nil,2-way,Sealed,0.0,0.0,,50.0,,Null,1.0,0.0,,30.0,Hastings District,Traffic Signals,,,,,0.0,0.0,Urban,0.0,,,Fine
420570,1930454.0,5613650.0,545831.0,0.0,0.0,0.0,East,2017/2018,SH 50,FRANKLIN ROAD,Non-Injury Crash,Yes,2018,West,0.0,0.0,Flat,0.0,,0.0,0.0,Dark,1404600.0,0.0,0.0,0.0,2.0,0.0,0.0,,Hawke's Bay Region,Nil,2-way,Sealed,0.0,0.0,0.0,100.0,0.0,None,1.0,0.0,50.0,30.0,Hastings District,Unknown,0.0,0.0,0.0,0.0,0.0,0.0,Open,0.0,0.0,0.0,Fine
565153,1894584.0,5626044.0,545913.0,0.0,0.0,0.0,West,2016/2017,GLENROSS ROAD,TAIHAPE ROAD,Minor Crash,No,2016,South,0.0,0.0,Hill Road,0.0,,0.0,0.0,Dark,1409900.0,2.0,0.0,0.0,2.0,0.0,0.0,,Hawke's Bay Region,Nil,2-way,Sealed,0.0,0.0,0.0,100.0,0.0,None,0.0,0.0,,30.0,Hastings District,Unknown,0.0,0.0,0.0,0.0,0.0,0.0,Open,1.0,0.0,0.0,Fine
647327,1908782.0,5664594.0,545911.0,0.0,0.0,1.0,South,2012/2013,SH 5,KOWARO ROADWAY,Non-Injury Crash,Yes,2012,North,0.0,0.0,Hill Road,0.0,,0.0,0.0,Bright sun,1414300.0,0.0,0.0,0.0,3.0,0.0,0.0,,Hawke's Bay Region,Nil,2-way,Sealed,0.0,0.0,0.0,100.0,0.0,Null,0.0,0.0,30.0,30.0,Hastings District,Nil,0.0,0.0,0.0,0.0,0.0,0.0,Open,1.0,1.0,0.0,Fine
438792,1930795.0,5604810.0,548100.0,0.0,0.0,2.0,Null,2016/2017,ALBERT ST,WILLOWPARK ROAD,Non-Injury Crash,No,2017,West,0.0,1.0,Flat,0.0,,0.0,0.0,Bright sun,1499700.0,0.0,0.0,0.0,2.0,0.0,0.0,,Hawke's Bay Region,Nil,2-way,Sealed,0.0,0.0,0.0,50.0,0.0,Null,0.0,0.0,,30.0,Hastings District,Give way,0.0,0.0,0.0,0.0,0.0,0.0,Urban,0.0,0.0,0.0,Fine
169039,1928310.0,5605897.0,548500.0,0.0,0.0,1.0,Null,2004/2005,MARAEKAKAHO ROAD,FRANCIS HICKS AVENUE,Non-Injury Crash,No,2005,East,0.0,1.0,Flat,0.0,Easter,0.0,0.0,Dark,1479600.0,0.0,0.0,0.0,2.0,0.0,0.0,,Hawke's Bay Region,Nil,2-way,Sealed,0.0,0.0,0.0,50.0,0.0,On,0.0,0.0,,30.0,Hastings District,Give way,0.0,0.0,0.0,1.0,0.0,0.0,Urban,0.0,0.0,0.0,Light rain
13135,1929914.0,5606275.0,547600.0,1.0,0.0,1.0,South,2008/2009,YORK ST,GRAYS ROAD,Non-Injury Crash,No,2009,North,0.0,,Hill Road,,,,,Overcast,1484200.0,0.0,0.0,0.0,2.0,0.0,,,Hawke's Bay Region,Nil,2-way,Sealed,0.0,0.0,,50.0,,Null,0.0,0.0,,30.0,Hastings District,Nil,,,,,0.0,0.0,Urban,0.0,,,Fine
711598,1930257.0,5604934.0,548200.0,0.0,0.0,2.0,Null,1999/2000,ST AUBYN ST EAST,WARREN ST NORTH,Non-Injury Crash,No,2000,East,0.0,,Flat,,,,,Bright sun,1493501.0,0.0,0.0,0.0,4.0,0.0,,,Hawke's Bay Region,Nil,2-way,Sealed,0.0,0.0,,50.0,,Null,0.0,0.0,,30.0,Hastings District,Give way,,,,,0.0,0.0,Urban,0.0,,,Fine
659015,1930213.0,5603601.0,548300.0,0.0,0.0,1.0,East,2013/2014,PARK ROAD SOUTH,OUTRAM ROAD,Serious Crash,No,2014,East,0.0,,Flat,,,,,Bright sun,1501700.0,0.0,0.0,1.0,2.0,0.0,,,Hawke's Bay Region,Nil,2-way,Sealed,0.0,1.0,,50.0,,Null,0.0,0.0,,30.0,Hastings District,Nil,,,,,0.0,0.0,Urban,0.0,,,Fine
86573,1930214.0,5604383.0,548200.0,1.0,0.0,1.0,Null,2010/2011,WILLOWPARK ROAD SOUTH,HERETAUNGA ST EAST,Minor Crash,No,2011,East,0.0,,Flat,,,,,Bright sun,1493800.0,1.0,0.0,0.0,2.0,0.0,,,Hawke's Bay Region,Nil,2-way,Sealed,0.0,0.0,,50.0,,Null,0.0,0.0,,30.0,Hastings District,Give way,,,,,0.0,0.0,Urban,0.0,,,Fine
308053,1926584.0,5619021.0,545821.0,0.0,0.0,1.0,West,1999/2000,PUKETAPU ROAD,SPRINGFIELD ROAD,Non-Injury Crash,No,2000,West,0.0,1.0,Flat,0.0,,0.0,0.0,Dark,1411000.0,0.0,0.0,0.0,2.0,0.0,0.0,,Hawke's Bay Region,Nil,2-way,Sealed,0.0,0.0,0.0,100.0,0.0,None,0.0,0.0,,30.0,Hastings District,Nil,0.0,0.0,0.0,0.0,0.0,0.0,Open,0.0,0.0,0.0,Fine
677961,1926812.0,5604765.0,545761.0,0.0,0.0,1.0,Null,2006/2007,MARAEKAKAHO ROAD,HEATHCOTE ROAD,Minor Crash,No,2006,South,0.0,,Flat,,,,,Dark,1468801.0,2.0,0.0,1.0,2.0,0.0,,,Hawke's Bay Region,Nil,2-way,Sealed,0.0,0.0,,100.0,,On,0.0,0.0,,30.0,Hastings District,Stop,,,,,0.0,0.0,Open,0.0,,,Fine
742579,1930559.0,5603963.0,548100.0,0.0,0.0,2.0,North,2004/2005,HERETAUNGA ST EAST,PARK ROAD SOUTH,Non-Injury Crash,No,2005,North,0.0,0.0,Flat,0.0,,0.0,0.0,Bright sun,1501200.0,0.0,0.0,0.0,2.0,0.0,1.0,,Hawke's Bay Region,Nil,2-way,Sealed,0.0,0.0,0.0,50.0,0.0,Null,0.0,0.0,,30.0,Hastings District,Nil,0.0,0.0,0.0,0.0,0.0,0.0,Urban,0.0,0.0,0.0,Fine
1177,1929730.0,5605184.0,548200.0,0.0,0.0,1.0,West,2015/2016,KING ST NORTH,QUEEN ST WEST,Non-Injury Crash,No,2016,West,0.0,0.0,Flat,0.0,,0.0,0.0,Bright sun,1490700.0,0.0,0.0,0.0,2.0,0.0,1.0,,Hawke's Bay Region,Nil,2-way,Sealed,0.0,0.0,0.0,50.0,0.0,Null,0.0,0.0,,30.0,Hastings District,Unknown,0.0,0.0,0.0,0.0,0.0,0.0,Urban,1.0,0.0,0.0,Fine
76322,1929373.0,5605307.0,548200.0,0.0,0.0,2.0,Null,2011/2012,SOUTHLAND ROAD,EASTBOURNE ST WEST,Minor Crash,No,2011,North,0.0,,Flat,,,,,Bright sun,1488800.0,1.0,0.0,0.0,2.0,0.0,,,Hawke's Bay Region,Nil,2-way,Sealed,0.0,0.0,,50.0,,Null,0.0,0.0,,30.0,Hastings District,Give way,,,,,0.0,0.0,Urban,0.0,,,Fine
85415,1928113.0,5606927.0,547800.0,0.0,0.0,1.0,Null,2005/2006,OMAHU ROAD,NOTTINGLEY ROAD,Non-Injury Crash,No,2005,East,0.0,,Flat,,,,,Overcast,1476700.0,0.0,0.0,0.0,2.0,0.0,,,Hawke's Bay Region,Nil,2-way,Sealed,0.0,0.0,,50.0,,Null,1.0,0.0,,30.0,Hastings District,Give way,,,,,0.0,0.0,Urban,0.0,,,Light rain