OBJECTID,X,Y,areaUnitID,bicycle,bus,carStationWagon,crashDirectionDescription,crashFinancialYear,crashLocation1,crashLocation2,crashSeverity,crashSHDescription,crashYear,directionRoleDescription,fatalCount,fence,flatHill,guardRail,holiday,houseOrBuilding,kerb,light,meshblockId,minorInjuryCount,moped,motorcycle,NumberOfLanes,otherVehicleType,parkedVehicle,pedestrian,region,roadCharacter,roadLane,roadSurface,schoolBus,seriousInjuryCount,slipOrFlood,speedLimit,strayAnimal,streetLight,suv,taxi,temporarySpeedLimit,tlaId,tlaName,trafficControl,trafficIsland,trafficSign,train,tree,truck,unknownVehicleType,urban,vanOrUtility,vehicle,waterRiver,weatherA
728836,1923717.0,5607300.0,548611.0,0.0,0.0,0.0,Null,2004/2005,PORTSMOUTH ROAD,DIAZ DRIVE,Serious Crash,No,2005,South,0.0,0.0,Flat,0.0,,0.0,0.0,Bright sun,1473901.0,1.0,0.0,0.0,2.0,0.0,0.0,,Hawke's Bay Region,Nil,2-way,Sealed,0.0,1.0,0.0,50.0,0.0,Null,0.0,0.0,,30.0,Hastings District,Nil,0.0,0.0,0.0,1.0,0.0,0.0,Urban,1.0,0.0,0.0,Fine
538724,1919264.0,5646822.0,545811.0,0.0,0.0,0.0,East,2006/2007,SH 5,OLD TAUPO COACH ROAD,Non-Injury Crash,Yes,2007,East,0.0,0.0,Hill Road,0.0,,0.0,0.0,Dark,1414600.0,0.0,0.0,0.0,2.0,0.0,0.0,,Hawke's Bay Region,Nil,2-way,Sealed,0.0,0.0,0.0,100.0,0.0,None,0.0,0.0,,30.0,Hastings District,Nil,0.0,0.0,0.0,1.0,1.0,0.0,Open,0.0,0.0,0.0,Fine
649282,1936125.0,5599392.0,545851.0,0.0,0.0,2.0,East,2010/2011,WAIMARAMA ROAD,TE MATA ROAD,Serious Crash,No,2011,North,0.0,,Hill Road,,,,,Overcast,1467002.0,0.0,0.0,0.0,2.0,0.0,,,Hawke's Bay Region,Nil,2-way,Sealed,0.0,1.0,,100.0,,Null,0.0,0.0,,30.0,Hastings District,Nil,,,,,0.0,0.0,Open,0.0,,,Light rain
479996,1929410.0,5605456.0,548200.0,0.0,0.0,2.0,South,1999/2000,HERETAUNGA ST WEST,CHARLES ST,Non-Injury Crash,No,2000,West,0.0,,Flat,,,,,Overcast,1490100.0,0.0,0.0,0.0,2.0,0.0,,,Hawke's Bay Region,Nil,2-way,Sealed,0.0,0.0,,50.0,,Null,0.0,0.0,,30.0,Hastings District,Unknown,,,,,0.0,0.0,Urban,0.0,,,Fine
374011,1933616.0,5612732.0,545832.0,0.0,0.0,2.0,North,2013/2014,BROOKFIELDS ROAD,SISSONS ROAD,Non-Injury Crash,No,2013,North,0.0,,Flat,,,,,Bright sun,1403900.0,0.0,0.0,0.0,2.0,0.0,,,Hawke's Bay Region,Nil,2-way,Sealed,0.0,0.0,,100.0,,Null,0.0,1.0,,30.0,Hastings District,Nil,,,,,0.0,0.0,Open,1.0,,,Fine
26049,1929941.0,5603854.0,548300.0,0.0,0.0,2.0,South,2001/2002,RIVERSLEA ROAD SOUTH,OUTRAM ROAD,Non-Injury Crash,No,2001,South,0.0,0.0,Flat,0.0,,0.0,0.0,Bright sun,1504300.0,0.0,0.0,0.0,2.0,0.0,1.0,,Hawke's Bay Region,Nil,2-way,Sealed,0.0,0.0,0.0,50.0,0.0,Null,0.0,0.0,,30.0,Hastings District,Nil,0.0,0.0,0.0,0.0,0.0,0.0,Urban,0.0,0.0,0.0,Fine
511840,1930286.0,5606255.0,547600.0,0.0,0.0,2.0,Null,2015/2016,TOMOANA ROAD,CORNWALL ROAD,Non-Injury Crash,No,2016,North,0.0,,Flat,,,,,Bright sun,1484300.0,0.0,0.0,0.0,2.0,0.0,,,Hawke's Bay Region,Nil,2-way,Sealed,0.0,0.0,,50.0,,Null,0.0,0.0,,30.0,Hastings District,Nil,,,,,0.0,0.0,Urban,0.0,,,Fine
155271,1929352.0,5605500.0,547700.0,0.0,0.0,1.0,Null,2005/2006,Z CPK PAK N SAVE,CHARLES / HERETAUNGA,Non-Injury Crash,No,2006,West,0.0,0.0,Flat,0.0,,0.0,0.0,Bright sun,1487700.0,0.0,0.0,0.0,1.0,0.0,1.0,,Hawke's Bay Region,Nil,Off road,Sealed,0.0,0.0,0.0,50.0,0.0,Null,1.0,0.0,,30.0,Hastings District,Nil,0.0,0.0,0.0,0.0,0.0,0.0,Urban,0.0,0.0,0.0,Fine
393690,1930038.0,5605061.0,548200.0,0.0,0.0,2.0,Null,1999/2000,Z CPK K MART,RUSSELL AVE,Non-Injury Crash,No,2000,North,0.0,,Flat,,,,,Bright sun,1492300.0,0.0,0.0,0.0,1.0,0.0,,,Hawke's Bay Region,Nil,Off road,Sealed,0.0,0.0,,50.0,,Null,0.0,0.0,,30.0,Hastings District,Nil,,,,,0.0,0.0,Urban,0.0,,,Fine
127173,1932717.0,5601456.0,548832.0,0.0,0.0,1.0,East,2018/2019,CAMPBELL ST,JOLL ROAD,Non-Injury Crash,No,2018,West,0.0,1.0,Hill Road,0.0,,0.0,1.0,Bright sun,1508300.0,0.0,0.0,0.0,2.0,0.0,0.0,,Hawke's Bay Region,Nil,2-way,Sealed,0.0,0.0,0.0,50.0,0.0,Null,0.0,0.0,,30.0,Hastings District,Nil,0.0,0.0,0.0,1.0,0.0,0.0,Urban,0.0,0.0,0.0,Fine
346642,1925057.0,5604983.0,545842.0,0.0,0.0,2.0,South,2006/2007,STOCK ROAD,IRONGATE ROAD,Minor Crash,No,2007,North,0.0,,Flat,,,,,Bright sun,1470214.0,1.0,0.0,0.0,2.0,0.0,,,Hawke's Bay Region,Nil,2-way,Sealed,0.0,0.0,,100.0,,Null,0.0,0.0,,30.0,Hastings District,Nil,,,,,0.0,0.0,Open,0.0,,,Fine
38906,1929754.0,5605404.0,548200.0,0.0,0.0,2.0,Null,2005/2006,NELSON ST NORTH,AVENUE ROAD WEST,Minor Crash,No,2006,East,0.0,,Flat,,,,,Bright sun,1490300.0,1.0,0.0,0.0,3.0,0.0,,,Hawke's Bay Region,Nil,2-way,Sealed,0.0,0.0,,50.0,,Null,0.0,0.0,,30.0,Hastings District,Give way,,,,,0.0,0.0,Urban,0.0,,,Fine
533311,1929632.0,5604761.0,548200.0,0.0,0.0,2.0,Null,2006/2007,LYNDON ROAD WEST,LYNDON ROAD,Non-Injury Crash,No,2006,East,0.0,,Flat,,,,,Twilight,1489900.0,0.0,0.0,0.0,2.0,0.0,,,Hawke's Bay Region,Nil,2-way,Sealed,0.0,0.0,,50.0,,Off,0.0,0.0,,30.0,Hastings District,Stop,,,,,0.0,0.0,Urban,0.0,,,Fine
630523,1929431.0,5606034.0,547700.0,0.0,0.0,2.0,Null,2003/2004,ST AUBYN ST WEST,GRAYS ROAD,Non-Injury Crash,No,2004,East,0.0,,Flat,,,,,Bright sun,1488100.0,0.0,0.0,0.0,2.0,0.0,,,Hawke's Bay Region,Nil,2-way,Sealed,0.0,0.0,,50.0,,Null,0.0,0.0,,30.0,Hastings District,Give way,,,,,0.0,0.0,Urban,0.0,,,Fine
310595,1909327.0,5673043.0,545911.0,0.0,0.0,1.0,North,2014/2015,SH 5,TATARAAKINA ROAD,Minor Crash,Yes,2015,South,0.0,0.0,Flat,0.0,,0.0,0.0,Bright sun,1281200.0,1.0,0.0,0.0,2.0,0.0,0.0,,Hawke's Bay Region,Nil,2-way,Sealed,0.0,0.0,0.0,100.0,0.0,Null,0.0,0.0,,30.0,Hastings District,Nil,0.0,0.0,0.0,0.0,0.0,0.0,Open,0.0,0.0,0.0,Fine
247364,1928886.0,5606148.0,547700.0,1.0,0.0,1.0,East,2010/2011,HERETAUNGA ST WEST,STORTFORD ST,Serious Crash,No,2010,West,0.0,0.0,Flat,0.0,,0.0,0.0,Overcast,1486700.0,0.0,0.0,0.0,2.0,0.0,1.0,,Hawke's Bay Region,Nil,2-way,Sealed,0.0,1.0,0.0,50.0,0.0,Null,0.0,0.0,,30.0,Hastings District,Nil,0.0,0.0,0.0,0.0,0.0,0.0,Urban,0.0,0.0,0.0,Fine
10148,1929441.0,5608839.0,545710.0,0.0,0.0,2.0,Null,2005/2006,SH 50A,EVENDEN ROAD,Non-Injury Crash,Yes,2006,North,0.0,,Flat,,,,,Bright sun,1471201.0,0.0,0.0,0.0,2.0,0.0,,,Hawke's Bay Region,Nil,2-way,Sealed,0.0,0.0,,100.0,,Null,0.0,0.0,,30.0,Hastings District,Give way,,,,,0.0,0.0,Open,0.0,,,Fine
81112,1930204.0,5606483.0,547600.0,0.0,0.0,2.0,North,2008/2009,RANGIORA ST,MAIRANGI ST,Non-Injury Crash,No,2008,North,0.0,,Flat,,,,,Overcast,1484400.0,0.0,0.0,0.0,1.0,0.0,,,Hawke's Bay Region,Nil,2-way,Sealed,0.0,0.0,,50.0,,Null,0.0,0.0,,30.0,Hastings District,Nil,,,,,0.0,0.0,Urban,0.0,,,Light rain
346529,1928159.0,5603156.0,545761.0,0.0,0.0,1.0,South,2010/2011,RAILWAY ROAD SOUTH,FRANCE ROAD,Non-Injury Crash,No,2011,North,0.0,,Flat,,,,,Dark,1469000.0,0.0,0.0,0.0,2.0,0.0,,,Hawke's Bay Region,Nil,2-way,Sealed,0.0,0.0,,100.0,,None,0.0,0.0,,30.0,Hastings District,Nil,,,,,0.0,0.0,Open,0.0,,,Fine
364019,1931875.0,5607105.0,545721.0,0.0,0.0,2.0,South,2011/2012,ELWOOD ROAD,OTENE ROAD,Non-Injury Crash,No,2011,South,0.0,,Flat,,,,,Bright sun,1471700.0,0.0,0.0,0.0,2.0,0.0,,,Hawke's Bay Region,Nil,2-way,Sealed,0.0,0.0,,100.0,,Null,0.0,0.0,,30.0,Hastings District,Give way,,,,,0.0,0.0,Open,0.0,,,Fine
361015,1927635.0,5607391.0,547800.0,0.0,0.0,2.0,Null,2015/2016,OMAHU ROAD,SH 50A,Non-Injury Crash,No,2016,North,0.0,,Flat,,,,,Bright sun,1476600.0,0.0,0.0,0.0,4.0,0.0,,,Hawke's Bay Region,Nil,2-way,Sealed,0.0,0.0,,50.0,,Null,0.0,0.0,,30.0,Hastings District,Give way,,,,,0.0,0.0,Urban,0.0,,,Fine
289942,1931038.9899,5605563.5905,548000.0,0.0,0.0,0.0,Null,2019/2020,KARAMU ROAD NORTH,GROVE ROAD,Non-Injury Crash,No,2019,West,0.0,,Null,,,,,Overcast,1497100.0,0.0,0.0,0.0,3.0,0.0,,,Hawke's Bay Region,Nil,2-way,Sealed,0.0,0.0,,50.0,,Off,1.0,0.0,,30.0,Hastings District,Traffic Signals,,,,,0.0,0.0,Urban,0.0,,,Fine
300566,1929821.0,5604912.0,548200.0,0.0,0.0,1.0,Null,2007/2008,HERETAUNGA ST,RUSSELL ST NORTH,Minor Crash,No,2008,South,0.0,0.0,Flat,0.0,,1.0,0.0,Dark,1492100.0,1.0,0.0,0.0,2.0,0.0,0.0,,Hawke's Bay Region,Nil,2-way,Sealed,0.0,0.0,0.0,50.0,0.0,On,0.0,0.0,,30.0,Hastings District,Nil,0.0,0.0,0.0,0.0,0.0,0.0,Urban,0.0,0.0,0.0,Light rain
727760,1931313.0,5604676.0,548000.0,0.0,0.0,2.0,North,2017/2018,SYLVAN ROAD,JERVOIS ST,Non-Injury Crash,No,2017,North,0.0,0.0,Flat,0.0,,0.0,0.0,Overcast,1497800.0,0.0,0.0,0.0,2.0,0.0,1.0,,Hawke's Bay Region,Nil,2-way,Sealed,0.0,0.0,0.0,50.0,0.0,Null,0.0,0.0,,30.0,Hastings District,Unknown,0.0,0.0,0.0,0.0,0.0,0.0,Urban,0.0,0.0,0.0,Fine
91390,1937008.0,5613260.0,545832.0,0.0,0.0,3.0,South,2010/2011,SH 2,WAITANGI ROAD,Minor Crash,Yes,2010,North,0.0,,Flat,,,,,Overcast,1404000.0,2.0,0.0,0.0,2.0,0.0,,,Hawke's Bay Region,Nil,2-way,Sealed,0.0,0.0,,100.0,,Null,0.0,0.0,,30.0,Hastings District,Nil,,,,,0.0,0.0,Open,0.0,,,Fine
467120,1926543.0,5607987.0,548400.0,0.0,1.0,1.0,East,2017/2018,OMAHU ROAD,HENDERSON ROAD,Non-Injury Crash,No,2017,West,0.0,0.0,Flat,0.0,,0.0,0.0,Overcast,1473400.0,0.0,0.0,0.0,2.0,0.0,0.0,,Hawke's Bay Region,Nil,2-way,Sealed,0.0,0.0,0.0,50.0,0.0,Off,0.0,0.0,,30.0,Hastings District,Unknown,0.0,0.0,0.0,0.0,0.0,0.0,Urban,0.0,1.0,0.0,Fine
252850,1936776.8012,5612678.1467,545832.0,0.0,0.0,2.0,South,2019/2020,SH 51,NGARURORO BR,Non-Injury Crash,Yes,2020,North,0.0,,Flat,,,,,Bright sun,1404200.0,0.0,0.0,0.0,2.0,0.0,,,Hawke's Bay Region,Nil,2-way,Sealed,0.0,0.0,,100.0,,None,0.0,0.0,,30.0,Hastings District,Unknown,,,,,0.0,0.0,Open,0.0,,,Fine
278396,1923132.0,5612524.0,545822.0,0.0,0.0,1.0,North,2010/2011,SWAMP ROAD,TAIHAPE ROAD,Non-Injury Crash,No,2011,North,0.0,0.0,Flat,0.0,,0.0,0.0,Bright sun,1408402.0,0.0,0.0,0.0,2.0,0.0,0.0,,Hawke's Bay Region,Nil,2-way,Sealed,0.0,0.0,0.0,100.0,0.0,Null,0.0,0.0,,30.0,Hastings District,Nil,0.0,0.0,0.0,0.0,0.0,0.0,Open,0.0,0.0,0.0,Fine
45057,1931438.0,5605808.0,548000.0,0.0,0.0,2.0,Null,2006/2007,KARAMU ROAD NORTH,COLLINGE ROAD,Minor Crash,No,2006,North,0.0,,Flat,,,,,Bright sun,1496700.0,2.0,0.0,0.0,2.0,0.0,,,Hawke's Bay Region,Nil,2-way,Sealed,0.0,0.0,,50.0,,Null,0.0,0.0,,30.0,Hastings District,Give way,,,,,0.0,0.0,Urban,0.0,,,Fine
123677,1929440.0,5603447.0,548300.0,0.0,0.0,1.0,North,2003/2004,RIVERSLEA ROAD SOUTH,MURDOCH ROAD EAST,Serious Crash,No,2004,North,0.0,1.0,Flat,0.0,,0.0,0.0,Bright sun,1503800.0,0.0,0.0,0.0,2.0,0.0,0.0,,Hawke's Bay Region,Nil,2-way,Sealed,0.0,1.0,0.0,50.0,0.0,Null,0.0,0.0,,30.0,Hastings District,Nil,0.0,0.0,0.0,1.0,0.0,0.0,Urban,0.0,0.0,0.0,Fine
124260,1929953.0,5604937.0,548200.0,0.0,0.0,1.0,East,2006/2007,QUEEN ST EAST,RUSSELL ST NORTH,Non-Injury Crash,No,2006,South,0.0,,Flat,,,,,Bright sun,1492100.0,0.0,0.0,0.0,2.0,0.0,,,Hawke's Bay Region,Nil,2-way,Sealed,0.0,0.0,,50.0,,Null,1.0,0.0,,30.0,Hastings District,Nil,,,,,0.0,0.0,Urban,0.0,,,Fine
388243,1933339.0,5608868.0,545722.0,0.0,0.0,1.0,North,2012/2013,JOHNSTON WAY,RANGITANE ROAD,Non-Injury Crash,No,2013,East,0.0,0.0,Flat,0.0,,0.0,0.0,Bright sun,1405700.0,0.0,0.0,0.0,2.0,0.0,1.0,,Hawke's Bay Region,Nil,2-way,Sealed,0.0,0.0,0.0,100.0,0.0,Null,1.0,0.0,,30.0,Hastings District,Nil,0.0,0.0,0.0,0.0,0.0,0.0,Open,0.0,0.0,0.0,Fine
738841,1935721.0,5601455.0,545750.0,0.0,0.0,1.0,East,2001/2002,TE MATA ROAD,FULFORD ROAD,Non-Injury Crash,No,2001,East,0.0,1.0,Flat,0.0,,0.0,0.0,Dark,1466501.0,0.0,0.0,0.0,2.0,0.0,0.0,,Hawke's Bay Region,Nil,2-way,Sealed,0.0,0.0,0.0,70.0,0.0,On,0.0,0.0,,30.0,Hastings District,Nil,0.0,0.0,0.0,1.0,0.0,0.0,Urban,0.0,0.0,0.0,Fine
249074,1916081.0,5604836.0,545841.0,0.0,0.0,2.0,Null,2009/2010,SH 50,MARAEKAKAHO ROAD,Non-Injury Crash,Yes,2009,East,0.0,,Flat,,,,,Overcast,1462901.0,0.0,0.0,0.0,2.0,0.0,,,Hawke's Bay Region,Nil,2-way,Sealed,0.0,0.0,,100.0,,Null,0.0,0.0,,30.0,Hastings District,Give way,,,,,0.0,0.0,Open,0.0,,,Light rain
39974,1929851.0,5605275.0,548200.0,0.0,0.0,2.0,Null,2017/2018,KING ST NORTH,AVENUE ROAD WEST,Non-Injury Crash,No,2017,West,0.0,,Flat,,,,,Overcast,1490900.0,0.0,0.0,0.0,2.0,0.0,,,Hawke's Bay Region,Nil,2-way,Sealed,0.0,0.0,,50.0,,Off,0.0,0.0,,30.0,Hastings District,Stop,,,,,0.0,0.0,Urban,0.0,,,Fine
626238,1931420.8424,5630342.1289,545811.0,0.0,0.0,1.0,West,2019/2020,SEAFIELD ROAD,LOPDELL LANE,Minor Crash,No,2020,North,0.0,0.0,Hill Road,0.0,,0.0,0.0,Bright sun,1414100.0,1.0,0.0,0.0,2.0,0.0,0.0,,Hawke's Bay Region,Nil,2-way,Sealed,0.0,0.0,0.0,100.0,0.0,Off,0.0,0.0,50.0,30.0,Hastings District,Nil,0.0,0.0,0.0,0.0,0.0,0.0,Open,0.0,0.0,0.0,Fine
673303,1931370.0,5604072.0,548100.0,0.0,0.0,1.0,North,2011/2012,WINDSOR AVENUE,HAIG ST,Serious Crash,No,2011,South,0.0,0.0,Flat,0.0,Christmas New Year,0.0,0.0,Dark,1500200.0,0.0,0.0,0.0,2.0,0.0,1.0,,Hawke's Bay Region,Nil,2-way,Sealed,0.0,1.0,0.0,50.0,0.0,On,0.0,0.0,,30.0,Hastings District,Nil,0.0,0.0,0.0,0.0,0.0,0.0,Urban,1.0,0.0,0.0,Fine
360461,1935942.0,5653977.0,545911.0,0.0,0.0,0.0,North,2008/2009,SH 2,MATAHORUA ROAD,Non-Injury Crash,Yes,2009,South,0.0,,Hill Road,,,,,Overcast,1415200.0,0.0,0.0,0.0,2.0,0.0,,,Hawke's Bay Region,Nil,2-way,Sealed,0.0,0.0,,100.0,,Null,0.0,0.0,,30.0,Hastings District,Nil,,,,,1.0,0.0,Open,0.0,,,Fine
364400,1930033.0,5605235.0,548200.0,0.0,0.0,2.0,Null,2002/2003,MARKET ST NORTH,ST AUBYN ST WEST,Non-Injury Crash,No,2002,North,0.0,,Flat,,Christmas New Year,,,Bright sun,1491500.0,0.0,0.0,0.0,2.0,0.0,,,Hawke's Bay Region,Nil,2-way,Sealed,0.0,0.0,,50.0,,Null,0.0,0.0,,30.0,Hastings District,Give way,,,,,0.0,0.0,Urban,0.0,,,Fine
424152,1909618.0,5611004.0,545821.0,0.0,0.0,1.0,East,2014/2015,MATAPIRO ROAD,OMAPERE ROAD,Minor Crash,No,2014,East,0.0,0.0,Hill Road,0.0,,0.0,0.0,Dark,1409000.0,1.0,0.0,0.0,1.0,0.0,0.0,,Hawke's Bay Region,Nil,2-way,Sealed,0.0,0.0,0.0,100.0,0.0,None,0.0,0.0,,30.0,Hastings District,Nil,0.0,0.0,0.0,1.0,0.0,0.0,Open,0.0,0.0,0.0,Light rain
567610,1918536.3976,5648827.0023,545811.0,0.0,0.0,1.0,North,2019/2020,005-0220,OHURAKURA ROAD,Minor Crash,Yes,2019,South,0.0,0.0,Flat,0.0,Christmas New Year,0.0,0.0,Dark,1414600.0,1.0,0.0,0.0,1.0,0.0,0.0,,Hawke's Bay Region,Nil,2-way,Sealed,0.0,0.0,0.0,100.0,0.0,None,0.0,0.0,,30.0,Hastings District,Unknown,0.0,0.0,0.0,1.0,0.0,0.0,Open,0.0,0.0,0.0,Light rain
117227,1925033.0,5607670.0,548612.0,0.0,0.0,1.0,North,2014/2015,FLAXMERE AVENUE,CHATHAM ROAD,Non-Injury Crash,No,2014,North,0.0,,Flat,,,,,Bright sun,1474107.0,0.0,0.0,0.0,1.0,0.0,,,Hawke's Bay Region,Nil,1-way,Sealed,0.0,0.0,,50.0,,Null,0.0,0.0,,30.0,Hastings District,Nil,,,,,0.0,0.0,Urban,1.0,,,Fine
678556,1928320.0,5602221.0,545762.0,0.0,0.0,1.0,South,2016/2017,RIVERSLEA ROAD SOUTH,ALGERNON ROAD,Non-Injury Crash,No,2016,North,0.0,,Flat,,,,,Dark,1468200.0,0.0,0.0,0.0,2.0,0.0,,,Hawke's Bay Region,Nil,2-way,Sealed,0.0,0.0,,100.0,,None,0.0,0.0,,30.0,Hastings District,Unknown,,,,,0.0,0.0,Open,1.0,,,Fine
375115,1929021.0,5606460.0,547800.0,0.0,0.0,1.0,South,2008/2009,PAKOWHAI ROAD,FRIMLEY ROAD,Non-Injury Crash,No,2008,South,0.0,,Flat,,,,,Overcast,1477500.0,0.0,0.0,0.0,2.0,0.0,,,Hawke's Bay Region,Nil,2-way,Sealed,0.0,0.0,,50.0,,Null,1.0,0.0,,30.0,Hastings District,Nil,,,,,0.0,0.0,Urban,0.0,,,Light rain
637035,1936595.0,5612308.0,545832.0,0.0,0.0,0.0,North,2014/2015,SH 2,FARNDON ROAD,Minor Crash,Yes,2015,North,0.0,0.0,Flat,0.0,,0.0,0.0,Overcast,1404200.0,1.0,0.0,0.0,3.0,0.0,0.0,,Hawke's Bay Region,Nil,2-way,Sealed,0.0,0.0,0.0,100.0,0.0,Null,0.0,0.0,,30.0,Hastings District,Unknown,0.0,0.0,0.0,0.0,0.0,0.0,Open,1.0,0.0,0.0,Heavy rain
177778,1934726.0,5641194.0,545811.0,0.0,0.0,1.0,North,2014/2015,SH 2,TANGOIO SETTLEMENT ROAD S,Minor Crash,Yes,2015,South,0.0,0.0,Hill Road,0.0,,0.0,0.0,Bright sun,1415600.0,1.0,0.0,0.0,2.0,0.0,0.0,,Hawke's Bay Region,Nil,2-way,Sealed,0.0,0.0,0.0,100.0,0.0,Null,0.0,0.0,20.0,30.0,Hastings District,Nil,0.0,0.0,0.0,1.0,0.0,0.0,Open,0.0,0.0,0.0,Fine
443329,1929322.0,5605775.0,547700.0,1.0,0.0,1.0,Null,2009/2010,QUEEN ST WEST,MCLEAN ST,Serious Crash,No,2009,West,0.0,,Flat,,,,,Dark,1488000.0,0.0,0.0,0.0,2.0,0.0,,,Hawke's Bay Region,Nil,2-way,Sealed,0.0,1.0,,50.0,,On,0.0,0.0,,30.0,Hastings District,Give way,,,,,0.0,0.0,Urban,0.0,,,Fine
571300,1930149.0,5604677.0,548200.0,0.0,0.0,1.0,Null,2011/2012,QUEEN ST EAST,HASTINGS ST NORTH,Non-Injury Crash,No,2011,East,0.0,,Flat,,,,,Overcast,1493400.0,0.0,0.0,0.0,2.0,0.0,,,Hawke's Bay Region,Nil,2-way,Sealed,0.0,0.0,,50.0,,Null,1.0,0.0,,30.0,Hastings District,Give way,,,,,0.0,0.0,Urban,0.0,,,Fine
594309,1929179.0,5605159.0,548200.0,0.0,0.0,2.0,Null,2010/2011,SOUTHAMPTON ST WEST,SOUTHLAND ROAD,Minor Crash,No,2011,North,0.0,,Flat,,,,,Dark,1488600.0,1.0,0.0,0.0,2.0,0.0,,,Hawke's Bay Region,Nil,2-way,Sealed,0.0,0.0,,50.0,,On,0.0,0.0,,30.0,Hastings District,Give way,,,,,0.0,0.0,Urban,0.0,,,Fine
170943,1925101.0,5637529.0,545811.0,0.0,0.0,0.0,West,2006/2007,SH 5,DILLONS HILL CUL,Minor Crash,Yes,2007,West,0.0,1.0,Hill Road,0.0,,0.0,0.0,Bright sun,1414700.0,1.0,0.0,1.0,2.0,0.0,0.0,,Hawke's Bay Region,Nil,2-way,Sealed,0.0,0.0,0.0,100.0,0.0,Null,0.0,0.0,,30.0,Hastings District,Nil,0.0,0.0,0.0,0.0,0.0,0.0,Open,0.0,0.0,0.0,Fine
145524,1929439.0,5606032.0,547700.0,0.0,0.0,2.0,Null,2000/2001,ST AUBYN ST WEST,GRAYS ROAD,Non-Injury Crash,No,2001,North,0.0,,Flat,,,,,Bright sun,1488300.0,0.0,0.0,0.0,2.0,0.0,,,Hawke's Bay Region,Nil,2-way,Sealed,0.0,0.0,,50.0,,Null,0.0,0.0,,30.0,Hastings District,Give way,,,,,0.0,0.0,Urban,0.0,,,Fine
470695,1935811.0,5611358.0,545832.0,0.0,0.0,1.0,South,2015/2016,FARNDON ROAD,WAITAHA PLACE,Non-Injury Crash,No,2016,North,0.0,,Flat,,,,,Dark,1404300.0,0.0,0.0,0.0,2.0,0.0,,,Hawke's Bay Region,Nil,2-way,Sealed,0.0,0.0,,50.0,,On,1.0,0.0,,30.0,Hastings District,Nil,,,,,0.0,0.0,Urban,0.0,,,Fine
169862,1928041.0,5606996.0,548500.0,0.0,0.0,2.0,North,2012/2013,OMAHU ROAD,NOTTINGLEY ROAD,Non-Injury Crash,No,2013,North,0.0,,Flat,,,,,Bright sun,1478500.0,0.0,0.0,0.0,2.0,0.0,,,Hawke's Bay Region,Nil,2-way,Sealed,0.0,0.0,,50.0,,Null,0.0,0.0,,30.0,Hastings District,Nil,,,,,0.0,0.0,Urban,1.0,,,Fine
704024,1913798.0,5657401.0,545911.0,0.0,0.0,1.0,South,2014/2015,SH 5,MCVICAR ROAD,Minor Crash,Yes,2014,North,0.0,,Hill Road,,,,,Dark,1414400.0,1.0,0.0,0.0,2.0,0.0,,,Hawke's Bay Region,Nil,2-way,Sealed,0.0,0.0,,100.0,,None,0.0,0.0,,30.0,Hastings District,Nil,,,,,0.0,0.0,Open,0.0,,,Fine
578698,1930835.0,5603667.0,548100.0,0.0,0.0,2.0,Null,2014/2015,WINDSOR AVENUE,HERETAUNGA ST EAST,Minor Crash,No,2015,West,0.0,,Flat,,,,,Overcast,1500300.0,1.0,0.0,0.0,2.0,0.0,,,Hawke's Bay Region,Nil,2-way,Sealed,0.0,0.0,,50.0,,Off,0.0,0.0,,30.0,Hastings District,Stop,,,,,0.0,0.0,Urban,0.0,,,Fine
477839,1927631.0,5607394.0,548500.0,1.0,0.0,1.0,Null,2006/2007,OMAHU ROAD,SH 50A,Minor Crash,Yes,2007,North,0.0,,Flat,,,,,Overcast,1477900.0,1.0,0.0,0.0,2.0,0.0,,,Hawke's Bay Region,Nil,2-way,Sealed,0.0,0.0,,100.0,,Null,0.0,0.0,,30.0,Hastings District,Give way,,,,,0.0,0.0,Open,0.0,,,Light rain
94113,1937657.0,5597130.0,545860.0,0.0,0.0,1.0,South,2015/2016,TUKI TUKI ROAD,CRAGGY RANGE ROAD,Non-Injury Crash,No,2016,South,0.0,1.0,Hill Road,0.0,,0.0,0.0,Dark,1467200.0,0.0,0.0,0.0,2.0,0.0,0.0,,Hawke's Bay Region,Nil,2-way,Sealed,0.0,0.0,0.0,100.0,0.0,None,0.0,0.0,,30.0,Hastings District,Unknown,0.0,0.0,0.0,0.0,0.0,0.0,Open,0.0,0.0,0.0,Fine
151377,1907724.0,5606973.0,545841.0,0.0,0.0,0.0,West,2009/2010,KERERU ROAD,SH 50,Fatal Crash,No,2010,South,1.0,,Flat,,,,,Bright sun,1462401.0,0.0,0.0,0.0,2.0,0.0,,,Hawke's Bay Region,Nil,2-way,Sealed,0.0,7.0,,100.0,,Null,0.0,0.0,,30.0,Hastings District,Nil,,,,,0.0,0.0,Open,1.0,,,Fine