OBJECTID,X,Y,areaUnitID,bicycle,bus,carStationWagon,crashDirectionDescription,crashFinancialYear,crashLocation1,crashLocation2,crashSeverity,crashSHDescription,crashYear,directionRoleDescription,fatalCount,fence,flatHill,guardRail,holiday,houseOrBuilding,kerb,light,meshblockId,minorInjuryCount,moped,motorcycle,NumberOfLanes,otherVehicleType,parkedVehicle,pedestrian,region,roadCharacter,roadLane,roadSurface,schoolBus,seriousInjuryCount,slipOrFlood,speedLimit,strayAnimal,streetLight,suv,taxi,temporarySpeedLimit,tlaId,tlaName,trafficControl,trafficIsland,trafficSign,train,tree,truck,unknownVehicleType,urban,vanOrUtility,vehicle,waterRiver,weatherA
559556,1918039.1649,5649787.5064,545912.0,0.0,1.0,0.0,North,2018/2019,SH 5,Te pohue loop road,Minor Crash,Yes,2019,South,0.0,0.0,Hill Road,0.0,,0.0,0.0,Overcast,1414504.0,1.0,0.0,0.0,2.0,0.0,0.0,,Hawke's Bay Region,Nil,2-way,Sealed,0.0,0.0,0.0,100.0,0.0,None,0.0,0.0,,30.0,Hastings District,Unknown,0.0,0.0,0.0,0.0,0.0,0.0,Open,0.0,0.0,0.0,Light rain
78148,1930673.0,5606098.0,547600.0,0.0,0.0,2.0,Null,2016/2017,FREDERICK ST,NELSON ST NORTH,Non-Injury Crash,No,2017,South,0.0,,Flat,,,,,Bright sun,1483700.0,0.0,0.0,0.0,2.0,0.0,,,Hawke's Bay Region,Nil,2-way,Sealed,0.0,0.0,,50.0,,Null,0.0,0.0,,30.0,Hastings District,Give way,,,,,0.0,0.0,Urban,0.0,,,Fine
140098,1936458.0,5609908.0,545730.0,0.0,0.0,2.0,Null,2007/2008,MILL ROAD,RICHMOND ROAD,Serious Crash,No,2007,North,0.0,0.0,Flat,1.0,,0.0,0.0,Bright sun,1405403.0,0.0,0.0,0.0,2.0,0.0,0.0,,Hawke's Bay Region,Nil,2-way,Sealed,0.0,1.0,0.0,100.0,0.0,Null,0.0,0.0,,30.0,Hastings District,Stop,0.0,0.0,0.0,0.0,0.0,0.0,Open,0.0,0.0,0.0,Fine
28791,1935589.6553,5600436.5333,548833.0,0.0,0.0,0.0,South,2019/2020,BLACK BARN ROAD,TE MATA ROAD,Minor Crash,No,2020,North,0.0,,Hill Road,,,,,Bright sun,1466801.0,1.0,1.0,0.0,2.0,0.0,,,Hawke's Bay Region,Nil,2-way,Sealed,0.0,0.0,,30.0,,None,0.0,0.0,,30.0,Hastings District,Unknown,,,,,0.0,0.0,Urban,1.0,,,Fine
127955,1929739.0,5604820.0,548200.0,0.0,0.0,1.0,Null,2018/2019,EASTBOURNE STREET EAST,RUSSELL STREET SOUTH,Non-Injury Crash,No,2018,North,0.0,,Flat,,,,,Overcast,1492000.0,0.0,0.0,0.0,3.0,0.0,,,Hawke's Bay Region,Nil,2-way,Sealed,0.0,0.0,,50.0,,Null,0.0,0.0,,30.0,Hastings District,Traffic Signals,,,,,1.0,0.0,Urban,0.0,,,Fine
432174,1939506.0,5594499.0,545860.0,0.0,0.0,1.0,West,2006/2007,WAIMARAMA ROAD,OCEAN BEACH ROAD,Minor Crash,No,2006,North,0.0,0.0,Flat,0.0,,0.0,0.0,Bright sun,1467500.0,4.0,0.0,0.0,2.0,0.0,0.0,,Hawke's Bay Region,Nil,2-way,Sealed,0.0,0.0,0.0,100.0,0.0,Null,0.0,0.0,,30.0,Hastings District,Nil,0.0,0.0,0.0,0.0,0.0,0.0,Open,0.0,0.0,0.0,Fine
326972,1915131.0,5587738.0,545851.0,0.0,0.0,1.0,South,2005/2006,TE AUTE TRUST ROAD,SH 2,Non-Injury Crash,No,2006,West,0.0,0.0,Hill Road,0.0,,0.0,0.0,Bright sun,1466101.0,0.0,0.0,0.0,2.0,0.0,0.0,,Hawke's Bay Region,Nil,2-way,Sealed,0.0,0.0,0.0,100.0,0.0,Null,0.0,0.0,,30.0,Hastings District,Nil,0.0,0.0,0.0,0.0,0.0,0.0,Open,0.0,0.0,0.0,Fine
506885,1927876.0,5607157.0,547800.0,0.0,0.0,2.0,Null,2000/2001,OMAHU ROAD,STONYCROFT ST,Non-Injury Crash,No,2001,North,0.0,,Flat,,,,,Bright sun,1476600.0,0.0,0.0,0.0,2.0,0.0,,,Hawke's Bay Region,Nil,2-way,Sealed,0.0,0.0,,50.0,,Null,0.0,0.0,,30.0,Hastings District,Give way,,,,,0.0,0.0,Urban,0.0,,,Fine
318981,1931643.0,5608274.0,545721.0,0.0,0.0,1.0,South,2016/2017,ELWOOD ROAD,PAKOWHAI ROAD,Non-Injury Crash,No,2016,North,0.0,,Flat,,,,,Bright sun,1471600.0,0.0,0.0,0.0,2.0,0.0,,,Hawke's Bay Region,Nil,2-way,Sealed,0.0,0.0,,80.0,,Null,0.0,0.0,,30.0,Hastings District,Unknown,,,,,0.0,0.0,Open,0.0,,,Fine
502730,1925602.0,5605943.0,548620.0,0.0,0.0,1.0,West,2013/2014,DUNDEE DRIVE,MONTROSE ST,Serious Crash,No,2013,West,0.0,0.0,Flat,0.0,,0.0,0.0,Bright sun,1475500.0,0.0,0.0,0.0,2.0,0.0,0.0,,Hawke's Bay Region,Nil,2-way,Sealed,0.0,1.0,0.0,50.0,0.0,Null,0.0,0.0,,30.0,Hastings District,Nil,0.0,0.0,0.0,1.0,0.0,0.0,Urban,0.0,0.0,0.0,Fine
706278,1937344.0,5609394.0,545730.0,0.0,0.0,1.0,East,2001/2002,LAWN ROAD,MILL ROAD,Non-Injury Crash,No,2001,West,0.0,0.0,Flat,0.0,,0.0,0.0,Overcast,1405300.0,0.0,0.0,0.0,2.0,0.0,0.0,,Hawke's Bay Region,Nil,2-way,Sealed,0.0,0.0,0.0,100.0,0.0,Null,0.0,0.0,,30.0,Hastings District,Nil,0.0,0.0,0.0,0.0,0.0,0.0,Open,0.0,0.0,0.0,Light rain
393411,1930149.0,5604473.0,548200.0,0.0,0.0,2.0,South,2013/2014,HERETAUNGA ST EAST,MILLER ST,Non-Injury Crash,No,2013,South,0.0,0.0,Flat,0.0,,0.0,0.0,Bright sun,1493800.0,0.0,0.0,0.0,2.0,0.0,1.0,,Hawke's Bay Region,Nil,2-way,Sealed,0.0,0.0,0.0,50.0,0.0,Off,0.0,0.0,,30.0,Hastings District,Nil,0.0,0.0,0.0,0.0,0.0,0.0,Urban,0.0,0.0,0.0,Fine
528685,1923561.0,5608275.0,548611.0,0.0,0.0,1.0,East,2015/2016,TARBET ST,ARKLOW PLACE,Minor Crash,No,2015,East,0.0,0.0,Flat,0.0,,0.0,0.0,Bright sun,1470318.0,1.0,0.0,0.0,1.0,0.0,1.0,,Hawke's Bay Region,Nil,2-way,Sealed,0.0,0.0,0.0,50.0,0.0,Null,0.0,0.0,,30.0,Hastings District,Unknown,0.0,0.0,0.0,0.0,0.0,0.0,Urban,1.0,0.0,0.0,Fine
133479,1934642.0,5633136.0,545812.0,0.0,0.0,1.0,North,2004/2005,SH 2,NORTH SHORE ROAD,Non-Injury Crash,Yes,2004,South,0.0,1.0,Flat,0.0,Labour Weekend,0.0,0.0,Overcast,1414903.0,0.0,0.0,0.0,2.0,0.0,0.0,,Hawke's Bay Region,Nil,2-way,Sealed,0.0,0.0,0.0,100.0,0.0,Null,0.0,0.0,,30.0,Hastings District,Nil,0.0,0.0,0.0,0.0,0.0,0.0,Open,0.0,0.0,0.0,Fine
451815,1932738.0,5602013.0,548831.0,0.0,0.0,1.0,Null,2004/2005,KARANEMA DRIVE,DONNELLY ST,Non-Injury Crash,No,2005,East,0.0,,Flat,,,,,Bright sun,1509600.0,0.0,0.0,0.0,2.0,0.0,,,Hawke's Bay Region,Nil,2-way,Sealed,0.0,0.0,,50.0,,Null,0.0,0.0,,30.0,Hastings District,Give way,,,,,0.0,0.0,Urban,1.0,,,Fine
655032,1923928.0,5596911.0,545851.0,0.0,0.0,0.0,South,2011/2012,SH 2,STOCK ROAD,Fatal Crash,Yes,2011,North,2.0,0.0,Flat,0.0,Labour Weekend,0.0,0.0,Dark,1463900.0,0.0,0.0,0.0,2.0,0.0,0.0,,Hawke's Bay Region,Nil,2-way,Sealed,0.0,0.0,0.0,100.0,0.0,None,1.0,0.0,,30.0,Hastings District,Unknown,0.0,0.0,0.0,0.0,0.0,0.0,Open,0.0,0.0,0.0,Fine
502457,1926351.0,5606200.0,545761.0,0.0,0.0,0.0,East,2004/2005,YORK ROAD,FLAXMERE AVENUE,Non-Injury Crash,No,2005,South,0.0,,Flat,,,,,Dark,1469905.0,0.0,0.0,0.0,2.0,0.0,,,Hawke's Bay Region,Nil,2-way,Sealed,0.0,0.0,,100.0,,On,0.0,0.0,,30.0,Hastings District,Nil,,,,,0.0,0.0,Open,1.0,,,Fine
604430,1936256.0,5635746.0,545812.0,0.0,0.0,0.0,South,2000/2001,SH 2,PAKURATAHI VALLEY ROAD,Minor Crash,Yes,2001,East,0.0,,Flat,,,,,Overcast,1414903.0,2.0,0.0,0.0,2.0,0.0,,,Hawke's Bay Region,Nil,2-way,Sealed,0.0,0.0,,100.0,,Null,0.0,0.0,,30.0,Hastings District,Nil,,,,,1.0,0.0,Open,0.0,,,Light rain
343855,1929612.8204,5604596.4619,548200.0,0.0,0.0,2.0,Null,2019/2020,KARAMU ROAD SOUTH,SOUTHAMPTON STREET EAST,Non-Injury Crash,No,2020,South,0.0,,Flat,,,,,Bright sun,1492400.0,0.0,0.0,0.0,2.0,0.0,,,Hawke's Bay Region,Nil,2-way,Sealed,0.0,0.0,,50.0,,Off,0.0,0.0,,30.0,Hastings District,Give way,,,,,0.0,0.0,Urban,0.0,,,Fine
402889,1923694.0,5608137.0,548611.0,0.0,0.0,1.0,Null,2009/2010,FLAXMERE AVENUE,RAMSEY CRESCENT,Non-Injury Crash,No,2009,North,0.0,1.0,Flat,0.0,,0.0,0.0,Overcast,1470314.0,0.0,0.0,0.0,2.0,0.0,0.0,,Hawke's Bay Region,Nil,2-way,Sealed,0.0,0.0,0.0,50.0,0.0,Null,0.0,0.0,,30.0,Hastings District,Give way,0.0,0.0,0.0,0.0,0.0,0.0,Urban,0.0,0.0,0.0,Fine
439321,1927303.2458,5605135.1414,545761.0,0.0,0.0,1.0,Null,2018/2019,MARAEKAKAHO ROAD,YORK ROAD,Non-Injury Crash,No,2018,South,0.0,1.0,Flat,0.0,,0.0,0.0,Dark,1468801.0,0.0,0.0,0.0,2.0,0.0,0.0,,Hawke's Bay Region,Nil,2-way,Sealed,0.0,0.0,0.0,70.0,0.0,On,0.0,0.0,,30.0,Hastings District,Give way,0.0,0.0,0.0,0.0,0.0,0.0,Urban,0.0,0.0,0.0,Heavy rain
675916,1936803.0,5594960.0,545860.0,0.0,0.0,2.0,East,2010/2011,WAIMARAMA ROAD,KAHURANAKI ROAD,Non-Injury Crash,No,2010,South,0.0,,Hill Road,,,,,Dark,1467200.0,0.0,0.0,0.0,2.0,0.0,,,Hawke's Bay Region,Nil,2-way,Sealed,0.0,0.0,,100.0,,None,0.0,0.0,,30.0,Hastings District,Nil,,,,,0.0,0.0,Open,0.0,,,Fine
219438,1933387.0,5602842.0,545750.0,0.0,0.0,2.0,Null,2008/2009,NAPIER ROAD,ROMANES DRIVE,Non-Injury Crash,No,2009,East,0.0,,Flat,,,,,Bright sun,1466202.0,0.0,0.0,0.0,2.0,0.0,,,Hawke's Bay Region,Nil,2-way,Sealed,0.0,0.0,,50.0,,Null,0.0,0.0,,30.0,Hastings District,Give way,,,,,0.0,0.0,Urban,0.0,,,Fine
339384,1930879.0,5604874.0,548100.0,0.0,0.0,1.0,West,2015/2016,WILLOWPARK ROAD NORTH,ALEXANDRA ST,Non-Injury Crash,No,2015,West,0.0,,Flat,,,,,Bright sun,1499700.0,0.0,0.0,0.0,2.0,0.0,,,Hawke's Bay Region,Nil,2-way,Sealed,0.0,0.0,,50.0,,Null,0.0,0.0,,30.0,Hastings District,Unknown,,,,,0.0,0.0,Urban,1.0,,,Fine
434488,1931039.0,5605564.0,548000.0,0.0,0.0,1.0,Null,2002/2003,KARAMU ROAD NORTH,GROVE ROAD,Non-Injury Crash,No,2003,West,0.0,0.0,Flat,0.0,,0.0,0.0,Dark,1497100.0,0.0,0.0,0.0,2.0,0.0,0.0,,Hawke's Bay Region,Nil,2-way,Sealed,0.0,0.0,0.0,50.0,0.0,None,0.0,0.0,,30.0,Hastings District,Traffic Signals,1.0,0.0,0.0,0.0,0.0,0.0,Urban,1.0,0.0,0.0,Heavy rain
634137,1928598.0,5606455.0,548500.0,0.0,0.0,2.0,East,2007/2008,OMAHU ROAD,HAPUKA ST,Non-Injury Crash,No,2008,East,0.0,,Flat,,,,,Dark,1478700.0,0.0,0.0,0.0,2.0,0.0,,,Hawke's Bay Region,Nil,2-way,Sealed,0.0,0.0,,50.0,,On,0.0,0.0,,30.0,Hastings District,Nil,,,,,0.0,0.0,Urban,0.0,,,Light rain
709171,1929961.0,5604711.0,548200.0,0.0,0.0,1.0,West,2014/2015,WARREN ST SOUTH,HERETAUNGA ST EAST,Minor Crash,No,2014,East,0.0,,Flat,,,,,Overcast,1493200.0,1.0,0.0,0.0,2.0,0.0,,1.0,Hawke's Bay Region,Nil,2-way,Sealed,0.0,0.0,,50.0,,Null,0.0,0.0,,30.0,Hastings District,Give way,,,,,0.0,0.0,Urban,0.0,,,Heavy rain
51159,1929948.0,5605347.0,548200.0,0.0,0.0,2.0,Null,2013/2014,ST AUBYN ST WEST,KING ST NORTH,Non-Injury Crash,No,2013,South,0.0,,Flat,,,,,Bright sun,1491500.0,0.0,0.0,0.0,4.0,0.0,,,Hawke's Bay Region,Nil,2-way,Sealed,0.0,0.0,,50.0,,Null,0.0,0.0,,30.0,Hastings District,Give way,,,,,0.0,0.0,Urban,2.0,,,Fine
171546,1929948.0,5605347.0,548200.0,0.0,0.0,2.0,Null,2011/2012,ST AUBYN ST WEST,KING ST NORTH,Non-Injury Crash,No,2012,North,0.0,,Flat,,,,,Overcast,1491500.0,0.0,0.0,0.0,4.0,0.0,,,Hawke's Bay Region,Nil,2-way,Sealed,0.0,0.0,,50.0,,Null,0.0,0.0,,30.0,Hastings District,Give way,,,,,0.0,0.0,Urban,0.0,,,Fine
478598,1928379.0,5606178.0,548500.0,0.0,0.0,2.0,Null,2008/2009,ORCHARD ROAD,MCLEOD ST,Non-Injury Crash,No,2009,South,0.0,,Flat,,,,,Bright sun,1479600.0,0.0,0.0,0.0,2.0,0.0,,,Hawke's Bay Region,Nil,2-way,Sealed,0.0,0.0,,50.0,,Null,0.0,0.0,,30.0,Hastings District,Give way,,,,,0.0,0.0,Urban,0.0,,,Fine
643900,1927678.0,5605418.0,545761.0,0.0,0.0,2.0,North,2005/2006,MARAEKAKAHO ROAD,WALL ROAD,Non-Injury Crash,No,2005,South,0.0,,Flat,,,,,Overcast,1469905.0,0.0,0.0,0.0,2.0,0.0,,,Hawke's Bay Region,Nil,2-way,Sealed,0.0,0.0,,50.0,,Null,0.0,0.0,,30.0,Hastings District,Nil,,,,,0.0,0.0,Urban,0.0,,,Light rain
330598,1930254.0,5607390.0,545710.0,0.0,1.0,1.0,Null,2011/2012,PAKOWHAI ROAD,WILLIAMS ST,Non-Injury Crash,No,2011,West,0.0,,Flat,,,,,Twilight,1471300.0,0.0,0.0,0.0,2.0,0.0,,,Hawke's Bay Region,Nil,2-way,Sealed,0.0,0.0,,50.0,,Off,0.0,0.0,,30.0,Hastings District,Give way,,,,,0.0,0.0,Urban,0.0,,,Fine
613123,1932712.0,5601798.0,548831.0,0.0,0.0,2.0,North,2004/2005,NAPIER ROAD,PORTER DRIVE,Minor Crash,No,2004,North,0.0,,Flat,,,,,Twilight,1509700.0,1.0,0.0,0.0,2.0,0.0,,,Hawke's Bay Region,Nil,2-way,Sealed,0.0,0.0,,50.0,,Off,0.0,0.0,,30.0,Hastings District,Nil,,,,,0.0,0.0,Urban,0.0,,,Fine
216914,1932927.0,5601549.0,548832.0,0.0,0.0,1.0,Null,2001/2002,CAMPBELL ST,BUSBY HILL,Minor Crash,No,2001,North,0.0,,Flat,,,,,Overcast,1508400.0,1.0,0.0,0.0,2.0,0.0,,1.0,Hawke's Bay Region,Nil,2-way,Sealed,0.0,0.0,,50.0,,Null,0.0,0.0,,30.0,Hastings District,Nil,,,,,0.0,0.0,Urban,0.0,,,Fine
42070,1929578.862,5604216.0643,548300.0,0.0,0.0,0.0,South,2019/2020,FRENCH STREET,HASTINGS STREET SOUTH,Non-Injury Crash,No,2020,South,0.0,0.0,Flat,0.0,,0.0,0.0,Dark,1503400.0,0.0,0.0,0.0,2.0,0.0,1.0,,Hawke's Bay Region,Nil,2-way,Sealed,0.0,0.0,0.0,50.0,0.0,On,1.0,0.0,,30.0,Hastings District,Unknown,0.0,0.0,0.0,0.0,0.0,0.0,Urban,1.0,0.0,0.0,Fine
458451,1931294.0,5605188.0,548000.0,1.0,0.0,1.0,Null,2004/2005,GROVE ROAD,WILLOWPARK ROAD NORTH,Non-Injury Crash,No,2005,West,0.0,,Flat,,,,,Bright sun,1496800.0,0.0,0.0,0.0,2.0,0.0,,,Hawke's Bay Region,Nil,2-way,Sealed,0.0,0.0,,50.0,,Null,0.0,0.0,,30.0,Hastings District,Give way,,,,,0.0,0.0,Urban,0.0,,,Fine
142233,1943088.0,5659398.0,545911.0,0.0,0.0,1.0,East,2016/2017,SH 2,MATAHORUA ROAD,Minor Crash,Yes,2016,East,0.0,0.0,Flat,0.0,,0.0,0.0,Overcast,1416100.0,1.0,0.0,0.0,2.0,0.0,0.0,,Hawke's Bay Region,Nil,2-way,Sealed,0.0,0.0,0.0,100.0,0.0,Null,0.0,0.0,,30.0,Hastings District,Unknown,0.0,0.0,0.0,0.0,0.0,0.0,Open,0.0,0.0,0.0,Fine
690979,1934888.0,5598645.0,548833.0,0.0,0.0,1.0,South,2011/2012,TE MATA PEAK ROAD,GREENWOOD ROAD,Serious Crash,No,2011,West,0.0,0.0,Hill Road,0.0,,0.0,0.0,Overcast,1467003.0,0.0,0.0,0.0,2.0,0.0,0.0,,Hawke's Bay Region,Nil,2-way,Sealed,0.0,1.0,0.0,100.0,0.0,Null,0.0,0.0,,30.0,Hastings District,Nil,0.0,0.0,0.0,1.0,0.0,0.0,Open,0.0,0.0,0.0,Fine
373154,1929969.0,5604717.0,548200.0,1.0,0.0,0.0,Null,2005/2006,HERETAUNGA ST EAST,WARREN ST SOUTH,Minor Crash,No,2005,West,0.0,,Flat,,,,,Bright sun,1493300.0,1.0,0.0,0.0,2.0,0.0,,,Hawke's Bay Region,Nil,2-way,Sealed,0.0,0.0,,50.0,,Null,0.0,0.0,,30.0,Hastings District,Give way,,,,,0.0,0.0,Urban,1.0,,,Fine
302598,1918087.0,5650122.0,545912.0,0.0,0.0,1.0,North,2006/2007,SH 5,TE POHUE LOOP ROAD N,Non-Injury Crash,Yes,2007,South,0.0,1.0,Flat,0.0,,0.0,0.0,Bright sun,1414504.0,0.0,0.0,0.0,2.0,0.0,0.0,,Hawke's Bay Region,Nil,2-way,Sealed,0.0,0.0,0.0,100.0,0.0,Null,0.0,0.0,,30.0,Hastings District,Nil,0.0,0.0,0.0,0.0,0.0,0.0,Open,1.0,0.0,0.0,Fine
34920,1931331.0,5605743.0,548000.0,0.0,0.0,1.0,East,2000/2001,KARAMU ROAD NORTH,MAYFAIR AVENUE,Non-Injury Crash,No,2001,South,0.0,,Flat,,,,,Bright sun,1496100.0,0.0,0.0,0.0,2.0,0.0,,,Hawke's Bay Region,Nil,2-way,Sealed,0.0,0.0,,50.0,,Null,0.0,0.0,,30.0,Hastings District,Nil,,,,,0.0,0.0,Urban,1.0,,,Fine
228186,1926999.0,5605533.0,545761.0,1.0,0.0,1.0,West,2009/2010,YORK ROAD,MARAEKAKAHO ROAD,Minor Crash,No,2010,East,0.0,,Flat,,,,,Bright sun,1469905.0,1.0,0.0,0.0,2.0,0.0,,,Hawke's Bay Region,Nil,2-way,Sealed,0.0,0.0,,100.0,,Null,0.0,0.0,,30.0,Hastings District,Nil,,,,,0.0,0.0,Open,0.0,,,Fine
320860,1930510.8412,5610385.5686,545832.0,0.0,0.0,1.0,North,2019/2020,HAWKES BAY EXPRESSWAY,NGARURORO BR,Non-Injury Crash,Yes,2019,South,0.0,0.0,Flat,1.0,,0.0,0.0,Overcast,1404400.0,0.0,0.0,0.0,2.0,0.0,0.0,,Hawke's Bay Region,Nil,2-way,Sealed,0.0,0.0,0.0,100.0,0.0,None,0.0,0.0,,30.0,Hastings District,Unknown,0.0,0.0,0.0,0.0,0.0,0.0,Open,0.0,0.0,0.0,Fine
531965,1924887.0,5608788.0,545710.0,0.0,0.0,2.0,East,2006/2007,OMAHU ROAD,TWYFORD ROAD,Non-Injury Crash,No,2006,East,0.0,,Flat,,,,,Bright sun,1470900.0,0.0,0.0,0.0,2.0,0.0,,,Hawke's Bay Region,Nil,2-way,Sealed,0.0,0.0,,70.0,,Null,0.0,0.0,,30.0,Hastings District,Nil,,,,,0.0,0.0,Urban,0.0,,,Fine
652745,1930565.0,5606465.0,547600.0,0.0,0.0,2.0,North,2017/2018,TOMOANA ROAD,FREDERICK ST,Non-Injury Crash,No,2018,South,0.0,0.0,Flat,0.0,,0.0,0.0,Bright sun,1483800.0,0.0,0.0,0.0,2.0,0.0,1.0,,Hawke's Bay Region,Nil,2-way,Sealed,0.0,0.0,0.0,50.0,0.0,Null,0.0,0.0,,30.0,Hastings District,Unknown,0.0,0.0,0.0,0.0,0.0,0.0,Urban,0.0,0.0,0.0,Fine
643667,1932274.0,5609028.0,545721.0,0.0,0.0,2.0,Null,2004/2005,PAKOWHAI ROAD,RUAHAPIA ROAD,Non-Injury Crash,No,2004,South,0.0,,Flat,,,,,Overcast,1471600.0,0.0,0.0,0.0,3.0,0.0,,,Hawke's Bay Region,Nil,2-way,Sealed,0.0,0.0,,100.0,,Null,0.0,0.0,,30.0,Hastings District,Give way,,,,,0.0,0.0,Open,0.0,,,Fine
18229,1935205.0,5587231.0,545860.0,0.0,0.0,1.0,South,2003/2004,MARAETOTARA ROAD,WAIMARAMA ROAD,Minor Crash,No,2003,North,0.0,0.0,Hill Road,0.0,,0.0,0.0,Dark,1467400.0,1.0,0.0,0.0,2.0,0.0,0.0,,Hawke's Bay Region,Nil,2-way,Sealed,0.0,0.0,0.0,100.0,0.0,None,0.0,0.0,,30.0,Hastings District,Nil,0.0,0.0,0.0,0.0,0.0,0.0,Open,0.0,0.0,0.0,Light rain
461745,1931039.0,5605564.0,548000.0,0.0,0.0,2.0,Null,2007/2008,KARAMU ROAD,GROVE ROAD,Non-Injury Crash,No,2007,North,0.0,,Flat,,,,,Bright sun,1497100.0,0.0,0.0,0.0,4.0,0.0,,,Hawke's Bay Region,Nil,2-way,Sealed,0.0,0.0,,50.0,,Null,0.0,0.0,,30.0,Hastings District,Traffic Signals,,,,,0.0,0.0,Urban,0.0,,,Fine
716148,1928842.0,5603900.0,547900.0,0.0,0.0,2.0,Null,2003/2004,RAILWAY ROAD,MURDOCH ROAD WEST,Minor Crash,No,2003,North,0.0,,Flat,,,,,Overcast,1482600.0,2.0,0.0,0.0,2.0,0.0,,,Hawke's Bay Region,Rail xing,2-way,Sealed,0.0,0.0,,70.0,,Null,0.0,0.0,,30.0,Hastings District,Stop,,,,,0.0,0.0,Urban,0.0,,,Fine
275459,1929450.0,5605403.0,548200.0,1.0,0.0,1.0,West,2004/2005,HERETAUNGA ST WEST,SOUTHLAND ROAD,Minor Crash,No,2004,West,0.0,,Flat,,,,,Bright sun,1490100.0,1.0,0.0,0.0,2.0,0.0,,,Hawke's Bay Region,Nil,2-way,Sealed,0.0,0.0,,50.0,,Null,0.0,0.0,,30.0,Hastings District,Nil,,,,,0.0,0.0,Urban,0.0,,,Fine
529729,1929743.0,5605016.0,548200.0,1.0,0.0,1.0,Null,2012/2013,MARKET ST NORTH,HERETAUNGA ST WEST,Minor Crash,No,2013,East,0.0,,Flat,,,,,Bright sun,1491700.0,1.0,0.0,0.0,1.0,0.0,,,Hawke's Bay Region,Nil,1-way,Sealed,0.0,0.0,,50.0,,Null,0.0,0.0,,30.0,Hastings District,Give way,,,,,0.0,0.0,Urban,0.0,,,Fine
467494,1920351.0,5607814.0,545842.0,0.0,0.0,1.0,North,2006/2007,SH 50,NGATARAWA ROAD,Non-Injury Crash,Yes,2006,North,0.0,1.0,Flat,0.0,,0.0,0.0,Bright sun,1470307.0,0.0,0.0,0.0,2.0,0.0,0.0,,Hawke's Bay Region,Nil,2-way,Sealed,0.0,0.0,0.0,100.0,0.0,Null,0.0,0.0,,30.0,Hastings District,Nil,0.0,0.0,0.0,0.0,0.0,0.0,Open,0.0,0.0,0.0,Fine
580122,1934180.0,5607200.0,545722.0,0.0,0.0,2.0,Null,2002/2003,SH 2,NAPIER ROAD,Minor Crash,Yes,2003,South,0.0,,Flat,,,,,Bright sun,1406200.0,2.0,0.0,0.0,2.0,0.0,,,Hawke's Bay Region,Nil,2-way,Sealed,0.0,0.0,,100.0,,Null,0.0,0.0,,30.0,Hastings District,Give way,,,,,0.0,0.0,Open,0.0,,,Fine
577432,1929367.0,5605111.0,548200.0,0.0,0.0,2.0,Null,2002/2003,LYNDON ROAD WEST,NELSON ST SOUTH,Serious Crash,No,2002,South,0.0,,Flat,,,,,Bright sun,1489400.0,0.0,0.0,0.0,2.0,0.0,,,Hawke's Bay Region,Nil,2-way,Sealed,0.0,1.0,,50.0,,Null,0.0,0.0,,30.0,Hastings District,Give way,,,,,0.0,0.0,Urban,0.0,,,Fine
713501,1930926.0,5613511.0,545831.0,0.0,0.0,1.0,South,2018/2019,SH 50A,SH 50,Non-Injury Crash,Yes,2018,North,0.0,,Flat,,,,,Bright sun,1404500.0,0.0,0.0,0.0,2.0,0.0,,,Hawke's Bay Region,Nil,2-way,Sealed,0.0,0.0,,100.0,,Null,0.0,0.0,50.0,30.0,Hastings District,Unknown,,,,,0.0,0.0,Open,1.0,,,Fine
635491,1929606.0,5604596.0,548300.0,0.0,0.0,2.0,Null,2013/2014,KARAMU ROAD SOUTH,SOUTHAMPTON ST EAST,Non-Injury Crash,No,2013,West,0.0,,Flat,,,,,Overcast,1503100.0,0.0,0.0,0.0,2.0,0.0,,,Hawke's Bay Region,Nil,2-way,Sealed,0.0,0.0,,50.0,,Null,0.0,0.0,,30.0,Hastings District,Give way,,,,,0.0,0.0,Urban,0.0,,,Fine
502217,1929367.0,5605111.0,548200.0,0.0,0.0,1.0,Null,2006/2007,LYNDON ROAD WEST,NELSON ST SOUTH,Non-Injury Crash,No,2006,East,0.0,,Flat,,,,,Overcast,1489400.0,0.0,0.0,0.0,2.0,0.0,,,Hawke's Bay Region,Nil,2-way,Sealed,0.0,0.0,,50.0,,Null,1.0,0.0,,30.0,Hastings District,Give way,,,,,0.0,0.0,Urban,0.0,,,Light rain
269412,1931577.0,5602876.0,545721.0,0.0,0.0,1.0,Null,2004/2005,HAVELOCK ROAD,ST GEORGES ROAD,Serious Crash,No,2004,South,0.0,,Flat,,,,,Bright sun,1473000.0,0.0,0.0,1.0,3.0,0.0,,,Hawke's Bay Region,Nil,2-way,Sealed,0.0,1.0,,70.0,,Null,0.0,0.0,,30.0,Hastings District,Stop,,,,,0.0,0.0,Urban,0.0,,,Fine
246142,1929632.0,5604761.0,548200.0,0.0,0.0,2.0,Null,2009/2010,RAILWAY ROAD,LYNDON ROAD WEST,Non-Injury Crash,No,2009,South,0.0,,Flat,,,,,Bright sun,1489900.0,0.0,0.0,0.0,2.0,0.0,,,Hawke's Bay Region,Nil,2-way,Sealed,0.0,0.0,,50.0,,Null,0.0,0.0,,30.0,Hastings District,Stop,,,,,0.0,0.0,Urban,0.0,,,Fine