OBJECTID,X,Y,areaUnitID,bicycle,bus,carStationWagon,crashDirectionDescription,crashFinancialYear,crashLocation1,crashLocation2,crashSeverity,crashSHDescription,crashYear,directionRoleDescription,fatalCount,fence,flatHill,guardRail,holiday,houseOrBuilding,kerb,light,meshblockId,minorInjuryCount,moped,motorcycle,NumberOfLanes,otherVehicleType,parkedVehicle,pedestrian,region,roadCharacter,roadLane,roadSurface,schoolBus,seriousInjuryCount,slipOrFlood,speedLimit,strayAnimal,streetLight,suv,taxi,temporarySpeedLimit,tlaId,tlaName,trafficControl,trafficIsland,trafficSign,train,tree,truck,unknownVehicleType,urban,vanOrUtility,vehicle,waterRiver,weatherA
7430,1929693.0,5605328.0,548200.0,0.0,0.0,0.0,Null,2008/2009,Z CPK COUNTDOWN,NELSON/QUEEN,Minor Crash,No,2009,South,0.0,,Flat,,,,,Overcast,1490800.0,1.0,0.0,0.0,0.0,0.0,,1.0,Hawke's Bay Region,Nil,Off road,Sealed,0.0,0.0,,50.0,,Off,0.0,0.0,,30.0,Hastings District,Nil,,,,,0.0,0.0,Urban,1.0,,,Fine
490523,1931130.0,5603892.0,548100.0,0.0,0.0,0.0,Null,2014/2015,WINDSOR AVENUE,HOWARD ST,Non-Injury Crash,No,2014,North,0.0,0.0,Flat,0.0,,0.0,1.0,Overcast,1500400.0,0.0,0.0,0.0,2.0,0.0,1.0,,Hawke's Bay Region,Nil,2-way,Sealed,0.0,0.0,0.0,50.0,0.0,Null,1.0,0.0,,30.0,Hastings District,Stop,0.0,0.0,0.0,0.0,0.0,0.0,Urban,1.0,0.0,0.0,Light rain
375777,1925015.0,5599445.0,545852.0,0.0,0.0,1.0,East,2004/2005,MIRIAMA ROAD,OLD MAIN ROAD,Non-Injury Crash,No,2005,West,0.0,,Flat,,,,,Twilight,1463700.0,0.0,0.0,0.0,2.0,0.0,,,Hawke's Bay Region,Nil,2-way,Sealed,0.0,0.0,,50.0,,None,0.0,0.0,,30.0,Hastings District,Nil,,,,,0.0,0.0,Urban,0.0,,,Light rain
401814,1928818.0,5600976.0,545852.0,0.0,0.0,1.0,Null,2001/2002,TE AUTE ROAD,LONGLANDS ROAD EAST,Non-Injury Crash,No,2001,West,0.0,,Flat,,,,,Overcast,1465700.0,0.0,0.0,0.0,2.0,0.0,,,Hawke's Bay Region,Nil,2-way,Sealed,0.0,0.0,,100.0,,Null,0.0,0.0,,30.0,Hastings District,Give way,,,,,0.0,0.0,Open,1.0,,,Fine
533834,1932730.0,5601744.0,548831.0,0.0,0.0,1.0,South,2006/2007,PORTER DRIVE,NAPIER ROAD,Non-Injury Crash,No,2007,North,0.0,,Flat,,,,,Bright sun,1509700.0,0.0,0.0,0.0,2.0,0.0,,,Hawke's Bay Region,Nil,2-way,Sealed,0.0,0.0,,50.0,,Null,0.0,0.0,,30.0,Hastings District,Nil,,,,,0.0,0.0,Urban,1.0,,,Fine
160127,1915921.0,5604844.0,545841.0,0.0,0.0,2.0,West,2005/2006,SH 50,MARAEKAKAHO ROAD,Serious Crash,Yes,2005,East,0.0,,Null,,,,,Dark,1462901.0,1.0,0.0,0.0,2.0,0.0,,,Hawke's Bay Region,Nil,2-way,Sealed,0.0,1.0,,100.0,,None,0.0,0.0,,30.0,Hastings District,Nil,,,,,0.0,0.0,Open,0.0,,,Light rain
202313,1927993.0,5604837.0,547900.0,0.0,0.0,1.0,West,2000/2001,WALL ROAD,CAMPBELL ST,Non-Injury Crash,No,2000,East,0.0,,Flat,,,,,Overcast,1481700.0,0.0,0.0,0.0,2.0,0.0,,,Hawke's Bay Region,Nil,2-way,Sealed,0.0,0.0,,50.0,,Null,0.0,0.0,,30.0,Hastings District,Nil,,,,,0.0,0.0,Urban,1.0,,,Light rain
471822,1930025.0,5604642.0,548200.0,0.0,0.0,2.0,North,2009/2010,HERETAUNGA ST EAST,HASTINGS ST SOUTH,Non-Injury Crash,No,2009,North,0.0,,Flat,,,,,Bright sun,1493300.0,0.0,0.0,0.0,2.0,0.0,,,Hawke's Bay Region,Nil,2-way,Sealed,0.0,0.0,,50.0,,Null,0.0,0.0,,30.0,Hastings District,Nil,,,,,0.0,0.0,Urban,0.0,,,Fine
688184,1924137.0,5607624.0,548611.0,0.0,0.0,1.0,East,2013/2014,PALGRAVE AVENUE,WEDDELL ST,Minor Crash,No,2013,East,0.0,,Flat,,,,,Bright sun,1473902.0,1.0,0.0,0.0,1.0,0.0,,1.0,Hawke's Bay Region,Nil,2-way,Sealed,0.0,0.0,,50.0,,Null,0.0,0.0,,30.0,Hastings District,Nil,,,,,0.0,0.0,Urban,0.0,,,Fine
483347,1930558.0,5605337.0,548200.0,0.0,0.0,0.0,West,2007/2008,ALEXANDRA CRESCENT,KARAMU ROAD NORTH,Non-Injury Crash,No,2008,West,0.0,0.0,Flat,0.0,,0.0,0.0,Overcast,1494300.0,0.0,0.0,0.0,2.0,0.0,0.0,,Hawke's Bay Region,Nil,2-way,Sealed,0.0,0.0,0.0,50.0,0.0,Null,0.0,0.0,,30.0,Hastings District,Nil,0.0,0.0,0.0,0.0,1.0,0.0,Urban,0.0,0.0,0.0,Fine
41379,1930190.0,5607342.0,545710.0,0.0,0.0,0.0,South,2000/2001,PAKOWHAI ROAD,WILLIAMS ST,Minor Crash,No,2000,North,0.0,1.0,Flat,0.0,Christmas New Year,0.0,0.0,Dark,1471300.0,1.0,0.0,0.0,2.0,0.0,0.0,,Hawke's Bay Region,Nil,2-way,Sealed,0.0,0.0,0.0,50.0,0.0,On,0.0,0.0,,30.0,Hastings District,Nil,0.0,0.0,0.0,0.0,0.0,0.0,Urban,1.0,0.0,0.0,Fine
413065,1932139.0,5611571.0,545832.0,0.0,0.0,1.0,Null,2006/2007,PAKOWHAI ROAD,BROOKFIELDS ROAD,Minor Crash,No,2006,South,0.0,,Flat,,,,,Overcast,1403900.0,1.0,0.0,0.0,2.0,0.0,,,Hawke's Bay Region,Nil,2-way,Sealed,0.0,0.0,,80.0,,Null,0.0,0.0,,30.0,Hastings District,Nil,,,,,0.0,0.0,Open,1.0,,,Fine
327148,1930617.0,5604676.0,548200.0,0.0,0.0,1.0,South,2003/2004,WILLOWPARK ROAD NORTH,VICTORIA ST,Non-Injury Crash,No,2004,South,0.0,0.0,Flat,0.0,,0.0,0.0,Dark,1494900.0,0.0,0.0,0.0,2.0,0.0,0.0,,Hawke's Bay Region,Nil,2-way,Sealed,0.0,0.0,0.0,50.0,0.0,On,0.0,0.0,,30.0,Hastings District,Nil,0.0,0.0,0.0,0.0,0.0,0.0,Urban,0.0,0.0,0.0,Fine
149404,1929578.0,5605234.0,548200.0,0.0,0.0,2.0,South,2002/2003,HERETAUNGA ST WEST,NELSON ST SOUTH,Non-Injury Crash,No,2003,North,0.0,,Flat,,,,,Overcast,1490700.0,0.0,0.0,0.0,2.0,0.0,,,Hawke's Bay Region,Nil,2-way,Sealed,0.0,0.0,,50.0,,Null,0.0,0.0,,30.0,Hastings District,Unknown,,,,,0.0,0.0,Urban,0.0,,,Fine
563932,1931022.0,5613782.0,545831.0,0.0,0.0,1.0,Null,2003/2004,SH 50,PAKOWHAI ON SBD,Minor Crash,Yes,2004,South,0.0,,Flat,,,,,Bright sun,1404600.0,1.0,0.0,0.0,2.0,0.0,,,Hawke's Bay Region,Nil,2-way,Sealed,0.0,0.0,,100.0,,Null,0.0,0.0,,30.0,Hastings District,Traffic Signals,,,,,1.0,0.0,Open,0.0,,,Fine
18125,1931153.0,5600843.0,545762.0,0.0,0.0,2.0,Null,2017/2018,TE AUTE ROAD,GILPIN ROAD,Non-Injury Crash,No,2018,East,0.0,,Flat,,,,,Bright sun,1465200.0,0.0,0.0,0.0,2.0,0.0,,,Hawke's Bay Region,Nil,2-way,Sealed,0.0,0.0,,100.0,,Null,0.0,0.0,,30.0,Hastings District,Nil,,,,,0.0,0.0,Open,0.0,,,Fine
142375,1930750.0,5605388.0,548200.0,0.0,0.0,1.0,North,2004/2005,KARAMU ROAD NORTH,JERVOIS ST,Non-Injury Crash,No,2005,South,0.0,,Flat,,,,,Bright sun,1494300.0,0.0,0.0,0.0,2.0,0.0,,,Hawke's Bay Region,Nil,2-way,Sealed,0.0,0.0,,50.0,,Null,0.0,0.0,,30.0,Hastings District,Nil,,,,,0.0,0.0,Urban,1.0,,,Fine
618211,1929464.0,5605185.0,548200.0,0.0,0.0,2.0,Null,2004/2005,NELSON ST SOUTH,EASTBOURNE ST WEST,Non-Injury Crash,No,2004,West,0.0,,Flat,,,,,Bright sun,1488900.0,0.0,0.0,0.0,2.0,0.0,,,Hawke's Bay Region,Nil,2-way,Sealed,0.0,0.0,,50.0,,Null,0.0,0.0,,30.0,Hastings District,Give way,,,,,0.0,0.0,Urban,0.0,,,Fine
348995,1938337.0,5608444.0,545740.0,0.0,0.0,1.0,East,2009/2010,HAUMOANA ROAD,PARKHILL ROAD,Non-Injury Crash,No,2009,West,0.0,1.0,Flat,0.0,,0.0,0.0,Bright sun,1406900.0,0.0,0.0,0.0,2.0,0.0,0.0,,Hawke's Bay Region,Nil,2-way,Sealed,0.0,0.0,0.0,100.0,0.0,Null,0.0,0.0,,30.0,Hastings District,Nil,0.0,0.0,0.0,1.0,0.0,0.0,Open,0.0,0.0,0.0,Fine
390932,1924241.8278,5607576.9525,548611.0,0.0,0.0,1.0,Null,2019/2020,DIAZ DRIVE,SCOTT DRIVE,Minor Crash,No,2019,East,0.0,0.0,Flat,0.0,,0.0,0.0,Dark,1473902.0,1.0,0.0,0.0,2.0,0.0,2.0,,Hawke's Bay Region,Nil,2-way,Sealed,0.0,0.0,0.0,50.0,0.0,On,0.0,0.0,,30.0,Hastings District,Give way,0.0,0.0,0.0,0.0,0.0,1.0,Urban,1.0,0.0,0.0,Fine
461160,1935462.0,5594726.0,545860.0,0.0,0.0,1.0,South,2016/2017,KAHURANAKI ROAD,WAIMARAMA ROAD,Non-Injury Crash,No,2017,South,0.0,0.0,Flat,0.0,,0.0,0.0,Overcast,1467400.0,0.0,0.0,0.0,2.0,0.0,0.0,,Hawke's Bay Region,Nil,2-way,Sealed,0.0,0.0,0.0,100.0,0.0,Null,0.0,0.0,,30.0,Hastings District,Unknown,0.0,0.0,0.0,1.0,0.0,0.0,Open,0.0,0.0,0.0,Light rain
216066,1925201.0,5606902.0,548620.0,0.0,0.0,2.0,North,2000/2001,SWANSEA ROAD,BRISTOL CRESCENT,Non-Injury Crash,No,2000,East,0.0,,Flat,,,,,Overcast,1473700.0,0.0,0.0,0.0,2.0,0.0,,,Hawke's Bay Region,Nil,2-way,Sealed,0.0,0.0,,50.0,,Null,0.0,0.0,,30.0,Hastings District,Nil,,,,,0.0,0.0,Urban,0.0,,,Fine
494963,1924818.0,5600067.0,545852.0,0.0,0.0,0.0,South,2003/2004,SH 50A,TURAMOE ROAD,Non-Injury Crash,Yes,2004,West,0.0,0.0,Flat,0.0,,0.0,0.0,Overcast,1469600.0,0.0,0.0,0.0,2.0,0.0,0.0,,Hawke's Bay Region,Nil,2-way,Sealed,0.0,0.0,0.0,100.0,0.0,Null,0.0,0.0,,30.0,Hastings District,Nil,0.0,0.0,0.0,0.0,0.0,0.0,Open,1.0,0.0,0.0,Heavy rain
183512,1925117.0,5598113.0,545851.0,0.0,0.0,1.0,South,2002/2003,SH 2,OLD MAIN ROAD,Non-Injury Crash,Yes,2002,South,0.0,1.0,Hill Road,0.0,,0.0,0.0,Dark,1463900.0,0.0,0.0,0.0,2.0,0.0,0.0,,Hawke's Bay Region,Nil,2-way,Sealed,0.0,0.0,0.0,100.0,0.0,None,0.0,0.0,,30.0,Hastings District,Nil,0.0,0.0,0.0,0.0,0.0,0.0,Open,0.0,0.0,0.0,Fine
100944,1928049.0,5606989.0,547800.0,0.0,0.0,3.0,North,2017/2018,OMAHU ROAD,NOTTINGLEY ROAD,Non-Injury Crash,No,2017,South,0.0,,Flat,,,,,Overcast,1476700.0,0.0,0.0,0.0,2.0,0.0,,,Hawke's Bay Region,Nil,2-way,Sealed,0.0,0.0,,50.0,,Off,0.0,0.0,,30.0,Hastings District,Unknown,,,,,0.0,0.0,Urban,0.0,,,Light rain
569347,1931914.7652,5601884.1338,548810.0,0.0,0.0,2.0,East,2016/2017,LIPSCOMBE CRESCENT,PANCKHURST ST,Non-Injury Crash,No,2017,South,0.0,1.0,Flat,0.0,,0.0,0.0,Dark,1504800.0,0.0,0.0,0.0,2.0,0.0,1.0,,Hawke's Bay Region,Nil,2-way,Sealed,0.0,0.0,0.0,50.0,0.0,On,0.0,0.0,,30.0,Hastings District,Unknown,0.0,0.0,0.0,0.0,0.0,0.0,Urban,0.0,0.0,0.0,Light rain
155100,1929179.0,5605159.0,548200.0,0.0,0.0,2.0,Null,2003/2004,SOUTHLAND ROAD,SOUTHAMPTON ST WEST,Non-Injury Crash,No,2004,East,0.0,0.0,Flat,0.0,,0.0,0.0,Dark,1488600.0,0.0,0.0,0.0,2.0,0.0,1.0,,Hawke's Bay Region,Nil,2-way,Sealed,0.0,0.0,0.0,50.0,0.0,On,0.0,0.0,,30.0,Hastings District,Give way,0.0,0.0,0.0,0.0,0.0,0.0,Urban,0.0,0.0,0.0,Heavy rain
532451,1929255.0,5609110.0,545710.0,0.0,0.0,0.0,Null,2002/2003,EVENDEN ROAD,ORMOND ROAD,Minor Crash,No,2003,West,0.0,,Flat,,,,,Bright sun,1471000.0,1.0,0.0,1.0,2.0,0.0,,,Hawke's Bay Region,Nil,2-way,Sealed,0.0,0.0,,100.0,,Null,0.0,0.0,,30.0,Hastings District,Give way,,,,,1.0,0.0,Open,0.0,,,Fine
439287,1930757.0,5606610.0,547600.0,0.0,0.0,2.0,Null,2014/2015,TOMOANA ROAD,WILLIAMS ST,Non-Injury Crash,No,2015,North,0.0,,Flat,,,,,Bright sun,1484000.0,0.0,0.0,0.0,2.0,0.0,,,Hawke's Bay Region,Nil,2-way,Sealed,0.0,0.0,,50.0,,Null,0.0,0.0,,30.0,Hastings District,Stop,,,,,0.0,0.0,Urban,0.0,,,Fine
315819,1927578.0,5607439.0,548400.0,0.0,0.0,1.0,Null,2004/2005,SH 50A,OMAHU ROAD,Non-Injury Crash,Yes,2004,West,0.0,,Flat,,,,,Overcast,1473600.0,0.0,0.0,0.0,2.0,0.0,,,Hawke's Bay Region,Nil,2-way,Sealed,0.0,0.0,,100.0,,Null,0.0,0.0,30.0,30.0,Hastings District,Give way,,,,,0.0,0.0,Open,1.0,,,Fine
663712,1930935.0,5613540.0,545831.0,0.0,0.0,2.0,Null,2009/2010,SH 50A,SH 50 LINKS ROAD,Non-Injury Crash,Yes,2010,North,0.0,,Flat,,,,,Bright sun,1404600.0,0.0,0.0,0.0,2.0,0.0,,,Hawke's Bay Region,Nil,2-way,Sealed,0.0,0.0,,100.0,,Null,0.0,0.0,,30.0,Hastings District,Give way,,,,,0.0,0.0,Open,0.0,,,Fine
8604,1930445.0,5605078.0,548200.0,0.0,0.0,1.0,Null,2003/2004,WARREN ST NORTH,VICTORIA ST,Non-Injury Crash,No,2004,North,0.0,,Flat,,,,,Bright sun,1494500.0,0.0,0.0,0.0,2.0,0.0,,,Hawke's Bay Region,Nil,2-way,Sealed,0.0,0.0,,50.0,,Null,0.0,0.0,,30.0,Hastings District,Give way,,,,,0.0,0.0,Urban,1.0,,,Fine
6973,1932652.0,5609542.0,545832.0,0.0,0.0,0.0,Null,2015/2016,CHESTERHOPE BRIDGE,FARNDON ROAD,Serious Crash,No,2016,North,0.0,,Hill Road,,,,,Overcast,1404300.0,0.0,1.0,0.0,2.0,0.0,,,Hawke's Bay Region,Nil,2-way,Sealed,0.0,1.0,,80.0,,Null,0.0,0.0,,30.0,Hastings District,Give way,,,,,0.0,0.0,Open,1.0,,,Fine
211927,1930001.0,5605075.0,548200.0,0.0,0.0,1.0,South,2001/2002,AVENUE ROAD EAST,RUSSELL ST NORTH,Non-Injury Crash,No,2001,South,0.0,,Flat,,,,,Twilight,1492200.0,0.0,0.0,0.0,1.0,0.0,,,Hawke's Bay Region,Nil,2-way,Sealed,0.0,0.0,,50.0,,On,0.0,0.0,,30.0,Hastings District,Nil,,,,,0.0,0.0,Urban,0.0,,,Fine
627545,1931724.0,5608523.0,545710.0,0.0,0.0,1.0,East,2014/2015,PAKOWHAI ROAD,ELWOOD ROAD,Non-Injury Crash,No,2014,East,0.0,,Flat,,,,,Overcast,1471100.0,0.0,0.0,0.0,2.0,0.0,,,Hawke's Bay Region,Nil,2-way,Sealed,0.0,0.0,,80.0,,Off,0.0,0.0,,30.0,Hastings District,Nil,,,,,0.0,0.0,Open,1.0,,,Fine
114444,1933388.0,5604906.0,545721.0,0.0,0.0,1.0,Null,2008/2009,ST GEORGES ROAD,HASSEL ROAD,Minor Crash,No,2008,East,0.0,0.0,Flat,0.0,,0.0,0.0,Dark,1473100.0,1.0,0.0,0.0,2.0,0.0,0.0,,Hawke's Bay Region,Nil,2-way,Sealed,0.0,0.0,0.0,100.0,0.0,On,0.0,0.0,,30.0,Hastings District,Nil,0.0,0.0,0.0,0.0,0.0,0.0,Open,0.0,0.0,0.0,Fine
498194,1929383.6603,5605489.9543,548200.0,0.0,0.0,1.0,Null,2019/2020,HERETAUNGA STREET WEST,CHARLES STREET,Non-Injury Crash,No,2020,South,0.0,0.0,Flat,0.0,,1.0,0.0,Overcast,1488800.0,0.0,0.0,0.0,2.0,0.0,0.0,,Hawke's Bay Region,Nil,2-way,Sealed,0.0,0.0,0.0,50.0,0.0,Off,0.0,0.0,,30.0,Hastings District,Give way,0.0,0.0,0.0,0.0,0.0,0.0,Urban,0.0,0.0,0.0,Light rain
600694,1929905.0,5605001.0,548200.0,0.0,0.0,2.0,Null,2000/2001,QUEEN ST EAST,RUSSELL ST NORTH,Non-Injury Crash,No,2001,South,0.0,,Flat,,,,,Dark,1492200.0,0.0,0.0,0.0,2.0,0.0,,,Hawke's Bay Region,Rail xing,2-way,Sealed,0.0,0.0,,50.0,,On,0.0,0.0,,30.0,Hastings District,Traffic Signals,,,,,0.0,0.0,Urban,0.0,,,Fine
228298,1941002.0,5657045.0,545911.0,0.0,0.0,2.0,West,2001/2002,SH 2,MATAHORUA HALF BR,Serious Crash,Yes,2002,North,0.0,,Hill Road,,,,,Overcast,1416000.0,0.0,0.0,0.0,2.0,0.0,,,Hawke's Bay Region,Nil,2-way,Sealed,0.0,1.0,,100.0,,Null,0.0,0.0,,30.0,Hastings District,Nil,,,,,0.0,0.0,Open,0.0,,,Fine
21640,1934455.0,5632802.0,545812.0,0.0,0.0,0.0,South,2007/2008,SH 2,NORTH SHORE ROAD,Serious Crash,Yes,2008,South,0.0,,Flat,,,,,Bright sun,1414903.0,0.0,0.0,1.0,2.0,0.0,,,Hawke's Bay Region,Nil,2-way,Sealed,0.0,1.0,,100.0,,Null,0.0,0.0,,30.0,Hastings District,Nil,,,,,0.0,0.0,Open,0.0,,,Fine
609533,1931870.0,5607130.0,545721.0,1.0,0.0,0.0,Null,2010/2011,ELWOOD ROAD,OTENE ROAD,Serious Crash,No,2011,South,0.0,,Hill Road,,,,,Dark,1471700.0,0.0,0.0,0.0,2.0,0.0,,,Hawke's Bay Region,Rail xing,2-way,Sealed,0.0,1.0,,100.0,,On,0.0,0.0,,30.0,Hastings District,Give way,,,,,0.0,0.0,Open,1.0,,,Fine
469058,1933620.0,5612746.0,545832.0,0.0,0.0,0.0,Null,2006/2007,BROOKFIELDS ROAD,BROOKFIELDS BR,Non-Injury Crash,No,2007,North,0.0,,Hill Road,,,,,Bright sun,1403900.0,0.0,0.0,0.0,1.0,0.0,,,Hawke's Bay Region,Bridge,1-way,Sealed,0.0,0.0,,50.0,,Null,1.0,0.0,,30.0,Hastings District,Nil,,,,,1.0,0.0,Urban,0.0,,,Fine
481309,1930452.7023,5605205.592,548200.0,0.0,0.0,1.0,West,2019/2020,KARAMU ROAD NORTH,ALBERT STREET,Minor Crash,No,2020,South,0.0,,Flat,,,,,Bright sun,1494100.0,1.0,0.0,0.0,2.0,0.0,,1.0,Hawke's Bay Region,Nil,2-way,Sealed,0.0,0.0,,50.0,,Off,0.0,0.0,,30.0,Hastings District,Unknown,,,,,0.0,0.0,Urban,0.0,,,Fine
52564,1934437.0,5608744.0,545722.0,0.0,0.0,0.0,Null,2001/2002,STATION ROAD,NGARURORO AVENUE,Fatal Crash,No,2001,East,1.0,,Flat,,,,,Overcast,1406102.0,0.0,0.0,0.0,2.0,0.0,,1.0,Hawke's Bay Region,Nil,2-way,Sealed,0.0,0.0,,50.0,,Null,0.0,0.0,,30.0,Hastings District,Nil,,,,,1.0,0.0,Urban,0.0,,,Fine
727205,1930251.2057,5600861.1585,545762.0,0.0,0.0,1.0,West,2019/2020,TE AUTE ROAD,RICHARD ROAD,Non-Injury Crash,No,2019,North,0.0,,Flat,,,,,Overcast,1465200.0,0.0,0.0,0.0,2.0,0.0,,,Hawke's Bay Region,Nil,2-way,Sealed,0.0,0.0,,100.0,,None,0.0,0.0,,30.0,Hastings District,Unknown,,,,,0.0,0.0,Open,0.0,,,Fine
525109,1934279.0,5607635.0,545722.0,0.0,0.0,2.0,North,2005/2006,SH 2,PILCHER ROAD,Fatal Crash,Yes,2005,North,1.0,0.0,Flat,0.0,,0.0,0.0,Dark,1406300.0,0.0,0.0,0.0,2.0,0.0,0.0,1.0,Hawke's Bay Region,Nil,2-way,Sealed,0.0,0.0,0.0,100.0,0.0,None,0.0,0.0,,30.0,Hastings District,Nil,0.0,0.0,0.0,0.0,0.0,0.0,Open,1.0,0.0,0.0,Fine
330224,1932619.4851,5601599.302,548821.0,0.0,0.0,3.0,South,2018/2019,JOLL ROAD,TE MATA ROAD,Non-Injury Crash,No,2019,East,0.0,0.0,Hill Road,0.0,,0.0,0.0,Bright sun,1507001.0,0.0,0.0,0.0,2.0,0.0,3.0,,Hawke's Bay Region,Nil,2-way,Sealed,0.0,0.0,0.0,50.0,0.0,Off,0.0,0.0,,30.0,Hastings District,Unknown,0.0,0.0,0.0,0.0,0.0,0.0,Urban,1.0,0.0,0.0,Fine
122938,1910953.0,5663855.0,545911.0,0.0,0.0,1.0,South,2015/2016,SH 5,TE HAROTO ROAD,Non-Injury Crash,Yes,2016,East,0.0,0.0,Hill Road,0.0,,0.0,0.0,Twilight,1414400.0,0.0,0.0,0.0,2.0,0.0,0.0,,Hawke's Bay Region,Nil,2-way,Sealed,0.0,0.0,0.0,100.0,0.0,None,0.0,0.0,,30.0,Hastings District,Unknown,0.0,0.0,0.0,0.0,0.0,0.0,Open,0.0,0.0,0.0,Fine
1434,1929440.0,5605167.0,548200.0,0.0,0.0,1.0,South,2003/2004,NELSON ST SOUTH,EASTBOURNE ST WEST,Non-Injury Crash,No,2004,North,0.0,,Flat,,,,,Overcast,1488700.0,0.0,0.0,0.0,2.0,0.0,,,Hawke's Bay Region,Nil,2-way,Sealed,0.0,0.0,,50.0,,Null,0.0,0.0,,30.0,Hastings District,Nil,,,,,1.0,0.0,Urban,0.0,,,Light rain
622029,1925231.0,5599173.0,545852.0,0.0,0.0,1.0,South,2018/2019,SH 2,PAKIPAKI OFF NBD,Non-Injury Crash,Yes,2018,North,0.0,0.0,Flat,0.0,,0.0,0.0,Dark,1463602.0,0.0,0.0,0.0,2.0,0.0,0.0,,Hawke's Bay Region,Nil,2-way,Sealed,0.0,0.0,0.0,100.0,0.0,None,0.0,0.0,,30.0,Hastings District,Unknown,0.0,1.0,0.0,0.0,0.0,0.0,Open,0.0,0.0,0.0,Fine
67123,1925083.0,5603403.0,545842.0,0.0,0.0,2.0,West,2015/2016,MARAEKAKAHO ROAD,PAKI PAKI ROAD,Non-Injury Crash,No,2015,East,0.0,1.0,Flat,0.0,,0.0,0.0,Bright sun,1470213.0,0.0,0.0,0.0,2.0,0.0,0.0,,Hawke's Bay Region,Nil,2-way,Sealed,0.0,0.0,0.0,100.0,0.0,Null,0.0,0.0,,30.0,Hastings District,Nil,0.0,0.0,0.0,0.0,0.0,0.0,Open,0.0,0.0,0.0,Fine
59905,1922658.0,5596210.0,545851.0,0.0,0.0,0.0,South,2006/2007,SH 2,OLD MAIN ROAD,Serious Crash,Yes,2006,North,0.0,1.0,Flat,0.0,,0.0,0.0,Dark,1463900.0,0.0,0.0,0.0,2.0,0.0,0.0,,Hawke's Bay Region,Nil,2-way,Sealed,0.0,1.0,0.0,100.0,0.0,None,1.0,0.0,,30.0,Hastings District,Nil,0.0,0.0,0.0,1.0,0.0,0.0,Open,0.0,0.0,0.0,Mist or Fog
576536,1929022.0,5606585.0,547800.0,0.0,0.0,0.0,West,2006/2007,FRIMLEY ROAD,PAKOWHAI ROAD,Serious Crash,No,2006,West,0.0,,Flat,,,,,Overcast,1477500.0,0.0,1.0,0.0,2.0,0.0,,,Hawke's Bay Region,Nil,2-way,Sealed,0.0,1.0,,50.0,,Null,1.0,0.0,,30.0,Hastings District,Nil,,,,,0.0,0.0,Urban,0.0,,,Fine
400315,1929179.0,5605159.0,548200.0,0.0,0.0,1.0,Null,2005/2006,SOUTHLAND ROAD,SOUTHAMPTON ST WEST,Non-Injury Crash,No,2005,South,0.0,,Flat,,,,,Dark,1488600.0,0.0,0.0,1.0,2.0,0.0,,,Hawke's Bay Region,Nil,2-way,Sealed,0.0,0.0,,50.0,,On,0.0,0.0,,30.0,Hastings District,Give way,,,,,0.0,0.0,Urban,0.0,,,Fine
441634,1924212.0,5607657.0,548611.0,0.0,0.0,1.0,South,2015/2016,Z DRIVEWAY,LANDER ST,Serious Crash,No,2016,North,0.0,0.0,Flat,0.0,,1.0,0.0,Bright sun,1473902.0,0.0,0.0,0.0,1.0,0.0,0.0,2.0,Hawke's Bay Region,Nil,Off road,Sealed,0.0,2.0,0.0,10.0,0.0,Null,0.0,0.0,,30.0,Hastings District,Unknown,0.0,0.0,0.0,0.0,0.0,0.0,Urban,0.0,0.0,0.0,Null
16025,1928456.0,5605700.0,547700.0,0.0,0.0,1.0,Null,2000/2001,FRANCIS HICKS AVENUE,PURIRI ST,Minor Crash,No,2001,East,0.0,,Flat,,,,,Bright sun,1486500.0,1.0,1.0,0.0,2.0,0.0,,,Hawke's Bay Region,Nil,2-way,Sealed,0.0,0.0,,50.0,,Null,0.0,0.0,,30.0,Hastings District,Nil,,,,,0.0,0.0,Urban,0.0,,,Fine
742307,1925889.3649,5606709.1303,548620.0,0.0,0.0,1.0,West,2019/2020,DOVER ROAD,FOLKESTONE DRIVE,Non-Injury Crash,No,2020,West,0.0,0.0,Flat,0.0,,0.0,0.0,Bright sun,1476300.0,0.0,0.0,0.0,2.0,0.0,1.0,,Hawke's Bay Region,Nil,2-way,Sealed,0.0,0.0,0.0,50.0,0.0,Off,0.0,0.0,,30.0,Hastings District,Nil,0.0,0.0,0.0,0.0,0.0,0.0,Urban,0.0,0.0,0.0,Fine
383001,1929284.0,5598455.0,545852.0,0.0,0.0,1.0,North,2003/2004,MIDDLE ROAD,CRYSTALL ROAD,Non-Injury Crash,No,2003,South,0.0,0.0,Hill Road,0.0,,0.0,0.0,Dark,1465700.0,0.0,0.0,0.0,2.0,0.0,0.0,,Hawke's Bay Region,Nil,2-way,Sealed,0.0,0.0,0.0,100.0,0.0,None,0.0,0.0,,30.0,Hastings District,Nil,0.0,0.0,0.0,0.0,0.0,0.0,Open,0.0,0.0,0.0,Fine