OBJECTID,X,Y,areaUnitID,bicycle,bus,carStationWagon,crashDirectionDescription,crashFinancialYear,crashLocation1,crashLocation2,crashSeverity,crashSHDescription,crashYear,directionRoleDescription,fatalCount,fence,flatHill,guardRail,holiday,houseOrBuilding,kerb,light,meshblockId,minorInjuryCount,moped,motorcycle,NumberOfLanes,otherVehicleType,parkedVehicle,pedestrian,region,roadCharacter,roadLane,roadSurface,schoolBus,seriousInjuryCount,slipOrFlood,speedLimit,strayAnimal,streetLight,suv,taxi,temporarySpeedLimit,tlaId,tlaName,trafficControl,trafficIsland,trafficSign,train,tree,truck,unknownVehicleType,urban,vanOrUtility,vehicle,waterRiver,weatherA
668836,1911758.0,5585802.0,545851.0,0.0,0.0,1.0,Null,2001/2002,SH 2,BOUNDARY ROAD,Non-Injury Crash,Yes,2002,South,0.0,0.0,Hill Road,0.0,,0.0,0.0,Bright sun,1464900.0,0.0,0.0,0.0,2.0,0.0,0.0,,Hawke's Bay Region,Nil,2-way,Sealed,0.0,0.0,0.0,100.0,0.0,Null,0.0,0.0,,30.0,Hastings District,Give way,0.0,0.0,0.0,0.0,0.0,0.0,Open,0.0,0.0,0.0,Fine
45171,1929993.0,5604885.0,548200.0,0.0,0.0,2.0,Null,2004/2005,QUEEN ST EAST,KARAMU ROAD NORTH,Minor Crash,No,2004,East,0.0,,Flat,,,,,Dark,1492800.0,1.0,0.0,0.0,2.0,0.0,,,Hawke's Bay Region,Nil,2-way,Sealed,0.0,0.0,,50.0,,On,0.0,0.0,,30.0,Hastings District,Traffic Signals,,,,,0.0,0.0,Urban,0.0,,,Light rain
671445,1928009.0,5605668.0,547900.0,0.0,0.0,1.0,Null,2009/2010,MARAEKAKAHO ROAD,GORDON ROAD,Non-Injury Crash,No,2009,South,0.0,,Flat,,,,,Bright sun,1479900.0,0.0,0.0,0.0,2.0,0.0,,,Hawke's Bay Region,Nil,2-way,Sealed,0.0,0.0,,50.0,,Null,0.0,0.0,,30.0,Hastings District,Give way,,,,,0.0,0.0,Urban,1.0,,,Fine
172826,1932847.0,5608102.0,545721.0,0.0,0.0,0.0,South,2010/2011,RUAHAPIA ROAD,OTENE ROAD,Minor Crash,No,2011,South,0.0,1.0,Flat,0.0,,0.0,0.0,Overcast,1471900.0,1.0,0.0,0.0,2.0,0.0,0.0,,Hawke's Bay Region,Nil,2-way,Sealed,0.0,0.0,0.0,100.0,0.0,Null,1.0,0.0,,30.0,Hastings District,Nil,0.0,0.0,0.0,0.0,0.0,0.0,Open,0.0,0.0,0.0,Light rain
707552,1930286.0,5606255.0,547600.0,0.0,0.0,2.0,Null,2003/2004,TOMOANA ROAD,CORNWALL ROAD,Non-Injury Crash,No,2003,North,0.0,,Flat,,,,,Dark,1484300.0,0.0,0.0,0.0,2.0,0.0,,,Hawke's Bay Region,Nil,2-way,Sealed,0.0,0.0,,50.0,,On,0.0,0.0,,30.0,Hastings District,Nil,,,,,0.0,0.0,Urban,0.0,,,Fine
314428,1929389.0374,5614225.6223,545831.0,0.0,0.0,0.0,Null,2019/2020,LINKS ROAD,KOROKIPO ROAD,Non-Injury Crash,Yes,2020,North,0.0,,Flat,,,,,Bright sun,1404600.0,0.0,0.0,0.0,2.0,0.0,,,Hawke's Bay Region,Nil,2-way,Sealed,0.0,0.0,,100.0,,Off,0.0,0.0,,30.0,Hastings District,Give way,,,,,1.0,0.0,Open,1.0,,,Fine
117608,1927602.0,5621282.0,545821.0,0.0,0.0,1.0,South,2008/2009,PUKETAPU ROAD,PUKETITIRI ROAD,Minor Crash,No,2008,South,0.0,0.0,Hill Road,0.0,Christmas New Year,0.0,0.0,Overcast,1410902.0,1.0,0.0,0.0,2.0,0.0,0.0,,Hawke's Bay Region,Nil,2-way,Sealed,0.0,0.0,0.0,50.0,0.0,Null,0.0,0.0,,30.0,Hastings District,Nil,0.0,0.0,0.0,1.0,0.0,0.0,Urban,0.0,0.0,0.0,Heavy rain
458687,1929826.0,5605509.0,548200.0,0.0,0.0,1.0,West,2001/2002,ST AUBYN ST WEST,NELSON ST NORTH,Non-Injury Crash,No,2002,North,0.0,,Flat,,,,,Overcast,1490403.0,0.0,0.0,0.0,2.0,0.0,,,Hawke's Bay Region,Nil,2-way,Sealed,0.0,0.0,,50.0,,Null,0.0,0.0,,30.0,Hastings District,Nil,,,,,1.0,0.0,Urban,0.0,,,Fine
541229,1934251.0,5609758.0,545832.0,0.0,0.0,1.0,West,2016/2017,FARNDON ROAD,FARNDON OBR,Fatal Crash,No,2017,West,1.0,,Flat,,,,,Overcast,1404200.0,0.0,0.0,0.0,2.0,0.0,,,Hawke's Bay Region,Nil,2-way,Sealed,0.0,0.0,,100.0,,Null,0.0,0.0,,30.0,Hastings District,Unknown,,,,,1.0,0.0,Open,0.0,,,Fine
619030,1925216.0,5606434.0,548620.0,0.0,0.0,2.0,West,2017/2018,LIVERPOOL CRESCENT,TILBURY ST,Non-Injury Crash,No,2018,North,0.0,0.0,Flat,0.0,Queens Birthday,0.0,0.0,Dark,1474700.0,0.0,0.0,0.0,2.0,0.0,1.0,,Hawke's Bay Region,Nil,2-way,Sealed,0.0,0.0,0.0,50.0,0.0,On,0.0,0.0,,30.0,Hastings District,Nil,0.0,0.0,0.0,0.0,0.0,0.0,Urban,0.0,0.0,0.0,Fine
590946,1932391.0,5606188.0,545721.0,0.0,0.0,2.0,West,2015/2016,SH 2,BENNETT ROAD,Non-Injury Crash,Yes,2016,East,0.0,,Flat,,Easter,,,Overcast,1472300.0,0.0,0.0,0.0,2.0,0.0,,,Hawke's Bay Region,Nil,2-way,Sealed,0.0,0.0,,70.0,,Null,0.0,0.0,,30.0,Hastings District,Stop,,,,,0.0,0.0,Urban,1.0,,,Light rain
586046,1925113.0,5606917.0,548620.0,0.0,0.0,2.0,South,2006/2007,Z CPK SWANSEA VILLAGE,SWANSEA/HENDERSON,Non-Injury Crash,No,2007,South,0.0,,Flat,,,,,Bright sun,1473700.0,0.0,0.0,0.0,1.0,0.0,,,Hawke's Bay Region,Nil,Off road,Sealed,0.0,0.0,,50.0,,Null,0.0,0.0,,30.0,Hastings District,Nil,,,,,0.0,0.0,Urban,0.0,,,Fine
137601,1935152.0,5652954.0,545911.0,0.0,0.0,1.0,South,2013/2014,SH 2,WAIKOAU ROAD,Minor Crash,Yes,2014,South,0.0,,Flat,,,,,Dark,1415200.0,1.0,0.0,0.0,2.0,0.0,,,Hawke's Bay Region,Nil,2-way,Sealed,0.0,0.0,,100.0,,None,0.0,0.0,,30.0,Hastings District,Nil,,,,,1.0,0.0,Open,0.0,,,Fine
537983,1929233.0,5606618.0,547800.0,0.0,0.0,2.0,West,2008/2009,PAKOWHAI ROAD,FITZROY AVENUE,Non-Injury Crash,No,2008,South,0.0,,Flat,,,,,Bright sun,1477600.0,0.0,0.0,0.0,2.0,0.0,,,Hawke's Bay Region,Nil,2-way,Sealed,0.0,0.0,,50.0,,Null,0.0,0.0,,30.0,Hastings District,Nil,,,,,0.0,0.0,Urban,0.0,,,Fine
91002,1928883.0,5606152.0,547700.0,0.0,0.0,0.0,South,2013/2014,HERETAUNGA ST WEST,STORTFORD ST,Non-Injury Crash,No,2014,South,0.0,,Flat,,,,,Bright sun,1486700.0,0.0,0.0,0.0,2.0,0.0,,,Hawke's Bay Region,Nil,2-way,Sealed,0.0,0.0,,50.0,,Null,2.0,0.0,,30.0,Hastings District,Nil,,,,,0.0,0.0,Urban,0.0,,,Fine
598065,1929501.0,5605937.0,547700.0,0.0,0.0,2.0,West,2003/2004,ST AUBYN ST WEST,MCLEAN ST,Non-Injury Crash,No,2003,East,0.0,0.0,Flat,0.0,,0.0,0.0,Bright sun,1488300.0,0.0,0.0,0.0,2.0,0.0,1.0,,Hawke's Bay Region,Nil,2-way,Sealed,0.0,0.0,0.0,50.0,0.0,Null,0.0,0.0,,30.0,Hastings District,Nil,0.0,0.0,0.0,0.0,0.0,0.0,Urban,0.0,0.0,0.0,Fine
440169,1933298.0,5612124.0,545832.0,0.0,0.0,1.0,South,2008/2009,BROOKFIELDS ROAD,SISSONS ROAD,Non-Injury Crash,No,2009,South,0.0,1.0,Flat,0.0,,0.0,0.0,Overcast,1404000.0,0.0,0.0,0.0,2.0,0.0,0.0,,Hawke's Bay Region,Nil,2-way,Sealed,0.0,0.0,0.0,100.0,0.0,Null,0.0,0.0,,30.0,Hastings District,Nil,0.0,0.0,0.0,0.0,0.0,0.0,Open,0.0,0.0,0.0,Light rain
83883,1924399.0,5603646.0,545842.0,0.0,0.0,2.0,Null,2004/2005,MARAEKAKAHO ROAD,STOCK ROAD,Non-Injury Crash,No,2005,East,0.0,,Flat,,,,,Twilight,1470213.0,0.0,0.0,0.0,2.0,0.0,,,Hawke's Bay Region,Nil,2-way,Sealed,0.0,0.0,,100.0,,None,0.0,0.0,,30.0,Hastings District,Give way,,,,,0.0,0.0,Open,0.0,,,Fine
194404,1927917.0,5601772.0,545762.0,0.0,0.0,3.0,Null,2011/2012,LONGLANDS ROAD EAST,RIVERSLEA ROAD SOUTH,Non-Injury Crash,No,2011,North,0.0,,Flat,,Christmas New Year,,,Bright sun,1468400.0,0.0,0.0,0.0,2.0,0.0,,,Hawke's Bay Region,Nil,2-way,Sealed,0.0,0.0,,100.0,,Null,0.0,0.0,,30.0,Hastings District,Give way,,,,,0.0,0.0,Open,0.0,,,Fine
595286,1930063.0,5602938.0,548300.0,0.0,0.0,1.0,Null,2011/2012,COPELAND ROAD,NORTON ROAD,Non-Injury Crash,No,2011,East,0.0,0.0,Flat,0.0,,0.0,0.0,Dark,1504700.0,0.0,0.0,0.0,2.0,0.0,0.0,,Hawke's Bay Region,Nil,2-way,Sealed,0.0,0.0,0.0,50.0,0.0,On,0.0,0.0,,30.0,Hastings District,Give way,0.0,0.0,0.0,1.0,0.0,0.0,Urban,0.0,0.0,0.0,Fine
317039,1930341.0,5604822.0,548200.0,0.0,0.0,2.0,Null,2014/2015,ST AUBYN ST EAST,HASTINGS ST NORTH,Minor Crash,No,2014,South,0.0,0.0,Flat,0.0,,0.0,0.0,Bright sun,1494400.0,2.0,0.0,0.0,3.0,0.0,0.0,,Hawke's Bay Region,Nil,2-way,Sealed,0.0,0.0,0.0,50.0,0.0,Off,0.0,0.0,,30.0,Hastings District,Stop,0.0,0.0,0.0,0.0,0.0,0.0,Urban,1.0,1.0,0.0,Fine
525243,1929634.0,5605762.0,548200.0,0.0,0.0,2.0,Null,2003/2004,ST AUBYN ST WEST,TOMOANA ROAD,Non-Injury Crash,No,2004,West,0.0,,Flat,,,,,Overcast,1490300.0,0.0,0.0,0.0,4.0,0.0,,,Hawke's Bay Region,Nil,2-way,Sealed,0.0,0.0,,50.0,,Null,0.0,0.0,,30.0,Hastings District,Traffic Signals,,,,,0.0,0.0,Urban,0.0,,,Mist or Fog
567871,1930678.0,5606095.0,547600.0,0.0,0.0,0.0,Null,2016/2017,FREDERICK ST,NELSON ST NORTH,Minor Crash,No,2017,South,0.0,0.0,Flat,0.0,,0.0,0.0,Dark,1483500.0,1.0,0.0,0.0,2.0,0.0,0.0,,Hawke's Bay Region,Nil,2-way,Sealed,0.0,0.0,0.0,50.0,0.0,On,0.0,0.0,,30.0,Hastings District,Give way,0.0,0.0,0.0,0.0,0.0,0.0,Urban,1.0,0.0,0.0,Fine
699952,1929851.0,5605275.0,548200.0,0.0,0.0,2.0,Null,2006/2007,KING ST NORTH,AVENUE ROAD WEST,Non-Injury Crash,No,2006,South,0.0,,Flat,,,,,Overcast,1490900.0,0.0,0.0,0.0,2.0,0.0,,,Hawke's Bay Region,Nil,2-way,Sealed,0.0,0.0,,50.0,,Off,0.0,0.0,,30.0,Hastings District,Give way,,,,,0.0,0.0,Urban,0.0,,,Light rain
265049,1929665.0,5604718.0,548200.0,0.0,0.0,2.0,South,2017/2018,LYNDON ROAD EAST,RUSSELL ST SOUTH,Non-Injury Crash,No,2018,North,0.0,,Flat,,,,,Bright sun,1491900.0,0.0,0.0,0.0,2.0,0.0,,,Hawke's Bay Region,Nil,2-way,Sealed,0.0,0.0,,50.0,,Null,0.0,0.0,,30.0,Hastings District,Nil,,,,,0.0,0.0,Urban,0.0,,,Fine
706990,1923352.0,5610218.0,545710.0,0.0,0.0,1.0,Null,2015/2016,OMAHU ROAD,SH 50,Non-Injury Crash,Yes,2015,South,0.0,0.0,Flat,0.0,,0.0,0.0,Overcast,1470500.0,0.0,0.0,0.0,2.0,0.0,0.0,,Hawke's Bay Region,Nil,1-way,Sealed,0.0,0.0,0.0,50.0,0.0,Null,0.0,0.0,,30.0,Hastings District,Give way,0.0,0.0,0.0,0.0,0.0,0.0,Urban,0.0,0.0,0.0,Heavy rain
590025,1927976.0,5606361.0,548500.0,0.0,0.0,1.0,South,2007/2008,Z HERETAUNGA INTM SCHOOL,LOWE/KIWI,Non-Injury Crash,No,2007,West,0.0,0.0,Flat,0.0,Christmas New Year,0.0,0.0,Overcast,1479500.0,0.0,0.0,0.0,0.0,0.0,0.0,,Hawke's Bay Region,Nil,Off road,Sealed,0.0,0.0,0.0,50.0,0.0,Null,0.0,0.0,,30.0,Hastings District,Nil,0.0,0.0,0.0,0.0,0.0,0.0,Urban,0.0,0.0,0.0,Fine
562073,1925111.0,5606977.0,548620.0,0.0,0.0,2.0,North,2007/2008,Z CPK SWANSEA,SWANSEA/HENDERSON,Non-Injury Crash,No,2007,South,0.0,,Flat,,,,,Twilight,1473700.0,0.0,0.0,0.0,0.0,0.0,,,Hawke's Bay Region,Nil,Off road,Sealed,0.0,0.0,,50.0,,Off,0.0,0.0,,30.0,Hastings District,Nil,,,,,0.0,0.0,Urban,0.0,,,Fine
339905,1933354.0,5601989.0,548831.0,0.0,1.0,1.0,Null,2010/2011,TE MATA ROAD,DANVERS ST,Non-Injury Crash,No,2010,East,0.0,,Flat,,,,,Overcast,1509900.0,0.0,0.0,0.0,2.0,0.0,,,Hawke's Bay Region,Nil,2-way,Sealed,0.0,0.0,,50.0,,Null,0.0,0.0,,30.0,Hastings District,Give way,,,,,0.0,0.0,Urban,0.0,,,Light rain
27987,1929560.0,5605055.0,548200.0,0.0,0.0,1.0,Null,2008/2009,EASTBOURNE ST WEST,KING ST SOUTH,Non-Injury Crash,No,2009,West,0.0,0.0,Flat,0.0,,0.0,0.0,Dark,1489400.0,0.0,0.0,0.0,2.0,0.0,0.0,,Hawke's Bay Region,Nil,2-way,Sealed,0.0,0.0,0.0,50.0,0.0,On,0.0,0.0,,30.0,Hastings District,Give way,1.0,1.0,0.0,0.0,0.0,0.0,Urban,0.0,0.0,0.0,Fine
635291,1931173.0,5600062.0,548822.0,0.0,0.0,0.0,Null,2008/2009,MIDDLE ROAD,GILPIN ROAD,Minor Crash,No,2009,South,0.0,,Flat,,,,,Bright sun,1465601.0,1.0,0.0,1.0,2.0,0.0,,,Hawke's Bay Region,Nil,2-way,Sealed,0.0,0.0,,100.0,,Null,0.0,0.0,,30.0,Hastings District,Give way,,,,,0.0,0.0,Open,1.0,,,Fine
421651,1903353.4726,5621157.9048,545821.0,0.0,0.0,0.0,West,2019/2020,TAIHAPE ROAD,LECHLADE ROAD,Non-Injury Crash,No,2019,West,0.0,,Hill Road,,,,,Bright sun,1410100.0,0.0,0.0,0.0,2.0,0.0,,,Hawke's Bay Region,Nil,2-way,Sealed,0.0,0.0,,100.0,,None,0.0,0.0,,30.0,Hastings District,Unknown,,,,,1.0,0.0,Open,0.0,,,Fine
203015,1929596.0,5608937.0,545710.0,0.0,0.0,0.0,North,2017/2018,SH 50A,EVENDEN ROAD,Non-Injury Crash,Yes,2018,North,0.0,,Flat,,,,,Overcast,1471100.0,0.0,0.0,0.0,4.0,0.0,,,Hawke's Bay Region,Nil,2-way,Sealed,0.0,0.0,,100.0,,Null,0.0,0.0,,30.0,Hastings District,Unknown,,,,,1.0,0.0,Open,1.0,,,Fine
158491,1929450.0,5608863.0,545710.0,0.0,0.0,1.0,Null,2006/2007,SH 50A,EVENDEN ROAD,Non-Injury Crash,Yes,2006,North,0.0,,Flat,,,,,Bright sun,1471201.0,0.0,0.0,0.0,2.0,0.0,,,Hawke's Bay Region,Nil,2-way,Sealed,0.0,0.0,,100.0,,Null,0.0,0.0,,30.0,Hastings District,Give way,,,,,0.0,0.0,Open,1.0,,,Fine
733080,1928743.0,5604827.0,547900.0,0.0,0.0,2.0,North,2003/2004,SOUTHLAND ROAD,GORDON ROAD,Non-Injury Crash,No,2004,South,0.0,,Flat,,,,,Overcast,1482100.0,0.0,0.0,0.0,2.0,0.0,,,Hawke's Bay Region,Nil,2-way,Sealed,0.0,0.0,,50.0,,Null,0.0,0.0,,30.0,Hastings District,Nil,,,,,0.0,0.0,Urban,0.0,,,Light rain
183725,1931089.0,5632406.0,545812.0,0.0,0.0,0.0,North,2007/2008,SH 5,HILL ROAD,Fatal Crash,Yes,2008,East,1.0,0.0,Flat,1.0,,0.0,0.0,Dark,1414200.0,0.0,0.0,0.0,2.0,0.0,0.0,,Hawke's Bay Region,Nil,2-way,Sealed,0.0,1.0,0.0,100.0,0.0,None,1.0,0.0,,30.0,Hastings District,Nil,0.0,0.0,0.0,0.0,0.0,0.0,Open,0.0,0.0,0.0,Fine
739215,1928548.0,5604678.0,547900.0,0.0,0.0,0.0,North,2015/2016,SOUTHLAND ROAD,OLIPHANT ROAD,Non-Injury Crash,No,2016,North,0.0,,Flat,,,,,Bright sun,1482000.0,0.0,0.0,0.0,2.0,0.0,,,Hawke's Bay Region,Nil,2-way,Sealed,0.0,0.0,,50.0,,Null,0.0,0.0,,30.0,Hastings District,Unknown,,,,,0.0,0.0,Urban,2.0,,,Fine
35723,1930455.0,5610165.0,545832.0,0.0,0.0,1.0,North,2009/2010,SH 50A,EVENDEN ROAD,Non-Injury Crash,Yes,2009,North,0.0,0.0,Flat,0.0,,0.0,0.0,Dark,1404400.0,0.0,0.0,0.0,2.0,0.0,0.0,,Hawke's Bay Region,Nil,2-way,Sealed,0.0,0.0,0.0,100.0,0.0,None,0.0,0.0,,30.0,Hastings District,Nil,0.0,0.0,0.0,0.0,0.0,0.0,Open,0.0,0.0,0.0,Fine
474114,1927296.0,5605131.0,545761.0,0.0,0.0,1.0,Null,2010/2011,YORK ROAD,MARAEKAKAHO ROAD,Non-Injury Crash,No,2011,East,0.0,,Flat,,,,,Overcast,1469905.0,0.0,0.0,0.0,2.0,0.0,,,Hawke's Bay Region,Nil,2-way,Sealed,0.0,0.0,,70.0,,Null,1.0,0.0,,30.0,Hastings District,Give way,,,,,0.0,0.0,Urban,0.0,,,Light rain
492899,1928783.4935,5607422.4619,547800.0,0.0,0.0,1.0,Null,2019/2020,NOTTINGLEY ROAD,HART DRIVE,Non-Injury Crash,No,2019,North,0.0,0.0,Flat,0.0,,0.0,0.0,Dark,1477000.0,0.0,0.0,0.0,2.0,0.0,1.0,,Hawke's Bay Region,Nil,2-way,Sealed,0.0,0.0,0.0,50.0,0.0,On,0.0,0.0,,30.0,Hastings District,Give way,0.0,0.0,0.0,0.0,0.0,0.0,Urban,0.0,0.0,0.0,Light rain
446813,1927273.0,5618646.0,545821.0,0.0,0.0,1.0,East,2003/2004,PUKETAPU ROAD,SPRINGFIELD ROAD,Non-Injury Crash,No,2004,East,0.0,,Flat,,,,,Bright sun,1410902.0,0.0,0.0,0.0,2.0,0.0,,,Hawke's Bay Region,Nil,2-way,Sealed,0.0,0.0,,100.0,,Null,0.0,0.0,,30.0,Hastings District,Nil,,,,,0.0,0.0,Open,1.0,,,Fine
385196,1929591.0,5604616.0,548300.0,0.0,0.0,2.0,North,2017/2018,SOUTHAMPTON ST EAST,KARAMU ROAD SOUTH,Non-Injury Crash,No,2017,North,0.0,,Flat,,,,,Bright sun,1503100.0,0.0,0.0,0.0,2.0,0.0,,,Hawke's Bay Region,Nil,2-way,Sealed,0.0,0.0,,50.0,,Null,0.0,0.0,,30.0,Hastings District,Unknown,,,,,0.0,0.0,Urban,0.0,,,Fine
143835,1931236.0,5613328.0,545832.0,0.0,0.0,0.0,South,2010/2011,PAKOWHAI ROAD,ALLEN ROAD,Minor Crash,No,2010,North,0.0,0.0,Flat,0.0,,0.0,0.0,Dark,1403900.0,1.0,0.0,0.0,2.0,0.0,0.0,,Hawke's Bay Region,Nil,2-way,Sealed,0.0,0.0,0.0,100.0,0.0,None,0.0,0.0,,30.0,Hastings District,Nil,0.0,0.0,0.0,0.0,0.0,0.0,Open,1.0,0.0,0.0,Fine
679675,1925726.0298,5606903.3091,548620.0,0.0,0.0,0.0,South,2019/2020,DOVER ROAD,POOLE ST,Non-Injury Crash,No,2019,West,0.0,,Flat,,,,,Overcast,1476300.0,0.0,0.0,1.0,2.0,0.0,,,Hawke's Bay Region,Nil,2-way,Sealed,0.0,0.0,,50.0,,None,0.0,0.0,,30.0,Hastings District,Unknown,,,,,0.0,0.0,Urban,0.0,,,Fine
395592,1931613.0,5608421.0,545710.0,0.0,0.0,1.0,Null,2007/2008,ELWOOD ROAD,PAKOWHAI ROAD,Minor Crash,No,2007,South,0.0,,Flat,,,,,Bright sun,1471100.0,1.0,0.0,0.0,2.0,0.0,,,Hawke's Bay Region,Nil,2-way,Sealed,0.0,0.0,,100.0,,Null,0.0,0.0,,30.0,Hastings District,Give way,,,,,1.0,0.0,Open,0.0,,,Fine
38582,1931466.0,5606300.0,545721.0,0.0,0.0,1.0,Null,2007/2008,KENILWORTH ROAD,CAROLINE ROAD,Non-Injury Crash,No,2007,East,0.0,1.0,Flat,0.0,Christmas New Year,0.0,0.0,Twilight,1471700.0,0.0,0.0,0.0,2.0,0.0,0.0,,Hawke's Bay Region,Nil,2-way,Sealed,0.0,0.0,0.0,50.0,0.0,Off,0.0,0.0,,30.0,Hastings District,Give way,0.0,0.0,0.0,0.0,0.0,0.0,Urban,0.0,0.0,0.0,Fine
97792,1930935.0,5613540.0,545831.0,0.0,0.0,1.0,Null,2007/2008,SH 50,SH 50A,Non-Injury Crash,Yes,2007,South,0.0,,Flat,,,,,Overcast,1404600.0,0.0,0.0,0.0,4.0,0.0,,,Hawke's Bay Region,Nil,2-way,Sealed,0.0,0.0,,100.0,,Null,0.0,0.0,,30.0,Hastings District,Stop,,,,,0.0,0.0,Open,1.0,,,Fine
339899,1936362.0,5611140.0,545730.0,0.0,0.0,1.0,Null,1999/2000,SH 2,SCHOOL ROAD,Non-Injury Crash,Yes,2000,South,0.0,,Flat,,,,,Overcast,1405500.0,0.0,0.0,0.0,2.0,0.0,,,Hawke's Bay Region,Nil,2-way,Sealed,0.0,0.0,,50.0,,Null,0.0,0.0,,30.0,Hastings District,Give way,,,,,0.0,0.0,Urban,1.0,,,Fine
46939,1929860.0,5604457.0,548200.0,1.0,0.0,0.0,Null,2009/2010,HASTINGS ST SOUTH,LYNDON ROAD EAST,Minor Crash,No,2010,South,0.0,,Flat,,,,,Overcast,1493100.0,1.0,0.0,0.0,2.0,0.0,,,Hawke's Bay Region,Nil,2-way,Sealed,0.0,0.0,,50.0,,Null,1.0,0.0,,30.0,Hastings District,Give way,,,,,0.0,0.0,Urban,0.0,,,Fine
370951,1910812.0,5663997.0,545911.0,0.0,0.0,0.0,Null,2004/2005,SH 5,TE HAROTO ROAD,Minor Crash,Yes,2005,South,0.0,,Hill Road,,,,,Overcast,1414400.0,1.0,0.0,0.0,2.0,0.0,,,Hawke's Bay Region,Nil,2-way,Sealed,0.0,0.0,,100.0,,Null,0.0,0.0,,30.0,Hastings District,Nil,,,,,0.0,0.0,Open,1.0,,,Light rain
218881,1926621.0,5602587.0,545852.0,1.0,0.0,1.0,West,2008/2009,LONGLANDS ROAD WEST,RAILWAY ROAD SOUTH,Minor Crash,No,2008,East,0.0,,Flat,,,,,Overcast,1469600.0,1.0,0.0,0.0,2.0,0.0,,,Hawke's Bay Region,Nil,2-way,Sealed,0.0,0.0,,100.0,,Null,0.0,0.0,,30.0,Hastings District,Nil,,,,,0.0,0.0,Open,0.0,,,Fine
422504,1925986.0,5604120.0,545842.0,0.0,0.0,1.0,South,2013/2014,MARAEKAKAHO ROAD,IRONGATE ROAD,Minor Crash,No,2014,South,0.0,0.0,Flat,0.0,,0.0,0.0,Dark,1468903.0,2.0,0.0,0.0,2.0,0.0,0.0,,Hawke's Bay Region,Nil,2-way,Sealed,0.0,0.0,0.0,100.0,0.0,On,0.0,0.0,,30.0,Hastings District,Unknown,0.0,0.0,0.0,0.0,0.0,0.0,Open,0.0,0.0,0.0,Fine
67093,1929718.0,5605049.0,548200.0,0.0,0.0,2.0,East,2002/2003,HERETAUNGA ST WEST,KING ST NORTH,Non-Injury Crash,No,2003,West,0.0,0.0,Flat,0.0,,0.0,0.0,Overcast,1491200.0,0.0,0.0,0.0,2.0,0.0,1.0,,Hawke's Bay Region,Nil,2-way,Sealed,0.0,0.0,0.0,50.0,0.0,Null,0.0,0.0,,30.0,Hastings District,Nil,0.0,0.0,0.0,0.0,0.0,0.0,Urban,0.0,0.0,0.0,Fine
670367,1922519.0,5611923.0,545822.0,0.0,0.0,0.0,West,2016/2017,TAIHAPE ROAD,SWAMP ROAD,Serious Crash,No,2017,East,0.0,0.0,Flat,0.0,,0.0,0.0,Dark,1409200.0,0.0,0.0,0.0,2.0,0.0,0.0,,Hawke's Bay Region,Nil,2-way,Sealed,0.0,1.0,0.0,50.0,0.0,None,0.0,0.0,,30.0,Hastings District,Unknown,0.0,0.0,0.0,0.0,0.0,0.0,Urban,1.0,0.0,0.0,Fine
142283,1927318.0,5602320.0,545762.0,0.0,0.0,0.0,North,2009/2010,RAILWAY ROAD SOUTH,LONGLANDS ROAD EAST,Non-Injury Crash,No,2010,South,0.0,,Flat,,,,,Bright sun,1468200.0,0.0,0.0,0.0,2.0,0.0,,,Hawke's Bay Region,Nil,2-way,Sealed,0.0,0.0,,100.0,,Null,1.0,0.0,,30.0,Hastings District,Nil,,,,,1.0,0.0,Open,0.0,,,Fine
558040,1936923.0,5613046.0,545832.0,0.0,0.0,2.0,South,2006/2007,SH 2,WAITANGI ROAD,Non-Injury Crash,Yes,2007,North,0.0,0.0,Flat,0.0,,0.0,0.0,Bright sun,1404000.0,0.0,0.0,0.0,2.0,0.0,0.0,,Hawke's Bay Region,Bridge,2-way,Sealed,0.0,0.0,0.0,100.0,0.0,Null,0.0,0.0,,30.0,Hastings District,Nil,0.0,0.0,0.0,0.0,0.0,0.0,Open,0.0,0.0,0.0,Fine
324901,1928274.1142,5604467.3173,547900.0,0.0,0.0,1.0,Null,2018/2019,SOUTHLAND ROAD,WALL ROAD,Non-Injury Crash,No,2019,South,0.0,1.0,Flat,0.0,,0.0,0.0,Overcast,1481900.0,0.0,0.0,0.0,2.0,0.0,1.0,,Hawke's Bay Region,Nil,2-way,Sealed,0.0,0.0,0.0,50.0,0.0,Off,1.0,0.0,,30.0,Hastings District,Give way,0.0,0.0,0.0,0.0,0.0,0.0,Urban,0.0,0.0,0.0,Heavy rain
204143,1924463.0,5597433.0,545851.0,0.0,0.0,1.0,South,2003/2004,SH 2,STOCK ROAD,Non-Injury Crash,Yes,2003,South,0.0,0.0,Flat,0.0,,0.0,0.0,Overcast,1463900.0,0.0,0.0,0.0,2.0,0.0,0.0,,Hawke's Bay Region,Nil,2-way,Sealed,0.0,0.0,0.0,100.0,0.0,Null,0.0,0.0,,30.0,Hastings District,Nil,0.0,0.0,0.0,0.0,1.0,0.0,Open,0.0,0.0,0.0,Fine
120967,1931039.0,5605564.0,548000.0,0.0,0.0,2.0,Null,2001/2002,KARAMU ROAD NORTH,GROVE ROAD,Non-Injury Crash,No,2001,North,0.0,,Flat,,,,,Overcast,1497100.0,0.0,0.0,0.0,2.0,0.0,,,Hawke's Bay Region,Nil,2-way,Sealed,0.0,0.0,,50.0,,Null,0.0,0.0,,30.0,Hastings District,Traffic Signals,,,,,0.0,0.0,Urban,0.0,,,Fine