OBJECTID,X,Y,areaUnitID,bicycle,bus,carStationWagon,crashDirectionDescription,crashFinancialYear,crashLocation1,crashLocation2,crashSeverity,crashSHDescription,crashYear,directionRoleDescription,fatalCount,fence,flatHill,guardRail,holiday,houseOrBuilding,kerb,light,meshblockId,minorInjuryCount,moped,motorcycle,NumberOfLanes,otherVehicleType,parkedVehicle,pedestrian,region,roadCharacter,roadLane,roadSurface,schoolBus,seriousInjuryCount,slipOrFlood,speedLimit,strayAnimal,streetLight,suv,taxi,temporarySpeedLimit,tlaId,tlaName,trafficControl,trafficIsland,trafficSign,train,tree,truck,unknownVehicleType,urban,vanOrUtility,vehicle,waterRiver,weatherA
201008,1931038.0,5605564.0,548000.0,0.0,0.0,2.0,Null,2015/2016,FREDERICK ST,KARAMU ROAD NORTH,Non-Injury Crash,No,2016,South,0.0,,Flat,,,,,Bright sun,1495700.0,0.0,0.0,0.0,3.0,0.0,,,Hawke's Bay Region,Nil,2-way,Sealed,0.0,0.0,,50.0,,Null,0.0,0.0,,30.0,Hastings District,Traffic Signals,,,,,0.0,0.0,Urban,0.0,,,Fine
236916,1932575.0,5608502.0,545721.0,0.0,0.0,1.0,Null,2013/2014,RUAHAPIA ROAD,WHAKATU ROAD,Non-Injury Crash,No,2014,South,0.0,,Flat,,,,,Bright sun,1471600.0,0.0,0.0,0.0,2.0,0.0,,,Hawke's Bay Region,Nil,2-way,Sealed,0.0,0.0,,100.0,,Null,0.0,0.0,,30.0,Hastings District,Give way,,,,,1.0,0.0,Open,0.0,,,Fine
579309,1928034.0,5606559.0,548500.0,0.0,0.0,2.0,Null,2008/2009,LOWE ST,ORCHARD ROAD,Non-Injury Crash,No,2009,North,0.0,,Flat,,,,,Overcast,1479500.0,0.0,0.0,0.0,2.0,0.0,,,Hawke's Bay Region,Nil,2-way,Sealed,0.0,0.0,,50.0,,Null,0.0,0.0,,30.0,Hastings District,Give way,,,,,0.0,0.0,Urban,0.0,,,Fine
530403,1936444.0,5653953.0,545911.0,0.0,0.0,0.0,South,2015/2016,SH 2,SANDY CREEK ROAD,Non-Injury Crash,Yes,2016,South,0.0,,Flat,,,,,Twilight,1415200.0,0.0,0.0,0.0,2.0,0.0,,,Hawke's Bay Region,Nil,2-way,Sealed,0.0,0.0,,100.0,,None,0.0,0.0,,30.0,Hastings District,Unknown,,,,,1.0,0.0,Open,0.0,,,Light rain
260512,1914409.0,5588289.0,545851.0,0.0,0.0,1.0,North,2004/2005,SH 2,TE AUTE TRUST ROAD,Serious Crash,Yes,2005,North,0.0,0.0,Flat,0.0,,0.0,0.0,Overcast,1464500.0,0.0,0.0,0.0,2.0,0.0,0.0,,Hawke's Bay Region,Nil,2-way,Sealed,0.0,1.0,0.0,100.0,0.0,Null,0.0,0.0,,30.0,Hastings District,Nil,0.0,0.0,0.0,0.0,0.0,0.0,Open,0.0,0.0,0.0,Fine
291054,1928685.0,5606372.0,548500.0,0.0,0.0,2.0,Null,2017/2018,OMAHU ROAD,RENATA ST,Non-Injury Crash,No,2018,South,0.0,,Flat,,,,,Bright sun,1478800.0,0.0,0.0,0.0,2.0,0.0,,,Hawke's Bay Region,Nil,2-way,Sealed,0.0,0.0,,50.0,,Null,1.0,0.0,,30.0,Hastings District,Give way,,,,,0.0,0.0,Urban,0.0,,,Fine
459665,1932683.0,5608523.0,545722.0,0.0,0.0,1.0,East,2017/2018,WHAKATU ROAD,RUAHAPIA ROAD,Minor Crash,No,2018,East,0.0,,Flat,,,,,Bright sun,1405700.0,1.0,0.0,0.0,2.0,0.0,,,Hawke's Bay Region,Nil,2-way,Sealed,0.0,0.0,,80.0,,Null,0.0,0.0,30.0,30.0,Hastings District,Unknown,,,,,1.0,0.0,Open,0.0,,,Fine
20203,1911814.0,5661834.0,545911.0,0.0,0.0,1.0,South,2016/2017,SH 5,POPPELLWELLS,Non-Injury Crash,Yes,2017,South,0.0,,Hill Road,,Easter,,,Overcast,1414300.0,0.0,0.0,0.0,2.0,0.0,,,Hawke's Bay Region,Nil,2-way,Sealed,0.0,0.0,,100.0,,None,0.0,0.0,,30.0,Hastings District,Unknown,,,,,0.0,0.0,Open,1.0,,,Heavy rain
26759,1925131.0,5606961.0,548620.0,0.0,0.0,0.0,Null,2001/2002,Z CPK FLAXMERE VILLAGE,HENDERSON/SWANSEA,Minor Crash,No,2002,South,0.0,,Flat,,,,,Dark,1473700.0,1.0,0.0,0.0,2.0,0.0,,1.0,Hawke's Bay Region,Nil,Off road,Sealed,0.0,0.0,,50.0,,On,0.0,0.0,,30.0,Hastings District,Nil,,,,,0.0,0.0,Urban,1.0,,,Fine
204000,1928405.0,5605141.0,547900.0,0.0,0.0,0.0,North,2011/2012,GORDON ROAD,PEPPER ST,Non-Injury Crash,No,2012,South,0.0,0.0,Flat,0.0,,0.0,0.0,Bright sun,1480400.0,0.0,0.0,0.0,2.0,0.0,1.0,,Hawke's Bay Region,Nil,2-way,Sealed,0.0,0.0,0.0,50.0,0.0,Null,0.0,0.0,,30.0,Hastings District,Nil,0.0,0.0,0.0,0.0,0.0,0.0,Urban,2.0,0.0,0.0,Fine
334178,1932504.0,5601549.0,548821.0,0.0,0.0,1.0,South,2016/2017,PORTER DRIVE,MIDDLE ROAD,Non-Injury Crash,No,2016,South,0.0,0.0,Flat,0.0,,0.0,0.0,Dark,1507001.0,0.0,0.0,0.0,2.0,0.0,0.0,,Hawke's Bay Region,Nil,2-way,Sealed,0.0,0.0,0.0,50.0,0.0,On,0.0,0.0,,30.0,Hastings District,Give way,1.0,0.0,0.0,0.0,0.0,0.0,Urban,0.0,0.0,0.0,Heavy rain
584302,1928500.0196,5606041.3811,548500.0,0.0,0.0,2.0,Null,2018/2019,MARAEKAKAHO ROAD,SOUTHAMPTON STREET WEST,Non-Injury Crash,No,2019,North,0.0,,Flat,,,,,Bright sun,1479600.0,0.0,0.0,0.0,3.0,0.0,,,Hawke's Bay Region,Nil,2-way,Sealed,0.0,0.0,,50.0,,Off,0.0,0.0,,30.0,Hastings District,Traffic Signals,,,,,1.0,0.0,Urban,0.0,,,Fine
197481,1931777.0,5612271.0,545832.0,0.0,0.0,0.0,North,2013/2014,PAKOWHAI ROAD,CHESTERHOPE ROAD,Minor Crash,No,2013,North,0.0,,Flat,,,,,Bright sun,1403900.0,2.0,0.0,0.0,2.0,0.0,,,Hawke's Bay Region,Nil,2-way,Sealed,0.0,0.0,,70.0,,Null,0.0,0.0,,30.0,Hastings District,Nil,,,,,0.0,0.0,Urban,1.0,,,Fine
28278,1929948.0,5605347.0,548200.0,1.0,0.0,0.0,Null,2007/2008,KING ST NORTH,ST AUBYN ST WEST,Minor Crash,No,2008,East,0.0,,Flat,,,,,Bright sun,1491500.0,1.0,0.0,0.0,2.0,0.0,,,Hawke's Bay Region,Nil,2-way,Sealed,0.0,0.0,,50.0,,Null,0.0,0.0,,30.0,Hastings District,Give way,,,,,0.0,0.0,Urban,1.0,,,Fine
103353,1923327.0,5610723.0,545710.0,0.0,0.0,2.0,South,2009/2010,SH 50,GORDON ST,Non-Injury Crash,Yes,2010,North,0.0,1.0,Flat,0.0,,0.0,0.0,Dark,1470400.0,0.0,0.0,0.0,2.0,0.0,0.0,,Hawke's Bay Region,Nil,2-way,Sealed,0.0,0.0,0.0,100.0,0.0,None,0.0,0.0,,30.0,Hastings District,Nil,0.0,0.0,0.0,0.0,0.0,0.0,Open,0.0,0.0,0.0,Fine
395096,1936362.0,5611140.0,545730.0,0.0,0.0,1.0,Null,2005/2006,SH 2,SCHOOL ROAD,Minor Crash,Yes,2006,South,0.0,,Flat,,,,,Bright sun,1405500.0,1.0,0.0,0.0,3.0,0.0,,1.0,Hawke's Bay Region,Nil,2-way,Sealed,0.0,0.0,,50.0,,Null,0.0,0.0,,30.0,Hastings District,Give way,,,,,0.0,0.0,Urban,0.0,,,Fine
186803,1935796.0,5635149.0,545812.0,0.0,0.0,0.0,South,2014/2015,SH 2,TANGOIO SETTLEMENT ROAD S,Non-Injury Crash,Yes,2014,North,0.0,,Hill Road,,,,,Overcast,1414903.0,0.0,0.0,0.0,2.0,0.0,,,Hawke's Bay Region,Nil,2-way,Sealed,0.0,0.0,,100.0,,None,2.0,0.0,,30.0,Hastings District,Nil,,,,,0.0,0.0,Open,0.0,,,Light rain
610617,1909320.0,5674125.0,545911.0,0.0,0.0,2.0,West,2003/2004,SH 5,TARAWERA TAV,Non-Injury Crash,Yes,2004,North,0.0,0.0,Hill Road,0.0,,0.0,0.0,Overcast,1281200.0,0.0,0.0,0.0,2.0,0.0,0.0,,Hawke's Bay Region,Nil,2-way,Sealed,0.0,0.0,0.0,100.0,0.0,Null,0.0,0.0,,30.0,Hastings District,Nil,0.0,0.0,0.0,0.0,0.0,0.0,Open,0.0,0.0,0.0,Heavy rain
480964,1932032.0,5601197.0,548810.0,0.0,0.0,1.0,East,2008/2009,ELLIOTT CRESCENT,UPHAM ST,Non-Injury Crash,No,2009,East,0.0,0.0,Flat,0.0,,0.0,0.0,Bright sun,1506000.0,0.0,0.0,0.0,2.0,0.0,1.0,,Hawke's Bay Region,Nil,2-way,Sealed,0.0,0.0,0.0,50.0,0.0,Null,0.0,0.0,,30.0,Hastings District,Nil,0.0,0.0,0.0,0.0,0.0,0.0,Urban,1.0,0.0,0.0,Fine
135731,1938643.0,5660474.0,545911.0,0.0,0.0,1.0,North,2001/2002,POHOKURA ROAD,MATAHORUA ROAD,Non-Injury Crash,No,2001,South,0.0,0.0,Hill Road,0.0,Christmas New Year,0.0,0.0,Bright sun,1416100.0,0.0,0.0,0.0,2.0,0.0,0.0,,Hawke's Bay Region,Nil,2-way,Unsealed,0.0,0.0,0.0,100.0,0.0,None,0.0,0.0,,30.0,Hastings District,Nil,0.0,0.0,0.0,0.0,0.0,0.0,Open,0.0,0.0,0.0,Fine
148154,1929860.0,5604457.0,548200.0,0.0,0.0,1.0,Null,2001/2002,LYNDON ROAD EAST,HASTINGS ST SOUTH,Non-Injury Crash,No,2001,West,0.0,,Flat,,,,,Overcast,1493100.0,0.0,0.0,0.0,2.0,0.0,,,Hawke's Bay Region,Nil,2-way,Sealed,0.0,0.0,,50.0,,Null,0.0,0.0,,30.0,Hastings District,Give way,,,,,0.0,0.0,Urban,1.0,,,Light rain
354921,1930046.0,5604600.0,548200.0,1.0,0.0,1.0,Null,2013/2014,HASTINGS ST SOUTH,HERETAUNGA ST EAST,Non-Injury Crash,No,2014,East,0.0,,Flat,,,,,Dark,1493200.0,0.0,0.0,0.0,1.0,0.0,,,Hawke's Bay Region,Nil,2-way,Sealed,0.0,0.0,,50.0,,On,0.0,0.0,,30.0,Hastings District,Give way,,,,,0.0,0.0,Urban,0.0,,,Fine
549261,1929250.0,5664017.0,545911.0,0.0,0.0,0.0,South,2017/2018,POHOKURA ROAD,WAITARA ROAD,Non-Injury Crash,No,2018,North,0.0,0.0,Flat,0.0,,0.0,0.0,Overcast,1416100.0,0.0,0.0,0.0,2.0,0.0,0.0,,Hawke's Bay Region,Nil,2-way,Unsealed,0.0,0.0,0.0,100.0,0.0,Null,1.0,0.0,,30.0,Hastings District,Unknown,0.0,0.0,0.0,0.0,0.0,0.0,Open,0.0,0.0,0.0,Light rain
114022,1932371.0,5602044.0,548831.0,0.0,0.0,1.0,Null,2002/2003,HAVELOCK ROAD,KARANEMA DRIVE,Non-Injury Crash,No,2002,West,0.0,0.0,Flat,0.0,,0.0,0.0,Bright sun,1509100.0,0.0,0.0,0.0,2.0,0.0,0.0,,Hawke's Bay Region,Bridge,2-way,Sealed,0.0,0.0,0.0,50.0,0.0,Null,0.0,0.0,,30.0,Hastings District,Nil,0.0,0.0,0.0,0.0,0.0,0.0,Urban,0.0,0.0,0.0,Fine
235859,1930935.0,5613540.0,545831.0,0.0,0.0,2.0,Null,1999/2000,SH 50,SH 50A,Non-Injury Crash,Yes,2000,North,0.0,,Flat,,,,,Bright sun,1404600.0,0.0,0.0,0.0,4.0,0.0,,,Hawke's Bay Region,Nil,2-way,Sealed,0.0,0.0,,100.0,,Null,0.0,0.0,,30.0,Hastings District,Nil,,,,,0.0,0.0,Open,0.0,,,Fine
543707,1924463.0,5616748.0,545821.0,0.0,0.0,1.0,South,1999/2000,SWAMP ROAD,MOTEO PA ROAD,Non-Injury Crash,No,2000,South,0.0,0.0,Flat,0.0,,0.0,0.0,Overcast,1408500.0,0.0,0.0,0.0,2.0,0.0,0.0,,Hawke's Bay Region,Nil,2-way,Sealed,0.0,0.0,0.0,100.0,0.0,Null,0.0,0.0,,30.0,Hastings District,Unknown,0.0,0.0,0.0,0.0,0.0,0.0,Open,0.0,0.0,0.0,Light rain
612580,1929434.0,5605225.0,548200.0,0.0,0.0,0.0,North,2017/2018,EASTBOURNE ST WEST,NELSON ST SOUTH,Non-Injury Crash,No,2017,North,0.0,,Flat,,,,,Bright sun,1488900.0,0.0,0.0,0.0,2.0,0.0,,1.0,Hawke's Bay Region,Nil,2-way,Sealed,0.0,0.0,,50.0,,Null,0.0,0.0,,30.0,Hastings District,Nil,,,,,1.0,0.0,Urban,0.0,,,Fine
178147,1930295.0,5599258.0,548822.0,0.0,0.0,1.0,Null,2018/2019,SCHOOL ROAD,MIDDLE ROAD,Serious Crash,No,2018,South,0.0,1.0,Flat,0.0,,0.0,0.0,Dark,1465901.0,0.0,0.0,0.0,2.0,0.0,0.0,,Hawke's Bay Region,Nil,2-way,Sealed,0.0,1.0,0.0,100.0,0.0,None,0.0,0.0,,30.0,Hastings District,Give way,0.0,0.0,0.0,1.0,0.0,0.0,Open,0.0,0.0,0.0,Mist or Fog
579138,1927605.0,5607453.0,548400.0,0.0,0.0,0.0,Null,2001/2002,SH 50A,OMAHU ROAD,Non-Injury Crash,Yes,2001,South,0.0,,Flat,,,,,Bright sun,1473600.0,0.0,0.0,0.0,2.0,0.0,,,Hawke's Bay Region,Nil,2-way,Sealed,0.0,0.0,,50.0,,Null,0.0,0.0,,30.0,Hastings District,Give way,,,,,1.0,0.0,Urban,0.0,,,Fine
193847,1930717.0,5612780.0,545831.0,0.0,0.0,2.0,Null,2015/2016,SH 50A,WAIMATE BR,Non-Injury Crash,Yes,2016,North,0.0,,Flat,,,,,Bright sun,1404500.0,0.0,0.0,0.0,2.0,0.0,,,Hawke's Bay Region,Bridge,2-way,Sealed,0.0,0.0,,100.0,,Null,0.0,0.0,,30.0,Hastings District,Unknown,,,,,0.0,0.0,Open,0.0,,,Fine
470642,1929850.0,5605477.0,548200.0,0.0,0.0,1.0,Null,2012/2013,ST AUBYN ST WEST,NELSON ST NORTH,Non-Injury Crash,No,2012,North,0.0,,Flat,,,,,Bright sun,1490405.0,0.0,0.0,0.0,2.0,0.0,,,Hawke's Bay Region,Nil,2-way,Sealed,0.0,0.0,,50.0,,Null,0.0,0.0,,30.0,Hastings District,Traffic Signals,,,,,0.0,0.0,Urban,1.0,,,Fine
360939,1908071.0,5606760.0,545841.0,0.0,0.0,1.0,East,2000/2001,KERERU ROAD,MANGATAHI ROAD,Non-Injury Crash,No,2001,East,0.0,,Flat,,,,,Overcast,1462401.0,0.0,0.0,0.0,2.0,0.0,,,Hawke's Bay Region,Nil,2-way,Sealed,0.0,0.0,,100.0,,Null,0.0,0.0,,30.0,Hastings District,Nil,,,,,0.0,0.0,Open,0.0,,,Fine
181455,1930481.0,5604047.0,548100.0,0.0,0.0,2.0,Null,2003/2004,HERETAUNGA ST EAST,SYLVAN ROAD,Minor Crash,No,2003,South,0.0,0.0,Flat,0.0,,1.0,0.0,Dark,1501200.0,1.0,0.0,0.0,2.0,0.0,0.0,,Hawke's Bay Region,Nil,2-way,Sealed,0.0,0.0,0.0,50.0,0.0,On,0.0,0.0,,30.0,Hastings District,Give way,0.0,0.0,0.0,0.0,0.0,0.0,Urban,0.0,0.0,0.0,Heavy rain
331532,1923717.0,5607300.0,548611.0,0.0,0.0,1.0,Null,2001/2002,DIAZ DRIVE,PORTSMOUTH ROAD,Non-Injury Crash,No,2002,North,0.0,1.0,Flat,0.0,,0.0,0.0,Dark,1473901.0,0.0,0.0,0.0,2.0,0.0,0.0,,Hawke's Bay Region,Nil,2-way,Sealed,0.0,0.0,0.0,50.0,0.0,On,0.0,0.0,,30.0,Hastings District,Nil,0.0,0.0,0.0,0.0,0.0,0.0,Urban,0.0,0.0,0.0,Fine
273549,1934234.0,5600458.0,548833.0,0.0,0.0,1.0,South,2017/2018,TE MATA PEAK ROAD,GREENWOOD ROAD,Non-Injury Crash,No,2017,South,0.0,0.0,Hill Road,0.0,,0.0,0.0,Dark,1466710.0,0.0,0.0,0.0,2.0,0.0,0.0,,Hawke's Bay Region,Nil,2-way,Sealed,0.0,0.0,0.0,50.0,0.0,None,0.0,0.0,,30.0,Hastings District,Unknown,0.0,0.0,0.0,1.0,0.0,0.0,Urban,0.0,0.0,0.0,Light rain
140202,1929493.8642,5602479.2387,545762.0,0.0,0.0,1.0,Null,2018/2019,TOLLEMACHE ROAD EAST,NORTON ROAD,Non-Injury Crash,No,2019,East,0.0,,Flat,,,,,Dark,1468100.0,0.0,0.0,0.0,2.0,0.0,,,Hawke's Bay Region,Nil,2-way,Sealed,0.0,0.0,,70.0,,None,0.0,0.0,,30.0,Hastings District,Nil,,,,,0.0,0.0,Urban,0.0,,,Fine
115274,1934124.0,5605658.0,545750.0,0.0,0.0,1.0,South,2001/2002,NAPIER ROAD,LAWN ROAD,Non-Injury Crash,No,2002,South,0.0,0.0,Flat,0.0,,0.0,0.0,Overcast,1406600.0,0.0,0.0,0.0,2.0,0.0,0.0,,Hawke's Bay Region,Nil,2-way,Sealed,0.0,0.0,0.0,100.0,0.0,Null,0.0,0.0,,30.0,Hastings District,Nil,0.0,0.0,0.0,1.0,0.0,0.0,Open,0.0,0.0,0.0,Light rain
346826,1929634.0,5605762.0,548200.0,0.0,0.0,2.0,Null,2006/2007,TOMOANA ROAD,ST AUBYN ST WEST,Minor Crash,No,2007,South,0.0,,Flat,,,,,Dark,1490300.0,1.0,0.0,0.0,4.0,0.0,,,Hawke's Bay Region,Nil,2-way,Sealed,0.0,0.0,,50.0,,On,0.0,0.0,,30.0,Hastings District,Traffic Signals,,,,,0.0,0.0,Urban,0.0,,,Fine
454793,1929742.0,5604816.0,548200.0,0.0,0.0,2.0,South,2013/2014,EASTBOURNE ST EAST,RUSSELL ST SOUTH,Minor Crash,No,2014,South,0.0,0.0,Flat,0.0,,0.0,0.0,Bright sun,1492000.0,1.0,0.0,0.0,2.0,0.0,0.0,,Hawke's Bay Region,Nil,2-way,Sealed,0.0,0.0,0.0,50.0,0.0,Null,0.0,0.0,,30.0,Hastings District,Nil,0.0,0.0,0.0,0.0,0.0,0.0,Urban,0.0,1.0,0.0,Fine
696900,1898525.0,5593856.0,545841.0,0.0,0.0,0.0,North,2005/2006,SH 50,MANGA-O-NUKU NO3 BR,Minor Crash,Yes,2006,North,0.0,0.0,Hill Road,0.0,,0.0,0.0,Bright sun,1462600.0,1.0,0.0,0.0,2.0,0.0,0.0,,Hawke's Bay Region,Nil,2-way,Sealed,0.0,0.0,0.0,100.0,0.0,Null,1.0,0.0,,30.0,Hastings District,Nil,0.0,0.0,0.0,0.0,0.0,0.0,Open,0.0,0.0,0.0,Fine
592180,1928034.0,5607158.0,547800.0,0.0,0.0,1.0,South,2014/2015,BALLANTYNE PLACE,BALLANTYNE ST,Non-Injury Crash,No,2015,South,0.0,1.0,Flat,0.0,Easter,0.0,0.0,Overcast,1476700.0,0.0,0.0,0.0,1.0,0.0,0.0,,Hawke's Bay Region,Nil,2-way,Sealed,0.0,0.0,0.0,50.0,0.0,Null,0.0,0.0,,30.0,Hastings District,Unknown,0.0,0.0,0.0,0.0,0.0,0.0,Urban,0.0,0.0,0.0,Fine
103006,1924368.0,5597317.0,545851.0,0.0,0.0,1.0,South,2001/2002,SH 2,STOCK ROAD,Serious Crash,Yes,2001,North,0.0,1.0,Hill Road,0.0,,0.0,0.0,Overcast,1463900.0,1.0,0.0,0.0,2.0,0.0,0.0,,Hawke's Bay Region,Nil,2-way,Sealed,0.0,1.0,0.0,100.0,0.0,Null,0.0,0.0,,30.0,Hastings District,Nil,0.0,0.0,0.0,0.0,1.0,0.0,Open,0.0,0.0,0.0,Heavy rain
576333,1924957.9469,5601710.7908,545842.0,0.0,0.0,1.0,Null,2018/2019,PAKI PAKI ROAD,MANGAROA ROAD,Serious Crash,Yes,2019,North,0.0,0.0,Flat,0.0,,0.0,0.0,Dark,1470213.0,0.0,0.0,0.0,2.0,0.0,0.0,,Hawke's Bay Region,Nil,2-way,Sealed,0.0,1.0,0.0,100.0,0.0,None,0.0,0.0,,30.0,Hastings District,Nil,0.0,0.0,0.0,0.0,0.0,0.0,Open,0.0,0.0,0.0,Fine
421075,1927797.0,5607234.0,547800.0,0.0,0.0,2.0,South,2016/2017,OMAHU ROAD,SH 50A,Non-Injury Crash,No,2016,South,0.0,,Flat,,,,,Bright sun,1476600.0,0.0,0.0,0.0,2.0,0.0,,,Hawke's Bay Region,Nil,2-way,Sealed,0.0,0.0,,50.0,,Null,0.0,0.0,,30.0,Hastings District,Unknown,,,,,0.0,0.0,Urban,0.0,,,Fine
292735,1927924.0,5605604.0,547900.0,0.0,0.0,2.0,West,2014/2015,MARAEKAKAHO ROAD,KAIAPO ROAD,Non-Injury Crash,No,2015,West,0.0,,Flat,,,,,Bright sun,1479800.0,0.0,0.0,0.0,2.0,0.0,,,Hawke's Bay Region,Nil,2-way,Sealed,0.0,0.0,,50.0,,Null,0.0,0.0,,30.0,Hastings District,Nil,,,,,0.0,0.0,Urban,0.0,,,Fine
532495,1931549.0,5602906.0,545721.0,0.0,0.0,2.0,Null,2013/2014,HAVELOCK ROAD,ST GEORGES ROAD,Non-Injury Crash,No,2014,North,0.0,,Flat,,,,,Bright sun,1472900.0,0.0,0.0,0.0,2.0,0.0,,,Hawke's Bay Region,Nil,2-way,Sealed,0.0,0.0,,70.0,,Null,0.0,0.0,,30.0,Hastings District,Give way,,,,,0.0,0.0,Urban,0.0,,,Fine
455353,1909398.0,5673673.0,545911.0,0.0,0.0,1.0,North,2003/2004,SH 5,TATARAAKINA ROAD,Serious Crash,Yes,2003,North,0.0,0.0,Flat,0.0,,0.0,0.0,Dark,1281200.0,0.0,0.0,0.0,2.0,0.0,0.0,,Hawke's Bay Region,Nil,2-way,Sealed,0.0,1.0,0.0,100.0,0.0,None,0.0,0.0,,30.0,Hastings District,Nil,0.0,0.0,0.0,1.0,0.0,0.0,Open,0.0,0.0,0.0,Light rain
170343,1925165.0,5637538.0,545811.0,0.0,0.0,1.0,South,2007/2008,SH 5,GLENGARRY ROAD,Minor Crash,Yes,2007,North,0.0,0.0,Hill Road,1.0,,0.0,0.0,Bright sun,1414700.0,1.0,0.0,0.0,3.0,0.0,0.0,,Hawke's Bay Region,Nil,2-way,Sealed,0.0,0.0,0.0,100.0,0.0,Null,0.0,0.0,,30.0,Hastings District,Nil,0.0,0.0,0.0,0.0,0.0,0.0,Open,0.0,0.0,0.0,Fine
281938,1935198.0,5646798.0,545911.0,0.0,0.0,1.0,West,2004/2005,SH 2,MCINTYRES ACCESS ROAD,Non-Injury Crash,Yes,2004,North,0.0,0.0,Flat,0.0,,0.0,0.0,Dark,1415200.0,0.0,0.0,0.0,2.0,0.0,0.0,,Hawke's Bay Region,Nil,2-way,Sealed,0.0,0.0,0.0,100.0,0.0,None,0.0,0.0,,30.0,Hastings District,Nil,0.0,0.0,0.0,0.0,0.0,0.0,Open,0.0,0.0,0.0,Fine
56368,1929245.0,5605393.0,548200.0,1.0,0.0,1.0,South,2010/2011,CHARLES ST,EASTBOURNE ST WEST,Minor Crash,No,2011,East,0.0,,Flat,,,,,Bright sun,1488700.0,1.0,0.0,0.0,2.0,0.0,,,Hawke's Bay Region,Nil,2-way,Sealed,0.0,0.0,,50.0,,Null,0.0,0.0,,30.0,Hastings District,Nil,,,,,0.0,0.0,Urban,0.0,,,Fine
337284,1930112.0,5607282.0,545710.0,0.0,0.0,2.0,North,2016/2017,PAKOWHAI ROAD,FREDERICK ST,Non-Injury Crash,No,2017,South,0.0,0.0,Flat,0.0,,0.0,0.0,Overcast,1471300.0,0.0,0.0,0.0,2.0,0.0,1.0,,Hawke's Bay Region,Nil,2-way,Sealed,0.0,0.0,0.0,50.0,0.0,Null,0.0,0.0,,30.0,Hastings District,Unknown,0.0,0.0,0.0,0.0,0.0,0.0,Urban,0.0,0.0,0.0,Fine
634672,1933388.0,5604906.0,545721.0,0.0,0.0,1.0,Null,2002/2003,ST GEORGES ROAD,HASSEL ROAD,Non-Injury Crash,No,2003,North,0.0,1.0,Flat,0.0,,0.0,0.0,Dark,1473100.0,0.0,0.0,0.0,2.0,0.0,0.0,,Hawke's Bay Region,Nil,2-way,Sealed,0.0,0.0,0.0,100.0,0.0,None,0.0,0.0,,30.0,Hastings District,Nil,0.0,0.0,0.0,0.0,0.0,0.0,Open,0.0,0.0,0.0,Fine
388675,1933695.0,5601149.0,548832.0,0.0,0.0,1.0,West,2012/2013,GREENWOOD ROAD,MCHARDY ST,Non-Injury Crash,No,2013,East,0.0,,Flat,,,,,Dark,1508700.0,0.0,0.0,0.0,2.0,0.0,,,Hawke's Bay Region,Nil,2-way,Sealed,0.0,0.0,,50.0,,On,0.0,0.0,,30.0,Hastings District,Nil,,,,,0.0,0.0,Urban,0.0,,,Light rain
464433,1932194.3639,5603274.9865,545721.0,0.0,0.0,1.0,Null,2019/2020,ST GEORGES ROAD,ADA STREET,Non-Injury Crash,No,2020,South,0.0,0.0,Flat,0.0,,0.0,0.0,Dark,1473000.0,0.0,0.0,0.0,2.0,0.0,0.0,,Hawke's Bay Region,Nil,2-way,Sealed,0.0,0.0,0.0,80.0,0.0,On,0.0,0.0,,30.0,Hastings District,Stop,0.0,0.0,0.0,1.0,0.0,0.0,Open,0.0,0.0,0.0,Fine
727898,1931217.0,5614296.0,545831.0,0.0,0.0,1.0,North,2005/2006,SH 50,PAKOWHAI ON NBD,Non-Injury Crash,Yes,2006,North,0.0,0.0,Flat,0.0,,0.0,0.0,Bright sun,1404600.0,0.0,0.0,0.0,2.0,0.0,0.0,,Hawke's Bay Region,Nil,2-way,Sealed,0.0,0.0,0.0,100.0,0.0,Null,0.0,0.0,,30.0,Hastings District,Nil,0.0,0.0,0.0,0.0,1.0,0.0,Open,0.0,0.0,0.0,Fine
457056,1929721.0,5604844.0,548200.0,0.0,0.0,2.0,East,2009/2010,EASTBOURNE ST WEST,RAILWAY ROAD,Non-Injury Crash,No,2010,East,0.0,,Flat,,,,,Dark,1490000.0,0.0,0.0,0.0,2.0,0.0,,,Hawke's Bay Region,Nil,2-way,Sealed,0.0,0.0,,50.0,,On,0.0,0.0,,30.0,Hastings District,Traffic Signals,,,,,0.0,0.0,Urban,0.0,,,Fine
54464,1929663.0,5632846.0,545811.0,0.0,0.0,2.0,West,2006/2007,SH 5,SH 2,Minor Crash,Yes,2006,West,0.0,0.0,Flat,0.0,,0.0,0.0,Overcast,1414800.0,1.0,0.0,0.0,2.0,0.0,0.0,,Hawke's Bay Region,Nil,2-way,Sealed,0.0,0.0,0.0,100.0,0.0,Null,0.0,0.0,,30.0,Hastings District,Nil,0.0,1.0,0.0,0.0,0.0,0.0,Open,0.0,0.0,0.0,Fine
493386,1926478.0,5607053.0,545761.0,0.0,0.0,1.0,North,2015/2016,WILSON ROAD,FOLKESTONE DRIVE,Non-Injury Crash,No,2015,South,0.0,1.0,Flat,0.0,,0.0,0.0,Overcast,1469905.0,0.0,0.0,0.0,2.0,0.0,0.0,,Hawke's Bay Region,Nil,2-way,Sealed,0.0,0.0,0.0,70.0,0.0,Null,0.0,0.0,,30.0,Hastings District,Unknown,0.0,0.0,0.0,1.0,0.0,0.0,Urban,0.0,0.0,0.0,Heavy rain