OBJECTID,X,Y,areaUnitID,bicycle,bus,carStationWagon,crashDirectionDescription,crashFinancialYear,crashLocation1,crashLocation2,crashSeverity,crashSHDescription,crashYear,directionRoleDescription,fatalCount,fence,flatHill,guardRail,holiday,houseOrBuilding,kerb,light,meshblockId,minorInjuryCount,moped,motorcycle,NumberOfLanes,otherVehicleType,parkedVehicle,pedestrian,region,roadCharacter,roadLane,roadSurface,schoolBus,seriousInjuryCount,slipOrFlood,speedLimit,strayAnimal,streetLight,suv,taxi,temporarySpeedLimit,tlaId,tlaName,trafficControl,trafficIsland,trafficSign,train,tree,truck,unknownVehicleType,urban,vanOrUtility,vehicle,waterRiver,weatherA
403355,1915383.0,5655531.0,545911.0,0.0,0.0,1.0,South,2015/2016,SH 5,WAITARA ROAD,Non-Injury Crash,Yes,2016,North,0.0,0.0,Hill Road,0.0,,0.0,0.0,Dark,1415900.0,0.0,0.0,0.0,2.0,0.0,0.0,,Hawke's Bay Region,Nil,2-way,Sealed,0.0,0.0,0.0,100.0,0.0,None,0.0,0.0,,30.0,Hastings District,Unknown,0.0,0.0,0.0,0.0,0.0,0.0,Open,0.0,0.0,0.0,Light rain
432958,1927893.0,5605580.0,547900.0,0.0,0.0,1.0,East,2017/2018,MARAEKAKAHO ROAD,OLIPHANT ROAD,Non-Injury Crash,No,2017,North,0.0,0.0,Flat,0.0,,0.0,0.0,Dark,1479800.0,0.0,0.0,0.0,2.0,0.0,1.0,,Hawke's Bay Region,Nil,2-way,Sealed,0.0,0.0,0.0,50.0,0.0,On,0.0,0.0,,30.0,Hastings District,Unknown,0.0,0.0,0.0,0.0,0.0,0.0,Urban,1.0,0.0,0.0,Light rain
184997,1932652.0,5609542.0,545832.0,0.0,0.0,2.0,Null,2016/2017,CHESTERHOPE BRIDGE,FARNDON ROAD,Minor Crash,No,2017,South,0.0,,Flat,,,,,Bright sun,1404300.0,1.0,0.0,0.0,2.0,0.0,,,Hawke's Bay Region,Nil,2-way,Sealed,0.0,0.0,,80.0,,Null,0.0,0.0,,30.0,Hastings District,Give way,,,,,0.0,0.0,Open,0.0,,,Fine
409570,1930263.0,5606753.0,547600.0,0.0,0.0,0.0,North,2010/2011,FREDERICK ST,KONINI ST,Non-Injury Crash,No,2010,North,0.0,0.0,Flat,0.0,,0.0,0.0,Bright sun,1483000.0,0.0,0.0,0.0,2.0,0.0,0.0,,Hawke's Bay Region,Nil,2-way,Sealed,0.0,0.0,0.0,50.0,0.0,Null,0.0,0.0,,30.0,Hastings District,Nil,0.0,0.0,0.0,0.0,1.0,0.0,Urban,0.0,0.0,0.0,Fine
343249,1929396.0,5606741.0,547800.0,0.0,0.0,1.0,Null,2008/2009,PAKOWHAI ROAD,ELLIS ST,Non-Injury Crash,No,2008,South,0.0,,Flat,,,,,Bright sun,1477600.0,0.0,0.0,0.0,2.0,0.0,,,Hawke's Bay Region,Nil,2-way,Sealed,0.0,0.0,,50.0,,Null,0.0,0.0,,30.0,Hastings District,Nil,,,,,0.0,0.0,Urban,1.0,,,Fine
377473,1931560.0,5602871.0,545762.0,0.0,0.0,1.0,Null,2013/2014,HAVELOCK ROAD,ST GEORGES ROAD,Non-Injury Crash,No,2013,South,0.0,0.0,Flat,0.0,,0.0,0.0,Bright sun,1468600.0,0.0,0.0,0.0,2.0,0.0,0.0,,Hawke's Bay Region,Nil,1-way,Sealed,0.0,0.0,0.0,70.0,0.0,Off,0.0,0.0,,30.0,Hastings District,Give way,0.0,0.0,0.0,0.0,0.0,0.0,Urban,0.0,0.0,0.0,Fine
155493,1932680.0,5601443.0,548821.0,1.0,0.0,1.0,Null,2016/2017,PORTER DRIVE,JOLL ROAD,Minor Crash,No,2016,East,0.0,,Flat,,,,,Bright sun,1507001.0,1.0,0.0,0.0,2.0,0.0,,,Hawke's Bay Region,Nil,2-way,Sealed,0.0,0.0,,50.0,,Null,0.0,0.0,,30.0,Hastings District,Give way,,,,,0.0,0.0,Urban,0.0,,,Fine
612325,1935429.0,5645143.0,545811.0,0.0,0.0,0.0,West,2016/2017,SH 2,TANGOIO SETTLEMENT N,Minor Crash,Yes,2017,East,0.0,0.0,Hill Road,0.0,,0.0,0.0,Dark,1415600.0,1.0,0.0,0.0,2.0,0.0,0.0,,Hawke's Bay Region,Nil,2-way,Sealed,0.0,0.0,0.0,100.0,0.0,None,0.0,0.0,,30.0,Hastings District,Unknown,0.0,0.0,0.0,1.0,0.0,0.0,Open,1.0,0.0,0.0,Light rain
234553,1929313.0,5606678.0,547800.0,0.0,0.0,2.0,Null,2016/2017,FITZROY AVENUE,PAKOWHAI ROAD,Non-Injury Crash,No,2017,North,0.0,,Flat,,,,,Bright sun,1477600.0,0.0,0.0,0.0,2.0,0.0,,,Hawke's Bay Region,Nil,2-way,Sealed,0.0,0.0,,50.0,,Off,0.0,0.0,,30.0,Hastings District,Give way,,,,,0.0,0.0,Urban,0.0,,,Fine
691953,1917350.0,5606249.0,545841.0,0.0,0.0,1.0,North,2005/2006,SH 50,MARAEKAKAHO ROAD,Non-Injury Crash,Yes,2005,North,0.0,0.0,Flat,0.0,,0.0,0.0,Bright sun,1462901.0,0.0,0.0,0.0,2.0,0.0,0.0,,Hawke's Bay Region,Nil,2-way,Sealed,0.0,0.0,0.0,100.0,0.0,Null,0.0,0.0,,30.0,Hastings District,Nil,0.0,0.0,0.0,0.0,0.0,0.0,Open,0.0,0.0,0.0,Fine
614677,1930245.0,5604747.0,548200.0,0.0,0.0,2.0,Null,2008/2009,HASTINGS ST NORTH,AVENUE ROAD EAST,Non-Injury Crash,No,2009,South,0.0,,Flat,,,,,Twilight,1493400.0,0.0,0.0,0.0,2.0,0.0,,,Hawke's Bay Region,Nil,2-way,Sealed,0.0,0.0,,50.0,,On,0.0,0.0,,30.0,Hastings District,Give way,,,,,0.0,0.0,Urban,0.0,,,Light rain
75932,1925906.0,5600830.0,545852.0,0.0,0.0,1.0,North,2005/2006,RAILWAY ROAD SOUTH,SH 50A,Non-Injury Crash,No,2005,North,0.0,0.0,Flat,0.0,,0.0,0.0,Twilight,1469600.0,0.0,0.0,0.0,2.0,0.0,0.0,,Hawke's Bay Region,Nil,2-way,Sealed,0.0,0.0,0.0,100.0,0.0,None,0.0,0.0,,30.0,Hastings District,Nil,0.0,0.0,0.0,0.0,0.0,0.0,Open,1.0,0.0,0.0,Light rain
694114,1928770.0,5606293.0,547800.0,0.0,0.0,2.0,North,2011/2012,OMAHU ROAD,PAKOWHAI ROAD,Non-Injury Crash,No,2011,South,0.0,,Flat,,,,,Overcast,1477800.0,0.0,0.0,0.0,2.0,0.0,,,Hawke's Bay Region,Nil,2-way,Sealed,0.0,0.0,,50.0,,Null,0.0,0.0,,30.0,Hastings District,Give way,,,,,0.0,0.0,Urban,0.0,,,Fine
372161,1930334.0,5607269.0,545721.0,0.0,0.0,2.0,Null,2006/2007,WILLIAMS ST,KAURI ST,Non-Injury Crash,No,2006,West,0.0,,Flat,,,,,Bright sun,1471401.0,0.0,0.0,0.0,2.0,0.0,,,Hawke's Bay Region,Nil,2-way,Sealed,0.0,0.0,,50.0,,Null,0.0,0.0,,30.0,Hastings District,Give way,,,,,0.0,0.0,Urban,0.0,,,Fine
562839,1929257.0,5605257.0,548200.0,0.0,0.0,1.0,West,2007/2008,LYNDON ROAD WEST,SOUTHLAND ROAD,Non-Injury Crash,No,2007,East,0.0,,Flat,,,,,Bright sun,1488700.0,0.0,0.0,0.0,2.0,0.0,,,Hawke's Bay Region,Nil,2-way,Sealed,0.0,0.0,,50.0,,Null,0.0,0.0,,30.0,Hastings District,Nil,,,,,0.0,0.0,Urban,1.0,,,Fine
24029,1930410.0,5605899.0,548200.0,0.0,0.0,1.0,Null,2002/2003,NELSON ST NORTH,KITCHENER ST,Minor Crash,No,2003,South,0.0,,Flat,,,,,Bright sun,1491600.0,1.0,0.0,0.0,2.0,0.0,,,Hawke's Bay Region,Nil,2-way,Sealed,0.0,0.0,,50.0,,Null,0.0,0.0,,30.0,Hastings District,Give way,,,,,0.0,0.0,Urban,1.0,,,Fine
264793,1917443.0,5660686.0,545911.0,0.0,0.0,0.0,North,2014/2015,WAITARA ROAD,SH 5,Minor Crash,No,2015,North,0.0,1.0,Hill Road,0.0,,0.0,0.0,Overcast,1415900.0,1.0,0.0,0.0,2.0,0.0,0.0,,Hawke's Bay Region,Nil,2-way,Sealed,0.0,0.0,0.0,100.0,0.0,Null,1.0,0.0,,30.0,Hastings District,Unknown,0.0,0.0,0.0,0.0,0.0,0.0,Open,0.0,0.0,1.0,Light rain
219961,1932032.0,5606171.0,545721.0,0.0,0.0,2.0,Null,2002/2003,SH 2,ELWOOD ROAD,Non-Injury Crash,Yes,2003,South,0.0,,Flat,,,,,Overcast,1472403.0,0.0,0.0,0.0,2.0,0.0,,,Hawke's Bay Region,Nil,2-way,Sealed,0.0,0.0,,70.0,,Null,0.0,0.0,,30.0,Hastings District,Give way,,,,,0.0,0.0,Urban,0.0,,,Fine
738937,1914124.0,5588056.0,545851.0,0.0,0.0,1.0,Null,2008/2009,SH 2,TE AUTE TRUST ROAD,Minor Crash,Yes,2009,North,0.0,,Flat,,,,,Bright sun,1464600.0,1.0,0.0,0.0,2.0,0.0,,,Hawke's Bay Region,Nil,2-way,Sealed,0.0,0.0,,100.0,,Null,0.0,0.0,,30.0,Hastings District,Give way,,,,,0.0,0.0,Open,1.0,,,Fine
214978,1934805.0,5633283.0,545812.0,0.0,0.0,1.0,North,2008/2009,SH 2,NORTH SHORE ROAD,Serious Crash,Yes,2009,North,0.0,0.0,Flat,0.0,,0.0,0.0,Bright sun,1414903.0,0.0,0.0,0.0,2.0,0.0,0.0,,Hawke's Bay Region,Nil,2-way,Sealed,0.0,1.0,0.0,100.0,0.0,Null,0.0,0.0,,30.0,Hastings District,Nil,0.0,0.0,0.0,1.0,0.0,0.0,Open,0.0,0.0,0.0,Fine
131985,1936201.0,5611809.0,545832.0,0.0,0.0,0.0,Null,2004/2005,SH 2,HELLYERS LANE,Non-Injury Crash,Yes,2005,North,0.0,,Flat,,,,,Overcast,1404200.0,0.0,0.0,1.0,2.0,0.0,,,Hawke's Bay Region,Nil,2-way,Sealed,0.0,0.0,,50.0,,Null,0.0,0.0,,30.0,Hastings District,Nil,,,,,0.0,0.0,Urban,0.0,,,Fine
335122,1928807.0,5606251.0,547700.0,0.0,0.0,2.0,East,2004/2005,HERETAUNGA ST WEST,MARAEKAKAHO ROAD,Non-Injury Crash,No,2005,West,0.0,,Flat,,,,,Overcast,1486600.0,0.0,0.0,0.0,2.0,0.0,,,Hawke's Bay Region,Nil,2-way,Sealed,0.0,0.0,,50.0,,Null,0.0,0.0,,30.0,Hastings District,Nil,,,,,0.0,0.0,Urban,0.0,,,Fine
582302,1908565.0,5665060.0,545911.0,0.0,0.0,0.0,South,2000/2001,SH 5,WAIONE BR,Minor Crash,Yes,2001,North,0.0,1.0,Hill Road,0.0,,0.0,0.0,Bright sun,1414400.0,2.0,0.0,0.0,2.0,0.0,0.0,,Hawke's Bay Region,Nil,2-way,Sealed,0.0,0.0,0.0,100.0,0.0,Null,0.0,0.0,,30.0,Hastings District,Nil,0.0,0.0,0.0,0.0,0.0,0.0,Open,1.0,0.0,0.0,Fine
612391,1930889.0,5606405.0,547600.0,0.0,0.0,2.0,East,2008/2009,WILLIAMS ST,GLENHOPE ST,Non-Injury Crash,No,2009,West,0.0,0.0,Flat,0.0,,0.0,0.0,Bright sun,1484000.0,0.0,0.0,0.0,2.0,0.0,1.0,,Hawke's Bay Region,Nil,2-way,Sealed,0.0,0.0,0.0,50.0,0.0,Null,0.0,0.0,,30.0,Hastings District,Nil,0.0,0.0,0.0,0.0,0.0,0.0,Urban,0.0,0.0,0.0,Fine
533289,1924778.9737,5608881.6049,545710.0,0.0,0.0,1.0,North,2018/2019,OMAHU ROAD,TWYFORD ROAD,Minor Crash,No,2019,West,0.0,,Flat,,Easter,,,Dark,1470600.0,1.0,0.0,0.0,2.0,0.0,,,Hawke's Bay Region,Nil,2-way,Sealed,0.0,0.0,,70.0,,On,0.0,0.0,,30.0,Hastings District,Unknown,,,,,0.0,0.0,Urban,1.0,,,Fine
128096,1929301.0,5606669.0,547800.0,0.0,0.0,0.0,South,2009/2010,PAKOWHAI ROAD,FITZROY AVENUE,Non-Injury Crash,No,2010,South,0.0,1.0,Flat,0.0,Easter,0.0,0.0,Dark,1477600.0,0.0,0.0,0.0,2.0,0.0,0.0,,Hawke's Bay Region,Nil,2-way,Sealed,0.0,0.0,0.0,50.0,0.0,On,0.0,0.0,,30.0,Hastings District,Nil,1.0,0.0,0.0,0.0,0.0,0.0,Urban,1.0,0.0,0.0,Fine
502638,1934601.5505,5609155.9921,545722.0,0.0,0.0,2.0,North,2019/2020,ESSEX CRESCENT,RAILWAY ROAD,Non-Injury Crash,No,2019,North,0.0,,Flat,,,,,Overcast,1405900.0,0.0,0.0,0.0,2.0,0.0,,,Hawke's Bay Region,Nil,2-way,Sealed,0.0,0.0,,50.0,,Off,0.0,0.0,,30.0,Hastings District,Nil,,,,,0.0,0.0,Urban,0.0,,,Light rain
289967,1913242.0,5657613.0,545911.0,0.0,0.0,1.0,South,2006/2007,SH 5,MCVICAR ROAD,Minor Crash,Yes,2007,East,0.0,1.0,Hill Road,0.0,,0.0,0.0,Dark,1414400.0,1.0,0.0,0.0,2.0,0.0,0.0,,Hawke's Bay Region,Nil,2-way,Sealed,0.0,0.0,0.0,100.0,0.0,None,0.0,0.0,,30.0,Hastings District,Nil,0.0,0.0,0.0,0.0,0.0,0.0,Open,0.0,0.0,0.0,Fine
663597,1929003.0,5605994.0,547700.0,0.0,0.0,1.0,South,2017/2018,HERETAUNGA ST WEST,DAVIS ST,Minor Crash,No,2017,South,0.0,,Flat,,,,,Bright sun,1487400.0,1.0,0.0,0.0,2.0,0.0,,1.0,Hawke's Bay Region,Nil,2-way,Sealed,0.0,0.0,,50.0,,Null,0.0,0.0,,30.0,Hastings District,Unknown,,,,,0.0,0.0,Urban,0.0,,,Fine
528683,1928818.0,5600976.0,545852.0,0.0,0.0,2.0,Null,2006/2007,LONGLANDS ROAD EAST,TE AUTE ROAD,Serious Crash,No,2006,East,0.0,,Flat,,,,,Bright sun,1465700.0,1.0,0.0,0.0,2.0,0.0,,,Hawke's Bay Region,Nil,2-way,Sealed,0.0,1.0,,100.0,,Null,0.0,0.0,,30.0,Hastings District,Give way,,,,,0.0,0.0,Open,0.0,,,Fine
576419,1929438.0,5605419.0,548200.0,0.0,0.0,1.0,North,2016/2017,HERETAUNGA ST WEST,SOUTHLAND ROAD,Non-Injury Crash,No,2016,South,0.0,,Flat,,,,,Bright sun,1490100.0,0.0,0.0,0.0,2.0,0.0,,,Hawke's Bay Region,Nil,2-way,Sealed,0.0,0.0,,50.0,,Null,1.0,0.0,,30.0,Hastings District,Unknown,,,,,0.0,0.0,Urban,0.0,,,Fine
601281,1929657.0,5605330.0,548200.0,0.0,0.0,1.0,Null,2006/2007,QUEEN ST WEST,NELSON ST NORTH,Non-Injury Crash,No,2006,North,0.0,,Flat,,,,,Bright sun,1490800.0,0.0,0.0,0.0,2.0,0.0,,,Hawke's Bay Region,Nil,2-way,Sealed,0.0,0.0,,50.0,,Null,1.0,0.0,,30.0,Hastings District,Give way,,,,,0.0,0.0,Urban,0.0,,,Fine
420590,1938470.0,5594687.0,545860.0,0.0,0.0,2.0,West,2011/2012,WAIMARAMA ROAD,MARAETOTARA ROAD,Non-Injury Crash,No,2011,West,0.0,,Hill Road,,Christmas New Year,,,Dark,1467200.0,0.0,0.0,0.0,2.0,0.0,,,Hawke's Bay Region,Nil,2-way,Sealed,0.0,0.0,,100.0,,None,0.0,0.0,,30.0,Hastings District,Nil,,,,,0.0,0.0,Open,0.0,,,Fine
360159,1941059.0,5591791.0,545860.0,0.0,0.0,0.0,East,1999/2000,WAIMARAMA ROAD,OCEAN BEACH ROAD,Fatal Crash,No,2000,East,1.0,,Hill Road,,,,,Dark,1467600.0,0.0,0.0,0.0,2.0,0.0,,,Hawke's Bay Region,Nil,2-way,Sealed,0.0,0.0,,100.0,,None,0.0,0.0,,30.0,Hastings District,Unknown,,,,,1.0,0.0,Open,0.0,,,Fine
288161,1933550.0,5601006.0,548832.0,0.0,0.0,2.0,North,2009/2010,GREENWOOD ROAD,DUART ROAD,Non-Injury Crash,No,2010,North,0.0,,Hill Road,,,,,Bright sun,1508700.0,0.0,0.0,0.0,2.0,0.0,,,Hawke's Bay Region,Nil,2-way,Sealed,0.0,0.0,,50.0,,Null,0.0,0.0,,30.0,Hastings District,Nil,,,,,0.0,0.0,Urban,0.0,,,Fine
726036,1923379.0,5610314.0,545710.0,0.0,0.0,1.0,North,2000/2001,SH 50,OMAHU ROAD,Serious Crash,Yes,2001,North,0.0,,Flat,,Christmas New Year,,,Bright sun,1470400.0,0.0,0.0,1.0,2.0,0.0,,,Hawke's Bay Region,Nil,2-way,Sealed,0.0,1.0,,100.0,,Null,0.0,0.0,,30.0,Hastings District,Nil,,,,,0.0,0.0,Open,0.0,,,Fine
372348,1927039.0,5600390.0,545852.0,0.0,0.0,1.0,South,2004/2005,TE AUTE ROAD,LONGLANDS ROAD EAST,Non-Injury Crash,No,2005,South,0.0,1.0,Flat,0.0,,0.0,0.0,Dark,1468700.0,0.0,0.0,0.0,2.0,0.0,0.0,,Hawke's Bay Region,Nil,2-way,Sealed,0.0,0.0,0.0,100.0,0.0,None,0.0,0.0,,30.0,Hastings District,Nil,0.0,0.0,0.0,0.0,0.0,0.0,Open,0.0,0.0,0.0,Mist or Fog
292731,1934452.0,5632794.0,545812.0,0.0,0.0,1.0,North,2015/2016,SH 2,TAIT ROAD,Minor Crash,Yes,2015,South,0.0,1.0,Flat,0.0,,0.0,0.0,Bright sun,1414903.0,1.0,0.0,0.0,2.0,0.0,0.0,,Hawke's Bay Region,Nil,2-way,Sealed,0.0,0.0,0.0,100.0,0.0,Null,0.0,0.0,,30.0,Hastings District,Unknown,0.0,0.0,0.0,0.0,0.0,0.0,Open,0.0,0.0,0.0,Fine
439572,1928968.3964,5602961.1649,545762.0,0.0,0.0,2.0,Null,2019/2020,TOLLEMACHE ROAD EAST,RIVERSLEA ROAD SOUTH,Non-Injury Crash,No,2020,South,0.0,,Flat,,,,,Dark,1468200.0,0.0,0.0,0.0,2.0,0.0,,,Hawke's Bay Region,Nil,2-way,Sealed,0.0,0.0,,50.0,,None,0.0,0.0,,30.0,Hastings District,Stop,,,,,0.0,0.0,Urban,0.0,,,Light rain
570481,1930445.0,5605078.0,548200.0,0.0,0.0,2.0,Null,2002/2003,WARREN ST NORTH,VICTORIA ST,Non-Injury Crash,No,2002,North,0.0,,Flat,,,,,Dark,1494500.0,0.0,0.0,0.0,2.0,0.0,,,Hawke's Bay Region,Nil,2-way,Sealed,0.0,0.0,,50.0,,None,0.0,0.0,,30.0,Hastings District,Give way,,,,,0.0,0.0,Urban,0.0,,,Fine
517271,1936427.0,5636080.0,545812.0,0.0,0.0,2.0,North,2002/2003,SH 2,WHIRINAKI ROAD,Serious Crash,Yes,2003,North,0.0,,Flat,,,,,Bright sun,1414903.0,2.0,0.0,0.0,2.0,0.0,,,Hawke's Bay Region,Nil,2-way,Sealed,0.0,1.0,,100.0,,Null,0.0,0.0,,30.0,Hastings District,Nil,,,,,0.0,0.0,Open,0.0,,,Fine
60023,1906302.0,5601649.0,545841.0,0.0,0.0,0.0,South,2004/2005,SH 50,SALISBURY ROAD,Minor Crash,Yes,2005,North,0.0,1.0,Hill Road,0.0,,0.0,0.0,Dark,1462600.0,1.0,0.0,0.0,2.0,0.0,0.0,,Hawke's Bay Region,Nil,2-way,Sealed,0.0,0.0,0.0,100.0,0.0,None,0.0,0.0,,30.0,Hastings District,Nil,0.0,0.0,0.0,0.0,1.0,0.0,Open,0.0,0.0,0.0,Fine
708407,1930485.0,5605224.0,548200.0,0.0,0.0,1.0,Null,2006/2007,KARUMU ROAD NORTH,ALBERT ST,Non-Injury Crash,No,2006,West,0.0,0.0,Flat,0.0,,0.0,0.0,Dark,1494100.0,0.0,0.0,0.0,2.0,0.0,0.0,,Hawke's Bay Region,Nil,2-way,Sealed,0.0,0.0,0.0,50.0,0.0,On,0.0,0.0,,30.0,Hastings District,Give way,0.0,0.0,0.0,1.0,0.0,0.0,Urban,0.0,0.0,0.0,Light rain
717733,1930917.9459,5607890.8062,545721.0,0.0,0.0,2.0,Null,2019/2020,PAKOWHAI ROAD,RICHMOND ROAD,Non-Injury Crash,No,2020,South,0.0,,Flat,,,,,Overcast,1471500.0,0.0,0.0,0.0,2.0,0.0,,,Hawke's Bay Region,Nil,2-way,Sealed,0.0,0.0,,80.0,,None,0.0,0.0,,30.0,Hastings District,Stop,,,,,0.0,0.0,Open,0.0,,,Fine
85518,1933354.0,5601989.0,548831.0,0.0,0.0,1.0,Null,2000/2001,TE MATA ROAD,LINDSAY ST,Non-Injury Crash,No,2000,East,0.0,0.0,Flat,0.0,,0.0,0.0,Bright sun,1509900.0,0.0,0.0,0.0,2.0,0.0,1.0,,Hawke's Bay Region,Nil,2-way,Sealed,0.0,0.0,0.0,50.0,0.0,Null,0.0,0.0,,30.0,Hastings District,Give way,0.0,0.0,0.0,0.0,0.0,0.0,Urban,1.0,0.0,0.0,Fine
17239,1934126.0,5605708.0,545750.0,0.0,0.0,1.0,South,2006/2007,NAPIER ROAD,LAWN ROAD,Non-Injury Crash,No,2006,South,0.0,1.0,Flat,0.0,,0.0,0.0,Overcast,1406600.0,0.0,0.0,0.0,2.0,0.0,0.0,,Hawke's Bay Region,Nil,2-way,Sealed,0.0,0.0,0.0,100.0,0.0,Null,0.0,0.0,,30.0,Hastings District,Nil,0.0,0.0,0.0,0.0,0.0,0.0,Open,0.0,0.0,0.0,Heavy rain
130320,1929878.0,5605947.0,547700.0,0.0,0.0,2.0,Null,2004/2005,TOMOANA ROAD,FITZROY AVENUE,Minor Crash,No,2004,South,0.0,,Flat,,,,,Bright sun,1488400.0,1.0,0.0,0.0,2.0,0.0,,,Hawke's Bay Region,Nil,2-way,Sealed,0.0,0.0,,50.0,,Null,0.0,0.0,,30.0,Hastings District,Give way,,,,,0.0,0.0,Urban,0.0,,,Fine
455354,1915303.0,5604885.0,545841.0,0.0,0.0,1.0,West,2005/2006,SH 50,MARAEKAKAHO ROAD,Non-Injury Crash,Yes,2006,East,0.0,1.0,Flat,0.0,Easter,0.0,0.0,Dark,1462901.0,0.0,0.0,0.0,2.0,0.0,0.0,,Hawke's Bay Region,Nil,2-way,Sealed,0.0,0.0,0.0,100.0,0.0,None,0.0,0.0,,30.0,Hastings District,Nil,0.0,0.0,0.0,0.0,0.0,0.0,Open,0.0,0.0,0.0,Fine
676959,1927905.0,5607129.0,547800.0,0.0,0.0,1.0,West,2000/2001,OMAHU ROAD,NOTTINGLEY ROAD,Non-Injury Crash,No,2001,East,0.0,,Flat,,,,,Dark,1476700.0,0.0,0.0,0.0,2.0,0.0,,,Hawke's Bay Region,Nil,2-way,Sealed,0.0,0.0,,50.0,,On,0.0,0.0,,30.0,Hastings District,Nil,,,,,0.0,0.0,Urban,1.0,,,Fine
189940,1930477.0,5606418.0,547600.0,1.0,0.0,1.0,West,2006/2007,FREDERICK ST,TOMOANA ROAD,Minor Crash,No,2006,North,0.0,0.0,Flat,0.0,Christmas New Year,0.0,0.0,Bright sun,1483400.0,1.0,0.0,0.0,1.0,0.0,0.0,,Hawke's Bay Region,Nil,2-way,Sealed,0.0,0.0,0.0,50.0,0.0,Null,0.0,0.0,,30.0,Hastings District,Nil,0.0,0.0,0.0,0.0,0.0,0.0,Urban,0.0,1.0,0.0,Fine
263454,1928523.0,5606529.0,547800.0,0.0,0.0,2.0,East,2007/2008,OMAHU ROAD,HAPUKA ST,Non-Injury Crash,No,2007,East,0.0,,Flat,,,,,Bright sun,1477700.0,0.0,0.0,0.0,2.0,0.0,,,Hawke's Bay Region,Nil,2-way,Sealed,0.0,0.0,,50.0,,Null,1.0,0.0,,30.0,Hastings District,Give way,,,,,0.0,0.0,Urban,0.0,,,Fine
614306,1925428.0,5607196.0,548620.0,0.0,0.0,1.0,Null,2016/2017,FLAXMERE AVENUE,HENDERSON ROAD,Non-Injury Crash,No,2017,West,0.0,,Flat,,,,,Twilight,1474204.0,0.0,0.0,0.0,2.0,0.0,,,Hawke's Bay Region,Nil,2-way,Sealed,0.0,0.0,,50.0,,On,0.0,0.0,,30.0,Hastings District,Give way,,,,,0.0,0.0,Urban,1.0,,,Light rain
406906,1926420.0,5619228.0,545821.0,0.0,0.0,1.0,East,2005/2006,PUKETAPU ROAD,DARTMOOR ROAD,Non-Injury Crash,No,2005,West,0.0,1.0,Flat,0.0,,0.0,0.0,Dark,1410902.0,0.0,0.0,0.0,2.0,0.0,0.0,,Hawke's Bay Region,Nil,2-way,Sealed,0.0,0.0,0.0,100.0,0.0,None,0.0,0.0,,30.0,Hastings District,Nil,0.0,0.0,0.0,0.0,0.0,0.0,Open,0.0,0.0,0.0,Fine
368453,1922391.0,5639610.0,545811.0,0.0,0.0,1.0,North,2002/2003,SH 5,GLENGARRY ROAD,Non-Injury Crash,Yes,2003,South,0.0,,Hill Road,,,,,Overcast,1414600.0,0.0,0.0,0.0,2.0,0.0,,,Hawke's Bay Region,Nil,2-way,Sealed,0.0,0.0,,100.0,,Null,0.0,0.0,,30.0,Hastings District,Nil,,,,,0.0,0.0,Open,1.0,,,Fine
564222,1929152.0,5600829.0,545762.0,0.0,0.0,1.0,West,2006/2007,TE AUTE ROAD,MOUNT ERIN ROAD,Non-Injury Crash,No,2007,West,0.0,,Flat,,,,,Bright sun,1465300.0,0.0,0.0,0.0,2.0,0.0,,,Hawke's Bay Region,Nil,2-way,Sealed,0.0,0.0,,100.0,,Null,1.0,0.0,,30.0,Hastings District,Unknown,,,,,0.0,0.0,Open,0.0,,,Fine
530551,1932007.0,5606156.0,545721.0,0.0,0.0,1.0,West,2016/2017,SH 2,ELWOOD ROAD,Non-Injury Crash,Yes,2016,West,0.0,0.0,Flat,1.0,,0.0,0.0,Bright sun,1471700.0,0.0,0.0,0.0,2.0,0.0,0.0,,Hawke's Bay Region,Nil,2-way,Sealed,0.0,0.0,0.0,70.0,0.0,Null,0.0,0.0,,30.0,Hastings District,Unknown,0.0,0.0,0.0,0.0,0.0,0.0,Urban,0.0,0.0,0.0,Fine
341628,1911342.0,5660454.0,545911.0,0.0,0.0,1.0,North,2007/2008,SH 5,MCVICAR ROAD,Minor Crash,Yes,2007,South,0.0,0.0,Hill Road,0.0,,0.0,1.0,Overcast,1414300.0,2.0,0.0,0.0,3.0,0.0,0.0,,Hawke's Bay Region,Nil,2-way,Sealed,0.0,0.0,0.0,100.0,0.0,Null,0.0,0.0,,30.0,Hastings District,Nil,0.0,0.0,0.0,0.0,0.0,0.0,Open,0.0,0.0,0.0,Light rain
210992,1930724.0,5605372.0,548200.0,0.0,0.0,2.0,Null,2016/2017,KARAMU ROAD NORTH,JERVOIS ST,Minor Crash,No,2016,East,0.0,,Flat,,,,,Dark,1494300.0,1.0,0.0,0.0,2.0,0.0,,,Hawke's Bay Region,Nil,2-way,Sealed,0.0,0.0,,50.0,,On,0.0,0.0,,30.0,Hastings District,Give way,,,,,0.0,0.0,Urban,0.0,,,Fine