OBJECTID,X,Y,areaUnitID,bicycle,bus,carStationWagon,crashDirectionDescription,crashFinancialYear,crashLocation1,crashLocation2,crashSeverity,crashSHDescription,crashYear,directionRoleDescription,fatalCount,fence,flatHill,guardRail,holiday,houseOrBuilding,kerb,light,meshblockId,minorInjuryCount,moped,motorcycle,NumberOfLanes,otherVehicleType,parkedVehicle,pedestrian,region,roadCharacter,roadLane,roadSurface,schoolBus,seriousInjuryCount,slipOrFlood,speedLimit,strayAnimal,streetLight,suv,taxi,temporarySpeedLimit,tlaId,tlaName,trafficControl,trafficIsland,trafficSign,train,tree,truck,unknownVehicleType,urban,vanOrUtility,vehicle,waterRiver,weatherA
134370,1940329.0,5656855.0,545911.0,0.0,0.0,1.0,South,2002/2003,SH 2,MATAHORUA ROAD N,Minor Crash,Yes,2003,North,0.0,0.0,Hill Road,0.0,,0.0,0.0,Overcast,1416000.0,1.0,0.0,0.0,2.0,0.0,0.0,,Hawke's Bay Region,Nil,2-way,Sealed,0.0,0.0,0.0,100.0,0.0,Null,0.0,0.0,,30.0,Hastings District,Nil,0.0,0.0,0.0,0.0,1.0,0.0,Open,0.0,0.0,0.0,Light rain
397621,1930795.0,5604811.0,548100.0,0.0,0.0,2.0,Null,2006/2007,WILLOWPARK ROAD,ALBERT ST,Non-Injury Crash,No,2006,East,0.0,1.0,Flat,0.0,,0.0,0.0,Overcast,1499700.0,0.0,0.0,0.0,2.0,0.0,0.0,,Hawke's Bay Region,Nil,2-way,Sealed,0.0,0.0,0.0,50.0,0.0,Null,0.0,0.0,,30.0,Hastings District,Give way,0.0,0.0,0.0,0.0,0.0,0.0,Urban,0.0,0.0,0.0,Fine
296099,1929147.6894,5617989.5436,545821.0,0.0,0.0,0.0,North,2019/2020,PUKETAPU ROAD,TE ROERA DRIVE,Minor Crash,No,2020,North,0.0,,Hill Road,,Queens Birthday,,,Dark,1411000.0,1.0,0.0,0.0,2.0,0.0,,,Hawke's Bay Region,Nil,2-way,Sealed,0.0,0.0,,100.0,,None,0.0,0.0,,30.0,Hastings District,Nil,,,,,0.0,0.0,Open,2.0,,,Fine
623043,1929930.0,5605371.0,548200.0,0.0,0.0,2.0,West,2003/2004,ST AUBYN ST WEST,KING ST NORTH,Non-Injury Crash,No,2003,West,0.0,,Flat,,,,,Overcast,1491000.0,0.0,0.0,0.0,4.0,0.0,,,Hawke's Bay Region,Nil,2-way,Sealed,0.0,0.0,,50.0,,Null,0.0,0.0,,30.0,Hastings District,Nil,,,,,0.0,0.0,Urban,1.0,,,Light rain
263743,1931849.0,5606057.0,545721.0,0.0,0.0,2.0,North,2002/2003,SH 2,KENILWORTH ROAD,Minor Crash,Yes,2003,North,0.0,,Flat,,,,,Bright sun,1471700.0,3.0,0.0,0.0,2.0,0.0,,,Hawke's Bay Region,Nil,2-way,Sealed,0.0,0.0,,70.0,,Null,0.0,0.0,,30.0,Hastings District,Nil,,,,,0.0,0.0,Urban,1.0,,,Fine
624414,1929868.0,5604641.0,548200.0,0.0,0.0,1.0,West,2013/2014,WARREN ST SOUTH,EASTBOURNE ST EAST,Non-Injury Crash,No,2013,East,0.0,,Flat,,,,,Bright sun,1493100.0,0.0,0.0,0.0,2.0,0.0,,,Hawke's Bay Region,Nil,2-way,Sealed,0.0,0.0,,50.0,,Null,0.0,0.0,,30.0,Hastings District,Give way,,,,,0.0,0.0,Urban,1.0,,,Fine
90064,1929140.0,5598386.0,545852.0,0.0,0.0,1.0,North,2009/2010,MIDDLE ROAD,CRYSTALL ROAD,Minor Crash,No,2009,South,0.0,0.0,Flat,0.0,,0.0,0.0,Bright sun,1465700.0,1.0,0.0,0.0,2.0,0.0,0.0,,Hawke's Bay Region,Nil,2-way,Sealed,0.0,0.0,0.0,100.0,0.0,Null,0.0,0.0,,30.0,Hastings District,Nil,0.0,0.0,0.0,0.0,0.0,0.0,Open,0.0,0.0,0.0,Fine
11889,1932827.0,5606315.0,545721.0,0.0,0.0,2.0,East,2014/2015,SH 2,ST GEORGES ROAD,Non-Injury Crash,Yes,2015,East,0.0,,Flat,,,,,Bright sun,1472100.0,0.0,0.0,0.0,2.0,0.0,,,Hawke's Bay Region,Nil,2-way,Sealed,0.0,0.0,,80.0,,Null,0.0,0.0,,30.0,Hastings District,Nil,,,,,0.0,0.0,Open,0.0,,,Fine
710078,1921322.0,5595231.0,545851.0,0.0,0.0,2.0,North,2015/2016,SH 2,TE MAHANGA ROAD,Minor Crash,Yes,2015,South,0.0,,Flat,,,,,Bright sun,1463900.0,1.0,0.0,0.0,2.0,0.0,,,Hawke's Bay Region,Nil,2-way,Sealed,0.0,0.0,,100.0,,Null,0.0,0.0,,30.0,Hastings District,Unknown,,,,,0.0,0.0,Open,2.0,,,Fine
61328,1924271.0,5607807.0,548611.0,0.0,0.0,0.0,Null,2008/2009,KINGSLEY DRIVE,PEARY CRESCENT,Serious Crash,No,2009,South,0.0,1.0,Flat,0.0,,0.0,0.0,Bright sun,1470316.0,0.0,0.0,1.0,2.0,0.0,0.0,,Hawke's Bay Region,Nil,2-way,Sealed,0.0,1.0,0.0,50.0,0.0,Null,0.0,0.0,,30.0,Hastings District,Nil,0.0,0.0,0.0,0.0,0.0,0.0,Urban,0.0,0.0,0.0,Fine
629589,1920485.0,5594575.0,545851.0,0.0,0.0,0.0,South,2017/2018,SH 2,TE MAHANGA ROAD,Non-Injury Crash,Yes,2017,East,0.0,1.0,Flat,0.0,,0.0,0.0,Bright sun,1463900.0,0.0,0.0,0.0,2.0,0.0,0.0,,Hawke's Bay Region,Nil,2-way,Sealed,0.0,0.0,0.0,100.0,0.0,Null,1.0,0.0,,30.0,Hastings District,Unknown,0.0,0.0,0.0,0.0,0.0,0.0,Open,0.0,0.0,0.0,Fine
542557,1932889.0842,5608636.9324,545722.0,1.0,0.0,0.0,Null,2019/2020,TE ARA KAHIKATEA,WHAKATU ROAD,Minor Crash,No,2020,South,0.0,,Flat,,,,,Bright sun,1405700.0,1.0,0.0,0.0,2.0,0.0,,,Hawke's Bay Region,Nil,2-way,Sealed,0.0,0.0,,50.0,,Off,1.0,0.0,,30.0,Hastings District,Give way,,,,,0.0,0.0,Urban,0.0,,,Fine
159276,1925073.0,5606958.0,548620.0,0.0,0.0,1.0,Null,2007/2008,Z CPK VILLAGE,SWANSEA ROAD,Non-Injury Crash,No,2007,South,0.0,,Flat,,,,,Bright sun,1473700.0,0.0,0.0,0.0,0.0,0.0,,,Hawke's Bay Region,Nil,Off road,Sealed,0.0,0.0,,50.0,,Null,1.0,0.0,,30.0,Hastings District,Nil,,,,,0.0,0.0,Urban,0.0,,,Fine
177429,1930386.2109,5605156.6953,548200.0,0.0,0.0,2.0,Null,2018/2019,VICTORIA STREET,KARAMU ROAD NORTH ,Non-Injury Crash,No,2018,South,0.0,,Flat,,,,,Dark,1494500.0,0.0,0.0,0.0,2.0,0.0,,,Hawke's Bay Region,Nil,2-way,Sealed,0.0,0.0,,50.0,,On,0.0,0.0,,30.0,Hastings District,Give way,,,,,0.0,0.0,Urban,0.0,,,Fine
185675,1929748.0,5605210.0,548200.0,0.0,0.0,2.0,West,2012/2013,QUEEN ST WEST,KING ST NORTH,Non-Injury Crash,No,2013,North,0.0,,Flat,,,,,Bright sun,1490800.0,0.0,0.0,0.0,1.0,0.0,,,Hawke's Bay Region,Nil,1-way,Sealed,0.0,0.0,,50.0,,Null,0.0,0.0,,30.0,Hastings District,Nil,,,,,0.0,0.0,Urban,0.0,,,Fine
640675,1930228.0,5604383.0,548200.0,0.0,0.0,2.0,Null,2009/2010,HERETAUNGA ST EAST,WILLOWPARK ROAD NORTH,Non-Injury Crash,No,2010,South,0.0,,Flat,,,,,Dark,1494000.0,0.0,0.0,0.0,2.0,0.0,,,Hawke's Bay Region,Nil,2-way,Sealed,0.0,0.0,,50.0,,On,0.0,0.0,,30.0,Hastings District,Give way,,,,,0.0,0.0,Urban,0.0,,,Heavy rain
222952,1929016.0,5602986.0,545762.0,0.0,0.0,2.0,North,2010/2011,RIVERSLEA ROAD SOUTH,TOLLEMACHE ROAD EAST,Non-Injury Crash,No,2010,South,0.0,,Flat,,,,,Bright sun,1469500.0,0.0,0.0,0.0,2.0,0.0,,,Hawke's Bay Region,Nil,2-way,Sealed,0.0,0.0,,50.0,,Null,0.0,0.0,,30.0,Hastings District,Nil,,,,,0.0,0.0,Urban,0.0,,,Fine
627991,1930144.0,5606935.0,547600.0,0.0,0.0,2.0,East,2006/2007,FREDERICK ST,KAURI ST,Non-Injury Crash,No,2007,West,0.0,,Flat,,,,,Bright sun,1484900.0,0.0,0.0,0.0,2.0,0.0,,,Hawke's Bay Region,Nil,2-way,Sealed,0.0,0.0,,50.0,,Null,0.0,0.0,,30.0,Hastings District,Nil,,,,,0.0,0.0,Urban,0.0,,,Fine
419823,1932648.0,5609512.0,545832.0,0.0,0.0,2.0,South,2008/2009,PAKOWHAI ROAD,FARNDON ROAD,Non-Injury Crash,No,2009,South,0.0,,Flat,,,,,Overcast,1404300.0,0.0,0.0,0.0,2.0,0.0,,,Hawke's Bay Region,Nil,2-way,Sealed,0.0,0.0,,100.0,,Null,0.0,0.0,,30.0,Hastings District,Nil,,,,,0.0,0.0,Open,0.0,,,Light rain
218067,1938260.0,5608259.0,545740.0,0.0,0.0,2.0,Null,2007/2008,HAUMOANA ROAD,PARKHILL ROAD,Minor Crash,No,2007,North,0.0,,Flat,,,,,Dark,1407300.0,3.0,0.0,0.0,2.0,0.0,,,Hawke's Bay Region,Nil,2-way,Sealed,0.0,0.0,,100.0,,On,0.0,0.0,,30.0,Hastings District,Give way,,,,,0.0,0.0,Open,0.0,,,Light rain
72889,1933294.3167,5608849.0937,545722.0,0.0,0.0,1.0,Null,2019/2020,RANGITANE ROAD,JOHNSTON WAY,Non-Injury Crash,No,2019,South,0.0,,Flat,,,,,Bright sun,1405700.0,0.0,0.0,0.0,2.0,0.0,,,Hawke's Bay Region,Nil,2-way,Sealed,0.0,0.0,,80.0,,Off,0.0,0.0,,30.0,Hastings District,Nil,,,,,1.0,0.0,Open,0.0,,,Fine
358580,1929657.0,5605330.0,548200.0,0.0,0.0,2.0,Null,2007/2008,QUEEN ST WEST,NELSON ST NORTH,Non-Injury Crash,No,2007,East,0.0,,Flat,,,,,Overcast,1490800.0,0.0,0.0,0.0,2.0,0.0,,,Hawke's Bay Region,Nil,2-way,Sealed,0.0,0.0,,50.0,,Null,0.0,0.0,,30.0,Hastings District,Give way,,,,,0.0,0.0,Urban,1.0,,,Light rain
738473,1934926.0,5646453.0,545911.0,0.0,0.0,0.0,South,2017/2018,SH 2,DEVILS ELBOW,Non-Injury Crash,Yes,2017,West,0.0,0.0,Hill Road,1.0,,0.0,0.0,Bright sun,1415400.0,0.0,0.0,0.0,2.0,0.0,0.0,,Hawke's Bay Region,Nil,2-way,Sealed,0.0,0.0,0.0,100.0,0.0,Null,0.0,0.0,60.0,30.0,Hastings District,Unknown,0.0,0.0,0.0,0.0,1.0,0.0,Open,0.0,0.0,0.0,Fine
7101,1923352.0,5610218.0,545710.0,0.0,0.0,0.0,Null,2008/2009,SH 50,OMAHU ROAD,Non-Injury Crash,Yes,2009,North,0.0,0.0,Flat,0.0,,0.0,0.0,Bright sun,1470500.0,0.0,0.0,0.0,2.0,0.0,0.0,,Hawke's Bay Region,Nil,2-way,Sealed,0.0,0.0,0.0,100.0,0.0,Null,0.0,0.0,,30.0,Hastings District,Give way,0.0,1.0,0.0,0.0,1.0,0.0,Open,1.0,0.0,0.0,Fine
448015,1929155.0,5606419.0,547700.0,0.0,0.0,1.0,Null,2009/2010,ST AUBYN ST WEST,NIKAU ST,Non-Injury Crash,No,2010,East,0.0,,Flat,,,,,Bright sun,1485800.0,0.0,0.0,0.0,2.0,0.0,,,Hawke's Bay Region,Nil,2-way,Sealed,0.0,0.0,,50.0,,Null,0.0,0.0,,30.0,Hastings District,Give way,,,,,0.0,0.0,Urban,1.0,,,Fine
292263,1928278.0,5606289.0,548500.0,0.0,0.0,1.0,North,2006/2007,ORCHARD ROAD,MCLEOD ST,Non-Injury Crash,No,2007,South,0.0,1.0,Flat,0.0,,0.0,0.0,Bright sun,1478700.0,0.0,0.0,0.0,2.0,0.0,0.0,,Hawke's Bay Region,Nil,2-way,Sealed,0.0,0.0,0.0,50.0,0.0,Null,0.0,0.0,,30.0,Hastings District,Nil,0.0,0.0,0.0,0.0,0.0,0.0,Urban,0.0,0.0,0.0,Fine
528612,1927777.0,5608030.0,545710.0,0.0,0.0,1.0,North,2004/2005,ORMOND ROAD,OMAHU ROAD,Non-Injury Crash,No,2004,North,0.0,0.0,Flat,0.0,,0.0,0.0,Dark,1471201.0,0.0,0.0,0.0,2.0,0.0,0.0,,Hawke's Bay Region,Nil,2-way,Sealed,0.0,0.0,0.0,50.0,0.0,None,0.0,0.0,,30.0,Hastings District,Nil,0.0,0.0,0.0,1.0,0.0,0.0,Urban,0.0,0.0,0.0,Fine
498728,1931029.9288,5604221.3066,548100.0,0.0,0.0,1.0,West,2018/2019,PARK ROAD NORTH,VICTORIA STREET,Minor Crash,No,2019,East,0.0,1.0,Flat,0.0,,0.0,1.0,Dark,1499300.0,1.0,0.0,0.0,2.0,0.0,0.0,,Hawke's Bay Region,Nil,2-way,Unsealed,0.0,0.0,0.0,50.0,0.0,On,0.0,0.0,,30.0,Hastings District,Unknown,0.0,0.0,0.0,1.0,0.0,0.0,Urban,0.0,0.0,0.0,Fine
604964,1929514.0,5606831.0,545710.0,0.0,0.0,1.0,Null,2012/2013,LYNDHURST ROAD,PAKOWHAI ROAD,Minor Crash,No,2012,West,0.0,,Flat,,,,,Overcast,1471300.0,1.0,0.0,0.0,2.0,0.0,,,Hawke's Bay Region,Nil,2-way,Sealed,0.0,0.0,,50.0,,Null,0.0,0.0,,30.0,Hastings District,Give way,,,,,1.0,0.0,Urban,0.0,,,Fine
600045,1927429.0,5607179.0,548500.0,0.0,0.0,1.0,East,2007/2008,KOTUKU ST,KIWI ST,Non-Injury Crash,No,2008,North,0.0,1.0,Flat,0.0,,0.0,0.0,Dark,1478000.0,0.0,0.0,0.0,2.0,0.0,0.0,,Hawke's Bay Region,Nil,2-way,Sealed,0.0,0.0,0.0,50.0,0.0,On,0.0,0.0,,30.0,Hastings District,Nil,0.0,0.0,0.0,0.0,0.0,0.0,Urban,0.0,0.0,0.0,Fine
296880,1925147.0,5606977.0,548620.0,0.0,0.0,0.0,Null,2006/2007,SWANSEA ROAD,HENDERSON ROAD,Non-Injury Crash,No,2007,North,0.0,1.0,Flat,0.0,,0.0,0.0,Bright sun,1476500.0,0.0,0.0,0.0,2.0,0.0,0.0,,Hawke's Bay Region,Nil,2-way,Sealed,0.0,0.0,0.0,50.0,0.0,Null,0.0,0.0,,30.0,Hastings District,Nil,0.0,0.0,0.0,0.0,0.0,0.0,Urban,1.0,0.0,0.0,Fine
228110,1928241.0,5606802.0,547800.0,0.0,0.0,1.0,Null,2018/2019,OMAHU ROAD,FRIMLEY AVENUE,Non-Injury Crash,No,2018,North,0.0,,Flat,,,,,Bright sun,1477100.0,0.0,0.0,0.0,2.0,0.0,,,Hawke's Bay Region,Nil,2-way,Sealed,0.0,0.0,,50.0,,Null,0.0,0.0,,30.0,Hastings District,Give way,,,,,1.0,0.0,Urban,0.0,,,Fine
80928,1928368.0,5604835.0,547900.0,0.0,0.0,1.0,South,2012/2013,OLIPHANT ROAD,GARRY ST,Non-Injury Crash,No,2013,South,0.0,0.0,Flat,0.0,,0.0,0.0,Dark,1480800.0,0.0,0.0,0.0,2.0,0.0,0.0,,Hawke's Bay Region,Nil,2-way,Sealed,0.0,0.0,0.0,50.0,0.0,None,0.0,0.0,,30.0,Hastings District,Nil,0.0,0.0,0.0,0.0,0.0,0.0,Urban,0.0,0.0,0.0,Fine
198270,1930997.0,5592104.0,545860.0,0.0,0.0,1.0,North,2001/2002,KAHURANAKI ROAD,ROCHFORT ROAD,Minor Crash,No,2002,North,0.0,1.0,Hill Road,0.0,,0.0,0.0,Overcast,1467400.0,2.0,0.0,0.0,2.0,0.0,0.0,,Hawke's Bay Region,Nil,2-way,Sealed,0.0,0.0,0.0,100.0,0.0,Null,0.0,0.0,,30.0,Hastings District,Nil,0.0,0.0,0.0,0.0,0.0,0.0,Open,0.0,0.0,0.0,Fine
603875,1929993.0,5604885.0,548200.0,0.0,0.0,2.0,Null,2000/2001,KARAMU ROAD NORTH,QUEEN ST EAST,Non-Injury Crash,No,2000,South,0.0,,Flat,,,,,Dark,1492800.0,0.0,0.0,0.0,2.0,0.0,,,Hawke's Bay Region,Nil,2-way,Sealed,0.0,0.0,,50.0,,On,0.0,0.0,,30.0,Hastings District,Traffic Signals,,,,,0.0,0.0,Urban,0.0,,,Light rain
741313,1927641.0,5607416.0,547800.0,0.0,0.0,1.0,Null,2017/2018,SH 50A,OMAHU ROAD,Non-Injury Crash,Yes,2018,East,0.0,0.0,Flat,0.0,,0.0,0.0,Dark,1476600.0,0.0,0.0,0.0,2.0,0.0,0.0,,Hawke's Bay Region,Nil,2-way,Sealed,0.0,0.0,0.0,100.0,0.0,On,0.0,0.0,,30.0,Hastings District,Give way,1.0,0.0,0.0,0.0,0.0,0.0,Open,0.0,0.0,0.0,Fine
697619,1929560.0,5605258.0,548200.0,0.0,0.0,1.0,Null,2002/2003,HERETAUNGA ST WEST,NELSON ST SOUTH,Minor Crash,No,2003,North,0.0,,Flat,,,,,Bright sun,1490100.0,1.0,0.0,0.0,2.0,0.0,,1.0,Hawke's Bay Region,Nil,2-way,Sealed,0.0,0.0,,50.0,,Null,0.0,0.0,,30.0,Hastings District,Traffic Signals,,,,,0.0,0.0,Urban,0.0,,,Fine
142652,1929606.0,5604596.0,548300.0,0.0,0.0,1.0,Null,2016/2017,SOUTHAMPTON ST EAST,KARAMU ROAD SOUTH,Non-Injury Crash,No,2017,South,0.0,0.0,Flat,0.0,,0.0,0.0,Bright sun,1503100.0,0.0,0.0,0.0,2.0,0.0,0.0,,Hawke's Bay Region,Nil,2-way,Sealed,0.0,0.0,0.0,50.0,0.0,Null,0.0,0.0,,30.0,Hastings District,Give way,1.0,0.0,0.0,0.0,0.0,0.0,Urban,0.0,0.0,0.0,Fine
288850,1925866.0,5606592.0,548620.0,1.0,0.0,1.0,Null,2006/2007,FLAXMERE AVENUE,WILSON ROAD,Minor Crash,No,2007,East,0.0,,Flat,,,,,Bright sun,1476400.0,1.0,0.0,0.0,2.0,0.0,,,Hawke's Bay Region,Nil,2-way,Sealed,0.0,0.0,,50.0,,Null,0.0,0.0,,30.0,Hastings District,Give way,,,,,0.0,0.0,Urban,0.0,,,Fine
168122,1931602.0,5604221.0,548100.0,0.0,0.0,1.0,North,2004/2005,WINDSOR AVENUE,ADA ST,Non-Injury Crash,No,2004,North,0.0,1.0,Flat,0.0,,0.0,0.0,Overcast,1500200.0,0.0,0.0,0.0,2.0,0.0,0.0,,Hawke's Bay Region,Nil,2-way,Sealed,0.0,0.0,0.0,50.0,0.0,Null,0.0,0.0,,30.0,Hastings District,Nil,0.0,0.0,0.0,1.0,0.0,0.0,Urban,0.0,0.0,0.0,Light rain
526500,1913172.0,5587049.0,545851.0,0.0,0.0,0.0,West,2010/2011,SH 2,WAIKAREAO ROAD,Non-Injury Crash,Yes,2011,West,0.0,0.0,Hill Road,0.0,,0.0,0.0,Bright sun,1464600.0,0.0,0.0,0.0,3.0,0.0,0.0,,Hawke's Bay Region,Nil,2-way,Sealed,0.0,0.0,0.0,100.0,0.0,Null,0.0,0.0,,30.0,Hastings District,Nil,0.0,1.0,0.0,0.0,1.0,0.0,Open,0.0,0.0,0.0,Fine
511550,1932411.0,5606189.0,545721.0,0.0,0.0,2.0,Null,2012/2013,SH 2,BENNETT ROAD,Non-Injury Crash,Yes,2013,West,0.0,,Flat,,,,,Dark,1472300.0,0.0,0.0,0.0,2.0,0.0,,,Hawke's Bay Region,Nil,2-way,Sealed,0.0,0.0,,80.0,,None,0.0,0.0,,30.0,Hastings District,Stop,,,,,0.0,0.0,Open,0.0,,,Fine
219246,1931947.0,5606118.0,545721.0,0.0,0.0,1.0,South,2000/2001,SH 2,ELWOOD ROAD,Non-Injury Crash,Yes,2000,South,0.0,0.0,Flat,0.0,,0.0,0.0,Overcast,1471700.0,0.0,0.0,0.0,2.0,0.0,0.0,,Hawke's Bay Region,Nil,2-way,Sealed,0.0,0.0,0.0,70.0,0.0,Null,0.0,0.0,,30.0,Hastings District,Nil,0.0,0.0,0.0,0.0,0.0,0.0,Urban,0.0,0.0,0.0,Heavy rain
320431,1931113.0,5604740.0,548100.0,0.0,0.0,2.0,South,2017/2018,RIVERSLEA ROAD NORTH,JERVOIS ST,Non-Injury Crash,No,2018,South,0.0,,Flat,,,,,Bright sun,1499800.0,0.0,0.0,0.0,2.0,0.0,,,Hawke's Bay Region,Nil,2-way,Sealed,0.0,0.0,,50.0,,Null,0.0,0.0,,30.0,Hastings District,Unknown,,,,,0.0,0.0,Urban,0.0,,,Fine
674569,1930184.0,5609587.0,545710.0,0.0,0.0,2.0,North,2009/2010,SH 50A,EVENDEN ROAD,Non-Injury Crash,Yes,2010,East,0.0,,Flat,,,,,Dark,1471100.0,0.0,0.0,0.0,2.0,0.0,,,Hawke's Bay Region,Nil,2-way,Sealed,0.0,0.0,,100.0,,None,0.0,0.0,,30.0,Hastings District,Nil,,,,,0.0,0.0,Open,0.0,,,Light rain
322162,1930846.0,5605847.0,548000.0,0.0,0.0,1.0,South,2004/2005,FREDERICK ST,CAROLINE ROAD,Non-Injury Crash,No,2005,South,0.0,,Flat,,,,,Bright sun,1495600.0,0.0,0.0,0.0,2.0,0.0,,,Hawke's Bay Region,Nil,2-way,Sealed,0.0,0.0,,50.0,,Null,0.0,0.0,,30.0,Hastings District,Nil,,,,,0.0,0.0,Urban,1.0,,,Fine
731534,1930490.0,5606397.0,547600.0,0.0,0.0,2.0,East,2004/2005,FREDERICK ST,TOMOANA ROAD,Non-Injury Crash,No,2005,North,0.0,,Flat,,,,,Overcast,1483800.0,0.0,0.0,0.0,2.0,0.0,,,Hawke's Bay Region,Nil,2-way,Sealed,0.0,0.0,,50.0,,Null,0.0,0.0,,30.0,Hastings District,Traffic Signals,,,,,0.0,0.0,Urban,0.0,,,Fine
631222,1925984.0,5620072.0,545821.0,0.0,0.0,1.0,North,2014/2015,PUKETAPU ROAD,DARTMOOR ROAD,Non-Injury Crash,No,2014,North,0.0,0.0,Flat,0.0,Labour Weekend,0.0,0.0,Dark,1410902.0,0.0,0.0,0.0,2.0,0.0,0.0,,Hawke's Bay Region,Nil,2-way,Sealed,0.0,0.0,0.0,100.0,0.0,None,0.0,0.0,,30.0,Hastings District,Nil,0.0,0.0,0.0,0.0,0.0,0.0,Open,0.0,0.0,0.0,Fine
396760,1930760.0,5605979.0,547600.0,0.0,0.0,2.0,South,2018/2019,FREDERICK ST,NELSON ST NORTH,Non-Injury Crash,No,2018,North,0.0,,Flat,,,,,Dark,1484100.0,0.0,0.0,0.0,2.0,0.0,,,Hawke's Bay Region,Nil,2-way,Sealed,0.0,0.0,,50.0,,On,1.0,0.0,,30.0,Hastings District,Unknown,,,,,0.0,0.0,Urban,0.0,,,Light rain
687323,1930588.0,5605288.0,548200.0,0.0,0.0,2.0,Null,2001/2002,KARAMU ROAD NORTH,ALEXANDRA CRESCENT,Minor Crash,No,2002,North,0.0,,Flat,,,,,Bright sun,1494100.0,1.0,0.0,0.0,2.0,0.0,,,Hawke's Bay Region,Nil,2-way,Sealed,0.0,0.0,,50.0,,Null,0.0,0.0,,30.0,Hastings District,Give way,,,,,0.0,0.0,Urban,0.0,,,Fine
51018,1930885.6167,5613389.1153,545831.0,0.0,0.0,0.0,South,2019/2020,HAWKES BAY EXPRESSWAY,LINKS ROAD,Non-Injury Crash,Yes,2020,South,0.0,,Flat,,,,,Overcast,1404500.0,0.0,0.0,0.0,1.0,0.0,,,Hawke's Bay Region,Nil,2-way,Sealed,0.0,0.0,,100.0,,Off,0.0,0.0,,30.0,Hastings District,Nil,,,,,1.0,0.0,Open,2.0,,,Fine
732232,1939866.0,5605700.0,545740.0,0.0,0.0,1.0,South,2016/2017,PARKHILL ROAD,HOME ROAD,Non-Injury Crash,No,2016,South,0.0,0.0,Flat,0.0,,0.0,0.0,Bright sun,1408200.0,0.0,0.0,0.0,2.0,0.0,0.0,,Hawke's Bay Region,Nil,2-way,Sealed,0.0,0.0,0.0,100.0,0.0,Null,0.0,0.0,,30.0,Hastings District,Unknown,0.0,0.0,0.0,0.0,0.0,0.0,Open,0.0,0.0,0.0,Fine
736573,1924626.0,5620188.0,545821.0,0.0,0.0,1.0,West,2018/2019,DARTMOOR ROAD,VICARAGE ROAD,Non-Injury Crash,No,2018,East,0.0,1.0,Flat,0.0,,0.0,0.0,Dark,1411400.0,0.0,0.0,0.0,2.0,0.0,0.0,,Hawke's Bay Region,Nil,2-way,Sealed,0.0,0.0,0.0,100.0,0.0,None,0.0,0.0,,30.0,Hastings District,Unknown,0.0,0.0,0.0,0.0,0.0,0.0,Open,0.0,0.0,0.0,Fine
718364,1929503.0,5608862.0,545710.0,0.0,0.0,2.0,Null,2016/2017,SH 50A,EVENDEN ROAD,Minor Crash,Yes,2017,East,0.0,,Flat,,,,,Overcast,1471100.0,1.0,0.0,0.0,2.0,0.0,,,Hawke's Bay Region,Nil,1-way,Sealed,0.0,0.0,,100.0,,Null,0.0,0.0,,30.0,Hastings District,Give way,,,,,0.0,0.0,Open,0.0,,,Light rain
415130,1927899.0,5609480.0,545710.0,0.0,0.0,1.0,South,1999/2000,RAUPARE ROAD,TROTTER ROAD,Non-Injury Crash,No,2000,West,0.0,0.0,Flat,0.0,,0.0,0.0,Dark,1470800.0,0.0,0.0,0.0,2.0,0.0,0.0,,Hawke's Bay Region,Nil,2-way,Sealed,0.0,0.0,0.0,100.0,0.0,None,0.0,0.0,,30.0,Hastings District,Nil,0.0,0.0,0.0,0.0,0.0,0.0,Open,0.0,0.0,0.0,Mist or Fog
156477,1930341.0,5604822.0,548200.0,0.0,0.0,2.0,Null,2016/2017,ST AUBYN ST EAST,HASTINGS ST NORTH,Non-Injury Crash,No,2017,South,0.0,,Flat,,,,,Bright sun,1494400.0,0.0,0.0,0.0,3.0,0.0,,,Hawke's Bay Region,Nil,2-way,Sealed,0.0,0.0,,50.0,,Null,0.0,0.0,,30.0,Hastings District,Stop,,,,,0.0,0.0,Urban,0.0,,,Fine
522330,1929500.0,5602473.0,545762.0,0.0,0.0,2.0,Null,2009/2010,NORTON ROAD,TOLLEMACHE ROAD EAST,Non-Injury Crash,No,2009,North,0.0,,Flat,,,,,Bright sun,1468400.0,0.0,0.0,0.0,2.0,0.0,,,Hawke's Bay Region,Nil,2-way,Sealed,0.0,0.0,,100.0,,Null,0.0,0.0,,30.0,Hastings District,Nil,,,,,0.0,0.0,Open,0.0,,,Fine
232612,1930042.0,5605223.0,548200.0,1.0,0.0,1.0,East,2008/2009,ST AUBYN ST WEST,MARKET ST NORTH,Minor Crash,No,2009,South,0.0,,Flat,,,,,Bright sun,1491500.0,1.0,0.0,0.0,1.0,0.0,,,Hawke's Bay Region,Nil,2-way,Sealed,0.0,0.0,,50.0,,Null,0.0,0.0,,30.0,Hastings District,Nil,,,,,0.0,0.0,Urban,0.0,,,Fine
601567,1934033.0,5601926.0,548832.0,0.0,0.0,1.0,South,2011/2012,TE MATA ROAD,SIMLA AVENUE,Non-Injury Crash,No,2012,South,0.0,,Flat,,,,,Bright sun,1510500.0,0.0,0.0,0.0,2.0,0.0,,,Hawke's Bay Region,Nil,2-way,Sealed,0.0,0.0,,50.0,,Null,0.0,0.0,,30.0,Hastings District,Nil,,,,,0.0,0.0,Urban,0.0,,,Fine