OBJECTID,X,Y,areaUnitID,bicycle,bus,carStationWagon,crashDirectionDescription,crashFinancialYear,crashLocation1,crashLocation2,crashSeverity,crashSHDescription,crashYear,directionRoleDescription,fatalCount,fence,flatHill,guardRail,holiday,houseOrBuilding,kerb,light,meshblockId,minorInjuryCount,moped,motorcycle,NumberOfLanes,otherVehicleType,parkedVehicle,pedestrian,region,roadCharacter,roadLane,roadSurface,schoolBus,seriousInjuryCount,slipOrFlood,speedLimit,strayAnimal,streetLight,suv,taxi,temporarySpeedLimit,tlaId,tlaName,trafficControl,trafficIsland,trafficSign,train,tree,truck,unknownVehicleType,urban,vanOrUtility,vehicle,waterRiver,weatherA
131192,1932411.0,5606189.0,545721.0,0.0,0.0,1.0,Null,2007/2008,SH 2,BENNETT ROAD,Minor Crash,Yes,2008,West,0.0,,Flat,,,,,Bright sun,1472300.0,1.0,0.0,0.0,2.0,0.0,,,Hawke's Bay Region,Nil,2-way,Sealed,0.0,0.0,,70.0,,Null,1.0,0.0,,30.0,Hastings District,Stop,,,,,0.0,0.0,Urban,0.0,,,Fine
733373,1929657.0,5605330.0,548200.0,0.0,0.0,2.0,Null,2005/2006,NELSON ST NORTH,QUEEN ST WEST,Non-Injury Crash,No,2005,West,0.0,,Flat,,,,,Bright sun,1490800.0,0.0,0.0,0.0,2.0,0.0,,,Hawke's Bay Region,Nil,2-way,Sealed,0.0,0.0,,50.0,,Null,0.0,0.0,,30.0,Hastings District,Give way,,,,,0.0,0.0,Urban,0.0,,,Fine
92293,1928933.0,5605465.0,547700.0,0.0,0.0,0.0,East,2001/2002,SOUTHAMPTON ST WEST,PEPPER ST,Non-Injury Crash,No,2001,East,0.0,0.0,Flat,0.0,Christmas New Year,0.0,0.0,Bright sun,1487500.0,0.0,0.0,1.0,2.0,0.0,0.0,,Hawke's Bay Region,Nil,2-way,Sealed,0.0,0.0,0.0,50.0,0.0,Null,0.0,0.0,,30.0,Hastings District,Nil,0.0,0.0,0.0,0.0,0.0,0.0,Urban,0.0,0.0,0.0,Fine
31960,1931298.0,5606996.0,545721.0,0.0,0.0,1.0,Null,2015/2016,RICHMOND ROAD,TOMOANA ROAD,Non-Injury Crash,No,2015,North,0.0,0.0,Flat,0.0,,0.0,0.0,Overcast,1471500.0,0.0,0.0,0.0,2.0,0.0,0.0,,Hawke's Bay Region,Nil,2-way,Sealed,0.0,0.0,0.0,80.0,0.0,Null,0.0,0.0,,30.0,Hastings District,Nil,0.0,0.0,0.0,1.0,0.0,0.0,Open,0.0,0.0,0.0,Fine
84392,1928580.0,5613735.0,545831.0,0.0,0.0,1.0,West,2005/2006,SH 50,OMARUNUI ROAD,Non-Injury Crash,Yes,2005,South,0.0,1.0,Flat,0.0,,0.0,0.0,Dark,1409400.0,0.0,0.0,0.0,1.0,0.0,0.0,,Hawke's Bay Region,Nil,2-way,Sealed,0.0,0.0,0.0,100.0,0.0,None,0.0,0.0,,30.0,Hastings District,Nil,0.0,0.0,0.0,0.0,0.0,0.0,Open,0.0,0.0,0.0,Fine
641975,1929821.0,5605113.0,548200.0,0.0,0.0,2.0,West,2014/2015,QUEEN ST WEST,MARKET ST NORTH,Non-Injury Crash,No,2015,East,0.0,,Flat,,,,,Bright sun,1491300.0,0.0,0.0,0.0,3.0,0.0,,,Hawke's Bay Region,Nil,2-way,Sealed,0.0,0.0,,50.0,,Null,0.0,0.0,,30.0,Hastings District,Unknown,,,,,0.0,0.0,Urban,0.0,,,Fine
585099,1921534.0,5603684.0,545841.0,0.0,0.0,1.0,South,2011/2012,RAUKAWA ROAD,MARAEKAKAHO ROAD,Non-Injury Crash,No,2012,South,0.0,1.0,Flat,0.0,,0.0,0.0,Dark,1463401.0,0.0,0.0,0.0,2.0,0.0,0.0,,Hawke's Bay Region,Nil,2-way,Sealed,0.0,0.0,0.0,50.0,0.0,None,0.0,0.0,,30.0,Hastings District,Nil,0.0,0.0,0.0,1.0,0.0,0.0,Urban,0.0,0.0,0.0,Fine
195399,1918506.0,5648848.0,545911.0,0.0,0.0,1.0,North,2015/2016,SH 5,OHURAKURA ROAD,Non-Injury Crash,Yes,2015,North,0.0,,Hill Road,,Christmas New Year,,,Overcast,1415900.0,0.0,0.0,0.0,2.0,0.0,,,Hawke's Bay Region,Nil,2-way,Sealed,0.0,0.0,,100.0,,Null,0.0,0.0,,30.0,Hastings District,Unknown,,,,,0.0,0.0,Open,0.0,,,Light rain
620014,1928483.0,5606567.0,548500.0,0.0,0.0,2.0,West,2002/2003,OMAHU ROAD,HAPUKA ST,Non-Injury Crash,No,2002,West,0.0,,Flat,,,,,Bright sun,1478700.0,0.0,0.0,0.0,2.0,0.0,,,Hawke's Bay Region,Nil,2-way,Sealed,0.0,0.0,,50.0,,Null,0.0,0.0,,30.0,Hastings District,Nil,,,,,0.0,0.0,Urban,0.0,,,Fine
398167,1907056.5939,5607466.4093,545841.0,0.0,0.0,2.0,South,2018/2019,KERERU ROAD,AORANGI ROAD,Non-Injury Crash,No,2019,East,0.0,,Flat,,,,,Bright sun,1462401.0,0.0,0.0,0.0,2.0,0.0,,,Hawke's Bay Region,Nil,2-way,Sealed,0.0,0.0,,100.0,,None,0.0,0.0,,30.0,Hastings District,Nil,,,,,0.0,0.0,Open,0.0,,,Fine
328397,1925189.0,5605130.0,545842.0,0.0,0.0,2.0,South,2006/2007,STOCK ROAD,IRONGATE ROAD,Non-Injury Crash,No,2007,South,0.0,0.0,Flat,0.0,,0.0,0.0,Dark,1470214.0,0.0,0.0,0.0,2.0,0.0,1.0,,Hawke's Bay Region,Nil,2-way,Sealed,0.0,0.0,0.0,100.0,0.0,None,0.0,0.0,,30.0,Hastings District,Nil,0.0,0.0,0.0,1.0,0.0,0.0,Open,0.0,0.0,0.0,Fine
11655,1926128.0,5637655.0,545811.0,0.0,0.0,1.0,North,2001/2002,SH 5,BEATTIE ROAD,Non-Injury Crash,Yes,2001,South,0.0,0.0,Hill Road,0.0,,0.0,0.0,Overcast,1414700.0,0.0,0.0,0.0,3.0,0.0,0.0,,Hawke's Bay Region,Nil,2-way,Sealed,0.0,0.0,0.0,100.0,0.0,Null,0.0,0.0,,30.0,Hastings District,Nil,0.0,0.0,0.0,0.0,0.0,0.0,Open,0.0,0.0,0.0,Heavy rain
446587,1926429.0,5604478.0,545842.0,0.0,0.0,1.0,Null,2004/2005,MARAEKAKAHO ROAD,IRONGATE ROAD,Non-Injury Crash,No,2004,North,0.0,,Flat,,,,,Overcast,1468903.0,0.0,0.0,0.0,3.0,0.0,,,Hawke's Bay Region,Nil,2-way,Sealed,0.0,0.0,,100.0,,Null,0.0,0.0,,30.0,Hastings District,Give way,,,,,1.0,0.0,Open,0.0,,,Fine
483219,1929079.636,5606502.4082,547800.0,0.0,0.0,1.0,Null,2018/2019,PAKOWHAI ROAD,FRIMLEY ROAD,Non-Injury Crash,No,2019,North,0.0,,Flat,,,,,Dark,1477500.0,0.0,0.0,0.0,2.0,0.0,,,Hawke's Bay Region,Nil,2-way,Sealed,0.0,0.0,,50.0,,On,0.0,0.0,,30.0,Hastings District,Traffic Signals,,,,,0.0,0.0,Urban,1.0,,,Fine
53628,1930046.0,5604600.0,548200.0,0.0,0.0,2.0,Null,2002/2003,HASTINGS ST NORTH,HERETAUNGA ST EAST,Non-Injury Crash,No,2002,South,0.0,,Flat,,,,,Bright sun,1493200.0,0.0,0.0,0.0,2.0,0.0,,,Hawke's Bay Region,Nil,2-way,Sealed,0.0,0.0,,50.0,,Null,0.0,0.0,,30.0,Hastings District,Give way,,,,,0.0,0.0,Urban,0.0,,,Fine
349035,1930286.0,5606255.0,547600.0,0.0,0.0,2.0,Null,2018/2019,TOMOANA ROAD,CORNWALL ROAD,Minor Crash,No,2018,North,0.0,,Flat,,,,,Dark,1484300.0,1.0,0.0,0.0,2.0,0.0,,,Hawke's Bay Region,Nil,2-way,Sealed,0.0,0.0,,50.0,,On,0.0,0.0,,30.0,Hastings District,Give way,,,,,0.0,0.0,Urban,0.0,,,Fine
275482,1928982.0,5602949.0,545762.0,0.0,0.0,2.0,Null,2017/2018,RIVERSLEA ROAD SOUTH,TOLLEMACHE ROAD EAST,Serious Crash,No,2017,South,0.0,,Flat,,,,,Bright sun,1468200.0,0.0,0.0,1.0,2.0,0.0,,,Hawke's Bay Region,Nil,2-way,Sealed,0.0,1.0,,50.0,,Null,0.0,0.0,,30.0,Hastings District,Stop,,,,,0.0,0.0,Urban,0.0,,,Fine
680727,1933278.0,5601512.0,548832.0,0.0,1.0,1.0,West,2007/2008,DUART ROAD,GILLEAN ST,Minor Crash,No,2008,North,0.0,,Hill Road,,,,,Bright sun,1509000.0,1.0,0.0,0.0,2.0,0.0,,,Hawke's Bay Region,Nil,2-way,Sealed,0.0,0.0,,50.0,,Null,0.0,0.0,,30.0,Hastings District,Nil,,,,,0.0,0.0,Urban,0.0,,,Fine
158729,1929749.2154,5605019.9678,548200.0,1.0,0.0,1.0,North,2018/2019,MARKET STREET NORTH,HERETAUNGA STREET WEST,Minor Crash,No,2019,West,0.0,,Flat,,,,,Overcast,1491700.0,1.0,0.0,0.0,2.0,0.0,,,Hawke's Bay Region,Nil,2-way,Sealed,0.0,0.0,,50.0,,Off,0.0,0.0,,30.0,Hastings District,Give way,,,,,0.0,0.0,Urban,0.0,,,Light rain
10447,1926245.0,5606266.0,545761.0,0.0,0.0,1.0,Null,2004/2005,SH 50A,YORK ROAD,Non-Injury Crash,Yes,2005,North,0.0,,Flat,,,,,Twilight,1469905.0,0.0,0.0,0.0,2.0,0.0,,,Hawke's Bay Region,Nil,2-way,Sealed,0.0,0.0,,50.0,,On,1.0,0.0,,30.0,Hastings District,Give way,,,,,0.0,0.0,Urban,0.0,,,Fine
211677,1930617.0,5603901.0,548100.0,0.0,0.0,2.0,East,2013/2014,HERETAUNGA ST EAST,PARK ROAD NORTH,Non-Injury Crash,No,2013,South,0.0,,Flat,,,,,Bright sun,1501400.0,0.0,0.0,0.0,2.0,0.0,,,Hawke's Bay Region,Nil,2-way,Sealed,0.0,0.0,,50.0,,Null,0.0,0.0,,30.0,Hastings District,Give way,,,,,0.0,0.0,Urban,0.0,,,Fine
422693,1926365.0,5604429.0,545842.0,0.0,0.0,2.0,South,2003/2004,MARAEKAKAHO ROAD,IRONGATE ROAD,Minor Crash,No,2004,South,0.0,,Flat,,,,,Twilight,1470205.0,1.0,0.0,0.0,2.0,0.0,,,Hawke's Bay Region,Nil,2-way,Sealed,0.0,0.0,,100.0,,On,0.0,0.0,,30.0,Hastings District,Nil,,,,,1.0,0.0,Open,0.0,,,Fine
252754,1920941.0,5627198.0,545821.0,0.0,0.0,1.0,West,2008/2009,PUKETITIRI ROAD,APLEY ROAD,Minor Crash,No,2008,West,0.0,0.0,Hill Road,0.0,Christmas New Year,0.0,0.0,Dark,1411100.0,1.0,0.0,0.0,2.0,0.0,0.0,,Hawke's Bay Region,Nil,2-way,Sealed,0.0,0.0,0.0,100.0,0.0,None,0.0,0.0,,30.0,Hastings District,Nil,0.0,0.0,0.0,0.0,0.0,0.0,Open,0.0,0.0,0.0,Fine
348515,1939422.0,5607332.0,545740.0,0.0,0.0,1.0,West,2003/2004,EAST ROAD,ROCKWOOD PLACE,Non-Injury Crash,No,2004,East,0.0,0.0,Flat,0.0,,0.0,0.0,Dark,1407800.0,0.0,0.0,0.0,2.0,0.0,0.0,,Hawke's Bay Region,Nil,2-way,Sealed,0.0,0.0,0.0,100.0,0.0,None,0.0,0.0,,30.0,Hastings District,Nil,0.0,0.0,0.0,0.0,0.0,0.0,Open,0.0,0.0,0.0,Fine
601206,1925214.0,5606875.0,548620.0,0.0,0.0,0.0,Null,2004/2005,SWANSEA ROAD,BRISTOL CRESCENT,Minor Crash,No,2004,South,0.0,,Flat,,,,,Twilight,1476500.0,1.0,0.0,1.0,2.0,0.0,,,Hawke's Bay Region,Nil,2-way,Sealed,0.0,0.0,,50.0,,On,0.0,0.0,,30.0,Hastings District,Nil,,,,,0.0,0.0,Urban,0.0,,,Fine
623608,1927918.1218,5601781.705,545762.0,0.0,0.0,1.0,Null,2020/2021,RIVERSLEA ROAD SOUTH,LONGLANDS ROAD EAST,Minor Crash,No,2020,South,0.0,0.0,Flat,0.0,,0.0,0.0,Bright sun,1468200.0,1.0,0.0,0.0,2.0,0.0,0.0,,Hawke's Bay Region,Nil,2-way,Sealed,0.0,0.0,0.0,100.0,0.0,Off,0.0,0.0,,30.0,Hastings District,Stop,0.0,0.0,0.0,1.0,0.0,0.0,Open,0.0,0.0,0.0,Fine
449667,1932356.0,5601398.0,548821.0,0.0,0.0,1.0,Null,2007/2008,MIDDLE ROAD,LUCKNOW ROAD,Non-Injury Crash,No,2007,South,0.0,,Flat,,,,,Bright sun,1507001.0,0.0,0.0,1.0,2.0,0.0,,,Hawke's Bay Region,Nil,2-way,Sealed,0.0,0.0,,50.0,,Null,0.0,0.0,,30.0,Hastings District,Give way,,,,,0.0,0.0,Urban,0.0,,,Fine
448556,1908830.0,5674614.0,545911.0,0.0,0.0,1.0,North,2004/2005,SH 5,TARAWERA TAV,Non-Injury Crash,Yes,2005,North,0.0,0.0,Hill Road,0.0,,0.0,0.0,Twilight,1281200.0,0.0,0.0,0.0,2.0,0.0,0.0,,Hawke's Bay Region,Nil,2-way,Sealed,0.0,0.0,0.0,100.0,0.0,None,0.0,0.0,,30.0,Hastings District,Nil,0.0,0.0,0.0,0.0,0.0,0.0,Open,0.0,0.0,0.0,Light rain
548666,1930073.0,5605180.0,548200.0,0.0,0.0,2.0,Null,2018/2019,RUSSELL ST NORTH,ST AUBYN ST EAST,Non-Injury Crash,No,2018,East,0.0,,Flat,,,,,Overcast,1492300.0,0.0,0.0,0.0,4.0,0.0,,,Hawke's Bay Region,Nil,2-way,Sealed,0.0,0.0,,50.0,,Null,0.0,0.0,,30.0,Hastings District,Traffic Signals,,,,,0.0,0.0,Urban,0.0,,,Fine
326827,1913672.0,5657480.0,545911.0,0.0,0.0,1.0,South,2005/2006,SH 5,MCVICAR ROAD,Non-Injury Crash,Yes,2006,South,0.0,0.0,Hill Road,0.0,,0.0,0.0,Overcast,1414400.0,0.0,0.0,0.0,3.0,0.0,0.0,,Hawke's Bay Region,Nil,2-way,Sealed,0.0,0.0,0.0,100.0,0.0,Null,0.0,0.0,,30.0,Hastings District,Nil,0.0,0.0,0.0,0.0,0.0,0.0,Open,0.0,0.0,0.0,Fine
468659,1929313.0,5606678.0,547800.0,0.0,0.0,2.0,Null,2006/2007,PAKOWHAI ROAD,FITZROY AVENUE,Non-Injury Crash,No,2007,West,0.0,,Flat,,,,,Bright sun,1477600.0,0.0,0.0,0.0,2.0,0.0,,,Hawke's Bay Region,Nil,2-way,Sealed,0.0,0.0,,50.0,,Null,0.0,0.0,,30.0,Hastings District,Give way,,,,,0.0,0.0,Urban,0.0,,,Fine
543440,1925409.0,5626331.0,545821.0,0.0,0.0,1.0,South,2015/2016,PUKETITIRI ROAD,SEAFIELD ROAD,Non-Injury Crash,No,2016,North,0.0,0.0,Flat,1.0,,0.0,0.0,Bright sun,1411200.0,0.0,0.0,0.0,2.0,0.0,0.0,,Hawke's Bay Region,Nil,2-way,Sealed,0.0,0.0,0.0,100.0,0.0,Null,0.0,0.0,,30.0,Hastings District,Unknown,0.0,0.0,0.0,0.0,1.0,0.0,Open,0.0,0.0,0.0,Fine
482839,1931022.0,5613782.0,545831.0,0.0,0.0,2.0,Null,2003/2004,SH 50,PAKOWHAI ON SBD,Non-Injury Crash,Yes,2004,South,0.0,,Flat,,,,,Overcast,1404600.0,0.0,0.0,0.0,4.0,0.0,,,Hawke's Bay Region,Nil,2-way,Sealed,0.0,0.0,,100.0,,Null,0.0,0.0,,30.0,Hastings District,Traffic Signals,,,,,0.0,0.0,Open,0.0,,,Fine
380790,1928909.0,5606167.0,547700.0,0.0,0.0,2.0,Null,2008/2009,Z CPK KFC,HERETAUNGA ST WEST,Non-Injury Crash,No,2008,South,0.0,0.0,Flat,0.0,,0.0,0.0,Overcast,1486000.0,0.0,0.0,0.0,0.0,0.0,1.0,,Hawke's Bay Region,Nil,Off road,Sealed,0.0,0.0,0.0,50.0,0.0,Null,0.0,0.0,,30.0,Hastings District,Nil,0.0,0.0,0.0,0.0,0.0,0.0,Urban,0.0,0.0,0.0,Light rain
64443,1932505.0,5601810.0,548831.0,1.0,0.0,0.0,Null,2016/2017,PORTER DRIVE,HAVELOCK ROAD,Serious Crash,No,2016,South,0.0,0.0,Flat,0.0,,0.0,1.0,Bright sun,1509600.0,0.0,0.0,0.0,2.0,0.0,0.0,,Hawke's Bay Region,Nil,2-way,Sealed,0.0,1.0,0.0,50.0,0.0,Off,0.0,0.0,,30.0,Hastings District,Give way,0.0,0.0,0.0,0.0,0.0,0.0,Urban,0.0,0.0,0.0,Fine
649399,1931513.0,5604830.0,548000.0,0.0,0.0,2.0,Null,2009/2010,GROVE ROAD,SYLVAN ROAD,Non-Injury Crash,No,2009,West,0.0,0.0,Flat,0.0,,0.0,0.0,Twilight,1498600.0,0.0,0.0,0.0,2.0,0.0,1.0,,Hawke's Bay Region,Nil,2-way,Sealed,0.0,0.0,0.0,50.0,0.0,On,0.0,0.0,,30.0,Hastings District,Give way,0.0,0.0,0.0,0.0,0.0,0.0,Urban,1.0,0.0,0.0,Fine
667978,1923511.0,5596659.0,545851.0,0.0,0.0,1.0,South,2007/2008,SH 2,STOCK ROAD,Minor Crash,Yes,2008,North,0.0,1.0,Flat,0.0,,0.0,0.0,Overcast,1463900.0,1.0,0.0,0.0,2.0,0.0,0.0,,Hawke's Bay Region,Nil,2-way,Sealed,0.0,0.0,0.0,100.0,0.0,Null,0.0,0.0,,30.0,Hastings District,Nil,0.0,0.0,0.0,0.0,0.0,0.0,Open,0.0,0.0,1.0,Heavy rain
531124,1936715.0,5596610.0,545851.0,0.0,0.0,1.0,North,2006/2007,WAIMARAMA ROAD,MATANGI ROAD,Non-Injury Crash,No,2006,North,0.0,1.0,Flat,0.0,Labour Weekend,0.0,0.0,Overcast,1467002.0,0.0,0.0,0.0,2.0,0.0,0.0,,Hawke's Bay Region,Nil,2-way,Sealed,0.0,0.0,0.0,100.0,0.0,Null,0.0,0.0,,30.0,Hastings District,Nil,0.0,0.0,0.0,0.0,0.0,0.0,Open,0.0,0.0,0.0,Fine
350979,1928786.0,5605625.0,547700.0,1.0,0.0,1.0,Null,2009/2010,SOUTHAMPTON ST WEST,TOWNSHEND ST,Serious Crash,No,2010,East,0.0,,Flat,,,,,Overcast,1486800.0,0.0,0.0,0.0,2.0,0.0,,,Hawke's Bay Region,Nil,2-way,Sealed,0.0,1.0,,50.0,,Null,0.0,0.0,,30.0,Hastings District,Give way,,,,,0.0,0.0,Urban,0.0,,,Light rain
534650,1917712.0,5631269.0,545821.0,0.0,0.0,1.0,North,2011/2012,PUKETITIRI ROAD,SOLDIERS SETTLEMENT ROAD,Minor Crash,No,2011,North,0.0,0.0,Hill Road,0.0,,0.0,0.0,Dark,1412300.0,1.0,0.0,0.0,2.0,0.0,0.0,,Hawke's Bay Region,Nil,2-way,Sealed,0.0,0.0,0.0,100.0,0.0,None,0.0,0.0,,30.0,Hastings District,Nil,0.0,0.0,0.0,1.0,0.0,0.0,Open,0.0,0.0,0.0,Light rain
369184,1930838.0,5613562.0,545831.0,0.0,0.0,1.0,West,2013/2014,SH 50,SH 50A,Non-Injury Crash,Yes,2014,West,0.0,0.0,Flat,0.0,,0.0,0.0,Twilight,1404600.0,0.0,0.0,0.0,2.0,0.0,0.0,,Hawke's Bay Region,Nil,2-way,Sealed,0.0,0.0,0.0,100.0,0.0,None,0.0,0.0,,30.0,Hastings District,Nil,0.0,0.0,0.0,0.0,0.0,0.0,Open,1.0,0.0,0.0,Fine
319394,1928540.0,5605589.0,547700.0,0.0,0.0,2.0,South,2001/2002,FRANCIS HICKS AVENUE,KENNEDY ROAD,Non-Injury Crash,No,2001,West,0.0,,Flat,,,,,Overcast,1486500.0,0.0,0.0,0.0,2.0,0.0,,,Hawke's Bay Region,Nil,2-way,Sealed,0.0,0.0,,50.0,,Null,0.0,0.0,,30.0,Hastings District,Nil,,,,,0.0,0.0,Urban,0.0,,,Light rain
56369,1924874.0,5607969.0,548611.0,0.0,0.0,1.0,Null,2017/2018,MARGATE AVENUE,YARMOUTH ROAD,Serious Crash,No,2017,East,0.0,,Flat,,Christmas New Year,,,Twilight,1473803.0,0.0,0.0,0.0,2.0,0.0,,,Hawke's Bay Region,Nil,2-way,Sealed,0.0,1.0,,50.0,,Off,0.0,0.0,,30.0,Hastings District,Nil,,,,,0.0,0.0,Urban,0.0,,,Fine
167069,1928141.0,5600914.0,545852.0,0.0,0.0,0.0,West,2012/2013,TE AUTE ROAD,LONGLANDS ROAD EAST,Serious Crash,No,2013,West,0.0,0.0,Flat,0.0,,0.0,0.0,Dark,1465700.0,0.0,0.0,0.0,2.0,0.0,0.0,,Hawke's Bay Region,Nil,2-way,Sealed,0.0,1.0,0.0,100.0,0.0,None,0.0,0.0,,30.0,Hastings District,Nil,0.0,0.0,0.0,0.0,0.0,0.0,Open,1.0,0.0,0.0,Light rain
108204,1933565.0,5602083.0,548832.0,0.0,0.0,0.0,East,2009/2010,TE MATA ROAD,HILLSBROOK PLACE,Minor Crash,No,2009,West,0.0,,Flat,,,,,Overcast,1510200.0,1.0,0.0,0.0,2.0,0.0,,1.0,Hawke's Bay Region,Nil,2-way,Sealed,0.0,0.0,,50.0,,Null,1.0,0.0,,30.0,Hastings District,Nil,,,,,0.0,0.0,Urban,0.0,,,Fine
511560,1931290.0,5604012.0,548100.0,0.0,0.0,1.0,Null,2003/2004,WINDSOR AVENUE,HAIG ST,Minor Crash,No,2003,North,0.0,,Flat,,,,,Bright sun,1500200.0,1.0,0.0,0.0,2.0,0.0,,1.0,Hawke's Bay Region,Nil,2-way,Sealed,0.0,0.0,,50.0,,Null,0.0,0.0,,30.0,Hastings District,Give way,,,,,0.0,0.0,Urban,0.0,,,Fine
386677,1938260.0,5608259.0,545740.0,0.0,0.0,2.0,Null,2006/2007,PARKHILL ROAD,HAUMOANA ROAD,Minor Crash,No,2007,West,0.0,,Flat,,,,,Bright sun,1407300.0,2.0,0.0,0.0,2.0,0.0,,,Hawke's Bay Region,Nil,2-way,Sealed,0.0,0.0,,100.0,,Null,0.0,0.0,,30.0,Hastings District,Give way,,,,,0.0,0.0,Open,0.0,,,Fine
284024,1933251.0,5602638.0,548831.0,0.0,0.0,1.0,North,2001/2002,NAPIER ROAD,CROSSES ROAD,Non-Injury Crash,No,2002,South,0.0,,Flat,,,,,Twilight,1509400.0,0.0,0.0,0.0,2.0,0.0,,,Hawke's Bay Region,Nil,2-way,Sealed,0.0,0.0,,50.0,,None,0.0,0.0,,30.0,Hastings District,Nil,,,,,0.0,0.0,Urban,1.0,,,Fine
592131,1924165.6288,5607551.0337,548611.0,0.0,0.0,1.0,Null,2018/2019,PALGRAVE AVENUE,DIAZ DRIVE,Non-Injury Crash,No,2018,South,0.0,,Flat,,,,,Dark,1473902.0,0.0,0.0,0.0,2.0,0.0,,,Hawke's Bay Region,Nil,2-way,Sealed,0.0,0.0,,50.0,,On,0.0,0.0,,30.0,Hastings District,Nil,,,,,0.0,0.0,Urban,0.0,,,Fine
280951,1928769.0,5603968.0,547900.0,0.0,0.0,2.0,North,2016/2017,MURDOCH ROAD WEST,RAILWAY ROAD,Non-Injury Crash,No,2016,North,0.0,0.0,Flat,0.0,,0.0,0.0,Overcast,1482600.0,0.0,0.0,0.0,2.0,0.0,1.0,,Hawke's Bay Region,Nil,2-way,Sealed,0.0,0.0,0.0,50.0,0.0,Null,0.0,0.0,,30.0,Hastings District,Unknown,0.0,0.0,0.0,0.0,0.0,0.0,Urban,0.0,0.0,0.0,Fine
689161,1929851.0,5605477.0,548200.0,0.0,0.0,2.0,Null,2007/2008,NELSON ST NORTH,ST AUBYN ST WEST,Non-Injury Crash,No,2007,South,0.0,,Flat,,,,,Bright sun,1491000.0,0.0,0.0,0.0,2.0,0.0,,,Hawke's Bay Region,Nil,2-way,Sealed,0.0,0.0,,50.0,,Null,0.0,0.0,,30.0,Hastings District,Traffic Signals,,,,,0.0,0.0,Urban,0.0,,,Fine
25918,1928773.0782,5606258.084,548500.0,0.0,0.0,1.0,Null,2018/2019,MARAEKAKAHO ROAD,OMAHU ROAD,Non-Injury Crash,No,2019,North,0.0,0.0,Flat,0.0,,0.0,1.0,Twilight,1478800.0,0.0,0.0,0.0,2.0,0.0,0.0,,Hawke's Bay Region,Nil,2-way,Sealed,0.0,0.0,0.0,50.0,0.0,On,0.0,0.0,,30.0,Hastings District,Give way,0.0,1.0,0.0,1.0,0.0,0.0,Urban,0.0,0.0,0.0,Fine
141706,1935904.0,5610613.0,545730.0,0.0,0.0,1.0,South,2002/2003,SH 2,MILL ROAD,Non-Injury Crash,Yes,2003,North,0.0,,Flat,,,,,Bright sun,1404700.0,0.0,0.0,0.0,2.0,0.0,,,Hawke's Bay Region,Nil,2-way,Sealed,0.0,0.0,,70.0,,Null,0.0,0.0,,30.0,Hastings District,Nil,,,,,0.0,0.0,Urban,1.0,,,Fine
676625,1928766.0,5606276.0,548500.0,0.0,0.0,1.0,Null,2002/2003,Z CPK KFC,HERETAUNGA/MARAEKAKAHO,Non-Injury Crash,No,2003,East,0.0,,Flat,,,,,Dark,1478800.0,0.0,0.0,0.0,1.0,0.0,,,Hawke's Bay Region,Nil,Off road,Sealed,0.0,0.0,,50.0,,On,0.0,0.0,,30.0,Hastings District,Nil,,,,,0.0,0.0,Urban,1.0,,,Fine
41672,1924361.0,5608082.0,548611.0,0.0,0.0,1.0,East,2000/2001,NORTHLEE PLACE,KIRKWOOD ROAD,Non-Injury Crash,No,2000,West,0.0,0.0,Flat,0.0,,0.0,0.0,Dark,1469709.0,0.0,0.0,0.0,2.0,0.0,0.0,,Hawke's Bay Region,Nil,2-way,Sealed,0.0,0.0,0.0,50.0,0.0,On,0.0,0.0,,30.0,Hastings District,Nil,0.0,0.0,0.0,0.0,0.0,0.0,Urban,0.0,0.0,0.0,Fine
721722,1932997.0,5601844.0,548831.0,0.0,0.0,2.0,Null,2000/2001,TE MATA ROAD,KARANEMA DRIVE,Non-Injury Crash,No,2001,West,0.0,0.0,Flat,0.0,,0.0,0.0,Bright sun,1509700.0,0.0,0.0,0.0,4.0,0.0,0.0,,Hawke's Bay Region,Nil,2-way,Sealed,0.0,0.0,0.0,50.0,0.0,Null,0.0,0.0,,30.0,Hastings District,Give way,0.0,0.0,0.0,1.0,0.0,0.0,Urban,0.0,0.0,0.0,Fine
505150,1909077.0,5674647.0,545911.0,0.0,0.0,0.0,North,2006/2007,SH 5,TARAWERA TAV,Non-Injury Crash,Yes,2006,North,0.0,0.0,Hill Road,1.0,,0.0,0.0,Dark,1281200.0,0.0,0.0,0.0,2.0,0.0,0.0,,Hawke's Bay Region,Nil,2-way,Sealed,0.0,0.0,0.0,100.0,0.0,None,1.0,0.0,,30.0,Hastings District,Nil,0.0,0.0,0.0,0.0,0.0,0.0,Open,0.0,0.0,0.0,Light rain
86525,1928077.0,5606961.0,548500.0,0.0,0.0,1.0,North,2016/2017,OMAHU ROAD,NOTTINGLEY ROAD,Non-Injury Crash,No,2016,North,0.0,0.0,Flat,0.0,,1.0,0.0,Twilight,1478500.0,0.0,0.0,0.0,2.0,0.0,0.0,,Hawke's Bay Region,Nil,2-way,Sealed,0.0,0.0,0.0,50.0,0.0,Off,0.0,0.0,,30.0,Hastings District,Unknown,0.0,0.0,0.0,0.0,0.0,0.0,Urban,0.0,0.0,0.0,Fine