OBJECTID,X,Y,areaUnitID,bicycle,bus,carStationWagon,crashDirectionDescription,crashFinancialYear,crashLocation1,crashLocation2,crashSeverity,crashSHDescription,crashYear,directionRoleDescription,fatalCount,fence,flatHill,guardRail,holiday,houseOrBuilding,kerb,light,meshblockId,minorInjuryCount,moped,motorcycle,NumberOfLanes,otherVehicleType,parkedVehicle,pedestrian,region,roadCharacter,roadLane,roadSurface,schoolBus,seriousInjuryCount,slipOrFlood,speedLimit,strayAnimal,streetLight,suv,taxi,temporarySpeedLimit,tlaId,tlaName,trafficControl,trafficIsland,trafficSign,train,tree,truck,unknownVehicleType,urban,vanOrUtility,vehicle,waterRiver,weatherA
44871,1925468.0,5599823.0,545852.0,0.0,0.0,2.0,North,2015/2016,RAILWAY ROAD SOUTH,SH 50A,Non-Injury Crash,No,2015,North,0.0,,Flat,,,,,Bright sun,1469600.0,0.0,0.0,0.0,2.0,0.0,,,Hawke's Bay Region,Nil,2-way,Sealed,0.0,0.0,,80.0,,Null,0.0,0.0,,30.0,Hastings District,Unknown,,,,,0.0,0.0,Open,0.0,,,Fine
641706,1931007.0,5607966.0,545710.0,0.0,0.0,2.0,Null,2003/2004,PAKOWHAI ROAD,MORLEY ROAD,Minor Crash,No,2003,North,0.0,0.0,Flat,0.0,,0.0,0.0,Bright sun,1471100.0,1.0,0.0,0.0,2.0,0.0,0.0,,Hawke's Bay Region,Nil,2-way,Sealed,0.0,0.0,0.0,70.0,0.0,Null,0.0,0.0,,30.0,Hastings District,Stop,0.0,0.0,0.0,0.0,0.0,0.0,Urban,0.0,0.0,0.0,Fine
652386,1930272.0,5604105.0,548300.0,0.0,0.0,2.0,Null,2010/2011,DUFFERIN ST,RIVERSLEA ROAD SOUTH,Non-Injury Crash,No,2011,North,0.0,0.0,Flat,0.0,,0.0,0.0,Dark,1501600.0,0.0,0.0,0.0,2.0,0.0,1.0,,Hawke's Bay Region,Nil,2-way,Sealed,0.0,0.0,0.0,50.0,0.0,On,0.0,0.0,,30.0,Hastings District,Nil,0.0,0.0,0.0,0.0,0.0,0.0,Urban,0.0,0.0,0.0,Fine
246172,1930614.0,5603905.0,548100.0,0.0,0.0,2.0,Null,2004/2005,PARK ROAD SOUTH,PARK ROAD,Non-Injury Crash,No,2005,North,0.0,,Flat,,Queens Birthday,,,Dark,1501200.0,0.0,0.0,0.0,2.0,0.0,,,Hawke's Bay Region,Nil,2-way,Sealed,0.0,0.0,,50.0,,On,0.0,0.0,,30.0,Hastings District,Stop,,,,,0.0,0.0,Urban,0.0,,,Fine
13940,1924169.0,5607547.0,548612.0,0.0,0.0,1.0,Null,2006/2007,DIAZ DRIVE,PALGRAVE AVENUE,Non-Injury Crash,No,2007,East,0.0,1.0,Flat,0.0,,0.0,0.0,Overcast,1474002.0,0.0,0.0,0.0,2.0,0.0,0.0,,Hawke's Bay Region,Nil,2-way,Sealed,0.0,0.0,0.0,50.0,0.0,Null,0.0,0.0,,30.0,Hastings District,Nil,0.0,0.0,0.0,0.0,0.0,0.0,Urban,0.0,0.0,0.0,Heavy rain
616180,1924928.0,5606659.0,548620.0,0.0,0.0,1.0,Null,2003/2004,SWANSEA ROAD,SUNDERLAND DRIVE,Non-Injury Crash,No,2003,East,0.0,,Flat,,,,,Bright sun,1474700.0,0.0,0.0,0.0,2.0,0.0,,,Hawke's Bay Region,Nil,2-way,Sealed,0.0,0.0,,50.0,,Null,0.0,0.0,,30.0,Hastings District,Give way,,,,,0.0,0.0,Urban,1.0,,,Fine
679489,1925380.1599,5607800.4607,548611.0,0.0,0.0,1.0,Null,2018/2019,CHATHAM ROAD,MARGATE AVENUE,Non-Injury Crash,No,2019,East,0.0,,Flat,,Queens Birthday,,,Bright sun,1473806.0,0.0,0.0,0.0,2.0,0.0,,,Hawke's Bay Region,Nil,2-way,Sealed,0.0,0.0,,50.0,,Off,0.0,0.0,,30.0,Hastings District,Give way,,,,,0.0,0.0,Urban,1.0,,,Fine
319521,1924647.0,5610333.0,545710.0,0.0,0.0,1.0,East,2013/2014,HILL ROAD,OMAHU ROAD,Non-Injury Crash,No,2014,East,0.0,1.0,Flat,0.0,,0.0,0.0,Dark,1470500.0,0.0,0.0,0.0,2.0,0.0,0.0,,Hawke's Bay Region,Nil,2-way,Sealed,0.0,0.0,0.0,100.0,0.0,None,0.0,0.0,,30.0,Hastings District,Nil,0.0,0.0,0.0,1.0,0.0,0.0,Open,0.0,0.0,0.0,Fine
572802,1927293.1719,5605133.6284,545761.0,0.0,0.0,1.0,Null,2018/2019,YORK ROAD,MARAEKAKAHO ROAD,Serious Crash,No,2019,South,0.0,0.0,Flat,1.0,Easter,0.0,0.0,Dark,1470102.0,0.0,0.0,0.0,2.0,0.0,0.0,,Hawke's Bay Region,Nil,2-way,Sealed,0.0,1.0,0.0,70.0,0.0,On,0.0,0.0,,30.0,Hastings District,Give way,0.0,0.0,0.0,0.0,0.0,0.0,Urban,0.0,0.0,0.0,Fine
179260,1930065.1043,5604584.5329,548200.0,0.0,0.0,2.0,Null,2019/2020,HERETAUNGA STREET EAST,HASTINGS STREET SOUTH,Non-Injury Crash,No,2020,North,0.0,,Null,,,,,Unknown,1493800.0,0.0,0.0,0.0,2.0,0.0,,,Hawke's Bay Region,Nil,2-way,Null,0.0,0.0,,50.0,,Null,0.0,0.0,,30.0,Hastings District,Give way,,,,,0.0,0.0,Urban,0.0,,,Null
394266,1930842.6055,5605441.9579,548000.0,0.0,0.0,1.0,South,2019/2020,KARAMU ROAD NORTH,DUCHESS CRESCENT,Non-Injury Crash,No,2019,South,0.0,0.0,Flat,1.0,,0.0,0.0,Dark,1497400.0,0.0,0.0,0.0,2.0,0.0,0.0,,Hawke's Bay Region,Nil,2-way,Sealed,0.0,0.0,0.0,50.0,0.0,On,0.0,0.0,,30.0,Hastings District,Unknown,0.0,0.0,0.0,0.0,0.0,0.0,Urban,0.0,0.0,0.0,Fine
371266,1931613.0,5608421.0,545710.0,0.0,0.0,1.0,Null,2016/2017,PAKOWHAI ROAD,ELWOOD ROAD,Non-Injury Crash,No,2017,North,0.0,1.0,Flat,0.0,,0.0,0.0,Dark,1471100.0,0.0,0.0,0.0,2.0,0.0,0.0,,Hawke's Bay Region,Nil,2-way,Sealed,0.0,0.0,0.0,70.0,0.0,On,0.0,0.0,,30.0,Hastings District,Give way,0.0,0.0,0.0,0.0,0.0,0.0,Urban,0.0,0.0,0.0,Light rain
222885,1929441.0,5608839.0,545710.0,0.0,0.0,1.0,Null,2004/2005,SH 50A,EVENDEN ROAD,Non-Injury Crash,Yes,2005,North,0.0,0.0,Flat,0.0,,0.0,0.0,Dark,1471201.0,0.0,0.0,0.0,2.0,0.0,0.0,,Hawke's Bay Region,Nil,2-way,Sealed,0.0,0.0,0.0,100.0,0.0,On,0.0,0.0,,30.0,Hastings District,Give way,0.0,0.0,0.0,0.0,0.0,0.0,Open,0.0,0.0,0.0,Light rain
33349,1936289.3366,5601401.9047,545750.0,0.0,0.0,1.0,West,2018/2019,TE MATA ROAD,WAIMARAMA ROAD,Non-Injury Crash,No,2019,West,0.0,1.0,Flat,0.0,,0.0,0.0,Twilight,1466501.0,0.0,0.0,0.0,2.0,0.0,0.0,,Hawke's Bay Region,Nil,2-way,Sealed,0.0,0.0,0.0,80.0,0.0,On,0.0,0.0,,30.0,Hastings District,Nil,0.0,0.0,0.0,1.0,0.0,0.0,Open,0.0,0.0,0.0,Fine
30844,1929464.0,5605185.0,548200.0,0.0,0.0,2.0,Null,2001/2002,NELSON ST SOUTH,EASTBOURNE ST WEST,Non-Injury Crash,No,2002,West,0.0,,Flat,,,,,Overcast,1488900.0,0.0,0.0,0.0,2.0,0.0,,,Hawke's Bay Region,Nil,2-way,Sealed,0.0,0.0,,50.0,,Null,0.0,0.0,,30.0,Hastings District,Give way,,,,,0.0,0.0,Urban,0.0,,,Light rain
519037,1927406.0,5607259.0,548400.0,1.0,0.0,0.0,West,2017/2018,SH 50A,OMAHU ROAD,Fatal Crash,Yes,2018,East,1.0,,Flat,,,,,Overcast,1473500.0,0.0,0.0,0.0,2.0,0.0,,,Hawke's Bay Region,Nil,2-way,Sealed,0.0,0.0,,100.0,,Null,1.0,0.0,,30.0,Hastings District,Unknown,,,,,0.0,0.0,Open,0.0,,,Fine
553150,1927285.0,5607651.0,548400.0,1.0,0.0,1.0,Null,2014/2015,OMAHU ROAD,WILSON ROAD,Serious Crash,No,2014,North,0.0,,Flat,,,,,Bright sun,1473500.0,0.0,0.0,0.0,2.0,0.0,,,Hawke's Bay Region,Nil,2-way,Sealed,0.0,1.0,,50.0,,Off,0.0,0.0,,30.0,Hastings District,Give way,,,,,0.0,0.0,Urban,0.0,,,Fine
297664,1928316.0,5634593.0,545811.0,0.0,0.0,0.0,North,2005/2006,SH 5,ELLIS WALLACE ROAD,Minor Crash,Yes,2005,South,0.0,0.0,Hill Road,0.0,,0.0,0.0,Twilight,1414700.0,1.0,0.0,0.0,2.0,0.0,0.0,,Hawke's Bay Region,Nil,2-way,Sealed,0.0,0.0,0.0,100.0,0.0,None,0.0,0.0,,30.0,Hastings District,Nil,0.0,0.0,0.0,0.0,0.0,0.0,Open,1.0,0.0,0.0,Fine
360633,1930242.0,5606222.0,547600.0,0.0,0.0,1.0,Null,2000/2001,TOMOANA ROAD,DUKE ST,Serious Crash,No,2001,East,0.0,1.0,Flat,0.0,,0.0,0.0,Dark,1484300.0,0.0,0.0,0.0,2.0,0.0,0.0,,Hawke's Bay Region,Nil,2-way,Sealed,0.0,1.0,0.0,50.0,0.0,On,0.0,0.0,,30.0,Hastings District,Give way,0.0,0.0,0.0,1.0,0.0,0.0,Urban,0.0,0.0,0.0,Fine
653045,1928920.0,5604962.0,547900.0,0.0,0.0,2.0,Null,2017/2018,SOUTHLAND ROAD,HENRY ST,Non-Injury Crash,No,2017,South,0.0,,Flat,,,,,Bright sun,1482100.0,0.0,0.0,0.0,2.0,0.0,,,Hawke's Bay Region,Nil,2-way,Sealed,0.0,0.0,,50.0,,Null,0.0,0.0,,30.0,Hastings District,Give way,,,,,0.0,0.0,Urban,0.0,,,Fine
175495,1930510.0,5604594.0,548100.0,0.0,0.0,2.0,Null,2008/2009,ST AUBYN ST EAST,WILLOWPARK ROAD NORTH,Non-Injury Crash,No,2008,West,0.0,,Flat,,,,,Overcast,1500800.0,0.0,0.0,0.0,2.0,0.0,,,Hawke's Bay Region,Nil,2-way,Sealed,0.0,0.0,,50.0,,Null,0.0,0.0,,30.0,Hastings District,Give way,,,,,0.0,0.0,Urban,0.0,,,Fine
612006,1928825.866,5606229.3946,547700.0,0.0,0.0,1.0,South,2019/2020,HERETAUNGA STREET WEST,MARAEKAKAHO ROAD,Non-Injury Crash,No,2019,West,0.0,,Flat,,,,,Bright sun,1486000.0,0.0,0.0,0.0,2.0,0.0,,,Hawke's Bay Region,Nil,2-way,Sealed,0.0,0.0,,50.0,,Off,0.0,0.0,,30.0,Hastings District,Unknown,,,,,0.0,0.0,Urban,1.0,,,Fine
551149,1929713.0,5605056.0,548200.0,0.0,0.0,1.0,North,2010/2011,HERETAUNGA ST WEST,MARKET ST NORTH,Non-Injury Crash,No,2010,North,0.0,0.0,Flat,0.0,,0.0,0.0,Bright sun,1491200.0,0.0,0.0,0.0,2.0,0.0,1.0,,Hawke's Bay Region,Nil,2-way,Sealed,0.0,0.0,0.0,50.0,0.0,Null,1.0,0.0,,30.0,Hastings District,Nil,0.0,0.0,0.0,0.0,0.0,0.0,Urban,0.0,0.0,0.0,Fine
740668,1932274.0,5609028.0,545721.0,0.0,0.0,2.0,Null,2001/2002,PAKOWHAI ROAD,RUAHAPIA ROAD,Non-Injury Crash,No,2002,South,0.0,,Flat,,,,,Bright sun,1471600.0,0.0,0.0,0.0,2.0,0.0,,,Hawke's Bay Region,Nil,2-way,Sealed,0.0,0.0,,100.0,,Null,0.0,0.0,,30.0,Hastings District,Give way,,,,,0.0,0.0,Open,0.0,,,Fine
42997,1930185.0,5605031.0,548200.0,0.0,0.0,2.0,Null,2003/2004,KARAMU ROAD NORTH,ST AUBYN ST EAST,Non-Injury Crash,No,2004,South,0.0,,Flat,,,,,Overcast,1494100.0,0.0,0.0,0.0,3.0,0.0,,,Hawke's Bay Region,Nil,2-way,Sealed,0.0,0.0,,50.0,,Null,0.0,0.0,,30.0,Hastings District,Traffic Signals,,,,,0.0,0.0,Urban,0.0,,,Fine
542831,1919629.0,5645998.0,545811.0,0.0,0.0,0.0,South,2000/2001,SH 5,OLD TAUPO COACH ROAD,Fatal Crash,Yes,2000,North,1.0,0.0,Hill Road,0.0,,0.0,0.0,Bright sun,1414700.0,0.0,0.0,0.0,2.0,0.0,0.0,,Hawke's Bay Region,Nil,2-way,Sealed,0.0,0.0,0.0,100.0,0.0,Null,0.0,0.0,,30.0,Hastings District,Nil,0.0,1.0,0.0,0.0,1.0,0.0,Open,0.0,0.0,0.0,Fine
551454,1929996.0,5605183.0,548200.0,0.0,0.0,2.0,Null,2000/2001,Z CPK WAREHOUSE,ST AUBYN/MARKET,Non-Injury Crash,No,2001,North,0.0,0.0,Flat,0.0,,0.0,0.0,Dark,1491400.0,0.0,0.0,0.0,1.0,0.0,1.0,,Hawke's Bay Region,Nil,Off road,Sealed,0.0,0.0,0.0,50.0,0.0,On,0.0,0.0,,30.0,Hastings District,Nil,0.0,0.0,0.0,0.0,0.0,0.0,Urban,0.0,0.0,0.0,Fine
712567,1928678.0,5609906.0,545710.0,0.0,0.0,1.0,Null,2016/2017,EVENDEN ROAD,RAUPARE ROAD,Non-Injury Crash,No,2017,North,0.0,0.0,Flat,0.0,Easter,0.0,0.0,Overcast,1470700.0,0.0,0.0,0.0,2.0,0.0,0.0,,Hawke's Bay Region,Nil,2-way,Sealed,0.0,0.0,0.0,100.0,0.0,Null,0.0,0.0,,30.0,Hastings District,Give way,0.0,0.0,0.0,0.0,0.0,0.0,Open,0.0,0.0,0.0,Heavy rain
662035,1930752.0,5603757.0,548100.0,0.0,0.0,2.0,Null,2011/2012,LUMSDEN ROAD,HERETAUNGA ST EAST,Non-Injury Crash,No,2011,North,0.0,,Flat,,,,,Bright sun,1500300.0,0.0,0.0,0.0,2.0,0.0,,,Hawke's Bay Region,Nil,2-way,Sealed,0.0,0.0,,50.0,,Null,0.0,0.0,,30.0,Hastings District,Stop,,,,,0.0,0.0,Urban,0.0,,,Fine
399915,1930341.0,5604822.0,548200.0,0.0,0.0,2.0,Null,2015/2016,ST AUBYN ST EAST,HASTINGS ST NORTH,Non-Injury Crash,No,2015,East,0.0,,Flat,,,,,Bright sun,1494400.0,0.0,0.0,0.0,2.0,0.0,,,Hawke's Bay Region,Nil,2-way,Unsealed,0.0,0.0,,50.0,,Null,0.0,0.0,30.0,30.0,Hastings District,Stop,,,,,0.0,0.0,Urban,0.0,,,Fine
163842,1929082.0,5606504.0,547700.0,0.0,0.0,3.0,Null,2000/2001,ST AUBYN ST WEST,PAKOWHAI ROAD,Non-Injury Crash,No,2000,West,0.0,,Flat,,,,,Twilight,1485900.0,0.0,0.0,0.0,3.0,0.0,,,Hawke's Bay Region,Nil,2-way,Sealed,0.0,0.0,,50.0,,On,0.0,0.0,,30.0,Hastings District,Traffic Signals,,,,,0.0,0.0,Urban,0.0,,,Fine
7448,1923844.0,5608196.0,548611.0,0.0,0.0,1.0,Null,2014/2015,TARBET ST,BLYTH ST,Non-Injury Crash,No,2015,West,0.0,0.0,Flat,0.0,,0.0,0.0,Dark,1470309.0,0.0,0.0,0.0,2.0,0.0,0.0,,Hawke's Bay Region,Nil,2-way,Sealed,0.0,0.0,0.0,50.0,0.0,On,0.0,0.0,,30.0,Hastings District,Nil,0.0,0.0,0.0,0.0,0.0,0.0,Urban,0.0,0.0,0.0,Fine
207895,1936056.0,5610887.0,545730.0,0.0,0.0,1.0,South,2016/2017,SH 2,TUCKER LANE,Non-Injury Crash,Yes,2017,North,0.0,,Flat,,,,,Overcast,1405401.0,0.0,0.0,0.0,2.0,0.0,,,Hawke's Bay Region,Nil,2-way,Sealed,0.0,0.0,,50.0,,Null,0.0,0.0,,30.0,Hastings District,Unknown,,,,,0.0,0.0,Urban,1.0,,,Fine
235080,1930248.0,5604398.0,548200.0,0.0,0.0,2.0,South,2003/2004,WILLOWPARK ROAD NORTH,QUEEN ST EAST,Non-Injury Crash,No,2004,South,0.0,,Flat,,,,,Bright sun,1494000.0,0.0,0.0,0.0,2.0,0.0,,,Hawke's Bay Region,Nil,2-way,Sealed,0.0,0.0,,50.0,,Off,0.0,0.0,,30.0,Hastings District,Nil,,,,,0.0,0.0,Urban,0.0,,,Fine
711250,1931022.0,5613782.0,545831.0,0.0,0.0,3.0,Null,2007/2008,SH 50,PAKOWHAI ROAD,Non-Injury Crash,Yes,2007,North,0.0,,Flat,,,,,Overcast,1404600.0,0.0,0.0,0.0,3.0,0.0,,,Hawke's Bay Region,Nil,2-way,Sealed,0.0,0.0,,100.0,,Null,0.0,0.0,,30.0,Hastings District,Traffic Signals,,,,,0.0,0.0,Open,0.0,,,Light rain
441942,1924400.0,5607398.0,548612.0,0.0,0.0,0.0,West,2002/2003,SCOTT DRIVE,HUDSON ROAD,Non-Injury Crash,No,2003,East,0.0,,Flat,,,,,Dark,1474112.0,0.0,0.0,0.0,2.0,0.0,,,Hawke's Bay Region,Nil,2-way,Sealed,0.0,0.0,,50.0,,On,0.0,0.0,,30.0,Hastings District,Nil,,,,,0.0,0.0,Urban,1.0,,,Fine
93945,1928209.0,5609594.0,545710.0,0.0,0.0,1.0,North,2003/2004,RAUPARE ROAD,TROTTER ROAD,Minor Crash,No,2004,North,0.0,0.0,Flat,0.0,,0.0,0.0,Overcast,1470700.0,1.0,0.0,0.0,2.0,0.0,0.0,,Hawke's Bay Region,Nil,2-way,Sealed,0.0,0.0,0.0,100.0,0.0,Null,0.0,0.0,,30.0,Hastings District,Nil,0.0,0.0,0.0,0.0,0.0,0.0,Open,0.0,0.0,0.0,Null
163595,1930876.0,5604104.0,548100.0,0.0,0.0,2.0,Null,2015/2016,ST AUBYN ST EAST,PARK ROAD NORTH,Non-Injury Crash,No,2015,East,0.0,,Flat,,,,,Overcast,1501300.0,0.0,0.0,0.0,2.0,0.0,,,Hawke's Bay Region,Nil,2-way,Sealed,0.0,0.0,,50.0,,Null,0.0,0.0,,30.0,Hastings District,Give way,,,,,0.0,0.0,Urban,0.0,,,Fine
218308,1927525.0,5606860.0,548500.0,0.0,0.0,1.0,North,2001/2002,KIWI LANE,KIWI ST,Serious Crash,No,2002,West,0.0,,Flat,,,,,Bright sun,1478300.0,1.0,0.0,0.0,2.0,0.0,,1.0,Hawke's Bay Region,Nil,2-way,Sealed,0.0,1.0,,50.0,,Null,0.0,0.0,,30.0,Hastings District,Nil,,,,,0.0,0.0,Urban,0.0,,,Fine
10684,1933934.0,5609791.0,545832.0,0.0,0.0,0.0,South,2012/2013,FARNDON ROAD,KOHUPATIKI ROAD S,Non-Injury Crash,No,2012,South,0.0,0.0,Flat,0.0,,0.0,0.0,Bright sun,1404200.0,0.0,0.0,0.0,2.0,0.0,0.0,,Hawke's Bay Region,Nil,2-way,Sealed,0.0,0.0,0.0,100.0,0.0,Null,1.0,0.0,,30.0,Hastings District,Nil,0.0,0.0,0.0,0.0,0.0,0.0,Open,0.0,0.0,0.0,Fine
695448,1929155.0,5605141.0,548200.0,0.0,0.0,2.0,South,2007/2008,SOUTHLAND ROAD,SOUTHAMPTON ST WEST,Non-Injury Crash,No,2007,North,0.0,1.0,Flat,0.0,,0.0,0.0,Dark,1489100.0,0.0,0.0,0.0,2.0,0.0,1.0,,Hawke's Bay Region,Nil,2-way,Sealed,0.0,0.0,0.0,50.0,0.0,On,0.0,0.0,,30.0,Hastings District,Nil,0.0,0.0,0.0,0.0,0.0,0.0,Urban,0.0,0.0,0.0,Fine
455929,1930564.0,5605273.0,548200.0,0.0,0.0,1.0,South,2007/2008,KARAMU ROAD NORTH,ALEXANDRA ST,Non-Injury Crash,No,2008,North,0.0,,Flat,,,,,Overcast,1494600.0,0.0,0.0,0.0,2.0,0.0,,,Hawke's Bay Region,Nil,2-way,Sealed,0.0,0.0,,50.0,,Null,0.0,0.0,,30.0,Hastings District,Nil,,,,,1.0,0.0,Urban,0.0,,,Light rain
684080,1932139.0,5611571.0,545832.0,0.0,0.0,1.0,Null,2006/2007,PAKOWHAI ROAD,BROOKFIELDS ROAD,Non-Injury Crash,No,2007,West,0.0,,Flat,,,,,Bright sun,1403900.0,0.0,0.0,0.0,3.0,0.0,,,Hawke's Bay Region,Nil,2-way,Sealed,0.0,0.0,,70.0,,Null,0.0,0.0,,30.0,Hastings District,Give way,,,,,0.0,0.0,Urban,1.0,,,Fine
335755,1932274.0,5609028.0,545721.0,0.0,0.0,0.0,Null,2009/2010,PAKOWHAI ROAD,RUAHAPIA ROAD,Non-Injury Crash,No,2010,West,0.0,0.0,Flat,0.0,,0.0,0.0,Bright sun,1471600.0,0.0,0.0,0.0,2.0,1.0,0.0,,Hawke's Bay Region,Nil,2-way,Sealed,0.0,0.0,0.0,100.0,0.0,Null,0.0,0.0,,30.0,Hastings District,Give way,0.0,0.0,0.0,0.0,0.0,0.0,Open,0.0,0.0,0.0,Fine
504321,1928157.0,5605115.0,547900.0,0.0,0.0,1.0,Null,2000/2001,OLIPHANT ROAD,FLORENCE PLACE,Non-Injury Crash,No,2000,East,0.0,,Flat,,,,,Bright sun,1481601.0,0.0,0.0,0.0,2.0,0.0,,,Hawke's Bay Region,Nil,2-way,Sealed,0.0,0.0,,50.0,,Null,0.0,0.0,,30.0,Hastings District,Give way,,,,,0.0,0.0,Urban,1.0,,,Fine
61099,1929179.0,5605159.0,548200.0,0.0,0.0,1.0,Null,1999/2000,SOUTHAMPTON ST WEST,SOUTHLAND ROAD,Non-Injury Crash,No,2000,West,0.0,,Flat,,,,,Overcast,1488600.0,0.0,0.0,0.0,2.0,0.0,,,Hawke's Bay Region,Nil,2-way,Sealed,0.0,0.0,,50.0,,Null,0.0,0.0,,30.0,Hastings District,Give way,,,,,0.0,0.0,Urban,1.0,,,Fine
490793,1916843.0,5599059.0,545851.0,0.0,0.0,1.0,South,2015/2016,RAUKAWA ROAD,GREEN HILL ROAD,Non-Injury Crash,No,2016,North,0.0,0.0,Flat,0.0,,0.0,0.0,Overcast,1464101.0,0.0,0.0,0.0,2.0,0.0,0.0,,Hawke's Bay Region,Nil,2-way,Sealed,0.0,0.0,0.0,100.0,0.0,Null,0.0,0.0,,30.0,Hastings District,Unknown,0.0,0.0,0.0,0.0,0.0,0.0,Open,0.0,0.0,0.0,Fine
415539,1929931.0,5604159.0,548200.0,0.0,0.0,1.0,Null,2010/2011,WILLOWPARK ROAD SOUTH,SOUTHAMPTON ST EAST,Non-Injury Crash,No,2010,North,0.0,,Flat,,,,,Bright sun,1493600.0,0.0,0.0,0.0,2.0,0.0,,,Hawke's Bay Region,Nil,2-way,Sealed,0.0,0.0,,50.0,,Null,1.0,0.0,,30.0,Hastings District,Give way,,,,,0.0,0.0,Urban,0.0,,,Fine
429467,1928994.0,5604093.0,547900.0,0.0,0.0,2.0,West,2009/2010,GASCOIGNE ST,RAILWAY ROAD,Non-Injury Crash,No,2009,West,0.0,,Flat,,,,,Bright sun,1482500.0,0.0,0.0,0.0,2.0,0.0,,,Hawke's Bay Region,Nil,2-way,Sealed,0.0,0.0,,50.0,,Null,0.0,0.0,,30.0,Hastings District,Nil,,,,,0.0,0.0,Urban,0.0,,,Fine
657303,1929439.0,5606032.0,547700.0,0.0,0.0,2.0,Null,2000/2001,ST AUBYN ST WEST,GRAYS ROAD,Non-Injury Crash,No,2000,North,0.0,,Flat,,,,,Dark,1488300.0,0.0,0.0,0.0,2.0,0.0,,,Hawke's Bay Region,Nil,2-way,Sealed,0.0,0.0,,50.0,,On,0.0,0.0,,30.0,Hastings District,Give way,,,,,0.0,0.0,Urban,0.0,,,Light rain
5530,1930614.0,5603905.0,548100.0,0.0,0.0,1.0,Null,2001/2002,HERETAUNGA ST EAST,PARK ROAD SOUTH,Non-Injury Crash,No,2002,East,0.0,1.0,Flat,0.0,,0.0,0.0,Overcast,1501200.0,0.0,0.0,0.0,2.0,0.0,0.0,,Hawke's Bay Region,Nil,2-way,Sealed,0.0,0.0,0.0,50.0,0.0,Null,0.0,0.0,,30.0,Hastings District,Give way,0.0,0.0,0.0,0.0,0.0,0.0,Urban,0.0,0.0,0.0,Light rain
519931,1924269.0,5607902.0,548611.0,0.0,0.0,0.0,West,2006/2007,PEARY CRESCENT,KINGSLEY DRIVE,Serious Crash,No,2007,North,0.0,,Flat,,,,,Dark,1470316.0,0.0,0.0,1.0,2.0,0.0,,,Hawke's Bay Region,Nil,2-way,Sealed,0.0,1.0,,50.0,,On,0.0,0.0,30.0,30.0,Hastings District,Nil,,,,,0.0,0.0,Urban,0.0,,,Fine
484261,1928915.0,5613950.0,545831.0,0.0,0.0,1.0,North,2001/2002,SH 50,OMARUNUI ROAD,Non-Injury Crash,Yes,2001,South,0.0,0.0,Flat,0.0,,0.0,0.0,Dark,1409400.0,0.0,0.0,0.0,2.0,0.0,0.0,,Hawke's Bay Region,Nil,2-way,Sealed,0.0,0.0,0.0,100.0,0.0,None,0.0,0.0,,30.0,Hastings District,Nil,0.0,0.0,0.0,0.0,0.0,0.0,Open,0.0,0.0,0.0,Fine
643141,1929993.0,5604885.0,548200.0,0.0,0.0,2.0,Null,2016/2017,KARAMU ROAD NORTH,QUEEN ST EAST,Non-Injury Crash,No,2016,North,0.0,,Flat,,,,,Dark,1492800.0,0.0,0.0,0.0,3.0,0.0,,,Hawke's Bay Region,Nil,2-way,Sealed,0.0,0.0,,50.0,,On,0.0,0.0,,30.0,Hastings District,Traffic Signals,,,,,0.0,0.0,Urban,0.0,,,Fine
387973,1926568.0,5606082.0,545761.0,0.0,0.0,0.0,North,2014/2015,YORK ROAD,MARAEKAKAHO ROAD,Non-Injury Crash,No,2015,South,0.0,1.0,Flat,0.0,,0.0,0.0,Overcast,1470102.0,0.0,0.0,0.0,2.0,0.0,0.0,,Hawke's Bay Region,Nil,2-way,Sealed,0.0,0.0,0.0,100.0,0.0,Null,0.0,0.0,,30.0,Hastings District,Unknown,0.0,0.0,0.0,0.0,0.0,0.0,Open,1.0,0.0,0.0,Fine
492175,1930410.0,5605410.0,548200.0,0.0,0.0,0.0,South,2001/2002,CAROLINE ROAD,ALEXANDRA CRESCENT,Non-Injury Crash,No,2002,North,0.0,,Flat,,Queens Birthday,,,Dark,1494200.0,0.0,0.0,0.0,2.0,0.0,,,Hawke's Bay Region,Nil,2-way,Sealed,0.0,0.0,,50.0,,On,0.0,0.0,,30.0,Hastings District,Nil,,,,,1.0,0.0,Urban,0.0,,,Fine
638025,1932633.0,5609640.0,545832.0,0.0,0.0,0.0,North,2001/2002,PAKOWHAI ROAD,FARNDON ROAD,Minor Crash,No,2001,North,0.0,0.0,Flat,0.0,,0.0,0.0,Dark,1404200.0,1.0,0.0,0.0,2.0,0.0,0.0,,Hawke's Bay Region,Bridge,2-way,Sealed,0.0,0.0,0.0,100.0,0.0,None,0.0,0.0,,30.0,Hastings District,Nil,0.0,0.0,0.0,0.0,0.0,0.0,Open,1.0,0.0,0.0,Fine