OBJECTID,X,Y,areaUnitID,bicycle,bus,carStationWagon,crashDirectionDescription,crashFinancialYear,crashLocation1,crashLocation2,crashSeverity,crashSHDescription,crashYear,directionRoleDescription,fatalCount,fence,flatHill,guardRail,holiday,houseOrBuilding,kerb,light,meshblockId,minorInjuryCount,moped,motorcycle,NumberOfLanes,otherVehicleType,parkedVehicle,pedestrian,region,roadCharacter,roadLane,roadSurface,schoolBus,seriousInjuryCount,slipOrFlood,speedLimit,strayAnimal,streetLight,suv,taxi,temporarySpeedLimit,tlaId,tlaName,trafficControl,trafficIsland,trafficSign,train,tree,truck,unknownVehicleType,urban,vanOrUtility,vehicle,waterRiver,weatherA
265409,1929137.0,5605815.0,547700.0,1.0,0.0,0.0,Null,2013/2014,HERETAUNGA ST WEST,GRAYS ROAD,Minor Crash,No,2014,North,0.0,,Flat,,Queens Birthday,,,Bright sun,1487300.0,1.0,0.0,0.0,2.0,0.0,,,Hawke's Bay Region,Nil,2-way,Sealed,0.0,0.0,,50.0,,Off,1.0,0.0,,30.0,Hastings District,Give way,,,,,0.0,0.0,Urban,0.0,,,Fine
573444,1931235.5896,5606077.6023,548000.0,0.0,0.0,1.0,North,2020/2021,WARWICK ROAD,BRIGGS PLACE,Non-Injury Crash,No,2020,West,0.0,2.0,Flat,0.0,,0.0,0.0,Overcast,1496100.0,0.0,0.0,0.0,2.0,0.0,0.0,,Hawke's Bay Region,Nil,2-way,Sealed,0.0,0.0,0.0,50.0,0.0,Off,0.0,0.0,,30.0,Hastings District,Nil,0.0,0.0,0.0,0.0,0.0,0.0,Urban,0.0,0.0,0.0,Light rain
480493,1929074.0,5605912.0,547700.0,0.0,0.0,1.0,South,2010/2011,Z CPK RED_X/JCAR,HERETAUNGA/GALLIEN,Fatal Crash,No,2010,South,1.0,0.0,Flat,0.0,,1.0,0.0,Bright sun,1487300.0,1.0,0.0,0.0,0.0,0.0,0.0,,Hawke's Bay Region,Nil,Off road,Sealed,0.0,0.0,0.0,50.0,0.0,Null,0.0,0.0,,30.0,Hastings District,Nil,0.0,0.0,0.0,0.0,0.0,0.0,Urban,0.0,0.0,0.0,Fine
464837,1932978.0,5609762.0,545832.0,0.0,0.0,0.0,East,2016/2017,FARNDON ROAD,CHESTERHOPE BRIDGE,Minor Crash,No,2016,East,0.0,0.0,Flat,0.0,,0.0,0.0,Dark,1404200.0,1.0,0.0,0.0,2.0,0.0,0.0,,Hawke's Bay Region,Nil,2-way,Sealed,0.0,0.0,0.0,100.0,0.0,None,1.0,0.0,,30.0,Hastings District,Unknown,0.0,0.0,0.0,0.0,0.0,0.0,Open,0.0,0.0,0.0,Light rain
79034,1928970.7676,5606023.4929,547700.0,0.0,0.0,2.0,Null,2018/2019,DAVIS STREET,HERETAUNGA STREET WEST,Non-Injury Crash,No,2019,North,0.0,1.0,Flat,0.0,,0.0,0.0,Dark,1486800.0,0.0,0.0,0.0,2.0,0.0,1.0,,Hawke's Bay Region,Nil,2-way,Sealed,0.0,0.0,0.0,50.0,0.0,On,0.0,0.0,,30.0,Hastings District,Stop,0.0,0.0,0.0,0.0,0.0,0.0,Urban,0.0,0.0,0.0,Fine
388014,1932834.0,5601937.0,548831.0,0.0,0.0,2.0,Null,2011/2012,NAPIER ROAD,KARANEMA DRIVE,Non-Injury Crash,No,2011,South,0.0,,Flat,,,,,Twilight,1509100.0,0.0,0.0,0.0,2.0,0.0,,,Hawke's Bay Region,Nil,2-way,Sealed,0.0,0.0,,50.0,,On,0.0,0.0,,30.0,Hastings District,Give way,,,,,0.0,0.0,Urban,0.0,,,Fine
94625,1938544.0,5608635.0,545740.0,0.0,0.0,1.0,West,2006/2007,HAUMOANA ROAD,HYLA ROAD,Non-Injury Crash,No,2006,West,0.0,0.0,Flat,0.0,,0.0,0.0,Bright sun,1406802.0,0.0,0.0,0.0,2.0,0.0,0.0,,Hawke's Bay Region,Nil,2-way,Sealed,0.0,0.0,0.0,50.0,0.0,Null,0.0,0.0,,30.0,Hastings District,Nil,0.0,0.0,0.0,1.0,0.0,0.0,Urban,0.0,0.0,0.0,Fine
414774,1927123.0,5607790.0,545710.0,0.0,0.0,2.0,West,2007/2008,OMAHU ROAD,ORMOND ROAD,Non-Injury Crash,No,2007,East,0.0,,Flat,,,,,Bright sun,1471000.0,0.0,0.0,0.0,2.0,0.0,,,Hawke's Bay Region,Nil,2-way,Sealed,0.0,0.0,,50.0,,Null,0.0,0.0,,30.0,Hastings District,Nil,,,,,0.0,0.0,Urban,0.0,,,Fine
685471,1939448.2456,5607346.7432,545740.0,0.0,0.0,1.0,South,2019/2020,EAST ROAD,CAPE GROVE,Non-Injury Crash,No,2019,North,0.0,0.0,Flat,0.0,,0.0,0.0,Dark,1407200.0,0.0,0.0,0.0,2.0,0.0,0.0,,Hawke's Bay Region,Nil,2-way,Sealed,0.0,0.0,0.0,50.0,0.0,None,0.0,0.0,,30.0,Hastings District,Unknown,0.0,1.0,0.0,0.0,0.0,0.0,Urban,0.0,0.0,0.0,Light rain
125421,1935967.0,5610727.0,545730.0,0.0,0.0,2.0,Null,2010/2011,SH 2,MILL ROAD,Minor Crash,Yes,2011,South,0.0,,Flat,,,,,Overcast,1404700.0,1.0,0.0,0.0,2.0,0.0,,,Hawke's Bay Region,Nil,2-way,Sealed,0.0,0.0,,50.0,,Null,0.0,0.0,,30.0,Hastings District,Give way,,,,,0.0,0.0,Urban,0.0,,,Fine
27979,1924114.0,5607329.0,548612.0,0.0,0.0,1.0,East,2007/2008,BURTON CRESCENT,STANLEY ST,Non-Injury Crash,No,2008,East,0.0,,Flat,,,,,Dark,1474002.0,0.0,0.0,0.0,2.0,0.0,,,Hawke's Bay Region,Nil,2-way,Sealed,0.0,0.0,,50.0,,On,0.0,0.0,,30.0,Hastings District,Nil,,,,,0.0,0.0,Urban,0.0,,,Fine
584049,1929486.0,5604176.0,548300.0,0.0,0.0,2.0,Null,2014/2015,HASTINGS ST SOUTH,AKINA ST,Non-Injury Crash,No,2014,North,0.0,0.0,Flat,0.0,Labour Weekend,0.0,0.0,Bright sun,1503201.0,0.0,0.0,0.0,2.0,0.0,1.0,,Hawke's Bay Region,Nil,2-way,Sealed,0.0,0.0,0.0,50.0,0.0,Null,0.0,0.0,,30.0,Hastings District,Give way,0.0,0.0,0.0,0.0,0.0,0.0,Urban,0.0,0.0,0.0,Fine
732647,1930161.0,5604861.0,548200.0,0.0,0.0,2.0,Null,2011/2012,AVENUE ROAD EAST,WARREN ST NORTH,Non-Injury Crash,No,2011,North,0.0,,Flat,,,,,Bright sun,1493400.0,0.0,0.0,0.0,2.0,0.0,,,Hawke's Bay Region,Nil,2-way,Sealed,0.0,0.0,,50.0,,Null,0.0,0.0,,30.0,Hastings District,Give way,,,,,0.0,0.0,Urban,0.0,,,Fine
187287,1929783.0,5605046.0,548200.0,0.0,0.0,2.0,North,2001/2002,MARKET ST NORTH,HERETAUNGA ST WEST,Non-Injury Crash,No,2001,North,0.0,,Flat,,,,,Overcast,1491700.0,0.0,0.0,0.0,2.0,0.0,,,Hawke's Bay Region,Nil,2-way,Sealed,0.0,0.0,,50.0,,Null,0.0,0.0,,30.0,Hastings District,Nil,,,,,0.0,0.0,Urban,0.0,,,Light rain
659951,1911609.0,5661561.0,545911.0,0.0,0.0,0.0,South,2003/2004,SH 5,POPPELLWELLS,Minor Crash,Yes,2003,South,0.0,,Hill Road,,,,,Dark,1414300.0,3.0,0.0,0.0,2.0,0.0,,,Hawke's Bay Region,Nil,2-way,Sealed,0.0,0.0,,100.0,,None,0.0,0.0,,30.0,Hastings District,Nil,,,,,0.0,0.0,Open,2.0,,,Heavy rain
417467,1930078.3063,5605172.172,548200.0,0.0,0.0,1.0,Null,2018/2019,ST AUBYN STREET EAST,SIR JAMES WATTIE PLACE,Minor Crash,No,2019,North,0.0,,Flat,,,,,Dark,1492300.0,2.0,0.0,0.0,4.0,0.0,,,Hawke's Bay Region,Rail xing,2-way,Sealed,0.0,0.0,,50.0,,On,1.0,0.0,,30.0,Hastings District,Traffic Signals,,,,,0.0,0.0,Urban,0.0,,,Heavy rain
430518,1923282.0,5596653.0,545851.0,0.0,0.0,1.0,West,2017/2018,SH 2,KENNELS CNR,Minor Crash,Yes,2017,West,0.0,0.0,Flat,0.0,,0.0,0.0,Overcast,1463900.0,1.0,0.0,0.0,2.0,0.0,0.0,,Hawke's Bay Region,Nil,2-way,Sealed,0.0,0.0,0.0,100.0,0.0,Null,0.0,0.0,,30.0,Hastings District,Unknown,0.0,0.0,0.0,0.0,0.0,0.0,Open,0.0,0.0,0.0,Light rain
698240,1928049.0,5613596.0,545831.0,0.0,0.0,1.0,South,2011/2012,SH 50 KOROKIPO,OMARUNUI ROAD,Minor Crash,Yes,2012,East,0.0,0.0,Flat,0.0,,0.0,0.0,Overcast,1409400.0,1.0,0.0,0.0,2.0,0.0,0.0,,Hawke's Bay Region,Nil,2-way,Sealed,0.0,0.0,0.0,100.0,0.0,Null,0.0,0.0,,30.0,Hastings District,Nil,0.0,0.0,0.0,0.0,0.0,0.0,Open,0.0,0.0,0.0,Fine
728347,1924758.0,5607823.0,548612.0,0.0,0.0,1.0,Null,2008/2009,FLAXMERE AVENUE,MARGATE AVENUE,Non-Injury Crash,No,2008,East,0.0,0.0,Flat,0.0,,0.0,0.0,Bright sun,1474106.0,0.0,0.0,0.0,2.0,0.0,1.0,,Hawke's Bay Region,Nil,2-way,Sealed,0.0,0.0,0.0,50.0,0.0,Null,0.0,0.0,,30.0,Hastings District,Nil,0.0,0.0,0.0,0.0,0.0,0.0,Urban,1.0,0.0,0.0,Fine
286825,1914020.0,5657150.0,545911.0,0.0,0.0,1.0,Null,2010/2011,SH 5,MOHAKA BR,Minor Crash,Yes,2011,South,0.0,,Hill Road,,,,,Dark,1415900.0,1.0,0.0,0.0,1.0,0.0,,,Hawke's Bay Region,Bridge,1-way,Sealed,0.0,0.0,,100.0,,None,0.0,0.0,30.0,30.0,Hastings District,Nil,,,,,1.0,0.0,Open,0.0,,,Light rain
437019,1928695.89,5609917.5792,545710.0,0.0,0.0,1.0,East,2019/2020,RAUPARE ROAD,EVENDEN ROAD,Minor Crash,No,2019,North,0.0,0.0,Flat,0.0,,0.0,0.0,Overcast,1470700.0,2.0,0.0,0.0,2.0,0.0,0.0,,Hawke's Bay Region,Nil,2-way,Sealed,0.0,0.0,0.0,100.0,0.0,None,0.0,0.0,,30.0,Hastings District,Unknown,0.0,0.0,0.0,0.0,0.0,0.0,Open,0.0,0.0,0.0,Fine
108984,1927501.0,5603870.0,545761.0,0.0,0.0,1.0,Null,2007/2008,SOUTHLAND ROAD,HEATHCOTE ROAD,Non-Injury Crash,No,2007,East,0.0,1.0,Flat,0.0,,0.0,0.0,Dark,1468801.0,0.0,0.0,0.0,2.0,0.0,0.0,,Hawke's Bay Region,Nil,2-way,Sealed,0.0,0.0,0.0,100.0,0.0,None,0.0,0.0,,30.0,Hastings District,Give way,0.0,1.0,0.0,0.0,0.0,0.0,Open,0.0,0.0,0.0,Heavy rain
212842,1930014.0,5605190.0,548200.0,0.0,0.0,1.0,Null,2003/2004,Z CPK STATIONARY WAREHOUS,ST AUBYN/MARKET,Non-Injury Crash,No,2003,South,0.0,,Flat,,,,,Bright sun,1491400.0,0.0,0.0,0.0,0.0,0.0,,,Hawke's Bay Region,Nil,Off road,Sealed,0.0,0.0,,50.0,,Null,0.0,0.0,,30.0,Hastings District,Nil,,,,,0.0,0.0,Urban,1.0,,,Fine
155407,1930358.0,5604797.0,548200.0,0.0,0.0,2.0,South,2007/2008,ST AUBYN ST EAST,HASTINGS ST NORTH,Non-Injury Crash,No,2007,South,0.0,,Flat,,,,,Bright sun,1493502.0,0.0,0.0,0.0,2.0,0.0,,,Hawke's Bay Region,Nil,2-way,Sealed,0.0,0.0,,50.0,,Null,0.0,0.0,,30.0,Hastings District,Nil,,,,,0.0,0.0,Urban,1.0,,,Fine
304436,1910694.0,5669801.0,545911.0,0.0,0.0,2.0,North,1999/2000,SH 5,KOWARO ROADWAY,Non-Injury Crash,Yes,2000,West,0.0,,Hill Road,,,,,Overcast,1281200.0,0.0,0.0,0.0,2.0,0.0,,,Hawke's Bay Region,Nil,2-way,Sealed,0.0,0.0,,100.0,,None,0.0,0.0,,30.0,Hastings District,Nil,,,,,0.0,0.0,Open,0.0,,,Fine
545732,1929872.0,5604644.0,548200.0,0.0,0.0,2.0,Null,2001/2002,WARREN ST SOUTH,EASTBOURNE ST EAST,Non-Injury Crash,No,2001,North,0.0,,Flat,,,,,Bright sun,1493200.0,0.0,0.0,0.0,2.0,0.0,,,Hawke's Bay Region,Nil,2-way,Sealed,0.0,0.0,,50.0,,Null,0.0,0.0,,30.0,Hastings District,Give way,,,,,0.0,0.0,Urban,0.0,,,Fine
30565,1932556.0,5601569.0,548821.0,0.0,0.0,1.0,West,2008/2009,Z CPK NEW WORLD,PORTER/JOLL,Fatal Crash,No,2008,South,1.0,0.0,Flat,0.0,,0.0,0.0,Bright sun,1507001.0,0.0,0.0,0.0,1.0,0.0,1.0,,Hawke's Bay Region,Nil,Off road,Sealed,0.0,0.0,0.0,50.0,0.0,Null,1.0,0.0,,30.0,Hastings District,Nil,0.0,0.0,0.0,0.0,0.0,0.0,Urban,0.0,0.0,0.0,Fine
664836,1930884.0,5606257.0,547600.0,0.0,0.0,1.0,North,2002/2003,NELSON ST NORTH,PURSER PLACE,Non-Injury Crash,No,2002,South,0.0,0.0,Flat,0.0,,0.0,0.0,Overcast,1483900.0,0.0,0.0,0.0,2.0,0.0,0.0,,Hawke's Bay Region,Nil,2-way,Sealed,0.0,0.0,0.0,50.0,0.0,Null,0.0,0.0,,30.0,Hastings District,Nil,0.0,0.0,0.0,0.0,0.0,0.0,Urban,0.0,0.0,0.0,Fine
319332,1936878.0,5610806.0,545730.0,0.0,0.0,1.0,South,2011/2012,SCHOOL ROAD,SUTTON AVENUE,Non-Injury Crash,No,2012,North,0.0,1.0,Flat,0.0,,0.0,0.0,Dark,1405403.0,0.0,0.0,0.0,2.0,0.0,0.0,,Hawke's Bay Region,Nil,2-way,Sealed,0.0,0.0,0.0,50.0,0.0,On,0.0,0.0,,30.0,Hastings District,Nil,0.0,0.0,0.0,0.0,0.0,0.0,Urban,0.0,0.0,0.0,Fine
652473,1930481.0,5604047.0,548100.0,0.0,0.0,1.0,Null,2002/2003,HERETAUNGA ST EAST,SYLVAN ROAD,Non-Injury Crash,No,2002,North,0.0,1.0,Flat,0.0,,0.0,0.0,Dark,1501200.0,0.0,0.0,0.0,2.0,0.0,0.0,,Hawke's Bay Region,Nil,2-way,Sealed,0.0,0.0,0.0,50.0,0.0,On,0.0,0.0,,30.0,Hastings District,Give way,0.0,0.0,0.0,0.0,0.0,0.0,Urban,0.0,0.0,0.0,Light rain
741732,1928922.0,5605149.0,547700.0,0.0,0.0,1.0,South,2004/2005,CHARLES ST,SOUTHAMPTON ST WEST,Minor Crash,No,2005,South,0.0,,Flat,,,,,Overcast,1487600.0,1.0,0.0,1.0,2.0,0.0,,,Hawke's Bay Region,Nil,2-way,Sealed,0.0,0.0,,50.0,,Null,0.0,0.0,,30.0,Hastings District,Nil,,,,,0.0,0.0,Urban,0.0,,,Fine
35001,1936556.2488,5654265.4125,545911.0,0.0,0.0,1.0,South,2019/2020,002-0592,SANDY CREEK ROAD,Non-Injury Crash,Yes,2019,South,0.0,0.0,Flat,0.0,,0.0,0.0,Overcast,1415200.0,0.0,0.0,0.0,2.0,0.0,0.0,,Hawke's Bay Region,Nil,2-way,Sealed,0.0,0.0,0.0,100.0,0.0,None,0.0,0.0,,30.0,Hastings District,Unknown,0.0,0.0,0.0,0.0,0.0,0.0,Open,0.0,0.0,0.0,Fine
2646,1936825.0,5610841.0,545730.0,0.0,0.0,0.0,East,2003/2004,SCHOOL ROAD,SH 2,Non-Injury Crash,No,2003,West,0.0,,Flat,,,,,Bright sun,1405006.0,0.0,0.0,0.0,2.0,0.0,,,Hawke's Bay Region,Nil,2-way,Sealed,0.0,0.0,,50.0,,Null,0.0,0.0,,30.0,Hastings District,Nil,,,,,1.0,0.0,Urban,1.0,,,Fine
476045,1930451.0,5605203.0,548200.0,0.0,0.0,0.0,East,1999/2000,KARAMU ROAD NORTH,VICTORIA ST,Non-Injury Crash,No,2000,North,0.0,,Flat,,,,,Bright sun,1494500.0,0.0,0.0,0.0,2.0,0.0,,,Hawke's Bay Region,Nil,2-way,Sealed,0.0,0.0,,50.0,,Null,0.0,0.0,,30.0,Hastings District,Nil,,,,,0.0,0.0,Urban,2.0,,,Fine
323441,1923311.0,5596655.0,545851.0,0.0,0.0,1.0,South,2005/2006,SH 2,OLD MAIN ROAD,Minor Crash,Yes,2006,North,0.0,0.0,Flat,0.0,,0.0,0.0,Overcast,1463900.0,1.0,0.0,0.0,2.0,0.0,0.0,,Hawke's Bay Region,Nil,2-way,Sealed,0.0,0.0,0.0,100.0,0.0,Null,0.0,0.0,,30.0,Hastings District,Nil,0.0,0.0,0.0,0.0,0.0,0.0,Open,0.0,0.0,1.0,Light rain
644752,1923400.0,5614762.0,545821.0,0.0,0.0,1.0,North,2009/2010,SWAMP ROAD,PIRAU ROAD,Minor Crash,No,2009,North,0.0,0.0,Flat,1.0,,0.0,0.0,Bright sun,1408500.0,1.0,0.0,0.0,2.0,0.0,0.0,,Hawke's Bay Region,Nil,2-way,Sealed,0.0,0.0,0.0,100.0,0.0,Null,0.0,0.0,,30.0,Hastings District,Nil,0.0,0.0,0.0,0.0,0.0,0.0,Open,0.0,0.0,0.0,Fine
364525,1930330.0,5605029.0,548200.0,0.0,0.0,1.0,West,2004/2005,ELLISON ROAD,WARREN ST NORTH,Non-Injury Crash,No,2005,East,0.0,,Flat,,,,,Bright sun,1494400.0,0.0,0.0,0.0,2.0,0.0,,,Hawke's Bay Region,Nil,2-way,Sealed,0.0,0.0,,50.0,,Null,0.0,0.0,,30.0,Hastings District,Nil,,,,,0.0,0.0,Urban,1.0,,,Fine
390897,1929393.0,5606404.0,547700.0,0.0,0.0,2.0,Null,2014/2015,PUKATEA ST,HINAU ST,Non-Injury Crash,No,2014,South,0.0,0.0,Flat,0.0,,0.0,0.0,Bright sun,1486200.0,0.0,0.0,0.0,1.0,0.0,1.0,,Hawke's Bay Region,Nil,2-way,Sealed,0.0,0.0,0.0,50.0,0.0,Null,0.0,0.0,,30.0,Hastings District,Nil,0.0,0.0,0.0,0.0,0.0,0.0,Urban,0.0,0.0,0.0,Fine
112253,1932743.0,5602164.0,548831.0,0.0,0.0,1.0,North,2003/2004,Z CPK TREACHERS FURN,MARTIN/KARANEMA,Non-Injury Crash,No,2004,South,0.0,0.0,Flat,0.0,,0.0,0.0,Dark,1509100.0,0.0,0.0,0.0,0.0,0.0,1.0,,Hawke's Bay Region,Nil,Off road,Sealed,0.0,0.0,0.0,50.0,0.0,On,0.0,0.0,,30.0,Hastings District,Nil,0.0,0.0,0.0,0.0,0.0,0.0,Urban,1.0,0.0,0.0,Fine
139359,1924753.0,5607015.0,548612.0,0.0,0.0,1.0,East,2002/2003,STONEHAVEN ST,TENBY TERRACE,Non-Injury Crash,No,2003,East,0.0,1.0,Flat,0.0,,0.0,0.0,Dark,1474500.0,0.0,0.0,0.0,2.0,0.0,0.0,,Hawke's Bay Region,Nil,2-way,Sealed,0.0,0.0,0.0,50.0,0.0,On,0.0,0.0,,30.0,Hastings District,Nil,0.0,0.0,0.0,0.0,0.0,0.0,Urban,0.0,0.0,0.0,Fine
430376,1932427.0,5601939.0,548831.0,0.0,0.0,1.0,South,2010/2011,HAVELOCK ROAD,KARANEMA DRIVE,Minor Crash,No,2010,North,0.0,0.0,Flat,0.0,,0.0,0.0,Dark,1509600.0,1.0,0.0,0.0,2.0,0.0,0.0,,Hawke's Bay Region,Nil,2-way,Sealed,0.0,0.0,0.0,50.0,0.0,On,0.0,0.0,,30.0,Hastings District,Nil,0.0,0.0,0.0,1.0,0.0,0.0,Urban,0.0,0.0,0.0,Fine
235126,1927502.0,5607331.0,548400.0,0.0,0.0,1.0,West,2004/2005,SH 50A,OMAHU ROAD,Non-Injury Crash,Yes,2004,East,0.0,0.0,Flat,0.0,,0.0,0.0,Bright sun,1473500.0,0.0,0.0,0.0,2.0,0.0,0.0,,Hawke's Bay Region,Nil,2-way,Sealed,0.0,0.0,0.0,100.0,0.0,Null,0.0,0.0,,30.0,Hastings District,Nil,0.0,0.0,0.0,0.0,0.0,0.0,Open,0.0,0.0,0.0,Fine
473460,1927384.0495,5605200.6352,545761.0,1.0,0.0,1.0,East,2018/2019,MARAEKAKAHO ROAD,York Road,Minor Crash,No,2019,East,0.0,,Flat,,,,,Overcast,1469905.0,1.0,0.0,0.0,2.0,0.0,,,Hawke's Bay Region,Nil,2-way,Sealed,0.0,0.0,,50.0,,Off,0.0,0.0,,30.0,Hastings District,Unknown,,,,,0.0,0.0,Urban,0.0,,,Fine
163352,1933133.0,5605285.0,545721.0,0.0,0.0,1.0,East,2006/2007,ST GEORGES ROAD,FARMLET ROAD,Non-Injury Crash,No,2006,South,0.0,1.0,Flat,0.0,,0.0,0.0,Overcast,1472600.0,0.0,0.0,0.0,2.0,0.0,0.0,,Hawke's Bay Region,Nil,2-way,Sealed,0.0,0.0,0.0,100.0,0.0,Null,0.0,0.0,,30.0,Hastings District,Nil,0.0,0.0,0.0,0.0,0.0,0.0,Open,0.0,0.0,0.0,Light rain
63063,1921840.0,5595604.0,545851.0,0.0,0.0,1.0,North,2012/2013,SH 2,TE MAHANGA ROAD,Non-Injury Crash,Yes,2012,South,0.0,,Flat,,,,,Bright sun,1463900.0,0.0,0.0,0.0,2.0,0.0,,,Hawke's Bay Region,Nil,2-way,Sealed,0.0,0.0,,80.0,,Null,0.0,0.0,,30.0,Hastings District,Nil,,,,,0.0,0.0,Open,0.0,,,Fine
215753,1933555.0,5601008.0,548832.0,0.0,0.0,2.0,North,2009/2010,GREENWOOD ROAD,DUART ROAD,Non-Injury Crash,No,2010,East,0.0,0.0,Hill Road,0.0,,0.0,0.0,Bright sun,1508700.0,0.0,0.0,0.0,2.0,0.0,1.0,,Hawke's Bay Region,Nil,2-way,Sealed,0.0,0.0,0.0,50.0,0.0,Null,0.0,0.0,,30.0,Hastings District,Nil,0.0,0.0,0.0,0.0,0.0,0.0,Urban,0.0,0.0,0.0,Fine
117936,1929702.1978,5605270.2116,548200.0,1.0,0.0,0.0,South,2018/2019,QUEEN STREET WEST,NELSON STREET NORTH,Serious Crash,No,2019,North,0.0,,Flat,,,,,Overcast,1490800.0,0.0,0.0,0.0,2.0,0.0,,1.0,Hawke's Bay Region,Nil,2-way,Sealed,0.0,1.0,,50.0,,Off,1.0,0.0,,30.0,Hastings District,Unknown,,,,,0.0,0.0,Urban,0.0,,,Fine
196343,1924363.0,5616442.0,545821.0,0.0,0.0,1.0,North,2000/2001,SWAMP ROAD,SH 50,Non-Injury Crash,No,2001,North,0.0,0.0,Hill Road,0.0,,0.0,0.0,Overcast,1408600.0,0.0,0.0,0.0,2.0,0.0,0.0,,Hawke's Bay Region,Nil,2-way,Sealed,0.0,0.0,0.0,100.0,0.0,Null,0.0,0.0,,30.0,Hastings District,Nil,0.0,0.0,0.0,0.0,0.0,0.0,Open,0.0,0.0,0.0,Fine
194072,1934491.0,5601711.0,548831.0,0.0,0.0,1.0,North,2006/2007,TE MATA ROAD,PALMBROOK AVENUE,Non-Injury Crash,No,2006,East,0.0,1.0,Flat,0.0,,0.0,0.0,Dark,1466413.0,0.0,0.0,0.0,2.0,0.0,0.0,,Hawke's Bay Region,Nil,2-way,Sealed,0.0,0.0,0.0,50.0,0.0,On,0.0,0.0,,30.0,Hastings District,Nil,0.0,0.0,0.0,0.0,0.0,0.0,Urban,0.0,0.0,0.0,Heavy rain
706209,1929800.0,5605059.0,548200.0,0.0,0.0,2.0,West,2014/2015,MARKET ST NORTH,QUEEN ST WEST,Non-Injury Crash,No,2014,West,0.0,,Flat,,,,,Bright sun,1491700.0,0.0,0.0,0.0,2.0,0.0,,,Hawke's Bay Region,Nil,2-way,Sealed,0.0,0.0,,50.0,,Null,0.0,0.0,,30.0,Hastings District,Unknown,,,,,0.0,0.0,Urban,0.0,,,Fine
439971,1934210.0,5608991.0,545722.0,0.0,0.0,1.0,Null,2014/2015,RAILWAY ROAD,ANDERSON ROAD,Non-Injury Crash,No,2014,West,0.0,0.0,Flat,0.0,,0.0,0.0,Bright sun,1406200.0,0.0,0.0,0.0,2.0,0.0,0.0,,Hawke's Bay Region,Nil,2-way,Sealed,0.0,0.0,0.0,50.0,0.0,Null,0.0,0.0,,30.0,Hastings District,Give way,0.0,0.0,0.0,0.0,0.0,0.0,Urban,0.0,0.0,0.0,Fine
626286,1927607.0,5607382.0,548500.0,0.0,0.0,0.0,Null,2006/2007,OMAHU ROAD,SH 50A,Non-Injury Crash,Yes,2006,North,0.0,0.0,Flat,0.0,,0.0,0.0,Dark,1477900.0,0.0,0.0,0.0,4.0,0.0,0.0,,Hawke's Bay Region,Nil,2-way,Sealed,0.0,0.0,0.0,50.0,0.0,On,1.0,0.0,,30.0,Hastings District,Give way,1.0,1.0,0.0,0.0,0.0,0.0,Urban,0.0,0.0,0.0,Fine
22617,1929019.4916,5604096.4813,547900.0,0.0,0.0,1.0,North,2019/2020,RAILWAY ROAD,GASCOIGNE STREET,Non-Injury Crash,No,2019,North,0.0,0.0,Flat,0.0,,0.0,0.0,Dark,1482400.0,0.0,0.0,0.0,2.0,0.0,0.0,,Hawke's Bay Region,Nil,2-way,Sealed,0.0,0.0,0.0,50.0,0.0,On,0.0,0.0,,30.0,Hastings District,Unknown,0.0,0.0,0.0,0.0,0.0,0.0,Urban,0.0,0.0,0.0,Fine
148651,1925723.0,5603103.0,545761.0,0.0,0.0,0.0,South,2017/2018,LONGLANDS ROAD WEST,MARAEKAKAHO ROAD,Minor Crash,No,2018,South,0.0,0.0,Flat,0.0,,0.0,0.0,Dark,1468901.0,1.0,0.0,0.0,2.0,0.0,0.0,,Hawke's Bay Region,Nil,2-way,Sealed,0.0,0.0,0.0,100.0,0.0,On,1.0,0.0,,30.0,Hastings District,Unknown,0.0,0.0,0.0,1.0,0.0,0.0,Open,0.0,0.0,0.0,Fine
539613,1928941.0154,5605164.3088,547700.0,0.0,0.0,4.0,East,2019/2020,CHARLES STREET,HENRY STREET,Minor Crash,No,2020,South,0.0,0.0,Flat,0.0,,0.0,0.0,Dark,1487600.0,1.0,0.0,0.0,0.0,0.0,1.0,,Hawke's Bay Region,Nil,2-way,Sealed,0.0,0.0,0.0,50.0,0.0,On,0.0,0.0,,30.0,Hastings District,Unknown,0.0,0.0,0.0,0.0,0.0,0.0,Urban,0.0,0.0,0.0,Fine
428960,1930724.0,5603786.0,548100.0,1.0,0.0,0.0,Null,2001/2002,HERETAUNGA ST EAST,TERRACE ROAD,Minor Crash,No,2002,East,0.0,,Flat,,,,,Bright sun,1501400.0,1.0,0.0,0.0,2.0,0.0,,,Hawke's Bay Region,Nil,2-way,Sealed,0.0,0.0,,50.0,,Null,0.0,0.0,,30.0,Hastings District,Give way,,,,,1.0,0.0,Urban,0.0,,,Fine
693667,1932897.0,5606353.0,545721.0,0.0,0.0,3.0,Null,2017/2018,SH 2,WAIPATU SETTLEMENT ROAD,Serious Crash,Yes,2017,East,0.0,,Flat,,,,,Dark,1471800.0,1.0,0.0,0.0,2.0,0.0,,,Hawke's Bay Region,Nil,2-way,Sealed,0.0,2.0,,80.0,,On,0.0,0.0,,30.0,Hastings District,Stop,,,,,0.0,0.0,Open,0.0,,,Fine
337227,1929041.0,5606562.0,547800.0,1.0,1.0,0.0,North,2006/2007,FRIMLEY ROAD,PAKOWHAI ROAD,Non-Injury Crash,No,2007,South,0.0,,Flat,,,,,Bright sun,1477500.0,0.0,0.0,0.0,2.0,0.0,,,Hawke's Bay Region,Nil,2-way,Sealed,1.0,0.0,,50.0,,Null,0.0,0.0,,30.0,Hastings District,Nil,,,,,0.0,0.0,Urban,0.0,,,Fine