OBJECTID,X,Y,areaUnitID,bicycle,bus,carStationWagon,crashDirectionDescription,crashFinancialYear,crashLocation1,crashLocation2,crashSeverity,crashSHDescription,crashYear,directionRoleDescription,fatalCount,fence,flatHill,guardRail,holiday,houseOrBuilding,kerb,light,meshblockId,minorInjuryCount,moped,motorcycle,NumberOfLanes,otherVehicleType,parkedVehicle,pedestrian,region,roadCharacter,roadLane,roadSurface,schoolBus,seriousInjuryCount,slipOrFlood,speedLimit,strayAnimal,streetLight,suv,taxi,temporarySpeedLimit,tlaId,tlaName,trafficControl,trafficIsland,trafficSign,train,tree,truck,unknownVehicleType,urban,vanOrUtility,vehicle,waterRiver,weatherA
335053,1928503.0,5606043.0,548500.0,0.0,0.0,2.0,Null,2017/2018,ORCHARD ROAD,MARAEKAKAHO ROAD,Non-Injury Crash,No,2017,South,0.0,,Flat,,,,,Bright sun,1479600.0,0.0,0.0,0.0,2.0,0.0,,,Hawke's Bay Region,Nil,2-way,Sealed,0.0,0.0,,50.0,,Null,0.0,0.0,,30.0,Hastings District,Traffic Signals,,,,,0.0,0.0,Urban,0.0,,,Fine
617908,1930795.0,5604811.0,548100.0,0.0,0.0,0.0,Null,2006/2007,WILLOWPARK ROAD,ALBERT ST,Minor Crash,No,2006,West,0.0,,Flat,,,,,Bright sun,1499700.0,1.0,0.0,0.0,2.0,0.0,,,Hawke's Bay Region,Nil,2-way,Sealed,0.0,0.0,,50.0,,Null,1.0,0.0,,30.0,Hastings District,Give way,,,,,0.0,0.0,Urban,1.0,,,Fine
38416,1929878.0,5605947.0,547700.0,0.0,0.0,2.0,Null,2012/2013,TOMOANA ROAD,FITZROY AVENUE,Non-Injury Crash,No,2012,South,0.0,,Flat,,,,,Bright sun,1488400.0,0.0,0.0,0.0,2.0,0.0,,,Hawke's Bay Region,Nil,2-way,Sealed,0.0,0.0,,50.0,,Null,0.0,0.0,,30.0,Hastings District,Stop,,,,,0.0,0.0,Urban,0.0,,,Fine
259938,1928436.0,5603458.0,545761.0,0.0,0.0,1.0,Null,2007/2008,RAILWAY ROAD SOUTH,TOLLEMACHE ROAD EAST,Non-Injury Crash,No,2007,North,0.0,,Flat,,,,,Bright sun,1469100.0,0.0,0.0,0.0,2.0,0.0,,,Hawke's Bay Region,Nil,2-way,Sealed,0.0,0.0,,100.0,,Null,0.0,0.0,,30.0,Hastings District,Stop,,,,,1.0,0.0,Open,0.0,,,Fine
417883,1926672.0,5605975.0,545761.0,0.0,0.0,2.0,North,2016/2017,YORK ROAD,MARAEKAKAHO ROAD,Non-Injury Crash,No,2016,East,0.0,0.0,Flat,0.0,,0.0,0.0,Dark,1469905.0,0.0,0.0,0.0,2.0,0.0,0.0,,Hawke's Bay Region,Nil,2-way,Sealed,0.0,0.0,0.0,100.0,0.0,On,0.0,0.0,,30.0,Hastings District,Unknown,0.0,0.0,0.0,0.0,0.0,0.0,Open,0.0,0.0,0.0,Light rain
64325,1928871.0,5606168.0,547700.0,0.0,0.0,1.0,North,2017/2018,HERETAUNGA ST WEST,STORTFORD ST,Serious Crash,No,2017,North,0.0,,Flat,,,,,Bright sun,1486600.0,0.0,0.0,0.0,2.0,0.0,,1.0,Hawke's Bay Region,Nil,2-way,Sealed,0.0,1.0,,50.0,,Null,0.0,0.0,,30.0,Hastings District,Traffic Signals,,,,,0.0,0.0,Urban,0.0,,,Fine
34251,1925999.0,5604135.0,545842.0,0.0,0.0,1.0,West,2016/2017,MARAEKAKAHO ROAD,IRONGATE ROAD,Non-Injury Crash,No,2016,North,0.0,1.0,Flat,0.0,,0.0,0.0,Dark,1468903.0,0.0,0.0,0.0,2.0,0.0,0.0,,Hawke's Bay Region,Nil,2-way,Sealed,0.0,0.0,0.0,100.0,0.0,On,0.0,0.0,,30.0,Hastings District,Unknown,0.0,0.0,0.0,1.0,0.0,0.0,Open,0.0,0.0,0.0,Heavy rain
26746,1928609.0,5605498.0,547700.0,0.0,0.0,2.0,North,2006/2007,FRANCIS HICKS AVENUE,TOWNSHEND ST,Non-Injury Crash,No,2007,North,0.0,,Flat,,,,,Bright sun,1486800.0,0.0,0.0,0.0,2.0,0.0,,,Hawke's Bay Region,Nil,2-way,Sealed,0.0,0.0,,50.0,,Null,0.0,0.0,,30.0,Hastings District,Nil,,,,,0.0,0.0,Urban,0.0,,,Fine
661512,1929993.0,5605205.0,548200.0,1.0,0.0,0.0,South,2006/2007,MARKET ST NORTH,ST AUBYN ST WEST,Non-Injury Crash,No,2007,East,0.0,,Flat,,,,,Bright sun,1491400.0,0.0,0.0,0.0,2.0,0.0,,,Hawke's Bay Region,Nil,2-way,Sealed,0.0,0.0,,50.0,,Null,0.0,0.0,,30.0,Hastings District,Unknown,,,,,0.0,0.0,Urban,1.0,,,Fine
630254,1932692.0,5601962.0,548831.0,0.0,0.0,1.0,Null,2004/2005,DONNELLY ST,COOPER ST,Non-Injury Crash,No,2005,North,0.0,0.0,Flat,0.0,,0.0,0.0,Overcast,1509600.0,0.0,0.0,0.0,2.0,0.0,1.0,,Hawke's Bay Region,Nil,2-way,Sealed,0.0,0.0,0.0,50.0,0.0,Null,1.0,0.0,,30.0,Hastings District,Nil,0.0,0.0,0.0,0.0,1.0,0.0,Urban,0.0,0.0,0.0,Fine
253963,1913206.0,5587085.0,545851.0,0.0,0.0,1.0,South,2007/2008,SH 2,WAIKAREAO ROAD,Non-Injury Crash,Yes,2008,North,0.0,1.0,Hill Road,0.0,,0.0,0.0,Dark,1464600.0,0.0,0.0,0.0,3.0,0.0,0.0,,Hawke's Bay Region,Nil,2-way,Sealed,0.0,0.0,0.0,100.0,0.0,None,0.0,0.0,,30.0,Hastings District,Nil,0.0,0.0,0.0,1.0,0.0,0.0,Open,0.0,0.0,0.0,Fine
627676,1930724.0,5605372.0,548200.0,0.0,0.0,1.0,Null,2003/2004,JERVOIS ST,KARAMU ROAD NORTH,Non-Injury Crash,No,2004,North,0.0,0.0,Flat,0.0,,0.0,0.0,Overcast,1494300.0,0.0,0.0,0.0,2.0,0.0,1.0,,Hawke's Bay Region,Nil,2-way,Sealed,0.0,0.0,0.0,50.0,0.0,Null,0.0,0.0,,30.0,Hastings District,Nil,0.0,0.0,0.0,0.0,0.0,0.0,Urban,1.0,0.0,0.0,Fine
263542,1935660.0,5609964.0,545730.0,0.0,0.0,1.0,South,2008/2009,SH 2,MILL ROAD,Serious Crash,Yes,2008,North,0.0,,Flat,,,,,Bright sun,1405600.0,0.0,0.0,0.0,2.0,0.0,,,Hawke's Bay Region,Nil,2-way,Sealed,0.0,1.0,,100.0,,Null,0.0,0.0,,30.0,Hastings District,Nil,,,,,0.0,0.0,Open,1.0,,,Fine
652675,1934612.0,5646504.0,545911.0,0.0,0.0,0.0,North,2008/2009,SH 2,AROPAOANUI ROAD,Serious Crash,Yes,2008,West,0.0,,Hill Road,,,,,Bright sun,1415400.0,0.0,0.0,1.0,2.0,0.0,,,Hawke's Bay Region,Nil,2-way,Sealed,0.0,1.0,,100.0,,Null,1.0,0.0,,30.0,Hastings District,Nil,,,,,0.0,0.0,Open,0.0,,,Fine
244167,1940910.0,5586606.0,545860.0,0.0,0.0,1.0,South,2005/2006,WAIMARAMA ROAD,WAITANGI ROAD,Non-Injury Crash,No,2005,East,0.0,1.0,Flat,0.0,,0.0,0.0,Twilight,1467600.0,0.0,0.0,0.0,2.0,0.0,0.0,,Hawke's Bay Region,Nil,2-way,Sealed,0.0,0.0,0.0,100.0,0.0,None,0.0,0.0,,30.0,Hastings District,Nil,0.0,0.0,0.0,0.0,0.0,0.0,Open,0.0,0.0,0.0,Fine
101174,1928540.0,5606511.0,548500.0,0.0,0.0,3.0,South,2018/2019,OMAHU ROAD,HAPUKA ST,Non-Injury Crash,No,2018,South,0.0,,Flat,,,,,Bright sun,1478700.0,0.0,0.0,0.0,2.0,0.0,,,Hawke's Bay Region,Nil,2-way,Sealed,0.0,0.0,,50.0,,Null,0.0,0.0,,30.0,Hastings District,Unknown,,,,,0.0,0.0,Urban,0.0,,,Fine
619870,1930501.0,5604606.0,548200.0,0.0,0.0,2.0,North,2009/2010,ST AUBYN ST EAST,WILLOWPARK ROAD NORTH,Non-Injury Crash,No,2009,East,0.0,,Flat,,,,,Bright sun,1494800.0,0.0,0.0,0.0,2.0,0.0,,,Hawke's Bay Region,Nil,2-way,Sealed,0.0,0.0,,50.0,,Null,0.0,0.0,,30.0,Hastings District,Nil,,,,,0.0,0.0,Urban,0.0,,,Fine
423351,1929768.0,5605863.0,547700.0,0.0,0.0,2.0,Null,2010/2011,TOMOANA ROAD,WHITEHEAD ROAD,Minor Crash,No,2010,East,0.0,,Flat,,,,,Overcast,1488400.0,1.0,0.0,0.0,2.0,0.0,,,Hawke's Bay Region,Nil,2-way,Sealed,0.0,0.0,,50.0,,Null,0.0,0.0,,30.0,Hastings District,Give way,,,,,0.0,0.0,Urban,0.0,,,Heavy rain
330162,1932715.0,5608189.0,545721.0,0.0,0.0,1.0,North,2007/2008,RUAHAPIA ROAD,OTENE ROAD,Non-Injury Crash,No,2007,South,0.0,0.0,Flat,0.0,,0.0,0.0,Dark,1471600.0,0.0,0.0,0.0,2.0,0.0,0.0,,Hawke's Bay Region,Nil,2-way,Sealed,0.0,0.0,0.0,100.0,0.0,On,0.0,0.0,,30.0,Hastings District,Nil,0.0,0.0,0.0,0.0,0.0,0.0,Open,0.0,0.0,0.0,Fine
734867,1929439.0,5606032.0,547700.0,0.0,0.0,1.0,Null,2014/2015,GRAYS ROAD,ST AUBYN ST WEST,Serious Crash,No,2015,North,0.0,,Flat,,,,,Bright sun,1488300.0,0.0,0.0,0.0,2.0,0.0,,,Hawke's Bay Region,Nil,2-way,Sealed,0.0,1.0,,50.0,,Off,0.0,0.0,,30.0,Hastings District,Give way,,,,,0.0,0.0,Urban,1.0,,,Fine
639547,1929356.0,5605528.0,548200.0,0.0,0.0,1.0,South,2005/2006,HERETAUNGA ST WEST,TOMOANA ROAD,Non-Injury Crash,No,2005,South,0.0,0.0,Flat,0.0,,0.0,0.0,Overcast,1490100.0,0.0,0.0,0.0,2.0,0.0,0.0,,Hawke's Bay Region,Nil,2-way,Sealed,0.0,0.0,0.0,50.0,0.0,Null,0.0,0.0,,30.0,Hastings District,Nil,0.0,0.0,0.0,1.0,0.0,0.0,Urban,0.0,0.0,0.0,Fine
687059,1924791.3592,5600179.2816,545852.0,0.0,0.0,1.0,South,2018/2019,50A-0000/07.55,TURAMOE ROAD,Non-Injury Crash,Yes,2019,North,0.0,0.0,Flat,0.0,Easter,0.0,0.0,Overcast,1469600.0,0.0,0.0,0.0,2.0,0.0,0.0,,Hawke's Bay Region,Nil,2-way,Sealed,0.0,0.0,0.0,80.0,0.0,Off,0.0,0.0,60.0,30.0,Hastings District,Unknown,0.0,0.0,0.0,0.0,0.0,0.0,Open,0.0,0.0,0.0,Heavy rain
624387,1930736.0,5603744.0,548300.0,0.0,0.0,2.0,South,2010/2011,LUMSDEN ROAD,HERETAUNGA ST EAST,Non-Injury Crash,No,2010,East,0.0,,Flat,,,,,Bright sun,1502600.0,0.0,0.0,0.0,2.0,0.0,,,Hawke's Bay Region,Nil,2-way,Sealed,0.0,0.0,,50.0,,Null,0.0,0.0,,30.0,Hastings District,Nil,,,,,0.0,0.0,Urban,0.0,,,Fine
410170,1929344.0,5605544.0,547700.0,0.0,0.0,1.0,Null,2015/2016,HERETAUNGA ST WEST,TOMOANA ROAD,Non-Injury Crash,No,2016,South,0.0,,Flat,,,,,Dark,1487900.0,0.0,1.0,0.0,2.0,0.0,,,Hawke's Bay Region,Nil,2-way,Sealed,0.0,0.0,,50.0,,On,0.0,0.0,,30.0,Hastings District,Give way,,,,,0.0,0.0,Urban,0.0,,,Fine
293863,1929456.0,5605395.0,548200.0,0.0,0.0,2.0,West,2006/2007,HERETAUNGA ST WEST,SOUTHLAND ROAD,Minor Crash,No,2007,West,0.0,,Flat,,,,,Dark,1490100.0,1.0,0.0,0.0,2.0,0.0,,,Hawke's Bay Region,Nil,2-way,Sealed,0.0,0.0,,50.0,,On,0.0,0.0,,30.0,Hastings District,Nil,,,,,0.0,0.0,Urban,0.0,,,Fine
520527,1928549.0,5671434.0,545911.0,0.0,0.0,1.0,North,2003/2004,POHOKURA ROAD,WAITARA ROAD,Non-Injury Crash,No,2003,North,0.0,0.0,Flat,0.0,,0.0,0.0,Bright sun,1416000.0,0.0,0.0,0.0,2.0,0.0,0.0,,Hawke's Bay Region,Nil,2-way,Unsealed,0.0,0.0,0.0,100.0,0.0,Null,0.0,0.0,,30.0,Hastings District,Nil,0.0,0.0,0.0,0.0,0.0,0.0,Open,0.0,0.0,0.0,Fine
536418,1925612.0,5606396.0,548620.0,0.0,0.0,1.0,Null,2006/2007,PLYMOUTH ROAD,WILSON ROAD,Non-Injury Crash,No,2006,North,0.0,1.0,Flat,0.0,,0.0,0.0,Overcast,1475701.0,0.0,0.0,0.0,2.0,0.0,0.0,,Hawke's Bay Region,Nil,2-way,Sealed,0.0,0.0,0.0,50.0,0.0,Null,0.0,0.0,,30.0,Hastings District,Nil,0.0,0.0,0.0,0.0,0.0,0.0,Urban,0.0,0.0,0.0,Fine
264499,1932274.0,5609028.0,545721.0,0.0,0.0,2.0,Null,2000/2001,PAKOWHAI ROAD,RUAHAPIA ROAD,Non-Injury Crash,No,2001,South,0.0,,Flat,,,,,Bright sun,1471600.0,0.0,0.0,0.0,2.0,0.0,,,Hawke's Bay Region,Nil,2-way,Sealed,0.0,0.0,,100.0,,Null,0.0,0.0,,30.0,Hastings District,Give way,,,,,0.0,0.0,Open,0.0,,,Fine
424782,1927633.0,5607439.0,548400.0,0.0,0.0,2.0,Null,2011/2012,SH 50A,OMAHU ROAD,Non-Injury Crash,Yes,2011,North,0.0,,Flat,,,,,Overcast,1473600.0,0.0,0.0,0.0,2.0,0.0,,,Hawke's Bay Region,Nil,2-way,Sealed,0.0,0.0,,100.0,,Null,0.0,0.0,,30.0,Hastings District,Give way,,,,,0.0,0.0,Open,0.0,,,Fine
458223,1927277.0,5607671.0,545710.0,0.0,0.0,2.0,Null,2007/2008,OMAHU ROAD,ORMOND ROAD,Non-Injury Crash,No,2008,East,0.0,,Flat,,,,,Overcast,1471000.0,0.0,0.0,0.0,2.0,0.0,,,Hawke's Bay Region,Nil,2-way,Sealed,0.0,0.0,,50.0,,Null,0.0,0.0,,30.0,Hastings District,Give way,,,,,0.0,0.0,Urban,0.0,,,Light rain
675050,1929171.5149,5605154.4214,548200.0,1.0,0.0,0.0,Null,2019/2020,SOUTHLAND ROAD,SOUTHAMPTON STREET WEST,Minor Crash,No,2019,East,0.0,,Flat,,,,,Overcast,1488500.0,1.0,0.0,0.0,2.0,0.0,,,Hawke's Bay Region,Nil,2-way,Sealed,0.0,0.0,,50.0,,Off,1.0,0.0,,30.0,Hastings District,Give way,,,,,0.0,0.0,Urban,0.0,,,Fine
65799,1930415.0,5605181.0,548200.0,0.0,0.0,2.0,East,2016/2017,KARAMU ROAD NORTH,VICTORIA ST,Non-Injury Crash,No,2016,West,0.0,,Flat,,,,,Bright sun,1494500.0,0.0,0.0,0.0,2.0,0.0,,,Hawke's Bay Region,Nil,2-way,Sealed,0.0,0.0,,50.0,,Null,0.0,0.0,,30.0,Hastings District,Unknown,,,,,0.0,0.0,Urban,0.0,,,Fine
230941,1930001.3343,5603993.2644,548300.0,0.0,0.0,1.0,North,2018/2019,BEECH ROAD,RIVERSLEA ROAD SOUTH,Non-Injury Crash,No,2019,South,0.0,1.0,Flat,0.0,,0.0,1.0,Dark,1502200.0,0.0,0.0,0.0,2.0,0.0,0.0,,Hawke's Bay Region,Nil,2-way,Sealed,0.0,0.0,0.0,50.0,0.0,On,0.0,0.0,,30.0,Hastings District,Unknown,0.0,0.0,0.0,0.0,0.0,0.0,Urban,0.0,0.0,0.0,Fine
718222,1928273.0,5604467.0,547900.0,0.0,0.0,1.0,Null,2006/2007,WALL ROAD,SOUTHLAND ROAD,Non-Injury Crash,No,2007,South,0.0,1.0,Flat,0.0,,0.0,0.0,Bright sun,1481900.0,0.0,0.0,0.0,2.0,0.0,0.0,,Hawke's Bay Region,Nil,2-way,Sealed,0.0,0.0,0.0,50.0,0.0,Null,0.0,0.0,,30.0,Hastings District,Give way,0.0,0.0,0.0,0.0,0.0,0.0,Urban,0.0,0.0,0.0,Fine
565280,1933354.0,5601989.0,548831.0,0.0,0.0,4.0,Null,2009/2010,TE MATA ROAD,LINDSAY ST,Minor Crash,No,2010,West,0.0,0.0,Flat,0.0,,0.0,0.0,Bright sun,1509900.0,1.0,0.0,0.0,2.0,0.0,1.0,,Hawke's Bay Region,Nil,2-way,Sealed,0.0,0.0,0.0,50.0,0.0,Null,0.0,0.0,,30.0,Hastings District,Give way,0.0,0.0,0.0,0.0,0.0,0.0,Urban,0.0,0.0,0.0,Fine
81238,1935083.0,5607020.0,545722.0,0.0,0.0,0.0,West,2000/2001,PILCHER ROAD,LAWN ROAD,Non-Injury Crash,No,2000,South,0.0,0.0,Flat,0.0,,0.0,0.0,Overcast,1406400.0,0.0,0.0,0.0,1.0,0.0,0.0,,Hawke's Bay Region,Nil,2-way,Sealed,0.0,0.0,0.0,100.0,0.0,Null,0.0,0.0,,30.0,Hastings District,Nil,1.0,0.0,0.0,1.0,0.0,0.0,Open,1.0,0.0,0.0,Fine
704458,1923352.0,5610218.0,545710.0,0.0,0.0,1.0,Null,2016/2017,OMAHU ROAD,SH 50,Non-Injury Crash,Yes,2016,North,0.0,0.0,Flat,0.0,,0.0,0.0,Dark,1470500.0,0.0,0.0,0.0,2.0,0.0,0.0,,Hawke's Bay Region,Nil,2-way,Sealed,0.0,0.0,0.0,100.0,0.0,On,0.0,0.0,,30.0,Hastings District,Give way,1.0,1.0,0.0,1.0,0.0,0.0,Open,0.0,0.0,0.0,Fine
336418,1936107.0,5608102.0,545722.0,0.0,0.0,0.0,North,2013/2014,LAWN ROAD,TE MATA MANGATERETERE ROA,Minor Crash,No,2014,South,0.0,0.0,Flat,0.0,,0.0,0.0,Bright sun,1406501.0,1.0,0.0,0.0,2.0,0.0,0.0,,Hawke's Bay Region,Nil,2-way,Sealed,0.0,0.0,0.0,100.0,0.0,Null,0.0,0.0,,30.0,Hastings District,Unknown,0.0,0.0,0.0,0.0,0.0,0.0,Open,1.0,0.0,0.0,Fine
543460,1924159.0,5597103.0,545851.0,0.0,0.0,0.0,South,2006/2007,SH 2,STOCK ROAD,Minor Crash,Yes,2006,North,0.0,0.0,Flat,0.0,,0.0,0.0,Dark,1463900.0,1.0,0.0,0.0,2.0,0.0,0.0,,Hawke's Bay Region,Nil,2-way,Sealed,0.0,0.0,0.0,100.0,0.0,None,1.0,0.0,,30.0,Hastings District,Nil,0.0,0.0,0.0,0.0,0.0,0.0,Open,0.0,0.0,0.0,Fine
677884,1925189.0,5605130.0,545842.0,0.0,0.0,1.0,South,2007/2008,STOCK ROAD,IRONGATE ROAD,Non-Injury Crash,No,2008,North,0.0,,Flat,,,,,Bright sun,1470214.0,0.0,0.0,0.0,2.0,0.0,,,Hawke's Bay Region,Nil,2-way,Sealed,0.0,0.0,,100.0,,Null,0.0,0.0,,30.0,Hastings District,Nil,,,,,0.0,0.0,Open,0.0,,,Fine
180232,1929634.0,5605762.0,548200.0,0.0,0.0,1.0,Null,2010/2011,TOMOANA ROAD,ST AUBYN ST WEST,Serious Crash,No,2011,South,0.0,1.0,Flat,0.0,,0.0,0.0,Dark,1490300.0,0.0,0.0,0.0,2.0,0.0,0.0,,Hawke's Bay Region,Nil,2-way,Sealed,0.0,1.0,0.0,50.0,0.0,On,1.0,0.0,,30.0,Hastings District,Traffic Signals,0.0,0.0,0.0,0.0,0.0,0.0,Urban,0.0,0.0,0.0,Fine
118176,1928437.0,5606954.0,547800.0,0.0,0.0,1.0,Null,2009/2010,FRIMLEY AVENUE,IKANUI ROAD,Non-Injury Crash,No,2009,North,0.0,,Flat,,,,,Bright sun,1476900.0,0.0,0.0,0.0,2.0,0.0,,,Hawke's Bay Region,Nil,2-way,Sealed,0.0,0.0,,50.0,,Null,1.0,0.0,,30.0,Hastings District,Give way,,,,,0.0,0.0,Urban,0.0,,,Fine
24928,1919960.0,5627922.0,545821.0,0.0,0.0,0.0,Null,2004/2005,PUKETITIRI ROAD,SOLDIERS SETTLEMENT ROAD,Non-Injury Crash,No,2005,North,0.0,,Flat,,,,,Bright sun,1412300.0,0.0,0.0,0.0,2.0,0.0,,,Hawke's Bay Region,Nil,2-way,Sealed,0.0,0.0,,100.0,,Null,0.0,0.0,30.0,30.0,Hastings District,Give way,,,,,1.0,0.0,Open,0.0,,,Fine
500425,1930229.0,5603613.0,548300.0,0.0,0.0,1.0,North,2000/2001,PARK ROAD SOUTH,OUTRAM ROAD,Non-Injury Crash,No,2001,North,0.0,0.0,Flat,0.0,Easter,0.0,0.0,Dark,1501700.0,0.0,0.0,0.0,2.0,0.0,1.0,,Hawke's Bay Region,Nil,2-way,Sealed,0.0,0.0,0.0,50.0,0.0,On,0.0,0.0,,30.0,Hastings District,Nil,0.0,0.0,0.0,0.0,1.0,0.0,Urban,0.0,0.0,0.0,Light rain
409578,1929344.0,5606639.0,547600.0,0.0,0.0,2.0,South,2014/2015,FITZROY AVENUE,PAKOWHAI ROAD,Non-Injury Crash,No,2014,South,0.0,,Flat,,,,,Bright sun,1485100.0,0.0,0.0,0.0,2.0,0.0,,,Hawke's Bay Region,Nil,2-way,Sealed,0.0,0.0,,50.0,,Null,0.0,0.0,,30.0,Hastings District,Nil,,,,,0.0,0.0,Urban,0.0,,,Fine
151904,1934691.0,5647753.0,545911.0,0.0,0.0,0.0,North,2010/2011,SH 2,AROPAOANUI ROAD,Minor Crash,Yes,2011,North,0.0,,Flat,,Easter,,,Dark,1415400.0,1.0,0.0,1.0,2.0,0.0,,,Hawke's Bay Region,Nil,2-way,Sealed,0.0,0.0,,100.0,,None,0.0,0.0,,30.0,Hastings District,Nil,,,,,0.0,0.0,Open,0.0,,,Fine
640977,1931069.0,5603846.0,548100.0,0.0,0.0,1.0,Null,2017/2018,WINDSOR AVENUE,ST AUBYN ST EAST,Non-Injury Crash,No,2018,South,0.0,,Flat,,,,,Bright sun,1500400.0,0.0,0.0,0.0,2.0,0.0,,,Hawke's Bay Region,Nil,2-way,Sealed,0.0,0.0,,50.0,,Null,0.0,0.0,,30.0,Hastings District,Give way,,,,,1.0,0.0,Urban,0.0,,,Null
549615,1925385.0,5606395.0,548620.0,0.0,0.0,1.0,North,2016/2017,PETERHEAD AVENUE,PETERHEAD PLACE,Non-Injury Crash,No,2016,South,0.0,0.0,Flat,0.0,,0.0,0.0,Bright sun,1474800.0,0.0,0.0,0.0,2.0,0.0,0.0,,Hawke's Bay Region,Nil,2-way,Sealed,0.0,0.0,0.0,50.0,0.0,Null,0.0,0.0,,30.0,Hastings District,Unknown,0.0,1.0,0.0,0.0,0.0,0.0,Urban,0.0,0.0,0.0,Fine
382731,1929285.0,5605424.0,548200.0,0.0,0.0,1.0,Null,2007/2008,CHARLES ST,EASTBOURNE ST WEST,Non-Injury Crash,No,2007,North,0.0,0.0,Flat,0.0,,0.0,0.0,Dark,1488800.0,0.0,0.0,0.0,2.0,0.0,0.0,,Hawke's Bay Region,Nil,2-way,Sealed,0.0,0.0,0.0,50.0,0.0,On,0.0,0.0,,30.0,Hastings District,Give way,0.0,0.0,0.0,0.0,0.0,0.0,Urban,1.0,0.0,0.0,Fine
55725,1933134.0,5602321.0,548831.0,0.0,0.0,2.0,Null,2006/2007,NAPIER ROAD,ST HILL LANE,Non-Injury Crash,No,2007,South,0.0,,Flat,,,,,Bright sun,1509100.0,0.0,0.0,0.0,2.0,0.0,,,Hawke's Bay Region,Nil,2-way,Sealed,0.0,0.0,,50.0,,Null,0.0,0.0,,30.0,Hastings District,Give way,,,,,0.0,0.0,Urban,0.0,,,Fine
624295,1932274.0,5609028.0,545721.0,0.0,0.0,2.0,Null,2015/2016,PAKOWHAI ROAD,RUAHAPIA ROAD,Non-Injury Crash,No,2016,South,0.0,,Flat,,,,,Dark,1471600.0,0.0,0.0,0.0,2.0,0.0,,,Hawke's Bay Region,Nil,2-way,Sealed,0.0,0.0,,80.0,,On,0.0,0.0,,30.0,Hastings District,Give way,,,,,0.0,0.0,Open,0.0,,,Fine
543794,1929645.0,5604943.0,548200.0,0.0,0.0,2.0,Null,2015/2016,EASTBOURNE ST WEST,MARKET ST SOUTH,Non-Injury Crash,No,2015,South,0.0,,Flat,,,,,Overcast,1489600.0,0.0,0.0,0.0,2.0,0.0,,,Hawke's Bay Region,Nil,2-way,Sealed,0.0,0.0,,50.0,,Null,0.0,0.0,,30.0,Hastings District,Give way,,,,,0.0,0.0,Urban,0.0,,,Heavy rain
669018,1929465.0,5604983.0,548200.0,0.0,0.0,2.0,Null,2007/2008,KING ST SOUTH,LYNDON ROAD WEST,Non-Injury Crash,No,2008,East,0.0,,Flat,,,,,Bright sun,1489801.0,0.0,0.0,0.0,2.0,0.0,,,Hawke's Bay Region,Nil,2-way,Sealed,0.0,0.0,,50.0,,Null,0.0,0.0,,30.0,Hastings District,Give way,,,,,0.0,0.0,Urban,0.0,,,Fine
410697,1931141.0,5600003.0,548822.0,0.0,0.0,1.0,South,2009/2010,MIDDLE ROAD,GILPIN ROAD,Minor Crash,No,2009,North,0.0,1.0,Flat,0.0,,0.0,0.0,Twilight,1465901.0,1.0,0.0,0.0,2.0,0.0,0.0,,Hawke's Bay Region,Nil,2-way,Sealed,0.0,0.0,0.0,100.0,0.0,None,0.0,0.0,,30.0,Hastings District,Nil,0.0,0.0,0.0,1.0,0.0,0.0,Open,0.0,0.0,0.0,Fine
654501,1920985.0,5603033.0,545841.0,0.0,0.0,1.0,South,2004/2005,RAUKAWA ROAD,MARAEKAKAHO ROAD,Non-Injury Crash,No,2004,West,0.0,1.0,Flat,0.0,,0.0,0.0,Bright sun,1463401.0,0.0,0.0,0.0,2.0,0.0,0.0,,Hawke's Bay Region,Nil,2-way,Sealed,0.0,0.0,0.0,100.0,0.0,Null,0.0,0.0,,30.0,Hastings District,Nil,0.0,0.0,0.0,0.0,0.0,0.0,Open,0.0,0.0,0.0,Fine
164736,1930542.0,5605151.0,548200.0,0.0,0.0,1.0,Null,2011/2012,ALBERT ST,WARREN ST NORTH,Minor Crash,No,2011,North,0.0,,Flat,,,,,Bright sun,1494600.0,2.0,0.0,0.0,2.0,0.0,,,Hawke's Bay Region,Nil,2-way,Sealed,0.0,0.0,,50.0,,Null,0.0,0.0,30.0,30.0,Hastings District,Give way,,,,,0.0,0.0,Urban,1.0,,,Fine
412117,1906312.0,5601540.0,545841.0,0.0,0.0,1.0,South,2000/2001,SH 50,SALISBURY ROAD,Non-Injury Crash,Yes,2001,North,0.0,1.0,Flat,0.0,,0.0,0.0,Overcast,1462600.0,0.0,0.0,0.0,2.0,0.0,0.0,,Hawke's Bay Region,Nil,2-way,Sealed,0.0,0.0,0.0,100.0,0.0,Null,0.0,0.0,,30.0,Hastings District,Nil,0.0,0.0,0.0,0.0,0.0,0.0,Open,0.0,0.0,0.0,Light rain
187985,1929679.0,5606955.0,545710.0,1.0,0.0,1.0,Null,1999/2000,PAKOWHAI ROAD,DUKE ST,Minor Crash,No,2000,South,0.0,,Flat,,,,,Bright sun,1471300.0,1.0,0.0,0.0,3.0,0.0,,,Hawke's Bay Region,Nil,2-way,Sealed,0.0,0.0,,50.0,,Null,0.0,0.0,,30.0,Hastings District,Give way,,,,,0.0,0.0,Urban,0.0,,,Fine