OBJECTID,X,Y,areaUnitID,bicycle,bus,carStationWagon,crashDirectionDescription,crashFinancialYear,crashLocation1,crashLocation2,crashSeverity,crashSHDescription,crashYear,directionRoleDescription,fatalCount,fence,flatHill,guardRail,holiday,houseOrBuilding,kerb,light,meshblockId,minorInjuryCount,moped,motorcycle,NumberOfLanes,otherVehicleType,parkedVehicle,pedestrian,region,roadCharacter,roadLane,roadSurface,schoolBus,seriousInjuryCount,slipOrFlood,speedLimit,strayAnimal,streetLight,suv,taxi,temporarySpeedLimit,tlaId,tlaName,trafficControl,trafficIsland,trafficSign,train,tree,truck,unknownVehicleType,urban,vanOrUtility,vehicle,waterRiver,weatherA
740220,1905488.0,5600524.0,545841.0,0.0,0.0,1.0,South,2004/2005,SH 50,SALISBURY ROAD,Non-Injury Crash,Yes,2005,North,0.0,0.0,Hill Road,0.0,,0.0,0.0,Overcast,1462600.0,0.0,0.0,0.0,2.0,0.0,0.0,,Hawke's Bay Region,Nil,2-way,Sealed,0.0,0.0,0.0,100.0,0.0,Null,0.0,0.0,,30.0,Hastings District,Nil,0.0,0.0,0.0,0.0,0.0,0.0,Open,0.0,0.0,0.0,Light rain
277030,1924263.0,5607543.0,548612.0,0.0,0.0,1.0,South,2011/2012,SCOTT DRIVE,DIAZ DRIVE,Non-Injury Crash,No,2012,South,0.0,0.0,Flat,0.0,,0.0,0.0,Bright sun,1474112.0,0.0,0.0,0.0,2.0,0.0,1.0,,Hawke's Bay Region,Nil,2-way,Sealed,0.0,0.0,0.0,50.0,0.0,Null,0.0,0.0,,30.0,Hastings District,Nil,0.0,0.0,0.0,0.0,0.0,0.0,Urban,1.0,0.0,0.0,Fine
577657,1933243.9831,5609043.5786,545722.0,0.0,0.0,1.0,North,2019/2020,RANGITANE ROAD,JOHNSTON WAY,Non-Injury Crash,No,2020,South,0.0,1.0,Flat,0.0,,0.0,0.0,Dark,1405700.0,0.0,0.0,0.0,2.0,0.0,0.0,,Hawke's Bay Region,Nil,1-way,Sealed,0.0,0.0,0.0,100.0,0.0,On,0.0,0.0,,30.0,Hastings District,Nil,0.0,0.0,0.0,0.0,0.0,0.0,Open,0.0,0.0,0.0,Light rain
511356,1925321.0,5599569.0,545852.0,0.0,0.0,1.0,Null,2008/2009,SH 2,SH 50A PAKI PAKI,Non-Injury Crash,Yes,2008,North,0.0,,Flat,,,,,Overcast,1469600.0,0.0,0.0,0.0,2.0,0.0,,,Hawke's Bay Region,Nil,2-way,Sealed,0.0,0.0,,100.0,,Null,1.0,0.0,,30.0,Hastings District,Give way,,,,,0.0,0.0,Open,0.0,,,Light rain
259903,1929655.0,5606937.0,545710.0,0.0,0.0,1.0,South,1999/2000,PAKOWHAI ROAD,DUKE ST,Non-Injury Crash,No,2000,South,0.0,0.0,Flat,0.0,,0.0,0.0,Bright sun,1471300.0,0.0,0.0,0.0,2.0,0.0,0.0,,Hawke's Bay Region,Nil,2-way,Sealed,0.0,0.0,0.0,50.0,0.0,Null,0.0,0.0,,30.0,Hastings District,Nil,0.0,0.0,0.0,0.0,0.0,0.0,Urban,0.0,0.0,0.0,Fine
633763,1932166.611,5607452.3035,545721.0,0.0,0.0,0.0,South,2018/2019,OTENE ROAD,BENNETT ROAD,Non-Injury Crash,No,2018,South,0.0,0.0,Flat,0.0,Christmas New Year,0.0,0.0,Dark,1471800.0,0.0,0.0,0.0,2.0,0.0,0.0,,Hawke's Bay Region,Nil,2-way,Sealed,0.0,0.0,0.0,80.0,0.0,None,0.0,0.0,,30.0,Hastings District,Nil,0.0,0.0,0.0,0.0,1.0,0.0,Open,0.0,0.0,0.0,Fine
23611,1929441.0,5605616.0,547700.0,0.0,0.0,2.0,Null,2004/2005,TOMOANA ROAD,QUEEN ST WEST,Non-Injury Crash,No,2004,South,0.0,,Flat,,,,,Overcast,1488000.0,0.0,0.0,0.0,2.0,0.0,,,Hawke's Bay Region,Nil,2-way,Sealed,0.0,0.0,,50.0,,Null,0.0,0.0,,30.0,Hastings District,Give way,,,,,0.0,0.0,Urban,0.0,,,Fine
119279,1924660.0,5604250.0,545842.0,1.0,0.0,1.0,South,2007/2008,STOCK ROAD,EQUESTRIAN LANE,Serious Crash,No,2008,South,0.0,,Flat,,,,,Overcast,1470214.0,0.0,0.0,0.0,2.0,0.0,,,Hawke's Bay Region,Nil,2-way,Sealed,0.0,1.0,,100.0,,Null,0.0,0.0,,30.0,Hastings District,Nil,,,,,0.0,0.0,Open,0.0,,,Fine
736996,1925271.0,5598887.0,545852.0,0.0,0.0,1.0,Null,2007/2008,SH 2,OLD MAIN ROAD,Minor Crash,Yes,2008,North,0.0,0.0,Flat,0.0,,0.0,0.0,Bright sun,1465801.0,1.0,0.0,0.0,2.0,0.0,0.0,,Hawke's Bay Region,Nil,2-way,Sealed,0.0,0.0,0.0,100.0,0.0,Null,0.0,0.0,,30.0,Hastings District,Stop,0.0,0.0,0.0,0.0,1.0,0.0,Open,0.0,0.0,0.0,Fine
22529,1931812.0,5608604.0,545710.0,0.0,0.0,1.0,North,2003/2004,PAKOWHAI ROAD,ELWOOD ROAD,Minor Crash,No,2004,South,0.0,0.0,Flat,0.0,,0.0,0.0,Bright sun,1471100.0,1.0,0.0,0.0,2.0,0.0,0.0,,Hawke's Bay Region,Nil,2-way,Sealed,0.0,0.0,0.0,100.0,0.0,Null,0.0,0.0,,30.0,Hastings District,Nil,0.0,0.0,0.0,0.0,0.0,0.0,Open,1.0,0.0,0.0,Fine
269031,1925865.0,5606581.0,548620.0,1.0,0.0,1.0,Null,2002/2003,WILSON ROAD,FLAXMERE AVENUE,Minor Crash,No,2002,North,0.0,,Flat,,,,,Bright sun,1475800.0,1.0,0.0,0.0,2.0,0.0,,,Hawke's Bay Region,Nil,2-way,Sealed,0.0,0.0,,50.0,,Null,0.0,0.0,,30.0,Hastings District,Give way,,,,,0.0,0.0,Urban,0.0,,,Fine
388400,1934484.0,5609801.0,545832.0,0.0,0.0,1.0,East,2012/2013,FARNDON ROAD,CHESTERHOPE BRIDGE,Non-Injury Crash,No,2012,East,0.0,1.0,Flat,0.0,,0.0,0.0,Bright sun,1404200.0,0.0,0.0,0.0,2.0,0.0,0.0,,Hawke's Bay Region,Nil,2-way,Sealed,0.0,0.0,0.0,100.0,0.0,Null,0.0,0.0,,30.0,Hastings District,Nil,0.0,0.0,0.0,0.0,0.0,0.0,Open,0.0,0.0,0.0,Fine
420008,1929662.6035,5604921.8651,548200.0,0.0,0.0,1.0,South,2019/2020,EASTBOURNE STREET WEST,MARKET ST STH,Non-Injury Crash,No,2020,North,0.0,0.0,Flat,0.0,,0.0,0.0,Bright sun,1490000.0,0.0,0.0,0.0,2.0,0.0,1.0,,Hawke's Bay Region,Nil,2-way,Sealed,0.0,0.0,0.0,50.0,0.0,Off,0.0,0.0,,30.0,Hastings District,Nil,0.0,0.0,0.0,0.0,1.0,0.0,Urban,0.0,0.0,0.0,Fine
716893,1929313.0,5606678.0,547800.0,0.0,0.0,0.0,Null,2016/2017,FITZROY AVENUE,PAKOWHAI ROAD,Non-Injury Crash,No,2016,East,0.0,0.0,Flat,0.0,,0.0,0.0,Overcast,1477600.0,0.0,0.0,0.0,2.0,0.0,0.0,,Hawke's Bay Region,Nil,2-way,Sealed,0.0,0.0,0.0,50.0,0.0,Null,0.0,0.0,,30.0,Hastings District,Give way,0.0,0.0,0.0,0.0,0.0,0.0,Urban,1.0,0.0,0.0,Light rain
266952,1934931.0,5609163.0,545722.0,0.0,0.0,0.0,South,2004/2005,SH 2,RAILWAY ROAD,Non-Injury Crash,Yes,2004,South,0.0,0.0,Flat,0.0,,0.0,0.0,Dark,1406300.0,0.0,0.0,0.0,2.0,0.0,0.0,,Hawke's Bay Region,Bridge,2-way,Sealed,0.0,0.0,0.0,100.0,0.0,On,0.0,0.0,,30.0,Hastings District,Nil,0.0,0.0,0.0,0.0,0.0,0.0,Open,1.0,0.0,0.0,Fine
407636,1938009.0,5608174.0,545740.0,0.0,0.0,1.0,Null,2005/2006,HAUMOANA ROAD,TUKITUKI ROAD,Non-Injury Crash,No,2005,West,0.0,1.0,Flat,0.0,,0.0,0.0,Overcast,1406900.0,0.0,0.0,0.0,2.0,0.0,0.0,,Hawke's Bay Region,Nil,2-way,Sealed,0.0,0.0,0.0,100.0,0.0,Null,0.0,0.0,,30.0,Hastings District,Nil,0.0,0.0,0.0,0.0,0.0,0.0,Open,0.0,0.0,0.0,Light rain
91268,1930909.0,5606013.0,548000.0,0.0,0.0,1.0,North,2006/2007,BARDEN ST,CAROLINE ROAD,Non-Injury Crash,No,2007,South,0.0,0.0,Flat,0.0,,0.0,0.0,Overcast,1495500.0,0.0,0.0,0.0,2.0,0.0,1.0,,Hawke's Bay Region,Nil,2-way,Sealed,0.0,0.0,0.0,50.0,0.0,Null,0.0,0.0,,30.0,Hastings District,Nil,0.0,0.0,0.0,0.0,1.0,0.0,Urban,0.0,0.0,0.0,Fine
258484,1924672.0,5606591.0,548612.0,0.0,0.0,2.0,South,2009/2010,WALTON WAY,BERWICK ST,Non-Injury Crash,No,2010,South,0.0,0.0,Flat,0.0,,0.0,0.0,Overcast,1474600.0,0.0,0.0,0.0,2.0,0.0,1.0,,Hawke's Bay Region,Nil,2-way,Sealed,0.0,0.0,0.0,50.0,0.0,Null,0.0,0.0,,30.0,Hastings District,Nil,0.0,0.0,0.0,0.0,0.0,0.0,Urban,0.0,0.0,0.0,Fine
70975,1905622.0,5600732.0,545841.0,0.0,0.0,0.0,South,2018/2019,SH 50,GLENCOE STATION ROAD,Non-Injury Crash,Yes,2018,South,0.0,1.0,Hill Road,0.0,,0.0,0.0,Dark,1462500.0,0.0,0.0,0.0,2.0,0.0,0.0,,Hawke's Bay Region,Nil,2-way,Sealed,0.0,0.0,0.0,100.0,0.0,None,0.0,0.0,,30.0,Hastings District,Unknown,0.0,0.0,0.0,0.0,0.0,0.0,Open,1.0,0.0,0.0,Fine
518839,1934188.3668,5607215.3039,545722.0,0.0,0.0,0.0,Null,2019/2020,SH 51,TE ARA KAHIKATEA,Non-Injury Crash,Yes,2020,North,0.0,,Flat,,,,,Bright sun,1406200.0,0.0,0.0,0.0,2.0,0.0,,,Hawke's Bay Region,Nil,1-way,Sealed,0.0,0.0,,80.0,,Off,0.0,0.0,,30.0,Hastings District,Give way,,,,,0.0,0.0,Open,1.0,,,Fine
254881,1927178.0,5607747.0,545710.0,0.0,0.0,2.0,West,2000/2001,OMAHU ROAD,WILSON ROAD,Non-Injury Crash,No,2000,South,0.0,,Flat,,,,,Overcast,1471000.0,0.0,0.0,0.0,2.0,0.0,,,Hawke's Bay Region,Nil,2-way,Sealed,0.0,0.0,,50.0,,Null,0.0,0.0,,30.0,Hastings District,Nil,,,,,0.0,0.0,Urban,0.0,,,Fine
184702,1928259.0,5621610.0,545821.0,0.0,0.0,1.0,North,2016/2017,PUKETITIRI ROAD,ROTOWHENUA ROAD,Non-Injury Crash,No,2017,South,0.0,0.0,Flat,0.0,,0.0,0.0,Dark,1410801.0,0.0,0.0,0.0,2.0,0.0,0.0,,Hawke's Bay Region,Nil,2-way,Sealed,0.0,0.0,0.0,100.0,0.0,None,0.0,0.0,,30.0,Hastings District,Give way,0.0,1.0,0.0,0.0,0.0,0.0,Open,0.0,0.0,0.0,Fine
388857,1929542.0,5605281.0,548200.0,0.0,0.0,2.0,North,2010/2011,HERETAUNGA ST WEST,NELSON ST SOUTH,Non-Injury Crash,No,2011,North,0.0,,Flat,,,,,Bright sun,1488900.0,0.0,0.0,0.0,2.0,0.0,,,Hawke's Bay Region,Nil,2-way,Sealed,0.0,0.0,,50.0,,Null,0.0,0.0,,30.0,Hastings District,Nil,,,,,0.0,0.0,Urban,0.0,,,Fine
240129,1927296.0,5605131.0,545761.0,0.0,0.0,2.0,Null,2006/2007,YORK ROAD,MARAEKAKAHO ROAD,Minor Crash,No,2007,South,0.0,,Flat,,,,,Bright sun,1469905.0,1.0,0.0,0.0,2.0,0.0,,,Hawke's Bay Region,Nil,2-way,Sealed,0.0,0.0,,70.0,,Null,0.0,0.0,,30.0,Hastings District,Give way,,,,,0.0,0.0,Urban,0.0,,,Fine
339469,1936715.0,5596610.0,545851.0,0.0,0.0,1.0,North,2007/2008,WAIMARAMA ROAD,MATANGI ROAD,Non-Injury Crash,No,2008,South,0.0,1.0,Flat,0.0,,0.0,0.0,Dark,1467002.0,0.0,0.0,0.0,2.0,0.0,0.0,,Hawke's Bay Region,Nil,2-way,Sealed,0.0,0.0,0.0,100.0,0.0,None,0.0,0.0,,30.0,Hastings District,Nil,0.0,0.0,0.0,0.0,0.0,0.0,Open,0.0,0.0,0.0,Fine
417609,1910860.0,5604863.0,545841.0,0.0,0.0,1.0,West,2008/2009,Z SHINGLE PIT,KERERU/SH 50,Non-Injury Crash,No,2009,South,0.0,1.0,Flat,0.0,Easter,0.0,0.0,Bright sun,1462800.0,0.0,0.0,0.0,0.0,0.0,0.0,,Hawke's Bay Region,Nil,Off road,Sealed,0.0,0.0,0.0,50.0,0.0,Null,0.0,0.0,,30.0,Hastings District,Nil,0.0,0.0,0.0,0.0,0.0,0.0,Urban,0.0,0.0,0.0,Fine
510329,1931059.0,5605010.0,548000.0,0.0,0.0,1.0,East,2014/2015,WILLOWPARK ROAD NORTH,JERVOIS ST,Non-Injury Crash,No,2015,West,0.0,0.0,Flat,0.0,,0.0,0.0,Dark,1497600.0,0.0,0.0,0.0,2.0,0.0,1.0,,Hawke's Bay Region,Nil,2-way,Sealed,0.0,0.0,0.0,50.0,0.0,On,0.0,0.0,,30.0,Hastings District,Unknown,0.0,0.0,0.0,0.0,0.0,0.0,Urban,1.0,0.0,0.0,Light rain
89625,1930482.0,5603615.0,548300.0,0.0,0.0,1.0,West,2004/2005,LUMSDEN PLACE,LUMSDEN ROAD,Non-Injury Crash,No,2004,East,0.0,,Flat,,,,,Overcast,1502400.0,0.0,0.0,0.0,1.0,0.0,,,Hawke's Bay Region,Nil,2-way,Sealed,0.0,0.0,,50.0,,Null,0.0,0.0,,30.0,Hastings District,Nil,,,,,0.0,0.0,Urban,1.0,,,Fine
447323,1921912.0,5641205.0,545811.0,0.0,0.0,0.0,South,2015/2016,SH 5,ELAND STN ENT,Minor Crash,Yes,2016,South,0.0,0.0,Hill Road,0.0,,0.0,0.0,Dark,1414600.0,1.0,0.0,0.0,2.0,0.0,0.0,,Hawke's Bay Region,Nil,2-way,Sealed,0.0,0.0,0.0,100.0,0.0,None,0.0,0.0,,30.0,Hastings District,Unknown,0.0,0.0,0.0,0.0,0.0,0.0,Open,2.0,0.0,0.0,Fine
378363,1925216.7411,5608554.0977,545710.0,0.0,0.0,1.0,West,2019/2020,OMAHU ROAD,JARVIS ROAD,Non-Injury Crash,No,2019,West,0.0,,Flat,,,,,Bright sun,1470900.0,0.0,0.0,0.0,2.0,0.0,,,Hawke's Bay Region,Nil,2-way,Sealed,0.0,0.0,,70.0,,Off,0.0,0.0,,30.0,Hastings District,Nil,,,,,1.0,0.0,Urban,0.0,,,Fine
659730,1931876.0,5603082.0,545721.0,0.0,0.0,1.0,Null,2013/2014,HOWARD ST,ST GEORGES ST,Non-Injury Crash,No,2014,North,0.0,1.0,Flat,0.0,,0.0,0.0,Dark,1472801.0,0.0,0.0,0.0,2.0,0.0,0.0,,Hawke's Bay Region,Nil,2-way,Sealed,0.0,0.0,0.0,80.0,0.0,On,0.0,0.0,,30.0,Hastings District,Stop,0.0,0.0,0.0,1.0,0.0,0.0,Open,0.0,0.0,0.0,Fine
92536,1928921.0,5605475.0,547700.0,1.0,0.0,0.0,Null,2015/2016,SOUTHAMPTON ST WEST,PEPPER ST,Minor Crash,No,2016,South,0.0,,Flat,,,,,Dark,1487000.0,1.0,0.0,0.0,2.0,0.0,,,Hawke's Bay Region,Nil,2-way,Sealed,0.0,0.0,,50.0,,On,1.0,0.0,,30.0,Hastings District,Give way,,,,,0.0,0.0,Urban,0.0,,,Fine
12979,1933331.0,5601827.0,548832.0,0.0,0.0,2.0,West,2015/2016,SCANNELL ST,MCHARDY ST,Non-Injury Crash,No,2016,West,0.0,0.0,Flat,0.0,,0.0,0.0,Bright sun,1508200.0,0.0,0.0,0.0,2.0,0.0,1.0,,Hawke's Bay Region,Nil,2-way,Sealed,0.0,0.0,0.0,50.0,0.0,Null,0.0,0.0,,30.0,Hastings District,Unknown,0.0,0.0,0.0,0.0,0.0,0.0,Urban,0.0,0.0,0.0,Fine
213019,1929944.0,5607155.0,545710.0,0.0,0.0,0.0,South,2005/2006,PAKOWHAI ROAD,FREDERICK ST,Non-Injury Crash,No,2006,South,0.0,0.0,Flat,0.0,,0.0,0.0,Dark,1471300.0,0.0,0.0,0.0,2.0,0.0,0.0,,Hawke's Bay Region,Nil,2-way,Sealed,0.0,0.0,0.0,50.0,0.0,On,0.0,0.0,,30.0,Hastings District,Nil,0.0,0.0,0.0,0.0,1.0,0.0,Urban,0.0,0.0,0.0,Fine
247806,1929928.0,5605156.0,548200.0,0.0,0.0,1.0,South,1999/2000,MARKET ST NORTH,AVENUE ROAD WEST,Minor Crash,No,2000,North,0.0,,Flat,,,,,Bright sun,1491300.0,1.0,0.0,0.0,2.0,0.0,,1.0,Hawke's Bay Region,Nil,2-way,Sealed,0.0,0.0,,50.0,,Null,0.0,0.0,,30.0,Hastings District,Unknown,,,,,0.0,0.0,Urban,0.0,,,Fine
546589,1929657.0,5605330.0,548200.0,0.0,0.0,1.0,Null,2012/2013,QUEEN ST WEST,NELSON ST NORTH,Non-Injury Crash,No,2013,North,0.0,,Flat,,,,,Bright sun,1490800.0,0.0,0.0,0.0,2.0,0.0,,,Hawke's Bay Region,Nil,2-way,Sealed,0.0,0.0,,50.0,,Null,0.0,0.0,,30.0,Hastings District,Give way,,,,,0.0,0.0,Urban,1.0,,,Fine
4544,1929929.0,5604687.0,548200.0,0.0,0.0,2.0,North,2006/2007,WARREN ST SOUTH,HERETAUNGA ST EAST,Non-Injury Crash,No,2006,North,0.0,0.0,Flat,0.0,,0.0,0.0,Dark,1493200.0,0.0,0.0,0.0,2.0,0.0,1.0,,Hawke's Bay Region,Nil,2-way,Sealed,0.0,0.0,0.0,50.0,0.0,On,0.0,0.0,,30.0,Hastings District,Nil,0.0,0.0,0.0,0.0,0.0,0.0,Urban,0.0,0.0,0.0,Fine
84119,1924249.0,5637873.0,545811.0,0.0,0.0,1.0,East,2004/2005,SH 5,GLENGARRY ROAD,Non-Injury Crash,Yes,2005,West,0.0,0.0,Hill Road,1.0,,0.0,0.0,Overcast,1414700.0,0.0,0.0,0.0,3.0,0.0,0.0,,Hawke's Bay Region,Nil,2-way,Sealed,0.0,0.0,0.0,100.0,0.0,Null,0.0,0.0,,30.0,Hastings District,Nil,0.0,0.0,0.0,0.0,0.0,0.0,Open,0.0,0.0,0.0,Light rain
575220,1936458.0,5609908.0,545730.0,0.0,0.0,0.0,Null,2017/2018,MILL ROAD,RICHMOND ROAD,Non-Injury Crash,No,2017,North,0.0,,Flat,,Labour Weekend,,,Overcast,1405403.0,0.0,0.0,0.0,2.0,0.0,,,Hawke's Bay Region,Nil,2-way,Sealed,0.0,0.0,,100.0,,Null,1.0,0.0,50.0,30.0,Hastings District,Stop,,,,,0.0,0.0,Open,1.0,,,Fine
24392,1931034.0,5600830.0,545762.0,0.0,0.0,0.0,West,2004/2005,TE AUTE ROAD,GILPIN ROAD,Non-Injury Crash,No,2005,North,0.0,0.0,Flat,0.0,,0.0,0.0,Dark,1465200.0,0.0,0.0,0.0,2.0,0.0,0.0,,Hawke's Bay Region,Bridge,2-way,Sealed,0.0,0.0,0.0,100.0,0.0,None,0.0,0.0,,30.0,Hastings District,Nil,0.0,0.0,0.0,0.0,0.0,0.0,Open,1.0,0.0,0.0,Fine
26448,1929828.0,5605106.0,548200.0,0.0,0.0,1.0,West,2006/2007,QUEEN ST WEST,MARKET ST NORTH,Non-Injury Crash,No,2006,West,0.0,0.0,Flat,0.0,,0.0,0.0,Bright sun,1491300.0,0.0,0.0,0.0,2.0,0.0,1.0,,Hawke's Bay Region,Nil,2-way,Sealed,0.0,0.0,0.0,50.0,0.0,Null,0.0,0.0,,30.0,Hastings District,Nil,0.0,0.0,0.0,0.0,1.0,0.0,Urban,0.0,0.0,0.0,Fine
401005,1929453.0,5604796.0,548200.0,0.0,0.0,2.0,Null,2003/2004,SOUTHAMPTON ST WEST,MARKET ST SOUTH,Non-Injury Crash,No,2003,South,0.0,,Flat,,,,,Bright sun,1489802.0,0.0,0.0,0.0,2.0,0.0,,,Hawke's Bay Region,Nil,2-way,Sealed,0.0,0.0,,50.0,,Null,0.0,0.0,,30.0,Hastings District,Give way,,,,,0.0,0.0,Urban,0.0,,,Fine
422743,1934423.9299,5632747.1879,545812.0,0.0,0.0,1.0,North,2018/2019,002-0626,TAITS ROAD,Non-Injury Crash,Yes,2019,South,0.0,1.0,Flat,0.0,,0.0,0.0,Dark,1414903.0,0.0,0.0,0.0,2.0,0.0,0.0,,Hawke's Bay Region,Nil,2-way,Sealed,0.0,0.0,0.0,100.0,0.0,On,0.0,0.0,,30.0,Hastings District,Unknown,0.0,0.0,0.0,0.0,0.0,0.0,Open,0.0,0.0,0.0,Fine
209462,1931022.0,5613782.0,545831.0,0.0,0.0,2.0,Null,2002/2003,SH 50,PAKOWHAI ON SBD,Minor Crash,Yes,2003,South,0.0,,Flat,,,,,Bright sun,1404600.0,1.0,0.0,0.0,2.0,0.0,,,Hawke's Bay Region,Nil,2-way,Sealed,0.0,0.0,,100.0,,Null,0.0,0.0,,30.0,Hastings District,Traffic Signals,,,,,0.0,0.0,Open,0.0,,,Fine
530602,1929569.0,5605246.0,548200.0,0.0,0.0,3.0,South,2009/2010,HERETAUNGA ST WEST,NELSON ST NORTH,Non-Injury Crash,No,2010,North,0.0,,Flat,,,,,Overcast,1490700.0,0.0,0.0,0.0,2.0,0.0,,,Hawke's Bay Region,Nil,2-way,Sealed,0.0,0.0,,50.0,,Null,0.0,0.0,,30.0,Hastings District,Traffic Signals,,,,,0.0,0.0,Urban,0.0,,,Fine
469970,1926191.0,5604294.0,545842.0,0.0,0.0,1.0,South,2002/2003,MARAEKAKAHO ROAD,IRONGATE ROAD,Non-Injury Crash,No,2002,North,0.0,1.0,Flat,0.0,,0.0,0.0,Dark,1468903.0,0.0,0.0,0.0,2.0,0.0,0.0,,Hawke's Bay Region,Nil,2-way,Sealed,0.0,0.0,0.0,100.0,0.0,None,0.0,0.0,,30.0,Hastings District,Nil,0.0,0.0,0.0,0.0,0.0,0.0,Open,0.0,0.0,0.0,Fine
372095,1930719.0,5604314.0,548100.0,0.0,0.0,1.0,North,2003/2004,ST AUBYN ST EAST,SYLVAN ROAD,Non-Injury Crash,No,2004,South,0.0,1.0,Flat,0.0,,0.0,0.0,Bright sun,1500900.0,0.0,0.0,0.0,2.0,0.0,0.0,,Hawke's Bay Region,Nil,2-way,Sealed,0.0,0.0,0.0,50.0,0.0,Null,0.0,0.0,,30.0,Hastings District,Nil,0.0,0.0,0.0,1.0,0.0,0.0,Urban,0.0,0.0,0.0,Fine
687620,1910358.0,5664342.0,545911.0,0.0,0.0,0.0,West,2017/2018,SH 5,TE HAROTO ROAD,Minor Crash,Yes,2018,East,0.0,0.0,Hill Road,0.0,,0.0,0.0,Overcast,1414400.0,2.0,0.0,1.0,2.0,0.0,0.0,,Hawke's Bay Region,Nil,2-way,Sealed,0.0,0.0,0.0,100.0,0.0,Null,0.0,0.0,,30.0,Hastings District,Unknown,0.0,0.0,0.0,0.0,0.0,0.0,Open,0.0,0.0,0.0,Fine
574019,1929581.0,5604630.0,548200.0,0.0,0.0,1.0,South,2015/2016,SOUTHAMPTON ST EAST,RAILWAY ROAD,Non-Injury Crash,No,2016,North,0.0,,Hill Road,,,,,Bright sun,1491800.0,0.0,0.0,1.0,3.0,0.0,,,Hawke's Bay Region,Nil,2-way,Sealed,0.0,0.0,,50.0,,Null,0.0,0.0,,30.0,Hastings District,Nil,,,,,0.0,0.0,Urban,0.0,,,Fine
89210,1924943.7402,5608741.9211,545710.0,0.0,0.0,1.0,South,2019/2020,OMAHU ROAD,TWYFORD ROAD,Non-Injury Crash,No,2019,North,0.0,,Flat,,,,,Overcast,1470900.0,0.0,0.0,0.0,2.0,0.0,,,Hawke's Bay Region,Nil,2-way,Sealed,0.0,0.0,,70.0,,Null,0.0,0.0,,30.0,Hastings District,Nil,,,,,0.0,0.0,Urban,0.0,,,Fine
677731,1922341.0,5605138.0,545842.0,0.0,0.0,0.0,North,2012/2013,NGATARAWA ROAD,VALENTINE ROAD,Non-Injury Crash,No,2012,South,0.0,0.0,Flat,0.0,,0.0,0.0,Bright sun,1470210.0,0.0,0.0,0.0,2.0,0.0,0.0,,Hawke's Bay Region,Nil,2-way,Sealed,0.0,0.0,0.0,100.0,0.0,Null,0.0,0.0,,30.0,Hastings District,Nil,0.0,0.0,0.0,0.0,1.0,0.0,Open,0.0,0.0,0.0,Fine
475293,1906925.0,5615689.0,545821.0,0.0,0.0,1.0,East,2016/2017,CROWNTHORPE SETTLEMENT RO,CROWNTHORPE ROAD,Serious Crash,No,2016,West,0.0,1.0,Flat,0.0,,0.0,0.0,Bright sun,1410200.0,1.0,0.0,0.0,2.0,0.0,0.0,,Hawke's Bay Region,Nil,2-way,Sealed,0.0,1.0,0.0,100.0,0.0,Null,0.0,0.0,,30.0,Hastings District,Unknown,0.0,0.0,0.0,0.0,0.0,0.0,Open,0.0,0.0,0.0,Fine
419833,1929373.0,5605307.0,548200.0,0.0,0.0,2.0,Null,2013/2014,SOUTHLAND ROAD,EASTBOURNE ST WEST,Non-Injury Crash,No,2013,West,0.0,,Flat,,,,,Overcast,1488800.0,0.0,0.0,0.0,2.0,0.0,,,Hawke's Bay Region,Nil,2-way,Sealed,0.0,0.0,,50.0,,Null,0.0,0.0,,30.0,Hastings District,Give way,,,,,0.0,0.0,Urban,0.0,,,Light rain
582820,1935145.0,5648480.0,545911.0,0.0,0.0,0.0,North,2009/2010,SH 2,AROPAOANUI ROAD,Non-Injury Crash,Yes,2009,North,0.0,,Hill Road,,,,,Overcast,1415200.0,0.0,0.0,0.0,3.0,0.0,,,Hawke's Bay Region,Nil,2-way,Sealed,0.0,0.0,,100.0,,Null,0.0,0.0,,30.0,Hastings District,Nil,,,,,1.0,0.0,Open,1.0,,,Fine
360328,1935097.0,5606199.0,545750.0,0.0,0.0,1.0,South,2005/2006,TE MATA MANGATERETERE ROA,LAWN ROAD,Minor Crash,No,2005,South,0.0,,Flat,,,,,Bright sun,1406600.0,1.0,0.0,0.0,2.0,0.0,,,Hawke's Bay Region,Nil,2-way,Sealed,0.0,0.0,,100.0,,Null,0.0,0.0,,30.0,Hastings District,Nil,,,,,1.0,0.0,Open,0.0,,,Fine
613064,1930257.0,5604934.0,548200.0,0.0,0.0,2.0,Null,2004/2005,ST AUBYN ST EAST,WARREN ST NORTH,Non-Injury Crash,No,2005,East,0.0,,Flat,,,,,Overcast,1493501.0,0.0,0.0,0.0,2.0,0.0,,,Hawke's Bay Region,Nil,2-way,Sealed,0.0,0.0,,50.0,,Null,0.0,0.0,,30.0,Hastings District,Give way,,,,,0.0,0.0,Urban,0.0,,,Fine
505738,1929083.0,5605886.0,547700.0,0.0,0.0,1.0,West,2007/2008,HERETAUNGA ST WEST,TOWNSHEND ST,Non-Injury Crash,No,2007,West,0.0,,Flat,,,,,Overcast,1486800.0,0.0,0.0,0.0,2.0,0.0,,,Hawke's Bay Region,Nil,2-way,Sealed,0.0,0.0,,50.0,,Null,0.0,0.0,,30.0,Hastings District,Nil,,,,,0.0,0.0,Urban,1.0,,,Fine