OBJECTID,X,Y,areaUnitID,bicycle,bus,carStationWagon,crashDirectionDescription,crashFinancialYear,crashLocation1,crashLocation2,crashSeverity,crashSHDescription,crashYear,directionRoleDescription,fatalCount,fence,flatHill,guardRail,holiday,houseOrBuilding,kerb,light,meshblockId,minorInjuryCount,moped,motorcycle,NumberOfLanes,otherVehicleType,parkedVehicle,pedestrian,region,roadCharacter,roadLane,roadSurface,schoolBus,seriousInjuryCount,slipOrFlood,speedLimit,strayAnimal,streetLight,suv,taxi,temporarySpeedLimit,tlaId,tlaName,trafficControl,trafficIsland,trafficSign,train,tree,truck,unknownVehicleType,urban,vanOrUtility,vehicle,waterRiver,weatherA
74985,1930367.0,5604176.0,548300.0,1.0,0.0,1.0,Null,2011/2012,HERETAUNGA ST EAST,RIVERSLEA ROAD SOUTH,Minor Crash,No,2012,South,0.0,,Flat,,,,,Dark,1501600.0,1.0,0.0,0.0,2.0,0.0,,,Hawke's Bay Region,Nil,2-way,Sealed,0.0,0.0,,50.0,,On,0.0,0.0,,30.0,Hastings District,Stop,,,,,0.0,0.0,Urban,0.0,,,Fine
115359,1929851.0,5605275.0,548200.0,0.0,0.0,2.0,Null,2001/2002,AVENUE ROAD WEST,KING ST NORTH,Non-Injury Crash,No,2001,South,0.0,,Flat,,Christmas New Year,,,Bright sun,1490900.0,0.0,0.0,0.0,2.0,0.0,,,Hawke's Bay Region,Nil,2-way,Sealed,0.0,0.0,,50.0,,Null,0.0,0.0,,30.0,Hastings District,Give way,,,,,0.0,0.0,Urban,0.0,,,Fine
233087,1928509.0,5604648.0,547900.0,0.0,0.0,1.0,Null,2004/2005,SOUTHLAND ROAD,OLIPHANT ROAD,Non-Injury Crash,No,2004,South,0.0,,Flat,,,,,Bright sun,1482000.0,0.0,0.0,0.0,2.0,0.0,,,Hawke's Bay Region,Nil,2-way,Sealed,0.0,0.0,,50.0,,Null,0.0,0.0,,30.0,Hastings District,Give way,,,,,0.0,0.0,Urban,1.0,,,Fine
247558,1931476.0,5615017.0,545831.0,0.0,0.0,3.0,South,2015/2016,SH 50,MEEANEE ON SBD,Non-Injury Crash,Yes,2015,South,0.0,,Flat,,,,,Overcast,1404600.0,0.0,0.0,0.0,2.0,0.0,,,Hawke's Bay Region,Nil,2-way,Sealed,0.0,0.0,,100.0,,Null,0.0,0.0,,30.0,Hastings District,Nil,,,,,0.0,0.0,Open,1.0,,,Light rain
534474,1925555.0,5603145.0,545842.0,0.0,0.0,2.0,Null,2006/2007,SH 50A,LONGLANDS ROAD WEST,Non-Injury Crash,Yes,2006,North,0.0,,Flat,,,,,Bright sun,1470213.0,0.0,0.0,0.0,2.0,0.0,,,Hawke's Bay Region,Nil,2-way,Sealed,0.0,0.0,,100.0,,Null,0.0,0.0,,30.0,Hastings District,Give way,,,,,0.0,0.0,Open,0.0,,,Fine
294895,1936344.0,5611130.0,545730.0,0.0,0.0,2.0,South,2000/2001,SH 2,SCHOOL ROAD,Non-Injury Crash,Yes,2001,West,0.0,,Flat,,Queens Birthday,,,Bright sun,1404700.0,0.0,0.0,0.0,3.0,0.0,,,Hawke's Bay Region,Nil,2-way,Sealed,0.0,0.0,,50.0,,Null,0.0,0.0,,30.0,Hastings District,Nil,,,,,0.0,0.0,Urban,0.0,,,Fine
698820,1932251.0,5606182.0,545721.0,0.0,0.0,1.0,South,2001/2002,SH 2,BENNETT ROAD,Non-Injury Crash,Yes,2001,South,0.0,0.0,Flat,0.0,,0.0,0.0,Dark,1472300.0,0.0,0.0,0.0,2.0,0.0,0.0,,Hawke's Bay Region,Nil,2-way,Sealed,0.0,0.0,0.0,70.0,0.0,None,0.0,0.0,,30.0,Hastings District,Nil,0.0,0.0,0.0,0.0,0.0,0.0,Urban,0.0,0.0,0.0,Fine
90596,1929453.0,5604796.0,548200.0,0.0,0.0,2.0,Null,2001/2002,SOUTHAMPTON ST WEST,MARKET ST SOUTH,Minor Crash,No,2002,South,0.0,,Flat,,,,,Overcast,1489802.0,1.0,0.0,0.0,2.0,0.0,,,Hawke's Bay Region,Nil,2-way,Sealed,0.0,0.0,,50.0,,Null,0.0,0.0,,30.0,Hastings District,Give way,,,,,0.0,0.0,Urban,0.0,,,Fine
408571,1928447.0,5634307.0,545811.0,0.0,0.0,1.0,North,1999/2000,SH 5,MUNNS BR,Non-Injury Crash,Yes,2000,South,0.0,0.0,Flat,0.0,,0.0,0.0,Dark,1414700.0,0.0,0.0,0.0,2.0,0.0,0.0,,Hawke's Bay Region,Nil,2-way,Sealed,0.0,0.0,0.0,100.0,0.0,None,0.0,0.0,,30.0,Hastings District,Nil,0.0,0.0,0.0,0.0,0.0,0.0,Open,0.0,0.0,0.0,Light rain
464181,1931062.0,5607691.0,545721.0,0.0,0.0,1.0,East,2010/2011,RICHMOND ROAD,PAKOWHAI ROAD,Non-Injury Crash,No,2011,West,0.0,0.0,Flat,0.0,,1.0,0.0,Dark,1471500.0,0.0,0.0,0.0,2.0,0.0,0.0,,Hawke's Bay Region,Nil,2-way,Sealed,0.0,0.0,0.0,100.0,0.0,None,0.0,0.0,,30.0,Hastings District,Nil,0.0,0.0,0.0,0.0,0.0,0.0,Open,0.0,0.0,0.0,Fine
686445,1936382.0,5600763.0,548833.0,0.0,0.0,1.0,South,2015/2016,WAIMARAMA ROAD,MCLEAN ROAD,Non-Injury Crash,No,2015,North,0.0,1.0,Hill Road,0.0,,0.0,0.0,Dark,1466801.0,0.0,0.0,0.0,2.0,0.0,0.0,,Hawke's Bay Region,Nil,2-way,Sealed,0.0,0.0,0.0,80.0,0.0,None,0.0,0.0,,30.0,Hastings District,Nil,0.0,0.0,0.0,0.0,0.0,0.0,Open,0.0,0.0,0.0,Light rain
465257,1935318.0,5652805.0,545911.0,0.0,0.0,0.0,South,2018/2019,002-0608,MAHIARUHE STM BR,Fatal Crash,Yes,2018,West,1.0,0.0,Flat,0.0,,0.0,0.0,Overcast,1415200.0,0.0,0.0,1.0,2.0,0.0,0.0,,Hawke's Bay Region,Nil,2-way,Sealed,0.0,0.0,0.0,100.0,0.0,Null,0.0,0.0,,30.0,Hastings District,Unknown,0.0,1.0,0.0,0.0,0.0,0.0,Open,0.0,0.0,0.0,Fine
358656,1930761.0,5604258.0,548100.0,1.0,0.0,1.0,Null,2002/2003,ST AUBYN ST EAST,SYLVAN ROAD,Minor Crash,No,2003,North,0.0,,Flat,,,,,Overcast,1501300.0,1.0,0.0,0.0,2.0,0.0,,,Hawke's Bay Region,Nil,2-way,Sealed,0.0,0.0,,50.0,,Null,0.0,0.0,,30.0,Hastings District,Give way,,,,,0.0,0.0,Urban,0.0,,,Fine
565995,1928344.0,5606704.0,547800.0,0.0,0.0,1.0,East,2009/2010,OMAHU ROAD,CANNING ROAD,Minor Crash,No,2009,East,0.0,,Flat,,,,,Bright sun,1477400.0,1.0,0.0,0.0,2.0,0.0,,,Hawke's Bay Region,Nil,2-way,Sealed,0.0,0.0,,50.0,,Null,0.0,0.0,,30.0,Hastings District,Nil,,,,,0.0,0.0,Urban,1.0,,,Fine
269531,1930573.0,5610943.0,545832.0,0.0,0.0,1.0,North,2016/2017,SH 50A,EVENDEN ROAD,Minor Crash,Yes,2016,South,0.0,0.0,Flat,0.0,,0.0,0.0,Bright sun,1404400.0,1.0,0.0,0.0,2.0,0.0,0.0,,Hawke's Bay Region,Nil,2-way,Sealed,0.0,0.0,0.0,100.0,0.0,Null,0.0,0.0,,30.0,Hastings District,Unknown,0.0,0.0,0.0,0.0,1.0,0.0,Open,0.0,0.0,0.0,Fine
627330,1926291.6701,5606243.7959,545761.0,0.0,0.0,0.0,Null,2019/2020,YORK ROAD,HAWKES BAY EXPRESSWAY,Non-Injury Crash,No,2019,North,0.0,0.0,Flat,0.0,,0.0,0.0,Dark,1469905.0,0.0,0.0,0.0,2.0,0.0,0.0,,Hawke's Bay Region,Nil,2-way,Sealed,0.0,0.0,0.0,50.0,0.0,On,0.0,0.0,,30.0,Hastings District,Give way,0.0,0.0,0.0,0.0,0.0,0.0,Urban,1.0,0.0,0.0,Light rain
409858,1909493.6409,5667967.8399,545911.0,0.0,0.0,0.0,North,2018/2019,005-0190,KOWARO ROADWAY,Non-Injury Crash,Yes,2019,South,0.0,,Hill Road,,,,,Dark,1281200.0,0.0,0.0,0.0,2.0,0.0,,,Hawke's Bay Region,Nil,2-way,Sealed,0.0,0.0,,100.0,,None,0.0,0.0,,30.0,Hastings District,Unknown,,,,,1.0,0.0,Open,0.0,,,Light rain
613985,1927862.0,5607171.0,547800.0,0.0,0.0,2.0,North,2010/2011,OMAHU ROAD,STONYCROFT ST,Non-Injury Crash,No,2011,West,0.0,,Flat,,,,,Bright sun,1476600.0,0.0,0.0,0.0,2.0,0.0,,,Hawke's Bay Region,Nil,2-way,Sealed,0.0,0.0,,50.0,,Null,0.0,0.0,,30.0,Hastings District,Nil,,,,,0.0,0.0,Urban,0.0,,,Fine
127381,1931613.0,5608421.0,545710.0,0.0,0.0,2.0,Null,2005/2006,PAKOWHAI ROAD,ELWOOD ROAD,Non-Injury Crash,No,2006,South,0.0,,Flat,,,,,Overcast,1471100.0,0.0,0.0,0.0,2.0,0.0,,,Hawke's Bay Region,Nil,2-way,Sealed,0.0,0.0,,100.0,,Null,0.0,0.0,,30.0,Hastings District,Give way,,,,,0.0,0.0,Open,0.0,,,Light rain
378182,1928924.0,5603988.0,547900.0,0.0,0.0,2.0,South,2001/2002,RAILWAY ROAD,MURDOCH ROAD WEST,Minor Crash,No,2002,North,0.0,1.0,Flat,0.0,,0.0,0.0,Dark,1482500.0,1.0,0.0,0.0,2.0,0.0,0.0,,Hawke's Bay Region,Nil,2-way,Sealed,0.0,0.0,0.0,100.0,0.0,None,0.0,0.0,,30.0,Hastings District,Nil,0.0,0.0,0.0,0.0,0.0,0.0,Open,0.0,0.0,0.0,Fine
7347,1930891.7571,5605473.3612,548000.0,0.0,0.0,3.0,Null,2019/2020,KARAMU ROAD NORTH,DUCHESS CRESCENT,Non-Injury Crash,No,2019,North,0.0,,Flat,,,,,Bright sun,1497400.0,0.0,0.0,0.0,2.0,0.0,,,Hawke's Bay Region,Nil,2-way,Sealed,0.0,0.0,,50.0,,Off,0.0,0.0,,30.0,Hastings District,Nil,,,,,0.0,0.0,Urban,0.0,,,Fine
572125,1928232.0,5605370.0,547900.0,0.0,0.0,0.0,East,2004/2005,GORDON ROAD,KENNEDY ROAD,Non-Injury Crash,No,2004,West,0.0,0.0,Flat,0.0,,0.0,0.0,Bright sun,1480303.0,0.0,0.0,0.0,2.0,0.0,0.0,,Hawke's Bay Region,Nil,2-way,Sealed,0.0,0.0,0.0,50.0,0.0,Null,0.0,0.0,,30.0,Hastings District,Nil,0.0,0.0,0.0,0.0,1.0,0.0,Urban,0.0,0.0,0.0,Fine
115857,1930114.0,5605127.0,548200.0,0.0,0.0,2.0,Null,2003/2004,HOLT PLACE,ST AUBYN ST EAST,Non-Injury Crash,No,2003,South,0.0,,Flat,,Christmas New Year,,,Overcast,1494100.0,0.0,0.0,0.0,4.0,0.0,,,Hawke's Bay Region,Nil,2-way,Sealed,0.0,0.0,,50.0,,Null,0.0,0.0,,30.0,Hastings District,Give way,,,,,0.0,0.0,Urban,0.0,,,Fine
72643,1929081.0,5606504.0,547800.0,0.0,0.0,1.0,Null,2014/2015,ST AUBYN ST WEST,PAKOWHAI ROAD,Non-Injury Crash,No,2015,North,0.0,,Flat,,,,,Bright sun,1477500.0,0.0,0.0,0.0,2.0,0.0,,,Hawke's Bay Region,Nil,2-way,Sealed,0.0,0.0,,50.0,,Off,1.0,0.0,,30.0,Hastings District,Traffic Signals,,,,,0.0,0.0,Urban,0.0,,,Fine
169140,1930311.0,5604134.0,548300.0,0.0,0.0,2.0,South,2005/2006,RIVERSLEA ROAD SOUTH,HERETAUNGA ST EAST,Non-Injury Crash,No,2006,East,0.0,0.0,Flat,0.0,,0.0,0.0,Overcast,1501600.0,0.0,0.0,0.0,2.0,0.0,1.0,,Hawke's Bay Region,Nil,2-way,Sealed,0.0,0.0,0.0,50.0,0.0,Null,0.0,0.0,,30.0,Hastings District,Nil,0.0,0.0,0.0,0.0,0.0,0.0,Urban,0.0,0.0,0.0,Fine
189867,1922935.0,5621048.0,545821.0,0.0,0.0,1.0,East,2007/2008,DARTMOOR ROAD,APLEY ROAD,Non-Injury Crash,No,2007,East,0.0,1.0,Flat,0.0,,0.0,0.0,Dark,1411400.0,0.0,0.0,0.0,3.0,0.0,0.0,,Hawke's Bay Region,Nil,2-way,Sealed,0.0,0.0,0.0,100.0,0.0,None,0.0,0.0,,30.0,Hastings District,Nil,0.0,0.0,0.0,0.0,0.0,0.0,Open,0.0,0.0,0.0,Fine
477049,1923352.0,5610218.0,545710.0,0.0,0.0,1.0,Null,2017/2018,SH 50,OMAHU ROAD,Non-Injury Crash,Yes,2018,North,0.0,,Flat,,,,,Overcast,1470500.0,0.0,0.0,0.0,2.0,0.0,,,Hawke's Bay Region,Nil,2-way,Sealed,0.0,0.0,,100.0,,Null,0.0,0.0,,30.0,Hastings District,Give way,,,,,0.0,0.0,Open,1.0,,,Fine
422255,1931294.0,5605188.0,548000.0,1.0,0.0,0.0,Null,2013/2014,GROVE ROAD,WILLOWPARK ROAD NORTH,Non-Injury Crash,No,2013,North,0.0,,Flat,,,,,Overcast,1496800.0,0.0,0.0,0.0,2.0,0.0,,,Hawke's Bay Region,Nil,2-way,Sealed,0.0,0.0,,50.0,,Off,1.0,0.0,,30.0,Hastings District,Give way,,,,,0.0,0.0,Urban,0.0,,,Fine
553492,1927082.0,5605420.0,545761.0,0.0,0.0,1.0,North,2016/2017,YORK ROAD,MARAEKAKAHO ROAD,Non-Injury Crash,No,2017,North,0.0,,Flat,,,,,Overcast,1470102.0,0.0,0.0,0.0,2.0,0.0,,,Hawke's Bay Region,Nil,2-way,Sealed,0.0,0.0,,100.0,,Null,1.0,0.0,,30.0,Hastings District,Nil,,,,,0.0,0.0,Open,0.0,,,Heavy rain
646910,1918938.8764,5647743.6637,545811.0,0.0,0.0,0.0,South,2020/2021,SH 5,OHURAKURA ROAD,Minor Crash,Yes,2020,South,0.0,1.0,Hill Road,0.0,,0.0,0.0,Bright sun,1414700.0,2.0,0.0,0.0,2.0,0.0,0.0,,Hawke's Bay Region,Nil,2-way,Sealed,0.0,0.0,0.0,100.0,0.0,None,0.0,0.0,,30.0,Hastings District,Nil,0.0,0.0,0.0,0.0,0.0,0.0,Open,1.0,0.0,0.0,Fine
698536,1938260.0,5608259.0,545740.0,0.0,0.0,2.0,Null,2000/2001,HAUMOANA ROAD,PARKHILL ROAD,Non-Injury Crash,No,2001,South,0.0,,Flat,,,,,Dark,1407300.0,0.0,0.0,0.0,2.0,0.0,,,Hawke's Bay Region,Nil,2-way,Sealed,0.0,0.0,,100.0,,On,0.0,0.0,,30.0,Hastings District,Give way,,,,,0.0,0.0,Open,0.0,,,Fine
652479,1929872.0,5604845.0,548200.0,0.0,0.0,2.0,West,2004/2005,HERETAUNGA ST EAST,KARAMU ROAD NORTH,Non-Injury Crash,No,2005,West,0.0,,Flat,,,,,Dark,1492100.0,0.0,0.0,0.0,2.0,0.0,,,Hawke's Bay Region,Nil,2-way,Sealed,0.0,0.0,,50.0,,On,0.0,0.0,,30.0,Hastings District,Nil,,,,,0.0,0.0,Urban,0.0,,,Fine
698524,1931411.0,5614868.0,545831.0,0.0,0.0,1.0,Null,2011/2012,SH 50,TUTAEKURI BR S,Non-Injury Crash,Yes,2011,South,0.0,,Flat,,,,,Bright sun,1404600.0,0.0,0.0,0.0,2.0,0.0,,,Hawke's Bay Region,Bridge,2-way,Sealed,0.0,0.0,,100.0,,Null,1.0,0.0,,30.0,Hastings District,Nil,,,,,0.0,0.0,Open,0.0,,,Fine
724826,1928678.0,5609906.0,545710.0,0.0,0.0,1.0,Null,2002/2003,RAUPARE ROAD,EVENDEN ROAD,Non-Injury Crash,No,2002,South,0.0,1.0,Flat,0.0,,0.0,0.0,Overcast,1470700.0,0.0,0.0,0.0,2.0,0.0,0.0,,Hawke's Bay Region,Nil,2-way,Sealed,0.0,0.0,0.0,100.0,0.0,None,0.0,0.0,,30.0,Hastings District,Give way,0.0,0.0,0.0,0.0,0.0,0.0,Open,0.0,0.0,0.0,Fine
251891,1927575.0,5614724.0,545831.0,0.0,0.0,1.0,West,2002/2003,OMARUNUI ROAD,SH 50,Non-Injury Crash,No,2003,South,0.0,1.0,Flat,0.0,,0.0,0.0,Overcast,1409400.0,0.0,0.0,0.0,2.0,0.0,0.0,,Hawke's Bay Region,Nil,2-way,Sealed,0.0,0.0,0.0,100.0,0.0,Null,0.0,0.0,,30.0,Hastings District,Nil,0.0,0.0,0.0,0.0,0.0,0.0,Open,0.0,0.0,0.0,Fine
445556,1925886.0,5606187.0,548620.0,0.0,0.0,2.0,East,2005/2006,LORNE CRESCENT,DUNDEE DRIVE,Non-Injury Crash,No,2005,South,0.0,1.0,Flat,0.0,,1.0,0.0,Dark,1475800.0,0.0,0.0,0.0,2.0,0.0,1.0,,Hawke's Bay Region,Nil,2-way,Sealed,0.0,0.0,0.0,50.0,0.0,On,0.0,0.0,,30.0,Hastings District,Nil,0.0,0.0,0.0,0.0,0.0,0.0,Urban,0.0,0.0,0.0,Fine
250872,1934277.0,5601717.0,548832.0,0.0,1.0,1.0,South,2016/2017,EVEREST AVENUE,TE MATA ROAD,Minor Crash,No,2017,South,0.0,,Hill Road,,,,,Overcast,1510700.0,1.0,0.0,0.0,2.0,0.0,,,Hawke's Bay Region,Nil,2-way,Sealed,0.0,0.0,,50.0,,Off,0.0,0.0,,30.0,Hastings District,Unknown,,,,,0.0,0.0,Urban,0.0,,,Fine
379838,1929840.0,5605090.0,548200.0,0.0,0.0,2.0,Null,2003/2004,QUEEN ST WEST,MARKET ST NORTH,Non-Injury Crash,No,2004,North,0.0,,Flat,,,,,Overcast,1491300.0,0.0,0.0,0.0,4.0,0.0,,,Hawke's Bay Region,Nil,2-way,Sealed,0.0,0.0,,50.0,,Null,0.0,0.0,,30.0,Hastings District,Traffic Signals,,,,,0.0,0.0,Urban,0.0,,,Fine
234519,1922426.0,5617441.0,545821.0,0.0,0.0,0.0,South,2017/2018,MOTEO PA ROAD,ROADWAY,Minor Crash,No,2017,North,0.0,0.0,Flat,0.0,,0.0,0.0,Dark,1408500.0,1.0,0.0,0.0,2.0,0.0,0.0,,Hawke's Bay Region,Nil,2-way,Sealed,0.0,0.0,0.0,100.0,0.0,None,0.0,0.0,,30.0,Hastings District,Unknown,0.0,0.0,0.0,1.0,0.0,0.0,Open,1.0,0.0,0.0,Fine
639961,1918302.0,5614959.0,545821.0,0.0,0.0,1.0,Null,2014/2015,TAIHAPE ROAD,KAWERA ROAD,Non-Injury Crash,No,2014,East,0.0,0.0,Flat,0.0,,0.0,0.0,Bright sun,1408401.0,0.0,0.0,0.0,2.0,0.0,0.0,,Hawke's Bay Region,Nil,2-way,Sealed,0.0,0.0,0.0,100.0,0.0,Null,0.0,0.0,,30.0,Hastings District,Nil,0.0,0.0,0.0,0.0,0.0,0.0,Open,0.0,0.0,0.0,Fine
417424,1929093.0,5600868.0,545762.0,0.0,0.0,1.0,East,2005/2006,TE AUTE ROAD,LONGLANDS ROAD EAST,Non-Injury Crash,No,2005,West,0.0,1.0,Flat,0.0,,0.0,0.0,Dark,1465300.0,0.0,0.0,0.0,2.0,0.0,0.0,,Hawke's Bay Region,Nil,2-way,Sealed,0.0,0.0,0.0,100.0,0.0,None,0.0,0.0,,30.0,Hastings District,Nil,0.0,0.0,0.0,1.0,0.0,0.0,Open,0.0,0.0,0.0,Fine
146501,1932413.0,5601965.0,548831.0,0.0,0.0,3.0,South,2013/2014,HAVELOCK ROAD,KARANEMA DRIVE,Non-Injury Crash,No,2013,South,0.0,,Flat,,,,,Bright sun,1509600.0,0.0,0.0,0.0,2.0,0.0,,,Hawke's Bay Region,Nil,2-way,Sealed,0.0,0.0,,50.0,,Null,0.0,0.0,,30.0,Hastings District,Nil,,,,,0.0,0.0,Urban,0.0,,,Fine
341953,1929584.0,5600691.0,545762.0,0.0,0.0,1.0,Null,2011/2012,TE AUTE ROAD,ST GEORGES ROAD,Non-Injury Crash,No,2011,South,0.0,,Flat,,,,,Bright sun,1465300.0,0.0,0.0,0.0,2.0,0.0,,,Hawke's Bay Region,Nil,2-way,Sealed,0.0,0.0,,50.0,,Null,0.0,0.0,,30.0,Hastings District,Give way,,,,,1.0,0.0,Urban,0.0,,,Fine
627220,1927309.0,5607629.0,548400.0,0.0,0.0,0.0,Null,2010/2011,Z FCT JOHN BATES GARAGE,OMAHU/WILSON,Non-Injury Crash,No,2010,South,0.0,0.0,Flat,0.0,,0.0,0.0,Overcast,1473500.0,0.0,0.0,0.0,0.0,0.0,0.0,,Hawke's Bay Region,Nil,Off road,Sealed,0.0,0.0,0.0,50.0,0.0,Null,0.0,0.0,,30.0,Hastings District,Nil,0.0,0.0,0.0,0.0,1.0,0.0,Urban,0.0,0.0,0.0,Fine
595568,1931820.0,5602617.0,545762.0,1.0,0.0,1.0,West,2002/2003,HAVELOCK ROAD,ST ANDREWS ROAD,Minor Crash,No,2002,East,0.0,,Flat,,,,,Bright sun,1468600.0,1.0,0.0,0.0,2.0,0.0,,,Hawke's Bay Region,Nil,2-way,Sealed,0.0,0.0,,70.0,,Null,0.0,0.0,,30.0,Hastings District,Nil,,,,,0.0,0.0,Urban,0.0,,,Fine
244371,1934630.0,5641228.0,545811.0,0.0,0.0,1.0,North,2018/2019,SH 2,TE NGARU BR,Non-Injury Crash,Yes,2018,North,0.0,,Hill Road,,,,,Overcast,1415600.0,0.0,0.0,0.0,2.0,0.0,,,Hawke's Bay Region,Nil,2-way,Sealed,0.0,0.0,,100.0,,Null,0.0,0.0,,30.0,Hastings District,Unknown,,,,,0.0,0.0,Open,0.0,,,Mist or Fog
731174,1932725.0,5601813.0,548831.0,1.0,0.0,1.0,South,2008/2009,NAPIER ROAD,KARANEMA DRIVE,Minor Crash,No,2009,South,0.0,,Flat,,,,,Overcast,1509700.0,1.0,0.0,0.0,2.0,0.0,,,Hawke's Bay Region,Nil,2-way,Sealed,0.0,0.0,,50.0,,Null,0.0,0.0,,30.0,Hastings District,Nil,,,,,0.0,0.0,Urban,0.0,,,Fine
477604,1927538.0,5607470.0,548400.0,0.0,0.0,2.0,West,2003/2004,OMAHU ROAD,SH 50A,Minor Crash,No,2004,West,0.0,,Flat,,,,,Overcast,1473600.0,1.0,0.0,0.0,2.0,0.0,,,Hawke's Bay Region,Nil,2-way,Sealed,0.0,0.0,,50.0,,Null,0.0,0.0,,30.0,Hastings District,Nil,,,,,0.0,0.0,Urban,0.0,,,Fine
614801,1929984.0,5607185.0,545710.0,0.0,0.0,1.0,Null,2014/2015,PAKOWHAI ROAD,FREDERICK ST,Minor Crash,No,2015,South,0.0,,Flat,,,,,Bright sun,1471300.0,1.0,0.0,0.0,2.0,0.0,,,Hawke's Bay Region,Nil,2-way,Sealed,0.0,0.0,,50.0,,Null,0.0,0.0,,30.0,Hastings District,Give way,,,,,1.0,0.0,Urban,0.0,,,Fine
586107,1929009.0,5604080.0,547900.0,0.0,0.0,0.0,Null,2004/2005,RAILWAY ROAD,GASCOIGNE ST,Non-Injury Crash,No,2005,South,0.0,,Flat,,,,,Dark,1482400.0,0.0,0.0,0.0,2.0,0.0,,,Hawke's Bay Region,Nil,2-way,Unsealed,0.0,0.0,,70.0,,On,1.0,0.0,30.0,30.0,Hastings District,Stop,,,,,0.0,0.0,Urban,0.0,,,Fine
198171,1929634.0,5605762.0,548200.0,0.0,0.0,2.0,Null,2003/2004,TOMOANA ROAD,ST AUBYN ST WEST,Non-Injury Crash,No,2004,East,0.0,,Flat,,,,,Overcast,1490300.0,0.0,0.0,0.0,4.0,0.0,,,Hawke's Bay Region,Nil,2-way,Sealed,0.0,0.0,,50.0,,Null,0.0,0.0,,30.0,Hastings District,Traffic Signals,,,,,0.0,0.0,Urban,0.0,,,Light rain
632305,1930912.0,5607891.0,545710.0,0.0,0.0,1.0,Null,2007/2008,PAKOWHAI ROAD,RICHMOND ROAD,Minor Crash,No,2007,South,0.0,,Flat,,,,,Bright sun,1471100.0,1.0,0.0,0.0,2.0,0.0,,,Hawke's Bay Region,Nil,2-way,Sealed,0.0,0.0,,70.0,,Null,1.0,0.0,,30.0,Hastings District,Give way,,,,,0.0,0.0,Urban,0.0,,,Fine
138684,1929344.0,5605544.0,547700.0,0.0,0.0,2.0,Null,2004/2005,HERETAUNGA ST WEST,TOMOANA ROAD,Minor Crash,No,2005,East,0.0,0.0,Flat,0.0,,0.0,0.0,Twilight,1487900.0,1.0,0.0,0.0,2.0,0.0,0.0,,Hawke's Bay Region,Nil,2-way,Sealed,0.0,0.0,0.0,50.0,0.0,On,0.0,0.0,,30.0,Hastings District,Give way,1.0,0.0,0.0,0.0,0.0,0.0,Urban,0.0,0.0,0.0,Fine
127440,1932484.0,5601542.0,548821.0,0.0,0.0,1.0,South,2002/2003,MIDDLE ROAD,PORTER DRIVE,Non-Injury Crash,No,2002,North,0.0,0.0,Flat,0.0,,0.0,0.0,Bright sun,1507001.0,0.0,0.0,0.0,2.0,0.0,1.0,,Hawke's Bay Region,Nil,2-way,Sealed,0.0,0.0,0.0,50.0,0.0,Null,0.0,0.0,,30.0,Hastings District,Nil,0.0,0.0,0.0,0.0,1.0,0.0,Urban,0.0,0.0,0.0,Fine
158710,1927832.0,5607590.0,545710.0,0.0,0.0,1.0,North,2012/2013,SH 50A,OMAHU ROAD,Non-Injury Crash,Yes,2012,South,0.0,,Flat,,,,,Bright sun,1471201.0,0.0,0.0,0.0,2.0,0.0,,,Hawke's Bay Region,Nil,2-way,Sealed,0.0,0.0,,100.0,,Null,1.0,0.0,,30.0,Hastings District,Nil,,,,,0.0,0.0,Open,0.0,,,Fine
632738,1924917.0,5601429.0,545851.0,0.0,0.0,1.0,South,2016/2017,SH 50A,MANGAROA ROAD,Non-Injury Crash,Yes,2016,South,0.0,1.0,Flat,0.0,,0.0,0.0,Dark,1463500.0,0.0,0.0,0.0,2.0,0.0,0.0,,Hawke's Bay Region,Nil,2-way,Sealed,0.0,0.0,0.0,100.0,0.0,None,0.0,0.0,,30.0,Hastings District,Unknown,0.0,0.0,0.0,0.0,0.0,0.0,Open,0.0,0.0,0.0,Fine
707442,1906253.0972,5603877.0042,545841.0,0.0,0.0,0.0,North,2020/2021,SH 50,BEN LOMOND BR,Minor Crash,Yes,2020,South,0.0,0.0,Hill Road,0.0,,0.0,0.0,Dark,1462700.0,1.0,0.0,0.0,2.0,0.0,0.0,,Hawke's Bay Region,Nil,2-way,Sealed,0.0,0.0,0.0,110.0,0.0,None,1.0,0.0,,30.0,Hastings District,Nil,0.0,0.0,0.0,0.0,0.0,0.0,Open,0.0,0.0,0.0,Fine
88,1910028.8156,5604683.0548,545841.0,0.0,0.0,1.0,West,2018/2019,050-0033,WHAKAPIRAU ROAD,Non-Injury Crash,Yes,2018,West,0.0,1.0,Hill Road,0.0,,0.0,0.0,Twilight,1462700.0,0.0,0.0,0.0,2.0,0.0,0.0,,Hawke's Bay Region,Nil,2-way,Sealed,0.0,0.0,0.0,100.0,0.0,None,0.0,0.0,,30.0,Hastings District,Unknown,0.0,0.0,0.0,1.0,0.0,0.0,Open,0.0,0.0,0.0,Light rain
510672,1931039.0,5613838.0,545831.0,0.0,0.0,2.0,North,2004/2005,SH 50,PAKOWHAI ON SBD,Non-Injury Crash,Yes,2005,North,0.0,,Flat,,,,,Bright sun,1404600.0,0.0,0.0,0.0,3.0,0.0,,,Hawke's Bay Region,Nil,2-way,Sealed,0.0,0.0,,100.0,,Null,0.0,0.0,,30.0,Hastings District,Nil,,,,,0.0,0.0,Open,0.0,,,Fine