OBJECTID,X,Y,areaUnitID,bicycle,bus,carStationWagon,crashDirectionDescription,crashFinancialYear,crashLocation1,crashLocation2,crashSeverity,crashSHDescription,crashYear,directionRoleDescription,fatalCount,fence,flatHill,guardRail,holiday,houseOrBuilding,kerb,light,meshblockId,minorInjuryCount,moped,motorcycle,NumberOfLanes,otherVehicleType,parkedVehicle,pedestrian,region,roadCharacter,roadLane,roadSurface,schoolBus,seriousInjuryCount,slipOrFlood,speedLimit,strayAnimal,streetLight,suv,taxi,temporarySpeedLimit,tlaId,tlaName,trafficControl,trafficIsland,trafficSign,train,tree,truck,unknownVehicleType,urban,vanOrUtility,vehicle,waterRiver,weatherA
167582,1930029.3177,5605038.6266,548200.0,0.0,0.0,1.0,South,2019/2020,AVENUE ROAD EAST,RUSSELL STREET NORTH,Non-Injury Crash,No,2019,Null,0.0,,Flat,,,,,Overcast,1492300.0,0.0,0.0,0.0,2.0,0.0,,,Hawke's Bay Region,Nil,2-way,Sealed,0.0,0.0,,50.0,,Off,0.0,0.0,,30.0,Hastings District,Unknown,,,,,0.0,0.0,Urban,0.0,,,Fine
329123,1930226.0,5604367.0,548300.0,0.0,0.0,2.0,Null,2000/2001,HERETAUNGA ST EAST,WILLOWPARK ROAD NORTH,Non-Injury Crash,No,2001,North,0.0,,Flat,,,,,Bright sun,1501500.0,0.0,0.0,0.0,4.0,0.0,,,Hawke's Bay Region,Nil,2-way,Sealed,0.0,0.0,,50.0,,Null,0.0,0.0,,30.0,Hastings District,Traffic Signals,,,,,0.0,0.0,Urban,0.0,,,Fine
401508,1929549.0,5604672.0,548200.0,0.0,0.0,2.0,Null,2012/2013,RAILWAY ROAD,SOUTHAMPTON ST WEST,Non-Injury Crash,No,2013,South,0.0,,Flat,,,,,Bright sun,1489700.0,0.0,0.0,0.0,2.0,0.0,,,Hawke's Bay Region,Nil,2-way,Sealed,0.0,0.0,,50.0,,Null,0.0,0.0,,30.0,Hastings District,Traffic Signals,,,,,0.0,0.0,Urban,0.0,,,Fine
200534,1923747.0,5607930.0,548611.0,0.0,0.0,1.0,Null,2007/2008,BANGOR AVENUE,RAMSEY CRESCENT,Non-Injury Crash,No,2008,East,0.0,1.0,Flat,0.0,,0.0,0.0,Dark,1470315.0,0.0,0.0,0.0,2.0,0.0,0.0,,Hawke's Bay Region,Nil,2-way,Sealed,0.0,0.0,0.0,50.0,0.0,Off,0.0,0.0,,30.0,Hastings District,Nil,0.0,0.0,0.0,0.0,0.0,0.0,Urban,0.0,0.0,0.0,Fine
415330,1924403.0,5607959.0,548611.0,0.0,0.0,2.0,West,2017/2018,FLAXMERE AVENUE,DIAZ DRIVE,Non-Injury Crash,No,2018,West,0.0,,Flat,,,,,Bright sun,1470316.0,0.0,0.0,0.0,1.0,0.0,,,Hawke's Bay Region,Nil,1-way,Sealed,0.0,0.0,,50.0,,Null,0.0,0.0,,30.0,Hastings District,Nil,,,,,0.0,0.0,Urban,0.0,,,Fine
67302,1932477.0,5610417.0,545832.0,0.0,0.0,1.0,Null,2007/2008,PAKOWHAI ROAD,HODGSON ROAD,Non-Injury Crash,No,2008,South,0.0,,Flat,,,,,Bright sun,1404100.0,0.0,0.0,0.0,2.0,1.0,,,Hawke's Bay Region,Nil,2-way,Sealed,0.0,0.0,,100.0,,Null,0.0,0.0,,30.0,Hastings District,Give way,,,,,0.0,0.0,Open,0.0,,,Fine
738671,1930485.0,5606405.0,547600.0,1.0,0.0,2.0,Null,2017/2018,FREDERICK ST,TOMOANA ROAD,Minor Crash,No,2017,North,0.0,,Flat,,,,,Bright sun,1483800.0,1.0,0.0,0.0,2.0,0.0,,,Hawke's Bay Region,Nil,2-way,Sealed,0.0,0.0,,50.0,,Null,0.0,0.0,,30.0,Hastings District,Traffic Signals,,,,,0.0,0.0,Urban,0.0,,,Fine
288473,1933605.0,5603680.0,545750.0,0.0,0.0,1.0,North,2008/2009,NAPIER ROAD,THOMPSON ROAD,Non-Injury Crash,No,2009,North,0.0,1.0,Flat,0.0,Queens Birthday,0.0,0.0,Dark,1406600.0,0.0,0.0,0.0,2.0,0.0,0.0,,Hawke's Bay Region,Nil,2-way,Sealed,0.0,0.0,0.0,100.0,0.0,None,0.0,0.0,,30.0,Hastings District,Nil,0.0,0.0,0.0,1.0,0.0,0.0,Open,0.0,0.0,0.0,Light rain
91594,1928948.0,5606066.0,547700.0,0.0,0.0,1.0,West,2009/2010,HERETAUNGA ST WEST,DAVIS ST,Non-Injury Crash,No,2010,East,0.0,,Flat,,,,,Overcast,1486000.0,0.0,0.0,0.0,2.0,0.0,,,Hawke's Bay Region,Nil,2-way,Sealed,0.0,0.0,,50.0,,Null,0.0,0.0,,30.0,Hastings District,Nil,,,,,0.0,0.0,Urban,1.0,,,Fine
521622,1936042.0,5595169.0,545860.0,0.0,0.0,1.0,South,2008/2009,KAHURANAKI ROAD,WAIMARAMA ROAD,Non-Injury Crash,No,2009,North,0.0,1.0,Flat,0.0,,0.0,0.0,Overcast,1467400.0,0.0,0.0,0.0,2.0,0.0,0.0,,Hawke's Bay Region,Nil,2-way,Sealed,0.0,0.0,0.0,100.0,0.0,Null,0.0,0.0,,30.0,Hastings District,Nil,0.0,0.0,0.0,0.0,0.0,0.0,Open,0.0,0.0,0.0,Light rain
610447,1929179.0,5605159.0,548200.0,0.0,0.0,1.0,Null,2003/2004,SOUTHAMPTON ST WEST,SOUTHLAND ROAD,Non-Injury Crash,No,2003,West,0.0,,Flat,,,,,Overcast,1488600.0,0.0,0.0,0.0,2.0,0.0,,,Hawke's Bay Region,Nil,2-way,Sealed,0.0,0.0,,50.0,,Null,0.0,0.0,,30.0,Hastings District,Give way,,,,,0.0,0.0,Urban,1.0,,,Light rain
259531,1934240.0,5607461.0,545722.0,0.0,0.0,2.0,Null,2015/2016,PILCHER ROAD,SH 2,Non-Injury Crash,Yes,2015,West,0.0,,Flat,,,,,Overcast,1406300.0,0.0,0.0,0.0,2.0,0.0,,,Hawke's Bay Region,Nil,2-way,Sealed,0.0,0.0,,80.0,,Off,0.0,0.0,,30.0,Hastings District,Stop,,,,,0.0,0.0,Open,0.0,,,Heavy rain
247451,1936273.0,5611090.0,545730.0,0.0,0.0,2.0,West,2007/2008,SH 2,WILLIAMSON ROAD,Non-Injury Crash,Yes,2008,North,0.0,,Flat,,,,,Bright sun,1405500.0,0.0,0.0,0.0,2.0,0.0,,,Hawke's Bay Region,Nil,2-way,Sealed,0.0,0.0,,50.0,,Null,0.0,0.0,,30.0,Hastings District,Nil,,,,,0.0,0.0,Urban,0.0,,,Fine
152267,1930913.1519999998,5605119.8526,548000.0,0.0,0.0,2.0,North,2019/2020,JERVOIS STREET,MILLER STREET,Non-Injury Crash,No,2019,South,0.0,,Flat,,,,,Overcast,1497600.0,0.0,0.0,0.0,2.0,0.0,,,Hawke's Bay Region,Nil,2-way,Sealed,0.0,0.0,,50.0,,Off,0.0,0.0,,30.0,Hastings District,Nil,,,,,0.0,0.0,Urban,0.0,,,Light rain
175175,1925459.0,5605765.0,545842.0,0.0,0.0,1.0,South,2013/2014,STOCK ROAD,PORTSMOUTH ROAD,Non-Injury Crash,No,2014,North,0.0,,Flat,,,,,Bright sun,1470207.0,0.0,0.0,0.0,2.0,0.0,,,Hawke's Bay Region,Nil,2-way,Sealed,0.0,0.0,,50.0,,None,0.0,0.0,,30.0,Hastings District,Nil,,,,,0.0,0.0,Urban,1.0,,,Fine
227976,1930289.0,5604959.0,548200.0,0.0,0.0,2.0,North,2017/2018,WARREN ST NORTH,ST AUBYN ST EAST,Non-Injury Crash,No,2017,North,0.0,,Flat,,,,,Overcast,1494400.0,0.0,0.0,0.0,2.0,0.0,,,Hawke's Bay Region,Nil,2-way,Sealed,0.0,0.0,,50.0,,Null,0.0,0.0,,30.0,Hastings District,Nil,,,,,0.0,0.0,Urban,0.0,,,Fine
21922,1929393.0,5603396.0,548300.0,0.0,0.0,1.0,Null,2001/2002,RIVERSLEA ROAD SOUTH,MURDOCH ROAD EAST,Non-Injury Crash,No,2001,East,0.0,0.0,Flat,0.0,,0.0,0.0,Dark,1503800.0,0.0,0.0,0.0,2.0,0.0,0.0,,Hawke's Bay Region,Nil,2-way,Sealed,0.0,0.0,0.0,50.0,0.0,On,0.0,0.0,,30.0,Hastings District,Give way,0.0,0.0,0.0,0.0,0.0,0.0,Urban,0.0,0.0,0.0,Light rain
469971,1929082.0,5606504.0,547700.0,1.0,0.0,1.0,Null,2007/2008,ST AUBYN ST WEST,PAKOWHAI ROAD,Minor Crash,No,2007,West,0.0,,Flat,,,,,Dark,1485900.0,1.0,0.0,0.0,4.0,0.0,,,Hawke's Bay Region,Nil,2-way,Sealed,0.0,0.0,,50.0,,On,0.0,0.0,,30.0,Hastings District,Traffic Signals,,,,,0.0,0.0,Urban,0.0,,,Fine
566895,1932771.0,5608541.0,545722.0,0.0,0.0,2.0,East,2015/2016,WHAKATU ROAD,RUAHAPIA ROAD,Non-Injury Crash,No,2016,East,0.0,,Flat,,,,,Bright sun,1405700.0,0.0,0.0,0.0,2.0,0.0,,,Hawke's Bay Region,Nil,2-way,Sealed,0.0,0.0,,80.0,,Null,0.0,0.0,,30.0,Hastings District,Nil,,,,,0.0,0.0,Open,0.0,,,Fine
121003,1928842.0,5603900.0,547900.0,0.0,0.0,1.0,Null,2002/2003,RAILWAY ROAD,MURDOCH ROAD WEST,Serious Crash,No,2002,North,0.0,1.0,Flat,0.0,,0.0,0.0,Bright sun,1482600.0,0.0,0.0,0.0,2.0,0.0,0.0,,Hawke's Bay Region,Nil,2-way,Sealed,0.0,1.0,0.0,70.0,0.0,Null,0.0,0.0,,30.0,Hastings District,Stop,0.0,0.0,0.0,0.0,1.0,0.0,Urban,0.0,0.0,0.0,Fine
569281,1911322.0,5663736.0,545911.0,0.0,0.0,1.0,South,2009/2010,SH 5,TE HAROTO ROAD,Minor Crash,Yes,2010,North,0.0,0.0,Hill Road,0.0,,0.0,0.0,Twilight,1414400.0,1.0,0.0,0.0,2.0,0.0,0.0,,Hawke's Bay Region,Nil,2-way,Sealed,0.0,0.0,0.0,100.0,0.0,Off,0.0,0.0,,30.0,Hastings District,Nil,0.0,0.0,0.0,0.0,0.0,0.0,Open,0.0,0.0,0.0,Light rain
664559,1928842.0,5603900.0,547900.0,0.0,0.0,2.0,Null,2002/2003,RAILWAY ROAD,MURDOCH ROAD WEST,Non-Injury Crash,No,2002,North,0.0,,Flat,,,,,Dark,1482600.0,0.0,0.0,0.0,2.0,0.0,,,Hawke's Bay Region,Rail xing,2-way,Sealed,0.0,0.0,,70.0,,On,0.0,0.0,,30.0,Hastings District,Stop,,,,,0.0,0.0,Urban,0.0,,,Light rain
368317,1934365.0,5646523.0,545911.0,0.0,0.0,0.0,North,2000/2001,SH 2,DEVILS ELBOW,Non-Injury Crash,Yes,2000,West,0.0,0.0,Hill Road,0.0,,0.0,0.0,Overcast,1415400.0,0.0,0.0,0.0,2.0,0.0,0.0,,Hawke's Bay Region,Nil,2-way,Sealed,0.0,0.0,0.0,100.0,0.0,None,0.0,0.0,,30.0,Hastings District,Nil,0.0,0.0,0.0,0.0,0.0,0.0,Open,1.0,0.0,0.0,Mist or Fog
221302,1931039.0,5605564.0,548000.0,0.0,0.0,1.0,Null,2003/2004,KARAMU ROAD NORTH,FREDERICK ST,Non-Injury Crash,No,2004,South,0.0,,Flat,,Queens Birthday,,,Bright sun,1497100.0,0.0,0.0,0.0,4.0,0.0,,,Hawke's Bay Region,Nil,2-way,Sealed,0.0,0.0,,50.0,,Null,0.0,0.0,,30.0,Hastings District,Traffic Signals,,,,,0.0,0.0,Urban,1.0,,,Fine
46528,1926820.0,5605775.0,545761.0,0.0,0.0,1.0,South,2015/2016,YORK ROAD,MARAEKAKAHO ROAD,Non-Injury Crash,No,2015,South,0.0,0.0,Flat,0.0,,0.0,0.0,Overcast,1469905.0,0.0,0.0,0.0,2.0,0.0,0.0,,Hawke's Bay Region,Nil,2-way,Sealed,0.0,0.0,0.0,100.0,0.0,None,0.0,0.0,,30.0,Hastings District,Nil,0.0,0.0,0.0,0.0,0.0,0.0,Open,0.0,0.0,0.0,Light rain
552901,1929878.0,5605947.0,547700.0,0.0,0.0,2.0,Null,2012/2013,TOMOANA ROAD,FITZROY AVENUE,Non-Injury Crash,No,2013,South,0.0,,Flat,,,,,Overcast,1488400.0,0.0,0.0,0.0,2.0,0.0,,,Hawke's Bay Region,Nil,2-way,Sealed,0.0,0.0,,50.0,,Null,0.0,0.0,,30.0,Hastings District,Stop,,,,,0.0,0.0,Urban,0.0,,,Fine
518363,1929549.0,5604870.0,548200.0,0.0,0.0,2.0,Null,2006/2007,LYNDON ROAD WEST,MARKET ST SOUTH,Non-Injury Crash,No,2006,North,0.0,,Flat,,,,,Overcast,1489802.0,0.0,0.0,0.0,2.0,0.0,,,Hawke's Bay Region,Nil,2-way,Sealed,0.0,0.0,,50.0,,Null,0.0,0.0,,30.0,Hastings District,Give way,,,,,0.0,0.0,Urban,0.0,,,Fine
367803,1930912.0,5607891.0,545710.0,0.0,0.0,0.0,Null,2011/2012,PAKOWHAI ROAD,RICHMOND ROAD,Non-Injury Crash,No,2011,North,0.0,,Flat,,,,,Bright sun,1471100.0,0.0,0.0,0.0,2.0,0.0,,,Hawke's Bay Region,Nil,2-way,Sealed,0.0,0.0,,70.0,,Null,1.0,0.0,,30.0,Hastings District,Give way,,,,,1.0,0.0,Urban,0.0,,,Fine
716220,1931377.0,5614774.0,545831.0,0.0,0.0,1.0,South,2001/2002,SH 50,TUTAEKURI BR S,Non-Injury Crash,Yes,2002,South,0.0,0.0,Flat,0.0,,0.0,0.0,Bright sun,1404600.0,0.0,0.0,0.0,2.0,0.0,0.0,,Hawke's Bay Region,Bridge,2-way,Sealed,0.0,0.0,0.0,100.0,0.0,Null,0.0,0.0,,30.0,Hastings District,Nil,0.0,0.0,0.0,0.0,0.0,0.0,Open,1.0,0.0,0.0,Fine
158482,1938057.0,5608188.0,545740.0,0.0,0.0,1.0,East,2012/2013,HAUMOANA ROAD,MILL ROAD,Minor Crash,No,2012,East,0.0,1.0,Flat,0.0,,0.0,0.0,Dark,1406900.0,1.0,0.0,0.0,2.0,0.0,0.0,,Hawke's Bay Region,Nil,2-way,Sealed,0.0,0.0,0.0,100.0,0.0,On,0.0,0.0,,30.0,Hastings District,Nil,0.0,0.0,0.0,0.0,0.0,0.0,Open,0.0,0.0,0.0,Fine
659978,1927947.0,5606188.0,548500.0,0.0,0.0,2.0,South,2011/2012,LOWE ST,HUIA ST,Serious Crash,No,2011,North,0.0,0.0,Flat,0.0,,0.0,0.0,Dark,1479500.0,1.0,0.0,0.0,2.0,0.0,1.0,,Hawke's Bay Region,Nil,2-way,Sealed,0.0,2.0,0.0,50.0,0.0,On,0.0,0.0,,30.0,Hastings District,Nil,0.0,0.0,0.0,0.0,0.0,0.0,Urban,0.0,0.0,0.0,Fine
583971,1937873.0,5607604.0,545740.0,0.0,0.0,1.0,South,2002/2003,TUKITUKI ROAD,MILL ROAD,Non-Injury Crash,No,2003,North,0.0,1.0,Flat,0.0,,0.0,0.0,Overcast,1407600.0,0.0,0.0,0.0,2.0,0.0,0.0,,Hawke's Bay Region,Nil,2-way,Sealed,0.0,0.0,0.0,100.0,0.0,Null,0.0,0.0,,30.0,Hastings District,Nil,0.0,0.0,0.0,0.0,0.0,0.0,Open,0.0,0.0,0.0,Fine
93462,1908768.0,5674668.0,545911.0,0.0,0.0,1.0,South,2005/2006,SH 5,POHOKURA ROAD EAST,Minor Crash,Yes,2006,North,0.0,,Hill Road,,,,,Overcast,1281200.0,2.0,0.0,0.0,2.0,0.0,,,Hawke's Bay Region,Nil,2-way,Sealed,0.0,0.0,,100.0,,Null,0.0,0.0,,30.0,Hastings District,Nil,,,,,1.0,0.0,Open,0.0,,,Light rain
413974,1929759.0,5604843.0,548200.0,0.0,0.0,2.0,North,2011/2012,RUSSELL ST SOUTH,EASTBOURNE ST EAST,Non-Injury Crash,No,2011,North,0.0,0.0,Flat,0.0,,0.0,0.0,Bright sun,1492000.0,0.0,0.0,0.0,2.0,0.0,1.0,,Hawke's Bay Region,Nil,2-way,Sealed,0.0,0.0,0.0,50.0,0.0,Null,0.0,0.0,,30.0,Hastings District,Nil,0.0,0.0,0.0,0.0,0.0,0.0,Urban,0.0,0.0,0.0,Fine
679944,1911270.0,5604866.0,545841.0,0.0,0.0,1.0,East,2008/2009,SH 50,KERERU ROAD,Serious Crash,Yes,2009,West,0.0,0.0,Hill Road,0.0,,0.0,0.0,Dark,1462800.0,0.0,0.0,0.0,2.0,0.0,0.0,,Hawke's Bay Region,Nil,2-way,Sealed,0.0,1.0,0.0,100.0,0.0,None,0.0,0.0,,30.0,Hastings District,Nil,0.0,0.0,0.0,0.0,0.0,0.0,Open,0.0,0.0,0.0,Light rain
89796,1929468.0,5605379.0,548200.0,0.0,0.0,1.0,Null,1999/2000,SOUTHLAND ROAD,HERETAUNGA ST WEST,Minor Crash,No,2000,East,0.0,0.0,Flat,0.0,Christmas New Year,0.0,0.0,Dark,1490100.0,1.0,0.0,0.0,2.0,0.0,1.0,,Hawke's Bay Region,Nil,2-way,Sealed,0.0,0.0,0.0,50.0,0.0,On,0.0,0.0,,30.0,Hastings District,Stop,0.0,0.0,0.0,0.0,0.0,0.0,Urban,1.0,0.0,0.0,Fine
187722,1924690.0,5637642.0,545811.0,0.0,0.0,0.0,South,2005/2006,SH 5,GLENGARRY ROAD,Non-Injury Crash,Yes,2006,South,0.0,0.0,Hill Road,0.0,,0.0,0.0,Overcast,1414800.0,0.0,0.0,0.0,3.0,0.0,0.0,,Hawke's Bay Region,Nil,2-way,Sealed,0.0,0.0,0.0,100.0,0.0,Null,1.0,0.0,,30.0,Hastings District,Nil,0.0,0.0,0.0,0.0,0.0,0.0,Open,0.0,0.0,0.0,Fine
49323,1923383.0,5613608.0,545821.0,0.0,0.0,1.0,South,2011/2012,SWAMP ROAD,OMARUNUI ROAD,Non-Injury Crash,No,2011,South,0.0,,Flat,,,,,Dark,1408401.0,0.0,0.0,0.0,2.0,0.0,,,Hawke's Bay Region,Nil,2-way,Sealed,0.0,0.0,,100.0,,None,0.0,0.0,,30.0,Hastings District,Nil,,,,,0.0,0.0,Open,0.0,,,Light rain
414458,1924301.0,5603668.0,545842.0,0.0,0.0,1.0,West,2009/2010,MARAEKAKAHO ROAD,STOCK ROAD,Minor Crash,No,2010,West,0.0,,Flat,,,,,Bright sun,1470213.0,1.0,0.0,0.0,2.0,0.0,,,Hawke's Bay Region,Nil,2-way,Sealed,0.0,0.0,,100.0,,Null,0.0,0.0,,30.0,Hastings District,Nil,,,,,0.0,0.0,Open,1.0,,,Fine
77567,1930655.0,5605329.0,548200.0,0.0,0.0,2.0,North,2003/2004,KARAMU ROAD NORTH,ALEXANDRA CRESCENT,Non-Injury Crash,No,2003,East,0.0,,Flat,,,,,Bright sun,1494700.0,0.0,0.0,0.0,2.0,0.0,,,Hawke's Bay Region,Nil,2-way,Sealed,0.0,0.0,,50.0,,Null,0.0,0.0,,30.0,Hastings District,Nil,,,,,0.0,0.0,Urban,0.0,,,Fine
535389,1910343.0,5670515.0,545911.0,0.0,0.0,2.0,South,1999/2000,SH 5,STONEY CREEK CUL,Minor Crash,Yes,2000,South,0.0,0.0,Hill Road,0.0,,0.0,0.0,Bright sun,1281200.0,1.0,0.0,0.0,3.0,0.0,0.0,,Hawke's Bay Region,Nil,2-way,Sealed,0.0,0.0,0.0,100.0,0.0,Null,0.0,0.0,,30.0,Hastings District,Nil,0.0,0.0,0.0,0.0,1.0,0.0,Open,0.0,0.0,0.0,Fine
686031,1932674.0,5608217.0,545721.0,0.0,0.0,0.0,North,2008/2009,RUAHAPIA ROAD,OTENE ROAD,Serious Crash,No,2008,West,0.0,,Flat,,,,,Bright sun,1471600.0,0.0,0.0,1.0,2.0,0.0,,,Hawke's Bay Region,Nil,2-way,Sealed,0.0,1.0,,100.0,,Null,0.0,0.0,,30.0,Hastings District,Nil,,,,,1.0,0.0,Open,0.0,,,Fine
639021,1923617.0,5608159.0,548611.0,0.0,0.0,4.0,West,2017/2018,FLAXMERE AVENUE,RAMSEY CRESCENT,Minor Crash,No,2017,East,0.0,0.0,Flat,0.0,,0.0,0.0,Dark,1470319.0,1.0,0.0,0.0,2.0,0.0,1.0,,Hawke's Bay Region,Nil,2-way,Sealed,0.0,0.0,0.0,50.0,0.0,On,0.0,0.0,,30.0,Hastings District,Unknown,0.0,0.0,0.0,0.0,0.0,0.0,Urban,0.0,0.0,0.0,Fine
247668,1935349.0,5609400.0,545722.0,0.0,0.0,1.0,South,1999/2000,SH 2,RICHMOND ROAD,Minor Crash,Yes,2000,South,0.0,0.0,Flat,0.0,Christmas New Year,0.0,0.0,Overcast,1406000.0,1.0,0.0,0.0,2.0,0.0,0.0,,Hawke's Bay Region,Nil,2-way,Sealed,0.0,0.0,0.0,100.0,0.0,Null,0.0,0.0,,30.0,Hastings District,Nil,0.0,0.0,0.0,1.0,0.0,0.0,Open,0.0,0.0,0.0,Fine
126726,1930808.0,5604996.0,548200.0,0.0,0.0,1.0,Null,2009/2010,ALEXANDRA ST,MILLER ST,Minor Crash,No,2009,North,0.0,1.0,Flat,0.0,,1.0,0.0,Bright sun,1495200.0,3.0,0.0,0.0,2.0,0.0,0.0,,Hawke's Bay Region,Nil,2-way,Sealed,0.0,0.0,0.0,50.0,0.0,Null,0.0,0.0,,30.0,Hastings District,Nil,0.0,0.0,0.0,0.0,0.0,0.0,Urban,0.0,0.0,0.0,Fine
205962,1936458.0,5609908.0,545730.0,0.0,0.0,2.0,Null,2009/2010,RICHMOND ROAD,MILL ROAD,Minor Crash,No,2010,East,0.0,0.0,Flat,0.0,,0.0,0.0,Bright sun,1405403.0,5.0,0.0,0.0,2.0,0.0,0.0,,Hawke's Bay Region,Nil,2-way,Sealed,0.0,0.0,0.0,100.0,0.0,Null,0.0,0.0,,30.0,Hastings District,Stop,0.0,0.0,0.0,0.0,0.0,0.0,Open,0.0,0.0,0.0,Fine
412209,1929563.8518,5600683.2709,545762.0,0.0,0.0,0.0,Null,2019/2020,TE AUTE ROAD,MOUNT ERIN ROAD,Minor Crash,No,2019,West,0.0,0.0,Flat,0.0,,0.0,0.0,Dark,1465300.0,1.0,0.0,1.0,2.0,0.0,0.0,,Hawke's Bay Region,Nil,2-way,Sealed,0.0,0.0,0.0,100.0,0.0,On,0.0,0.0,,30.0,Hastings District,Give way,0.0,0.0,0.0,0.0,0.0,1.0,Open,0.0,0.0,0.0,Mist or Fog
533123,1941085.0,5586406.0,545860.0,0.0,0.0,1.0,West,2003/2004,WAIMARAMA ROAD,TAUPUNGA ROAD,Serious Crash,No,2003,South,0.0,,Flat,,Christmas New Year,,,Bright sun,1467600.0,0.0,0.0,1.0,2.0,0.0,,,Hawke's Bay Region,Nil,2-way,Sealed,0.0,1.0,,100.0,,Null,0.0,0.0,,30.0,Hastings District,Nil,,,,,0.0,0.0,Open,0.0,,,Fine
317314,1934768.0,5608831.0,545722.0,0.0,0.0,1.0,Null,2007/2008,SH 2,BUCKINGHAM ST,Non-Injury Crash,Yes,2008,East,0.0,0.0,Flat,0.0,,0.0,0.0,Dark,1406300.0,0.0,0.0,0.0,2.0,0.0,0.0,,Hawke's Bay Region,Nil,2-way,Sealed,0.0,0.0,0.0,100.0,0.0,On,0.0,0.0,,30.0,Hastings District,Nil,0.0,0.0,0.0,0.0,0.0,0.0,Open,0.0,0.0,0.0,Fine
26605,1934240.0,5607461.0,545722.0,0.0,0.0,2.0,Null,2002/2003,SH 2,PILCHER ROAD,Minor Crash,Yes,2003,South,0.0,,Flat,,,,,Twilight,1406300.0,1.0,0.0,0.0,2.0,0.0,,,Hawke's Bay Region,Nil,2-way,Sealed,0.0,0.0,,100.0,,On,0.0,0.0,,30.0,Hastings District,Stop,,,,,0.0,0.0,Open,0.0,,,Fine
432604,1908041.0,5676067.0,545911.0,0.0,0.0,0.0,South,2008/2009,SH 5,RUATITI BR,Non-Injury Crash,Yes,2008,South,0.0,0.0,Hill Road,0.0,,0.0,0.0,Overcast,1281200.0,0.0,0.0,0.0,2.0,0.0,0.0,,Hawke's Bay Region,Nil,2-way,Sealed,0.0,0.0,0.0,100.0,0.0,Null,0.0,0.0,,30.0,Hastings District,Nil,0.0,0.0,0.0,1.0,0.0,0.0,Open,1.0,0.0,0.0,Light rain
718241,1928509.0,5604648.0,547900.0,0.0,0.0,2.0,Null,2015/2016,SOUTHLAND ROAD,OLIPHANT ROAD,Non-Injury Crash,No,2016,South,0.0,,Flat,,,,,Dark,1482000.0,0.0,0.0,0.0,2.0,0.0,,,Hawke's Bay Region,Nil,2-way,Sealed,0.0,0.0,,50.0,,On,0.0,0.0,,30.0,Hastings District,Give way,,,,,0.0,0.0,Urban,0.0,,,Light rain
24553,1944858.0,5660149.0,545911.0,0.0,0.0,2.0,North,2008/2009,SH 2,PUTORINO STATION ROAD,Minor Crash,Yes,2009,North,0.0,0.0,Hill Road,0.0,,0.0,0.0,Dark,1416100.0,3.0,0.0,0.0,2.0,0.0,0.0,,Hawke's Bay Region,Nil,2-way,Sealed,0.0,0.0,0.0,100.0,0.0,None,0.0,0.0,,30.0,Hastings District,Nil,0.0,0.0,0.0,0.0,0.0,0.0,Open,0.0,0.0,0.0,Fine
68328,1929851.0,5605477.0,548200.0,0.0,0.0,1.0,Null,2003/2004,NELSON ST NORTH,ST AUBYN ST WEST,Non-Injury Crash,No,2004,South,0.0,,Flat,,,,,Overcast,1491000.0,0.0,0.0,0.0,4.0,0.0,,,Hawke's Bay Region,Nil,2-way,Sealed,0.0,0.0,,50.0,,Null,0.0,0.0,,30.0,Hastings District,Traffic Signals,,,,,0.0,0.0,Urban,1.0,,,Fine
117529,1926160.0,5604270.0,545842.0,0.0,0.0,1.0,South,2001/2002,MARAEKAKAHO ROAD,IRONGATE ROAD,Non-Injury Crash,No,2002,East,0.0,,Flat,,,,,Twilight,1468903.0,0.0,0.0,0.0,2.0,0.0,,,Hawke's Bay Region,Nil,2-way,Sealed,0.0,0.0,,100.0,,None,0.0,0.0,,30.0,Hastings District,Nil,,,,,0.0,0.0,Open,1.0,,,Fine
82210,1929821.0,5604912.0,548200.0,0.0,0.0,0.0,Null,2009/2010,RUSSELL ST SOUTH,HERETAUNGA ST EAST,Non-Injury Crash,No,2009,North,0.0,,Flat,,,,,Overcast,1492100.0,0.0,0.0,0.0,2.0,0.0,,,Hawke's Bay Region,Nil,2-way,Sealed,0.0,0.0,,50.0,,Null,0.0,0.0,,30.0,Hastings District,Nil,,,,,0.0,0.0,Urban,2.0,,,Fine
375145,1909260.0,5672479.0,545911.0,0.0,0.0,0.0,South,2002/2003,SH 5,TATARAAKINA ROAD,Non-Injury Crash,Yes,2003,South,0.0,0.0,Hill Road,0.0,,0.0,0.0,Overcast,1281200.0,0.0,0.0,0.0,2.0,0.0,0.0,,Hawke's Bay Region,Nil,2-way,Sealed,0.0,0.0,0.0,100.0,0.0,Null,0.0,0.0,,30.0,Hastings District,Nil,0.0,0.0,0.0,0.0,1.0,0.0,Open,0.0,0.0,0.0,Fine
3707,1925526.0,5607026.0,548620.0,0.0,0.0,2.0,South,2013/2014,FLAXMERE AVENUE,HENDERSON ROAD,Non-Injury Crash,No,2014,South,0.0,,Flat,,,,,Dark,1475900.0,0.0,0.0,0.0,2.0,0.0,,,Hawke's Bay Region,Nil,2-way,Sealed,0.0,0.0,,50.0,,On,0.0,0.0,,30.0,Hastings District,Unknown,,,,,0.0,0.0,Urban,0.0,,,Light rain