OBJECTID,X,Y,areaUnitID,bicycle,bus,carStationWagon,crashDirectionDescription,crashFinancialYear,crashLocation1,crashLocation2,crashSeverity,crashSHDescription,crashYear,directionRoleDescription,fatalCount,fence,flatHill,guardRail,holiday,houseOrBuilding,kerb,light,meshblockId,minorInjuryCount,moped,motorcycle,NumberOfLanes,otherVehicleType,parkedVehicle,pedestrian,region,roadCharacter,roadLane,roadSurface,schoolBus,seriousInjuryCount,slipOrFlood,speedLimit,strayAnimal,streetLight,suv,taxi,temporarySpeedLimit,tlaId,tlaName,trafficControl,trafficIsland,trafficSign,train,tree,truck,unknownVehicleType,urban,vanOrUtility,vehicle,waterRiver,weatherA
309316,1929380.0,5605496.0,548200.0,0.0,0.0,2.0,Null,2011/2012,CHARLES ST,HERETAUNGA ST WEST,Non-Injury Crash,No,2012,North,0.0,,Flat,,,,,Bright sun,1490100.0,0.0,0.0,0.0,2.0,0.0,,,Hawke's Bay Region,Nil,2-way,Sealed,0.0,0.0,,50.0,,Null,0.0,0.0,,30.0,Hastings District,Give way,,,,,0.0,0.0,Urban,0.0,,,Fine
411084,1933773.0,5609808.0,545832.0,0.0,0.0,2.0,North,2013/2014,FARNDON ROAD,CHESTERHOPE BRIDGE,Serious Crash,No,2013,East,0.0,0.0,Flat,0.0,,0.0,0.0,Dark,1404200.0,0.0,0.0,0.0,2.0,0.0,0.0,,Hawke's Bay Region,Nil,2-way,Sealed,0.0,1.0,0.0,100.0,0.0,None,0.0,0.0,,30.0,Hastings District,Nil,0.0,0.0,0.0,0.0,0.0,0.0,Open,0.0,0.0,0.0,Fine
29410,1935649.0,5607567.0,545722.0,0.0,0.0,1.0,South,2005/2006,LAWN ROAD,MILL ROAD,Non-Injury Crash,No,2005,North,0.0,0.0,Flat,0.0,,0.0,0.0,Overcast,1406501.0,0.0,0.0,0.0,2.0,0.0,0.0,,Hawke's Bay Region,Nil,2-way,Sealed,0.0,0.0,0.0,100.0,0.0,Null,0.0,0.0,,30.0,Hastings District,Nil,0.0,0.0,0.0,1.0,0.0,0.0,Open,0.0,0.0,0.0,Heavy rain
606069,1931199.211,5605339.0931,548000.0,0.0,0.0,1.0,South,2019/2020,GROVE ROAD,AMANDA PLACE,Non-Injury Crash,No,2020,North,0.0,,Flat,,,,,Bright sun,1497600.0,0.0,0.0,0.0,2.0,0.0,,,Hawke's Bay Region,Nil,2-way,Sealed,0.0,0.0,,50.0,,Off,0.0,0.0,,30.0,Hastings District,Nil,,,,,0.0,0.0,Urban,0.0,,,Fine
737552,1918777.0,5652810.0,545911.0,0.0,0.0,1.0,North,2011/2012,SH 5,TE POHUE LOOP ROAD,Non-Injury Crash,Yes,2011,North,0.0,1.0,Hill Road,0.0,,0.0,0.0,Bright sun,1415900.0,0.0,0.0,0.0,3.0,0.0,0.0,,Hawke's Bay Region,Nil,2-way,Sealed,0.0,0.0,0.0,100.0,0.0,Null,0.0,0.0,,30.0,Hastings District,Nil,0.0,0.0,0.0,1.0,0.0,0.0,Open,0.0,0.0,0.0,Fine
520248,1929117.0,5600850.0,545762.0,0.0,0.0,1.0,East,2003/2004,TE AUTE ROAD,LONGLANDS ROAD EAST,Non-Injury Crash,No,2004,East,0.0,1.0,Flat,0.0,,0.0,0.0,Overcast,1465300.0,0.0,0.0,0.0,2.0,0.0,0.0,,Hawke's Bay Region,Nil,2-way,Sealed,0.0,0.0,0.0,100.0,0.0,Null,0.0,0.0,,30.0,Hastings District,Nil,0.0,0.0,0.0,0.0,0.0,0.0,Open,0.0,0.0,0.0,Fine
56410,1930033.0,5605235.0,548200.0,1.0,0.0,1.0,Null,2003/2004,ST AUBYN ST WEST,MARKET ST NORTH,Serious Crash,No,2004,West,0.0,,Flat,,,,,Bright sun,1491500.0,1.0,0.0,0.0,2.0,0.0,,,Hawke's Bay Region,Nil,2-way,Sealed,0.0,1.0,,50.0,,Null,0.0,0.0,,30.0,Hastings District,Give way,,,,,0.0,0.0,Urban,0.0,,,Fine
284267,1928098.0,5608268.0,545710.0,0.0,0.0,1.0,North,2004/2005,ORMOND ROAD,OMAHU ROAD,Minor Crash,No,2004,North,0.0,0.0,Flat,0.0,,0.0,0.0,Dark,1471201.0,3.0,0.0,0.0,2.0,0.0,0.0,,Hawke's Bay Region,Nil,2-way,Sealed,0.0,0.0,0.0,100.0,0.0,Off,0.0,0.0,,30.0,Hastings District,Nil,0.0,0.0,0.0,0.0,0.0,0.0,Open,0.0,0.0,0.0,Fine
622996,1930485.0,5605224.0,548200.0,0.0,0.0,2.0,Null,2008/2009,KARAMU ROAD NORTH,ALBERT ST,Non-Injury Crash,No,2009,South,0.0,,Flat,,,,,Bright sun,1494100.0,0.0,0.0,0.0,2.0,0.0,,,Hawke's Bay Region,Nil,2-way,Sealed,0.0,0.0,,50.0,,Null,0.0,0.0,,30.0,Hastings District,Give way,,,,,0.0,0.0,Urban,0.0,,,Fine
373287,1936366.0,5601391.0,548833.0,0.0,0.0,2.0,Null,2010/2011,TE MATA MANGATERETERE ROA,TE MATA ROAD,Minor Crash,No,2011,South,0.0,,Flat,,,,,Bright sun,1466802.0,1.0,0.0,0.0,2.0,0.0,,,Hawke's Bay Region,Nil,2-way,Sealed,0.0,0.0,,100.0,,Null,0.0,0.0,,30.0,Hastings District,Give way,,,,,0.0,0.0,Open,0.0,,,Fine
104724,1942382.0,5659228.0,545911.0,0.0,0.0,1.0,Null,2017/2018,SH 2,MATAHORUA ROAD N,Fatal Crash,Yes,2017,North,1.0,0.0,Flat,0.0,,0.0,0.0,Bright sun,1415100.0,0.0,0.0,0.0,2.0,0.0,0.0,,Hawke's Bay Region,Nil,2-way,Sealed,0.0,0.0,0.0,100.0,0.0,Null,0.0,0.0,,30.0,Hastings District,Give way,0.0,0.0,0.0,0.0,0.0,0.0,Open,0.0,0.0,0.0,Fine
555343,1929441.0,5605616.0,547700.0,0.0,0.0,2.0,Null,2010/2011,TOMOANA ROAD,QUEEN ST WEST,Minor Crash,No,2010,East,0.0,,Flat,,,,,Bright sun,1488000.0,1.0,0.0,0.0,2.0,0.0,,,Hawke's Bay Region,Nil,2-way,Sealed,0.0,0.0,,50.0,,Null,0.0,0.0,,30.0,Hastings District,Give way,,,,,0.0,0.0,Urban,0.0,,,Fine
630227,1927583.0,5606585.0,548500.0,0.0,0.0,2.0,West,2009/2010,HUIA ST,KEA PLACE,Non-Injury Crash,No,2009,North,0.0,0.0,Flat,0.0,,0.0,0.0,Overcast,1479100.0,0.0,0.0,0.0,2.0,0.0,1.0,,Hawke's Bay Region,Nil,2-way,Sealed,0.0,0.0,0.0,50.0,0.0,Null,0.0,0.0,,30.0,Hastings District,Nil,0.0,0.0,0.0,0.0,0.0,0.0,Urban,0.0,0.0,0.0,Fine
132748,1932218.0,5600869.0,548821.0,0.0,0.0,0.0,Null,2017/2018,PALMERSTON ROAD,GIVEN ST,Non-Injury Crash,No,2017,South,0.0,1.0,Hill Road,0.0,,0.0,0.0,Dark,1507103.0,0.0,0.0,0.0,2.0,0.0,0.0,,Hawke's Bay Region,Nil,2-way,Sealed,0.0,0.0,0.0,50.0,0.0,None,0.0,0.0,,30.0,Hastings District,Nil,0.0,0.0,0.0,0.0,0.0,0.0,Urban,1.0,0.0,0.0,Fine
58447,1903599.0,5599385.0,545841.0,0.0,0.0,1.0,East,2016/2017,SH 50,AWATEA STUD,Non-Injury Crash,Yes,2017,West,0.0,1.0,Flat,0.0,,0.0,0.0,Overcast,1462500.0,0.0,0.0,0.0,2.0,0.0,0.0,,Hawke's Bay Region,Nil,2-way,Sealed,0.0,0.0,0.0,100.0,0.0,Null,0.0,0.0,,30.0,Hastings District,Unknown,0.0,0.0,0.0,0.0,0.0,0.0,Open,0.0,0.0,0.0,Heavy rain
730813,1923371.0,5610182.0,545710.0,0.0,0.0,0.0,South,2000/2001,OMAHU ROAD,SH 50,Non-Injury Crash,No,2000,North,0.0,,Flat,,,,,Twilight,1470500.0,0.0,0.0,0.0,2.0,0.0,,,Hawke's Bay Region,Nil,2-way,Sealed,0.0,0.0,,100.0,,None,0.0,0.0,,30.0,Hastings District,Nil,,,,,1.0,0.0,Open,1.0,,,Fine
161154,1928980.0,5633247.0,545811.0,0.0,0.0,1.0,North,2004/2005,SH 5,WAIPUNGA ROAD,Non-Injury Crash,Yes,2005,North,0.0,,Flat,,,,,Overcast,1414700.0,0.0,0.0,0.0,2.0,0.0,,,Hawke's Bay Region,Nil,2-way,Sealed,0.0,0.0,,100.0,,Null,0.0,0.0,,30.0,Hastings District,Nil,,,,,0.0,0.0,Open,1.0,,,Light rain
426229,1924519.0,5607346.0,548612.0,0.0,0.0,1.0,Null,2006/2007,SCOTT DRIVE,AMUNDSEN AVENUE,Non-Injury Crash,No,2007,South,0.0,,Flat,,,,,Twilight,1474115.0,0.0,0.0,0.0,2.0,0.0,,,Hawke's Bay Region,Nil,2-way,Sealed,0.0,0.0,,50.0,,None,0.0,0.0,,30.0,Hastings District,Give way,,,,,0.0,0.0,Urban,1.0,,,Fine
227090,1933123.0,5610590.0,545832.0,0.0,0.0,1.0,East,2015/2016,GILBERTSON ROAD,PAKOWHAI ROAD,Minor Crash,No,2015,South,0.0,0.0,Flat,0.0,,0.0,0.0,Bright sun,1404000.0,1.0,0.0,0.0,2.0,0.0,0.0,,Hawke's Bay Region,Nil,2-way,Sealed,0.0,0.0,0.0,80.0,0.0,Null,0.0,0.0,,30.0,Hastings District,Unknown,0.0,0.0,0.0,0.0,0.0,0.0,Open,0.0,0.0,0.0,Fine
71942,1929960.0,5605180.0,548200.0,0.0,0.0,0.0,East,2016/2017,MARKET ST NORTH,AVENUE ROAD WEST,Non-Injury Crash,No,2017,West,0.0,0.0,Flat,0.0,,0.0,0.0,Bright sun,1491400.0,0.0,0.0,0.0,2.0,1.0,1.0,,Hawke's Bay Region,Nil,2-way,Sealed,0.0,0.0,0.0,50.0,0.0,Null,1.0,0.0,,30.0,Hastings District,Unknown,0.0,0.0,0.0,0.0,0.0,0.0,Urban,0.0,0.0,0.0,Null
207144,1923590.0,5588963.0,545851.0,0.0,0.0,1.0,North,2015/2016,MIDDLE ROAD,ROWE ROAD,Non-Injury Crash,No,2016,South,0.0,0.0,Flat,0.0,,0.0,0.0,Overcast,1466102.0,0.0,0.0,0.0,2.0,0.0,0.0,,Hawke's Bay Region,Nil,2-way,Sealed,0.0,0.0,0.0,100.0,0.0,None,0.0,0.0,,30.0,Hastings District,Unknown,0.0,0.0,0.0,0.0,0.0,0.0,Open,0.0,0.0,0.0,Mist or Fog
396033,1938285.9603,5608201.5464,545740.0,0.0,0.0,0.0,South,2018/2019,PARKHILL ROAD,HAUMOANA ROAD,Serious Crash,No,2019,North,0.0,0.0,Flat,0.0,,0.0,0.0,Dark,1407600.0,0.0,0.0,1.0,2.0,0.0,0.0,,Hawke's Bay Region,Nil,2-way,Sealed,0.0,1.0,0.0,100.0,0.0,On,0.0,0.0,,30.0,Hastings District,Nil,1.0,1.0,0.0,0.0,0.0,0.0,Open,0.0,0.0,0.0,Fine
428777,1933108.0,5602579.0,548831.0,0.0,0.0,1.0,West,2000/2001,CROSSES ROAD,NAPIER ROAD,Serious Crash,No,2001,East,0.0,1.0,Flat,0.0,,0.0,0.0,Dark,1509100.0,0.0,0.0,0.0,2.0,0.0,0.0,,Hawke's Bay Region,Bridge,2-way,Sealed,0.0,1.0,0.0,50.0,0.0,None,0.0,0.0,,30.0,Hastings District,Nil,0.0,0.0,0.0,0.0,0.0,0.0,Urban,0.0,0.0,1.0,Light rain
434962,1938892.0,5607050.0,545740.0,0.0,0.0,1.0,Null,2000/2001,PARKHILL ROAD,EAST ROAD,Non-Injury Crash,No,2001,South,0.0,,Flat,,,,,Bright sun,1407600.0,0.0,0.0,0.0,2.0,0.0,,,Hawke's Bay Region,Nil,2-way,Sealed,0.0,0.0,,100.0,,Null,0.0,0.0,,30.0,Hastings District,Give way,,,,,0.0,0.0,Open,0.0,,,Fine
668700,1927966.0,5606507.0,548500.0,0.0,0.0,1.0,Null,2009/2010,KIWI ST,LOWE ST,Non-Injury Crash,No,2010,North,0.0,,Flat,,,,,Overcast,1479500.0,0.0,0.0,0.0,2.0,0.0,,,Hawke's Bay Region,Nil,2-way,Sealed,0.0,0.0,,50.0,,Null,0.0,0.0,,30.0,Hastings District,Give way,,,,,1.0,0.0,Urban,0.0,,,Light rain
142342,1930724.0,5605372.0,548200.0,0.0,0.0,2.0,Null,2003/2004,KARAMU ROAD NORTH,JERVOIS ST,Non-Injury Crash,No,2004,South,0.0,,Flat,,,,,Bright sun,1494300.0,0.0,0.0,0.0,2.0,0.0,,,Hawke's Bay Region,Nil,2-way,Sealed,0.0,0.0,,50.0,,Null,0.0,0.0,,30.0,Hastings District,Nil,,,,,0.0,0.0,Urban,0.0,,,Fine
289411,1930086.0,5604557.0,548200.0,0.0,0.0,2.0,South,2010/2011,HERETAUNGA ST EAST,HASTINGS ST SOUTH,Non-Injury Crash,No,2010,North,0.0,,Flat,,,,,Overcast,1493800.0,0.0,0.0,0.0,2.0,0.0,,,Hawke's Bay Region,Nil,2-way,Sealed,0.0,0.0,,50.0,,Null,0.0,0.0,,30.0,Hastings District,Nil,,,,,0.0,0.0,Urban,0.0,,,Fine
687761,1929258.0,5603249.0,545762.0,0.0,0.0,1.0,South,2001/2002,RIVERSLEA ROAD SOUTH,MURDOCH ROAD EAST,Non-Injury Crash,No,2001,North,0.0,0.0,Flat,0.0,,0.0,0.0,Overcast,1468000.0,0.0,0.0,0.0,2.0,0.0,0.0,,Hawke's Bay Region,Nil,2-way,Sealed,0.0,0.0,0.0,50.0,0.0,Null,0.0,0.0,,30.0,Hastings District,Nil,0.0,0.0,0.0,0.0,0.0,0.0,Urban,0.0,0.0,0.0,Fine
160993,1923151.0,5604054.0,545842.0,0.0,0.0,0.0,Null,2009/2010,MARAEKAKAHO ROAD,MANGAROA ROAD,Non-Injury Crash,No,2010,West,0.0,,Flat,,,,,Bright sun,1470218.0,0.0,0.0,0.0,2.0,0.0,,,Hawke's Bay Region,Nil,2-way,Sealed,0.0,0.0,,100.0,,Null,1.0,0.0,,30.0,Hastings District,Give way,,,,,0.0,0.0,Open,1.0,,,Fine
63078,1932620.0,5601599.0,548821.0,0.0,0.0,1.0,North,2012/2013,JOLL ROAD,SERVICE LANE N,Non-Injury Crash,No,2013,West,0.0,0.0,Flat,0.0,,1.0,0.0,Dark,1507001.0,0.0,0.0,0.0,1.0,0.0,0.0,,Hawke's Bay Region,Nil,2-way,Sealed,0.0,0.0,0.0,50.0,0.0,Off,0.0,0.0,,30.0,Hastings District,Nil,0.0,0.0,0.0,0.0,0.0,0.0,Urban,0.0,0.0,0.0,Heavy rain
503366,1935576.8047,5607483.4843,545722.0,0.0,0.0,2.0,North,2019/2020,LAWN ROAD,PILCHER ROAD,Non-Injury Crash,No,2019,East,0.0,,Flat,,,,,Bright sun,1406501.0,0.0,0.0,0.0,2.0,0.0,,,Hawke's Bay Region,Nil,2-way,Sealed,0.0,0.0,,100.0,,Null,0.0,0.0,,30.0,Hastings District,Unknown,,,,,0.0,0.0,Open,0.0,,,Fine
229769,1929707.2209,5603986.5317,548300.0,0.0,0.0,2.0,South,2018/2019,WILLOWPARK ROAD,FRENCH STREET,Non-Injury Crash,No,2018,North,0.0,0.0,Flat,0.0,,0.0,0.0,Overcast,1502300.0,0.0,0.0,0.0,2.0,0.0,1.0,,Hawke's Bay Region,Nil,2-way,Sealed,0.0,0.0,0.0,50.0,0.0,Off,0.0,0.0,,30.0,Hastings District,Unknown,0.0,0.0,0.0,0.0,0.0,0.0,Urban,0.0,0.0,0.0,Light rain
191221,1929584.0,5600691.0,545762.0,0.0,0.0,1.0,Null,2008/2009,TE AUTE ROAD,MOUNT ERIN ROAD,Minor Crash,No,2009,West,0.0,0.0,Flat,0.0,,0.0,0.0,Dark,1465300.0,2.0,0.0,0.0,2.0,0.0,0.0,,Hawke's Bay Region,Nil,2-way,Sealed,0.0,0.0,0.0,100.0,0.0,None,0.0,0.0,,30.0,Hastings District,Give way,0.0,0.0,0.0,0.0,0.0,0.0,Open,0.0,0.0,0.0,Fine
215937,1928597.0,5608169.0,545710.0,0.0,0.0,3.0,West,2006/2007,SH 50A,EVENDEN ROAD,Fatal Crash,Yes,2006,West,1.0,,Flat,,,,,Dark,1471201.0,0.0,0.0,0.0,2.0,0.0,,1.0,Hawke's Bay Region,Nil,2-way,Sealed,0.0,0.0,,100.0,,None,0.0,0.0,,30.0,Hastings District,Nil,,,,,0.0,0.0,Open,0.0,,,Fine
13308,1929703.0,5604667.0,548200.0,0.0,0.0,2.0,Null,2000/2001,LYNDON ROAD EAST,KARAMU ROAD SOUTH,Non-Injury Crash,No,2000,West,0.0,,Flat,,,,,Bright sun,1492500.0,0.0,0.0,0.0,2.0,0.0,,,Hawke's Bay Region,Nil,2-way,Sealed,0.0,0.0,,50.0,,Null,0.0,0.0,,30.0,Hastings District,Give way,,,,,0.0,0.0,Urban,0.0,,,Fine
542683,1927917.0,5601772.0,545762.0,0.0,0.0,1.0,Null,2001/2002,LONGLANDS ROAD EAST,RIVERSLEA ROAD SOUTH,Non-Injury Crash,No,2001,South,0.0,,Flat,,,,,Dark,1468400.0,0.0,0.0,0.0,2.0,0.0,,,Hawke's Bay Region,Nil,2-way,Sealed,0.0,0.0,,100.0,,On,0.0,0.0,,30.0,Hastings District,Give way,,,,,1.0,0.0,Open,0.0,,,Fine
98260,1931582.0,5602888.0,545721.0,0.0,0.0,0.0,Null,2004/2005,ST GEORGES ROAD,HAVELOCK ROAD,Non-Injury Crash,No,2004,South,0.0,,Flat,,,,,Bright sun,1473000.0,0.0,0.0,0.0,2.0,0.0,,,Hawke's Bay Region,Nil,2-way,Sealed,0.0,0.0,,70.0,,Null,0.0,0.0,,30.0,Hastings District,Give way,,,,,0.0,0.0,Urban,1.0,,,Fine
180242,1923384.0,5608236.0,548611.0,0.0,0.0,0.0,West,2016/2017,Z DWY,RAMSEY CRESCENT,Minor Crash,No,2016,South,0.0,,Flat,,,,,Bright sun,1470311.0,1.0,0.0,0.0,1.0,0.0,,1.0,Hawke's Bay Region,Nil,Off road,Sealed,0.0,0.0,,50.0,,Null,1.0,0.0,,30.0,Hastings District,Nil,,,,,0.0,0.0,Urban,0.0,,,Fine
374197,1933308.0,5612129.0,545832.0,0.0,0.0,1.0,South,2007/2008,BROOKFIELDS ROAD,SISSONS ROAD,Non-Injury Crash,No,2008,South,0.0,0.0,Flat,0.0,,0.0,0.0,Overcast,1404000.0,0.0,0.0,0.0,2.0,0.0,0.0,,Hawke's Bay Region,Nil,2-way,Sealed,0.0,0.0,0.0,100.0,0.0,Null,0.0,0.0,,30.0,Hastings District,Nil,0.0,0.0,0.0,0.0,0.0,0.0,Open,0.0,0.0,0.0,Light rain
65639,1939139.0,5608138.0,545740.0,0.0,0.0,1.0,Null,2017/2018,BEACH ROAD,SHRIMPTON ROAD,Serious Crash,No,2018,North,0.0,1.0,Flat,0.0,Easter,0.0,0.0,Overcast,1407100.0,0.0,0.0,0.0,2.0,0.0,0.0,,Hawke's Bay Region,Nil,2-way,Sealed,0.0,1.0,0.0,50.0,0.0,Null,0.0,0.0,,30.0,Hastings District,Give way,0.0,0.0,0.0,1.0,0.0,0.0,Urban,0.0,0.0,0.0,Fine
205452,1928113.0,5606912.0,548500.0,0.0,0.0,0.0,Null,2016/2017,OMAHU ROAD,NOTTINGLEY ROAD,Serious Crash,No,2017,South,0.0,,Flat,,,,,Bright sun,1478500.0,0.0,0.0,1.0,2.0,0.0,,,Hawke's Bay Region,Nil,2-way,Sealed,0.0,1.0,,50.0,,Null,0.0,0.0,,30.0,Hastings District,Give way,,,,,0.0,0.0,Urban,0.0,,,Fine
285504,1928123.3999,5606929.2854,547800.0,0.0,0.0,2.0,Null,2020/2021,OMAHU ROAD,NOTTINGLEY ROAD,Non-Injury Crash,No,2020,South,0.0,0.0,Flat,0.0,,0.0,0.0,Bright sun,1476700.0,0.0,0.0,0.0,2.0,0.0,0.0,,Hawke's Bay Region,Nil,2-way,Sealed,0.0,0.0,0.0,50.0,0.0,Off,0.0,0.0,,30.0,Hastings District,Give way,1.0,0.0,0.0,0.0,0.0,0.0,Urban,0.0,0.0,0.0,Mist or Fog
237284,1930980.6275,5605527.7846,548000.0,0.0,0.0,2.0,East,2019/2020,KARAMU ROAD NORTH,WOLSELEY STREET,Minor Crash,No,2019,North,0.0,,Flat,,,,,Bright sun,1497500.0,2.0,0.0,0.0,2.0,0.0,,,Hawke's Bay Region,Nil,2-way,Sealed,0.0,0.0,,50.0,,Off,0.0,0.0,,30.0,Hastings District,Nil,,,,,0.0,0.0,Urban,0.0,,,Fine
553303,1933432.0,5602057.0,548831.0,0.0,0.0,1.0,North,2002/2003,ST HILL LANE,TE MATA ROAD,Non-Injury Crash,No,2003,South,0.0,0.0,Flat,0.0,,0.0,0.0,Bright sun,1509200.0,0.0,0.0,0.0,2.0,0.0,0.0,,Hawke's Bay Region,Nil,2-way,Sealed,0.0,0.0,0.0,50.0,0.0,Null,0.0,0.0,,30.0,Hastings District,Nil,0.0,0.0,0.0,0.0,0.0,0.0,Urban,0.0,0.0,0.0,Fine
319682,1930627.0,5612219.0,545832.0,0.0,0.0,1.0,South,2013/2014,SH 50A,SH 50,Non-Injury Crash,Yes,2013,South,0.0,0.0,Flat,0.0,,0.0,0.0,Dark,1404400.0,0.0,0.0,0.0,2.0,0.0,0.0,,Hawke's Bay Region,Nil,2-way,Sealed,0.0,0.0,0.0,100.0,0.0,None,0.0,0.0,,30.0,Hastings District,Nil,0.0,0.0,0.0,0.0,0.0,0.0,Open,0.0,0.0,0.0,Heavy rain
350708,1931644.0,5605070.0,548000.0,1.0,0.0,1.0,East,2012/2013,CUNNINGHAM CRESCENT,ANSON ST,Minor Crash,No,2012,West,0.0,,Flat,,,,,Bright sun,1498400.0,1.0,0.0,0.0,2.0,0.0,,,Hawke's Bay Region,Nil,2-way,Sealed,0.0,0.0,,50.0,,Null,0.0,0.0,,30.0,Hastings District,Nil,,,,,0.0,0.0,Urban,0.0,,,Fine
299355,1934161.0,5606308.0,545722.0,0.0,0.0,2.0,Null,2001/2002,NAPIER ROAD,LAWN ROAD,Minor Crash,No,2002,South,0.0,,Flat,,,,,Dark,1406701.0,1.0,0.0,0.0,2.0,0.0,,,Hawke's Bay Region,Nil,2-way,Sealed,0.0,0.0,,100.0,,On,0.0,0.0,,30.0,Hastings District,Give way,,,,,0.0,0.0,Open,0.0,,,Fine
388208,1921849.0,5595608.0,545851.0,0.0,0.0,1.0,North,2012/2013,SH 2,TE MAHANGA ROAD,Non-Injury Crash,Yes,2012,North,0.0,0.0,Flat,0.0,,0.0,0.0,Bright sun,1463900.0,0.0,0.0,0.0,2.0,0.0,0.0,,Hawke's Bay Region,Nil,2-way,Sealed,0.0,0.0,0.0,100.0,0.0,Null,1.0,0.0,,30.0,Hastings District,Nil,0.0,0.0,0.0,1.0,1.0,0.0,Open,0.0,0.0,0.0,Fine
332463,1926978.0,5608430.0,545710.0,0.0,0.0,1.0,North,2009/2010,RAUPARE ROAD,THOMPSON ROAD,Non-Injury Crash,No,2010,North,0.0,,Flat,,,,,Dark,1471000.0,0.0,0.0,0.0,2.0,0.0,,,Hawke's Bay Region,Nil,2-way,Sealed,0.0,0.0,,100.0,,None,0.0,0.0,,30.0,Hastings District,Nil,,,,,0.0,0.0,Open,0.0,,,Fine
1545,1932575.0,5608502.0,545721.0,0.0,0.0,1.0,Null,2014/2015,RUAHAPIA ROAD,WHAKATU ROAD,Non-Injury Crash,No,2015,South,0.0,,Flat,,,,,Bright sun,1471600.0,0.0,0.0,0.0,2.0,0.0,,,Hawke's Bay Region,Nil,2-way,Sealed,0.0,0.0,,80.0,,Off,0.0,0.0,,30.0,Hastings District,Nil,,,,,0.0,0.0,Open,1.0,,,Fine
691061,1925321.0,5599569.0,545852.0,0.0,0.0,1.0,Null,2010/2011,SH 50A PAKI PAKI,SH 2,Minor Crash,Yes,2010,East,0.0,,Flat,,,,,Bright sun,1469600.0,1.0,0.0,0.0,2.0,0.0,,,Hawke's Bay Region,Nil,2-way,Sealed,0.0,0.0,,100.0,,Null,1.0,0.0,,30.0,Hastings District,Give way,,,,,0.0,0.0,Open,0.0,,,Fine
412250,1927607.0,5607382.0,548500.0,0.0,0.0,0.0,Null,2009/2010,OMAHU ROAD,SH 50A,Non-Injury Crash,Yes,2010,North,0.0,0.0,Flat,0.0,,0.0,0.0,Bright sun,1477900.0,0.0,0.0,0.0,2.0,0.0,0.0,,Hawke's Bay Region,Nil,2-way,Sealed,0.0,0.0,0.0,50.0,0.0,Null,0.0,0.0,,30.0,Hastings District,Give way,0.0,1.0,0.0,0.0,0.0,0.0,Urban,1.0,0.0,0.0,Fine
334733,1938029.4825,5608183.4904,545740.0,0.0,0.0,1.0,Null,2019/2020,HAUMOANA ROAD,TUKI TUKI ROAD,Non-Injury Crash,No,2019,West,0.0,0.0,Flat,0.0,,0.0,0.0,Dark,1406900.0,0.0,0.0,0.0,2.0,0.0,0.0,,Hawke's Bay Region,Nil,2-way,Sealed,0.0,0.0,0.0,100.0,0.0,None,0.0,0.0,,30.0,Hastings District,Give way,1.0,1.0,0.0,0.0,0.0,0.0,Open,0.0,0.0,0.0,Mist or Fog
613254,1930028.0,5604232.0,548200.0,0.0,0.0,2.0,Null,2010/2011,WILLOWPARK ROAD SOUTH,LYNDON ROAD EAST,Non-Injury Crash,No,2011,North,0.0,,Flat,,,,,Bright sun,1493700.0,0.0,0.0,0.0,2.0,0.0,,,Hawke's Bay Region,Nil,2-way,Sealed,0.0,0.0,,50.0,,Null,0.0,0.0,,30.0,Hastings District,Nil,,,,,0.0,0.0,Urban,0.0,,,Fine
695846,1930469.0,5606393.0,547600.0,0.0,0.0,2.0,South,2008/2009,TOMOANA ROAD,FREDERICK ST,Non-Injury Crash,No,2008,South,0.0,,Flat,,,,,Overcast,1483700.0,0.0,0.0,0.0,2.0,0.0,,,Hawke's Bay Region,Nil,2-way,Sealed,0.0,0.0,,50.0,,Null,0.0,0.0,30.0,30.0,Hastings District,Nil,,,,,0.0,0.0,Urban,0.0,,,Fine
526570,1923488.0,5588759.0,545851.0,0.0,0.0,1.0,Null,2007/2008,MIDDLE ROAD,ROWE ROAD,Non-Injury Crash,No,2008,South,0.0,1.0,Hill Road,0.0,,0.0,0.0,Bright sun,1465903.0,0.0,0.0,0.0,2.0,0.0,0.0,,Hawke's Bay Region,Nil,2-way,Sealed,0.0,0.0,0.0,100.0,0.0,Null,0.0,0.0,,30.0,Hastings District,Nil,0.0,0.0,0.0,0.0,0.0,0.0,Open,0.0,0.0,0.0,Fine
685317,1935444.0,5645148.0,545811.0,0.0,0.0,1.0,South,2007/2008,SH 2,TANGOIO SETTLEMENT ROAD N,Non-Injury Crash,Yes,2007,South,0.0,,Flat,,,,,Dark,1415600.0,0.0,0.0,0.0,2.0,0.0,,,Hawke's Bay Region,Nil,2-way,Sealed,0.0,0.0,,100.0,,None,0.0,0.0,,30.0,Hastings District,Nil,,,,,0.0,0.0,Open,1.0,,,Light rain
370693,1926094.0,5601248.0,545852.0,0.0,0.0,0.0,South,2012/2013,RAILWAY ROAD SOUTH,LONGLANDS ROAD EAST,Serious Crash,No,2013,North,0.0,0.0,Flat,0.0,,0.0,0.0,Bright sun,1468700.0,0.0,0.0,0.0,2.0,0.0,0.0,,Hawke's Bay Region,Nil,2-way,Sealed,0.0,2.0,0.0,100.0,0.0,Null,0.0,0.0,,30.0,Hastings District,Nil,0.0,0.0,0.0,0.0,0.0,0.0,Open,1.0,0.0,0.0,Fine