OBJECTID,X,Y,areaUnitID,bicycle,bus,carStationWagon,crashDirectionDescription,crashFinancialYear,crashLocation1,crashLocation2,crashSeverity,crashSHDescription,crashYear,directionRoleDescription,fatalCount,fence,flatHill,guardRail,holiday,houseOrBuilding,kerb,light,meshblockId,minorInjuryCount,moped,motorcycle,NumberOfLanes,otherVehicleType,parkedVehicle,pedestrian,region,roadCharacter,roadLane,roadSurface,schoolBus,seriousInjuryCount,slipOrFlood,speedLimit,strayAnimal,streetLight,suv,taxi,temporarySpeedLimit,tlaId,tlaName,trafficControl,trafficIsland,trafficSign,train,tree,truck,unknownVehicleType,urban,vanOrUtility,vehicle,waterRiver,weatherA
628740,1925033.0,5607670.0,548612.0,0.0,0.0,0.0,West,2014/2015,FLAXMERE AVENUE,CHATHAM ROAD,Non-Injury Crash,No,2015,North,0.0,0.0,Flat,0.0,,0.0,0.0,Bright sun,1474107.0,0.0,0.0,0.0,2.0,0.0,0.0,,Hawke's Bay Region,Nil,2-way,Sealed,0.0,0.0,0.0,50.0,0.0,Null,1.0,0.0,,30.0,Hastings District,Nil,0.0,0.0,0.0,1.0,0.0,0.0,Urban,0.0,0.0,0.0,Fine
618058,1936504.3231,5595146.8452,545860.0,0.0,0.0,1.0,South,2019/2020,WAIMARAMA ROAD,KAHURANAKI ROAD,Non-Injury Crash,No,2020,East,0.0,1.0,Hill Road,0.0,,0.0,0.0,Bright sun,1467200.0,0.0,0.0,0.0,2.0,0.0,0.0,,Hawke's Bay Region,Nil,2-way,Sealed,0.0,0.0,0.0,100.0,0.0,None,0.0,0.0,,30.0,Hastings District,Nil,0.0,0.0,0.0,0.0,0.0,0.0,Open,0.0,0.0,0.0,Fine
32408,1935662.7284,5610116.2762,545730.0,0.0,0.0,2.0,North,2019/2020,002-0661,RICHMOND ROAD,Minor Crash,Yes,2019,South,0.0,,Flat,,,,,Bright sun,1404700.0,2.0,0.0,0.0,2.0,0.0,,,Hawke's Bay Region,Nil,2-way,Sealed,0.0,0.0,,80.0,,None,0.0,0.0,,30.0,Hastings District,Unknown,,,,,0.0,0.0,Open,1.0,,,Fine
519529,1910730.0,5664110.0,545911.0,0.0,0.0,0.0,North,2016/2017,SH 5,TE HAROTO ROAD,Non-Injury Crash,Yes,2017,West,0.0,,Hill Road,,,,,Bright sun,1414300.0,0.0,0.0,0.0,2.0,0.0,,,Hawke's Bay Region,Nil,2-way,Sealed,0.0,0.0,,100.0,,Null,0.0,0.0,,30.0,Hastings District,Unknown,,,,,0.0,0.0,Open,1.0,,,Fine
133524,1928892.0,5606140.0,547700.0,0.0,0.0,1.0,South,2008/2009,HERETAUNGA ST WEST,STORTFORD ST,Non-Injury Crash,No,2008,East,0.0,,Flat,,,,,Overcast,1486700.0,0.0,0.0,0.0,2.0,0.0,,,Hawke's Bay Region,Nil,2-way,Sealed,0.0,0.0,,50.0,,Null,1.0,0.0,,30.0,Hastings District,Nil,,,,,0.0,0.0,Urban,0.0,,,Heavy rain
213198,1931731.0,5632086.0,545812.0,0.0,0.0,0.0,West,2016/2017,SH 5,HILL ROAD,Serious Crash,Yes,2016,East,0.0,0.0,Flat,0.0,,0.0,0.0,Bright sun,1414200.0,0.0,0.0,0.0,2.0,0.0,0.0,,Hawke's Bay Region,Nil,2-way,Sealed,0.0,1.0,0.0,100.0,0.0,Null,0.0,0.0,,30.0,Hastings District,Unknown,0.0,1.0,0.0,0.0,0.0,0.0,Open,1.0,0.0,0.0,Fine
424162,1940169.0,5594479.0,545860.0,0.0,0.0,0.0,East,2003/2004,WAIMARAMA ROAD,MARAETOTARA ROAD,Serious Crash,No,2004,North,0.0,1.0,Flat,0.0,,0.0,0.0,Bright sun,1467600.0,0.0,0.0,0.0,2.0,0.0,0.0,,Hawke's Bay Region,Nil,2-way,Sealed,0.0,1.0,0.0,100.0,0.0,Null,0.0,0.0,,30.0,Hastings District,Nil,0.0,0.0,0.0,1.0,1.0,0.0,Open,0.0,0.0,1.0,Fine
100891,1929452.2578,5606003.506,547700.0,0.0,0.0,1.0,South,2018/2019,ST AUBYN STREET WEST,GRAYS ROAD,Non-Injury Crash,No,2019,West,0.0,0.0,Flat,0.0,,0.0,0.0,Twilight,1488300.0,0.0,0.0,0.0,2.0,0.0,0.0,,Hawke's Bay Region,Nil,2-way,Sealed,0.0,0.0,0.0,50.0,0.0,On,0.0,0.0,,30.0,Hastings District,Unknown,0.0,1.0,0.0,0.0,0.0,0.0,Urban,0.0,0.0,0.0,Fine
72576,1923046.0,5611809.0,545822.0,0.0,0.0,2.0,Null,2000/2001,TAIHAPE ROAD,SWAMP ROAD,Non-Injury Crash,No,2001,East,0.0,,Flat,,,,,Overcast,1409300.0,0.0,0.0,0.0,2.0,0.0,,,Hawke's Bay Region,Nil,2-way,Sealed,0.0,0.0,,50.0,,Off,0.0,0.0,,30.0,Hastings District,Give way,,,,,0.0,0.0,Urban,0.0,,,Fine
368001,1929464.0,5605185.0,548200.0,0.0,0.0,2.0,Null,2010/2011,NELSON ST SOUTH,EASTBOURNE ST WEST,Minor Crash,No,2011,North,0.0,,Flat,,,,,Overcast,1488900.0,1.0,0.0,0.0,2.0,0.0,,,Hawke's Bay Region,Nil,2-way,Sealed,0.0,0.0,,50.0,,Null,0.0,0.0,,30.0,Hastings District,Stop,,,,,0.0,0.0,Urban,0.0,,,Light rain
379295,1917652.0,5592485.0,545851.0,0.0,0.0,1.0,North,2001/2002,SH 2,WHAREMOANA ROAD,Serious Crash,Yes,2002,North,0.0,,Flat,,,,,Bright sun,1464200.0,1.0,0.0,0.0,2.0,0.0,,,Hawke's Bay Region,Nil,2-way,Sealed,0.0,1.0,,100.0,,Null,0.0,0.0,,30.0,Hastings District,Nil,,,,,0.0,0.0,Open,0.0,,,Fine
26042,1931383.0,5601170.0,545762.0,0.0,0.0,0.0,North,2002/2003,TE AUTE ROAD,GILPIN ROAD,Minor Crash,No,2003,South,0.0,1.0,Flat,0.0,,0.0,0.0,Overcast,1465200.0,1.0,0.0,0.0,2.0,0.0,0.0,,Hawke's Bay Region,Nil,2-way,Sealed,0.0,0.0,0.0,100.0,0.0,Null,0.0,0.0,,30.0,Hastings District,Nil,0.0,0.0,0.0,0.0,0.0,0.0,Open,1.0,0.0,0.0,Light rain
351711,1932356.0,5601398.0,548821.0,1.0,0.0,1.0,Null,2018/2019,MIDDLE ROAD,LUCKNOW ROAD,Minor Crash,No,2018,South,0.0,,Flat,,,,,Bright sun,1507001.0,1.0,0.0,0.0,2.0,0.0,,,Hawke's Bay Region,Nil,2-way,Sealed,0.0,0.0,,50.0,,Null,0.0,0.0,,30.0,Hastings District,Give way,,,,,0.0,0.0,Urban,0.0,,,Fine
412278,1929655.0,5608600.0,545710.0,0.0,0.0,0.0,West,2003/2004,EVENDEN ROAD,PERCIVAL ROAD,Serious Crash,No,2004,West,0.0,,Flat,,Easter,,,Dark,1471100.0,0.0,0.0,1.0,2.0,0.0,,,Hawke's Bay Region,Nil,2-way,Sealed,0.0,1.0,,100.0,,On,0.0,0.0,,30.0,Hastings District,Nil,,,,,0.0,0.0,Open,0.0,,,Fine
493932,1929494.0,5651315.0,545911.0,0.0,0.0,0.0,Null,2004/2005,MOKAMOKA ROAD,WAIKOAU ROAD,Serious Crash,No,2004,North,0.0,,Flat,,,,,Bright sun,1416000.0,2.0,0.0,0.0,2.0,0.0,,,Hawke's Bay Region,Nil,2-way,Unsealed,0.0,1.0,,100.0,,Null,0.0,0.0,,30.0,Hastings District,Nil,,,,,1.0,0.0,Open,1.0,,,Fine
457894,1936203.0,5611047.0,545730.0,0.0,0.0,1.0,South,2007/2008,SH 2,HELLYERS LANE,Minor Crash,Yes,2008,South,0.0,,Flat,,,,,Bright sun,1405500.0,2.0,0.0,0.0,2.0,0.0,,,Hawke's Bay Region,Nil,2-way,Sealed,0.0,0.0,,100.0,,Null,1.0,0.0,,30.0,Hastings District,Nil,,,,,0.0,0.0,Open,0.0,,,Fine
209441,1929851.0,5605477.0,548200.0,0.0,0.0,1.0,Null,2002/2003,ST AUBYN ST WEST,NELSON ST NORTH,Non-Injury Crash,No,2002,West,0.0,,Flat,,,,,Bright sun,1491000.0,0.0,0.0,0.0,5.0,0.0,,,Hawke's Bay Region,Nil,2-way,Sealed,0.0,0.0,,50.0,,Null,0.0,0.0,,30.0,Hastings District,Stop,,,,,0.0,0.0,Urban,1.0,,,Fine
276607,1930175.0,5603177.0,548300.0,0.0,0.0,0.0,North,2014/2015,WAVELL ST,WAVELL PLACE,Non-Injury Crash,No,2015,North,0.0,1.0,Flat,0.0,,0.0,0.0,Bright sun,1503000.0,0.0,0.0,0.0,2.0,0.0,0.0,,Hawke's Bay Region,Nil,2-way,Sealed,0.0,0.0,0.0,50.0,0.0,Null,0.0,0.0,,30.0,Hastings District,Nil,0.0,0.0,0.0,0.0,0.0,0.0,Urban,1.0,0.0,0.0,Fine
69970,1930895.0,5605062.0,548200.0,0.0,0.0,0.0,South,2007/2008,MILLER ST,JERVOIS ST,Non-Injury Crash,No,2007,North,0.0,0.0,Flat,0.0,,0.0,0.0,Bright sun,1495200.0,0.0,0.0,0.0,2.0,0.0,1.0,,Hawke's Bay Region,Nil,2-way,Sealed,0.0,0.0,0.0,50.0,0.0,Null,0.0,0.0,,30.0,Hastings District,Nil,0.0,0.0,0.0,0.0,0.0,0.0,Urban,2.0,0.0,0.0,Fine
111280,1926811.0,5607939.0,545710.0,0.0,0.0,1.0,East,2017/2018,OMAHU ROAD,RAUPARE ROAD,Serious Crash,No,2018,West,0.0,0.0,Flat,0.0,,0.0,0.0,Bright sun,1471000.0,0.0,0.0,0.0,2.0,0.0,0.0,,Hawke's Bay Region,Nil,2-way,Sealed,0.0,1.0,0.0,50.0,0.0,Null,0.0,0.0,,30.0,Hastings District,Unknown,0.0,0.0,0.0,0.0,0.0,0.0,Urban,0.0,0.0,0.0,Fine
603332,1928950.0,5604898.0,547900.0,0.0,0.0,1.0,East,2005/2006,Z CPK HBJC RACECOURSE,PROSPECT/SOUTHLAND,Non-Injury Crash,No,2005,North,0.0,0.0,Flat,0.0,,0.0,0.0,Bright sun,1482100.0,0.0,0.0,0.0,1.0,0.0,0.0,,Hawke's Bay Region,Nil,Off road,Sealed,0.0,0.0,0.0,50.0,0.0,Null,0.0,0.0,,30.0,Hastings District,Nil,0.0,0.0,0.0,0.0,0.0,0.0,Urban,0.0,0.0,0.0,Fine
16786,1918222.0,5592957.0,545851.0,0.0,0.0,1.0,South,2008/2009,SH 2,POUKAWA ROAD,Non-Injury Crash,Yes,2009,North,0.0,1.0,Flat,0.0,,0.0,0.0,Overcast,1464200.0,0.0,0.0,0.0,2.0,0.0,0.0,,Hawke's Bay Region,Nil,2-way,Sealed,0.0,0.0,0.0,100.0,0.0,Null,0.0,0.0,,30.0,Hastings District,Nil,0.0,0.0,0.0,0.0,0.0,0.0,Open,0.0,0.0,0.0,Fine
174901,1930481.0,5610271.0,545832.0,0.0,0.0,2.0,Null,2013/2014,SH 50A,NGARURORO BR,Serious Crash,Yes,2013,North,0.0,0.0,Flat,0.0,,0.0,0.0,Dark,1404400.0,0.0,0.0,0.0,2.0,0.0,0.0,,Hawke's Bay Region,Bridge,2-way,Sealed,0.0,1.0,0.0,100.0,0.0,None,1.0,0.0,,30.0,Hastings District,Nil,0.0,0.0,0.0,0.0,0.0,0.0,Open,0.0,2.0,0.0,Fine
70062,1932135.0,5611578.0,545832.0,0.0,0.0,1.0,South,2015/2016,PAKOWHAI ROAD,CHESTERHOPE ROAD,Non-Injury Crash,No,2016,South,0.0,0.0,Flat,0.0,,0.0,0.0,Unknown,1403900.0,0.0,0.0,0.0,2.0,0.0,0.0,,Hawke's Bay Region,Nil,2-way,Sealed,0.0,0.0,0.0,80.0,0.0,None,0.0,0.0,,30.0,Hastings District,Unknown,0.0,0.0,0.0,0.0,0.0,0.0,Open,0.0,0.0,0.0,Null
288860,1902654.1924,5599040.3601,545841.0,0.0,0.0,0.0,West,2019/2020,SH 50,AWATEA STUD,Non-Injury Crash,Yes,2019,South,0.0,,Hill Road,,,,,Bright sun,1462600.0,0.0,0.0,0.0,2.0,0.0,,,Hawke's Bay Region,Nil,2-way,Sealed,0.0,0.0,,100.0,,Off,0.0,0.0,,30.0,Hastings District,Unknown,,,,,1.0,0.0,Open,0.0,,,Fine
429769,1929682.0,5614539.0,545831.0,0.0,0.0,1.0,North,1999/2000,WAIOHIKI ROAD,VICTORIA LANE,Non-Injury Crash,No,2000,South,0.0,0.0,Flat,0.0,,0.0,0.0,Overcast,1404600.0,0.0,0.0,0.0,2.0,0.0,0.0,,Hawke's Bay Region,Nil,2-way,Sealed,0.0,0.0,0.0,70.0,0.0,Null,0.0,0.0,,30.0,Hastings District,Nil,0.0,0.0,0.0,0.0,0.0,0.0,Urban,0.0,0.0,0.0,Light rain
185832,1931236.0,5605685.0,548000.0,0.0,1.0,0.0,West,2017/2018,KARAMU ROAD NORTH,MAYFAIR AVENUE,Serious Crash,No,2018,East,0.0,,Flat,,,,,Bright sun,1495600.0,0.0,0.0,0.0,2.0,0.0,,1.0,Hawke's Bay Region,Nil,2-way,Sealed,0.0,1.0,,50.0,,Null,0.0,0.0,,30.0,Hastings District,Unknown,,,,,0.0,0.0,Urban,1.0,,,Fine
102122,1936380.0,5611186.0,545730.0,0.0,0.0,2.0,North,2009/2010,SH 2,FERRY ROAD,Non-Injury Crash,Yes,2010,South,0.0,,Flat,,,,,Bright sun,1404700.0,0.0,0.0,0.0,2.0,0.0,,,Hawke's Bay Region,Nil,2-way,Sealed,0.0,0.0,,50.0,,Null,0.0,0.0,,30.0,Hastings District,Nil,,,,,0.0,0.0,Urban,0.0,,,Fine
76601,1926213.0,5606304.0,545761.0,0.0,0.0,2.0,Null,2014/2015,FLAXMERE AVENUE,SH 50A,Non-Injury Crash,No,2014,East,0.0,,Flat,,,,,Dark,1469905.0,0.0,0.0,0.0,2.0,0.0,,,Hawke's Bay Region,Nil,2-way,Sealed,0.0,0.0,,100.0,,On,0.0,0.0,,30.0,Hastings District,Give way,,,,,0.0,0.0,Open,0.0,,,Fine
504663,1930935.0,5613540.0,545831.0,0.0,0.0,2.0,Null,2001/2002,SH 50,SH 50A,Non-Injury Crash,Yes,2002,East,0.0,,Flat,,,,,Bright sun,1404600.0,0.0,0.0,0.0,3.0,0.0,,,Hawke's Bay Region,Nil,2-way,Sealed,0.0,0.0,,100.0,,Null,0.0,0.0,,30.0,Hastings District,Give way,,,,,0.0,0.0,Open,0.0,,,Fine
383985,1928678.0,5609906.0,545710.0,0.0,0.0,2.0,Null,2011/2012,RAUPARE ROAD,EVENDEN ROAD,Non-Injury Crash,No,2011,East,0.0,,Flat,,,,,Bright sun,1470700.0,0.0,0.0,0.0,2.0,0.0,,,Hawke's Bay Region,Nil,2-way,Sealed,0.0,0.0,,100.0,,Null,0.0,0.0,,30.0,Hastings District,Stop,,,,,0.0,0.0,Open,0.0,,,Fine
693171,1924601.0,5606723.0,548612.0,1.0,0.0,1.0,East,2000/2001,WALTON WAY,BERWICK ST,Serious Crash,No,2001,West,0.0,,Flat,,,,,Bright sun,1474600.0,0.0,0.0,0.0,2.0,0.0,,,Hawke's Bay Region,Nil,2-way,Sealed,0.0,1.0,,50.0,,Null,0.0,0.0,,30.0,Hastings District,Nil,,,,,0.0,0.0,Urban,0.0,,,Fine
272673,1929549.0,5604672.0,548200.0,0.0,0.0,0.0,Null,2004/2005,RAILWAY ROAD,SOUTHAMPTON ST WEST,Minor Crash,No,2005,North,0.0,,Flat,,,,,Bright sun,1489700.0,1.0,0.0,1.0,3.0,0.0,,,Hawke's Bay Region,Nil,2-way,Sealed,0.0,0.0,,50.0,,Null,0.0,0.0,,30.0,Hastings District,Traffic Signals,,,,,0.0,0.0,Urban,1.0,,,Fine
318611,1930722.0,5605110.0,548200.0,0.0,0.0,1.0,Null,2018/2019,ALEXANDRA ST,HASTINGS ST NORTH,Non-Injury Crash,No,2018,South,0.0,,Flat,,,,,Overcast,1494700.0,0.0,0.0,0.0,2.0,0.0,,,Hawke's Bay Region,Nil,2-way,Sealed,0.0,0.0,,50.0,,Null,1.0,0.0,,30.0,Hastings District,Give way,,,,,0.0,0.0,Urban,0.0,,,Light rain
741073,1928722.0,5605577.0,547700.0,0.0,0.0,2.0,West,2012/2013,TOWNSHEND ST,SOUTHAMPTON ST WEST,Non-Injury Crash,No,2012,West,0.0,0.0,Flat,0.0,,0.0,0.0,Dark,1487000.0,0.0,0.0,0.0,2.0,0.0,1.0,,Hawke's Bay Region,Nil,2-way,Sealed,0.0,0.0,0.0,50.0,0.0,On,0.0,0.0,,30.0,Hastings District,Nil,0.0,0.0,0.0,0.0,0.0,0.0,Urban,0.0,0.0,0.0,Fine
290334,1927570.0,5607415.0,548400.0,0.0,0.0,1.0,Null,2004/2005,SH 50A,OMAHU ROAD,Non-Injury Crash,Yes,2004,North,0.0,0.0,Flat,0.0,,0.0,0.0,Bright sun,1473500.0,0.0,0.0,0.0,4.0,0.0,0.0,,Hawke's Bay Region,Nil,2-way,Sealed,0.0,0.0,0.0,100.0,0.0,Null,0.0,0.0,,30.0,Hastings District,Give way,0.0,0.0,0.0,0.0,0.0,0.0,Open,0.0,0.0,0.0,Fine
640305,1929801.0,5604890.0,548200.0,0.0,0.0,1.0,South,2009/2010,RUSSELL ST SOUTH,HERETAUNGA ST EAST,Non-Injury Crash,No,2009,South,0.0,0.0,Flat,0.0,,0.0,0.0,Bright sun,1492000.0,0.0,0.0,0.0,2.0,0.0,1.0,,Hawke's Bay Region,Nil,2-way,Sealed,0.0,0.0,0.0,50.0,0.0,Null,1.0,0.0,,30.0,Hastings District,Nil,0.0,0.0,0.0,0.0,0.0,0.0,Urban,0.0,0.0,0.0,Fine
637459,1928629.4839,5604262.5094,547900.0,0.0,0.0,1.0,Null,2020/2021,MONTGOMERY STREET,FREYBERG STREET,Minor Crash,No,2020,South,0.0,2.0,Flat,0.0,,0.0,0.0,Dark,1482300.0,1.0,0.0,0.0,2.0,0.0,0.0,,Hawke's Bay Region,Nil,2-way,Sealed,0.0,0.0,0.0,50.0,0.0,Off,0.0,0.0,,30.0,Hastings District,Nil,0.0,0.0,0.0,1.0,0.0,0.0,Urban,0.0,0.0,0.0,Fine
740968,1929850.0,5605477.0,548200.0,0.0,0.0,2.0,Null,2016/2017,NELSON ST NORTH,ST AUBYN ST WEST,Non-Injury Crash,No,2017,South,0.0,,Flat,,,,,Bright sun,1490405.0,0.0,0.0,0.0,2.0,0.0,,,Hawke's Bay Region,Nil,2-way,Sealed,0.0,0.0,,50.0,,Null,0.0,0.0,,30.0,Hastings District,Traffic Signals,,,,,0.0,0.0,Urban,0.0,,,Fine
69947,1929775.9856,5604038.1439,548300.0,0.0,0.0,2.0,Null,2018/2019,WILLOWPARK ROAD SOUTH,ELIM ROAD,Minor Crash,No,2019,South,0.0,,Flat,,,,,Bright sun,1502300.0,1.0,0.0,0.0,2.0,0.0,,,Hawke's Bay Region,Nil,2-way,Sealed,0.0,0.0,,50.0,,Off,0.0,0.0,,30.0,Hastings District,Give way,,,,,0.0,0.0,Urban,0.0,,,Fine
670898,1929179.0,5605159.0,548200.0,0.0,0.0,2.0,Null,2010/2011,SOUTHLAND ROAD,SOUTHAMPTON ST WEST,Non-Injury Crash,No,2010,South,0.0,,Flat,,,,,Overcast,1488600.0,0.0,0.0,0.0,2.0,0.0,,,Hawke's Bay Region,Nil,2-way,Sealed,0.0,0.0,,50.0,,Null,0.0,0.0,,30.0,Hastings District,Give way,,,,,0.0,0.0,Urban,0.0,,,Heavy rain
228941,1929908.0,5605518.0,548200.0,0.0,0.0,2.0,North,2005/2006,NELSON ST NORTH,ST AUBYN ST WEST,Non-Injury Crash,No,2005,North,0.0,0.0,Flat,0.0,,0.0,0.0,Dark,1491000.0,0.0,0.0,0.0,2.0,0.0,1.0,,Hawke's Bay Region,Nil,2-way,Sealed,0.0,0.0,0.0,50.0,0.0,On,0.0,0.0,,30.0,Hastings District,Nil,0.0,0.0,0.0,0.0,0.0,0.0,Urban,0.0,0.0,0.0,Fine
511336,1936395.0,5612084.0,545832.0,0.0,0.0,1.0,North,2013/2014,SH 2,FARNDON ROAD,Non-Injury Crash,Yes,2014,North,0.0,0.0,Flat,0.0,,0.0,0.0,Overcast,1404200.0,0.0,0.0,0.0,3.0,0.0,0.0,,Hawke's Bay Region,Nil,2-way,Sealed,0.0,0.0,0.0,100.0,0.0,None,0.0,0.0,,30.0,Hastings District,Nil,0.0,0.0,0.0,0.0,0.0,0.0,Open,0.0,0.0,0.0,Heavy rain
84504,1918548.9348,5630832.86,545821.0,0.0,0.0,0.0,West,2019/2020,PUKETITIRI ROAD,APLEY ROAD,Minor Crash,No,2019,East,0.0,0.0,Hill Road,0.0,,0.0,0.0,Dark,1412200.0,1.0,0.0,0.0,2.0,0.0,0.0,,Hawke's Bay Region,Nil,2-way,Sealed,0.0,0.0,0.0,100.0,0.0,None,1.0,0.0,,30.0,Hastings District,Unknown,0.0,0.0,0.0,0.0,0.0,0.0,Open,0.0,0.0,0.0,Fine
573960,1911041.0,5604766.0,545841.0,0.0,0.0,0.0,East,2003/2004,SH 50,KERERU ROAD,Fatal Crash,Yes,2003,West,1.0,1.0,Hill Road,0.0,,0.0,0.0,Overcast,1462800.0,0.0,0.0,0.0,2.0,0.0,0.0,,Hawke's Bay Region,Nil,2-way,Sealed,0.0,0.0,0.0,100.0,0.0,Null,0.0,0.0,,30.0,Hastings District,Nil,0.0,0.0,0.0,0.0,1.0,0.0,Open,0.0,0.0,0.0,Fine
577782,1929355.0,5604926.0,548200.0,0.0,0.0,2.0,East,2002/2003,SOUTHAMPTON ST WEST,NELSON ST SOUTH,Serious Crash,No,2003,West,0.0,0.0,Flat,0.0,,0.0,0.0,Bright sun,1489300.0,0.0,0.0,0.0,2.0,0.0,1.0,,Hawke's Bay Region,Nil,2-way,Sealed,0.0,1.0,0.0,50.0,0.0,Null,0.0,0.0,,30.0,Hastings District,Nil,0.0,1.0,0.0,0.0,0.0,0.0,Urban,0.0,0.0,0.0,Fine
687989,1929872.0,5604644.0,548200.0,0.0,0.0,2.0,Null,2012/2013,EASTBOURNE ST EAST,WARREN ST SOUTH,Non-Injury Crash,No,2013,West,0.0,,Flat,,,,,Bright sun,1493200.0,0.0,0.0,0.0,2.0,0.0,,,Hawke's Bay Region,Nil,2-way,Sealed,0.0,0.0,,50.0,,Null,0.0,0.0,,30.0,Hastings District,Give way,,,,,0.0,0.0,Urban,0.0,,,Fine
52375,1928862.0,5606180.0,547700.0,0.0,0.0,2.0,North,2003/2004,HERETAUNGA ST WEST,STORTFORD ST,Non-Injury Crash,No,2004,North,0.0,0.0,Flat,0.0,,0.0,0.0,Overcast,1486600.0,0.0,0.0,0.0,2.0,0.0,1.0,,Hawke's Bay Region,Nil,2-way,Sealed,0.0,0.0,0.0,50.0,0.0,Null,0.0,0.0,,30.0,Hastings District,Nil,0.0,0.0,0.0,0.0,0.0,0.0,Urban,0.0,0.0,0.0,Fine
634173,1929851.0,5605477.0,548200.0,0.0,0.0,0.0,Null,2008/2009,ST AUBYN ST WEST,NELSON ST NORTH,Non-Injury Crash,No,2009,East,0.0,,Flat,,,,,Bright sun,1491000.0,0.0,0.0,0.0,2.0,0.0,,,Hawke's Bay Region,Nil,2-way,Sealed,0.0,0.0,,50.0,,Null,1.0,0.0,,30.0,Hastings District,Traffic Signals,,,,,0.0,0.0,Urban,1.0,,,Fine
52955,1937415.0,5606290.0,545740.0,0.0,0.0,1.0,North,2015/2016,TUKITUKI ROAD,TENNANT ROAD,Non-Injury Crash,No,2015,North,0.0,0.0,Flat,0.0,,0.0,0.0,Overcast,1407700.0,0.0,0.0,0.0,2.0,0.0,0.0,,Hawke's Bay Region,Nil,2-way,Sealed,0.0,0.0,0.0,100.0,0.0,Null,0.0,0.0,,30.0,Hastings District,Unknown,0.0,0.0,0.0,0.0,0.0,0.0,Open,0.0,0.0,0.0,Fine
188657,1929860.0,5604457.0,548200.0,0.0,0.0,2.0,Null,2002/2003,HASTINGS ST SOUTH,LYNDON ROAD EAST,Non-Injury Crash,No,2003,South,0.0,,Flat,,,,,Overcast,1493100.0,0.0,0.0,0.0,2.0,0.0,,,Hawke's Bay Region,Nil,2-way,Sealed,0.0,0.0,,50.0,,Null,0.0,0.0,,30.0,Hastings District,Give way,,,,,0.0,0.0,Urban,0.0,,,Fine
229534,1929980.0,5604196.0,548200.0,0.0,0.0,2.0,Null,2016/2017,WILLOWPARK ROAD SOUTH,BULLER ST,Non-Injury Crash,No,2017,East,0.0,,Flat,,,,,Dark,1493600.0,0.0,0.0,0.0,2.0,0.0,,,Hawke's Bay Region,Nil,2-way,Sealed,0.0,0.0,,50.0,,On,0.0,0.0,,30.0,Hastings District,Give way,,,,,0.0,0.0,Urban,0.0,,,Fine
551696,1933298.0,5608501.0,545722.0,0.0,0.0,2.0,Null,2002/2003,ANDERSON ROAD,WHAKATU ROAD,Minor Crash,No,2003,South,0.0,,Flat,,,,,Dark,1405700.0,1.0,0.0,0.0,2.0,0.0,,,Hawke's Bay Region,Nil,2-way,Sealed,0.0,0.0,,100.0,,None,0.0,0.0,,30.0,Hastings District,Nil,,,,,0.0,0.0,Open,0.0,,,Fine
312860,1936109.8267,5595399.4764,545860.0,0.0,0.0,1.0,South,2019/2020,KAHURANAKI ROAD,WAIMARAMA ROAD,Minor Crash,No,2019,South,0.0,,Hill Road,,,,,Overcast,1467400.0,1.0,0.0,0.0,2.0,0.0,,,Hawke's Bay Region,Nil,2-way,Sealed,0.0,0.0,,100.0,,Off,0.0,0.0,,30.0,Hastings District,Unknown,,,,,1.0,0.0,Open,0.0,,,Light rain
150601,1924986.0,5637529.0,545811.0,0.0,0.0,0.0,South,2004/2005,SH 5,GLENGARRY ROAD,Serious Crash,Yes,2004,South,0.0,,Hill Road,,,,,Bright sun,1414800.0,0.0,0.0,0.0,3.0,0.0,,,Hawke's Bay Region,Nil,2-way,Sealed,0.0,1.0,,100.0,,Null,0.0,0.0,,30.0,Hastings District,Nil,,,,,1.0,0.0,Open,0.0,,,Fine
284697,1928329.0,5606718.0,547800.0,0.0,0.0,2.0,Null,2011/2012,OMAHU ROAD,CANNING ROAD,Non-Injury Crash,No,2012,South,0.0,,Flat,,,,,Overcast,1477100.0,0.0,0.0,0.0,2.0,0.0,,,Hawke's Bay Region,Nil,2-way,Sealed,0.0,0.0,,50.0,,Null,0.0,0.0,,30.0,Hastings District,Stop,,,,,0.0,0.0,Urban,0.0,,,Heavy rain
650561,1927597.0,5605358.0,545761.0,0.0,0.0,1.0,Null,2005/2006,MARAEKAKAHO ROAD,WALL ROAD,Non-Injury Crash,No,2006,South,0.0,,Flat,,,,,Dark,1469905.0,0.0,0.0,0.0,2.0,0.0,,,Hawke's Bay Region,Nil,2-way,Sealed,0.0,0.0,,50.0,,On,1.0,0.0,,30.0,Hastings District,Give way,,,,,0.0,0.0,Urban,0.0,,,Mist or Fog
736877,1943942.0,5659644.0,545911.0,0.0,0.0,0.0,South,2012/2013,SH 2,PUTORINO STATION ROAD,Non-Injury Crash,Yes,2013,South,0.0,,Flat,,,,,Bright sun,1415100.0,0.0,0.0,0.0,2.0,0.0,,,Hawke's Bay Region,Nil,2-way,Sealed,0.0,0.0,,100.0,,Null,0.0,0.0,,30.0,Hastings District,Nil,,,,,1.0,0.0,Open,0.0,,,Fine