OBJECTID,X,Y,areaUnitID,bicycle,bus,carStationWagon,crashDirectionDescription,crashFinancialYear,crashLocation1,crashLocation2,crashSeverity,crashSHDescription,crashYear,directionRoleDescription,fatalCount,fence,flatHill,guardRail,holiday,houseOrBuilding,kerb,light,meshblockId,minorInjuryCount,moped,motorcycle,NumberOfLanes,otherVehicleType,parkedVehicle,pedestrian,region,roadCharacter,roadLane,roadSurface,schoolBus,seriousInjuryCount,slipOrFlood,speedLimit,strayAnimal,streetLight,suv,taxi,temporarySpeedLimit,tlaId,tlaName,trafficControl,trafficIsland,trafficSign,train,tree,truck,unknownVehicleType,urban,vanOrUtility,vehicle,waterRiver,weatherA
596652,1928310.0,5605897.0,548500.0,1.0,0.0,1.0,North,2012/2013,MARAEKAKAHO ROAD,LOWE ST,Minor Crash,No,2013,North,0.0,,Flat,,,,,Dark,1479600.0,1.0,0.0,0.0,2.0,0.0,,,Hawke's Bay Region,Nil,2-way,Sealed,0.0,0.0,,50.0,,On,0.0,0.0,,30.0,Hastings District,Nil,,,,,0.0,0.0,Urban,0.0,,,Fine
135752,1918909.0,5647693.0,545811.0,0.0,0.0,0.0,North,2004/2005,SH 5,OLD TAUPO COACH ROAD,Non-Injury Crash,Yes,2005,North,0.0,0.0,Hill Road,0.0,,0.0,0.0,Overcast,1414700.0,0.0,0.0,0.0,2.0,0.0,0.0,,Hawke's Bay Region,Nil,2-way,Sealed,0.0,0.0,0.0,100.0,0.0,Null,0.0,0.0,,30.0,Hastings District,Nil,0.0,0.0,0.0,0.0,1.0,0.0,Open,0.0,0.0,0.0,Light rain
350305,1928969.0,5617812.0,545821.0,0.0,0.0,0.0,East,1999/2000,PUKETAPU ROAD,SPRINGFIELD ROAD,Serious Crash,No,2000,South,0.0,,Hill Road,,,,,Bright sun,1410902.0,0.0,0.0,1.0,2.0,0.0,,,Hawke's Bay Region,Nil,2-way,Sealed,0.0,1.0,,100.0,,Null,0.0,0.0,,30.0,Hastings District,Nil,,,,,0.0,0.0,Open,0.0,,,Fine
616686,1934746.0,5598527.0,548833.0,0.0,0.0,1.0,East,2000/2001,TE MATA PEAK ROAD,SIMLA AVENUE,Serious Crash,No,2001,South,0.0,0.0,Hill Road,0.0,,0.0,0.0,Dark,1467003.0,4.0,0.0,0.0,1.0,0.0,0.0,,Hawke's Bay Region,Nil,2-way,Sealed,0.0,1.0,0.0,100.0,0.0,None,0.0,0.0,,30.0,Hastings District,Nil,0.0,0.0,0.0,0.0,0.0,0.0,Open,0.0,0.0,0.0,Mist or Fog
359726,1927408.0,5607570.0,548400.0,0.0,0.0,2.0,North,2009/2010,OMAHU ROAD,KELFIELD PLACE,Minor Crash,No,2010,West,0.0,,Flat,,,,,Bright sun,1473600.0,1.0,0.0,0.0,2.0,0.0,,,Hawke's Bay Region,Nil,2-way,Sealed,0.0,0.0,,50.0,,Null,1.0,0.0,,30.0,Hastings District,Nil,,,,,0.0,0.0,Urban,0.0,,,Fine
462999,1927296.0,5605131.0,545761.0,0.0,0.0,2.0,Null,2008/2009,YORK ROAD,MARAEKAKAHO ROAD,Non-Injury Crash,No,2009,East,0.0,,Flat,,,,,Twilight,1469905.0,0.0,0.0,0.0,2.0,0.0,,,Hawke's Bay Region,Nil,2-way,Sealed,0.0,0.0,,70.0,,On,0.0,0.0,,30.0,Hastings District,Give way,,,,,0.0,0.0,Urban,0.0,,,Light rain
363400,1929035.0,5608500.0,545710.0,0.0,0.0,0.0,South,2004/2005,SH 50A,EVENDEN ROAD,Minor Crash,Yes,2005,South,0.0,,Flat,,,,,Dark,1471201.0,1.0,0.0,0.0,2.0,0.0,,1.0,Hawke's Bay Region,Nil,2-way,Sealed,0.0,0.0,,100.0,,None,0.0,0.0,,30.0,Hastings District,Nil,,,,,1.0,0.0,Open,0.0,,,Fine
538158,1932389.8953,5609122.6018,545721.0,0.0,0.0,1.0,Null,2020/2021,TE ARA KAHIKATEA,PAKOWHAI ROAD,Non-Injury Crash,No,2020,West,0.0,0.0,Flat,0.0,,0.0,0.0,Overcast,1471600.0,0.0,0.0,0.0,2.0,0.0,0.0,,Hawke's Bay Region,Nil,2-way,Sealed,0.0,0.0,0.0,80.0,0.0,None,0.0,0.0,,30.0,Hastings District,Give way,0.0,1.0,0.0,0.0,0.0,0.0,Open,1.0,0.0,0.0,Light rain
507334,1929990.0,5601867.0,545762.0,0.0,0.0,1.0,South,2010/2011,ST GEORGES ROAD,HAVELOCK ROAD,Non-Injury Crash,No,2011,West,0.0,1.0,Flat,0.0,,0.0,0.0,Bright sun,1468400.0,0.0,0.0,0.0,2.0,0.0,0.0,,Hawke's Bay Region,Nil,2-way,Sealed,0.0,0.0,0.0,80.0,0.0,Null,0.0,0.0,,30.0,Hastings District,Nil,0.0,0.0,0.0,0.0,1.0,0.0,Open,0.0,0.0,0.0,Fine
655716,1911530.7275,5663354.6841,545911.0,0.0,0.0,0.0,South,2018/2019,005-0204,TE HAROTO PO,Minor Crash,Yes,2019,South,0.0,0.0,Hill Road,0.0,,0.0,1.0,Bright sun,1414400.0,1.0,0.0,0.0,2.0,0.0,0.0,,Hawke's Bay Region,Nil,2-way,Sealed,0.0,0.0,0.0,100.0,0.0,None,0.0,0.0,,30.0,Hastings District,Unknown,0.0,0.0,0.0,0.0,0.0,0.0,Open,1.0,0.0,0.0,Fine
332313,1925339.6324,5606297.2934,548620.0,0.0,0.0,2.0,North,2019/2020,LIVERPOOL CRESCENT,SCARBOROUGH ROAD,Non-Injury Crash,No,2020,South,0.0,0.0,Flat,0.0,,0.0,0.0,Dark,1474800.0,0.0,0.0,0.0,2.0,0.0,1.0,,Hawke's Bay Region,Nil,2-way,Sealed,0.0,0.0,0.0,50.0,0.0,On,1.0,0.0,,30.0,Hastings District,Nil,0.0,0.0,0.0,0.0,0.0,0.0,Urban,0.0,0.0,0.0,Light rain
448971,1929695.0,5604830.0,548200.0,0.0,0.0,2.0,South,2002/2003,RAILWAY ROAD,EASTBOURNE ST WEST,Non-Injury Crash,No,2002,North,0.0,0.0,Flat,0.0,,0.0,0.0,Bright sun,1489900.0,0.0,0.0,0.0,2.0,0.0,1.0,,Hawke's Bay Region,Nil,2-way,Sealed,0.0,0.0,0.0,50.0,0.0,Null,0.0,0.0,,30.0,Hastings District,Nil,0.0,0.0,0.0,0.0,0.0,0.0,Urban,0.0,0.0,0.0,Fine
417373,1923488.0,5588759.0,545851.0,0.0,0.0,0.0,Null,2012/2013,MIDDLE ROAD,ROWE ROAD,Serious Crash,No,2012,North,0.0,1.0,Hill Road,0.0,,0.0,0.0,Twilight,1465903.0,0.0,0.0,1.0,2.0,0.0,0.0,,Hawke's Bay Region,Nil,2-way,Sealed,0.0,1.0,0.0,100.0,0.0,None,0.0,0.0,,30.0,Hastings District,Nil,0.0,0.0,0.0,0.0,0.0,0.0,Open,0.0,0.0,0.0,Fine
497911,1916235.0,5605023.0,545841.0,0.0,0.0,1.0,North,2001/2002,SH 50,VALLEY ROAD,Serious Crash,Yes,2001,East,0.0,1.0,Flat,0.0,,0.0,0.0,Overcast,1462901.0,0.0,0.0,0.0,2.0,0.0,0.0,,Hawke's Bay Region,Nil,2-way,Sealed,0.0,2.0,0.0,100.0,0.0,Null,0.0,0.0,,30.0,Hastings District,Nil,0.0,0.0,0.0,0.0,0.0,0.0,Open,1.0,0.0,0.0,Fine
108342,1930828.0,5603674.0,548300.0,0.0,0.0,2.0,West,2011/2012,HERETAUNGA ST EAST,WINDSOR AVENUE,Non-Injury Crash,No,2011,South,0.0,,Flat,,,,,Bright sun,1502700.0,0.0,0.0,0.0,2.0,0.0,,,Hawke's Bay Region,Nil,2-way,Sealed,0.0,0.0,,50.0,,Null,0.0,0.0,,30.0,Hastings District,Nil,,,,,0.0,0.0,Urban,0.0,,,Fine
681258,1930171.5651,5600862.9205,545762.0,0.0,0.0,1.0,East,2020/2021,TE AUTE ROAD,RICHARD ROAD,Serious Crash,No,2020,East,0.0,1.0,Flat,0.0,,0.0,0.0,Overcast,1465200.0,0.0,0.0,0.0,2.0,0.0,0.0,,Hawke's Bay Region,Nil,2-way,Sealed,0.0,1.0,0.0,100.0,0.0,Off,0.0,0.0,,30.0,Hastings District,Nil,0.0,0.0,0.0,0.0,0.0,0.0,Open,0.0,0.0,0.0,Fine
389998,1937002.0,5613231.0,545832.0,0.0,0.0,1.0,South,2009/2010,SH 2,WAITANGI ROAD,Minor Crash,Yes,2009,North,0.0,,Flat,,,,,Bright sun,1404000.0,2.0,0.0,0.0,2.0,0.0,,,Hawke's Bay Region,Nil,2-way,Sealed,0.0,0.0,,100.0,,Null,1.0,0.0,,30.0,Hastings District,Nil,,,,,0.0,0.0,Open,0.0,,,Fine
608590,1926903.7215,5605661.5753,545761.0,0.0,0.0,0.0,North,2019/2020,YORK ROAD,MARAEKAKAHO ROAD,Non-Injury Crash,No,2019,West,0.0,0.0,Flat,0.0,,0.0,0.0,Dark,1469905.0,0.0,0.0,0.0,2.0,0.0,0.0,,Hawke's Bay Region,Nil,2-way,Sealed,0.0,0.0,0.0,80.0,0.0,None,0.0,0.0,,30.0,Hastings District,Unknown,0.0,0.0,0.0,0.0,0.0,0.0,Open,1.0,0.0,0.0,Fine
238059,1932032.0,5606171.0,545721.0,0.0,0.0,1.0,Null,2003/2004,SH 2,ELWOOD ROAD,Serious Crash,Yes,2003,North,0.0,0.0,Flat,0.0,,0.0,0.0,Dark,1472403.0,0.0,0.0,0.0,2.0,0.0,0.0,,Hawke's Bay Region,Nil,2-way,Sealed,0.0,1.0,0.0,70.0,0.0,On,0.0,0.0,,30.0,Hastings District,Give way,0.0,0.0,0.0,1.0,0.0,0.0,Urban,1.0,0.0,0.0,Fine
176185,1931019.0,5604980.0,548000.0,0.0,0.0,2.0,Null,2001/2002,WILLOWPARK ROAD NORTH,JERVOIS ST,Minor Crash,No,2002,South,0.0,,Flat,,,,,Overcast,1497600.0,1.0,0.0,0.0,2.0,0.0,,,Hawke's Bay Region,Nil,2-way,Sealed,0.0,0.0,,50.0,,Null,0.0,0.0,,30.0,Hastings District,Give way,,,,,0.0,0.0,Urban,0.0,,,Fine
43456,1931964.0,5606129.0,545721.0,0.0,0.0,1.0,West,2017/2018,SH 2,ELWOOD ROAD,Non-Injury Crash,Yes,2017,East,0.0,0.0,Flat,0.0,,0.0,0.0,Twilight,1471700.0,0.0,0.0,0.0,2.0,0.0,0.0,,Hawke's Bay Region,Nil,2-way,Sealed,0.0,0.0,0.0,70.0,0.0,None,0.0,0.0,,30.0,Hastings District,Unknown,0.0,0.0,0.0,0.0,0.0,0.0,Urban,0.0,0.0,0.0,Fine
390905,1931807.4419999998,5601363.7083,548810.0,0.0,0.0,0.0,South,2019/2020,UPHAM STREET,ELLIOTT CRESCENT,Non-Injury Crash,No,2020,West,0.0,0.0,Flat,0.0,,0.0,0.0,Dark,1506000.0,0.0,0.0,0.0,2.0,0.0,1.0,,Hawke's Bay Region,Nil,2-way,Sealed,0.0,0.0,0.0,50.0,0.0,Off,0.0,0.0,,30.0,Hastings District,Nil,0.0,0.0,0.0,0.0,0.0,0.0,Urban,2.0,0.0,0.0,Fine
162550,1930726.0,5606138.0,547600.0,0.0,0.0,1.0,North,2011/2012,NELSON ST NORTH,FREDERICK ST,Non-Injury Crash,No,2011,North,0.0,1.0,Flat,0.0,,0.0,0.0,Bright sun,1483800.0,0.0,0.0,0.0,2.0,0.0,0.0,,Hawke's Bay Region,Nil,2-way,Sealed,0.0,0.0,0.0,80.0,0.0,Null,0.0,0.0,,30.0,Hastings District,Nil,0.0,0.0,0.0,0.0,0.0,0.0,Open,0.0,0.0,0.0,Fine
499018,1918715.0,5652158.0,545912.0,0.0,0.0,1.0,North,2000/2001,SH 5,TE POHUE LOOP ROAD N,Non-Injury Crash,Yes,2001,South,0.0,0.0,Hill Road,0.0,,0.0,0.0,Overcast,1414504.0,0.0,0.0,0.0,3.0,0.0,0.0,,Hawke's Bay Region,Nil,2-way,Sealed,0.0,0.0,0.0,100.0,0.0,Null,0.0,0.0,,30.0,Hastings District,Nil,0.0,0.0,0.0,0.0,0.0,0.0,Open,0.0,0.0,0.0,Light rain
498055,1931535.0,5602920.0,545762.0,0.0,0.0,2.0,North,2013/2014,HAVELOCK ROAD,ST GEORGES ROAD,Non-Injury Crash,No,2014,North,0.0,,Flat,,,,,Bright sun,1468500.0,0.0,0.0,0.0,2.0,0.0,,,Hawke's Bay Region,Nil,2-way,Sealed,0.0,0.0,,70.0,,Off,0.0,0.0,,30.0,Hastings District,Nil,,,,,0.0,0.0,Urban,0.0,,,Fine
632370,1925875.0,5600756.0,545852.0,0.0,0.0,1.0,North,2016/2017,RAILWAY ROAD SOUTH,TE AUTE ROAD,Serious Crash,No,2017,North,0.0,,Flat,,,,,Bright sun,1469600.0,1.0,0.0,0.0,2.0,0.0,,,Hawke's Bay Region,Nil,2-way,Sealed,0.0,2.0,,100.0,,Null,0.0,0.0,,30.0,Hastings District,Nil,,,,,0.0,0.0,Open,1.0,,,Fine
372101,1929155.0,5606419.0,547700.0,0.0,0.0,2.0,Null,2008/2009,ST AUBYN ST WEST,NIKAU ST,Non-Injury Crash,No,2008,East,0.0,,Flat,,,,,Bright sun,1485800.0,0.0,0.0,0.0,2.0,0.0,,,Hawke's Bay Region,Nil,2-way,Sealed,0.0,0.0,,50.0,,Null,0.0,0.0,,30.0,Hastings District,Give way,,,,,0.0,0.0,Urban,0.0,,,Fine
3781,1923367.0459999999,5610686.9402,545710.0,0.0,0.0,0.0,South,2019/2020,SH 50,GORDON STREET,Non-Injury Crash,Yes,2020,South,0.0,1.0,Flat,0.0,,0.0,0.0,Twilight,1470400.0,0.0,0.0,0.0,2.0,0.0,0.0,,Hawke's Bay Region,Nil,2-way,Sealed,0.0,0.0,0.0,100.0,0.0,None,0.0,0.0,,30.0,Hastings District,Nil,0.0,0.0,0.0,0.0,0.0,0.0,Open,1.0,0.0,0.0,Fine
81752,1927255.0,5618654.0,545821.0,1.0,0.0,1.0,East,2000/2001,PUKETAPU ROAD,SPRINGFIELD ROAD,Non-Injury Crash,No,2000,East,0.0,,Flat,,,,,Overcast,1411000.0,0.0,0.0,0.0,2.0,0.0,,,Hawke's Bay Region,Nil,2-way,Sealed,0.0,0.0,,100.0,,Null,0.0,0.0,,30.0,Hastings District,Nil,,,,,0.0,0.0,Open,0.0,,,Fine
94168,1930321.8923,5604846.0257,548200.0,0.0,0.0,2.0,Null,2020/2021,ST AUBYN STREET EAST,HASTINGS STREET NORTH,Non-Injury Crash,No,2020,North,0.0,,Flat,,,,,Unknown,1494400.0,0.0,0.0,0.0,3.0,0.0,,,Hawke's Bay Region,Nil,2-way,Sealed,0.0,0.0,,50.0,,Off,0.0,0.0,,30.0,Hastings District,Give way,,,,,0.0,0.0,Urban,0.0,,,Light rain
521016,1936670.0,5595640.0,545860.0,0.0,0.0,1.0,East,2004/2005,WAIMARAMA ROAD,KAHURANAKI ROAD,Non-Injury Crash,No,2005,South,0.0,1.0,Hill Road,0.0,,0.0,0.0,Bright sun,1467200.0,0.0,0.0,0.0,2.0,0.0,0.0,,Hawke's Bay Region,Nil,2-way,Sealed,0.0,0.0,0.0,100.0,0.0,Null,0.0,0.0,,30.0,Hastings District,Nil,0.0,0.0,0.0,0.0,0.0,0.0,Open,0.0,0.0,0.0,Fine
474341,1930214.0,5604383.0,548200.0,0.0,0.0,1.0,Null,2013/2014,WILLOWPARK ROAD NORTH,HERETAUNGA ST EAST,Non-Injury Crash,No,2013,North,0.0,,Flat,,,,,Bright sun,1493800.0,0.0,0.0,0.0,2.0,0.0,,,Hawke's Bay Region,Nil,2-way,Sealed,0.0,0.0,,50.0,,Null,1.0,0.0,,30.0,Hastings District,Give way,,,,,0.0,0.0,Urban,0.0,,,Fine
445210,1930179.0,5604637.0,548200.0,0.0,0.0,2.0,East,2009/2010,QUEEN ST EAST,HASTINGS ST NORTH,Non-Injury Crash,No,2010,East,0.0,,Flat,,,,,Bright sun,1493400.0,0.0,0.0,0.0,2.0,0.0,,,Hawke's Bay Region,Nil,2-way,Sealed,0.0,0.0,,50.0,,Null,0.0,0.0,,30.0,Hastings District,Nil,,,,,0.0,0.0,Urban,0.0,,,Fine
284824,1928825.0,5606227.0,547700.0,0.0,0.0,2.0,South,2018/2019,HERETAUNGA ST WEST,PAKOWHAI ROAD,Minor Crash,No,2018,South,0.0,,Flat,,,,,Bright sun,1486600.0,1.0,0.0,0.0,2.0,0.0,,,Hawke's Bay Region,Nil,2-way,Sealed,0.0,0.0,,50.0,,Null,0.0,0.0,,30.0,Hastings District,Unknown,,,,,0.0,0.0,Urban,0.0,,,Fine
68529,1931790.0,5604379.0,548000.0,0.0,0.0,1.0,South,2010/2011,GROVE ROAD,SUSSEX ST,Non-Injury Crash,No,2011,South,0.0,,Flat,,Queens Birthday,,,Dark,1498900.0,0.0,0.0,0.0,2.0,0.0,,,Hawke's Bay Region,Nil,2-way,Sealed,0.0,0.0,,50.0,,On,0.0,0.0,,30.0,Hastings District,Nil,,,,,0.0,0.0,Urban,0.0,,,Fine
140316,1923844.0,5608196.0,548611.0,0.0,0.0,2.0,Null,2013/2014,TARBET ST,BLYTH ST,Non-Injury Crash,No,2013,East,0.0,0.0,Flat,0.0,,0.0,0.0,Overcast,1470309.0,0.0,0.0,0.0,1.0,0.0,1.0,,Hawke's Bay Region,Nil,2-way,Sealed,0.0,0.0,0.0,50.0,0.0,Null,0.0,0.0,,30.0,Hastings District,Nil,0.0,0.0,0.0,0.0,0.0,0.0,Urban,0.0,0.0,0.0,Light rain
342740,1929947.0,5613766.0,545831.0,0.0,0.0,0.0,West,2013/2014,SH 50,FRANKLIN ROAD,Serious Crash,Yes,2013,North,0.0,,Flat,,,,,Bright sun,1404600.0,0.0,0.0,0.0,2.0,0.0,,1.0,Hawke's Bay Region,Nil,2-way,Sealed,0.0,1.0,,100.0,,Null,0.0,0.0,,30.0,Hastings District,Nil,,,,,1.0,0.0,Open,0.0,,,Fine
618916,1928498.0,5610826.0,545710.0,0.0,0.0,1.0,Null,2017/2018,CARRICK ROAD,NICHOLL ROAD,Minor Crash,No,2018,West,0.0,0.0,Flat,0.0,,0.0,0.0,Bright sun,1470700.0,1.0,0.0,0.0,2.0,0.0,0.0,,Hawke's Bay Region,Nil,2-way,Sealed,0.0,0.0,0.0,50.0,0.0,Null,0.0,0.0,,30.0,Hastings District,Nil,0.0,0.0,0.0,0.0,0.0,0.0,Urban,0.0,0.0,0.0,Fine
604387,1927894.0,5609478.0,545710.0,0.0,0.0,1.0,North,2003/2004,RAUPARE ROAD,THOMPSON ROAD,Non-Injury Crash,No,2003,North,0.0,1.0,Flat,0.0,,0.0,0.0,Overcast,1470800.0,0.0,0.0,0.0,2.0,0.0,0.0,,Hawke's Bay Region,Nil,2-way,Sealed,0.0,0.0,0.0,100.0,0.0,Null,0.0,0.0,,30.0,Hastings District,Nil,0.0,0.0,0.0,0.0,0.0,0.0,Open,0.0,0.0,0.0,Fine
265675,1930851.0,5613273.0,545831.0,0.0,0.0,2.0,South,2015/2016,SH 50A,LINKS ROAD,Non-Injury Crash,Yes,2016,North,0.0,,Flat,,,,,Twilight,1404500.0,0.0,0.0,0.0,1.0,0.0,,,Hawke's Bay Region,Nil,1-way,Sealed,0.0,0.0,,100.0,,On,0.0,0.0,,30.0,Hastings District,Unknown,,,,,0.0,0.0,Open,1.0,,,Heavy rain
740251,1931580.0,5602901.0,545721.0,0.0,0.0,1.0,Null,2005/2006,HAVELOCK ROAD,ST GEORGES ROAD,Non-Injury Crash,No,2005,East,0.0,,Flat,,,,,Bright sun,1472900.0,0.0,0.0,0.0,3.0,0.0,,,Hawke's Bay Region,Nil,2-way,Sealed,0.0,0.0,,70.0,,Null,1.0,0.0,,30.0,Hastings District,Stop,,,,,0.0,0.0,Urban,0.0,,,Fine
236256,1929632.0,5604761.0,548200.0,0.0,0.0,1.0,Null,2002/2003,RAILWAY ROAD,LYNDON ROAD WEST,Minor Crash,No,2003,North,0.0,,Flat,,,,,Overcast,1489900.0,1.0,0.0,1.0,2.0,0.0,,,Hawke's Bay Region,Nil,2-way,Sealed,0.0,0.0,,50.0,,Null,0.0,0.0,,30.0,Hastings District,Stop,,,,,0.0,0.0,Urban,0.0,,,Fine
316857,1930042.0,5605021.0,548200.0,0.0,0.0,1.0,North,2010/2011,AVENUE ROAD EAST,KARAMU ROAD NORTH,Non-Injury Crash,No,2011,South,0.0,0.0,Flat,0.0,,0.0,0.0,Bright sun,1492300.0,0.0,0.0,0.0,2.0,0.0,1.0,,Hawke's Bay Region,Nil,2-way,Sealed,0.0,0.0,0.0,50.0,0.0,Null,1.0,0.0,,30.0,Hastings District,Nil,0.0,0.0,0.0,0.0,0.0,0.0,Urban,0.0,0.0,0.0,Fine
550011,1929851.0,5605477.0,548200.0,0.0,0.0,2.0,Null,2008/2009,NELSON ST NORTH,ST AUBYN ST WEST,Non-Injury Crash,No,2008,South,0.0,,Flat,,,,,Bright sun,1491000.0,0.0,0.0,0.0,2.0,0.0,,,Hawke's Bay Region,Nil,2-way,Sealed,0.0,0.0,,50.0,,Null,0.0,0.0,,30.0,Hastings District,Traffic Signals,,,,,0.0,0.0,Urban,0.0,,,Fine
444812,1929367.0,5605111.0,548200.0,0.0,0.0,2.0,Null,2001/2002,NELSON ST SOUTH,LYNDON ROAD WEST,Non-Injury Crash,No,2002,West,0.0,,Flat,,,,,Dark,1489400.0,0.0,0.0,0.0,2.0,0.0,,,Hawke's Bay Region,Nil,2-way,Sealed,0.0,0.0,,50.0,,On,0.0,0.0,,30.0,Hastings District,Give way,,,,,0.0,0.0,Urban,0.0,,,Fine
215794,1930935.0,5613540.0,545831.0,0.0,0.0,1.0,Null,2005/2006,SH 50,SH 50A,Non-Injury Crash,Yes,2006,North,0.0,,Flat,,,,,Twilight,1404600.0,0.0,0.0,1.0,4.0,0.0,,,Hawke's Bay Region,Nil,2-way,Sealed,0.0,0.0,,50.0,,Off,0.0,0.0,,30.0,Hastings District,Give way,,,,,0.0,0.0,Urban,0.0,,,Fine
276466,1928905.0,5600953.0,545852.0,0.0,0.0,2.0,East,2017/2018,TE AUTE ROAD,LONGLANDS ROAD EAST,Serious Crash,No,2018,East,0.0,,Flat,,,,,Bright sun,1465700.0,0.0,0.0,0.0,2.0,0.0,,,Hawke's Bay Region,Bridge,2-way,Sealed,0.0,2.0,,100.0,,Null,0.0,0.0,,30.0,Hastings District,Unknown,,,,,0.0,0.0,Open,0.0,,,Fine
722061,1923361.0,5610693.0,545710.0,0.0,0.0,1.0,North,2000/2001,SH 50,OMAHU ROAD,Non-Injury Crash,Yes,2000,North,0.0,0.0,Flat,0.0,,0.0,0.0,Dark,1470400.0,0.0,0.0,0.0,2.0,0.0,0.0,,Hawke's Bay Region,Nil,2-way,Sealed,0.0,0.0,0.0,100.0,0.0,None,0.0,0.0,,30.0,Hastings District,Nil,0.0,0.0,0.0,0.0,0.0,0.0,Open,0.0,0.0,0.0,Light rain
372825,1929806.0,5604747.0,548200.0,0.0,0.0,2.0,North,2007/2008,KARAMU ROAD SOUTH,EASTBOURNE ST EAST,Non-Injury Crash,No,2007,North,0.0,,Flat,,,,,Bright sun,1492000.0,0.0,0.0,0.0,2.0,0.0,,,Hawke's Bay Region,Nil,2-way,Sealed,0.0,0.0,,50.0,,Null,0.0,0.0,,30.0,Hastings District,Nil,,,,,0.0,0.0,Urban,0.0,,,Fine
153553,1929808.0,5605533.0,548200.0,0.0,0.0,1.0,West,1999/2000,ST AUBYN ST WEST,NELSON ST NORTH,Non-Injury Crash,No,2000,West,0.0,,Flat,,,,,Dark,1490403.0,0.0,0.0,1.0,4.0,0.0,,,Hawke's Bay Region,Nil,2-way,Sealed,0.0,0.0,,50.0,,On,0.0,0.0,,30.0,Hastings District,Unknown,,,,,0.0,0.0,Urban,0.0,,,Fine
628708,1929439.0,5606032.0,547700.0,0.0,0.0,1.0,Null,2000/2001,ST AUBYN ST WEST,GRAYS ROAD,Non-Injury Crash,No,2001,North,0.0,,Flat,,,,,Overcast,1488300.0,0.0,0.0,0.0,2.0,0.0,,,Hawke's Bay Region,Nil,2-way,Sealed,0.0,0.0,,50.0,,Null,0.0,0.0,,30.0,Hastings District,Give way,,,,,0.0,0.0,Urban,1.0,,,Fine
426990,1923752.0,5637878.0,545811.0,0.0,0.0,2.0,South,2000/2001,SH 5,GLENGARRY ROAD,Non-Injury Crash,Yes,2001,West,0.0,1.0,Hill Road,0.0,,0.0,0.0,Bright sun,1414700.0,0.0,0.0,0.0,3.0,0.0,0.0,,Hawke's Bay Region,Nil,2-way,Sealed,0.0,0.0,0.0,100.0,0.0,Null,0.0,0.0,,30.0,Hastings District,Nil,0.0,0.0,0.0,0.0,0.0,0.0,Open,0.0,0.0,0.0,Fine
440125,1929066.0,5606492.0,547700.0,0.0,0.0,1.0,South,2004/2005,PAKOWHAI ROAD,ST AUBYN ST WEST,Non-Injury Crash,No,2005,South,0.0,,Flat,,,,,Bright sun,1485900.0,0.0,0.0,0.0,2.0,0.0,,,Hawke's Bay Region,Nil,2-way,Sealed,0.0,0.0,,50.0,,Null,0.0,0.0,,30.0,Hastings District,Nil,,,,,0.0,0.0,Urban,1.0,,,Fine
93909,1909174.0,5674579.0,545911.0,0.0,0.0,1.0,North,2017/2018,SH 5,TARAWERA TAV,Minor Crash,Yes,2017,North,0.0,0.0,Hill Road,0.0,,0.0,0.0,Dark,1281200.0,3.0,0.0,0.0,2.0,0.0,0.0,,Hawke's Bay Region,Nil,2-way,Sealed,0.0,0.0,0.0,100.0,0.0,None,0.0,0.0,,30.0,Hastings District,Unknown,0.0,1.0,0.0,0.0,0.0,0.0,Open,0.0,0.0,0.0,Light rain
377290,1915368.0,5586727.0,545851.0,0.0,0.0,0.0,South,2013/2014,TE AUTE TRUST ROAD,SH 2,Minor Crash,No,2014,South,0.0,,Hill Road,,,,,Bright sun,1466101.0,1.0,0.0,0.0,2.0,0.0,,,Hawke's Bay Region,Nil,2-way,Sealed,0.0,0.0,,100.0,,Null,0.0,0.0,,30.0,Hastings District,Unknown,,,,,1.0,0.0,Open,0.0,,,Fine
253369,1930264.25,5604924.125,548200.0,0.0,0.0,2.0,Null,2018/2019,WARREN STREET NORTH,ST AUBYN STREET EAST,Non-Injury Crash,No,2019,North,0.0,,Flat,,,,,Overcast,1493501.0,0.0,0.0,0.0,4.0,0.0,,,Hawke's Bay Region,Nil,2-way,Sealed,0.0,0.0,,50.0,,Off,0.0,0.0,,30.0,Hastings District,Nil,,,,,0.0,0.0,Urban,0.0,,,Light rain
442411,1925770.0,5607462.0,545761.0,0.0,0.0,1.0,North,2011/2012,HENDERSON ROAD,FOLKESTONE DRIVE,Non-Injury Crash,No,2011,South,0.0,,Flat,,,,,Bright sun,1470002.0,0.0,0.0,0.0,2.0,0.0,,,Hawke's Bay Region,Nil,2-way,Sealed,0.0,0.0,,70.0,,Null,0.0,0.0,,30.0,Hastings District,Nil,,,,,0.0,0.0,Urban,1.0,,,Fine
497287,1931298.0,5606996.0,545721.0,0.0,0.0,1.0,Null,1999/2000,TOMOANA ROAD,RICHMOND ROAD,Non-Injury Crash,No,2000,East,0.0,0.0,Flat,0.0,Easter,0.0,1.0,Overcast,1471500.0,0.0,0.0,0.0,2.0,0.0,0.0,,Hawke's Bay Region,Nil,2-way,Sealed,0.0,0.0,0.0,50.0,0.0,Off,0.0,0.0,,30.0,Hastings District,Nil,0.0,0.0,0.0,0.0,0.0,0.0,Urban,0.0,0.0,0.0,Fine