OBJECTID,X,Y,areaUnitID,bicycle,bus,carStationWagon,crashDirectionDescription,crashFinancialYear,crashLocation1,crashLocation2,crashSeverity,crashSHDescription,crashYear,directionRoleDescription,fatalCount,fence,flatHill,guardRail,holiday,houseOrBuilding,kerb,light,meshblockId,minorInjuryCount,moped,motorcycle,NumberOfLanes,otherVehicleType,parkedVehicle,pedestrian,region,roadCharacter,roadLane,roadSurface,schoolBus,seriousInjuryCount,slipOrFlood,speedLimit,strayAnimal,streetLight,suv,taxi,temporarySpeedLimit,tlaId,tlaName,trafficControl,trafficIsland,trafficSign,train,tree,truck,unknownVehicleType,urban,vanOrUtility,vehicle,waterRiver,weatherA
323814,1932510.0,5601542.0,548821.0,0.0,0.0,2.0,South,2014/2015,PORTER DRIVE,MIDDLE ROAD,Non-Injury Crash,No,2014,South,0.0,0.0,Flat,0.0,,0.0,0.0,Overcast,1507001.0,0.0,0.0,0.0,2.0,0.0,1.0,,Hawke's Bay Region,Nil,2-way,Sealed,0.0,0.0,0.0,50.0,0.0,Null,0.0,0.0,,30.0,Hastings District,Nil,0.0,0.0,0.0,0.0,0.0,0.0,Urban,0.0,0.0,0.0,Fine
388122,1927597.0,5605358.0,545761.0,0.0,0.0,2.0,Null,2006/2007,MARAEKAKAHO ROAD,WALL ROAD,Minor Crash,No,2007,South,0.0,,Flat,,,,,Overcast,1469905.0,1.0,0.0,0.0,2.0,0.0,,,Hawke's Bay Region,Nil,2-way,Sealed,0.0,0.0,,70.0,,Null,0.0,0.0,,30.0,Hastings District,Give way,,,,,0.0,0.0,Urban,0.0,,,Fine
207821,1913739.0,5587771.0,545851.0,0.0,0.0,1.0,South,2003/2004,SH 2,TE AUTE TRUST ROAD,Minor Crash,Yes,2004,North,0.0,0.0,Flat,0.0,,1.0,0.0,Dark,1464500.0,2.0,0.0,0.0,2.0,0.0,0.0,,Hawke's Bay Region,Nil,2-way,Sealed,0.0,0.0,0.0,100.0,0.0,On,0.0,0.0,,30.0,Hastings District,Nil,0.0,0.0,0.0,0.0,0.0,0.0,Open,0.0,0.0,0.0,Fine
70685,1936437.0,5601002.0,548833.0,0.0,0.0,1.0,South,2004/2005,WAIMARAMA ROAD,TE MATA ROAD,Non-Injury Crash,No,2005,North,0.0,1.0,Hill Road,0.0,,0.0,0.0,Dark,1466802.0,0.0,0.0,0.0,2.0,0.0,0.0,,Hawke's Bay Region,Nil,2-way,Sealed,0.0,0.0,0.0,100.0,0.0,None,0.0,0.0,,30.0,Hastings District,Nil,0.0,0.0,0.0,0.0,0.0,0.0,Open,0.0,0.0,0.0,Heavy rain
346242,1929225.0,5606612.0,547800.0,0.0,0.0,3.0,West,2011/2012,PAKOWHAI ROAD,FITZROY AVENUE,Non-Injury Crash,No,2011,South,0.0,,Flat,,,,,Overcast,1477600.0,0.0,0.0,0.0,2.0,0.0,,,Hawke's Bay Region,Nil,2-way,Sealed,0.0,0.0,,50.0,,Null,0.0,0.0,,30.0,Hastings District,Nil,,,,,0.0,0.0,Urban,0.0,,,Heavy rain
49268,1935144.0,5598125.0,548833.0,0.0,0.0,1.0,Null,2009/2010,TE MATA PEAK ROAD,2ND CPK TE MATA PK,Serious Crash,No,2010,West,0.0,0.0,Hill Road,0.0,,0.0,0.0,Bright sun,1467003.0,3.0,0.0,0.0,2.0,0.0,0.0,,Hawke's Bay Region,Nil,2-way,Sealed,0.0,1.0,0.0,100.0,0.0,Null,0.0,0.0,,30.0,Hastings District,Nil,0.0,0.0,0.0,0.0,0.0,0.0,Open,0.0,0.0,0.0,Fine
332271,1930341.0,5604822.0,548200.0,0.0,0.0,2.0,Null,2017/2018,ST AUBYN ST EAST,HASTINGS ST NORTH,Non-Injury Crash,No,2018,West,0.0,,Flat,,,,,Bright sun,1494400.0,0.0,0.0,0.0,2.0,0.0,,,Hawke's Bay Region,Nil,2-way,Sealed,0.0,0.0,,50.0,,Null,0.0,0.0,,30.0,Hastings District,Give way,,,,,0.0,0.0,Urban,0.0,,,Fine
570982,1910095.0,5664401.0,545911.0,0.0,0.0,0.0,North,2015/2016,SH 5,TE HAROTO ROAD,Non-Injury Crash,Yes,2016,West,0.0,0.0,Hill Road,0.0,,0.0,0.0,Overcast,1414400.0,0.0,0.0,0.0,2.0,0.0,0.0,,Hawke's Bay Region,Nil,2-way,Sealed,0.0,0.0,0.0,100.0,0.0,Null,1.0,0.0,,30.0,Hastings District,Unknown,0.0,0.0,0.0,0.0,0.0,0.0,Open,0.0,0.0,0.0,Fine
511016,1930466.0,5604251.0,548100.0,0.0,0.0,2.0,South,2005/2006,RIVERSLEA ROAD NORTH,AVENUE ROAD EAST,Non-Injury Crash,No,2005,North,0.0,0.0,Flat,0.0,,0.0,0.0,Bright sun,1501100.0,0.0,0.0,0.0,2.0,0.0,1.0,,Hawke's Bay Region,Nil,2-way,Sealed,0.0,0.0,0.0,50.0,0.0,Null,0.0,0.0,,30.0,Hastings District,Nil,0.0,0.0,0.0,0.0,0.0,0.0,Urban,0.0,0.0,0.0,Fine
608038,1931477.0,5608319.0,545710.0,0.0,0.0,1.0,South,2012/2013,PAKOWHAI ROAD,ELWOOD ROAD,Non-Injury Crash,No,2013,South,0.0,1.0,Flat,0.0,,0.0,0.0,Bright sun,1471100.0,0.0,0.0,0.0,2.0,0.0,0.0,,Hawke's Bay Region,Nil,2-way,Sealed,0.0,0.0,0.0,100.0,0.0,Null,0.0,0.0,,30.0,Hastings District,Nil,0.0,0.0,0.0,0.0,0.0,0.0,Open,0.0,0.0,0.0,Fine
659064,1929956.0,5604530.0,548200.0,0.0,0.0,2.0,Null,2005/2006,HASTINGS ST SOUTH,EASTBOURNE ST EAST,Minor Crash,No,2006,East,0.0,0.0,Flat,0.0,,1.0,0.0,Bright sun,1493200.0,2.0,0.0,0.0,2.0,0.0,0.0,,Hawke's Bay Region,Nil,2-way,Sealed,0.0,0.0,0.0,50.0,0.0,Null,0.0,0.0,,30.0,Hastings District,Give way,0.0,0.0,0.0,0.0,0.0,0.0,Urban,0.0,0.0,0.0,Fine
270642,1929671.6671,5605308.897999999,548200.0,0.0,0.0,2.0,South,2018/2019,QUEEN STREET WEST,NELSON STREET,Non-Injury Crash,No,2018,North,0.0,,Flat,,,,,Overcast,1490700.0,0.0,0.0,0.0,2.0,0.0,,,Hawke's Bay Region,Nil,2-way,Sealed,0.0,0.0,,50.0,,Off,0.0,0.0,,30.0,Hastings District,Unknown,,,,,0.0,0.0,Urban,0.0,,,Fine
291532,1930084.0,5604590.0,548200.0,0.0,0.0,2.0,South,2002/2003,Z CPK NEW WORLD,HERETAUNGA /SH 2,Non-Injury Crash,No,2002,North,0.0,0.0,Flat,0.0,,0.0,0.0,Overcast,1493900.0,0.0,0.0,0.0,0.0,0.0,0.0,,Hawke's Bay Region,Nil,Off road,Sealed,0.0,0.0,0.0,50.0,0.0,Null,0.0,0.0,,30.0,Hastings District,Nil,0.0,0.0,0.0,0.0,0.0,0.0,Urban,0.0,1.0,0.0,Fine
689295,1929657.0,5605129.0,548200.0,0.0,0.0,0.0,Null,2003/2004,HERETAUNGA ST WEST,KING ST NORTH,Non-Injury Crash,No,2003,South,0.0,,Flat,,,,,Bright sun,1491200.0,0.0,0.0,0.0,2.0,0.0,,,Hawke's Bay Region,Nil,2-way,Sealed,0.0,0.0,,50.0,,Null,0.0,0.0,,30.0,Hastings District,Give way,,,,,0.0,0.0,Urban,2.0,,,Fine
466250,1929435.0,5606032.0,547700.0,0.0,0.0,1.0,Null,2001/2002,ST AUBYN ST WEST,GRAYS ROAD,Non-Injury Crash,No,2001,North,0.0,0.0,Flat,0.0,,0.0,0.0,Dark,1488100.0,0.0,0.0,0.0,2.0,0.0,0.0,,Hawke's Bay Region,Nil,2-way,Sealed,0.0,0.0,0.0,50.0,0.0,On,0.0,0.0,,30.0,Hastings District,Give way,1.0,0.0,0.0,0.0,0.0,0.0,Urban,0.0,0.0,0.0,Light rain
27116,1930510.0,5604594.0,548100.0,0.0,0.0,2.0,Null,2013/2014,WILLOWPARK ROAD NORTH,ST AUBYN ST EAST,Non-Injury Crash,No,2013,East,0.0,,Flat,,,,,Bright sun,1500800.0,0.0,0.0,0.0,2.0,0.0,,,Hawke's Bay Region,Nil,2-way,Sealed,0.0,0.0,,50.0,,Null,0.0,0.0,,30.0,Hastings District,Give way,,,,,0.0,0.0,Urban,0.0,,,Fine
701886,1928915.0,5613950.0,545831.0,0.0,0.0,1.0,North,2009/2010,SH 50,OMARUNUI ROAD,Non-Injury Crash,Yes,2009,North,0.0,0.0,Flat,0.0,,0.0,0.0,Bright sun,1409400.0,0.0,0.0,0.0,2.0,0.0,1.0,,Hawke's Bay Region,Nil,2-way,Sealed,0.0,0.0,0.0,100.0,0.0,Null,0.0,0.0,,30.0,Hastings District,Nil,0.0,0.0,0.0,0.0,1.0,0.0,Open,0.0,0.0,0.0,Fine
204399,1926310.0,5604386.0,545842.0,0.0,0.0,0.0,South,2004/2005,MARAEKAKAHO ROAD,IRONGATE ROAD,Fatal Crash,No,2005,South,1.0,,Flat,,,,,Dark,1468903.0,0.0,0.0,0.0,2.0,0.0,,1.0,Hawke's Bay Region,Nil,2-way,Sealed,0.0,0.0,,100.0,,None,0.0,0.0,,30.0,Hastings District,Nil,,,,,1.0,0.0,Open,0.0,,,Fine
346331,1927909.0,5606353.0,548500.0,0.0,0.0,1.0,North,2000/2001,LOWE ST,HUIA ST,Non-Injury Crash,No,2000,North,0.0,,Flat,,,,,Overcast,1479500.0,0.0,0.0,0.0,2.0,0.0,,,Hawke's Bay Region,Nil,2-way,Sealed,0.0,0.0,,50.0,,Null,0.0,0.0,,30.0,Hastings District,Nil,,,,,0.0,0.0,Urban,1.0,,,Fine
329558,1924845.0,5606983.0,548620.0,0.0,0.0,1.0,Null,2014/2015,SWANSEA ROAD N,CAERNARVON DRIVE,Non-Injury Crash,No,2015,West,0.0,,Flat,,,,,Twilight,1473700.0,0.0,0.0,0.0,2.0,0.0,,1.0,Hawke's Bay Region,Nil,2-way,Sealed,0.0,0.0,,50.0,,Off,0.0,0.0,,30.0,Hastings District,Stop,,,,,0.0,0.0,Urban,0.0,,,Fine
572364,1927805.0,5607226.0,547800.0,0.0,0.0,2.0,North,2013/2014,OMAHU ROAD,STONYCROFT ST,Non-Injury Crash,No,2014,South,0.0,,Flat,,,,,Overcast,1476600.0,0.0,0.0,0.0,2.0,0.0,,,Hawke's Bay Region,Nil,2-way,Sealed,0.0,0.0,,50.0,,Off,0.0,0.0,,30.0,Hastings District,Nil,,,,,0.0,0.0,Urban,0.0,,,Light rain
558390,1925631.9739,5603687.6173,545842.0,0.0,0.0,2.0,North,2018/2019,50A-0000/07.55,MARAEKAKAHO ROAD,Non-Injury Crash,Yes,2019,North,0.0,0.0,Flat,1.0,,0.0,0.0,Bright sun,1470214.0,0.0,0.0,0.0,2.0,0.0,0.0,,Hawke's Bay Region,Nil,2-way,Sealed,0.0,0.0,0.0,100.0,0.0,Off,0.0,0.0,50.0,30.0,Hastings District,Unknown,0.0,0.0,0.0,0.0,0.0,0.0,Open,0.0,0.0,0.0,Fine
14740,1929137.0,5605815.0,547700.0,0.0,0.0,1.0,Null,2000/2001,HERETAUNGA ST WEST,GRAYS ROAD,Non-Injury Crash,No,2001,East,0.0,,Flat,,Easter,,,Dark,1487300.0,0.0,0.0,0.0,2.0,0.0,,,Hawke's Bay Region,Nil,2-way,Sealed,0.0,0.0,,50.0,,On,0.0,0.0,,30.0,Hastings District,Give way,,,,,0.0,0.0,Urban,1.0,,,Light rain
514510,1928663.0,5607331.0,547800.0,0.0,0.0,1.0,North,2007/2008,NOTTINGLEY ROAD,ARBUCKLE ROAD,Minor Crash,No,2007,North,0.0,1.0,Flat,0.0,,0.0,0.0,Dark,1477300.0,1.0,0.0,0.0,2.0,0.0,0.0,,Hawke's Bay Region,Nil,2-way,Sealed,0.0,0.0,0.0,50.0,0.0,On,0.0,0.0,30.0,30.0,Hastings District,Nil,0.0,0.0,0.0,1.0,0.0,0.0,Urban,0.0,0.0,0.0,Light rain
375603,1927498.0,5607500.0,548400.0,0.0,0.0,1.0,West,2000/2001,OMAHU ROAD,SH 50A,Non-Injury Crash,No,2001,West,0.0,,Flat,,,,,Twilight,1473600.0,0.0,0.0,1.0,2.0,0.0,,,Hawke's Bay Region,Nil,2-way,Sealed,0.0,0.0,,50.0,,Off,0.0,0.0,,30.0,Hastings District,Nil,,,,,0.0,0.0,Urban,0.0,,,Fine
64592,1935101.0,5606379.0,545750.0,0.0,0.0,0.0,South,2008/2009,TE MATA MANGATERETERE ROA,LAWN ROAD,Minor Crash,No,2008,South,0.0,1.0,Flat,0.0,,0.0,0.0,Dark,1406600.0,1.0,0.0,0.0,2.0,0.0,0.0,,Hawke's Bay Region,Nil,2-way,Sealed,0.0,0.0,0.0,100.0,0.0,None,1.0,0.0,,30.0,Hastings District,Nil,0.0,0.0,0.0,0.0,0.0,0.0,Open,0.0,0.0,0.0,Fine
535524,1937466.0,5608602.0,545730.0,0.0,0.0,1.0,Null,2013/2014,MILL ROAD,BLACKS BR,Non-Injury Crash,No,2014,North,0.0,0.0,Flat,0.0,,0.0,0.0,Bright sun,1405300.0,0.0,0.0,0.0,2.0,0.0,0.0,,Hawke's Bay Region,Bridge,2-way,Sealed,0.0,0.0,0.0,100.0,0.0,Off,0.0,0.0,,30.0,Hastings District,Nil,0.0,0.0,0.0,0.0,0.0,0.0,Open,0.0,0.0,0.0,Fine
453398,1941135.0,5657069.0,545911.0,0.0,0.0,1.0,South,2002/2003,SH 2,MATAHORUA ROAD N,Minor Crash,Yes,2002,North,0.0,0.0,Hill Road,1.0,,0.0,0.0,Overcast,1416000.0,1.0,0.0,0.0,2.0,0.0,0.0,,Hawke's Bay Region,Nil,2-way,Sealed,0.0,0.0,0.0,100.0,0.0,Null,0.0,0.0,,30.0,Hastings District,Nil,0.0,0.0,0.0,0.0,0.0,0.0,Open,1.0,0.0,0.0,Fine
419185,1919336.174,5622836.0034,545821.0,0.0,0.0,0.0,North,2020/2021,DARTMOOR ROAD,DARTMOOR SETL BR,Non-Injury Crash,No,2020,Null,0.0,1.0,Hill Road,0.0,,0.0,0.0,Bright sun,1411100.0,0.0,0.0,0.0,2.0,0.0,0.0,,Hawke's Bay Region,Nil,2-way,Sealed,0.0,0.0,0.0,100.0,0.0,None,0.0,0.0,,30.0,Hastings District,Nil,0.0,0.0,0.0,0.0,0.0,2.0,Open,0.0,0.0,0.0,Fine
187856,1933194.0,5606508.0,545721.0,0.0,0.0,1.0,Null,2014/2015,SH 2,RUAHAPIA ROAD,Serious Crash,Yes,2015,South,0.0,0.0,Flat,0.0,,0.0,0.0,Dark,1471800.0,1.0,0.0,0.0,2.0,0.0,0.0,,Hawke's Bay Region,Nil,2-way,Sealed,0.0,1.0,0.0,80.0,0.0,On,0.0,0.0,,30.0,Hastings District,Stop,0.0,0.0,0.0,0.0,0.0,0.0,Open,0.0,0.0,0.0,Light rain
510286,1926149.0,5606315.0,545761.0,1.0,0.0,1.0,West,2014/2015,FLAXMERE AVENUE,SH 50A,Minor Crash,No,2014,East,0.0,,Flat,,,,,Dark,1469905.0,1.0,0.0,0.0,2.0,0.0,,,Hawke's Bay Region,Nil,2-way,Sealed,0.0,0.0,,100.0,,On,0.0,0.0,,30.0,Hastings District,Unknown,,,,,0.0,0.0,Open,0.0,,,Fine
479540,1932998.0,5601845.0,548831.0,0.0,0.0,1.0,Null,2013/2014,TE MATA ROAD,KARANEMA DRIVE,Minor Crash,No,2014,West,0.0,,Flat,,,,,Bright sun,1509800.0,1.0,0.0,0.0,3.0,0.0,,,Hawke's Bay Region,Nil,2-way,Sealed,0.0,0.0,,50.0,,Null,0.0,0.0,,30.0,Hastings District,Give way,,,,,0.0,0.0,Urban,1.0,,,Fine
502830,1937298.0,5600536.0,545860.0,0.0,0.0,2.0,North,2001/2002,TUKI TUKI ROAD,WAIMARAMA ROAD,Non-Injury Crash,No,2002,South,0.0,0.0,Hill Road,0.0,,0.0,0.0,Bright sun,1408301.0,0.0,0.0,0.0,2.0,0.0,1.0,,Hawke's Bay Region,Nil,2-way,Unsealed,0.0,0.0,0.0,100.0,0.0,None,0.0,0.0,,30.0,Hastings District,Nil,0.0,0.0,0.0,0.0,0.0,0.0,Open,0.0,0.0,0.0,Fine
670951,1923647.0,5589299.0,545851.0,0.0,0.0,0.0,South,2008/2009,MIDDLE ROAD,BLIND ROAD,Non-Injury Crash,No,2008,South,0.0,,Flat,,,,,Bright sun,1466102.0,0.0,0.0,1.0,2.0,0.0,,,Hawke's Bay Region,Nil,2-way,Sealed,0.0,0.0,,100.0,,Null,0.0,0.0,,30.0,Hastings District,Nil,,,,,0.0,0.0,Open,0.0,,,Fine
16194,1931045.0,5603877.0,548100.0,0.0,0.0,1.0,North,2012/2013,ST AUBYN ST EAST,WINDSOR AVENUE,Non-Injury Crash,No,2012,West,0.0,,Flat,,,,,Overcast,1500400.0,0.0,0.0,0.0,2.0,0.0,,,Hawke's Bay Region,Nil,2-way,Sealed,0.0,0.0,,50.0,,Null,0.0,0.0,,30.0,Hastings District,Nil,,,,,0.0,0.0,Urban,1.0,,,Fine
675010,1931472.7503,5632190.8610000005,545812.0,0.0,0.0,0.0,West,2019/2020,SH 5,HILL ROAD,Minor Crash,Yes,2020,East,0.0,,Flat,,,,,Dark,1414200.0,1.0,0.0,0.0,2.0,0.0,,,Hawke's Bay Region,Nil,2-way,Sealed,0.0,0.0,,100.0,,None,0.0,0.0,,30.0,Hastings District,Nil,,,,,0.0,0.0,Open,2.0,,,Fine
423034,1928883.0,5606152.0,547700.0,0.0,0.0,2.0,East,2009/2010,HERETAUNGA ST WEST,STORTFORD ST,Non-Injury Crash,No,2009,West,0.0,,Flat,,,,,Bright sun,1486700.0,0.0,0.0,0.0,2.0,0.0,,,Hawke's Bay Region,Nil,2-way,Sealed,0.0,0.0,,50.0,,Null,0.0,0.0,,30.0,Hastings District,Nil,,,,,0.0,0.0,Urban,0.0,,,Fine
11689,1931038.0,5605564.0,548000.0,0.0,0.0,2.0,Null,2014/2015,GROVE ROAD,KARAMU ROAD NORTH,Non-Injury Crash,No,2015,South,0.0,,Flat,,,,,Bright sun,1495700.0,0.0,0.0,0.0,1.0,0.0,,,Hawke's Bay Region,Nil,2-way,Sealed,0.0,0.0,,50.0,,Null,0.0,0.0,,30.0,Hastings District,Traffic Signals,,,,,0.0,0.0,Urban,0.0,,,Heavy rain
740758,1934918.0,5609148.0,545722.0,0.0,0.0,1.0,South,2007/2008,SH 2,RAILWAY ROAD,Non-Injury Crash,Yes,2008,North,0.0,0.0,Flat,0.0,,0.0,0.0,Bright sun,1406300.0,0.0,0.0,0.0,2.0,0.0,0.0,,Hawke's Bay Region,Nil,2-way,Sealed,0.0,0.0,0.0,100.0,0.0,Null,0.0,0.0,,30.0,Hastings District,Nil,0.0,0.0,0.0,0.0,0.0,0.0,Open,0.0,0.0,0.0,Fine
158496,1923104.0,5604073.0,545842.0,1.0,0.0,1.0,West,2003/2004,MARAEKAKAHO ROAD,NGATARAWA ROAD,Non-Injury Crash,No,2003,West,0.0,1.0,Flat,0.0,,0.0,0.0,Dark,1470211.0,0.0,0.0,0.0,2.0,0.0,0.0,,Hawke's Bay Region,Nil,2-way,Sealed,0.0,0.0,0.0,100.0,0.0,None,0.0,0.0,,30.0,Hastings District,Nil,0.0,0.0,0.0,0.0,0.0,0.0,Open,0.0,0.0,0.0,Light rain
154645,1933830.0,5604183.0,545750.0,0.0,0.0,1.0,North,2000/2001,NAPIER ROAD,THOMPSON ROAD,Non-Injury Crash,No,2000,South,0.0,0.0,Flat,1.0,,0.0,0.0,Dark,1406600.0,0.0,0.0,0.0,2.0,0.0,0.0,,Hawke's Bay Region,Bridge,2-way,Sealed,0.0,0.0,0.0,100.0,0.0,None,0.0,0.0,,30.0,Hastings District,Nil,0.0,0.0,0.0,0.0,0.0,0.0,Open,0.0,0.0,0.0,Fine
89618,1932511.0,5601807.0,548831.0,1.0,0.0,1.0,Null,2008/2009,PORTER DRIVE,HAVELOCK ROAD,Minor Crash,No,2009,West,0.0,,Flat,,,,,Bright sun,1509600.0,1.0,0.0,0.0,2.0,0.0,,,Hawke's Bay Region,Nil,2-way,Sealed,0.0,0.0,,50.0,,Null,0.0,0.0,,30.0,Hastings District,Give way,,,,,0.0,0.0,Urban,0.0,,,Fine
614658,1928189.0,5602076.0,545762.0,0.0,0.0,1.0,West,2014/2015,RIVERSLEA ROAD SOUTH,DAVIS ROAD,Non-Injury Crash,No,2014,West,0.0,1.0,Flat,0.0,,0.0,0.0,Dark,1468200.0,0.0,0.0,0.0,1.0,0.0,0.0,,Hawke's Bay Region,Nil,2-way,Sealed,0.0,0.0,0.0,100.0,0.0,None,0.0,0.0,,30.0,Hastings District,Nil,0.0,0.0,0.0,1.0,0.0,0.0,Open,0.0,0.0,0.0,Fine
516016,1923303.0,5610740.0,545710.0,0.0,0.0,1.0,South,2004/2005,SH 50,GORDON ST,Non-Injury Crash,Yes,2005,North,0.0,0.0,Flat,0.0,,0.0,0.0,Dark,1470400.0,0.0,0.0,0.0,2.0,0.0,0.0,,Hawke's Bay Region,Nil,2-way,Sealed,0.0,0.0,0.0,50.0,0.0,On,0.0,0.0,,30.0,Hastings District,Nil,0.0,0.0,0.0,0.0,0.0,0.0,Urban,0.0,0.0,0.0,Fine
352591,1929851.0,5605275.0,548200.0,0.0,0.0,2.0,Null,2005/2006,KING ST NORTH,AVENUE ROAD WEST,Minor Crash,No,2005,South,0.0,,Flat,,,,,Bright sun,1490900.0,1.0,0.0,0.0,2.0,0.0,,,Hawke's Bay Region,Nil,2-way,Sealed,0.0,0.0,,50.0,,Null,0.0,0.0,,30.0,Hastings District,Give way,,,,,0.0,0.0,Urban,0.0,,,Fine
55209,1923663.0,5607956.0,548611.0,0.0,0.0,1.0,East,2002/2003,RAMSEY CRESCENT,KILKEE TERRACE,Non-Injury Crash,No,2002,South,0.0,1.0,Flat,0.0,,0.0,0.0,Dark,1470314.0,0.0,0.0,0.0,2.0,0.0,0.0,,Hawke's Bay Region,Nil,2-way,Sealed,0.0,0.0,0.0,50.0,0.0,None,0.0,0.0,,30.0,Hastings District,Nil,0.0,0.0,0.0,0.0,0.0,0.0,Urban,0.0,0.0,0.0,Light rain
186158,1929957.0,5607043.0,547600.0,0.0,0.0,1.0,East,2016/2017,RIMU ST,MIRO ST,Non-Injury Crash,No,2016,West,0.0,0.0,Flat,0.0,,0.0,0.0,Twilight,1483100.0,0.0,0.0,0.0,2.0,0.0,1.0,,Hawke's Bay Region,Nil,2-way,Sealed,0.0,0.0,0.0,50.0,0.0,On,0.0,0.0,,30.0,Hastings District,Unknown,0.0,0.0,0.0,0.0,0.0,0.0,Urban,1.0,0.0,0.0,Fine
677503,1932967.0,5602087.0,548831.0,0.0,0.0,2.0,North,2004/2005,NAPIER ROAD,KARANEMA DRIVE,Minor Crash,No,2004,North,0.0,,Flat,,,,,Bright sun,1509100.0,1.0,0.0,0.0,2.0,0.0,,,Hawke's Bay Region,Nil,2-way,Sealed,0.0,0.0,,50.0,,Null,0.0,0.0,,30.0,Hastings District,Nil,,,,,0.0,0.0,Urban,0.0,,,Fine
157600,1930815.0,5603689.0,548100.0,0.0,0.0,2.0,North,2014/2015,HERETAUNGA ST EAST,WINDSOR AVENUE,Non-Injury Crash,No,2015,North,0.0,,Flat,,,,,Bright sun,1500300.0,0.0,0.0,0.0,2.0,0.0,,,Hawke's Bay Region,Nil,2-way,Sealed,0.0,0.0,,50.0,,Off,0.0,0.0,,30.0,Hastings District,Unknown,,,,,0.0,0.0,Urban,0.0,,,Fine
585379,1929464.0,5605185.0,548200.0,0.0,0.0,2.0,Null,2013/2014,EASTBOURNE ST WEST,NELSON ST SOUTH,Non-Injury Crash,No,2014,East,0.0,,Flat,,,,,Twilight,1488900.0,0.0,0.0,0.0,2.0,0.0,,,Hawke's Bay Region,Nil,2-way,Sealed,0.0,0.0,,50.0,,Off,0.0,0.0,,30.0,Hastings District,Stop,,,,,0.0,0.0,Urban,1.0,,,Fine
111095,1928842.0,5603900.0,547900.0,0.0,0.0,1.0,Null,2002/2003,MURDOCH ROAD WEST,RAILWAY ROAD,Non-Injury Crash,No,2002,East,0.0,,Flat,,,,,Bright sun,1482600.0,0.0,0.0,0.0,2.0,0.0,,,Hawke's Bay Region,Nil,2-way,Sealed,0.0,0.0,,50.0,,Null,0.0,0.0,,30.0,Hastings District,Stop,,,,,0.0,0.0,Urban,1.0,,,Fine
214447,1927689.0,5607339.0,547800.0,0.0,0.0,1.0,East,2007/2008,OMAHU ROAD,SH 50A,Non-Injury Crash,No,2008,West,0.0,0.0,Flat,0.0,,0.0,0.0,Dark,1476600.0,0.0,0.0,0.0,2.0,0.0,0.0,,Hawke's Bay Region,Nil,2-way,Sealed,0.0,0.0,0.0,50.0,0.0,On,0.0,0.0,,30.0,Hastings District,Nil,0.0,0.0,0.0,0.0,0.0,0.0,Urban,0.0,0.0,0.0,Fine
388869,1919649.4048,5629229.0206,545821.0,0.0,0.0,1.0,North,2019/2020,PUKETITIRI ROAD,SOLDIERS SETTLEMENT ROAD,Non-Injury Crash,No,2019,South,0.0,,Flat,,,,,Dark,1412300.0,0.0,0.0,0.0,2.0,0.0,,,Hawke's Bay Region,Nil,2-way,Sealed,0.0,0.0,,100.0,,None,0.0,0.0,,30.0,Hastings District,Unknown,,,,,0.0,0.0,Open,0.0,,,Fine
223901,1930295.0,5604273.0,548300.0,0.0,0.0,2.0,Null,2008/2009,HERETAUNGA ST EAST,PRINCES ST,Non-Injury Crash,No,2008,North,0.0,,Flat,,,,,Bright sun,1501500.0,0.0,0.0,0.0,2.0,0.0,,,Hawke's Bay Region,Nil,2-way,Sealed,0.0,0.0,,50.0,,Null,0.0,0.0,,30.0,Hastings District,Give way,,,,,0.0,0.0,Urban,0.0,,,Fine
69944,1936063.0,5646358.0,545911.0,0.0,0.0,2.0,North,2003/2004,SH 2,AROPAOANUI ROAD,Minor Crash,Yes,2004,North,0.0,,Hill Road,,,,,Overcast,1415200.0,1.0,0.0,0.0,2.0,0.0,,,Hawke's Bay Region,Nil,2-way,Sealed,0.0,0.0,,100.0,,Null,0.0,0.0,,30.0,Hastings District,Nil,,,,,0.0,0.0,Open,0.0,,,Fine
672620,1931041.3137,5605566.7943,548000.0,0.0,0.0,1.0,Null,2019/2020,KARAMU ROAD NORTH,GROVE ROAD,Non-Injury Crash,No,2020,North,0.0,0.0,Flat,0.0,,0.0,0.0,Dark,1495700.0,0.0,0.0,0.0,2.0,0.0,0.0,,Hawke's Bay Region,Nil,2-way,Sealed,0.0,0.0,0.0,50.0,0.0,On,0.0,0.0,30.0,30.0,Hastings District,Traffic Signals,0.0,1.0,0.0,0.0,0.0,0.0,Urban,0.0,0.0,0.0,Fine
721708,1933266.0,5609794.0,545832.0,0.0,0.0,1.0,East,2002/2003,FARNDON ROAD,CHESTERHOPE BRIDGE,Serious Crash,No,2003,West,0.0,,Flat,,,,,Bright sun,1404200.0,0.0,0.0,0.0,2.0,0.0,,,Hawke's Bay Region,Nil,2-way,Sealed,0.0,1.0,,100.0,,Null,0.0,0.0,,30.0,Hastings District,Nil,,,,,0.0,0.0,Open,1.0,,,Fine
646086,1922053.0,5637390.0,545811.0,0.0,0.0,0.0,West,2013/2014,GLENGARRY ROAD,SH 5,Minor Crash,No,2014,North,0.0,,Hill Road,,,,,Overcast,1414800.0,1.0,0.0,1.0,2.0,0.0,,,Hawke's Bay Region,Nil,2-way,Sealed,0.0,0.0,,100.0,,Null,0.0,0.0,,30.0,Hastings District,Unknown,,,,,0.0,0.0,Open,0.0,,,Fine