OBJECTID,X,Y,areaUnitID,bicycle,bus,carStationWagon,crashDirectionDescription,crashFinancialYear,crashLocation1,crashLocation2,crashSeverity,crashSHDescription,crashYear,directionRoleDescription,fatalCount,fence,flatHill,guardRail,holiday,houseOrBuilding,kerb,light,meshblockId,minorInjuryCount,moped,motorcycle,NumberOfLanes,otherVehicleType,parkedVehicle,pedestrian,region,roadCharacter,roadLane,roadSurface,schoolBus,seriousInjuryCount,slipOrFlood,speedLimit,strayAnimal,streetLight,suv,taxi,temporarySpeedLimit,tlaId,tlaName,trafficControl,trafficIsland,trafficSign,train,tree,truck,unknownVehicleType,urban,vanOrUtility,vehicle,waterRiver,weatherA
583305,1938130.0,5610062.0,545730.0,0.0,0.0,1.0,South,2002/2003,SCHOOL ROAD,GREY ST,Non-Injury Crash,No,2003,South,0.0,1.0,Flat,0.0,,0.0,0.0,Bright sun,1405200.0,0.0,0.0,0.0,2.0,0.0,0.0,,Hawke's Bay Region,Nil,2-way,Sealed,0.0,0.0,0.0,100.0,0.0,Null,0.0,0.0,,30.0,Hastings District,Nil,0.0,0.0,0.0,1.0,0.0,0.0,Open,0.0,0.0,0.0,Fine
671546,1930604.0,5611980.0,545832.0,0.0,0.0,2.0,South,2001/2002,SH 50A,SH 50,Non-Injury Crash,Yes,2002,South,0.0,,Flat,,,,,Bright sun,1404400.0,0.0,0.0,0.0,2.0,0.0,,,Hawke's Bay Region,Bridge,2-way,Sealed,0.0,0.0,,100.0,,Null,0.0,0.0,,30.0,Hastings District,Nil,,,,,0.0,0.0,Open,0.0,,,Fine
547429,1937771.2187,5606559.3743,545740.0,0.0,0.0,1.0,South,2019/2020,TUKI TUKI ROAD,PALOMINO ROAD,Non-Injury Crash,No,2020,North,0.0,0.0,Flat,0.0,Queens Birthday,0.0,0.0,Dark,1407700.0,0.0,0.0,0.0,2.0,0.0,0.0,,Hawke's Bay Region,Nil,2-way,Sealed,0.0,0.0,0.0,100.0,0.0,None,0.0,0.0,,30.0,Hastings District,Unknown,0.0,0.0,0.0,0.0,0.0,0.0,Open,0.0,0.0,0.0,Light rain
720846,1910955.6171,5663855.505,545911.0,0.0,0.0,1.0,South,2019/2020,SH 5,SUMMIT KIOSK,Minor Crash,Yes,2020,South,0.0,0.0,Flat,0.0,,0.0,0.0,Dark,1414400.0,1.0,0.0,0.0,2.0,0.0,0.0,,Hawke's Bay Region,Nil,2-way,Sealed,0.0,0.0,0.0,100.0,0.0,None,0.0,0.0,,30.0,Hastings District,Nil,0.0,0.0,0.0,0.0,0.0,0.0,Open,0.0,0.0,0.0,Light rain
4357,1929367.0,5605111.0,548200.0,0.0,0.0,2.0,Null,2007/2008,NELSON ST SOUTH,LYNDON ROAD WEST,Non-Injury Crash,No,2007,West,0.0,,Flat,,,,,Overcast,1489400.0,0.0,0.0,0.0,2.0,0.0,,,Hawke's Bay Region,Nil,2-way,Sealed,0.0,0.0,,50.0,,Null,0.0,0.0,,30.0,Hastings District,Give way,,,,,0.0,0.0,Urban,0.0,,,Fine
266489,1929935.0,5604962.0,548200.0,0.0,0.0,1.0,East,2010/2011,QUEEN ST EAST,RUSSELL ST NORTH,Minor Crash,No,2010,East,0.0,,Flat,,,,,Overcast,1492200.0,1.0,0.0,0.0,2.0,0.0,,1.0,Hawke's Bay Region,Nil,2-way,Sealed,0.0,0.0,,50.0,,Null,0.0,0.0,,30.0,Hastings District,Nil,,,,,0.0,0.0,Urban,0.0,,,Fine
397134,1932327.0,5607625.0,545721.0,0.0,0.0,2.0,East,2016/2017,OTENE ROAD,BENNETT ROAD,Minor Crash,No,2017,East,0.0,,Flat,,,,,Overcast,1471800.0,1.0,0.0,0.0,2.0,0.0,,,Hawke's Bay Region,Nil,2-way,Sealed,0.0,0.0,,80.0,,None,0.0,0.0,,30.0,Hastings District,Nil,,,,,0.0,0.0,Open,0.0,,,Fine
223204,1925957.0,5602968.0,545761.0,0.0,0.0,1.0,East,2005/2006,LONGLANDS ROAD WEST,SH 50A,Minor Crash,No,2005,East,0.0,1.0,Flat,0.0,,0.0,0.0,Overcast,1468901.0,2.0,0.0,0.0,2.0,0.0,0.0,,Hawke's Bay Region,Nil,2-way,Sealed,0.0,0.0,0.0,100.0,0.0,Null,0.0,0.0,,30.0,Hastings District,Nil,0.0,0.0,0.0,1.0,1.0,0.0,Open,0.0,0.0,0.0,Fine
3685,1930999.0,5599723.0,548822.0,0.0,0.0,1.0,Null,2011/2012,MIDDLE ROAD,ENDSLEIGH ROAD N,Non-Injury Crash,No,2011,South,0.0,,Flat,,,,,Bright sun,1465901.0,0.0,0.0,0.0,2.0,0.0,,,Hawke's Bay Region,Nil,2-way,Sealed,0.0,0.0,,100.0,,Null,0.0,0.0,,30.0,Hastings District,Nil,,,,,0.0,0.0,Open,1.0,,,Fine
154529,1929203.0,5604784.0,547900.0,0.0,0.0,1.0,Null,2004/2005,PROSPECT ROAD,KING ST SOUTH,Minor Crash,No,2005,West,0.0,1.0,Flat,0.0,,0.0,0.0,Dark,1482100.0,1.0,0.0,0.0,2.0,0.0,0.0,,Hawke's Bay Region,Nil,2-way,Sealed,0.0,0.0,0.0,50.0,0.0,On,0.0,0.0,,30.0,Hastings District,Give way,0.0,0.0,0.0,0.0,0.0,0.0,Urban,0.0,0.0,0.0,Light rain
66457,1927186.5717,5607579.086,548400.0,0.0,0.0,2.0,South,2018/2019,WILSON ROAD,OMAHU ROAD,Non-Injury Crash,No,2019,South,0.0,,Flat,,Easter,,,Dark,1473400.0,0.0,0.0,0.0,2.0,0.0,,,Hawke's Bay Region,Nil,2-way,Sealed,0.0,0.0,,50.0,,On,0.0,0.0,,30.0,Hastings District,Unknown,,,,,0.0,0.0,Urban,0.0,,,Fine
645709,1928942.0,5604007.0,547900.0,0.0,0.0,2.0,North,2008/2009,RAILWAY ROAD,GARNETT ST,Non-Injury Crash,No,2009,South,0.0,,Flat,,,,,Overcast,1482500.0,0.0,0.0,0.0,2.0,0.0,,,Hawke's Bay Region,Nil,2-way,Sealed,0.0,0.0,,50.0,,Null,0.0,0.0,,30.0,Hastings District,Nil,,,,,0.0,0.0,Urban,0.0,,,Fine
210585,1929177.0,5610097.0,545710.0,0.0,0.0,0.0,Null,2008/2009,RAUPARE ROAD,NICHOLL ROAD,Minor Crash,No,2008,East,0.0,1.0,Flat,0.0,,0.0,0.0,Dark,1470700.0,1.0,0.0,0.0,2.0,0.0,0.0,,Hawke's Bay Region,Nil,2-way,Sealed,0.0,0.0,0.0,100.0,0.0,None,0.0,0.0,,30.0,Hastings District,Nil,0.0,0.0,0.0,0.0,0.0,0.0,Open,1.0,0.0,0.0,Mist or Fog
104418,1932584.0,5609895.0,545832.0,0.0,0.0,2.0,North,2004/2005,PAKOWHAI ROAD,FARNDON ROAD,Non-Injury Crash,No,2004,South,0.0,,Flat,,,,,Bright sun,1404000.0,0.0,0.0,0.0,2.0,0.0,,,Hawke's Bay Region,Bridge,2-way,Sealed,0.0,0.0,,100.0,,Null,0.0,0.0,,30.0,Hastings District,Nil,,,,,0.0,0.0,Open,0.0,,,Fine
464936,1928694.0,5603739.0,545761.0,0.0,0.0,1.0,West,2014/2015,RAILWAY ROAD SOUTH,LONGLANDS ROAD EAST,Non-Injury Crash,No,2014,West,0.0,0.0,Flat,0.0,,0.0,0.0,Overcast,1469305.0,0.0,0.0,0.0,2.0,0.0,0.0,,Hawke's Bay Region,Nil,2-way,Sealed,0.0,0.0,0.0,100.0,0.0,Null,0.0,0.0,,30.0,Hastings District,Nil,0.0,0.0,0.0,0.0,0.0,0.0,Open,0.0,0.0,0.0,Light rain
717127,1924088.0,5607419.0,548612.0,0.0,0.0,1.0,Null,2000/2001,BAKER ST,BURTON CRESCENT,Non-Injury Crash,No,2001,North,0.0,1.0,Flat,0.0,,0.0,0.0,Bright sun,1474003.0,0.0,0.0,0.0,2.0,0.0,0.0,,Hawke's Bay Region,Nil,2-way,Sealed,0.0,0.0,0.0,50.0,0.0,Null,0.0,0.0,,30.0,Hastings District,Nil,0.0,0.0,0.0,0.0,0.0,0.0,Urban,0.0,0.0,0.0,Fine
248127,1928481.0,5602399.0,545762.0,0.0,0.0,2.0,North,2004/2005,RIVERSLEA ROAD SOUTH,ALGERNON ROAD,Minor Crash,No,2005,South,0.0,1.0,Flat,0.0,,0.0,0.0,Overcast,1468100.0,2.0,0.0,0.0,2.0,0.0,1.0,,Hawke's Bay Region,Nil,2-way,Sealed,0.0,0.0,0.0,100.0,0.0,Null,0.0,0.0,,30.0,Hastings District,Nil,0.0,0.0,0.0,0.0,1.0,0.0,Open,0.0,0.0,0.0,Light rain
713308,1936990.0,5597125.0,545851.0,0.0,0.0,1.0,East,2004/2005,WAIMARAMA ROAD,TE MATA ROAD,Non-Injury Crash,No,2005,East,0.0,0.0,Flat,0.0,,0.0,0.0,Bright sun,1467002.0,0.0,0.0,0.0,2.0,0.0,0.0,,Hawke's Bay Region,Nil,2-way,Sealed,0.0,0.0,0.0,100.0,0.0,Null,0.0,0.0,,30.0,Hastings District,Nil,0.0,0.0,0.0,1.0,0.0,0.0,Open,0.0,0.0,0.0,Fine
30153,1927234.0,5602249.0,545762.0,0.0,0.0,0.0,Null,2011/2012,RAILWAY ROAD SOUTH,LONGLANDS ROAD EAST,Minor Crash,No,2011,North,0.0,,Flat,,,,,Overcast,1468200.0,3.0,0.0,0.0,2.0,0.0,,,Hawke's Bay Region,Nil,2-way,Sealed,0.0,0.0,,50.0,,Null,2.0,0.0,,30.0,Hastings District,Give way,,,,,0.0,0.0,Urban,0.0,,,Fine
680106,1930896.0,5605930.0,548000.0,0.0,0.0,1.0,North,2001/2002,CAROLINE ROAD,FREDERICK ST,Non-Injury Crash,No,2002,North,0.0,0.0,Flat,0.0,,0.0,0.0,Dark,1495500.0,0.0,0.0,0.0,2.0,0.0,2.0,,Hawke's Bay Region,Nil,2-way,Sealed,0.0,0.0,0.0,50.0,0.0,On,0.0,0.0,,30.0,Hastings District,Nil,0.0,0.0,0.0,0.0,0.0,0.0,Urban,2.0,0.0,0.0,Fine
603459,1933870.0,5602004.0,548831.0,1.0,0.0,1.0,Null,2012/2013,TE MATA ROAD,SIMLA AVENUE,Minor Crash,No,2012,West,0.0,,Hill Road,,,,,Overcast,1510000.0,1.0,0.0,0.0,2.0,0.0,,,Hawke's Bay Region,Nil,2-way,Sealed,0.0,0.0,,50.0,,Null,0.0,0.0,,30.0,Hastings District,Give way,,,,,0.0,0.0,Urban,0.0,,,Fine
151905,1929275.0,5605233.0,548200.0,0.0,0.0,2.0,Null,2001/2002,LYNDON ROAD WEST,SOUTHLAND ROAD,Non-Injury Crash,No,2001,North,0.0,,Flat,,,,,Overcast,1488700.0,0.0,0.0,0.0,2.0,0.0,,,Hawke's Bay Region,Nil,2-way,Sealed,0.0,0.0,,50.0,,Null,0.0,0.0,,30.0,Hastings District,Give way,,,,,0.0,0.0,Urban,0.0,,,Fine
471759,1929456.0,5605395.0,548200.0,0.0,0.0,1.0,West,2006/2007,HERETAUNGA ST WEST,SOUTHLAND ROAD,Non-Injury Crash,No,2006,East,0.0,,Flat,,,,,Twilight,1490100.0,0.0,0.0,0.0,3.0,0.0,,,Hawke's Bay Region,Nil,2-way,Sealed,0.0,0.0,,50.0,,On,1.0,0.0,,30.0,Hastings District,Nil,,,,,0.0,0.0,Urban,0.0,,,Fine
257340,1933620.0,5612746.0,545832.0,0.0,0.0,1.0,Null,2012/2013,BROOKFIELDS ROAD,BROOKFIELDS BR,Non-Injury Crash,No,2013,North,0.0,1.0,Flat,0.0,,0.0,0.0,Bright sun,1403900.0,0.0,0.0,0.0,2.0,0.0,0.0,,Hawke's Bay Region,Bridge,2-way,Sealed,0.0,0.0,0.0,100.0,0.0,Null,0.0,0.0,,30.0,Hastings District,Nil,0.0,0.0,0.0,0.0,0.0,0.0,Open,0.0,0.0,0.0,Fine
413855,1930455.0,5604667.0,548200.0,0.0,0.0,2.0,East,2002/2003,ST AUBYN ST EAST,MILLER ST,Non-Injury Crash,No,2003,East,0.0,,Flat,,,,,Dark,1493502.0,0.0,0.0,0.0,2.0,0.0,,,Hawke's Bay Region,Nil,2-way,Sealed,0.0,0.0,,50.0,,On,0.0,0.0,,30.0,Hastings District,Nil,,,,,0.0,0.0,Urban,0.0,,,Fine
223435,1918874.0,5652766.0,545911.0,0.0,0.0,1.0,South,2002/2003,SH 5,OLSENS GATE,Non-Injury Crash,Yes,2003,East,0.0,0.0,Hill Road,0.0,,0.0,0.0,Overcast,1415900.0,0.0,0.0,0.0,2.0,0.0,0.0,,Hawke's Bay Region,Nil,2-way,Sealed,0.0,0.0,0.0,100.0,0.0,Null,0.0,0.0,,30.0,Hastings District,Nil,0.0,1.0,0.0,0.0,0.0,0.0,Open,0.0,0.0,0.0,Light rain
296886,1928784.0,5606268.0,548500.0,1.0,0.0,0.0,Null,2007/2008,OMAHU ROAD,MARAEKAKAHO ROAD,Minor Crash,No,2008,North,0.0,,Flat,,,,,Bright sun,1478800.0,1.0,0.0,0.0,4.0,0.0,,,Hawke's Bay Region,Nil,2-way,Sealed,0.0,0.0,,50.0,,Null,0.0,0.0,,30.0,Hastings District,Give way,,,,,1.0,0.0,Urban,0.0,,,Fine
397120,1926004.5990000002,5625044.1756,545821.0,0.0,0.0,1.0,South,2019/2020,PUKETITIRI ROAD,SEAFIELD ROAD,Non-Injury Crash,No,2019,East,0.0,1.0,Flat,0.0,,0.0,0.0,Bright sun,1411200.0,0.0,0.0,0.0,2.0,0.0,0.0,,Hawke's Bay Region,Nil,2-way,Sealed,0.0,0.0,0.0,100.0,0.0,None,0.0,0.0,,30.0,Hastings District,Unknown,0.0,1.0,0.0,0.0,0.0,0.0,Open,0.0,0.0,0.0,Fine
245674,1928833.0,5606241.0,547700.0,0.0,0.0,2.0,South,2004/2005,Z CPK PHARMACY,HERETAUNGA/PAKOWHAI,Non-Injury Crash,No,2005,North,0.0,0.0,Flat,0.0,Christmas New Year,0.0,0.0,Overcast,1486000.0,0.0,0.0,0.0,0.0,0.0,1.0,,Hawke's Bay Region,Nil,Off road,Sealed,0.0,0.0,0.0,50.0,0.0,Null,0.0,0.0,,30.0,Hastings District,Nil,0.0,0.0,0.0,0.0,0.0,0.0,Urban,0.0,0.0,0.0,Fine
627583,1915830.0,5655041.0,545911.0,0.0,0.0,1.0,South,2009/2010,SH 5,WAITARA ROAD,Non-Injury Crash,Yes,2010,West,0.0,0.0,Flat,0.0,,0.0,0.0,Bright sun,1415900.0,0.0,0.0,0.0,2.0,0.0,0.0,,Hawke's Bay Region,Nil,2-way,Sealed,0.0,0.0,0.0,100.0,0.0,Null,0.0,0.0,,30.0,Hastings District,Nil,0.0,0.0,0.0,0.0,0.0,0.0,Open,0.0,0.0,0.0,Fine
479576,1923382.5594,5610148.2206,545710.0,0.0,0.0,1.0,Null,2019/2020,OMAHU ROAD,SH 50,Non-Injury Crash,No,2019,North,0.0,1.0,Flat,0.0,,0.0,0.0,Dark,1470500.0,0.0,0.0,0.0,2.0,0.0,0.0,,Hawke's Bay Region,Nil,2-way,Sealed,0.0,0.0,0.0,100.0,0.0,On,0.0,0.0,,30.0,Hastings District,Give way,1.0,1.0,0.0,0.0,0.0,0.0,Open,0.0,0.0,0.0,Fine
245182,1931843.0,5601326.0,548810.0,0.0,0.0,1.0,South,2008/2009,UPHAM ST,TE AUTE ROAD,Non-Injury Crash,No,2008,North,0.0,0.0,Flat,0.0,,0.0,0.0,Bright sun,1506000.0,0.0,0.0,0.0,2.0,0.0,0.0,,Hawke's Bay Region,Nil,2-way,Sealed,0.0,0.0,0.0,50.0,0.0,Null,0.0,0.0,,30.0,Hastings District,Nil,0.0,0.0,0.0,1.0,0.0,0.0,Urban,0.0,0.0,0.0,Fine
17211,1922722.0,5596259.0,545851.0,0.0,0.0,1.0,North,2000/2001,SH 2,TE MAHANGA ROAD,Non-Injury Crash,Yes,2001,North,0.0,0.0,Flat,0.0,,0.0,0.0,Dark,1463900.0,0.0,0.0,0.0,2.0,0.0,0.0,,Hawke's Bay Region,Nil,2-way,Sealed,0.0,0.0,0.0,100.0,0.0,None,0.0,0.0,,30.0,Hastings District,Nil,0.0,0.0,0.0,1.0,0.0,0.0,Open,0.0,0.0,0.0,Fine
571703,1932426.0,5610617.0,545832.0,0.0,0.0,0.0,South,2011/2012,PAKOWHAI ROAD,BROOKFIELDS ROAD,Non-Injury Crash,No,2011,North,0.0,,Flat,,,,,Bright sun,1404000.0,0.0,0.0,0.0,2.0,0.0,,,Hawke's Bay Region,Nil,2-way,Sealed,0.0,0.0,,100.0,,Null,1.0,0.0,,30.0,Hastings District,Nil,,,,,0.0,0.0,Open,1.0,,,Fine
262664,1930614.0,5603905.0,548100.0,0.0,0.0,0.0,Null,2002/2003,PARK ROAD SOUTH,HERETAUNGA ST EAST,Minor Crash,No,2002,North,0.0,0.0,Flat,0.0,,1.0,0.0,Twilight,1501200.0,1.0,0.0,0.0,2.0,0.0,0.0,,Hawke's Bay Region,Nil,2-way,Sealed,0.0,0.0,0.0,50.0,0.0,On,0.0,0.0,,30.0,Hastings District,Stop,0.0,0.0,0.0,0.0,0.0,0.0,Urban,1.0,0.0,0.0,Fine
300953,1929851.0,5605477.0,548200.0,0.0,0.0,1.0,Null,2004/2005,ST AUBYN ST WEST,NELSON ST NORTH,Serious Crash,No,2004,West,0.0,,Flat,,,,,Bright sun,1491000.0,0.0,0.0,0.0,3.0,0.0,,,Hawke's Bay Region,Nil,2-way,Sealed,0.0,1.0,,50.0,,Null,0.0,0.0,,30.0,Hastings District,Traffic Signals,,,,,0.0,0.0,Urban,1.0,,,Fine
438134,1930690.0,5603822.0,548100.0,1.0,0.0,0.0,North,2015/2016,HERETAUNGA ST EAST,TERRACE ROAD,Non-Injury Crash,No,2015,North,0.0,,Flat,,,,,Bright sun,1501400.0,0.0,0.0,0.0,2.0,0.0,,,Hawke's Bay Region,Nil,2-way,Sealed,0.0,0.0,,50.0,,Null,0.0,0.0,,30.0,Hastings District,Nil,,,,,0.0,0.0,Urban,1.0,,,Fine
444924,1925009.0,5604895.0,545842.0,0.0,0.0,0.0,South,2006/2007,STOCK ROAD,IRONGATE ROAD,Minor Crash,No,2006,South,0.0,,Flat,,,,,Bright sun,1470214.0,1.0,0.0,0.0,2.0,0.0,,,Hawke's Bay Region,Nil,2-way,Sealed,0.0,0.0,,100.0,,Null,0.0,0.0,,30.0,Hastings District,Nil,,,,,1.0,0.0,Open,1.0,,,Fine
448522,1931928.0,5604902.0,548000.0,0.0,0.0,2.0,Null,2012/2013,JELLICOE ST,HOOD ST,Non-Injury Crash,No,2012,West,0.0,,Flat,,,,,Dark,1498100.0,0.0,0.0,0.0,2.0,0.0,,,Hawke's Bay Region,Nil,2-way,Sealed,0.0,0.0,,50.0,,On,0.0,0.0,,30.0,Hastings District,Nil,,,,,0.0,0.0,Urban,0.0,,,Fine
481266,1929874.4981,5605944.8709,547700.0,0.0,0.0,2.0,Null,2019/2020,TOMOANA ROAD,FITZROY AVENUE,Non-Injury Crash,No,2020,North,0.0,,Flat,,,,,Bright sun,1488400.0,0.0,0.0,0.0,2.0,0.0,,,Hawke's Bay Region,Nil,2-way,Sealed,0.0,0.0,,50.0,,Off,0.0,0.0,,30.0,Hastings District,Stop,,,,,0.0,0.0,Urban,0.0,,,Fine
93219,1927303.0,5607651.0,548400.0,0.0,0.0,1.0,Null,2000/2001,OMAHU ROAD,WILSON ROAD,Non-Injury Crash,No,2001,North,0.0,,Flat,,,,,Bright sun,1473600.0,0.0,0.0,0.0,2.0,0.0,,,Hawke's Bay Region,Nil,2-way,Sealed,0.0,0.0,,50.0,,Null,0.0,0.0,,30.0,Hastings District,Give way,,,,,1.0,0.0,Urban,0.0,,,Fine
364052,1928669.0,5605822.0,547700.0,0.0,0.0,1.0,North,2014/2015,SOUTHAMPTON ST WEST,DAVIS ST,Non-Injury Crash,No,2015,South,0.0,,Flat,,,,,Bright sun,1486500.0,0.0,0.0,0.0,2.0,0.0,,,Hawke's Bay Region,Nil,2-way,Sealed,0.0,0.0,,50.0,,Null,1.0,0.0,,30.0,Hastings District,Nil,,,,,0.0,0.0,Urban,0.0,,,Fine
503934,1932338.0,5602087.0,548810.0,0.0,0.0,1.0,North,2005/2006,HAVELOCK ROAD,KARANEMA DRIVE,Non-Injury Crash,No,2005,North,0.0,0.0,Flat,0.0,,0.0,0.0,Bright sun,1505200.0,0.0,0.0,0.0,2.0,0.0,0.0,,Hawke's Bay Region,Bridge,2-way,Sealed,0.0,0.0,0.0,50.0,0.0,Null,0.0,0.0,,30.0,Hastings District,Nil,0.0,0.0,0.0,0.0,0.0,0.0,Urban,0.0,0.0,0.0,Fine
522591,1925319.0,5599549.0,545852.0,0.0,0.0,1.0,North,2016/2017,SH 2,PAKI PAKI OFF NBD,Minor Crash,Yes,2017,North,0.0,0.0,Flat,0.0,,0.0,0.0,Bright sun,1465801.0,1.0,0.0,0.0,3.0,0.0,0.0,,Hawke's Bay Region,Nil,2-way,Sealed,0.0,0.0,0.0,80.0,0.0,Null,0.0,0.0,,30.0,Hastings District,Unknown,1.0,1.0,0.0,0.0,0.0,0.0,Open,0.0,0.0,0.0,Fine
330452,1928798.0,5606263.0,547700.0,0.0,0.0,1.0,South,2006/2007,HERETAUNGA ST WEST,PAKOWHAI ROAD,Non-Injury Crash,No,2007,North,0.0,,Flat,,,,,Bright sun,1486600.0,0.0,0.0,0.0,2.0,0.0,,,Hawke's Bay Region,Nil,2-way,Sealed,0.0,0.0,,50.0,,Null,1.0,0.0,,30.0,Hastings District,Give way,,,,,0.0,0.0,Urban,0.0,,,Fine
500751,1927967.0,5609627.0,545710.0,0.0,0.0,1.0,East,2016/2017,TROTTER ROAD,RAUPARE ROAD,Non-Injury Crash,No,2017,West,0.0,,Flat,,,,,Bright sun,1470800.0,0.0,0.0,0.0,2.0,0.0,,,Hawke's Bay Region,Nil,2-way,Sealed,0.0,0.0,,100.0,,Null,0.0,0.0,,30.0,Hastings District,Unknown,,,,,0.0,0.0,Open,1.0,,,Null
369499,1911840.0,5662472.0,545911.0,0.0,0.0,1.0,North,2008/2009,SH 5,MCVICAR ROAD,Minor Crash,Yes,2008,South,0.0,0.0,Hill Road,0.0,,0.0,0.0,Overcast,1414300.0,4.0,0.0,0.0,2.0,0.0,0.0,,Hawke's Bay Region,Nil,2-way,Sealed,0.0,0.0,0.0,100.0,0.0,Null,0.0,0.0,,30.0,Hastings District,Nil,0.0,0.0,0.0,0.0,0.0,0.0,Open,0.0,0.0,0.0,Light rain
104110,1928009.0,5605668.0,547900.0,0.0,0.0,2.0,Null,2002/2003,MARAEKAKAHO ROAD,GORDON ROAD,Minor Crash,No,2003,South,0.0,,Flat,,,,,Overcast,1479900.0,1.0,0.0,0.0,3.0,0.0,,,Hawke's Bay Region,Nil,2-way,Sealed,0.0,0.0,,50.0,,Null,0.0,0.0,,30.0,Hastings District,Give way,,,,,0.0,0.0,Urban,0.0,,,Fine
720646,1928269.0,5600926.0,545852.0,0.0,0.0,1.0,South,2005/2006,TE AUTE ROAD,LONGLANDS ROAD EAST,Minor Crash,No,2005,North,0.0,0.0,Flat,0.0,,0.0,0.0,Dark,1465700.0,1.0,0.0,0.0,2.0,0.0,0.0,,Hawke's Bay Region,Nil,2-way,Sealed,0.0,0.0,0.0,100.0,0.0,None,0.0,0.0,,30.0,Hastings District,Nil,0.0,0.0,0.0,0.0,0.0,0.0,Open,0.0,0.0,0.0,Light rain
51043,1930340.0,5604821.0,548200.0,0.0,0.0,1.0,Null,2008/2009,ST AUBYN ST EAST,HASTINGS ST NORTH,Fatal Crash,No,2008,North,1.0,,Flat,,Christmas New Year,,,Bright sun,1493501.0,2.0,0.0,0.0,2.0,0.0,,,Hawke's Bay Region,Nil,2-way,Sealed,0.0,0.0,,50.0,,Null,0.0,0.0,,30.0,Hastings District,Stop,,,,,0.0,0.0,Urban,1.0,,,Fine
225788,1929657.0,5605330.0,548200.0,0.0,0.0,2.0,Null,2004/2005,NELSON ST NORTH,QUEEN ST WEST,Non-Injury Crash,No,2004,South,0.0,,Flat,,,,,Overcast,1490800.0,0.0,0.0,0.0,2.0,0.0,,,Hawke's Bay Region,Nil,2-way,Sealed,0.0,0.0,,50.0,,Null,0.0,0.0,,30.0,Hastings District,Give way,,,,,0.0,0.0,Urban,0.0,,,Fine
455428,1934821.0,5641171.0,545811.0,0.0,0.0,0.0,North,2005/2006,SH 2,TE NGARU BR,Minor Crash,Yes,2005,North,0.0,,Hill Road,,Christmas New Year,,,Bright sun,1415700.0,1.0,0.0,1.0,2.0,0.0,,,Hawke's Bay Region,Nil,2-way,Sealed,0.0,0.0,,100.0,,Null,0.0,0.0,,30.0,Hastings District,Nil,,,,,1.0,0.0,Open,1.0,,,Fine
52178,1924756.0,5637604.0,545811.0,0.0,0.0,1.0,South,2004/2005,SH 5,GLENLANDS STN ENT,Non-Injury Crash,Yes,2005,East,0.0,0.0,Hill Road,0.0,,0.0,0.0,Bright sun,1414800.0,0.0,0.0,0.0,3.0,0.0,0.0,,Hawke's Bay Region,Nil,2-way,Sealed,0.0,0.0,0.0,100.0,0.0,Null,0.0,0.0,,30.0,Hastings District,Nil,0.0,0.0,0.0,0.0,0.0,0.0,Open,0.0,0.0,0.0,Fine
644405,1920202.0,5594461.0,545851.0,0.0,0.0,1.0,North,2000/2001,SH 2,POUKAWA ROAD,Non-Injury Crash,Yes,2001,North,0.0,1.0,Flat,0.0,,0.0,0.0,Overcast,1463900.0,0.0,0.0,0.0,2.0,0.0,0.0,,Hawke's Bay Region,Nil,2-way,Sealed,0.0,0.0,0.0,100.0,0.0,Null,0.0,0.0,,30.0,Hastings District,Nil,0.0,0.0,0.0,0.0,0.0,0.0,Open,0.0,0.0,0.0,Fine
131707,1930792.0,5599577.0,548822.0,0.0,0.0,1.0,North,2008/2009,MIDDLE ROAD,SCHOOL ROAD,Minor Crash,No,2008,South,0.0,1.0,Flat,0.0,,0.0,0.0,Bright sun,1465901.0,1.0,0.0,0.0,2.0,0.0,0.0,,Hawke's Bay Region,Nil,2-way,Sealed,0.0,0.0,0.0,100.0,0.0,Null,0.0,0.0,,30.0,Hastings District,Nil,0.0,0.0,0.0,0.0,0.0,0.0,Open,0.0,0.0,0.0,Fine
217991,1915655.0,5590900.0,545851.0,0.0,0.0,1.0,North,2000/2001,COLIN WHITE ROAD,SH 2,Non-Injury Crash,No,2000,West,0.0,1.0,Hill Road,0.0,,0.0,0.0,Dark,1464400.0,0.0,0.0,0.0,1.0,0.0,0.0,,Hawke's Bay Region,Nil,2-way,Sealed,0.0,0.0,0.0,100.0,0.0,None,0.0,0.0,,30.0,Hastings District,Nil,0.0,0.0,0.0,0.0,0.0,0.0,Open,0.0,0.0,0.0,Fine
133963,1928356.0,5606692.0,547800.0,0.0,0.0,3.0,East,2000/2001,OMAHU ROAD,KARAITIANA ST,Non-Injury Crash,No,2001,East,0.0,,Flat,,,,,Overcast,1477400.0,0.0,0.0,0.0,2.0,0.0,,,Hawke's Bay Region,Nil,2-way,Sealed,0.0,0.0,,50.0,,Null,0.0,0.0,,30.0,Hastings District,Nil,,,,,0.0,0.0,Urban,0.0,,,Light rain
193531,1928501.0,5604642.0,547900.0,0.0,0.0,2.0,Null,2005/2006,SOUTHLAND ROAD,GASCOIGNE ST,Non-Injury Crash,No,2006,South,0.0,,Flat,,,,,Bright sun,1482000.0,0.0,0.0,0.0,2.0,0.0,,,Hawke's Bay Region,Nil,2-way,Sealed,0.0,0.0,,50.0,,Null,0.0,0.0,30.0,30.0,Hastings District,Give way,,,,,0.0,0.0,Urban,0.0,,,Fine