OBJECTID,X,Y,areaUnitID,bicycle,bus,carStationWagon,crashDirectionDescription,crashFinancialYear,crashLocation1,crashLocation2,crashSeverity,crashSHDescription,crashYear,directionRoleDescription,fatalCount,fence,flatHill,guardRail,holiday,houseOrBuilding,kerb,light,meshblockId,minorInjuryCount,moped,motorcycle,NumberOfLanes,otherVehicleType,parkedVehicle,pedestrian,region,roadCharacter,roadLane,roadSurface,schoolBus,seriousInjuryCount,slipOrFlood,speedLimit,strayAnimal,streetLight,suv,taxi,temporarySpeedLimit,tlaId,tlaName,trafficControl,trafficIsland,trafficSign,train,tree,truck,unknownVehicleType,urban,vanOrUtility,vehicle,waterRiver,weatherA
464570,1928570.0,5604555.0,547900.0,0.0,0.0,1.0,Null,2007/2008,GASCOIGNE ST,MONTGOMERY ST,Non-Injury Crash,No,2008,East,0.0,,Flat,,,,,Bright sun,1482000.0,0.0,0.0,0.0,2.0,0.0,,,Hawke's Bay Region,Nil,2-way,Sealed,0.0,0.0,,50.0,,Null,0.0,0.0,,30.0,Hastings District,Nil,,,,,0.0,0.0,Urban,1.0,,,Fine
302493,1923246.0,5610781.0,545710.0,0.0,0.0,1.0,Null,2001/2002,SH 50,GORDON ST,Non-Injury Crash,Yes,2002,South,0.0,0.0,Flat,0.0,,0.0,0.0,Dark,1470400.0,0.0,0.0,0.0,2.0,0.0,0.0,,Hawke's Bay Region,Nil,2-way,Sealed,0.0,0.0,0.0,50.0,0.0,On,0.0,0.0,,30.0,Hastings District,Nil,0.0,0.0,0.0,0.0,0.0,0.0,Urban,0.0,0.0,0.0,Light rain
416118,1933591.0,5656714.0,545911.0,0.0,0.0,2.0,North,2009/2010,MATAHORUA ROAD,SH 2,Non-Injury Crash,No,2009,East,0.0,,Hill Road,,,,,Twilight,1416000.0,0.0,0.0,0.0,2.0,0.0,,,Hawke's Bay Region,Nil,2-way,Sealed,0.0,0.0,,100.0,,None,0.0,0.0,,30.0,Hastings District,Nil,,,,,0.0,0.0,Open,0.0,,,Fine
408337,1933416.0,5612180.0,545832.0,0.0,0.0,1.0,Null,1999/2000,BROOKFIELDS ROAD,SISSONS ROAD,Non-Injury Crash,No,2000,South,0.0,0.0,Flat,0.0,,0.0,0.0,Overcast,1404000.0,0.0,0.0,0.0,2.0,0.0,0.0,,Hawke's Bay Region,Nil,2-way,Sealed,0.0,0.0,0.0,100.0,0.0,None,0.0,0.0,,30.0,Hastings District,Give way,0.0,0.0,0.0,0.0,0.0,0.0,Open,0.0,0.0,0.0,Heavy rain
667841,1930236.6734,5604565.7696,548200.0,0.0,0.0,2.0,Null,2019/2020,MILLER STREET,QUEEN STREET EAST,Non-Injury Crash,No,2020,South,0.0,,Flat,,,,,Bright sun,1493400.0,0.0,0.0,0.0,2.0,0.0,,,Hawke's Bay Region,Nil,2-way,Sealed,0.0,0.0,,50.0,,Off,0.0,0.0,,30.0,Hastings District,Give way,,,,,0.0,0.0,Urban,0.0,,,Fine
162498,1928982.0,5602949.0,545762.0,0.0,0.0,1.0,Null,2004/2005,RIVERSLEA ROAD SOUTH,TOLLEMACHE ROAD EAST,Fatal Crash,No,2005,East,1.0,,Flat,,,,,Overcast,1468200.0,0.0,0.0,0.0,2.0,0.0,,,Hawke's Bay Region,Nil,2-way,Sealed,0.0,0.0,,100.0,,Null,0.0,0.0,,30.0,Hastings District,Give way,,,,,1.0,0.0,Open,0.0,,,Light rain
59715,1932675.0,5611830.0,545832.0,0.0,0.0,0.0,South,1999/2000,BROOKFIELDS ROAD,GILBERTSON ROAD,Non-Injury Crash,No,2000,North,0.0,1.0,Flat,0.0,,1.0,0.0,Overcast,1403900.0,0.0,0.0,0.0,2.0,0.0,0.0,,Hawke's Bay Region,Nil,2-way,Sealed,0.0,0.0,0.0,100.0,0.0,Null,0.0,0.0,,30.0,Hastings District,Nil,0.0,0.0,0.0,0.0,0.0,0.0,Open,1.0,0.0,0.0,Fine
245611,1935267.0,5653405.0,545911.0,0.0,0.0,0.0,North,1999/2000,SH 2,MATAHORUA ROAD,Non-Injury Crash,Yes,2000,North,0.0,,Flat,,,,,Dark,1415200.0,0.0,0.0,0.0,2.0,0.0,,,Hawke's Bay Region,Nil,2-way,Sealed,0.0,0.0,,100.0,,None,0.0,0.0,,30.0,Hastings District,Nil,,,,,0.0,0.0,Open,2.0,,,Fine
512848,1928579.1613,5613733.5815,545831.0,0.0,0.0,1.0,South,2019/2020,KOROKIPO ROAD,OMARUNUI ROAD,Serious Crash,Yes,2020,South,0.0,1.0,Flat,0.0,,0.0,0.0,Dark,1409400.0,0.0,0.0,0.0,2.0,0.0,0.0,,Hawke's Bay Region,Nil,2-way,Sealed,0.0,1.0,0.0,100.0,0.0,None,0.0,0.0,,30.0,Hastings District,Unknown,0.0,0.0,0.0,0.0,0.0,0.0,Open,0.0,0.0,0.0,Fine
260299,1929412.0,5606753.0,547800.0,0.0,0.0,1.0,East,2015/2016,PAKOWHAI ROAD,ELLIS ST,Minor Crash,No,2016,West,0.0,1.0,Flat,0.0,,0.0,0.0,Bright sun,1477600.0,1.0,0.0,0.0,2.0,0.0,0.0,,Hawke's Bay Region,Nil,2-way,Sealed,0.0,0.0,0.0,50.0,0.0,Null,0.0,0.0,,30.0,Hastings District,Nil,0.0,0.0,0.0,1.0,0.0,0.0,Urban,0.0,0.0,0.0,Fine
32707,1929685.0,5604892.0,548200.0,0.0,0.0,2.0,West,2002/2003,EASTBOURNE ST WEST,RAILWAY ROAD,Non-Injury Crash,No,2003,West,0.0,,Flat,,,,,Overcast,1490000.0,0.0,0.0,0.0,2.0,0.0,,,Hawke's Bay Region,Nil,2-way,Sealed,0.0,0.0,,50.0,,Off,0.0,0.0,,30.0,Hastings District,Nil,,,,,0.0,0.0,Urban,0.0,,,Fine
59907,1928113.7133,5602538.7987,545762.0,0.0,0.0,1.0,North,2019/2020,ALGERNON ROAD,RIVERSLEA ROAD SOUTH,Non-Injury Crash,No,2019,North,0.0,,Flat,,Labour Weekend,,,Dark,1468200.0,0.0,0.0,0.0,2.0,0.0,,,Hawke's Bay Region,Nil,2-way,Sealed,0.0,0.0,,80.0,,None,0.0,0.0,,30.0,Hastings District,Unknown,,,,,0.0,0.0,Open,1.0,,,Fine
286257,1928519.0,5606532.0,547800.0,0.0,0.0,1.0,Null,2010/2011,OMAHU ROAD,HAPUKA ST,Non-Injury Crash,No,2010,West,0.0,0.0,Flat,0.0,Labour Weekend,0.0,0.0,Twilight,1477700.0,0.0,0.0,0.0,2.0,0.0,0.0,,Hawke's Bay Region,Nil,2-way,Sealed,0.0,0.0,0.0,50.0,0.0,On,0.0,0.0,,30.0,Hastings District,Nil,1.0,0.0,0.0,0.0,0.0,0.0,Urban,0.0,0.0,0.0,Fine
344568,1933563.0,5603579.0,545750.0,0.0,0.0,1.0,North,2003/2004,NAPIER ROAD,THOMPSON ROAD,Minor Crash,No,2003,North,0.0,0.0,Flat,0.0,Christmas New Year,0.0,0.0,Twilight,1406600.0,2.0,0.0,0.0,2.0,0.0,0.0,,Hawke's Bay Region,Nil,2-way,Sealed,0.0,0.0,0.0,100.0,0.0,None,0.0,0.0,,30.0,Hastings District,Nil,0.0,0.0,0.0,1.0,0.0,0.0,Open,0.0,0.0,0.0,Fine
325561,1930429.2576,5604895.842999999,548200.0,0.0,0.0,1.0,Null,2018/2019,ELLISON ROAD,HASTINGS STREET NORTH,Non-Injury Crash,No,2019,South,0.0,,Flat,,,,,Twilight,1494400.0,0.0,0.0,0.0,2.0,0.0,,,Hawke's Bay Region,Nil,2-way,Sealed,0.0,0.0,,50.0,,Off,0.0,0.0,,30.0,Hastings District,Give way,,,,,0.0,0.0,Urban,1.0,,,Fine
218464,1928201.0,5606980.0,547800.0,0.0,0.0,2.0,North,2000/2001,NOTTINGLEY ROAD,OMAHU ROAD,Non-Injury Crash,No,2001,North,0.0,,Flat,,,,,Bright sun,1476800.0,0.0,0.0,0.0,2.0,0.0,,,Hawke's Bay Region,Nil,2-way,Sealed,0.0,0.0,,50.0,,Null,0.0,0.0,,30.0,Hastings District,Nil,,,,,0.0,0.0,Urban,0.0,,,Fine
720422,1929885.0,5603813.0,548300.0,0.0,0.0,1.0,Null,2008/2009,RIVERSLEA ROAD SOUTH,LAWRENCE ST,Non-Injury Crash,No,2008,South,0.0,,Flat,,,,,Bright sun,1504300.0,0.0,0.0,0.0,2.0,0.0,,,Hawke's Bay Region,Nil,2-way,Sealed,0.0,0.0,,50.0,,Null,1.0,0.0,,30.0,Hastings District,Nil,,,,,0.0,0.0,Urban,0.0,,,Fine
105594,1930226.0,5604367.0,548300.0,0.0,0.0,2.0,Null,2007/2008,HERETAUNGA ST EAST,WILLOWPARK ROAD NORTH,Minor Crash,No,2008,West,0.0,,Flat,,,,,Overcast,1501500.0,1.0,0.0,0.0,2.0,0.0,,,Hawke's Bay Region,Nil,2-way,Sealed,0.0,0.0,,50.0,,Null,0.0,0.0,,30.0,Hastings District,Give way,,,,,0.0,0.0,Urban,0.0,,,Light rain
198535,1925742.0,5618947.0,545821.0,0.0,0.0,1.0,South,2001/2002,OMARUNUI ROAD,VICARAGE ROAD,Non-Injury Crash,No,2002,South,0.0,0.0,Hill Road,0.0,,0.0,0.0,Bright sun,1408700.0,0.0,0.0,0.0,2.0,0.0,0.0,,Hawke's Bay Region,Nil,2-way,Sealed,0.0,0.0,0.0,100.0,0.0,Null,0.0,0.0,,30.0,Hastings District,Nil,0.0,0.0,0.0,0.0,0.0,0.0,Open,0.0,0.0,0.0,Fine
662350,1929137.0,5605815.0,547700.0,0.0,0.0,1.0,Null,2001/2002,HERETAUNGA ST WEST,GRAYS ROAD,Non-Injury Crash,No,2001,West,0.0,,Flat,,,,,Dark,1487300.0,0.0,0.0,0.0,2.0,0.0,,,Hawke's Bay Region,Nil,2-way,Sealed,0.0,0.0,,50.0,,On,0.0,0.0,,30.0,Hastings District,Give way,,,,,0.0,0.0,Urban,1.0,,,Fine
23274,1929657.0,5605330.0,548200.0,0.0,0.0,2.0,Null,2005/2006,NELSON ST NORTH,QUEEN ST WEST,Non-Injury Crash,No,2005,South,0.0,,Flat,,,,,Bright sun,1490800.0,0.0,0.0,0.0,2.0,0.0,,,Hawke's Bay Region,Nil,2-way,Sealed,0.0,0.0,,50.0,,Null,0.0,0.0,,30.0,Hastings District,Give way,,,,,0.0,0.0,Urban,0.0,,,Fine
651202,1938120.0,5610080.0,545730.0,0.0,0.0,1.0,Null,2000/2001,SCHOOL ROAD,GREY ST,Non-Injury Crash,No,2001,East,0.0,1.0,Flat,0.0,,0.0,0.0,Dark,1405200.0,0.0,0.0,0.0,2.0,0.0,0.0,,Hawke's Bay Region,Nil,2-way,Sealed,0.0,0.0,0.0,50.0,0.0,On,0.0,0.0,,30.0,Hastings District,Nil,0.0,0.0,0.0,0.0,0.0,0.0,Urban,0.0,0.0,0.0,Fine
451920,1945145.0,5660331.0,545911.0,0.0,0.0,1.0,South,2007/2008,SH 2,WAIKARE ROAD,Non-Injury Crash,Yes,2007,North,0.0,0.0,Flat,0.0,Christmas New Year,0.0,0.0,Bright sun,1415100.0,0.0,0.0,0.0,2.0,0.0,0.0,,Hawke's Bay Region,Nil,2-way,Sealed,0.0,0.0,0.0,100.0,0.0,Null,0.0,0.0,,30.0,Hastings District,Nil,0.0,0.0,0.0,0.0,0.0,0.0,Open,0.0,0.0,0.0,Fine
153883,1925121.0,5637530.0,545811.0,0.0,0.0,1.0,West,2003/2004,SH 5,DILLONS HILL CUL,Non-Injury Crash,Yes,2003,North,0.0,0.0,Hill Road,0.0,,0.0,0.0,Twilight,1414700.0,0.0,0.0,0.0,3.0,0.0,0.0,,Hawke's Bay Region,Nil,2-way,Sealed,0.0,0.0,0.0,100.0,0.0,None,0.0,0.0,,30.0,Hastings District,Nil,0.0,0.0,0.0,0.0,0.0,0.0,Open,0.0,0.0,0.0,Light rain
573618,1917396.0,5654365.0,545912.0,0.0,0.0,0.0,South,2014/2015,SH 5,WAITARA ROAD,Serious Crash,Yes,2015,North,0.0,,Hill Road,,,,,Bright sun,1414504.0,2.0,0.0,0.0,3.0,0.0,,,Hawke's Bay Region,Nil,2-way,Sealed,0.0,2.0,,100.0,,None,0.0,0.0,,30.0,Hastings District,Nil,,,,,1.0,0.0,Open,1.0,,,Fine
606829,1934513.0,5608206.0,545722.0,0.0,0.0,1.0,South,2002/2003,SH 2,STATION ROAD,Minor Crash,Yes,2002,North,0.0,0.0,Flat,0.0,,0.0,0.0,Dark,1406300.0,1.0,0.0,0.0,2.0,0.0,0.0,,Hawke's Bay Region,Nil,2-way,Sealed,0.0,0.0,0.0,100.0,0.0,None,0.0,0.0,,30.0,Hastings District,Nil,0.0,0.0,0.0,0.0,0.0,0.0,Open,0.0,0.0,0.0,Fine
703613,1941254.0,5591367.0,545860.0,0.0,0.0,0.0,South,2012/2013,WAIMARAMA ROAD,OCEAN BEACH ROAD,Minor Crash,No,2013,North,0.0,0.0,Hill Road,0.0,,0.0,0.0,Bright sun,1467600.0,1.0,0.0,1.0,2.0,0.0,0.0,,Hawke's Bay Region,Nil,2-way,Sealed,0.0,0.0,0.0,100.0,0.0,Null,0.0,0.0,,30.0,Hastings District,Nil,0.0,0.0,0.0,0.0,0.0,0.0,Open,0.0,0.0,0.0,Fine
55286,1931320.0,5601080.0,545762.0,0.0,0.0,1.0,North,2015/2016,TE AUTE ROAD,GILPIN ROAD,Minor Crash,No,2016,North,0.0,,Flat,,Queens Birthday,,,Dark,1465200.0,2.0,0.0,0.0,2.0,0.0,,,Hawke's Bay Region,Nil,2-way,Sealed,0.0,0.0,,100.0,,On,0.0,0.0,,30.0,Hastings District,Nil,,,,,0.0,0.0,Open,1.0,,,Null
497286,1924875.0,5606990.0,548620.0,0.0,0.0,1.0,East,2007/2008,SWANSEA ROAD,CAERNARVON DRIVE,Non-Injury Crash,No,2007,West,0.0,,Flat,,,,,Overcast,1473700.0,0.0,0.0,0.0,2.0,0.0,,,Hawke's Bay Region,Nil,2-way,Sealed,0.0,0.0,,50.0,,Null,0.0,0.0,,30.0,Hastings District,Nil,,,,,0.0,0.0,Urban,1.0,,,Light rain
613831,1918014.0,5592785.0,545851.0,0.0,0.0,0.0,South,2009/2010,SH 2,POUKAWA ROAD,Minor Crash,Yes,2009,North,0.0,0.0,Flat,0.0,Christmas New Year,0.0,0.0,Twilight,1464200.0,1.0,0.0,0.0,2.0,0.0,0.0,,Hawke's Bay Region,Nil,2-way,Sealed,0.0,0.0,0.0,100.0,0.0,None,0.0,0.0,,30.0,Hastings District,Nil,0.0,0.0,0.0,0.0,0.0,0.0,Open,1.0,0.0,0.0,Fine
435248,1929472.0,5604772.0,548200.0,0.0,0.0,1.0,South,2012/2013,SOUTHAMPTON ST WEST,MARKET ST SOUTH,Non-Injury Crash,No,2012,South,0.0,,Flat,,,,,Bright sun,1489802.0,0.0,0.0,0.0,2.0,0.0,,,Hawke's Bay Region,Nil,2-way,Sealed,0.0,0.0,,50.0,,Null,0.0,0.0,,30.0,Hastings District,Nil,,,,,0.0,0.0,Urban,1.0,,,Fine
612636,1930501.0,5606380.0,547600.0,0.0,0.0,2.0,East,2002/2003,FREDERICK ST,TOMOANA ROAD,Non-Injury Crash,No,2002,East,0.0,,Flat,,,,,Dark,1483800.0,0.0,0.0,0.0,3.0,0.0,,,Hawke's Bay Region,Nil,2-way,Sealed,0.0,0.0,,50.0,,On,0.0,0.0,,30.0,Hastings District,Nil,,,,,0.0,0.0,Urban,0.0,,,Fine
545200,1910124.0,5670575.0,545911.0,0.0,0.0,1.0,South,2009/2010,SH 5,TATARAAKINA ROAD,Non-Injury Crash,Yes,2009,South,0.0,0.0,Hill Road,0.0,,0.0,0.0,Overcast,1281200.0,0.0,0.0,0.0,3.0,0.0,0.0,,Hawke's Bay Region,Nil,2-way,Sealed,0.0,0.0,0.0,100.0,0.0,Null,0.0,0.0,,30.0,Hastings District,Nil,0.0,0.0,0.0,0.0,0.0,0.0,Open,0.0,0.0,0.0,Fine
430442,1925742.0,5606110.0,548620.0,0.0,0.0,1.0,West,2004/2005,ARBROATH AVENUE,DUNDEE DRIVE,Non-Injury Crash,No,2005,West,0.0,,Flat,,,,,Bright sun,1475701.0,0.0,0.0,0.0,2.0,0.0,,,Hawke's Bay Region,Nil,2-way,Sealed,0.0,0.0,,50.0,,Null,0.0,0.0,,30.0,Hastings District,Nil,,,,,0.0,0.0,Urban,1.0,,,Fine
742565,1927434.0,5607550.0,548400.0,0.0,0.0,2.0,East,2007/2008,OMAHU ROAD,ORMOND ROAD,Non-Injury Crash,No,2008,East,0.0,,Flat,,,,,Twilight,1473600.0,0.0,0.0,0.0,2.0,0.0,,,Hawke's Bay Region,Nil,2-way,Sealed,0.0,0.0,,50.0,,On,0.0,0.0,,30.0,Hastings District,Nil,,,,,0.0,0.0,Urban,0.0,,,Fine
282357,1931174.0,5604970.0,548000.0,0.0,0.0,1.0,North,2017/2018,CAMBRIDGE ST,JERVOIS ST,Non-Injury Crash,No,2018,West,0.0,0.0,Flat,0.0,Queens Birthday,1.0,0.0,Dark,1497700.0,0.0,0.0,0.0,2.0,0.0,0.0,,Hawke's Bay Region,Nil,2-way,Sealed,0.0,0.0,0.0,50.0,0.0,On,1.0,0.0,,30.0,Hastings District,Unknown,0.0,0.0,0.0,0.0,0.0,0.0,Urban,0.0,0.0,0.0,Fine
611000,1933106.0,5601629.0,548832.0,0.0,0.0,1.0,Null,2000/2001,DUART ROAD,CAMPBELL ST,Non-Injury Crash,No,2000,West,0.0,,Hill Road,,,,,Bright sun,1508600.0,0.0,0.0,0.0,2.0,0.0,,,Hawke's Bay Region,Nil,2-way,Sealed,0.0,0.0,,50.0,,Null,0.0,0.0,,30.0,Hastings District,Give way,,,,,0.0,0.0,Urban,1.0,,,Fine
187627,1924438.0,5609177.0,545710.0,0.0,0.0,1.0,East,1999/2000,OMAHU ROAD,KIRKWOOD ROAD,Non-Injury Crash,No,2000,West,0.0,0.0,Flat,0.0,,0.0,0.0,Dark,1470600.0,0.0,0.0,0.0,2.0,0.0,0.0,,Hawke's Bay Region,Nil,2-way,Sealed,0.0,0.0,0.0,70.0,0.0,On,0.0,0.0,,30.0,Hastings District,Nil,0.0,0.0,0.0,0.0,0.0,0.0,Urban,0.0,0.0,0.0,Fine
269293,1932139.0,5611571.0,545832.0,0.0,0.0,1.0,Null,2007/2008,PAKOWHAI ROAD,BROOKFIELDS ROAD,Non-Injury Crash,No,2008,North,0.0,1.0,Flat,0.0,,0.0,0.0,Dark,1403900.0,0.0,0.0,0.0,2.0,0.0,0.0,,Hawke's Bay Region,Nil,2-way,Sealed,0.0,0.0,0.0,70.0,0.0,On,1.0,0.0,,30.0,Hastings District,Give way,0.0,0.0,0.0,0.0,0.0,0.0,Urban,0.0,0.0,0.0,Fine
315308,1928941.0,5606076.0,547700.0,0.0,0.0,1.0,South,2008/2009,HERETAUNGA ST WEST,STORTFORD ST,Non-Injury Crash,No,2008,East,0.0,,Flat,,,,,Dark,1486000.0,0.0,0.0,0.0,2.0,0.0,,,Hawke's Bay Region,Nil,2-way,Sealed,0.0,0.0,,50.0,,On,0.0,0.0,,30.0,Hastings District,Nil,,,,,0.0,0.0,Urban,1.0,,,Fine
10205,1930510.0,5604594.0,548100.0,0.0,0.0,2.0,Null,2015/2016,ST AUBYN ST EAST,WILLOWPARK ROAD NORTH,Minor Crash,No,2016,South,0.0,,Flat,,,,,Bright sun,1500800.0,1.0,0.0,0.0,1.0,0.0,,,Hawke's Bay Region,Nil,1-way,Sealed,0.0,0.0,,50.0,,Off,0.0,0.0,,30.0,Hastings District,Give way,,,,,0.0,0.0,Urban,0.0,,,Fine
309453,1924805.0,5599327.0,545852.0,0.0,0.0,0.0,West,2014/2015,HARRISON LANE,OLD MAIN ROAD,Minor Crash,No,2014,East,0.0,,Flat,,,,,Bright sun,1463602.0,2.0,0.0,0.0,2.0,0.0,,,Hawke's Bay Region,Nil,2-way,Unsealed,0.0,0.0,,50.0,,Null,1.0,0.0,,30.0,Hastings District,Unknown,,,,,0.0,0.0,Urban,0.0,,,Fine
696035,1930510.0,5604594.0,548100.0,0.0,0.0,2.0,Null,2008/2009,ST AUBYN ST EAST,WILLOWPARK ROAD NORTH,Non-Injury Crash,No,2008,West,0.0,,Flat,,,,,Overcast,1500800.0,0.0,0.0,0.0,2.0,0.0,,,Hawke's Bay Region,Nil,2-way,Sealed,0.0,0.0,,50.0,,Null,0.0,0.0,,30.0,Hastings District,Give way,,,,,0.0,0.0,Urban,0.0,,,Fine
387815,1927204.0,5596215.0,545851.0,0.0,0.0,0.0,South,2004/2005,MIDDLE ROAD,CRYSTALL ROAD,Serious Crash,No,2004,South,0.0,1.0,Hill Road,0.0,,0.0,0.0,Bright sun,1465802.0,0.0,0.0,1.0,2.0,0.0,0.0,,Hawke's Bay Region,Nil,2-way,Sealed,0.0,1.0,0.0,100.0,0.0,Null,0.0,0.0,,30.0,Hastings District,Nil,0.0,0.0,0.0,0.0,0.0,0.0,Open,0.0,0.0,0.0,Fine
334836,1925037.0,5607798.0,548611.0,0.0,0.0,1.0,Null,2004/2005,YARMOUTH ROAD,YARMOUTH ROAD S,Non-Injury Crash,No,2004,West,0.0,1.0,Flat,0.0,,0.0,0.0,Dark,1473810.0,0.0,0.0,0.0,2.0,0.0,0.0,,Hawke's Bay Region,Nil,2-way,Sealed,0.0,0.0,0.0,50.0,0.0,On,0.0,0.0,,30.0,Hastings District,Nil,0.0,0.0,0.0,0.0,0.0,0.0,Urban,0.0,0.0,0.0,Light rain
30757,1932606.0,5606198.0,545721.0,0.0,0.0,1.0,Null,2015/2016,SH 2,ST GEORGES ROAD,Non-Injury Crash,Yes,2015,East,0.0,0.0,Flat,1.0,,0.0,0.0,Overcast,1472300.0,0.0,0.0,0.0,2.0,0.0,0.0,,Hawke's Bay Region,Nil,2-way,Sealed,0.0,0.0,0.0,80.0,0.0,Null,0.0,0.0,,30.0,Hastings District,Give way,0.0,0.0,0.0,0.0,0.0,0.0,Open,0.0,0.0,0.0,Heavy rain
327790,1918391.0,5593098.0,545851.0,0.0,0.0,2.0,South,2017/2018,SH 2,POUKAWA ROAD,Non-Injury Crash,Yes,2018,North,0.0,,Flat,,,,,Twilight,1464200.0,0.0,0.0,0.0,2.0,0.0,,,Hawke's Bay Region,Nil,2-way,Sealed,0.0,0.0,,100.0,,None,1.0,0.0,,30.0,Hastings District,Unknown,,,,,0.0,0.0,Open,0.0,,,Fine
530837,1927207.0,5605251.0,545761.0,0.0,0.0,1.0,North,2003/2004,YORK ROAD,MARAEKAKAHO ROAD,Non-Injury Crash,No,2004,South,0.0,0.0,Flat,0.0,,0.0,0.0,Bright sun,1469905.0,0.0,0.0,0.0,2.0,0.0,1.0,,Hawke's Bay Region,Nil,2-way,Sealed,0.0,0.0,0.0,100.0,0.0,Null,0.0,0.0,,30.0,Hastings District,Nil,0.0,0.0,0.0,0.0,1.0,0.0,Open,0.0,0.0,0.0,Fine
393889,1932062.0,5601510.0,548810.0,0.0,0.0,1.0,East,2002/2003,NGARIMU ST,TE AUTE ROAD,Non-Injury Crash,No,2002,South,0.0,,Flat,,,,,Dark,1505800.0,0.0,0.0,0.0,2.0,0.0,,1.0,Hawke's Bay Region,Nil,2-way,Sealed,0.0,0.0,,50.0,,On,0.0,0.0,,30.0,Hastings District,Nil,,,,,0.0,0.0,Urban,0.0,,,Fine
627349,1922259.0,5639872.0,545811.0,0.0,0.0,0.0,North,2006/2007,SH 5,GLENGARRY ROAD,Non-Injury Crash,Yes,2007,North,0.0,1.0,Hill Road,0.0,,0.0,0.0,Overcast,1414700.0,0.0,0.0,0.0,2.0,0.0,0.0,,Hawke's Bay Region,Nil,2-way,Sealed,0.0,0.0,0.0,100.0,0.0,Null,0.0,0.0,,30.0,Hastings District,Nil,0.0,0.0,0.0,1.0,0.0,0.0,Open,1.0,0.0,0.0,Fine
460216,1915875.0,5590767.0,545851.0,0.0,0.0,2.0,North,2011/2012,COLIN WHITE ROAD,SH 2,Non-Injury Crash,No,2011,South,0.0,,Flat,,,,,Overcast,1464500.0,0.0,0.0,0.0,1.0,0.0,,,Hawke's Bay Region,Nil,2-way,Sealed,0.0,0.0,,100.0,,Null,0.0,0.0,,30.0,Hastings District,Nil,,,,,0.0,0.0,Open,0.0,,,Fine
655943,1929120.5128,5605835.1229,547700.0,0.0,0.0,2.0,South,2019/2020,HERETAUNGA STREET WEST,TOWNSHEND STREET,Non-Injury Crash,No,2019,East,0.0,0.0,Flat,0.0,,1.0,0.0,Bright sun,1487100.0,0.0,0.0,0.0,2.0,0.0,0.0,,Hawke's Bay Region,Nil,2-way,Sealed,0.0,0.0,0.0,50.0,0.0,Off,0.0,0.0,,30.0,Hastings District,Unknown,0.0,0.0,0.0,0.0,0.0,0.0,Urban,0.0,0.0,0.0,Fine
724915,1925298.0,5598899.0,545852.0,0.0,0.0,0.0,East,2004/2005,STOCK ROAD,SH 2,Serious Crash,No,2005,North,0.0,0.0,Flat,0.0,,0.0,0.0,Twilight,1465801.0,0.0,0.0,0.0,2.0,1.0,0.0,,Hawke's Bay Region,Rail xing,2-way,Sealed,0.0,1.0,0.0,100.0,0.0,Off,0.0,0.0,,30.0,Hastings District,Traffic Signals,0.0,1.0,1.0,0.0,0.0,0.0,Open,0.0,0.0,0.0,Fine
137411,1927296.0,5605131.0,545761.0,0.0,0.0,1.0,Null,2015/2016,MARAEKAKAHO ROAD,YORK ROAD,Minor Crash,No,2016,South,0.0,1.0,Flat,0.0,,0.0,0.0,Dark,1469905.0,1.0,0.0,0.0,2.0,0.0,0.0,,Hawke's Bay Region,Nil,2-way,Sealed,0.0,0.0,0.0,50.0,0.0,On,0.0,0.0,,30.0,Hastings District,Give way,0.0,0.0,0.0,1.0,0.0,0.0,Urban,0.0,0.0,0.0,Light rain
1234,1924586.0,5607275.0,548612.0,0.0,0.0,1.0,North,2008/2009,CHATHAM ROAD,SCOTT DRIVE,Serious Crash,No,2009,South,0.0,,Flat,,,,,Bright sun,1474400.0,0.0,0.0,0.0,2.0,0.0,,1.0,Hawke's Bay Region,Nil,2-way,Sealed,0.0,1.0,,50.0,,Null,0.0,0.0,,30.0,Hastings District,Nil,,,,,0.0,0.0,Urban,0.0,,,Fine
740770,1939224.0,5594405.0,545860.0,0.0,0.0,2.0,East,2012/2013,WAIMARAMA ROAD,MARAETOTARA ROAD,Non-Injury Crash,No,2013,West,0.0,,Flat,,,,,Bright sun,1467500.0,0.0,0.0,0.0,2.0,0.0,,,Hawke's Bay Region,Nil,2-way,Sealed,0.0,0.0,,100.0,,Null,0.0,0.0,,30.0,Hastings District,Nil,,,,,0.0,0.0,Open,0.0,,,Fine
428082,1941755.0,5605112.0,545740.0,0.0,0.0,1.0,Null,2005/2006,CLIFTON ROAD,PIPI ST,Minor Crash,No,2005,North,0.0,,Flat,,,,,Bright sun,1408003.0,1.0,0.0,0.0,2.0,0.0,,1.0,Hawke's Bay Region,Nil,2-way,Sealed,0.0,0.0,,50.0,,Null,0.0,0.0,,30.0,Hastings District,Nil,,,,,0.0,0.0,Urban,0.0,,,Fine
260726,1929738.0,5605190.0,548200.0,0.0,0.0,2.0,West,2015/2016,KING ST NORTH,QUEEN ST WEST,Non-Injury Crash,No,2015,West,0.0,0.0,Flat,0.0,,0.0,0.0,Dark,1490700.0,0.0,0.0,0.0,2.0,0.0,1.0,,Hawke's Bay Region,Nil,2-way,Sealed,0.0,0.0,0.0,50.0,0.0,On,0.0,0.0,,30.0,Hastings District,Give way,0.0,0.0,0.0,0.0,0.0,0.0,Urban,0.0,0.0,0.0,Fine