OBJECTID,X,Y,areaUnitID,bicycle,bus,carStationWagon,crashDirectionDescription,crashFinancialYear,crashLocation1,crashLocation2,crashSeverity,crashSHDescription,crashYear,directionRoleDescription,fatalCount,fence,flatHill,guardRail,holiday,houseOrBuilding,kerb,light,meshblockId,minorInjuryCount,moped,motorcycle,NumberOfLanes,otherVehicleType,parkedVehicle,pedestrian,region,roadCharacter,roadLane,roadSurface,schoolBus,seriousInjuryCount,slipOrFlood,speedLimit,strayAnimal,streetLight,suv,taxi,temporarySpeedLimit,tlaId,tlaName,trafficControl,trafficIsland,trafficSign,train,tree,truck,unknownVehicleType,urban,vanOrUtility,vehicle,waterRiver,weatherA
160885,1924426.0,5607850.0,548612.0,0.0,0.0,0.0,Null,2010/2011,DIAZ DRIVE,CARTIER CRESCENT N,Non-Injury Crash,No,2010,North,0.0,0.0,Flat,0.0,,0.0,1.0,Dark,1474109.0,0.0,0.0,1.0,2.0,0.0,0.0,,Hawke's Bay Region,Nil,2-way,Sealed,0.0,0.0,0.0,50.0,0.0,None,0.0,0.0,,30.0,Hastings District,Give way,0.0,0.0,0.0,0.0,0.0,0.0,Urban,0.0,0.0,0.0,Light rain
184836,1932652.0,5609542.0,545832.0,0.0,0.0,2.0,Null,2005/2006,PAKOWHAI ROAD,FARNDON ROAD,Non-Injury Crash,No,2005,West,0.0,,Flat,,,,,Bright sun,1404300.0,0.0,0.0,0.0,2.0,0.0,,,Hawke's Bay Region,Nil,2-way,Sealed,0.0,0.0,,100.0,,Null,0.0,0.0,,30.0,Hastings District,Give way,,,,,0.0,0.0,Open,0.0,,,Fine
366864,1934245.0,5609001.0,545722.0,0.0,0.0,2.0,West,2001/2002,RAILWAY ROAD,SH 2,Non-Injury Crash,No,2001,West,0.0,,Flat,,,,,Bright sun,1406102.0,0.0,0.0,0.0,2.0,0.0,,,Hawke's Bay Region,Nil,2-way,Sealed,0.0,0.0,,50.0,,Null,0.0,0.0,,30.0,Hastings District,Nil,,,,,0.0,0.0,Urban,0.0,,,Fine
588340,1922151.0,5632239.0,545811.0,0.0,0.0,1.0,North,2013/2014,GLENGARRY ROAD,PUKETITIRI ROAD,Non-Injury Crash,No,2014,South,0.0,1.0,Hill Road,0.0,,0.0,0.0,Overcast,1414600.0,0.0,0.0,0.0,2.0,0.0,0.0,,Hawke's Bay Region,Nil,2-way,Sealed,0.0,0.0,0.0,100.0,0.0,Null,0.0,0.0,,30.0,Hastings District,Unknown,0.0,0.0,0.0,0.0,0.0,0.0,Open,0.0,0.0,0.0,Fine
436233,1930205.1912,5603594.9216,548300.0,0.0,0.0,1.0,Null,2019/2020,PARK ROAD SOUTH,OUTRAM ROAD,Non-Injury Crash,No,2019,North,0.0,,Flat,,,,,Overcast,1504500.0,0.0,0.0,0.0,2.0,0.0,,,Hawke's Bay Region,Nil,2-way,Sealed,0.0,0.0,,50.0,,Off,1.0,0.0,,30.0,Hastings District,Give way,,,,,0.0,0.0,Urban,0.0,,,Light rain
535987,1930146.0,5604477.0,548200.0,0.0,0.0,3.0,East,2004/2005,HERETAUNGA ST EAST,MILLER ST,Minor Crash,No,2004,East,0.0,,Flat,,,,,Overcast,1493800.0,2.0,0.0,0.0,2.0,0.0,,,Hawke's Bay Region,Nil,2-way,Sealed,0.0,0.0,,50.0,,Null,0.0,0.0,,30.0,Hastings District,Nil,,,,,0.0,0.0,Urban,0.0,,,Light rain
70791,1922826.0,5604187.0,545842.0,0.0,0.0,0.0,West,2001/2002,MARAEKAKAHO ROAD,NGATARAWA ROAD,Serious Crash,No,2002,West,0.0,,Flat,,,,,Overcast,1470211.0,2.0,0.0,0.0,2.0,0.0,,,Hawke's Bay Region,Nil,2-way,Sealed,0.0,2.0,,100.0,,Null,0.0,0.0,,30.0,Hastings District,Nil,,,,,0.0,0.0,Open,2.0,,,Fine
422917,1932411.0,5606189.0,545721.0,0.0,0.0,3.0,Null,2016/2017,BENNETT ROAD,SH 2,Minor Crash,No,2017,South,0.0,,Flat,,,,,Bright sun,1472300.0,3.0,0.0,0.0,2.0,0.0,,,Hawke's Bay Region,Nil,2-way,Sealed,0.0,0.0,,70.0,,Null,0.0,0.0,,30.0,Hastings District,Give way,,,,,0.0,0.0,Urban,0.0,,,Fine
696869,1930899.0,5603716.0,548100.0,0.0,0.0,1.0,North,2001/2002,WINDSOR AVENUE,HERETAUNGA ST EAST,Non-Injury Crash,No,2002,North,0.0,1.0,Flat,0.0,,0.0,0.0,Overcast,1500300.0,0.0,0.0,0.0,2.0,0.0,0.0,,Hawke's Bay Region,Nil,2-way,Sealed,0.0,0.0,0.0,50.0,0.0,Null,0.0,0.0,,30.0,Hastings District,Nil,0.0,0.0,0.0,0.0,0.0,0.0,Urban,0.0,0.0,0.0,Fine
327021,1931544.0,5605080.0,548000.0,0.0,0.0,2.0,Null,2018/2019,CUNNINGHAM CRESCENT,ANSON ST,Non-Injury Crash,No,2018,West,0.0,,Flat,,,,,Bright sun,1496800.0,0.0,0.0,0.0,2.0,0.0,,,Hawke's Bay Region,Nil,2-way,Sealed,0.0,0.0,,50.0,,Null,0.0,0.0,,30.0,Hastings District,Nil,,,,,0.0,0.0,Urban,0.0,,,Fine
466811,1929373.0,5605307.0,548200.0,0.0,0.0,1.0,Null,2017/2018,EASTBOURNE ST WEST,SOUTHLAND ROAD,Non-Injury Crash,No,2018,East,0.0,,Flat,,,,,Bright sun,1488800.0,0.0,0.0,0.0,2.0,0.0,,,Hawke's Bay Region,Nil,2-way,Sealed,0.0,0.0,,50.0,,Null,0.0,0.0,,30.0,Hastings District,Give way,,,,,0.0,0.0,Urban,1.0,,,Fine
376443,1927216.0,5602259.0,545761.0,0.0,0.0,1.0,East,2014/2015,LONGLANDS ROAD WEST,RAILWAY ROAD SOUTH,Non-Injury Crash,No,2015,West,0.0,1.0,Flat,0.0,,0.0,0.0,Dark,1468901.0,0.0,0.0,0.0,2.0,0.0,0.0,,Hawke's Bay Region,Nil,2-way,Sealed,0.0,0.0,0.0,100.0,0.0,On,0.0,0.0,,30.0,Hastings District,Give way,0.0,0.0,0.0,0.0,0.0,0.0,Open,0.0,0.0,0.0,Fine
336334,1928590.0,5606107.0,548500.0,0.0,0.0,1.0,South,2002/2003,MARAEKAKAHO ROAD,PLUNKET ST,Minor Crash,No,2002,South,0.0,,Flat,,,,,Bright sun,1478800.0,1.0,0.0,0.0,2.0,0.0,,,Hawke's Bay Region,Nil,2-way,Sealed,0.0,0.0,,50.0,,Null,0.0,0.0,,30.0,Hastings District,Nil,,,,,0.0,0.0,Urban,1.0,,,Fine
509374,1919122.3165,5604773.4293,545841.0,0.0,0.0,1.0,East,2018/2019,MARAEKAKAHO ROAD ,SH 50,Non-Injury Crash,No,2019,West,0.0,,Flat,,,,,Overcast,1462901.0,0.0,0.0,0.0,2.0,0.0,,,Hawke's Bay Region,Nil,2-way,Sealed,0.0,0.0,,100.0,,Off,0.0,0.0,,30.0,Hastings District,Unknown,,,,,0.0,0.0,Open,0.0,,,Fine
454555,1911827.0,5662893.0,545911.0,0.0,0.0,1.0,North,2007/2008,SH 5,MCVICAR ROAD,Non-Injury Crash,Yes,2007,North,0.0,,Hill Road,,Labour Weekend,,,Overcast,1414400.0,0.0,0.0,0.0,2.0,0.0,,,Hawke's Bay Region,Nil,2-way,Sealed,0.0,0.0,,100.0,,Null,1.0,0.0,,30.0,Hastings District,Nil,,,,,0.0,0.0,Open,0.0,,,Fine
671892,1945949.0,5660858.0,545911.0,0.0,0.0,0.0,South,2006/2007,SH 2,WAIKARE ROAD,Serious Crash,Yes,2006,South,0.0,,Hill Road,,,,,Overcast,1415100.0,0.0,0.0,1.0,2.0,0.0,,,Hawke's Bay Region,Nil,2-way,Sealed,0.0,1.0,,100.0,,Null,0.0,0.0,,30.0,Hastings District,Nil,,,,,1.0,0.0,Open,0.0,,,Fine
492718,1930778.0,5602412.0,545762.0,0.0,0.0,1.0,West,2001/2002,ST GEORGES ROAD,HAVELOCK ROAD,Serious Crash,No,2002,West,0.0,0.0,Flat,0.0,,0.0,0.0,Dark,1468600.0,1.0,0.0,0.0,2.0,0.0,0.0,,Hawke's Bay Region,Nil,2-way,Sealed,0.0,2.0,0.0,100.0,0.0,None,0.0,0.0,,30.0,Hastings District,Nil,0.0,0.0,0.0,1.0,0.0,0.0,Open,0.0,0.0,0.0,Fine
361942,1918535.0,5614677.0,545821.0,0.0,0.0,0.0,South,2016/2017,TAIHAPE ROAD,KAWERA ROAD,Serious Crash,No,2016,South,0.0,,Flat,,,,,Bright sun,1408900.0,0.0,0.0,0.0,2.0,1.0,,,Hawke's Bay Region,Nil,2-way,Sealed,0.0,1.0,,100.0,,Null,0.0,0.0,,30.0,Hastings District,Unknown,,,,,1.0,0.0,Open,0.0,,,Fine
733000,1927288.0,5607671.0,545710.0,0.0,0.0,0.0,Null,2000/2001,OMAHU ROAD,WILSON ROAD,Non-Injury Crash,No,2000,East,0.0,0.0,Flat,0.0,Labour Weekend,0.0,1.0,Twilight,1471000.0,0.0,0.0,1.0,2.0,0.0,0.0,,Hawke's Bay Region,Nil,2-way,Sealed,0.0,0.0,0.0,50.0,0.0,On,0.0,0.0,,30.0,Hastings District,Give way,0.0,0.0,0.0,0.0,0.0,0.0,Urban,0.0,0.0,0.0,Fine
148266,1925051.0,5599299.0,545852.0,0.0,0.0,1.0,South,2007/2008,OLD MAIN ROAD,HARRISON LANE,Non-Injury Crash,No,2007,North,0.0,1.0,Flat,0.0,,0.0,0.0,Overcast,1463602.0,0.0,0.0,0.0,2.0,0.0,0.0,,Hawke's Bay Region,Nil,2-way,Sealed,0.0,0.0,0.0,50.0,0.0,Null,0.0,0.0,,30.0,Hastings District,Nil,0.0,0.0,0.0,0.0,0.0,0.0,Urban,0.0,0.0,0.0,Light rain
583958,1909371.0,5673578.0,545911.0,0.0,0.0,1.0,East,2009/2010,SH 5,POHOKURA ROAD,Non-Injury Crash,Yes,2010,North,0.0,0.0,Hill Road,0.0,,0.0,0.0,Overcast,1281200.0,0.0,0.0,0.0,2.0,0.0,0.0,,Hawke's Bay Region,Nil,2-way,Sealed,0.0,0.0,0.0,100.0,0.0,None,0.0,0.0,30.0,30.0,Hastings District,Nil,0.0,0.0,0.0,0.0,0.0,0.0,Open,0.0,0.0,0.0,Light rain
553461,1928991.0,5605778.0,547700.0,0.0,0.0,2.0,East,2018/2019,TOWNSHEND ST,ST LEONARDS AVENUE,Non-Injury Crash,No,2018,West,0.0,0.0,Flat,0.0,,0.0,0.0,Dark,1487100.0,0.0,0.0,0.0,2.0,0.0,1.0,,Hawke's Bay Region,Nil,2-way,Sealed,0.0,0.0,0.0,50.0,0.0,On,0.0,0.0,,30.0,Hastings District,Unknown,0.0,0.0,0.0,0.0,0.0,0.0,Urban,0.0,0.0,0.0,Light rain
704825,1930547.0,5605263.0,548200.0,0.0,0.0,1.0,West,2016/2017,KARAMU ROAD NORTH,ALEXANDRA ST,Non-Injury Crash,No,2016,West,0.0,0.0,Flat,0.0,,0.0,0.0,Bright sun,1494100.0,0.0,0.0,0.0,2.0,0.0,1.0,,Hawke's Bay Region,Nil,2-way,Sealed,0.0,0.0,0.0,50.0,0.0,Off,0.0,0.0,,30.0,Hastings District,Unknown,0.0,0.0,0.0,0.0,1.0,0.0,Urban,1.0,0.0,0.0,Fine
721329,1929632.0,5614474.0,545831.0,0.0,0.0,1.0,North,2001/2002,WAIOHIKI ROAD,SH 50,Non-Injury Crash,No,2001,South,0.0,0.0,Flat,0.0,,0.0,0.0,Overcast,1404600.0,0.0,0.0,0.0,2.0,0.0,0.0,,Hawke's Bay Region,Nil,2-way,Sealed,0.0,0.0,0.0,70.0,0.0,Null,0.0,0.0,,30.0,Hastings District,Nil,0.0,0.0,0.0,0.0,0.0,0.0,Urban,0.0,0.0,0.0,Light rain
93068,1929504.0,5605216.0,548200.0,0.0,0.0,2.0,North,2005/2006,NELSON ST SOUTH,EASTBOURNE ST WEST,Minor Crash,No,2005,North,0.0,,Flat,,,,,Bright sun,1488900.0,1.0,0.0,0.0,2.0,0.0,,,Hawke's Bay Region,Nil,2-way,Sealed,0.0,0.0,,50.0,,Null,0.0,0.0,,30.0,Hastings District,Nil,,,,,0.0,0.0,Urban,0.0,,,Fine
378719,1930835.0,5605864.0,548000.0,1.0,0.0,1.0,Null,2002/2003,CAROLINE ROAD,FREDERICK ST,Non-Injury Crash,No,2003,East,0.0,,Flat,,,,,Bright sun,1495500.0,0.0,0.0,0.0,2.0,0.0,,,Hawke's Bay Region,Nil,2-way,Sealed,0.0,0.0,,50.0,,Null,0.0,0.0,,30.0,Hastings District,Stop,,,,,0.0,0.0,Urban,0.0,,,Fine
589014,1929549.0,5604870.0,548200.0,0.0,0.0,2.0,Null,2011/2012,LYNDON ROAD WEST,MARKET ST SOUTH,Non-Injury Crash,No,2011,North,0.0,,Flat,,,,,Overcast,1489802.0,0.0,0.0,0.0,2.0,0.0,,,Hawke's Bay Region,Nil,2-way,Sealed,0.0,0.0,,50.0,,Null,0.0,0.0,,30.0,Hastings District,Give way,,,,,0.0,0.0,Urban,0.0,,,Light rain
281428,1930254.0,5605102.0,548200.0,0.0,0.0,1.0,West,2009/2010,Z FCT EXPORT MEAT WAREHOU,KARAMU/ELLISON,Non-Injury Crash,No,2009,West,0.0,,Flat,,,,,Bright sun,1494100.0,0.0,0.0,0.0,0.0,0.0,,,Hawke's Bay Region,Nil,Off road,Sealed,0.0,0.0,,50.0,,Null,1.0,0.0,,30.0,Hastings District,Nil,,,,,0.0,0.0,Urban,0.0,,,Fine
541607,1941878.0,5585649.0,545860.0,0.0,0.0,0.0,South,2001/2002,Z BCH WAIMARAMA ,TIAKUTAI ROAD,Serious Crash,No,2002,South,0.0,0.0,Flat,0.0,,0.0,0.0,Bright sun,1467700.0,0.0,0.0,1.0,0.0,0.0,0.0,,Hawke's Bay Region,Nil,Off road,Unsealed,0.0,1.0,0.0,100.0,0.0,Null,0.0,0.0,,30.0,Hastings District,Nil,0.0,0.0,0.0,0.0,0.0,0.0,Open,0.0,0.0,0.0,Fine
232500,1932595.0,5601666.0,548831.0,0.0,0.0,1.0,Null,2012/2013,NAPIER ROAD,TE MATA ROAD,Non-Injury Crash,No,2013,West,0.0,,Flat,,,,,Dark,1509700.0,0.0,0.0,0.0,2.0,0.0,,,Hawke's Bay Region,Nil,2-way,Sealed,0.0,0.0,,50.0,,On,0.0,0.0,,30.0,Hastings District,Give way,,,,,1.0,0.0,Urban,0.0,,,Fine
460334,1930847.0,5605447.0,548000.0,0.0,0.0,3.0,South,2016/2017,KARAMU ROAD NORTH,DUCHESS CRESCENT,Non-Injury Crash,No,2017,North,0.0,,Flat,,,,,Dark,1495800.0,0.0,0.0,0.0,2.0,0.0,,,Hawke's Bay Region,Nil,2-way,Sealed,0.0,0.0,,50.0,,On,0.0,0.0,,30.0,Hastings District,Unknown,,,,,0.0,0.0,Urban,0.0,,,Fine
108790,1925977.0,5609611.0,545710.0,0.0,0.0,1.0,Null,2004/2005,TWYFORD ROAD,THOMPSON ROAD,Non-Injury Crash,No,2004,South,0.0,,Flat,,,,,Bright sun,1470800.0,0.0,0.0,0.0,2.0,0.0,,,Hawke's Bay Region,Nil,2-way,Sealed,0.0,0.0,,100.0,,Null,0.0,0.0,,30.0,Hastings District,Give way,,,,,0.0,0.0,Open,1.0,,,Fine
663228,1924969.0,5604822.0,545842.0,0.0,0.0,0.0,North,2003/2004,STOCK ROAD,EQUESTRIAN LANE,Non-Injury Crash,No,2003,North,0.0,0.0,Flat,0.0,,0.0,0.0,Overcast,1470214.0,0.0,0.0,0.0,2.0,0.0,0.0,,Hawke's Bay Region,Nil,2-way,Sealed,0.0,0.0,0.0,100.0,0.0,Null,0.0,0.0,,30.0,Hastings District,Nil,0.0,0.0,0.0,0.0,0.0,0.0,Open,1.0,0.0,0.0,Fine
253753,1935133.0,5607019.0,545722.0,0.0,0.0,0.0,North,2011/2012,LAWN ROAD,PILCHER ROAD,Minor Crash,No,2012,South,0.0,0.0,Flat,0.0,,0.0,0.0,Dark,1406300.0,1.0,0.0,0.0,2.0,0.0,0.0,,Hawke's Bay Region,Nil,2-way,Sealed,0.0,0.0,0.0,100.0,0.0,None,1.0,0.0,,30.0,Hastings District,Nil,0.0,0.0,0.0,0.0,0.0,0.0,Open,0.0,0.0,0.0,Fine
622125,1935143.0,5646467.0,545911.0,0.0,0.0,0.0,South,2008/2009,SH 2,DEVILS ELBOW,Minor Crash,Yes,2009,North,0.0,0.0,Hill Road,1.0,,0.0,0.0,Overcast,1415400.0,2.0,0.0,2.0,2.0,0.0,0.0,,Hawke's Bay Region,Nil,2-way,Sealed,0.0,0.0,0.0,100.0,0.0,Null,0.0,0.0,,30.0,Hastings District,Nil,0.0,0.0,0.0,0.0,0.0,0.0,Open,0.0,0.0,0.0,Fine
535103,1934030.112,5600579.7543,548832.0,0.0,0.0,1.0,East,2018/2019,TOKOMARU DRIVE,TAUROA ROAD,Non-Injury Crash,No,2018,Null,0.0,,Null,,,,,Unknown,1508002.0,0.0,0.0,0.0,2.0,0.0,,,Hawke's Bay Region,Nil,Null,Sealed,0.0,0.0,,,,Off,1.0,0.0,,30.0,Hastings District,Unknown,,,,,0.0,0.0,Urban,0.0,,,Null
486180,1921086.0,5594951.0,545851.0,0.0,0.0,1.0,South,2002/2003,SH 2,TE MAHANGA ROAD,Serious Crash,Yes,2003,North,0.0,1.0,Flat,0.0,,0.0,0.0,Dark,1463900.0,1.0,0.0,0.0,2.0,0.0,0.0,,Hawke's Bay Region,Nil,2-way,Sealed,0.0,1.0,0.0,100.0,0.0,None,0.0,0.0,,30.0,Hastings District,Nil,0.0,0.0,0.0,0.0,0.0,0.0,Open,0.0,0.0,0.0,Light rain
65948,1930510.0,5604594.0,548100.0,0.0,0.0,2.0,Null,2003/2004,ST AUBYN ST EAST,WILLOWPARK ROAD NORTH,Minor Crash,No,2004,West,0.0,,Flat,,,,,Overcast,1500800.0,1.0,0.0,0.0,2.0,0.0,,,Hawke's Bay Region,Nil,2-way,Sealed,0.0,0.0,,50.0,,Null,0.0,0.0,,30.0,Hastings District,Give way,,,,,0.0,0.0,Urban,0.0,,,Fine
361442,1925491.0,5608421.0,545710.0,0.0,0.0,2.0,West,2009/2010,OMAHU ROAD,BARNES PLACE,Non-Injury Crash,No,2009,West,0.0,0.0,Flat,0.0,,0.0,0.0,Dark,1470900.0,0.0,0.0,0.0,2.0,0.0,0.0,,Hawke's Bay Region,Nil,2-way,Sealed,0.0,0.0,0.0,50.0,0.0,On,0.0,0.0,,30.0,Hastings District,Nil,0.0,0.0,0.0,0.0,0.0,0.0,Urban,0.0,1.0,0.0,Light rain
141215,1925920.0,5600865.0,545852.0,0.0,0.0,0.0,South,2007/2008,RAILWAY ROAD SOUTH,LONGLANDS ROAD EAST,Minor Crash,No,2007,North,0.0,0.0,Flat,0.0,,0.0,0.0,Bright sun,1469600.0,1.0,0.0,0.0,2.0,0.0,0.0,,Hawke's Bay Region,Nil,2-way,Sealed,0.0,0.0,0.0,100.0,0.0,Null,0.0,0.0,,30.0,Hastings District,Nil,0.0,0.0,0.0,0.0,1.0,0.0,Open,0.0,0.0,0.0,Fine
149813,1936778.0,5609370.0,545730.0,0.0,0.0,1.0,North,2010/2011,MILL ROAD,LAWN ROAD,Non-Injury Crash,No,2011,South,0.0,,Flat,,,,,Overcast,1405300.0,0.0,0.0,0.0,2.0,0.0,,,Hawke's Bay Region,Nil,2-way,Sealed,0.0,0.0,,50.0,,Null,0.0,0.0,,30.0,Hastings District,Nil,,,,,1.0,0.0,Urban,0.0,,,Heavy rain
615360,1929870.0,5605049.0,548200.0,0.0,0.0,2.0,South,2006/2007,QUEEN ST WEST,MARKET ST NORTH,Non-Injury Crash,No,2006,East,0.0,,Flat,,,,,Overcast,1491300.0,0.0,0.0,0.0,2.0,0.0,,,Hawke's Bay Region,Nil,2-way,Sealed,0.0,0.0,,50.0,,Null,0.0,0.0,,30.0,Hastings District,Nil,,,,,0.0,0.0,Urban,0.0,,,Light rain
631285,1929549.0,5604870.0,548200.0,0.0,0.0,1.0,Null,2003/2004,MARKET ST SOUTH,LYNDON ROAD WEST,Non-Injury Crash,No,2004,South,0.0,,Flat,,,,,Bright sun,1489802.0,0.0,0.0,0.0,2.0,0.0,,,Hawke's Bay Region,Nil,2-way,Sealed,0.0,0.0,,50.0,,Null,0.0,0.0,,30.0,Hastings District,Nil,,,,,0.0,0.0,Urban,1.0,,,Fine
64449,1931793.0,5607522.0,545721.0,0.0,0.0,2.0,North,2002/2003,ELWOOD ROAD,OTENE ROAD,Serious Crash,No,2003,North,0.0,1.0,Flat,0.0,,0.0,0.0,Overcast,1471600.0,0.0,0.0,0.0,2.0,0.0,0.0,,Hawke's Bay Region,Nil,2-way,Sealed,0.0,1.0,0.0,100.0,0.0,Null,0.0,0.0,,30.0,Hastings District,Nil,0.0,0.0,0.0,0.0,0.0,0.0,Open,0.0,0.0,0.0,Fine
447753,1930736.8287,5607757.7849,545710.0,0.0,0.0,0.0,South,2019/2020,PAKOWHAI ROAD,RICHMOND ROAD,Non-Injury Crash,No,2019,South,0.0,,Flat,,,,,Bright sun,1471100.0,0.0,0.0,0.0,2.0,0.0,,,Hawke's Bay Region,Nil,2-way,Sealed,0.0,0.0,,80.0,,None,0.0,0.0,,30.0,Hastings District,Unknown,,,,,0.0,0.0,Open,2.0,,,Fine
279219,1929632.0,5604761.0,548200.0,0.0,0.0,1.0,Null,2002/2003,RAILWAY ROAD,LYNDON ROAD EAST,Minor Crash,No,2002,North,0.0,1.0,Flat,0.0,,0.0,0.0,Bright sun,1489900.0,1.0,0.0,0.0,2.0,0.0,0.0,,Hawke's Bay Region,Nil,2-way,Sealed,0.0,0.0,0.0,50.0,0.0,Null,0.0,0.0,,30.0,Hastings District,Stop,0.0,0.0,0.0,0.0,0.0,0.0,Urban,1.0,0.0,0.0,Fine
442794,1929326.0,5605568.0,547700.0,0.0,0.0,3.0,West,2009/2010,HERETAUNGA ST WEST,TOMOANA ROAD,Non-Injury Crash,No,2009,East,0.0,,Flat,,,,,Overcast,1487900.0,0.0,0.0,0.0,2.0,0.0,,,Hawke's Bay Region,Nil,2-way,Sealed,0.0,0.0,,50.0,,Null,0.0,0.0,,30.0,Hastings District,Nil,,,,,0.0,0.0,Urban,0.0,,,Light rain
330211,1930086.0,5606104.0,547600.0,0.0,0.0,2.0,North,2004/2005,TOMOANA ROAD,YORK ST,Minor Crash,No,2004,North,0.0,,Flat,,,,,Dark,1484200.0,2.0,0.0,0.0,2.0,0.0,,,Hawke's Bay Region,Nil,2-way,Sealed,0.0,0.0,,50.0,,On,0.0,0.0,,30.0,Hastings District,Nil,,,,,0.0,0.0,Urban,0.0,,,Fine
296771,1929441.0,5605616.0,547700.0,0.0,0.0,2.0,Null,2016/2017,TOMOANA ROAD,QUEEN ST WEST,Minor Crash,No,2017,North,0.0,1.0,Flat,0.0,,0.0,0.0,Overcast,1488000.0,1.0,0.0,0.0,2.0,0.0,0.0,,Hawke's Bay Region,Nil,2-way,Sealed,0.0,0.0,0.0,50.0,0.0,Null,0.0,0.0,,30.0,Hastings District,Give way,0.0,0.0,0.0,0.0,0.0,0.0,Urban,0.0,0.0,0.0,Light rain
611499,1929082.0,5606504.0,547700.0,0.0,0.0,3.0,Null,2001/2002,PAKOWHAI ROAD,ST AUBYN ST WEST,Minor Crash,No,2002,South,0.0,,Flat,,Easter,,,Bright sun,1485900.0,5.0,0.0,0.0,4.0,0.0,,,Hawke's Bay Region,Nil,2-way,Sealed,0.0,0.0,,50.0,,Null,0.0,0.0,,30.0,Hastings District,Traffic Signals,,,,,0.0,0.0,Urban,0.0,,,Fine
37243,1929878.0,5605947.0,547700.0,0.0,0.0,2.0,Null,2015/2016,TOMOANA ROAD,FITZROY AVENUE,Minor Crash,No,2016,West,0.0,,Flat,,,,,Bright sun,1488400.0,1.0,0.0,0.0,2.0,0.0,,,Hawke's Bay Region,Nil,2-way,Sealed,0.0,0.0,,50.0,,Null,0.0,0.0,,30.0,Hastings District,Stop,,,,,0.0,0.0,Urban,0.0,,,Fine
214486,1929682.0,5605096.0,548200.0,0.0,0.0,2.0,West,2009/2010,HERETAUNGA ST WEST,MARKET ST NORTH,Non-Injury Crash,No,2010,South,0.0,0.0,Flat,0.0,,0.0,0.0,Bright sun,1491200.0,0.0,0.0,0.0,2.0,0.0,1.0,,Hawke's Bay Region,Nil,2-way,Sealed,0.0,0.0,0.0,50.0,0.0,Null,0.0,0.0,,30.0,Hastings District,Nil,0.0,0.0,0.0,0.0,0.0,0.0,Urban,0.0,0.0,0.0,Fine
446007,1932959.0,5606385.0,545721.0,0.0,0.0,1.0,North,2016/2017,SH 2,WAIPATU SETTLEMENT ROAD,Non-Injury Crash,Yes,2016,East,0.0,,Flat,,,,,Bright sun,1471800.0,0.0,0.0,0.0,2.0,0.0,,,Hawke's Bay Region,Nil,2-way,Sealed,0.0,0.0,,80.0,,None,0.0,0.0,,30.0,Hastings District,Unknown,,,,,0.0,0.0,Open,1.0,,,Fine
715203,1929356.517,5605553.3612,547700.0,0.0,0.0,2.0,Null,2018/2019,TOMOANA ROAD,HERETAUNGA STREET WEST,Non-Injury Crash,No,2018,South,0.0,,Flat,,,,,Bright sun,1487900.0,0.0,0.0,0.0,2.0,0.0,,,Hawke's Bay Region,Nil,2-way,Sealed,0.0,0.0,,50.0,,Null,0.0,0.0,,30.0,Hastings District,Give way,,,,,0.0,0.0,Urban,0.0,,,Fine
186557,1931300.0,5614523.0,545831.0,0.0,0.0,1.0,North,2016/2017,SH 50,PAKOWHAI OFF SBD,Serious Crash,Yes,2017,South,0.0,,Flat,,,,,Overcast,1404600.0,0.0,0.0,0.0,2.0,0.0,,,Hawke's Bay Region,Nil,2-way,Sealed,0.0,1.0,,100.0,,None,0.0,0.0,,30.0,Hastings District,Unknown,,,,,1.0,0.0,Open,0.0,,,Light rain
388586,1918179.0,5648874.0,545911.0,0.0,0.0,1.0,South,2005/2006,SH 5,TE POHUE LOOP ROAD S,Serious Crash,Yes,2005,North,0.0,1.0,Flat,0.0,,0.0,0.0,Dark,1415900.0,1.0,0.0,0.0,2.0,0.0,0.0,,Hawke's Bay Region,Nil,2-way,Sealed,0.0,1.0,0.0,100.0,0.0,None,0.0,0.0,,30.0,Hastings District,Nil,0.0,0.0,0.0,0.0,0.0,0.0,Open,0.0,0.0,0.0,Fine
104523,1929468.0,5605379.0,548200.0,0.0,0.0,1.0,Null,2002/2003,HERETAUNGA ST WEST,SOUTHLAND ROAD,Non-Injury Crash,No,2002,West,0.0,,Flat,,,,,Bright sun,1490100.0,0.0,0.0,1.0,2.0,0.0,,,Hawke's Bay Region,Nil,2-way,Sealed,0.0,0.0,,50.0,,Null,0.0,0.0,,30.0,Hastings District,Stop,,,,,0.0,0.0,Urban,0.0,,,Fine
42501,1940981.0,5591827.0,545860.0,0.0,0.0,1.0,South,2010/2011,WAIMARAMA ROAD,OCEAN BEACH ROAD,Non-Injury Crash,No,2011,South,0.0,1.0,Flat,0.0,,0.0,0.0,Dark,1467600.0,0.0,0.0,0.0,2.0,0.0,0.0,,Hawke's Bay Region,Nil,2-way,Sealed,0.0,0.0,0.0,100.0,0.0,None,0.0,0.0,,30.0,Hastings District,Nil,0.0,0.0,0.0,0.0,0.0,0.0,Open,0.0,0.0,0.0,Fine
442770,1928731.9901,5607384.8565,547800.0,0.0,0.0,0.0,West,2019/2020,NOTTINGLEY ROAD,HART DRIVE,Minor Crash,No,2019,West,0.0,,Flat,,,,,Bright sun,1477300.0,1.0,0.0,0.0,2.0,0.0,,1.0,Hawke's Bay Region,Nil,2-way,Sealed,0.0,0.0,,50.0,,Off,0.0,0.0,,30.0,Hastings District,Nil,,,,,0.0,0.0,Urban,1.0,,,Fine