OBJECTID,X,Y,areaUnitID,bicycle,bus,carStationWagon,crashDirectionDescription,crashFinancialYear,crashLocation1,crashLocation2,crashSeverity,crashSHDescription,crashYear,directionRoleDescription,fatalCount,fence,flatHill,guardRail,holiday,houseOrBuilding,kerb,light,meshblockId,minorInjuryCount,moped,motorcycle,NumberOfLanes,otherVehicleType,parkedVehicle,pedestrian,region,roadCharacter,roadLane,roadSurface,schoolBus,seriousInjuryCount,slipOrFlood,speedLimit,strayAnimal,streetLight,suv,taxi,temporarySpeedLimit,tlaId,tlaName,trafficControl,trafficIsland,trafficSign,train,tree,truck,unknownVehicleType,urban,vanOrUtility,vehicle,waterRiver,weatherA
408827,1930929.0,5613521.0,545831.0,0.0,0.0,1.0,South,2006/2007,SH 50A,SH 50 LINKS ROAD,Non-Injury Crash,Yes,2007,South,0.0,,Flat,,,,,Bright sun,1404500.0,0.0,0.0,0.0,3.0,0.0,,,Hawke's Bay Region,Nil,2-way,Sealed,0.0,0.0,,100.0,,Null,0.0,0.0,,30.0,Hastings District,Nil,,,,,0.0,0.0,Open,1.0,,,Fine
121387,1936190.0,5611633.0,545832.0,0.0,0.0,2.0,East,2008/2009,SH 2,FARNDON ROAD,Non-Injury Crash,Yes,2008,East,0.0,,Flat,,,,,Bright sun,1404200.0,0.0,0.0,0.0,2.0,0.0,,,Hawke's Bay Region,Nil,2-way,Sealed,0.0,0.0,,50.0,,Null,0.0,0.0,,30.0,Hastings District,Nil,,,,,0.0,0.0,Urban,0.0,,,Fine
637580,1925122.0,5607594.0,548620.0,0.0,0.0,1.0,Null,2007/2008,FLAXMERE AVENUE,CHATHAM ROAD,Non-Injury Crash,No,2008,West,0.0,,Flat,,,,,Dark,1474203.0,0.0,0.0,0.0,2.0,0.0,,,Hawke's Bay Region,Nil,2-way,Sealed,0.0,0.0,,50.0,,On,0.0,0.0,,30.0,Hastings District,Give way,,,,,0.0,0.0,Urban,1.0,,,Fine
533247,1911846.0,5662298.0,545911.0,0.0,0.0,1.0,South,2008/2009,SH 5,TE HAROTO PO,Minor Crash,Yes,2009,South,0.0,,Hill Road,,,,,Overcast,1414300.0,2.0,0.0,0.0,2.0,0.0,,,Hawke's Bay Region,Nil,2-way,Sealed,0.0,0.0,,100.0,,Null,0.0,0.0,,30.0,Hastings District,Nil,,,,,1.0,0.0,Open,0.0,,,Light rain
414631,1923079.0,5611804.0,545822.0,0.0,0.0,1.0,Null,2016/2017,TAIHAPE ROAD,SH 50,Non-Injury Crash,No,2017,North,0.0,1.0,Flat,0.0,,0.0,0.0,Bright sun,1409300.0,0.0,0.0,0.0,2.0,0.0,0.0,,Hawke's Bay Region,Nil,2-way,Sealed,0.0,0.0,0.0,50.0,0.0,Null,1.0,0.0,,30.0,Hastings District,Stop,1.0,0.0,0.0,0.0,0.0,0.0,Urban,0.0,0.0,0.0,Fine
374589,1933695.0,5601149.0,548832.0,0.0,0.0,1.0,West,2017/2018,GREENWOOD ROAD,MCHARDY ST,Non-Injury Crash,No,2017,North,0.0,0.0,Hill Road,0.0,,0.0,0.0,Dark,1508700.0,0.0,0.0,0.0,2.0,0.0,0.0,,Hawke's Bay Region,Nil,2-way,Sealed,0.0,0.0,0.0,50.0,0.0,On,0.0,0.0,,30.0,Hastings District,Unknown,0.0,0.0,0.0,1.0,0.0,0.0,Urban,0.0,0.0,0.0,Fine
80926,1927886.0,5607147.0,547800.0,0.0,0.0,3.0,Null,2017/2018,OMAHU ROAD,BALLANTYNE ST,Non-Injury Crash,No,2017,South,0.0,,Flat,,,,,Overcast,1476700.0,0.0,0.0,0.0,3.0,0.0,,,Hawke's Bay Region,Nil,2-way,Sealed,0.0,0.0,,50.0,,Off,0.0,0.0,,30.0,Hastings District,Give way,,,,,0.0,0.0,Urban,0.0,,,Fine
576401,1924459.0,5607937.0,548612.0,0.0,0.0,1.0,Null,2000/2001,FLAXMERE AVENUE,DIAZ DRIVE,Non-Injury Crash,No,2001,North,0.0,,Flat,,,,,Bright sun,1474106.0,0.0,0.0,0.0,2.0,0.0,,,Hawke's Bay Region,Nil,2-way,Sealed,0.0,0.0,,50.0,,Null,0.0,0.0,,30.0,Hastings District,Give way,,,,,0.0,0.0,Urban,1.0,,,Fine
60572,1929957.0,5604708.0,548200.0,0.0,0.0,1.0,West,2000/2001,WARREN ST SOUTH,HERETAUNGA ST EAST,Non-Injury Crash,No,2000,East,0.0,,Flat,,,,,Overcast,1493200.0,0.0,0.0,0.0,2.0,0.0,,,Hawke's Bay Region,Nil,2-way,Sealed,0.0,0.0,,50.0,,Null,0.0,0.0,,30.0,Hastings District,Nil,,,,,1.0,0.0,Urban,0.0,,,Fine
443819,1926013.0,5593466.0,545851.0,0.0,0.0,0.0,North,2005/2006,MIDDLE ROAD,BLIND ROAD,Serious Crash,No,2006,North,0.0,,Hill Road,,,,,Bright sun,1466001.0,1.0,0.0,1.0,2.0,1.0,,,Hawke's Bay Region,Nil,2-way,Sealed,0.0,1.0,,100.0,,Null,0.0,0.0,,30.0,Hastings District,Nil,,,,,0.0,0.0,Open,0.0,,,Fine
543907,1930935.0,5613540.0,545831.0,0.0,0.0,1.0,Null,2014/2015,SH 50A,SH 50 LINKS ROAD,Non-Injury Crash,Yes,2014,West,0.0,,Flat,,,,,Bright sun,1404600.0,0.0,0.0,0.0,2.0,0.0,,,Hawke's Bay Region,Nil,2-way,Sealed,0.0,0.0,,100.0,,Null,1.0,0.0,,30.0,Hastings District,Give way,,,,,0.0,0.0,Open,0.0,,,Fine
526356,1928205.0,5606369.0,548500.0,0.0,0.0,3.0,South,2015/2016,ORCHARD ROAD,CANNING ROAD,Non-Injury Crash,No,2016,South,0.0,,Flat,,,,,Overcast,1478700.0,0.0,0.0,0.0,2.0,0.0,,,Hawke's Bay Region,Nil,2-way,Sealed,0.0,0.0,,50.0,,Null,0.0,0.0,,30.0,Hastings District,Unknown,,,,,0.0,0.0,Urban,0.0,,,Light rain
154610,1929451.0,5608862.0,545710.0,0.0,0.0,2.0,Null,2017/2018,SH 50A,EVENDEN ROAD,Non-Injury Crash,Yes,2018,North,0.0,,Flat,,,,,Bright sun,1471201.0,0.0,0.0,0.0,2.0,0.0,,,Hawke's Bay Region,Nil,2-way,Sealed,0.0,0.0,,100.0,,Null,0.0,0.0,,30.0,Hastings District,Give way,,,,,0.0,0.0,Open,0.0,,,Fine
568387,1936353.0,5611135.0,545730.0,0.0,0.0,2.0,South,2002/2003,SH 2,SCHOOL ROAD,Non-Injury Crash,Yes,2003,South,0.0,,Flat,,,,,Bright sun,1404700.0,0.0,0.0,0.0,2.0,0.0,,,Hawke's Bay Region,Nil,2-way,Sealed,0.0,0.0,,50.0,,Null,0.0,0.0,,30.0,Hastings District,Nil,,,,,0.0,0.0,Urban,0.0,,,Fine
62877,1937270.0,5638106.0,545811.0,0.0,0.0,1.0,North,2018/2019,SH 2,PAKURATAHI VALLEY ROAD,Non-Injury Crash,Yes,2018,South,0.0,0.0,Flat,0.0,Labour Weekend,0.0,0.0,Dark,1415800.0,0.0,0.0,0.0,2.0,0.0,0.0,,Hawke's Bay Region,Nil,2-way,Sealed,0.0,0.0,0.0,100.0,0.0,None,0.0,0.0,,30.0,Hastings District,Unknown,0.0,0.0,0.0,0.0,0.0,0.0,Open,0.0,0.0,0.0,Fine
263696,1930166.0,5604449.0,548200.0,0.0,0.0,2.0,South,2013/2014,HERETAUNGA ST EAST,MILLER ST,Minor Crash,No,2014,South,0.0,,Flat,,,,,Bright sun,1493800.0,1.0,0.0,0.0,2.0,0.0,,,Hawke's Bay Region,Nil,2-way,Sealed,0.0,0.0,,50.0,,Off,1.0,0.0,,30.0,Hastings District,Nil,,,,,0.0,0.0,Urban,0.0,,,Fine
338525,1909874.0,5639516.0,545912.0,0.0,0.0,1.0,North,2006/2007,PUKETITIRI ROAD,HENDLEY ROAD,Serious Crash,No,2007,South,0.0,1.0,Flat,0.0,,0.0,0.0,Overcast,1411800.0,1.0,0.0,0.0,2.0,0.0,0.0,,Hawke's Bay Region,Nil,2-way,Sealed,0.0,2.0,0.0,100.0,0.0,Null,0.0,0.0,,30.0,Hastings District,Nil,0.0,0.0,0.0,0.0,0.0,0.0,Open,0.0,0.0,0.0,Fine
734585,1932125.0,5601619.0,548810.0,0.0,0.0,1.0,North,2005/2006,MANGARAU CRESCENT,TE AUTE ROAD,Non-Injury Crash,No,2005,South,0.0,1.0,Flat,0.0,,0.0,0.0,Overcast,1505000.0,0.0,0.0,0.0,2.0,0.0,0.0,,Hawke's Bay Region,Nil,2-way,Sealed,0.0,0.0,0.0,50.0,0.0,Null,0.0,0.0,,30.0,Hastings District,Nil,0.0,0.0,0.0,0.0,0.0,0.0,Urban,0.0,0.0,0.0,Heavy rain
106663,1934970.0,5609194.0,545722.0,0.0,0.0,0.0,Null,2003/2004,SH 2,RAILWAY ROAD,Minor Crash,Yes,2003,South,0.0,0.0,Flat,0.0,,0.0,0.0,Overcast,1405900.0,1.0,0.0,0.0,2.0,0.0,0.0,,Hawke's Bay Region,Nil,2-way,Sealed,0.0,0.0,0.0,100.0,0.0,Null,0.0,0.0,,30.0,Hastings District,Give way,0.0,0.0,0.0,0.0,0.0,0.0,Open,1.0,0.0,0.0,Fine
182938,1932472.0,5601614.0,548810.0,0.0,0.0,1.0,Null,2004/2005,PORTER DRIVE,TE AUTE ROAD,Non-Injury Crash,No,2004,North,0.0,,Flat,,,,,Overcast,1505700.0,0.0,0.0,0.0,2.0,0.0,,,Hawke's Bay Region,Nil,2-way,Sealed,0.0,0.0,,50.0,,Null,0.0,0.0,,30.0,Hastings District,Give way,,,,,0.0,0.0,Urban,1.0,,,Light rain
622535,1925090.2876,5618537.1521,545821.0,0.0,0.0,1.0,North,2019/2020,SWAMP ROAD,OMARUNUI SETTLEMENT ROAD,Non-Injury Crash,No,2019,South,0.0,0.0,Flat,0.0,,0.0,0.0,Bright sun,1408500.0,0.0,0.0,0.0,2.0,0.0,0.0,,Hawke's Bay Region,Nil,2-way,Sealed,0.0,0.0,0.0,100.0,0.0,None,0.0,0.0,,30.0,Hastings District,Unknown,0.0,0.0,0.0,0.0,0.0,0.0,Open,0.0,0.0,0.0,Fine
437434,1929509.0,5608835.0,545710.0,0.0,0.0,1.0,Null,2007/2008,SH 50A,EVENDEN ROAD,Non-Injury Crash,Yes,2007,South,0.0,0.0,Flat,0.0,,0.0,0.0,Bright sun,1471100.0,0.0,0.0,0.0,4.0,0.0,0.0,,Hawke's Bay Region,Nil,2-way,Sealed,0.0,0.0,0.0,100.0,0.0,Null,0.0,0.0,,30.0,Hastings District,Give way,0.0,0.0,0.0,0.0,0.0,0.0,Open,1.0,0.0,0.0,Fine
288790,1931428.0,5614881.0,545831.0,0.0,0.0,0.0,North,2011/2012,SH 50,PAKOWHAI OFF SBD,Non-Injury Crash,Yes,2012,South,0.0,,Hill Road,,,,,Bright sun,1404600.0,0.0,0.0,0.0,2.0,0.0,,,Hawke's Bay Region,Nil,2-way,Sealed,0.0,0.0,,100.0,,Null,1.0,0.0,,30.0,Hastings District,Nil,,,,,0.0,0.0,Open,0.0,,,Fine
534765,1932124.0,5602292.0,545721.0,0.0,0.0,2.0,West,2001/2002,HAVELOCK ROAD,KARANEMA DRIVE,Non-Injury Crash,No,2001,North,0.0,,Flat,,,,,Bright sun,1473000.0,0.0,0.0,0.0,2.0,0.0,,,Hawke's Bay Region,Nil,2-way,Sealed,0.0,0.0,,70.0,,Null,0.0,0.0,,30.0,Hastings District,Nil,,,,,0.0,0.0,Urban,0.0,,,Fine
33914,1925232.0,5599164.0,545852.0,0.0,0.0,0.0,North,2006/2007,SH 2,OLD MAIN ROAD,Non-Injury Crash,Yes,2007,North,0.0,,Hill Road,,,,,Dark,1463602.0,0.0,0.0,0.0,2.0,0.0,,,Hawke's Bay Region,Nil,2-way,Sealed,0.0,0.0,,100.0,,None,1.0,0.0,,30.0,Hastings District,Nil,,,,,0.0,0.0,Open,1.0,,,Light rain
606216,1929850.0,5605477.0,548200.0,0.0,0.0,2.0,Null,2016/2017,NELSON ST NORTH,ST AUBYN ST WEST,Non-Injury Crash,No,2016,North,0.0,,Flat,,,,,Dark,1490405.0,0.0,0.0,0.0,2.0,0.0,,,Hawke's Bay Region,Nil,2-way,Sealed,0.0,0.0,,50.0,,On,0.0,0.0,,30.0,Hastings District,Traffic Signals,,,,,0.0,0.0,Urban,0.0,,,Fine
151055,1929742.0,5614619.0,545831.0,0.0,0.0,1.0,South,2009/2010,WAIOHIKI ROAD,HATAS LANE,Non-Injury Crash,No,2010,South,0.0,0.0,Flat,0.0,,0.0,0.0,Overcast,1404600.0,0.0,0.0,0.0,2.0,0.0,0.0,,Hawke's Bay Region,Nil,2-way,Sealed,0.0,0.0,0.0,70.0,0.0,Null,0.0,0.0,,30.0,Hastings District,Nil,0.0,0.0,0.0,0.0,0.0,0.0,Urban,0.0,0.0,0.0,Fine
334451,1932525.0,5608588.0,545721.0,0.0,0.0,1.0,North,2015/2016,RUAHAPIA ROAD,WHAKATU ROAD,Non-Injury Crash,No,2016,South,0.0,1.0,Flat,0.0,,0.0,0.0,Twilight,1471600.0,0.0,0.0,0.0,2.0,0.0,0.0,,Hawke's Bay Region,Nil,2-way,Sealed,0.0,0.0,0.0,80.0,0.0,None,0.0,0.0,,30.0,Hastings District,Unknown,0.0,0.0,0.0,1.0,0.0,0.0,Open,0.0,0.0,0.0,Fine
96463,1929044.0,5605337.0,547700.0,0.0,0.0,2.0,East,2004/2005,SOUTHAMPTON ST WEST,LASCELLES ST,Minor Crash,No,2004,East,0.0,,Flat,,,,,Bright sun,1487700.0,1.0,0.0,0.0,2.0,0.0,,,Hawke's Bay Region,Nil,2-way,Sealed,0.0,0.0,,50.0,,Null,0.0,0.0,,30.0,Hastings District,Nil,,,,,0.0,0.0,Urban,0.0,,,Fine
546952,1920328.0,5594510.0,545851.0,0.0,0.0,2.0,South,2012/2013,SH 2,TE MAHANGA ROAD,Non-Injury Crash,Yes,2013,North,0.0,,Flat,,,,,Dark,1463900.0,0.0,0.0,0.0,2.0,0.0,,,Hawke's Bay Region,Nil,2-way,Sealed,0.0,0.0,,100.0,,None,0.0,0.0,,30.0,Hastings District,Nil,,,,,0.0,0.0,Open,0.0,,,Fine
406806,1936935.0,5601577.0,545750.0,0.0,0.0,1.0,East,2015/2016,RIVER ROAD,TE MATA MANGATERETERE ROA,Non-Injury Crash,No,2015,North,0.0,0.0,Hill Road,0.0,,0.0,0.0,Dark,1466600.0,0.0,0.0,0.0,1.0,0.0,0.0,,Hawke's Bay Region,Nil,2-way,Sealed,0.0,0.0,0.0,80.0,0.0,On,0.0,0.0,,30.0,Hastings District,Unknown,0.0,0.0,0.0,0.0,0.0,0.0,Open,0.0,0.0,0.0,Fine
160362,1931065.0,5613777.0,545831.0,0.0,0.0,1.0,Null,2016/2017,PAKOWHAI OFF SBD,PAKOWHAI ON NBD,Serious Crash,No,2017,South,0.0,,Flat,,,,,Bright sun,1404600.0,0.0,0.0,0.0,4.0,0.0,,,Hawke's Bay Region,Nil,2-way,Sealed,0.0,1.0,,100.0,,Null,0.0,0.0,,30.0,Hastings District,Nil,,,,,1.0,0.0,Open,0.0,,,Fine
332696,1936152.0,5646252.0,545911.0,0.0,0.0,1.0,North,2002/2003,SH 2,AROPAOANUI ROAD,Non-Injury Crash,Yes,2003,West,0.0,0.0,Hill Road,1.0,,0.0,0.0,Bright sun,1415400.0,0.0,0.0,0.0,2.0,0.0,0.0,,Hawke's Bay Region,Nil,2-way,Sealed,0.0,0.0,0.0,100.0,0.0,Null,0.0,0.0,,30.0,Hastings District,Nil,0.0,0.0,0.0,0.0,0.0,0.0,Open,0.0,0.0,0.0,Fine
624232,1925955.0,5608237.0,545710.0,0.0,0.0,2.0,Null,2003/2004,OMAHU ROAD,CHATHAM ROAD,Non-Injury Crash,No,2003,West,0.0,,Flat,,,,,Bright sun,1470900.0,0.0,0.0,0.0,2.0,0.0,,,Hawke's Bay Region,Nil,2-way,Sealed,0.0,0.0,,50.0,,Null,0.0,0.0,,30.0,Hastings District,Give way,,,,,0.0,0.0,Urban,0.0,,,Fine
457825,1925163.0408,5606983.6973,548620.0,0.0,0.0,2.0,Null,2019/2020,HENDERSON ROAD,SWANSEA ROAD ,Non-Injury Crash,No,2019,Null,0.0,,Flat,,,,,Overcast,1476500.0,0.0,0.0,0.0,2.0,0.0,,,Hawke's Bay Region,Nil,1-way,Sealed,0.0,0.0,,50.0,,Off,0.0,0.0,,30.0,Hastings District,Nil,,,,,0.0,0.0,Urban,0.0,,,Fine
541839,1942461.0319,5659285.5175,545911.0,0.0,0.0,0.0,North,2019/2020,002-0592,MATAHORUA ROAD,Minor Crash,Yes,2019,South,0.0,0.0,Hill Road,0.0,,0.0,0.0,Bright sun,1415100.0,1.0,0.0,1.0,2.0,0.0,0.0,,Hawke's Bay Region,Nil,2-way,Sealed,0.0,0.0,0.0,100.0,0.0,None,0.0,0.0,,30.0,Hastings District,Unknown,0.0,1.0,0.0,0.0,0.0,0.0,Open,1.0,0.0,0.0,Fine
125605,1924399.0,5603646.0,545842.0,0.0,0.0,1.0,Null,2006/2007,MARAEKAKAHO ROAD,STOCK ROAD,Minor Crash,No,2007,East,0.0,,Flat,,,,,Twilight,1470213.0,1.0,0.0,0.0,2.0,0.0,,,Hawke's Bay Region,Nil,2-way,Sealed,0.0,0.0,,100.0,,On,1.0,0.0,,30.0,Hastings District,Stop,,,,,0.0,0.0,Open,0.0,,,Fine
244459,1931125.0,5613563.0,545831.0,0.0,0.0,0.0,North,2002/2003,PAKOWHAI ROAD,ALLEN ROAD,Non-Injury Crash,No,2002,North,0.0,,Flat,,,,,Twilight,1404600.0,0.0,0.0,0.0,2.0,0.0,,,Hawke's Bay Region,Nil,2-way,Sealed,0.0,0.0,,100.0,,On,0.0,0.0,,30.0,Hastings District,Nil,,,,,0.0,0.0,Open,1.0,,,Fine
449060,1929439.0,5606032.0,547700.0,0.0,0.0,1.0,Null,2018/2019,ST AUBYN ST WEST,GRAYS ROAD,Non-Injury Crash,No,2018,North,0.0,,Flat,,,,,Bright sun,1488300.0,0.0,0.0,0.0,2.0,0.0,,,Hawke's Bay Region,Nil,2-way,Sealed,0.0,0.0,,50.0,,Null,0.0,0.0,,30.0,Hastings District,Give way,,,,,0.0,0.0,Urban,1.0,,,Fine
51140,1932064.0,5601068.0,548810.0,0.0,0.0,1.0,North,2015/2016,MIDDLE ROAD,PALMERSTON ROAD,Non-Injury Crash,No,2015,South,0.0,,Flat,,,,,Overcast,1505500.0,0.0,0.0,0.0,2.0,0.0,,,Hawke's Bay Region,Nil,2-way,Sealed,0.0,0.0,,50.0,,Null,1.0,0.0,,30.0,Hastings District,Nil,,,,,0.0,0.0,Urban,0.0,,,Null
612375,1917410.0,5606283.0,545841.0,0.0,0.0,0.0,North,2017/2018,SH 50,MARAEKAKAHO ROAD,Non-Injury Crash,Yes,2018,East,0.0,0.0,Flat,0.0,,0.0,0.0,Overcast,1462901.0,0.0,0.0,0.0,2.0,0.0,0.0,,Hawke's Bay Region,Nil,2-way,Sealed,0.0,0.0,0.0,100.0,0.0,Null,0.0,0.0,,30.0,Hastings District,Unknown,0.0,0.0,0.0,0.0,1.0,0.0,Open,0.0,0.0,0.0,Light rain
518497,1924692.0,5607849.0,548611.0,0.0,0.0,2.0,West,2015/2016,FLAXMERE AVENUE,MARGATE AVENUE,Minor Crash,No,2015,West,0.0,,Flat,,,,,Bright sun,1473804.0,1.0,0.0,0.0,2.0,0.0,,,Hawke's Bay Region,Nil,2-way,Sealed,0.0,0.0,,50.0,,Null,0.0,0.0,,30.0,Hastings District,Nil,,,,,0.0,0.0,Urban,0.0,,,Fine
187139,1930348.0,5605141.0,548200.0,0.0,0.0,2.0,East,2004/2005,KARAMU ROAD NORTH,ELLISON ROAD,Non-Injury Crash,No,2004,South,0.0,,Flat,,,,,Dark,1494100.0,0.0,0.0,0.0,2.0,0.0,,,Hawke's Bay Region,Nil,2-way,Sealed,0.0,0.0,,50.0,,On,0.0,0.0,,30.0,Hastings District,Nil,,,,,0.0,0.0,Urban,0.0,,,Fine
296442,1936201.0,5611809.0,545832.0,0.0,0.0,2.0,Null,2006/2007,SH 2,HELLYERS LANE,Non-Injury Crash,Yes,2007,South,0.0,,Flat,,,,,Bright sun,1404200.0,0.0,0.0,0.0,2.0,0.0,,,Hawke's Bay Region,Nil,2-way,Sealed,0.0,0.0,,50.0,,Null,0.0,0.0,,30.0,Hastings District,Stop,,,,,0.0,0.0,Urban,0.0,,,Fine
579907,1931812.0,5601391.0,548810.0,0.0,0.0,2.0,East,2010/2011,ELLIOTT CRESCENT,UPHAM ST,Non-Injury Crash,No,2011,West,0.0,0.0,Hill Road,0.0,,0.0,0.0,Dark,1506000.0,0.0,0.0,0.0,2.0,0.0,1.0,,Hawke's Bay Region,Nil,2-way,Sealed,0.0,0.0,0.0,50.0,0.0,On,0.0,0.0,,30.0,Hastings District,Nil,0.0,0.0,0.0,0.0,0.0,0.0,Urban,0.0,0.0,0.0,Fine
489223,1929333.0,5605507.0,547700.0,0.0,0.0,1.0,South,2017/2018,Z CPK,HERETAUNGA ST WEST,Serious Crash,No,2018,North,0.0,,Flat,,,,,Bright sun,1487700.0,0.0,0.0,0.0,,0.0,,1.0,Hawke's Bay Region,Nil,Off road,Sealed,0.0,1.0,,50.0,,Null,0.0,0.0,,30.0,Hastings District,Unknown,,,,,0.0,0.0,Urban,0.0,,,Fine
695115,1930001.0,5604891.0,548200.0,0.0,0.0,2.0,East,2012/2013,KARAMU ROAD NORTH,QUEEN ST EAST,Non-Injury Crash,No,2013,West,0.0,,Flat,,,,,Bright sun,1492800.0,0.0,0.0,0.0,2.0,0.0,,,Hawke's Bay Region,Nil,2-way,Sealed,0.0,0.0,,50.0,,Null,0.0,0.0,,30.0,Hastings District,Traffic Signals,,,,,0.0,0.0,Urban,0.0,,,Light rain
698630,1929663.0,5614907.0,545831.0,0.0,0.0,1.0,South,2000/2001,WAIOHIKI ROAD,WAIOHIKI BR,Non-Injury Crash,No,2001,South,0.0,0.0,Flat,0.0,Christmas New Year,0.0,0.0,Overcast,1409400.0,0.0,0.0,0.0,2.0,0.0,0.0,,Hawke's Bay Region,Nil,2-way,Sealed,0.0,0.0,0.0,70.0,0.0,Null,0.0,0.0,,30.0,Hastings District,Nil,0.0,0.0,0.0,0.0,0.0,0.0,Urban,0.0,0.0,0.0,Fine
411911,1905887.3414,5600914.9114,545841.0,0.0,0.0,1.0,South,2019/2020,SH 50,GLENCOE STATION ROAD,Minor Crash,Yes,2020,West,0.0,1.0,Flat,0.0,,0.0,0.0,Bright sun,1462500.0,1.0,0.0,0.0,2.0,0.0,0.0,,Hawke's Bay Region,Nil,2-way,Sealed,0.0,0.0,0.0,100.0,0.0,None,0.0,0.0,,30.0,Hastings District,Nil,0.0,0.0,0.0,1.0,0.0,0.0,Open,0.0,0.0,0.0,Fine
346791,1930149.0,5604677.0,548200.0,0.0,0.0,2.0,Null,2010/2011,HASTINGS ST NORTH,QUEEN ST EAST,Non-Injury Crash,No,2010,West,0.0,,Flat,,,,,Bright sun,1493400.0,0.0,0.0,0.0,2.0,0.0,,,Hawke's Bay Region,Nil,2-way,Sealed,0.0,0.0,,50.0,,Null,0.0,0.0,,30.0,Hastings District,Give way,,,,,0.0,0.0,Urban,0.0,,,Fine
692156,1936536.0,5595245.0,545860.0,0.0,0.0,0.0,East,1999/2000,WAIMARAMA ROAD,KAHURANAKI ROAD,Minor Crash,No,2000,North,0.0,1.0,Hill Road,0.0,,0.0,0.0,Overcast,1467200.0,1.0,0.0,1.0,2.0,0.0,0.0,,Hawke's Bay Region,Nil,2-way,Sealed,0.0,0.0,0.0,100.0,0.0,Null,0.0,0.0,,30.0,Hastings District,Nil,0.0,0.0,0.0,0.0,0.0,0.0,Open,0.0,0.0,0.0,Fine
182927,1931870.0,5607130.0,545721.0,0.0,0.0,1.0,Null,2016/2017,ELWOOD ROAD,OTENE ROAD,Serious Crash,No,2017,South,0.0,,Flat,,,,,Twilight,1471700.0,0.0,0.0,1.0,2.0,0.0,,,Hawke's Bay Region,Nil,2-way,Sealed,0.0,1.0,,80.0,,Off,0.0,0.0,,30.0,Hastings District,Give way,,,,,0.0,0.0,Open,0.0,,,Fine
676496,1930433.0,5606490.0,547600.0,0.0,0.0,2.0,North,2001/2002,FREDERICK ST,TOMOANA ROAD,Non-Injury Crash,No,2001,North,0.0,,Flat,,,,,Bright sun,1483400.0,0.0,0.0,0.0,2.0,0.0,,,Hawke's Bay Region,Nil,2-way,Sealed,0.0,0.0,,50.0,,Null,0.0,0.0,,30.0,Hastings District,Nil,,,,,0.0,0.0,Urban,0.0,,,Fine
619037,1943991.0,5659653.0,545911.0,0.0,0.0,0.0,South,2007/2008,SH 2,PUTORINO STATION ROAD,Minor Crash,Yes,2008,South,0.0,0.0,Flat,0.0,,0.0,0.0,Overcast,1415100.0,1.0,0.0,0.0,2.0,0.0,0.0,,Hawke's Bay Region,Nil,2-way,Sealed,0.0,0.0,0.0,100.0,0.0,Null,0.0,0.0,,30.0,Hastings District,Nil,0.0,0.0,0.0,0.0,0.0,0.0,Open,1.0,0.0,0.0,Light rain
259680,1929364.0,5605484.0,547700.0,0.0,0.0,2.0,West,2004/2005,CHARLES ST,HERETAUNGA ST WEST,Non-Injury Crash,No,2005,West,0.0,,Flat,,,,,Overcast,1487700.0,0.0,0.0,0.0,2.0,0.0,,,Hawke's Bay Region,Nil,2-way,Sealed,0.0,0.0,,50.0,,Null,0.0,0.0,,30.0,Hastings District,Nil,,,,,0.0,0.0,Urban,0.0,,,Fine
192714,1929297.0,5606666.0,547800.0,0.0,1.0,0.0,South,2009/2010,PAKOWHAI ROAD,FITZROY AVENUE,Minor Crash,No,2010,North,0.0,,Flat,,,,,Bright sun,1477600.0,1.0,0.0,0.0,2.0,0.0,,1.0,Hawke's Bay Region,Nil,2-way,Sealed,1.0,0.0,,50.0,,Null,0.0,0.0,,30.0,Hastings District,Nil,,,,,0.0,0.0,Urban,0.0,,,Fine
12725,1925074.0,5607992.0,548611.0,0.0,0.0,2.0,South,2005/2006,MARGATE PLACE,MARGATE AVENUE,Non-Injury Crash,No,2006,North,0.0,0.0,Flat,0.0,,0.0,0.0,Bright sun,1473808.0,0.0,0.0,0.0,2.0,0.0,1.0,,Hawke's Bay Region,Nil,2-way,Sealed,0.0,0.0,0.0,50.0,0.0,Null,0.0,0.0,,30.0,Hastings District,Nil,0.0,0.0,0.0,0.0,0.0,0.0,Urban,0.0,0.0,0.0,Fine
735897,1924861.0,5606400.0,548620.0,0.0,0.0,0.0,South,2004/2005,SUNDERLAND DRIVE,LIVERPOOL CRESCENT N,Non-Injury Crash,No,2005,West,0.0,0.0,Flat,0.0,,0.0,0.0,Twilight,1474900.0,0.0,0.0,0.0,2.0,0.0,1.0,,Hawke's Bay Region,Nil,2-way,Sealed,0.0,0.0,0.0,50.0,0.0,On,0.0,0.0,,30.0,Hastings District,Nil,0.0,0.0,0.0,0.0,0.0,0.0,Urban,2.0,0.0,0.0,Fine