OBJECTID,X,Y,areaUnitID,bicycle,bus,carStationWagon,crashDirectionDescription,crashFinancialYear,crashLocation1,crashLocation2,crashSeverity,crashSHDescription,crashYear,directionRoleDescription,fatalCount,fence,flatHill,guardRail,holiday,houseOrBuilding,kerb,light,meshblockId,minorInjuryCount,moped,motorcycle,NumberOfLanes,otherVehicleType,parkedVehicle,pedestrian,region,roadCharacter,roadLane,roadSurface,schoolBus,seriousInjuryCount,slipOrFlood,speedLimit,strayAnimal,streetLight,suv,taxi,temporarySpeedLimit,tlaId,tlaName,trafficControl,trafficIsland,trafficSign,train,tree,truck,unknownVehicleType,urban,vanOrUtility,vehicle,waterRiver,weatherA
198123,1927296.0,5605131.0,545761.0,0.0,0.0,1.0,Null,2009/2010,MARAEKAKAHO ROAD,YORK ROAD,Minor Crash,No,2010,North,0.0,,Flat,,Easter,,,Bright sun,1469905.0,2.0,0.0,0.0,2.0,0.0,,,Hawke's Bay Region,Nil,2-way,Sealed,0.0,0.0,,70.0,,Null,1.0,0.0,,30.0,Hastings District,Give way,,,,,0.0,0.0,Urban,0.0,,,Fine
307491,1907793.0,5592171.0,545851.0,0.0,0.0,0.0,East,2013/2014,RAUKAWA ROAD,TAHEKE ROAD,Serious Crash,No,2014,East,0.0,0.0,Hill Road,0.0,,0.0,0.0,Bright sun,1465000.0,0.0,0.0,1.0,2.0,0.0,0.0,,Hawke's Bay Region,Nil,2-way,Sealed,0.0,1.0,0.0,100.0,0.0,Null,0.0,0.0,,30.0,Hastings District,Nil,0.0,0.0,0.0,0.0,0.0,0.0,Open,0.0,0.0,0.0,Fine
313530,1906278.0,5601848.0,545841.0,0.0,0.0,0.0,South,2009/2010,SH 50,SALISBURY ROAD,Non-Injury Crash,Yes,2010,North,0.0,0.0,Flat,0.0,Queens Birthday,0.0,0.0,Overcast,1462600.0,0.0,0.0,0.0,2.0,0.0,0.0,,Hawke's Bay Region,Nil,2-way,Sealed,0.0,0.0,0.0,100.0,0.0,Null,0.0,0.0,,30.0,Hastings District,Nil,0.0,0.0,0.0,0.0,2.0,0.0,Open,0.0,0.0,0.0,Light rain
277979,1933119.0,5602563.0,548831.0,0.0,0.0,2.0,West,2004/2005,CROSSES ROAD,NAPIER ROAD,Minor Crash,No,2004,South,0.0,0.0,Flat,0.0,,0.0,0.0,Dark,1509100.0,1.0,0.0,0.0,2.0,0.0,0.0,,Hawke's Bay Region,Nil,2-way,Sealed,0.0,0.0,0.0,100.0,0.0,On,0.0,0.0,,30.0,Hastings District,Nil,0.0,0.0,0.0,0.0,0.0,0.0,Open,0.0,0.0,0.0,Fine
31217,1925442.0,5626238.0,545821.0,0.0,0.0,1.0,South,2017/2018,PUKETITIRI ROAD,SEAFIELD ROAD,Non-Injury Crash,No,2017,North,0.0,1.0,Hill Road,0.0,,0.0,0.0,Bright sun,1410801.0,0.0,0.0,0.0,2.0,0.0,0.0,,Hawke's Bay Region,Nil,2-way,Sealed,0.0,0.0,0.0,100.0,0.0,Null,0.0,0.0,,30.0,Hastings District,Unknown,0.0,0.0,0.0,0.0,0.0,0.0,Open,0.0,0.0,0.0,Fine
83051,1929190.0,5605527.0,547700.0,0.0,0.0,1.0,South,2007/2008,LASCELLES ST,LOVEDALE ROAD,Non-Injury Crash,No,2008,North,0.0,1.0,Flat,0.0,,0.0,0.0,Bright sun,1487700.0,0.0,0.0,0.0,2.0,0.0,0.0,,Hawke's Bay Region,Nil,2-way,Sealed,0.0,0.0,0.0,50.0,0.0,Null,0.0,0.0,,30.0,Hastings District,Nil,0.0,0.0,0.0,0.0,1.0,0.0,Urban,0.0,0.0,0.0,Fine
136393,1925854.475,5606573.8386,548620.0,0.0,0.0,1.0,Null,2018/2019,WILSON ROAD,FLAXMERE AVENUE,Non-Injury Crash,No,2018,North,0.0,,Flat,,,,,Bright sun,1475800.0,0.0,0.0,0.0,2.0,0.0,,,Hawke's Bay Region,Nil,2-way,Sealed,0.0,0.0,,50.0,,Null,0.0,0.0,,30.0,Hastings District,Give way,,,,,0.0,0.0,Urban,1.0,,,Fine
484734,1915383.0,5589793.0,545851.0,0.0,0.0,1.0,South,2007/2008,SH 2,COLIN WHITE ROAD,Non-Injury Crash,Yes,2008,South,0.0,0.0,Flat,0.0,,0.0,0.0,Bright sun,1464500.0,0.0,0.0,0.0,2.0,0.0,0.0,,Hawke's Bay Region,Nil,2-way,Sealed,0.0,0.0,0.0,100.0,0.0,Null,0.0,0.0,,30.0,Hastings District,Nil,0.0,0.0,0.0,0.0,0.0,0.0,Open,0.0,0.0,0.0,Fine
512149,1927545.0,5606781.0,548500.0,0.0,0.0,2.0,East,2011/2012,KIWI ST,KIWI LANE,Non-Injury Crash,No,2011,North,0.0,0.0,Flat,0.0,,0.0,0.0,Twilight,1478400.0,0.0,0.0,0.0,2.0,0.0,1.0,,Hawke's Bay Region,Nil,2-way,Sealed,0.0,0.0,0.0,50.0,0.0,Off,0.0,0.0,,30.0,Hastings District,Nil,0.0,0.0,0.0,0.0,0.0,0.0,Urban,0.0,0.0,0.0,Fine
662934,1930458.0,5603263.0,548300.0,0.0,0.0,2.0,Null,2007/2008,NORTON ROAD,OUTRAM ROAD,Minor Crash,No,2008,North,0.0,,Flat,,,,,Bright sun,1502800.0,1.0,0.0,0.0,2.0,0.0,,,Hawke's Bay Region,Nil,2-way,Sealed,0.0,0.0,,50.0,,Null,0.0,0.0,,30.0,Hastings District,Give way,,,,,0.0,0.0,Urban,0.0,,,Fine
41615,1925072.7474,5607192.0873,548620.0,0.0,0.0,0.0,Null,2019/2020,OFFROAD ACCESS WAY,,Serious Crash,No,2020,North,0.0,1.0,Flat,0.0,,0.0,0.0,Bright sun,1474201.0,2.0,1.0,0.0,0.0,0.0,0.0,,Hawke's Bay Region,Nil,Off road,Sealed,0.0,1.0,0.0,10.0,0.0,None,0.0,0.0,,30.0,Hastings District,Nil,0.0,0.0,0.0,0.0,0.0,0.0,Urban,0.0,0.0,0.0,Fine
179167,1935581.0,5634726.0,545812.0,0.0,0.0,2.0,North,2010/2011,SH 2,WHIRINAKI ROAD,Non-Injury Crash,Yes,2011,North,0.0,,Flat,,,,,Bright sun,1414904.0,0.0,0.0,0.0,2.0,0.0,,,Hawke's Bay Region,Nil,2-way,Sealed,0.0,0.0,,100.0,,Null,0.0,0.0,,30.0,Hastings District,Nil,,,,,0.0,0.0,Open,0.0,,,Fine
260977,1929872.0,5604644.0,548200.0,0.0,0.0,2.0,Null,2011/2012,EASTBOURNE ST EAST,WARREN ST SOUTH,Minor Crash,No,2011,North,0.0,,Flat,,,,,Bright sun,1493200.0,1.0,0.0,0.0,2.0,0.0,,,Hawke's Bay Region,Nil,2-way,Sealed,0.0,0.0,,50.0,,Null,0.0,0.0,,30.0,Hastings District,Give way,,,,,0.0,0.0,Urban,0.0,,,Fine
590316,1927723.06,5615538.062999999,545821.0,0.0,0.0,1.0,West,2019/2020,SPRINGFIELD ROAD,REDCLIFFE SUB STN,Non-Injury Crash,No,2020,South,0.0,0.0,Flat,0.0,,0.0,0.0,Overcast,1411000.0,0.0,0.0,0.0,2.0,0.0,0.0,,Hawke's Bay Region,Nil,2-way,Sealed,0.0,0.0,0.0,100.0,0.0,Off,0.0,0.0,,30.0,Hastings District,Unknown,0.0,0.0,0.0,0.0,0.0,0.0,Open,0.0,0.0,0.0,Fine
331997,1927628.0,5615672.0,545821.0,0.0,0.0,1.0,West,2007/2008,SPRINGFIELD ROAD,WAIOHIKI ROAD,Minor Crash,No,2008,West,0.0,0.0,Flat,0.0,,0.0,0.0,Bright sun,1411000.0,1.0,0.0,0.0,2.0,0.0,0.0,,Hawke's Bay Region,Nil,2-way,Sealed,0.0,0.0,0.0,100.0,0.0,Null,0.0,0.0,,30.0,Hastings District,Nil,0.0,0.0,0.0,0.0,0.0,0.0,Open,0.0,0.0,0.0,Fine
660232,1929525.3495,5604202.5968,548300.0,0.0,0.0,1.0,Null,2017/2018,HASTINGS STREET SOUTH,PATTISON ROAD,Non-Injury Crash,No,2018,South,0.0,,Flat,,,,,Overcast,1503400.0,0.0,0.0,0.0,2.0,0.0,,1.0,Hawke's Bay Region,Nil,2-way,Sealed,0.0,0.0,,50.0,,Null,0.0,0.0,,30.0,Hastings District,Give way,,,,,0.0,0.0,Urban,0.0,,,Fine
622184,1929209.0,5605119.0,548200.0,0.0,0.0,2.0,East,2008/2009,SOUTHAMPTON ST WEST,SOUTHLAND ROAD,Non-Injury Crash,No,2009,West,0.0,,Flat,,,,,Bright sun,1488600.0,0.0,0.0,0.0,2.0,0.0,,,Hawke's Bay Region,Nil,2-way,Sealed,0.0,0.0,,50.0,,Null,0.0,0.0,,30.0,Hastings District,Nil,,,,,0.0,0.0,Urban,0.0,,,Fine
417022,1911102.0,5663819.0,545911.0,0.0,0.0,1.0,East,2016/2017,SH 5,SUMMIT KIOSK,Non-Injury Crash,Yes,2017,West,0.0,0.0,Hill Road,0.0,,0.0,0.0,Dark,1414400.0,0.0,0.0,0.0,2.0,0.0,0.0,,Hawke's Bay Region,Nil,2-way,Sealed,0.0,0.0,0.0,100.0,0.0,None,0.0,0.0,,30.0,Hastings District,Unknown,0.0,0.0,0.0,0.0,0.0,0.0,Open,0.0,0.0,0.0,Fine
398926,1927656.0,5605280.0,547900.0,0.0,0.0,2.0,Null,2018/2019,BLEDISLOE ST,WALL ROAD,Non-Injury Crash,No,2018,North,0.0,,Flat,,,,,Bright sun,1481100.0,0.0,0.0,0.0,2.0,0.0,,,Hawke's Bay Region,Nil,2-way,Sealed,0.0,0.0,,50.0,,Null,0.0,0.0,,30.0,Hastings District,Give way,,,,,1.0,0.0,Urban,0.0,,,Fine
196073,1929973.0,5603879.0,548300.0,0.0,0.0,2.0,Null,2014/2015,RIVERSLEA ROAD SOUTH,MASSEY ST,Non-Injury Crash,No,2014,East,0.0,,Flat,,,,,Overcast,1501700.0,0.0,0.0,0.0,2.0,0.0,,,Hawke's Bay Region,Nil,2-way,Sealed,0.0,0.0,,50.0,,Null,0.0,0.0,,30.0,Hastings District,Give way,,,,,0.0,0.0,Urban,0.0,,,Light rain
550969,1930114.0,5605127.0,548200.0,0.0,0.0,2.0,Null,2001/2002,ST AUBYN ST EAST,HOLT PLACE,Minor Crash,No,2002,East,0.0,,Flat,,,,,Overcast,1494100.0,1.0,0.0,0.0,4.0,0.0,,,Hawke's Bay Region,Nil,2-way,Sealed,0.0,0.0,,50.0,,Null,0.0,0.0,,30.0,Hastings District,Give way,,,,,0.0,0.0,Urban,0.0,,,Fine
106972,1928270.0,5605866.0,548500.0,0.0,0.0,3.0,South,2008/2009,MARAEKAKAHO ROAD,LOWE ST,Non-Injury Crash,No,2009,North,0.0,,Flat,,,,,Bright sun,1479700.0,0.0,0.0,0.0,2.0,0.0,,,Hawke's Bay Region,Nil,2-way,Sealed,0.0,0.0,,50.0,,Null,0.0,0.0,,30.0,Hastings District,Nil,,,,,0.0,0.0,Urban,0.0,,,Fine
277006,1934689.6633,5598503.3007,548833.0,0.0,0.0,0.0,West,2018/2019,TE MATA PEAK ROAD,PEAKHOUSE,Minor Crash,No,2019,South,0.0,0.0,Hill Road,0.0,,0.0,0.0,Bright sun,1467003.0,1.0,0.0,0.0,2.0,0.0,0.0,,Hawke's Bay Region,Nil,2-way,Sealed,0.0,0.0,0.0,40.0,0.0,None,0.0,0.0,,30.0,Hastings District,Unknown,0.0,0.0,0.0,0.0,0.0,0.0,Urban,1.0,0.0,0.0,Fine
659270,1927607.0,5607382.0,548500.0,0.0,0.0,1.0,Null,2001/2002,SH 50A,OMAHU ROAD,Non-Injury Crash,Yes,2001,North,0.0,,Flat,,,,,Dark,1477900.0,0.0,0.0,0.0,4.0,0.0,,,Hawke's Bay Region,Nil,2-way,Sealed,0.0,0.0,,50.0,,On,0.0,0.0,,30.0,Hastings District,Give way,,,,,1.0,0.0,Urban,0.0,,,Fine
107991,1929387.0,5614231.0,545831.0,1.0,0.0,1.0,Null,2012/2013,SH 50 LINKS ROAD,WAIOHIKI ROAD,Non-Injury Crash,Yes,2013,South,0.0,,Flat,,,,,Bright sun,1409400.0,0.0,0.0,0.0,2.0,0.0,,,Hawke's Bay Region,Nil,2-way,Sealed,0.0,0.0,,70.0,,Null,0.0,0.0,,30.0,Hastings District,Give way,,,,,0.0,0.0,Urban,0.0,,,Fine
582449,1889292.0,5634537.0,545913.0,0.0,0.0,0.0,North,2012/2013,TAIHAPE ROAD,LAWRENCE ROAD,Minor Crash,No,2012,North,0.0,,Flat,,,,,Bright sun,1409800.0,1.0,0.0,1.0,2.0,0.0,,,Hawke's Bay Region,Nil,2-way,Sealed,0.0,0.0,,100.0,,Null,0.0,0.0,,30.0,Hastings District,Nil,,,,,0.0,0.0,Open,0.0,,,Fine
740941,1929851.0,5604872.0,548200.0,0.0,0.0,2.0,South,2011/2012,HERETAUNGA ST EAST,RUSSELL ST SOUTH,Non-Injury Crash,No,2011,North,0.0,0.0,Flat,0.0,,0.0,0.0,Overcast,1492000.0,0.0,0.0,0.0,2.0,0.0,1.0,,Hawke's Bay Region,Nil,2-way,Sealed,0.0,0.0,0.0,50.0,0.0,Null,0.0,0.0,,30.0,Hastings District,Nil,0.0,0.0,0.0,0.0,0.0,0.0,Urban,0.0,0.0,0.0,Fine
207017,1928174.1629,5600922.1997,545852.0,0.0,0.0,1.0,West,2018/2019,TE AUTE ROAD,LONGLANDS ROAD EAST,Non-Injury Crash,No,2018,East,0.0,0.0,Flat,1.0,,0.0,0.0,Dark,1465700.0,0.0,0.0,0.0,2.0,0.0,0.0,,Hawke's Bay Region,Nil,2-way,Sealed,0.0,0.0,0.0,100.0,0.0,None,0.0,0.0,,30.0,Hastings District,Unknown,0.0,0.0,0.0,0.0,0.0,0.0,Open,0.0,0.0,0.0,Light rain
624740,1929632.0,5604761.0,548200.0,0.0,0.0,2.0,Null,1999/2000,RAILWAY ROAD,LYNDON ROAD WEST,Non-Injury Crash,No,2000,North,0.0,,Flat,,,,,Overcast,1489900.0,0.0,0.0,0.0,2.0,0.0,,,Hawke's Bay Region,Nil,2-way,Sealed,0.0,0.0,,50.0,,Null,0.0,0.0,,30.0,Hastings District,Give way,,,,,0.0,0.0,Urban,0.0,,,Light rain
714027,1929878.0,5605947.0,547700.0,0.0,0.0,1.0,Null,2012/2013,FITZROY AVENUE,TOMOANA ROAD,Non-Injury Crash,No,2013,South,0.0,,Flat,,,,,Bright sun,1488400.0,0.0,0.0,0.0,2.0,0.0,,,Hawke's Bay Region,Nil,2-way,Sealed,0.0,0.0,,50.0,,Null,0.0,0.0,,30.0,Hastings District,Stop,,,,,1.0,0.0,Urban,0.0,,,Fine
169642,1924658.0,5617206.0,545821.0,1.0,0.0,0.0,West,2003/2004,SWAMP ROAD,MOTEO PA ROAD,Minor Crash,No,2003,North,0.0,,Flat,,,,,Overcast,1408500.0,1.0,0.0,0.0,2.0,0.0,,,Hawke's Bay Region,Nil,2-way,Sealed,0.0,0.0,,100.0,,Null,0.0,0.0,,30.0,Hastings District,Nil,,,,,0.0,0.0,Open,1.0,,,Fine
732049,1911845.0,5662816.0,545911.0,0.0,0.0,0.0,South,2003/2004,SH 5,TE HAROTO ROAD,Non-Injury Crash,Yes,2004,North,0.0,,Flat,,,,,Overcast,1414300.0,0.0,0.0,0.0,2.0,0.0,,,Hawke's Bay Region,Nil,2-way,Sealed,0.0,0.0,,100.0,,Null,0.0,0.0,,30.0,Hastings District,Nil,,,,,0.0,0.0,Open,1.0,,,Light rain
63559,1929694.7804,5603668.1031,548300.0,0.0,0.0,2.0,Null,2019/2020,RIVERSLEA ROAD SOUTH,CHURCHILL STREET,Non-Injury Crash,No,2020,South,0.0,,Flat,,,,,Unknown,1503900.0,0.0,0.0,0.0,2.0,0.0,,,Hawke's Bay Region,Nil,2-way,Sealed,0.0,0.0,,50.0,,Null,0.0,0.0,,30.0,Hastings District,Give way,,,,,0.0,0.0,Urban,0.0,,,Null
216402,1929768.0,5605863.0,547700.0,0.0,0.0,1.0,Null,2005/2006,TOMOANA ROAD,WHITEHEAD ROAD,Non-Injury Crash,No,2005,North,0.0,,Flat,,,,,Bright sun,1488400.0,0.0,0.0,0.0,2.0,0.0,,,Hawke's Bay Region,Nil,2-way,Sealed,0.0,0.0,,50.0,,Null,1.0,0.0,,30.0,Hastings District,Give way,,,,,0.0,0.0,Urban,0.0,,,Fine
111440,1923770.6682,5607927.5155,548611.0,0.0,0.0,1.0,East,2018/2019,RAMSEY CRESCENT,BANGOR STREET,Minor Crash,No,2019,West,0.0,1.0,Flat,0.0,,0.0,0.0,Dark,1470315.0,1.0,0.0,0.0,2.0,0.0,0.0,,Hawke's Bay Region,Nil,2-way,Sealed,0.0,0.0,0.0,50.0,0.0,On,0.0,0.0,,30.0,Hastings District,Unknown,0.0,0.0,0.0,0.0,0.0,0.0,Urban,0.0,0.0,0.0,Light rain
210204,1924403.6247,5603663.1758,545842.0,0.0,0.0,0.0,Null,2019/2020,STOCK ROAD,MARAEKAKAHO ROAD,Non-Injury Crash,No,2019,South,0.0,,Flat,,,,,Bright sun,1470218.0,0.0,0.0,2.0,2.0,0.0,,,Hawke's Bay Region,Nil,2-way,Sealed,0.0,0.0,,100.0,,Null,0.0,0.0,,30.0,Hastings District,Stop,,,,,0.0,0.0,Open,0.0,,,Fine
405259,1931418.0,5605796.0,548000.0,0.0,0.0,1.0,Null,2003/2004,KARAMU ROAD NORTH,WARWICK ROAD,Non-Injury Crash,No,2004,North,0.0,,Flat,,,,,Bright sun,1496700.0,0.0,0.0,0.0,2.0,0.0,,,Hawke's Bay Region,Nil,2-way,Sealed,0.0,0.0,,50.0,,Null,0.0,0.0,,30.0,Hastings District,Give way,,,,,0.0,0.0,Urban,0.0,,,Fine
17310,1927625.0,5607065.0,548500.0,0.0,0.0,1.0,South,2018/2019,ORCHARD ROAD,TAKAPU ROAD,Non-Injury Crash,No,2018,South,0.0,0.0,Flat,0.0,,0.0,0.0,Dark,1477900.0,0.0,0.0,0.0,2.0,0.0,1.0,,Hawke's Bay Region,Nil,2-way,Sealed,0.0,0.0,0.0,50.0,0.0,On,0.0,0.0,,30.0,Hastings District,Unknown,0.0,0.0,0.0,0.0,1.0,0.0,Urban,0.0,0.0,0.0,Fine
433308,1926330.0,5606222.0,545761.0,0.0,0.0,2.0,South,2005/2006,YORK ROAD,FLAXMERE AVENUE,Serious Crash,No,2006,North,0.0,,Flat,,,,,Dark,1469905.0,3.0,0.0,0.0,2.0,0.0,,,Hawke's Bay Region,Nil,2-way,Sealed,0.0,1.0,,100.0,,On,0.0,0.0,,30.0,Hastings District,Nil,,,,,0.0,0.0,Open,0.0,,,Light rain
546866,1923971.0,5608310.0,548611.0,0.0,0.0,1.0,North,2012/2013,BOSTON CRESCENT,TARBET ST,Non-Injury Crash,No,2013,North,0.0,0.0,Flat,0.0,,0.0,0.0,Dark,1470309.0,0.0,0.0,0.0,2.0,0.0,0.0,,Hawke's Bay Region,Nil,2-way,Sealed,0.0,0.0,0.0,50.0,0.0,On,0.0,0.0,,30.0,Hastings District,Nil,0.0,0.0,0.0,1.0,0.0,0.0,Urban,0.0,0.0,0.0,Fine
723886,1921947.0,5621120.0,545821.0,0.0,0.0,1.0,East,2006/2007,DARTMOOR ROAD,APLEY ROAD,Serious Crash,No,2007,East,0.0,0.0,Flat,0.0,,0.0,0.0,Overcast,1411400.0,3.0,0.0,0.0,2.0,0.0,0.0,,Hawke's Bay Region,Nil,2-way,Sealed,0.0,1.0,0.0,100.0,0.0,Null,0.0,0.0,,30.0,Hastings District,Nil,0.0,0.0,0.0,0.0,0.0,0.0,Open,0.0,0.0,0.0,Fine
11146,1933389.0,5612167.0,545832.0,0.0,0.0,1.0,West,2007/2008,BROOKFIELDS ROAD,SISSONS ROAD,Non-Injury Crash,No,2007,West,0.0,1.0,Flat,0.0,,0.0,0.0,Dark,1404000.0,0.0,0.0,0.0,2.0,0.0,0.0,,Hawke's Bay Region,Nil,2-way,Sealed,0.0,0.0,0.0,100.0,0.0,None,0.0,0.0,,30.0,Hastings District,Nil,0.0,0.0,0.0,0.0,0.0,0.0,Open,0.0,0.0,0.0,Fine
426606,1931342.0,5603126.0,545762.0,0.0,0.0,2.0,East,2007/2008,HAVELOCK ROAD,NORTON ROAD,Non-Injury Crash,No,2007,West,0.0,,Flat,,,,,Overcast,1468500.0,0.0,0.0,0.0,2.0,0.0,,,Hawke's Bay Region,Nil,2-way,Sealed,0.0,0.0,,70.0,,Null,0.0,0.0,,30.0,Hastings District,Nil,,,,,0.0,0.0,Urban,0.0,,,Fine
113223,1927293.0,5605135.0,545761.0,0.0,0.0,2.0,North,2014/2015,YORK ROAD,MARAEKAKAHO ROAD,Non-Injury Crash,No,2015,South,0.0,,Flat,,,,,Bright sun,1469905.0,0.0,0.0,0.0,2.0,0.0,,,Hawke's Bay Region,Nil,2-way,Sealed,0.0,0.0,,70.0,,Null,0.0,0.0,,30.0,Hastings District,Give way,,,,,0.0,0.0,Urban,0.0,,,Fine
137979,1935268.0,5609330.0,545722.0,0.0,0.0,1.0,South,2017/2018,SH 2,RICHMOND ROAD,Serious Crash,Yes,2017,North,0.0,,Flat,,,,,Dark,1406300.0,0.0,0.0,0.0,2.0,0.0,,1.0,Hawke's Bay Region,Nil,2-way,Sealed,0.0,1.0,,80.0,,On,0.0,0.0,,30.0,Hastings District,Unknown,,,,,0.0,0.0,Open,0.0,,,Fine
447050,1929155.0,5606419.0,547700.0,0.0,0.0,2.0,Null,1999/2000,ST AUBYN ST WEST,NIKAU ST,Non-Injury Crash,No,2000,East,0.0,,Flat,,,,,Bright sun,1485800.0,0.0,0.0,0.0,2.0,0.0,,,Hawke's Bay Region,Nil,2-way,Sealed,0.0,0.0,,50.0,,Null,0.0,0.0,,30.0,Hastings District,Nil,,,,,0.0,0.0,Urban,0.0,,,Fine
410039,1930588.0,5611580.0,545832.0,0.0,0.0,1.0,South,2010/2011,SH 50A,SH 50,Non-Injury Crash,Yes,2010,South,0.0,,Flat,,,,,Dark,1404400.0,0.0,0.0,0.0,2.0,0.0,,,Hawke's Bay Region,Nil,2-way,Sealed,0.0,0.0,,100.0,,None,0.0,0.0,,30.0,Hastings District,Nil,,,,,0.0,0.0,Open,0.0,,,Fine
168590,1930261.0,5607181.0,547600.0,0.0,0.0,2.0,South,2017/2018,KAURI ST,MANUKA ST,Non-Injury Crash,No,2017,North,0.0,0.0,Flat,0.0,,0.0,0.0,Dark,1482900.0,0.0,0.0,0.0,2.0,0.0,1.0,,Hawke's Bay Region,Nil,2-way,Sealed,0.0,0.0,0.0,50.0,0.0,On,0.0,0.0,,30.0,Hastings District,Unknown,0.0,0.0,0.0,0.0,0.0,0.0,Urban,0.0,0.0,0.0,Fine
411769,1924840.0,5606661.0,548620.0,0.0,0.0,1.0,Null,2006/2007,CAERNARVON DRIVE,SWANSEA ROAD,Non-Injury Crash,No,2007,South,0.0,0.0,Flat,0.0,,0.0,0.0,Dark,1475000.0,0.0,0.0,0.0,2.0,0.0,0.0,,Hawke's Bay Region,Nil,2-way,Sealed,0.0,0.0,0.0,50.0,0.0,On,0.0,0.0,,30.0,Hastings District,Stop,0.0,0.0,0.0,1.0,0.0,0.0,Urban,0.0,0.0,0.0,Fine
665972,1929839.0,5605266.0,548200.0,0.0,0.0,0.0,South,2007/2008,KING ST NORTH,AVENUE ROAD WEST,Non-Injury Crash,No,2007,North,0.0,0.0,Flat,0.0,,0.0,0.0,Bright sun,1490800.0,0.0,0.0,0.0,2.0,0.0,1.0,,Hawke's Bay Region,Nil,2-way,Sealed,0.0,0.0,0.0,50.0,0.0,Null,1.0,0.0,,30.0,Hastings District,Nil,0.0,0.0,0.0,0.0,1.0,0.0,Urban,0.0,0.0,0.0,Fine
455382,1930701.0,5612703.0,545832.0,0.0,0.0,0.0,South,2008/2009,SH 50A,LINKS ROAD,Non-Injury Crash,Yes,2008,North,0.0,1.0,Flat,0.0,,0.0,0.0,Overcast,1404400.0,0.0,0.0,0.0,2.0,0.0,0.0,,Hawke's Bay Region,Nil,2-way,Sealed,0.0,0.0,0.0,100.0,0.0,Null,0.0,0.0,,30.0,Hastings District,Nil,0.0,0.0,0.0,0.0,0.0,0.0,Open,1.0,0.0,0.0,Fine
185506,1929464.0,5605185.0,548200.0,0.0,0.0,2.0,Null,2015/2016,EASTBOURNE ST WEST,NELSON ST SOUTH,Non-Injury Crash,No,2015,West,0.0,,Flat,,,,,Bright sun,1488900.0,0.0,0.0,0.0,2.0,0.0,,,Hawke's Bay Region,Nil,2-way,Sealed,0.0,0.0,,50.0,,Null,0.0,0.0,,30.0,Hastings District,Stop,,,,,0.0,0.0,Urban,0.0,,,Fine
116663,1929973.0,5603879.0,548300.0,0.0,0.0,0.0,Null,2017/2018,RIVERSLEA ROAD SOUTH,OUTRAM ROAD,Non-Injury Crash,No,2017,North,0.0,,Flat,,,,,Dark,1501700.0,0.0,0.0,1.0,2.0,0.0,,,Hawke's Bay Region,Nil,2-way,Sealed,0.0,0.0,,50.0,,On,1.0,0.0,,30.0,Hastings District,Give way,,,,,0.0,0.0,Urban,0.0,,,Fine
602752,1934525.0,5641911.0,545811.0,0.0,0.0,2.0,South,2004/2005,SH 2,KAREAARA BR,Minor Crash,Yes,2005,South,0.0,0.0,Hill Road,0.0,,0.0,0.0,Dark,1415700.0,1.0,0.0,0.0,2.0,0.0,0.0,,Hawke's Bay Region,Nil,2-way,Sealed,0.0,0.0,0.0,100.0,0.0,None,0.0,0.0,,30.0,Hastings District,Nil,0.0,0.0,0.0,0.0,0.0,0.0,Open,0.0,0.0,0.0,Fine
620256,1931131.0,5614061.0,545831.0,0.0,0.0,3.0,North,2003/2004,SH 50,PAKOWHAI ON NBD,Minor Crash,Yes,2004,North,0.0,,Flat,,,,,Bright sun,1404600.0,2.0,0.0,0.0,2.0,0.0,,,Hawke's Bay Region,Nil,2-way,Sealed,0.0,0.0,,100.0,,Null,0.0,0.0,,30.0,Hastings District,Nil,,,,,0.0,0.0,Open,0.0,,,Fine
652150,1924690.0,5637642.0,545811.0,0.0,0.0,1.0,South,2006/2007,SH 5,GLENGARRY ROAD,Minor Crash,Yes,2007,South,0.0,,Hill Road,,,,,Overcast,1414800.0,1.0,0.0,0.0,2.0,0.0,,,Hawke's Bay Region,Nil,2-way,Sealed,0.0,0.0,,100.0,,Null,0.0,0.0,,30.0,Hastings District,Nil,,,,,0.0,0.0,Open,0.0,,,Heavy rain
595543,1915704.0,5590507.0,545851.0,0.0,0.0,2.0,South,2000/2001,SH 2,COLIN WHITE ROAD,Non-Injury Crash,Yes,2001,North,0.0,,Flat,,,,,Overcast,1464500.0,0.0,0.0,0.0,2.0,0.0,,,Hawke's Bay Region,Nil,2-way,Sealed,0.0,0.0,,100.0,,Null,0.0,0.0,,30.0,Hastings District,Nil,,,,,0.0,0.0,Open,0.0,,,Mist or Fog
709645,1911562.0,5604851.0,545841.0,0.0,0.0,0.0,East,2010/2011,SH 50,KERERU ROAD,Fatal Crash,Yes,2010,West,1.0,1.0,Flat,0.0,,0.0,0.0,Overcast,1462800.0,0.0,0.0,0.0,2.0,0.0,0.0,,Hawke's Bay Region,Nil,2-way,Sealed,0.0,0.0,0.0,100.0,0.0,Null,0.0,0.0,,30.0,Hastings District,Nil,0.0,0.0,0.0,0.0,1.0,0.0,Open,0.0,0.0,0.0,Heavy rain
581323,1939988.0,5606930.0,545740.0,0.0,0.0,1.0,South,2005/2006,CLIFTON ROAD,EAST ROAD,Non-Injury Crash,No,2006,North,0.0,1.0,Flat,0.0,,0.0,0.0,Twilight,1407800.0,0.0,0.0,0.0,2.0,0.0,0.0,,Hawke's Bay Region,Nil,2-way,Sealed,0.0,0.0,0.0,100.0,0.0,None,0.0,0.0,,30.0,Hastings District,Nil,0.0,0.0,0.0,1.0,0.0,0.0,Open,0.0,0.0,0.0,Fine