OBJECTID,X,Y,areaUnitID,bicycle,bus,carStationWagon,crashDirectionDescription,crashFinancialYear,crashLocation1,crashLocation2,crashSeverity,crashSHDescription,crashYear,directionRoleDescription,fatalCount,fence,flatHill,guardRail,holiday,houseOrBuilding,kerb,light,meshblockId,minorInjuryCount,moped,motorcycle,NumberOfLanes,otherVehicleType,parkedVehicle,pedestrian,region,roadCharacter,roadLane,roadSurface,schoolBus,seriousInjuryCount,slipOrFlood,speedLimit,strayAnimal,streetLight,suv,taxi,temporarySpeedLimit,tlaId,tlaName,trafficControl,trafficIsland,trafficSign,train,tree,truck,unknownVehicleType,urban,vanOrUtility,vehicle,waterRiver,weatherA
533746,1928784.0,5606268.0,548500.0,0.0,0.0,2.0,Null,2017/2018,MARAEKAKAHO ROAD,HERETAUNGA ST WEST,Non-Injury Crash,No,2018,East,0.0,,Flat,,,,,Bright sun,1478800.0,0.0,0.0,0.0,2.0,0.0,,,Hawke's Bay Region,Nil,2-way,Sealed,0.0,0.0,,50.0,,Null,0.0,0.0,,30.0,Hastings District,Give way,,,,,0.0,0.0,Urban,0.0,,,Fine
388900,1928872.0,5604926.0,547900.0,0.0,0.0,2.0,South,2004/2005,SOUTHLAND ROAD,HENRY ST,Serious Crash,No,2004,South,0.0,1.0,Flat,0.0,,0.0,0.0,Dark,1482100.0,0.0,0.0,0.0,2.0,0.0,0.0,,Hawke's Bay Region,Nil,2-way,Sealed,0.0,1.0,0.0,50.0,0.0,On,0.0,0.0,,30.0,Hastings District,Nil,0.0,0.0,0.0,0.0,0.0,0.0,Urban,0.0,0.0,0.0,Fine
155229,1925091.0,5606943.0,548620.0,0.0,0.0,3.0,South,2000/2001,Z CPK FLAXMERE TAVERN,SWANSEA/HENDERSON,Non-Injury Crash,No,2001,West,0.0,0.0,Flat,0.0,,0.0,0.0,Overcast,1473700.0,0.0,0.0,0.0,1.0,0.0,1.0,,Hawke's Bay Region,Nil,Off road,Sealed,0.0,0.0,0.0,50.0,0.0,Null,0.0,0.0,,30.0,Hastings District,Nil,0.0,0.0,0.0,0.0,0.0,0.0,Urban,0.0,0.0,0.0,Fine
577119,1930733.0,5605377.0,548200.0,0.0,0.0,1.0,North,2008/2009,KARAMU ROAD NORTH,JERVOIS ST,Non-Injury Crash,No,2009,South,0.0,,Flat,,Easter,,,Bright sun,1494300.0,0.0,0.0,0.0,2.0,0.0,,,Hawke's Bay Region,Nil,2-way,Sealed,0.0,0.0,,50.0,,Null,0.0,0.0,,30.0,Hastings District,Nil,,,,,0.0,0.0,Urban,1.0,,,Fine
305619,1929584.0,5600691.0,545762.0,0.0,0.0,1.0,Null,2011/2012,TE AUTE ROAD,ST GEORGES ROAD,Non-Injury Crash,No,2012,West,0.0,,Flat,,,,,Overcast,1465300.0,0.0,0.0,0.0,2.0,0.0,,,Hawke's Bay Region,Nil,2-way,Sealed,0.0,0.0,,100.0,,Null,1.0,0.0,,30.0,Hastings District,Give way,,,,,0.0,0.0,Open,0.0,,,Light rain
25481,1925428.0,5607195.0,548620.0,0.0,0.0,0.0,Null,2008/2009,FLAXMERE AVENUE,HENDERSON ROAD,Minor Crash,No,2009,East,0.0,,Flat,,,,,Bright sun,1475900.0,1.0,0.0,1.0,2.0,0.0,,,Hawke's Bay Region,Nil,2-way,Sealed,0.0,0.0,,50.0,,Null,0.0,0.0,,30.0,Hastings District,Give way,,,,,0.0,0.0,Urban,1.0,,,Fine
490925,1924864.0,5608807.0,545710.0,0.0,0.0,0.0,Null,2005/2006,OMAHU ROAD,TWYFORD ROAD,Minor Crash,No,2005,West,0.0,,Flat,,,,,Bright sun,1470600.0,2.0,0.0,0.0,2.0,0.0,,,Hawke's Bay Region,Nil,2-way,Sealed,0.0,0.0,,100.0,,Null,0.0,0.0,30.0,30.0,Hastings District,Give way,,,,,0.0,0.0,Open,2.0,,,Fine
223535,1939917.0,5607064.0,545740.0,0.0,0.0,1.0,South,2011/2012,CLIFTON ROAD,EAST ROAD,Non-Injury Crash,No,2012,North,0.0,0.0,Flat,0.0,,0.0,0.0,Twilight,1407800.0,0.0,0.0,0.0,2.0,0.0,0.0,,Hawke's Bay Region,Nil,2-way,Sealed,0.0,0.0,0.0,100.0,0.0,None,0.0,0.0,,30.0,Hastings District,Nil,0.0,0.0,0.0,0.0,0.0,0.0,Open,0.0,0.0,0.0,Fine
352918,1924407.8164,5603649.253,545842.0,0.0,0.0,1.0,Null,2019/2020,MARAEKAKAHO ROAD,STOCK ROAD,Non-Injury Crash,No,2019,West,0.0,,Flat,,Christmas New Year,,,Bright sun,1470214.0,0.0,0.0,0.0,2.0,0.0,,,Hawke's Bay Region,Nil,2-way,Sealed,0.0,0.0,,100.0,,Null,0.0,0.0,,30.0,Hastings District,Stop,,,,,0.0,0.0,Open,1.0,,,Fine
741152,1918376.0,5651364.0,545912.0,0.0,0.0,1.0,South,2015/2016,005-0220,OLSENS GATE,Fatal Crash,Yes,2015,South,2.0,1.0,Hill Road,0.0,,0.0,0.0,Bright sun,1414504.0,0.0,0.0,0.0,2.0,0.0,0.0,,Hawke's Bay Region,Nil,2-way,Sealed,0.0,0.0,0.0,100.0,0.0,None,0.0,0.0,,30.0,Hastings District,Nil,0.0,0.0,0.0,0.0,1.0,0.0,Open,0.0,0.0,0.0,Fine
408383,1924307.0,5608262.0,548611.0,0.0,0.0,1.0,North,2012/2013,KIRKWOOD ROAD,TARBET ST,Non-Injury Crash,No,2013,South,0.0,1.0,Flat,0.0,,0.0,0.0,Bright sun,1469708.0,0.0,0.0,0.0,2.0,0.0,0.0,,Hawke's Bay Region,Nil,2-way,Sealed,0.0,0.0,0.0,50.0,0.0,Null,0.0,0.0,,30.0,Hastings District,Nil,0.0,0.0,0.0,0.0,0.0,0.0,Urban,0.0,0.0,0.0,Fine
162967,1934041.0,5607059.0,545722.0,0.0,0.0,2.0,South,2003/2004,SH 2,NAPIER ROAD,Non-Injury Crash,Yes,2004,North,0.0,,Flat,,,,,Bright sun,1406701.0,0.0,0.0,0.0,2.0,0.0,,,Hawke's Bay Region,Nil,2-way,Sealed,0.0,0.0,,100.0,,Null,0.0,0.0,,30.0,Hastings District,Nil,,,,,0.0,0.0,Open,0.0,,,Fine
504370,1925109.0,5606993.0,548620.0,0.0,0.0,2.0,North,2003/2004,Z CPK SWANSEA VILLAGE,SWANSEA/HENDERSON,Non-Injury Crash,No,2004,West,0.0,0.0,Flat,0.0,,0.0,0.0,Bright sun,1473700.0,0.0,0.0,0.0,1.0,0.0,1.0,,Hawke's Bay Region,Nil,Off road,Sealed,0.0,0.0,0.0,50.0,0.0,Null,0.0,0.0,,30.0,Hastings District,Nil,0.0,0.0,0.0,0.0,0.0,0.0,Urban,0.0,0.0,0.0,Fine
731002,1930185.0,5605031.0,548200.0,0.0,0.0,3.0,Null,2009/2010,KARAMU ROAD NORTH,ST AUBYN ST WEST,Minor Crash,No,2009,West,0.0,,Flat,,,,,Bright sun,1494100.0,1.0,0.0,0.0,2.0,0.0,,,Hawke's Bay Region,Nil,2-way,Sealed,0.0,0.0,,50.0,,Null,0.0,0.0,,30.0,Hastings District,Traffic Signals,,,,,0.0,0.0,Urban,2.0,,,Fine
1733,1930802.9067,5604799.5316,548100.0,0.0,0.0,1.0,Null,2019/2020,ALBERT STREET,WILLOWPARK ROAD NORTH,Non-Injury Crash,No,2019,North,0.0,,Flat,,,,,Bright sun,1499700.0,0.0,0.0,0.0,2.0,0.0,,,Hawke's Bay Region,Nil,2-way,Sealed,0.0,0.0,,50.0,,Off,0.0,0.0,,30.0,Hastings District,Give way,,,,,0.0,0.0,Urban,1.0,,,Fine
323377,1929872.5219,5604969.0539,548200.0,0.0,0.0,0.0,South,2019/2020,RUSSELL STREET NORTH,QUEEN STREET WEST,Non-Injury Crash,No,2020,North,0.0,0.0,Flat,0.0,,0.0,0.0,Overcast,1492100.0,0.0,0.0,0.0,2.0,0.0,1.0,,Hawke's Bay Region,Nil,2-way,Sealed,0.0,0.0,0.0,50.0,0.0,Off,1.0,0.0,,30.0,Hastings District,Unknown,0.0,0.0,0.0,0.0,0.0,0.0,Urban,1.0,0.0,0.0,Light rain
614458,1928850.0,5606196.0,547700.0,0.0,0.0,2.0,North,2015/2016,HERETAUNGA ST WEST,STORTFORD ST,Non-Injury Crash,No,2015,North,0.0,0.0,Flat,0.0,,0.0,0.0,Dark,1486600.0,0.0,0.0,0.0,2.0,0.0,1.0,,Hawke's Bay Region,Nil,2-way,Sealed,0.0,0.0,0.0,50.0,0.0,On,0.0,0.0,,30.0,Hastings District,Unknown,0.0,0.0,0.0,0.0,0.0,0.0,Urban,0.0,0.0,0.0,Fine
607205,1930614.0,5603905.0,548100.0,0.0,0.0,2.0,Null,2014/2015,HERETAUNGA ST EAST,PARK ROAD SOUTH,Non-Injury Crash,No,2015,North,0.0,,Flat,,,,,Overcast,1501200.0,0.0,0.0,0.0,2.0,0.0,,,Hawke's Bay Region,Nil,2-way,Sealed,0.0,0.0,,50.0,,Null,0.0,0.0,,30.0,Hastings District,Give way,,,,,0.0,0.0,Urban,0.0,,,Fine
25742,1928639.4372,5604257.9464,547900.0,0.0,0.0,1.0,Null,2020/2021,FREYBERG STREET,MONTGOMERY STREET,Non-Injury Crash,No,2020,South,0.0,1.0,Flat,0.0,,0.0,0.0,Dark,1482500.0,0.0,0.0,0.0,2.0,0.0,0.0,,Hawke's Bay Region,Nil,2-way,Sealed,0.0,0.0,0.0,50.0,0.0,On,0.0,0.0,,30.0,Hastings District,Nil,0.0,0.0,0.0,1.0,0.0,0.0,Urban,0.0,0.0,0.0,Fine
159616,1925257.0,5605202.0,545842.0,0.0,0.0,1.0,South,2012/2013,STOCK ROAD,IRONGATE ROAD WEST,Minor Crash,No,2013,South,0.0,,Flat,,,,,Overcast,1470214.0,4.0,0.0,0.0,2.0,0.0,,,Hawke's Bay Region,Nil,2-way,Sealed,0.0,0.0,,100.0,,Null,0.0,0.0,30.0,30.0,Hastings District,Nil,,,,,0.0,0.0,Open,0.0,,,Fine
619377,1939200.3199,5608233.1081,545740.0,0.0,0.0,1.0,North,2019/2020,COLLISON TERRACE,BEACH ROAD,Minor Crash,No,2020,South,0.0,1.0,Flat,0.0,,0.0,0.0,Overcast,1407000.0,1.0,0.0,0.0,2.0,0.0,0.0,1.0,Hawke's Bay Region,Nil,2-way,Sealed,0.0,0.0,0.0,50.0,0.0,Off,0.0,0.0,,30.0,Hastings District,Nil,0.0,0.0,0.0,0.0,0.0,0.0,Urban,0.0,0.0,0.0,Fine
120302,1920140.9254,5627279.2089,545821.0,0.0,0.0,0.0,South,2019/2020,PUKETITIRI ROAD,SOLDIERS SETTLEMENT ROAD,Minor Crash,No,2020,North,0.0,0.0,Hill Road,1.0,,0.0,0.0,Bright sun,1411100.0,1.0,0.0,1.0,2.0,0.0,0.0,,Hawke's Bay Region,Nil,2-way,Sealed,0.0,0.0,0.0,100.0,0.0,None,0.0,0.0,,30.0,Hastings District,Unknown,0.0,0.0,0.0,0.0,0.0,0.0,Open,0.0,0.0,0.0,Fine
620373,1925156.0,5602201.0,545842.0,0.0,0.0,0.0,South,2002/2003,SH 50A,LONGLANDS ROAD WEST,Non-Injury Crash,Yes,2003,South,0.0,1.0,Flat,0.0,,0.0,0.0,Dark,1470213.0,0.0,0.0,0.0,2.0,0.0,0.0,,Hawke's Bay Region,Nil,2-way,Sealed,0.0,0.0,0.0,100.0,0.0,None,0.0,0.0,,30.0,Hastings District,Nil,0.0,0.0,0.0,0.0,1.0,0.0,Open,0.0,0.0,0.0,Light rain
169693,1928562.0,5606490.0,548500.0,0.0,0.0,2.0,East,1999/2000,OMAHU ROAD,HAPUKA ST,Non-Injury Crash,No,2000,West,0.0,,Flat,,,,,Bright sun,1478700.0,0.0,0.0,0.0,2.0,0.0,,,Hawke's Bay Region,Nil,2-way,Sealed,0.0,0.0,,50.0,,Null,0.0,0.0,,30.0,Hastings District,Nil,,,,,0.0,0.0,Urban,0.0,,,Fine
325470,1915402.0,5655433.0,545911.0,0.0,0.0,1.0,South,2010/2011,SH 5,WAITARA ROAD,Minor Crash,Yes,2010,South,0.0,0.0,Hill Road,0.0,,0.0,0.0,Dark,1415900.0,2.0,0.0,0.0,3.0,0.0,0.0,,Hawke's Bay Region,Nil,2-way,Sealed,0.0,0.0,0.0,100.0,0.0,None,0.0,0.0,,30.0,Hastings District,Nil,0.0,0.0,0.0,1.0,0.0,0.0,Open,0.0,0.0,0.0,Light rain
698907,1929289.0,5606660.0,547800.0,0.0,1.0,0.0,South,2010/2011,PAKOWHAI ROAD,FITZROY AVENUE,Non-Injury Crash,No,2011,North,0.0,0.0,Flat,0.0,,0.0,0.0,Overcast,1477600.0,0.0,0.0,0.0,2.0,0.0,1.0,,Hawke's Bay Region,Nil,2-way,Sealed,0.0,0.0,0.0,50.0,0.0,Null,0.0,0.0,,30.0,Hastings District,Nil,0.0,0.0,0.0,0.0,1.0,0.0,Urban,0.0,0.0,0.0,Light rain
62274,1932575.0,5608502.0,545721.0,0.0,0.0,1.0,Null,1999/2000,RUAHAPIA ROAD,WHAKATU ROAD,Minor Crash,No,2000,South,0.0,,Flat,,,,,Overcast,1471600.0,1.0,0.0,0.0,2.0,0.0,,,Hawke's Bay Region,Nil,2-way,Sealed,0.0,0.0,,100.0,,Null,0.0,0.0,,30.0,Hastings District,Give way,,,,,0.0,0.0,Open,1.0,,,Light rain
184218,1927689.0,5607339.0,547800.0,0.0,0.0,1.0,East,2002/2003,OMAHU ROAD,SH 50A,Non-Injury Crash,No,2002,North,0.0,,Flat,,,,,Overcast,1476600.0,0.0,0.0,0.0,2.0,0.0,,,Hawke's Bay Region,Nil,2-way,Sealed,0.0,0.0,,50.0,,Null,0.0,0.0,,30.0,Hastings District,Nil,,,,,1.0,0.0,Urban,0.0,,,Fine
598793,1929344.0,5605544.0,547700.0,0.0,0.0,1.0,Null,2001/2002,HERETAUNGA ST WEST,TOMOANA ROAD,Non-Injury Crash,No,2002,South,0.0,1.0,Flat,0.0,,0.0,0.0,Overcast,1487900.0,0.0,0.0,0.0,2.0,0.0,0.0,,Hawke's Bay Region,Nil,2-way,Sealed,0.0,0.0,0.0,50.0,0.0,Null,0.0,0.0,,30.0,Hastings District,Give way,0.0,0.0,0.0,0.0,0.0,0.0,Urban,0.0,0.0,0.0,Fine
552142,1935040.0,5603228.0,545750.0,0.0,0.0,3.0,East,2017/2018,BROOKVALE ROAD,ARATAKI ROAD,Non-Injury Crash,No,2018,North,0.0,0.0,Hill Road,0.0,,0.0,0.0,Dark,1466501.0,0.0,0.0,0.0,2.0,0.0,2.0,,Hawke's Bay Region,Nil,2-way,Sealed,0.0,0.0,0.0,100.0,0.0,None,0.0,0.0,,30.0,Hastings District,Nil,0.0,0.0,0.0,0.0,0.0,0.0,Open,0.0,0.0,0.0,Light rain
207628,1927582.0,5607392.0,548400.0,0.0,0.0,1.0,Null,2010/2011,SH 50A,OMAHU ROAD,Non-Injury Crash,Yes,2011,North,0.0,,Flat,,,,,Dark,1473500.0,0.0,0.0,0.0,4.0,0.0,,,Hawke's Bay Region,Nil,2-way,Sealed,0.0,0.0,,100.0,,On,0.0,0.0,,30.0,Hastings District,Give way,,,,,1.0,0.0,Open,0.0,,,Fine
190706,1924277.0,5608148.0,548611.0,0.0,0.0,2.0,North,2009/2010,KIRKWOOD ROAD,NORTHLEE PLACE,Non-Injury Crash,No,2009,West,0.0,0.0,Flat,0.0,,0.0,0.0,Overcast,1469709.0,0.0,0.0,0.0,2.0,0.0,1.0,,Hawke's Bay Region,Nil,2-way,Sealed,0.0,0.0,0.0,50.0,0.0,Null,0.0,0.0,,30.0,Hastings District,Nil,0.0,0.0,0.0,0.0,0.0,0.0,Urban,0.0,0.0,0.0,Fine
194282,1925108.0,5607599.0,548612.0,0.0,0.0,1.0,Null,2004/2005,FLAXMERE AVENUE,CHATHAM ROAD,Non-Injury Crash,No,2005,North,0.0,1.0,Flat,0.0,,0.0,0.0,Dark,1474107.0,0.0,0.0,0.0,2.0,0.0,0.0,,Hawke's Bay Region,Nil,2-way,Sealed,0.0,0.0,0.0,50.0,0.0,On,0.0,0.0,,30.0,Hastings District,Give way,0.0,0.0,0.0,0.0,0.0,0.0,Urban,0.0,0.0,0.0,Fine
669274,1930912.0,5607891.0,545710.0,0.0,0.0,0.0,Null,2015/2016,PAKOWHAI ROAD,RICHMOND ROAD,Non-Injury Crash,No,2015,East,0.0,1.0,Flat,0.0,,0.0,0.0,Overcast,1471100.0,0.0,0.0,0.0,3.0,0.0,0.0,,Hawke's Bay Region,Nil,2-way,Sealed,0.0,0.0,0.0,100.0,0.0,Null,0.0,0.0,,30.0,Hastings District,Stop,0.0,0.0,0.0,0.0,0.0,0.0,Open,1.0,0.0,0.0,Fine
427812,1932606.0,5606198.0,545721.0,0.0,0.0,1.0,Null,2011/2012,SH 2,ST GEORGES ROAD,Non-Injury Crash,Yes,2012,South,0.0,0.0,Flat,0.0,,0.0,0.0,Bright sun,1472300.0,0.0,0.0,0.0,2.0,0.0,0.0,,Hawke's Bay Region,Nil,2-way,Sealed,0.0,0.0,0.0,80.0,0.0,Null,0.0,0.0,,30.0,Hastings District,Give way,0.0,0.0,0.0,0.0,0.0,0.0,Open,0.0,0.0,0.0,Fine
504725,1928418.0,5634091.0,545811.0,0.0,0.0,1.0,South,2009/2010,SH 5,ELLIS WALLACE ROAD,Non-Injury Crash,Yes,2010,South,0.0,0.0,Flat,0.0,Christmas New Year,0.0,0.0,Bright sun,1414700.0,0.0,0.0,0.0,2.0,0.0,0.0,,Hawke's Bay Region,Nil,2-way,Sealed,0.0,0.0,0.0,100.0,0.0,Null,0.0,0.0,,30.0,Hastings District,Nil,0.0,0.0,0.0,0.0,0.0,0.0,Open,0.0,0.0,0.0,Fine
496487,1941008.0,5594975.0,545860.0,0.0,0.0,1.0,North,1999/2000,OCEAN BEACH ROAD,WAIMARAMA ROAD,Non-Injury Crash,No,2000,South,0.0,0.0,Flat,0.0,,0.0,0.0,Bright sun,1467600.0,0.0,0.0,0.0,2.0,0.0,0.0,,Hawke's Bay Region,Nil,2-way,Sealed,0.0,0.0,0.0,100.0,0.0,Null,0.0,0.0,,30.0,Hastings District,Nil,0.0,0.0,0.0,0.0,0.0,0.0,Open,0.0,0.0,0.0,Fine
607980,1930942.0,5613559.0,545831.0,0.0,0.0,1.0,North,2014/2015,SH 50,SH 50A,Non-Injury Crash,Yes,2014,South,0.0,,Flat,,,,,Dark,1404600.0,0.0,0.0,0.0,3.0,0.0,,,Hawke's Bay Region,Nil,2-way,Sealed,0.0,0.0,,100.0,,On,1.0,0.0,,30.0,Hastings District,Give way,,,,,0.0,0.0,Open,0.0,,,Fine
341511,1931294.0,5605188.0,548000.0,1.0,0.0,0.0,Null,2012/2013,WILLOWPARK ROAD NORTH,GROVE ROAD,Serious Crash,No,2013,West,0.0,,Flat,,,,,Overcast,1496800.0,0.0,0.0,0.0,2.0,0.0,,,Hawke's Bay Region,Nil,2-way,Sealed,0.0,1.0,,50.0,,Null,0.0,0.0,,30.0,Hastings District,Give way,,,,,0.0,0.0,Urban,1.0,,,Fine
181454,1923413.0,5665730.0,545911.0,0.0,0.0,0.0,South,2008/2009,WAITARA ROAD,POHOKURA ROAD,Serious Crash,No,2009,North,0.0,0.0,Hill Road,0.0,,0.0,0.0,Twilight,1416000.0,3.0,0.0,0.0,1.0,0.0,0.0,,Hawke's Bay Region,Nil,2-way,Unsealed,0.0,1.0,0.0,100.0,0.0,None,0.0,0.0,,30.0,Hastings District,Nil,0.0,0.0,0.0,0.0,0.0,0.0,Open,1.0,0.0,0.0,Fine
739980,1941363.0,5605271.0,545740.0,0.0,0.0,2.0,Null,2008/2009,CEDAR ROAD,OREGON ROAD,Non-Injury Crash,No,2009,South,0.0,0.0,Flat,0.0,Easter,0.0,0.0,Dark,1407901.0,0.0,0.0,0.0,2.0,0.0,1.0,,Hawke's Bay Region,Nil,2-way,Sealed,0.0,0.0,0.0,50.0,0.0,On,0.0,0.0,,30.0,Hastings District,Nil,0.0,0.0,0.0,0.0,0.0,0.0,Urban,0.0,0.0,0.0,Fine
121178,1934346.0,5601780.0,548831.0,0.0,0.0,0.0,West,2006/2007,TE MATA ROAD,DURHAM DRIVE,Minor Crash,No,2006,East,0.0,,Flat,,,,,Overcast,1510100.0,2.0,0.0,0.0,2.0,0.0,,1.0,Hawke's Bay Region,Nil,2-way,Sealed,0.0,0.0,,50.0,,Null,0.0,0.0,,30.0,Hastings District,Nil,,,,,0.0,0.0,Urban,1.0,,,Fine
209618,1927607.0,5607382.0,548500.0,0.0,0.0,1.0,Null,2013/2014,OMAHU ROAD,SH 50A,Non-Injury Crash,Yes,2014,South,0.0,,Flat,,,,,Bright sun,1477900.0,0.0,0.0,0.0,4.0,0.0,,,Hawke's Bay Region,Nil,2-way,Sealed,0.0,0.0,,50.0,,Null,1.0,0.0,,30.0,Hastings District,Give way,,,,,0.0,0.0,Urban,0.0,,,Fine
166075,1929373.0,5605307.0,548200.0,0.0,0.0,2.0,Null,2016/2017,SOUTHLAND ROAD,EASTBOURNE ST WEST,Minor Crash,No,2017,East,0.0,,Flat,,,,,Twilight,1488800.0,1.0,0.0,0.0,2.0,0.0,,,Hawke's Bay Region,Nil,2-way,Sealed,0.0,0.0,,50.0,,On,0.0,0.0,,30.0,Hastings District,Give way,,,,,0.0,0.0,Urban,0.0,,,Fine
139785,1926232.0,5609961.0,545710.0,0.0,0.0,2.0,East,2005/2006,TWYFORD ROAD,EVANS ROAD,Non-Injury Crash,No,2006,North,0.0,,Flat,,,,,Bright sun,1470800.0,0.0,0.0,0.0,2.0,0.0,,,Hawke's Bay Region,Nil,2-way,Sealed,0.0,0.0,,100.0,,Null,0.0,0.0,,30.0,Hastings District,Nil,,,,,0.0,0.0,Open,0.0,,,Fine
367887,1924243.0877,5607480.7445,548612.0,0.0,0.0,2.0,West,2019/2020,BAKER STREET,SCOTT DRIVE,Non-Injury Crash,No,2020,West,0.0,,Flat,,,,,Overcast,1474003.0,0.0,0.0,0.0,2.0,0.0,,,Hawke's Bay Region,Nil,2-way,Sealed,0.0,0.0,,50.0,,Off,0.0,0.0,,30.0,Hastings District,Nil,,,,,0.0,0.0,Urban,0.0,,,Fine
533472,1929634.0,5605762.0,548200.0,0.0,0.0,2.0,Null,2001/2002,TOMOANA ROAD,ST AUBYN ST WEST,Non-Injury Crash,No,2002,South,0.0,,Flat,,,,,Dark,1490300.0,0.0,0.0,0.0,4.0,0.0,,,Hawke's Bay Region,Nil,2-way,Sealed,0.0,0.0,,50.0,,On,0.0,0.0,,30.0,Hastings District,Traffic Signals,,,,,0.0,0.0,Urban,0.0,,,Heavy rain
397727,1931971.2331,5601546.3436,548810.0,0.0,0.0,1.0,Null,2019/2020,TE AUTE ROAD,LIPSCOMBE CRESCENT,Non-Injury Crash,No,2019,West,0.0,,Flat,,,,,Dark,1505000.0,0.0,0.0,0.0,2.0,0.0,,,Hawke's Bay Region,Nil,2-way,Sealed,0.0,0.0,,50.0,,On,0.0,0.0,,30.0,Hastings District,Give way,,,,,0.0,0.0,Urban,1.0,,,Fine
46266,1933620.0,5612746.0,545832.0,0.0,0.0,1.0,Null,2015/2016,BROOKFIELDS ROAD,BROOKFIELDS BR,Non-Injury Crash,No,2016,North,0.0,,Hill Road,,,,,Overcast,1403900.0,0.0,0.0,0.0,2.0,0.0,,,Hawke's Bay Region,Bridge,2-way,Sealed,0.0,0.0,,100.0,,Null,0.0,0.0,,30.0,Hastings District,Unknown,,,,,0.0,0.0,Open,1.0,,,Fine
61544,1929455.4807,5604793.3982,548200.0,0.0,0.0,2.0,Null,2019/2020,SOUTHAMPTON STREET WEST,MARKET STREET SOUTH,Non-Injury Crash,No,2019,West,0.0,,Flat,,,,,Overcast,1489802.0,0.0,0.0,0.0,2.0,0.0,,,Hawke's Bay Region,Nil,2-way,Sealed,0.0,0.0,,50.0,,Off,0.0,0.0,,30.0,Hastings District,Give way,,,,,0.0,0.0,Urban,0.0,,,Fine
485766,1934668.1849,5602994.6194,545750.0,0.0,0.0,1.0,East,2019/2020,BROOKVALE ROAD,ARATAKI ROAD,Non-Injury Crash,No,2020,North,0.0,1.0,Hill Road,0.0,,0.0,0.0,Bright sun,1466501.0,0.0,0.0,0.0,2.0,0.0,0.0,,Hawke's Bay Region,Nil,2-way,Sealed,0.0,0.0,0.0,50.0,0.0,None,0.0,0.0,,30.0,Hastings District,Unknown,0.0,0.0,0.0,0.0,0.0,0.0,Urban,0.0,0.0,0.0,Fine
628063,1930529.0,5604966.0,548200.0,0.0,0.0,2.0,Null,2011/2012,VICTORIA ST,HASTINGS ST NORTH,Non-Injury Crash,No,2011,West,0.0,,Flat,,,,,Bright sun,1494500.0,0.0,0.0,0.0,2.0,0.0,,,Hawke's Bay Region,Nil,2-way,Sealed,0.0,0.0,,50.0,,Null,0.0,0.0,,30.0,Hastings District,Give way,,,,,0.0,0.0,Urban,0.0,,,Fine
356434,1929549.0,5604672.0,548200.0,0.0,0.0,2.0,Null,2015/2016,SOUTHAMPTON ST WEST,RAILWAY ROAD,Minor Crash,No,2016,North,0.0,,Flat,,,,,Twilight,1489700.0,1.0,0.0,0.0,2.0,0.0,,,Hawke's Bay Region,Nil,2-way,Sealed,0.0,0.0,,50.0,,Off,0.0,0.0,,30.0,Hastings District,Traffic Signals,,,,,0.0,0.0,Urban,0.0,,,Fine
514338,1929583.0,5608696.0,545710.0,0.0,0.0,0.0,North,2013/2014,EVENDEN ROAD,PERCIVAL ROAD,Non-Injury Crash,No,2013,North,0.0,0.0,Flat,0.0,,0.0,0.0,Bright sun,1471100.0,0.0,0.0,0.0,2.0,0.0,0.0,,Hawke's Bay Region,Nil,2-way,Sealed,0.0,0.0,0.0,100.0,0.0,Null,0.0,0.0,,30.0,Hastings District,Nil,0.0,0.0,0.0,1.0,1.0,0.0,Open,0.0,0.0,0.0,Fine
127788,1929564.0,5632976.0,545811.0,0.0,0.0,1.0,Null,2006/2007,SH 5,SHAW ROAD,Non-Injury Crash,Yes,2007,South,0.0,1.0,Flat,0.0,,0.0,0.0,Dark,1414700.0,0.0,0.0,0.0,2.0,0.0,0.0,,Hawke's Bay Region,Nil,2-way,Sealed,0.0,0.0,0.0,100.0,0.0,None,0.0,0.0,,30.0,Hastings District,Nil,0.0,0.0,0.0,0.0,0.0,0.0,Open,0.0,0.0,0.0,Light rain
374363,1925592.0,5619473.0,545821.0,0.0,0.0,2.0,North,2009/2010,VICARAGE ROAD,OMARUNUI ROAD,Non-Injury Crash,No,2009,South,0.0,,Flat,,,,,Bright sun,1408500.0,0.0,0.0,0.0,1.0,0.0,,,Hawke's Bay Region,Bridge,2-way,Sealed,0.0,0.0,,100.0,,Null,0.0,0.0,,30.0,Hastings District,Give way,,,,,0.0,0.0,Open,0.0,,,Fine
340735,1929737.0,5614649.0,545831.0,0.0,0.0,1.0,South,2008/2009,WAIOHIKI ROAD,HATAS LANE,Non-Injury Crash,No,2009,North,0.0,1.0,Flat,0.0,,1.0,0.0,Bright sun,1404600.0,0.0,0.0,0.0,2.0,0.0,0.0,,Hawke's Bay Region,Nil,2-way,Sealed,0.0,0.0,0.0,100.0,0.0,Null,0.0,0.0,,30.0,Hastings District,Nil,0.0,0.0,0.0,1.0,0.0,0.0,Open,0.0,0.0,0.0,Fine