OBJECTID,X,Y,areaUnitID,bicycle,bus,carStationWagon,crashDirectionDescription,crashFinancialYear,crashLocation1,crashLocation2,crashSeverity,crashSHDescription,crashYear,directionRoleDescription,fatalCount,fence,flatHill,guardRail,holiday,houseOrBuilding,kerb,light,meshblockId,minorInjuryCount,moped,motorcycle,NumberOfLanes,otherVehicleType,parkedVehicle,pedestrian,region,roadCharacter,roadLane,roadSurface,schoolBus,seriousInjuryCount,slipOrFlood,speedLimit,strayAnimal,streetLight,suv,taxi,temporarySpeedLimit,tlaId,tlaName,trafficControl,trafficIsland,trafficSign,train,tree,truck,unknownVehicleType,urban,vanOrUtility,vehicle,waterRiver,weatherA
66033,1928366.0,5605939.0,548500.0,0.0,0.0,2.0,North,2009/2010,MARAEKAKAHO ROAD,FRANCIS HICKS AVENUE,Minor Crash,No,2010,North,0.0,,Flat,,,,,Bright sun,1479600.0,1.0,0.0,0.0,2.0,0.0,,,Hawke's Bay Region,Nil,2-way,Sealed,0.0,0.0,,50.0,,Null,0.0,0.0,,30.0,Hastings District,Nil,,,,,0.0,0.0,Urban,0.0,,,Fine
650914,1929082.0,5606504.0,547700.0,0.0,0.0,1.0,Null,2004/2005,PAKOWHAI ROAD,ST AUBYN ST WEST,Non-Injury Crash,No,2004,North,0.0,,Flat,,,,,Bright sun,1485900.0,0.0,0.0,0.0,2.0,0.0,,,Hawke's Bay Region,Nil,2-way,Sealed,0.0,0.0,,50.0,,Null,0.0,0.0,,30.0,Hastings District,Traffic Signals,,,,,0.0,0.0,Urban,1.0,,,Fine
193931,1930185.0,5605031.0,548200.0,0.0,0.0,1.0,Null,2012/2013,KARAMU ROAD NORTH,ST AUBYN ST EAST,Non-Injury Crash,No,2013,West,0.0,,Flat,,,,,Bright sun,1494100.0,0.0,0.0,0.0,2.0,0.0,,,Hawke's Bay Region,Nil,2-way,Sealed,0.0,0.0,,50.0,,Null,1.0,0.0,,30.0,Hastings District,Traffic Signals,,,,,0.0,0.0,Urban,0.0,,,Fine
328724,1936956.0,5637697.0,545811.0,0.0,0.0,1.0,North,2012/2013,SH 2,PAKURATAHI VALLEY ROAD,Serious Crash,Yes,2012,North,0.0,0.0,Flat,0.0,,0.0,0.0,Dark,1415800.0,0.0,0.0,0.0,2.0,0.0,0.0,,Hawke's Bay Region,Nil,2-way,Sealed,0.0,1.0,0.0,100.0,0.0,None,0.0,0.0,,30.0,Hastings District,Nil,0.0,0.0,0.0,1.0,0.0,0.0,Open,0.0,0.0,0.0,Fine
30825,1931613.0,5608421.0,545710.0,0.0,0.0,2.0,Null,2008/2009,PAKOWHAI ROAD,ELWOOD ROAD,Non-Injury Crash,No,2009,North,0.0,,Flat,,,,,Dark,1471100.0,0.0,0.0,0.0,2.0,0.0,,,Hawke's Bay Region,Nil,2-way,Sealed,0.0,0.0,,100.0,,None,0.0,0.0,,30.0,Hastings District,Give way,,,,,0.0,0.0,Open,0.0,,,Fine
739148,1936416.0,5611310.0,545730.0,1.0,0.0,1.0,North,2006/2007,CLIVE RESERVE,CLIVE TERRACE,Non-Injury Crash,No,2006,East,0.0,0.0,Flat,0.0,,0.0,0.0,Twilight,1404800.0,0.0,0.0,0.0,2.0,0.0,1.0,,Hawke's Bay Region,Nil,2-way,Sealed,0.0,0.0,0.0,50.0,0.0,None,0.0,0.0,,30.0,Hastings District,Nil,0.0,0.0,0.0,0.0,0.0,0.0,Urban,0.0,0.0,0.0,Fine
227574,1930303.0,5605405.0,548200.0,0.0,0.0,1.0,South,2002/2003,CAROLINE ROAD,ALEXANDRA CRESCENT,Minor Crash,No,2003,South,0.0,0.0,Flat,0.0,,0.0,0.0,Bright sun,1494100.0,1.0,0.0,0.0,2.0,0.0,0.0,,Hawke's Bay Region,Nil,2-way,Sealed,0.0,0.0,0.0,50.0,0.0,Null,0.0,0.0,,30.0,Hastings District,Nil,1.0,0.0,0.0,0.0,0.0,0.0,Urban,0.0,0.0,0.0,Fine
376122,1930891.0,5604884.0,548100.0,0.0,0.0,2.0,Null,2004/2005,WILLOWPARK ROAD NORTH,ALEXANDRA ST,Non-Injury Crash,No,2004,West,0.0,,Flat,,,,,Overcast,1499100.0,0.0,0.0,0.0,2.0,0.0,,,Hawke's Bay Region,Nil,2-way,Sealed,0.0,0.0,,50.0,,Null,0.0,0.0,,30.0,Hastings District,Give way,,,,,0.0,0.0,Urban,0.0,,,Fine
710523,1929854.6514,5605275.56,548200.0,0.0,0.0,2.0,Null,2019/2020,KING STREET NORTH,AVENUE ROAD WEST,Minor Crash,No,2020,South,0.0,,Flat,,,,,Twilight,1491400.0,1.0,0.0,0.0,2.0,0.0,,,Hawke's Bay Region,Nil,2-way,Sealed,0.0,0.0,,50.0,,Off,0.0,0.0,,30.0,Hastings District,Stop,,,,,0.0,0.0,Urban,0.0,,,Fine
529409,1925314.0,5607874.0,548611.0,0.0,0.0,1.0,Null,2007/2008,MARGATE AVENUE,YARMOUTH ROAD,Non-Injury Crash,No,2007,East,0.0,1.0,Flat,0.0,,0.0,0.0,Dark,1473803.0,0.0,0.0,0.0,2.0,0.0,0.0,,Hawke's Bay Region,Nil,2-way,Sealed,0.0,0.0,0.0,50.0,0.0,On,0.0,0.0,,30.0,Hastings District,Nil,0.0,0.0,0.0,0.0,0.0,0.0,Urban,0.0,0.0,0.0,Fine
307994,1935415.0,5609500.0,545730.0,0.0,0.0,2.0,North,2005/2006,SH 2,RICHMOND ROAD,Non-Injury Crash,Yes,2006,North,0.0,,Flat,,,,,Overcast,1405600.0,0.0,0.0,0.0,2.0,0.0,,,Hawke's Bay Region,Nil,2-way,Sealed,0.0,0.0,,100.0,,Null,0.0,1.0,,30.0,Hastings District,Nil,,,,,0.0,0.0,Open,0.0,,,Fine
139468,1908565.1098,5597713.7914,545841.0,0.0,0.0,0.0,North,2018/2019,WHAKAPIRAU ROAD,RAUKAWA ROAD,Minor Crash,No,2019,North,0.0,1.0,Hill Road,0.0,,0.0,0.0,Bright sun,1463100.0,1.0,0.0,1.0,2.0,0.0,0.0,,Hawke's Bay Region,Nil,2-way,Sealed,0.0,0.0,0.0,100.0,0.0,None,0.0,0.0,,30.0,Hastings District,Unknown,0.0,0.0,0.0,0.0,0.0,0.0,Open,0.0,0.0,0.0,Fine
417974,1908020.0,5676070.0,545911.0,0.0,0.0,0.0,South,2009/2010,SH 5,POHOKURA ROAD,Serious Crash,Yes,2010,East,0.0,0.0,Flat,1.0,,0.0,0.0,Overcast,1281200.0,0.0,0.0,1.0,2.0,0.0,0.0,,Hawke's Bay Region,Nil,2-way,Sealed,0.0,1.0,0.0,100.0,0.0,Null,0.0,0.0,,30.0,Hastings District,Nil,0.0,0.0,0.0,0.0,0.0,0.0,Open,0.0,0.0,0.0,Fine
526010,1933678.0,5602102.0,548831.0,0.0,0.0,0.0,Null,2009/2010,TE MATA ROAD,GUTHRIE ROAD,Serious Crash,No,2010,West,0.0,,Flat,,,,,Overcast,1509200.0,0.0,0.0,1.0,2.0,0.0,,,Hawke's Bay Region,Nil,2-way,Sealed,0.0,1.0,,50.0,,Null,0.0,0.0,,30.0,Hastings District,Give way,,,,,0.0,0.0,Urban,0.0,,,Fine
298248,1927336.0,5605154.0,545761.0,0.0,0.0,1.0,North,2002/2003,Z CPK TOP FRUIT,MARAEKAKAHO/YORK,Non-Injury Crash,No,2003,West,0.0,,Flat,,,,,Bright sun,1468801.0,0.0,0.0,0.0,0.0,0.0,,,Hawke's Bay Region,Nil,Off road,Unsealed,0.0,0.0,,50.0,,Null,0.0,0.0,,30.0,Hastings District,Nil,,,,,0.0,0.0,Urban,1.0,,,Fine
627744,1923877.7831,5607603.375,548611.0,0.0,0.0,1.0,South,2019/2020,KINGSLEY DRIVE,WEDDELL STREET,Non-Injury Crash,No,2020,North,0.0,,Flat,,,,,Dark,1473902.0,0.0,0.0,0.0,2.0,0.0,,,Hawke's Bay Region,Nil,2-way,Sealed,0.0,0.0,,50.0,,On,0.0,0.0,,30.0,Hastings District,Nil,,,,,0.0,0.0,Urban,1.0,,,Fine
409531,1930583.0,5611380.0,545832.0,0.0,0.0,2.0,South,2007/2008,SH 50A,SH 50,Non-Injury Crash,Yes,2008,North,0.0,0.0,Flat,0.0,,0.0,0.0,Dark,1404400.0,0.0,0.0,0.0,2.0,0.0,0.0,,Hawke's Bay Region,Nil,2-way,Sealed,0.0,0.0,0.0,100.0,0.0,None,0.0,0.0,50.0,30.0,Hastings District,Nil,0.0,0.0,0.0,0.0,0.0,0.0,Open,0.0,0.0,0.0,Fine
416827,1929651.0,5605338.0,548200.0,0.0,0.0,1.0,West,2009/2010,QUEEN ST WEST,NELSON ST NORTH,Non-Injury Crash,No,2010,East,0.0,0.0,Flat,0.0,,0.0,0.0,Bright sun,1490200.0,0.0,0.0,0.0,2.0,0.0,1.0,,Hawke's Bay Region,Nil,2-way,Sealed,0.0,0.0,0.0,50.0,0.0,Null,0.0,0.0,,30.0,Hastings District,Give way,0.0,0.0,0.0,0.0,1.0,0.0,Urban,0.0,0.0,0.0,Fine
136530,1924592.0,5609044.0,545710.0,0.0,0.0,1.0,East,2001/2002,OMAHU ROAD,JAMES ROCHFORT PLACE,Non-Injury Crash,No,2001,West,0.0,1.0,Flat,0.0,,0.0,0.0,Twilight,1470600.0,0.0,0.0,0.0,2.0,0.0,0.0,,Hawke's Bay Region,Nil,2-way,Sealed,0.0,0.0,0.0,100.0,0.0,Off,0.0,0.0,,30.0,Hastings District,Nil,0.0,0.0,0.0,0.0,0.0,0.0,Open,0.0,0.0,0.0,Fine
232985,1930027.0,5605407.0,548200.0,0.0,0.0,0.0,East,2002/2003,KING ST NORTH,ST AUBYN ST WEST,Minor Crash,No,2002,West,0.0,,Flat,,,,,Overcast,1491000.0,1.0,0.0,1.0,2.0,0.0,,,Hawke's Bay Region,Nil,2-way,Sealed,0.0,0.0,,50.0,,Null,0.0,0.0,,30.0,Hastings District,Nil,,,,,1.0,0.0,Urban,0.0,,,Fine
234543,1924399.0,5603646.0,545842.0,0.0,0.0,2.0,Null,2011/2012,MARAEKAKAHO ROAD,STOCK ROAD,Non-Injury Crash,No,2011,East,0.0,1.0,Flat,0.0,,0.0,0.0,Bright sun,1470213.0,0.0,0.0,0.0,2.0,0.0,0.0,,Hawke's Bay Region,Nil,2-way,Sealed,0.0,0.0,0.0,100.0,0.0,Null,0.0,0.0,,30.0,Hastings District,Stop,0.0,0.0,0.0,0.0,0.0,0.0,Open,0.0,0.0,0.0,Heavy rain
328039,1930228.0,5607083.0,547600.0,0.0,0.0,1.0,South,2004/2005,Z DWAY 1014 KAURI ST,KAURI ST/KAURI PLACE,Serious Crash,No,2004,South,0.0,,Flat,,,,,Bright sun,1482800.0,0.0,0.0,0.0,0.0,0.0,,1.0,Hawke's Bay Region,Nil,Off road,Sealed,0.0,1.0,,50.0,,Null,0.0,0.0,,30.0,Hastings District,Nil,,,,,0.0,0.0,Urban,0.0,,,Fine
695698,1929289.0,5605014.0,548200.0,0.0,0.0,1.0,South,2015/2016,SOUTHAMPTON ST WEST,NELSON ST SOUTH,Non-Injury Crash,No,2016,North,0.0,,Flat,,,,,Bright sun,1489100.0,0.0,0.0,0.0,2.0,0.0,,,Hawke's Bay Region,Nil,2-way,Sealed,0.0,0.0,,50.0,,Null,0.0,0.0,,30.0,Hastings District,Unknown,,,,,0.0,0.0,Urban,1.0,,,Fine
685266,1931019.0,5604980.0,548000.0,0.0,0.0,2.0,Null,2005/2006,WILLOWPARK ROAD,JERVOIS ST,Minor Crash,No,2005,North,0.0,,Flat,,,,,Bright sun,1497600.0,2.0,0.0,0.0,2.0,0.0,,,Hawke's Bay Region,Nil,2-way,Sealed,0.0,0.0,,50.0,,Null,0.0,0.0,,30.0,Hastings District,Give way,,,,,0.0,0.0,Urban,0.0,,,Fine
722019,1944563.0,5660102.0,545911.0,0.0,0.0,1.0,North,1999/2000,SH 2,PUTORINO STATION ROAD,Non-Injury Crash,Yes,2000,West,0.0,0.0,Flat,0.0,Christmas New Year,0.0,0.0,Overcast,1416100.0,0.0,0.0,0.0,2.0,0.0,0.0,,Hawke's Bay Region,Nil,2-way,Sealed,0.0,0.0,0.0,100.0,0.0,Null,0.0,0.0,,30.0,Hastings District,Unknown,0.0,0.0,0.0,0.0,0.0,0.0,Open,0.0,0.0,0.0,Fine
428974,1932125.0,5611598.0,545832.0,0.0,0.0,1.0,North,2004/2005,PAKOWHAI ROAD,BROOKFIELDS ROAD,Non-Injury Crash,No,2005,North,0.0,,Flat,,,,,Dark,1403900.0,0.0,0.0,0.0,2.0,0.0,,,Hawke's Bay Region,Nil,2-way,Sealed,0.0,0.0,,100.0,,On,0.0,0.0,,30.0,Hastings District,Nil,,,,,0.0,0.0,Open,0.0,,,Heavy rain
666784,1928961.0,5606050.0,547700.0,0.0,0.0,1.0,West,2002/2003,HERETAUNGA ST WEST,DAVIS ST,Non-Injury Crash,No,2002,West,0.0,,Flat,,,,,Bright sun,1486000.0,0.0,0.0,1.0,2.0,0.0,,,Hawke's Bay Region,Nil,2-way,Sealed,0.0,0.0,,50.0,,Null,0.0,0.0,,30.0,Hastings District,Nil,,,,,0.0,0.0,Urban,0.0,,,Fine
647323,1912860.0,5604771.0,545841.0,0.0,0.0,1.0,South,1999/2000,SH 50,VALLEY ROAD,Non-Injury Crash,Yes,2000,South,0.0,,Flat,,,,,Dark,1462800.0,0.0,0.0,0.0,2.0,0.0,,,Hawke's Bay Region,Nil,2-way,Sealed,0.0,0.0,,100.0,,None,0.0,0.0,,30.0,Hastings District,Nil,,,,,0.0,0.0,Open,0.0,,,Fine
239420,1911787.0,5585898.0,545851.0,0.0,0.0,2.0,North,2011/2012,SH 2,BOUNDARY ROAD,Serious Crash,Yes,2012,North,0.0,,Flat,,,,,Overcast,1464900.0,2.0,0.0,0.0,2.0,0.0,,,Hawke's Bay Region,Nil,2-way,Sealed,0.0,1.0,,100.0,,Null,0.0,0.0,,30.0,Hastings District,Nil,,,,,0.0,0.0,Open,0.0,,,Heavy rain
146112,1929798.0,5604741.0,548200.0,0.0,0.0,0.0,Null,2000/2001,EASTBOURNE ST EAST,KARAMU ROAD SOUTH,Non-Injury Crash,No,2001,East,0.0,0.0,Flat,0.0,,0.0,0.0,Bright sun,1492000.0,0.0,0.0,0.0,2.0,0.0,0.0,,Hawke's Bay Region,Nil,2-way,Sealed,0.0,0.0,0.0,50.0,0.0,Null,0.0,0.0,,30.0,Hastings District,Traffic Signals,0.0,1.0,0.0,0.0,1.0,0.0,Urban,0.0,0.0,0.0,Fine
237775,1924708.0,5637681.0,545811.0,0.0,0.0,1.0,South,2001/2002,SH 5,GLENGARRY ROAD,Non-Injury Crash,Yes,2001,South,0.0,0.0,Hill Road,0.0,,0.0,0.0,Dark,1414800.0,0.0,0.0,0.0,2.0,0.0,0.0,,Hawke's Bay Region,Nil,2-way,Sealed,0.0,0.0,0.0,100.0,0.0,None,0.0,0.0,,30.0,Hastings District,Nil,0.0,0.0,0.0,0.0,0.0,0.0,Open,0.0,0.0,0.0,Light rain
48937,1936749.0,5596436.0,545851.0,0.0,0.0,1.0,South,2005/2006,WAIMARAMA ROAD,MATANGI ROAD,Non-Injury Crash,No,2006,North,0.0,0.0,Flat,0.0,,0.0,0.0,Dark,1467002.0,0.0,0.0,0.0,2.0,0.0,0.0,,Hawke's Bay Region,Nil,2-way,Sealed,0.0,0.0,0.0,100.0,0.0,None,0.0,0.0,,30.0,Hastings District,Nil,0.0,0.0,0.0,0.0,0.0,0.0,Open,0.0,0.0,0.0,Heavy rain
349883,1929609.0,5605194.0,548200.0,0.0,0.0,2.0,South,2010/2011,HERETAUNGA ST WEST,NELSON ST NORTH,Non-Injury Crash,No,2010,North,0.0,0.0,Flat,0.0,Labour Weekend,0.0,0.0,Overcast,1490700.0,0.0,0.0,0.0,2.0,0.0,1.0,,Hawke's Bay Region,Nil,2-way,Sealed,0.0,0.0,0.0,50.0,0.0,Null,0.0,0.0,,30.0,Hastings District,Nil,0.0,0.0,0.0,0.0,0.0,0.0,Urban,0.0,0.0,0.0,Fine
634561,1935398.0,5611032.0,545832.0,0.0,0.0,1.0,West,2004/2005,FARNDON ROAD,SH 2,Non-Injury Crash,No,2004,South,0.0,0.0,Flat,0.0,,0.0,0.0,Bright sun,1404300.0,0.0,0.0,0.0,2.0,0.0,0.0,,Hawke's Bay Region,Nil,2-way,Sealed,0.0,0.0,0.0,100.0,0.0,Null,0.0,0.0,,30.0,Hastings District,Nil,0.0,0.0,0.0,0.0,1.0,0.0,Open,0.0,0.0,0.0,Fine
691177,1928273.0,5604467.0,547900.0,0.0,0.0,1.0,Null,2006/2007,WALL ROAD,SOUTHLAND ROAD,Non-Injury Crash,No,2007,South,0.0,,Flat,,,,,Bright sun,1481900.0,0.0,0.0,0.0,2.0,0.0,,,Hawke's Bay Region,Nil,2-way,Sealed,0.0,0.0,,50.0,,Null,0.0,0.0,,30.0,Hastings District,Give way,,,,,1.0,0.0,Urban,0.0,,,Fine
622514,1929657.0,5605330.0,548200.0,0.0,0.0,2.0,Null,2003/2004,NELSON ST NORTH,QUEEN ST WEST,Minor Crash,No,2004,South,0.0,,Flat,,,,,Bright sun,1490800.0,1.0,0.0,0.0,2.0,0.0,,,Hawke's Bay Region,Nil,2-way,Sealed,0.0,0.0,,50.0,,Null,0.0,0.0,,30.0,Hastings District,Give way,,,,,0.0,0.0,Urban,0.0,,,Fine
47501,1929464.0,5605185.0,548200.0,0.0,0.0,2.0,Null,2001/2002,NELSON ST SOUTH,EASTBOURNE ST WEST,Minor Crash,No,2002,West,0.0,,Flat,,,,,Overcast,1488900.0,2.0,0.0,0.0,2.0,0.0,,,Hawke's Bay Region,Nil,2-way,Sealed,0.0,0.0,,50.0,,Null,0.0,0.0,,30.0,Hastings District,Give way,,,,,0.0,0.0,Urban,0.0,,,Light rain
718585,1929671.0,5606217.0,547600.0,0.0,0.0,1.0,Null,2008/2009,FITZROY AVENUE,GRAYS ROAD,Non-Injury Crash,No,2008,West,0.0,1.0,Flat,0.0,,0.0,0.0,Overcast,1485300.0,0.0,0.0,0.0,2.0,0.0,0.0,,Hawke's Bay Region,Nil,2-way,Sealed,0.0,0.0,0.0,50.0,0.0,Null,0.0,0.0,,30.0,Hastings District,Give way,0.0,0.0,0.0,0.0,0.0,0.0,Urban,0.0,0.0,0.0,Fine
255099,1920568.0,5611822.0,545821.0,0.0,0.0,1.0,South,2006/2007,OHITI ROAD,TAIHAPE ROAD,Non-Injury Crash,No,2007,North,0.0,0.0,Flat,0.0,,0.0,0.0,Bright sun,1408900.0,0.0,0.0,0.0,2.0,0.0,0.0,,Hawke's Bay Region,Nil,2-way,Sealed,0.0,0.0,0.0,100.0,0.0,Null,0.0,0.0,,30.0,Hastings District,Nil,0.0,0.0,0.0,0.0,0.0,0.0,Open,0.0,0.0,0.0,Fine
78458,1923027.0,5611187.0,545710.0,0.0,0.0,1.0,Null,2014/2015,SH 50,NGARURORO BR,Minor Crash,Yes,2015,South,0.0,0.0,Hill Road,0.0,,0.0,0.0,Dark,1470400.0,1.0,0.0,0.0,2.0,0.0,0.0,,Hawke's Bay Region,Bridge,2-way,Sealed,0.0,0.0,0.0,100.0,0.0,On,0.0,0.0,,30.0,Hastings District,Unknown,0.0,0.0,0.0,0.0,0.0,0.0,Open,0.0,0.0,0.0,Fine
337147,1930093.0,5600858.0,545762.0,0.0,0.0,1.0,West,2013/2014,TE AUTE ROAD,RICHARD ROAD,Non-Injury Crash,No,2013,East,0.0,1.0,Flat,0.0,,0.0,0.0,Overcast,1465300.0,0.0,0.0,0.0,2.0,0.0,0.0,,Hawke's Bay Region,Nil,2-way,Sealed,0.0,0.0,0.0,100.0,0.0,Null,0.0,0.0,,30.0,Hastings District,Nil,0.0,0.0,0.0,1.0,0.0,0.0,Open,0.0,0.0,0.0,Fine
476832,1927354.0,5607611.0,548400.0,0.0,0.0,0.0,East,2012/2013,OMAHU ROAD,WILSON ROAD,Minor Crash,No,2012,North,0.0,,Flat,,,,,Bright sun,1473600.0,1.0,0.0,0.0,3.0,0.0,,,Hawke's Bay Region,Nil,2-way,Sealed,0.0,0.0,,50.0,,Null,0.0,0.0,,30.0,Hastings District,Nil,,,,,0.0,0.0,Urban,2.0,,,Fine
61847,1930996.0,5605573.0,548000.0,0.0,0.0,1.0,Null,2006/2007,Z CPK,KARAMU/FREDERICK,Non-Injury Crash,No,2006,West,0.0,0.0,Flat,0.0,,0.0,0.0,Dark,1495900.0,0.0,0.0,0.0,1.0,0.0,1.0,,Hawke's Bay Region,Nil,Off road,Sealed,0.0,0.0,0.0,50.0,0.0,On,0.0,0.0,,30.0,Hastings District,Nil,0.0,0.0,0.0,0.0,0.0,0.0,Urban,1.0,0.0,0.0,Fine
609320,1930468.0,5604062.0,548100.0,0.0,0.0,2.0,West,2007/2008,HERETAUNGA ST EAST,SYLVAN ROAD,Non-Injury Crash,No,2008,East,0.0,,Flat,,Easter,,,Bright sun,1501200.0,0.0,0.0,0.0,2.0,0.0,,,Hawke's Bay Region,Nil,2-way,Sealed,0.0,0.0,,50.0,,Null,0.0,0.0,,30.0,Hastings District,Give way,,,,,0.0,0.0,Urban,0.0,,,Fine
12647,1929660.0,5606475.0,547600.0,0.0,0.0,1.0,South,2014/2015,LANE ST,TITOKI ST,Non-Injury Crash,No,2015,South,0.0,1.0,Flat,0.0,,0.0,0.0,Bright sun,1485400.0,0.0,0.0,0.0,2.0,0.0,0.0,,Hawke's Bay Region,Nil,2-way,Sealed,0.0,0.0,0.0,50.0,0.0,Null,0.0,0.0,,30.0,Hastings District,Nil,0.0,0.0,0.0,0.0,0.0,0.0,Urban,0.0,0.0,0.0,Fine
402188,1930334.9514,5604814.8808,548200.0,0.0,0.0,2.0,Null,2018/2019,HASTINGS STREET NORTH,ST AUBYN STREET EAST,Non-Injury Crash,No,2019,North,0.0,,Flat,,,,,Overcast,1493502.0,0.0,0.0,0.0,3.0,0.0,,,Hawke's Bay Region,Nil,2-way,Sealed,0.0,0.0,,50.0,,Off,0.0,0.0,,30.0,Hastings District,Stop,,,,,0.0,0.0,Urban,0.0,,,Light rain
717061,1926742.0,5607951.0,548400.0,0.0,0.0,2.0,East,2002/2003,OMAHU ROAD,RAUPARE ROAD,Non-Injury Crash,No,2003,West,0.0,,Flat,,,,,Dark,1473400.0,0.0,0.0,0.0,3.0,0.0,,,Hawke's Bay Region,Nil,2-way,Sealed,0.0,0.0,,50.0,,On,0.0,0.0,,30.0,Hastings District,Nil,,,,,0.0,0.0,Urban,0.0,,,Fine
710251,1930876.0,5604104.0,548100.0,0.0,0.0,3.0,Null,2015/2016,ST AUBYN ST EAST,PARK ROAD NORTH,Non-Injury Crash,No,2016,North,0.0,,Flat,,,,,Bright sun,1501300.0,0.0,0.0,0.0,2.0,0.0,,,Hawke's Bay Region,Nil,2-way,Sealed,0.0,0.0,,50.0,,Off,0.0,0.0,,30.0,Hastings District,Give way,,,,,0.0,0.0,Urban,0.0,,,Fine
401585,1924399.0,5603646.0,545842.0,0.0,0.0,1.0,Null,2003/2004,MARAEKAKAHO ROAD,STOCK ROAD,Minor Crash,No,2004,West,0.0,,Flat,,,,,Overcast,1470213.0,1.0,0.0,0.0,2.0,0.0,,,Hawke's Bay Region,Nil,2-way,Sealed,0.0,0.0,,100.0,,Null,0.0,0.0,,30.0,Hastings District,Give way,,,,,1.0,0.0,Open,0.0,,,Light rain
406769,1930285.0,5606719.0,547600.0,1.0,0.0,1.0,Null,2004/2005,FREDERICK ST,KONINI ST,Minor Crash,No,2005,North,0.0,,Flat,,,,,Bright sun,1483200.0,1.0,0.0,0.0,2.0,0.0,,,Hawke's Bay Region,Nil,2-way,Sealed,0.0,0.0,,50.0,,Null,0.0,0.0,,30.0,Hastings District,Give way,,,,,0.0,0.0,Urban,0.0,,,Fine
28388,1934788.0,5607407.0,545722.0,0.0,0.0,1.0,East,1999/2000,PILCHER ROAD,SH 2,Non-Injury Crash,No,2000,East,0.0,0.0,Flat,0.0,,0.0,0.0,Overcast,1406300.0,0.0,0.0,0.0,2.0,0.0,0.0,,Hawke's Bay Region,Nil,2-way,Sealed,0.0,0.0,0.0,100.0,0.0,Null,0.0,0.0,,30.0,Hastings District,Nil,0.0,0.0,0.0,0.0,0.0,0.0,Open,0.0,0.0,0.0,Fine
610137,1927619.168,5607447.2369,548400.0,0.0,0.0,2.0,Null,2018/2019,OMAHU ROAD,HAWKESBAY EXPRESSWAY,Non-Injury Crash,Yes,2019,South,0.0,,Null,,,,,Overcast,1473600.0,0.0,0.0,0.0,2.0,0.0,,,Hawke's Bay Region,Nil,1-way,Sealed,0.0,0.0,,50.0,,None,0.0,0.0,,30.0,Hastings District,Give way,,,,,0.0,0.0,Urban,0.0,,,Fine
475239,1932801.0,5608139.0,545721.0,0.0,0.0,0.0,Null,2015/2016,RUAHAPIA ROAD,OTENE ROAD,Non-Injury Crash,No,2016,East,0.0,,Flat,,,,,Bright sun,1471800.0,0.0,0.0,0.0,2.0,0.0,,,Hawke's Bay Region,Nil,2-way,Sealed,0.0,0.0,,80.0,,Null,1.0,0.0,,30.0,Hastings District,Nil,,,,,0.0,0.0,Open,1.0,,,Fine
498768,1930979.0,5604950.0,548200.0,0.0,0.0,2.0,South,2005/2006,WILLOWPARK ROAD NORTH,JERVOIS ST,Non-Injury Crash,No,2006,North,0.0,,Flat,,,,,Dark,1495200.0,0.0,0.0,0.0,2.0,0.0,,,Hawke's Bay Region,Nil,2-way,Sealed,0.0,0.0,,50.0,,On,0.0,0.0,,30.0,Hastings District,Nil,,,,,0.0,0.0,Urban,0.0,,,Heavy rain
694691,1930341.0,5604822.0,548200.0,0.0,0.0,2.0,Null,2015/2016,HASTINGS ST NORTH,ST AUBYN ST EAST,Non-Injury Crash,No,2015,East,0.0,,Flat,,,,,Bright sun,1494400.0,0.0,0.0,0.0,2.0,0.0,,,Hawke's Bay Region,Nil,2-way,Sealed,0.0,0.0,,50.0,,Null,0.0,0.0,,30.0,Hastings District,Stop,,,,,0.0,0.0,Urban,0.0,,,Fine
504509,1926956.0,5607912.0,548400.0,0.0,0.0,2.0,East,2010/2011,OMAHU ROAD,HENDERSON ROAD,Non-Injury Crash,No,2011,East,0.0,0.0,Flat,0.0,,0.0,1.0,Dark,1473400.0,0.0,0.0,0.0,2.0,0.0,0.0,,Hawke's Bay Region,Nil,2-way,Sealed,0.0,0.0,0.0,50.0,0.0,On,0.0,0.0,,30.0,Hastings District,Nil,0.0,0.0,0.0,0.0,0.0,0.0,Urban,0.0,0.0,0.0,Fine
329764,1925563.6789,5606361.3265,548620.0,0.0,0.0,1.0,Null,2018/2019,WILSON ROAD,ARBROATH AVENUE,Serious Crash,No,2019,North,0.0,0.0,Flat,0.0,,0.0,0.0,Bright sun,1475300.0,0.0,0.0,1.0,2.0,0.0,1.0,1.0,Hawke's Bay Region,Nil,2-way,Sealed,0.0,2.0,0.0,50.0,0.0,Off,0.0,0.0,,30.0,Hastings District,Give way,0.0,0.0,0.0,0.0,0.0,0.0,Urban,0.0,0.0,0.0,Fine
294575,1931576.5506,5602874.4395,545762.0,0.0,0.0,1.0,Null,2019/2020,HAVELOCK ROAD,ST GEORGES ROAD,Non-Injury Crash,No,2019,West,0.0,1.0,Flat,0.0,,0.0,0.0,Dark,1468600.0,0.0,0.0,0.0,2.0,0.0,0.0,,Hawke's Bay Region,Nil,2-way,Sealed,0.0,0.0,0.0,70.0,0.0,On,0.0,0.0,,30.0,Hastings District,Give way,0.0,0.0,0.0,0.0,0.0,0.0,Urban,0.0,0.0,0.0,Fine