OBJECTID,X,Y,areaUnitID,bicycle,bus,carStationWagon,crashDirectionDescription,crashFinancialYear,crashLocation1,crashLocation2,crashSeverity,crashSHDescription,crashYear,directionRoleDescription,fatalCount,fence,flatHill,guardRail,holiday,houseOrBuilding,kerb,light,meshblockId,minorInjuryCount,moped,motorcycle,NumberOfLanes,otherVehicleType,parkedVehicle,pedestrian,region,roadCharacter,roadLane,roadSurface,schoolBus,seriousInjuryCount,slipOrFlood,speedLimit,strayAnimal,streetLight,suv,taxi,temporarySpeedLimit,tlaId,tlaName,trafficControl,trafficIsland,trafficSign,train,tree,truck,unknownVehicleType,urban,vanOrUtility,vehicle,waterRiver,weatherA
202694,1921102.0,5594963.0,545851.0,0.0,0.0,1.0,South,2013/2014,SH 2,TE MAHANGA ROAD,Non-Injury Crash,Yes,2014,North,0.0,1.0,Flat,0.0,,0.0,0.0,Overcast,1463900.0,0.0,0.0,0.0,2.0,0.0,0.0,,Hawke's Bay Region,Nil,2-way,Sealed,0.0,0.0,0.0,100.0,0.0,None,0.0,0.0,,30.0,Hastings District,Nil,0.0,0.0,0.0,0.0,0.0,0.0,Open,0.0,0.0,0.0,Light rain
712469,1929560.0,5605258.0,548200.0,0.0,0.0,1.0,Null,2008/2009,HERETAUNGA ST WEST,NELSON ST SOUTH,Non-Injury Crash,No,2008,East,0.0,,Flat,,,,,Bright sun,1490100.0,0.0,0.0,0.0,2.0,0.0,,,Hawke's Bay Region,Nil,2-way,Sealed,0.0,0.0,,50.0,,Null,0.0,0.0,,30.0,Hastings District,Traffic Signals,,,,,1.0,0.0,Urban,0.0,,,Fine
381071,1930257.0,5604934.0,548200.0,0.0,0.0,2.0,Null,2006/2007,ST AUBYN ST EAST,WARREN ST NORTH,Non-Injury Crash,No,2007,West,0.0,,Flat,,,,,Bright sun,1493501.0,0.0,0.0,0.0,2.0,0.0,,,Hawke's Bay Region,Nil,2-way,Sealed,0.0,0.0,,50.0,,Null,0.0,0.0,,30.0,Hastings District,Give way,,,,,0.0,0.0,Urban,0.0,,,Fine
283527,1930125.0,5613726.0,545831.0,0.0,0.0,1.0,West,2004/2005,SH 50,SH 50A,Minor Crash,Yes,2005,East,0.0,,Flat,,,,,Overcast,1404600.0,1.0,0.0,0.0,2.0,0.0,,,Hawke's Bay Region,Nil,2-way,Sealed,0.0,0.0,,100.0,,Null,1.0,0.0,,30.0,Hastings District,Nil,,,,,0.0,0.0,Open,0.0,,,Light rain
578152,1932772.0,5608148.0,545721.0,0.0,0.0,1.0,North,2010/2011,RUAHAPIA ROAD,OTENE ROAD,Non-Injury Crash,No,2010,East,0.0,,Hill Road,,,,,Bright sun,1471600.0,0.0,0.0,0.0,2.0,0.0,,,Hawke's Bay Region,Nil,2-way,Sealed,0.0,0.0,,100.0,,Null,1.0,0.0,,30.0,Hastings District,Nil,,,,,0.0,0.0,Open,0.0,,,Fine
25531,1935710.0,5653786.0,545911.0,0.0,0.0,0.0,North,1999/2000,SH 2,MATAHORUA ROAD,Non-Injury Crash,Yes,2000,North,0.0,,Flat,,,,,Dark,1415200.0,0.0,0.0,0.0,2.0,0.0,,,Hawke's Bay Region,Nil,2-way,Sealed,0.0,0.0,,100.0,,None,0.0,0.0,,30.0,Hastings District,Unknown,,,,,0.0,0.0,Open,2.0,,,Fine
483215,1929179.0,5605159.0,548200.0,0.0,0.0,2.0,Null,2017/2018,SOUTHAMPTON ST WEST,SOUTHLAND ROAD,Non-Injury Crash,No,2017,North,0.0,,Flat,,,,,Dark,1488600.0,0.0,0.0,0.0,2.0,0.0,,,Hawke's Bay Region,Nil,2-way,Sealed,0.0,0.0,,50.0,,On,0.0,0.0,,30.0,Hastings District,Give way,,,,,0.0,0.0,Urban,0.0,,,Fine
157123,1936458.0,5609908.0,545730.0,0.0,0.0,1.0,Null,2002/2003,MILL ROAD,RICHMOND ROAD,Non-Injury Crash,No,2002,North,0.0,0.0,Flat,0.0,,0.0,0.0,Bright sun,1405403.0,0.0,0.0,0.0,2.0,0.0,0.0,,Hawke's Bay Region,Nil,2-way,Sealed,0.0,0.0,0.0,100.0,0.0,Null,0.0,0.0,,30.0,Hastings District,Stop,0.0,0.0,0.0,0.0,0.0,0.0,Open,1.0,0.0,0.0,Fine
39953,1930508.0,5604018.0,548100.0,1.0,0.0,1.0,South,2005/2006,HERETAUNGA ST EAST,SYLVAN ROAD,Non-Injury Crash,No,2006,South,0.0,,Flat,,,,,Overcast,1501200.0,0.0,0.0,0.0,2.0,0.0,,,Hawke's Bay Region,Nil,2-way,Sealed,0.0,0.0,,50.0,,Null,0.0,0.0,,30.0,Hastings District,Nil,,,,,0.0,0.0,Urban,0.0,,,Fine
562470,1929548.0,5604672.0,548200.0,0.0,0.0,1.0,Null,2001/2002,RAILWAY ROAD,SOUTHAMPTON ST WEST,Non-Injury Crash,No,2001,North,0.0,,Flat,,,,,Bright sun,1489700.0,0.0,0.0,0.0,3.0,0.0,,,Hawke's Bay Region,Nil,2-way,Sealed,0.0,0.0,,50.0,,Null,0.0,0.0,,30.0,Hastings District,Traffic Signals,,,,,0.0,0.0,Urban,1.0,,,Fine
506241,1931153.0,5600843.0,545762.0,1.0,0.0,0.0,Null,2014/2015,TE AUTE ROAD,GILPIN ROAD,Minor Crash,No,2015,South,0.0,,Flat,,,,,Bright sun,1465200.0,1.0,0.0,0.0,2.0,0.0,,,Hawke's Bay Region,Nil,2-way,Sealed,0.0,0.0,,100.0,,Null,1.0,0.0,,30.0,Hastings District,Give way,,,,,0.0,0.0,Open,0.0,,,Fine
387275,1927059.0,5616904.0,545821.0,0.0,0.0,1.0,West,2013/2014,SPRINGFIELD ROAD,WAIOHIKI ROAD,Non-Injury Crash,No,2014,East,0.0,0.0,Flat,0.0,,0.0,0.0,Dark,1411000.0,0.0,0.0,0.0,2.0,0.0,0.0,,Hawke's Bay Region,Nil,2-way,Sealed,0.0,0.0,0.0,100.0,0.0,None,0.0,0.0,,30.0,Hastings District,Nil,0.0,0.0,0.0,0.0,0.0,0.0,Open,0.0,0.0,0.0,Fine
220888,1930477.0,5605219.0,548200.0,0.0,0.0,1.0,South,2012/2013,KARAMU ROAD NORTH,ALBERT ST,Minor Crash,No,2013,North,0.0,,Flat,,,,,Bright sun,1494500.0,1.0,0.0,0.0,2.0,0.0,,1.0,Hawke's Bay Region,Nil,2-way,Sealed,0.0,0.0,,50.0,,Null,0.0,0.0,,30.0,Hastings District,Give way,,,,,0.0,0.0,Urban,0.0,,,Fine
235514,1931153.0,5600843.0,545762.0,0.0,0.0,1.0,Null,2014/2015,TE AUTE ROAD,GILPIN ROAD,Minor Crash,No,2015,West,0.0,1.0,Flat,0.0,,0.0,0.0,Dark,1465200.0,1.0,0.0,0.0,2.0,0.0,0.0,,Hawke's Bay Region,Nil,2-way,Sealed,0.0,0.0,0.0,100.0,0.0,On,0.0,0.0,,30.0,Hastings District,Give way,0.0,0.0,0.0,0.0,0.0,0.0,Open,0.0,0.0,0.0,Fine
586208,1929993.0,5604885.0,548200.0,0.0,0.0,2.0,Null,2017/2018,QUEEN ST EAST,KARAMU ROAD NORTH,Minor Crash,No,2018,East,0.0,,Flat,,,,,Bright sun,1492800.0,1.0,0.0,0.0,4.0,0.0,,,Hawke's Bay Region,Nil,2-way,Sealed,0.0,0.0,,50.0,,Null,0.0,0.0,,30.0,Hastings District,Traffic Signals,,,,,0.0,0.0,Urban,0.0,,,Fine
725242,1929851.0,5605477.0,548200.0,0.0,0.0,2.0,Null,2008/2009,ST AUBYN ST WEST,NELSON ST NORTH,Minor Crash,No,2009,West,0.0,,Flat,,,,,Overcast,1491000.0,1.0,0.0,0.0,2.0,0.0,,,Hawke's Bay Region,Nil,2-way,Sealed,0.0,0.0,,50.0,,Null,0.0,0.0,,30.0,Hastings District,Traffic Signals,,,,,0.0,0.0,Urban,0.0,,,Fine
334436,1909661.0,5671593.0,545911.0,0.0,0.0,3.0,South,2015/2016,SH 5,TATARAAKINA ROAD,Non-Injury Crash,Yes,2015,West,0.0,,Hill Road,,,,,Dark,1281200.0,0.0,0.0,0.0,2.0,0.0,,,Hawke's Bay Region,Nil,2-way,Sealed,0.0,0.0,,80.0,,None,0.0,0.0,,30.0,Hastings District,Nil,,,,,0.0,0.0,Open,0.0,,,Light rain
634630,1927011.0,5605517.0,545761.0,0.0,0.0,1.0,North,2006/2007,Z DWAY 47 YORK,SH 50A/MARAEKAKAHO,Non-Injury Crash,No,2006,North,0.0,0.0,Flat,0.0,,0.0,0.0,Bright sun,1469905.0,0.0,0.0,0.0,0.0,0.0,0.0,,Hawke's Bay Region,Nil,Off road,Sealed,0.0,0.0,0.0,100.0,0.0,Null,0.0,0.0,,30.0,Hastings District,Nil,0.0,0.0,0.0,1.0,0.0,0.0,Open,0.0,0.0,0.0,Fine
369226,1934644.0,5608526.0,545722.0,0.0,0.0,1.0,North,2013/2014,SH 2,STATION ROAD,Non-Injury Crash,Yes,2013,North,0.0,0.0,Flat,0.0,,0.0,0.0,Bright sun,1406300.0,0.0,0.0,0.0,2.0,0.0,0.0,,Hawke's Bay Region,Nil,2-way,Sealed,0.0,0.0,0.0,80.0,0.0,Null,0.0,0.0,,30.0,Hastings District,Nil,0.0,0.0,0.0,0.0,0.0,0.0,Open,0.0,0.0,0.0,Fine
334425,1930761.0,5605394.0,548000.0,0.0,0.0,2.0,West,2017/2018,KARAMU ROAD NORTH,CHARLOTTE CRESCENT,Non-Injury Crash,No,2017,West,0.0,0.0,Flat,0.0,,0.0,0.0,Dark,1497400.0,0.0,0.0,0.0,1.0,0.0,1.0,,Hawke's Bay Region,Nil,2-way,Sealed,0.0,0.0,0.0,50.0,0.0,On,0.0,0.0,,30.0,Hastings District,Unknown,0.0,0.0,0.0,0.0,0.0,0.0,Urban,0.0,0.0,0.0,Fine
86664,1938666.0,5608697.0,545740.0,0.0,0.0,2.0,Null,2007/2008,HAUMOANA ROAD,MEMORIAL PARK AVENUE,Non-Injury Crash,No,2008,West,0.0,,Flat,,,,,Overcast,1406802.0,0.0,0.0,0.0,2.0,0.0,,,Hawke's Bay Region,Nil,2-way,Sealed,0.0,0.0,,50.0,,Null,0.0,0.0,,30.0,Hastings District,Nil,,,,,0.0,0.0,Urban,0.0,,,Fine
262888,1935146.0,5648525.0,545911.0,0.0,0.0,0.0,North,2006/2007,SH 2,WAIKOAU BR,Minor Crash,Yes,2007,South,0.0,,Hill Road,,,,,Overcast,1415200.0,1.0,0.0,0.0,2.0,0.0,,,Hawke's Bay Region,Nil,2-way,Sealed,0.0,0.0,,100.0,,Null,0.0,0.0,,30.0,Hastings District,Nil,,,,,1.0,0.0,Open,0.0,,,Fine
10100,1923793.0,5603185.0,545842.0,0.0,0.0,1.0,South,2016/2017,MANGAROA ROAD,RU COLLIN ROAD,Non-Injury Crash,No,2016,South,0.0,1.0,Flat,0.0,Labour Weekend,0.0,0.0,Dark,1470213.0,0.0,0.0,0.0,2.0,0.0,0.0,,Hawke's Bay Region,Nil,2-way,Sealed,0.0,0.0,0.0,100.0,0.0,None,0.0,0.0,,30.0,Hastings District,Unknown,0.0,0.0,0.0,0.0,0.0,0.0,Open,0.0,0.0,0.0,Fine
309541,1908289.0,5674999.0,545911.0,0.0,0.0,1.0,North,2016/2017,SH 5,TARAWERA TAV,Non-Injury Crash,Yes,2017,South,0.0,0.0,Hill Road,0.0,,0.0,0.0,Overcast,1281200.0,0.0,0.0,0.0,2.0,0.0,0.0,,Hawke's Bay Region,Nil,2-way,Sealed,0.0,0.0,0.0,100.0,0.0,Null,0.0,0.0,,30.0,Hastings District,Unknown,0.0,0.0,0.0,0.0,0.0,0.0,Open,0.0,0.0,0.0,Fine
134760,1930152.8051,5605005.2698,548200.0,0.0,0.0,1.0,West,2019/2020,KARAMU ROAD NORTH,ST AUBYN STREET EAST,Non-Injury Crash,No,2019,North,0.0,,Flat,,,,,Overcast,1492900.0,0.0,0.0,0.0,3.0,0.0,,,Hawke's Bay Region,Nil,2-way,Sealed,0.0,0.0,,50.0,,Off,0.0,0.0,,30.0,Hastings District,Traffic Signals,,,,,0.0,0.0,Urban,1.0,,,Fine
212794,1930375.0,5605158.0,548200.0,0.0,0.0,2.0,Null,2007/2008,KARAMU ROAD NORTH,VICTORIA ST,Non-Injury Crash,No,2008,North,0.0,,Flat,,,,,Bright sun,1494100.0,0.0,0.0,0.0,2.0,0.0,,,Hawke's Bay Region,Nil,2-way,Sealed,0.0,0.0,,50.0,,Null,0.0,0.0,,30.0,Hastings District,Give way,,,,,0.0,0.0,Urban,0.0,,,Fine
730806,1934400.0,5607931.0,545722.0,0.0,0.0,1.0,North,2011/2012,SH 2,PILCHER ROAD,Non-Injury Crash,Yes,2011,North,0.0,0.0,Flat,0.0,,0.0,0.0,Dark,1406300.0,0.0,0.0,0.0,2.0,0.0,0.0,,Hawke's Bay Region,Nil,2-way,Sealed,0.0,0.0,0.0,100.0,0.0,On,0.0,0.0,,30.0,Hastings District,Nil,0.0,0.0,0.0,0.0,0.0,0.0,Open,0.0,0.0,0.0,Fine
385338,1929764.0,5604384.0,548200.0,0.0,0.0,2.0,Null,2007/2008,SOUTHAMPTON ST EAST,HASTINGS ST SOUTH,Non-Injury Crash,No,2007,East,0.0,,Flat,,,,,Dark,1493000.0,0.0,0.0,0.0,2.0,0.0,,,Hawke's Bay Region,Nil,2-way,Sealed,0.0,0.0,,50.0,,On,0.0,0.0,,30.0,Hastings District,Give way,,,,,0.0,0.0,Urban,0.0,,,Light rain
350616,1930757.0,5606610.0,547600.0,0.0,0.0,2.0,Null,2004/2005,TOMOANA ROAD,WILLIAMS ST,Non-Injury Crash,No,2005,West,0.0,,Flat,,,,,Bright sun,1484000.0,0.0,0.0,0.0,2.0,0.0,,,Hawke's Bay Region,Nil,2-way,Sealed,0.0,0.0,,50.0,,Null,0.0,0.0,,30.0,Hastings District,Stop,,,,,0.0,0.0,Urban,0.0,,,Fine
595408,1926026.0,5606805.0,548620.0,0.0,0.0,1.0,Null,2006/2007,DOVER ROAD,FOLKESTONE DRIVE,Non-Injury Crash,No,2007,East,0.0,1.0,Flat,0.0,,0.0,0.0,Overcast,1476200.0,0.0,0.0,0.0,2.0,0.0,0.0,,Hawke's Bay Region,Nil,2-way,Sealed,0.0,0.0,0.0,50.0,0.0,Null,0.0,0.0,,30.0,Hastings District,Nil,0.0,0.0,0.0,0.0,0.0,0.0,Urban,0.0,0.0,0.0,Fine
576078,1929525.0,5605104.0,548200.0,0.0,0.0,1.0,North,2009/2010,EASTBOURNE ST WEST,KING ST SOUTH,Non-Injury Crash,No,2010,West,0.0,0.0,Flat,0.0,,0.0,0.0,Bright sun,1489000.0,0.0,0.0,0.0,2.0,0.0,1.0,,Hawke's Bay Region,Nil,2-way,Sealed,0.0,0.0,0.0,50.0,0.0,Null,0.0,0.0,,30.0,Hastings District,Nil,0.0,0.0,0.0,0.0,1.0,0.0,Urban,0.0,0.0,0.0,Fine
344615,1930935.0,5613540.0,545831.0,0.0,0.0,2.0,Null,2017/2018,SH 50A,LINKS ROAD,Non-Injury Crash,Yes,2017,North,0.0,,Flat,,,,,Bright sun,1404600.0,0.0,0.0,0.0,2.0,0.0,,,Hawke's Bay Region,Nil,2-way,Sealed,0.0,0.0,,100.0,,Null,0.0,0.0,,30.0,Hastings District,Give way,,,,,0.0,0.0,Open,0.0,,,Fine
256098,1931294.0,5605188.0,548000.0,0.0,0.0,2.0,Null,2008/2009,GROVE ROAD,WILLOWPARK ROAD NORTH,Non-Injury Crash,No,2009,East,0.0,,Flat,,Queens Birthday,,,Overcast,1496800.0,0.0,0.0,0.0,2.0,0.0,,,Hawke's Bay Region,Nil,2-way,Sealed,0.0,0.0,,50.0,,Null,0.0,0.0,,30.0,Hastings District,Give way,,,,,0.0,0.0,Urban,0.0,,,Fine
254331,1930286.0,5606255.0,547600.0,0.0,0.0,2.0,Null,2017/2018,TOMOANA ROAD,CORNWALL ROAD,Minor Crash,No,2017,East,0.0,,Flat,,,,,Bright sun,1484300.0,1.0,0.0,0.0,2.0,0.0,,,Hawke's Bay Region,Nil,2-way,Sealed,0.0,0.0,,50.0,,Null,0.0,0.0,,30.0,Hastings District,Nil,,,,,0.0,0.0,Urban,0.0,,,Fine
626246,1930789.0,5613574.0,545831.0,0.0,0.0,3.0,West,2003/2004,SH 50,SH 50A,Non-Injury Crash,Yes,2004,West,0.0,,Flat,,,,,Dark,1404600.0,0.0,0.0,0.0,2.0,0.0,,,Hawke's Bay Region,Nil,2-way,Sealed,0.0,0.0,,100.0,,None,0.0,0.0,,30.0,Hastings District,Nil,,,,,0.0,0.0,Open,0.0,,,Light rain
382900,1931216.1516,5614319.2053,545831.0,0.0,0.0,0.0,North,2019/2020,HAWKES BAY EXPRESSWAY,PAKOWHAI ROAD,Non-Injury Crash,Yes,2020,North,0.0,,Flat,,,,,Overcast,1404600.0,0.0,0.0,0.0,2.0,0.0,,,Hawke's Bay Region,Nil,2-way,Sealed,0.0,0.0,,100.0,,Off,1.0,0.0,,30.0,Hastings District,Nil,,,,,0.0,0.0,Open,1.0,,,Light rain
508439,1932478.0,5601620.0,548810.0,0.0,0.0,1.0,Null,2005/2006,TE AUTE ROAD,PORTER DRIVE,Non-Injury Crash,No,2006,South,0.0,0.0,Flat,0.0,,0.0,0.0,Overcast,1505700.0,0.0,0.0,0.0,2.0,0.0,0.0,,Hawke's Bay Region,Nil,2-way,Sealed,0.0,0.0,0.0,50.0,0.0,Null,0.0,0.0,,30.0,Hastings District,Give way,0.0,0.0,0.0,0.0,0.0,0.0,Urban,0.0,0.0,0.0,Fine
522041,1934063.0,5601912.0,548831.0,0.0,0.0,2.0,West,2001/2002,TE MATA ROAD,JAMES COOK ST,Non-Injury Crash,No,2001,West,0.0,,Flat,,,,,Bright sun,1510100.0,0.0,0.0,0.0,2.0,0.0,,,Hawke's Bay Region,Nil,2-way,Sealed,0.0,0.0,,50.0,,Null,0.0,0.0,,30.0,Hastings District,Nil,,,,,0.0,0.0,Urban,0.0,,,Fine
164027,1930881.3282,5603612.8359,548300.0,0.0,0.0,2.0,Null,2018/2019,NORTON ROAD,HAVELOCK ROAD,Non-Injury Crash,No,2018,Null,0.0,,Flat,,,,,Bright sun,1502700.0,0.0,0.0,0.0,2.0,0.0,,,Hawke's Bay Region,Nil,2-way,Sealed,0.0,0.0,,50.0,,Off,0.0,0.0,,30.0,Hastings District,Stop,,,,,0.0,0.0,Urban,0.0,,,Fine
700945,1932505.0,5601810.0,548831.0,0.0,0.0,1.0,Null,2004/2005,HAVELOCK ROAD,PORTER DRIVE,Non-Injury Crash,No,2004,East,0.0,0.0,Flat,0.0,,1.0,0.0,Dark,1509600.0,0.0,0.0,0.0,2.0,0.0,0.0,,Hawke's Bay Region,Nil,2-way,Sealed,0.0,0.0,0.0,50.0,0.0,None,0.0,0.0,,30.0,Hastings District,Give way,0.0,0.0,0.0,0.0,0.0,0.0,Urban,0.0,0.0,0.0,Light rain
371958,1911869.0,5662709.0,545911.0,0.0,0.0,1.0,South,2009/2010,SH 5,TE HAROTO ROAD,Non-Injury Crash,Yes,2010,North,0.0,0.0,Hill Road,0.0,,0.0,0.0,Overcast,1414300.0,0.0,0.0,0.0,2.0,0.0,0.0,,Hawke's Bay Region,Nil,2-way,Sealed,0.0,0.0,0.0,100.0,0.0,Null,0.0,0.0,,30.0,Hastings District,Nil,0.0,0.0,0.0,0.0,0.0,0.0,Open,0.0,0.0,0.0,Light rain
623728,1930960.0,5605515.0,548000.0,0.0,0.0,2.0,Null,2000/2001,KARAMU ROAD NORTH,WOLSELEY ST,Non-Injury Crash,No,2001,South,0.0,,Flat,,,,,Bright sun,1497500.0,0.0,0.0,0.0,2.0,0.0,,,Hawke's Bay Region,Nil,2-way,Sealed,0.0,0.0,,50.0,,Null,0.0,0.0,,30.0,Hastings District,Give way,,,,,0.0,0.0,Urban,0.0,,,Fine
281529,1922605.0,5639352.0,545811.0,0.0,0.0,1.0,South,2016/2017,SH 5,NORTHLANDS ENT,Non-Injury Crash,Yes,2017,South,0.0,0.0,Flat,0.0,,0.0,0.0,Dark,1414600.0,0.0,0.0,0.0,2.0,0.0,0.0,,Hawke's Bay Region,Nil,2-way,Sealed,0.0,0.0,0.0,100.0,0.0,None,0.0,0.0,,30.0,Hastings District,Unknown,0.0,0.0,0.0,0.0,0.0,0.0,Open,0.0,0.0,0.0,Mist or Fog
83404,1929155.0,5614093.0,545831.0,0.0,0.0,1.0,North,2009/2010,SH 50,OMARUNUI ROAD,Non-Injury Crash,Yes,2010,South,0.0,1.0,Flat,0.0,,0.0,0.0,Bright sun,1409400.0,0.0,0.0,0.0,2.0,0.0,0.0,,Hawke's Bay Region,Nil,2-way,Sealed,0.0,0.0,0.0,70.0,0.0,Null,0.0,0.0,,30.0,Hastings District,Nil,0.0,0.0,0.0,0.0,0.0,0.0,Urban,0.0,0.0,0.0,Fine
402229,1924232.0,5597171.0,545851.0,0.0,0.0,1.0,South,2012/2013,SH 2,STOCK ROAD,Non-Injury Crash,Yes,2012,North,0.0,0.0,Flat,0.0,,0.0,0.0,Bright sun,1463900.0,0.0,0.0,0.0,2.0,0.0,0.0,,Hawke's Bay Region,Nil,2-way,Sealed,0.0,0.0,0.0,100.0,0.0,Null,0.0,0.0,,30.0,Hastings District,Nil,0.0,0.0,0.0,0.0,0.0,0.0,Open,1.0,0.0,0.0,Mist or Fog
605718,1929089.0,5605878.0,547700.0,0.0,0.0,2.0,North,2013/2014,HERETAUNGA ST WEST,TOWNSHEND ST,Non-Injury Crash,No,2013,South,0.0,,Flat,,,,,Overcast,1486800.0,0.0,0.0,0.0,2.0,0.0,,,Hawke's Bay Region,Nil,2-way,Sealed,0.0,0.0,,50.0,,Off,0.0,0.0,,30.0,Hastings District,Nil,,,,,0.0,0.0,Urban,0.0,,,Fine
129949,1929009.0,5604080.0,547900.0,0.0,0.0,2.0,Null,2007/2008,RAILWAY ROAD,GASCOIGNE ST,Non-Injury Crash,No,2007,North,0.0,0.0,Flat,0.0,,0.0,0.0,Overcast,1482400.0,0.0,0.0,0.0,2.0,0.0,1.0,,Hawke's Bay Region,Nil,2-way,Sealed,0.0,0.0,0.0,70.0,0.0,Null,0.0,0.0,,30.0,Hastings District,Stop,0.0,0.0,0.0,0.0,0.0,0.0,Urban,0.0,0.0,0.0,Fine
422479,1936958.8707,5609105.6869,545730.0,0.0,0.0,0.0,Null,2019/2020,LAWN ROAD,MILL ROAD,Non-Injury Crash,No,2019,West,0.0,,Flat,,,,,Overcast,1405300.0,0.0,0.0,0.0,2.0,0.0,,,Hawke's Bay Region,Nil,2-way,Sealed,0.0,0.0,,80.0,,None,0.0,0.0,,30.0,Hastings District,Give way,,,,,1.0,0.0,Open,1.0,,,Heavy rain
66111,1928113.0,5606927.0,547800.0,0.0,0.0,1.0,Null,2005/2006,OMAHU ROAD,NOTTINGLEY ROAD,Non-Injury Crash,No,2006,East,0.0,,Flat,,,,,Bright sun,1476700.0,0.0,0.0,0.0,2.0,0.0,,,Hawke's Bay Region,Nil,2-way,Sealed,0.0,0.0,,50.0,,Null,0.0,0.0,,30.0,Hastings District,Stop,,,,,0.0,0.0,Urban,1.0,,,Fine
551535,1938059.0,5638470.0,545811.0,0.0,0.0,0.0,South,2016/2017,BEACH ROAD,LEYLAND ROAD,Non-Injury Crash,No,2016,South,0.0,0.0,Flat,0.0,,0.0,0.0,Bright sun,1415800.0,0.0,0.0,0.0,2.0,1.0,1.0,,Hawke's Bay Region,Nil,2-way,Unsealed,0.0,0.0,0.0,100.0,0.0,Null,1.0,0.0,,30.0,Hastings District,Unknown,0.0,0.0,0.0,0.0,0.0,0.0,Open,0.0,0.0,0.0,Fine
221529,1928476.0,5606559.0,548500.0,0.0,0.0,2.0,South,2001/2002,Z CPK HEALTHCARE,OMAHU/CANNING,Non-Injury Crash,No,2001,North,0.0,,Flat,,,,,Bright sun,1478700.0,0.0,0.0,0.0,0.0,0.0,,,Hawke's Bay Region,Nil,Off road,Sealed,0.0,0.0,,50.0,,Null,0.0,0.0,,30.0,Hastings District,Nil,,,,,0.0,0.0,Urban,0.0,,,Fine
272960,1929061.0,5605716.0,547700.0,0.0,0.0,1.0,South,2000/2001,BERESFORD ST,METHUEN ST,Non-Injury Crash,No,2000,South,0.0,0.0,Flat,0.0,,0.0,0.0,Dark,1487200.0,0.0,0.0,0.0,2.0,0.0,0.0,,Hawke's Bay Region,Nil,2-way,Sealed,0.0,0.0,0.0,50.0,0.0,On,0.0,0.0,,30.0,Hastings District,Nil,0.0,0.0,0.0,1.0,0.0,0.0,Urban,0.0,0.0,0.0,Fine
452873,1927685.9574,5607475.8824,545710.0,0.0,0.0,1.0,North,2019/2020,HAWKES BAY EXPRESSWAY,OMAHU ROAD,Non-Injury Crash,Yes,2019,North,0.0,0.0,Flat,1.0,,0.0,0.0,Bright sun,1471201.0,0.0,0.0,0.0,4.0,0.0,0.0,,Hawke's Bay Region,Nil,2-way,Sealed,0.0,0.0,0.0,100.0,0.0,Off,0.0,0.0,,30.0,Hastings District,Give way,0.0,0.0,0.0,0.0,0.0,0.0,Open,0.0,0.0,0.0,Fine
155216,1929671.0,5606217.0,547600.0,0.0,0.0,1.0,Null,2000/2001,GRAYS ROAD,FITZROY AVENUE,Non-Injury Crash,No,2000,South,0.0,,Flat,,,,,Bright sun,1485300.0,0.0,0.0,0.0,2.0,0.0,,,Hawke's Bay Region,Nil,2-way,Sealed,0.0,0.0,,50.0,,Null,0.0,0.0,,30.0,Hastings District,Stop,,,,,1.0,0.0,Urban,0.0,,,Fine
171945,1929477.0,5604764.0,548200.0,0.0,0.0,1.0,East,2002/2003,SOUTHAMPTON ST WEST,MARKET ST SOUTH,Non-Injury Crash,No,2003,North,0.0,0.0,Flat,0.0,,0.0,0.0,Overcast,1489700.0,0.0,0.0,0.0,2.0,0.0,1.0,,Hawke's Bay Region,Nil,2-way,Sealed,0.0,0.0,0.0,50.0,0.0,Null,0.0,0.0,,30.0,Hastings District,Nil,0.0,0.0,0.0,0.0,1.0,0.0,Urban,0.0,0.0,0.0,Fine
109599,1937224.0,5608688.0,545730.0,0.0,0.0,0.0,East,2004/2005,MILL ROAD,LAWN ROAD,Non-Injury Crash,No,2005,West,0.0,,Flat,,,,,Bright sun,1405300.0,0.0,0.0,0.0,2.0,0.0,,,Hawke's Bay Region,Nil,2-way,Sealed,0.0,0.0,,100.0,,Null,0.0,0.0,,30.0,Hastings District,Nil,,,,,0.0,0.0,Open,2.0,,,Fine
383198,1930493.0,5607569.0,545721.0,0.0,0.0,2.0,North,2005/2006,PAKOWHAI ROAD,EVENDEN ROAD,Minor Crash,No,2005,North,0.0,,Flat,,,,,Overcast,1471401.0,1.0,0.0,0.0,2.0,0.0,,,Hawke's Bay Region,Nil,2-way,Sealed,0.0,0.0,,70.0,,Null,0.0,0.0,,30.0,Hastings District,Nil,,,,,0.0,0.0,Urban,0.0,,,Fine
462259,1933194.0,5606508.0,545721.0,0.0,0.0,2.0,Null,2011/2012,RUAHAPIA ROAD,SH 2,Non-Injury Crash,Yes,2011,South,0.0,,Flat,,,,,Overcast,1471800.0,0.0,0.0,0.0,2.0,0.0,,,Hawke's Bay Region,Nil,2-way,Sealed,0.0,0.0,,100.0,,Null,0.0,0.0,,30.0,Hastings District,Stop,,,,,0.0,0.0,Open,0.0,,,Fine
64724,1929367.0,5604909.0,548200.0,0.0,0.0,1.0,Null,2017/2018,SOUTHAMPTON ST WEST,KING ST SOUTH,Non-Injury Crash,No,2017,North,0.0,,Flat,,,,,Bright sun,1489100.0,0.0,0.0,0.0,2.0,0.0,,,Hawke's Bay Region,Nil,2-way,Sealed,0.0,0.0,,50.0,,Null,0.0,0.0,,30.0,Hastings District,Give way,,,,,0.0,0.0,Urban,2.0,,,Fine