OBJECTID,X,Y,areaUnitID,bicycle,bus,carStationWagon,crashDirectionDescription,crashFinancialYear,crashLocation1,crashLocation2,crashSeverity,crashSHDescription,crashYear,directionRoleDescription,fatalCount,fence,flatHill,guardRail,holiday,houseOrBuilding,kerb,light,meshblockId,minorInjuryCount,moped,motorcycle,NumberOfLanes,otherVehicleType,parkedVehicle,pedestrian,region,roadCharacter,roadLane,roadSurface,schoolBus,seriousInjuryCount,slipOrFlood,speedLimit,strayAnimal,streetLight,suv,taxi,temporarySpeedLimit,tlaId,tlaName,trafficControl,trafficIsland,trafficSign,train,tree,truck,unknownVehicleType,urban,vanOrUtility,vehicle,waterRiver,weatherA
346488,1930709.679,5632539.3777,545812.0,0.0,1.0,0.0,West,2019/2020,005-0249,LINDEN CLOSE,Serious Crash,Yes,2019,South,0.0,,Flat,,,,,Overcast,1414200.0,0.0,0.0,1.0,2.0,0.0,,,Hawke's Bay Region,Nil,2-way,Sealed,0.0,1.0,,100.0,,None,0.0,0.0,,30.0,Hastings District,Unknown,,,,,0.0,0.0,Open,0.0,,,Fine
132623,1924136.0,5607628.0,548611.0,0.0,0.0,1.0,Null,2000/2001,PALGRAVE AVENUE,WEDDELL ST,Non-Injury Crash,No,2000,East,0.0,0.0,Flat,0.0,,0.0,0.0,Dark,1473902.0,0.0,0.0,0.0,2.0,0.0,0.0,,Hawke's Bay Region,Nil,2-way,Sealed,0.0,0.0,0.0,50.0,0.0,On,0.0,0.0,,30.0,Hastings District,Nil,0.0,0.0,0.0,0.0,0.0,0.0,Urban,0.0,0.0,0.0,Fine
261823,1945016.0,5660172.0,545911.0,0.0,0.0,0.0,North,2008/2009,SH 2,PUTORINO STATION ROAD,Serious Crash,Yes,2009,North,0.0,0.0,Flat,0.0,,0.0,0.0,Bright sun,1415100.0,0.0,0.0,1.0,2.0,0.0,0.0,,Hawke's Bay Region,Nil,2-way,Sealed,0.0,1.0,0.0,100.0,0.0,Null,0.0,0.0,,30.0,Hastings District,Nil,0.0,0.0,0.0,0.0,0.0,0.0,Open,0.0,0.0,0.0,Fine
677593,1930257.0,5604934.0,548200.0,0.0,0.0,1.0,Null,2013/2014,ST AUBYN ST EAST,WARREN ST NORTH,Minor Crash,No,2013,East,0.0,,Flat,,,,,Bright sun,1493501.0,1.0,0.0,1.0,4.0,0.0,,,Hawke's Bay Region,Nil,2-way,Sealed,0.0,0.0,,50.0,,Null,0.0,0.0,,30.0,Hastings District,Give way,,,,,0.0,0.0,Urban,0.0,,,Fine
561785,1924913.0,5605035.0,545842.0,0.0,0.0,0.0,North,2007/2008,Z CPK TIKI SCH,STOCK/EQUESTRIAN,Minor Crash,No,2007,East,0.0,,Flat,,,,,Bright sun,1470216.0,2.0,0.0,0.0,0.0,0.0,,1.0,Hawke's Bay Region,Nil,Off road,Unsealed,0.0,0.0,,100.0,,Null,0.0,0.0,,30.0,Hastings District,Nil,,,,,0.0,0.0,Open,1.0,,,Fine
127301,1930301.0,5604791.0,548200.0,0.0,0.0,2.0,South,2005/2006,HASTINGS ST NORTH,ST AUBYN ST EAST,Non-Injury Crash,No,2006,North,0.0,,Flat,,,,,Bright sun,1493501.0,0.0,0.0,0.0,2.0,0.0,,,Hawke's Bay Region,Nil,2-way,Sealed,0.0,0.0,,50.0,,Null,0.0,0.0,,30.0,Hastings District,Nil,,,,,0.0,0.0,Urban,0.0,,,Fine
571943,1929500.0,5605337.0,548200.0,0.0,0.0,3.0,West,2003/2004,HERETAUNGA ST WEST,NELSON ST SOUTH,Non-Injury Crash,No,2003,West,0.0,,Flat,,,,,Overcast,1490100.0,0.0,0.0,0.0,2.0,0.0,,,Hawke's Bay Region,Nil,2-way,Sealed,0.0,0.0,,50.0,,Null,0.0,0.0,,30.0,Hastings District,Nil,,,,,0.0,0.0,Urban,0.0,,,Fine
565916,1903686.0,5613736.0,545821.0,0.0,0.0,0.0,West,2017/2018,MATAPIRO ROAD,CROWNTHORPE ROAD,Serious Crash,No,2018,West,0.0,1.0,Flat,0.0,,0.0,0.0,Bright sun,1410100.0,0.0,0.0,0.0,2.0,0.0,0.0,,Hawke's Bay Region,Nil,2-way,Sealed,0.0,1.0,0.0,100.0,0.0,Null,1.0,0.0,,30.0,Hastings District,Unknown,0.0,0.0,0.0,0.0,0.0,0.0,Open,0.0,0.0,0.0,Fine
190280,1929387.0,5614231.0,545831.0,0.0,0.0,3.0,Null,2003/2004,SH 50,WAIOHIKI ROAD,Non-Injury Crash,Yes,2003,West,0.0,,Flat,,,,,Overcast,1409400.0,0.0,0.0,0.0,2.0,0.0,,,Hawke's Bay Region,Nil,2-way,Sealed,0.0,0.0,,100.0,,Null,0.0,0.0,,30.0,Hastings District,Give way,,,,,0.0,0.0,Open,0.0,,,Fine
495451,1936303.0,5635874.0,545812.0,0.0,0.0,0.0,North,2010/2011,SH 2,WHIRINAKI ROAD,Fatal Crash,Yes,2010,North,1.0,,Flat,,Christmas New Year,,,Bright sun,1414903.0,1.0,0.0,0.0,2.0,0.0,,,Hawke's Bay Region,Nil,2-way,Sealed,0.0,0.0,,100.0,,Null,1.0,0.0,,30.0,Hastings District,Nil,,,,,1.0,0.0,Open,0.0,,,Fine
509402,1924286.0,5608176.0,548611.0,0.0,0.0,1.0,Null,2009/2010,KIRKWOOD ROAD,TARBET ST,Non-Injury Crash,No,2009,South,0.0,1.0,Flat,0.0,,0.0,0.0,Dark,1469709.0,0.0,0.0,0.0,2.0,0.0,0.0,,Hawke's Bay Region,Nil,2-way,Sealed,0.0,0.0,0.0,50.0,0.0,On,0.0,0.0,,30.0,Hastings District,Nil,0.0,0.0,0.0,0.0,0.0,0.0,Urban,0.0,0.0,0.0,Light rain
570651,1911514.0,5663397.0,545911.0,0.0,0.0,1.0,South,2016/2017,SH 5,TE HAROTO PO,Minor Crash,Yes,2017,North,0.0,0.0,Flat,0.0,,0.0,0.0,Overcast,1414300.0,1.0,0.0,0.0,2.0,0.0,0.0,,Hawke's Bay Region,Nil,2-way,Sealed,0.0,0.0,0.0,100.0,0.0,Null,0.0,0.0,,30.0,Hastings District,Unknown,0.0,0.0,0.0,0.0,0.0,0.0,Open,0.0,0.0,0.0,Light rain
158540,1929993.0,5604885.0,548200.0,0.0,0.0,2.0,Null,2002/2003,KARAMU ROAD NORTH,QUEEN ST EAST,Minor Crash,No,2003,North,0.0,0.0,Flat,0.0,,0.0,0.0,Bright sun,1492800.0,2.0,0.0,0.0,2.0,0.0,0.0,,Hawke's Bay Region,Nil,2-way,Sealed,0.0,0.0,0.0,50.0,0.0,Null,0.0,0.0,,30.0,Hastings District,Traffic Signals,0.0,0.0,0.0,0.0,0.0,0.0,Urban,0.0,0.0,0.0,Fine
520523,1931298.0,5604018.0,548100.0,0.0,0.0,2.0,North,1999/2000,WINDSOR AVENUE,HAIG ST,Minor Crash,No,2000,South,0.0,,Flat,,,,,Dark,1500200.0,1.0,0.0,0.0,2.0,0.0,,,Hawke's Bay Region,Nil,2-way,Sealed,0.0,0.0,,50.0,,On,0.0,0.0,,30.0,Hastings District,Give way,,,,,0.0,0.0,Urban,0.0,,,Fine
527356,1930025.0,5613749.0,545831.0,0.0,0.0,2.0,Null,2009/2010,SH 50,FRANKLIN ROAD,Minor Crash,Yes,2009,East,0.0,,Flat,,,,,Dark,1404600.0,2.0,0.0,0.0,2.0,0.0,,,Hawke's Bay Region,Nil,2-way,Sealed,0.0,0.0,,100.0,,None,0.0,0.0,,30.0,Hastings District,Stop,,,,,1.0,0.0,Open,0.0,,,Fine
290547,1907662.0,5676367.0,545911.0,0.0,0.0,1.0,North,2010/2011,SH 5,RUATITI BR,Non-Injury Crash,Yes,2011,South,0.0,0.0,Hill Road,0.0,,0.0,0.0,Dark,1281200.0,0.0,0.0,0.0,2.0,0.0,0.0,,Hawke's Bay Region,Nil,2-way,Sealed,0.0,0.0,0.0,100.0,0.0,None,0.0,0.0,,30.0,Hastings District,Nil,0.0,0.0,0.0,1.0,0.0,0.0,Open,0.0,0.0,0.0,Heavy rain
536809,1903950.0,5599599.0,545841.0,0.0,0.0,0.0,South,2002/2003,SH 50,SALISBURY ROAD,Serious Crash,Yes,2003,East,0.0,0.0,Hill Road,0.0,Easter,0.0,0.0,Bright sun,1462600.0,0.0,0.0,1.0,2.0,0.0,0.0,,Hawke's Bay Region,Nil,2-way,Sealed,0.0,1.0,0.0,100.0,0.0,Null,0.0,0.0,,30.0,Hastings District,Nil,0.0,0.0,0.0,0.0,0.0,0.0,Open,0.0,0.0,0.0,Fine
172839,1915393.0,5589812.0,545851.0,0.0,1.0,1.0,South,2009/2010,SH 2,BURMA ROAD,Non-Injury Crash,Yes,2009,North,0.0,0.0,Flat,0.0,,0.0,0.0,Dark,1464500.0,0.0,0.0,0.0,2.0,0.0,0.0,,Hawke's Bay Region,Nil,2-way,Sealed,0.0,0.0,0.0,100.0,0.0,None,0.0,0.0,,30.0,Hastings District,Nil,0.0,0.0,0.0,0.0,0.0,0.0,Open,0.0,0.0,0.0,Fine
736335,1910844.0,5663962.0,545911.0,0.0,0.0,2.0,Null,2009/2010,SH 5,SUMMIT KIOSK,Minor Crash,Yes,2010,West,0.0,,Hill Road,,,,,Bright sun,1414400.0,1.0,0.0,0.0,2.0,0.0,,,Hawke's Bay Region,Nil,2-way,Sealed,0.0,0.0,,100.0,,None,0.0,0.0,,30.0,Hastings District,Nil,,,,,0.0,0.0,Open,0.0,,,Fine
470056,1929675.0,5606952.0,545710.0,0.0,0.0,1.0,South,2011/2012,PAKOWHAI ROAD,DUKE ST,Non-Injury Crash,No,2012,North,0.0,0.0,Flat,0.0,,0.0,0.0,Dark,1471300.0,0.0,0.0,0.0,2.0,0.0,0.0,,Hawke's Bay Region,Nil,2-way,Sealed,0.0,0.0,0.0,50.0,0.0,On,0.0,0.0,,30.0,Hastings District,Nil,1.0,1.0,0.0,0.0,0.0,0.0,Urban,0.0,0.0,0.0,Fine
389153,1929459.0,5605391.0,548200.0,0.0,0.0,2.0,West,2003/2004,HERETAUNGA ST WEST,SOUTHLAND ROAD,Non-Injury Crash,No,2003,East,0.0,0.0,Flat,0.0,,0.0,0.0,Bright sun,1490100.0,0.0,0.0,0.0,2.0,0.0,1.0,,Hawke's Bay Region,Nil,2-way,Sealed,0.0,0.0,0.0,50.0,0.0,Null,0.0,0.0,,30.0,Hastings District,Nil,0.0,0.0,0.0,0.0,0.0,0.0,Urban,0.0,0.0,0.0,Fine
304091,1925219.0,5607962.0,548611.0,0.0,0.0,1.0,East,2016/2017,MARGATE AVENUE,MARGATE PLACE,Non-Injury Crash,No,2017,West,0.0,,Flat,,,,,Bright sun,1473803.0,0.0,0.0,0.0,2.0,0.0,,,Hawke's Bay Region,Nil,2-way,Sealed,0.0,0.0,,50.0,,Null,0.0,0.0,,30.0,Hastings District,Nil,,,,,1.0,0.0,Urban,0.0,,,Fine
344897,1923079.0,5611805.0,545822.0,0.0,0.0,2.0,Null,2001/2002,SH 50,TAIHAPE ROAD,Non-Injury Crash,Yes,2002,East,0.0,,Flat,,,,,Dark,1409300.0,0.0,0.0,0.0,2.0,0.0,,,Hawke's Bay Region,Nil,2-way,Sealed,0.0,0.0,,100.0,,None,0.0,0.0,,30.0,Hastings District,Give way,,,,,0.0,0.0,Open,0.0,,,Heavy rain
219744,1928483.0,5606567.0,548500.0,0.0,0.0,2.0,West,2011/2012,OMAHU ROAD,HAPUKA ST,Non-Injury Crash,No,2012,South,0.0,,Flat,,,,,Bright sun,1478700.0,0.0,0.0,0.0,2.0,0.0,,,Hawke's Bay Region,Nil,2-way,Sealed,0.0,0.0,,50.0,,Null,0.0,0.0,,30.0,Hastings District,Nil,,,,,0.0,0.0,Urban,0.0,,,Fine
394530,1924428.0,5607387.0,548612.0,0.0,0.0,1.0,Null,2013/2014,SCOTT DRIVE,HUDSON ROAD,Non-Injury Crash,No,2014,West,0.0,,Flat,,,,,Bright sun,1474112.0,0.0,0.0,0.0,2.0,0.0,,,Hawke's Bay Region,Nil,2-way,Sealed,0.0,0.0,,50.0,,Null,0.0,0.0,,30.0,Hastings District,Nil,,,,,0.0,0.0,Urban,1.0,,,Fine
405798,1936728.0,5612562.0,545832.0,0.0,0.0,1.0,South,2017/2018,SH 2,WAITANGI STM BR,Non-Injury Crash,Yes,2017,North,0.0,0.0,Flat,1.0,,0.0,0.0,Dark,1404200.0,0.0,0.0,0.0,2.0,0.0,0.0,,Hawke's Bay Region,Nil,2-way,Sealed,0.0,0.0,0.0,100.0,0.0,None,0.0,0.0,,30.0,Hastings District,Unknown,0.0,0.0,0.0,0.0,0.0,0.0,Open,0.0,0.0,0.0,Fine
232705,1929241.0,5606624.0,547800.0,0.0,0.0,2.0,East,2008/2009,PAKOWHAI ROAD,ST AUBYN ST WEST,Non-Injury Crash,No,2009,East,0.0,,Flat,,,,,Bright sun,1477600.0,0.0,0.0,0.0,2.0,0.0,,,Hawke's Bay Region,Nil,2-way,Sealed,0.0,0.0,,50.0,,Null,0.0,0.0,,30.0,Hastings District,Nil,,,,,0.0,0.0,Urban,0.0,,,Fine
174610,1935758.0,5611317.0,545832.0,0.0,0.0,1.0,South,2000/2001,FARNDON ROAD,SH 2,Serious Crash,No,2001,North,0.0,0.0,Flat,0.0,,0.0,0.0,Bright sun,1404300.0,0.0,0.0,0.0,2.0,0.0,0.0,,Hawke's Bay Region,Nil,2-way,Sealed,0.0,2.0,0.0,100.0,0.0,Null,0.0,0.0,,30.0,Hastings District,Nil,0.0,0.0,0.0,0.0,0.0,0.0,Open,0.0,0.0,0.0,Fine
589241,1930587.8578,5604075.9218,548100.0,0.0,0.0,1.0,South,2019/2020,QUEEN STREET EAST,SYLVAN ROAD,Non-Injury Crash,No,2019,Null,0.0,,Flat,,,,,Overcast,1501200.0,0.0,0.0,0.0,2.0,0.0,,,Hawke's Bay Region,Nil,2-way,Sealed,0.0,0.0,,50.0,,Off,0.0,0.0,,30.0,Hastings District,Unknown,,,,,0.0,1.0,Urban,0.0,,,Fine
641429,1930482.8854,5606410.9786,547600.0,0.0,0.0,2.0,Null,2018/2019,FREDERICK STREET,TOMOANA ROAD,Non-Injury Crash,No,2019,South,0.0,,Flat,,,,,Overcast,1483400.0,0.0,0.0,0.0,1.0,0.0,,,Hawke's Bay Region,Nil,1-way,Sealed,0.0,0.0,,50.0,,Off,0.0,0.0,,30.0,Hastings District,Traffic Signals,,,,,0.0,0.0,Urban,0.0,,,Light rain
543578,1928013.0,5635102.0,545811.0,0.0,0.0,1.0,North,2017/2018,SH 5,MARSHALLS BR,Non-Injury Crash,Yes,2017,South,0.0,1.0,Hill Road,0.0,,0.0,0.0,Bright sun,1414800.0,0.0,0.0,0.0,2.0,0.0,0.0,,Hawke's Bay Region,Nil,2-way,Sealed,0.0,0.0,0.0,100.0,0.0,None,0.0,0.0,,30.0,Hastings District,Unknown,0.0,0.0,0.0,0.0,0.0,0.0,Open,0.0,0.0,0.0,Fine
668491,1925372.854,5606213.6918,548620.0,0.0,0.0,1.0,North,2018/2019,WILSON ROAD,DUNDEE DRIVE,Minor Crash,No,2019,Null,0.0,,Flat,,,,,Dark,1474800.0,1.0,0.0,0.0,2.0,0.0,,,Hawke's Bay Region,Nil,2-way,Sealed,0.0,0.0,,50.0,,On,0.0,0.0,,30.0,Hastings District,Unknown,,,,,0.0,1.0,Urban,0.0,,,Fine
358381,1930977.6034,5613641.7708,545831.0,0.0,0.0,1.0,Null,2019/2020,HAWKES BAY EXPRESSWAY,SH 50,Non-Injury Crash,Yes,2019,Null,0.0,,Flat,,,,,Bright sun,1404600.0,0.0,0.0,0.0,4.0,0.0,,,Hawke's Bay Region,Nil,2-way,Sealed,0.0,0.0,,100.0,,Off,0.0,0.0,,30.0,Hastings District,Give way,,,,,0.0,1.0,Open,0.0,,,Fine
321083,1925483.0,5607238.0,548620.0,1.0,0.0,1.0,North,2008/2009,HENDERSON ROAD,FLAXMERE AVENUE,Minor Crash,No,2009,South,0.0,,Flat,,,,,Dark,1475900.0,1.0,0.0,0.0,2.0,0.0,,,Hawke's Bay Region,Nil,2-way,Sealed,0.0,0.0,,50.0,,On,0.0,0.0,,30.0,Hastings District,Nil,,,,,0.0,0.0,Urban,0.0,,,Fine
88068,1931040.0,5613829.0,545831.0,0.0,0.0,0.0,North,2006/2007,SH 50,PAKOWHAI ON SBD,Serious Crash,Yes,2006,South,0.0,0.0,Flat,0.0,,0.0,0.0,Dark,1404600.0,0.0,1.0,0.0,4.0,0.0,0.0,,Hawke's Bay Region,Nil,2-way,Sealed,0.0,1.0,0.0,100.0,0.0,Off,0.0,0.0,,30.0,Hastings District,Nil,0.0,0.0,0.0,0.0,0.0,0.0,Open,0.0,0.0,0.0,Fine
108978,1929933.0,5603750.0,548300.0,0.0,0.0,2.0,South,2014/2015,LAWRENCE ST,RIVERSLEA ROAD SOUTH,Non-Injury Crash,No,2014,North,0.0,0.0,Flat,0.0,,0.0,0.0,Dark,1504300.0,0.0,0.0,0.0,2.0,0.0,1.0,,Hawke's Bay Region,Nil,2-way,Sealed,0.0,0.0,0.0,50.0,0.0,None,0.0,0.0,,30.0,Hastings District,Nil,0.0,0.0,0.0,0.0,0.0,0.0,Urban,0.0,0.0,0.0,Fine
682512,1932464.0,5601639.0,548810.0,0.0,0.0,2.0,Null,2007/2008,TE AUTE ROAD,PORTER DRIVE,Non-Injury Crash,No,2008,North,0.0,,Flat,,,,,Dark,1505200.0,0.0,0.0,0.0,2.0,0.0,,,Hawke's Bay Region,Nil,2-way,Sealed,0.0,0.0,,50.0,,On,0.0,0.0,,30.0,Hastings District,Give way,,,,,0.0,0.0,Urban,0.0,,,Fine
389005,1928886.0,5606148.0,547700.0,0.0,0.0,2.0,East,2007/2008,HERETAUNGA ST WEST,STORTFORD ST,Non-Injury Crash,No,2008,West,0.0,,Flat,,,,,Overcast,1486700.0,0.0,0.0,0.0,2.0,0.0,,,Hawke's Bay Region,Nil,2-way,Sealed,0.0,0.0,,50.0,,Null,0.0,0.0,,30.0,Hastings District,Nil,,,,,1.0,0.0,Urban,0.0,,,Fine
217651,1932139.0,5611571.0,545832.0,0.0,0.0,2.0,Null,2012/2013,PAKOWHAI ROAD,BROOKFIELDS ROAD,Non-Injury Crash,No,2013,North,0.0,,Flat,,,,,Overcast,1403900.0,0.0,0.0,0.0,2.0,0.0,,,Hawke's Bay Region,Nil,2-way,Sealed,0.0,0.0,,70.0,,Null,0.0,0.0,,30.0,Hastings District,Give way,,,,,0.0,0.0,Urban,0.0,,,Fine
607873,1924399.0,5603646.0,545842.0,0.0,0.0,1.0,Null,2013/2014,STOCK ROAD,MARAEKAKAHO ROAD,Serious Crash,No,2014,South,0.0,1.0,Flat,0.0,,0.0,0.0,Dark,1470213.0,1.0,0.0,0.0,2.0,0.0,0.0,,Hawke's Bay Region,Nil,2-way,Sealed,0.0,2.0,0.0,100.0,0.0,On,0.0,0.0,,30.0,Hastings District,Give way,0.0,0.0,0.0,1.0,0.0,0.0,Open,0.0,0.0,0.0,Fine
239179,1929927.0605,5604152.7361,548300.0,0.0,0.0,2.0,Null,2019/2020,WILLOWPARK ROAD SOUTH,SOUTHAMPTON STREET EAST,Non-Injury Crash,No,2019,North,0.0,,Flat,,,,,Unknown,1502100.0,0.0,0.0,0.0,2.0,0.0,,,Hawke's Bay Region,Nil,2-way,Sealed,0.0,0.0,,50.0,,Off,0.0,0.0,,30.0,Hastings District,Give way,,,,,0.0,0.0,Urban,0.0,,,Fine
145558,1923951.0,5607694.0,548611.0,0.0,0.0,1.0,Null,2009/2010,KINGSLEY DRIVE,BANGOR ST,Non-Injury Crash,No,2010,East,0.0,1.0,Flat,0.0,,0.0,0.0,Overcast,1470313.0,0.0,0.0,0.0,2.0,0.0,0.0,,Hawke's Bay Region,Nil,2-way,Sealed,0.0,0.0,0.0,50.0,0.0,Null,0.0,0.0,,30.0,Hastings District,Give way,0.0,0.0,0.0,0.0,0.0,0.0,Urban,0.0,0.0,0.0,Light rain
85531,1930137.0,5604489.0,548200.0,0.0,0.0,2.0,Null,2007/2008,HERETAUNGA ST EAST,MILLER ST,Non-Injury Crash,No,2008,East,0.0,,Flat,,,,,Overcast,1493800.0,0.0,0.0,0.0,2.0,0.0,,,Hawke's Bay Region,Nil,2-way,Sealed,0.0,0.0,,50.0,,Null,0.0,0.0,,30.0,Hastings District,Give way,,,,,0.0,0.0,Urban,0.0,,,Fine
36032,1927886.0,5607148.0,547800.0,0.0,0.0,2.0,Null,2007/2008,OMAHU ROAD,BALLANTYNE ST,Non-Injury Crash,No,2008,West,0.0,1.0,Flat,0.0,,0.0,0.0,Overcast,1476700.0,0.0,0.0,0.0,2.0,0.0,0.0,,Hawke's Bay Region,Nil,2-way,Sealed,0.0,0.0,0.0,50.0,0.0,Null,0.0,0.0,,30.0,Hastings District,Give way,0.0,0.0,0.0,0.0,0.0,0.0,Urban,0.0,0.0,0.0,Light rain
247455,1927111.0,5602317.0,545761.0,0.0,0.0,1.0,West,2017/2018,LONGLANDS ROAD WEST,RAILWAY ROAD SOUTH,Minor Crash,No,2018,East,0.0,,Flat,,,,,Bright sun,1468901.0,1.0,0.0,0.0,2.0,0.0,,,Hawke's Bay Region,Nil,2-way,Sealed,0.0,0.0,,100.0,,Null,0.0,0.0,,30.0,Hastings District,Nil,,,,,1.0,0.0,Open,0.0,,,Fine
186414,1931038.0,5605564.0,548000.0,0.0,0.0,1.0,Null,2016/2017,KARAMU ROAD NORTH,GROVE ROAD,Minor Crash,No,2016,West,0.0,,Flat,,,,,Twilight,1495700.0,1.0,0.0,0.0,2.0,0.0,,,Hawke's Bay Region,Nil,2-way,Sealed,0.0,0.0,,50.0,,Off,1.0,0.0,,30.0,Hastings District,Traffic Signals,,,,,0.0,0.0,Urban,0.0,,,Fine
435062,1929453.0,5604796.0,548200.0,0.0,0.0,2.0,Null,2013/2014,MARKET ST SOUTH,SOUTHAMPTON ST WEST,Non-Injury Crash,No,2014,East,0.0,,Flat,,,,,Dark,1489802.0,0.0,0.0,0.0,2.0,0.0,,,Hawke's Bay Region,Nil,2-way,Sealed,0.0,0.0,,50.0,,On,0.0,0.0,,30.0,Hastings District,Stop,,,,,0.0,0.0,Urban,0.0,,,Fine
643062,1924157.0,5598662.0,545851.0,0.0,0.0,1.0,West,2007/2008,ANDERSON ROAD,OLD MAIN ROAD,Minor Crash,No,2008,East,0.0,1.0,Flat,0.0,,0.0,0.0,Overcast,1463803.0,1.0,0.0,0.0,2.0,0.0,0.0,,Hawke's Bay Region,Nil,2-way,Sealed,0.0,0.0,0.0,100.0,0.0,Null,0.0,0.0,,30.0,Hastings District,Nil,0.0,0.0,0.0,0.0,0.0,0.0,Open,0.0,0.0,0.0,Fine
57611,1932308.0,5602114.0,545721.0,1.0,0.0,0.0,West,2001/2002,HAVELOCK ROAD,KARANEMA DRIVE,Fatal Crash,No,2002,East,1.0,,Flat,,,,,Bright sun,1473000.0,0.0,0.0,0.0,2.0,0.0,,,Hawke's Bay Region,Bridge,2-way,Sealed,0.0,0.0,,100.0,,Null,0.0,0.0,,30.0,Hastings District,Nil,,,,,1.0,0.0,Open,0.0,,,Fine
664341,1924847.0,5600742.0,545851.0,0.0,0.0,1.0,South,2001/2002,SH 50A,MANGAROA ROAD,Non-Injury Crash,Yes,2001,North,0.0,0.0,Flat,0.0,Christmas New Year,0.0,0.0,Bright sun,1463500.0,0.0,0.0,0.0,2.0,0.0,0.0,,Hawke's Bay Region,Nil,2-way,Sealed,0.0,0.0,0.0,100.0,0.0,Null,0.0,0.0,,30.0,Hastings District,Nil,0.0,0.0,0.0,0.0,0.0,0.0,Open,0.0,0.0,0.0,Fine
728452,1931761.0,5608556.0,545710.0,0.0,0.0,2.0,North,2011/2012,PAKOWHAI ROAD,ELWOOD ROAD,Non-Injury Crash,No,2011,South,0.0,0.0,Flat,0.0,,0.0,0.0,Overcast,1471100.0,0.0,0.0,0.0,2.0,0.0,0.0,,Hawke's Bay Region,Nil,2-way,Sealed,0.0,0.0,0.0,100.0,0.0,Null,1.0,0.0,,30.0,Hastings District,Nil,0.0,0.0,0.0,0.0,0.0,0.0,Open,0.0,0.0,0.0,Fine
377944,1912034.0,5659294.0,545911.0,0.0,0.0,3.0,West,2000/2001,SH 5,MCVICAR ROAD,Non-Injury Crash,Yes,2001,South,0.0,,Hill Road,,Easter,,,Dark,1414300.0,0.0,0.0,0.0,2.0,0.0,,,Hawke's Bay Region,Nil,2-way,Sealed,0.0,0.0,,100.0,,None,0.0,0.0,,30.0,Hastings District,Nil,,,,,0.0,0.0,Open,0.0,,,Light rain
93908,1931042.5226,5606046.8011,548000.0,0.0,0.0,2.0,Null,2019/2020,CAROLINE ROAD,MAYFAIR AVENUE,Minor Crash,No,2019,East,0.0,1.0,Flat,0.0,,0.0,0.0,Twilight,1495600.0,1.0,0.0,0.0,2.0,0.0,0.0,,Hawke's Bay Region,Nil,2-way,Sealed,0.0,0.0,0.0,50.0,0.0,On,0.0,0.0,,30.0,Hastings District,Give way,0.0,0.0,0.0,1.0,0.0,0.0,Urban,0.0,0.0,0.0,Fine
155087,1929465.0,5604983.0,548200.0,0.0,0.0,2.0,Null,2005/2006,KING ST SOUTH,LYNDON ROAD WEST,Non-Injury Crash,No,2006,East,0.0,,Flat,,,,,Overcast,1489801.0,0.0,0.0,0.0,2.0,0.0,,,Hawke's Bay Region,Nil,2-way,Sealed,0.0,0.0,,50.0,,Null,0.0,0.0,,30.0,Hastings District,Give way,,,,,0.0,0.0,Urban,0.0,,,Fine
501582,1929125.3327,5606261.3895,547700.0,0.0,0.0,1.0,South,2019/2020,NIKAU STREET,ST AUBYN STREET WEST,Non-Injury Crash,No,2019,South,0.0,1.0,Flat,0.0,Christmas New Year,0.0,0.0,Dark,1486100.0,0.0,0.0,0.0,2.0,0.0,0.0,1.0,Hawke's Bay Region,Nil,2-way,Sealed,0.0,0.0,0.0,50.0,0.0,On,0.0,0.0,,30.0,Hastings District,Nil,0.0,0.0,0.0,1.0,0.0,0.0,Urban,0.0,0.0,0.0,Fine
458971,1929734.0,5604424.0,548200.0,0.0,0.0,2.0,West,2008/2009,SOUTHAMPTON ST EAST,HASTINGS ST SOUTH,Non-Injury Crash,No,2009,West,0.0,,Flat,,,,,Bright sun,1493000.0,0.0,0.0,0.0,2.0,0.0,,,Hawke's Bay Region,Nil,2-way,Sealed,0.0,0.0,,50.0,,Null,0.0,0.0,,30.0,Hastings District,Nil,,,,,0.0,0.0,Urban,0.0,,,Fine
447270,1929872.0,5604644.0,548200.0,0.0,0.0,2.0,Null,2006/2007,WARREN ST SOUTH,WARREN ST,Minor Crash,No,2007,South,0.0,,Flat,,,,,Bright sun,1493200.0,1.0,0.0,0.0,2.0,0.0,,,Hawke's Bay Region,Nil,2-way,Sealed,0.0,0.0,,50.0,,Null,0.0,0.0,,30.0,Hastings District,Give way,,,,,0.0,0.0,Urban,0.0,,,Fine
559119,1929220.0,5604669.0,548200.0,0.0,1.0,1.0,Null,2000/2001,Z CPK RACECOURSE ST,PROSPECT /MARKET,Non-Injury Crash,No,2000,North,0.0,0.0,Flat,0.0,Labour Weekend,0.0,0.0,Bright sun,1489200.0,0.0,0.0,0.0,1.0,0.0,1.0,,Hawke's Bay Region,Nil,Off road,Sealed,0.0,0.0,0.0,50.0,0.0,Null,0.0,0.0,,30.0,Hastings District,Nil,0.0,0.0,0.0,0.0,0.0,0.0,Urban,0.0,0.0,0.0,Fine