OBJECTID,X,Y,areaUnitID,bicycle,bus,carStationWagon,crashDirectionDescription,crashFinancialYear,crashLocation1,crashLocation2,crashSeverity,crashSHDescription,crashYear,directionRoleDescription,fatalCount,fence,flatHill,guardRail,holiday,houseOrBuilding,kerb,light,meshblockId,minorInjuryCount,moped,motorcycle,NumberOfLanes,otherVehicleType,parkedVehicle,pedestrian,region,roadCharacter,roadLane,roadSurface,schoolBus,seriousInjuryCount,slipOrFlood,speedLimit,strayAnimal,streetLight,suv,taxi,temporarySpeedLimit,tlaId,tlaName,trafficControl,trafficIsland,trafficSign,train,tree,truck,unknownVehicleType,urban,vanOrUtility,vehicle,waterRiver,weatherA
109042,1928436.0,5634223.0,545811.0,0.0,0.0,1.0,North,2001/2002,SH 5,MUNNS BR,Non-Injury Crash,Yes,2001,North,0.0,0.0,Flat,0.0,,0.0,0.0,Dark,1414700.0,0.0,0.0,0.0,2.0,0.0,0.0,,Hawke's Bay Region,Nil,2-way,Sealed,0.0,0.0,0.0,100.0,0.0,None,0.0,0.0,,30.0,Hastings District,Nil,0.0,0.0,0.0,0.0,0.0,0.0,Open,0.0,0.0,0.0,Fine
463800,1929706.0,5605166.0,548200.0,0.0,0.0,1.0,South,2016/2017,KING ST NORTH,QUEEN ST WEST,Non-Injury Crash,No,2017,South,0.0,,Flat,,,,,Overcast,1490700.0,0.0,0.0,0.0,2.0,0.0,,,Hawke's Bay Region,Nil,2-way,Sealed,0.0,0.0,,50.0,,Null,0.0,0.0,,30.0,Hastings District,Nil,,,,,0.0,0.0,Urban,1.0,,,Light rain
52911,1912034.0,5659294.0,545911.0,0.0,0.0,0.0,North,2003/2004,SH 5,MCVICAR ROAD,Non-Injury Crash,Yes,2003,North,0.0,0.0,Flat,0.0,,0.0,0.0,Overcast,1414300.0,0.0,0.0,0.0,2.0,0.0,0.0,,Hawke's Bay Region,Nil,2-way,Sealed,0.0,0.0,0.0,100.0,0.0,Null,0.0,0.0,,30.0,Hastings District,Nil,0.0,0.0,0.0,0.0,0.0,0.0,Open,1.0,0.0,0.0,Light rain
723936,1928856.0,5606188.0,547700.0,0.0,0.0,2.0,North,2002/2003,HERETAUNGA ST WEST,STORTFORD ST,Non-Injury Crash,No,2003,North,0.0,,Flat,,,,,Overcast,1486600.0,0.0,0.0,0.0,2.0,0.0,,,Hawke's Bay Region,Nil,2-way,Sealed,0.0,0.0,,50.0,,Null,0.0,0.0,,30.0,Hastings District,Nil,,,,,0.0,0.0,Urban,0.0,,,Fine
737913,1930348.0,5605005.0,548200.0,0.0,0.0,1.0,Null,2009/2010,WARREN ST NORTH,ELLISON ROAD,Non-Injury Crash,No,2009,East,0.0,,Flat,,,,,Bright sun,1494400.0,0.0,0.0,0.0,2.0,0.0,,,Hawke's Bay Region,Nil,2-way,Sealed,0.0,0.0,,50.0,,Null,1.0,0.0,,30.0,Hastings District,Give way,,,,,0.0,0.0,Urban,0.0,,,Fine
41889,1911823.0,5662404.0,545911.0,0.0,0.0,0.0,North,2007/2008,SH 5,MCVICAR ROAD,Non-Injury Crash,Yes,2007,North,0.0,,Hill Road,,,,,Overcast,1414300.0,0.0,0.0,0.0,2.0,0.0,,,Hawke's Bay Region,Nil,2-way,Sealed,0.0,0.0,,100.0,,Null,1.0,0.0,,30.0,Hastings District,Nil,,,,,0.0,0.0,Open,0.0,,,Light rain
212262,1907839.0,5675401.0,545911.0,0.0,0.0,1.0,North,2005/2006,SH 5,TATARAAKINA ROAD,Non-Injury Crash,Yes,2005,North,0.0,0.0,Hill Road,0.0,Labour Weekend,0.0,0.0,Overcast,1281200.0,0.0,0.0,0.0,2.0,0.0,0.0,,Hawke's Bay Region,Nil,2-way,Sealed,0.0,0.0,0.0,100.0,0.0,Null,0.0,0.0,,30.0,Hastings District,Unknown,0.0,0.0,0.0,0.0,0.0,0.0,Open,0.0,0.0,0.0,Light rain
214412,1925320.6882,5605386.785,545842.0,0.0,0.0,1.0,Null,2019/2020,STOCK ROAD,IRONGATE ROAD WEST,Minor Crash,No,2019,South,0.0,0.0,Flat,0.0,,0.0,0.0,Dark,1470207.0,2.0,0.0,0.0,2.0,0.0,0.0,,Hawke's Bay Region,Nil,2-way,Sealed,0.0,0.0,0.0,100.0,0.0,None,0.0,0.0,,30.0,Hastings District,Stop,0.0,0.0,0.0,0.0,0.0,0.0,Open,0.0,0.0,0.0,Fine
183520,1929670.0,5604911.0,548200.0,0.0,0.0,2.0,South,2017/2018,EASTBOURNE ST WEST,MARKET ST SOUTH,Non-Injury Crash,No,2017,North,0.0,,Flat,,,,,Bright sun,1490000.0,0.0,0.0,0.0,2.0,0.0,,,Hawke's Bay Region,Nil,2-way,Sealed,0.0,0.0,,50.0,,Null,0.0,0.0,,30.0,Hastings District,Unknown,,,,,0.0,0.0,Urban,0.0,,,Fine
161274,1931039.0,5605564.0,548000.0,0.0,0.0,2.0,Null,2008/2009,KARAMU ROAD NORTH,FREDERICK ST,Minor Crash,No,2008,South,0.0,,Flat,,,,,Bright sun,1497100.0,2.0,0.0,0.0,2.0,0.0,,,Hawke's Bay Region,Nil,2-way,Sealed,0.0,0.0,,50.0,,Null,0.0,0.0,,30.0,Hastings District,Traffic Signals,,,,,0.0,0.0,Urban,0.0,,,Fine
80293,1911554.0,5642090.0,545912.0,0.0,0.0,0.0,North,2009/2010,HENDLEY ROAD,HUIARANGI ROAD,Serious Crash,No,2010,South,0.0,,Hill Road,,,,,Bright sun,1412100.0,1.0,0.0,0.0,2.0,0.0,,,Hawke's Bay Region,Nil,2-way,Unsealed,0.0,1.0,,100.0,,Null,0.0,0.0,,30.0,Hastings District,Nil,,,,,0.0,0.0,Open,2.0,,,Fine
507217,1927203.5492,5607591.0419,548400.0,1.0,0.0,0.0,West,2019/2020,WILSON ROAD,OMAHU ROAD,Minor Crash,No,2020,Null,0.0,,Flat,,,,,Bright sun,1473400.0,1.0,0.0,0.0,2.0,0.0,,1.0,Hawke's Bay Region,Nil,2-way,Sealed,0.0,0.0,,50.0,,Off,0.0,0.0,,30.0,Hastings District,Nil,,,,,0.0,0.0,Urban,1.0,,,Fine
570847,1930510.0,5604594.0,548100.0,0.0,0.0,2.0,Null,2002/2003,WILLOWPARK ROAD NORTH,ST AUBYN ST EAST,Non-Injury Crash,No,2003,West,0.0,,Flat,,,,,Twilight,1500800.0,0.0,0.0,0.0,2.0,0.0,,,Hawke's Bay Region,Nil,2-way,Sealed,0.0,0.0,,50.0,,Off,0.0,0.0,,30.0,Hastings District,Give way,,,,,0.0,0.0,Urban,0.0,,,Fine
2428,1931788.0241,5604370.5135,548100.0,0.0,0.0,1.0,South,2019/2020,GROVE ROAD,GROVE ROAD,Non-Injury Crash,No,2020,East,0.0,0.0,Flat,0.0,Queens Birthday,0.0,0.0,Overcast,1499900.0,0.0,0.0,0.0,2.0,0.0,0.0,,Hawke's Bay Region,Nil,2-way,Sealed,0.0,0.0,0.0,50.0,0.0,Off,0.0,0.0,,30.0,Hastings District,Unknown,0.0,0.0,0.0,1.0,0.0,0.0,Urban,0.0,0.0,0.0,Heavy rain
672115,1931788.0,5600231.0,548822.0,0.0,0.0,1.0,Null,2015/2016,LANE ROAD,IONA ROAD,Non-Injury Crash,No,2016,East,0.0,0.0,Null,0.0,,0.0,0.0,Unknown,1465601.0,0.0,0.0,0.0,2.0,0.0,0.0,,Hawke's Bay Region,Nil,2-way,Sealed,0.0,0.0,0.0,50.0,0.0,Null,0.0,0.0,,30.0,Hastings District,Give way,0.0,0.0,0.0,0.0,0.0,0.0,Urban,0.0,0.0,0.0,Null
56580,1923469.0,5603909.0,545842.0,0.0,0.0,3.0,East,2015/2016,MARAEKAKAHO ROAD,MANGAROA ROAD,Non-Injury Crash,No,2016,East,0.0,,Flat,,,,,Bright sun,1470213.0,0.0,0.0,0.0,2.0,0.0,,,Hawke's Bay Region,Nil,2-way,Sealed,0.0,0.0,,100.0,,Null,0.0,0.0,,30.0,Hastings District,Nil,,,,,0.0,0.0,Open,0.0,,,Fine
250346,1940677.0,5586809.0,545860.0,0.0,0.0,1.0,North,2003/2004,WAIMARAMA ROAD,WAITANGI ROAD,Non-Injury Crash,No,2004,South,0.0,0.0,Hill Road,0.0,,0.0,0.0,Dark,1467600.0,0.0,0.0,0.0,2.0,0.0,0.0,,Hawke's Bay Region,Nil,2-way,Sealed,0.0,0.0,0.0,100.0,0.0,None,0.0,0.0,,30.0,Hastings District,Nil,0.0,0.0,0.0,0.0,0.0,0.0,Open,0.0,0.0,0.0,Fine
511137,1929139.0,5605129.0,548200.0,0.0,0.0,1.0,South,2001/2002,SOUTHLAND ROAD,SOUTHAMPTON ST WEST,Serious Crash,No,2001,North,0.0,0.0,Flat,0.0,,0.0,0.0,Twilight,1489100.0,0.0,0.0,0.0,2.0,0.0,0.0,,Hawke's Bay Region,Nil,2-way,Sealed,0.0,1.0,0.0,50.0,0.0,Off,0.0,0.0,,30.0,Hastings District,Nil,0.0,0.0,0.0,0.0,0.0,0.0,Urban,0.0,0.0,0.0,Fine
68511,1931029.0,5603815.0,548100.0,0.0,0.0,2.0,West,2015/2016,WINDSOR AVENUE,ST AUBYN ST EAST,Non-Injury Crash,No,2015,East,0.0,0.0,Flat,0.0,,0.0,0.0,Bright sun,1500300.0,0.0,0.0,0.0,2.0,0.0,1.0,,Hawke's Bay Region,Nil,2-way,Sealed,0.0,0.0,0.0,50.0,0.0,Null,0.0,0.0,,30.0,Hastings District,Unknown,0.0,0.0,0.0,0.0,0.0,0.0,Urban,0.0,0.0,0.0,Fine
389024,1926607.0,5608786.0,545710.0,0.0,0.0,1.0,South,2013/2014,THOMPSON ROAD,JARVIS ROAD,Non-Injury Crash,No,2014,North,0.0,0.0,Flat,1.0,,0.0,0.0,Overcast,1470900.0,0.0,0.0,0.0,2.0,0.0,0.0,,Hawke's Bay Region,Nil,2-way,Sealed,0.0,0.0,0.0,100.0,0.0,Null,0.0,0.0,,30.0,Hastings District,Unknown,0.0,1.0,0.0,0.0,0.0,0.0,Open,0.0,0.0,0.0,Fine
232002,1929645.0,5604943.0,548200.0,0.0,0.0,2.0,Null,2007/2008,EASTBOURNE ST WEST,MARKET ST SOUTH,Non-Injury Crash,No,2007,East,0.0,0.0,Flat,0.0,,0.0,0.0,Overcast,1489600.0,0.0,0.0,0.0,2.0,0.0,0.0,,Hawke's Bay Region,Nil,2-way,Sealed,0.0,0.0,0.0,50.0,0.0,Null,0.0,0.0,,30.0,Hastings District,Give way,0.0,0.0,0.0,0.0,0.0,0.0,Urban,0.0,0.0,0.0,Light rain
590338,1925537.0,5603173.0,545842.0,0.0,0.0,0.0,Null,2016/2017,SH 50A,MARAEKAKAHO ROAD,Non-Injury Crash,Yes,2017,South,0.0,0.0,Flat,0.0,,0.0,0.0,Overcast,1470213.0,0.0,0.0,0.0,3.0,0.0,0.0,,Hawke's Bay Region,Nil,2-way,Sealed,0.0,0.0,0.0,100.0,0.0,Null,0.0,0.0,,30.0,Hastings District,Give way,1.0,1.0,0.0,0.0,0.0,0.0,Open,1.0,0.0,0.0,Fine
77705,1931383.0,5601170.0,545762.0,0.0,0.0,1.0,North,2012/2013,TE AUTE ROAD,GILPIN ROAD,Non-Injury Crash,No,2013,North,0.0,0.0,Flat,0.0,,0.0,0.0,Bright sun,1465200.0,0.0,0.0,0.0,2.0,0.0,0.0,,Hawke's Bay Region,Nil,2-way,Sealed,0.0,0.0,0.0,100.0,0.0,Null,0.0,0.0,,30.0,Hastings District,Nil,0.0,0.0,0.0,1.0,0.0,0.0,Open,0.0,0.0,0.0,Fine
556272,1929984.0,5607185.0,545710.0,0.0,0.0,1.0,Null,2010/2011,PAKOWHAI ROAD,FREDERICK ST,Minor Crash,No,2011,North,0.0,,Flat,,,,,Bright sun,1471300.0,1.0,0.0,0.0,2.0,0.0,,,Hawke's Bay Region,Nil,2-way,Sealed,0.0,0.0,,50.0,,Null,1.0,0.0,,30.0,Hastings District,Give way,,,,,0.0,0.0,Urban,0.0,,,Fine
462084,1929601.2129,5613852.4819,545831.0,0.0,0.0,1.0,South,2019/2020,LINKS ROAD,KOROKIPO ROAD,Non-Injury Crash,Yes,2019,West,0.0,,Null,,,,,Unknown,1404600.0,0.0,0.0,0.0,2.0,0.0,,,Hawke's Bay Region,Nil,2-way,Sealed,0.0,0.0,,100.0,,Null,0.0,0.0,,30.0,Hastings District,Nil,,,,,0.0,0.0,Open,0.0,,,Null
478603,1925444.0,5607208.0,548620.0,0.0,0.0,1.0,North,2006/2007,HENDERSON ROAD,FLAXMERE AVENUE,Non-Injury Crash,No,2007,South,0.0,0.0,Flat,0.0,,0.0,0.0,Dark,1475900.0,0.0,0.0,0.0,2.0,0.0,0.0,,Hawke's Bay Region,Nil,2-way,Sealed,0.0,0.0,0.0,50.0,0.0,On,0.0,0.0,,30.0,Hastings District,Nil,1.0,0.0,0.0,0.0,0.0,0.0,Urban,0.0,0.0,0.0,Fine
671390,1896475.0,5629695.0,545912.0,0.0,0.0,1.0,West,2004/2005,TAIHAPE ROAD,WAIWHARE ROAD,Non-Injury Crash,No,2004,East,0.0,0.0,Flat,0.0,,0.0,0.0,Bright sun,1409700.0,0.0,0.0,0.0,2.0,0.0,0.0,,Hawke's Bay Region,Nil,2-way,Unsealed,0.0,0.0,0.0,100.0,0.0,Null,0.0,0.0,,30.0,Hastings District,Nil,0.0,0.0,0.0,0.0,0.0,0.0,Open,0.0,0.0,0.0,Fine
450144,1930424.0,5607518.0,545710.0,0.0,0.0,1.0,South,2010/2011,PAKOWHAI ROAD,EVENDEN ROAD,Non-Injury Crash,No,2010,North,0.0,,Flat,,,,,Bright sun,1471300.0,0.0,0.0,0.0,2.0,0.0,,,Hawke's Bay Region,Nil,2-way,Sealed,0.0,0.0,,50.0,,Null,0.0,0.0,,30.0,Hastings District,Nil,,,,,0.0,0.0,Urban,1.0,,,Fine
547291,1930090.0,5604957.0,548200.0,1.0,0.0,1.0,Null,2009/2010,KARAMU ROAD NORTH,AVENUE ROAD EAST,Minor Crash,No,2010,South,0.0,,Flat,,,,,Overcast,1492900.0,2.0,0.0,0.0,2.0,0.0,,,Hawke's Bay Region,Nil,2-way,Sealed,0.0,0.0,,50.0,,Null,0.0,0.0,,30.0,Hastings District,Stop,,,,,0.0,0.0,Urban,0.0,,,Fine
62608,1930935.0,5613540.0,545831.0,0.0,0.0,2.0,Null,2002/2003,SH 50,SH 50A,Minor Crash,Yes,2003,North,0.0,,Flat,,,,,Bright sun,1404600.0,3.0,0.0,0.0,2.0,0.0,,,Hawke's Bay Region,Nil,2-way,Sealed,0.0,0.0,,100.0,,Null,0.0,0.0,,30.0,Hastings District,Give way,,,,,0.0,0.0,Open,0.0,,,Fine
305273,1929659.0,5608987.0,545710.0,0.0,0.0,1.0,North,2012/2013,SH 50A,EVENDEN ROAD,Minor Crash,Yes,2013,North,0.0,1.0,Flat,0.0,,0.0,0.0,Bright sun,1471100.0,1.0,0.0,0.0,2.0,0.0,0.0,,Hawke's Bay Region,Nil,2-way,Sealed,0.0,0.0,0.0,100.0,0.0,Null,0.0,0.0,,30.0,Hastings District,Nil,0.0,0.0,0.0,1.0,0.0,0.0,Open,0.0,0.0,0.0,Fine
79420,1925955.0,5608237.0,545710.0,0.0,0.0,2.0,Null,2004/2005,OMAHU ROAD,CHATHAM ROAD,Non-Injury Crash,No,2005,East,0.0,,Flat,,,,,Bright sun,1470900.0,0.0,0.0,0.0,2.0,0.0,,,Hawke's Bay Region,Nil,2-way,Sealed,0.0,0.0,,50.0,,Null,0.0,0.0,,30.0,Hastings District,Give way,,,,,0.0,0.0,Urban,0.0,,,Fine
480622,1929715.0,5604852.0,548200.0,1.0,0.0,1.0,Null,2013/2014,EASTBOURNE ST WEST,RAILWAY ROAD,Non-Injury Crash,No,2014,North,0.0,,Flat,,,,,Overcast,1490000.0,0.0,0.0,0.0,3.0,0.0,,,Hawke's Bay Region,Nil,2-way,Sealed,0.0,0.0,,50.0,,Null,0.0,0.0,,30.0,Hastings District,Give way,,,,,0.0,0.0,Urban,0.0,,,Fine
21213,1928293.0,5606632.0,548500.0,0.0,0.0,0.0,Null,2009/2010,Z CPK HASTINGS HOSPITAL,CANNING ROAD,Non-Injury Crash,No,2009,North,0.0,0.0,Flat,0.0,Christmas New Year,0.0,0.0,Dark,1478700.0,0.0,0.0,0.0,0.0,0.0,1.0,,Hawke's Bay Region,Nil,Off road,Sealed,0.0,0.0,0.0,50.0,0.0,On,0.0,0.0,,30.0,Hastings District,Nil,0.0,0.0,0.0,0.0,0.0,0.0,Urban,2.0,0.0,0.0,Fine
108358,1930254.0,5607390.0,545710.0,0.0,0.0,1.0,Null,2006/2007,PAKOWHAI ROAD,WILLIAMS ST,Non-Injury Crash,No,2006,South,0.0,,Flat,,,,,Bright sun,1471300.0,0.0,0.0,0.0,2.0,0.0,,,Hawke's Bay Region,Nil,2-way,Sealed,0.0,0.0,,50.0,,Null,0.0,0.0,,30.0,Hastings District,Give way,,,,,0.0,0.0,Urban,1.0,,,Fine
305962,1930639.0,5605223.0,548200.0,0.0,0.0,1.0,Null,2003/2004,WARREN ST NORTH,ALEXANDRA ST,Non-Injury Crash,No,2004,East,0.0,,Flat,,,,,Bright sun,1494700.0,0.0,0.0,0.0,2.0,0.0,,,Hawke's Bay Region,Nil,2-way,Sealed,0.0,0.0,,50.0,,Null,0.0,0.0,,30.0,Hastings District,Give way,,,,,0.0,0.0,Urban,1.0,,,Fine
34051,1929634.0,5605762.0,548200.0,0.0,0.0,2.0,Null,2009/2010,TOMOANA ROAD,ST AUBYN ST WEST,Non-Injury Crash,No,2009,North,0.0,,Flat,,,,,Bright sun,1490300.0,0.0,0.0,0.0,2.0,0.0,,,Hawke's Bay Region,Nil,2-way,Sealed,0.0,0.0,,50.0,,Null,0.0,0.0,,30.0,Hastings District,Traffic Signals,,,,,0.0,0.0,Urban,0.0,,,Fine
91902,1923417.0,5614798.0,545821.0,0.0,0.0,0.0,North,2004/2005,SWAMP ROAD,PIRAU ROAD,Non-Injury Crash,No,2005,East,0.0,0.0,Flat,0.0,,0.0,0.0,Dark,1408500.0,0.0,0.0,0.0,2.0,0.0,0.0,,Hawke's Bay Region,Nil,2-way,Sealed,0.0,0.0,0.0,100.0,0.0,None,0.0,0.0,,30.0,Hastings District,Nil,0.0,0.0,0.0,0.0,0.0,0.0,Open,1.0,0.0,0.0,Fine
21260,1931381.0,5614747.0,545831.0,0.0,0.0,2.0,North,2009/2010,SH 50,PAKOWHAI ON NBD,Non-Injury Crash,Yes,2010,North,0.0,,Flat,,,,,Bright sun,1404600.0,0.0,0.0,0.0,2.0,0.0,,,Hawke's Bay Region,Nil,2-way,Sealed,0.0,0.0,,100.0,,Null,0.0,0.0,,30.0,Hastings District,Nil,,,,,0.0,0.0,Open,0.0,,,Fine
113383,1935591.0,5609559.0,545730.0,0.0,0.0,1.0,East,2008/2009,RICHMOND ROAD,SH 2,Non-Injury Crash,No,2008,West,0.0,0.0,Flat,0.0,,0.0,0.0,Bright sun,1405600.0,0.0,0.0,0.0,2.0,0.0,0.0,,Hawke's Bay Region,Nil,2-way,Sealed,0.0,0.0,0.0,50.0,0.0,Null,0.0,0.0,,30.0,Hastings District,Nil,0.0,0.0,0.0,0.0,0.0,0.0,Urban,0.0,0.0,0.0,Fine
399737,1925627.9079,5637735.2902,545811.0,0.0,0.0,1.0,East,2018/2019,005-0249,DILLONS HILL CUL,Non-Injury Crash,Yes,2018,South,0.0,,Hill Road,,,,,Overcast,1414700.0,0.0,0.0,0.0,2.0,0.0,,,Hawke's Bay Region,Nil,2-way,Sealed,0.0,0.0,,100.0,,None,0.0,0.0,,30.0,Hastings District,Unknown,,,,,0.0,0.0,Open,0.0,,,Light rain
77658,1931703.0,5604651.0,548000.0,0.0,0.0,1.0,North,2013/2014,SUSSEX ST,GROVE ROAD N,Serious Crash,No,2013,North,0.0,0.0,Flat,0.0,,0.0,0.0,Overcast,1498900.0,0.0,0.0,0.0,2.0,0.0,0.0,,Hawke's Bay Region,Nil,2-way,Sealed,0.0,1.0,0.0,50.0,0.0,Null,0.0,0.0,,30.0,Hastings District,Nil,0.0,0.0,0.0,0.0,0.0,0.0,Urban,0.0,0.0,0.0,Fine
32549,1924720.0,5597756.0,545851.0,0.0,0.0,1.0,South,2017/2018,SH 2,LIME WORKS ENT,Minor Crash,Yes,2018,North,0.0,,Flat,,,,,Bright sun,1463900.0,1.0,0.0,0.0,2.0,0.0,,,Hawke's Bay Region,Nil,2-way,Sealed,0.0,0.0,,100.0,,Null,1.0,0.0,30.0,30.0,Hastings District,Unknown,,,,,0.0,0.0,Open,0.0,,,Fine
439333,1911508.0,5663440.0,545911.0,0.0,0.0,1.0,South,2001/2002,SH 5,TE HAROTO ROAD,Minor Crash,Yes,2002,South,0.0,0.0,Flat,0.0,,0.0,0.0,Dark,1414300.0,1.0,0.0,0.0,2.0,0.0,0.0,,Hawke's Bay Region,Nil,2-way,Sealed,0.0,0.0,0.0,100.0,0.0,None,0.0,0.0,,30.0,Hastings District,Nil,0.0,0.0,0.0,0.0,0.0,0.0,Open,0.0,0.0,0.0,Mist or Fog
498944,1932048.0,5611749.0,545832.0,0.0,0.0,2.0,North,2003/2004,PAKOWHAI ROAD,BROOKFIELDS ROAD,Non-Injury Crash,No,2004,North,0.0,0.0,Flat,0.0,,0.0,0.0,Dark,1403900.0,0.0,0.0,0.0,2.0,0.0,0.0,,Hawke's Bay Region,Nil,2-way,Sealed,0.0,0.0,0.0,100.0,0.0,None,0.0,0.0,,30.0,Hastings District,Nil,0.0,0.0,0.0,0.0,0.0,0.0,Open,0.0,0.0,0.0,Heavy rain
460645,1929464.0,5605185.0,548200.0,0.0,0.0,2.0,Null,2017/2018,NELSON ST SOUTH,EASTBOURNE ST WEST,Non-Injury Crash,No,2018,East,0.0,,Flat,,,,,Overcast,1488900.0,0.0,0.0,0.0,2.0,0.0,,,Hawke's Bay Region,Nil,2-way,Sealed,0.0,0.0,,50.0,,Null,0.0,0.0,,30.0,Hastings District,Stop,,,,,0.0,0.0,Urban,0.0,,,Light rain
103703,1933416.0,5608532.0,545722.0,0.0,0.0,0.0,East,2012/2013,ANDERSON ROAD,WHAKATU ROAD,Minor Crash,No,2013,West,0.0,,Flat,,,,,Bright sun,1406200.0,1.0,0.0,0.0,2.0,0.0,,1.0,Hawke's Bay Region,Nil,2-way,Sealed,0.0,0.0,,100.0,,Null,0.0,0.0,,30.0,Hastings District,Nil,,,,,0.0,0.0,Open,1.0,,,Fine
249960,1918915.0,5647702.0,545811.0,0.0,0.0,2.0,South,2000/2001,SH 5,OHURAKURA ROAD,Non-Injury Crash,Yes,2000,North,0.0,,Flat,,Labour Weekend,,,Dark,1414600.0,0.0,0.0,0.0,2.0,0.0,,,Hawke's Bay Region,Nil,2-way,Sealed,0.0,0.0,,100.0,,None,0.0,0.0,,30.0,Hastings District,Nil,,,,,0.0,0.0,Open,0.0,,,Fine
496620,1932313.0,5609059.0,545721.0,0.0,0.0,2.0,North,2008/2009,PAKOWHAI ROAD,RUAHAPIA ROAD,Non-Injury Crash,No,2008,East,0.0,,Flat,,,,,Bright sun,1471600.0,0.0,0.0,0.0,2.0,0.0,,,Hawke's Bay Region,Nil,2-way,Sealed,0.0,0.0,,100.0,,Null,0.0,0.0,,30.0,Hastings District,Nil,,,,,0.0,0.0,Open,0.0,,,Fine
259206,1935451.0,5609502.0,545730.0,0.0,0.0,1.0,East,2016/2017,RICHMOND ROAD,SH 2,Non-Injury Crash,No,2016,East,0.0,1.0,Flat,0.0,,0.0,0.0,Bright sun,1405600.0,0.0,0.0,0.0,2.0,0.0,0.0,,Hawke's Bay Region,Nil,2-way,Sealed,0.0,0.0,0.0,100.0,0.0,Null,0.0,0.0,,30.0,Hastings District,Unknown,0.0,0.0,0.0,0.0,0.0,0.0,Open,0.0,0.0,0.0,Fine
327584,1930077.0,5604773.0,548200.0,0.0,0.0,2.0,South,2009/2010,QUEEN ST EAST,WARREN ST NORTH,Non-Injury Crash,No,2010,West,0.0,1.0,Flat,0.0,Queens Birthday,0.0,0.0,Overcast,1493400.0,0.0,0.0,0.0,2.0,0.0,1.0,,Hawke's Bay Region,Nil,2-way,Sealed,0.0,0.0,0.0,50.0,0.0,Null,0.0,0.0,,30.0,Hastings District,Nil,0.0,0.0,0.0,0.0,0.0,0.0,Urban,0.0,0.0,0.0,Fine
396784,1930349.0,5604200.0,548300.0,0.0,0.0,2.0,West,2005/2006,HERETAUNGA ST EAST,RIVERSLEA ROAD NORTH,Minor Crash,No,2006,East,0.0,,Flat,,,,,Bright sun,1501600.0,1.0,0.0,0.0,2.0,0.0,,,Hawke's Bay Region,Nil,2-way,Sealed,0.0,0.0,,50.0,,Null,0.0,0.0,,30.0,Hastings District,Give way,,,,,0.0,0.0,Urban,0.0,,,Fine
89715,1924948.0,5606210.0,548620.0,0.0,0.0,1.0,West,2008/2009,PORTSMOUTH ROAD,HULL ST,Non-Injury Crash,No,2009,West,0.0,0.0,Flat,0.0,,0.0,0.0,Dark,1475000.0,0.0,0.0,0.0,2.0,0.0,0.0,,Hawke's Bay Region,Nil,2-way,Sealed,0.0,0.0,0.0,50.0,0.0,On,0.0,0.0,,30.0,Hastings District,Nil,0.0,0.0,0.0,0.0,0.0,0.0,Urban,0.0,0.0,0.0,Fine
417761,1925339.0,5606305.0,548620.0,0.0,0.0,1.0,East,2009/2010,LIVERPOOL CRESCENT,TILBURY ST,Non-Injury Crash,No,2010,East,0.0,,Flat,,,,,Overcast,1474800.0,0.0,0.0,0.0,2.0,0.0,,,Hawke's Bay Region,Nil,2-way,Sealed,0.0,0.0,,50.0,,Null,0.0,0.0,,30.0,Hastings District,Nil,,,,,1.0,0.0,Urban,0.0,,,Fine
511939,1929101.0,5605862.0,547700.0,0.0,0.0,0.0,Null,2013/2014,HERETAUNGA ST WEST,TOWNSHEND ST,Minor Crash,No,2014,East,0.0,,Flat,,,,,Bright sun,1486800.0,1.0,1.0,0.0,1.0,0.0,,,Hawke's Bay Region,Nil,2-way,Sealed,0.0,0.0,,50.0,,Off,0.0,0.0,,30.0,Hastings District,Give way,,,,,0.0,0.0,Urban,1.0,,,Fine
395753,1931152.0,5605632.0,548000.0,0.0,0.0,1.0,Null,2012/2013,KARAMU ROAD NORTH,TUDOR AVENUE,Minor Crash,No,2013,South,0.0,,Flat,,,,,Bright sun,1497100.0,1.0,0.0,0.0,2.0,0.0,,,Hawke's Bay Region,Nil,2-way,Sealed,0.0,0.0,,50.0,,Null,1.0,0.0,,30.0,Hastings District,Nil,,,,,0.0,0.0,Urban,0.0,,,Fine
305534,1932312.9897,5611042.9434,545832.0,0.0,0.0,0.0,South,2019/2020,PAKOWHAI ROAD,BROOKFIELDS ROAD,Non-Injury Crash,No,2020,South,0.0,0.0,Flat,0.0,,0.0,0.0,Dark,1404100.0,0.0,0.0,0.0,2.0,0.0,0.0,,Hawke's Bay Region,Nil,2-way,Sealed,0.0,0.0,0.0,80.0,0.0,None,0.0,0.0,,30.0,Hastings District,Nil,0.0,0.0,0.0,0.0,0.0,0.0,Open,1.0,0.0,0.0,Light rain
357519,1938024.3819,5608134.2348,545740.0,0.0,0.0,0.0,Null,2018/2019,TUKI TUKI ROAD,MILL ROAD,Non-Injury Crash,No,2019,South,0.0,1.0,Flat,0.0,,0.0,0.0,Dark,1407700.0,0.0,0.0,0.0,2.0,0.0,0.0,,Hawke's Bay Region,Nil,2-way,Sealed,0.0,0.0,0.0,100.0,0.0,None,0.0,0.0,,30.0,Hastings District,Give way,0.0,1.0,0.0,1.0,0.0,0.0,Open,1.0,0.0,0.0,Fine