OBJECTID,X,Y,areaUnitID,bicycle,bus,carStationWagon,crashDirectionDescription,crashFinancialYear,crashLocation1,crashLocation2,crashSeverity,crashSHDescription,crashYear,directionRoleDescription,fatalCount,fence,flatHill,guardRail,holiday,houseOrBuilding,kerb,light,meshblockId,minorInjuryCount,moped,motorcycle,NumberOfLanes,otherVehicleType,parkedVehicle,pedestrian,region,roadCharacter,roadLane,roadSurface,schoolBus,seriousInjuryCount,slipOrFlood,speedLimit,strayAnimal,streetLight,suv,taxi,temporarySpeedLimit,tlaId,tlaName,trafficControl,trafficIsland,trafficSign,train,tree,truck,unknownVehicleType,urban,vanOrUtility,vehicle,waterRiver,weatherA
339955,1932652.0,5609542.0,545832.0,0.0,0.0,2.0,Null,2007/2008,PAKOWHAI ROAD,FARNDON ROAD,Minor Crash,No,2008,West,0.0,,Hill Road,,,,,Bright sun,1404300.0,1.0,0.0,0.0,2.0,0.0,,,Hawke's Bay Region,Nil,2-way,Sealed,0.0,0.0,,100.0,,Null,0.0,0.0,,30.0,Hastings District,Give way,,,,,0.0,0.0,Open,0.0,,,Fine
158391,1930348.0,5605005.0,548200.0,0.0,0.0,2.0,Null,2009/2010,WARREN ST NORTH,ELLISON ROAD,Non-Injury Crash,No,2010,South,0.0,,Flat,,,,,Bright sun,1494400.0,0.0,0.0,0.0,2.0,0.0,,,Hawke's Bay Region,Nil,2-way,Sealed,0.0,0.0,,50.0,,Null,0.0,0.0,,30.0,Hastings District,Give way,,,,,0.0,0.0,Urban,0.0,,,Fine
34941,1934471.0,5632848.0,545812.0,0.0,0.0,1.0,South,1999/2000,SH 2,SH 5,Non-Injury Crash,Yes,2000,South,0.0,0.0,Flat,0.0,,0.0,0.0,Bright sun,1414903.0,0.0,0.0,0.0,2.0,0.0,0.0,,Hawke's Bay Region,Nil,2-way,Sealed,0.0,0.0,0.0,100.0,0.0,Null,0.0,0.0,,30.0,Hastings District,Nil,0.0,0.0,0.0,0.0,0.0,0.0,Open,0.0,0.0,0.0,Fine
126652,1908498.0,5664741.0,545911.0,0.0,0.0,1.0,Null,2007/2008,SH 5,KOWARO ROADWAY,Minor Crash,Yes,2008,North,0.0,,Hill Road,,,,,Bright sun,1414400.0,1.0,0.0,0.0,3.0,0.0,,,Hawke's Bay Region,Nil,2-way,Sealed,0.0,0.0,,100.0,,Null,0.0,0.0,,30.0,Hastings District,Nil,,,,,0.0,0.0,Open,1.0,,,Fine
194254,1917841.0,5653708.0,545911.0,0.0,0.0,1.0,Null,2012/2013,SH 5,TITIOKURA SUMMIT,Non-Injury Crash,Yes,2013,North,0.0,,Hill Road,,,,,Bright sun,1415900.0,0.0,0.0,1.0,2.0,0.0,,,Hawke's Bay Region,Nil,2-way,Sealed,0.0,0.0,,100.0,,Null,0.0,0.0,,30.0,Hastings District,Nil,,,,,0.0,0.0,Open,0.0,,,Fine
92658,1931976.0,5604933.0,548000.0,0.0,0.0,1.0,Null,2009/2010,JELLICOE ST,JELLICOE ROAD,Non-Injury Crash,No,2010,North,0.0,1.0,Flat,0.0,,0.0,0.0,Dark,1472500.0,0.0,0.0,0.0,2.0,0.0,0.0,,Hawke's Bay Region,Nil,2-way,Sealed,0.0,0.0,0.0,50.0,0.0,On,0.0,0.0,,30.0,Hastings District,Nil,0.0,0.0,0.0,0.0,0.0,0.0,Urban,0.0,0.0,0.0,Fine
254895,1936195.0,5611780.0,545832.0,0.0,0.0,1.0,South,2018/2019,SH 2,HELLYERS LANE,Non-Injury Crash,Yes,2018,South,0.0,0.0,Flat,1.0,,0.0,0.0,Dark,1404200.0,0.0,0.0,0.0,2.0,0.0,0.0,,Hawke's Bay Region,Nil,2-way,Sealed,0.0,0.0,0.0,50.0,0.0,On,0.0,0.0,,30.0,Hastings District,Unknown,0.0,0.0,0.0,0.0,0.0,0.0,Urban,0.0,0.0,0.0,Fine
740877,1929564.0,5606356.0,547600.0,0.0,0.0,1.0,East,1999/2000,FITZROY AVENUE,BRUNSWICK ST,Non-Injury Crash,No,2000,East,0.0,,Flat,,,,,Overcast,1485300.0,0.0,0.0,0.0,2.0,0.0,,,Hawke's Bay Region,Nil,2-way,Sealed,0.0,0.0,,50.0,,Null,0.0,0.0,,30.0,Hastings District,Nil,,,,,0.0,0.0,Urban,1.0,,,Mist or Fog
119484,1924759.0,5606996.0,548612.0,0.0,0.0,1.0,South,2013/2014,STONEHAVEN ST,TENBY TERRACE,Non-Injury Crash,No,2014,South,0.0,1.0,Flat,0.0,,0.0,0.0,Dark,1474500.0,0.0,0.0,0.0,2.0,0.0,0.0,,Hawke's Bay Region,Nil,2-way,Sealed,0.0,0.0,0.0,50.0,0.0,On,0.0,0.0,,30.0,Hastings District,Unknown,0.0,0.0,0.0,0.0,0.0,0.0,Urban,0.0,0.0,0.0,Fine
347373,1927296.0,5605131.0,545761.0,0.0,0.0,1.0,Null,2002/2003,YORK ROAD,MARAEKAKAHO ROAD,Non-Injury Crash,No,2002,East,0.0,0.0,Flat,1.0,,0.0,0.0,Dark,1469905.0,0.0,0.0,0.0,2.0,0.0,0.0,,Hawke's Bay Region,Nil,2-way,Sealed,0.0,0.0,0.0,100.0,0.0,On,0.0,0.0,,30.0,Hastings District,Give way,0.0,0.0,0.0,0.0,0.0,0.0,Open,0.0,0.0,0.0,Fine
164681,1929768.0,5604781.0,548200.0,0.0,0.0,2.0,West,2000/2001,EASTBOURNE ST EAST,KARAMU ROAD SOUTH,Non-Injury Crash,No,2001,East,0.0,,Flat,,,,,Bright sun,1492000.0,0.0,0.0,0.0,2.0,0.0,,,Hawke's Bay Region,Nil,2-way,Sealed,0.0,0.0,,50.0,,Null,0.0,0.0,,30.0,Hastings District,Nil,,,,,0.0,0.0,Urban,0.0,,,Fine
414924,1929819.0,5604072.0,548300.0,0.0,0.0,0.0,Null,2007/2008,WILLOWPARK ROAD SOUTH,MASSEY ST,Serious Crash,No,2007,West,0.0,,Flat,,,,,Overcast,1502200.0,0.0,0.0,1.0,2.0,0.0,,,Hawke's Bay Region,Nil,2-way,Sealed,0.0,1.0,,50.0,,Null,0.0,0.0,,30.0,Hastings District,Give way,,,,,0.0,0.0,Urban,1.0,,,Fine
161702,1923352.0,5610218.0,545710.0,0.0,0.0,1.0,Null,2011/2012,OMAHU ROAD,SH 50,Non-Injury Crash,No,2012,South,0.0,,Flat,,,,,Bright sun,1470500.0,0.0,0.0,0.0,2.0,0.0,,,Hawke's Bay Region,Nil,2-way,Sealed,0.0,0.0,,50.0,,Null,1.0,0.0,,30.0,Hastings District,Give way,,,,,0.0,0.0,Urban,0.0,,,Fine
1080,1930510.0,5604594.0,548100.0,0.0,0.0,1.0,Null,2006/2007,WILLOWPARK ROAD NORTH,ST AUBYN ST EAST,Minor Crash,No,2007,North,0.0,,Flat,,,,,Bright sun,1500800.0,1.0,1.0,0.0,2.0,0.0,,,Hawke's Bay Region,Nil,2-way,Sealed,0.0,0.0,,50.0,,Null,0.0,0.0,,30.0,Hastings District,Give way,,,,,0.0,0.0,Urban,0.0,,,Fine
407718,1929247.0,5605070.0,548200.0,0.0,0.0,1.0,West,2000/2001,SOUTHAMPTON ST WEST,NELSON ST SOUTH,Non-Injury Crash,No,2001,North,0.0,,Flat,,,,,Bright sun,1488600.0,0.0,0.0,0.0,1.0,0.0,,,Hawke's Bay Region,Nil,1-way,Sealed,0.0,0.0,,50.0,,Null,0.0,0.0,,30.0,Hastings District,Nil,,,,,0.0,0.0,Urban,1.0,,,Fine
65433,1929651.0,5605137.0,548200.0,0.0,0.0,1.0,North,2016/2017,HERETAUNGA ST WEST,KING ST NORTH,Non-Injury Crash,No,2016,South,0.0,0.0,Flat,0.0,,0.0,0.0,Overcast,1490700.0,0.0,0.0,0.0,2.0,0.0,1.0,,Hawke's Bay Region,Nil,2-way,Sealed,0.0,0.0,0.0,50.0,0.0,Null,0.0,0.0,,30.0,Hastings District,Give way,0.0,0.0,0.0,0.0,0.0,0.0,Urban,1.0,0.0,0.0,Fine
469599,1929364.0,5605484.0,547700.0,0.0,0.0,2.0,South,2010/2011,CHARLES ST,HERETAUNGA ST WEST,Non-Injury Crash,No,2011,South,0.0,,Flat,,,,,Bright sun,1487700.0,0.0,0.0,0.0,2.0,0.0,,,Hawke's Bay Region,Nil,2-way,Sealed,0.0,0.0,,50.0,,Null,0.0,0.0,,30.0,Hastings District,Give way,,,,,0.0,0.0,Urban,0.0,,,Fine
665931,1921505.0,5595424.0,545851.0,0.0,0.0,1.0,North,2005/2006,SH 2,TE MAHANGA ROAD,Serious Crash,Yes,2005,North,0.0,1.0,Hill Road,0.0,,0.0,0.0,Bright sun,1463900.0,3.0,0.0,0.0,2.0,0.0,0.0,,Hawke's Bay Region,Nil,2-way,Sealed,0.0,1.0,0.0,100.0,0.0,Null,0.0,0.0,,30.0,Hastings District,Nil,0.0,0.0,0.0,0.0,0.0,0.0,Open,0.0,0.0,0.0,Mist or Fog
680053,1930065.0,5604789.0,548200.0,0.0,0.0,2.0,Null,2017/2018,QUEEN ST EAST,WARREN ST NORTH,Non-Injury Crash,No,2018,North,0.0,,Flat,,,,,Overcast,1493400.0,0.0,0.0,0.0,2.0,0.0,,,Hawke's Bay Region,Nil,2-way,Sealed,0.0,0.0,,50.0,,Null,0.0,0.0,,30.0,Hastings District,Give way,,,,,0.0,0.0,Urban,0.0,,,Fine
325403,1926601.7248,5607148.4793,545761.0,0.0,0.0,2.0,South,2019/2020,WILSON ROAD,MANCHESTER STREET,Non-Injury Crash,No,2020,North,0.0,,Flat,,,,,Bright sun,1470003.0,0.0,0.0,0.0,2.0,0.0,,,Hawke's Bay Region,Nil,2-way,Sealed,0.0,0.0,,70.0,,Off,0.0,0.0,,30.0,Hastings District,Nil,,,,,0.0,0.0,Urban,0.0,,,Fine
288704,1923783.0,5607840.0,548611.0,0.0,0.0,2.0,North,2009/2010,BANGOR ST,OBAN ST,Non-Injury Crash,No,2009,South,0.0,,Flat,,,,,Overcast,1470315.0,0.0,0.0,0.0,2.0,0.0,,,Hawke's Bay Region,Nil,2-way,Sealed,0.0,0.0,,50.0,,Null,0.0,0.0,,30.0,Hastings District,Nil,,,,,0.0,0.0,Urban,0.0,,,Fine
120603,1926218.0,5606304.0,545761.0,0.0,0.0,2.0,Null,2007/2008,SH 50A,YORK ROAD,Minor Crash,Yes,2008,North,0.0,,Flat,,,,,Overcast,1469905.0,1.0,0.0,0.0,2.0,0.0,,,Hawke's Bay Region,Nil,2-way,Sealed,0.0,0.0,,70.0,,Null,0.0,0.0,,30.0,Hastings District,Give way,,,,,0.0,0.0,Urban,0.0,,,Fine
246602,1928842.0,5603900.0,547900.0,0.0,0.0,2.0,Null,2017/2018,MURDOCH ROAD WEST,RAILWAY ROAD,Non-Injury Crash,No,2017,North,0.0,,Flat,,,,,Twilight,1482600.0,0.0,0.0,0.0,2.0,0.0,,,Hawke's Bay Region,Rail xing,2-way,Sealed,0.0,0.0,,50.0,,Off,0.0,0.0,,30.0,Hastings District,Stop,,,,,0.0,0.0,Urban,0.0,,,Fine
297198,1940639.0,5586775.0,545860.0,0.0,0.0,1.0,Null,2011/2012,WAIMARAMA ROAD,WAITANGI ROAD,Minor Crash,No,2012,North,0.0,0.0,Hill Road,0.0,,0.0,0.0,Dark,1467600.0,3.0,0.0,0.0,2.0,0.0,0.0,,Hawke's Bay Region,Nil,2-way,Sealed,0.0,0.0,0.0,100.0,0.0,None,0.0,0.0,,30.0,Hastings District,Nil,0.0,0.0,0.0,0.0,0.0,0.0,Open,0.0,0.0,0.0,Fine
725983,1931162.0,5604117.0,548100.0,0.0,0.0,1.0,South,2010/2011,TERRACE ROAD,HAIG ST,Minor Crash,No,2011,South,0.0,,Flat,,,,,Bright sun,1500100.0,1.0,0.0,0.0,2.0,0.0,,1.0,Hawke's Bay Region,Nil,2-way,Sealed,0.0,0.0,,50.0,,Null,0.0,0.0,,30.0,Hastings District,Nil,,,,,0.0,0.0,Urban,0.0,,,Fine
197130,1928416.0,5605521.0,547900.0,0.0,0.0,2.0,South,2009/2010,KENNEDY ROAD,FRANCIS HICKS AVENUE,Non-Injury Crash,No,2010,East,0.0,0.0,Flat,0.0,,0.0,0.0,Dark,1480200.0,0.0,0.0,0.0,2.0,0.0,1.0,,Hawke's Bay Region,Nil,2-way,Sealed,0.0,0.0,0.0,50.0,0.0,On,0.0,0.0,,30.0,Hastings District,Nil,0.0,0.0,0.0,0.0,0.0,0.0,Urban,0.0,0.0,0.0,Fine
271398,1928743.0,5613847.0,545831.0,0.0,0.0,0.0,Null,2010/2011,SH 50,OMARUNUI ROAD,Minor Crash,Yes,2011,South,0.0,,Flat,,,,,Overcast,1409400.0,1.0,0.0,0.0,2.0,0.0,,,Hawke's Bay Region,Nil,2-way,Sealed,0.0,0.0,,70.0,,Null,0.0,0.0,,30.0,Hastings District,Give way,,,,,1.0,0.0,Urban,0.0,,,Fine
698873,1929082.845,5605276.5969,547700.0,0.0,0.0,1.0,Null,2019/2020,SOUTHAMPTON STREET WEST,CHARLES STREET,Non-Injury Crash,No,2020,North,0.0,,Flat,,,,,Dark,1487600.0,0.0,0.0,0.0,2.0,0.0,,,Hawke's Bay Region,Nil,2-way,Sealed,0.0,0.0,,50.0,,On,0.0,0.0,,30.0,Hastings District,Give way,,,,,0.0,1.0,Urban,0.0,,,Fine
348652,1929874.0,5605445.0,548200.0,0.0,0.0,1.0,South,2017/2018,ST AUBYN ST WEST,NELSON ST NORTH,Non-Injury Crash,No,2017,North,0.0,,Flat,,,,,Overcast,1491000.0,0.0,0.0,0.0,2.0,0.0,,,Hawke's Bay Region,Nil,2-way,Sealed,0.0,0.0,,50.0,,Null,1.0,0.0,,30.0,Hastings District,Unknown,,,,,0.0,0.0,Urban,0.0,,,Fine
92690,1930952.0,5603541.0,545762.0,0.0,0.0,1.0,South,2015/2016,HAVELOCK ROAD,WINDSOR AVENUE,Minor Crash,No,2015,North,0.0,,Flat,,,,,Overcast,1468500.0,1.0,0.0,0.0,2.0,0.0,,,Hawke's Bay Region,Nil,2-way,Sealed,0.0,0.0,,50.0,,Off,2.0,0.0,30.0,30.0,Hastings District,Nil,,,,,0.0,0.0,Urban,1.0,,,Heavy rain
552573,1935662.0,5645086.0,545811.0,0.0,0.0,1.0,South,2018/2019,TANGOIO SETTLEMENT ROAD,NORTH END,Minor Crash,No,2018,South,0.0,,Hill Road,,,,,Overcast,1415700.0,1.0,0.0,0.0,1.0,0.0,,,Hawke's Bay Region,Nil,2-way,Unsealed,0.0,0.0,,100.0,,Null,0.0,0.0,,30.0,Hastings District,Unknown,,,,,1.0,0.0,Open,0.0,,,Fine
656238,1924554.0,5609077.0,545710.0,0.0,0.0,1.0,Null,2004/2005,OMAHU ROAD,JAMES ROCHFORT PLACE,Non-Injury Crash,No,2005,East,0.0,1.0,Flat,0.0,,0.0,0.0,Dark,1470600.0,0.0,0.0,0.0,2.0,0.0,0.0,,Hawke's Bay Region,Nil,2-way,Sealed,0.0,0.0,0.0,70.0,0.0,On,0.0,0.0,,30.0,Hastings District,Nil,0.0,0.0,0.0,0.0,0.0,0.0,Urban,0.0,0.0,0.0,Fine
146794,1911240.0,5663794.0,545911.0,0.0,0.0,1.0,South,2003/2004,SH 5,TE HAROTO ROAD,Non-Injury Crash,Yes,2004,South,0.0,0.0,Hill Road,0.0,,0.0,0.0,Overcast,1414400.0,0.0,0.0,0.0,2.0,0.0,0.0,,Hawke's Bay Region,Nil,2-way,Sealed,0.0,0.0,0.0,100.0,0.0,Null,0.0,0.0,,30.0,Hastings District,Nil,0.0,0.0,0.0,0.0,0.0,0.0,Open,0.0,0.0,0.0,Heavy rain
529976,1930864.0,5604120.0,548100.0,1.0,0.0,1.0,North,2014/2015,ST AUBYN ST EAST,PARK ROAD NORTH,Minor Crash,No,2015,South,0.0,,Flat,,,,,Bright sun,1501300.0,1.0,0.0,0.0,2.0,0.0,,,Hawke's Bay Region,Nil,2-way,Sealed,0.0,0.0,,50.0,,Null,0.0,0.0,,30.0,Hastings District,Nil,,,,,0.0,0.0,Urban,0.0,,,Fine
503522,1924554.0,5609076.0,545710.0,0.0,0.0,1.0,Null,2011/2012,OMAHU ROAD,JAMES ROCHFORT PLACE,Minor Crash,No,2012,South,0.0,,Flat,,,,,Bright sun,1470600.0,1.0,0.0,0.0,2.0,0.0,,,Hawke's Bay Region,Nil,2-way,Sealed,0.0,0.0,,70.0,,Null,0.0,0.0,,30.0,Hastings District,Nil,,,,,0.0,0.0,Urban,1.0,,,Fine
30499,1929698.0,5605160.0,548200.0,0.0,0.0,1.0,West,2017/2018,KING ST NORTH,QUEEN ST WEST,Non-Injury Crash,No,2018,East,0.0,,Flat,,,,,Bright sun,1490700.0,0.0,0.0,0.0,2.0,0.0,,,Hawke's Bay Region,Nil,2-way,Sealed,0.0,0.0,,50.0,,Null,0.0,0.0,,30.0,Hastings District,Nil,,,,,0.0,0.0,Urban,1.0,,,Fine
740271,1929715.0,5605373.0,548200.0,0.0,0.0,1.0,South,2010/2011,NELSON ST NORTH,AVENUE ROAD WEST,Minor Crash,No,2011,West,0.0,,Flat,,,,,Overcast,1490800.0,1.0,0.0,0.0,2.0,0.0,,1.0,Hawke's Bay Region,Nil,2-way,Sealed,0.0,0.0,,50.0,,Null,0.0,0.0,,30.0,Hastings District,Nil,,,,,0.0,0.0,Urban,0.0,,,Fine
602873,1924903.0,5607000.0,548620.0,0.0,0.0,1.0,East,2000/2001,SWANSEA ROAD,CAERNARVON DRIVE,Non-Injury Crash,No,2001,North,0.0,,Flat,,,,,Bright sun,1473700.0,0.0,0.0,0.0,2.0,0.0,,,Hawke's Bay Region,Nil,2-way,Sealed,0.0,0.0,,50.0,,Null,0.0,0.0,,30.0,Hastings District,Nil,,,,,0.0,0.0,Urban,1.0,,,Fine
629380,1929739.0,5614637.0,545831.0,0.0,0.0,1.0,North,2002/2003,WAIOHIKI ROAD,SH 50,Non-Injury Crash,No,2002,South,0.0,0.0,Flat,0.0,Labour Weekend,0.0,0.0,Overcast,1404600.0,0.0,0.0,0.0,2.0,0.0,0.0,,Hawke's Bay Region,Nil,2-way,Sealed,0.0,0.0,0.0,70.0,0.0,Null,0.0,0.0,,30.0,Hastings District,Nil,0.0,0.0,0.0,1.0,0.0,0.0,Urban,0.0,0.0,0.0,Light rain
323294,1921330.0,5610444.0,545710.0,0.0,0.0,0.0,West,2000/2001,MERE ROAD,SH 50,Non-Injury Crash,No,2000,West,0.0,1.0,Flat,0.0,,0.0,0.0,Twilight,1469703.0,0.0,0.0,0.0,2.0,0.0,0.0,,Hawke's Bay Region,Nil,2-way,Sealed,0.0,0.0,0.0,100.0,0.0,None,0.0,0.0,,30.0,Hastings District,Nil,0.0,0.0,0.0,1.0,0.0,0.0,Open,1.0,0.0,0.0,Fine
239138,1936127.0,5611000.0,545730.0,0.0,0.0,2.0,East,2014/2015,SH 2,TUCKER LANE,Non-Injury Crash,Yes,2015,East,0.0,0.0,Flat,0.0,Queens Birthday,0.0,0.0,Dark,1405500.0,0.0,0.0,0.0,2.0,0.0,1.0,,Hawke's Bay Region,Nil,2-way,Sealed,0.0,0.0,0.0,50.0,0.0,On,0.0,0.0,,30.0,Hastings District,Nil,0.0,0.0,0.0,0.0,0.0,0.0,Urban,1.0,0.0,0.0,Fine
661873,1928503.0,5606043.0,548500.0,0.0,0.0,1.0,Null,2004/2005,MARAEKAKAHO ROAD,SOUTHAMPTON ST WEST,Non-Injury Crash,No,2004,North,0.0,,Flat,,,,,Overcast,1479600.0,0.0,0.0,0.0,2.0,0.0,,,Hawke's Bay Region,Nil,2-way,Sealed,0.0,0.0,,50.0,,Null,0.0,0.0,,30.0,Hastings District,Traffic Signals,,,,,0.0,0.0,Urban,1.0,,,Fine
268905,1931692.2813,5605965.4981,545721.0,0.0,0.0,3.0,Null,2019/2020,SH 51,KENILWORTH ROAD,Non-Injury Crash,Yes,2020,West,0.0,,Flat,,,,,Bright sun,1471700.0,0.0,0.0,0.0,2.0,0.0,,,Hawke's Bay Region,Nil,2-way,Sealed,0.0,0.0,,50.0,,Null,0.0,0.0,,30.0,Hastings District,Nil,,,,,0.0,0.0,Urban,0.0,,,Fine
171276,1913402.8473,5618137.7583,545821.0,0.0,0.0,2.0,East,2020/2021,TAIHAPE ROAD,BLACKS BR,Serious Crash,No,2020,North,0.0,,Hill Road,,,,,Dark,1410300.0,3.0,0.0,0.0,2.0,0.0,,,Hawke's Bay Region,Nil,2-way,Sealed,0.0,1.0,,100.0,,None,0.0,0.0,,30.0,Hastings District,Nil,,,,,0.0,0.0,Open,0.0,,,Light rain
439326,1910505.0,5664314.0,545911.0,0.0,0.0,1.0,North,2008/2009,SH 5,TE HAROTO ROAD,Minor Crash,Yes,2009,North,0.0,0.0,Hill Road,0.0,,0.0,0.0,Overcast,1414400.0,4.0,0.0,0.0,2.0,0.0,0.0,,Hawke's Bay Region,Nil,2-way,Sealed,0.0,0.0,0.0,100.0,0.0,Null,1.0,0.0,,30.0,Hastings District,Nil,0.0,0.0,0.0,0.0,0.0,0.0,Open,0.0,0.0,0.0,Fine
40028,1932738.0,5602013.0,548831.0,0.0,0.0,2.0,Null,2015/2016,KARANEMA DRIVE,DONNELLY ST,Non-Injury Crash,No,2015,South,0.0,,Flat,,,,,Overcast,1509600.0,0.0,0.0,0.0,2.0,0.0,,,Hawke's Bay Region,Nil,2-way,Sealed,0.0,0.0,,50.0,,Null,0.0,0.0,,30.0,Hastings District,Give way,,,,,0.0,0.0,Urban,0.0,,,Fine
465543,1933654.0,5602788.0,545750.0,0.0,0.0,1.0,East,2010/2011,ROMANES DRIVE,NAPIER ROAD,Non-Injury Crash,No,2011,East,0.0,0.0,Flat,0.0,,0.0,0.0,Dark,1466202.0,0.0,0.0,0.0,2.0,0.0,0.0,,Hawke's Bay Region,Nil,2-way,Sealed,0.0,0.0,0.0,50.0,0.0,On,0.0,0.0,,30.0,Hastings District,Nil,0.0,0.0,0.0,0.0,0.0,0.0,Urban,0.0,0.0,0.0,Heavy rain
473211,1926512.0,5607777.0,548400.0,0.0,0.0,0.0,Null,2008/2009,Z RECYCLING CENTRE,HENDERSON ROAD,Non-Injury Crash,No,2009,North,0.0,,Flat,,,,,Bright sun,1473400.0,0.0,0.0,0.0,0.0,1.0,,,Hawke's Bay Region,Nil,Off road,Sealed,0.0,0.0,,50.0,,Null,0.0,0.0,,30.0,Hastings District,Nil,,,,,0.0,0.0,Urban,1.0,,,Fine
70518,1927633.0,5607439.0,548400.0,0.0,0.0,1.0,Null,2015/2016,SH 50A,OMAHU ROAD,Non-Injury Crash,Yes,2016,North,0.0,,Flat,,,,,Bright sun,1473600.0,0.0,0.0,0.0,2.0,0.0,,,Hawke's Bay Region,Nil,1-way,Sealed,0.0,0.0,,100.0,,Null,0.0,0.0,,30.0,Hastings District,Give way,,,,,1.0,0.0,Open,0.0,,,Fine
229744,1930253.0,5606769.0,547600.0,0.0,0.0,1.0,West,2009/2010,FREDERICK ST,KONINI ST,Minor Crash,No,2009,South,0.0,,Flat,,,,,Bright sun,1483000.0,1.0,0.0,0.0,2.0,0.0,,,Hawke's Bay Region,Nil,2-way,Sealed,0.0,0.0,,50.0,,Null,1.0,0.0,,30.0,Hastings District,Nil,,,,,0.0,0.0,Urban,0.0,,,Fine
236651,1916181.0,5591128.0,545851.0,0.0,0.0,1.0,South,1999/2000,SH 2,TE AUTE COL,Non-Injury Crash,Yes,2000,North,0.0,0.0,Flat,0.0,,0.0,0.0,Twilight,1464300.0,0.0,0.0,0.0,2.0,0.0,0.0,,Hawke's Bay Region,Nil,2-way,Sealed,0.0,0.0,0.0,100.0,0.0,None,0.0,0.0,,30.0,Hastings District,Nil,0.0,0.0,0.0,0.0,0.0,0.0,Open,0.0,0.0,0.0,Fine
610896,1931299.0155,5614551.2911,545831.0,0.0,0.0,2.0,South,2020/2021,HAWKES BAY EXPRESSWAY,TUTAEKURI BR S,Minor Crash,Yes,2020,North,0.0,0.0,Flat,1.0,,0.0,0.0,Overcast,1404600.0,1.0,0.0,0.0,2.0,0.0,0.0,,Hawke's Bay Region,Nil,2-way,Sealed,0.0,0.0,0.0,100.0,0.0,None,0.0,0.0,,30.0,Hastings District,Unknown,0.0,0.0,0.0,0.0,0.0,0.0,Open,0.0,0.0,0.0,Fine
266233,1929191.0,5605143.0,548200.0,0.0,0.0,3.0,South,2015/2016,SOUTHAMPTON ST WEST,SOUTHLAND ROAD,Non-Injury Crash,No,2015,South,0.0,0.0,Flat,0.0,,0.0,0.0,Dark,1488600.0,0.0,0.0,0.0,2.0,0.0,1.0,,Hawke's Bay Region,Nil,2-way,Sealed,0.0,0.0,0.0,50.0,0.0,On,0.0,0.0,,30.0,Hastings District,Unknown,0.0,0.0,0.0,0.0,0.0,0.0,Urban,0.0,0.0,0.0,Fine
79919,1929549.0,5604672.0,548200.0,0.0,0.0,2.0,Null,2015/2016,SOUTHAMPTON ST WEST,RAILWAY ROAD,Non-Injury Crash,No,2016,North,0.0,,Flat,,,,,Bright sun,1489700.0,0.0,0.0,0.0,2.0,0.0,,,Hawke's Bay Region,Rail xing,2-way,Sealed,0.0,0.0,,50.0,,Null,0.0,0.0,,30.0,Hastings District,Traffic Signals,,,,,0.0,0.0,Urban,0.0,,,Fine
110391,1929607.0,5606901.0,545710.0,0.0,0.0,1.0,South,2005/2006,PAKOWHAI ROAD,DUKE ST,Minor Crash,No,2005,South,0.0,0.0,Flat,0.0,,0.0,0.0,Bright sun,1471300.0,1.0,0.0,0.0,2.0,0.0,0.0,,Hawke's Bay Region,Nil,2-way,Sealed,0.0,0.0,0.0,50.0,0.0,Null,0.0,0.0,,30.0,Hastings District,Nil,0.0,0.0,0.0,0.0,0.0,0.0,Urban,0.0,0.0,0.0,Fine
176540,1936837.0,5610833.0,545730.0,0.0,0.0,1.0,East,2006/2007,SCHOOL ROAD,SUTTON AVENUE,Non-Injury Crash,No,2006,East,0.0,1.0,Flat,0.0,,0.0,0.0,Bright sun,1405006.0,0.0,0.0,0.0,2.0,0.0,0.0,,Hawke's Bay Region,Nil,2-way,Sealed,0.0,0.0,0.0,100.0,0.0,Null,0.0,0.0,,30.0,Hastings District,Nil,0.0,0.0,0.0,1.0,0.0,0.0,Open,0.0,0.0,0.0,Fine
13092,1928386.0,5634521.0,545811.0,0.0,0.0,1.0,Null,2013/2014,SH 5,ELLIS WALLACE ROAD,Non-Injury Crash,Yes,2014,North,0.0,,Hill Road,,,,,Bright sun,1414700.0,0.0,0.0,0.0,2.0,0.0,,,Hawke's Bay Region,Nil,2-way,Sealed,0.0,0.0,,100.0,,None,0.0,0.0,,30.0,Hastings District,Give way,,,,,1.0,0.0,Open,0.0,,,Fine
66384,1929441.0,5605616.0,547700.0,0.0,0.0,2.0,Null,2014/2015,TOMOANA ROAD,QUEEN ST WEST,Non-Injury Crash,No,2015,South,0.0,,Flat,,,,,Bright sun,1488000.0,0.0,0.0,0.0,2.0,0.0,,,Hawke's Bay Region,Nil,2-way,Sealed,0.0,0.0,,50.0,,Null,0.0,0.0,,30.0,Hastings District,Stop,,,,,0.0,0.0,Urban,0.0,,,Fine
569490,1931645.85,5603640.0775,548100.0,0.0,0.0,1.0,Null,2019/2020,LOUIE STREET,KATHLEEN STREET,Non-Injury Crash,No,2019,South,0.0,1.0,Flat,0.0,,0.0,0.0,Dark,1472803.0,0.0,0.0,0.0,2.0,0.0,0.0,,Hawke's Bay Region,Nil,2-way,Sealed,0.0,0.0,0.0,50.0,0.0,On,0.0,0.0,,30.0,Hastings District,Nil,0.0,0.0,0.0,0.0,0.0,0.0,Urban,0.0,0.0,0.0,Light rain