OBJECTID,X,Y,areaUnitID,bicycle,bus,carStationWagon,crashDirectionDescription,crashFinancialYear,crashLocation1,crashLocation2,crashSeverity,crashSHDescription,crashYear,directionRoleDescription,fatalCount,fence,flatHill,guardRail,holiday,houseOrBuilding,kerb,light,meshblockId,minorInjuryCount,moped,motorcycle,NumberOfLanes,otherVehicleType,parkedVehicle,pedestrian,region,roadCharacter,roadLane,roadSurface,schoolBus,seriousInjuryCount,slipOrFlood,speedLimit,strayAnimal,streetLight,suv,taxi,temporarySpeedLimit,tlaId,tlaName,trafficControl,trafficIsland,trafficSign,train,tree,truck,unknownVehicleType,urban,vanOrUtility,vehicle,waterRiver,weatherA
606467,1934276.0,5601813.0,548831.0,0.0,0.0,1.0,East,2006/2007,TE MATA ROAD,EVEREST AVENUE,Non-Injury Crash,No,2007,East,0.0,0.0,Flat,0.0,,0.0,0.0,Bright sun,1510100.0,0.0,0.0,0.0,2.0,0.0,1.0,,Hawke's Bay Region,Nil,2-way,Sealed,0.0,0.0,0.0,50.0,0.0,Null,0.0,0.0,,30.0,Hastings District,Give way,0.0,0.0,0.0,0.0,1.0,0.0,Urban,0.0,0.0,0.0,Fine
518533,1926033.2829,5607667.0753,545761.0,0.0,0.0,3.0,South,2019/2020,HENDERSON ROAD,STEVENS PLACE,Minor Crash,No,2020,North,0.0,,Flat,,,,,Bright sun,1470002.0,3.0,0.0,0.0,2.0,0.0,,,Hawke's Bay Region,Nil,2-way,Sealed,0.0,0.0,,70.0,,None,0.0,0.0,,30.0,Hastings District,Nil,,,,,0.0,0.0,Urban,0.0,,,Fine
309561,1932403.0,5606228.0,545721.0,0.0,0.0,1.0,North,2005/2006,BENNETT ROAD,SH 2,Minor Crash,No,2006,South,0.0,0.0,Flat,0.0,,0.0,0.0,Bright sun,1472000.0,1.0,0.0,1.0,2.0,0.0,1.0,,Hawke's Bay Region,Nil,2-way,Sealed,0.0,0.0,0.0,70.0,0.0,Null,0.0,0.0,,30.0,Hastings District,Nil,0.0,0.0,0.0,0.0,0.0,0.0,Urban,0.0,0.0,0.0,Fine
668781,1942702.1225,5659279.9105,545911.0,0.0,0.0,0.0,North,2018/2019,002-0592,MATAHORUA ROAD,Non-Injury Crash,Yes,2018,East,0.0,1.0,Flat,0.0,,0.0,0.0,Overcast,1416100.0,0.0,0.0,0.0,2.0,0.0,0.0,,Hawke's Bay Region,Nil,2-way,Sealed,0.0,0.0,0.0,100.0,0.0,None,0.0,0.0,50.0,30.0,Hastings District,Unknown,0.0,0.0,0.0,0.0,0.0,0.0,Open,1.0,0.0,0.0,Heavy rain
171641,1932870.0,5606339.0,545721.0,0.0,0.0,1.0,South,2000/2001,SH 2,WAIPATU SETTLEMENT ROAD,Serious Crash,Yes,2001,North,0.0,,Flat,,,,,Overcast,1471800.0,2.0,0.0,0.0,2.0,0.0,,,Hawke's Bay Region,Nil,2-way,Sealed,0.0,2.0,,100.0,,Null,0.0,0.0,,30.0,Hastings District,Nil,,,,,1.0,0.0,Open,0.0,,,Light rain
81352,1908571.0,5674716.0,545911.0,0.0,0.0,1.0,North,2009/2010,SH 5,TATARAAKINA ROAD,Minor Crash,Yes,2010,West,0.0,0.0,Hill Road,0.0,,0.0,0.0,Overcast,1281200.0,1.0,0.0,0.0,2.0,0.0,0.0,,Hawke's Bay Region,Nil,2-way,Sealed,0.0,0.0,0.0,100.0,0.0,Null,0.0,0.0,,30.0,Hastings District,Nil,0.0,0.0,0.0,0.0,0.0,0.0,Open,0.0,0.0,0.0,Fine
279490,1930861.0,5603595.0,548300.0,0.0,0.0,1.0,South,2000/2001,NORTON ROAD,HERETAUNGA ST EAST,Non-Injury Crash,No,2000,South,0.0,,Flat,,,,,Dark,1502700.0,0.0,0.0,0.0,2.0,0.0,,,Hawke's Bay Region,Nil,2-way,Sealed,0.0,0.0,,50.0,,On,0.0,0.0,,30.0,Hastings District,Nil,,,,,0.0,0.0,Urban,1.0,,,Fine
707195,1932801.0,5608139.0,545721.0,0.0,0.0,1.0,Null,2014/2015,RUAHAPIA ROAD,OTENE ROAD,Non-Injury Crash,No,2015,East,0.0,0.0,Flat,0.0,Easter,0.0,0.0,Unknown,1471800.0,0.0,0.0,0.0,2.0,0.0,0.0,,Hawke's Bay Region,Nil,2-way,Sealed,0.0,0.0,0.0,50.0,0.0,Off,0.0,0.0,,30.0,Hastings District,Give way,0.0,0.0,0.0,0.0,0.0,0.0,Urban,0.0,0.0,0.0,Null
560578,1910146.0,5605244.0,545841.0,0.0,0.0,1.0,West,2006/2007,KERERU ROAD,SH 50,Non-Injury Crash,No,2006,West,0.0,,Flat,,,,,Overcast,1462401.0,0.0,0.0,0.0,2.0,0.0,,,Hawke's Bay Region,Nil,2-way,Sealed,0.0,0.0,,100.0,,Null,0.0,0.0,,30.0,Hastings District,Nil,,,,,1.0,0.0,Open,0.0,,,Fine
741735,1929081.0,5606504.0,547800.0,0.0,0.0,1.0,Null,2017/2018,PAKOWHAI ROAD,ST AUBYN ST WEST,Non-Injury Crash,No,2018,South,0.0,,Flat,,,,,Overcast,1477500.0,0.0,0.0,0.0,4.0,0.0,,1.0,Hawke's Bay Region,Nil,2-way,Sealed,0.0,0.0,,50.0,,Null,0.0,0.0,,30.0,Hastings District,Give way,,,,,0.0,0.0,Urban,0.0,,,Light rain
304619,1930510.0,5604594.0,548100.0,0.0,0.0,2.0,Null,2005/2006,WILLOWPARK ROAD NORTH,ST AUBYN ST EAST,Non-Injury Crash,No,2005,North,0.0,,Flat,,,,,Bright sun,1500800.0,0.0,0.0,0.0,2.0,0.0,,,Hawke's Bay Region,Nil,2-way,Sealed,0.0,0.0,,50.0,,Null,0.0,0.0,,30.0,Hastings District,Give way,,,,,0.0,0.0,Urban,0.0,,,Fine
635144,1930737.0,5612869.0,545831.0,0.0,0.0,0.0,South,2014/2015,SH 50A,SH 50 LINKS,Non-Injury Crash,Yes,2015,South,0.0,,Flat,,,,,Bright sun,1404500.0,0.0,0.0,0.0,2.0,0.0,,,Hawke's Bay Region,Nil,2-way,Sealed,0.0,0.0,,100.0,,Null,1.0,0.0,,30.0,Hastings District,Unknown,,,,,0.0,0.0,Open,0.0,,,Fine
450161,1932652.2732,5609500.4165,545832.0,0.0,0.0,2.0,Null,2019/2020,FARNDON ROAD,PAKOWHAI ROAD,Non-Injury Crash,No,2020,South,0.0,,Flat,,,,,Overcast,1404300.0,0.0,0.0,0.0,1.0,0.0,,,Hawke's Bay Region,Nil,1-way,Sealed,0.0,0.0,,80.0,,Off,0.0,0.0,,30.0,Hastings District,Nil,,,,,0.0,0.0,Open,0.0,,,Light rain
482852,1929851.0,5605275.0,548200.0,0.0,0.0,2.0,Null,2000/2001,KING ST NORTH,AVENUE ROAD WEST,Minor Crash,No,2001,East,0.0,,Flat,,Queens Birthday,,,Bright sun,1490900.0,2.0,0.0,0.0,2.0,0.0,,,Hawke's Bay Region,Nil,2-way,Sealed,0.0,0.0,,50.0,,Null,0.0,0.0,,30.0,Hastings District,Give way,,,,,0.0,0.0,Urban,0.0,,,Fine
556056,1931730.0,5601503.0,548810.0,0.0,0.0,2.0,Null,2009/2010,TE AUTE ROAD,LIPSCOMBE CRESCENT,Minor Crash,No,2010,East,0.0,,Flat,,,,,Bright sun,1505400.0,2.0,0.0,0.0,2.0,0.0,,,Hawke's Bay Region,Nil,2-way,Sealed,0.0,0.0,,50.0,,Null,0.0,0.0,,30.0,Hastings District,Give way,,,,,0.0,0.0,Urban,0.0,,,Fine
425852,1929610.0,5606296.0,547600.0,0.0,0.0,1.0,West,2000/2001,FITZROY AVENUE,GRAYS ROAD,Non-Injury Crash,No,2000,West,0.0,0.0,Flat,0.0,Christmas New Year,0.0,0.0,Dark,1485300.0,0.0,0.0,0.0,2.0,0.0,0.0,,Hawke's Bay Region,Nil,2-way,Sealed,0.0,0.0,0.0,50.0,0.0,On,0.0,0.0,,30.0,Hastings District,Nil,0.0,0.0,0.0,0.0,0.0,0.0,Urban,0.0,0.0,0.0,Fine
169975,1928123.0,5600905.0,545852.0,0.0,0.0,1.0,West,2012/2013,TE AUTE ROAD,LONGLANDS ROAD EAST,Minor Crash,No,2012,East,0.0,0.0,Flat,0.0,,0.0,0.0,Dark,1465700.0,1.0,0.0,0.0,2.0,0.0,0.0,,Hawke's Bay Region,Nil,2-way,Sealed,0.0,0.0,0.0,100.0,0.0,None,0.0,0.0,,30.0,Hastings District,Nil,0.0,0.0,0.0,0.0,0.0,0.0,Open,0.0,0.0,0.0,Fine
318809,1927436.3721,5607544.2045,548400.0,0.0,0.0,2.0,South,2018/2019,OMAHU ROAD,KELFIELD PLACE,Non-Injury Crash,No,2019,North,0.0,,Flat,,,,,Bright sun,1473500.0,0.0,0.0,0.0,2.0,0.0,,,Hawke's Bay Region,Nil,2-way,Sealed,0.0,0.0,,50.0,,Off,0.0,0.0,30.0,30.0,Hastings District,Nil,,,,,0.0,0.0,Urban,1.0,,,Fine
681677,1924534.0,5607909.0,548612.0,0.0,0.0,2.0,East,2010/2011,FLAXMERE AVENUE,DIAZ DRIVE,Minor Crash,No,2010,West,0.0,1.0,Flat,0.0,Christmas New Year,0.0,0.0,Dark,1474106.0,2.0,0.0,0.0,2.0,0.0,1.0,,Hawke's Bay Region,Nil,2-way,Sealed,0.0,0.0,0.0,50.0,0.0,On,0.0,0.0,,30.0,Hastings District,Nil,0.0,0.0,0.0,0.0,0.0,0.0,Urban,0.0,0.0,0.0,Fine
401849,1925025.0,5606262.0,548620.0,0.0,0.0,1.0,West,2000/2001,SUNDERLAND DRIVE,HULL ST,Non-Injury Crash,No,2000,West,0.0,0.0,Flat,0.0,Christmas New Year,0.0,0.0,Dark,1475100.0,0.0,0.0,0.0,2.0,0.0,1.0,,Hawke's Bay Region,Nil,2-way,Sealed,0.0,0.0,0.0,50.0,0.0,On,0.0,0.0,,30.0,Hastings District,Nil,0.0,0.0,0.0,0.0,0.0,0.0,Urban,1.0,0.0,0.0,Fine
207262,1930631.0,5607675.0,545710.0,0.0,0.0,1.0,North,2003/2004,PAKOWHAI ROAD,EVENDEN ROAD,Non-Injury Crash,No,2003,South,0.0,,Flat,,,,,Dark,1471100.0,0.0,0.0,0.0,2.0,0.0,,,Hawke's Bay Region,Nil,2-way,Sealed,0.0,0.0,,100.0,,None,0.0,0.0,,30.0,Hastings District,Nil,,,,,0.0,0.0,Open,1.0,,,Fine
495239,1930528.0,5610465.0,545832.0,0.0,0.0,1.0,North,2007/2008,SH 50A,NGARURORO BR,Minor Crash,Yes,2008,North,0.0,0.0,Flat,0.0,,0.0,0.0,Dark,1404400.0,1.0,0.0,0.0,2.0,0.0,0.0,,Hawke's Bay Region,Nil,2-way,Unsealed,0.0,0.0,0.0,100.0,0.0,None,0.0,0.0,30.0,30.0,Hastings District,Nil,0.0,0.0,0.0,0.0,0.0,0.0,Open,0.0,0.0,0.0,Fine
102372,1924963.0,5607483.0,548612.0,0.0,0.0,1.0,Null,2014/2015,CHATHAM ROAD,BAFFIN PLACE,Non-Injury Crash,No,2015,North,0.0,0.0,Flat,0.0,Christmas New Year,0.0,0.0,Bright sun,1474118.0,0.0,0.0,0.0,2.0,0.0,0.0,,Hawke's Bay Region,Nil,2-way,Sealed,0.0,0.0,0.0,50.0,0.0,Null,0.0,0.0,,30.0,Hastings District,Nil,0.0,1.0,0.0,0.0,0.0,0.0,Urban,0.0,0.0,0.0,Fine
175900,1931602.0,5601481.0,545762.0,0.0,0.0,0.0,North,2008/2009,TE AUTE ROAD,GILPIN ROAD,Minor Crash,No,2008,North,0.0,,Flat,,,,,Overcast,1465200.0,1.0,0.0,1.0,2.0,0.0,,,Hawke's Bay Region,Nil,2-way,Sealed,0.0,0.0,,100.0,,Null,0.0,0.0,,30.0,Hastings District,Nil,,,,,0.0,0.0,Open,0.0,,,Light rain
104386,1924970.0,5597980.0,545851.0,0.0,0.0,1.0,South,2007/2008,SH 2,STOCK ROAD,Non-Injury Crash,Yes,2007,North,0.0,0.0,Flat,0.0,,0.0,0.0,Dark,1463900.0,0.0,0.0,0.0,2.0,0.0,0.0,,Hawke's Bay Region,Nil,2-way,Sealed,0.0,0.0,0.0,100.0,0.0,None,0.0,0.0,,30.0,Hastings District,Nil,0.0,0.0,0.0,0.0,0.0,0.0,Open,0.0,0.0,0.0,Fine
108754,1929634.0,5605762.0,548200.0,0.0,0.0,2.0,Null,2017/2018,TOMOANA ROAD,ST AUBYN ST WEST,Non-Injury Crash,No,2017,West,0.0,,Flat,,,,,Bright sun,1490300.0,0.0,0.0,0.0,2.0,0.0,,,Hawke's Bay Region,Nil,2-way,Sealed,0.0,0.0,,50.0,,Null,0.0,0.0,,30.0,Hastings District,Traffic Signals,,,,,0.0,0.0,Urban,0.0,,,Fine
440042,1925214.0,5606875.0,548620.0,0.0,0.0,1.0,Null,2018/2019,SWANSEA ROAD,BRISTOL CRESCENT,Non-Injury Crash,No,2018,North,0.0,,Flat,,,,,Dark,1476500.0,0.0,0.0,0.0,1.0,0.0,,,Hawke's Bay Region,Nil,2-way,Sealed,0.0,0.0,,50.0,,On,0.0,0.0,20.0,30.0,Hastings District,Nil,,,,,1.0,0.0,Urban,0.0,,,Fine
164004,1918302.0,5651178.0,545911.0,0.0,0.0,2.0,South,2015/2016,SH 5,OLSENS GATE,Non-Injury Crash,Yes,2016,North,0.0,0.0,Hill Road,0.0,,0.0,0.0,Bright sun,1415900.0,0.0,0.0,0.0,2.0,0.0,0.0,,Hawke's Bay Region,Nil,2-way,Sealed,0.0,0.0,0.0,100.0,0.0,None,0.0,0.0,,30.0,Hastings District,Nil,0.0,0.0,0.0,0.0,0.0,0.0,Open,0.0,0.0,0.0,Fine
424825,1930575.0,5606025.0,547600.0,1.0,0.0,1.0,West,2010/2011,NELSON ST NORTH,BURNETT ST,Serious Crash,No,2010,West,0.0,,Flat,,,,,Bright sun,1483600.0,0.0,0.0,0.0,2.0,0.0,,,Hawke's Bay Region,Nil,2-way,Sealed,0.0,1.0,,50.0,,Null,0.0,0.0,,30.0,Hastings District,Nil,,,,,0.0,0.0,Urban,0.0,,,Fine
621119,1906303.0,5601635.0,545841.0,0.0,0.0,1.0,North,2016/2017,SH 50,GLENCOE STATION ROAD,Minor Crash,Yes,2017,North,0.0,1.0,Flat,0.0,,0.0,0.0,Overcast,1462600.0,1.0,0.0,0.0,2.0,0.0,0.0,,Hawke's Bay Region,Nil,2-way,Sealed,0.0,0.0,0.0,100.0,0.0,Null,0.0,0.0,,30.0,Hastings District,Unknown,0.0,0.0,0.0,0.0,0.0,0.0,Open,0.0,0.0,0.0,Light rain
126617,1930974.0,5605651.0,548000.0,0.0,0.0,3.0,North,2017/2018,FREDERICK ST,KARAMU ROAD NORTH,Non-Injury Crash,No,2018,South,0.0,0.0,Flat,0.0,,0.0,0.0,Overcast,1495700.0,0.0,0.0,0.0,2.0,0.0,1.0,,Hawke's Bay Region,Nil,2-way,Sealed,0.0,0.0,0.0,50.0,0.0,Null,0.0,0.0,,30.0,Hastings District,Unknown,0.0,0.0,0.0,0.0,0.0,0.0,Urban,0.0,0.0,0.0,Light rain
80790,1936442.0,5601102.0,548833.0,0.0,0.0,0.0,South,2012/2013,WAIMARAMA ROAD,TE MATA ROAD,Non-Injury Crash,No,2013,South,0.0,1.0,Flat,0.0,,0.0,0.0,Dark,1466802.0,0.0,0.0,0.0,2.0,0.0,0.0,,Hawke's Bay Region,Nil,2-way,Sealed,0.0,0.0,0.0,100.0,0.0,None,0.0,0.0,,30.0,Hastings District,Nil,0.0,0.0,0.0,0.0,0.0,0.0,Open,1.0,0.0,0.0,Light rain
319452,1916296.0,5633148.0,545821.0,0.0,0.0,1.0,North,2015/2016,PUKETITIRI ROAD,SOLDIERS SETTLEMENT ROAD,Non-Injury Crash,No,2016,South,0.0,0.0,Hill Road,0.0,,0.0,0.0,Dark,1412200.0,0.0,0.0,0.0,2.0,0.0,0.0,,Hawke's Bay Region,Nil,2-way,Sealed,0.0,0.0,0.0,100.0,0.0,None,0.0,0.0,,30.0,Hastings District,Unknown,0.0,0.0,0.0,0.0,0.0,0.0,Open,0.0,0.0,0.0,Fine
658701,1931140.3415,5605426.7149,548000.0,0.0,0.0,2.0,North,2019/2020,GROVE ROAD,AMANDA PLACE,Non-Injury Crash,No,2019,South,0.0,,Flat,,Labour Weekend,,,Overcast,1497500.0,0.0,0.0,0.0,2.0,0.0,,,Hawke's Bay Region,Nil,2-way,Sealed,0.0,0.0,,50.0,,Off,0.0,0.0,,30.0,Hastings District,Nil,,,,,0.0,0.0,Urban,0.0,,,Fine
457007,1936021.8755,5610631.2438,545730.0,0.0,0.0,1.0,South,2019/2020,MILL ROAD,SH 51,Minor Crash,No,2020,East,0.0,1.0,Flat,0.0,,0.0,0.0,Bright sun,1405600.0,1.0,0.0,0.0,2.0,0.0,0.0,,Hawke's Bay Region,Nil,2-way,Sealed,0.0,0.0,0.0,50.0,0.0,Off,0.0,0.0,,30.0,Hastings District,Nil,0.0,0.0,0.0,0.0,0.0,0.0,Urban,1.0,0.0,0.0,Fine
103628,1928664.0,5617991.0,545821.0,0.0,0.0,1.0,West,2004/2005,PUKETAPU ROAD,HARPHAM ST,Serious Crash,No,2004,South,0.0,0.0,Hill Road,0.0,,0.0,0.0,Bright sun,1410902.0,0.0,0.0,0.0,2.0,0.0,0.0,,Hawke's Bay Region,Nil,2-way,Sealed,0.0,1.0,0.0,100.0,0.0,Null,0.0,0.0,,30.0,Hastings District,Nil,0.0,0.0,0.0,0.0,0.0,0.0,Open,0.0,0.0,0.0,Fine
536766,1913262.0,5587167.0,545851.0,0.0,0.0,1.0,South,2003/2004,SH 2,WAIKAREAO ROAD,Non-Injury Crash,Yes,2003,North,0.0,1.0,Flat,0.0,,0.0,0.0,Dark,1464600.0,0.0,0.0,0.0,2.0,0.0,0.0,,Hawke's Bay Region,Nil,2-way,Sealed,0.0,0.0,0.0,100.0,0.0,None,0.0,0.0,,30.0,Hastings District,Nil,0.0,0.0,0.0,0.0,0.0,0.0,Open,1.0,0.0,0.0,Fine
571786,1930100.0,5605661.0,548200.0,0.0,0.0,2.0,Null,2001/2002,NELSON ST NORTH,FITZROY AVENUE,Non-Injury Crash,No,2001,South,0.0,,Flat,,Christmas New Year,,,Bright sun,1491100.0,0.0,0.0,0.0,2.0,0.0,,,Hawke's Bay Region,Nil,2-way,Sealed,0.0,0.0,,50.0,,Null,0.0,0.0,,30.0,Hastings District,Give way,,,,,0.0,0.0,Urban,0.0,,,Fine
656112,1925560.8013,5606355.7853,548620.0,0.0,0.0,1.0,Null,2018/2019,WILSON ROAD,ARBROATH AVENUE,Non-Injury Crash,No,2019,North,0.0,,Flat,,,,,Dark,1475500.0,0.0,0.0,0.0,2.0,0.0,,,Hawke's Bay Region,Nil,2-way,Sealed,0.0,0.0,,50.0,,On,0.0,0.0,,30.0,Hastings District,Give way,,,,,0.0,0.0,Urban,1.0,,,Fine
127353,1932575.0,5608502.0,545721.0,0.0,0.0,1.0,Null,2006/2007,RUAHAPIA ROAD,WHAKATU ROAD,Non-Injury Crash,No,2007,East,0.0,0.0,Flat,0.0,,0.0,0.0,Bright sun,1471600.0,0.0,0.0,0.0,2.0,0.0,0.0,,Hawke's Bay Region,Nil,2-way,Sealed,0.0,0.0,0.0,100.0,0.0,Null,0.0,0.0,,30.0,Hastings District,Give way,0.0,0.0,0.0,0.0,0.0,0.0,Open,0.0,0.0,0.0,Fine
72939,1930084.0,5600854.0,545762.0,0.0,0.0,0.0,West,2018/2019,TE AUTE ROAD,RICHARD ROAD,Minor Crash,No,2018,East,0.0,1.0,Flat,0.0,,0.0,0.0,Bright sun,1465300.0,1.0,0.0,0.0,2.0,0.0,0.0,,Hawke's Bay Region,Nil,2-way,Sealed,0.0,0.0,0.0,100.0,0.0,Null,0.0,0.0,,30.0,Hastings District,Unknown,0.0,0.0,0.0,0.0,0.0,0.0,Open,1.0,0.0,0.0,Fine
128564,1930785.0,5607794.0,545710.0,0.0,0.0,1.0,South,2012/2013,PAKOWHAI ROAD,RICHMOND ROAD,Minor Crash,No,2012,South,0.0,,Flat,,,,,Bright sun,1471100.0,1.0,0.0,0.0,2.0,0.0,,,Hawke's Bay Region,Nil,2-way,Sealed,0.0,0.0,,100.0,,Null,0.0,0.0,,30.0,Hastings District,Nil,,,,,0.0,0.0,Open,0.0,,,Fine
74115,1931253.0,5605696.0,548000.0,0.0,0.0,2.0,South,2008/2009,KARAMU ROAD NORTH,MAYFAIR AVENUE,Non-Injury Crash,No,2008,North,0.0,,Flat,,,,,Twilight,1495600.0,0.0,0.0,0.0,2.0,0.0,,,Hawke's Bay Region,Nil,2-way,Sealed,0.0,0.0,,50.0,,Off,0.0,0.0,,30.0,Hastings District,Nil,,,,,0.0,0.0,Urban,0.0,,,Fine
419227,1929851.0,5605477.0,548200.0,0.0,0.0,1.0,Null,2001/2002,NELSON ST NORTH,ST AUBYN ST WEST,Non-Injury Crash,No,2002,South,0.0,0.0,Flat,0.0,,0.0,0.0,Bright sun,1491000.0,0.0,0.0,0.0,3.0,0.0,0.0,,Hawke's Bay Region,Nil,2-way,Sealed,0.0,0.0,0.0,50.0,0.0,Null,0.0,0.0,,30.0,Hastings District,Traffic Signals,0.0,0.0,0.0,0.0,0.0,0.0,Urban,0.0,0.0,0.0,Fine
414888,1936855.0,5612880.0,545832.0,0.0,0.0,1.0,Null,1999/2000,SH 2,NGARURORO BR,Minor Crash,Yes,2000,South,0.0,0.0,Flat,0.0,,0.0,0.0,Dark,1404200.0,1.0,0.0,0.0,2.0,0.0,0.0,,Hawke's Bay Region,Bridge,2-way,Sealed,0.0,0.0,0.0,100.0,0.0,None,0.0,0.0,,30.0,Hastings District,Nil,0.0,0.0,0.0,0.0,0.0,0.0,Open,0.0,0.0,0.0,Fine
367589,1913917.0,5617716.0,545821.0,0.0,0.0,0.0,West,2009/2010,TAIHAPE ROAD,MATAPIRO ROAD,Serious Crash,No,2009,North,0.0,0.0,Hill Road,0.0,,0.0,0.0,Bright sun,1410300.0,0.0,0.0,1.0,2.0,0.0,0.0,,Hawke's Bay Region,Nil,2-way,Sealed,0.0,1.0,0.0,100.0,0.0,Null,0.0,0.0,,30.0,Hastings District,Nil,0.0,0.0,0.0,0.0,0.0,0.0,Open,0.0,0.0,0.0,Fine
296075,1924824.0,5612796.0,545822.0,0.0,0.0,0.0,West,2017/2018,SH 50,MILL STM CULV,Minor Crash,Yes,2018,East,0.0,,Flat,,,,,Overcast,1408800.0,1.0,0.0,0.0,2.0,1.0,,,Hawke's Bay Region,Nil,2-way,Sealed,0.0,0.0,,100.0,,Null,0.0,0.0,,30.0,Hastings District,Nil,,,,,0.0,0.0,Open,0.0,,,Fine
145051,1916400.0,5604818.0,545841.0,0.0,0.0,1.0,North,2007/2008,MARAEKAKAHO ROAD,SH 50,Minor Crash,No,2008,North,0.0,,Flat,,,,,Bright sun,1463000.0,2.0,0.0,0.0,2.0,0.0,,,Hawke's Bay Region,Nil,2-way,Sealed,0.0,0.0,,100.0,,Null,0.0,0.0,,30.0,Hastings District,Nil,,,,,1.0,0.0,Open,0.0,,,Fine
111492,1923534.0,5588870.0,545851.0,0.0,0.0,1.0,North,2003/2004,MIDDLE ROAD,ROWE ROAD,Minor Crash,No,2003,North,0.0,0.0,Hill Road,0.0,,0.0,0.0,Bright sun,1466102.0,1.0,0.0,0.0,2.0,0.0,0.0,,Hawke's Bay Region,Nil,2-way,Sealed,0.0,0.0,0.0,100.0,0.0,Null,0.0,0.0,,30.0,Hastings District,Nil,0.0,0.0,0.0,0.0,0.0,0.0,Open,0.0,0.0,0.0,Fine
539791,1927581.0,5605346.0,545761.0,2.0,0.0,0.0,South,2005/2006,MARAEKAKAHO ROAD,WALL ROAD,Serious Crash,No,2006,North,0.0,,Flat,,,,,Bright sun,1469905.0,1.0,0.0,0.0,2.0,0.0,,,Hawke's Bay Region,Nil,2-way,Sealed,0.0,1.0,,70.0,,Null,0.0,0.0,,30.0,Hastings District,Nil,,,,,0.0,0.0,Urban,0.0,,,Fine
463432,1930340.0,5604821.0,548200.0,0.0,0.0,1.0,Null,2003/2004,ST AUBYN ST EAST,HASTINGS ST NORTH,Non-Injury Crash,No,2003,South,0.0,,Flat,,,,,Twilight,1493501.0,0.0,0.0,0.0,2.0,0.0,,,Hawke's Bay Region,Nil,2-way,Sealed,0.0,0.0,,50.0,,Off,0.0,0.0,,30.0,Hastings District,Give way,,,,,0.0,0.0,Urban,1.0,,,Fine
716130,1918247.8715,5653500.5903,545912.0,0.0,0.0,0.0,South,2018/2019,005-0220,RICHMOND ROAD,Non-Injury Crash,Yes,2018,North,0.0,0.0,Hill Road,0.0,,0.0,0.0,Overcast,1414504.0,0.0,0.0,0.0,2.0,0.0,0.0,,Hawke's Bay Region,Nil,2-way,Sealed,0.0,0.0,0.0,100.0,0.0,None,0.0,0.0,,30.0,Hastings District,Unknown,0.0,0.0,0.0,0.0,0.0,0.0,Open,1.0,0.0,0.0,Light rain
542400,1933775.0,5601249.0,548832.0,0.0,0.0,1.0,North,1999/2000,MCHARDY ST,GREENWOOD ROAD,Non-Injury Crash,No,2000,South,0.0,,Hill Road,,,,,Dark,1508700.0,0.0,0.0,0.0,2.0,0.0,,,Hawke's Bay Region,Nil,2-way,Sealed,0.0,0.0,,50.0,,On,0.0,0.0,,30.0,Hastings District,Nil,,,,,0.0,0.0,Urban,0.0,,,Fine
155165,1930872.0,5607861.0,545710.0,0.0,0.0,1.0,South,2016/2017,PAKOWHAI ROAD,RICHMOND ROAD,Minor Crash,No,2016,North,0.0,0.0,Flat,0.0,,0.0,0.0,Overcast,1471100.0,1.0,0.0,0.0,2.0,0.0,0.0,,Hawke's Bay Region,Nil,2-way,Sealed,0.0,0.0,0.0,80.0,0.0,Null,0.0,0.0,,30.0,Hastings District,Unknown,0.0,1.0,0.0,0.0,0.0,0.0,Open,0.0,0.0,0.0,Fine
31498,1932281.0,5601314.0,548810.0,0.0,0.0,1.0,Null,2018/2019,MIDDLE ROAD,NGARIMU ST,Minor Crash,No,2018,North,0.0,,Flat,,,,,Overcast,1505800.0,1.0,0.0,0.0,2.0,0.0,,,Hawke's Bay Region,Nil,2-way,Sealed,0.0,0.0,,50.0,,Null,0.0,0.0,,30.0,Hastings District,Give way,,,,,0.0,0.0,Urban,1.0,,,Fine
432712,1913175.0,5657656.0,545911.0,0.0,0.0,0.0,South,2005/2006,SH 5,MCVICAR ROAD,Minor Crash,Yes,2006,South,0.0,0.0,Flat,0.0,,0.0,0.0,Overcast,1414400.0,1.0,0.0,0.0,2.0,0.0,0.0,,Hawke's Bay Region,Nil,2-way,Sealed,0.0,0.0,0.0,100.0,0.0,Null,0.0,0.0,,30.0,Hastings District,Nil,0.0,0.0,0.0,0.0,0.0,0.0,Open,1.0,0.0,0.0,Light rain
566903,1929839.0,5605493.0,548200.0,0.0,0.0,1.0,North,2006/2007,ST AUBYN ST WEST,NELSON ST NORTH,Non-Injury Crash,No,2007,North,0.0,,Flat,,,,,Overcast,1490405.0,0.0,0.0,0.0,3.0,0.0,,,Hawke's Bay Region,Nil,2-way,Sealed,0.0,0.0,,50.0,,Null,0.0,0.0,,30.0,Hastings District,Nil,,,,,1.0,0.0,Urban,0.0,,,Light rain
559462,1935512.0,5609652.0,545730.0,0.0,0.0,1.0,North,2007/2008,SH 2,RICHMOND ROAD,Minor Crash,Yes,2007,North,0.0,,Flat,,,,,Bright sun,1404700.0,1.0,0.0,1.0,2.0,0.0,,,Hawke's Bay Region,Nil,2-way,Sealed,0.0,0.0,,100.0,,Null,0.0,0.0,,30.0,Hastings District,Nil,,,,,0.0,0.0,Open,0.0,,,Fine