OBJECTID,X,Y,areaUnitID,bicycle,bus,carStationWagon,crashDirectionDescription,crashFinancialYear,crashLocation1,crashLocation2,crashSeverity,crashSHDescription,crashYear,directionRoleDescription,fatalCount,fence,flatHill,guardRail,holiday,houseOrBuilding,kerb,light,meshblockId,minorInjuryCount,moped,motorcycle,NumberOfLanes,otherVehicleType,parkedVehicle,pedestrian,region,roadCharacter,roadLane,roadSurface,schoolBus,seriousInjuryCount,slipOrFlood,speedLimit,strayAnimal,streetLight,suv,taxi,temporarySpeedLimit,tlaId,tlaName,trafficControl,trafficIsland,trafficSign,train,tree,truck,unknownVehicleType,urban,vanOrUtility,vehicle,waterRiver,weatherA
385198,1927915.0,5606226.0,548500.0,0.0,0.0,0.0,South,2018/2019,LOWE ST,HUIA ST,Non-Injury Crash,No,2018,North,0.0,,Flat,,,,,Dark,1479400.0,0.0,0.0,0.0,2.0,0.0,,,Hawke's Bay Region,Nil,2-way,Sealed,0.0,0.0,,50.0,,On,0.0,0.0,,30.0,Hastings District,Unknown,,,,,0.0,0.0,Urban,1.0,,,Fine
33042,1927501.0,5603870.0,545761.0,0.0,0.0,1.0,Null,2005/2006,SOUTHLAND ROAD,HEATHCOTE ROAD,Minor Crash,No,2006,South,0.0,,Flat,,,,,Bright sun,1468801.0,1.0,0.0,0.0,2.0,0.0,,,Hawke's Bay Region,Nil,2-way,Sealed,0.0,0.0,,100.0,,Null,0.0,0.0,,30.0,Hastings District,Give way,,,,,0.0,0.0,Open,0.0,,,Fine
652413,1929559.0,5604559.0,548300.0,0.0,0.0,3.0,West,2013/2014,KARAMU ROAD SOUTH,SOUTHAMPTON ST EAST,Minor Crash,No,2013,East,0.0,,Flat,,,,,Bright sun,1503100.0,2.0,0.0,0.0,2.0,0.0,,,Hawke's Bay Region,Nil,2-way,Sealed,0.0,0.0,,50.0,,Null,0.0,0.0,,30.0,Hastings District,Nil,,,,,0.0,0.0,Urban,0.0,,,Fine
430781,1931112.0,5605949.0,548000.0,0.0,0.0,2.0,South,2016/2017,MAYFAIR AVENUE,CAROLINE ROAD,Non-Injury Crash,No,2017,North,0.0,0.0,Flat,0.0,,0.0,0.0,Dark,1495600.0,0.0,0.0,0.0,2.0,0.0,1.0,,Hawke's Bay Region,Nil,2-way,Sealed,0.0,0.0,0.0,50.0,0.0,On,0.0,0.0,,30.0,Hastings District,Unknown,0.0,0.0,0.0,0.0,0.0,0.0,Urban,0.0,0.0,0.0,Fine
285906,1926345.0,5606425.0,545761.0,0.0,0.0,1.0,North,2010/2011,SH 50A,FLAXMERE AVENUE,Non-Injury Crash,Yes,2011,South,0.0,0.0,Flat,0.0,,0.0,0.0,Dark,1469905.0,0.0,0.0,0.0,2.0,0.0,0.0,,Hawke's Bay Region,Nil,2-way,Sealed,0.0,0.0,0.0,100.0,0.0,On,0.0,0.0,,30.0,Hastings District,Nil,0.0,1.0,0.0,0.0,0.0,0.0,Open,0.0,0.0,0.0,Fine
138780,1930149.0,5604677.0,548200.0,0.0,0.0,2.0,Null,2014/2015,QUEEN ST EAST,HASTINGS ST NORTH,Non-Injury Crash,No,2014,West,0.0,,Flat,,,,,Bright sun,1493400.0,0.0,0.0,0.0,2.0,0.0,,,Hawke's Bay Region,Nil,2-way,Sealed,0.0,0.0,,50.0,,Null,0.0,0.0,,30.0,Hastings District,Give way,,,,,0.0,0.0,Urban,0.0,,,Fine
37325,1934136.7968,5605910.2507,545750.0,0.0,0.0,2.0,South,2018/2019,NAPIER ROAD,PANAPA ROAD,Minor Crash,No,2019,South,0.0,,Flat,,Easter,,,Twilight,1406600.0,1.0,0.0,0.0,2.0,0.0,,,Hawke's Bay Region,Nil,2-way,Sealed,0.0,0.0,,80.0,,Off,0.0,0.0,,30.0,Hastings District,Nil,,,,,0.0,0.0,Open,0.0,,,Fine
498831,1932575.0,5608502.0,545721.0,1.0,0.0,0.0,Null,2007/2008,RUAHAPIA ROAD,WHAKATU ROAD,Serious Crash,No,2008,North,0.0,,Flat,,,,,Bright sun,1471600.0,0.0,0.0,0.0,3.0,0.0,,,Hawke's Bay Region,Nil,2-way,Sealed,0.0,1.0,,100.0,,Null,0.0,0.0,,30.0,Hastings District,Give way,,,,,0.0,0.0,Open,1.0,,,Fine
608432,1925550.0,5637717.0,545811.0,0.0,0.0,1.0,South,1999/2000,SH 5,GLENGARRY ROAD,Non-Injury Crash,Yes,2000,South,0.0,0.0,Hill Road,0.0,,0.0,0.0,Dark,1414800.0,0.0,0.0,0.0,3.0,0.0,0.0,,Hawke's Bay Region,Nil,2-way,Sealed,0.0,0.0,0.0,100.0,0.0,None,0.0,0.0,,30.0,Hastings District,Nil,0.0,0.0,0.0,0.0,0.0,0.0,Open,0.0,0.0,0.0,Heavy rain
321063,1924251.0,5607722.0,548611.0,0.0,0.0,1.0,Null,2005/2006,LANDER ST,LANDER PLACE,Non-Injury Crash,No,2005,West,0.0,,Flat,,,,,Bright sun,1470305.0,0.0,0.0,0.0,2.0,0.0,,,Hawke's Bay Region,Nil,2-way,Sealed,0.0,0.0,,50.0,,Null,0.0,0.0,,30.0,Hastings District,Nil,,,,,0.0,0.0,Urban,1.0,,,Fine
528022,1928182.5673,5605078.3053,547900.0,1.0,0.0,0.0,South,2019/2020,OLIPHANT ROAD,FLORENCE STREET,Minor Crash,No,2020,West,0.0,,Flat,,,,,Bright sun,1481601.0,1.0,0.0,0.0,2.0,0.0,,,Hawke's Bay Region,Nil,2-way,Sealed,0.0,0.0,,50.0,,None,1.0,0.0,,30.0,Hastings District,Nil,,,,,0.0,0.0,Urban,0.0,,,Fine
285069,1933489.0,5603117.0,545750.0,0.0,0.0,1.0,North,2005/2006,NAPIER ROAD,ROMANES ROAD,Serious Crash,No,2005,North,0.0,,Flat,,,,,Dark,1466202.0,0.0,0.0,1.0,2.0,0.0,,,Hawke's Bay Region,Nil,2-way,Sealed,0.0,1.0,,50.0,,None,0.0,0.0,,30.0,Hastings District,Nil,,,,,0.0,0.0,Urban,0.0,,,Fine
591490,1929305.0,5603477.0,548300.0,0.0,0.0,2.0,West,2004/2005,MURDOCH ROAD EAST,RIVERSLEA ROAD SOUTH,Minor Crash,No,2005,East,0.0,,Flat,,,,,Bright sun,1503800.0,1.0,0.0,0.0,2.0,0.0,,,Hawke's Bay Region,Nil,2-way,Sealed,0.0,0.0,,50.0,,Null,0.0,0.0,,30.0,Hastings District,Nil,,,,,0.0,0.0,Urban,0.0,,,Fine
170539,1929859.6598,5608357.7584,545710.0,0.0,0.0,1.0,South,2018/2019,EVENDEN ROAD,PERCIVAL ROAD,Minor Crash,No,2019,East,0.0,,Flat,,,,,Bright sun,1471300.0,1.0,1.0,0.0,2.0,0.0,,,Hawke's Bay Region,Nil,2-way,Sealed,0.0,0.0,,80.0,,Off,0.0,0.0,,30.0,Hastings District,Nil,,,,,0.0,0.0,Open,0.0,,,Fine
490643,1932378.0,5610805.0,545832.0,0.0,0.0,2.0,North,2005/2006,PAKOWHAI ROAD,HODGSON ROAD,Minor Crash,No,2005,South,0.0,,Flat,,,,,Bright sun,1404000.0,1.0,0.0,0.0,2.0,0.0,,,Hawke's Bay Region,Nil,2-way,Sealed,0.0,0.0,,100.0,,Null,0.0,0.0,,30.0,Hastings District,Nil,,,,,0.0,0.0,Open,0.0,,,Fine
665478,1931660.0,5601809.0,548810.0,0.0,0.0,1.0,North,2004/2005,LIPSCOMBE CRESCENT,SEFTON ST,Non-Injury Crash,No,2005,East,0.0,1.0,Flat,0.0,,0.0,0.0,Overcast,1504900.0,0.0,0.0,0.0,2.0,0.0,0.0,,Hawke's Bay Region,Nil,2-way,Sealed,0.0,0.0,0.0,50.0,0.0,Null,0.0,0.0,,30.0,Hastings District,Nil,0.0,0.0,0.0,1.0,0.0,0.0,Urban,0.0,0.0,0.0,Light rain
446719,1929851.0,5605275.0,548200.0,0.0,0.0,1.0,Null,2000/2001,KING ST NORTH,AVENUE ROAD WEST,Non-Injury Crash,No,2000,East,0.0,0.0,Flat,0.0,,1.0,0.0,Bright sun,1490900.0,0.0,0.0,0.0,2.0,0.0,0.0,,Hawke's Bay Region,Nil,2-way,Sealed,0.0,0.0,0.0,50.0,0.0,Null,0.0,0.0,,30.0,Hastings District,Give way,0.0,0.0,0.0,0.0,0.0,0.0,Urban,1.0,0.0,0.0,Fine
233267,1929480.0,5605363.0,548200.0,0.0,0.0,3.0,East,2003/2004,HERETAUNGA ST WEST,SOUTHLAND ROAD,Non-Injury Crash,No,2003,East,0.0,,Flat,,,,,Bright sun,1490100.0,0.0,0.0,0.0,2.0,0.0,,,Hawke's Bay Region,Nil,2-way,Sealed,0.0,0.0,,50.0,,Null,0.0,0.0,,30.0,Hastings District,Nil,,,,,0.0,0.0,Urban,1.0,,,Fine
21058,1932252.0,5609008.0,545721.0,0.0,0.0,1.0,South,2004/2005,PAKOWHAI ROAD,RUAHAPIA ROAD,Non-Injury Crash,No,2004,South,0.0,,Flat,,,,,Overcast,1471600.0,0.0,0.0,0.0,4.0,0.0,,,Hawke's Bay Region,Nil,2-way,Sealed,0.0,0.0,,100.0,,Null,0.0,0.0,,30.0,Hastings District,Give way,,,,,0.0,0.0,Open,1.0,,,Light rain
383080,1928870.4562,5605513.6429,547700.0,0.0,0.0,1.0,West,2018/2019,SOUTHAMPTON STREET WEST,PEPPER STREET,Non-Injury Crash,No,2018,South,0.0,1.0,Flat,0.0,,0.0,0.0,Dark,1487000.0,0.0,0.0,0.0,2.0,0.0,0.0,,Hawke's Bay Region,Nil,2-way,Sealed,0.0,0.0,0.0,50.0,0.0,On,0.0,0.0,,30.0,Hastings District,Give way,0.0,0.0,0.0,0.0,0.0,0.0,Urban,0.0,0.0,0.0,Fine
489666,1929509.0,5604839.0,548200.0,0.0,0.0,2.0,South,2000/2001,MARKET ST SOUTH,LYNDON ROAD WEST,Non-Injury Crash,No,2001,North,0.0,,Flat,,,,,Bright sun,1489802.0,0.0,0.0,0.0,2.0,0.0,,,Hawke's Bay Region,Nil,2-way,Sealed,0.0,0.0,,50.0,,Off,0.0,0.0,,30.0,Hastings District,Nil,,,,,0.0,0.0,Urban,0.0,,,Fine
659269,1927837.0,5605538.0,547900.0,0.0,0.0,1.0,Null,2014/2015,MARAEKAKAHO ROAD,OLIPHANT ROAD,Non-Injury Crash,No,2014,East,0.0,,Flat,,,,,Bright sun,1479800.0,0.0,0.0,0.0,2.0,0.0,,,Hawke's Bay Region,Nil,2-way,Sealed,0.0,0.0,,50.0,,Null,0.0,0.0,,30.0,Hastings District,Give way,,,,,0.0,0.0,Urban,1.0,,,Fine
281299,1930510.0,5604594.0,548100.0,0.0,0.0,2.0,Null,2009/2010,WILLOWPARK ROAD NORTH,ST AUBYN ST EAST,Minor Crash,No,2009,North,0.0,,Flat,,,,,Overcast,1500800.0,1.0,0.0,0.0,2.0,0.0,,,Hawke's Bay Region,Nil,2-way,Sealed,0.0,0.0,,50.0,,Null,0.0,0.0,,30.0,Hastings District,Give way,,,,,0.0,0.0,Urban,0.0,,,Heavy rain
344816,1926723.0,5607955.0,545710.0,0.0,0.0,1.0,Null,2010/2011,OMAHU ROAD,RAUPARE ROAD,Non-Injury Crash,No,2010,East,0.0,,Flat,,,,,Overcast,1471000.0,0.0,0.0,0.0,2.0,0.0,,,Hawke's Bay Region,Nil,2-way,Sealed,0.0,0.0,,50.0,,Null,0.0,0.0,,30.0,Hastings District,Nil,,,,,0.0,0.0,Urban,1.0,,,Light rain
187753,1929396.0,5606741.0,547800.0,0.0,0.0,3.0,Null,2001/2002,PAKOWHAI ROAD,ELLIS ST,Non-Injury Crash,No,2001,North,0.0,,Flat,,,,,Bright sun,1477600.0,0.0,0.0,0.0,2.0,0.0,,,Hawke's Bay Region,Nil,2-way,Sealed,0.0,0.0,,50.0,,Null,0.0,0.0,,30.0,Hastings District,Give way,,,,,0.0,0.0,Urban,0.0,,,Fine
504845,1932596.0,5609833.0,545832.0,0.0,0.0,3.0,Null,2011/2012,PAKOWHAI ROAD,CHESTERHOPE BR,Serious Crash,No,2012,East,0.0,,Flat,,,,,Overcast,1404000.0,1.0,0.0,0.0,2.0,0.0,,,Hawke's Bay Region,Bridge,2-way,Sealed,0.0,2.0,,100.0,,Null,0.0,0.0,,30.0,Hastings District,Nil,,,,,0.0,0.0,Open,0.0,,,Light rain
667059,1908290.0,5675990.0,545911.0,0.0,0.0,1.0,South,2009/2010,SH 5,POHOKURA ROAD,Non-Injury Crash,Yes,2010,South,0.0,0.0,Hill Road,0.0,,0.0,0.0,Bright sun,1281200.0,0.0,0.0,0.0,2.0,0.0,0.0,,Hawke's Bay Region,Nil,2-way,Sealed,0.0,0.0,0.0,100.0,0.0,Null,0.0,0.0,30.0,30.0,Hastings District,Unknown,0.0,0.0,0.0,1.0,0.0,0.0,Open,0.0,0.0,0.0,Fine
120823,1922135.0,5587361.0,545851.0,0.0,0.0,0.0,South,2006/2007,MIDDLE ROAD,ROWE ROAD,Serious Crash,No,2007,North,0.0,0.0,Hill Road,0.0,,0.0,0.0,Overcast,1465903.0,0.0,0.0,1.0,2.0,0.0,0.0,,Hawke's Bay Region,Nil,2-way,Sealed,0.0,1.0,0.0,100.0,0.0,Null,0.0,0.0,,30.0,Hastings District,Nil,0.0,1.0,0.0,0.0,0.0,0.0,Open,0.0,0.0,0.0,Fine
668933,1923717.0,5607300.0,548611.0,0.0,0.0,1.0,Null,2003/2004,PORTSMOUTH ROAD,DIAZ DRIVE,Non-Injury Crash,No,2003,South,0.0,1.0,Flat,0.0,,0.0,0.0,Dark,1473901.0,0.0,0.0,0.0,2.0,0.0,0.0,,Hawke's Bay Region,Nil,2-way,Sealed,0.0,0.0,0.0,50.0,0.0,On,0.0,0.0,,30.0,Hastings District,Give way,0.0,0.0,0.0,0.0,0.0,0.0,Urban,0.0,0.0,0.0,Fine
582145,1930185.0,5605031.0,548200.0,0.0,0.0,0.0,Null,2005/2006,ST AUBYN ST EAST,KARAMU ROAD NORTH,Non-Injury Crash,No,2005,West,0.0,,Flat,,,,,Bright sun,1494100.0,0.0,0.0,0.0,5.0,0.0,,,Hawke's Bay Region,Nil,2-way,Sealed,0.0,0.0,,50.0,,Null,1.0,0.0,,30.0,Hastings District,Traffic Signals,,,,,0.0,0.0,Urban,1.0,,,Fine
21438,1930717.0,5612780.0,545831.0,0.0,0.0,1.0,Null,2015/2016,SH 50A,WAIMATE BR,Minor Crash,Yes,2015,South,0.0,,Flat,,,,,Twilight,1404500.0,2.0,0.0,0.0,2.0,0.0,,,Hawke's Bay Region,Bridge,2-way,Sealed,0.0,0.0,,100.0,,None,1.0,0.0,,30.0,Hastings District,Nil,,,,,0.0,0.0,Open,1.0,,,Fine
345657,1930849.0,5603652.0,548100.0,0.0,0.0,2.0,East,2009/2010,HERETAUNGA ST EAST,WINDSOR AVENUE,Non-Injury Crash,No,2009,East,0.0,,Flat,,,,,Bright sun,1500300.0,0.0,0.0,0.0,2.0,0.0,,,Hawke's Bay Region,Nil,2-way,Sealed,0.0,0.0,,50.0,,Null,0.0,0.0,,30.0,Hastings District,Nil,,,,,0.0,0.0,Urban,0.0,,,Fine
110816,1935403.0,5649240.0,545911.0,0.0,0.0,0.0,South,2014/2015,SH 2,WAIKOAU ROAD,Non-Injury Crash,Yes,2014,North,0.0,,Flat,,,,,Overcast,1415400.0,0.0,0.0,0.0,2.0,0.0,,,Hawke's Bay Region,Nil,2-way,Sealed,0.0,0.0,,100.0,,Null,0.0,0.0,,30.0,Hastings District,Unknown,,,,,1.0,0.0,Open,0.0,,,Heavy rain
186525,1934180.0,5607200.0,545722.0,0.0,0.0,2.0,Null,2014/2015,SH 2,NAPIER ROAD S,Minor Crash,Yes,2015,South,0.0,,Flat,,,,,Bright sun,1406200.0,2.0,0.0,0.0,3.0,0.0,,,Hawke's Bay Region,Nil,2-way,Sealed,0.0,0.0,,80.0,,Off,0.0,0.0,,30.0,Hastings District,Give way,,,,,0.0,0.0,Open,0.0,,,Fine
27936,1929464.0,5605185.0,548200.0,0.0,0.0,2.0,Null,2013/2014,NELSON ST SOUTH,EASTBOURNE ST WEST,Non-Injury Crash,No,2014,East,0.0,,Flat,,,,,Bright sun,1488900.0,0.0,0.0,0.0,2.0,0.0,,,Hawke's Bay Region,Nil,2-way,Sealed,0.0,0.0,,50.0,,Off,0.0,0.0,,30.0,Hastings District,Stop,,,,,0.0,0.0,Urban,0.0,,,Fine
695523,1923352.0,5610218.0,545710.0,0.0,0.0,2.0,Null,2000/2001,SH 50,OMAHU ROAD,Serious Crash,Yes,2000,North,0.0,,Flat,,,,,Bright sun,1470500.0,0.0,0.0,0.0,2.0,0.0,,,Hawke's Bay Region,Nil,2-way,Sealed,0.0,1.0,,100.0,,Null,0.0,0.0,,30.0,Hastings District,Give way,,,,,0.0,0.0,Open,0.0,,,Fine
448754,1925917.0,5620363.0,545821.0,0.0,0.0,1.0,North,2009/2010,PUKETAPU ROAD,DARTMOOR ROAD,Serious Crash,No,2010,North,0.0,1.0,Flat,0.0,,0.0,0.0,Bright sun,1410902.0,0.0,0.0,0.0,2.0,0.0,0.0,,Hawke's Bay Region,Nil,2-way,Sealed,0.0,1.0,0.0,100.0,0.0,Null,0.0,0.0,,30.0,Hastings District,Nil,0.0,0.0,0.0,0.0,0.0,0.0,Open,0.0,0.0,0.0,Fine
378548,1932464.0,5601639.0,548810.0,1.0,0.0,1.0,Null,2004/2005,PORTER DRIVE,TE AUTE ROAD,Minor Crash,No,2004,South,0.0,,Flat,,,,,Bright sun,1505200.0,1.0,0.0,0.0,2.0,0.0,,,Hawke's Bay Region,Nil,1-way,Sealed,0.0,0.0,,50.0,,Null,0.0,0.0,,30.0,Hastings District,Give way,,,,,0.0,0.0,Urban,0.0,,,Fine
394232,1933364.0,5604877.0,545721.0,0.0,0.0,2.0,North,2000/2001,ST GEORGES ROAD,GRASMERE AVENUE,Non-Injury Crash,No,2001,North,0.0,,Flat,,,,,Bright sun,1473100.0,0.0,0.0,0.0,2.0,0.0,,,Hawke's Bay Region,Nil,2-way,Sealed,0.0,0.0,,100.0,,Null,0.0,0.0,,30.0,Hastings District,Nil,,,,,0.0,0.0,Open,0.0,,,Fine
613564,1922520.0,5631883.0,545811.0,0.0,0.0,1.0,West,2003/2004,GLENGARRY ROAD,SH 5,Non-Injury Crash,No,2004,South,0.0,,Hill Road,,,,,Bright sun,1414600.0,0.0,0.0,0.0,2.0,0.0,,,Hawke's Bay Region,Nil,2-way,Unsealed,0.0,0.0,,100.0,,Null,0.0,0.0,,30.0,Hastings District,Nil,,,,,0.0,0.0,Open,1.0,,,Fine
608090,1930715.0,5612771.0,545831.0,0.0,0.0,0.0,South,2012/2013,SH 50A,LINKS ROAD,Non-Injury Crash,Yes,2012,North,0.0,0.0,Flat,0.0,,0.0,0.0,Dark,1404500.0,0.0,0.0,0.0,2.0,0.0,0.0,,Hawke's Bay Region,Bridge,2-way,Sealed,0.0,0.0,0.0,100.0,0.0,None,0.0,0.0,,30.0,Hastings District,Nil,0.0,0.0,0.0,0.0,0.0,0.0,Open,1.0,0.0,0.0,Fine
593821,1927501.0,5603870.0,545761.0,0.0,0.0,1.0,Null,2001/2002,SOUTHLAND ROAD,HEATHCOTE ROAD,Non-Injury Crash,No,2002,West,0.0,1.0,Flat,0.0,Queens Birthday,0.0,0.0,Overcast,1468801.0,0.0,0.0,0.0,2.0,0.0,0.0,,Hawke's Bay Region,Nil,2-way,Sealed,0.0,0.0,0.0,50.0,0.0,Null,0.0,0.0,,30.0,Hastings District,Give way,0.0,0.0,0.0,0.0,0.0,0.0,Urban,0.0,0.0,0.0,Light rain
207379,1930835.0,5605864.0,548000.0,0.0,0.0,1.0,Null,2003/2004,FREDERICK ST,CAROLINE ROAD,Non-Injury Crash,No,2004,North,0.0,,Flat,,,,,Overcast,1495500.0,0.0,0.0,0.0,2.0,0.0,,,Hawke's Bay Region,Nil,2-way,Sealed,0.0,0.0,,50.0,,Null,0.0,0.0,,30.0,Hastings District,Give way,,,,,0.0,0.0,Urban,1.0,,,Fine
459555,1930835.0,5605863.0,548000.0,0.0,0.0,2.0,Null,2017/2018,FREDERICK ST,CAROLINE ROAD,Non-Injury Crash,No,2018,South,0.0,0.0,Flat,0.0,,0.0,0.0,Bright sun,1495400.0,0.0,0.0,0.0,3.0,0.0,0.0,,Hawke's Bay Region,Nil,2-way,Sealed,0.0,0.0,0.0,50.0,0.0,Null,0.0,0.0,,30.0,Hastings District,Give way,0.0,0.0,0.0,0.0,0.0,0.0,Urban,0.0,0.0,0.0,Fine
51330,1930912.0,5607891.0,545710.0,0.0,0.0,1.0,Null,2005/2006,PAKOWHAI ROAD,RICHMOND ROAD,Non-Injury Crash,No,2006,North,0.0,1.0,Flat,0.0,,0.0,0.0,Dark,1471100.0,0.0,0.0,0.0,2.0,0.0,0.0,,Hawke's Bay Region,Nil,2-way,Sealed,0.0,0.0,0.0,100.0,0.0,On,0.0,0.0,,30.0,Hastings District,Give way,0.0,1.0,0.0,0.0,0.0,0.0,Open,0.0,0.0,0.0,Fine
105643,1926885.1833,5607924.4096,548400.0,0.0,0.0,1.0,East,2018/2019,OMAHU ROAD,RAUPARE ROAD,Non-Injury Crash,No,2018,West,0.0,,Flat,,,,,Overcast,1473400.0,0.0,0.0,0.0,2.0,0.0,,,Hawke's Bay Region,Nil,2-way,Sealed,0.0,0.0,,50.0,,Off,0.0,0.0,,30.0,Hastings District,Unknown,,,,,0.0,0.0,Urban,1.0,,,Fine
150891,1929772.0,5603880.0,548300.0,0.0,0.0,1.0,Null,2009/2010,OAK ROAD,ELM ROAD,Non-Injury Crash,No,2010,West,0.0,,Flat,,,,,Dark,1503700.0,0.0,0.0,0.0,2.0,0.0,,,Hawke's Bay Region,Nil,2-way,Sealed,0.0,0.0,,50.0,,On,0.0,0.0,,30.0,Hastings District,Give way,,,,,0.0,0.0,Urban,1.0,,,Fine
556647,1932288.0,5603333.0,545721.0,0.0,0.0,0.0,North,2009/2010,ST GEORGES ROAD,ADA ST,Serious Crash,No,2009,South,0.0,1.0,Flat,0.0,,0.0,0.0,Dark,1473000.0,1.0,0.0,1.0,2.0,0.0,0.0,,Hawke's Bay Region,Nil,2-way,Sealed,0.0,1.0,0.0,80.0,0.0,None,0.0,0.0,,30.0,Hastings District,Nil,0.0,0.0,0.0,0.0,0.0,0.0,Open,0.0,0.0,0.0,Fine
548211,1908802.0,5674662.0,545911.0,0.0,0.0,1.0,North,2013/2014,SH 5,TATARAAKINA ROAD,Non-Injury Crash,Yes,2014,North,0.0,0.0,Hill Road,1.0,,0.0,0.0,Dark,1281200.0,0.0,0.0,0.0,2.0,0.0,0.0,,Hawke's Bay Region,Nil,2-way,Sealed,0.0,0.0,0.0,100.0,0.0,None,0.0,0.0,,30.0,Hastings District,Nil,0.0,0.0,0.0,0.0,0.0,0.0,Open,0.0,0.0,0.0,Null
480597,1942939.0,5604411.0,545740.0,0.0,0.0,0.0,South,2014/2015,CLIFTON ROAD,CHARLTON ROAD,Serious Crash,No,2015,West,0.0,1.0,Flat,0.0,,0.0,0.0,Bright sun,1408100.0,0.0,0.0,1.0,2.0,0.0,0.0,,Hawke's Bay Region,Nil,2-way,Sealed,0.0,1.0,0.0,100.0,0.0,Null,0.0,0.0,,30.0,Hastings District,Unknown,0.0,0.0,0.0,0.0,0.0,0.0,Open,0.0,0.0,0.0,Fine
368739,1932535.0,5610148.0,545832.0,0.0,0.0,2.0,North,2017/2018,PAKOWHAI ROAD,GILBERTSON ROAD,Non-Injury Crash,No,2017,South,0.0,,Hill Road,,,,,Overcast,1404100.0,0.0,0.0,0.0,2.0,0.0,,,Hawke's Bay Region,Bridge,2-way,Sealed,0.0,0.0,,80.0,,Null,0.0,0.0,30.0,30.0,Hastings District,Unknown,,,,,0.0,0.0,Open,0.0,,,Fine
574863,1936888.0,5637463.0,545811.0,0.0,0.0,1.0,South,2006/2007,SH 2,PAKURATAHI VALLEY ROAD,Non-Injury Crash,Yes,2006,North,0.0,,Flat,,,,,Bright sun,1415800.0,0.0,0.0,0.0,2.0,0.0,,,Hawke's Bay Region,Nil,2-way,Sealed,0.0,0.0,,100.0,,Null,0.0,0.0,,30.0,Hastings District,Unknown,,,,,0.0,0.0,Open,0.0,,,Fine
594688,1930510.0,5604594.0,548100.0,1.0,0.0,1.0,Null,2010/2011,ST AUBYN ST EAST,WILLOWPARK ROAD NORTH,Minor Crash,No,2010,North,0.0,,Flat,,,,,Bright sun,1500800.0,1.0,0.0,0.0,2.0,0.0,,,Hawke's Bay Region,Nil,2-way,Sealed,0.0,0.0,,50.0,,Null,0.0,0.0,,30.0,Hastings District,Give way,,,,,0.0,0.0,Urban,0.0,,,Fine
333832,1931734.0,5604307.0,545721.0,0.0,0.0,2.0,East,2001/2002,BEATSON ROAD,WINDSOR AVENUE,Non-Injury Crash,No,2001,West,0.0,0.0,Flat,0.0,,0.0,0.0,Overcast,1472701.0,0.0,0.0,0.0,2.0,0.0,1.0,,Hawke's Bay Region,Nil,2-way,Sealed,0.0,0.0,0.0,50.0,0.0,Null,0.0,0.0,,30.0,Hastings District,Nil,0.0,0.0,0.0,0.0,0.0,0.0,Urban,0.0,0.0,0.0,Fine
361878,1930757.0,5606610.0,547600.0,0.0,0.0,2.0,Null,2013/2014,TOMOANA ROAD,WILLIAMS ST,Minor Crash,No,2014,South,0.0,,Flat,,,,,Overcast,1484000.0,1.0,0.0,0.0,2.0,0.0,,,Hawke's Bay Region,Nil,2-way,Sealed,0.0,0.0,,50.0,,Null,0.0,0.0,,30.0,Hastings District,Stop,,,,,0.0,0.0,Urban,0.0,,,Fine
709766,1909859.0,5664779.0,545911.0,0.0,0.0,1.0,North,1999/2000,SH 5,MCVICAR ROAD,Non-Injury Crash,Yes,2000,North,0.0,,Hill Road,,,,,Overcast,1414300.0,0.0,0.0,0.0,2.0,0.0,,,Hawke's Bay Region,Nil,2-way,Sealed,0.0,0.0,,100.0,,Null,0.0,0.0,,30.0,Hastings District,Unknown,,,,,0.0,0.0,Open,1.0,,,Light rain
497332,1937216.0,5638665.0,545811.0,0.0,0.0,1.0,South,2010/2011,SH 2,TANGOIO SETTLEMENT ROAD,Minor Crash,Yes,2010,North,0.0,0.0,Flat,0.0,Labour Weekend,0.0,0.0,Dark,1415600.0,1.0,0.0,0.0,2.0,0.0,0.0,,Hawke's Bay Region,Nil,2-way,Sealed,0.0,0.0,0.0,100.0,0.0,None,0.0,0.0,,30.0,Hastings District,Nil,0.0,0.0,0.0,0.0,0.0,0.0,Open,0.0,0.0,0.0,Fine
506017,1930480.0,5606414.0,547600.0,0.0,0.0,1.0,West,2004/2005,FREDERICK ST,TOMOANA ROAD,Non-Injury Crash,No,2005,West,0.0,,Flat,,,,,Overcast,1483400.0,0.0,0.0,0.0,2.0,0.0,,,Hawke's Bay Region,Nil,2-way,Sealed,0.0,0.0,,50.0,,Null,0.0,0.0,,30.0,Hastings District,Traffic Signals,,,,,0.0,0.0,Urban,1.0,,,Fine
667061,1930465.0,5607548.0,545721.0,0.0,0.0,1.0,South,1999/2000,PAKOWHAI ROAD,EVENDEN ROAD,Non-Injury Crash,No,2000,North,0.0,0.0,Flat,0.0,,0.0,0.0,Dark,1471401.0,0.0,0.0,0.0,2.0,0.0,0.0,,Hawke's Bay Region,Nil,2-way,Sealed,0.0,0.0,0.0,50.0,0.0,On,0.0,0.0,,30.0,Hastings District,Give way,1.0,0.0,0.0,0.0,0.0,0.0,Urban,0.0,0.0,0.0,Mist or Fog