OBJECTID,X,Y,areaUnitID,bicycle,bus,carStationWagon,crashDirectionDescription,crashFinancialYear,crashLocation1,crashLocation2,crashSeverity,crashSHDescription,crashYear,directionRoleDescription,fatalCount,fence,flatHill,guardRail,holiday,houseOrBuilding,kerb,light,meshblockId,minorInjuryCount,moped,motorcycle,NumberOfLanes,otherVehicleType,parkedVehicle,pedestrian,region,roadCharacter,roadLane,roadSurface,schoolBus,seriousInjuryCount,slipOrFlood,speedLimit,strayAnimal,streetLight,suv,taxi,temporarySpeedLimit,tlaId,tlaName,trafficControl,trafficIsland,trafficSign,train,tree,truck,unknownVehicleType,urban,vanOrUtility,vehicle,waterRiver,weatherA
675607,1930835.0,5604841.0,548100.0,0.0,0.0,2.0,North,2002/2003,WILLOWPARK ROAD NORTH,ALBERT ST,Minor Crash,No,2002,South,0.0,,Flat,,,,,Bright sun,1499700.0,1.0,0.0,0.0,2.0,0.0,,,Hawke's Bay Region,Nil,2-way,Sealed,0.0,0.0,,50.0,,Null,0.0,0.0,,30.0,Hastings District,Nil,,,,,0.0,0.0,Urban,0.0,,,Fine
412194,1932747.0,5611864.0,545832.0,1.0,0.0,0.0,East,2016/2017,BROOKFIELDS ROAD,GILBERTSON ROAD,Fatal Crash,No,2017,East,1.0,,Flat,,,,,Twilight,1403900.0,0.0,0.0,0.0,2.0,0.0,,,Hawke's Bay Region,Nil,2-way,Sealed,0.0,0.0,,100.0,,On,0.0,0.0,,30.0,Hastings District,Unknown,,,,,1.0,0.0,Open,0.0,,,Fine
291257,1935375.0,5611091.0,545832.0,0.0,0.0,0.0,West,2005/2006,Z DWAY RUSSELL HORTICULTU,FARNDON / SH 2,Non-Injury Crash,No,2006,West,0.0,0.0,Flat,0.0,,0.0,0.0,Bright sun,1404200.0,0.0,0.0,0.0,1.0,0.0,0.0,,Hawke's Bay Region,Rail xing,Off road,Sealed,0.0,0.0,0.0,100.0,0.0,Null,0.0,0.0,,30.0,Hastings District,Nil,0.0,0.0,1.0,0.0,1.0,0.0,Open,0.0,0.0,0.0,Fine
347714,1930515.8362,5604589.08,548100.0,0.0,0.0,1.0,Null,2019/2020,ST AUBYN STREET EAST,WILLOWPARK ROAD NORTH,Non-Injury Crash,No,2019,West,0.0,,Flat,,,,,Bright sun,1500800.0,0.0,0.0,0.0,2.0,0.0,,,Hawke's Bay Region,Nil,2-way,Sealed,0.0,0.0,,50.0,,Off,0.0,0.0,,30.0,Hastings District,Give way,,,,,1.0,0.0,Urban,0.0,,,Fine
675099,1930185.0,5605031.0,548200.0,1.0,0.0,1.0,Null,2003/2004,KARAMU ROAD NORTH,ST AUBYN ST EAST,Serious Crash,No,2003,South,0.0,,Flat,,,,,Bright sun,1494100.0,0.0,0.0,0.0,3.0,0.0,,,Hawke's Bay Region,Nil,2-way,Sealed,0.0,1.0,,50.0,,Null,0.0,0.0,,30.0,Hastings District,Traffic Signals,,,,,0.0,0.0,Urban,0.0,,,Fine
208436,1932274.0,5609028.0,545721.0,0.0,0.0,1.0,Null,2017/2018,PAKOWHAI ROAD,RUAHAPIA ROAD,Non-Injury Crash,No,2017,North,0.0,1.0,Flat,0.0,,0.0,0.0,Overcast,1471600.0,0.0,0.0,0.0,4.0,0.0,0.0,,Hawke's Bay Region,Nil,2-way,Sealed,0.0,0.0,0.0,80.0,0.0,Null,0.0,0.0,,30.0,Hastings District,Give way,0.0,0.0,0.0,0.0,0.0,0.0,Open,0.0,0.0,0.0,Light rain
39952,1932126.0,5608893.0,545710.0,0.0,0.0,1.0,South,2007/2008,PAKOWHAI ROAD,RUAHAPIA ROAD,Minor Crash,No,2007,North,0.0,,Flat,,,,,Dark,1471100.0,1.0,0.0,0.0,2.0,0.0,,,Hawke's Bay Region,Nil,2-way,Sealed,0.0,0.0,,100.0,,None,0.0,0.0,,30.0,Hastings District,Nil,,,,,0.0,0.0,Open,1.0,,,Fine
480944,1930700.0,5606700.0,547600.0,0.0,0.0,0.0,Null,2007/2008,TOTARA ST,WILLIAMS ST,Minor Crash,No,2007,North,0.0,,Flat,,,,,Overcast,1471402.0,1.0,0.0,1.0,2.0,0.0,,,Hawke's Bay Region,Nil,2-way,Sealed,0.0,0.0,,50.0,,Null,0.0,0.0,,30.0,Hastings District,Give way,,,,,0.0,0.0,Urban,0.0,,,Light rain
551017,1932453.0,5601624.0,548810.0,1.0,0.0,1.0,Null,2006/2007,PORTER DRIVE,TE AUTE ROAD,Minor Crash,No,2007,East,0.0,,Flat,,,,,Bright sun,1505700.0,1.0,0.0,0.0,1.0,0.0,,,Hawke's Bay Region,Nil,1-way,Sealed,0.0,0.0,,50.0,,Null,0.0,0.0,,30.0,Hastings District,Give way,,,,,0.0,0.0,Urban,0.0,,,Fine
16893,1929606.0,5604596.0,548300.0,0.0,0.0,2.0,Null,2018/2019,SOUTHAMPTON ST EAST,KARAMU ROAD SOUTH,Non-Injury Crash,No,2018,North,0.0,,Flat,,,,,Bright sun,1503100.0,0.0,0.0,0.0,2.0,0.0,,,Hawke's Bay Region,Nil,2-way,Sealed,0.0,0.0,,50.0,,Null,0.0,0.0,,30.0,Hastings District,Give way,,,,,0.0,0.0,Urban,0.0,,,Fine
453828,1929556.0,5600682.0,545762.0,0.0,0.0,0.0,South,2006/2007,TE AUTE ROAD,ST GEORGES ROAD,Minor Crash,No,2007,South,0.0,,Flat,,,,,Bright sun,1465300.0,1.0,0.0,1.0,2.0,0.0,,,Hawke's Bay Region,Nil,2-way,Sealed,0.0,0.0,,100.0,,Null,0.0,0.0,,30.0,Hastings District,Nil,,,,,0.0,0.0,Open,1.0,,,Fine
39368,1932404.0,5603413.0,545721.0,0.0,0.0,1.0,South,2018/2019,ST GEORGES ROAD,CROSSES ROAD,Non-Injury Crash,No,2018,North,0.0,0.0,Flat,0.0,,0.0,0.0,Overcast,1472702.0,0.0,0.0,0.0,2.0,0.0,0.0,,Hawke's Bay Region,Nil,2-way,Sealed,0.0,0.0,0.0,80.0,0.0,Null,0.0,0.0,30.0,30.0,Hastings District,Unknown,0.0,0.0,0.0,1.0,0.0,0.0,Open,0.0,0.0,0.0,Fine
469248,1929728.0,5614699.0,545831.0,0.0,0.0,1.0,Null,2008/2009,WAIOHIKI ROAD,HATAS LANE,Non-Injury Crash,No,2009,North,0.0,0.0,Flat,0.0,,0.0,0.0,Overcast,1404600.0,0.0,0.0,0.0,2.0,0.0,0.0,,Hawke's Bay Region,Nil,2-way,Sealed,0.0,0.0,0.0,70.0,0.0,Null,0.0,0.0,,30.0,Hastings District,Nil,0.0,0.0,0.0,0.0,0.0,0.0,Urban,0.0,0.0,0.0,Heavy rain
735465,1927234.0,5602249.0,545762.0,0.0,0.0,2.0,Null,2000/2001,RAILWAY ROAD,LONGLANDS ROAD EAST,Non-Injury Crash,No,2001,East,0.0,,Flat,,,,,Dark,1468200.0,0.0,0.0,0.0,2.0,0.0,,,Hawke's Bay Region,Nil,2-way,Sealed,0.0,0.0,,100.0,,On,0.0,0.0,,30.0,Hastings District,Give way,,,,,0.0,0.0,Open,0.0,,,Light rain
215219,1927440.0,5607546.0,548400.0,0.0,0.0,1.0,East,2007/2008,OMAHU ROAD,KELFIELD PLACE,Non-Injury Crash,No,2008,West,0.0,,Flat,,,,,Bright sun,1473600.0,0.0,0.0,0.0,2.0,0.0,,,Hawke's Bay Region,Nil,2-way,Sealed,0.0,0.0,,50.0,,Null,0.0,0.0,,30.0,Hastings District,Nil,,,,,1.0,0.0,Urban,0.0,,,Fine
315997,1930795.0,5604811.0,548100.0,0.0,0.0,2.0,Null,2009/2010,WILLOWPARK ROAD NORTH,ALBERT ST,Non-Injury Crash,No,2009,East,0.0,,Flat,,,,,Twilight,1499700.0,0.0,0.0,0.0,2.0,0.0,,,Hawke's Bay Region,Nil,2-way,Sealed,0.0,0.0,,50.0,,Off,0.0,0.0,,30.0,Hastings District,Give way,,,,,0.0,0.0,Urban,0.0,,,Fine
5316,1928675.0,5605803.0,547700.0,0.0,0.0,2.0,Null,2003/2004,DAVIS ST,SOUTHAMPTON ST WEST,Non-Injury Crash,No,2004,South,0.0,,Flat,,,,,Overcast,1486500.0,0.0,0.0,0.0,2.0,0.0,,,Hawke's Bay Region,Nil,2-way,Sealed,0.0,0.0,,50.0,,Null,0.0,0.0,,30.0,Hastings District,Give way,,,,,0.0,0.0,Urban,0.0,,,Fine
443460,1928800.8998,5606254.2558,547700.0,0.0,0.0,2.0,Null,2019/2020,HERETAUNGA STREET WEST,PAKOWHAI ROAD,Non-Injury Crash,No,2020,North,0.0,,Flat,,,,,Overcast,1486600.0,0.0,0.0,0.0,2.0,0.0,,,Hawke's Bay Region,Nil,2-way,Sealed,0.0,0.0,,50.0,,Off,0.0,0.0,,30.0,Hastings District,Give way,,,,,0.0,0.0,Urban,0.0,,,Fine
719402,1928360.0,5604345.0,547900.0,0.0,0.0,1.0,South,2013/2014,MURDOCH ROAD WEST,MURDOCH PLACE,Non-Injury Crash,No,2014,North,0.0,0.0,Flat,0.0,,0.0,0.0,Bright sun,1482200.0,0.0,0.0,0.0,2.0,0.0,1.0,,Hawke's Bay Region,Nil,2-way,Sealed,0.0,0.0,0.0,50.0,0.0,Null,1.0,0.0,,30.0,Hastings District,Nil,0.0,0.0,0.0,0.0,0.0,0.0,Urban,0.0,0.0,0.0,Fine
377313,1930925.0,5603570.0,545762.0,0.0,0.0,1.0,East,2003/2004,HAVELOCK ROAD,NORTON ROAD,Non-Injury Crash,No,2004,West,0.0,1.0,Flat,0.0,,0.0,0.0,Overcast,1468500.0,0.0,0.0,0.0,2.0,0.0,0.0,,Hawke's Bay Region,Nil,2-way,Sealed,0.0,0.0,0.0,70.0,0.0,Null,0.0,0.0,,30.0,Hastings District,Nil,0.0,0.0,0.0,0.0,0.0,0.0,Urban,1.0,0.0,0.0,Fine
80170,1929380.0,5605496.0,548200.0,0.0,0.0,2.0,Null,2013/2014,HERETAUNGA ST WEST,CHARLES ST,Non-Injury Crash,No,2013,North,0.0,,Flat,,,,,Overcast,1490100.0,0.0,0.0,0.0,2.0,0.0,,,Hawke's Bay Region,Nil,2-way,Sealed,0.0,0.0,,50.0,,Null,0.0,0.0,,30.0,Hastings District,Give way,,,,,0.0,0.0,Urban,0.0,,,Light rain
541901,1934273.0,5601814.0,548831.0,0.0,0.0,1.0,East,2003/2004,TE MATA ROAD,JAMES COOK ST,Non-Injury Crash,No,2004,East,0.0,,Flat,,,,,Bright sun,1510100.0,0.0,0.0,0.0,2.0,0.0,,,Hawke's Bay Region,Nil,2-way,Sealed,0.0,0.0,,50.0,,Null,0.0,0.0,,30.0,Hastings District,Nil,,,,,0.0,0.0,Urban,1.0,,,Fine
311828,1929030.0,5605958.0,547700.0,0.0,0.0,2.0,North,2015/2016,HERETAUNGA ST WEST,GALLIEN ST,Non-Injury Crash,No,2016,North,0.0,,Flat,,,,,Bright sun,1487400.0,0.0,0.0,0.0,2.0,0.0,,,Hawke's Bay Region,Nil,2-way,Sealed,0.0,0.0,,50.0,,Null,0.0,0.0,,30.0,Hastings District,Nil,,,,,0.0,0.0,Urban,0.0,,,Fine
383744,1931073.0,5613513.0,545831.0,0.0,0.0,0.0,West,2017/2018,LINKS ROAD EAST,ALLEN ROAD,Non-Injury Crash,No,2018,West,0.0,0.0,Flat,0.0,,0.0,0.0,Dark,1404600.0,0.0,0.0,0.0,2.0,0.0,0.0,,Hawke's Bay Region,Nil,2-way,Sealed,0.0,0.0,0.0,80.0,0.0,None,1.0,0.0,30.0,30.0,Hastings District,Unknown,0.0,0.0,0.0,0.0,0.0,0.0,Open,0.0,0.0,0.0,Fine
212088,1928062.0,5604878.0,547900.0,0.0,0.0,2.0,West,2006/2007,BLEDISLOE ST,CAMPBELL ST,Non-Injury Crash,No,2007,East,0.0,,Flat,,Queens Birthday,,,Overcast,1481700.0,0.0,0.0,0.0,2.0,0.0,,,Hawke's Bay Region,Nil,2-way,Sealed,0.0,0.0,,50.0,,Null,0.0,0.0,,30.0,Hastings District,Nil,,,,,0.0,0.0,Urban,0.0,,,Fine
371050,1929729.0,5605067.0,548200.0,0.0,0.0,2.0,North,2002/2003,Z CPK TAB,HERETAUNGA/MARKET,Non-Injury Crash,No,2003,East,0.0,0.0,Flat,0.0,,0.0,0.0,Bright sun,1491200.0,0.0,0.0,0.0,0.0,0.0,1.0,,Hawke's Bay Region,Nil,Off road,Sealed,0.0,0.0,0.0,50.0,0.0,None,0.0,0.0,,30.0,Hastings District,Nil,0.0,0.0,0.0,0.0,0.0,0.0,Urban,0.0,0.0,0.0,Fine
36448,1928768.0,5609946.0,545710.0,0.0,0.0,1.0,North,2004/2005,RAUPARE ROAD,EVENDEN ROAD,Non-Injury Crash,No,2004,South,0.0,0.0,Flat,0.0,,0.0,0.0,Overcast,1470700.0,0.0,0.0,0.0,2.0,0.0,0.0,,Hawke's Bay Region,Nil,2-way,Sealed,0.0,0.0,0.0,100.0,0.0,Null,0.0,0.0,,30.0,Hastings District,Nil,0.0,0.0,0.0,0.0,0.0,0.0,Open,0.0,0.0,0.0,Fine
275953,1927501.0,5603870.0,545761.0,0.0,0.0,1.0,Null,2009/2010,SOUTHLAND ROAD,HEATHCOTE ROAD,Non-Injury Crash,No,2010,South,0.0,0.0,Flat,0.0,,0.0,0.0,Bright sun,1468801.0,0.0,0.0,0.0,2.0,0.0,0.0,,Hawke's Bay Region,Nil,2-way,Sealed,0.0,0.0,0.0,100.0,0.0,Null,1.0,0.0,,30.0,Hastings District,Give way,0.0,1.0,0.0,0.0,0.0,0.0,Open,0.0,0.0,0.0,Fine
49071,1930554.0,5603606.0,548300.0,0.0,0.0,2.0,East,2015/2016,LUMSDEN ROAD,LUMSDEN PLACE,Non-Injury Crash,No,2015,West,0.0,,Flat,,,,,Bright sun,1502800.0,0.0,0.0,0.0,2.0,0.0,,,Hawke's Bay Region,Nil,2-way,Sealed,0.0,0.0,,50.0,,Off,0.0,0.0,,30.0,Hastings District,Nil,,,,,0.0,0.0,Urban,0.0,,,Fine
514113,1931999.747,5601144.8743,548810.0,0.0,0.0,1.0,Null,2019/2020,UPHAM STREET,ELLIOTT CRESCENT,Minor Crash,No,2019,West,0.0,1.0,Flat,0.0,Christmas New Year,0.0,0.0,Bright sun,1505500.0,1.0,0.0,0.0,2.0,0.0,0.0,,Hawke's Bay Region,Nil,2-way,Sealed,0.0,0.0,0.0,50.0,0.0,Off,0.0,0.0,,30.0,Hastings District,Nil,0.0,0.0,0.0,0.0,0.0,0.0,Urban,0.0,0.0,0.0,Fine
115756,1929041.0,5606562.0,547800.0,0.0,0.0,2.0,West,2002/2003,FRIMLEY ROAD,PAKOWHAI ROAD,Non-Injury Crash,No,2003,East,0.0,,Flat,,,,,Overcast,1477500.0,0.0,0.0,0.0,2.0,0.0,,,Hawke's Bay Region,Nil,2-way,Sealed,0.0,0.0,,50.0,,Null,0.0,0.0,,30.0,Hastings District,Nil,,,,,0.0,0.0,Urban,0.0,,,Fine
247120,1936302.0,5601581.0,545750.0,0.0,0.0,3.0,West,1999/2000,TE MATA MANGATERETERE ROA,RIVER ROAD,Non-Injury Crash,No,2000,South,0.0,,Flat,,,,,Bright sun,1466600.0,0.0,0.0,0.0,2.0,0.0,,,Hawke's Bay Region,Nil,2-way,Sealed,0.0,0.0,,100.0,,Null,0.0,0.0,,30.0,Hastings District,Nil,,,,,0.0,0.0,Open,0.0,,,Fine
228996,1923079.0,5611805.0,545822.0,0.0,0.0,0.0,Null,2006/2007,SH 50,SWAMP ROAD,Minor Crash,Yes,2007,East,0.0,,Flat,,,,,Dark,1409300.0,1.0,0.0,0.0,2.0,0.0,,,Hawke's Bay Region,Nil,2-way,Sealed,0.0,0.0,,50.0,,On,2.0,0.0,,30.0,Hastings District,Give way,,,,,0.0,0.0,Urban,0.0,,,Fine
423201,1929009.0,5605986.0,547700.0,0.0,0.0,2.0,East,2010/2011,HERETAUNGA ST WEST,DAVIS ST,Non-Injury Crash,No,2010,West,0.0,,Flat,,,,,Bright sun,1487400.0,0.0,0.0,0.0,2.0,0.0,,,Hawke's Bay Region,Nil,2-way,Sealed,0.0,0.0,,50.0,,Null,0.0,0.0,,30.0,Hastings District,Nil,,,,,0.0,0.0,Urban,0.0,,,Fine
261835,1911590.0,5661518.0,545911.0,0.0,0.0,0.0,North,2004/2005,SH 5,MCVICAR ROAD,Non-Injury Crash,Yes,2004,North,0.0,,Flat,,,,,Overcast,1414400.0,0.0,0.0,0.0,2.0,0.0,,,Hawke's Bay Region,Nil,2-way,Sealed,0.0,0.0,,100.0,,Null,0.0,0.0,,30.0,Hastings District,Nil,,,,,0.0,0.0,Open,1.0,,,Heavy rain
740882,1930341.0,5604822.0,548200.0,0.0,0.0,2.0,Null,2016/2017,ST AUBYN ST EAST,HASTINGS ST NORTH,Minor Crash,No,2016,North,0.0,,Flat,,,,,Bright sun,1494400.0,1.0,0.0,0.0,2.0,0.0,,,Hawke's Bay Region,Nil,2-way,Sealed,0.0,0.0,,100.0,,Null,0.0,0.0,50.0,30.0,Hastings District,Give way,,,,,0.0,0.0,Open,0.0,,,Fine
478889,1935200.0,5633804.0,545812.0,0.0,0.0,2.0,Null,2012/2013,WHIRINAKI ROAD,SH 2,Non-Injury Crash,Yes,2012,West,0.0,,Flat,,,,,Overcast,1414903.0,0.0,0.0,0.0,2.0,0.0,,,Hawke's Bay Region,Nil,2-way,Sealed,0.0,0.0,,50.0,,Null,0.0,0.0,,30.0,Hastings District,Stop,,,,,0.0,0.0,Urban,0.0,,,Fine
102409,1930935.0,5613540.0,545831.0,0.0,0.0,2.0,Null,2015/2016,SH 50 LINKS ROAD,SH 50,Non-Injury Crash,Yes,2016,East,0.0,,Flat,,,,,Bright sun,1404600.0,0.0,0.0,0.0,2.0,0.0,,,Hawke's Bay Region,Nil,2-way,Sealed,0.0,0.0,,100.0,,Null,0.0,0.0,,30.0,Hastings District,Give way,,,,,0.0,0.0,Open,0.0,,,Fine
557018,1929584.0,5600691.0,545762.0,0.0,0.0,1.0,Null,2002/2003,TE AUTE ROAD,MOUNT ERIN ROAD,Non-Injury Crash,No,2003,South,0.0,1.0,Flat,0.0,,0.0,0.0,Dark,1465300.0,0.0,0.0,0.0,2.0,0.0,0.0,,Hawke's Bay Region,Nil,2-way,Sealed,0.0,0.0,0.0,100.0,0.0,None,0.0,0.0,,30.0,Hastings District,Nil,0.0,0.0,0.0,0.0,0.0,0.0,Open,0.0,0.0,0.0,Light rain
542355,1929755.0,5605202.0,548200.0,0.0,0.0,2.0,Null,1999/2000,QUEEN ST WEST,KING ST NORTH,Non-Injury Crash,No,2000,West,0.0,,Flat,,,,,Bright sun,1491300.0,0.0,0.0,0.0,2.0,0.0,,,Hawke's Bay Region,Nil,2-way,Sealed,0.0,0.0,,50.0,,Null,0.0,0.0,,30.0,Hastings District,Give way,,,,,0.0,0.0,Urban,0.0,,,Fine
444878,1928085.0,5606666.0,548500.0,0.0,0.0,0.0,East,2002/2003,MURRAY PLACE,ORCHARD ROAD,Non-Injury Crash,No,2003,South,0.0,0.0,Flat,0.0,,0.0,0.0,Bright sun,1478500.0,0.0,0.0,0.0,2.0,0.0,0.0,,Hawke's Bay Region,Nil,2-way,Sealed,0.0,0.0,0.0,50.0,0.0,Null,0.0,0.0,,30.0,Hastings District,Nil,0.0,0.0,0.0,0.0,1.0,0.0,Urban,0.0,0.0,0.0,Fine
15211,1932875.0,5600251.0,548821.0,0.0,0.0,1.0,East,2000/2001,KOPANGA ROAD,LUCKNOW ROAD,Non-Injury Crash,No,2001,South,0.0,0.0,Hill Road,0.0,,0.0,0.0,Dark,1507600.0,0.0,0.0,0.0,2.0,0.0,0.0,,Hawke's Bay Region,Nil,2-way,Sealed,0.0,0.0,0.0,50.0,0.0,Off,0.0,0.0,,30.0,Hastings District,Nil,0.0,0.0,0.0,0.0,0.0,0.0,Urban,0.0,0.0,0.0,Light rain
208548,1930836.6765,5605860.094,548000.0,0.0,0.0,1.0,Null,2019/2020,FREDERICK STREET,CAROLINE ROAD,Minor Crash,No,2019,North,0.0,,Flat,,,,,Overcast,1495900.0,2.0,0.0,0.0,2.0,0.0,,,Hawke's Bay Region,Nil,2-way,Sealed,0.0,0.0,,50.0,,Off,1.0,0.0,,30.0,Hastings District,Give way,,,,,0.0,0.0,Urban,0.0,,,Light rain
272198,1935405.0,5609483.0,545722.0,0.0,0.0,2.0,Null,2002/2003,SH 2,RICHMOND ROAD,Serious Crash,Yes,2003,North,0.0,0.0,Flat,0.0,,0.0,0.0,Bright sun,1406300.0,0.0,0.0,1.0,3.0,0.0,1.0,,Hawke's Bay Region,Nil,2-way,Sealed,0.0,1.0,0.0,100.0,0.0,Null,0.0,0.0,,30.0,Hastings District,Give way,0.0,0.0,0.0,0.0,0.0,0.0,Open,0.0,0.0,0.0,Fine
304504,1938751.0,5594459.0,545860.0,0.0,0.0,1.0,West,2004/2005,WAIMARAMA ROAD,MARAETOTARA ROAD,Non-Injury Crash,No,2005,East,0.0,0.0,Flat,0.0,,0.0,0.0,Dark,1467200.0,0.0,0.0,0.0,2.0,0.0,0.0,,Hawke's Bay Region,Nil,2-way,Sealed,0.0,0.0,0.0,100.0,0.0,None,0.0,0.0,,30.0,Hastings District,Nil,0.0,0.0,0.0,0.0,0.0,0.0,Open,0.0,0.0,0.0,Fine
382926,1922391.0,5639610.0,545811.0,0.0,0.0,1.0,North,2000/2001,SH 5,GLENGARRY ROAD,Non-Injury Crash,Yes,2001,South,0.0,1.0,Hill Road,0.0,,0.0,0.0,Twilight,1414600.0,0.0,0.0,0.0,2.0,0.0,0.0,,Hawke's Bay Region,Nil,2-way,Sealed,0.0,0.0,0.0,100.0,0.0,Off,0.0,0.0,,30.0,Hastings District,Nil,0.0,0.0,0.0,0.0,0.0,0.0,Open,0.0,0.0,0.0,Heavy rain
728243,1932032.0,5606172.0,545721.0,0.0,0.0,1.0,Null,2012/2013,SH 2,ELWOOD ROAD,Non-Injury Crash,Yes,2013,West,0.0,,Flat,,,,,Bright sun,1471700.0,0.0,0.0,0.0,2.0,0.0,,,Hawke's Bay Region,Nil,2-way,Sealed,0.0,0.0,,70.0,,Null,1.0,0.0,,30.0,Hastings District,Give way,,,,,0.0,0.0,Urban,0.0,,,Fine
146292,1921678.0,5606017.0,545842.0,0.0,0.0,1.0,West,2003/2004,NGATARAWA ROAD,VALENTINE ROAD,Minor Crash,No,2003,East,0.0,1.0,Flat,0.0,,0.0,0.0,Bright sun,1470217.0,1.0,0.0,0.0,2.0,0.0,0.0,,Hawke's Bay Region,Nil,2-way,Sealed,0.0,0.0,0.0,100.0,0.0,Null,0.0,0.0,,30.0,Hastings District,Nil,0.0,0.0,0.0,0.0,0.0,0.0,Open,1.0,0.0,0.0,Fine
48258,1935200.0,5633804.0,545812.0,0.0,0.0,2.0,Null,2006/2007,SH 2,WHIRINAKI ROAD,Non-Injury Crash,Yes,2007,North,0.0,,Flat,,,,,Bright sun,1414903.0,0.0,0.0,0.0,2.0,0.0,,,Hawke's Bay Region,Nil,2-way,Sealed,0.0,0.0,,100.0,,Null,0.0,0.0,,30.0,Hastings District,Stop,,,,,0.0,0.0,Open,0.0,,,Fine
217449,1933798.0,5602038.0,548831.0,0.0,0.0,3.0,West,2017/2018,TE MATA ROAD,SIMLA AVENUE,Non-Injury Crash,No,2018,West,0.0,,Flat,,,,,Overcast,1510000.0,0.0,0.0,0.0,2.0,0.0,,,Hawke's Bay Region,Nil,2-way,Sealed,0.0,0.0,,50.0,,Null,0.0,0.0,,30.0,Hastings District,Unknown,,,,,0.0,0.0,Urban,0.0,,,Fine
492586,1926709.7642,5618914.3999,545821.0,0.0,0.0,0.0,West,2019/2020,PUKETAPU ROAD,Springfield Road,Fatal Crash,No,2019,East,1.0,1.0,Flat,0.0,,0.0,0.0,Twilight,1411000.0,0.0,0.0,1.0,2.0,0.0,0.0,,Hawke's Bay Region,Nil,2-way,Sealed,0.0,0.0,0.0,100.0,0.0,None,0.0,0.0,,30.0,Hastings District,Unknown,0.0,0.0,0.0,0.0,0.0,0.0,Open,0.0,0.0,0.0,Fine
48728,1930185.0,5604423.0,548200.0,0.0,0.0,2.0,North,2002/2003,HERETAUNGA ST EAST,WILLOWPARK ROAD NORTH,Non-Injury Crash,No,2003,South,0.0,,Flat,,,,,Bright sun,1493800.0,0.0,0.0,0.0,2.0,0.0,,,Hawke's Bay Region,Nil,2-way,Sealed,0.0,0.0,,50.0,,Null,0.0,0.0,,30.0,Hastings District,Nil,,,,,0.0,0.0,Urban,0.0,,,Fine
285390,1908071.0,5605125.0,545841.0,0.0,0.0,0.0,East,2006/2007,SH 50,TAIT ROAD,Minor Crash,Yes,2007,North,0.0,1.0,Flat,0.0,,0.0,0.0,Overcast,1462700.0,1.0,0.0,0.0,2.0,0.0,0.0,,Hawke's Bay Region,Nil,2-way,Sealed,0.0,0.0,0.0,100.0,0.0,Null,1.0,0.0,,30.0,Hastings District,Nil,0.0,0.0,0.0,0.0,0.0,0.0,Open,0.0,0.0,0.0,Light rain
643275,1912336.0,5619204.0,545821.0,0.0,0.0,1.0,North,2014/2015,TAIHAPE ROAD,MATAPIRO ROAD,Minor Crash,No,2014,South,0.0,1.0,Hill Road,0.0,,0.0,0.0,Twilight,1410300.0,1.0,0.0,0.0,2.0,0.0,0.0,,Hawke's Bay Region,Nil,2-way,Sealed,0.0,0.0,0.0,100.0,0.0,None,0.0,0.0,,30.0,Hastings District,Unknown,0.0,0.0,0.0,0.0,0.0,0.0,Open,0.0,0.0,0.0,Fine
176378,1929367.0,5604909.0,548200.0,0.0,0.0,2.0,Null,2008/2009,SOUTHAMPTON ST WEST,KING ST SOUTH,Non-Injury Crash,No,2009,North,0.0,,Flat,,,,,Overcast,1489100.0,0.0,0.0,0.0,2.0,0.0,,,Hawke's Bay Region,Nil,2-way,Sealed,0.0,0.0,,50.0,,Null,0.0,0.0,,30.0,Hastings District,Give way,,,,,0.0,0.0,Urban,0.0,,,Fine
76444,1921928.0,5595651.0,545851.0,0.0,0.0,0.0,North,2001/2002,SH 2,TE MAHANGA ROAD,Minor Crash,Yes,2001,South,0.0,1.0,Flat,0.0,,0.0,0.0,Bright sun,1463900.0,1.0,0.0,0.0,2.0,0.0,0.0,,Hawke's Bay Region,Nil,2-way,Sealed,0.0,0.0,0.0,100.0,0.0,Null,0.0,0.0,,30.0,Hastings District,Nil,0.0,0.0,0.0,0.0,1.0,0.0,Open,0.0,0.0,0.0,Fine
251626,1939205.0,5594406.0,545860.0,0.0,0.0,1.0,East,2004/2005,WAIMARAMA ROAD,MARAETOTARA ROAD,Non-Injury Crash,No,2005,West,0.0,1.0,Hill Road,0.0,,0.0,0.0,Bright sun,1467500.0,0.0,0.0,0.0,2.0,0.0,0.0,,Hawke's Bay Region,Nil,2-way,Sealed,0.0,0.0,0.0,100.0,0.0,Null,0.0,0.0,,30.0,Hastings District,Nil,0.0,0.0,0.0,0.0,0.0,0.0,Open,0.0,0.0,1.0,Fine
170284,1928970.0,5605425.0,547700.0,0.0,0.0,0.0,East,2008/2009,SOUTHAMPTON ST WEST,PEPPER ST,Minor Crash,No,2008,West,0.0,,Flat,,,,,Bright sun,1487500.0,1.0,1.0,0.0,2.0,0.0,,,Hawke's Bay Region,Nil,2-way,Sealed,0.0,0.0,,50.0,,Null,0.0,0.0,,30.0,Hastings District,Nil,,,,,0.0,0.0,Urban,1.0,,,Fine