OBJECTID,X,Y,areaUnitID,bicycle,bus,carStationWagon,crashDirectionDescription,crashFinancialYear,crashLocation1,crashLocation2,crashSeverity,crashSHDescription,crashYear,directionRoleDescription,fatalCount,fence,flatHill,guardRail,holiday,houseOrBuilding,kerb,light,meshblockId,minorInjuryCount,moped,motorcycle,NumberOfLanes,otherVehicleType,parkedVehicle,pedestrian,region,roadCharacter,roadLane,roadSurface,schoolBus,seriousInjuryCount,slipOrFlood,speedLimit,strayAnimal,streetLight,suv,taxi,temporarySpeedLimit,tlaId,tlaName,trafficControl,trafficIsland,trafficSign,train,tree,truck,unknownVehicleType,urban,vanOrUtility,vehicle,waterRiver,weatherA
527258,1929453.0,5604796.0,548200.0,0.0,0.0,1.0,Null,2010/2011,SOUTHAMPTON ST WEST,MARKET ST SOUTH,Non-Injury Crash,No,2011,East,0.0,,Flat,,,,,Bright sun,1489802.0,0.0,0.0,0.0,2.0,0.0,,,Hawke's Bay Region,Nil,2-way,Sealed,0.0,0.0,,50.0,,Null,0.0,0.0,,30.0,Hastings District,Give way,,,,,0.0,0.0,Urban,1.0,,,Fine
547144,1929344.0,5605544.0,547700.0,0.0,0.0,2.0,Null,2000/2001,HERETAUNGA ST WEST,TOMOANA ROAD,Non-Injury Crash,No,2000,West,0.0,,Flat,,,,,Dark,1487900.0,0.0,0.0,0.0,2.0,0.0,,,Hawke's Bay Region,Nil,2-way,Sealed,0.0,0.0,,50.0,,On,0.0,0.0,,30.0,Hastings District,Give way,,,,,0.0,0.0,Urban,0.0,,,Light rain
20429,1911743.0,5663174.0,545911.0,0.0,0.0,1.0,North,2010/2011,SH 5,MCVICAR ROAD,Fatal Crash,Yes,2010,South,2.0,,Hill Road,,,,,Bright sun,1414300.0,0.0,0.0,0.0,2.0,0.0,,,Hawke's Bay Region,Nil,2-way,Sealed,0.0,1.0,,100.0,,Null,1.0,0.0,,30.0,Hastings District,Nil,,,,,0.0,0.0,Open,0.0,,,Fine
207423,1928057.0,5604907.0,547900.0,0.0,0.0,2.0,West,2002/2003,BLEDISLOE ST,CAMPBELL ST,Non-Injury Crash,No,2002,West,0.0,0.0,Flat,0.0,,0.0,0.0,Dark,1481700.0,0.0,0.0,0.0,2.0,0.0,1.0,,Hawke's Bay Region,Nil,2-way,Sealed,0.0,0.0,0.0,50.0,0.0,On,0.0,0.0,,30.0,Hastings District,Nil,0.0,0.0,0.0,0.0,0.0,0.0,Urban,0.0,0.0,0.0,Fine
316373,1931065.0,5613777.0,545831.0,0.0,0.0,1.0,Null,2005/2006,PAKOWHAI ROAD,PAKOWHAI ON SBD,Non-Injury Crash,Yes,2006,West,0.0,0.0,Flat,0.0,,0.0,0.0,Dark,1404600.0,0.0,0.0,0.0,4.0,0.0,0.0,,Hawke's Bay Region,Nil,2-way,Sealed,0.0,0.0,0.0,100.0,0.0,On,0.0,0.0,,30.0,Hastings District,Traffic Signals,0.0,1.0,0.0,0.0,0.0,0.0,Open,0.0,0.0,0.0,Fine
234303,1924407.0,5607047.0,548612.0,0.0,0.0,1.0,West,2000/2001,WALTON WAY,TENBY TERRACE,Minor Crash,No,2000,West,0.0,,Flat,,Labour Weekend,,,Bright sun,1474400.0,1.0,0.0,0.0,2.0,0.0,,1.0,Hawke's Bay Region,Nil,2-way,Sealed,0.0,0.0,,50.0,,Null,0.0,0.0,,30.0,Hastings District,Nil,,,,,0.0,0.0,Urban,0.0,,,Fine
587089,1929536.0,5605087.0,548200.0,0.0,0.0,1.0,West,2003/2004,EASTBOURNE ST WEST,KING ST SOUTH,Non-Injury Crash,No,2003,West,0.0,,Flat,,,,,Bright sun,1489400.0,0.0,0.0,0.0,2.0,0.0,,,Hawke's Bay Region,Nil,2-way,Sealed,0.0,0.0,,50.0,,Null,0.0,0.0,,30.0,Hastings District,Nil,,,,,0.0,0.0,Urban,1.0,,,Fine
416963,1930706.4540000001,5613589.214,545831.0,0.0,0.0,2.0,West,2019/2020,LINKS ROAD, LINKS ROAD,Non-Injury Crash,Yes,2019,West,0.0,,Flat,,,,,Bright sun,1404500.0,0.0,0.0,0.0,2.0,0.0,,,Hawke's Bay Region,Nil,2-way,Sealed,0.0,0.0,,100.0,,Off,0.0,0.0,,30.0,Hastings District,Unknown,,,,,0.0,0.0,Open,0.0,,,Fine
53807,1936736.0,5611468.0,545730.0,1.0,0.0,0.0,Null,2009/2010,ALLENS LANE,FERRY ROAD,Non-Injury Crash,No,2010,West,0.0,,Flat,,,,,Bright sun,1405004.0,0.0,0.0,0.0,2.0,0.0,,,Hawke's Bay Region,Nil,2-way,Sealed,0.0,0.0,,50.0,,Null,0.0,0.0,,30.0,Hastings District,Give way,,,,,0.0,0.0,Urban,1.0,,,Fine
603504,1929657.0,5605330.0,548200.0,0.0,0.0,2.0,Null,2006/2007,NELSON ST NORTH,QUEEN ST WEST,Minor Crash,No,2006,West,0.0,,Flat,,,,,Bright sun,1490800.0,1.0,0.0,0.0,2.0,0.0,,,Hawke's Bay Region,Nil,2-way,Sealed,0.0,0.0,,50.0,,Null,0.0,0.0,,30.0,Hastings District,Give way,,,,,0.0,0.0,Urban,0.0,,,Fine
530662,1929030.0,5605958.0,547700.0,0.0,0.0,1.0,North,2010/2011,HERETAUNGA ST WEST,GALLIEN ST,Non-Injury Crash,No,2011,South,0.0,0.0,Flat,0.0,,0.0,0.0,Bright sun,1487400.0,0.0,0.0,0.0,2.0,0.0,1.0,,Hawke's Bay Region,Nil,2-way,Sealed,0.0,0.0,0.0,50.0,0.0,Null,1.0,0.0,,30.0,Hastings District,Nil,0.0,0.0,0.0,0.0,0.0,0.0,Urban,0.0,0.0,0.0,Fine
285196,1933388.0,5604906.0,545721.0,0.0,0.0,1.0,Null,2002/2003,ST GEORGES ROAD,HASSEL ROAD,Non-Injury Crash,No,2003,North,0.0,0.0,Flat,0.0,,0.0,0.0,Dark,1473100.0,0.0,0.0,0.0,2.0,0.0,0.0,,Hawke's Bay Region,Nil,2-way,Sealed,0.0,0.0,0.0,100.0,0.0,None,0.0,0.0,,30.0,Hastings District,Nil,0.0,0.0,0.0,0.0,0.0,0.0,Open,0.0,0.0,0.0,Fine
243038,1947003.0,5659477.0,545911.0,0.0,0.0,0.0,East,2011/2012,WAIKARE ROAD,SH 2,Fatal Crash,No,2012,West,4.0,1.0,Hill Road,0.0,Queens Birthday,0.0,0.0,Dark,1415100.0,0.0,0.0,0.0,1.0,0.0,0.0,,Hawke's Bay Region,Nil,2-way,Unsealed,0.0,0.0,0.0,100.0,0.0,None,1.0,0.0,,30.0,Hastings District,Unknown,0.0,0.0,0.0,1.0,0.0,0.0,Open,0.0,0.0,0.0,Fine
474652,1933897.0,5599946.0,548821.0,0.0,0.0,1.0,Null,2018/2019,HIKANUI DRIVE,HIKANUI PLACE,Non-Injury Crash,No,2018,South,0.0,0.0,Hill Road,0.0,,0.0,0.0,Dark,1466902.0,0.0,0.0,0.0,2.0,0.0,0.0,,Hawke's Bay Region,Nil,2-way,Sealed,0.0,0.0,0.0,50.0,0.0,On,0.0,0.0,,30.0,Hastings District,Nil,0.0,0.0,0.0,1.0,0.0,0.0,Urban,0.0,0.0,0.0,Fine
696937,1926465.0,5608002.0,545710.0,0.0,0.0,2.0,Null,2006/2007,OMAHU ROAD,HENDERSON ROAD,Non-Injury Crash,No,2007,West,0.0,,Flat,,,,,Bright sun,1470900.0,0.0,0.0,0.0,2.0,0.0,,,Hawke's Bay Region,Nil,2-way,Sealed,0.0,0.0,,50.0,,Null,0.0,0.0,,30.0,Hastings District,Give way,,,,,0.0,0.0,Urban,0.0,,,Fine
15538,1930128.0,5606960.0,547600.0,0.0,0.0,1.0,Null,2006/2007,FREDERICK ST,KAURI ST,Non-Injury Crash,No,2007,West,0.0,0.0,Flat,0.0,,0.0,0.0,Dark,1484900.0,0.0,0.0,0.0,2.0,0.0,1.0,,Hawke's Bay Region,Nil,2-way,Sealed,0.0,0.0,0.0,50.0,0.0,On,1.0,0.0,,30.0,Hastings District,Give way,0.0,0.0,0.0,0.0,0.0,0.0,Urban,0.0,0.0,0.0,Heavy rain
486981,1938835.0,5593920.0,545860.0,0.0,0.0,0.0,South,2008/2009,MARAETOTARA ROAD,WAIMARAMA ROAD,Non-Injury Crash,No,2008,South,0.0,,Flat,,,,,Dark,1467400.0,0.0,0.0,0.0,2.0,0.0,,,Hawke's Bay Region,Nil,2-way,Sealed,0.0,0.0,,100.0,,None,1.0,0.0,,30.0,Hastings District,Nil,,,,,0.0,0.0,Open,0.0,,,Light rain
729885,1926208.0,5609993.0,545710.0,0.0,0.0,1.0,East,2004/2005,TWYFORD ROAD,EVANS ROAD,Non-Injury Crash,No,2004,North,0.0,0.0,Flat,0.0,,0.0,0.0,Bright sun,1470800.0,0.0,0.0,0.0,2.0,0.0,0.0,,Hawke's Bay Region,Nil,2-way,Sealed,0.0,0.0,0.0,100.0,0.0,Null,0.0,0.0,,30.0,Hastings District,Nil,0.0,0.0,0.0,0.0,0.0,0.0,Open,0.0,0.0,0.0,Fine
489060,1921971.0,5641009.0,545811.0,0.0,0.0,1.0,North,2003/2004,SH 5,GLENGARRY ROAD,Non-Injury Crash,Yes,2003,South,0.0,0.0,Hill Road,0.0,Christmas New Year,0.0,0.0,Bright sun,1414600.0,0.0,0.0,0.0,2.0,0.0,0.0,,Hawke's Bay Region,Nil,2-way,Sealed,0.0,0.0,0.0,100.0,0.0,Null,0.0,0.0,,30.0,Hastings District,Nil,0.0,0.0,0.0,0.0,0.0,0.0,Open,0.0,0.0,0.0,Fine
100055,1930095.0,5604545.0,548200.0,1.0,0.0,1.0,North,2017/2018,HERETAUNGA ST EAST,MILLER ST,Minor Crash,No,2017,South,0.0,,Flat,,,,,Bright sun,1493800.0,1.0,0.0,0.0,2.0,0.0,,,Hawke's Bay Region,Nil,2-way,Sealed,0.0,0.0,,50.0,,Null,0.0,0.0,,30.0,Hastings District,Unknown,,,,,0.0,0.0,Urban,0.0,,,Fine
351878,1930771.0,5604640.0,548100.0,0.0,0.0,1.0,Null,2014/2015,PRINCES ST,VICTORIA ST,Non-Injury Crash,No,2014,East,0.0,0.0,Flat,0.0,,0.0,0.0,Dark,1499600.0,0.0,0.0,0.0,2.0,0.0,0.0,,Hawke's Bay Region,Nil,2-way,Sealed,0.0,0.0,0.0,50.0,0.0,On,0.0,0.0,50.0,30.0,Hastings District,Nil,0.0,0.0,0.0,1.0,0.0,0.0,Urban,0.0,0.0,0.0,Fine
521519,1933028.0,5601843.0,548831.0,0.0,0.0,1.0,East,2009/2010,TE MATA ROAD,KARANEMA DRIVE,Non-Injury Crash,No,2010,West,0.0,0.0,Flat,0.0,,0.0,0.0,Dark,1509800.0,0.0,0.0,0.0,2.0,0.0,0.0,,Hawke's Bay Region,Nil,2-way,Sealed,0.0,0.0,0.0,50.0,0.0,On,0.0,0.0,,30.0,Hastings District,Nil,0.0,0.0,0.0,0.0,0.0,0.0,Urban,0.0,0.0,0.0,Fine
407736,1930080.0,5605172.0,548200.0,0.0,0.0,1.0,Null,2012/2013,ST AUBYN ST EAST,SIR JAMES WATTIE PLACE,Minor Crash,No,2012,South,0.0,,Flat,,,,,Overcast,1494100.0,1.0,0.0,0.0,2.0,0.0,,1.0,Hawke's Bay Region,Nil,2-way,Sealed,0.0,0.0,,50.0,,Null,0.0,0.0,,30.0,Hastings District,Traffic Signals,,,,,0.0,0.0,Urban,0.0,,,Light rain
621034,1928873.0,5603872.0,548300.0,0.0,0.0,1.0,Null,2018/2019,MURDOCH ROAD EAST,KARAMU ROAD SOUTH,Minor Crash,No,2018,South,0.0,1.0,Flat,0.0,,1.0,0.0,Dark,1503203.0,1.0,0.0,0.0,2.0,0.0,0.0,,Hawke's Bay Region,Nil,2-way,Sealed,0.0,0.0,0.0,50.0,0.0,On,0.0,0.0,,30.0,Hastings District,Stop,0.0,0.0,0.0,0.0,0.0,0.0,Urban,0.0,0.0,0.0,Fine
539612,1927582.0,5607392.0,548400.0,0.0,0.0,1.0,Null,2009/2010,SH 50A,OMAHU ROAD,Non-Injury Crash,Yes,2010,South,0.0,0.0,Flat,0.0,,0.0,0.0,Overcast,1473500.0,0.0,0.0,0.0,4.0,0.0,0.0,,Hawke's Bay Region,Nil,2-way,Sealed,0.0,0.0,0.0,100.0,0.0,Null,0.0,0.0,,30.0,Hastings District,Give way,0.0,1.0,0.0,0.0,0.0,0.0,Open,1.0,0.0,0.0,Fine
204770,1930583.0,5606031.0,547600.0,0.0,0.0,2.0,Null,2010/2011,NELSON ST NORTH,BURNETT ST,Non-Injury Crash,No,2010,North,0.0,,Flat,,,,,Overcast,1483700.0,0.0,0.0,0.0,2.0,0.0,,,Hawke's Bay Region,Nil,2-way,Sealed,0.0,0.0,,50.0,,Null,0.0,0.0,,30.0,Hastings District,Nil,,,,,0.0,0.0,Urban,0.0,,,Fine
503079,1934795.0,5646474.0,545911.0,0.0,0.0,0.0,North,2014/2015,SH 2,AROPAOANUI ROAD,Minor Crash,Yes,2014,East,0.0,,Hill Road,,,,,Bright sun,1415200.0,1.0,0.0,0.0,2.0,0.0,,,Hawke's Bay Region,Nil,2-way,Sealed,0.0,0.0,,100.0,,Null,0.0,0.0,,30.0,Hastings District,Nil,,,,,0.0,0.0,Open,1.0,,,Fine
511483,1927222.0,5669388.0,545911.0,0.0,0.0,0.0,Null,2001/2002,WAITARA ROAD,POHOKURA ROAD,Non-Injury Crash,No,2001,North,0.0,0.0,Flat,0.0,,0.0,0.0,Bright sun,1416000.0,0.0,0.0,0.0,2.0,0.0,0.0,,Hawke's Bay Region,Nil,2-way,Unsealed,0.0,0.0,0.0,100.0,0.0,Null,0.0,0.0,,30.0,Hastings District,Nil,0.0,0.0,0.0,0.0,0.0,0.0,Open,1.0,0.0,0.0,Fine
588929,1898604.3073,5593577.6914,545841.0,0.0,0.0,0.0,North,2019/2020,SH 50,MANGA-O-NUKU NO3 BR,Non-Injury Crash,Yes,2020,North,0.0,0.0,Flat,0.0,,0.0,0.0,Dark,1462600.0,0.0,0.0,0.0,1.0,0.0,0.0,,Hawke's Bay Region,Bridge,2-way,Sealed,0.0,0.0,0.0,100.0,0.0,None,1.0,0.0,,30.0,Hastings District,Nil,0.0,0.0,0.0,0.0,0.0,0.0,Open,0.0,0.0,0.0,Fine
546211,1928503.0,5606043.0,548500.0,0.0,0.0,3.0,Null,2013/2014,MARAEKAKAHO ROAD,SOUTHAMPTON ST WEST,Non-Injury Crash,No,2014,East,0.0,,Flat,,,,,Overcast,1479600.0,0.0,0.0,0.0,2.0,0.0,,,Hawke's Bay Region,Nil,2-way,Sealed,0.0,0.0,,50.0,,Off,0.0,0.0,,30.0,Hastings District,Traffic Signals,,,,,0.0,0.0,Urban,0.0,,,Light rain
692923,1928046.0,5604932.0,547900.0,0.0,0.0,1.0,Null,2015/2016,BLEDISLOE ST,BLEDISLOE PLACE,Non-Injury Crash,No,2016,South,0.0,1.0,Flat,0.0,,0.0,0.0,Dark,1481700.0,0.0,0.0,0.0,2.0,0.0,0.0,,Hawke's Bay Region,Nil,2-way,Sealed,0.0,0.0,0.0,50.0,0.0,On,0.0,0.0,,30.0,Hastings District,Nil,0.0,0.0,0.0,1.0,0.0,0.0,Urban,0.0,0.0,0.0,Fine
66241,1928508.0,5606543.0,547800.0,0.0,0.0,0.0,West,2004/2005,OMAHU ROAD,HAPUKA ST,Non-Injury Crash,No,2004,East,0.0,0.0,Flat,0.0,,0.0,0.0,Bright sun,1477400.0,0.0,0.0,0.0,2.0,0.0,1.0,,Hawke's Bay Region,Nil,2-way,Sealed,0.0,0.0,0.0,50.0,0.0,Null,0.0,0.0,,30.0,Hastings District,Nil,0.0,0.0,0.0,0.0,1.0,0.0,Urban,1.0,0.0,0.0,Fine
513659,1936653.0,5598224.0,545851.0,0.0,0.0,1.0,South,2007/2008,WAIMARAMA ROAD,TE MATA ROAD,Minor Crash,No,2007,South,0.0,0.0,Hill Road,0.0,Christmas New Year,0.0,0.0,Dark,1467002.0,1.0,0.0,0.0,2.0,0.0,0.0,,Hawke's Bay Region,Nil,2-way,Sealed,0.0,0.0,0.0,100.0,0.0,None,0.0,0.0,,30.0,Hastings District,Nil,0.0,0.0,0.0,1.0,0.0,0.0,Open,0.0,0.0,0.0,Fine
587316,1928312.0,5606252.0,548500.0,0.0,0.0,3.0,West,2005/2006,ORCHARD ROAD,MCLEOD ST,Minor Crash,No,2005,West,0.0,,Flat,,,,,Bright sun,1478700.0,2.0,0.0,0.0,2.0,0.0,,,Hawke's Bay Region,Nil,2-way,Sealed,0.0,0.0,,50.0,,Null,0.0,0.0,,30.0,Hastings District,Nil,,,,,0.0,0.0,Urban,0.0,,,Fine
26606,1925453.0,5598839.0,545852.0,0.0,0.0,1.0,East,2013/2014,STOCK ROAD,SH 2,Non-Injury Crash,No,2014,East,0.0,,Flat,,,,,Dark,1465801.0,0.0,0.0,0.0,2.0,0.0,,,Hawke's Bay Region,Nil,2-way,Sealed,0.0,0.0,,80.0,,On,1.0,0.0,,30.0,Hastings District,Nil,,,,,0.0,0.0,Open,0.0,,,Fine
104623,1930116.0,5604517.0,548200.0,0.0,0.0,1.0,South,2014/2015,HERETAUNGA ST EAST,HASTINGS ST SOUTH,Serious Crash,No,2014,North,0.0,,Flat,,,,,Dark,1493800.0,0.0,0.0,0.0,2.0,0.0,,1.0,Hawke's Bay Region,Nil,2-way,Sealed,0.0,1.0,,50.0,,On,0.0,0.0,,30.0,Hastings District,Unknown,,,,,0.0,0.0,Urban,0.0,,,Fine
27019,1918785.0,5648496.0,545811.0,0.0,0.0,0.0,North,2001/2002,SH 5,OHURAKURA ROAD,Non-Injury Crash,Yes,2002,South,0.0,,Hill Road,,,,,Dark,1414600.0,0.0,0.0,0.0,2.0,0.0,,,Hawke's Bay Region,Nil,2-way,Sealed,0.0,0.0,,100.0,,None,0.0,0.0,,30.0,Hastings District,Nil,,,,,1.0,0.0,Open,1.0,,,Light rain
528141,1929607.0,5604596.0,548200.0,0.0,0.0,1.0,Null,2006/2007,KARAMU ROAD SOUTH,KARAMU ROAD,Serious Crash,No,2007,South,0.0,,Flat,,,,,Bright sun,1492400.0,0.0,1.0,0.0,2.0,0.0,,,Hawke's Bay Region,Nil,2-way,Sealed,0.0,1.0,,50.0,,Null,0.0,0.0,,30.0,Hastings District,Give way,,,,,0.0,0.0,Urban,0.0,,,Fine
338170,1918268.0,5648904.0,545911.0,0.0,0.0,1.0,North,2009/2010,SH 5,OHURAKURA ROAD,Non-Injury Crash,Yes,2009,West,0.0,1.0,Hill Road,0.0,,0.0,0.0,Bright sun,1415900.0,0.0,0.0,0.0,2.0,0.0,0.0,,Hawke's Bay Region,Nil,2-way,Sealed,0.0,0.0,0.0,100.0,0.0,Null,0.0,0.0,,30.0,Hastings District,Nil,0.0,1.0,0.0,0.0,0.0,0.0,Open,0.0,0.0,0.0,Fine
90134,1932525.0,5608588.0,545721.0,0.0,0.0,1.0,North,2011/2012,RUAHAPIA ROAD,WHAKATU ROAD,Minor Crash,No,2011,West,0.0,,Flat,,,,,Overcast,1471600.0,1.0,0.0,0.0,3.0,0.0,,,Hawke's Bay Region,Nil,2-way,Sealed,0.0,0.0,,100.0,,Null,0.0,0.0,,30.0,Hastings District,Nil,,,,,1.0,0.0,Open,0.0,,,Fine
652328,1928540.0,5606511.0,548500.0,0.0,0.0,1.0,South,2016/2017,OMAHU ROAD,HAPUKA ST,Non-Injury Crash,No,2017,South,0.0,0.0,Flat,0.0,,0.0,0.0,Overcast,1478700.0,0.0,0.0,0.0,2.0,0.0,1.0,,Hawke's Bay Region,Nil,2-way,Sealed,0.0,0.0,0.0,50.0,0.0,Null,0.0,0.0,,30.0,Hastings District,Unknown,0.0,0.0,0.0,0.0,0.0,0.0,Urban,1.0,0.0,0.0,Null
405654,1925622.0,5606281.0,548620.0,0.0,0.0,1.0,Null,2015/2016,MONTROSE ST,ARBROATH AVENUE,Non-Injury Crash,No,2016,North,0.0,1.0,Flat,0.0,,0.0,0.0,Overcast,1475600.0,0.0,0.0,0.0,2.0,0.0,0.0,,Hawke's Bay Region,Nil,2-way,Sealed,0.0,0.0,0.0,50.0,0.0,Null,0.0,0.0,,30.0,Hastings District,Nil,0.0,0.0,0.0,0.0,0.0,0.0,Urban,0.0,0.0,0.0,Fine
358158,1934155.0,5601870.0,548831.0,0.0,0.0,2.0,Null,2004/2005,TE MATA ROAD,JAMES COOK ST,Non-Injury Crash,No,2005,East,0.0,,Flat,,,,,Bright sun,1510100.0,0.0,0.0,0.0,2.0,0.0,,,Hawke's Bay Region,Nil,2-way,Sealed,0.0,0.0,,50.0,,Null,0.0,0.0,,30.0,Hastings District,Nil,,,,,0.0,0.0,Urban,0.0,,,Fine
469544,1929719.0,5606253.0,547600.0,0.0,0.0,2.0,North,2007/2008,GRAYS ROAD,FITZROY AVENUE,Non-Injury Crash,No,2008,South,0.0,0.0,Flat,0.0,,0.0,0.0,Dark,1485300.0,0.0,0.0,0.0,2.0,0.0,1.0,,Hawke's Bay Region,Nil,2-way,Sealed,0.0,0.0,0.0,50.0,0.0,On,0.0,0.0,,30.0,Hastings District,Nil,0.0,0.0,0.0,0.0,0.0,0.0,Urban,0.0,0.0,0.0,Fine
648219,1931688.0,5605956.0,545721.0,0.0,0.0,1.0,Null,2014/2015,SH 2,KENILWORTH ROAD,Minor Crash,Yes,2014,West,0.0,,Flat,,,,,Twilight,1471700.0,1.0,0.0,0.0,2.0,0.0,,,Hawke's Bay Region,Nil,2-way,Sealed,0.0,0.0,,50.0,,On,0.0,0.0,,30.0,Hastings District,Give way,,,,,0.0,0.0,Urban,1.0,,,Fine
64608,1930148.3805,5604675.2741,548200.0,0.0,0.0,2.0,Null,2019/2020,QUEEN STREET EAST,HASTINGS STREET NORTH,Non-Injury Crash,No,2019,East,0.0,,Null,,,,,Dark,1493900.0,0.0,0.0,0.0,2.0,0.0,,,Hawke's Bay Region,Nil,2-way,Sealed,0.0,0.0,,50.0,,On,0.0,0.0,,30.0,Hastings District,Give way,,,,,0.0,0.0,Urban,0.0,,,Null
434460,1921919.0,5624073.0,545821.0,0.0,0.0,0.0,North,2013/2014,APLEY ROAD,DARTMOOR ROAD,Non-Injury Crash,No,2014,North,0.0,0.0,Hill Road,0.0,,0.0,0.0,Dark,1411100.0,0.0,0.0,0.0,2.0,0.0,0.0,,Hawke's Bay Region,Nil,2-way,Sealed,0.0,0.0,0.0,100.0,0.0,None,0.0,0.0,,30.0,Hastings District,Unknown,0.0,0.0,0.0,0.0,0.0,0.0,Open,1.0,0.0,0.0,Fine
44086,1929754.0,5605404.0,548200.0,0.0,0.0,2.0,Null,1999/2000,NELSON ST NORTH,AVENUE ROAD WEST,Non-Injury Crash,No,2000,East,0.0,,Flat,,,,,Bright sun,1490300.0,0.0,0.0,0.0,2.0,0.0,,,Hawke's Bay Region,Nil,2-way,Sealed,0.0,0.0,,50.0,,Null,0.0,0.0,,30.0,Hastings District,Give way,,,,,0.0,0.0,Urban,0.0,,,Fine
222270,1927917.0,5601772.0,545762.0,0.0,0.0,1.0,Null,2007/2008,LONGLANDS ROAD EAST,RIVERSLEA ROAD SOUTH,Non-Injury Crash,No,2007,West,0.0,0.0,Flat,0.0,,0.0,0.0,Dark,1468400.0,0.0,0.0,0.0,2.0,0.0,0.0,,Hawke's Bay Region,Nil,2-way,Sealed,0.0,0.0,0.0,100.0,0.0,On,0.0,0.0,,30.0,Hastings District,Give way,0.0,1.0,0.0,0.0,0.0,0.0,Open,0.0,0.0,0.0,Fine
48065,1932274.0,5609028.0,545721.0,0.0,0.0,1.0,Null,2000/2001,PAKOWHAI ROAD,RUAHAPIA ROAD,Minor Crash,No,2001,South,0.0,,Flat,,,,,Dark,1471600.0,1.0,0.0,0.0,2.0,0.0,,,Hawke's Bay Region,Nil,2-way,Sealed,0.0,0.0,,100.0,,None,0.0,0.0,,30.0,Hastings District,Give way,,,,,0.0,0.0,Open,1.0,,,Fine
94202,1939842.0,5644992.0,545811.0,0.0,0.0,0.0,East,2003/2004,AROPAOANUI ROAD,SH 2,Non-Injury Crash,No,2003,East,0.0,0.0,Hill Road,0.0,,0.0,0.0,Dark,1415800.0,0.0,0.0,0.0,2.0,0.0,0.0,,Hawke's Bay Region,Nil,2-way,Unsealed,0.0,0.0,0.0,100.0,0.0,None,0.0,0.0,,30.0,Hastings District,Nil,0.0,0.0,0.0,0.0,0.0,0.0,Open,1.0,0.0,0.0,Fine
209802,1924280.0,5607497.0,548612.0,0.0,0.0,1.0,Null,2010/2011,SCOTT DRIVE,BAKER ST,Minor Crash,No,2010,South,0.0,,Flat,,,,,Bright sun,1474003.0,1.0,0.0,0.0,2.0,0.0,,1.0,Hawke's Bay Region,Nil,2-way,Sealed,0.0,0.0,,50.0,,Null,0.0,0.0,,30.0,Hastings District,Nil,,,,,0.0,0.0,Urban,0.0,,,Fine
694899,1929743.0,5605016.0,548200.0,0.0,0.0,2.0,Null,2007/2008,MARKET ST NORTH,HERETAUNGA ST WEST,Non-Injury Crash,No,2008,South,0.0,,Flat,,,,,Bright sun,1491700.0,0.0,0.0,0.0,2.0,0.0,,,Hawke's Bay Region,Nil,2-way,Sealed,0.0,0.0,,50.0,,Null,0.0,0.0,,30.0,Hastings District,Give way,,,,,0.0,0.0,Urban,0.0,,,Fine
31704,1929402.0,5606565.0,547600.0,0.0,0.0,2.0,Null,2006/2007,FITZROY AVENUE,DENNETT ST,Non-Injury Crash,No,2007,East,0.0,,Flat,,,,,Bright sun,1485100.0,0.0,0.0,0.0,2.0,0.0,,,Hawke's Bay Region,Nil,2-way,Sealed,0.0,0.0,,50.0,,Null,0.0,0.0,,30.0,Hastings District,Nil,,,,,0.0,0.0,Urban,0.0,,,Fine
533703,1927597.0,5605358.0,545761.0,0.0,0.0,2.0,Null,2015/2016,WALL ROAD,MARAEKAKAHO ROAD,Non-Injury Crash,No,2016,North,0.0,,Flat,,,,,Bright sun,1469905.0,0.0,0.0,0.0,2.0,0.0,,,Hawke's Bay Region,Nil,2-way,Sealed,0.0,0.0,,50.0,,Null,0.0,0.0,,30.0,Hastings District,Give way,,,,,0.0,0.0,Urban,0.0,,,Fine
21780,1926752.0,5607949.0,548400.0,0.0,0.0,1.0,East,2015/2016,OMAHU ROAD,RAUPARE ROAD,Non-Injury Crash,No,2016,East,0.0,,Flat,,,,,Twilight,1473400.0,0.0,0.0,0.0,2.0,0.0,,,Hawke's Bay Region,Nil,2-way,Sealed,0.0,0.0,,50.0,,On,1.0,0.0,,30.0,Hastings District,Unknown,,,,,0.0,0.0,Urban,1.0,,,Fine
222832,1932652.0,5609542.0,545832.0,0.0,0.0,1.0,Null,2004/2005,CHESTERHOPE BRIDGE,FARNDON ROAD,Minor Crash,No,2004,South,0.0,,Flat,,,,,Overcast,1404300.0,4.0,0.0,0.0,2.0,0.0,,,Hawke's Bay Region,Nil,2-way,Sealed,0.0,0.0,,100.0,,Null,0.0,0.0,,30.0,Hastings District,Give way,,,,,0.0,0.0,Open,1.0,,,Fine
470597,1936183.0,5611652.0,545832.0,0.0,0.0,2.0,Null,2004/2005,SH 2,FARNDON ROAD,Non-Injury Crash,Yes,2004,North,0.0,,Flat,,,,,Dark,1404200.0,0.0,0.0,0.0,2.0,0.0,,,Hawke's Bay Region,Nil,2-way,Sealed,0.0,0.0,,50.0,,On,0.0,0.0,,30.0,Hastings District,Give way,,,,,0.0,0.0,Urban,0.0,,,Fine