OBJECTID,X,Y,areaUnitID,bicycle,bus,carStationWagon,crashDirectionDescription,crashFinancialYear,crashLocation1,crashLocation2,crashSeverity,crashSHDescription,crashYear,directionRoleDescription,fatalCount,fence,flatHill,guardRail,holiday,houseOrBuilding,kerb,light,meshblockId,minorInjuryCount,moped,motorcycle,NumberOfLanes,otherVehicleType,parkedVehicle,pedestrian,region,roadCharacter,roadLane,roadSurface,schoolBus,seriousInjuryCount,slipOrFlood,speedLimit,strayAnimal,streetLight,suv,taxi,temporarySpeedLimit,tlaId,tlaName,trafficControl,trafficIsland,trafficSign,train,tree,truck,unknownVehicleType,urban,vanOrUtility,vehicle,waterRiver,weatherA
735652,1932612.0,5611800.0,545832.0,0.0,0.0,1.0,South,2006/2007,BROOKFIELDS ROAD,GILBERTSON ROAD,Minor Crash,No,2006,North,0.0,0.0,Flat,0.0,,0.0,0.0,Dark,1403900.0,1.0,0.0,0.0,2.0,0.0,0.0,,Hawke's Bay Region,Nil,2-way,Sealed,0.0,0.0,0.0,100.0,0.0,None,0.0,0.0,,30.0,Hastings District,Nil,0.0,0.0,0.0,0.0,0.0,0.0,Open,0.0,0.0,0.0,Fine
732489,1923821.0,5608105.0,548611.0,0.0,0.0,2.0,Null,2003/2004,FLAXMERE AVENUE,BLYTH ST,Non-Injury Crash,No,2003,East,0.0,,Flat,,,,,Bright sun,1470314.0,0.0,0.0,0.0,2.0,0.0,,,Hawke's Bay Region,Nil,2-way,Sealed,0.0,0.0,,50.0,,Null,0.0,0.0,,30.0,Hastings District,Nil,,,,,0.0,0.0,Urban,0.0,,,Fine
146044,1929509.0,5608835.0,545710.0,0.0,0.0,1.0,Null,2004/2005,SH 50A,EVENDEN ROAD,Non-Injury Crash,Yes,2005,South,0.0,0.0,Flat,0.0,,0.0,0.0,Dark,1471100.0,0.0,0.0,0.0,4.0,0.0,0.0,,Hawke's Bay Region,Nil,2-way,Sealed,0.0,0.0,0.0,100.0,0.0,On,0.0,0.0,,30.0,Hastings District,Give way,1.0,1.0,0.0,0.0,0.0,0.0,Open,0.0,0.0,0.0,Fine
666912,1928044.0,5601659.0,545852.0,0.0,0.0,1.0,East,2009/2010,LONGLANDS ROAD EAST,RIVERSLEA ROAD SOUTH,Fatal Crash,No,2010,West,3.0,1.0,Flat,0.0,,0.0,0.0,Bright sun,1468700.0,0.0,0.0,0.0,2.0,0.0,0.0,,Hawke's Bay Region,Nil,2-way,Sealed,0.0,2.0,0.0,100.0,0.0,Null,0.0,0.0,,30.0,Hastings District,Nil,0.0,0.0,0.0,0.0,1.0,0.0,Open,0.0,0.0,0.0,Fine
98446,1932506.0,5610285.0,545832.0,0.0,0.0,2.0,North,2002/2003,PAKOWHAI ROAD,GILBERTSON ROAD,Non-Injury Crash,No,2003,North,0.0,0.0,Flat,0.0,,0.0,0.0,Dark,1404100.0,0.0,0.0,0.0,2.0,0.0,0.0,,Hawke's Bay Region,Bridge,2-way,Sealed,0.0,0.0,0.0,100.0,0.0,On,0.0,0.0,,30.0,Hastings District,Nil,0.0,0.0,0.0,0.0,0.0,0.0,Open,0.0,0.0,0.0,Fine
40102,1931779.0,5604396.0,548000.0,0.0,0.0,1.0,South,2017/2018,GROVE ROAD,SUSSEX ST,Non-Injury Crash,No,2017,South,0.0,0.0,Flat,0.0,,0.0,0.0,Dark,1498900.0,0.0,0.0,0.0,2.0,0.0,1.0,,Hawke's Bay Region,Nil,2-way,Sealed,0.0,0.0,0.0,50.0,0.0,On,1.0,0.0,,30.0,Hastings District,Unknown,0.0,0.0,0.0,0.0,0.0,0.0,Urban,0.0,0.0,0.0,Fine
222418,1925261.0,5598585.0,545851.0,0.0,0.0,1.0,North,2007/2008,SH 2,TE AUTE ROAD,Non-Injury Crash,Yes,2008,North,0.0,,Flat,,,,,Bright sun,1463900.0,0.0,0.0,0.0,2.0,0.0,,,Hawke's Bay Region,Nil,2-way,Sealed,0.0,0.0,,100.0,,Null,0.0,0.0,,30.0,Hastings District,Nil,,,,,0.0,0.0,Open,1.0,,,Fine
564727,1924399.0,5603646.0,545842.0,0.0,0.0,1.0,Null,2009/2010,MARAEKAKAHO ROAD,STOCK ROAD,Minor Crash,No,2010,East,0.0,,Flat,,,,,Bright sun,1470213.0,1.0,0.0,0.0,2.0,0.0,,,Hawke's Bay Region,Nil,2-way,Sealed,0.0,0.0,,100.0,,Null,0.0,0.0,,30.0,Hastings District,Stop,,,,,0.0,0.0,Open,1.0,,,Fine
124749,1925266.0,5598926.0,545852.0,0.0,0.0,1.0,North,2004/2005,SH 2,STOCK ROAD,Non-Injury Crash,Yes,2005,North,0.0,0.0,Flat,0.0,,0.0,0.0,Bright sun,1465801.0,0.0,0.0,0.0,2.0,0.0,0.0,,Hawke's Bay Region,Nil,2-way,Sealed,0.0,0.0,0.0,100.0,0.0,Null,0.0,0.0,,30.0,Hastings District,Nil,0.0,1.0,0.0,0.0,0.0,0.0,Open,0.0,0.0,0.0,Fine
660297,1933838.0,5604201.0,545750.0,0.0,0.0,1.0,North,2004/2005,NAPIER ROAD,THOMPSON ROAD,Non-Injury Crash,No,2005,South,0.0,0.0,Flat,1.0,,0.0,0.0,Dark,1406600.0,0.0,0.0,0.0,2.0,0.0,0.0,,Hawke's Bay Region,Nil,2-way,Sealed,0.0,0.0,0.0,100.0,0.0,None,0.0,0.0,,30.0,Hastings District,Nil,0.0,0.0,0.0,1.0,0.0,0.0,Open,0.0,0.0,0.0,Fine
427619,1930118.0,5604174.0,548300.0,0.0,0.0,1.0,East,2000/2001,MADDISON ST,WILLOWPARK ROAD SOUTH,Non-Injury Crash,No,2001,East,0.0,0.0,Flat,0.0,,1.0,0.0,Bright sun,1501600.0,0.0,0.0,0.0,2.0,0.0,1.0,,Hawke's Bay Region,Nil,2-way,Sealed,0.0,0.0,0.0,50.0,0.0,Null,0.0,0.0,,30.0,Hastings District,Nil,0.0,0.0,0.0,0.0,0.0,0.0,Urban,1.0,0.0,0.0,Fine
91033,1924843.0,5600702.0,545851.0,0.0,0.0,0.0,South,2001/2002,SH 50A,MANGAROA ROAD,Non-Injury Crash,Yes,2002,South,0.0,0.0,Flat,0.0,,0.0,0.0,Bright sun,1463500.0,0.0,0.0,0.0,2.0,0.0,0.0,,Hawke's Bay Region,Nil,2-way,Sealed,0.0,0.0,0.0,100.0,0.0,Null,0.0,0.0,,30.0,Hastings District,Nil,0.0,0.0,0.0,0.0,0.0,0.0,Open,2.0,0.0,0.0,Fine
261658,1928978.0,5604046.0,547900.0,0.0,0.0,2.0,South,2002/2003,RAILWAY ROAD,MURDOCH ROAD WEST,Non-Injury Crash,No,2003,South,0.0,,Flat,,,,,Dark,1482500.0,0.0,0.0,0.0,2.0,0.0,,,Hawke's Bay Region,Nil,2-way,Sealed,0.0,0.0,,100.0,,None,0.0,0.0,,30.0,Hastings District,Nil,,,,,0.0,0.0,Open,0.0,,,Fine
138307,1931837.0,5613898.0,545831.0,0.0,0.0,1.0,West,2016/2017,ALLEN ROAD,GILLIGAN ROAD,Minor Crash,No,2016,East,0.0,1.0,Flat,0.0,,0.0,0.0,Dark,1404600.0,1.0,0.0,0.0,2.0,0.0,0.0,,Hawke's Bay Region,Nil,2-way,Sealed,0.0,0.0,0.0,100.0,0.0,None,0.0,0.0,,30.0,Hastings District,Unknown,0.0,0.0,0.0,0.0,0.0,0.0,Open,0.0,0.0,0.0,Fine
324053,1928278.0,5605872.0,548500.0,0.0,0.0,1.0,Null,2005/2006,MARAEKAKAHO ROAD,LOWE ST,Non-Injury Crash,No,2006,North,0.0,,Flat,,,,,Overcast,1479700.0,0.0,0.0,0.0,2.0,0.0,,,Hawke's Bay Region,Nil,2-way,Sealed,0.0,0.0,,50.0,,Null,0.0,0.0,,30.0,Hastings District,Give way,,,,,0.0,0.0,Urban,1.0,,,Fine
268260,1924721.9268,5620222.0654,545821.0,0.0,0.0,1.0,South,2019/2020,DARTMOOR ROAD,VICARAGE ROAD,Minor Crash,No,2019,West,0.0,0.0,Flat,0.0,,0.0,0.0,Overcast,1411400.0,1.0,0.0,0.0,2.0,0.0,0.0,,Hawke's Bay Region,Nil,2-way,Sealed,0.0,0.0,0.0,100.0,0.0,None,0.0,0.0,,30.0,Hastings District,Unknown,0.0,0.0,0.0,0.0,0.0,0.0,Open,0.0,0.0,0.0,Light rain
306579,1929969.0,5604717.0,548200.0,0.0,0.0,0.0,Null,2005/2006,HERETAUNGA ST EAST,WARREN ST SOUTH,Minor Crash,No,2005,East,0.0,,Flat,,,,,Bright sun,1493300.0,1.0,0.0,0.0,2.0,0.0,,1.0,Hawke's Bay Region,Nil,2-way,Sealed,0.0,0.0,,50.0,,Null,0.0,0.0,,30.0,Hastings District,Give way,,,,,0.0,0.0,Urban,1.0,,,Fine
515813,1924461.2581,5607929.4652,548612.0,0.0,0.0,2.0,Null,2018/2019,FLAXMERE AVENUE,DIAZ DRIVE,Minor Crash,No,2019,West,0.0,,Flat,,,,,Bright sun,1474106.0,1.0,0.0,0.0,2.0,0.0,,,Hawke's Bay Region,Nil,2-way,Sealed,0.0,0.0,,50.0,,Off,0.0,0.0,,30.0,Hastings District,Give way,,,,,0.0,0.0,Urban,0.0,,,Fine
503846,1929441.0,5605616.0,547700.0,0.0,0.0,2.0,Null,2002/2003,QUEEN ST WEST,TOMOANA ROAD,Non-Injury Crash,No,2003,North,0.0,0.0,Flat,0.0,,0.0,0.0,Bright sun,1488000.0,0.0,0.0,0.0,2.0,0.0,0.0,,Hawke's Bay Region,Nil,2-way,Sealed,0.0,0.0,0.0,50.0,0.0,Null,0.0,0.0,,30.0,Hastings District,Give way,0.0,0.0,0.0,1.0,0.0,0.0,Urban,0.0,0.0,0.0,Fine
105275,1932652.0,5609542.0,545832.0,0.0,0.0,0.0,Null,2008/2009,CHESTERHOPE BRIDGE,FARNDON ROAD,Non-Injury Crash,No,2008,South,0.0,,Flat,,,,,Overcast,1404300.0,0.0,1.0,0.0,2.0,0.0,,,Hawke's Bay Region,Nil,2-way,Sealed,0.0,0.0,,100.0,,Null,0.0,0.0,,30.0,Hastings District,Give way,,,,,1.0,0.0,Open,0.0,,,Light rain
597309,1931988.0,5606529.0,545721.0,0.0,0.0,1.0,North,2016/2017,ELWOOD ROAD,SH 2,Serious Crash,No,2017,South,0.0,0.0,Flat,0.0,,0.0,0.0,Dark,1471700.0,0.0,0.0,0.0,2.0,0.0,0.0,,Hawke's Bay Region,Nil,2-way,Sealed,0.0,1.0,0.0,70.0,0.0,None,0.0,0.0,,30.0,Hastings District,Unknown,0.0,0.0,0.0,0.0,0.0,0.0,Urban,0.0,0.0,0.0,Mist or Fog
272487,1928503.0,5606043.0,548500.0,0.0,0.0,0.0,Null,2014/2015,MARAEKAKAHO ROAD,SOUTHAMPTON ST WEST,Minor Crash,No,2015,West,0.0,,Flat,,Easter,,,Bright sun,1479600.0,2.0,0.0,0.0,2.0,0.0,,,Hawke's Bay Region,Nil,2-way,Sealed,0.0,0.0,,50.0,,Null,1.0,0.0,,30.0,Hastings District,Traffic Signals,,,,,0.0,0.0,Urban,1.0,,,Fine
654269,1927990.0,5607046.0,547800.0,0.0,0.0,1.0,East,2008/2009,OMAHU ROAD,SH 50A,Non-Injury Crash,No,2008,West,0.0,,Flat,,,,,Bright sun,1476700.0,0.0,0.0,0.0,2.0,0.0,,,Hawke's Bay Region,Nil,2-way,Sealed,0.0,0.0,,50.0,,Null,0.0,0.0,,30.0,Hastings District,Nil,,,,,1.0,0.0,Urban,0.0,,,Fine
379361,1909059.0,5604889.0,545841.0,0.0,0.0,0.0,South,1999/2000,SH 50,KERERU ROAD,Non-Injury Crash,Yes,2000,North,0.0,0.0,Flat,0.0,,0.0,0.0,Dark,1462700.0,0.0,0.0,0.0,2.0,0.0,0.0,,Hawke's Bay Region,Nil,2-way,Sealed,0.0,0.0,0.0,100.0,0.0,Off,0.0,0.0,,30.0,Hastings District,Unknown,0.0,0.0,0.0,0.0,0.0,0.0,Open,1.0,0.0,0.0,Fine
559315,1931019.0,5604980.0,548000.0,0.0,0.0,2.0,Null,2008/2009,WILLOWPARK ROAD NORTH,JERVOIS ST,Non-Injury Crash,No,2009,West,0.0,,Flat,,,,,Overcast,1497600.0,0.0,0.0,0.0,2.0,0.0,,,Hawke's Bay Region,Nil,2-way,Sealed,0.0,0.0,,50.0,,Null,0.0,0.0,,30.0,Hastings District,Give way,,,,,0.0,0.0,Urban,0.0,,,Fine
3239,1912708.0,5586869.0,545851.0,0.0,0.0,1.0,South,2017/2018,SH 2,WAIKAREAO ROAD,Minor Crash,Yes,2017,East,0.0,0.0,Flat,0.0,,0.0,0.0,Dark,1464600.0,1.0,0.0,0.0,2.0,0.0,0.0,,Hawke's Bay Region,Nil,2-way,Sealed,0.0,0.0,0.0,100.0,0.0,Off,0.0,0.0,,30.0,Hastings District,Unknown,0.0,0.0,0.0,0.0,0.0,0.0,Open,0.0,0.0,0.0,Mist or Fog
398599,1931807.0,5603768.0,545721.0,0.0,0.0,2.0,Null,2002/2003,ADA ST,KATHLEEN ST,Non-Injury Crash,No,2003,East,0.0,,Flat,,,,,Dark,1473200.0,0.0,0.0,0.0,2.0,0.0,,,Hawke's Bay Region,Nil,2-way,Sealed,0.0,0.0,,50.0,,On,0.0,0.0,,30.0,Hastings District,Nil,,,,,0.0,0.0,Urban,0.0,,,Fine
227948,1931688.0,5605956.0,545721.0,0.0,0.0,3.0,Null,2006/2007,SH 2,KENILWORTH ROAD,Minor Crash,Yes,2006,South,0.0,,Flat,,,,,Bright sun,1471700.0,1.0,0.0,0.0,2.0,0.0,,,Hawke's Bay Region,Nil,2-way,Sealed,0.0,0.0,,70.0,,Null,0.0,0.0,,30.0,Hastings District,Give way,,,,,0.0,0.0,Urban,0.0,,,Fine
386236,1931580.0,5602901.0,545721.0,0.0,0.0,2.0,Null,2009/2010,HAVELOCK ROAD,ST GEORGES ROAD,Non-Injury Crash,No,2009,South,0.0,,Flat,,,,,Bright sun,1472900.0,0.0,0.0,0.0,2.0,0.0,,,Hawke's Bay Region,Nil,2-way,Sealed,0.0,0.0,,70.0,,Null,0.0,0.0,,30.0,Hastings District,Give way,,,,,0.0,0.0,Urban,0.0,,,Fine
366482,1932413.0,5599277.0,548822.0,0.0,0.0,1.0,Null,2012/2013,MARGARET AVENUE,AINTREE ROAD,Minor Crash,No,2012,South,0.0,,Hill Road,,,,,Overcast,1467102.0,1.0,0.0,0.0,2.0,0.0,,,Hawke's Bay Region,Nil,2-way,Sealed,0.0,0.0,,50.0,,Null,1.0,0.0,,30.0,Hastings District,Nil,,,,,0.0,0.0,Urban,0.0,,,Light rain
138090,1933593.0,5606766.0,545721.0,0.0,0.0,1.0,East,2002/2003,SH 2,WATSON ROAD,Non-Injury Crash,Yes,2002,East,0.0,1.0,Flat,1.0,,0.0,0.0,Dark,1472200.0,0.0,0.0,0.0,2.0,0.0,0.0,,Hawke's Bay Region,Bridge,2-way,Sealed,0.0,0.0,0.0,100.0,0.0,None,0.0,0.0,,30.0,Hastings District,Nil,0.0,0.0,0.0,0.0,0.0,0.0,Open,0.0,0.0,0.0,Fine
644214,1930739.0,5606012.0,547600.0,0.0,0.0,2.0,East,2009/2010,FREDERICK ST,NELSON ST NORTH,Non-Injury Crash,No,2009,East,0.0,,Flat,,,,,Bright sun,1484100.0,0.0,0.0,0.0,2.0,0.0,,,Hawke's Bay Region,Rail xing,2-way,Sealed,0.0,0.0,,50.0,,Null,0.0,0.0,,30.0,Hastings District,Traffic Signals,,,,,0.0,0.0,Urban,0.0,,,Fine
34709,1930063.0,5604590.0,548200.0,0.0,0.0,2.0,South,2013/2014,HERETAUNGA ST EAST,HASTINGS ST SOUTH,Non-Injury Crash,No,2013,North,0.0,,Flat,,,,,Overcast,1493900.0,0.0,0.0,0.0,2.0,0.0,,,Hawke's Bay Region,Nil,2-way,Sealed,0.0,0.0,,50.0,,Off,0.0,0.0,,30.0,Hastings District,Give way,,,,,0.0,0.0,Urban,0.0,,,Light rain
508694,1930928.8976,5613637.3912,545831.0,0.0,0.0,1.0,Null,2018/2019,SH 50,PAKOWHAI ROAD,Non-Injury Crash,Yes,2019,North,0.0,,Flat,,,,,Bright sun,1404600.0,0.0,0.0,0.0,2.0,0.0,,,Hawke's Bay Region,Nil,2-way,Sealed,0.0,0.0,,100.0,,Off,0.0,0.0,,30.0,Hastings District,Give way,,,,,1.0,0.0,Open,0.0,,,Fine
14862,1930700.0,5606700.0,547600.0,0.0,0.0,2.0,Null,2017/2018,WILLIAMS ST,TOTARA ST,Non-Injury Crash,No,2018,South,0.0,,Flat,,,,,Bright sun,1471402.0,0.0,0.0,0.0,2.0,0.0,,,Hawke's Bay Region,Nil,2-way,Sealed,0.0,0.0,,50.0,,Null,0.0,0.0,,30.0,Hastings District,Give way,,,,,0.0,0.0,Urban,0.0,,,Fine
564516,1925031.3943,5599240.837,545852.0,0.0,0.0,1.0,South,2019/2020,OLD MAIN ROAD,HARRISON LANE,Non-Injury Crash,No,2019,North,0.0,0.0,Flat,0.0,,0.0,0.0,Overcast,1463602.0,0.0,0.0,0.0,2.0,0.0,0.0,,Hawke's Bay Region,Nil,2-way,Sealed,0.0,0.0,0.0,50.0,0.0,None,0.0,0.0,,30.0,Hastings District,Unknown,0.0,0.0,0.0,0.0,0.0,0.0,Urban,0.0,0.0,0.0,Fine
270220,1916427.0,5632954.0,545821.0,0.0,0.0,1.0,West,2006/2007,PUKETITIRI ROAD,SOLDIERS SETTLEMENT ROAD,Non-Injury Crash,No,2007,West,0.0,1.0,Hill Road,0.0,,0.0,0.0,Dark,1412200.0,0.0,0.0,0.0,2.0,0.0,0.0,,Hawke's Bay Region,Nil,2-way,Sealed,0.0,0.0,0.0,100.0,0.0,None,0.0,0.0,,30.0,Hastings District,Nil,0.0,0.0,0.0,0.0,0.0,0.0,Open,0.0,0.0,0.0,Fine
284116,1929450.0,5608815.0,545710.0,0.0,0.0,2.0,Null,2014/2015,SH 50A,EVENDEN ROAD,Non-Injury Crash,Yes,2015,North,0.0,,Flat,,,,,Bright sun,1471201.0,0.0,0.0,0.0,2.0,0.0,,,Hawke's Bay Region,Nil,2-way,Sealed,0.0,0.0,,100.0,,Null,0.0,0.0,30.0,30.0,Hastings District,Give way,,,,,0.0,0.0,Open,0.0,,,Fine
182870,1929441.0,5605616.0,547700.0,0.0,0.0,1.0,Null,2004/2005,TOMOANA ROAD,QUEEN ST WEST,Minor Crash,No,2005,North,0.0,,Flat,,,,,Bright sun,1488000.0,1.0,0.0,1.0,2.0,0.0,,,Hawke's Bay Region,Nil,2-way,Sealed,0.0,0.0,,50.0,,Null,0.0,0.0,,30.0,Hastings District,Give way,,,,,0.0,0.0,Urban,0.0,,,Fine
352571,1932461.7579,5610484.6425,545832.0,0.0,0.0,1.0,North,2019/2020,PAKOWHAI ROAD,HODGSON ROAD,Minor Crash,No,2020,South,0.0,0.0,Flat,0.0,,0.0,0.0,Dark,1404000.0,1.0,0.0,0.0,2.0,0.0,0.0,,Hawke's Bay Region,Nil,2-way,Sealed,0.0,0.0,0.0,80.0,0.0,None,0.0,0.0,,30.0,Hastings District,Nil,0.0,0.0,0.0,0.0,0.0,0.0,Open,0.0,0.0,0.0,Fine
319551,1936188.0402,5599581.9589,545851.0,0.0,0.0,1.0,South,2019/2020,WAIMARAMA ROAD,MCLEAN ROAD,Non-Injury Crash,No,2019,North,0.0,1.0,Hill Road,0.0,,0.0,0.0,Overcast,1467002.0,0.0,0.0,0.0,2.0,0.0,0.0,,Hawke's Bay Region,Nil,2-way,Sealed,0.0,0.0,0.0,80.0,0.0,None,0.0,0.0,,30.0,Hastings District,Nil,0.0,0.0,0.0,0.0,0.0,0.0,Open,0.0,0.0,1.0,Heavy rain
38115,1928340.0,5606708.0,547800.0,0.0,0.0,2.0,East,2007/2008,OMAHU ROAD,CANNING ROAD,Non-Injury Crash,No,2008,West,0.0,,Flat,,,,,Overcast,1477400.0,0.0,0.0,0.0,2.0,0.0,,,Hawke's Bay Region,Nil,2-way,Sealed,0.0,0.0,,50.0,,Null,0.0,0.0,,30.0,Hastings District,Nil,,,,,0.0,0.0,Urban,0.0,,,Light rain
356194,1933617.361,5612741.7788,545832.0,0.0,0.0,1.0,South,2018/2019,BROOKFIELDS ROAD,BROOKFIELDS BR,Non-Injury Crash,No,2019,North,0.0,,Flat,,,,,Bright sun,1403900.0,0.0,0.0,0.0,1.0,0.0,,,Hawke's Bay Region,Bridge,2-way,Sealed,0.0,0.0,,100.0,,None,0.0,0.0,,30.0,Hastings District,Unknown,,,,,0.0,0.0,Open,1.0,,,Fine
425940,1925264.0,5598936.0,545852.0,0.0,0.0,1.0,North,2005/2006,SH 2,OLD MAIN ROAD,Minor Crash,Yes,2006,South,0.0,1.0,Flat,0.0,,0.0,0.0,Dark,1465801.0,1.0,0.0,0.0,2.0,0.0,0.0,,Hawke's Bay Region,Nil,2-way,Sealed,0.0,0.0,0.0,100.0,0.0,None,0.0,0.0,,30.0,Hastings District,Nil,0.0,0.0,0.0,0.0,0.0,0.0,Open,0.0,0.0,0.0,Fine
564721,1933594.0,5602096.0,548832.0,0.0,0.0,0.0,West,2011/2012,TE MATA ROAD,GUTHRIE ROAD,Minor Crash,No,2012,East,0.0,0.0,Hill Road,0.0,,0.0,0.0,Twilight,1510200.0,1.0,0.0,0.0,2.0,0.0,0.0,,Hawke's Bay Region,Nil,2-way,Sealed,0.0,0.0,0.0,50.0,0.0,None,1.0,0.0,,30.0,Hastings District,Nil,0.0,0.0,0.0,1.0,0.0,0.0,Urban,0.0,0.0,0.0,Fine
271698,1921664.0,5595509.0,545851.0,0.0,0.0,1.0,North,2002/2003,SH 2,TE MAHANGA ROAD,Non-Injury Crash,Yes,2002,North,0.0,0.0,Flat,0.0,,0.0,0.0,Dark,1463900.0,0.0,0.0,0.0,2.0,0.0,0.0,,Hawke's Bay Region,Nil,2-way,Sealed,0.0,0.0,0.0,100.0,0.0,None,0.0,0.0,,30.0,Hastings District,Nil,0.0,0.0,0.0,0.0,0.0,0.0,Open,0.0,0.0,0.0,Fine
661082,1928329.0,5606718.0,547800.0,0.0,1.0,1.0,Null,2017/2018,CANNING ROAD,OMAHU ROAD,Non-Injury Crash,No,2017,East,0.0,,Flat,,,,,Bright sun,1477100.0,0.0,0.0,0.0,2.0,0.0,,,Hawke's Bay Region,Nil,2-way,Sealed,0.0,0.0,,50.0,,Null,0.0,0.0,,30.0,Hastings District,Stop,,,,,0.0,0.0,Urban,0.0,,,Fine
657531,1930257.0,5604934.0,548200.0,0.0,0.0,3.0,Null,2009/2010,ST AUBYN ST EAST,WARREN ST NORTH,Minor Crash,No,2010,East,0.0,,Flat,,,,,Bright sun,1493501.0,1.0,0.0,0.0,2.0,0.0,,,Hawke's Bay Region,Nil,2-way,Sealed,0.0,0.0,,50.0,,Null,0.0,0.0,,30.0,Hastings District,Give way,,,,,0.0,0.0,Urban,0.0,,,Fine
688891,1931604.0,5612606.0,545832.0,0.0,0.0,0.0,South,2013/2014,PAKOWHAI ROAD,ALLEN ROAD,Non-Injury Crash,No,2014,North,0.0,0.0,Flat,0.0,,0.0,0.0,Dark,1403900.0,0.0,0.0,0.0,2.0,0.0,0.0,,Hawke's Bay Region,Nil,2-way,Sealed,0.0,0.0,0.0,100.0,0.0,None,0.0,0.0,,30.0,Hastings District,Unknown,0.0,0.0,0.0,0.0,1.0,0.0,Open,0.0,0.0,0.0,Fine
677590,1932997.0,5601844.0,548831.0,0.0,0.0,2.0,Null,2005/2006,TE MATA ROAD,KARANEMA DRIVE,Non-Injury Crash,No,2005,West,0.0,,Flat,,,,,Bright sun,1509700.0,0.0,0.0,0.0,2.0,0.0,,,Hawke's Bay Region,Nil,2-way,Sealed,0.0,0.0,,50.0,,Null,0.0,0.0,,30.0,Hastings District,Nil,,,,,0.0,0.0,Urban,0.0,,,Fine
605060,1928818.0,5600976.0,545852.0,1.0,0.0,1.0,Null,2015/2016,LONGLANDS ROAD EAST,TE AUTE ROAD,Minor Crash,No,2016,West,0.0,,Flat,,,,,Bright sun,1465700.0,1.0,0.0,0.0,2.0,0.0,,,Hawke's Bay Region,Nil,2-way,Sealed,0.0,0.0,,100.0,,Null,0.0,0.0,,30.0,Hastings District,Give way,,,,,0.0,0.0,Open,0.0,,,Fine
59825,1934427.0,5601732.0,548832.0,0.0,0.0,1.0,Null,2009/2010,DURHAM DRIVE,TE MATA ROAD,Non-Injury Crash,No,2010,East,0.0,1.0,Flat,0.0,Easter,0.0,0.0,Bright sun,1510700.0,0.0,0.0,0.0,2.0,0.0,0.0,,Hawke's Bay Region,Nil,2-way,Sealed,0.0,0.0,0.0,50.0,0.0,Null,0.0,0.0,,30.0,Hastings District,Give way,0.0,0.0,0.0,1.0,0.0,0.0,Urban,0.0,0.0,0.0,Fine
579329,1934931.0,5609163.0,545722.0,0.0,0.0,1.0,South,2016/2017,SH 2,RAILWAY ROAD,Non-Injury Crash,Yes,2016,East,0.0,1.0,Flat,0.0,,0.0,0.0,Dark,1406300.0,0.0,0.0,0.0,2.0,0.0,0.0,,Hawke's Bay Region,Nil,2-way,Sealed,0.0,0.0,0.0,80.0,0.0,None,0.0,0.0,,30.0,Hastings District,Unknown,0.0,0.0,0.0,0.0,0.0,0.0,Open,0.0,0.0,0.0,Light rain
411564,1935553.0,5609543.0,545730.0,0.0,0.0,1.0,East,2015/2016,RICHMOND ROAD,SH 2,Non-Injury Crash,No,2016,West,0.0,,Flat,,,,,Overcast,1405600.0,0.0,0.0,0.0,2.0,1.0,,,Hawke's Bay Region,Nil,2-way,Sealed,0.0,0.0,,80.0,,Null,0.0,0.0,,30.0,Hastings District,Nil,,,,,0.0,0.0,Open,0.0,,,Fine
46122,1928735.0,5606929.0,547800.0,0.0,0.0,2.0,South,2014/2015,FRIMLEY ROAD,KARAITIANA ST,Non-Injury Crash,No,2014,South,0.0,,Flat,,Labour Weekend,,,Overcast,1477300.0,0.0,0.0,0.0,2.0,0.0,,,Hawke's Bay Region,Nil,2-way,Sealed,0.0,0.0,,50.0,,Null,0.0,0.0,,30.0,Hastings District,Unknown,,,,,0.0,0.0,Urban,0.0,,,Light rain
364639,1910539.8289,5669241.9247,545911.0,0.0,0.0,1.0,South,2019/2020,SH 5,TURANGAKUMU ROAD,Non-Injury Crash,Yes,2020,North,0.0,,Flat,,,,,Dark,1281200.0,0.0,0.0,0.0,2.0,0.0,,,Hawke's Bay Region,Nil,2-way,Sealed,0.0,0.0,,100.0,,Off,0.0,0.0,30.0,30.0,Hastings District,Nil,,,,,0.0,0.0,Open,0.0,,,Fine
222536,1927424.0,5607558.0,548400.0,0.0,0.0,1.0,Null,2009/2010,OMAHU ROAD,KELFIELD PLACE,Non-Injury Crash,No,2010,West,0.0,,Flat,,,,,Dark,1473600.0,0.0,0.0,1.0,1.0,0.0,,,Hawke's Bay Region,Nil,2-way,Sealed,0.0,0.0,,50.0,,On,0.0,0.0,,30.0,Hastings District,Give way,,,,,0.0,0.0,Urban,0.0,,,Fine
362531,1929370.0,5614221.0,545831.0,0.0,0.0,1.0,West,2003/2004,SH 50,WAIOHIKI ROAD,Non-Injury Crash,Yes,2004,West,0.0,,Flat,,,,,Twilight,1409400.0,0.0,0.0,0.0,2.0,0.0,,,Hawke's Bay Region,Nil,2-way,Sealed,0.0,0.0,,100.0,,On,0.0,0.0,,30.0,Hastings District,Nil,,,,,0.0,0.0,Open,2.0,,,Light rain
287911,1934761.0,5633243.0,545812.0,0.0,0.0,1.0,North,2003/2004,SH 2,NORTH SHORE ROAD,Non-Injury Crash,Yes,2004,North,0.0,0.0,Flat,0.0,,0.0,0.0,Overcast,1414903.0,0.0,0.0,0.0,2.0,0.0,0.0,,Hawke's Bay Region,Nil,2-way,Sealed,0.0,0.0,0.0,100.0,0.0,Null,0.0,0.0,,30.0,Hastings District,Nil,0.0,0.0,0.0,0.0,0.0,0.0,Open,0.0,0.0,0.0,Fine