OBJECTID,X,Y,areaUnitID,bicycle,bus,carStationWagon,crashDirectionDescription,crashFinancialYear,crashLocation1,crashLocation2,crashSeverity,crashSHDescription,crashYear,directionRoleDescription,fatalCount,fence,flatHill,guardRail,holiday,houseOrBuilding,kerb,light,meshblockId,minorInjuryCount,moped,motorcycle,NumberOfLanes,otherVehicleType,parkedVehicle,pedestrian,region,roadCharacter,roadLane,roadSurface,schoolBus,seriousInjuryCount,slipOrFlood,speedLimit,strayAnimal,streetLight,suv,taxi,temporarySpeedLimit,tlaId,tlaName,trafficControl,trafficIsland,trafficSign,train,tree,truck,unknownVehicleType,urban,vanOrUtility,vehicle,waterRiver,weatherA
305270,1934125.0,5605702.0,545750.0,0.0,0.0,1.0,East,2008/2009,NAPIER ROAD,SH 2,Serious Crash,No,2008,West,0.0,0.0,Flat,0.0,,0.0,0.0,Dark,1406600.0,0.0,0.0,0.0,2.0,0.0,0.0,,Hawke's Bay Region,Nil,2-way,Sealed,0.0,1.0,0.0,100.0,0.0,None,0.0,0.0,,30.0,Hastings District,Nil,0.0,0.0,0.0,1.0,0.0,0.0,Open,0.0,0.0,0.0,Fine
555931,1928383.0,5607468.0,547800.0,0.0,0.0,2.0,West,2011/2012,GREENLEA PLACE,ARBUCKLE ROAD,Non-Injury Crash,No,2012,East,0.0,0.0,Hill Road,0.0,Easter,0.0,0.0,Bright sun,1471202.0,0.0,0.0,0.0,1.0,0.0,1.0,,Hawke's Bay Region,Nil,2-way,Sealed,0.0,0.0,0.0,50.0,0.0,Null,0.0,0.0,,30.0,Hastings District,Nil,0.0,0.0,0.0,0.0,0.0,0.0,Urban,0.0,0.0,0.0,Fine
708865,1928215.0,5605824.0,547900.0,0.0,0.0,2.0,South,2006/2007,MARAEKAKAHO ROAD,FRANCIS HICKS AVENUE,Serious Crash,No,2006,South,0.0,,Flat,,,,,Bright sun,1479900.0,2.0,0.0,0.0,2.0,0.0,,,Hawke's Bay Region,Nil,2-way,Sealed,0.0,1.0,,50.0,,Null,0.0,0.0,,30.0,Hastings District,Nil,,,,,0.0,0.0,Urban,0.0,,,Fine
572617,1931760.0,5608556.0,545710.0,0.0,0.0,1.0,North,2000/2001,PAKOWHAI ROAD,ELWOOD ROAD,Non-Injury Crash,No,2000,North,0.0,,Flat,,,,,Dark,1471100.0,0.0,0.0,0.0,2.0,0.0,,,Hawke's Bay Region,Nil,2-way,Sealed,0.0,0.0,,100.0,,None,0.0,0.0,,30.0,Hastings District,Nil,,,,,0.0,0.0,Open,1.0,,,Fine
439043,1927296.0,5605131.0,545761.0,0.0,0.0,1.0,Null,2008/2009,YORK ROAD,MARAEKAKAHO ROAD,Non-Injury Crash,No,2009,North,0.0,,Flat,,,,,Bright sun,1469905.0,0.0,0.0,0.0,2.0,0.0,,,Hawke's Bay Region,Nil,2-way,Sealed,0.0,0.0,,70.0,,Null,0.0,0.0,,30.0,Hastings District,Give way,,,,,1.0,0.0,Urban,0.0,,,Fine
237464,1928165.1644,5606591.4053,548500.0,0.0,0.0,2.0,North,2019/2020,CANNING ROAD,ORCHARD ROAD,Non-Injury Crash,No,2020,South,0.0,,Flat,,,,,Bright sun,1478500.0,0.0,0.0,0.0,2.0,0.0,,,Hawke's Bay Region,Nil,2-way,Sealed,0.0,0.0,,50.0,,Off,0.0,0.0,,30.0,Hastings District,Nil,,,,,0.0,0.0,Urban,0.0,,,Fine
539685,1930090.0,5604957.0,548200.0,0.0,0.0,2.0,Null,2006/2007,KARAMU ROAD NORTH,AVENUE ROAD EAST,Non-Injury Crash,No,2007,South,0.0,,Flat,,Easter,,,Bright sun,1492900.0,0.0,0.0,0.0,3.0,0.0,,,Hawke's Bay Region,Nil,2-way,Sealed,0.0,0.0,,50.0,,Null,0.0,0.0,,30.0,Hastings District,Stop,,,,,0.0,0.0,Urban,0.0,,,Fine
459231,1891616.0,5632086.0,545912.0,0.0,0.0,0.0,Null,2013/2014,TAIHAPE ROAD,RITCH ROAD,Non-Injury Crash,No,2014,West,0.0,,Flat,,Queens Birthday,,,Twilight,1409700.0,0.0,0.0,0.0,1.0,0.0,,,Hawke's Bay Region,Nil,2-way,Sealed,0.0,0.0,,100.0,,None,1.0,0.0,,30.0,Hastings District,Nil,,,,,0.0,0.0,Open,1.0,,,Mist or Fog
297695,1933870.0,5602004.0,548831.0,0.0,0.0,1.0,Null,2004/2005,SIMLA CRESCENT,TE MATA ROAD,Non-Injury Crash,No,2005,West,0.0,,Hill Road,,,,,Bright sun,1510000.0,0.0,0.0,0.0,2.0,0.0,,,Hawke's Bay Region,Nil,2-way,Sealed,0.0,0.0,,50.0,,Null,0.0,0.0,,30.0,Hastings District,Give way,,,,,0.0,0.0,Urban,1.0,,,Fine
51149,1928703.0,5606968.0,547800.0,0.0,0.0,1.0,Null,1999/2000,FRIMLEY ROAD,KARAITIANA ST,Minor Crash,No,2000,West,0.0,,Flat,,,,,Bright sun,1477300.0,1.0,0.0,1.0,2.0,0.0,,,Hawke's Bay Region,Nil,2-way,Sealed,0.0,0.0,,50.0,,Null,0.0,0.0,,30.0,Hastings District,Give way,,,,,0.0,0.0,Urban,0.0,,,Fine
314631,1932569.0,5609974.0,545832.0,0.0,0.0,3.0,North,2004/2005,PAKOWHAI ROAD,FARNDON ROAD,Non-Injury Crash,No,2004,South,0.0,,Flat,,,,,Bright sun,1404400.0,0.0,0.0,0.0,2.0,0.0,,,Hawke's Bay Region,Bridge,2-way,Sealed,0.0,0.0,,100.0,,Null,0.0,0.0,,30.0,Hastings District,Nil,,,,,0.0,0.0,Open,1.0,,,Fine
641713,1918222.0,5650405.0,545912.0,0.0,0.0,0.0,North,2016/2017,SH 5,TE POHUE LOOP ROAD,Serious Crash,Yes,2016,South,0.0,1.0,Flat,0.0,,0.0,0.0,Bright sun,1414504.0,0.0,0.0,1.0,2.0,0.0,0.0,,Hawke's Bay Region,Nil,2-way,Sealed,0.0,1.0,0.0,100.0,0.0,Null,0.0,0.0,,30.0,Hastings District,Nil,0.0,0.0,0.0,0.0,0.0,0.0,Open,0.0,0.0,0.0,Fine
20428,1931110.0,5606863.0,545721.0,0.0,0.0,2.0,South,2007/2008,TOMOANA ROAD,COVENTRY ROAD,Minor Crash,No,2007,North,0.0,,Flat,,,,,Overcast,1471401.0,1.0,0.0,0.0,2.0,0.0,,,Hawke's Bay Region,Nil,2-way,Sealed,0.0,0.0,,50.0,,Null,0.0,0.0,,30.0,Hastings District,Nil,,,,,0.0,0.0,Urban,0.0,,,Fine
285580,1929645.0,5604943.0,548200.0,0.0,0.0,2.0,Null,2001/2002,MARKET ST SOUTH,EASTBOURNE ST WEST,Non-Injury Crash,No,2001,East,0.0,,Flat,,,,,Bright sun,1489600.0,0.0,0.0,0.0,1.0,0.0,,,Hawke's Bay Region,Nil,2-way,Sealed,0.0,0.0,,50.0,,Null,0.0,0.0,,30.0,Hastings District,Give way,,,,,0.0,0.0,Urban,0.0,,,Fine
712243,1913292.0,5657456.0,545911.0,0.0,0.0,2.0,West,2007/2008,MCVICAR ROAD,SH 5,Non-Injury Crash,No,2007,West,0.0,,Hill Road,,,,,Overcast,1414300.0,0.0,0.0,0.0,2.0,0.0,,,Hawke's Bay Region,Nil,2-way,Unsealed,0.0,0.0,,100.0,,Null,0.0,0.0,,30.0,Hastings District,Nil,,,,,0.0,0.0,Open,0.0,,,Fine
502261,1929657.0,5605330.0,548200.0,0.0,0.0,1.0,Null,2006/2007,NELSON ST NORTH,QUEEN ST WEST,Non-Injury Crash,No,2006,North,0.0,,Flat,,,,,Bright sun,1490800.0,0.0,0.0,0.0,2.0,0.0,,,Hawke's Bay Region,Nil,2-way,Sealed,0.0,0.0,,50.0,,Null,1.0,0.0,,30.0,Hastings District,Give way,,,,,0.0,0.0,Urban,0.0,,,Fine
650194,1908110.0,5620984.0,545821.0,0.0,0.0,1.0,West,2001/2002,TAIHAPE ROAD,FLAG RANGE ROAD,Non-Injury Crash,No,2001,East,0.0,0.0,Hill Road,0.0,,0.0,0.0,Dark,1410200.0,0.0,0.0,0.0,2.0,0.0,0.0,,Hawke's Bay Region,Nil,2-way,Sealed,0.0,0.0,0.0,100.0,0.0,None,0.0,0.0,,30.0,Hastings District,Nil,0.0,0.0,0.0,0.0,0.0,0.0,Open,1.0,0.0,0.0,Fine
198623,1925325.0,5605390.0,545842.0,0.0,0.0,2.0,Null,1999/2000,STOCK ROAD,IRONGATE ROAD,Non-Injury Crash,No,2000,West,0.0,,Flat,,,,,Overcast,1470214.0,0.0,0.0,0.0,2.0,0.0,,,Hawke's Bay Region,Nil,2-way,Sealed,0.0,0.0,,100.0,,Null,0.0,0.0,,30.0,Hastings District,Stop,,,,,0.0,0.0,Open,0.0,,,Fine
717420,1928509.0,5604648.0,547900.0,0.0,0.0,2.0,Null,2001/2002,SOUTHLAND ROAD,OLIPHANT ROAD,Non-Injury Crash,No,2001,South,0.0,0.0,Flat,0.0,,0.0,0.0,Dark,1482000.0,0.0,0.0,0.0,2.0,0.0,1.0,,Hawke's Bay Region,Nil,2-way,Sealed,0.0,0.0,0.0,50.0,0.0,On,0.0,0.0,,30.0,Hastings District,Give way,0.0,0.0,0.0,0.0,0.0,0.0,Urban,0.0,0.0,0.0,Fine
271363,1911806.0,5662154.0,545911.0,0.0,0.0,1.0,South,2006/2007,SH 5,POPPELLWELLS,Non-Injury Crash,Yes,2006,South,0.0,0.0,Hill Road,0.0,,0.0,0.0,Overcast,1414300.0,0.0,0.0,0.0,2.0,0.0,0.0,,Hawke's Bay Region,Nil,2-way,Sealed,0.0,0.0,0.0,100.0,0.0,Null,0.0,0.0,,30.0,Hastings District,Unknown,0.0,0.0,0.0,0.0,0.0,0.0,Open,0.0,0.0,1.0,Fine
516426,1928329.0,5606718.0,547800.0,0.0,0.0,2.0,Null,2007/2008,OMAHU ROAD,CANNING ROAD,Non-Injury Crash,No,2007,East,0.0,,Flat,,Christmas New Year,,,Overcast,1477100.0,0.0,0.0,0.0,2.0,0.0,,,Hawke's Bay Region,Nil,2-way,Sealed,0.0,0.0,,50.0,,Null,0.0,0.0,,30.0,Hastings District,Stop,,,,,0.0,0.0,Urban,0.0,,,Heavy rain
265375,1927645.5362,5607394.4907,547800.0,0.0,0.0,0.0,Null,2018/2019,OMAHU ROAD,HAWKES BAY EXPRESSWAY,Non-Injury Crash,No,2018,South,0.0,0.0,Flat,0.0,,0.0,0.0,Dark,1476600.0,0.0,0.0,0.0,2.0,0.0,0.0,,Hawke's Bay Region,Nil,2-way,Sealed,0.0,0.0,0.0,100.0,0.0,On,0.0,0.0,,30.0,Hastings District,Give way,0.0,0.0,0.0,0.0,0.0,0.0,Open,0.0,0.0,0.0,Light rain
115532,1934193.2005,5607195.1017,545722.0,0.0,0.0,1.0,Null,2019/2020,SH 51,NAPIER ROAD,Non-Injury Crash,Yes,2020,East,0.0,,Flat,,,,,Overcast,1406200.0,0.0,0.0,0.0,2.0,0.0,,,Hawke's Bay Region,Nil,1-way,Sealed,0.0,0.0,,80.0,,Off,0.0,0.0,,30.0,Hastings District,Give way,,,,,0.0,0.0,Open,1.0,,,Fine
284651,1917756.0,5649091.0,545912.0,0.0,0.0,1.0,North,2002/2003,SH 5,TE POHUE LOOP ROAD N,Fatal Crash,Yes,2002,South,1.0,0.0,Flat,0.0,,0.0,0.0,Overcast,1414504.0,1.0,0.0,0.0,2.0,0.0,0.0,,Hawke's Bay Region,Nil,2-way,Sealed,0.0,0.0,0.0,100.0,0.0,Null,0.0,0.0,,30.0,Hastings District,Nil,0.0,0.0,0.0,0.0,1.0,0.0,Open,0.0,0.0,0.0,Fine
329754,1927301.0,5607664.0,545710.0,0.0,0.0,1.0,Null,2004/2005,ORMOND ROAD,OMAHU ROAD,Minor Crash,No,2004,South,0.0,0.0,Flat,0.0,,0.0,0.0,Dark,1471000.0,1.0,0.0,0.0,2.0,0.0,0.0,,Hawke's Bay Region,Nil,2-way,Sealed,0.0,0.0,0.0,50.0,0.0,On,0.0,0.0,,30.0,Hastings District,Give way,1.0,0.0,0.0,0.0,0.0,0.0,Urban,0.0,0.0,0.0,Light rain
238460,1929549.0,5604870.0,548200.0,0.0,0.0,2.0,Null,2003/2004,MARKET ST SOUTH,LYNDON ROAD WEST,Non-Injury Crash,No,2003,North,0.0,,Flat,,,,,Bright sun,1489802.0,0.0,0.0,0.0,2.0,0.0,,,Hawke's Bay Region,Nil,2-way,Sealed,0.0,0.0,,50.0,,Null,0.0,0.0,,30.0,Hastings District,Give way,,,,,0.0,0.0,Urban,0.0,,,Fine
216263,1930633.0,5612278.0,545832.0,0.0,0.0,1.0,South,2005/2006,SH 50A,SH 50,Non-Injury Crash,Yes,2005,North,0.0,0.0,Flat,0.0,,0.0,0.0,Dark,1404400.0,0.0,0.0,0.0,2.0,0.0,0.0,,Hawke's Bay Region,Nil,2-way,Sealed,0.0,0.0,0.0,100.0,0.0,None,0.0,0.0,,30.0,Hastings District,Nil,0.0,0.0,0.0,0.0,0.0,0.0,Open,0.0,0.0,0.0,Fine
281609,1928758.0,5583257.0,545860.0,0.0,0.0,0.0,South,2008/2009,KAHURANAKI ROAD,MACKENZIE ROAD,Minor Crash,No,2009,North,0.0,0.0,Flat,0.0,Easter,0.0,0.0,Bright sun,1467400.0,1.0,0.0,1.0,2.0,0.0,0.0,,Hawke's Bay Region,Nil,2-way,Sealed,0.0,0.0,0.0,100.0,0.0,Null,0.0,0.0,,30.0,Hastings District,Nil,0.0,0.0,0.0,0.0,0.0,0.0,Open,0.0,0.0,0.0,Fine
260643,1924711.0,5607841.0,548612.0,0.0,0.0,2.0,West,2000/2001,FLAXMERE AVENUE,MARGATE AVENUE,Non-Injury Crash,No,2001,East,0.0,,Flat,,,,,Overcast,1474106.0,0.0,0.0,0.0,2.0,0.0,,,Hawke's Bay Region,Nil,2-way,Sealed,0.0,0.0,,50.0,,Null,0.0,0.0,,30.0,Hastings District,Nil,,,,,0.0,0.0,Urban,0.0,,,Fine
262024,1940053.0,5594632.0,545860.0,0.0,0.0,1.0,East,2008/2009,WAIMARAMA ROAD,TUKI TUKI ROAD,Non-Injury Crash,No,2009,South,0.0,0.0,Hill Road,0.0,,0.0,0.0,Overcast,1467500.0,0.0,0.0,0.0,2.0,0.0,0.0,,Hawke's Bay Region,Nil,2-way,Sealed,0.0,0.0,0.0,100.0,0.0,Null,0.0,0.0,,30.0,Hastings District,Nil,0.0,0.0,0.0,1.0,0.0,0.0,Open,0.0,0.0,0.0,Heavy rain
32275,1931054.0,5600832.0,545762.0,0.0,0.0,1.0,West,2006/2007,TE AUTE ROAD,GILPIN ROAD,Non-Injury Crash,No,2007,West,0.0,0.0,Flat,0.0,,0.0,0.0,Dark,1465200.0,0.0,0.0,0.0,2.0,0.0,0.0,,Hawke's Bay Region,Bridge,2-way,Sealed,0.0,0.0,0.0,100.0,0.0,None,0.0,0.0,,30.0,Hastings District,Nil,0.0,0.0,0.0,0.0,0.0,0.0,Open,0.0,0.0,0.0,Fine
377293,1924421.0,5598800.0,545851.0,0.0,0.0,0.0,West,2017/2018,ANDERSON ROAD,OLD MAIN ROAD,Serious Crash,No,2018,East,0.0,0.0,Flat,0.0,,0.0,0.0,Twilight,1463803.0,0.0,0.0,1.0,2.0,0.0,0.0,,Hawke's Bay Region,Nil,2-way,Sealed,0.0,1.0,0.0,100.0,0.0,None,0.0,0.0,,30.0,Hastings District,Unknown,0.0,0.0,0.0,0.0,0.0,0.0,Open,0.0,0.0,0.0,Fine
698000,1934821.0335,5646671.632,545911.0,0.0,0.0,2.0,North,2019/2020,SH 2,DEVILS ELBOW,Minor Crash,Yes,2020,Null,0.0,,Hill Road,,Queens Birthday,,,Overcast,1415400.0,2.0,0.0,0.0,2.0,0.0,,,Hawke's Bay Region,Nil,2-way,Sealed,0.0,0.0,,100.0,,None,0.0,0.0,,30.0,Hastings District,Unknown,,,,,0.0,0.0,Open,1.0,,,Heavy rain
729399,1927230.1791,5605221.2914,545761.0,0.0,0.0,1.0,North,2018/2019,YORK ROAD,MARAEKAKAHO ROAD,Non-Injury Crash,No,2019,East,0.0,,Flat,,,,,Dark,1469905.0,0.0,0.0,0.0,2.0,0.0,,,Hawke's Bay Region,Nil,2-way,Sealed,0.0,0.0,,80.0,,None,0.0,0.0,,30.0,Hastings District,Nil,,,,,0.0,0.0,Open,1.0,,,Fine
256397,1923572.0,5615100.0,545821.0,0.0,0.0,1.0,North,2017/2018,SWAMP ROAD,PIRAU ROAD,Fatal Crash,No,2017,South,1.0,0.0,Flat,0.0,,0.0,0.0,Overcast,1408600.0,0.0,0.0,0.0,2.0,0.0,0.0,,Hawke's Bay Region,Nil,2-way,Sealed,0.0,0.0,0.0,100.0,0.0,Null,0.0,0.0,,30.0,Hastings District,Unknown,0.0,0.0,0.0,0.0,0.0,0.0,Open,0.0,0.0,0.0,Fine
239801,1929872.0,5604644.0,548200.0,0.0,0.0,2.0,Null,2000/2001,EASTBOURNE ST EAST,WARREN ST SOUTH,Non-Injury Crash,No,2000,West,0.0,,Flat,,,,,Bright sun,1493200.0,0.0,0.0,0.0,2.0,0.0,,,Hawke's Bay Region,Nil,2-way,Sealed,0.0,0.0,,50.0,,Null,0.0,0.0,,30.0,Hastings District,Give way,,,,,0.0,0.0,Urban,0.0,,,Fine
345493,1928503.0,5606043.0,548500.0,0.0,0.0,1.0,Null,2002/2003,ORCHARD ROAD,MARAEKAKAHO ROAD,Non-Injury Crash,No,2003,West,0.0,,Flat,,,,,Bright sun,1479600.0,0.0,0.0,0.0,4.0,0.0,,,Hawke's Bay Region,Nil,2-way,Sealed,0.0,0.0,,50.0,,Null,0.0,0.0,,30.0,Hastings District,Traffic Signals,,,,,0.0,0.0,Urban,1.0,,,Fine
548378,1927758.0,5606394.0,548500.0,0.0,0.0,0.0,East,2005/2006,HUIA ST,HUIA PLACE,Non-Injury Crash,No,2005,West,0.0,0.0,Flat,0.0,,0.0,0.0,Overcast,1479300.0,0.0,0.0,0.0,2.0,0.0,1.0,,Hawke's Bay Region,Nil,2-way,Sealed,0.0,0.0,0.0,50.0,0.0,Null,1.0,0.0,,30.0,Hastings District,Nil,0.0,0.0,0.0,0.0,0.0,0.0,Urban,1.0,0.0,0.0,Fine
208002,1910880.0,5663923.0,545911.0,0.0,0.0,1.0,South,2004/2005,SH 5,TE HAROTO ROAD,Non-Injury Crash,Yes,2004,South,0.0,0.0,Hill Road,0.0,,0.0,0.0,Dark,1414400.0,0.0,0.0,0.0,2.0,0.0,0.0,,Hawke's Bay Region,Nil,2-way,Sealed,0.0,0.0,0.0,100.0,0.0,None,0.0,0.0,,30.0,Hastings District,Nil,0.0,0.0,0.0,0.0,0.0,0.0,Open,0.0,0.0,0.0,Light rain
738706,1928825.0,5606227.0,547700.0,0.0,0.0,2.0,East,2009/2010,HERETAUNGA ST WEST,PAKOWHAI ROAD,Non-Injury Crash,No,2010,East,0.0,,Flat,,,,,Overcast,1486600.0,0.0,0.0,0.0,2.0,0.0,,,Hawke's Bay Region,Nil,2-way,Sealed,0.0,0.0,,50.0,,Null,0.0,0.0,,30.0,Hastings District,Nil,,,,,0.0,0.0,Urban,0.0,,,Fine
571911,1925676.0,5608348.0,545710.0,0.0,0.0,0.0,West,2001/2002,OMAHU ROAD,CHATHAM ROAD,Non-Injury Crash,No,2002,West,0.0,0.0,Flat,0.0,,0.0,0.0,Bright sun,1470900.0,0.0,0.0,0.0,2.0,0.0,1.0,,Hawke's Bay Region,Nil,2-way,Sealed,0.0,0.0,0.0,70.0,0.0,Null,0.0,0.0,,30.0,Hastings District,Nil,0.0,0.0,0.0,0.0,1.0,0.0,Urban,1.0,0.0,0.0,Fine
59005,1929265.0,5605647.0,547700.0,0.0,0.0,1.0,Null,2003/2004,HERETAUNGA ST WEST,LOVEDALE ROAD,Non-Injury Crash,No,2003,West,0.0,,Flat,,,,,Dark,1487900.0,0.0,0.0,0.0,2.0,0.0,,,Hawke's Bay Region,Nil,2-way,Sealed,0.0,0.0,,50.0,,On,0.0,0.0,,30.0,Hastings District,Stop,,,,,0.0,0.0,Urban,1.0,,,Fine
219010,1929549.0,5604870.0,548200.0,0.0,0.0,2.0,Null,2006/2007,LYNDON ROAD WEST,MARKET ST SOUTH,Non-Injury Crash,No,2007,East,0.0,,Flat,,,,,Overcast,1489802.0,0.0,0.0,0.0,2.0,0.0,,,Hawke's Bay Region,Nil,2-way,Sealed,0.0,0.0,,50.0,,Null,0.0,0.0,,30.0,Hastings District,Give way,,,,,0.0,0.0,Urban,0.0,,,Light rain
124770,1925877.0,5606591.0,548620.0,0.0,0.0,1.0,Null,2005/2006,WILSON ROAD,FLAXMERE AVENUE,Non-Injury Crash,No,2005,South,0.0,,Flat,,,,,Bright sun,1476400.0,0.0,0.0,0.0,2.0,0.0,,,Hawke's Bay Region,Nil,2-way,Sealed,0.0,0.0,,50.0,,Null,0.0,0.0,,30.0,Hastings District,Give way,,,,,1.0,0.0,Urban,0.0,,,Fine
586047,1925537.0,5603173.0,545842.0,0.0,0.0,1.0,Null,2001/2002,SH 50A,LONGLANDS ROAD WEST,Non-Injury Crash,Yes,2002,South,0.0,0.0,Flat,0.0,,0.0,0.0,Twilight,1470213.0,0.0,0.0,0.0,2.0,0.0,0.0,,Hawke's Bay Region,Nil,2-way,Sealed,0.0,0.0,0.0,100.0,0.0,Off,0.0,0.0,,30.0,Hastings District,Give way,0.0,0.0,0.0,0.0,0.0,0.0,Open,0.0,0.0,0.0,Heavy rain
518943,1928238.0,5605842.0,548500.0,1.0,0.0,1.0,West,2001/2002,MARAEKAKAHO ROAD,LOWE ST,Non-Injury Crash,No,2001,North,0.0,,Flat,,,,,Bright sun,1479700.0,0.0,0.0,0.0,2.0,0.0,,,Hawke's Bay Region,Nil,2-way,Sealed,0.0,0.0,,50.0,,Null,0.0,0.0,,30.0,Hastings District,Nil,,,,,0.0,0.0,Urban,0.0,,,Fine
66863,1930185.0,5605031.0,548200.0,0.0,0.0,2.0,Null,2014/2015,KARAMU ROAD NORTH,ST AUBYN ST EAST,Non-Injury Crash,No,2014,South,0.0,,Flat,,,,,Bright sun,1494100.0,0.0,0.0,0.0,2.0,0.0,,,Hawke's Bay Region,Nil,2-way,Sealed,0.0,0.0,,50.0,,Off,0.0,0.0,,30.0,Hastings District,Traffic Signals,,,,,0.0,0.0,Urban,0.0,,,Fine
284967,1927200.0,5600469.0,545852.0,0.0,0.0,1.0,Null,2003/2004,TE AUTE ROAD,CRYSTALL ROAD,Non-Injury Crash,No,2003,North,0.0,0.0,Flat,0.0,,0.0,0.0,Dark,1468700.0,0.0,0.0,0.0,2.0,0.0,0.0,,Hawke's Bay Region,Nil,2-way,Sealed,0.0,0.0,0.0,100.0,0.0,None,0.0,0.0,,30.0,Hastings District,Give way,0.0,0.0,0.0,0.0,0.0,0.0,Open,0.0,0.0,0.0,Light rain
299296,1925464.0,5607863.0,545761.0,0.0,0.0,1.0,North,2013/2014,CHATHAM ROAD,MARGATE AVENUE,Non-Injury Crash,No,2014,South,0.0,,Flat,,,,,Bright sun,1470001.0,0.0,0.0,0.0,2.0,0.0,,,Hawke's Bay Region,Nil,2-way,Sealed,0.0,0.0,,50.0,,Off,0.0,0.0,,30.0,Hastings District,Nil,,,,,0.0,0.0,Urban,1.0,,,Fine
317558,1912580.0,5611708.0,545821.0,0.0,0.0,1.0,South,2004/2005,MATAPIRO ROAD,TAIHAPE ROAD,Minor Crash,No,2004,North,0.0,1.0,Flat,0.0,,0.0,0.0,Bright sun,1409000.0,1.0,0.0,0.0,2.0,0.0,0.0,,Hawke's Bay Region,Nil,2-way,Sealed,0.0,0.0,0.0,100.0,0.0,Null,0.0,0.0,,30.0,Hastings District,Nil,0.0,0.0,0.0,0.0,0.0,0.0,Open,0.0,0.0,0.0,Fine
519222,1927225.0,5607711.0,545710.0,0.0,0.0,3.0,West,1999/2000,OMAHU ROAD,WILSON ROAD,Non-Injury Crash,No,2000,East,0.0,,Flat,,,,,Bright sun,1471000.0,0.0,0.0,0.0,2.0,0.0,,,Hawke's Bay Region,Nil,2-way,Sealed,0.0,0.0,,50.0,,Null,0.0,0.0,,30.0,Hastings District,Nil,,,,,0.0,0.0,Urban,0.0,,,Fine
648603,1930358.0,5604797.0,548200.0,0.0,0.0,1.0,East,2006/2007,ST AUBYN ST EAST,HASTINGS ST NORTH,Minor Crash,No,2007,East,0.0,,Flat,,,,,Bright sun,1493502.0,1.0,1.0,0.0,2.0,0.0,,,Hawke's Bay Region,Nil,2-way,Sealed,0.0,0.0,,50.0,,Null,0.0,0.0,,30.0,Hastings District,Nil,,,,,0.0,0.0,Urban,0.0,,,Fine
382044,1930341.0,5604822.0,548200.0,0.0,0.0,1.0,Null,2017/2018,HASTINGS ST NORTH,ST AUBYN ST EAST,Non-Injury Crash,No,2017,North,0.0,,Flat,,,,,Bright sun,1494400.0,0.0,0.0,0.0,2.0,0.0,,,Hawke's Bay Region,Nil,2-way,Sealed,0.0,0.0,,50.0,,Null,0.0,0.0,,30.0,Hastings District,Give way,,,,,0.0,0.0,Urban,1.0,,,Fine
103037,1928544.0,5606508.0,547800.0,0.0,0.0,2.0,East,2010/2011,OMAHU ROAD,CANNING ROAD,Non-Injury Crash,No,2011,West,0.0,,Flat,,,,,Dark,1477700.0,0.0,0.0,0.0,2.0,0.0,,,Hawke's Bay Region,Nil,2-way,Sealed,0.0,0.0,,50.0,,On,0.0,0.0,,30.0,Hastings District,Nil,,,,,0.0,0.0,Urban,0.0,,,Fine
183593,1930340.0,5604821.0,548200.0,0.0,0.0,2.0,Null,2005/2006,HASTINGS ST NORTH,ST AUBYN ST EAST,Non-Injury Crash,No,2005,North,0.0,,Flat,,,,,Bright sun,1493501.0,0.0,0.0,0.0,2.0,0.0,,,Hawke's Bay Region,Nil,2-way,Sealed,0.0,0.0,,50.0,,Null,0.0,0.0,,30.0,Hastings District,Give way,,,,,0.0,0.0,Urban,0.0,,,Fine
9036,1929521.0,5605677.0,547700.0,0.0,0.0,1.0,South,2004/2005,TOMOANA ROAD,AVENUE ROAD WEST,Minor Crash,No,2005,East,0.0,,Flat,,,,,Bright sun,1488000.0,1.0,0.0,1.0,2.0,0.0,,,Hawke's Bay Region,Nil,2-way,Sealed,0.0,0.0,,50.0,,Null,0.0,0.0,,30.0,Hastings District,Nil,,,,,0.0,0.0,Urban,0.0,,,Fine
305259,1929634.0,5605762.0,548200.0,0.0,0.0,1.0,Null,2016/2017,TOMOANA ROAD,ST AUBYN ST WEST,Serious Crash,No,2017,West,0.0,,Flat,,,,,Bright sun,1490300.0,0.0,0.0,0.0,2.0,0.0,,,Hawke's Bay Region,Nil,2-way,Sealed,0.0,1.0,,50.0,,Null,0.0,0.0,,30.0,Hastings District,Traffic Signals,,,,,0.0,0.0,Urban,1.0,,,Fine
528684,1930185.0,5605031.0,548200.0,0.0,0.0,1.0,Null,2004/2005,KARUMU ROAD NORTH,ST AUBYN ST EAST,Minor Crash,No,2005,East,0.0,,Flat,,,,,Dark,1494100.0,1.0,0.0,0.0,3.0,0.0,,,Hawke's Bay Region,Nil,2-way,Sealed,0.0,0.0,,50.0,,On,0.0,0.0,,30.0,Hastings District,Traffic Signals,,,,,0.0,0.0,Urban,1.0,,,Fine