OBJECTID,X,Y,areaUnitID,bicycle,bus,carStationWagon,crashDirectionDescription,crashFinancialYear,crashLocation1,crashLocation2,crashSeverity,crashSHDescription,crashYear,directionRoleDescription,fatalCount,fence,flatHill,guardRail,holiday,houseOrBuilding,kerb,light,meshblockId,minorInjuryCount,moped,motorcycle,NumberOfLanes,otherVehicleType,parkedVehicle,pedestrian,region,roadCharacter,roadLane,roadSurface,schoolBus,seriousInjuryCount,slipOrFlood,speedLimit,strayAnimal,streetLight,suv,taxi,temporarySpeedLimit,tlaId,tlaName,trafficControl,trafficIsland,trafficSign,train,tree,truck,unknownVehicleType,urban,vanOrUtility,vehicle,waterRiver,weatherA
82282,1928678.0,5609906.0,545710.0,0.0,0.0,1.0,Null,2003/2004,EVENDEN ROAD,RAUPARE ROAD,Serious Crash,No,2003,West,0.0,0.0,Flat,0.0,,0.0,0.0,Dark,1470700.0,0.0,0.0,0.0,2.0,0.0,0.0,,Hawke's Bay Region,Nil,2-way,Sealed,0.0,1.0,0.0,100.0,0.0,None,0.0,0.0,,30.0,Hastings District,Stop,0.0,1.0,0.0,0.0,0.0,0.0,Open,0.0,0.0,0.0,Fine
361236,1914321.5791,5656297.7215,545911.0,0.0,0.0,1.0,West,2018/2019,005-0220,WAITARA ROAD,Minor Crash,Yes,2019,North,0.0,0.0,Flat,0.0,,0.0,0.0,Dark,1415900.0,1.0,0.0,0.0,3.0,0.0,0.0,,Hawke's Bay Region,Nil,2-way,Sealed,0.0,0.0,0.0,100.0,0.0,None,0.0,0.0,,30.0,Hastings District,Unknown,0.0,0.0,0.0,0.0,0.0,0.0,Open,0.0,0.0,0.0,Fine
15723,1936942.0,5609095.0,545722.0,0.0,0.0,1.0,Null,2009/2010,MILL ROAD,LAWN ROAD,Non-Injury Crash,No,2009,North,0.0,,Flat,,,,,Bright sun,1406300.0,0.0,0.0,0.0,2.0,0.0,,,Hawke's Bay Region,Nil,2-way,Sealed,0.0,0.0,,100.0,,Null,1.0,0.0,,30.0,Hastings District,Give way,,,,,0.0,0.0,Open,0.0,,,Fine
570246,1929464.0,5605185.0,548200.0,0.0,0.0,2.0,Null,2016/2017,NELSON ST SOUTH,EASTBOURNE ST WEST,Non-Injury Crash,No,2017,East,0.0,,Flat,,,,,Bright sun,1488900.0,0.0,0.0,0.0,2.0,0.0,,,Hawke's Bay Region,Nil,2-way,Sealed,0.0,0.0,,50.0,,Null,0.0,0.0,,30.0,Hastings District,Stop,,,,,0.0,0.0,Urban,0.0,,,Fine
433347,1933352.0,5602244.0,548831.0,0.0,0.0,1.0,Null,2005/2006,ST HILL LANE,BROOKVALE ROAD,Minor Crash,No,2006,North,0.0,,Hill Road,,,,,Dark,1509200.0,1.0,0.0,1.0,2.0,0.0,,,Hawke's Bay Region,Nil,2-way,Sealed,0.0,0.0,,50.0,,On,0.0,0.0,,30.0,Hastings District,Nil,,,,,0.0,0.0,Urban,0.0,,,Fine
740704,1927578.0,5607439.0,548400.0,0.0,0.0,2.0,Null,2002/2003,SH 50A,OMAHU ROAD,Minor Crash,Yes,2002,North,0.0,,Flat,,,,,Bright sun,1473600.0,1.0,0.0,0.0,2.0,0.0,,,Hawke's Bay Region,Nil,2-way,Sealed,0.0,0.0,,50.0,,Null,0.0,0.0,,30.0,Hastings District,Give way,,,,,0.0,0.0,Urban,0.0,,,Fine
466665,1942410.0,5659268.0,545911.0,0.0,0.0,1.0,North,2012/2013,SH 2,MATAHORUA ROAD N,Non-Injury Crash,Yes,2012,North,0.0,0.0,Flat,0.0,Christmas New Year,0.0,0.0,Overcast,1415100.0,0.0,0.0,0.0,2.0,0.0,0.0,,Hawke's Bay Region,Nil,2-way,Sealed,0.0,0.0,0.0,100.0,0.0,Null,0.0,0.0,,30.0,Hastings District,Nil,0.0,0.0,0.0,0.0,0.0,0.0,Open,0.0,0.0,0.0,Fine
10839,1924883.0,5604664.0,545842.0,0.0,0.0,2.0,North,2003/2004,STOCK ROAD,EQUESTRIAN LANE,Minor Crash,No,2004,South,0.0,,Flat,,,,,Bright sun,1470214.0,2.0,0.0,0.0,2.0,0.0,,,Hawke's Bay Region,Nil,2-way,Sealed,0.0,0.0,,100.0,,Null,0.0,0.0,,30.0,Hastings District,Nil,,,,,0.0,0.0,Open,0.0,,,Fine
82672,1929439.7578,5608839.791,545710.0,0.0,0.0,1.0,Null,2018/2019,HAWKES BAY EXPRESSWAY,EVENDEN ROAD,Non-Injury Crash,Yes,2019,North,0.0,0.0,Flat,0.0,,0.0,0.0,Overcast,1471201.0,0.0,0.0,0.0,2.0,0.0,0.0,,Hawke's Bay Region,Nil,2-way,Sealed,0.0,0.0,0.0,100.0,0.0,Off,0.0,0.0,,30.0,Hastings District,Give way,0.0,0.0,0.0,0.0,0.0,0.0,Open,0.0,0.0,0.0,Heavy rain
494867,1931546.0,5602881.0,545762.0,0.0,0.0,0.0,Null,2015/2016,ST GEORGES ROAD,HAVELOCK ROAD,Non-Injury Crash,No,2015,West,0.0,,Flat,,,,,Bright sun,1468500.0,0.0,0.0,0.0,2.0,0.0,,,Hawke's Bay Region,Nil,2-way,Sealed,0.0,0.0,,70.0,,Null,0.0,0.0,,30.0,Hastings District,Give way,,,,,0.0,0.0,Urban,1.0,,,Fine
219129,1931167.0,5608086.0,545710.0,0.0,0.0,1.0,North,2002/2003,PAKOWHAI ROAD,MORLEY ROAD,Serious Crash,No,2003,South,0.0,2.0,Flat,0.0,,0.0,0.0,Dark,1471100.0,6.0,0.0,0.0,2.0,0.0,0.0,,Hawke's Bay Region,Nil,2-way,Sealed,0.0,1.0,0.0,100.0,0.0,None,0.0,0.0,,30.0,Hastings District,Nil,0.0,0.0,0.0,0.0,0.0,0.0,Open,1.0,0.0,0.0,Fine
111061,1925271.0,5598887.0,545852.0,0.0,0.0,1.0,Null,2015/2016,SH 2,STOCK ROAD,Non-Injury Crash,Yes,2015,North,0.0,,Flat,,,,,Bright sun,1465801.0,0.0,0.0,0.0,3.0,0.0,,,Hawke's Bay Region,Nil,2-way,Sealed,0.0,0.0,,100.0,,Null,0.0,0.0,,30.0,Hastings District,Give way,,,,,1.0,0.0,Open,0.0,,,Fine
36965,1908788.0,5665682.0,545911.0,0.0,0.0,0.0,North,2014/2015,SH 5,KOWARO ROADWAY,Minor Crash,Yes,2015,North,0.0,,Hill Road,,,,,Overcast,1414300.0,1.0,0.0,0.0,2.0,0.0,,,Hawke's Bay Region,Nil,2-way,Sealed,0.0,0.0,,100.0,,None,1.0,0.0,,30.0,Hastings District,Nil,,,,,0.0,0.0,Open,0.0,,,Fine
609092,1928136.6755,5606909.2997,547800.0,0.0,0.0,2.0,Null,2018/2019,OMAHU ROAD,NOTTINGLEY ROAD,Non-Injury Crash,No,2019,West,0.0,,Flat,,,,,Overcast,1476800.0,0.0,0.0,0.0,2.0,0.0,,,Hawke's Bay Region,Nil,2-way,Sealed,0.0,0.0,,50.0,,On,0.0,0.0,,30.0,Hastings District,Give way,,,,,0.0,0.0,Urban,0.0,,,Fine
185685,1927464.0,5607527.0,548400.0,0.0,0.0,1.0,South,2007/2008,OMAHU ROAD,KELFIELD PLACE,Non-Injury Crash,No,2007,North,0.0,,Flat,,,,,Bright sun,1473600.0,0.0,0.0,0.0,5.0,0.0,,,Hawke's Bay Region,Nil,2-way,Sealed,0.0,0.0,,50.0,,Null,0.0,0.0,,30.0,Hastings District,Nil,,,,,0.0,0.0,Urban,1.0,,,Fine
446728,1931094.0,5600835.0,545762.0,0.0,0.0,0.0,West,2007/2008,TE AUTE ROAD,GILPIN ROAD,Fatal Crash,No,2008,South,1.0,0.0,Flat,0.0,,0.0,0.0,Dark,1465200.0,1.0,0.0,0.0,2.0,0.0,0.0,,Hawke's Bay Region,Nil,2-way,Sealed,0.0,1.0,0.0,100.0,0.0,On,1.0,0.0,,30.0,Hastings District,Nil,0.0,0.0,0.0,0.0,0.0,0.0,Open,0.0,0.0,1.0,Mist or Fog
465428,1931870.0,5607130.0,545721.0,0.0,0.0,1.0,Null,2002/2003,ELWOOD ROAD,OTENE ROAD,Non-Injury Crash,No,2003,South,0.0,1.0,Flat,0.0,,0.0,0.0,Dark,1471700.0,0.0,0.0,0.0,2.0,0.0,0.0,,Hawke's Bay Region,Nil,2-way,Sealed,0.0,0.0,0.0,100.0,0.0,On,0.0,0.0,,30.0,Hastings District,Give way,0.0,0.0,0.0,0.0,0.0,0.0,Open,0.0,0.0,0.0,Mist or Fog
277064,1928238.0,5605842.0,548500.0,0.0,0.0,1.0,South,2004/2005,MARAEKAKAHO ROAD,LOWE ST,Non-Injury Crash,No,2004,North,0.0,0.0,Flat,0.0,,0.0,0.0,Dark,1479700.0,0.0,0.0,0.0,2.0,0.0,1.0,,Hawke's Bay Region,Nil,2-way,Sealed,0.0,0.0,0.0,50.0,0.0,On,0.0,0.0,,30.0,Hastings District,Nil,0.0,0.0,0.0,0.0,0.0,0.0,Urban,1.0,0.0,0.0,Fine
154562,1929090.0,5605275.0,548200.0,0.0,0.0,1.0,Null,2012/2013,CHARLES ST,SOUTHAMPTON ST WEST,Fatal Crash,No,2013,East,1.0,,Flat,,,,,Overcast,1488500.0,0.0,0.0,0.0,2.0,0.0,,1.0,Hawke's Bay Region,Nil,2-way,Sealed,0.0,0.0,,50.0,,Null,0.0,0.0,,30.0,Hastings District,Give way,,,,,0.0,0.0,Urban,0.0,,,Fine
737241,1930912.0,5607891.0,545710.0,0.0,0.0,0.0,Null,2008/2009,PAKOWHAI ROAD,RICHMOND ROAD,Non-Injury Crash,No,2009,North,0.0,1.0,Flat,0.0,,0.0,0.0,Overcast,1471100.0,0.0,0.0,0.0,2.0,0.0,0.0,,Hawke's Bay Region,Nil,2-way,Sealed,0.0,0.0,0.0,70.0,0.0,Null,1.0,0.0,,30.0,Hastings District,Give way,0.0,0.0,0.0,0.0,0.0,0.0,Urban,1.0,0.0,0.0,Fine
79966,1929951.0,5605146.0,548200.0,0.0,0.0,1.0,South,2000/2001,Z CPK WAREHOUSE,MARKET/AVENUE,Non-Injury Crash,No,2001,West,0.0,0.0,Flat,0.0,,0.0,0.0,Bright sun,1491400.0,0.0,0.0,0.0,0.0,0.0,1.0,,Hawke's Bay Region,Nil,Off road,Sealed,0.0,0.0,0.0,50.0,0.0,Null,0.0,0.0,,30.0,Hastings District,Nil,0.0,0.0,0.0,0.0,0.0,0.0,Urban,1.0,0.0,0.0,Fine
220369,1928628.0,5602075.0,545762.0,0.0,0.0,1.0,Null,2018/2019,ALGERNON ROAD,PARK ROAD SOUTH,Non-Injury Crash,No,2018,South,0.0,1.0,Flat,0.0,,0.0,0.0,Dark,1468100.0,0.0,0.0,0.0,2.0,0.0,0.0,,Hawke's Bay Region,Nil,2-way,Sealed,0.0,0.0,0.0,100.0,0.0,Off,0.0,0.0,,30.0,Hastings District,Nil,0.0,0.0,0.0,0.0,0.0,0.0,Open,0.0,0.0,0.0,Light rain
571842,1941510.3091,5584911.1393,545860.0,0.0,0.0,1.0,South,2019/2020,GILLIES CRESCENT,HARPER ROAD,Non-Injury Crash,No,2019,East,0.0,1.0,Flat,0.0,,0.0,0.0,Dark,1467902.0,0.0,0.0,0.0,2.0,0.0,0.0,,Hawke's Bay Region,Nil,2-way,Sealed,0.0,0.0,0.0,50.0,0.0,On,0.0,0.0,,30.0,Hastings District,Unknown,0.0,0.0,0.0,1.0,0.0,0.0,Urban,0.0,0.0,0.0,Fine
386931,1932665.0,5601746.0,548831.0,0.0,0.0,2.0,South,2009/2010,NAPIER ROAD,PORTER DRIVE,Non-Injury Crash,No,2009,South,0.0,0.0,Flat,0.0,,0.0,0.0,Dark,1509600.0,0.0,0.0,0.0,2.0,0.0,1.0,,Hawke's Bay Region,Nil,2-way,Sealed,0.0,0.0,0.0,50.0,0.0,On,0.0,0.0,,30.0,Hastings District,Nil,0.0,0.0,0.0,0.0,0.0,0.0,Urban,0.0,0.0,0.0,Fine
112966,1919495.0,5594015.0,545851.0,0.0,0.0,3.0,South,2007/2008,SH 2,TE MAHANGA ROAD,Fatal Crash,Yes,2007,East,1.0,0.0,Flat,0.0,,0.0,0.0,Bright sun,1463900.0,1.0,0.0,0.0,2.0,0.0,0.0,,Hawke's Bay Region,Nil,2-way,Sealed,0.0,2.0,0.0,100.0,0.0,Null,0.0,0.0,,30.0,Hastings District,Nil,0.0,0.0,0.0,0.0,0.0,0.0,Open,0.0,0.0,0.0,Fine
158043,1908883.0,5674645.0,545911.0,0.0,0.0,0.0,North,2005/2006,SH 5,TARAWERA TAV,Serious Crash,Yes,2005,West,0.0,,Hill Road,,,,,Overcast,1281200.0,0.0,0.0,0.0,2.0,0.0,,,Hawke's Bay Region,Nil,2-way,Sealed,0.0,1.0,,100.0,,Null,1.0,0.0,,30.0,Hastings District,Nil,,,,,1.0,0.0,Open,0.0,,,Light rain
170031,1926812.0,5604765.0,545761.0,0.0,0.0,1.0,Null,2013/2014,MARAEKAKAHO ROAD,HEATHCOTE ROAD,Minor Crash,No,2013,South,0.0,,Flat,,,,,Bright sun,1468801.0,1.0,0.0,0.0,2.0,0.0,,,Hawke's Bay Region,Nil,2-way,Sealed,0.0,0.0,,100.0,,Null,1.0,0.0,,30.0,Hastings District,Stop,,,,,0.0,0.0,Open,0.0,,,Fine
408486,1929741.0,5605620.0,548200.0,0.0,0.0,2.0,North,2001/2002,ST AUBYN ST WEST,NELSON ST NORTH,Non-Injury Crash,No,2001,West,0.0,0.0,Flat,0.0,,0.0,0.0,Dark,1490300.0,0.0,0.0,0.0,2.0,0.0,1.0,,Hawke's Bay Region,Nil,2-way,Sealed,0.0,0.0,0.0,50.0,0.0,On,0.0,0.0,,30.0,Hastings District,Nil,0.0,0.0,0.0,0.0,0.0,0.0,Urban,0.0,0.0,0.0,Fine
551846,1929905.0,5604801.0,548200.0,0.0,0.0,2.0,East,2003/2004,HERETAUNGA ST EAST,KARAMU ROAD NORTH,Non-Injury Crash,No,2004,East,0.0,0.0,Flat,0.0,,0.0,0.0,Overcast,1492700.0,0.0,0.0,0.0,2.0,0.0,1.0,,Hawke's Bay Region,Nil,2-way,Sealed,0.0,0.0,0.0,50.0,0.0,Null,0.0,0.0,,30.0,Hastings District,Nil,0.0,0.0,0.0,0.0,0.0,0.0,Urban,0.0,0.0,0.0,Fine
618147,1929936.0,5605162.0,548200.0,0.0,0.0,1.0,Null,2015/2016,MARKET ST NORTH,AVENUE ROAD WEST,Non-Injury Crash,No,2016,West,0.0,0.0,Flat,0.0,Easter,0.0,0.0,Bright sun,1491400.0,0.0,0.0,0.0,2.0,0.0,0.0,,Hawke's Bay Region,Nil,2-way,Sealed,0.0,0.0,0.0,50.0,0.0,Off,0.0,0.0,,30.0,Hastings District,Give way,0.0,0.0,0.0,1.0,0.0,0.0,Urban,0.0,0.0,0.0,Fine
21557,1927293.0,5607650.0,548400.0,0.0,0.0,0.0,Null,1999/2000,OMAHU ROAD,WILSON ROAD,Non-Injury Crash,No,2000,North,0.0,,Flat,,,,,Bright sun,1473500.0,0.0,0.0,0.0,2.0,0.0,,,Hawke's Bay Region,Nil,2-way,Sealed,0.0,0.0,,50.0,,Null,0.0,0.0,,30.0,Hastings District,Give way,,,,,0.0,0.0,Urban,1.0,,,Fine
423108,1934312.0,5601795.0,548831.0,0.0,0.0,2.0,East,2015/2016,TE MATA ROAD,EVEREST AVENUE,Minor Crash,No,2015,West,0.0,,Flat,,,,,Bright sun,1510100.0,2.0,0.0,0.0,2.0,0.0,,,Hawke's Bay Region,Nil,2-way,Sealed,0.0,0.0,,50.0,,Null,0.0,0.0,,30.0,Hastings District,Unknown,,,,,1.0,0.0,Urban,0.0,,,Fine
733993,1931020.2651,5604977.2772,548100.0,0.0,0.0,0.0,Null,2016/2017,WILLOWPARK ROAD NORTH,JERVOIS STREET,Minor Crash,No,2016,North,0.0,,Flat,,,,,Bright sun,1499100.0,1.0,0.0,0.0,2.0,0.0,,,Hawke's Bay Region,Nil,2-way,Sealed,0.0,0.0,,50.0,,Off,1.0,0.0,,30.0,Hastings District,Give way,,,,,0.0,0.0,Urban,1.0,,,Fine
473134,1911858.0,5662768.0,545911.0,0.0,0.0,3.0,East,2009/2010,SH 5,TE HAROTO ROAD,Minor Crash,Yes,2010,North,0.0,0.0,Hill Road,0.0,,0.0,0.0,Overcast,1414300.0,5.0,0.0,0.0,2.0,0.0,0.0,,Hawke's Bay Region,Nil,2-way,Sealed,0.0,0.0,0.0,100.0,0.0,Null,0.0,0.0,,30.0,Hastings District,Nil,0.0,0.0,0.0,0.0,0.0,0.0,Open,0.0,0.0,0.0,Light rain
249357,1929268.0,5605912.0,547700.0,0.0,0.0,1.0,North,2008/2009,GRAYS ROAD,QUEEN ST WEST,Non-Injury Crash,No,2009,South,0.0,0.0,Flat,0.0,,0.0,1.0,Dark,1488000.0,0.0,0.0,0.0,2.0,0.0,0.0,,Hawke's Bay Region,Nil,2-way,Sealed,0.0,0.0,0.0,50.0,0.0,On,0.0,0.0,,30.0,Hastings District,Nil,0.0,0.0,0.0,0.0,0.0,0.0,Urban,0.0,0.0,0.0,Fine
133127,1929472.0,5608806.0,545710.0,0.0,0.0,1.0,Null,2001/2002,SH 50A,EVENDEN ROAD,Non-Injury Crash,Yes,2001,North,0.0,0.0,Flat,0.0,,0.0,0.0,Overcast,1471201.0,0.0,0.0,0.0,4.0,0.0,0.0,,Hawke's Bay Region,Nil,2-way,Sealed,0.0,0.0,0.0,100.0,0.0,Null,0.0,0.0,,30.0,Hastings District,Give way,1.0,1.0,0.0,0.0,0.0,0.0,Open,0.0,0.0,0.0,Light rain
689114,1925094.0,5608027.0,548611.0,0.0,0.0,2.0,Null,1999/2000,MARGATE AVENUE,MARGATE PLACE,Non-Injury Crash,No,2000,West,0.0,,Flat,,,,,Bright sun,1473803.0,0.0,0.0,0.0,2.0,0.0,,,Hawke's Bay Region,Nil,2-way,Sealed,0.0,0.0,,50.0,,Null,0.0,0.0,,30.0,Hastings District,Nil,,,,,0.0,0.0,Urban,0.0,,,Fine
621689,1927234.0,5607705.0,545710.0,0.0,0.0,1.0,West,2003/2004,OMAHU ROAD,WILSON ROAD,Non-Injury Crash,No,2004,East,0.0,0.0,Flat,0.0,,0.0,0.0,Overcast,1471000.0,0.0,0.0,0.0,2.0,0.0,1.0,,Hawke's Bay Region,Nil,2-way,Sealed,0.0,0.0,0.0,50.0,0.0,Null,0.0,0.0,,30.0,Hastings District,Nil,0.0,0.0,0.0,0.0,0.0,0.0,Urban,1.0,0.0,0.0,Fine
483328,1927301.0,5607664.0,545710.0,0.0,0.0,1.0,Null,2008/2009,OMAHU ROAD,ORMOND ROAD,Non-Injury Crash,No,2008,South,0.0,0.0,Flat,0.0,,0.0,0.0,Dark,1471000.0,0.0,0.0,0.0,2.0,0.0,0.0,,Hawke's Bay Region,Nil,2-way,Sealed,0.0,0.0,0.0,50.0,0.0,On,0.0,0.0,,30.0,Hastings District,Give way,1.0,0.0,0.0,0.0,0.0,0.0,Urban,0.0,0.0,0.0,Fine
299442,1918362.0,5653345.0,545912.0,0.0,0.0,0.0,North,2005/2006,SH 5,TE POHUE HOTEL,Non-Injury Crash,Yes,2006,South,0.0,0.0,Hill Road,0.0,,0.0,0.0,Dark,1414504.0,0.0,0.0,0.0,3.0,0.0,0.0,,Hawke's Bay Region,Nil,2-way,Sealed,0.0,0.0,0.0,100.0,0.0,None,0.0,0.0,,30.0,Hastings District,Nil,0.0,0.0,0.0,0.0,1.0,0.0,Open,0.0,0.0,0.0,Fine
365089,1929857.0,5604864.0,548200.0,0.0,0.0,2.0,South,2014/2015,HERETAUNGA ST EAST,RUSSELL ST SOUTH,Non-Injury Crash,No,2015,South,0.0,,Flat,,,,,Bright sun,1492000.0,0.0,0.0,0.0,2.0,0.0,,,Hawke's Bay Region,Nil,2-way,Sealed,0.0,0.0,,50.0,,Null,0.0,0.0,,30.0,Hastings District,Nil,,,,,0.0,0.0,Urban,0.0,,,Fine
52219,1925023.0,5608064.0,548611.0,1.0,0.0,0.0,West,2005/2006,MARGATE AVENUE,MARGATE PLACE,Minor Crash,No,2005,East,0.0,,Flat,,,,,Bright sun,1473803.0,1.0,0.0,0.0,2.0,0.0,,,Hawke's Bay Region,Nil,2-way,Sealed,0.0,0.0,,50.0,,Null,0.0,0.0,,30.0,Hastings District,Nil,,,,,0.0,0.0,Urban,1.0,,,Fine
318380,1928503.0,5606043.0,548500.0,0.0,0.0,1.0,Null,2008/2009,MARAEKAKAHO ROAD,SOUTHAMPTON ST WEST,Non-Injury Crash,No,2009,West,0.0,0.0,Flat,0.0,Queens Birthday,0.0,0.0,Dark,1479600.0,0.0,0.0,0.0,2.0,0.0,0.0,,Hawke's Bay Region,Nil,2-way,Sealed,0.0,0.0,0.0,50.0,0.0,On,0.0,0.0,,30.0,Hastings District,Traffic Signals,0.0,1.0,0.0,0.0,0.0,0.0,Urban,0.0,0.0,0.0,Light rain
620280,1925537.0,5603173.0,545842.0,0.0,0.0,1.0,Null,2013/2014,SH 50A,MARAEKAKAHO ROAD,Non-Injury Crash,Yes,2014,North,0.0,0.0,Flat,0.0,Queens Birthday,0.0,0.0,Overcast,1470213.0,0.0,0.0,0.0,1.0,0.0,0.0,,Hawke's Bay Region,Nil,2-way,Sealed,0.0,0.0,0.0,100.0,0.0,Null,0.0,0.0,,30.0,Hastings District,Give way,0.0,0.0,0.0,0.0,0.0,0.0,Open,0.0,0.0,0.0,Light rain
250613,1932693.0,5608525.0,545722.0,0.0,0.0,1.0,East,2018/2019,WHAKATU ROAD,RUAHAPIA ROAD,Non-Injury Crash,No,2018,West,0.0,1.0,Flat,0.0,,0.0,0.0,Dark,1405700.0,0.0,0.0,0.0,2.0,0.0,0.0,,Hawke's Bay Region,Nil,2-way,Sealed,0.0,0.0,0.0,80.0,0.0,On,0.0,0.0,,30.0,Hastings District,Unknown,0.0,0.0,0.0,0.0,0.0,0.0,Open,0.0,0.0,0.0,Fine
47920,1931290.0,5604012.0,548100.0,0.0,0.0,0.0,Null,2016/2017,LOUIE ST,WINDSOR AVENUE,Non-Injury Crash,No,2017,North,0.0,0.0,Flat,0.0,,0.0,0.0,Dark,1500200.0,0.0,0.0,0.0,2.0,0.0,1.0,,Hawke's Bay Region,Nil,2-way,Sealed,0.0,0.0,0.0,50.0,0.0,On,0.0,0.0,,30.0,Hastings District,Give way,0.0,0.0,0.0,0.0,0.0,0.0,Urban,2.0,0.0,0.0,Fine
550766,1929878.0,5605947.0,547700.0,0.0,0.0,1.0,Null,2009/2010,TOMOANA ROAD,FITZROY AVENUE,Non-Injury Crash,No,2010,West,0.0,,Flat,,,,,Bright sun,1488400.0,0.0,0.0,0.0,2.0,0.0,,,Hawke's Bay Region,Nil,2-way,Sealed,0.0,0.0,,50.0,,Null,1.0,0.0,,30.0,Hastings District,Stop,,,,,0.0,0.0,Urban,0.0,,,Fine
706766,1929851.0,5605477.0,548200.0,0.0,0.0,2.0,Null,2008/2009,NELSON ST NORTH,ST AUBYN ST WEST,Serious Crash,No,2009,South,0.0,,Flat,,Christmas New Year,,,Dark,1491000.0,4.0,0.0,0.0,2.0,0.0,,,Hawke's Bay Region,Nil,2-way,Sealed,0.0,1.0,,50.0,,On,0.0,0.0,,30.0,Hastings District,Traffic Signals,,,,,0.0,0.0,Urban,0.0,,,Fine
501714,1919834.0,5642970.0,545811.0,0.0,0.0,1.0,North,2009/2010,SH 5,GLENGARRY ROAD,Non-Injury Crash,Yes,2009,South,0.0,0.0,Hill Road,0.0,,0.0,0.0,Bright sun,1414700.0,0.0,0.0,0.0,2.0,0.0,0.0,,Hawke's Bay Region,Nil,2-way,Sealed,0.0,0.0,0.0,100.0,0.0,Null,0.0,0.0,30.0,30.0,Hastings District,Nil,0.0,0.0,0.0,0.0,0.0,0.0,Open,0.0,0.0,0.0,Fine
173195,1930197.5321,5604047.336,548300.0,0.0,0.0,0.0,South,2018/2019, RIVERSLEA ROAD SOUTH,LYELL STREET,Serious Crash,No,2019,South,0.0,,Flat,,,,,Dark,1501900.0,0.0,0.0,1.0,2.0,0.0,,,Hawke's Bay Region,Nil,2-way,Sealed,0.0,1.0,,50.0,,On,0.0,0.0,,30.0,Hastings District,Unknown,,,,,0.0,0.0,Urban,0.0,,,Fine
171337,1929102.0,5605862.0,547700.0,0.0,0.0,2.0,Null,2009/2010,HERETAUNGA ST WEST,TOWNSHEND ST,Non-Injury Crash,No,2009,West,0.0,,Flat,,,,,Overcast,1487300.0,0.0,0.0,0.0,2.0,0.0,,,Hawke's Bay Region,Nil,2-way,Sealed,0.0,0.0,,50.0,,Null,0.0,0.0,,30.0,Hastings District,Give way,,,,,0.0,0.0,Urban,0.0,,,Fine
32076,1931134.0,5606879.0,547600.0,1.0,0.0,1.0,Null,2010/2011,TOMOANA ROAD,COVENTRY ROAD,Minor Crash,No,2011,North,0.0,0.0,Flat,0.0,,0.0,0.0,Dark,1484000.0,1.0,0.0,0.0,2.0,0.0,0.0,,Hawke's Bay Region,Nil,2-way,Sealed,0.0,0.0,0.0,50.0,0.0,On,0.0,0.0,,30.0,Hastings District,Nil,0.0,0.0,0.0,0.0,0.0,0.0,Urban,0.0,1.0,0.0,Light rain
518325,1923309.0,5611947.0,545821.0,0.0,0.0,0.0,North,2010/2011,SH 50 KOROKIPO,HAKIWAI ROAD,Non-Injury Crash,Yes,2010,South,0.0,0.0,Flat,0.0,,0.0,0.0,Dark,1408600.0,0.0,0.0,0.0,2.0,0.0,0.0,,Hawke's Bay Region,Nil,2-way,Sealed,0.0,0.0,0.0,100.0,0.0,None,1.0,0.0,,30.0,Hastings District,Nil,0.0,0.0,0.0,0.0,0.0,0.0,Open,0.0,0.0,0.0,Fine
337714,1903442.0,5653862.0,545912.0,0.0,0.0,0.0,North,2007/2008,PAKAUTUTU ROAD,MAKAHU ROAD,Minor Crash,No,2008,North,0.0,,Hill Road,,,,,Bright sun,1412000.0,2.0,0.0,0.0,2.0,0.0,,,Hawke's Bay Region,Nil,2-way,Unsealed,0.0,0.0,,100.0,,Null,1.0,0.0,,30.0,Hastings District,Nil,,,,,1.0,0.0,Open,0.0,,,Fine
732307,1927631.0,5607394.0,548500.0,0.0,0.0,1.0,Null,2016/2017,SH 50A,OMAHU ROAD,Non-Injury Crash,Yes,2016,East,0.0,0.0,Flat,0.0,,0.0,1.0,Overcast,1477900.0,0.0,0.0,0.0,2.0,0.0,0.0,,Hawke's Bay Region,Nil,2-way,Sealed,0.0,0.0,0.0,50.0,0.0,On,1.0,0.0,,30.0,Hastings District,Give way,0.0,0.0,0.0,0.0,0.0,0.0,Urban,0.0,0.0,0.0,Light rain
544072,1925325.0,5605390.0,545842.0,0.0,0.0,1.0,Null,2003/2004,STOCK ROAD,IRONGATE ROAD,Non-Injury Crash,No,2003,South,0.0,1.0,Flat,0.0,,0.0,0.0,Bright sun,1470214.0,0.0,0.0,0.0,2.0,0.0,0.0,,Hawke's Bay Region,Nil,2-way,Sealed,0.0,0.0,0.0,100.0,0.0,Null,0.0,0.0,,30.0,Hastings District,Stop,0.0,0.0,0.0,0.0,0.0,0.0,Open,0.0,0.0,0.0,Fine
644625,1929948.0,5605347.0,548200.0,0.0,0.0,3.0,Null,2012/2013,ST AUBYN ST WEST,KING ST NORTH,Non-Injury Crash,No,2013,South,0.0,,Flat,,,,,Overcast,1491500.0,0.0,0.0,0.0,4.0,0.0,,,Hawke's Bay Region,Nil,2-way,Sealed,0.0,0.0,,50.0,,Null,0.0,0.0,,30.0,Hastings District,Give way,,,,,0.0,0.0,Urban,0.0,,,Fine
39302,1913559.0,5587629.0,545851.0,0.0,0.0,1.0,North,2003/2004,SH 2,WAIKAREAO ROAD,Non-Injury Crash,Yes,2004,North,0.0,0.0,Flat,0.0,,0.0,0.0,Dark,1464500.0,0.0,0.0,0.0,2.0,0.0,0.0,,Hawke's Bay Region,Nil,2-way,Sealed,0.0,0.0,0.0,100.0,0.0,None,0.0,0.0,,30.0,Hastings District,Nil,0.0,0.0,0.0,0.0,0.0,0.0,Open,0.0,0.0,0.0,Fine