OBJECTID,X,Y,areaUnitID,bicycle,bus,carStationWagon,crashDirectionDescription,crashFinancialYear,crashLocation1,crashLocation2,crashSeverity,crashSHDescription,crashYear,directionRoleDescription,fatalCount,fence,flatHill,guardRail,holiday,houseOrBuilding,kerb,light,meshblockId,minorInjuryCount,moped,motorcycle,NumberOfLanes,otherVehicleType,parkedVehicle,pedestrian,region,roadCharacter,roadLane,roadSurface,schoolBus,seriousInjuryCount,slipOrFlood,speedLimit,strayAnimal,streetLight,suv,taxi,temporarySpeedLimit,tlaId,tlaName,trafficControl,trafficIsland,trafficSign,train,tree,truck,unknownVehicleType,urban,vanOrUtility,vehicle,waterRiver,weatherA
363523,1938353.0,5608082.0,545740.0,0.0,0.0,0.0,East,2004/2005,PARKHILL ROAD,HAUMOANA ROAD,Non-Injury Crash,No,2004,East,0.0,1.0,Flat,0.0,,0.0,0.0,Overcast,1407300.0,0.0,0.0,0.0,2.0,0.0,0.0,,Hawke's Bay Region,Nil,2-way,Sealed,0.0,0.0,0.0,100.0,0.0,Null,0.0,0.0,,30.0,Hastings District,Nil,0.0,0.0,0.0,0.0,0.0,0.0,Open,1.0,0.0,0.0,Fine
542513,1930795.0,5604811.0,548100.0,0.0,0.0,2.0,Null,2000/2001,WILLOWPARK ROAD NORTH,ALBERT ST,Non-Injury Crash,No,2001,South,0.0,,Flat,,,,,Overcast,1499700.0,0.0,0.0,0.0,2.0,0.0,,,Hawke's Bay Region,Nil,2-way,Sealed,0.0,0.0,,50.0,,Null,0.0,0.0,,30.0,Hastings District,Give way,,,,,0.0,0.0,Urban,0.0,,,Heavy rain
222601,1930929.0,5613521.0,545831.0,0.0,0.0,2.0,South,2000/2001,SH 50A,LINKS ROAD,Non-Injury Crash,Yes,2001,South,0.0,,Flat,,,,,Overcast,1404500.0,0.0,0.0,0.0,2.0,0.0,,,Hawke's Bay Region,Nil,2-way,Sealed,0.0,0.0,,100.0,,Null,0.0,0.0,,30.0,Hastings District,Give way,,,,,0.0,0.0,Open,0.0,,,Fine
260039,1928278.0,5605872.0,548500.0,1.0,0.0,1.0,Null,2002/2003,MARAEKAKAHO ROAD,LOWE ST,Minor Crash,No,2003,North,0.0,,Flat,,,,,Overcast,1479700.0,1.0,0.0,0.0,2.0,0.0,,,Hawke's Bay Region,Nil,2-way,Sealed,0.0,0.0,,50.0,,Off,0.0,0.0,,30.0,Hastings District,Give way,,,,,0.0,0.0,Urban,0.0,,,Light rain
97422,1926547.0,5600151.0,545852.0,0.0,0.0,1.0,East,2005/2006,TE AUTE ROAD,SH 2,Fatal Crash,No,2005,East,1.0,1.0,Flat,0.0,,0.0,0.0,Dark,1468700.0,0.0,0.0,0.0,2.0,0.0,0.0,,Hawke's Bay Region,Nil,2-way,Sealed,0.0,0.0,0.0,100.0,0.0,None,0.0,0.0,,30.0,Hastings District,Nil,0.0,0.0,0.0,0.0,0.0,0.0,Open,0.0,0.0,0.0,Fine
364803,1928953.0,5608851.0,545710.0,0.0,0.0,1.0,South,2006/2007,ORMOND ROAD,EVENDEN ROAD,Minor Crash,No,2006,South,0.0,0.0,Flat,0.0,,0.0,0.0,Bright sun,1471000.0,1.0,0.0,0.0,2.0,0.0,0.0,,Hawke's Bay Region,Nil,2-way,Sealed,0.0,0.0,0.0,100.0,0.0,Null,0.0,0.0,,30.0,Hastings District,Nil,0.0,0.0,0.0,0.0,0.0,0.0,Open,0.0,0.0,0.0,Fine
573315,1928852.0,5606784.0,547800.0,0.0,0.0,0.0,Null,2002/2003,FRIMLEY ROAD,HAPUKA ST,Non-Injury Crash,No,2002,South,0.0,1.0,Flat,0.0,,0.0,0.0,Dark,1477500.0,0.0,0.0,0.0,2.0,0.0,1.0,,Hawke's Bay Region,Nil,2-way,Sealed,0.0,0.0,0.0,50.0,0.0,On,0.0,0.0,,30.0,Hastings District,Nil,0.0,0.0,0.0,0.0,0.0,0.0,Urban,2.0,0.0,0.0,Fine
538981,1928892.0,5608393.0,545710.0,0.0,0.0,2.0,South,2012/2013,SH 50A,EVENDEN ROAD,Minor Crash,Yes,2013,North,0.0,,Flat,,,,,Bright sun,1471201.0,1.0,0.0,0.0,2.0,0.0,,,Hawke's Bay Region,Nil,2-way,Sealed,0.0,0.0,,100.0,,Null,0.0,0.0,,30.0,Hastings District,Nil,,,,,1.0,0.0,Open,0.0,,,Fine
355477,1929560.0,5605258.0,548200.0,0.0,0.0,4.0,Null,2007/2008,HERETAUNGA ST WEST,NELSON ST NORTH,Minor Crash,No,2008,West,0.0,,Flat,,,,,Bright sun,1490100.0,1.0,0.0,0.0,2.0,0.0,,,Hawke's Bay Region,Nil,2-way,Sealed,0.0,0.0,,50.0,,Null,0.0,0.0,,30.0,Hastings District,Traffic Signals,,,,,0.0,0.0,Urban,0.0,,,Fine
354371,1929048.0,5605934.0,547700.0,0.0,0.0,1.0,Null,2016/2017,HERETAUNGA ST WEST,GALLIEN ST,Non-Injury Crash,No,2016,North,0.0,1.0,Flat,0.0,,0.0,0.0,Dark,1487300.0,0.0,0.0,0.0,2.0,0.0,0.0,,Hawke's Bay Region,Nil,2-way,Sealed,0.0,0.0,0.0,50.0,0.0,On,0.0,0.0,,30.0,Hastings District,Stop,0.0,0.0,0.0,0.0,0.0,0.0,Urban,0.0,0.0,0.0,Fine
623729,1929764.0,5605190.0,548200.0,0.0,0.0,2.0,East,2003/2004,QUEEN ST WEST,KING ST NORTH,Non-Injury Crash,No,2004,East,0.0,0.0,Flat,0.0,,0.0,0.0,Bright sun,1491300.0,0.0,0.0,0.0,2.0,0.0,1.0,,Hawke's Bay Region,Nil,2-way,Sealed,0.0,0.0,0.0,50.0,0.0,Null,0.0,0.0,,30.0,Hastings District,Nil,0.0,0.0,0.0,0.0,0.0,0.0,Urban,0.0,0.0,0.0,Fine
388993,1915218.0077,5589426.1962,545851.0,0.0,0.0,1.0,South,2018/2019,002-0691,TE HAUKE MARAE ,Non-Injury Crash,Yes,2019,North,0.0,1.0,Flat,0.0,,0.0,0.0,Dark,1464500.0,0.0,0.0,0.0,2.0,0.0,0.0,,Hawke's Bay Region,Nil,2-way,Sealed,0.0,0.0,0.0,100.0,0.0,None,0.0,0.0,,30.0,Hastings District,Unknown,0.0,0.0,0.0,0.0,0.0,0.0,Open,0.0,0.0,0.0,Fine
35176,1937700.0,5594927.0,545860.0,0.0,0.0,1.0,West,2010/2011,WAIMARAMA ROAD,MARAETOTARA ROAD,Non-Injury Crash,No,2011,South,0.0,0.0,Hill Road,0.0,Easter,0.0,0.0,Overcast,1467400.0,0.0,0.0,0.0,2.0,0.0,0.0,,Hawke's Bay Region,Nil,2-way,Sealed,0.0,0.0,0.0,100.0,0.0,Null,0.0,0.0,,30.0,Hastings District,Nil,0.0,0.0,0.0,0.0,0.0,0.0,Open,0.0,0.0,0.0,Light rain
45385,1930795.0,5604810.0,548100.0,0.0,0.0,1.0,Null,2017/2018,WILLOWPARK ROAD NORTH,ALBERT ST,Non-Injury Crash,No,2017,North,0.0,,Flat,,,,,Overcast,1499700.0,0.0,0.0,0.0,2.0,0.0,,,Hawke's Bay Region,Nil,2-way,Sealed,0.0,0.0,,50.0,,Null,1.0,0.0,,30.0,Hastings District,Give way,,,,,0.0,0.0,Urban,0.0,,,Light rain
306959,1929856.0,5605469.0,548200.0,0.0,0.0,2.0,South,2013/2014,ST AUBYN ST WEST,NELSON ST NORTH,Non-Injury Crash,No,2013,North,0.0,,Flat,,,,,Bright sun,1491000.0,0.0,0.0,0.0,2.0,0.0,,,Hawke's Bay Region,Nil,2-way,Sealed,0.0,0.0,,50.0,,Null,0.0,0.0,,30.0,Hastings District,Traffic Signals,,,,,0.0,0.0,Urban,0.0,,,Fine
233057,1929851.0,5605477.0,548200.0,1.0,0.0,1.0,Null,2008/2009,ST AUBYN ST WEST,NELSON ST NORTH,Minor Crash,No,2009,East,0.0,,Flat,,,,,Bright sun,1491000.0,1.0,0.0,0.0,2.0,0.0,,,Hawke's Bay Region,Nil,2-way,Sealed,0.0,0.0,,50.0,,Null,0.0,0.0,,30.0,Hastings District,Traffic Signals,,,,,0.0,0.0,Urban,0.0,,,Fine
470519,1935551.0,5652266.0,545911.0,0.0,0.0,1.0,South,2015/2016,SH 2,WAIKOAU ROAD,Minor Crash,Yes,2016,South,0.0,,Flat,,,,,Bright sun,1415200.0,1.0,0.0,0.0,2.0,0.0,,,Hawke's Bay Region,Nil,2-way,Sealed,0.0,0.0,,100.0,,Null,0.0,0.0,,30.0,Hastings District,Unknown,,,,,0.0,0.0,Open,0.0,,,Fine
589996,1936436.0,5611189.0,545730.0,0.0,0.0,1.0,North,2017/2018,FERRY ROAD,SCHOOL ROAD,Non-Injury Crash,No,2018,North,0.0,,Flat,,,,,Overcast,1405006.0,0.0,0.0,0.0,2.0,0.0,,,Hawke's Bay Region,Nil,2-way,Sealed,0.0,0.0,,50.0,,Null,1.0,0.0,,30.0,Hastings District,Unknown,,,,,0.0,0.0,Urban,0.0,,,Fine
284446,1928982.0,5602949.0,545762.0,0.0,0.0,1.0,Null,2006/2007,RIVERSLEA ROAD SOUTH,TOLLEMACHE ROAD EAST,Minor Crash,No,2006,North,0.0,,Flat,,,,,Bright sun,1468200.0,1.0,0.0,0.0,2.0,0.0,,,Hawke's Bay Region,Nil,2-way,Sealed,0.0,0.0,,100.0,,Null,1.0,0.0,,30.0,Hastings District,Give way,,,,,0.0,0.0,Open,0.0,,,Fine
22385,1930066.0,5604260.0,548200.0,0.0,0.0,2.0,North,2008/2009,WILLOWPARK ROAD SOUTH,MADDISON ST,Non-Injury Crash,No,2009,South,0.0,,Flat,,,,,Bright sun,1493700.0,0.0,0.0,0.0,2.0,0.0,,,Hawke's Bay Region,Nil,2-way,Sealed,0.0,0.0,,50.0,,Null,0.0,0.0,,30.0,Hastings District,Nil,,,,,0.0,0.0,Urban,0.0,,,Fine
712814,1913297.4827,5657592.8436,545911.0,0.0,0.0,1.0,East,2019/2020,SH 5,MCVICAR ROAD,Fatal Crash,Yes,2020,East,1.0,0.0,Flat,0.0,,0.0,0.0,Overcast,1414400.0,3.0,0.0,0.0,2.0,0.0,0.0,,Hawke's Bay Region,Nil,2-way,Sealed,0.0,1.0,0.0,100.0,0.0,None,0.0,0.0,,30.0,Hastings District,Nil,0.0,0.0,0.0,1.0,0.0,0.0,Open,0.0,0.0,0.0,Light rain
349518,1927856.0,5621331.0,545821.0,0.0,0.0,1.0,South,2014/2015,PUKETAPU ROAD,PUKETITIRI ROAD,Minor Crash,No,2015,North,0.0,0.0,Hill Road,0.0,Easter,0.0,0.0,Dark,1411200.0,1.0,0.0,0.0,2.0,0.0,0.0,,Hawke's Bay Region,Nil,2-way,Sealed,0.0,0.0,0.0,100.0,0.0,None,0.0,0.0,,30.0,Hastings District,Unknown,0.0,0.0,0.0,0.0,0.0,0.0,Open,0.0,0.0,0.0,Fine
26982,1929610.0,5613847.0,545831.0,0.0,0.0,1.0,South,2017/2018,SH 50,KOROKIPO ROAD,Non-Injury Crash,Yes,2017,West,0.0,,Flat,,,,,Overcast,1404600.0,0.0,0.0,0.0,2.0,0.0,,,Hawke's Bay Region,Nil,2-way,Sealed,0.0,0.0,,100.0,,Null,0.0,0.0,,30.0,Hastings District,Nil,,,,,0.0,0.0,Open,1.0,,,Fine
96984,1924568.0,5607266.0,548612.0,0.0,0.0,2.0,Null,2016/2017,CHATHAM ROAD,SCOTT DRIVE,Non-Injury Crash,No,2017,East,0.0,,Flat,,,,,Overcast,1474116.0,0.0,0.0,0.0,2.0,0.0,,,Hawke's Bay Region,Nil,2-way,Sealed,0.0,0.0,,50.0,,Null,0.0,0.0,,30.0,Hastings District,Give way,,,,,0.0,0.0,Urban,0.0,,,Fine
215868,1929754.0,5605404.0,548200.0,0.0,0.0,2.0,Null,2017/2018,NELSON ST NORTH,AVENUE ROAD WEST,Non-Injury Crash,No,2017,East,0.0,,Flat,,,,,Bright sun,1490300.0,0.0,0.0,0.0,2.0,0.0,,,Hawke's Bay Region,Nil,2-way,Sealed,0.0,0.0,,50.0,,Null,0.0,0.0,,30.0,Hastings District,Give way,,,,,0.0,0.0,Urban,0.0,,,Fine
736304,1930105.0,5605166.0,548200.0,0.0,0.0,2.0,South,2007/2008,Z CPK KMART,ST AUBYN/RUSSELL,Non-Injury Crash,No,2007,South,0.0,0.0,Flat,0.0,Christmas New Year,0.0,0.0,Bright sun,1494100.0,0.0,0.0,0.0,0.0,0.0,1.0,,Hawke's Bay Region,Nil,Off road,Sealed,0.0,0.0,0.0,50.0,0.0,Null,0.0,0.0,,30.0,Hastings District,Nil,0.0,0.0,0.0,0.0,0.0,0.0,Urban,0.0,0.0,0.0,Fine
490306,1923408.1616,5614685.0525,545821.0,0.0,0.0,1.0,North,2019/2020,SWAMP ROAD,PIRAU ROAD,Minor Crash,No,2019,South,0.0,0.0,Flat,0.0,,0.0,0.0,Dark,1408500.0,1.0,0.0,0.0,2.0,0.0,0.0,,Hawke's Bay Region,Nil,2-way,Sealed,0.0,0.0,0.0,100.0,0.0,None,0.0,0.0,,30.0,Hastings District,Unknown,0.0,0.0,0.0,0.0,0.0,0.0,Open,0.0,0.0,0.0,Light rain
640475,1930257.0,5604934.0,548200.0,0.0,0.0,2.0,Null,2006/2007,ST AUBYN ST EAST,WARREN ST NORTH,Non-Injury Crash,No,2007,North,0.0,,Flat,,,,,Bright sun,1493501.0,0.0,0.0,0.0,4.0,0.0,,,Hawke's Bay Region,Nil,2-way,Sealed,0.0,0.0,,50.0,,Null,0.0,0.0,,30.0,Hastings District,Give way,,,,,0.0,0.0,Urban,1.0,,,Fine
690648,1932977.0,5602953.0,545721.0,0.0,0.0,1.0,East,2014/2015,CROSSES ROAD,ST GEORGES ROAD,Minor Crash,No,2014,South,0.0,,Flat,,,,,Dark,1473100.0,1.0,0.0,0.0,2.0,0.0,,,Hawke's Bay Region,Nil,2-way,Sealed,0.0,0.0,,80.0,,On,1.0,0.0,,30.0,Hastings District,Unknown,,,,,0.0,0.0,Open,0.0,,,Fine
239665,1929477.0,5604814.0,548200.0,0.0,0.0,0.0,North,2006/2007,MARKET ST SOUTH,SOUTHAMPTON ST WEST,Non-Injury Crash,No,2006,South,0.0,,Flat,,,,,Bright sun,1489802.0,0.0,0.0,0.0,2.0,0.0,,,Hawke's Bay Region,Nil,2-way,Sealed,0.0,0.0,,50.0,,Null,1.0,0.0,,30.0,Hastings District,Nil,,,,,0.0,0.0,Urban,1.0,,,Fine
546629,1931273.0,5606339.0,548000.0,0.0,0.0,1.0,West,2006/2007,HARLECH ST,CAROLINE ROAD,Non-Injury Crash,No,2006,East,0.0,0.0,Flat,0.0,,0.0,0.0,Bright sun,1496200.0,0.0,0.0,0.0,2.0,0.0,0.0,,Hawke's Bay Region,Nil,2-way,Sealed,0.0,0.0,0.0,50.0,0.0,Null,0.0,0.0,,30.0,Hastings District,Nil,0.0,0.0,0.0,0.0,0.0,0.0,Urban,0.0,0.0,0.0,Fine
263552,1925325.0,5605390.0,545842.0,0.0,0.0,2.0,Null,2007/2008,STOCK ROAD,IRONGATE ROAD,Non-Injury Crash,No,2008,South,0.0,,Flat,,,,,Overcast,1470214.0,0.0,0.0,0.0,2.0,0.0,,,Hawke's Bay Region,Nil,2-way,Sealed,0.0,0.0,,100.0,,Null,0.0,0.0,,30.0,Hastings District,Stop,,,,,0.0,0.0,Open,0.0,,,Fine
516415,1898332.0,5594768.0,545841.0,0.0,0.0,1.0,North,2017/2018,SH 50,MANGA-O-NUKU NO3 BR,Non-Injury Crash,Yes,2018,North,0.0,0.0,Hill Road,0.0,,0.0,0.0,Overcast,1462600.0,0.0,0.0,0.0,2.0,0.0,0.0,,Hawke's Bay Region,Nil,2-way,Sealed,0.0,0.0,0.0,100.0,0.0,Null,0.0,0.0,,30.0,Hastings District,Unknown,0.0,0.0,0.0,0.0,0.0,0.0,Open,0.0,0.0,0.0,Light rain
670799,1928812.0,5608332.0,545710.0,0.0,0.0,1.0,South,2005/2006,SH 50A,EVENDEN ROAD,Non-Injury Crash,Yes,2005,North,0.0,,Flat,,,,,Dark,1471201.0,0.0,0.0,0.0,2.0,0.0,,,Hawke's Bay Region,Nil,2-way,Sealed,0.0,0.0,,100.0,,None,0.0,0.0,,30.0,Hastings District,Nil,,,,,0.0,0.0,Open,0.0,,,Fine
726676,1918286.2038,5653471.6499,545912.0,0.0,0.0,1.0,South,2018/2019,005-0220,RICHMOND ROAD,Non-Injury Crash,Yes,2019,South,0.0,0.0,Flat,0.0,,0.0,0.0,Dark,1414504.0,0.0,0.0,0.0,2.0,0.0,0.0,,Hawke's Bay Region,Nil,2-way,Sealed,0.0,0.0,0.0,100.0,0.0,None,0.0,0.0,,30.0,Hastings District,Unknown,0.0,0.0,0.0,0.0,0.0,0.0,Open,0.0,0.0,0.0,Fine
539700,1927591.0,5607102.0,548500.0,0.0,0.0,1.0,Null,2009/2010,ORCHARD ROAD,TAKAPU ROAD,Minor Crash,No,2010,West,0.0,,Flat,,,,,Bright sun,1477900.0,1.0,0.0,1.0,2.0,0.0,,,Hawke's Bay Region,Nil,2-way,Sealed,0.0,0.0,,50.0,,Null,0.0,0.0,,30.0,Hastings District,Give way,,,,,0.0,0.0,Urban,0.0,,,Fine
432176,1930425.0,5604707.0,548200.0,0.0,0.0,2.0,Null,2018/2019,ST AUBYN ST EAST,MILLER ST,Minor Crash,No,2018,North,0.0,,Flat,,,,,Overcast,1493502.0,1.0,0.0,0.0,2.0,0.0,,,Hawke's Bay Region,Nil,2-way,Sealed,0.0,0.0,,50.0,,Null,0.0,0.0,,30.0,Hastings District,Stop,,,,,0.0,0.0,Urban,0.0,,,Fine
622650,1920446.0,5642574.0,545811.0,0.0,0.0,1.0,South,2013/2014,SH 5,OLD TAUPO COACH ROAD,Non-Injury Crash,Yes,2014,South,0.0,0.0,Flat,0.0,,0.0,0.0,Dark,1414600.0,0.0,0.0,0.0,2.0,0.0,0.0,,Hawke's Bay Region,Nil,2-way,Sealed,0.0,0.0,0.0,100.0,0.0,None,0.0,0.0,,30.0,Hastings District,Nil,0.0,0.0,0.0,1.0,0.0,0.0,Open,0.0,0.0,0.0,Fine
506005,1925325.0,5605390.0,545842.0,0.0,0.0,2.0,Null,2000/2001,STOCK ROAD,IRONGATE ROAD,Non-Injury Crash,No,2000,West,0.0,,Flat,,,,,Overcast,1470214.0,0.0,0.0,0.0,2.0,0.0,,,Hawke's Bay Region,Nil,2-way,Sealed,0.0,0.0,,100.0,,Null,0.0,0.0,,30.0,Hastings District,Stop,,,,,0.0,0.0,Open,0.0,,,Fine
257182,1935488.0,5651075.0,545911.0,0.0,0.0,0.0,North,2001/2002,SH 2,TUTIRA RESERVE ROAD N,Non-Injury Crash,Yes,2002,North,0.0,0.0,Hill Road,0.0,,0.0,0.0,Dark,1415200.0,0.0,0.0,0.0,2.0,0.0,0.0,,Hawke's Bay Region,Nil,2-way,Sealed,0.0,0.0,0.0,100.0,0.0,None,0.0,0.0,,30.0,Hastings District,Nil,0.0,0.0,0.0,0.0,1.0,0.0,Open,0.0,0.0,0.0,Fine
126654,1925776.7506,5607466.1797,545761.0,0.0,0.0,1.0,North,2018/2019,HENDERSON ROAD,FOLKESTONE DRIVE,Non-Injury Crash,No,2018,North,0.0,1.0,Flat,0.0,Christmas New Year,0.0,0.0,Dark,1470002.0,0.0,0.0,0.0,2.0,0.0,0.0,,Hawke's Bay Region,Nil,2-way,Sealed,0.0,0.0,0.0,70.0,0.0,On,0.0,0.0,,30.0,Hastings District,Unknown,0.0,0.0,0.0,0.0,0.0,0.0,Urban,0.0,0.0,0.0,Fine
418873,1929739.0,5606876.0,547600.0,0.0,0.0,2.0,Null,2009/2010,DUKE ST,NGAIO ST,Serious Crash,No,2009,West,0.0,,Flat,,,,,Overcast,1485000.0,0.0,0.0,0.0,2.0,0.0,,,Hawke's Bay Region,Nil,2-way,Sealed,0.0,1.0,,50.0,,Null,0.0,0.0,,30.0,Hastings District,Give way,,,,,0.0,0.0,Urban,0.0,,,Light rain
492256,1928708.0,5606203.0,548500.0,0.0,0.0,2.0,West,2013/2014,MARAEKAKAHO ROAD,HERETAUNGA ST WEST,Non-Injury Crash,No,2014,West,0.0,,Flat,,,,,Overcast,1478800.0,0.0,0.0,0.0,2.0,0.0,,,Hawke's Bay Region,Nil,2-way,Sealed,0.0,0.0,,50.0,,Off,0.0,0.0,,30.0,Hastings District,Unknown,,,,,0.0,0.0,Urban,0.0,,,Heavy rain
297563,1924123.0,5607529.0,548611.0,0.0,0.0,2.0,West,2003/2004,DIAZ DRIVE,PALGRAVE AVENUE,Non-Injury Crash,No,2004,North,0.0,,Flat,,,,,Bright sun,1473902.0,0.0,0.0,0.0,2.0,0.0,,,Hawke's Bay Region,Nil,2-way,Sealed,0.0,0.0,,50.0,,Null,0.0,0.0,,30.0,Hastings District,Nil,,,,,0.0,0.0,Urban,0.0,,,Fine
227255,1934614.0,5641135.0,545811.0,0.0,0.0,1.0,North,2011/2012,SH 2,TANGOIO SETTLEMENT ROAD S,Minor Crash,Yes,2012,West,0.0,,Hill Road,,,,,Bright sun,1415700.0,1.0,0.0,1.0,2.0,0.0,,,Hawke's Bay Region,Nil,2-way,Sealed,0.0,0.0,,100.0,,Null,0.0,0.0,,30.0,Hastings District,Nil,,,,,0.0,0.0,Open,0.0,,,Fine
241078,1932139.0,5611571.0,545832.0,0.0,0.0,1.0,Null,2008/2009,PAKOWHAI ROAD,BROOKFIELDS ROAD,Serious Crash,No,2008,West,0.0,1.0,Flat,0.0,,0.0,0.0,Dark,1403900.0,0.0,0.0,0.0,2.0,0.0,0.0,,Hawke's Bay Region,Nil,2-way,Sealed,0.0,1.0,0.0,70.0,0.0,On,0.0,0.0,,30.0,Hastings District,Give way,0.0,0.0,0.0,0.0,0.0,0.0,Urban,0.0,0.0,0.0,Fine
421500,1929836.7005,5605092.4476,548200.0,0.0,0.0,0.0,Null,2019/2020,QUEEN STREET WEST,MARKET STREET NORTH,Minor Crash,No,2019,East,0.0,0.0,Flat,0.0,,0.0,0.0,Bright sun,1491300.0,1.0,0.0,0.0,2.0,0.0,0.0,,Hawke's Bay Region,Nil,2-way,Sealed,0.0,0.0,0.0,50.0,0.0,Off,2.0,0.0,,30.0,Hastings District,Traffic Signals,0.0,1.0,0.0,0.0,0.0,0.0,Urban,0.0,0.0,0.0,Fine
460711,1935962.0,5610718.0,545730.0,0.0,0.0,2.0,South,2009/2010,SH 2 MAIN,MILL ROAD,Minor Crash,Yes,2010,South,0.0,,Flat,,,,,Overcast,1404700.0,3.0,0.0,0.0,2.0,0.0,,,Hawke's Bay Region,Nil,2-way,Sealed,0.0,0.0,,70.0,,Null,0.0,0.0,,30.0,Hastings District,Nil,,,,,0.0,0.0,Urban,0.0,,,Light rain
98954,1911636.0,5585498.0,545851.0,0.0,0.0,0.0,South,2003/2004,SH 2,BOUNDARY ROAD,Serious Crash,Yes,2004,South,0.0,,Hill Road,,,,,Twilight,1464900.0,0.0,0.0,0.0,2.0,0.0,,,Hawke's Bay Region,Nil,2-way,Sealed,0.0,1.0,,100.0,,None,0.0,0.0,,30.0,Hastings District,Nil,,,,,3.0,0.0,Open,0.0,,,Light rain
432414,1930161.0,5604861.0,548200.0,0.0,0.0,2.0,Null,2013/2014,AVENUE ROAD EAST,WARREN ST NORTH,Non-Injury Crash,No,2014,West,0.0,,Flat,,,,,Bright sun,1493400.0,0.0,0.0,0.0,2.0,0.0,,,Hawke's Bay Region,Nil,2-way,Sealed,0.0,0.0,,50.0,,Null,0.0,0.0,,30.0,Hastings District,Give way,,,,,0.0,0.0,Urban,0.0,,,Fine
148966,1930473.0,5607553.0,545721.0,0.0,0.0,1.0,Null,2004/2005,PAKOWHAI ROAD,EVENDEN ROAD,Non-Injury Crash,No,2005,South,0.0,0.0,Flat,0.0,,0.0,0.0,Dark,1471401.0,0.0,0.0,0.0,2.0,0.0,0.0,,Hawke's Bay Region,Nil,2-way,Sealed,0.0,0.0,0.0,70.0,0.0,On,0.0,0.0,,30.0,Hastings District,Give way,0.0,0.0,0.0,0.0,0.0,0.0,Urban,0.0,0.0,0.0,Fine
387282,1929464.0,5605185.0,548200.0,0.0,0.0,2.0,Null,2003/2004,EASTBOURNE ST WEST,NELSON ST SOUTH,Non-Injury Crash,No,2004,West,0.0,,Flat,,,,,Bright sun,1488900.0,0.0,0.0,0.0,2.0,0.0,,,Hawke's Bay Region,Nil,2-way,Sealed,0.0,0.0,,50.0,,Null,0.0,0.0,,30.0,Hastings District,Give way,,,,,0.0,0.0,Urban,0.0,,,Fine
700412,1924985.0,5601781.0,545852.0,0.0,0.0,2.0,South,2001/2002,SH 50A,LONGLANDS ROAD WEST,Non-Injury Crash,Yes,2001,South,0.0,1.0,Flat,0.0,,0.0,0.0,Overcast,1469600.0,0.0,0.0,0.0,2.0,0.0,0.0,,Hawke's Bay Region,Nil,2-way,Sealed,0.0,0.0,0.0,100.0,0.0,Null,0.0,0.0,,30.0,Hastings District,Nil,0.0,0.0,0.0,1.0,0.0,0.0,Open,0.0,0.0,0.0,Fine
79765,1926225.0,5606280.0,545761.0,0.0,0.0,1.0,Null,2008/2009,SH 50A,FLAXMERE AVENUE,Non-Injury Crash,Yes,2008,South,0.0,0.0,Flat,0.0,,0.0,0.0,Overcast,1469905.0,0.0,0.0,0.0,2.0,0.0,0.0,,Hawke's Bay Region,Nil,2-way,Sealed,0.0,0.0,0.0,50.0,0.0,Null,0.0,0.0,,30.0,Hastings District,Give way,1.0,0.0,0.0,0.0,0.0,0.0,Urban,1.0,0.0,0.0,Heavy rain
113290,1929033.0,5605954.0,547700.0,0.0,0.0,2.0,West,2007/2008,HERETAUNGA ST WEST,GALLIEN ST,Minor Crash,No,2007,East,0.0,0.0,Flat,0.0,,0.0,0.0,Overcast,1487400.0,1.0,0.0,0.0,2.0,0.0,2.0,,Hawke's Bay Region,Nil,2-way,Sealed,0.0,0.0,0.0,50.0,0.0,Null,1.0,0.0,,30.0,Hastings District,Nil,0.0,0.0,0.0,0.0,0.0,0.0,Urban,0.0,0.0,0.0,Fine
710583,1921187.0,5621832.0,545821.0,0.0,0.0,1.0,North,2012/2013,APLEY ROAD,DARTMOOR ROAD,Non-Injury Crash,No,2013,South,0.0,1.0,Hill Road,0.0,,0.0,0.0,Overcast,1411100.0,0.0,0.0,0.0,2.0,0.0,0.0,,Hawke's Bay Region,Nil,2-way,Sealed,0.0,0.0,0.0,100.0,0.0,Null,0.0,0.0,,30.0,Hastings District,Nil,0.0,0.0,0.0,0.0,0.0,0.0,Open,0.0,0.0,0.0,Fine
435153,1933355.0,5602253.0,548831.0,0.0,0.0,2.0,North,2015/2016,BROOKVALE ROAD,ST HILL LANE,Non-Injury Crash,No,2015,South,0.0,,Flat,,,,,Dark,1509200.0,0.0,0.0,0.0,2.0,0.0,,,Hawke's Bay Region,Nil,2-way,Sealed,0.0,0.0,,50.0,,On,0.0,0.0,,30.0,Hastings District,Nil,,,,,0.0,0.0,Urban,0.0,,,Fine
188876,1924518.0,5603920.0,545842.0,0.0,0.0,1.0,North,2013/2014,STOCK ROAD,MARAEKAKAHO ROAD,Non-Injury Crash,No,2013,South,0.0,1.0,Flat,0.0,Christmas New Year,0.0,0.0,Overcast,1470214.0,0.0,0.0,0.0,2.0,0.0,0.0,,Hawke's Bay Region,Nil,2-way,Sealed,0.0,0.0,0.0,100.0,0.0,Null,0.0,0.0,,30.0,Hastings District,Nil,0.0,0.0,0.0,0.0,0.0,0.0,Open,0.0,0.0,0.0,Fine