OBJECTID,X,Y,areaUnitID,bicycle,bus,carStationWagon,crashDirectionDescription,crashFinancialYear,crashLocation1,crashLocation2,crashSeverity,crashSHDescription,crashYear,directionRoleDescription,fatalCount,fence,flatHill,guardRail,holiday,houseOrBuilding,kerb,light,meshblockId,minorInjuryCount,moped,motorcycle,NumberOfLanes,otherVehicleType,parkedVehicle,pedestrian,region,roadCharacter,roadLane,roadSurface,schoolBus,seriousInjuryCount,slipOrFlood,speedLimit,strayAnimal,streetLight,suv,taxi,temporarySpeedLimit,tlaId,tlaName,trafficControl,trafficIsland,trafficSign,train,tree,truck,unknownVehicleType,urban,vanOrUtility,vehicle,waterRiver,weatherA
478539,1929543.2566,5604217.6716,548300.0,0.0,0.0,1.0,South,2018/2019,HASTINGS STREET SOUTH,FRENCH STREET,Non-Injury Crash,No,2019,North,0.0,,Flat,,,,,Overcast,1503100.0,0.0,0.0,0.0,2.0,0.0,,,Hawke's Bay Region,Nil,2-way,Sealed,0.0,0.0,,50.0,,Off,0.0,0.0,,30.0,Hastings District,Nil,,,,,0.0,1.0,Urban,0.0,,,Fine
254582,1921496.8923,5641862.5732,545811.0,0.0,0.0,1.0,South,2019/2020,005-0233,GLENGARRY STN ENT,Serious Crash,Yes,2019,South,0.0,1.0,Hill Road,1.0,,0.0,0.0,Overcast,1414600.0,1.0,0.0,0.0,2.0,0.0,0.0,,Hawke's Bay Region,Nil,2-way,Sealed,0.0,1.0,0.0,100.0,0.0,None,0.0,0.0,,30.0,Hastings District,Unknown,0.0,0.0,0.0,0.0,0.0,0.0,Open,0.0,0.0,0.0,Fine
201828,1927952.0,5607681.0,545710.0,0.0,0.0,1.0,East,2016/2017,SH 50A,OMAHU ROAD,Minor Crash,Yes,2016,East,0.0,,Flat,,,,,Overcast,1471201.0,1.0,0.0,0.0,2.0,0.0,,,Hawke's Bay Region,Nil,2-way,Sealed,0.0,0.0,,100.0,,Null,0.0,0.0,,30.0,Hastings District,Unknown,,,,,0.0,0.0,Open,1.0,,,Fine
128380,1936104.0,5611590.0,545832.0,0.0,0.0,0.0,West,2002/2003,FARNDON ROAD,SH 2,Serious Crash,No,2003,North,0.0,,Flat,,,,,Bright sun,1404300.0,0.0,0.0,0.0,2.0,0.0,,1.0,Hawke's Bay Region,Nil,2-way,Sealed,0.0,1.0,,50.0,,Null,0.0,0.0,,30.0,Hastings District,Nil,,,,,0.0,0.0,Urban,1.0,,,Fine
570587,1928909.0,5606185.0,547700.0,0.0,0.0,0.0,East,2003/2004,Z CPK BURGER KING,HERETAUNGA / STORTFORD,Serious Crash,No,2004,North,0.0,0.0,Flat,0.0,,0.0,0.0,Dark,1486000.0,0.0,0.0,0.0,0.0,0.0,0.0,,Hawke's Bay Region,Nil,Off road,Sealed,0.0,1.0,0.0,30.0,0.0,On,0.0,0.0,,30.0,Hastings District,Nil,0.0,0.0,0.0,0.0,0.0,0.0,Urban,1.0,0.0,0.0,Fine
372808,1929560.0,5605258.0,548200.0,0.0,0.0,2.0,Null,2009/2010,HERETAUNGA ST WEST,NELSON ST NORTH,Minor Crash,No,2010,South,0.0,,Flat,,,,,Dark,1490100.0,1.0,0.0,0.0,2.0,0.0,,,Hawke's Bay Region,Nil,2-way,Sealed,0.0,0.0,,50.0,,On,0.0,0.0,,30.0,Hastings District,Traffic Signals,,,,,0.0,0.0,Urban,0.0,,,Heavy rain
350832,1931072.0,5613748.0,545831.0,0.0,0.0,2.0,South,2017/2018,PAKOWHAI ROAD,PAKOWHAI ON NBD,Non-Injury Crash,No,2017,South,0.0,,Flat,,,,,Bright sun,1404600.0,0.0,0.0,0.0,4.0,0.0,,,Hawke's Bay Region,Nil,2-way,Sealed,0.0,0.0,,100.0,,Null,0.0,0.0,,30.0,Hastings District,Unknown,,,,,0.0,0.0,Open,0.0,,,Fine
71078,1933380.0,5612163.0,545832.0,0.0,0.0,0.0,West,2012/2013,BROOKFIELDS ROAD,SISSONS ROAD,Non-Injury Crash,No,2012,North,0.0,,Flat,,,,,Bright sun,1404000.0,0.0,0.0,0.0,2.0,0.0,,,Hawke's Bay Region,Nil,2-way,Sealed,0.0,0.0,,100.0,,Null,0.0,0.0,,30.0,Hastings District,Nil,,,,,1.0,0.0,Open,0.0,,,Fine
35387,1938260.0,5608259.0,545740.0,0.0,0.0,2.0,Null,2002/2003,HAUMOANA ROAD,PARKHILL ROAD,Non-Injury Crash,No,2002,East,0.0,,Flat,,,,,Bright sun,1407300.0,0.0,0.0,0.0,2.0,0.0,,,Hawke's Bay Region,Nil,2-way,Sealed,0.0,0.0,,100.0,,Null,0.0,0.0,,30.0,Hastings District,Give way,,,,,0.0,0.0,Open,0.0,,,Fine
439734,1933466.0,5606656.0,545721.0,0.0,0.0,0.0,Null,2004/2005,SH 2,WATSON ROAD,Minor Crash,Yes,2005,East,0.0,,Flat,,,,,Bright sun,1472200.0,1.0,0.0,0.0,2.0,0.0,,,Hawke's Bay Region,Nil,2-way,Sealed,0.0,0.0,,100.0,,Null,0.0,0.0,,30.0,Hastings District,Stop,,,,,0.0,0.0,Open,2.0,,,Fine
558010,1926108.0,5613246.0,545822.0,3.0,0.0,0.0,West,2005/2006,SH 50,WHEATLEY ROAD,Non-Injury Crash,Yes,2006,South,0.0,,Flat,,,,,Bright sun,1408800.0,0.0,0.0,0.0,2.0,0.0,,,Hawke's Bay Region,Nil,2-way,Sealed,0.0,0.0,,100.0,,Null,0.0,0.0,,30.0,Hastings District,Nil,,,,,1.0,0.0,Open,0.0,,,Fine
433788,1932527.0,5610188.0,545832.0,0.0,0.0,2.0,North,2005/2006,PAKOWHAI ROAD,GILBERTSON ROAD,Minor Crash,No,2005,South,0.0,0.0,Flat,0.0,,0.0,0.0,Overcast,1404100.0,1.0,0.0,0.0,2.0,0.0,0.0,,Hawke's Bay Region,Nil,2-way,Sealed,0.0,0.0,0.0,100.0,0.0,Null,0.0,0.0,,30.0,Hastings District,Nil,0.0,0.0,0.0,0.0,0.0,0.0,Open,0.0,0.0,0.0,Fine
199812,1918773.0,5606839.0,545841.0,0.0,0.0,2.0,South,2009/2010,SH 50,NGATARAWA ROAD,Minor Crash,Yes,2010,North,0.0,,Flat,,,,,Overcast,1462901.0,1.0,0.0,0.0,2.0,0.0,,,Hawke's Bay Region,Nil,2-way,Sealed,0.0,0.0,,100.0,,Null,0.0,0.0,,30.0,Hastings District,Nil,,,,,1.0,0.0,Open,0.0,,,Light rain
310897,1923935.0,5607684.0,548611.0,0.0,0.0,0.0,Null,2005/2006,Z KINGSLEA PARK,KINGSLEY DRIVE,Minor Crash,No,2005,North,0.0,1.0,Flat,0.0,,0.0,0.0,Overcast,1470315.0,1.0,0.0,1.0,0.0,0.0,0.0,,Hawke's Bay Region,Nil,Off road,Sealed,0.0,0.0,0.0,50.0,0.0,Null,0.0,0.0,,30.0,Hastings District,Nil,0.0,0.0,0.0,0.0,0.0,0.0,Urban,0.0,0.0,0.0,Fine
172713,1928810.0,5606247.0,547700.0,0.0,0.0,2.0,East,2007/2008,HERETAUNGA ST WEST,MARAEKAKAHO ROAD,Non-Injury Crash,No,2007,West,0.0,,Flat,,,,,Overcast,1486600.0,0.0,0.0,0.0,2.0,0.0,,,Hawke's Bay Region,Nil,2-way,Sealed,0.0,0.0,,50.0,,Null,0.0,0.0,,30.0,Hastings District,Nil,,,,,0.0,0.0,Urban,0.0,,,Fine
530823,1929161.0,5603608.0,548300.0,0.0,0.0,1.0,East,2010/2011,MURDOCH ROAD EAST,MONA ST,Non-Injury Crash,No,2011,East,0.0,1.0,Flat,0.0,,0.0,0.0,Overcast,1503800.0,0.0,0.0,0.0,2.0,0.0,0.0,,Hawke's Bay Region,Nil,2-way,Sealed,0.0,0.0,0.0,50.0,0.0,Null,0.0,0.0,,30.0,Hastings District,Nil,0.0,0.0,0.0,0.0,0.0,0.0,Urban,0.0,0.0,0.0,Light rain
512122,1924718.0,5597754.0,545851.0,0.0,0.0,2.0,South,2001/2002,SH 2,OLD MAIN ROAD,Non-Injury Crash,Yes,2002,South,0.0,,Hill Road,,,,,Overcast,1463900.0,0.0,0.0,0.0,2.0,0.0,,,Hawke's Bay Region,Nil,2-way,Sealed,0.0,0.0,,100.0,,Null,0.0,0.0,,30.0,Hastings District,Nil,,,,,1.0,0.0,Open,0.0,,,Fine
404305,1932144.0,5607426.0,545721.0,0.0,0.0,2.0,South,2015/2016,OTENE ROAD,BENNETT ROAD,Non-Injury Crash,No,2015,North,0.0,,Flat,,,,,Dark,1471700.0,0.0,0.0,0.0,2.0,0.0,,,Hawke's Bay Region,Nil,2-way,Sealed,0.0,0.0,,80.0,,None,1.0,0.0,,30.0,Hastings District,Unknown,,,,,0.0,0.0,Open,0.0,,,Fine
111659,1932606.0,5606198.0,545721.0,0.0,0.0,1.0,Null,2006/2007,ST GEORGES ROAD,SH 2,Non-Injury Crash,Yes,2007,South,0.0,1.0,Flat,1.0,,0.0,0.0,Dark,1472300.0,0.0,0.0,0.0,2.0,0.0,0.0,,Hawke's Bay Region,Nil,2-way,Sealed,0.0,0.0,0.0,70.0,0.0,On,0.0,0.0,,30.0,Hastings District,Give way,0.0,0.0,0.0,0.0,0.0,0.0,Urban,0.0,0.0,0.0,Heavy rain
242055,1936248.0,5611919.0,545832.0,0.0,0.0,0.0,North,2012/2013,SH 2,HELLYERS LANE,Non-Injury Crash,Yes,2012,North,0.0,,Flat,,,,,Overcast,1404200.0,0.0,0.0,0.0,3.0,0.0,,,Hawke's Bay Region,Nil,2-way,Sealed,0.0,0.0,,100.0,,Null,0.0,0.0,,30.0,Hastings District,Nil,,,,,0.0,0.0,Open,1.0,,,Light rain
219410,1931411.0,5614868.0,545831.0,0.0,0.0,1.0,Null,2016/2017,SH 50,TUTAEKURI BR S,Minor Crash,Yes,2017,South,0.0,0.0,Flat,0.0,,0.0,0.0,Dark,1404600.0,2.0,0.0,0.0,2.0,0.0,0.0,,Hawke's Bay Region,Bridge,2-way,Sealed,0.0,0.0,0.0,100.0,0.0,On,0.0,0.0,,30.0,Hastings District,Unknown,0.0,0.0,0.0,0.0,0.0,0.0,Open,0.0,0.0,0.0,Fine
30358,1929565.0,5600683.0,545762.0,0.0,0.0,1.0,West,2011/2012,TE AUTE ROAD,ST GEORGES ROAD,Non-Injury Crash,No,2011,East,0.0,1.0,Flat,0.0,,0.0,0.0,Overcast,1465300.0,0.0,0.0,0.0,2.0,0.0,0.0,,Hawke's Bay Region,Nil,2-way,Sealed,0.0,0.0,0.0,100.0,0.0,Null,0.0,0.0,,30.0,Hastings District,Nil,0.0,0.0,0.0,1.0,0.0,0.0,Open,0.0,0.0,0.0,Fine
391744,1918568.0,5652969.0,545912.0,0.0,0.0,1.0,North,1999/2000,SH 5,TE POHUE LOOP ROAD N,Non-Injury Crash,Yes,2000,South,0.0,0.0,Hill Road,0.0,,0.0,0.0,Overcast,1414504.0,0.0,0.0,0.0,2.0,0.0,0.0,,Hawke's Bay Region,Nil,2-way,Sealed,0.0,0.0,0.0,100.0,0.0,Null,0.0,0.0,,30.0,Hastings District,Nil,0.0,0.0,0.0,0.0,0.0,0.0,Open,0.0,0.0,0.0,Light rain
664872,1931466.0,5614988.0,545831.0,0.0,0.0,1.0,South,2016/2017,SH 50,TUTAEKURI BR,Non-Injury Crash,Yes,2016,South,0.0,0.0,Flat,0.0,,0.0,0.0,Bright sun,1404600.0,0.0,0.0,0.0,2.0,0.0,0.0,,Hawke's Bay Region,Bridge,2-way,Sealed,0.0,0.0,0.0,100.0,0.0,Null,0.0,0.0,,30.0,Hastings District,Unknown,0.0,0.0,0.0,0.0,0.0,0.0,Open,0.0,0.0,0.0,Fine
72184,1918757.0,5647236.0,545811.0,0.0,0.0,2.0,North,2007/2008,SH 5,OLD TAUPO COACH ROAD,Non-Injury Crash,Yes,2008,South,0.0,,Hill Road,,,,,Overcast,1414600.0,0.0,0.0,0.0,2.0,0.0,,,Hawke's Bay Region,Nil,2-way,Sealed,0.0,0.0,,100.0,,Null,0.0,0.0,,30.0,Hastings District,Nil,,,,,0.0,0.0,Open,0.0,,,Fine
281650,1929514.0,5606831.0,545710.0,0.0,0.0,1.0,Null,2018/2019,PAKOWHAI ROAD,LYNDHURST ROAD,Minor Crash,No,2018,East,0.0,,Flat,,,,,Overcast,1471300.0,1.0,0.0,1.0,2.0,0.0,,,Hawke's Bay Region,Nil,2-way,Sealed,0.0,0.0,,50.0,,Null,0.0,0.0,,30.0,Hastings District,Give way,,,,,0.0,0.0,Urban,0.0,,,Fine
281929,1930073.0,5605180.0,548200.0,0.0,0.0,2.0,Null,2017/2018,ST AUBYN ST EAST,RUSSELL ST NORTH,Minor Crash,No,2017,South,0.0,,Flat,,,,,Overcast,1492300.0,1.0,0.0,0.0,2.0,0.0,,,Hawke's Bay Region,Nil,2-way,Sealed,0.0,0.0,,50.0,,Null,0.0,0.0,,30.0,Hastings District,Traffic Signals,,,,,0.0,0.0,Urban,0.0,,,Fine
544532,1930224.0,5607880.0,545710.0,0.0,0.0,3.0,North,2017/2018,EVENDEN ROAD,PAKOWHAI ROAD,Non-Injury Crash,No,2018,South,0.0,,Flat,,,,,Dark,1471300.0,0.0,0.0,0.0,2.0,0.0,,,Hawke's Bay Region,Nil,2-way,Sealed,0.0,0.0,,80.0,,On,0.0,0.0,,30.0,Hastings District,Unknown,,,,,0.0,0.0,Open,0.0,,,Fine
61980,1916092.0,5591015.0,545851.0,0.0,0.0,2.0,North,2014/2015,SH 2,COLIN WHITE ROAD,Non-Injury Crash,Yes,2014,North,0.0,1.0,Flat,0.0,,0.0,0.0,Bright sun,1464300.0,0.0,0.0,0.0,2.0,0.0,0.0,,Hawke's Bay Region,Nil,2-way,Sealed,0.0,0.0,0.0,100.0,0.0,Null,0.0,0.0,,30.0,Hastings District,Nil,0.0,0.0,0.0,0.0,0.0,0.0,Open,0.0,0.0,0.0,Fine
258523,1931174.0,5600062.0,548822.0,0.0,0.0,0.0,Null,2016/2017,MIDDLE ROAD,IONA ROAD,Minor Crash,No,2017,South,0.0,0.0,Flat,0.0,,0.0,0.0,Dark,1465601.0,1.0,0.0,0.0,2.0,0.0,0.0,,Hawke's Bay Region,Nil,2-way,Sealed,0.0,0.0,0.0,100.0,0.0,On,0.0,0.0,,30.0,Hastings District,Give way,0.0,0.0,0.0,0.0,0.0,0.0,Open,1.0,0.0,0.0,Light rain
296214,1930795.0,5604810.0,548100.0,0.0,0.0,1.0,Null,2011/2012,ALBERT ST,WILLOWPARK ROAD NORTH,Minor Crash,No,2012,North,0.0,,Flat,,,,,Bright sun,1499700.0,6.0,0.0,0.0,2.0,0.0,,,Hawke's Bay Region,Nil,2-way,Sealed,0.0,0.0,,50.0,,Null,0.0,0.0,,30.0,Hastings District,Give way,,,,,0.0,0.0,Urban,1.0,,,Fine
683922,1925903.0,5606720.0,548620.0,0.0,0.0,1.0,South,2008/2009,DOVER ROAD,FOLKESTONE DRIVE,Non-Injury Crash,No,2009,South,0.0,,Flat,,,,,Overcast,1476300.0,0.0,0.0,0.0,2.0,0.0,,,Hawke's Bay Region,Nil,2-way,Sealed,0.0,0.0,,50.0,,Null,0.0,0.0,,30.0,Hastings District,Nil,,,,,0.0,0.0,Urban,0.0,,,Fine
497065,1931034.8397,5605561.2485,548000.0,0.0,0.0,2.0,Null,2019/2020,KARAMU ROAD NORTH,GROVE ROAD,Non-Injury Crash,No,2019,West,0.0,,Flat,,,,,Dark,1497500.0,0.0,0.0,0.0,2.0,0.0,,,Hawke's Bay Region,Nil,2-way,Sealed,0.0,0.0,,50.0,,On,0.0,0.0,,30.0,Hastings District,Traffic Signals,,,,,0.0,0.0,Urban,0.0,,,Fine
152120,1908309.0,5621009.0,545821.0,0.0,0.0,1.0,West,2001/2002,TAIHAPE ROAD,FLAG RANGE ROAD,Non-Injury Crash,No,2002,East,0.0,1.0,Hill Road,0.0,,0.0,0.0,Bright sun,1410200.0,0.0,0.0,0.0,2.0,0.0,0.0,,Hawke's Bay Region,Nil,2-way,Sealed,0.0,0.0,0.0,100.0,0.0,Null,0.0,0.0,,30.0,Hastings District,Nil,0.0,0.0,0.0,0.0,0.0,0.0,Open,1.0,0.0,0.0,Fine
247026,1928505.0,5606546.0,547800.0,0.0,0.0,1.0,West,2008/2009,OMAHU ROAD,HAPUKA ST,Minor Crash,No,2008,East,0.0,,Flat,,,,,Bright sun,1477400.0,1.0,1.0,0.0,2.0,0.0,,,Hawke's Bay Region,Nil,2-way,Sealed,0.0,0.0,,50.0,,Null,0.0,0.0,,30.0,Hastings District,Nil,,,,,0.0,0.0,Urban,0.0,,,Fine
429679,1929497.0,5605007.0,548200.0,0.0,0.0,2.0,East,2004/2005,KING ST SOUTH,LYNDON ROAD WEST,Non-Injury Crash,No,2005,South,0.0,,Flat,,Queens Birthday,,,Bright sun,1489600.0,0.0,0.0,0.0,2.0,0.0,,,Hawke's Bay Region,Nil,2-way,Sealed,0.0,0.0,,50.0,,Null,0.0,0.0,,30.0,Hastings District,Nil,,,,,0.0,0.0,Urban,0.0,,,Fine
78938,1930935.0,5613540.0,545831.0,0.0,0.0,2.0,Null,2003/2004,SH 50A,LINKS ROAD,Minor Crash,Yes,2004,North,0.0,,Flat,,,,,Overcast,1404600.0,1.0,0.0,0.0,2.0,0.0,,,Hawke's Bay Region,Nil,2-way,Sealed,0.0,0.0,,100.0,,Null,0.0,0.0,,30.0,Hastings District,Give way,,,,,0.0,0.0,Open,0.0,,,Fine
167684,1928500.1627,5606040.0137,548500.0,0.0,0.0,2.0,Null,2020/2021,MARAEKAKAHO ROAD,ORCHARD ROAD,Non-Injury Crash,No,2020,North,0.0,,Flat,,,,,Dark,1479600.0,0.0,0.0,0.0,2.0,0.0,,,Hawke's Bay Region,Nil,2-way,Sealed,0.0,0.0,,50.0,,On,0.0,0.0,,30.0,Hastings District,Traffic Signals,,,,,0.0,0.0,Urban,0.0,,,Fine
342193,1928113.0,5606927.0,547800.0,0.0,0.0,1.0,Null,2008/2009,OMAHU ROAD,NOTTINGLEY ROAD,Minor Crash,No,2008,East,0.0,,Flat,,,,,Overcast,1476700.0,1.0,0.0,1.0,2.0,0.0,,,Hawke's Bay Region,Nil,2-way,Sealed,0.0,0.0,,50.0,,Null,0.0,0.0,,30.0,Hastings District,Give way,,,,,0.0,0.0,Urban,0.0,,,Fine
323643,1934161.0,5606308.0,545722.0,0.0,0.0,1.0,Null,2006/2007,NAPIER ROAD,LAWN ROAD,Minor Crash,No,2007,South,0.0,,Flat,,,,,Dark,1406701.0,2.0,0.0,0.0,3.0,0.0,,,Hawke's Bay Region,Nil,2-way,Sealed,0.0,0.0,,100.0,,On,0.0,0.0,,30.0,Hastings District,Give way,,,,,0.0,0.0,Open,1.0,,,Fine
565358,1934544.0,5633035.0,545812.0,0.0,0.0,2.0,South,2004/2005,SH 2,NORTH SHORE ROAD,Non-Injury Crash,Yes,2004,North,0.0,0.0,Flat,1.0,,0.0,0.0,Dark,1414905.0,0.0,0.0,0.0,2.0,0.0,0.0,,Hawke's Bay Region,Nil,2-way,Sealed,0.0,0.0,0.0,100.0,0.0,None,0.0,0.0,,30.0,Hastings District,Nil,0.0,0.0,0.0,0.0,0.0,0.0,Open,0.0,0.0,0.0,Fine
124672,1910125.0727,5604698.1585,545841.0,0.0,0.0,1.0,West,2019/2020,SH 50,WHAKAPIRAU ROAD,Non-Injury Crash,Yes,2020,North,0.0,1.0,Flat,0.0,,0.0,0.0,Bright sun,1462401.0,0.0,0.0,0.0,2.0,0.0,0.0,,Hawke's Bay Region,Nil,2-way,Sealed,0.0,0.0,0.0,100.0,0.0,None,0.0,0.0,70.0,30.0,Hastings District,Unknown,0.0,0.0,0.0,1.0,0.0,0.0,Open,0.0,0.0,0.0,Fine
72336,1927531.0,5607182.0,548500.0,0.0,0.0,0.0,North,2009/2010,ORCHARD ROAD,TAKAPU ROAD,Minor Crash,No,2009,East,0.0,,Flat,,,,,Dark,1477900.0,1.0,0.0,1.0,2.0,0.0,,,Hawke's Bay Region,Nil,2-way,Sealed,0.0,0.0,,50.0,,On,0.0,0.0,,30.0,Hastings District,Nil,,,,,0.0,0.0,Urban,0.0,,,Fine
464686,1931872.0,5604870.0,548000.0,0.0,0.0,2.0,Null,2006/2007,CUNNINGHAM CRESCENT,JELLICOE ST,Minor Crash,No,2007,South,0.0,1.0,Flat,0.0,,0.0,0.0,Dark,1498200.0,1.0,0.0,0.0,2.0,0.0,1.0,,Hawke's Bay Region,Nil,2-way,Sealed,0.0,0.0,0.0,50.0,0.0,On,0.0,0.0,,30.0,Hastings District,Give way,0.0,0.0,0.0,0.0,0.0,0.0,Urban,0.0,0.0,0.0,Fine
47517,1931692.0,5603795.0,548100.0,0.0,0.0,1.0,West,2009/2010,OMEGA PLACE,KATHLEEN ST,Non-Injury Crash,No,2009,West,0.0,,Flat,,,,,Bright sun,1472803.0,0.0,0.0,0.0,2.0,0.0,,,Hawke's Bay Region,Nil,2-way,Sealed,0.0,0.0,,50.0,,Null,0.0,0.0,,30.0,Hastings District,Nil,,,,,0.0,0.0,Urban,1.0,,,Fine
267277,1928503.0,5606043.0,548500.0,0.0,0.0,2.0,Null,2004/2005,ORCHARD ROAD,MARAEKAKAHO ROAD,Non-Injury Crash,No,2005,East,0.0,,Flat,,,,,Overcast,1479600.0,0.0,0.0,0.0,4.0,0.0,,,Hawke's Bay Region,Nil,2-way,Sealed,0.0,0.0,,50.0,,Null,0.0,0.0,,30.0,Hastings District,Traffic Signals,,,,,0.0,0.0,Urban,0.0,,,Fine
718274,1929631.0,5604761.0,548200.0,0.0,0.0,2.0,Null,2016/2017,LYNDON ROAD WEST,RAILWAY ROAD,Non-Injury Crash,No,2017,North,0.0,,Flat,,,,,Bright sun,1489802.0,0.0,0.0,0.0,2.0,0.0,,,Hawke's Bay Region,Nil,2-way,Sealed,0.0,0.0,,50.0,,Null,0.0,0.0,,30.0,Hastings District,Stop,,,,,0.0,0.0,Urban,0.0,,,Fine
384309,1928886.0,5606148.0,547700.0,0.0,0.0,2.0,South,2014/2015,HERETAUNGA ST WEST,STORTFORD ST,Non-Injury Crash,No,2015,North,0.0,,Flat,,,,,Dark,1486700.0,0.0,0.0,0.0,2.0,0.0,,,Hawke's Bay Region,Nil,2-way,Sealed,0.0,0.0,,50.0,,On,0.0,0.0,,30.0,Hastings District,Give way,,,,,0.0,0.0,Urban,0.0,,,Fine
237876,1927621.0056,5607384.0139999995,548500.0,0.0,0.0,2.0,Null,2020/2021,OMAHU ROAD,HAWKES BAY EXPRESSWAY,Non-Injury Crash,No,2020,North,0.0,,Flat,,,,,Overcast,1477900.0,0.0,0.0,0.0,2.0,0.0,,,Hawke's Bay Region,Nil,1-way,Sealed,0.0,0.0,,100.0,,Off,0.0,0.0,,30.0,Hastings District,Give way,,,,,0.0,0.0,Open,0.0,,,Fine
314583,1932997.0,5601844.0,548831.0,0.0,0.0,2.0,Null,2006/2007,TE MATA ROAD,KARANEMA DRIVE,Non-Injury Crash,No,2007,West,0.0,,Flat,,,,,Bright sun,1509700.0,0.0,0.0,0.0,2.0,0.0,,,Hawke's Bay Region,Nil,2-way,Sealed,0.0,0.0,,50.0,,Null,0.0,0.0,,30.0,Hastings District,Give way,,,,,0.0,0.0,Urban,0.0,,,Fine
233443,1929136.2280000001,5600841.1167,545762.0,0.0,0.0,1.0,East,2020/2021,TE AUTE ROAD,LONGLANDS ROAD EAST,Non-Injury Crash,No,2020,West,0.0,1.0,Flat,0.0,,0.0,0.0,Dark,1465300.0,0.0,0.0,0.0,2.0,0.0,0.0,,Hawke's Bay Region,Nil,2-way,Sealed,0.0,0.0,0.0,100.0,0.0,None,0.0,0.0,,30.0,Hastings District,Nil,0.0,0.0,0.0,1.0,0.0,0.0,Open,0.0,0.0,0.0,Light rain
378056,1929811.0,5605447.0,548200.0,0.0,0.0,1.0,South,2004/2005,NELSON ST NORTH,ST AUBYN ST WEST,Non-Injury Crash,No,2004,North,0.0,,Flat,,,,,Overcast,1490300.0,0.0,0.0,0.0,2.0,0.0,,,Hawke's Bay Region,Nil,2-way,Sealed,0.0,0.0,,50.0,,Null,0.0,0.0,,30.0,Hastings District,Nil,,,,,0.0,0.0,Urban,1.0,,,Fine
555080,1931643.0,5604616.0,548000.0,0.0,0.0,1.0,Null,2012/2013,GROVE ROAD,SUSSEX ST N,Non-Injury Crash,No,2013,South,0.0,,Flat,,,,,Bright sun,1498900.0,0.0,0.0,0.0,2.0,0.0,,,Hawke's Bay Region,Nil,2-way,Sealed,0.0,0.0,,50.0,,Null,0.0,0.0,,30.0,Hastings District,Give way,,,,,0.0,0.0,Urban,1.0,,,Fine
606240,1930801.0,5603704.0,548100.0,0.0,0.0,2.0,North,2004/2005,HERETAUNGA ST EAST,WINDSOR AVENUE,Non-Injury Crash,No,2004,North,0.0,,Flat,,,,,Bright sun,1500300.0,0.0,0.0,0.0,2.0,0.0,,,Hawke's Bay Region,Nil,2-way,Sealed,0.0,0.0,,50.0,,Null,0.0,0.0,,30.0,Hastings District,Nil,,,,,0.0,0.0,Urban,0.0,,,Fine
651618,1932464.0,5601520.0,548810.0,0.0,0.0,1.0,South,2007/2008,MIDDLE ROAD,PORTER DRIVE,Minor Crash,No,2007,North,0.0,,Flat,,,,,Dark,1505700.0,1.0,0.0,0.0,2.0,0.0,,1.0,Hawke's Bay Region,Nil,2-way,Sealed,0.0,0.0,,50.0,,On,0.0,0.0,,30.0,Hastings District,Nil,,,,,0.0,0.0,Urban,0.0,,,Fine
220584,1931895.0,5602537.0,545721.0,0.0,0.0,0.0,South,2016/2017,HAVELOCK ROAD,ST ANDREWS ROAD,Non-Injury Crash,No,2016,South,0.0,,Flat,,,,,Bright sun,1473000.0,0.0,0.0,0.0,2.0,0.0,,,Hawke's Bay Region,Nil,2-way,Sealed,0.0,0.0,,50.0,,Null,0.0,0.0,,30.0,Hastings District,Unknown,,,,,1.0,0.0,Urban,1.0,,,Fine
238720,1934804.0,5609908.0,545832.0,0.0,0.0,2.0,Null,2008/2009,FARNDON ROAD,KOHUPATIKI ROAD S,Non-Injury Crash,No,2009,North,0.0,,Flat,,,,,Twilight,1404300.0,0.0,0.0,0.0,2.0,0.0,,,Hawke's Bay Region,Nil,2-way,Sealed,0.0,0.0,,100.0,,None,0.0,0.0,,30.0,Hastings District,Nil,,,,,0.0,0.0,Open,0.0,,,Fine
549586,1929367.0,5605111.0,548200.0,0.0,0.0,2.0,Null,2011/2012,LYNDON ROAD WEST,NELSON ST SOUTH,Non-Injury Crash,No,2011,South,0.0,,Flat,,,,,Bright sun,1489400.0,0.0,0.0,0.0,2.0,0.0,,,Hawke's Bay Region,Nil,2-way,Sealed,0.0,0.0,,50.0,,Null,0.0,0.0,,30.0,Hastings District,Give way,,,,,0.0,0.0,Urban,0.0,,,Fine
575435,1930510.0,5604594.0,548100.0,0.0,0.0,2.0,Null,2000/2001,ST AUBYN ST EAST,WILLOWPARK ROAD NORTH,Minor Crash,No,2001,South,0.0,,Flat,,,,,Overcast,1500800.0,2.0,0.0,0.0,2.0,0.0,,,Hawke's Bay Region,Nil,2-way,Sealed,0.0,0.0,,50.0,,Null,0.0,0.0,,30.0,Hastings District,Give way,,,,,0.0,0.0,Urban,0.0,,,Fine