OBJECTID,X,Y,areaUnitID,bicycle,bus,carStationWagon,crashDirectionDescription,crashFinancialYear,crashLocation1,crashLocation2,crashSeverity,crashSHDescription,crashYear,directionRoleDescription,fatalCount,fence,flatHill,guardRail,holiday,houseOrBuilding,kerb,light,meshblockId,minorInjuryCount,moped,motorcycle,NumberOfLanes,otherVehicleType,parkedVehicle,pedestrian,region,roadCharacter,roadLane,roadSurface,schoolBus,seriousInjuryCount,slipOrFlood,speedLimit,strayAnimal,streetLight,suv,taxi,temporarySpeedLimit,tlaId,tlaName,trafficControl,trafficIsland,trafficSign,train,tree,truck,unknownVehicleType,urban,vanOrUtility,vehicle,waterRiver,weatherA
51137,1929641.0,5606499.0,547600.0,0.0,0.0,1.0,Null,2003/2004,TITOKI ST,LANE ST,Minor Crash,No,2003,North,0.0,1.0,Flat,0.0,,0.0,0.0,Dark,1485400.0,1.0,0.0,0.0,2.0,0.0,0.0,,Hawke's Bay Region,Nil,2-way,Sealed,0.0,0.0,0.0,50.0,0.0,On,0.0,0.0,,30.0,Hastings District,Nil,0.0,1.0,0.0,0.0,0.0,0.0,Urban,0.0,0.0,0.0,Fine
555618,1929634.0,5605762.0,548200.0,0.0,0.0,2.0,Null,2007/2008,TOMOANA ROAD,ST AUBYN ST WEST,Minor Crash,No,2007,North,0.0,0.0,Flat,0.0,,0.0,0.0,Dark,1490300.0,1.0,0.0,0.0,2.0,0.0,1.0,,Hawke's Bay Region,Nil,2-way,Sealed,0.0,0.0,0.0,50.0,0.0,On,0.0,0.0,,30.0,Hastings District,Traffic Signals,0.0,0.0,0.0,0.0,0.0,0.0,Urban,0.0,0.0,0.0,Fine
223463,1934229.0,5600487.0,548833.0,0.0,0.0,1.0,South,2016/2017,TE MATA PEAK ROAD,GREENWOOD ROAD,Non-Injury Crash,No,2016,South,0.0,0.0,Hill Road,0.0,,0.0,0.0,Dark,1466710.0,0.0,0.0,0.0,2.0,0.0,0.0,,Hawke's Bay Region,Nil,2-way,Sealed,0.0,0.0,0.0,50.0,0.0,None,0.0,0.0,,30.0,Hastings District,Unknown,0.0,0.0,0.0,1.0,0.0,0.0,Urban,0.0,0.0,0.0,Fine
287901,1931176.0,5600876.0,545762.0,0.0,0.0,1.0,East,2018/2019,TE AUTE ROAD,GILPIN ROAD,Serious Crash,No,2018,West,0.0,,Flat,,,,,Twilight,1465200.0,0.0,0.0,0.0,2.0,0.0,,,Hawke's Bay Region,Nil,2-way,Sealed,0.0,1.0,,100.0,,On,0.0,0.0,,30.0,Hastings District,Unknown,,,,,1.0,0.0,Open,0.0,,,Light rain
597224,1919367.0,5593909.0,545851.0,0.0,0.0,0.0,North,2006/2007,SH 2,HORONUI ROAD,Non-Injury Crash,Yes,2006,North,0.0,0.0,Flat,0.0,,0.0,0.0,Bright sun,1463900.0,0.0,0.0,0.0,2.0,0.0,0.0,,Hawke's Bay Region,Nil,2-way,Sealed,0.0,0.0,0.0,100.0,0.0,Null,0.0,0.0,,30.0,Hastings District,Nil,0.0,0.0,0.0,0.0,0.0,0.0,Open,1.0,0.0,0.0,Fine
356339,1929392.2688,5603398.6655,548300.0,0.0,0.0,1.0,Null,2018/2019,MURDOCH ROAD EAST,RIVERSLEA ROAD SOUTH,Non-Injury Crash,No,2019,West,0.0,0.0,Flat,0.0,,0.0,1.0,Dark,1503800.0,0.0,0.0,0.0,2.0,0.0,0.0,,Hawke's Bay Region,Nil,2-way,Sealed,0.0,0.0,0.0,50.0,0.0,On,0.0,0.0,,30.0,Hastings District,Give way,0.0,0.0,0.0,0.0,0.0,0.0,Urban,0.0,0.0,0.0,Mist or Fog
466829,1925127.0,5598130.0,545851.0,0.0,0.0,0.0,South,2009/2010,SH 2,OLD MAIN ROAD,Non-Injury Crash,Yes,2010,South,0.0,0.0,Flat,0.0,,0.0,0.0,Dark,1463900.0,0.0,0.0,0.0,2.0,0.0,0.0,,Hawke's Bay Region,Nil,2-way,Sealed,0.0,0.0,0.0,100.0,0.0,None,1.0,0.0,,30.0,Hastings District,Nil,0.0,0.0,0.0,0.0,0.0,0.0,Open,0.0,0.0,0.0,Fine
569395,1930510.0,5604594.0,548100.0,0.0,0.0,2.0,Null,2004/2005,ST AUBYN ST EAST,WILLOWPARK ROAD NORTH,Non-Injury Crash,No,2005,North,0.0,,Flat,,,,,Bright sun,1500800.0,0.0,0.0,0.0,2.0,0.0,,,Hawke's Bay Region,Nil,2-way,Sealed,0.0,0.0,,50.0,,Null,0.0,0.0,,30.0,Hastings District,Give way,,,,,0.0,0.0,Urban,0.0,,,Fine
607173,1934727.0,5609860.0,545832.0,0.0,0.0,1.0,Null,2011/2012,FARNDON ROAD,FARNDON OBR,Non-Injury Crash,No,2012,South,0.0,1.0,Flat,0.0,,0.0,0.0,Bright sun,1404300.0,0.0,0.0,0.0,2.0,0.0,0.0,,Hawke's Bay Region,Bridge,2-way,Sealed,0.0,0.0,0.0,100.0,0.0,Null,0.0,0.0,,30.0,Hastings District,Nil,0.0,0.0,0.0,0.0,0.0,0.0,Open,0.0,0.0,0.0,Fine
700106,1935457.0,5607342.0,545722.0,0.0,0.0,1.0,North,2007/2008,LAWN ROAD,PILCHER ROAD,Non-Injury Crash,No,2008,South,0.0,0.0,Flat,0.0,,0.0,0.0,Bright sun,1406501.0,0.0,0.0,0.0,2.0,0.0,0.0,,Hawke's Bay Region,Nil,2-way,Sealed,0.0,0.0,0.0,100.0,0.0,Null,0.0,0.0,,30.0,Hastings District,Nil,0.0,0.0,0.0,0.0,0.0,0.0,Open,1.0,0.0,0.0,Fine
99002,1930401.0,5604739.0,548200.0,0.0,0.0,1.0,North,2006/2007,ST AUBYN ST EAST,MILLER ST,Non-Injury Crash,No,2006,South,0.0,1.0,Flat,0.0,,0.0,0.0,Dark,1493502.0,0.0,0.0,0.0,2.0,0.0,0.0,,Hawke's Bay Region,Nil,2-way,Sealed,0.0,0.0,0.0,50.0,0.0,On,0.0,0.0,,30.0,Hastings District,Nil,0.0,0.0,0.0,0.0,0.0,0.0,Urban,0.0,0.0,0.0,Fine
447399,1929057.0,5606486.0,547800.0,0.0,0.0,0.0,West,2017/2018,PAKOWHAI ROAD,ST AUBYN ST WEST,Non-Injury Crash,No,2018,North,0.0,,Flat,,,,,Bright sun,1477500.0,0.0,0.0,0.0,4.0,0.0,,,Hawke's Bay Region,Nil,2-way,Sealed,0.0,0.0,,50.0,,Null,1.0,0.0,,30.0,Hastings District,Unknown,,,,,0.0,0.0,Urban,1.0,,,Fine
554653,1911841.0,5662473.0,545911.0,0.0,0.0,0.0,South,2001/2002,SH 5,TE HAROTO ROAD,Non-Injury Crash,Yes,2002,North,0.0,0.0,Hill Road,0.0,,0.0,0.0,Dark,1414300.0,0.0,0.0,0.0,2.0,0.0,0.0,,Hawke's Bay Region,Nil,2-way,Sealed,0.0,0.0,0.0,100.0,0.0,None,0.0,0.0,,30.0,Hastings District,Nil,0.0,0.0,0.0,0.0,1.0,0.0,Open,0.0,0.0,0.0,Fine
434056,1927879.0,5607192.0,547800.0,0.0,0.0,2.0,West,2004/2005,Z MOTEL GROUNDS,OMAHU/BALLANTYNE,Non-Injury Crash,No,2005,West,0.0,0.0,Flat,0.0,,0.0,0.0,Bright sun,1476600.0,0.0,0.0,0.0,0.0,0.0,1.0,,Hawke's Bay Region,Nil,Off road,Sealed,0.0,0.0,0.0,50.0,0.0,Null,0.0,0.0,,30.0,Hastings District,Nil,0.0,0.0,0.0,0.0,0.0,0.0,Urban,0.0,0.0,0.0,Fine
331519,1937034.0,5613416.0,545832.0,0.0,0.0,0.0,North,2011/2012,SH 2,FARNDON ROAD,Non-Injury Crash,Yes,2012,North,0.0,0.0,Flat,0.0,,0.0,0.0,Dark,1404000.0,0.0,0.0,0.0,1.0,0.0,0.0,,Hawke's Bay Region,Nil,2-way,Sealed,0.0,0.0,0.0,100.0,0.0,None,1.0,0.0,,30.0,Hastings District,Nil,0.0,0.0,0.0,0.0,0.0,0.0,Open,0.0,0.0,0.0,Fine
85624,1932979.0,5602100.0,548831.0,0.0,0.0,0.0,North,2016/2017,NAPIER ROAD,BENNELONG PLACE,Non-Injury Crash,No,2017,East,0.0,0.0,Flat,0.0,,0.0,0.0,Bright sun,1509800.0,0.0,0.0,0.0,2.0,0.0,1.0,,Hawke's Bay Region,Nil,2-way,Sealed,0.0,0.0,0.0,50.0,0.0,Null,0.0,0.0,,30.0,Hastings District,Nil,0.0,0.0,0.0,0.0,0.0,0.0,Urban,2.0,0.0,0.0,Fine
98007,1933444.0,5602029.0,548831.0,0.0,0.0,2.0,Null,2004/2005,TE MATA ROAD,ST HILL LANE,Minor Crash,No,2004,West,0.0,,Flat,,,,,Bright sun,1509200.0,1.0,0.0,0.0,2.0,0.0,,,Hawke's Bay Region,Nil,2-way,Sealed,0.0,0.0,,50.0,,Null,0.0,0.0,,30.0,Hastings District,Give way,,,,,0.0,0.0,Urban,0.0,,,Fine
550119,1920800.0,5621008.0,545821.0,0.0,0.0,0.0,North,2007/2008,DARTMOOR ROAD,APLEY ROAD,Non-Injury Crash,No,2008,North,0.0,,Flat,,,,,Bright sun,1411100.0,0.0,0.0,0.0,2.0,0.0,,,Hawke's Bay Region,Nil,2-way,Sealed,0.0,0.0,,100.0,,Null,0.0,0.0,,30.0,Hastings District,Nil,,,,,0.0,0.0,Open,1.0,,,Fine
499353,1910374.0,5619736.0,545821.0,0.0,0.0,1.0,East,2004/2005,TAIHAPE ROAD,FLAG RANGE ROAD,Minor Crash,No,2005,West,0.0,0.0,Flat,0.0,,0.0,0.0,Twilight,1410300.0,2.0,0.0,0.0,2.0,0.0,0.0,,Hawke's Bay Region,Nil,2-way,Sealed,0.0,0.0,0.0,100.0,0.0,None,0.0,0.0,,30.0,Hastings District,Nil,0.0,0.0,0.0,0.0,0.0,0.0,Open,0.0,0.0,0.0,Light rain
236993,1911062.0,5663817.0,545911.0,0.0,0.0,0.0,South,2015/2016,SH 5,SUMMIT KIOSK,Non-Injury Crash,Yes,2016,East,0.0,,Hill Road,,Christmas New Year,,,Overcast,1414400.0,0.0,0.0,0.0,2.0,0.0,,,Hawke's Bay Region,Nil,2-way,Sealed,0.0,0.0,,100.0,,Null,1.0,0.0,,30.0,Hastings District,Unknown,,,,,0.0,0.0,Open,0.0,,,Heavy rain
560034,1929849.0,5605089.0,548200.0,0.0,0.0,1.0,Null,2005/2006,Z CPK ASB BANK,MARKET NORTH / QUEEN WEST,Non-Injury Crash,No,2005,West,0.0,,Flat,,,,,Overcast,1491300.0,0.0,0.0,0.0,0.0,0.0,,,Hawke's Bay Region,Nil,Off road,Sealed,0.0,0.0,,50.0,,Null,0.0,0.0,,30.0,Hastings District,Nil,,,,,0.0,0.0,Urban,1.0,,,Fine
522893,1908936.0,5674694.0,545911.0,0.0,0.0,1.0,North,2003/2004,SH 5,TARAWERA TAV,Non-Injury Crash,Yes,2004,South,0.0,,Hill Road,,,,,Overcast,1281200.0,0.0,0.0,0.0,2.0,0.0,,,Hawke's Bay Region,Nil,2-way,Sealed,0.0,0.0,,100.0,,Null,0.0,0.0,,30.0,Hastings District,Nil,,,,,1.0,0.0,Open,0.0,,,Mist or Fog
79274,1931650.0,5612516.0,545832.0,0.0,0.0,3.0,South,2001/2002,PAKOWHAI ROAD,ALLEN ROAD,Serious Crash,No,2001,South,0.0,,Flat,,Labour Weekend,,,Overcast,1403900.0,2.0,0.0,0.0,2.0,0.0,,,Hawke's Bay Region,Nil,2-way,Sealed,0.0,1.0,,100.0,,Null,0.0,0.0,,30.0,Hastings District,Nil,,,,,0.0,0.0,Open,0.0,,,Fine
650362,1923185.0,5610127.0,545842.0,0.0,0.0,2.0,South,2010/2011,SH 50,OMAHU ROAD,Non-Injury Crash,Yes,2010,South,0.0,,Flat,,,,,Overcast,1469704.0,0.0,0.0,0.0,2.0,0.0,,,Hawke's Bay Region,Nil,2-way,Sealed,0.0,0.0,,100.0,,Null,0.0,0.0,,30.0,Hastings District,Nil,,,,,0.0,0.0,Open,0.0,,,Fine
345535,1927363.0,5607605.0,548400.0,0.0,0.0,0.0,East,2009/2010,OMAHU ROAD,WILSON ROAD,Non-Injury Crash,No,2010,West,0.0,,Flat,,,,,Overcast,1473600.0,0.0,0.0,0.0,2.0,0.0,,,Hawke's Bay Region,Nil,2-way,Sealed,0.0,0.0,,50.0,,Null,1.0,0.0,,30.0,Hastings District,Nil,,,,,1.0,0.0,Urban,0.0,,,Light rain
82053,1927234.0,5602249.0,545762.0,0.0,0.0,1.0,Null,2009/2010,RAILWAY ROAD SOUTH,LONGLANDS ROAD WEST,Non-Injury Crash,No,2009,South,0.0,,Flat,,,,,Overcast,1468200.0,0.0,0.0,0.0,2.0,0.0,,,Hawke's Bay Region,Nil,2-way,Sealed,0.0,0.0,,100.0,,Null,1.0,0.0,,30.0,Hastings District,Give way,,,,,0.0,0.0,Open,0.0,,,Fine
386413,1927607.0,5607382.0,548500.0,0.0,0.0,1.0,Null,2013/2014,OMAHU ROAD,SH 50A,Non-Injury Crash,Yes,2014,South,0.0,1.0,Flat,0.0,,0.0,0.0,Dark,1477900.0,0.0,0.0,0.0,2.0,0.0,0.0,,Hawke's Bay Region,Nil,2-way,Sealed,0.0,0.0,0.0,50.0,0.0,On,0.0,0.0,,30.0,Hastings District,Give way,0.0,0.0,0.0,0.0,0.0,0.0,Urban,0.0,0.0,0.0,Fine
134910,1932997.0,5601844.0,548831.0,1.0,0.0,1.0,Null,2003/2004,TE MATA ROAD,KARANEMA DRIVE,Minor Crash,No,2004,West,0.0,0.0,Flat,0.0,,0.0,1.0,Overcast,1509700.0,1.0,0.0,0.0,3.0,0.0,0.0,,Hawke's Bay Region,Nil,2-way,Sealed,0.0,0.0,0.0,50.0,0.0,Null,0.0,0.0,,30.0,Hastings District,Give way,0.0,0.0,0.0,0.0,0.0,0.0,Urban,0.0,0.0,0.0,Fine
186548,1913172.0,5587049.0,545851.0,0.0,0.0,0.0,South,2006/2007,SH 2,WAIKAREAO ROAD,Non-Injury Crash,Yes,2007,South,0.0,,Hill Road,,,,,Bright sun,1464600.0,0.0,0.0,1.0,2.0,0.0,,,Hawke's Bay Region,Nil,2-way,Sealed,0.0,0.0,,100.0,,Null,0.0,0.0,,30.0,Hastings District,Nil,,,,,0.0,0.0,Open,0.0,,,Fine
36361,1924951.0,5601696.0,545851.0,0.0,0.0,1.0,Null,2005/2006,SH 50A,MANGAROA ROAD,Non-Injury Crash,Yes,2006,East,0.0,,Flat,,,,,Bright sun,1463500.0,0.0,0.0,0.0,2.0,0.0,,,Hawke's Bay Region,Nil,2-way,Sealed,0.0,0.0,,100.0,,Null,1.0,0.0,,30.0,Hastings District,Nil,,,,,0.0,0.0,Open,0.0,,,Fine
180341,1936950.0,5611196.0,545730.0,0.0,0.0,1.0,South,2004/2005,Z DWAY 52 ALLENS LANE,FERRY ROAD,Minor Crash,No,2005,South,0.0,,Flat,,,,,Bright sun,1405003.0,1.0,0.0,0.0,1.0,0.0,,1.0,Hawke's Bay Region,Nil,Off road,Sealed,0.0,0.0,,50.0,,Null,0.0,0.0,,30.0,Hastings District,Nil,,,,,0.0,0.0,Urban,0.0,,,Fine
730274,1931123.0,5600838.0,545762.0,0.0,0.0,1.0,West,2002/2003,TE AUTE ROAD,GILPIN ROAD,Non-Injury Crash,No,2003,West,0.0,0.0,Flat,0.0,,0.0,0.0,Dark,1465200.0,0.0,0.0,0.0,2.0,0.0,0.0,,Hawke's Bay Region,Nil,2-way,Sealed,0.0,0.0,0.0,100.0,0.0,On,0.0,0.0,,30.0,Hastings District,Nil,0.0,0.0,0.0,0.0,0.0,0.0,Open,0.0,0.0,0.0,Mist or Fog
89930,1921329.0,5642064.0,545811.0,0.0,0.0,1.0,North,2001/2002,SH 5,GLENGARRY ROAD,Minor Crash,Yes,2001,South,0.0,0.0,Hill Road,0.0,,0.0,0.0,Bright sun,1414700.0,1.0,0.0,0.0,3.0,0.0,0.0,,Hawke's Bay Region,Nil,2-way,Sealed,0.0,0.0,0.0,100.0,0.0,Null,0.0,0.0,,30.0,Hastings District,Nil,0.0,1.0,0.0,0.0,0.0,0.0,Open,0.0,0.0,0.0,Fine
62481,1930275.0,5604910.0,548200.0,0.0,0.0,1.0,South,2018/2019,ST AUBYN ST EAST,WARREN ST NORTH,Non-Injury Crash,No,2018,West,0.0,0.0,Flat,0.0,,0.0,0.0,Dark,1494400.0,0.0,0.0,0.0,2.0,0.0,1.0,,Hawke's Bay Region,Nil,2-way,Sealed,0.0,0.0,0.0,50.0,0.0,On,0.0,0.0,,30.0,Hastings District,Nil,0.0,0.0,0.0,0.0,0.0,0.0,Urban,1.0,0.0,0.0,Fine
122993,1931935.0,5600671.0,548821.0,0.0,0.0,1.0,East,2008/2009,BREADALBANE ROAD,KAWEKA PLACE,Non-Injury Crash,No,2009,East,0.0,0.0,Flat,0.0,,0.0,0.0,Dark,1465508.0,0.0,0.0,0.0,2.0,0.0,2.0,,Hawke's Bay Region,Nil,2-way,Sealed,0.0,0.0,0.0,50.0,0.0,On,0.0,0.0,,30.0,Hastings District,Nil,0.0,0.0,0.0,0.0,0.0,0.0,Urban,2.0,0.0,0.0,Fine
1198,1924933.0,5601720.0,545842.0,0.0,0.0,1.0,West,2003/2004,MANGAROA ROAD,SH 50A,Non-Injury Crash,No,2003,West,0.0,0.0,Flat,0.0,,0.0,0.0,Dark,1470213.0,0.0,0.0,0.0,2.0,0.0,0.0,,Hawke's Bay Region,Nil,2-way,Sealed,0.0,0.0,0.0,100.0,0.0,None,0.0,0.0,,30.0,Hastings District,Nil,0.0,0.0,0.0,0.0,0.0,0.0,Open,0.0,0.0,0.0,Fine
450072,1929876.086,5605043.0831,548200.0,0.0,0.0,2.0,North,2019/2020,QUEEN STREET WEST,RUSSELL STREET NORTH,Non-Injury Crash,No,2019,North,0.0,,Null,,,,,Unknown,1491300.0,0.0,0.0,0.0,2.0,0.0,,,Hawke's Bay Region,Nil,2-way,Null,0.0,0.0,,50.0,,Null,0.0,0.0,,30.0,Hastings District,Nil,,,,,0.0,0.0,Urban,0.0,,,Null
548338,1919843.9887,5594301.8193,545851.0,0.0,0.0,1.0,North,2019/2020,002-0678,HORONUI ROAD,Non-Injury Crash,Yes,2019,South,0.0,,Flat,,,,,Twilight,1463900.0,0.0,0.0,0.0,2.0,0.0,,,Hawke's Bay Region,Nil,2-way,Sealed,0.0,0.0,,100.0,,None,0.0,0.0,,30.0,Hastings District,Unknown,,,,,1.0,0.0,Open,0.0,,,Fine
215663,1925534.0438,5599937.0653,545852.0,0.0,0.0,1.0,North,2019/2020,RAILWAY ROAD SOUTH,PAKI PAKI ROAD,Minor Crash,No,2020,North,0.0,,Flat,,,,,Bright sun,1468700.0,1.0,0.0,0.0,1.0,0.0,,,Hawke's Bay Region,Nil,2-way,Sealed,0.0,0.0,,100.0,,None,0.0,0.0,,30.0,Hastings District,Unknown,,,,,0.0,0.0,Open,0.0,,,Fine
465934,1931042.0,5606813.0,547600.0,0.0,0.0,2.0,North,1999/2000,TOMOANA ROAD,WILLIAMS ST,Non-Injury Crash,No,2000,South,0.0,,Flat,,,,,Overcast,1484000.0,0.0,0.0,0.0,2.0,0.0,,,Hawke's Bay Region,Nil,2-way,Sealed,0.0,0.0,,50.0,,Null,0.0,0.0,,30.0,Hastings District,Nil,,,,,0.0,0.0,Urban,0.0,,,Fine
407725,1932177.0,5611490.0,545832.0,0.0,0.0,1.0,South,2017/2018,PAKOWHAI ROAD,BROOKFIELDS ROAD,Non-Injury Crash,No,2017,South,0.0,0.0,Flat,0.0,Christmas New Year,0.0,1.0,Bright sun,1404000.0,0.0,0.0,0.0,2.0,0.0,0.0,,Hawke's Bay Region,Nil,2-way,Sealed,0.0,0.0,0.0,60.0,0.0,Null,0.0,0.0,,30.0,Hastings District,Unknown,0.0,0.0,0.0,0.0,0.0,0.0,Urban,0.0,0.0,0.0,Fine
40980,1929548.0,5604672.0,548200.0,0.0,0.0,1.0,Null,2002/2003,RAILWAY ROAD,SOUTHAMPTON ST WEST,Non-Injury Crash,No,2002,East,0.0,,Flat,,,,,Overcast,1489700.0,0.0,0.0,0.0,4.0,0.0,,,Hawke's Bay Region,Nil,2-way,Sealed,0.0,0.0,,50.0,,Null,0.0,0.0,,30.0,Hastings District,Traffic Signals,,,,,0.0,0.0,Urban,1.0,,,Heavy rain
200103,1919854.0,5644331.0,545811.0,0.0,0.0,1.0,South,2000/2001,SH 5,RUKUMOANA ROAD,Minor Crash,Yes,2000,South,0.0,0.0,Hill Road,0.0,,0.0,0.0,Dark,1414700.0,1.0,0.0,0.0,2.0,0.0,0.0,,Hawke's Bay Region,Nil,2-way,Sealed,0.0,0.0,0.0,100.0,0.0,None,0.0,0.0,,30.0,Hastings District,Nil,0.0,0.0,0.0,0.0,0.0,0.0,Open,0.0,0.0,0.0,Fine
742094,1930011.0,5605102.0,548200.0,0.0,0.0,1.0,North,2005/2006,Z CPK,RUSSELL/AVENUE,Minor Crash,No,2005,East,0.0,,Flat,,,,,Overcast,1492300.0,1.0,0.0,0.0,1.0,0.0,,1.0,Hawke's Bay Region,Nil,Off road,Sealed,0.0,0.0,,50.0,,Null,0.0,0.0,,30.0,Hastings District,Nil,,,,,0.0,0.0,Urban,0.0,,,Fine
171586,1927336.0,5605161.0,545761.0,0.0,0.0,0.0,West,2010/2011,MARAEKAKAHO ROAD,SH 50A,Non-Injury Crash,No,2010,East,0.0,,Flat,,,,,Bright sun,1469905.0,0.0,0.0,0.0,2.0,0.0,,,Hawke's Bay Region,Nil,2-way,Sealed,0.0,0.0,,50.0,,Null,0.0,0.0,,30.0,Hastings District,Nil,,,,,0.0,0.0,Urban,2.0,,,Fine
97567,1931535.0,5602920.0,545762.0,0.0,0.0,1.0,North,2012/2013,HAVELOCK ROAD,ST GEORGES ROAD,Non-Injury Crash,No,2012,North,0.0,0.0,Flat,1.0,,0.0,0.0,Twilight,1468500.0,0.0,0.0,0.0,2.0,0.0,0.0,,Hawke's Bay Region,Nil,2-way,Sealed,0.0,0.0,0.0,70.0,0.0,Off,0.0,0.0,,30.0,Hastings District,Nil,1.0,0.0,0.0,0.0,0.0,0.0,Urban,0.0,0.0,0.0,Fine
691377,1928307.0,5607061.0,547800.0,0.0,0.0,1.0,South,2007/2008,NOTTINGLEY ROAD,IKANUI ROAD,Non-Injury Crash,No,2008,South,0.0,0.0,Flat,0.0,,0.0,0.0,Overcast,1476800.0,0.0,0.0,0.0,2.0,0.0,1.0,,Hawke's Bay Region,Nil,2-way,Sealed,0.0,0.0,0.0,50.0,0.0,Null,0.0,0.0,,30.0,Hastings District,Nil,0.0,0.0,0.0,0.0,0.0,0.0,Urban,1.0,0.0,0.0,Fine
671120,1930149.0,5604677.0,548200.0,0.0,0.0,2.0,Null,2016/2017,HASTINGS ST NORTH,QUEEN ST EAST,Non-Injury Crash,No,2016,South,0.0,,Flat,,,,,Dark,1493400.0,0.0,0.0,0.0,2.0,0.0,,,Hawke's Bay Region,Nil,2-way,Sealed,0.0,0.0,,50.0,,On,0.0,0.0,,30.0,Hastings District,Give way,,,,,0.0,0.0,Urban,0.0,,,Fine
420257,1932996.0,5606123.0,545721.0,0.0,0.0,1.0,South,2010/2011,WAIPATU SETTLEMENT ROAD,SH 2,Minor Crash,No,2011,South,0.0,0.0,Flat,0.0,,0.0,0.0,Dark,1472100.0,1.0,0.0,0.0,1.0,0.0,0.0,,Hawke's Bay Region,Nil,2-way,Sealed,0.0,0.0,0.0,100.0,0.0,On,0.0,0.0,,30.0,Hastings District,Unknown,0.0,0.0,0.0,1.0,0.0,0.0,Open,0.0,0.0,0.0,Fine
589402,1932900.0,5602013.0,548831.0,0.0,0.0,1.0,North,2009/2010,NAPIER ROAD,KARANEMA DRIVE,Non-Injury Crash,No,2009,South,0.0,1.0,Flat,0.0,,0.0,0.0,Bright sun,1509100.0,0.0,0.0,0.0,2.0,0.0,0.0,,Hawke's Bay Region,Nil,2-way,Sealed,0.0,0.0,0.0,50.0,0.0,Null,0.0,0.0,,30.0,Hastings District,Nil,1.0,0.0,0.0,0.0,0.0,0.0,Urban,0.0,0.0,0.0,Fine
332951,1928743.0,5601043.0,545762.0,0.0,0.0,1.0,West,2009/2010,LONGLANDS ROAD EAST,TE AUTE ROAD,Non-Injury Crash,No,2009,West,0.0,0.0,Flat,0.0,,0.0,0.0,Overcast,1468400.0,0.0,0.0,0.0,2.0,0.0,0.0,,Hawke's Bay Region,Nil,2-way,Sealed,0.0,0.0,0.0,100.0,0.0,Null,0.0,0.0,,30.0,Hastings District,Nil,0.0,0.0,0.0,1.0,0.0,0.0,Open,0.0,0.0,0.0,Fine
377686,1930758.0,5603749.0,548300.0,0.0,0.0,1.0,East,2012/2013,HERETAUNGA ST EAST,TERRACE ROAD,Non-Injury Crash,No,2013,South,0.0,,Flat,,,,,Bright sun,1502700.0,0.0,0.0,0.0,2.0,0.0,,,Hawke's Bay Region,Nil,2-way,Sealed,0.0,0.0,,50.0,,Null,1.0,0.0,,30.0,Hastings District,Nil,,,,,0.0,0.0,Urban,0.0,,,Fine
208860,1931022.0,5613782.0,545831.0,0.0,0.0,2.0,Null,2008/2009,SH 50,PAKOWHAI ON SBD,Non-Injury Crash,Yes,2008,South,0.0,,Flat,,,,,Overcast,1404600.0,0.0,0.0,0.0,2.0,0.0,,,Hawke's Bay Region,Nil,2-way,Sealed,0.0,0.0,,100.0,,Null,0.0,0.0,,30.0,Hastings District,Traffic Signals,,,,,0.0,0.0,Open,0.0,,,Fine
357947,1935979.6430000002,5610760.254,545730.0,1.0,0.0,1.0,North,2019/2020,002-0661,MILL ROAD,Minor Crash,Yes,2019,South,0.0,,Flat,,,,,Bright sun,1404700.0,1.0,0.0,0.0,2.0,0.0,,,Hawke's Bay Region,Nil,2-way,Sealed,0.0,0.0,,50.0,,Off,0.0,0.0,,30.0,Hastings District,Nil,,,,,0.0,0.0,Urban,0.0,,,Fine
240281,1925266.0,5598926.0,545852.0,0.0,0.0,1.0,North,2010/2011,SH 2,STOCK ROAD,Non-Injury Crash,Yes,2011,North,0.0,0.0,Flat,0.0,Easter,0.0,0.0,Dark,1465801.0,0.0,0.0,0.0,2.0,0.0,0.0,,Hawke's Bay Region,Nil,2-way,Sealed,0.0,0.0,0.0,100.0,0.0,On,0.0,0.0,,30.0,Hastings District,Nil,0.0,0.0,0.0,0.0,0.0,0.0,Open,0.0,0.0,0.0,Fine
65742,1926465.0,5608002.0,545710.0,0.0,0.0,1.0,Null,2012/2013,HENDERSON ROAD,OMAHU ROAD,Non-Injury Crash,No,2013,North,0.0,0.0,Flat,0.0,,0.0,0.0,Dark,1470900.0,0.0,0.0,0.0,2.0,0.0,0.0,,Hawke's Bay Region,Nil,2-way,Sealed,0.0,0.0,0.0,50.0,0.0,On,0.0,0.0,,30.0,Hastings District,Give way,1.0,0.0,0.0,0.0,0.0,0.0,Urban,0.0,0.0,0.0,Fine
60523,1929681.0,5604815.0,548200.0,0.0,0.0,1.0,South,2001/2002,RAILWAY ROAD,EASTBOURNE ST WEST,Non-Injury Crash,No,2001,North,0.0,0.0,Flat,0.0,,0.0,0.0,Bright sun,1489900.0,0.0,0.0,0.0,2.0,0.0,1.0,,Hawke's Bay Region,Nil,2-way,Sealed,0.0,0.0,0.0,50.0,0.0,Null,0.0,0.0,,30.0,Hastings District,Nil,0.0,0.0,0.0,0.0,0.0,0.0,Urban,1.0,0.0,0.0,Fine
143841,1929624.0,5604572.0,548300.0,0.0,0.0,1.0,East,2013/2014,SOUTHAMPTON ST EAST,KARAMU ROAD SOUTH,Non-Injury Crash,No,2014,East,0.0,,Flat,,,,,Bright sun,1503100.0,0.0,0.0,0.0,2.0,0.0,,,Hawke's Bay Region,Nil,2-way,Sealed,0.0,0.0,,50.0,,Null,1.0,0.0,,30.0,Hastings District,Unknown,,,,,0.0,0.0,Urban,0.0,,,Fine