OBJECTID,X,Y,areaUnitID,bicycle,bus,carStationWagon,crashDirectionDescription,crashFinancialYear,crashLocation1,crashLocation2,crashSeverity,crashSHDescription,crashYear,directionRoleDescription,fatalCount,fence,flatHill,guardRail,holiday,houseOrBuilding,kerb,light,meshblockId,minorInjuryCount,moped,motorcycle,NumberOfLanes,otherVehicleType,parkedVehicle,pedestrian,region,roadCharacter,roadLane,roadSurface,schoolBus,seriousInjuryCount,slipOrFlood,speedLimit,strayAnimal,streetLight,suv,taxi,temporarySpeedLimit,tlaId,tlaName,trafficControl,trafficIsland,trafficSign,train,tree,truck,unknownVehicleType,urban,vanOrUtility,vehicle,waterRiver,weatherA
721537,1927657.0,5605280.0,547900.0,0.0,0.0,1.0,Null,2005/2006,WALL ROAD,BLEDISLOE ST,Non-Injury Crash,No,2005,South,0.0,0.0,Flat,0.0,,0.0,0.0,Dark,1481100.0,0.0,0.0,0.0,2.0,0.0,0.0,,Hawke's Bay Region,Nil,2-way,Sealed,0.0,0.0,0.0,50.0,0.0,On,0.0,0.0,,30.0,Hastings District,Nil,0.0,0.0,0.0,0.0,0.0,0.0,Urban,0.0,0.0,0.0,Fine
625718,1929865.0,5606711.0,547600.0,0.0,1.0,0.0,Null,2003/2004,DUKE ST,KOWHAI ST,Non-Injury Crash,No,2004,South,0.0,0.0,Flat,0.0,,0.0,0.0,Bright sun,1485500.0,0.0,0.0,0.0,2.0,0.0,0.0,,Hawke's Bay Region,Nil,2-way,Sealed,0.0,0.0,0.0,50.0,0.0,Null,0.0,0.0,,30.0,Hastings District,Nil,0.0,0.0,0.0,1.0,0.0,0.0,Urban,0.0,0.0,0.0,Fine
302354,1937589.5198,5610369.9118,545730.0,0.0,0.0,2.0,Null,2016/2017,RICHMOND ROAD,SCHOOL ROAD,Non-Injury Crash,No,2017,North,0.0,,Flat,,,,,Overcast,1405300.0,0.0,0.0,0.0,2.0,0.0,,,Hawke's Bay Region,Nil,2-way,Sealed,0.0,0.0,,80.0,,None,0.0,0.0,,30.0,Hastings District,Give way,,,,,0.0,0.0,Open,0.0,,,Light rain
404638,1928379.0,5606178.0,548500.0,0.0,0.0,1.0,Null,2016/2017,MCLEOD ST,ORCHARD ROAD,Minor Crash,No,2017,South,0.0,,Flat,,,,,Overcast,1479600.0,1.0,0.0,0.0,2.0,0.0,,,Hawke's Bay Region,Nil,2-way,Sealed,0.0,0.0,,50.0,,Null,0.0,0.0,,30.0,Hastings District,Give way,,,,,0.0,0.0,Urban,1.0,,,Fine
162877,1930143.1566,5604671.3909,548200.0,0.0,0.0,2.0,Null,2019/2020,HASTINGS STREET NORTH,QUEEN STREET EAST,Non-Injury Crash,No,2020,North,0.0,,Flat,,,,,Overcast,1493900.0,0.0,0.0,0.0,1.0,0.0,,,Hawke's Bay Region,Nil,2-way,Sealed,0.0,0.0,,50.0,,Null,0.0,0.0,,30.0,Hastings District,Give way,,,,,0.0,0.0,Urban,0.0,,,Fine
279246,1929277.0,5605631.0,547700.0,0.0,0.0,2.0,East,2009/2010,HERETAUNGA ST WEST,LOVEDALE ROAD,Non-Injury Crash,No,2010,East,0.0,,Flat,,,,,Bright sun,1487900.0,0.0,0.0,0.0,2.0,0.0,,,Hawke's Bay Region,Nil,2-way,Sealed,0.0,0.0,,50.0,,Null,0.0,0.0,,30.0,Hastings District,Nil,,,,,0.0,0.0,Urban,1.0,,,Fine
323280,1931786.0,5602654.0,545721.0,0.0,0.0,1.0,West,2009/2010,HAVELOCK ROAD,ST ANDREWS ROAD,Non-Injury Crash,No,2009,West,0.0,1.0,Flat,0.0,,0.0,0.0,Dark,1473000.0,0.0,0.0,0.0,2.0,0.0,0.0,,Hawke's Bay Region,Nil,2-way,Sealed,0.0,0.0,0.0,100.0,0.0,None,0.0,0.0,,30.0,Hastings District,Nil,0.0,0.0,0.0,0.0,0.0,0.0,Open,0.0,0.0,0.0,Fine
665005,1929090.0,5605275.0,548200.0,0.0,0.0,1.0,Null,2009/2010,SOUTHAMPTON ST WEST,SOUTHAMPTON ST,Non-Injury Crash,No,2009,East,0.0,,Flat,,Labour Weekend,,,Overcast,1488500.0,0.0,0.0,0.0,2.0,0.0,,,Hawke's Bay Region,Nil,2-way,Sealed,0.0,0.0,,50.0,,Null,0.0,0.0,,30.0,Hastings District,Give way,,,,,0.0,0.0,Urban,1.0,,,Fine
320260,1933040.0,5602169.0,548831.0,0.0,0.0,2.0,North,2002/2003,NAPIER ROAD,KARANEMA DRIVE,Non-Injury Crash,No,2003,North,0.0,0.0,Flat,0.0,,0.0,0.0,Dark,1509800.0,0.0,0.0,0.0,2.0,0.0,1.0,,Hawke's Bay Region,Nil,2-way,Sealed,0.0,0.0,0.0,50.0,0.0,On,0.0,0.0,,30.0,Hastings District,Nil,0.0,0.0,0.0,0.0,0.0,0.0,Urban,0.0,0.0,0.0,Fine
368970,1929632.0,5604761.0,548200.0,0.0,0.0,2.0,Null,2007/2008,LYNDON ROAD WEST,LYNDON ROAD,Non-Injury Crash,No,2008,East,0.0,,Flat,,,,,Bright sun,1489900.0,0.0,0.0,0.0,2.0,0.0,,,Hawke's Bay Region,Nil,2-way,Sealed,0.0,0.0,,50.0,,Null,0.0,0.0,,30.0,Hastings District,Give way,,,,,0.0,0.0,Urban,0.0,,,Fine
336248,1929634.0,5605762.0,548200.0,0.0,0.0,1.0,Null,2010/2011,ST AUBYN ST WEST,TOMOANA ROAD,Non-Injury Crash,No,2011,South,0.0,,Flat,,,,,Overcast,1490300.0,0.0,0.0,0.0,2.0,0.0,,,Hawke's Bay Region,Nil,2-way,Sealed,0.0,0.0,,50.0,,Null,1.0,0.0,,30.0,Hastings District,Traffic Signals,,,,,0.0,0.0,Urban,0.0,,,Fine
708876,1941361.0,5656929.0,545911.0,0.0,0.0,2.0,South,2001/2002,SH 2,MATAHORUA STM BR,Non-Injury Crash,Yes,2002,South,0.0,0.0,Hill Road,0.0,Queens Birthday,0.0,0.0,Twilight,1416000.0,0.0,0.0,0.0,2.0,0.0,0.0,,Hawke's Bay Region,Nil,2-way,Sealed,0.0,0.0,0.0,100.0,0.0,None,0.0,0.0,,30.0,Hastings District,Nil,0.0,0.0,0.0,0.0,0.0,0.0,Open,0.0,0.0,0.0,Fine
455991,1926738.0,5618307.0,545821.0,0.0,0.0,0.0,South,2000/2001,SPRINGFIELD ROAD,PUKETAPU ROAD,Serious Crash,No,2000,North,0.0,0.0,Flat,0.0,,0.0,0.0,Dark,1411000.0,0.0,0.0,0.0,2.0,0.0,0.0,,Hawke's Bay Region,Nil,2-way,Sealed,0.0,1.0,0.0,100.0,0.0,None,0.0,0.0,,30.0,Hastings District,Nil,0.0,0.0,0.0,1.0,0.0,0.0,Open,1.0,0.0,0.0,Fine
520359,1931019.0,5604980.0,548000.0,0.0,0.0,2.0,Null,2002/2003,WILLOWPARK ROAD NORTH,JERVOIS ST,Minor Crash,No,2003,North,0.0,,Flat,,,,,Overcast,1497600.0,1.0,0.0,0.0,2.0,0.0,,,Hawke's Bay Region,Nil,2-way,Sealed,0.0,0.0,,50.0,,Null,0.0,0.0,,30.0,Hastings District,Give way,,,,,0.0,0.0,Urban,0.0,,,Fine
124370,1927526.0,5635594.0,545811.0,0.0,0.0,1.0,South,2011/2012,SH 5,BEATTIE ROAD,Minor Crash,Yes,2012,South,0.0,0.0,Flat,0.0,,0.0,0.0,Bright sun,1414800.0,1.0,0.0,0.0,2.0,0.0,0.0,,Hawke's Bay Region,Nil,2-way,Sealed,0.0,0.0,0.0,100.0,0.0,Null,0.0,0.0,,30.0,Hastings District,Nil,0.0,0.0,0.0,0.0,0.0,0.0,Open,0.0,0.0,0.0,Fine
40241,1928501.0,5606550.0,547800.0,0.0,0.0,2.0,West,2004/2005,OMAHU ROAD,HAPUKA ST,Non-Injury Crash,No,2005,West,0.0,,Flat,,,,,Overcast,1477400.0,0.0,0.0,0.0,2.0,0.0,,,Hawke's Bay Region,Nil,2-way,Sealed,0.0,0.0,,50.0,,Null,0.0,0.0,,30.0,Hastings District,Nil,,,,,0.0,0.0,Urban,0.0,,,Light rain
116838,1908967.0,5674688.0,545911.0,0.0,0.0,1.0,North,2005/2006,SH 5,TATARAAKINA ROAD,Non-Injury Crash,Yes,2005,South,0.0,0.0,Hill Road,1.0,,0.0,0.0,Overcast,1281200.0,0.0,0.0,0.0,2.0,0.0,0.0,,Hawke's Bay Region,Nil,2-way,Sealed,0.0,0.0,0.0,100.0,0.0,Null,0.0,0.0,,30.0,Hastings District,Nil,0.0,0.0,0.0,0.0,0.0,0.0,Open,0.0,0.0,0.0,Heavy rain
561074,1924568.0,5607266.0,548612.0,0.0,0.0,0.0,Null,2009/2010,SCOTT DRIVE,CHATHAM ROAD,Non-Injury Crash,No,2010,East,0.0,1.0,Flat,0.0,,0.0,0.0,Dark,1474116.0,0.0,0.0,0.0,2.0,0.0,0.0,,Hawke's Bay Region,Nil,2-way,Sealed,0.0,0.0,0.0,50.0,0.0,On,0.0,0.0,,30.0,Hastings District,Give way,0.0,0.0,0.0,0.0,0.0,0.0,Urban,1.0,0.0,0.0,Fine
155599,1932274.0,5609028.0,545721.0,0.0,0.0,2.0,Null,2012/2013,PAKOWHAI ROAD,RUAHAPIA ROAD,Serious Crash,No,2013,South,0.0,,Flat,,,,,Overcast,1471600.0,1.0,0.0,0.0,3.0,0.0,,,Hawke's Bay Region,Nil,2-way,Sealed,0.0,1.0,,100.0,,Null,0.0,0.0,,30.0,Hastings District,Give way,,,,,0.0,0.0,Open,0.0,,,Fine
665375,1926245.0,5606266.0,545761.0,0.0,0.0,0.0,Null,2002/2003,SH 50A,YORK ROAD,Non-Injury Crash,Yes,2003,North,0.0,,Flat,,,,,Overcast,1469905.0,0.0,0.0,0.0,2.0,0.0,,,Hawke's Bay Region,Nil,2-way,Sealed,0.0,0.0,,70.0,,Null,0.0,0.0,,30.0,Hastings District,Give way,,,,,1.0,0.0,Urban,1.0,,,Fine
715230,1928201.0,5600919.0,545852.0,0.0,0.0,1.0,East,2004/2005,TE AUTE ROAD,CRYSTALL ROAD,Non-Injury Crash,No,2004,East,0.0,0.0,Flat,0.0,,0.0,0.0,Dark,1465700.0,0.0,0.0,0.0,2.0,0.0,0.0,,Hawke's Bay Region,Nil,2-way,Sealed,0.0,0.0,0.0,100.0,0.0,None,0.0,0.0,,30.0,Hastings District,Nil,0.0,0.0,0.0,0.0,0.0,0.0,Open,0.0,0.0,0.0,Mist or Fog
697244,1935756.0,5652109.0,545911.0,0.0,0.0,0.0,South,2015/2016,SH 2,WAIKOAU ROAD,Minor Crash,Yes,2016,North,0.0,,Flat,,,,,Bright sun,1415200.0,3.0,0.0,0.0,2.0,0.0,,,Hawke's Bay Region,Nil,2-way,Sealed,0.0,0.0,,100.0,,Null,0.0,0.0,,30.0,Hastings District,Unknown,,,,,2.0,0.0,Open,0.0,,,Fine
55374,1927769.0,5606383.0,548500.0,0.0,0.0,1.0,West,2002/2003,HUIA ST,LOWE ST,Minor Crash,No,2002,North,0.0,1.0,Flat,0.0,,0.0,0.0,Bright sun,1479300.0,1.0,0.0,0.0,2.0,0.0,0.0,,Hawke's Bay Region,Nil,2-way,Sealed,0.0,0.0,0.0,50.0,0.0,Null,0.0,0.0,,30.0,Hastings District,Nil,0.0,0.0,0.0,0.0,0.0,0.0,Urban,0.0,0.0,0.0,Fine
236512,1924939.0,5601712.0,545851.0,0.0,0.0,0.0,North,2003/2004,MANGAROA ROAD,SH 50A,Fatal Crash,No,2004,East,1.0,0.0,Flat,0.0,Queens Birthday,0.0,0.0,Dark,1463500.0,0.0,0.0,1.0,2.0,0.0,0.0,,Hawke's Bay Region,Nil,2-way,Sealed,0.0,0.0,0.0,100.0,0.0,On,0.0,0.0,,30.0,Hastings District,Give way,1.0,0.0,0.0,0.0,1.0,0.0,Open,0.0,0.0,0.0,Fine
24841,1930935.0,5613540.0,545831.0,0.0,0.0,0.0,Null,2005/2006,SH 50,LINKS ROAD,Non-Injury Crash,Yes,2006,South,0.0,,Flat,,,,,Bright sun,1404600.0,0.0,0.0,0.0,2.0,0.0,,,Hawke's Bay Region,Nil,2-way,Sealed,0.0,0.0,,70.0,,Null,2.0,0.0,,30.0,Hastings District,Give way,,,,,0.0,0.0,Urban,0.0,,,Fine
492856,1929584.0,5605073.0,548200.0,1.0,0.0,1.0,North,2006/2007,KING ST SOUTH,EASTBOURNE ST WEST,Non-Injury Crash,No,2006,North,0.0,,Flat,,,,,Bright sun,1489500.0,0.0,0.0,0.0,2.0,0.0,,,Hawke's Bay Region,Nil,2-way,Sealed,0.0,0.0,,50.0,,Null,0.0,0.0,,30.0,Hastings District,Nil,,,,,0.0,0.0,Urban,0.0,,,Fine
635650,1929429.0,5614258.0,545831.0,0.0,0.0,0.0,North,2007/2008,WAIOHIKI ROAD,SH 50,Non-Injury Crash,No,2008,South,0.0,,Flat,,,,,Overcast,1409400.0,0.0,0.0,0.0,2.0,0.0,,,Hawke's Bay Region,Nil,2-way,Sealed,0.0,0.0,,70.0,,Null,1.0,0.0,,30.0,Hastings District,Nil,,,,,0.0,0.0,Urban,1.0,,,Fine
359221,1936439.0,5636100.0,545812.0,0.0,0.0,0.0,South,2003/2004,SH 2,PAKURATAHI VALLEY ROAD,Serious Crash,Yes,2003,South,0.0,,Flat,,,,,Bright sun,1414903.0,0.0,0.0,1.0,2.0,0.0,,,Hawke's Bay Region,Nil,2-way,Sealed,0.0,1.0,,100.0,,Null,0.0,0.0,,30.0,Hastings District,Nil,,,,,0.0,0.0,Open,0.0,,,Fine
210051,1941076.6373,5591017.7266,545860.0,0.0,0.0,1.0,South,2019/2020,WAIMARAMA ROAD,WAIMARAMA HEIGHTS,Non-Injury Crash,No,2020,South,0.0,0.0,Hill Road,0.0,,0.0,0.0,Dark,1467600.0,0.0,0.0,0.0,2.0,0.0,0.0,,Hawke's Bay Region,Nil,2-way,Sealed,0.0,0.0,0.0,100.0,0.0,Off,0.0,0.0,,30.0,Hastings District,Nil,0.0,0.0,0.0,1.0,0.0,0.0,Open,0.0,0.0,0.0,Light rain
420195,1927907.0,5606255.0,548500.0,0.0,0.0,1.0,South,2010/2011,LOWE ST,HUIA ST,Non-Injury Crash,No,2011,North,0.0,0.0,Flat,0.0,,0.0,0.0,Dark,1479500.0,0.0,0.0,0.0,1.0,0.0,0.0,,Hawke's Bay Region,Nil,2-way,Sealed,0.0,0.0,0.0,50.0,0.0,On,0.0,0.0,,30.0,Hastings District,Nil,1.0,0.0,0.0,1.0,0.0,0.0,Urban,0.0,0.0,0.0,Fine
596159,1933265.0,5606546.0,545721.0,0.0,0.0,1.0,East,2012/2013,SH 2,RUAHAPIA ROAD,Non-Injury Crash,Yes,2012,South,0.0,0.0,Flat,0.0,,0.0,0.0,Dark,1471800.0,0.0,0.0,0.0,2.0,0.0,0.0,,Hawke's Bay Region,Nil,2-way,Sealed,0.0,0.0,0.0,80.0,0.0,None,0.0,0.0,,30.0,Hastings District,Nil,0.0,0.0,0.0,0.0,0.0,0.0,Open,0.0,0.0,0.0,Fine
633423,1935457.0,5607342.0,545722.0,0.0,0.0,1.0,North,2006/2007,LAWN ROAD,PILCHER ROAD,Serious Crash,No,2007,North,0.0,0.0,Flat,0.0,,0.0,0.0,Bright sun,1406501.0,0.0,0.0,0.0,2.0,0.0,0.0,,Hawke's Bay Region,Nil,2-way,Unsealed,0.0,1.0,0.0,100.0,0.0,Null,0.0,0.0,,30.0,Hastings District,Nil,0.0,0.0,0.0,0.0,0.0,0.0,Open,0.0,0.0,0.0,Fine
222353,1928987.0,5608464.0,545710.0,1.0,0.0,1.0,South,2006/2007,SH 50A,EVENDEN ROAD,Fatal Crash,Yes,2007,North,1.0,,Flat,,,,,Dark,1471201.0,0.0,0.0,0.0,4.0,0.0,,,Hawke's Bay Region,Nil,2-way,Sealed,0.0,0.0,,100.0,,None,0.0,0.0,,30.0,Hastings District,Nil,,,,,0.0,0.0,Open,0.0,,,Fine
625887,1932032.0,5606172.0,545721.0,0.0,0.0,0.0,Null,2015/2016,SH 2,ELWOOD ROAD,Non-Injury Crash,Yes,2016,South,0.0,0.0,Flat,0.0,,0.0,0.0,Overcast,1471700.0,0.0,0.0,0.0,2.0,0.0,0.0,,Hawke's Bay Region,Nil,2-way,Sealed,0.0,0.0,0.0,70.0,0.0,Off,0.0,0.0,,30.0,Hastings District,Give way,0.0,0.0,0.0,0.0,0.0,0.0,Urban,1.0,0.0,0.0,Light rain
174843,1928924.0,5608833.0,545710.0,0.0,0.0,2.0,North,2001/2002,ORMOND ROAD,OMAHU ROAD,Minor Crash,No,2002,North,0.0,,Flat,,,,,Dark,1471000.0,1.0,0.0,0.0,2.0,0.0,,,Hawke's Bay Region,Nil,2-way,Sealed,0.0,0.0,,100.0,,None,0.0,0.0,,30.0,Hastings District,Nil,,,,,0.0,0.0,Open,0.0,,,Fine
466329,1924351.0,5607153.0,548612.0,0.0,0.0,1.0,Null,2008/2009,CHATHAM ROAD,WALTON WAY,Non-Injury Crash,No,2008,South,0.0,0.0,Flat,0.0,Christmas New Year,0.0,0.0,Overcast,1474003.0,0.0,0.0,0.0,2.0,0.0,0.0,,Hawke's Bay Region,Nil,2-way,Sealed,0.0,0.0,0.0,50.0,0.0,Null,0.0,0.0,,30.0,Hastings District,Give way,0.0,1.0,0.0,0.0,0.0,0.0,Urban,0.0,0.0,0.0,Light rain
274917,1909340.0,5673481.0,545911.0,0.0,0.0,1.0,North,2003/2004,SH 5,TATARAAKINA ROAD,Non-Injury Crash,Yes,2003,North,0.0,0.0,Flat,0.0,,0.0,0.0,Bright sun,1281200.0,0.0,0.0,0.0,2.0,0.0,0.0,,Hawke's Bay Region,Nil,2-way,Sealed,0.0,0.0,0.0,100.0,0.0,Null,0.0,0.0,,30.0,Hastings District,Nil,0.0,0.0,0.0,0.0,0.0,0.0,Open,0.0,0.0,0.0,Fine
504260,1923352.0,5610218.0,545710.0,0.0,0.0,2.0,Null,2016/2017,OMAHU ROAD,SH 50,Non-Injury Crash,Yes,2016,North,0.0,,Flat,,,,,Overcast,1470500.0,0.0,0.0,0.0,2.0,0.0,,,Hawke's Bay Region,Nil,2-way,Sealed,0.0,0.0,,100.0,,Null,0.0,0.0,,30.0,Hastings District,Give way,,,,,0.0,0.0,Open,0.0,,,Fine
47407,1929560.0,5605258.0,548200.0,1.0,0.0,0.0,Null,2004/2005,HERETAUNGA ST WEST,NELSON ST NORTH,Fatal Crash,No,2004,West,1.0,,Flat,,,,,Overcast,1490100.0,1.0,0.0,0.0,4.0,0.0,,,Hawke's Bay Region,Nil,2-way,Sealed,0.0,0.0,,50.0,,Null,0.0,0.0,,30.0,Hastings District,Traffic Signals,,,,,0.0,0.0,Urban,1.0,,,Fine
530926,1911606.0,5585458.0,545851.0,0.0,0.0,1.0,South,2017/2018,SH 2,BOUNDARY ROAD,Non-Injury Crash,Yes,2018,South,0.0,0.0,Hill Road,1.0,,0.0,0.0,Overcast,1464900.0,0.0,0.0,0.0,2.0,0.0,0.0,,Hawke's Bay Region,Nil,2-way,Sealed,0.0,0.0,0.0,100.0,0.0,Null,0.0,0.0,,30.0,Hastings District,Unknown,0.0,0.0,0.0,0.0,0.0,0.0,Open,0.0,0.0,0.0,Light rain
275821,1929090.0,5605275.0,548200.0,1.0,0.0,0.0,Null,1999/2000,SOUTHAMPTON ST WEST,CHARLES ST,Fatal Crash,No,2000,West,1.0,,Flat,,,,,Bright sun,1488500.0,0.0,0.0,0.0,2.0,0.0,,,Hawke's Bay Region,Nil,2-way,Sealed,0.0,0.0,,50.0,,Null,0.0,0.0,,30.0,Hastings District,Give way,,,,,1.0,0.0,Urban,0.0,,,Fine
620235,1925547.0,5599977.0,545852.0,0.0,0.0,0.0,North,1999/2000,RAILWAY ROAD SOUTH,PAKIPAKI ON NBD,Minor Crash,No,2000,North,0.0,1.0,Flat,0.0,,0.0,0.0,Dark,1469600.0,2.0,0.0,0.0,2.0,0.0,0.0,,Hawke's Bay Region,Nil,2-way,Sealed,0.0,0.0,0.0,100.0,0.0,None,0.0,0.0,,30.0,Hastings District,Nil,0.0,0.0,0.0,0.0,1.0,0.0,Open,0.0,0.0,0.0,Light rain
59616,1929549.0,5604870.0,548200.0,0.0,0.0,2.0,Null,2007/2008,LYNDON ROAD WEST,MARKET ST SOUTH,Non-Injury Crash,No,2007,North,0.0,,Flat,,,,,Bright sun,1489802.0,0.0,0.0,0.0,2.0,0.0,,,Hawke's Bay Region,Nil,2-way,Sealed,0.0,0.0,,50.0,,Null,0.0,0.0,,30.0,Hastings District,Give way,,,,,0.0,0.0,Urban,0.0,,,Fine
711021,1927296.0,5605131.0,545761.0,0.0,0.0,1.0,Null,2013/2014,MARAEKAKAHO ROAD,YORK ROAD,Non-Injury Crash,No,2013,South,0.0,0.0,Flat,0.0,,0.0,0.0,Dark,1469905.0,0.0,0.0,0.0,2.0,0.0,0.0,,Hawke's Bay Region,Nil,2-way,Sealed,0.0,0.0,0.0,70.0,0.0,On,0.0,0.0,,30.0,Hastings District,Give way,0.0,0.0,0.0,1.0,0.0,0.0,Urban,0.0,0.0,0.0,Fine
154049,1925469.0,5606288.0,548620.0,0.0,0.0,1.0,Null,2003/2004,PETERHEAD AVENUE,WILSON ROAD,Non-Injury Crash,No,2004,East,0.0,1.0,Flat,0.0,,0.0,0.0,Bright sun,1474800.0,0.0,0.0,0.0,2.0,0.0,0.0,,Hawke's Bay Region,Nil,2-way,Sealed,0.0,0.0,0.0,50.0,0.0,Null,0.0,0.0,,30.0,Hastings District,Give way,0.0,0.0,0.0,0.0,0.0,0.0,Urban,0.0,0.0,0.0,Fine
242724,1924776.0,5637667.0,545811.0,0.0,0.0,0.0,South,1999/2000,SH 5,GLENLANDS STN ENT,Minor Crash,Yes,2000,North,0.0,0.0,Hill Road,0.0,Easter,0.0,0.0,Overcast,1414700.0,2.0,0.0,0.0,3.0,0.0,0.0,,Hawke's Bay Region,Nil,2-way,Sealed,0.0,0.0,0.0,100.0,0.0,Null,0.0,0.0,,30.0,Hastings District,Nil,0.0,0.0,0.0,0.0,0.0,0.0,Open,1.0,0.0,0.0,Heavy rain
63570,1935101.0,5606996.0,545722.0,0.0,0.0,2.0,Null,2005/2006,LAWN ROAD,TE MATA MANGATERETERE ROA,Non-Injury Crash,No,2005,West,0.0,,Flat,,,,,Overcast,1406400.0,0.0,0.0,0.0,2.0,0.0,,,Hawke's Bay Region,Nil,2-way,Sealed,0.0,0.0,,100.0,,Null,0.0,0.0,,30.0,Hastings District,Give way,,,,,0.0,0.0,Open,0.0,,,Fine
694886,1929831.0,5602747.0,545762.0,0.0,0.0,1.0,South,2013/2014,NORTON ROAD,COPELAND ROAD,Minor Crash,No,2014,North,0.0,0.0,Flat,0.0,,0.0,0.0,Dark,1468400.0,1.0,0.0,0.0,2.0,0.0,0.0,,Hawke's Bay Region,Bridge,2-way,Sealed,0.0,0.0,0.0,50.0,0.0,None,0.0,0.0,,30.0,Hastings District,Unknown,0.0,0.0,0.0,0.0,0.0,0.0,Urban,0.0,0.0,0.0,Fine
104304,1932834.0,5601937.0,548831.0,0.0,0.0,1.0,Null,2014/2015,NAPIER ROAD,KARANEMA DRIVE,Non-Injury Crash,No,2014,South,0.0,,Flat,,,,,Bright sun,1509100.0,0.0,0.0,0.0,1.0,0.0,,,Hawke's Bay Region,Nil,2-way,Sealed,0.0,0.0,,50.0,,Null,0.0,0.0,,30.0,Hastings District,Give way,,,,,0.0,0.0,Urban,1.0,,,Fine
141736,1928176.0,5605994.0,548500.0,0.0,0.0,1.0,Null,2009/2010,LOWE ST,SUNNYBANK CRESCENT,Minor Crash,No,2009,West,0.0,0.0,Flat,0.0,,0.0,0.0,Dark,1479600.0,1.0,0.0,0.0,2.0,0.0,0.0,,Hawke's Bay Region,Nil,2-way,Sealed,0.0,0.0,0.0,50.0,0.0,On,0.0,0.0,,30.0,Hastings District,Nil,0.0,0.0,0.0,0.0,0.0,0.0,Urban,0.0,0.0,0.0,Fine
456634,1931236.0195,5614371.3534,545831.0,0.0,0.0,1.0,North,2019/2020,050-0005,PAKOWHAI ROAD,Non-Injury Crash,Yes,2019,North,0.0,,Flat,,,,,Dark,1404600.0,0.0,0.0,0.0,3.0,0.0,,,Hawke's Bay Region,Nil,2-way,Sealed,0.0,0.0,,100.0,,On,0.0,0.0,,30.0,Hastings District,Unknown,,,,,0.0,0.0,Open,2.0,,,Fine
686049,1927637.6601,5607425.813999999,548400.0,0.0,0.0,1.0,Null,2018/2019,HAWKES BAY EXPRESSWAY,OMAHU ROAD,Non-Injury Crash,Yes,2019,South,0.0,0.0,Flat,0.0,,0.0,0.0,Dark,1473600.0,0.0,0.0,0.0,2.0,0.0,0.0,,Hawke's Bay Region,Nil,1-way,End of seal,0.0,0.0,0.0,50.0,0.0,On,0.0,0.0,,30.0,Hastings District,Give way,0.0,0.0,0.0,0.0,0.0,0.0,Urban,0.0,0.0,0.0,Light rain
355060,1924543.0,5607905.0,548612.0,0.0,0.0,2.0,East,2002/2003,FLAXMERE AVENUE,DIAZ DRIVE,Non-Injury Crash,No,2002,West,0.0,0.0,Flat,0.0,,0.0,0.0,Bright sun,1474106.0,0.0,0.0,0.0,2.0,0.0,1.0,,Hawke's Bay Region,Nil,2-way,Sealed,0.0,0.0,0.0,50.0,0.0,Null,0.0,0.0,,30.0,Hastings District,Nil,0.0,0.0,0.0,0.0,0.0,0.0,Urban,0.0,0.0,0.0,Fine
569163,1924800.0,5607147.0,548612.0,0.0,0.0,1.0,Null,2004/2005,CAERNARVON DRIVE,TENBY TERRACE,Minor Crash,No,2004,North,0.0,0.0,Flat,0.0,,0.0,0.0,Dark,1474400.0,1.0,0.0,0.0,2.0,0.0,0.0,,Hawke's Bay Region,Nil,2-way,Sealed,0.0,0.0,0.0,50.0,0.0,On,0.0,0.0,,30.0,Hastings District,Nil,0.0,0.0,0.0,1.0,0.0,0.0,Urban,0.0,0.0,0.0,Fine
309936,1929843.1131,5605482.4511,548200.0,1.0,0.0,1.0,Null,2019/2020,ST AUBYN STREET WEST,NELSON STREET NORTH,Non-Injury Crash,No,2020,South,0.0,,Null,,,,,Unknown,1490300.0,0.0,0.0,0.0,2.0,0.0,,,Hawke's Bay Region,Nil,2-way,Sealed,0.0,0.0,,50.0,,Null,0.0,0.0,,30.0,Hastings District,Traffic Signals,,,,,0.0,0.0,Urban,0.0,,,Null
325131,1909186.0,5664769.0,545911.0,0.0,0.0,0.0,North,2008/2009,SH 5,TE HAROTO ROAD,Non-Injury Crash,Yes,2009,West,0.0,,Hill Road,,,,,Bright sun,1414300.0,0.0,0.0,0.0,2.0,0.0,,,Hawke's Bay Region,Nil,2-way,Sealed,0.0,0.0,,100.0,,Null,0.0,0.0,,30.0,Hastings District,Nil,,,,,0.0,0.0,Open,1.0,,,Fine
544622,1936406.0,5609994.0,545730.0,0.0,0.0,2.0,West,2003/2004,MILL ROAD,RICHMOND ROAD,Minor Crash,No,2003,West,0.0,,Flat,,,,,Overcast,1405403.0,1.0,0.0,0.0,2.0,0.0,,,Hawke's Bay Region,Nil,2-way,Sealed,0.0,0.0,,100.0,,Null,0.0,0.0,,30.0,Hastings District,Nil,,,,,0.0,0.0,Open,0.0,,,Fine
446424,1925409.0,5606362.0,548620.0,0.0,0.0,1.0,North,2016/2017,PETERHEAD AVENUE,PETERHEAD PLACE,Serious Crash,No,2017,South,0.0,,Flat,,,,,Bright sun,1474800.0,0.0,0.0,0.0,2.0,0.0,,1.0,Hawke's Bay Region,Nil,2-way,Sealed,0.0,1.0,,50.0,,Null,0.0,0.0,,30.0,Hastings District,Nil,,,,,0.0,0.0,Urban,0.0,,,Fine