OBJECTID,X,Y,areaUnitID,bicycle,bus,carStationWagon,crashDirectionDescription,crashFinancialYear,crashLocation1,crashLocation2,crashSeverity,crashSHDescription,crashYear,directionRoleDescription,fatalCount,fence,flatHill,guardRail,holiday,houseOrBuilding,kerb,light,meshblockId,minorInjuryCount,moped,motorcycle,NumberOfLanes,otherVehicleType,parkedVehicle,pedestrian,region,roadCharacter,roadLane,roadSurface,schoolBus,seriousInjuryCount,slipOrFlood,speedLimit,strayAnimal,streetLight,suv,taxi,temporarySpeedLimit,tlaId,tlaName,trafficControl,trafficIsland,trafficSign,train,tree,truck,unknownVehicleType,urban,vanOrUtility,vehicle,waterRiver,weatherA
556450,1928702.5556,5606355.7245,547800.0,0.0,0.0,1.0,East,2019/2020,OMAHU ROAD,RENATA STREET,Non-Injury Crash,No,2020,South,0.0,,Flat,,,,,Overcast,1477800.0,0.0,0.0,0.0,2.0,0.0,,,Hawke's Bay Region,Nil,2-way,Sealed,0.0,0.0,,50.0,,Off,0.0,0.0,,30.0,Hastings District,Nil,,,,,0.0,0.0,Urban,1.0,,,Fine
213956,1929715.0,5604852.0,548200.0,0.0,0.0,2.0,Null,2001/2002,EASTBOURNE ST WEST,RAILWAY ROAD,Non-Injury Crash,No,2001,East,0.0,,Flat,,,,,Dark,1490000.0,0.0,0.0,0.0,2.0,0.0,,,Hawke's Bay Region,Nil,2-way,Sealed,0.0,0.0,,50.0,,On,0.0,0.0,,30.0,Hastings District,Traffic Signals,,,,,0.0,0.0,Urban,0.0,,,Fine
712991,1929140.0,5598386.0,545852.0,0.0,0.0,1.0,East,2006/2007,MIDDLE ROAD,CRYSTALL ROAD,Minor Crash,No,2006,South,0.0,1.0,Flat,0.0,,0.0,0.0,Bright sun,1465700.0,1.0,0.0,0.0,2.0,0.0,0.0,,Hawke's Bay Region,Nil,2-way,Sealed,0.0,0.0,0.0,100.0,0.0,Null,0.0,0.0,,30.0,Hastings District,Nil,0.0,0.0,0.0,0.0,0.0,0.0,Open,0.0,0.0,0.0,Fine
535413,1930445.0,5605078.0,548200.0,1.0,0.0,1.0,Null,2018/2019,VICTORIA ST,WARREN ST NORTH,Minor Crash,No,2018,North,0.0,,Flat,,,,,Overcast,1494500.0,1.0,0.0,0.0,2.0,0.0,,,Hawke's Bay Region,Nil,2-way,Sealed,0.0,0.0,,50.0,,Null,0.0,0.0,,30.0,Hastings District,Give way,,,,,0.0,0.0,Urban,0.0,,,Mist or Fog
591046,1933106.0625,5602232.2062,548831.0,0.0,0.0,2.0,Null,2019/2020,NAPIER ROAD,GODDARD LANE,Non-Injury Crash,No,2019,South,0.0,0.0,Flat,0.0,,0.0,0.0,Bright sun,1509800.0,0.0,0.0,0.0,1.0,0.0,1.0,,Hawke's Bay Region,Nil,1-way,Sealed,0.0,0.0,0.0,50.0,0.0,Off,0.0,0.0,,30.0,Hastings District,Nil,0.0,0.0,0.0,0.0,0.0,0.0,Urban,0.0,0.0,0.0,Fine
468142,1931613.0,5608421.0,545710.0,0.0,0.0,1.0,Null,2016/2017,PAKOWHAI ROAD,ELWOOD ROAD,Non-Injury Crash,No,2017,North,0.0,0.0,Flat,0.0,,0.0,0.0,Dark,1471100.0,0.0,0.0,0.0,2.0,0.0,0.0,,Hawke's Bay Region,Nil,2-way,Sealed,0.0,0.0,0.0,80.0,0.0,On,0.0,0.0,,30.0,Hastings District,Stop,0.0,1.0,0.0,0.0,0.0,0.0,Open,0.0,0.0,0.0,Fine
680995,1927103.0,5607030.0,545761.0,0.0,0.0,0.0,West,2013/2014,SH 50A,OMAHU ROAD,Minor Crash,Yes,2013,West,0.0,,Flat,,,,,Bright sun,1469905.0,1.0,0.0,0.0,2.0,0.0,,,Hawke's Bay Region,Nil,2-way,Sealed,0.0,0.0,,100.0,,Null,0.0,0.0,,30.0,Hastings District,Nil,,,,,0.0,0.0,Open,1.0,,,Fine
371248,1930161.0,5604861.0,548200.0,0.0,0.0,2.0,Null,2010/2011,AVENUE ROAD EAST,WARREN ST NORTH,Non-Injury Crash,No,2011,South,0.0,,Flat,,,,,Bright sun,1493400.0,0.0,0.0,0.0,2.0,0.0,,,Hawke's Bay Region,Nil,2-way,Sealed,0.0,0.0,,50.0,,Null,0.0,0.0,,30.0,Hastings District,Give way,,,,,0.0,0.0,Urban,0.0,,,Fine
155709,1928034.0,5607003.0,548500.0,0.0,0.0,2.0,North,2016/2017,OMAHU ROAD,NOTTINGLEY ROAD,Non-Injury Crash,No,2017,North,0.0,,Flat,,,,,Dark,1478500.0,0.0,0.0,0.0,2.0,0.0,,,Hawke's Bay Region,Nil,2-way,Sealed,0.0,0.0,,50.0,,On,0.0,0.0,,30.0,Hastings District,Nil,,,,,0.0,0.0,Urban,0.0,,,Fine
105414,1925896.0,5593091.0,545851.0,0.0,0.0,0.0,North,2005/2006,MIDDLE ROAD,BLIND ROAD,Minor Crash,No,2006,North,0.0,1.0,Hill Road,0.0,,0.0,0.0,Dark,1465903.0,1.0,0.0,0.0,2.0,0.0,0.0,,Hawke's Bay Region,Nil,2-way,Sealed,0.0,0.0,0.0,100.0,0.0,None,0.0,0.0,,30.0,Hastings District,Nil,0.0,0.0,0.0,0.0,0.0,0.0,Open,1.0,0.0,0.0,Fine
706203,1936370.0,5600718.0,548833.0,0.0,0.0,1.0,South,2010/2011,WAIMARAMA ROAD,TE MATA ROAD,Minor Crash,No,2011,North,0.0,0.0,Hill Road,0.0,,0.0,0.0,Dark,1466801.0,1.0,0.0,0.0,2.0,0.0,0.0,,Hawke's Bay Region,Nil,2-way,Sealed,0.0,0.0,0.0,100.0,0.0,None,0.0,0.0,,30.0,Hastings District,Nil,0.0,0.0,0.0,1.0,0.0,0.0,Open,0.0,0.0,0.0,Fine
410226,1926806.0,5635833.0,545811.0,0.0,0.0,1.0,West,2006/2007,SH 5,BEATTIE ROAD,Fatal Crash,Yes,2006,West,1.0,,Flat,,,,,Bright sun,1414700.0,5.0,0.0,0.0,2.0,0.0,,,Hawke's Bay Region,Nil,2-way,Sealed,0.0,0.0,,100.0,,Null,1.0,0.0,,30.0,Hastings District,Nil,,,,,0.0,0.0,Open,0.0,,,Fine
468694,1930951.0,5606308.0,547600.0,0.0,0.0,1.0,Null,2014/2015,WILLIAMS ST,NELSON ST NORTH,Minor Crash,No,2015,East,0.0,,Flat,,,,,Dark,1483900.0,2.0,0.0,0.0,2.0,0.0,,,Hawke's Bay Region,Nil,2-way,Sealed,0.0,0.0,,50.0,,On,0.0,0.0,,30.0,Hastings District,Nil,,,,,0.0,0.0,Urban,1.0,,,Fine
452570,1929715.0,5604852.0,548200.0,0.0,0.0,1.0,Null,2006/2007,EASTBOURNE ST WEST,RAILWAY ROAD,Minor Crash,No,2006,South,0.0,,Flat,,,,,Overcast,1490000.0,1.0,0.0,0.0,3.0,0.0,,1.0,Hawke's Bay Region,Nil,2-way,Sealed,0.0,0.0,,50.0,,Null,0.0,0.0,,30.0,Hastings District,Traffic Signals,,,,,0.0,0.0,Urban,0.0,,,Fine
52458,1930695.0,5606079.0,547600.0,1.0,0.0,1.0,East,2009/2010,FREDERICK ST,NELSON ST NORTH,Non-Injury Crash,No,2010,West,0.0,,Flat,,,,,Bright sun,1483500.0,0.0,0.0,0.0,2.0,0.0,,,Hawke's Bay Region,Nil,2-way,Sealed,0.0,0.0,,50.0,,Null,0.0,0.0,,30.0,Hastings District,Nil,,,,,0.0,0.0,Urban,0.0,,,Fine
407491,1927142.0,5605340.0,545761.0,0.0,0.0,2.0,South,2005/2006,YORK ROAD,MARAEKAKAHO ROAD,Minor Crash,No,2005,South,0.0,,Flat,,,,,Bright sun,1469905.0,1.0,0.0,0.0,2.0,0.0,,,Hawke's Bay Region,Nil,2-way,Sealed,0.0,0.0,,100.0,,Null,0.0,0.0,,30.0,Hastings District,Nil,,,,,0.0,0.0,Open,0.0,,,Fine
688408,1929137.0,5605815.0,547700.0,0.0,0.0,1.0,Null,2009/2010,HERETAUNGA ST WEST,GRAYS ROAD,Non-Injury Crash,No,2009,East,0.0,,Flat,,,,,Bright sun,1487300.0,0.0,0.0,0.0,2.0,0.0,,,Hawke's Bay Region,Nil,2-way,Sealed,0.0,0.0,,50.0,,Null,0.0,0.0,,30.0,Hastings District,Give way,,,,,1.0,0.0,Urban,0.0,,,Fine
614518,1932506.0,5606194.0,545721.0,0.0,0.0,1.0,West,2015/2016,SH 2,ST GEORGES ROAD,Minor Crash,Yes,2016,East,0.0,,Flat,,,,,Dark,1472300.0,1.0,0.0,0.0,2.0,0.0,,,Hawke's Bay Region,Nil,2-way,Sealed,0.0,0.0,,50.0,,On,0.0,0.0,,30.0,Hastings District,Unknown,,,,,0.0,0.0,Urban,0.0,,,Fine
552382,1931611.0,5602840.0,545721.0,0.0,0.0,1.0,South,2014/2015,HAVELOCK ROAD,ST GEORGES ROAD,Minor Crash,No,2015,South,0.0,1.0,Flat,0.0,,0.0,0.0,Bright sun,1473000.0,1.0,0.0,0.0,2.0,0.0,0.0,,Hawke's Bay Region,Nil,2-way,Sealed,0.0,0.0,0.0,70.0,0.0,Off,0.0,0.0,,30.0,Hastings District,Nil,0.0,0.0,0.0,0.0,0.0,0.0,Urban,0.0,0.0,0.0,Fine
35816,1930488.0,5610301.0,545832.0,0.0,0.0,1.0,North,2006/2007,SH 50A,EVENDEN ROAD,Minor Crash,Yes,2006,South,0.0,,Flat,,,,,Overcast,1404400.0,1.0,0.0,1.0,2.0,0.0,,,Hawke's Bay Region,Bridge,2-way,Sealed,0.0,0.0,,100.0,,Null,0.0,0.0,,30.0,Hastings District,Nil,,,,,0.0,0.0,Open,0.0,,,Light rain
470972,1940084.0,5594650.0,545860.0,0.0,0.0,1.0,Null,2008/2009,WAIMARAMA ROAD,OCEAN BEACH ROAD,Non-Injury Crash,No,2008,East,0.0,1.0,Flat,0.0,,0.0,0.0,Dark,1467500.0,0.0,0.0,0.0,2.0,0.0,0.0,,Hawke's Bay Region,Nil,2-way,Sealed,0.0,0.0,0.0,100.0,0.0,None,0.0,0.0,,30.0,Hastings District,Give way,0.0,0.0,0.0,1.0,0.0,0.0,Open,0.0,0.0,0.0,Fine
506182,1928167.0,5597559.0,545851.0,0.0,0.0,1.0,South,2007/2008,MIDDLE ROAD,CRYSTALL ROAD,Non-Injury Crash,No,2008,North,0.0,1.0,Hill Road,0.0,,0.0,0.0,Bright sun,1465903.0,0.0,0.0,0.0,2.0,0.0,0.0,,Hawke's Bay Region,Nil,2-way,Sealed,0.0,0.0,0.0,100.0,0.0,Null,0.0,0.0,,30.0,Hastings District,Nil,0.0,0.0,0.0,0.0,0.0,0.0,Open,0.0,0.0,0.0,Fine
154649,1933205.0,5602516.0,548831.0,0.0,0.0,2.0,Null,2001/2002,NAPIER ROAD,CROSSES ROAD,Non-Injury Crash,No,2001,North,0.0,,Flat,,,,,Dark,1509100.0,0.0,0.0,0.0,2.0,0.0,,,Hawke's Bay Region,Nil,2-way,Sealed,0.0,0.0,,50.0,,On,0.0,1.0,,30.0,Hastings District,Give way,,,,,0.0,0.0,Urban,0.0,,,Fine
524027,1936507.0,5595175.0,545860.0,0.0,0.0,1.0,East,2015/2016,WAIMARAMA ROAD,KAHURANAKI ROAD,Serious Crash,No,2016,North,0.0,0.0,Hill Road,0.0,,0.0,0.0,Dark,1467200.0,0.0,0.0,0.0,2.0,0.0,0.0,,Hawke's Bay Region,Nil,2-way,Sealed,0.0,1.0,0.0,100.0,0.0,None,0.0,0.0,,30.0,Hastings District,Unknown,0.0,0.0,0.0,0.0,0.0,0.0,Open,0.0,0.0,0.0,Light rain
600198,1934180.0,5607200.0,545722.0,0.0,0.0,1.0,Null,2012/2013,SH 2,NAPIER ROAD,Non-Injury Crash,Yes,2013,North,0.0,,Flat,,,,,Bright sun,1406200.0,0.0,0.0,0.0,2.0,0.0,,,Hawke's Bay Region,Nil,2-way,Sealed,0.0,0.0,,80.0,,Null,0.0,0.0,,30.0,Hastings District,Give way,,,,,0.0,0.0,Open,1.0,,,Fine
398577,1932383.3035,5602075.6069,548831.0,1.0,0.0,1.0,Null,2019/2020,HAVELOCK ROAD,KARANEMA DRIVE,Non-Injury Crash,No,2020,East,0.0,,Flat,,,,,Twilight,1509100.0,0.0,0.0,0.0,2.0,0.0,,,Hawke's Bay Region,Nil,2-way,Sealed,0.0,0.0,,50.0,,On,0.0,0.0,,30.0,Hastings District,Give way,,,,,0.0,0.0,Urban,0.0,,,Fine
394753,1923748.0,5607920.0,548611.0,0.0,0.0,1.0,South,2010/2011,BANGOR ST,RAMSEY CRESCENT,Non-Injury Crash,No,2011,North,0.0,0.0,Flat,0.0,Queens Birthday,0.0,0.0,Dark,1470315.0,0.0,0.0,0.0,1.0,0.0,0.0,,Hawke's Bay Region,Nil,2-way,Sealed,0.0,0.0,0.0,50.0,0.0,On,0.0,0.0,,30.0,Hastings District,Give way,0.0,0.0,0.0,0.0,0.0,0.0,Urban,0.0,0.0,0.0,Fine
538509,1927241.0,5607698.0,545710.0,0.0,0.0,2.0,West,2005/2006,OMAHU ROAD,WILSON ROAD,Non-Injury Crash,No,2006,West,0.0,,Flat,,,,,Bright sun,1471000.0,0.0,0.0,0.0,2.0,0.0,,,Hawke's Bay Region,Nil,2-way,Sealed,0.0,0.0,,50.0,,Null,0.0,0.0,,30.0,Hastings District,Nil,,,,,0.0,0.0,Urban,0.0,,,Fine
716123,1918947.0,5652702.0,545911.0,0.0,0.0,1.0,South,2007/2008,SH 5,OLSENS GATE,Non-Injury Crash,Yes,2007,South,0.0,0.0,Hill Road,1.0,,0.0,0.0,Overcast,1415900.0,0.0,0.0,0.0,3.0,0.0,0.0,,Hawke's Bay Region,Nil,2-way,Sealed,0.0,0.0,0.0,100.0,0.0,Null,0.0,0.0,,30.0,Hastings District,Nil,0.0,0.0,0.0,0.0,0.0,0.0,Open,0.0,0.0,0.0,Light rain
10881,1931038.0,5605564.0,548000.0,0.0,0.0,1.0,Null,2015/2016,KARAMU ROAD NORTH,GROVE ROAD,Minor Crash,No,2015,South,0.0,,Flat,,,,,Overcast,1495700.0,1.0,0.0,0.0,2.0,0.0,,,Hawke's Bay Region,Nil,2-way,Sealed,0.0,0.0,,50.0,,Off,0.0,0.0,,30.0,Hastings District,Traffic Signals,,,,,0.0,0.0,Urban,1.0,,,Fine
645694,1930184.0,5609587.0,545710.0,1.0,0.0,0.0,North,2013/2014,SH 50A,EVENDEN ROAD,Serious Crash,Yes,2014,North,0.0,0.0,Flat,0.0,,0.0,0.0,Bright sun,1471100.0,0.0,0.0,0.0,2.0,0.0,0.0,,Hawke's Bay Region,Bridge,2-way,Sealed,0.0,1.0,0.0,100.0,0.0,Off,1.0,0.0,,30.0,Hastings District,Nil,0.0,0.0,0.0,0.0,0.0,0.0,Open,0.0,1.0,0.0,Fine
730380,1928499.0,5608566.0,545710.0,0.0,0.0,2.0,East,2006/2007,ORMOND ROAD,OMAHU ROAD,Minor Crash,No,2006,East,0.0,0.0,Flat,0.0,,0.0,0.0,Overcast,1471000.0,1.0,0.0,0.0,2.0,0.0,0.0,,Hawke's Bay Region,Nil,2-way,Sealed,0.0,0.0,0.0,100.0,0.0,None,0.0,0.0,,30.0,Hastings District,Nil,0.0,0.0,0.0,1.0,0.0,0.0,Open,0.0,0.0,0.0,Heavy rain
671324,1924906.0,5607540.0,548612.0,0.0,0.0,0.0,West,2006/2007,BAFFIN PLACE,CHATHAM ROAD,Minor Crash,No,2007,West,0.0,,Flat,,,,,Dark,1474118.0,1.0,0.0,1.0,2.0,0.0,,,Hawke's Bay Region,Nil,2-way,Sealed,0.0,0.0,,50.0,,On,0.0,0.0,,30.0,Hastings District,Nil,,,,,0.0,0.0,Urban,0.0,,,Fine
110929,1932606.0,5606198.0,545721.0,0.0,0.0,1.0,Null,2013/2014,SH 2,ST GEORGES ROAD,Non-Injury Crash,Yes,2014,West,0.0,,Flat,,,,,Overcast,1472300.0,0.0,0.0,0.0,2.0,0.0,,,Hawke's Bay Region,Nil,2-way,Sealed,0.0,0.0,,80.0,,Off,1.0,0.0,,30.0,Hastings District,Stop,,,,,0.0,0.0,Open,0.0,,,Light rain
739388,1924225.0,5608023.0,548611.0,0.0,0.0,2.0,West,2000/2001,FLAXMERE AVENUE,DIAZ DRIVE,Non-Injury Crash,No,2001,North,0.0,,Flat,,,,,Bright sun,1470316.0,0.0,0.0,0.0,2.0,0.0,,,Hawke's Bay Region,Nil,2-way,Sealed,0.0,0.0,,50.0,,Null,0.0,0.0,,30.0,Hastings District,Nil,,,,,0.0,0.0,Urban,0.0,,,Fine
545905,1929851.0,5605275.0,548200.0,0.0,0.0,2.0,Null,2006/2007,KING ST NORTH,AVENUE ROAD WEST,Non-Injury Crash,No,2006,West,0.0,,Flat,,,,,Dark,1490900.0,0.0,0.0,0.0,2.0,0.0,,,Hawke's Bay Region,Nil,2-way,Sealed,0.0,0.0,,50.0,,On,0.0,0.0,,30.0,Hastings District,Give way,,,,,0.0,0.0,Urban,0.0,,,Light rain
358062,1931513.0,5604830.0,548000.0,1.0,0.0,1.0,Null,2017/2018,GROVE ROAD,SYLVAN ROAD,Non-Injury Crash,No,2017,North,0.0,,Flat,,,,,Overcast,1498600.0,0.0,0.0,0.0,2.0,0.0,,,Hawke's Bay Region,Nil,1-way,Sealed,0.0,0.0,,50.0,,Null,0.0,0.0,,30.0,Hastings District,Give way,,,,,0.0,0.0,Urban,0.0,,,Fine
661676,1931153.0,5600843.0,545762.0,0.0,0.0,1.0,Null,2014/2015,GILPIN ROAD,TE AUTE ROAD,Non-Injury Crash,No,2015,North,0.0,1.0,Flat,0.0,,0.0,0.0,Dark,1465200.0,0.0,0.0,0.0,1.0,0.0,0.0,,Hawke's Bay Region,Nil,2-way,Sealed,0.0,0.0,0.0,100.0,0.0,None,0.0,0.0,,30.0,Hastings District,Give way,0.0,0.0,0.0,0.0,0.0,0.0,Open,0.0,0.0,0.0,Fine
698895,1929764.0,5607176.0,545710.0,0.0,0.0,1.0,East,2015/2016,Z GRACELANDS REST HOME,LYNDHURST ROAD,Serious Crash,No,2015,South,0.0,,Flat,,,,,Bright sun,1471300.0,0.0,0.0,0.0,0.0,0.0,,1.0,Hawke's Bay Region,Nil,Off road,Sealed,0.0,1.0,,30.0,,Null,0.0,0.0,,30.0,Hastings District,Nil,,,,,0.0,0.0,Urban,0.0,,,Fine
526816,1932614.0,5609738.0,545710.0,0.0,0.0,0.0,North,2010/2011,PAKOWHAI ROAD,FARNDON ROAD,Non-Injury Crash,No,2011,South,0.0,,Flat,,,,,Bright sun,1471100.0,0.0,0.0,0.0,2.0,0.0,,,Hawke's Bay Region,Bridge,2-way,Sealed,0.0,0.0,,100.0,,Null,1.0,0.0,,30.0,Hastings District,Nil,,,,,0.0,0.0,Open,1.0,,,Fine
572553,1908936.0,5674694.0,545911.0,0.0,0.0,1.0,North,1999/2000,SH 5,TARAWERA TAV,Minor Crash,Yes,2000,North,0.0,,Hill Road,,,,,Overcast,1281200.0,1.0,0.0,0.0,2.0,0.0,,,Hawke's Bay Region,Nil,2-way,Sealed,0.0,0.0,,100.0,,Null,0.0,0.0,,30.0,Hastings District,Nil,,,,,1.0,0.0,Open,0.0,,,Light rain
445084,1940988.8728,5591944.0537,545860.0,0.0,0.0,1.0,North,2019/2020,WAIMARAMA ROAD,WAIMARAMA HEIGHTS,Non-Injury Crash,No,2020,North,0.0,,Hill Road,,Queens Birthday,,,Overcast,1467500.0,0.0,0.0,0.0,2.0,0.0,,,Hawke's Bay Region,Nil,2-way,Sealed,0.0,0.0,,100.0,,None,0.0,0.0,,30.0,Hastings District,Nil,,,,,0.0,0.0,Open,0.0,,,Light rain
128028,1929692.0,5605323.0,548200.0,0.0,0.0,1.0,Null,2007/2008,Z CPK COUNTDOWN,QUEEN/NELSON,Non-Injury Crash,No,2007,South,0.0,,Flat,,,,,Overcast,1490800.0,0.0,0.0,0.0,0.0,0.0,,,Hawke's Bay Region,Nil,Off road,Sealed,0.0,0.0,,50.0,,Null,0.0,0.0,,30.0,Hastings District,Nil,,,,,0.0,0.0,Urban,1.0,,,Fine
623343,1923229.9036,5610796.5213,545710.0,0.0,0.0,1.0,North,2019/2020,SH 50,GORDON STREET,Non-Injury Crash,Yes,2020,North,0.0,1.0,Flat,0.0,,0.0,0.0,Dark,1470400.0,0.0,0.0,0.0,2.0,0.0,0.0,,Hawke's Bay Region,Nil,2-way,Sealed,0.0,0.0,0.0,50.0,0.0,On,0.0,0.0,,30.0,Hastings District,Nil,0.0,0.0,0.0,0.0,0.0,0.0,Urban,0.0,0.0,0.0,Fine
488738,1931998.0,5603156.0,545721.0,0.0,0.0,2.0,South,2002/2003,ST GEORGES ROAD,CROSSES ROAD,Non-Injury Crash,No,2003,North,0.0,,Flat,,,,,Bright sun,1473000.0,0.0,0.0,0.0,2.0,0.0,,,Hawke's Bay Region,Nil,2-way,Sealed,0.0,0.0,,100.0,,Null,0.0,0.0,,30.0,Hastings District,Nil,,,,,0.0,0.0,Open,0.0,,,Fine
742166,1930915.9171,5607893.0804,545710.0,0.0,0.0,1.0,Null,2019/2020,PAKOWHAI ROAD,RICHMOND ROAD,Minor Crash,No,2020,South,0.0,,Flat,,,,,Bright sun,1471100.0,1.0,0.0,1.0,2.0,0.0,,,Hawke's Bay Region,Nil,2-way,Sealed,0.0,0.0,,80.0,,Off,0.0,0.0,,30.0,Hastings District,Give way,,,,,0.0,0.0,Open,0.0,,,Fine
528046,1928503.0,5606043.0,548500.0,0.0,0.0,2.0,Null,2010/2011,MARAEKAKAHO ROAD,SOUTHAMPTON ST WEST,Non-Injury Crash,No,2011,North,0.0,,Flat,,,,,Twilight,1479600.0,0.0,0.0,0.0,2.0,0.0,,,Hawke's Bay Region,Nil,2-way,Sealed,0.0,0.0,,50.0,,On,0.0,0.0,,30.0,Hastings District,Traffic Signals,,,,,0.0,0.0,Urban,0.0,,,Fine
389834,1927206.0,5613493.0,545822.0,0.0,0.0,1.0,South,2012/2013,SH 50 KOROKIPO RAOD,OMARUNUI ROAD,Non-Injury Crash,Yes,2013,North,0.0,,Flat,,,,,Bright sun,1408800.0,0.0,0.0,0.0,2.0,0.0,,,Hawke's Bay Region,Nil,2-way,Sealed,0.0,0.0,,100.0,,Null,0.0,0.0,,30.0,Hastings District,Nil,,,,,0.0,0.0,Open,1.0,,,Fine
44850,1932957.0,5601787.0,548832.0,0.0,0.0,1.0,South,2009/2010,DUART ROAD,TE MATA ROAD,Non-Injury Crash,No,2009,North,0.0,0.0,Hill Road,0.0,,0.0,0.0,Dark,1508400.0,0.0,0.0,0.0,2.0,0.0,0.0,,Hawke's Bay Region,Nil,2-way,Sealed,0.0,0.0,0.0,50.0,0.0,On,0.0,0.0,,30.0,Hastings District,Nil,0.0,0.0,0.0,0.0,0.0,0.0,Urban,0.0,0.0,0.0,Fine
477890,1925877.0,5608177.0,548400.0,0.0,0.0,2.0,North,2001/2002,CHATHAM ROAD,HAZELWOOD ST,Non-Injury Crash,No,2002,South,0.0,1.0,Flat,0.0,,0.0,0.0,Bright sun,1473400.0,0.0,0.0,0.0,2.0,0.0,1.0,,Hawke's Bay Region,Nil,2-way,Sealed,0.0,0.0,0.0,70.0,0.0,Null,0.0,0.0,,30.0,Hastings District,Nil,0.0,0.0,0.0,0.0,0.0,0.0,Urban,0.0,0.0,0.0,Fine
530079,1925549.5221,5603238.7894,545842.0,0.0,0.0,1.0,Null,2018/2019,PAKIPAKI ROAD,MARAEKAKAHO ROAD,Non-Injury Crash,Yes,2018,North,0.0,0.0,Flat,0.0,,0.0,0.0,Dark,1470214.0,0.0,0.0,0.0,2.0,0.0,0.0,,Hawke's Bay Region,Nil,2-way,Sealed,0.0,0.0,0.0,100.0,0.0,On,0.0,0.0,,30.0,Hastings District,Give way,1.0,0.0,0.0,1.0,0.0,0.0,Open,0.0,0.0,0.0,Fine
667194,1929931.0,5604159.0,548200.0,0.0,0.0,2.0,Null,2004/2005,WILLOWPARK ROAD SOUTH,SOUTHAMPTON ST EAST,Non-Injury Crash,No,2005,North,0.0,,Flat,,,,,Overcast,1493600.0,0.0,0.0,0.0,2.0,0.0,,,Hawke's Bay Region,Nil,2-way,Sealed,0.0,0.0,,50.0,,Null,0.0,0.0,,30.0,Hastings District,Stop,,,,,0.0,0.0,Urban,0.0,,,Fine
266438,1924970.0,5597980.0,545851.0,0.0,0.0,1.0,South,2002/2003,SH 2,OLD MAIN ROAD,Minor Crash,Yes,2003,North,0.0,1.0,Flat,0.0,Easter,0.0,0.0,Dark,1463900.0,1.0,0.0,0.0,2.0,0.0,0.0,,Hawke's Bay Region,Nil,2-way,Sealed,0.0,0.0,0.0,100.0,0.0,None,0.0,0.0,,30.0,Hastings District,Nil,0.0,0.0,0.0,0.0,0.0,0.0,Open,0.0,0.0,0.0,Light rain
701319,1930349.0,5613674.0,545831.0,0.0,0.0,1.0,South,2007/2008,SH 50,LINKS ROAD,Non-Injury Crash,Yes,2007,North,0.0,,Flat,,,,,Overcast,1404600.0,0.0,0.0,0.0,2.0,0.0,,,Hawke's Bay Region,Nil,2-way,Sealed,0.0,0.0,,100.0,,Null,0.0,0.0,,30.0,Hastings District,Nil,,,,,0.0,0.0,Open,1.0,,,Fine
109115,1928499.0418,5606039.8139,548500.0,0.0,0.0,0.0,Null,2018/2019,MARAEKAKAHO ROAD,ORCHARD ROAD,Non-Injury Crash,No,2018,North,0.0,0.0,Flat,0.0,,0.0,0.0,Bright sun,1479600.0,0.0,0.0,0.0,2.0,0.0,0.0,,Hawke's Bay Region,Nil,2-way,Sealed,0.0,0.0,0.0,50.0,0.0,Off,0.0,0.0,,30.0,Hastings District,Traffic Signals,0.0,1.0,0.0,0.0,1.0,0.0,Urban,0.0,0.0,0.0,Fine
338319,1928501.0,5604642.0,547900.0,0.0,0.0,1.0,Null,2007/2008,GASCOIGNE ST,SOUTHLAND ROAD,Non-Injury Crash,No,2007,West,0.0,0.0,Flat,0.0,,1.0,0.0,Dark,1482000.0,0.0,0.0,0.0,2.0,0.0,0.0,,Hawke's Bay Region,Nil,2-way,Sealed,0.0,0.0,0.0,50.0,0.0,On,0.0,0.0,,30.0,Hastings District,Give way,1.0,0.0,0.0,1.0,0.0,0.0,Urban,0.0,0.0,0.0,Fine
314372,1930341.0,5604822.0,548200.0,0.0,0.0,2.0,Null,2013/2014,ST AUBYN ST EAST,HASTINGS ST NORTH,Non-Injury Crash,No,2013,South,0.0,,Flat,,Christmas New Year,,,Overcast,1494400.0,0.0,0.0,0.0,2.0,0.0,,,Hawke's Bay Region,Nil,2-way,Sealed,0.0,0.0,,50.0,,Off,0.0,0.0,,30.0,Hastings District,Stop,,,,,0.0,0.0,Urban,0.0,,,Light rain
636170,1929578.0,5605234.0,548200.0,0.0,0.0,2.0,East,1999/2000,HERETAUNGA ST WEST,NELSON ST NORTH,Non-Injury Crash,No,2000,West,0.0,,Flat,,,,,Bright sun,1490700.0,0.0,0.0,0.0,2.0,0.0,,,Hawke's Bay Region,Nil,2-way,Sealed,0.0,0.0,,50.0,,Null,0.0,0.0,,30.0,Hastings District,Nil,,,,,0.0,0.0,Urban,0.0,,,Fine
616941,1935101.0,5606996.0,545722.0,0.0,0.0,2.0,Null,2003/2004,LAWN ROAD,PILCHER ROAD,Non-Injury Crash,No,2003,South,0.0,,Flat,,,,,Overcast,1406400.0,0.0,0.0,0.0,2.0,0.0,,,Hawke's Bay Region,Nil,2-way,Sealed,0.0,0.0,,100.0,,Null,0.0,0.0,,30.0,Hastings District,Give way,,,,,0.0,0.0,Open,0.0,,,Fine