OBJECTID,X,Y,areaUnitID,bicycle,bus,carStationWagon,crashDirectionDescription,crashFinancialYear,crashLocation1,crashLocation2,crashSeverity,crashSHDescription,crashYear,directionRoleDescription,fatalCount,fence,flatHill,guardRail,holiday,houseOrBuilding,kerb,light,meshblockId,minorInjuryCount,moped,motorcycle,NumberOfLanes,otherVehicleType,parkedVehicle,pedestrian,region,roadCharacter,roadLane,roadSurface,schoolBus,seriousInjuryCount,slipOrFlood,speedLimit,strayAnimal,streetLight,suv,taxi,temporarySpeedLimit,tlaId,tlaName,trafficControl,trafficIsland,trafficSign,train,tree,truck,unknownVehicleType,urban,vanOrUtility,vehicle,waterRiver,weatherA
450301,1929472.0,5608805.0,545710.0,0.0,0.0,1.0,Null,2017/2018,EVENDEN ROAD,SH 50A,Non-Injury Crash,Yes,2017,South,0.0,0.0,Flat,0.0,,0.0,1.0,Dark,1471201.0,0.0,0.0,0.0,2.0,0.0,0.0,,Hawke's Bay Region,Nil,2-way,Sealed,0.0,0.0,0.0,100.0,0.0,On,0.0,0.0,,30.0,Hastings District,Give way,0.0,0.0,0.0,0.0,0.0,0.0,Open,0.0,0.0,0.0,Fine
311692,1928541.0,5606511.0,547800.0,1.0,0.0,1.0,South,2005/2006,OMAHU ROAD,HAPUKA ST,Serious Crash,No,2006,South,0.0,,Flat,,,,,Dark,1477700.0,0.0,0.0,0.0,2.0,0.0,,,Hawke's Bay Region,Nil,2-way,Sealed,0.0,1.0,,50.0,,On,0.0,0.0,,30.0,Hastings District,Nil,,,,,0.0,0.0,Urban,0.0,,,Fine
325601,1936195.0,5611781.0,545832.0,0.0,0.0,1.0,North,2002/2003,SH 2,FARNDON ROAD,Non-Injury Crash,Yes,2003,North,0.0,,Flat,,,,,Bright sun,1404200.0,0.0,0.0,0.0,2.0,0.0,,,Hawke's Bay Region,Nil,2-way,Sealed,0.0,0.0,,50.0,,Null,0.0,0.0,,30.0,Hastings District,Nil,,,,,1.0,0.0,Urban,0.0,,,Fine
675352,1926330.0,5597413.0,545851.0,0.0,0.0,1.0,South,2017/2018,MUTINY ROAD,ENFIELD DRIVE,Non-Injury Crash,No,2018,South,0.0,,Flat,,,,,Dark,1466001.0,0.0,0.0,0.0,1.0,0.0,,,Hawke's Bay Region,Nil,1-way,Sealed,0.0,0.0,,100.0,,None,0.0,0.0,,30.0,Hastings District,Unknown,,,,,0.0,0.0,Open,0.0,,,Fine
541726,1929267.0,5604304.0,548300.0,0.0,0.0,1.0,North,2013/2014,KARAMU ROAD SOUTH,MARTIN DALE,Non-Injury Crash,No,2014,North,0.0,,Flat,,,,,Bright sun,1503201.0,0.0,0.0,0.0,2.0,0.0,,,Hawke's Bay Region,Nil,2-way,Sealed,0.0,0.0,,50.0,,Null,0.0,0.0,,30.0,Hastings District,Nil,,,,,0.0,0.0,Urban,1.0,,,Fine
232008,1925549.0,5606349.0,548620.0,0.0,0.0,2.0,North,2009/2010,WILSON ROAD,PETERHEAD AVENUE,Minor Crash,No,2009,North,0.0,0.0,Flat,0.0,,0.0,0.0,Dark,1475300.0,2.0,0.0,0.0,2.0,0.0,2.0,,Hawke's Bay Region,Nil,2-way,Sealed,0.0,0.0,0.0,50.0,0.0,On,1.0,0.0,,30.0,Hastings District,Nil,0.0,0.0,0.0,0.0,0.0,0.0,Urban,0.0,0.0,0.0,Fine
419672,1935531.0,5634410.0,545812.0,0.0,0.0,1.0,North,1999/2000,WHIRINAKI ROAD,SH 2,Non-Injury Crash,No,2000,South,0.0,,Flat,,,,,Bright sun,1414904.0,0.0,0.0,1.0,2.0,0.0,,,Hawke's Bay Region,Nil,2-way,Sealed,0.0,0.0,,100.0,,Null,0.0,0.0,,30.0,Hastings District,Pointsman,,,,,0.0,0.0,Open,0.0,,,Fine
581277,1930912.0,5607891.0,545710.0,0.0,0.0,1.0,Null,2008/2009,PAKOWHAI ROAD,RICHMOND ROAD,Non-Injury Crash,No,2008,South,0.0,,Flat,,,,,Bright sun,1471100.0,0.0,0.0,0.0,2.0,0.0,,,Hawke's Bay Region,Nil,2-way,Sealed,0.0,0.0,,70.0,,Null,0.0,0.0,,30.0,Hastings District,Give way,,,,,0.0,0.0,Urban,1.0,,,Fine
580048,1919848.0,5642952.0,545811.0,0.0,0.0,1.0,South,2006/2007,SH 5,PALMER ROAD,Minor Crash,Yes,2006,West,0.0,0.0,Hill Road,0.0,Labour Weekend,0.0,0.0,Overcast,1414700.0,1.0,0.0,0.0,2.0,0.0,0.0,,Hawke's Bay Region,Nil,2-way,Sealed,0.0,0.0,0.0,100.0,0.0,Null,0.0,0.0,,30.0,Hastings District,Nil,0.0,0.0,0.0,0.0,0.0,0.0,Open,0.0,0.0,0.0,Light rain
549790,1926010.1835,5605470.3449,545842.0,0.0,0.0,1.0,South,2019/2020,HAWKES BAY EXPRESSWAY,YORK ROAD,Non-Injury Crash,Yes,2019,North,0.0,0.0,Flat,1.0,,0.0,0.0,Dark,1470101.0,0.0,0.0,0.0,2.0,0.0,0.0,,Hawke's Bay Region,Nil,2-way,Sealed,0.0,0.0,0.0,100.0,0.0,None,0.0,0.0,,30.0,Hastings District,Unknown,0.0,0.0,0.0,0.0,0.0,0.0,Open,0.0,0.0,0.0,Fine
397613,1932537.0,5603588.0,545721.0,0.0,0.0,1.0,Null,2005/2006,CROSSES ROAD,ST GEORGES ROAD,Non-Injury Crash,No,2005,North,0.0,0.0,Flat,0.0,,0.0,0.0,Bright sun,1472702.0,0.0,0.0,0.0,2.0,0.0,0.0,,Hawke's Bay Region,Nil,2-way,Sealed,0.0,0.0,0.0,100.0,0.0,Null,1.0,0.0,,30.0,Hastings District,Give way,0.0,0.0,0.0,1.0,0.0,0.0,Open,0.0,0.0,0.0,Fine
67941,1926278.0,5608068.0,548400.0,0.0,0.0,1.0,West,2012/2013,OMAHU ROAD,HENDERSON ROAD,Serious Crash,No,2012,West,0.0,0.0,Flat,0.0,,0.0,0.0,Dark,1473400.0,0.0,0.0,0.0,2.0,0.0,0.0,,Hawke's Bay Region,Nil,2-way,Sealed,0.0,1.0,0.0,50.0,0.0,On,0.0,0.0,,30.0,Hastings District,Nil,0.0,0.0,0.0,0.0,0.0,0.0,Urban,0.0,0.0,0.0,Fine
401856,1928842.0,5603900.0,547900.0,0.0,0.0,2.0,Null,2001/2002,MURDOCH ROAD WEST,RAILWAY ROAD,Non-Injury Crash,No,2002,East,0.0,,Flat,,Easter,,,Bright sun,1482600.0,0.0,0.0,0.0,2.0,0.0,,,Hawke's Bay Region,Nil,2-way,Sealed,0.0,0.0,,70.0,,Null,0.0,0.0,,30.0,Hastings District,Stop,,,,,0.0,0.0,Urban,0.0,,,Fine
336303,1925496.0,5603229.0,545842.0,0.0,0.0,1.0,West,2009/2010,MARAEKAKAHO ROAD,LONGLANDS ROAD WEST,Non-Injury Crash,No,2010,East,0.0,,Flat,,,,,Bright sun,1470213.0,0.0,0.0,0.0,2.0,0.0,,,Hawke's Bay Region,Nil,2-way,Sealed,0.0,0.0,,100.0,,Null,0.0,0.0,,30.0,Hastings District,Nil,,,,,1.0,0.0,Open,0.0,,,Fine
105228,1930136.0,5601986.0,545762.0,0.0,0.0,1.0,North,2014/2015,ST GEORGES ROAD,TE AUTE ROAD,Minor Crash,No,2015,West,0.0,1.0,Flat,0.0,,0.0,0.0,Overcast,1468400.0,3.0,0.0,0.0,2.0,0.0,0.0,,Hawke's Bay Region,Nil,2-way,Sealed,0.0,0.0,0.0,100.0,0.0,None,0.0,0.0,,30.0,Hastings District,Nil,0.0,0.0,0.0,1.0,0.0,0.0,Open,0.0,0.0,0.0,Heavy rain
238435,1923295.0,5610746.0,545710.0,0.0,0.0,1.0,South,2004/2005,SH 50,GORDON ST,Minor Crash,Yes,2004,North,0.0,1.0,Flat,0.0,,0.0,0.0,Bright sun,1470400.0,1.0,0.0,0.0,2.0,0.0,0.0,,Hawke's Bay Region,Nil,2-way,Sealed,0.0,0.0,0.0,50.0,0.0,Null,0.0,0.0,,30.0,Hastings District,Nil,0.0,0.0,0.0,0.0,0.0,0.0,Urban,0.0,0.0,0.0,Fine
13028,1936631.0,5663936.0,545911.0,0.0,0.0,0.0,North,1999/2000,HEAYS ACCESS ROAD,MATAHORUA ROAD,Minor Crash,No,2000,South,0.0,,Hill Road,,,,,Bright sun,1416100.0,6.0,0.0,0.0,2.0,0.0,,,Hawke's Bay Region,Nil,2-way,Sealed,0.0,0.0,,100.0,,Null,0.0,0.0,,30.0,Hastings District,Nil,,,,,0.0,0.0,Open,1.0,,,Fine
433931,1928834.54,5606216.6466,547700.0,0.0,0.0,0.0,South,2019/2020,HERETAUNGA STREET WEST,MARAEKAKAHO ROAD,Non-Injury Crash,No,2020,North,0.0,,Flat,,,,,Overcast,1486600.0,0.0,0.0,0.0,2.0,0.0,,,Hawke's Bay Region,Nil,2-way,Sealed,0.0,0.0,,50.0,,Off,2.0,0.0,,30.0,Hastings District,Nil,,,,,0.0,0.0,Urban,0.0,,,Heavy rain
405571,1929575.0,5604571.0,548300.0,0.0,0.0,2.0,South,2003/2004,KARAMU ROAD SOUTH,LYNDON ROAD EAST,Serious Crash,No,2003,North,0.0,,Flat,,,,,Bright sun,1503100.0,1.0,0.0,0.0,2.0,0.0,,,Hawke's Bay Region,Nil,2-way,Sealed,0.0,1.0,,50.0,,Null,0.0,0.0,,30.0,Hastings District,Nil,,,,,0.0,0.0,Urban,0.0,,,Fine
626087,1928915.0,5603978.0,547900.0,0.0,0.0,1.0,Null,2005/2006,RAILWAY ROAD,GARNETT ST,Minor Crash,No,2006,North,0.0,,Flat,,,,,Dark,1482500.0,1.0,0.0,1.0,2.0,0.0,,,Hawke's Bay Region,Nil,2-way,Sealed,0.0,0.0,,70.0,,On,0.0,0.0,,30.0,Hastings District,Give way,,,,,0.0,0.0,Urban,0.0,,,Light rain
461172,1923252.1307,5610775.4304,545710.0,0.0,0.0,1.0,Null,2019/2020,SH 50,GORDON STREET,Non-Injury Crash,Yes,2019,North,0.0,,Flat,,,,,Dark,1469703.0,0.0,0.0,0.0,1.0,0.0,,,Hawke's Bay Region,Nil,2-way,Sealed,0.0,0.0,,50.0,,On,0.0,0.0,,30.0,Hastings District,Nil,,,,,0.0,0.0,Urban,1.0,,,Fine
97882,1928088.2162,5608260.1561,545710.0,0.0,0.0,0.0,North,2018/2019,ORMOND ROAD,OMAHU ROAD,Non-Injury Crash,No,2018,South,0.0,0.0,Flat,0.0,,0.0,0.0,Dark,1471201.0,0.0,0.0,0.0,2.0,0.0,0.0,,Hawke's Bay Region,Nil,2-way,Sealed,0.0,0.0,0.0,60.0,0.0,None,0.0,0.0,,30.0,Hastings District,Unknown,0.0,0.0,0.0,0.0,0.0,0.0,Urban,1.0,0.0,0.0,Light rain
735265,1897058.0,5629812.0,545912.0,0.0,0.0,0.0,West,2006/2007,TAIHAPE ROAD,WILLOWFORD ROAD,Minor Crash,No,2007,East,0.0,0.0,Hill Road,0.0,,0.0,0.0,Bright sun,1409700.0,1.0,0.0,0.0,2.0,0.0,0.0,,Hawke's Bay Region,Nil,2-way,Sealed,0.0,0.0,0.0,100.0,0.0,Null,0.0,0.0,,30.0,Hastings District,Nil,0.0,0.0,0.0,0.0,1.0,0.0,Open,0.0,0.0,0.0,Fine
364987,1929142.5055,5605810.6555,547700.0,0.0,0.0,0.0,Null,2020/2021,HERETAUNGA STREET WEST,GRAYS ROAD,Minor Crash,No,2020,South,0.0,,Flat,,,,,Overcast,1487800.0,2.0,0.0,0.0,2.0,0.0,,,Hawke's Bay Region,Nil,2-way,Sealed,0.0,0.0,,50.0,,Off,1.0,0.0,,30.0,Hastings District,Give way,,,,,0.0,0.0,Urban,1.0,,,Fine
736476,1936300.0,5608329.0,545722.0,0.0,0.0,0.0,South,2011/2012,LAWN ROAD,MILL ROAD,Non-Injury Crash,No,2011,South,0.0,0.0,Flat,0.0,,0.0,0.0,Bright sun,1406501.0,0.0,0.0,0.0,2.0,0.0,0.0,,Hawke's Bay Region,Nil,2-way,Sealed,0.0,0.0,0.0,100.0,0.0,Null,0.0,0.0,,30.0,Hastings District,Nil,0.0,0.0,0.0,0.0,1.0,0.0,Open,1.0,0.0,0.0,Fine
129432,1928729.0,5604356.0,547900.0,0.0,0.0,1.0,Null,2001/2002,FREYBERG ST,GASCOIGNE ST,Non-Injury Crash,No,2002,South,0.0,0.0,Flat,0.0,,0.0,0.0,Dark,1482400.0,0.0,0.0,0.0,2.0,0.0,0.0,,Hawke's Bay Region,Nil,2-way,Sealed,0.0,0.0,0.0,50.0,0.0,On,0.0,0.0,,30.0,Hastings District,Give way,0.0,0.0,0.0,0.0,0.0,0.0,Urban,0.0,0.0,0.0,Fine
99379,1924870.0,5603479.0,545842.0,0.0,0.0,2.0,East,2012/2013,MARAEKAKAHO ROAD,STOCK ROAD,Non-Injury Crash,No,2013,West,0.0,0.0,Flat,0.0,,0.0,0.0,Overcast,1470213.0,0.0,0.0,0.0,2.0,0.0,0.0,,Hawke's Bay Region,Nil,2-way,Sealed,0.0,0.0,0.0,100.0,0.0,Null,0.0,0.0,,30.0,Hastings District,Nil,0.0,0.0,0.0,0.0,0.0,0.0,Open,0.0,1.0,0.0,Fine
229238,1934267.0,5601817.0,548831.0,0.0,0.0,1.0,Null,2017/2018,TE MATA ROAD,EVEREST AVENUE,Serious Crash,No,2018,East,0.0,,Flat,,,,,Bright sun,1510100.0,0.0,0.0,1.0,2.0,0.0,,,Hawke's Bay Region,Nil,2-way,Sealed,0.0,1.0,,50.0,,Null,0.0,0.0,,30.0,Hastings District,Give way,,,,,0.0,0.0,Urban,0.0,,,Fine
686582,1930912.0,5607891.0,545710.0,0.0,0.0,1.0,Null,2004/2005,PAKOWHAI ROAD,RICHMOND ROAD,Non-Injury Crash,No,2004,West,0.0,0.0,Flat,0.0,,0.0,0.0,Dark,1471100.0,0.0,0.0,0.0,2.0,0.0,0.0,,Hawke's Bay Region,Nil,2-way,Sealed,0.0,0.0,0.0,70.0,0.0,On,0.0,0.0,,30.0,Hastings District,Give way,0.0,0.0,0.0,0.0,0.0,0.0,Urban,0.0,0.0,0.0,Light rain
321073,1925024.0,5606570.0,548620.0,0.0,0.0,1.0,East,2009/2010,Z DWAY 80 LPOOL CRESCENT,LIVERPOOL/SUNDERLAND,Non-Injury Crash,No,2009,North,0.0,1.0,Flat,0.0,,0.0,0.0,Dark,1474900.0,0.0,0.0,0.0,0.0,0.0,0.0,,Hawke's Bay Region,Nil,Off road,Sealed,0.0,0.0,0.0,50.0,0.0,On,0.0,0.0,,30.0,Hastings District,Nil,0.0,0.0,0.0,0.0,0.0,0.0,Urban,0.0,0.0,0.0,Light rain
385660,1916891.0,5608637.0,545821.0,0.0,0.0,0.0,South,2017/2018,OHITI ROAD,TAUHARA ROAD,Non-Injury Crash,No,2018,East,0.0,0.0,Flat,0.0,,0.0,0.0,Overcast,1409000.0,0.0,0.0,0.0,2.0,0.0,0.0,,Hawke's Bay Region,Nil,2-way,Sealed,0.0,0.0,0.0,100.0,0.0,Null,0.0,0.0,,30.0,Hastings District,Unknown,0.0,0.0,0.0,1.0,0.0,0.0,Open,1.0,0.0,0.0,Light rain
517251,1929777.0,5603940.0,548300.0,0.0,0.0,2.0,North,2004/2005,ELM ROAD,OAK ROAD,Non-Injury Crash,No,2005,North,0.0,0.0,Flat,0.0,,0.0,0.0,Dark,1502300.0,0.0,0.0,0.0,2.0,0.0,1.0,,Hawke's Bay Region,Nil,2-way,Sealed,0.0,0.0,0.0,50.0,0.0,On,0.0,0.0,,30.0,Hastings District,Nil,0.0,0.0,0.0,0.0,0.0,0.0,Urban,0.0,0.0,0.0,Fine
129311,1936135.0,5611005.0,545730.0,0.0,0.0,1.0,East,2018/2019,SH 2,TUCKER LANE,Non-Injury Crash,Yes,2018,West,0.0,,Flat,,,,,Bright sun,1405500.0,0.0,0.0,0.0,2.0,0.0,,,Hawke's Bay Region,Nil,2-way,Sealed,0.0,0.0,,50.0,,Null,0.0,0.0,,30.0,Hastings District,Unknown,,,,,0.0,0.0,Urban,1.0,,,Fine
448906,1929560.0,5605055.0,548200.0,0.0,0.0,1.0,Null,2000/2001,KING ST SOUTH,EASTBOURNE ST WEST,Non-Injury Crash,No,2000,North,0.0,0.0,Flat,0.0,,0.0,0.0,Overcast,1489400.0,0.0,0.0,0.0,2.0,0.0,0.0,,Hawke's Bay Region,Nil,2-way,Sealed,0.0,0.0,0.0,50.0,0.0,Null,0.0,0.0,,30.0,Hastings District,Give way,0.0,0.0,0.0,0.0,0.0,0.0,Urban,0.0,0.0,0.0,Light rain
585728,1929054.0,5606546.0,547800.0,0.0,0.0,2.0,West,2007/2008,FRIMLEY ROAD,PAKOWHAI ROAD,Non-Injury Crash,No,2008,West,0.0,,Flat,,,,,Bright sun,1477500.0,0.0,0.0,0.0,2.0,0.0,,,Hawke's Bay Region,Nil,2-way,Sealed,0.0,0.0,,50.0,,Null,0.0,0.0,,30.0,Hastings District,Nil,,,,,0.0,0.0,Urban,0.0,,,Fine
224408,1930185.0,5605031.0,548200.0,0.0,0.0,1.0,Null,2003/2004,KARAMU ROAD NORTH,ST AUBYN ST EAST,Minor Crash,No,2004,North,0.0,,Flat,,,,,Overcast,1494100.0,1.0,0.0,0.0,4.0,0.0,,,Hawke's Bay Region,Nil,2-way,Sealed,0.0,0.0,,50.0,,Null,0.0,0.0,,30.0,Hastings District,Traffic Signals,,,,,0.0,0.0,Urban,2.0,,,Light rain
382179,1935897.0,5639914.0,545811.0,0.0,0.0,0.0,North,2005/2006,SH 2,TANGOIO SETTLEMENT ROAD S,Non-Injury Crash,Yes,2005,North,0.0,0.0,Flat,0.0,,0.0,0.0,Overcast,1415700.0,0.0,0.0,0.0,2.0,0.0,0.0,,Hawke's Bay Region,Nil,2-way,Sealed,0.0,0.0,0.0,100.0,0.0,Null,1.0,0.0,,30.0,Hastings District,Nil,0.0,0.0,0.0,0.0,0.0,0.0,Open,0.0,0.0,0.0,Heavy rain
123832,1932460.0,5601614.0,548810.0,0.0,0.0,0.0,Null,2013/2014,PORTER DRIVE,TE AUTE ROAD,Non-Injury Crash,No,2013,North,0.0,0.0,Flat,0.0,,0.0,0.0,Dark,1505700.0,0.0,0.0,0.0,2.0,0.0,0.0,,Hawke's Bay Region,Nil,2-way,Sealed,0.0,0.0,0.0,50.0,0.0,On,1.0,0.0,,30.0,Hastings District,Give way,0.0,0.0,0.0,1.0,0.0,0.0,Urban,0.0,0.0,0.0,Light rain
699058,1929313.0,5606678.0,547800.0,0.0,0.0,1.0,Null,2008/2009,FITZROY AVENUE,PAKOWHAI ROAD,Non-Injury Crash,No,2008,West,0.0,0.0,Flat,0.0,,0.0,0.0,Overcast,1477600.0,0.0,0.0,0.0,2.0,0.0,1.0,,Hawke's Bay Region,Nil,2-way,Sealed,0.0,0.0,0.0,50.0,0.0,Null,0.0,0.0,,30.0,Hastings District,Give way,0.0,0.0,0.0,0.0,0.0,0.0,Urban,1.0,0.0,0.0,Fine
306050,1943030.7812,5659403.8361,545911.0,0.0,0.0,0.0,North,2019/2020,SH 2,MATAHORUA ROAD,Minor Crash,Yes,2020,North,0.0,0.0,Flat,0.0,,0.0,0.0,Overcast,1415100.0,3.0,0.0,0.0,2.0,0.0,0.0,,Hawke's Bay Region,Nil,2-way,Sealed,0.0,0.0,0.0,100.0,0.0,None,0.0,0.0,,30.0,Hastings District,Nil,0.0,0.0,0.0,0.0,0.0,0.0,Open,1.0,0.0,0.0,Light rain
380074,1929387.0,5614231.0,545831.0,0.0,0.0,2.0,Null,2010/2011,SH 50,WAIOHIKI ROAD,Minor Crash,Yes,2011,South,0.0,,Flat,,,,,Bright sun,1409400.0,2.0,0.0,0.0,2.0,0.0,,,Hawke's Bay Region,Nil,2-way,Sealed,0.0,0.0,,100.0,,Null,0.0,0.0,,30.0,Hastings District,Give way,,,,,0.0,0.0,Open,0.0,,,Fine
147830,1937728.0,5608517.0,545740.0,0.0,0.0,1.0,North,2007/2008,MILL ROAD,TUKITUKI ROAD,Minor Crash,No,2008,South,0.0,1.0,Hill Road,0.0,,0.0,0.0,Bright sun,1407700.0,1.0,0.0,0.0,2.0,0.0,0.0,,Hawke's Bay Region,Nil,2-way,Sealed,0.0,0.0,0.0,100.0,0.0,Null,0.0,0.0,,30.0,Hastings District,Nil,0.0,0.0,0.0,0.0,0.0,0.0,Open,0.0,0.0,0.0,Fine
510613,1929851.0,5605477.0,548200.0,0.0,0.0,2.0,Null,2005/2006,NELSON ST NORTH,ST AUBYN ST WEST,Minor Crash,No,2005,South,0.0,,Flat,,,,,Overcast,1491000.0,1.0,0.0,0.0,2.0,0.0,,,Hawke's Bay Region,Nil,2-way,Sealed,0.0,0.0,,50.0,,Null,0.0,0.0,,30.0,Hastings District,Traffic Signals,,,,,0.0,0.0,Urban,0.0,,,Light rain
571804,1931643.0,5604616.0,548000.0,0.0,0.0,1.0,Null,2014/2015,SUSSEX ST N,GROVE ROAD,Non-Injury Crash,No,2015,West,0.0,0.0,Flat,0.0,,0.0,0.0,Bright sun,1498900.0,0.0,0.0,0.0,2.0,0.0,0.0,,Hawke's Bay Region,Nil,2-way,Sealed,0.0,0.0,0.0,50.0,0.0,Null,0.0,0.0,,30.0,Hastings District,Give way,0.0,1.0,0.0,0.0,0.0,0.0,Urban,0.0,0.0,0.0,Fine
298257,1928260.2823,5604076.7225,547900.0,0.0,0.0,1.0,West,2019/2020,SOUTHLAND PLACE,ANNA LANE,Non-Injury Crash,No,2020,East,0.0,0.0,Flat,0.0,,0.0,0.0,Dark,1469304.0,0.0,0.0,0.0,2.0,0.0,0.0,,Hawke's Bay Region,Nil,2-way,Sealed,0.0,0.0,0.0,50.0,0.0,None,0.0,0.0,,30.0,Hastings District,Nil,0.0,0.0,0.0,1.0,0.0,0.0,Urban,0.0,0.0,0.0,Fine
458894,1929131.0,5617992.0,545821.0,0.0,0.0,1.0,West,1999/2000,PUKETAPU ROAD,HARPHAM ST,Minor Crash,No,2000,West,0.0,,Hill Road,,,,,Bright sun,1410902.0,1.0,0.0,0.0,2.0,0.0,,,Hawke's Bay Region,Nil,2-way,Sealed,0.0,0.0,,100.0,,Null,0.0,0.0,,30.0,Hastings District,Nil,,,,,0.0,0.0,Open,1.0,,,Fine
625509,1930510.0,5604594.0,548100.0,1.0,0.0,1.0,Null,2008/2009,ST AUBYN ST EAST,WILLOWPARK ROAD NORTH,Non-Injury Crash,No,2009,West,0.0,,Flat,,,,,Bright sun,1500800.0,0.0,0.0,0.0,2.0,0.0,,,Hawke's Bay Region,Nil,2-way,Sealed,0.0,0.0,,50.0,,Null,0.0,0.0,,30.0,Hastings District,Give way,,,,,0.0,0.0,Urban,0.0,,,Fine
548495,1908573.0,5605009.0,545841.0,0.0,0.0,0.0,South,2009/2010,SH 50,KERERU ROAD,Minor Crash,Yes,2010,South,0.0,0.0,Flat,0.0,,0.0,0.0,Dark,1462700.0,1.0,0.0,0.0,2.0,0.0,0.0,,Hawke's Bay Region,Nil,2-way,Sealed,0.0,0.0,0.0,100.0,0.0,None,0.0,0.0,,30.0,Hastings District,Nil,0.0,0.0,0.0,0.0,1.0,0.0,Open,0.0,0.0,0.0,Fine
435063,1931395.0,5603909.0,548100.0,0.0,0.0,0.0,South,2004/2005,LOUIE ST,WINDSOR AVENUE,Non-Injury Crash,No,2004,South,0.0,1.0,Flat,0.0,,0.0,0.0,Bright sun,1472804.0,0.0,0.0,0.0,2.0,0.0,0.0,,Hawke's Bay Region,Nil,2-way,Sealed,0.0,0.0,0.0,50.0,0.0,Null,0.0,0.0,,30.0,Hastings District,Nil,0.0,0.0,0.0,1.0,0.0,0.0,Urban,1.0,0.0,0.0,Fine
674512,1925612.0,5606397.0,548620.0,0.0,0.0,1.0,Null,2010/2011,WILSON ROAD,PLYMOUTH ROAD,Non-Injury Crash,No,2011,North,0.0,1.0,Flat,0.0,Easter,1.0,0.0,Dark,1476500.0,0.0,0.0,0.0,2.0,0.0,0.0,,Hawke's Bay Region,Nil,2-way,Sealed,0.0,0.0,0.0,50.0,0.0,None,0.0,0.0,,30.0,Hastings District,Give way,0.0,0.0,0.0,0.0,0.0,0.0,Urban,0.0,0.0,0.0,Fine
84113,1931039.0,5605564.0,548000.0,0.0,0.0,2.0,Null,2007/2008,KARAMU ROAD NORTH,FREDERICK ST,Non-Injury Crash,No,2007,East,0.0,,Flat,,,,,Overcast,1497100.0,0.0,0.0,0.0,4.0,0.0,,,Hawke's Bay Region,Nil,2-way,Sealed,0.0,0.0,,50.0,,Null,0.0,0.0,,30.0,Hastings District,Traffic Signals,,,,,0.0,0.0,Urban,0.0,,,Fine
219692,1929706.0,5605266.0,548200.0,0.0,0.0,2.0,South,2017/2018,QUEEN ST WEST,NELSON ST NORTH,Non-Injury Crash,No,2018,North,0.0,,Flat,,,,,Overcast,1490800.0,0.0,0.0,0.0,2.0,0.0,,,Hawke's Bay Region,Nil,2-way,Sealed,0.0,0.0,,50.0,,Null,0.0,0.0,,30.0,Hastings District,Nil,,,,,0.0,0.0,Urban,0.0,,,Light rain
21455,1930835.0,5605863.0,548000.0,0.0,0.0,2.0,Null,2014/2015,FREDERICK ST,CAROLINE ROAD,Non-Injury Crash,No,2015,South,0.0,,Flat,,,,,Overcast,1495400.0,0.0,0.0,0.0,2.0,0.0,,,Hawke's Bay Region,Nil,2-way,Sealed,0.0,0.0,,50.0,,Off,0.0,0.0,,30.0,Hastings District,Give way,,,,,0.0,0.0,Urban,0.0,,,Fine
193333,1925955.0,5608237.0,545710.0,0.0,0.0,1.0,Null,2005/2006,OMAHU ROAD,CHATHAM ROAD,Non-Injury Crash,No,2005,North,0.0,0.0,Flat,0.0,,0.0,0.0,Dark,1470900.0,0.0,0.0,0.0,2.0,0.0,0.0,,Hawke's Bay Region,Nil,2-way,Sealed,0.0,0.0,0.0,50.0,0.0,None,0.0,0.0,,30.0,Hastings District,Give way,0.0,1.0,0.0,0.0,0.0,0.0,Urban,0.0,0.0,0.0,Fine
623952,1928437.0,5606954.0,547800.0,0.0,0.0,1.0,Null,2007/2008,IKANUI ROAD,FRIMLEY AVENUE,Minor Crash,No,2008,East,0.0,,Flat,,,,,Bright sun,1476900.0,2.0,0.0,0.0,2.0,0.0,,,Hawke's Bay Region,Nil,2-way,Sealed,0.0,0.0,,50.0,,Null,1.0,0.0,,30.0,Hastings District,Give way,,,,,0.0,0.0,Urban,0.0,,,Fine
678461,1930257.0,5604934.0,548200.0,0.0,0.0,2.0,Null,2002/2003,ST AUBYN ST EAST,WARREN ST NORTH,Non-Injury Crash,No,2003,East,0.0,0.0,Flat,0.0,,0.0,0.0,Bright sun,1493501.0,0.0,0.0,0.0,2.0,0.0,0.0,,Hawke's Bay Region,Nil,2-way,Sealed,0.0,0.0,0.0,50.0,0.0,Null,0.0,0.0,,30.0,Hastings District,Give way,0.0,1.0,0.0,0.0,0.0,0.0,Urban,0.0,0.0,0.0,Fine
534493,1930352.0,5607464.0,545710.0,0.0,0.0,0.0,South,2011/2012,PAKOWHAI ROAD,EVENDEN ROAD,Non-Injury Crash,No,2011,South,0.0,1.0,Flat,0.0,,0.0,0.0,Dark,1471300.0,0.0,0.0,0.0,2.0,0.0,0.0,,Hawke's Bay Region,Nil,2-way,Sealed,0.0,0.0,0.0,70.0,0.0,On,1.0,0.0,,30.0,Hastings District,Nil,0.0,0.0,0.0,0.0,0.0,0.0,Urban,0.0,0.0,0.0,Fine
610346,1930149.0,5604677.0,548200.0,0.0,0.0,2.0,Null,2007/2008,QUEEN ST EAST,HASTINGS ST NORTH,Non-Injury Crash,No,2007,West,0.0,,Flat,,,,,Overcast,1493400.0,0.0,0.0,0.0,2.0,0.0,,,Hawke's Bay Region,Nil,2-way,Sealed,0.0,0.0,,50.0,,Null,0.0,0.0,,30.0,Hastings District,Give way,,,,,0.0,0.0,Urban,0.0,,,Light rain