OBJECTID,X,Y,areaUnitID,bicycle,bus,carStationWagon,crashDirectionDescription,crashFinancialYear,crashLocation1,crashLocation2,crashSeverity,crashSHDescription,crashYear,directionRoleDescription,fatalCount,fence,flatHill,guardRail,holiday,houseOrBuilding,kerb,light,meshblockId,minorInjuryCount,moped,motorcycle,NumberOfLanes,otherVehicleType,parkedVehicle,pedestrian,region,roadCharacter,roadLane,roadSurface,schoolBus,seriousInjuryCount,slipOrFlood,speedLimit,strayAnimal,streetLight,suv,taxi,temporarySpeedLimit,tlaId,tlaName,trafficControl,trafficIsland,trafficSign,train,tree,truck,unknownVehicleType,urban,vanOrUtility,vehicle,waterRiver,weatherA
99076,1934793.0,5641763.0,545811.0,0.0,0.0,1.0,South,2018/2019,SH 2,KAREAARA BR,Non-Injury Crash,Yes,2018,West,0.0,,Hill Road,,,,,Bright sun,1415700.0,0.0,0.0,0.0,2.0,0.0,,,Hawke's Bay Region,Nil,2-way,Sealed,0.0,0.0,,100.0,,Null,0.0,0.0,,30.0,Hastings District,Unknown,,,,,0.0,0.0,Open,0.0,,,Fine
341483,1932082.0,5606174.0,545721.0,0.0,0.0,2.0,East,2007/2008,SH 2,ELWOOD ROAD,Minor Crash,Yes,2007,West,0.0,1.0,Flat,0.0,,0.0,0.0,Bright sun,1471700.0,1.0,0.0,0.0,2.0,0.0,0.0,,Hawke's Bay Region,Nil,2-way,Sealed,0.0,0.0,0.0,70.0,0.0,Null,0.0,0.0,,30.0,Hastings District,Nil,0.0,0.0,0.0,0.0,0.0,0.0,Urban,0.0,0.0,0.0,Fine
622604,1926981.0,5607421.0,545761.0,0.0,0.0,1.0,South,2006/2007,WILSON ROAD,OMAHU ROAD,Non-Injury Crash,No,2007,South,0.0,0.0,Flat,0.0,,0.0,0.0,Bright sun,1470003.0,0.0,0.0,0.0,2.0,0.0,0.0,,Hawke's Bay Region,Nil,2-way,Sealed,0.0,0.0,0.0,70.0,0.0,Null,0.0,0.0,,30.0,Hastings District,Nil,0.0,0.0,0.0,1.0,0.0,0.0,Urban,0.0,0.0,0.0,Fine
339814,1929089.0,5605878.0,547700.0,0.0,0.0,2.0,North,2016/2017,HERETAUNGA ST WEST,TOWNSHEND ST,Non-Injury Crash,No,2016,North,0.0,,Flat,,,,,Overcast,1486800.0,0.0,0.0,0.0,2.0,0.0,,,Hawke's Bay Region,Nil,2-way,Sealed,0.0,0.0,,50.0,,Null,0.0,0.0,,30.0,Hastings District,Unknown,,,,,0.0,0.0,Urban,0.0,,,Null
175861,1943311.0,5593474.0,545860.0,0.0,0.0,2.0,North,2002/2003,OCEAN BEACH ROAD,OCEAN BEACH DOMAIN,Non-Injury Crash,No,2002,East,0.0,,Hill Road,,Christmas New Year,,,Bright sun,1467200.0,0.0,0.0,0.0,2.0,0.0,,,Hawke's Bay Region,Nil,2-way,Unsealed,0.0,0.0,,100.0,,Null,0.0,0.0,,30.0,Hastings District,Nil,,,,,0.0,0.0,Open,0.0,,,Fine
111959,1931189.0,5605831.0,548000.0,0.0,0.0,2.0,North,2014/2015,MAYFAIR AVENUE,KARAMU ROAD NORTH,Non-Injury Crash,No,2014,South,0.0,,Flat,,,,,Bright sun,1495600.0,0.0,0.0,0.0,2.0,0.0,,,Hawke's Bay Region,Nil,2-way,Sealed,0.0,0.0,,50.0,,Off,0.0,0.0,,30.0,Hastings District,Nil,,,,,0.0,0.0,Urban,0.0,,,Fine
497502,1930835.0,5605864.0,548000.0,0.0,0.0,2.0,Null,2004/2005,CAROLINE ROAD,FREDERICK ST,Non-Injury Crash,No,2004,North,0.0,,Flat,,,,,Overcast,1495500.0,0.0,0.0,0.0,2.0,0.0,,,Hawke's Bay Region,Nil,2-way,Sealed,0.0,0.0,,50.0,,Null,0.0,0.0,,30.0,Hastings District,Give way,,,,,0.0,0.0,Urban,0.0,,,Fine
250321,1930406.0,5605176.0,548200.0,1.0,0.0,1.0,North,2006/2007,KARAMU ROAD NORTH,VICTORIA ST,Minor Crash,No,2006,North,0.0,,Flat,,,,,Bright sun,1494100.0,1.0,0.0,0.0,2.0,0.0,,,Hawke's Bay Region,Nil,2-way,Sealed,0.0,0.0,,50.0,,Null,0.0,0.0,,30.0,Hastings District,Nil,,,,,0.0,0.0,Urban,0.0,,,Fine
29571,1929079.7254,5606502.0364,547700.0,0.0,0.0,1.0,Null,2019/2020,PAKOWHAI ROAD,FRIMLEY ROAD,Non-Injury Crash,No,2019,South,0.0,,Flat,,,,,Overcast,1485900.0,0.0,0.0,0.0,3.0,0.0,,,Hawke's Bay Region,Nil,2-way,Sealed,0.0,0.0,,50.0,,Off,0.0,0.0,,30.0,Hastings District,Traffic Signals,,,,,0.0,0.0,Urban,1.0,,,Light rain
251498,1930379.0,5606574.0,547600.0,0.0,0.0,1.0,North,2001/2002,FREDERICK ST,TOMOANA ROAD,Non-Injury Crash,No,2002,North,0.0,,Flat,,Queens Birthday,,,Bright sun,1483300.0,0.0,0.0,0.0,2.0,0.0,,,Hawke's Bay Region,Nil,2-way,Sealed,0.0,0.0,,50.0,,Null,0.0,0.0,,30.0,Hastings District,Nil,,,,,0.0,0.0,Urban,1.0,,,Fine
504030,1930259.58,5604930.8566,548200.0,0.0,0.0,2.0,South,2018/2019,"ST AUBYN STREET EAST, HASTINGS",Warren Street North,Non-Injury Crash,No,2018,South,0.0,,Flat,,Christmas New Year,,,Bright sun,1494400.0,0.0,0.0,0.0,4.0,0.0,,,Hawke's Bay Region,Nil,2-way,Sealed,0.0,0.0,,50.0,,Off,0.0,0.0,,30.0,Hastings District,Nil,,,,,0.0,0.0,Urban,0.0,,,Fine
130336,1929140.5313,5605811.2592,547700.0,1.0,0.0,0.0,Null,2018/2019,HERETAUNGA STREET WEST,GRAYS ROAD,Minor Crash,No,2019,North,0.0,,Flat,,,,,Bright sun,1487800.0,1.0,0.0,0.0,2.0,0.0,,,Hawke's Bay Region,Nil,2-way,Sealed,0.0,0.0,,50.0,,Off,0.0,0.0,,30.0,Hastings District,Give way,,,,,0.0,0.0,Urban,1.0,,,Fine
89875,1919191.0,5593762.0,545851.0,0.0,0.0,2.0,North,2010/2011,SH 2,HORONUI ROAD,Non-Injury Crash,Yes,2011,South,0.0,,Flat,,,,,Overcast,1463900.0,0.0,0.0,0.0,2.0,0.0,,,Hawke's Bay Region,Nil,2-way,Unsealed,0.0,0.0,,100.0,,Null,1.0,0.0,70.0,30.0,Hastings District,Nil,,,,,0.0,0.0,Open,0.0,,,Heavy rain
374147,1930795.0,5604810.0,548100.0,0.0,0.0,2.0,Null,2017/2018,WILLOWPARK ROAD NORTH,ALBERT ST,Minor Crash,No,2018,South,0.0,,Flat,,,,,Overcast,1499700.0,2.0,0.0,0.0,2.0,0.0,,,Hawke's Bay Region,Nil,2-way,Sealed,0.0,0.0,,50.0,,Null,0.0,0.0,,30.0,Hastings District,Give way,,,,,0.0,0.0,Urban,0.0,,,Fine
638074,1932692.0,5601776.0,548831.0,0.0,0.0,0.0,Null,2003/2004,NAPIER ROAD,PORTER DRIVE,Non-Injury Crash,No,2004,South,0.0,,Flat,,,,,Bright sun,1509600.0,0.0,0.0,1.0,2.0,0.0,,,Hawke's Bay Region,Nil,2-way,Unsealed,0.0,0.0,,50.0,,Null,0.0,0.0,,30.0,Hastings District,Nil,,,,,0.0,0.0,Urban,0.0,,,Fine
151432,1930122.0,5604303.0,548200.0,0.0,0.0,2.0,Null,2009/2010,WILLOWPARK ROAD SOUTH,EASTBOURNE ST EAST,Minor Crash,No,2009,South,0.0,,Flat,,,,,Bright sun,1493800.0,2.0,0.0,0.0,2.0,0.0,,,Hawke's Bay Region,Nil,2-way,Sealed,0.0,0.0,,50.0,,Null,0.0,0.0,,30.0,Hastings District,Give way,,,,,0.0,0.0,Urban,0.0,,,Fine
413082,1934819.0,5606789.0,545722.0,0.0,0.0,1.0,South,2004/2005,LAWN ROAD,PILCHER ROAD,Non-Injury Crash,No,2004,North,0.0,0.0,Flat,0.0,,0.0,0.0,Overcast,1406400.0,0.0,0.0,0.0,2.0,0.0,0.0,,Hawke's Bay Region,Nil,2-way,Sealed,0.0,0.0,0.0,100.0,0.0,Null,0.0,0.0,,30.0,Hastings District,Nil,0.0,0.0,0.0,0.0,0.0,0.0,Open,0.0,0.0,0.0,Light rain
257383,1933619.0,5612742.0,545832.0,0.0,0.0,2.0,North,2008/2009,BROOKFIELDS ROAD,SISSONS ROAD,Non-Injury Crash,No,2009,South,0.0,,Flat,,,,,Overcast,1403900.0,0.0,0.0,0.0,1.0,0.0,,,Hawke's Bay Region,Nil,2-way,Sealed,0.0,0.0,,100.0,,Null,0.0,0.0,,30.0,Hastings District,Nil,,,,,0.0,0.0,Open,0.0,,,Light rain
740391,1935123.0,5598142.0,548833.0,0.0,0.0,1.0,West,2010/2011,TE MATA PEAK ROAD,2ND CPK TE MATA PK,Fatal Crash,No,2010,West,1.0,0.0,Hill Road,0.0,,0.0,0.0,Overcast,1467003.0,0.0,0.0,0.0,2.0,0.0,0.0,,Hawke's Bay Region,Nil,2-way,Sealed,0.0,0.0,0.0,50.0,0.0,Null,0.0,0.0,,30.0,Hastings District,Nil,0.0,0.0,0.0,0.0,0.0,0.0,Urban,0.0,0.0,0.0,Mist or Fog
712197,1930058.0,5604254.0,548200.0,0.0,0.0,1.0,Null,2008/2009,WILLOWPARK ROAD SOUTH,MADDISON ST,Non-Injury Crash,No,2008,North,0.0,0.0,Flat,0.0,,1.0,0.0,Dark,1493700.0,0.0,0.0,0.0,2.0,0.0,0.0,,Hawke's Bay Region,Nil,2-way,Sealed,0.0,0.0,0.0,50.0,0.0,On,0.0,0.0,,30.0,Hastings District,Give way,0.0,0.0,0.0,0.0,0.0,0.0,Urban,0.0,0.0,0.0,Fine
408424,1911527.0,5663359.0,545911.0,0.0,0.0,2.0,South,2006/2007,SH 5,TE HAROTO PO,Non-Injury Crash,Yes,2006,North,0.0,0.0,Flat,0.0,,0.0,0.0,Overcast,1414400.0,0.0,0.0,0.0,2.0,0.0,0.0,,Hawke's Bay Region,Nil,2-way,Sealed,0.0,0.0,0.0,100.0,0.0,Null,0.0,0.0,,30.0,Hastings District,Nil,0.0,0.0,0.0,0.0,0.0,0.0,Open,0.0,0.0,0.0,Fine
348303,1937770.0,5594932.0,545860.0,0.0,0.0,1.0,East,2006/2007,WAIMARAMA ROAD,LOPEZ LANE,Minor Crash,No,2006,West,0.0,0.0,Hill Road,0.0,,0.0,0.0,Overcast,1467400.0,4.0,0.0,0.0,2.0,0.0,0.0,,Hawke's Bay Region,Nil,2-way,Sealed,0.0,0.0,0.0,100.0,0.0,Null,0.0,0.0,,30.0,Hastings District,Nil,0.0,0.0,0.0,0.0,0.0,0.0,Open,0.0,0.0,0.0,Fine
262746,1921935.6746,5612044.7706,545822.0,0.0,1.0,0.0,West,2019/2020,TAIHAPE ROAD,SWAMP ROAD,Non-Injury Crash,No,2019,West,0.0,,Flat,,,,,Dark,1409100.0,0.0,0.0,0.0,2.0,0.0,,,Hawke's Bay Region,Nil,2-way,Sealed,0.0,0.0,,100.0,,None,0.0,0.0,,30.0,Hastings District,Nil,,,,,0.0,0.0,Open,1.0,,,Fine
726486,1927256.0,5606949.0,548500.0,0.0,0.0,1.0,North,2001/2002,HUIA ST,TAKAHE ST,Non-Injury Crash,No,2002,South,0.0,,Flat,,,,,Dark,1478200.0,0.0,0.0,0.0,2.0,0.0,,,Hawke's Bay Region,Nil,2-way,Sealed,0.0,0.0,,50.0,,On,0.0,0.0,,30.0,Hastings District,Nil,,,,,0.0,0.0,Urban,1.0,,,Fine
50096,1929322.0,5605775.0,547700.0,0.0,0.0,2.0,Null,2000/2001,MCLEAN ST,QUEEN ST WEST,Non-Injury Crash,No,2000,North,0.0,,Flat,,,,,Bright sun,1488000.0,0.0,0.0,0.0,1.0,0.0,,,Hawke's Bay Region,Nil,2-way,Sealed,0.0,0.0,,50.0,,Null,0.0,0.0,,30.0,Hastings District,Give way,,,,,0.0,0.0,Urban,0.0,,,Fine
347911,1930185.0,5605031.0,548200.0,0.0,0.0,2.0,Null,2017/2018,ST AUBYN ST EAST,KARAMU ROAD NORTH,Non-Injury Crash,No,2018,North,0.0,,Flat,,,,,Overcast,1494100.0,0.0,0.0,0.0,4.0,0.0,,,Hawke's Bay Region,Nil,2-way,Sealed,0.0,0.0,,50.0,,Null,0.0,0.0,,30.0,Hastings District,Traffic Signals,,,,,0.0,0.0,Urban,0.0,,,Fine
169487,1930119.0,5604513.0,548200.0,1.0,0.0,1.0,North,2003/2004,HERETAUNGA ST EAST,MILLER ST,Minor Crash,No,2004,North,0.0,,Flat,,,,,Bright sun,1493800.0,2.0,0.0,0.0,2.0,0.0,,,Hawke's Bay Region,Nil,2-way,Sealed,0.0,0.0,,50.0,,Null,0.0,0.0,,30.0,Hastings District,Nil,,,,,0.0,0.0,Urban,0.0,,,Fine
151969,1929367.0,5605111.0,548200.0,0.0,0.0,2.0,Null,2008/2009,LYNDON ROAD WEST,NELSON ST SOUTH,Minor Crash,No,2009,North,0.0,,Flat,,,,,Twilight,1489400.0,1.0,0.0,0.0,2.0,0.0,,,Hawke's Bay Region,Nil,2-way,Sealed,0.0,0.0,,50.0,,Off,0.0,0.0,,30.0,Hastings District,Give way,,,,,0.0,0.0,Urban,0.0,,,Fine
17705,1932652.0,5609542.0,545832.0,0.0,0.0,2.0,Null,2017/2018,CHESTERHOPE BRIDGE,FARNDON ROAD,Non-Injury Crash,No,2017,South,0.0,,Flat,,,,,Bright sun,1404300.0,0.0,0.0,0.0,3.0,0.0,,,Hawke's Bay Region,Nil,2-way,Sealed,0.0,0.0,,80.0,,Null,0.0,0.0,,30.0,Hastings District,Nil,,,,,0.0,0.0,Open,0.0,,,Fine
226725,1928370.0,5606678.0,547800.0,0.0,0.0,0.0,South,2014/2015,OMAHU ROAD,KARAITIANA ST,Non-Injury Crash,No,2015,North,0.0,,Flat,,,,,Bright sun,1477400.0,0.0,0.0,0.0,2.0,0.0,,,Hawke's Bay Region,Nil,2-way,Sealed,0.0,0.0,,50.0,,Off,2.0,0.0,,30.0,Hastings District,Nil,,,,,0.0,0.0,Urban,1.0,,,Fine
503265,1929560.0,5605258.0,548200.0,0.0,0.0,1.0,Null,2003/2004,NELSON ST SOUTH,HERETAUNGA ST WEST,Non-Injury Crash,No,2004,North,0.0,,Flat,,,,,Twilight,1490100.0,0.0,0.0,0.0,2.0,0.0,,,Hawke's Bay Region,Nil,2-way,Sealed,0.0,0.0,,50.0,,Off,0.0,0.0,,30.0,Hastings District,Traffic Signals,,,,,0.0,0.0,Urban,1.0,,,Fine
473359,1929344.0,5605544.0,547700.0,0.0,0.0,2.0,Null,2006/2007,TOMOANA ROAD,HERETAUNGA ST WEST,Minor Crash,No,2006,South,0.0,,Flat,,,,,Overcast,1487900.0,1.0,0.0,0.0,2.0,0.0,,,Hawke's Bay Region,Nil,2-way,Sealed,0.0,0.0,,50.0,,Null,0.0,0.0,,30.0,Hastings District,Give way,,,,,0.0,0.0,Urban,0.0,,,Fine
371139,1929894.0,5604991.0,548200.0,0.0,0.0,2.0,South,2004/2005,RUSSELL ST NORTH,QUEEN ST EAST,Non-Injury Crash,No,2004,North,0.0,0.0,Flat,0.0,,0.0,0.0,Bright sun,1492100.0,0.0,0.0,0.0,2.0,0.0,1.0,,Hawke's Bay Region,Nil,2-way,Sealed,0.0,0.0,0.0,50.0,0.0,Null,0.0,0.0,,30.0,Hastings District,Nil,0.0,0.0,0.0,0.0,0.0,0.0,Urban,0.0,0.0,0.0,Fine
264025,1930469.0,5606393.0,547600.0,1.0,0.0,0.0,West,2005/2006,TOMOANA ROAD,FREDERICK ST,Minor Crash,No,2005,North,0.0,,Flat,,,,,Bright sun,1483700.0,1.0,0.0,0.0,3.0,0.0,,,Hawke's Bay Region,Nil,2-way,Sealed,0.0,0.0,,50.0,,Null,0.0,0.0,,30.0,Hastings District,Traffic Signals,,,,,0.0,0.0,Urban,1.0,,,Fine
373137,1930797.0,5605922.0,548000.0,0.0,0.0,2.0,North,2016/2017,FREDERICK ST,CAROLINE ROAD,Non-Injury Crash,No,2017,South,0.0,,Flat,,,,,Dark,1495500.0,0.0,0.0,0.0,2.0,0.0,,,Hawke's Bay Region,Nil,2-way,Sealed,0.0,0.0,,50.0,,On,0.0,0.0,,30.0,Hastings District,Unknown,,,,,0.0,0.0,Urban,0.0,,,Fine
382728,1928404.3864,5603484.4548,545761.0,0.0,0.0,1.0,North,2018/2019,TOLLEMACHE ROAD WEST,RAILWAY ROAD SOUTH,Non-Injury Crash,No,2018,North,0.0,0.0,Flat,0.0,,0.0,0.0,Dark,1469000.0,0.0,0.0,0.0,2.0,0.0,0.0,,Hawke's Bay Region,Nil,2-way,Sealed,0.0,0.0,0.0,70.0,0.0,On,0.0,0.0,,30.0,Hastings District,Nil,0.0,0.0,0.0,0.0,0.0,0.0,Urban,0.0,0.0,0.0,Heavy rain
282544,1924651.0,5606820.0,548612.0,1.0,0.0,1.0,West,2008/2009,Z DWAY 20 BERWICK,STONEHAVEN ST,Minor Crash,No,2009,North,0.0,,Hill Road,,,,,Overcast,1474600.0,1.0,0.0,0.0,1.0,0.0,,,Hawke's Bay Region,Nil,Off road,Sealed,0.0,0.0,,50.0,,Null,0.0,0.0,,30.0,Hastings District,Nil,,,,,0.0,0.0,Urban,0.0,,,Fine
104665,1936628.0,5595617.0,545860.0,0.0,0.0,1.0,South,2010/2011,WAIMARAMA ROAD,KAHURANAKI ROAD,Non-Injury Crash,No,2010,North,0.0,1.0,Hill Road,0.0,Labour Weekend,0.0,1.0,Bright sun,1467200.0,0.0,0.0,0.0,2.0,0.0,0.0,,Hawke's Bay Region,Nil,2-way,Sealed,0.0,0.0,0.0,100.0,0.0,Null,0.0,0.0,,30.0,Hastings District,Nil,0.0,0.0,0.0,0.0,0.0,0.0,Open,0.0,0.0,0.0,Fine
179640,1941583.0,5585021.0,545860.0,0.0,0.0,2.0,Null,2000/2001,HARPER ROAD,GILRAY PLACE,Serious Crash,No,2001,North,0.0,,Flat,,,,,Dark,1467903.0,3.0,0.0,0.0,2.0,0.0,,,Hawke's Bay Region,Nil,2-way,Sealed,0.0,1.0,,50.0,,On,0.0,0.0,,30.0,Hastings District,Nil,,,,,0.0,0.0,Urban,0.0,,,Fine
114748,1918798.0,5652800.0,545911.0,0.0,0.0,1.0,North,2003/2004,SH 5,OHURAKURA ROAD,Serious Crash,Yes,2003,South,0.0,1.0,Flat,0.0,,0.0,0.0,Overcast,1415900.0,1.0,0.0,0.0,2.0,0.0,0.0,,Hawke's Bay Region,Nil,2-way,Sealed,0.0,1.0,0.0,100.0,0.0,Null,0.0,0.0,,30.0,Hastings District,Nil,0.0,0.0,0.0,0.0,0.0,0.0,Open,0.0,0.0,0.0,Light rain
502062,1930935.0,5613540.0,545831.0,0.0,0.0,2.0,Null,2014/2015,SH 50A,SH 50 LINKS,Minor Crash,Yes,2014,North,0.0,0.0,Flat,0.0,,0.0,0.0,Dark,1404600.0,1.0,0.0,0.0,2.0,0.0,0.0,,Hawke's Bay Region,Nil,2-way,Sealed,0.0,0.0,0.0,100.0,0.0,On,0.0,0.0,,30.0,Hastings District,Give way,0.0,1.0,0.0,0.0,0.0,0.0,Open,0.0,0.0,0.0,Fine
354052,1925311.0,5599469.0,545852.0,0.0,0.0,1.0,South,2006/2007,SH 2,TE AUTE ROAD,Non-Injury Crash,Yes,2007,North,0.0,,Flat,,,,,Bright sun,1463700.0,0.0,0.0,0.0,2.0,0.0,,,Hawke's Bay Region,Nil,2-way,Sealed,0.0,0.0,,100.0,,Null,0.0,0.0,,30.0,Hastings District,Nil,,,,,0.0,0.0,Open,0.0,,,Fine
28310,1930767.0,5603740.0,548300.0,0.0,0.0,2.0,North,2014/2015,HERETAUNGA ST EAST,WINDSOR AVENUE,Minor Crash,No,2015,South,0.0,,Flat,,,,,Bright sun,1502700.0,1.0,0.0,0.0,2.0,0.0,,,Hawke's Bay Region,Nil,2-way,Sealed,0.0,0.0,,50.0,,Off,0.0,0.0,,30.0,Hastings District,Nil,,,,,1.0,0.0,Urban,0.0,,,Fine
640481,1929764.0,5604384.0,548200.0,0.0,0.0,1.0,Null,2014/2015,SOUTHAMPTON ST EAST,HASTINGS ST SOUTH,Minor Crash,No,2015,West,0.0,,Flat,,,,,Bright sun,1493000.0,1.0,1.0,0.0,2.0,0.0,,,Hawke's Bay Region,Nil,2-way,Sealed,0.0,0.0,,50.0,,Off,0.0,0.0,,30.0,Hastings District,Give way,,,,,0.0,0.0,Urban,0.0,,,Fine
693126,1930046.0,5604606.0,548200.0,0.0,0.0,0.0,Null,2009/2010,HASTINGS ST SOUTH,HERETAUNGA ST EAST,Non-Injury Crash,No,2009,North,0.0,0.0,Flat,0.0,,1.0,0.0,Bright sun,1493200.0,0.0,0.0,0.0,2.0,0.0,0.0,,Hawke's Bay Region,Nil,2-way,Sealed,0.0,0.0,0.0,50.0,0.0,Null,0.0,0.0,,30.0,Hastings District,Give way,0.0,0.0,0.0,0.0,1.0,0.0,Urban,0.0,0.0,0.0,Fine
536112,1932803.0,5605738.0,545721.0,0.0,0.0,1.0,East,2001/2002,ST GEORGES ROAD,SH 2,Non-Injury Crash,No,2001,East,0.0,0.0,Flat,0.0,,0.0,0.0,Dark,1472405.0,0.0,0.0,0.0,2.0,0.0,0.0,,Hawke's Bay Region,Nil,2-way,Sealed,0.0,0.0,0.0,100.0,0.0,None,0.0,0.0,,30.0,Hastings District,Nil,0.0,0.0,0.0,0.0,0.0,0.0,Open,0.0,0.0,0.0,Fine
639514,1930844.0,5604340.0,548100.0,0.0,0.0,1.0,West,2008/2009,ELLISON ROAD,SYLVAN ROAD,Non-Injury Crash,No,2009,East,0.0,0.0,Flat,0.0,,0.0,0.0,Dark,1499400.0,0.0,0.0,0.0,2.0,0.0,1.0,,Hawke's Bay Region,Nil,2-way,Sealed,0.0,0.0,0.0,50.0,0.0,On,1.0,0.0,,30.0,Hastings District,Give way,0.0,0.0,0.0,0.0,0.0,0.0,Urban,0.0,0.0,0.0,Fine
517791,1930094.0,5604596.0,548200.0,0.0,0.0,2.0,Null,2006/2007,Z CPK NEW WORLD,HASTINGS/HERETAUNGA,Non-Injury Crash,No,2006,North,0.0,,Flat,,,,,Bright sun,1493900.0,0.0,0.0,0.0,0.0,0.0,,,Hawke's Bay Region,Nil,Off road,Sealed,0.0,0.0,,50.0,,Null,0.0,0.0,,30.0,Hastings District,Nil,,,,,0.0,0.0,Urban,0.0,,,Fine
248695,1941149.0,5585345.0,545860.0,0.0,0.0,1.0,South,2001/2002,WAIMARAMA ROAD,TE APITI ROAD,Minor Crash,No,2002,North,0.0,0.0,Flat,0.0,,0.0,0.0,Overcast,1467700.0,1.0,0.0,0.0,2.0,0.0,1.0,,Hawke's Bay Region,Nil,2-way,Sealed,0.0,0.0,0.0,100.0,0.0,Null,0.0,0.0,,30.0,Hastings District,Nil,0.0,0.0,0.0,0.0,0.0,0.0,Open,1.0,0.0,0.0,Light rain
676511,1929275.0,5605233.0,548200.0,0.0,0.0,2.0,Null,2015/2016,LYNDON ROAD WEST,SOUTHLAND ROAD,Non-Injury Crash,No,2016,North,0.0,,Flat,,Queens Birthday,,,Bright sun,1488700.0,0.0,0.0,0.0,2.0,0.0,,,Hawke's Bay Region,Nil,2-way,Sealed,0.0,0.0,,50.0,,Null,0.0,0.0,,30.0,Hastings District,Give way,,,,,0.0,0.0,Urban,0.0,,,Fine
598803,1936942.0,5609095.0,545722.0,0.0,0.0,0.0,Null,2008/2009,MILL ROAD,LAWN ROAD,Non-Injury Crash,No,2008,North,0.0,1.0,Flat,0.0,,0.0,0.0,Dark,1406300.0,0.0,0.0,0.0,2.0,0.0,0.0,,Hawke's Bay Region,Nil,2-way,Sealed,0.0,0.0,0.0,100.0,0.0,On,0.0,0.0,,30.0,Hastings District,Give way,0.0,0.0,0.0,0.0,0.0,0.0,Open,1.0,0.0,0.0,Light rain
105741,1928131.0,5606909.0,548500.0,0.0,0.0,2.0,Null,2011/2012,OMAHU ROAD,NOTTINGLEY ROAD,Non-Injury Crash,No,2011,North,0.0,,Flat,,,,,Overcast,1478500.0,0.0,0.0,0.0,2.0,0.0,,,Hawke's Bay Region,Nil,2-way,Sealed,0.0,0.0,,50.0,,Null,0.0,0.0,,30.0,Hastings District,Give way,,,,,0.0,0.0,Urban,0.0,,,Fine
407434,1929113.0,5606528.0,547800.0,0.0,0.0,1.0,East,2006/2007,PAKOWHAI ROAD,ST AUBYN ST WEST,Non-Injury Crash,No,2006,West,0.0,,Flat,,,,,Bright sun,1477600.0,0.0,0.0,0.0,4.0,0.0,,,Hawke's Bay Region,Nil,2-way,Sealed,0.0,0.0,,50.0,,Null,0.0,0.0,,30.0,Hastings District,Nil,,,,,0.0,0.0,Urban,1.0,,,Fine
168322,1929349.0,5605135.0,548200.0,1.0,0.0,1.0,North,2005/2006,LYNDON ROAD WEST,NELSON ST SOUTH,Minor Crash,No,2006,West,0.0,,Flat,,,,,Bright sun,1488700.0,1.0,0.0,0.0,2.0,0.0,,,Hawke's Bay Region,Nil,2-way,Sealed,0.0,0.0,,50.0,,Null,0.0,0.0,,30.0,Hastings District,Nil,,,,,0.0,0.0,Urban,0.0,,,Fine
509459,1927734.0,5606538.0,548500.0,0.0,0.0,2.0,East,2012/2013,HUIA PLACE,HUIA ST,Non-Injury Crash,No,2012,East,0.0,,Flat,,,,,Dark,1479200.0,0.0,0.0,0.0,2.0,0.0,,,Hawke's Bay Region,Nil,2-way,Sealed,0.0,0.0,,50.0,,On,0.0,0.0,,30.0,Hastings District,Nil,,,,,0.0,0.0,Urban,0.0,,,Fine
124703,1930677.0,5612575.0,545832.0,0.0,0.0,1.0,South,2006/2007,SH 50A,SH 50,Minor Crash,Yes,2006,North,0.0,1.0,Flat,0.0,,0.0,0.0,Dark,1404400.0,1.0,0.0,0.0,2.0,0.0,0.0,,Hawke's Bay Region,Bridge,2-way,Sealed,0.0,0.0,0.0,100.0,0.0,None,0.0,0.0,,30.0,Hastings District,Nil,0.0,0.0,0.0,1.0,0.0,0.0,Open,0.0,0.0,0.0,Fine
656879,1930055.0,5606093.0,547600.0,0.0,0.0,2.0,North,2013/2014,YORK ST,TOMOANA ROAD,Non-Injury Crash,No,2014,South,0.0,0.0,Flat,0.0,,0.0,0.0,Bright sun,1485700.0,0.0,0.0,0.0,2.0,0.0,1.0,,Hawke's Bay Region,Nil,2-way,Sealed,0.0,0.0,0.0,50.0,0.0,Null,0.0,0.0,,30.0,Hastings District,Give way,0.0,0.0,0.0,0.0,0.0,0.0,Urban,0.0,0.0,0.0,Fine
8620,1927998.0,5606130.0,548500.0,0.0,0.0,1.0,North,2008/2009,LOWE ST,SUNNYBANK CRESCENT,Non-Injury Crash,No,2009,North,0.0,,Flat,,,,,Dark,1479600.0,0.0,0.0,0.0,2.0,0.0,,,Hawke's Bay Region,Nil,2-way,Sealed,0.0,0.0,,50.0,,On,0.0,0.0,,30.0,Hastings District,Nil,,,,,1.0,0.0,Urban,0.0,,,Fine