OBJECTID,X,Y,areaUnitID,bicycle,bus,carStationWagon,crashDirectionDescription,crashFinancialYear,crashLocation1,crashLocation2,crashSeverity,crashSHDescription,crashYear,directionRoleDescription,fatalCount,fence,flatHill,guardRail,holiday,houseOrBuilding,kerb,light,meshblockId,minorInjuryCount,moped,motorcycle,NumberOfLanes,otherVehicleType,parkedVehicle,pedestrian,region,roadCharacter,roadLane,roadSurface,schoolBus,seriousInjuryCount,slipOrFlood,speedLimit,strayAnimal,streetLight,suv,taxi,temporarySpeedLimit,tlaId,tlaName,trafficControl,trafficIsland,trafficSign,train,tree,truck,unknownVehicleType,urban,vanOrUtility,vehicle,waterRiver,weatherA
277778,1929789.0,5603739.0,548300.0,0.0,0.0,2.0,Null,2011/2012,RIVERSLEA ROAD SOUTH,CLIVE ST,Non-Injury Crash,No,2011,West,0.0,,Flat,,,,,Bright sun,1504200.0,0.0,0.0,0.0,2.0,0.0,,,Hawke's Bay Region,Nil,2-way,Sealed,0.0,0.0,,50.0,,Null,0.0,0.0,,30.0,Hastings District,Give way,,,,,0.0,0.0,Urban,0.0,,,Fine
356474,1932472.0,5601614.0,548810.0,0.0,0.0,2.0,Null,2004/2005,PORTER DRIVE,TE AUTE ROAD,Non-Injury Crash,No,2004,West,0.0,,Flat,,,,,Dark,1505700.0,0.0,0.0,0.0,2.0,0.0,,,Hawke's Bay Region,Nil,2-way,Sealed,0.0,0.0,,50.0,,On,0.0,0.0,,30.0,Hastings District,Give way,,,,,0.0,0.0,Urban,0.0,,,Light rain
465579,1925704.3939,5607184.9053,548620.0,0.0,0.0,1.0,North,2018/2019,FOLKESTONE DRIVE,DEAL CRESCENT,Non-Injury Crash,No,2019,East,0.0,,Flat,,,,,Dark,1476000.0,0.0,0.0,0.0,2.0,0.0,,,Hawke's Bay Region,Nil,2-way,Sealed,0.0,0.0,,50.0,,On,0.0,0.0,,30.0,Hastings District,Nil,,,,,0.0,0.0,Urban,0.0,,,Fine
592238,1932630.3693,5609656.2002,545710.0,0.0,0.0,1.0,North,2018/2019,PAKOWHAI ROAD,FARNDON ROAD,Non-Injury Crash,No,2019,West,0.0,0.0,Flat,0.0,,0.0,0.0,Dark,1471100.0,0.0,0.0,0.0,2.0,0.0,0.0,,Hawke's Bay Region,Bridge,2-way,Sealed,0.0,0.0,0.0,80.0,0.0,On,0.0,0.0,,30.0,Hastings District,Unknown,0.0,0.0,0.0,0.0,0.0,0.0,Open,0.0,0.0,0.0,Fine
350123,1910302.0,5664350.0,545911.0,0.0,0.0,0.0,North,2004/2005,SH 5,TE HAROTO PO,Non-Injury Crash,Yes,2004,East,0.0,0.0,Hill Road,0.0,,0.0,0.0,Bright sun,1414400.0,0.0,0.0,0.0,3.0,0.0,0.0,,Hawke's Bay Region,Nil,2-way,Sealed,0.0,0.0,0.0,100.0,0.0,Null,0.0,0.0,,30.0,Hastings District,Nil,0.0,0.0,0.0,0.0,0.0,0.0,Open,1.0,0.0,0.0,Fine
309451,1930307.3058,5605972.1918,548200.0,0.0,0.0,1.0,South,2019/2020,ROBERTS STREET,KITCHENER STREET,Non-Injury Crash,No,2020,North,0.0,0.0,Flat,0.0,,0.0,0.0,Twilight,1490600.0,0.0,0.0,0.0,2.0,0.0,0.0,,Hawke's Bay Region,Nil,2-way,Sealed,0.0,0.0,0.0,50.0,0.0,On,0.0,0.0,,30.0,Hastings District,Nil,0.0,0.0,0.0,0.0,0.0,0.0,Urban,0.0,0.0,0.0,Fine
720957,1930367.0,5604176.0,548300.0,0.0,0.0,2.0,Null,2005/2006,HERETAUNGA ST EAST,RIVERSLEA ROAD,Minor Crash,No,2006,North,0.0,,Flat,,,,,Dark,1501600.0,3.0,0.0,0.0,2.0,0.0,,,Hawke's Bay Region,Nil,2-way,Sealed,0.0,0.0,,50.0,,On,0.0,0.0,,30.0,Hastings District,Stop,,,,,0.0,0.0,Urban,0.0,,,Fine
413083,1936794.0,5609345.0,545730.0,0.0,0.0,2.0,North,2009/2010,MILL ROAD,LAWN ROAD,Non-Injury Crash,No,2010,North,0.0,,Flat,,,,,Bright sun,1405300.0,0.0,0.0,0.0,2.0,0.0,,,Hawke's Bay Region,Nil,2-way,Sealed,0.0,0.0,,100.0,,Null,0.0,0.0,,30.0,Hastings District,Nil,,,,,0.0,0.0,Open,0.0,,,Fine
628484,1929798.0,5603289.0,548300.0,0.0,0.0,2.0,Null,2003/2004,PARK ROAD SOUTH,COPELAND ROAD,Minor Crash,No,2004,South,0.0,,Flat,,,,,Dark,1504000.0,1.0,0.0,0.0,2.0,0.0,,,Hawke's Bay Region,Nil,2-way,Sealed,0.0,0.0,,50.0,,On,0.0,0.0,,30.0,Hastings District,Give way,,,,,0.0,0.0,Urban,0.0,,,Light rain
631692,1936526.0,5608596.0,545722.0,0.0,0.0,1.0,South,2005/2006,LAWN ROAD,MILL ROAD,Non-Injury Crash,No,2005,North,0.0,1.0,Flat,0.0,,0.0,0.0,Twilight,1406501.0,0.0,0.0,0.0,2.0,0.0,0.0,,Hawke's Bay Region,Nil,2-way,Sealed,0.0,0.0,0.0,100.0,0.0,None,0.0,0.0,,30.0,Hastings District,Nil,0.0,0.0,0.0,0.0,0.0,0.0,Open,0.0,0.0,0.0,Fine
597203,1924821.0,5600057.0,545852.0,0.0,0.0,1.0,South,2001/2002,SH 50A,TURAMOE ROAD,Non-Injury Crash,Yes,2001,North,0.0,0.0,Flat,1.0,,0.0,0.0,Overcast,1469600.0,0.0,0.0,0.0,2.0,0.0,0.0,,Hawke's Bay Region,Nil,2-way,Sealed,0.0,0.0,0.0,100.0,0.0,Null,0.0,0.0,,30.0,Hastings District,Nil,0.0,1.0,0.0,0.0,0.0,0.0,Open,0.0,0.0,0.0,Fine
569325,1929509.0,5608835.0,545710.0,0.0,0.0,1.0,Null,2001/2002,SH 50A,EVENDEN ROAD,Non-Injury Crash,Yes,2002,South,0.0,0.0,Flat,0.0,,0.0,0.0,Dark,1471100.0,0.0,0.0,0.0,2.0,0.0,0.0,,Hawke's Bay Region,Nil,2-way,Sealed,0.0,0.0,0.0,100.0,0.0,On,0.0,0.0,,30.0,Hastings District,Give way,0.0,0.0,0.0,0.0,0.0,0.0,Open,0.0,0.0,0.0,Light rain
32059,1929373.0,5605307.0,548200.0,0.0,0.0,2.0,Null,2017/2018,SOUTHLAND ROAD,EASTBOURNE ST WEST,Non-Injury Crash,No,2017,East,0.0,,Flat,,,,,Overcast,1488800.0,0.0,0.0,0.0,2.0,0.0,,,Hawke's Bay Region,Nil,2-way,Sealed,0.0,0.0,,50.0,,Null,0.0,0.0,,30.0,Hastings District,Give way,,,,,0.0,0.0,Urban,0.0,,,Light rain
397266,1930510.0,5604594.0,548100.0,0.0,0.0,2.0,Null,2016/2017,WILLOWPARK ROAD NORTH,ST AUBYN ST EAST,Non-Injury Crash,No,2016,North,0.0,,Flat,,,,,Bright sun,1500800.0,0.0,0.0,0.0,2.0,0.0,,,Hawke's Bay Region,Nil,2-way,Sealed,0.0,0.0,,50.0,,Null,0.0,0.0,,30.0,Hastings District,Give way,,,,,0.0,0.0,Urban,0.0,,,Fine
574466,1925296.0,5602532.0,545842.0,0.0,0.0,1.0,South,2017/2018,SH 50A,LONGLANDS ROAD WEST,Minor Crash,Yes,2018,North,0.0,0.0,Flat,0.0,,0.0,0.0,Dark,1470213.0,1.0,0.0,0.0,2.0,0.0,0.0,,Hawke's Bay Region,Nil,2-way,Sealed,0.0,0.0,0.0,100.0,0.0,None,0.0,0.0,,30.0,Hastings District,Unknown,0.0,0.0,0.0,0.0,0.0,0.0,Open,0.0,0.0,0.0,Fine
262714,1908936.0,5674694.0,545911.0,0.0,0.0,1.0,North,2002/2003,SH 5,TARAWERA TAV,Non-Injury Crash,Yes,2002,North,0.0,0.0,Hill Road,0.0,,0.0,0.0,Overcast,1281200.0,0.0,0.0,0.0,2.0,0.0,0.0,,Hawke's Bay Region,Nil,2-way,Sealed,0.0,0.0,0.0,100.0,0.0,None,0.0,0.0,,30.0,Hastings District,Nil,0.0,0.0,0.0,1.0,0.0,0.0,Open,0.0,0.0,0.0,Fine
392683,1924312.0,5607791.0,548611.0,0.0,0.0,0.0,Null,2002/2003,KINGSLEY DRIVE,LANDER ST,Minor Crash,No,2002,West,0.0,,Flat,,,,,Dark,1473902.0,1.0,0.0,0.0,2.0,0.0,,,Hawke's Bay Region,Nil,2-way,Sealed,0.0,0.0,,50.0,,On,0.0,0.0,,30.0,Hastings District,Nil,,,,,0.0,0.0,Urban,2.0,,,Fine
579448,1929496.0,5608810.0,545710.0,0.0,0.0,2.0,Null,2005/2006,SH 50A,EVENDEN ROAD,Non-Injury Crash,Yes,2006,North,0.0,,Flat,,,,,Bright sun,1471100.0,0.0,0.0,0.0,2.0,0.0,,,Hawke's Bay Region,Nil,2-way,Sealed,0.0,0.0,,100.0,,Null,0.0,0.0,,30.0,Hastings District,Give way,,,,,0.0,0.0,Open,0.0,,,Fine
93729,1923016.0,5611689.0,545822.0,0.0,0.0,1.0,South,2016/2017,SH 50,TAIHAPE ROAD,Non-Injury Crash,Yes,2017,South,0.0,1.0,Flat,0.0,,0.0,0.0,Dark,1409300.0,0.0,0.0,0.0,2.0,0.0,0.0,,Hawke's Bay Region,Bridge,2-way,Sealed,0.0,0.0,0.0,50.0,0.0,On,0.0,0.0,,30.0,Hastings District,Unknown,0.0,0.0,0.0,0.0,0.0,0.0,Urban,0.0,0.0,0.0,Heavy rain
456126,1936923.0,5613046.0,545832.0,0.0,0.0,3.0,South,2000/2001,SH 2,WAITANGI ROAD,Non-Injury Crash,Yes,2000,North,0.0,,Flat,,,,,Bright sun,1404000.0,0.0,0.0,0.0,2.0,0.0,,,Hawke's Bay Region,Nil,2-way,Sealed,0.0,0.0,,100.0,,Null,0.0,0.0,,30.0,Hastings District,Nil,,,,,0.0,0.0,Open,1.0,,,Fine
684620,1924190.0,5608029.0,548611.0,0.0,0.0,2.0,West,2002/2003,FLAXMERE AVENUE,KIRKWOOD ROAD,Minor Crash,No,2002,West,0.0,0.0,Flat,0.0,,0.0,0.0,Dark,1470316.0,1.0,0.0,0.0,2.0,0.0,1.0,,Hawke's Bay Region,Nil,2-way,Sealed,0.0,0.0,0.0,50.0,0.0,On,0.0,0.0,,30.0,Hastings District,Nil,0.0,0.0,0.0,0.0,0.0,0.0,Urban,0.0,0.0,0.0,Fine
439034,1924399.0,5603646.0,545842.0,0.0,0.0,1.0,Null,2005/2006,MARAEKAKAHO ROAD,STOCK ROAD,Serious Crash,No,2006,East,0.0,0.0,Flat,1.0,,0.0,0.0,Overcast,1470213.0,1.0,0.0,0.0,2.0,0.0,0.0,,Hawke's Bay Region,Nil,2-way,Sealed,0.0,1.0,0.0,100.0,0.0,Null,0.0,0.0,,30.0,Hastings District,Give way,0.0,0.0,0.0,0.0,1.0,0.0,Open,0.0,0.0,0.0,Heavy rain
428885,1928645.0,5606151.0,548500.0,0.0,0.0,2.0,North,2012/2013,MARAEKAKAHO ROAD,PLUNKET ST,Non-Injury Crash,No,2012,South,0.0,,Flat,,,,,Bright sun,1478800.0,0.0,0.0,0.0,2.0,0.0,,,Hawke's Bay Region,Nil,2-way,Sealed,0.0,0.0,,50.0,,Null,0.0,0.0,,30.0,Hastings District,Nil,,,,,0.0,0.0,Urban,0.0,,,Fine
161845,1924101.0,5606912.0,548612.0,0.0,0.0,1.0,East,2002/2003,PORTSMOUTH ROAD,CHATHAM ROAD E,Minor Crash,No,2002,East,0.0,,Flat,,,,,Bright sun,1474300.0,1.0,0.0,0.0,2.0,0.0,,1.0,Hawke's Bay Region,Nil,2-way,Sealed,0.0,0.0,,50.0,,Null,0.0,0.0,,30.0,Hastings District,Nil,,,,,0.0,0.0,Urban,0.0,,,Fine
368008,1929784.0,5605875.0,548200.0,0.0,0.0,3.0,East,2017/2018,TOMOANA ROAD,WHITEHEAD ROAD,Minor Crash,No,2017,West,0.0,0.0,Flat,0.0,,0.0,0.0,Dark,1490500.0,1.0,0.0,0.0,2.0,0.0,2.0,,Hawke's Bay Region,Nil,2-way,Sealed,0.0,0.0,0.0,50.0,0.0,On,0.0,0.0,,30.0,Hastings District,Unknown,0.0,0.0,0.0,0.0,0.0,0.0,Urban,0.0,0.0,0.0,Fine
435174,1929702.0,5604868.0,548200.0,0.0,0.0,2.0,North,2017/2018,EASTBOURNE ST WEST,RAILWAY ROAD,Non-Injury Crash,No,2017,South,0.0,,Flat,,,,,Overcast,1489900.0,0.0,0.0,0.0,2.0,0.0,,,Hawke's Bay Region,Nil,2-way,Sealed,0.0,0.0,,50.0,,Null,0.0,0.0,,30.0,Hastings District,Unknown,,,,,0.0,0.0,Urban,0.0,,,Fine
321681,1930033.0,5605235.0,548200.0,1.0,0.0,1.0,Null,2015/2016,ST AUBYN ST WEST,MARKET ST NORTH,Minor Crash,No,2016,North,0.0,,Flat,,,,,Bright sun,1491500.0,1.0,0.0,0.0,4.0,0.0,,,Hawke's Bay Region,Nil,2-way,Sealed,0.0,0.0,,50.0,,Null,0.0,0.0,,30.0,Hastings District,Traffic Signals,,,,,0.0,0.0,Urban,0.0,,,Fine
151995,1939756.0,5585594.0,545860.0,0.0,0.0,1.0,West,2004/2005,OKAIHAU ROAD,WAIMARAMA ROAD,Non-Injury Crash,No,2004,West,0.0,0.0,Hill Road,0.0,,0.0,0.0,Overcast,1467500.0,0.0,0.0,0.0,2.0,0.0,0.0,,Hawke's Bay Region,Nil,2-way,Unsealed,0.0,0.0,0.0,100.0,0.0,Null,0.0,0.0,,30.0,Hastings District,Nil,0.0,0.0,0.0,0.0,0.0,0.0,Open,0.0,0.0,0.0,Light rain
559411,1918540.0,5651750.0,545911.0,0.0,0.0,0.0,East,2017/2018,SH 5,OLSENS GATE,Minor Crash,Yes,2018,North,0.0,,Hill Road,,,,,Bright sun,1415900.0,1.0,0.0,0.0,3.0,0.0,,,Hawke's Bay Region,Nil,2-way,Sealed,0.0,0.0,,100.0,,Null,0.0,0.0,,30.0,Hastings District,Unknown,,,,,1.0,0.0,Open,0.0,,,Fine
526769,1927355.0,5607611.0,548400.0,0.0,0.0,1.0,East,2002/2003,OMAHU ROAD,WILSON ROAD,Non-Injury Crash,No,2003,West,0.0,0.0,Flat,0.0,,0.0,0.0,Bright sun,1473600.0,0.0,0.0,0.0,2.0,0.0,1.0,,Hawke's Bay Region,Nil,2-way,Sealed,0.0,0.0,0.0,50.0,0.0,Null,0.0,0.0,,30.0,Hastings District,Nil,0.0,0.0,0.0,0.0,1.0,0.0,Urban,0.0,0.0,0.0,Fine
341349,1929414.0,5605451.0,548200.0,0.0,0.0,3.0,West,2002/2003,HERETAUNGA ST WEST,SOUTHLAND ROAD,Non-Injury Crash,No,2002,West,0.0,,Flat,,,,,Overcast,1490100.0,0.0,0.0,0.0,2.0,0.0,,,Hawke's Bay Region,Nil,2-way,Sealed,0.0,0.0,,50.0,,Off,0.0,0.0,,30.0,Hastings District,Nil,,,,,0.0,0.0,Urban,0.0,,,Light rain
130750,1923610.0,5596672.0,545851.0,0.0,0.0,1.0,South,2005/2006,SH 2,STOCK ROAD,Minor Crash,Yes,2005,North,0.0,1.0,Hill Road,0.0,,0.0,0.0,Dark,1463900.0,1.0,0.0,0.0,2.0,0.0,0.0,,Hawke's Bay Region,Nil,2-way,Sealed,0.0,0.0,0.0,100.0,0.0,None,0.0,0.0,,30.0,Hastings District,Nil,0.0,0.0,0.0,0.0,0.0,0.0,Open,0.0,0.0,0.0,Heavy rain
310533,1930761.0,5604258.0,548100.0,0.0,0.0,1.0,Null,2007/2008,ST AUBYN ST EAST,SYLVAN ROAD,Non-Injury Crash,No,2007,West,0.0,,Flat,,,,,Bright sun,1501300.0,0.0,0.0,0.0,2.0,0.0,,,Hawke's Bay Region,Nil,2-way,Sealed,0.0,0.0,,50.0,,Null,1.0,0.0,,30.0,Hastings District,Give way,,,,,0.0,0.0,Urban,0.0,,,Fine
255365,1929872.0,5604644.0,548200.0,0.0,0.0,1.0,Null,2016/2017,EASTBOURNE ST EAST,WARREN ST SOUTH,Non-Injury Crash,No,2016,South,0.0,,Flat,,,,,Twilight,1493200.0,0.0,0.0,0.0,2.0,0.0,,,Hawke's Bay Region,Nil,2-way,Sealed,0.0,0.0,,50.0,,Off,0.0,0.0,,30.0,Hastings District,Give way,,,,,0.0,0.0,Urban,1.0,,,Fine
626514,1935940.3341,5602803.22,545750.0,0.0,0.0,1.0,North,2019/2020,TE MATA MANGATERETERE ROAD,TE MATA ROAD,Non-Injury Crash,No,2020,South,0.0,1.0,Flat,0.0,,0.0,0.0,Overcast,1466501.0,0.0,0.0,0.0,2.0,0.0,0.0,,Hawke's Bay Region,Nil,2-way,Sealed,0.0,0.0,0.0,100.0,0.0,None,0.0,0.0,,30.0,Hastings District,Nil,0.0,0.0,0.0,0.0,0.0,0.0,Open,0.0,0.0,0.0,Fine
233539,1929090.0,5605275.0,548200.0,0.0,0.0,1.0,Null,2013/2014,SOUTHAMPTON ST WEST,CHARLES ST,Non-Injury Crash,No,2013,South,0.0,,Flat,,,,,Overcast,1488500.0,0.0,0.0,0.0,2.0,0.0,,,Hawke's Bay Region,Nil,2-way,Sealed,0.0,0.0,,50.0,,Null,0.0,0.0,,30.0,Hastings District,Give way,,,,,0.0,0.0,Urban,1.0,,,Fine
471320,1918468.0,5648867.0,545911.0,0.0,0.0,1.0,South,2014/2015,SH 5,TE POHUE LOOP ROAD S,Minor Crash,Yes,2015,South,0.0,0.0,Flat,0.0,,0.0,0.0,Overcast,1415900.0,1.0,0.0,0.0,2.0,0.0,0.0,,Hawke's Bay Region,Nil,2-way,Sealed,0.0,0.0,0.0,100.0,0.0,Null,0.0,0.0,,30.0,Hastings District,Unknown,0.0,0.0,0.0,0.0,0.0,0.0,Open,0.0,0.0,0.0,Light rain
278952,1929679.0,5606955.0,545710.0,0.0,0.0,1.0,Null,2014/2015,DUKE ST,PAKOWHAI ROAD,Non-Injury Crash,No,2015,North,0.0,,Flat,,,,,Bright sun,1471300.0,0.0,0.0,0.0,2.0,0.0,,,Hawke's Bay Region,Nil,2-way,Sealed,0.0,0.0,,50.0,,Null,1.0,0.0,,30.0,Hastings District,Give way,,,,,0.0,0.0,Urban,0.0,,,Fine
363104,1933008.0,5602837.0,545721.0,0.0,0.0,1.0,North,2009/2010,CROSSES ROAD,NAPIER ROAD,Non-Injury Crash,No,2010,North,0.0,0.0,Flat,0.0,,0.0,0.0,Dark,1473100.0,0.0,0.0,0.0,2.0,0.0,0.0,,Hawke's Bay Region,Nil,2-way,Sealed,0.0,0.0,0.0,80.0,0.0,On,0.0,0.0,,30.0,Hastings District,Nil,0.0,0.0,0.0,0.0,0.0,0.0,Open,0.0,0.0,0.0,Fine
538245,1926252.0,5636367.0,545811.0,0.0,0.0,0.0,West,2006/2007,SH 5,BEATTIE ROAD,Non-Injury Crash,Yes,2006,South,0.0,1.0,Flat,0.0,,0.0,0.0,Twilight,1414800.0,0.0,0.0,0.0,2.0,0.0,0.0,,Hawke's Bay Region,Nil,2-way,Sealed,0.0,0.0,0.0,100.0,0.0,None,0.0,0.0,,30.0,Hastings District,Nil,0.0,1.0,0.0,0.0,1.0,0.0,Open,0.0,0.0,0.0,Fine
567601,1924237.0,5598721.0,545851.0,0.0,0.0,1.0,West,2008/2009,ANDERSON ROAD,OLD MAIN ROAD,Non-Injury Crash,No,2009,East,0.0,1.0,Hill Road,0.0,,0.0,0.0,Bright sun,1463803.0,0.0,0.0,0.0,2.0,0.0,0.0,,Hawke's Bay Region,Nil,2-way,Sealed,0.0,0.0,0.0,100.0,0.0,Null,0.0,0.0,,30.0,Hastings District,Nil,0.0,0.0,0.0,0.0,0.0,0.0,Open,0.0,0.0,0.0,Fine
3955,1928306.0,5604917.0,547900.0,0.0,0.0,2.0,East,2009/2010,OLIPHANT ROAD,CAMPBELL ST,Minor Crash,No,2010,East,0.0,,Flat,,,,,Overcast,1480800.0,2.0,0.0,0.0,2.0,0.0,,,Hawke's Bay Region,Nil,2-way,Sealed,0.0,0.0,,50.0,,Null,0.0,0.0,,30.0,Hastings District,Nil,,,,,0.0,0.0,Urban,0.0,,,Heavy rain
673490,1929830.0,5604765.0,548200.0,0.0,0.0,1.0,North,2003/2004,KARAMU ROAD SOUTH,EASTBOURNE ST EAST,Non-Injury Crash,No,2004,East,0.0,0.0,Flat,0.0,,1.0,0.0,Overcast,1492000.0,0.0,0.0,0.0,2.0,0.0,0.0,,Hawke's Bay Region,Nil,2-way,Sealed,0.0,0.0,0.0,50.0,0.0,Null,0.0,0.0,,30.0,Hastings District,Nil,0.0,0.0,0.0,0.0,1.0,0.0,Urban,0.0,0.0,0.0,Fine
496435,1929569.0,5603096.0,545762.0,0.0,0.0,1.0,South,2003/2004,PARK ROAD SOUTH,COPELAND ROAD,Non-Injury Crash,No,2004,South,0.0,0.0,Flat,0.0,Queens Birthday,0.0,1.0,Dark,1468000.0,0.0,0.0,0.0,2.0,0.0,0.0,,Hawke's Bay Region,Nil,2-way,Sealed,0.0,0.0,0.0,50.0,0.0,On,0.0,0.0,,30.0,Hastings District,Nil,0.0,0.0,0.0,0.0,0.0,0.0,Urban,1.0,0.0,0.0,Fine
55492,1930020.0,5603978.0,548300.0,1.0,0.0,1.0,North,2004/2005,BEECH ST,RIVERSLEA ROAD SOUTH,Minor Crash,No,2005,South,0.0,,Flat,,,,,Bright sun,1502100.0,1.0,0.0,0.0,2.0,0.0,,,Hawke's Bay Region,Nil,2-way,Sealed,0.0,0.0,,50.0,,Null,0.0,0.0,,30.0,Hastings District,Nil,,,,,0.0,0.0,Urban,0.0,,,Fine
201857,1941354.0,5594848.0,545860.0,0.0,0.0,1.0,East,2001/2002,OCEAN BEACH ROAD,WAIMARAMA ROAD,Non-Injury Crash,No,2001,West,0.0,0.0,Hill Road,0.0,,0.0,0.0,Bright sun,1467200.0,0.0,0.0,0.0,2.0,0.0,0.0,,Hawke's Bay Region,Nil,2-way,Sealed,0.0,0.0,0.0,100.0,0.0,Null,0.0,0.0,,30.0,Hastings District,Nil,0.0,0.0,0.0,0.0,0.0,0.0,Open,0.0,0.0,0.0,Fine
674365,1924935.0,5601608.0,545851.0,0.0,0.0,0.0,South,2002/2003,SH 50A,MANGAROA ROAD,Serious Crash,Yes,2003,North,0.0,1.0,Flat,0.0,,0.0,0.0,Bright sun,1463500.0,3.0,0.0,0.0,2.0,0.0,0.0,,Hawke's Bay Region,Nil,2-way,Sealed,0.0,1.0,0.0,100.0,0.0,Null,0.0,0.0,,30.0,Hastings District,Nil,0.0,0.0,0.0,0.0,0.0,0.0,Open,1.0,0.0,0.0,Fine
287434,1935967.0,5610727.0,545730.0,0.0,0.0,2.0,Null,2004/2005,SH 2,MILL ROAD,Minor Crash,Yes,2004,North,0.0,,Flat,,,,,Dark,1404700.0,1.0,0.0,0.0,3.0,0.0,,,Hawke's Bay Region,Nil,2-way,Sealed,0.0,0.0,,50.0,,On,0.0,0.0,,30.0,Hastings District,Give way,,,,,0.0,0.0,Urban,0.0,,,Fine
153902,1929464.0,5605185.0,548200.0,0.0,0.0,1.0,Null,2002/2003,EASTBOURNE ST WEST,NELSON ST SOUTH,Non-Injury Crash,No,2002,West,0.0,0.0,Flat,0.0,,1.0,0.0,Bright sun,1488900.0,0.0,0.0,0.0,2.0,0.0,0.0,,Hawke's Bay Region,Nil,2-way,Sealed,0.0,0.0,0.0,50.0,0.0,Null,0.0,0.0,,30.0,Hastings District,Give way,0.0,0.0,0.0,0.0,0.0,0.0,Urban,1.0,0.0,0.0,Fine
336152,1929698.0,5600728.0,545762.0,0.0,0.0,1.0,East,2005/2006,TE AUTE ROAD,MOUNT ERIN ROAD,Minor Crash,No,2006,West,0.0,1.0,Flat,0.0,,0.0,0.0,Bright sun,1465300.0,1.0,0.0,0.0,2.0,0.0,0.0,,Hawke's Bay Region,Nil,2-way,Sealed,0.0,0.0,0.0,100.0,0.0,Null,0.0,0.0,,30.0,Hastings District,Nil,0.0,0.0,0.0,0.0,0.0,0.0,Open,0.0,0.0,0.0,Fine
524352,1930090.0,5604957.0,548200.0,0.0,0.0,1.0,Null,2016/2017,KARAMU ROAD NORTH,AVENUE ROAD EAST,Non-Injury Crash,No,2017,South,0.0,,Flat,,,,,Overcast,1492900.0,0.0,0.0,0.0,2.0,0.0,,,Hawke's Bay Region,Nil,2-way,Sealed,0.0,0.0,,50.0,,Null,1.0,0.0,,30.0,Hastings District,Stop,,,,,0.0,0.0,Urban,0.0,,,Null
392637,1931604.0,5612606.0,545832.0,0.0,0.0,1.0,South,2013/2014,PAKOWHAI ROAD,ALLEN ROAD,Non-Injury Crash,No,2014,South,0.0,,Flat,,,,,Bright sun,1403900.0,0.0,0.0,0.0,2.0,0.0,,,Hawke's Bay Region,Nil,2-way,Sealed,0.0,0.0,,100.0,,Null,0.0,0.0,,30.0,Hastings District,Nil,,,,,1.0,0.0,Open,0.0,,,Fine
147147,1933574.0,5609828.0,545832.0,0.0,0.0,1.0,East,2011/2012,FARNDON ROAD,CHESTERHOPE BRIDGE,Minor Crash,No,2011,East,0.0,1.0,Flat,0.0,,0.0,0.0,Overcast,1404200.0,1.0,0.0,0.0,2.0,0.0,0.0,,Hawke's Bay Region,Nil,2-way,Sealed,0.0,0.0,0.0,100.0,0.0,Null,0.0,0.0,,30.0,Hastings District,Nil,0.0,0.0,0.0,0.0,0.0,0.0,Open,0.0,0.0,0.0,Light rain
95043,1933982.0,5601534.0,548832.0,0.0,0.0,1.0,Null,2012/2013,SIMLA AVENUE,FRANKLIN TERRACE,Non-Injury Crash,No,2013,North,0.0,0.0,Hill Road,0.0,,0.0,0.0,Dark,1510800.0,0.0,0.0,0.0,2.0,0.0,0.0,,Hawke's Bay Region,Nil,2-way,Sealed,0.0,0.0,0.0,50.0,0.0,On,0.0,0.0,,30.0,Hastings District,Nil,0.0,0.0,0.0,1.0,0.0,0.0,Urban,0.0,0.0,0.0,Fine
611933,1930185.0,5605031.0,548200.0,0.0,0.0,1.0,Null,2016/2017,KARAMU ROAD NORTH,ST AUBYN ST EAST,Non-Injury Crash,No,2017,North,0.0,,Flat,,,,,Bright sun,1494100.0,0.0,0.0,0.0,4.0,0.0,,,Hawke's Bay Region,Nil,2-way,Sealed,0.0,0.0,,50.0,,Null,1.0,0.0,,30.0,Hastings District,Traffic Signals,,,,,0.0,0.0,Urban,0.0,,,Null
563871,1919199.0,5593768.0,545851.0,0.0,0.0,1.0,North,2004/2005,SH 2,HORONUI ROAD,Non-Injury Crash,Yes,2005,South,0.0,1.0,Flat,0.0,,0.0,0.0,Bright sun,1463900.0,0.0,0.0,0.0,2.0,0.0,0.0,,Hawke's Bay Region,Nil,2-way,Sealed,0.0,0.0,0.0,100.0,0.0,Null,0.0,0.0,,30.0,Hastings District,Nil,0.0,0.0,0.0,0.0,0.0,0.0,Open,0.0,0.0,0.0,Fine
500828,1902629.0,5611663.0,545841.0,0.0,0.0,1.0,North,2010/2011,AORANGI ROAD,KERERU ROAD,Non-Injury Crash,No,2011,North,0.0,0.0,Flat,0.0,,0.0,0.0,Overcast,1462201.0,0.0,0.0,0.0,2.0,0.0,0.0,,Hawke's Bay Region,Nil,2-way,Sealed,0.0,0.0,0.0,80.0,0.0,Null,0.0,0.0,,30.0,Hastings District,Nil,0.0,0.0,0.0,0.0,0.0,0.0,Open,0.0,0.0,0.0,Heavy rain
680951,1931037.0,5613819.0,545831.0,0.0,0.0,0.0,North,2008/2009,SH 50,PAKOWHAI ON SBD,Non-Injury Crash,Yes,2008,North,0.0,,Flat,,,,,Bright sun,1404600.0,0.0,0.0,0.0,2.0,0.0,,,Hawke's Bay Region,Nil,2-way,Sealed,0.0,0.0,,100.0,,Null,0.0,0.0,,30.0,Hastings District,Nil,,,,,1.0,0.0,Open,1.0,,,Fine