OBJECTID,X,Y,areaUnitID,bicycle,bus,carStationWagon,crashDirectionDescription,crashFinancialYear,crashLocation1,crashLocation2,crashSeverity,crashSHDescription,crashYear,directionRoleDescription,fatalCount,fence,flatHill,guardRail,holiday,houseOrBuilding,kerb,light,meshblockId,minorInjuryCount,moped,motorcycle,NumberOfLanes,otherVehicleType,parkedVehicle,pedestrian,region,roadCharacter,roadLane,roadSurface,schoolBus,seriousInjuryCount,slipOrFlood,speedLimit,strayAnimal,streetLight,suv,taxi,temporarySpeedLimit,tlaId,tlaName,trafficControl,trafficIsland,trafficSign,train,tree,truck,unknownVehicleType,urban,vanOrUtility,vehicle,waterRiver,weatherA
373908,1930722.0,5605110.0,548200.0,0.0,0.0,2.0,Null,2015/2016,HASTINGS ST NORTH,ALEXANDRA ST,Minor Crash,No,2016,South,0.0,,Flat,,,,,Bright sun,1494700.0,1.0,0.0,0.0,2.0,0.0,,,Hawke's Bay Region,Nil,2-way,Sealed,0.0,0.0,,50.0,,Null,0.0,0.0,,30.0,Hastings District,Give way,,,,,0.0,0.0,Urban,0.0,,,Fine
258895,1930196.0,5604359.0,548200.0,0.0,0.0,3.0,West,2017/2018,WILLOWPARK ROAD SOUTH,HERETAUNGA ST EAST,Non-Injury Crash,No,2017,West,0.0,0.0,Flat,0.0,,0.0,0.0,Dark,1493800.0,0.0,0.0,0.0,2.0,0.0,1.0,,Hawke's Bay Region,Nil,2-way,Sealed,0.0,0.0,0.0,50.0,0.0,On,0.0,0.0,,30.0,Hastings District,Unknown,0.0,0.0,0.0,0.0,0.0,0.0,Urban,0.0,0.0,0.0,Light rain
633310,1926338.0,5606418.0,545761.0,0.0,0.0,1.0,North,2012/2013,SH 50A,YORK ROAD,Minor Crash,Yes,2012,North,0.0,,Flat,,,,,Twilight,1469905.0,1.0,0.0,0.0,2.0,0.0,,,Hawke's Bay Region,Nil,2-way,Unsealed,0.0,0.0,,50.0,,Off,0.0,0.0,,30.0,Hastings District,Nil,,,,,0.0,0.0,Urban,0.0,,,Light rain
151598,1929451.0,5608862.0,545710.0,0.0,0.0,2.0,Null,2012/2013,EVENDEN ROAD,SH 50A,Non-Injury Crash,Yes,2013,South,0.0,,Flat,,,,,Dark,1471201.0,0.0,0.0,0.0,4.0,0.0,,,Hawke's Bay Region,Nil,2-way,Sealed,0.0,0.0,,100.0,,On,0.0,0.0,,30.0,Hastings District,Give way,,,,,0.0,0.0,Open,0.0,,,Fine
241647,1931762.0,5592490.0,545860.0,0.0,0.0,0.0,South,2003/2004,KAHURANAKI ROAD,RARATU ROAD,Serious Crash,No,2003,North,0.0,0.0,Flat,0.0,,0.0,0.0,Dark,1467400.0,0.0,0.0,1.0,2.0,0.0,0.0,,Hawke's Bay Region,Nil,2-way,Sealed,0.0,1.0,0.0,100.0,0.0,None,0.0,0.0,,30.0,Hastings District,Pointsman,0.0,0.0,0.0,0.0,0.0,0.0,Open,0.0,0.0,0.0,Fine
362003,1930700.0,5606700.0,547600.0,0.0,0.0,2.0,Null,2009/2010,WILLIAMS ST,TOTARA ST,Non-Injury Crash,No,2010,West,0.0,,Flat,,Easter,,,Bright sun,1471402.0,0.0,0.0,0.0,2.0,0.0,,,Hawke's Bay Region,Nil,2-way,Sealed,0.0,0.0,,50.0,,Null,0.0,0.0,,30.0,Hastings District,Nil,,,,,0.0,0.0,Urban,0.0,,,Fine
26419,1940620.0,5593517.0,545860.0,0.0,0.0,0.0,South,2016/2017,WAIMARAMA ROAD,OCEAN BEACH ROAD,Non-Injury Crash,No,2017,South,0.0,,Flat,,,,,Dark,1467500.0,0.0,0.0,1.0,2.0,0.0,,,Hawke's Bay Region,Nil,2-way,Sealed,0.0,0.0,,100.0,,None,0.0,0.0,,30.0,Hastings District,Unknown,,,,,0.0,0.0,Open,0.0,,,Fine
183747,1930912.0,5607891.0,545710.0,0.0,0.0,1.0,Null,2002/2003,PAKOWHAI ROAD,RICHMOND ROAD,Non-Injury Crash,No,2003,West,0.0,,Flat,,,,,Overcast,1471100.0,0.0,0.0,0.0,2.0,0.0,,,Hawke's Bay Region,Nil,2-way,Sealed,0.0,0.0,,70.0,,Null,0.0,0.0,,30.0,Hastings District,Give way,,,,,1.0,0.0,Urban,0.0,,,Light rain
189878,1930336.0,5600612.0,545852.0,0.0,0.0,0.0,East,2008/2009,RICHARD ROAD,TE AUTE ROAD,Non-Injury Crash,No,2009,West,0.0,0.0,Flat,0.0,,0.0,0.0,Overcast,1465700.0,0.0,0.0,0.0,2.0,0.0,0.0,,Hawke's Bay Region,Nil,2-way,Sealed,0.0,0.0,0.0,100.0,0.0,Null,1.0,0.0,,30.0,Hastings District,Nil,0.0,0.0,0.0,0.0,0.0,0.0,Open,1.0,0.0,0.0,Fine
301098,1929737.0,5614649.0,545831.0,0.0,0.0,2.0,South,2008/2009,WAIOHIKI ROAD,HATAS LANE,Minor Crash,No,2009,South,0.0,0.0,Flat,0.0,,0.0,0.0,Overcast,1404600.0,1.0,0.0,0.0,2.0,0.0,0.0,,Hawke's Bay Region,Nil,2-way,Sealed,0.0,0.0,0.0,70.0,0.0,Null,0.0,0.0,,30.0,Hastings District,Nil,0.0,0.0,0.0,0.0,0.0,0.0,Urban,0.0,0.0,0.0,Light rain
554926,1924108.0,5607842.0,548611.0,0.0,0.0,0.0,East,2008/2009,KINGSLEY DRIVE,PEARY CRESCENT,Fatal Crash,No,2008,West,1.0,0.0,Flat,0.0,,0.0,0.0,Bright sun,1470305.0,0.0,0.0,1.0,2.0,0.0,0.0,,Hawke's Bay Region,Nil,2-way,Sealed,0.0,0.0,0.0,50.0,0.0,Null,0.0,0.0,,30.0,Hastings District,Nil,0.0,0.0,0.0,1.0,0.0,0.0,Urban,0.0,0.0,0.0,Fine
571632,1934351.0,5646523.0,545911.0,0.0,0.0,0.0,South,2018/2019,SH 2,DEVILS ELBOW,Non-Injury Crash,Yes,2018,East,0.0,0.0,Flat,0.0,,0.0,0.0,Dark,1415400.0,0.0,0.0,0.0,2.0,0.0,0.0,,Hawke's Bay Region,Nil,2-way,Sealed,0.0,0.0,0.0,100.0,0.0,None,0.0,0.0,,30.0,Hastings District,Unknown,0.0,0.0,0.0,0.0,0.0,0.0,Open,1.0,0.0,0.0,Fine
717537,1931913.0,5601244.0,548810.0,0.0,0.0,1.0,North,2002/2003,UPHAM ST,ELLIOTT CRESCENT,Non-Injury Crash,No,2002,East,0.0,0.0,Flat,0.0,,0.0,0.0,Overcast,1506000.0,0.0,0.0,0.0,2.0,0.0,1.0,,Hawke's Bay Region,Nil,2-way,Sealed,0.0,0.0,0.0,50.0,0.0,Null,0.0,0.0,,30.0,Hastings District,Nil,0.0,0.0,0.0,0.0,0.0,0.0,Urban,1.0,0.0,0.0,Fine
374652,1929082.0,5606504.0,547700.0,0.0,0.0,2.0,Null,2008/2009,ST AUBYN ST WEST,PAKOWHAI ROAD,Non-Injury Crash,No,2008,South,0.0,,Flat,,,,,Bright sun,1485900.0,0.0,0.0,0.0,2.0,0.0,,,Hawke's Bay Region,Nil,2-way,Sealed,0.0,0.0,,50.0,,Null,0.0,0.0,,30.0,Hastings District,Traffic Signals,,,,,0.0,0.0,Urban,0.0,,,Fine
737694,1942395.0,5659255.0,545911.0,0.0,0.0,0.0,East,2008/2009,SH 2,MATAHORUA ROAD,Serious Crash,Yes,2009,East,0.0,0.0,Flat,0.0,,0.0,0.0,Bright sun,1415100.0,0.0,0.0,1.0,2.0,0.0,0.0,,Hawke's Bay Region,Nil,2-way,Sealed,0.0,1.0,0.0,100.0,0.0,Null,0.0,0.0,,30.0,Hastings District,Nil,0.0,0.0,0.0,0.0,0.0,0.0,Open,0.0,0.0,0.0,Fine
212916,1931947.0,5606118.0,545721.0,0.0,0.0,1.0,South,2002/2003,SH 2,ELWOOD ROAD,Non-Injury Crash,Yes,2003,South,0.0,0.0,Flat,0.0,,0.0,0.0,Overcast,1471700.0,0.0,0.0,0.0,2.0,0.0,0.0,,Hawke's Bay Region,Nil,2-way,Sealed,0.0,0.0,0.0,70.0,0.0,Null,0.0,0.0,,30.0,Hastings District,Nil,0.0,0.0,0.0,0.0,0.0,0.0,Urban,0.0,0.0,0.0,Light rain
706170,1929530.0,5605297.0,548200.0,0.0,0.0,3.0,North,2003/2004,HERETAUNGA ST WEST,NELSON ST SOUTH,Non-Injury Crash,No,2004,West,0.0,0.0,Flat,0.0,,0.0,0.0,Bright sun,1488900.0,0.0,0.0,0.0,2.0,0.0,1.0,,Hawke's Bay Region,Nil,2-way,Sealed,0.0,0.0,0.0,50.0,0.0,Null,0.0,1.0,,30.0,Hastings District,Nil,0.0,0.0,0.0,0.0,0.0,0.0,Urban,0.0,0.0,0.0,Fine
348661,1931489.0,5605346.0,548000.0,1.0,0.0,2.0,North,2001/2002,FENWICK ST,WILLOWPARK ROAD NORTH,Serious Crash,No,2001,South,0.0,0.0,Flat,0.0,,0.0,0.0,Bright sun,1497300.0,0.0,0.0,0.0,2.0,0.0,1.0,,Hawke's Bay Region,Nil,2-way,Sealed,0.0,1.0,0.0,50.0,0.0,Null,0.0,0.0,,30.0,Hastings District,Nil,0.0,0.0,0.0,0.0,0.0,0.0,Urban,1.0,0.0,0.0,Fine
653396,1924887.0,5617676.0,545821.0,0.0,0.0,1.0,South,2010/2011,SWAMP ROAD,OMARUNUI SETTLEMENT ROAD,Non-Injury Crash,No,2011,South,0.0,0.0,Flat,0.0,,0.0,0.0,Dark,1408600.0,0.0,0.0,0.0,2.0,0.0,0.0,,Hawke's Bay Region,Nil,2-way,Sealed,0.0,0.0,0.0,100.0,0.0,None,0.0,0.0,,30.0,Hastings District,Nil,0.0,0.0,0.0,0.0,0.0,0.0,Open,0.0,0.0,0.0,Fine
458116,1922953.0,5621038.0,545821.0,0.0,0.0,1.0,East,2006/2007,DARTMOOR ROAD,APLEY ROAD,Non-Injury Crash,No,2007,North,0.0,1.0,Flat,0.0,,0.0,0.0,Overcast,1411400.0,0.0,0.0,0.0,2.0,0.0,0.0,,Hawke's Bay Region,Nil,2-way,Sealed,0.0,0.0,0.0,100.0,0.0,None,0.0,0.0,,30.0,Hastings District,Nil,0.0,0.0,0.0,0.0,0.0,0.0,Open,0.0,0.0,0.0,Heavy rain
197553,1931854.0,5602581.0,545762.0,2.0,0.0,1.0,Null,2007/2008,HAVELOCK ROAD,ST ANDREWS ROAD,Minor Crash,No,2007,North,0.0,,Flat,,,,,Bright sun,1468600.0,2.0,0.0,0.0,2.0,0.0,,,Hawke's Bay Region,Nil,2-way,Sealed,0.0,0.0,,70.0,,Null,0.0,0.0,,30.0,Hastings District,Give way,,,,,0.0,0.0,Urban,0.0,,,Fine
355443,1929981.0,5604901.0,548200.0,0.0,0.0,0.0,North,2001/2002,QUEEN ST EAST,KARAMU ROAD NORTH,Non-Injury Crash,No,2002,East,0.0,0.0,Flat,0.0,,0.0,0.0,Overcast,1492200.0,0.0,0.0,0.0,2.0,0.0,1.0,1.0,Hawke's Bay Region,Nil,2-way,Sealed,0.0,0.0,0.0,50.0,0.0,Null,0.0,0.0,,30.0,Hastings District,Unknown,0.0,0.0,0.0,0.0,1.0,0.0,Urban,0.0,0.0,0.0,Fine
195742,1928766.0,5606296.0,547800.0,0.0,0.0,1.0,North,2012/2013,OMAHU ROAD,PAKOWHAI ROAD,Non-Injury Crash,No,2012,South,0.0,,Flat,,,,,Bright sun,1477800.0,0.0,0.0,0.0,2.0,0.0,,,Hawke's Bay Region,Nil,2-way,Sealed,0.0,0.0,,50.0,,Null,0.0,0.0,,30.0,Hastings District,Nil,,,,,0.0,0.0,Urban,1.0,,,Fine
596586,1917559.0,5615176.0,545821.0,0.0,0.0,1.0,East,2008/2009,TAIHAPE ROAD,SHANLEY ROAD,Serious Crash,No,2009,West,0.0,0.0,Flat,0.0,Christmas New Year,0.0,0.0,Overcast,1410300.0,0.0,0.0,0.0,2.0,0.0,0.0,,Hawke's Bay Region,Nil,2-way,Sealed,0.0,1.0,0.0,100.0,0.0,Null,0.0,0.0,,30.0,Hastings District,Nil,0.0,0.0,0.0,0.0,0.0,0.0,Open,0.0,0.0,0.0,Fine
589474,1929332.0,5605460.0,547700.0,0.0,0.0,2.0,South,2006/2007,CHARLES ST,HERETAUNGA ST WEST,Non-Injury Crash,No,2006,North,0.0,,Flat,,,,,Bright sun,1487700.0,0.0,0.0,0.0,2.0,0.0,,,Hawke's Bay Region,Nil,2-way,Sealed,0.0,0.0,,50.0,,Null,0.0,0.0,,30.0,Hastings District,Nil,,,,,0.0,0.0,Urban,0.0,,,Fine
185483,1928998.0,5587731.0,545860.0,0.0,0.0,0.0,North,2006/2007,KAHURANAKI ROAD,MACKENZIE ROAD,Non-Injury Crash,No,2007,North,0.0,1.0,Hill Road,0.0,,0.0,0.0,Bright sun,1467400.0,0.0,0.0,0.0,2.0,0.0,0.0,,Hawke's Bay Region,Nil,2-way,Sealed,0.0,0.0,0.0,100.0,0.0,Null,0.0,0.0,,30.0,Hastings District,Nil,0.0,0.0,0.0,0.0,1.0,0.0,Open,0.0,0.0,0.0,Fine
613119,1930956.0,5604781.0,548100.0,0.0,0.0,1.0,South,2005/2006,PRINCES ST,ALEXANDRA ST,Non-Injury Crash,No,2005,North,0.0,1.0,Flat,0.0,,0.0,0.0,Dark,1499700.0,0.0,0.0,0.0,2.0,0.0,0.0,,Hawke's Bay Region,Nil,2-way,Sealed,0.0,0.0,0.0,50.0,0.0,On,0.0,0.0,,30.0,Hastings District,Nil,0.0,0.0,0.0,1.0,0.0,0.0,Urban,0.0,0.0,0.0,Fine
406649,1936809.0,5596014.0,545860.0,0.0,0.0,1.0,South,2002/2003,KAHURANAKI ROAD,WAIMARAMA ROAD,Non-Injury Crash,No,2003,South,0.0,0.0,Flat,0.0,,0.0,0.0,Dark,1467200.0,0.0,0.0,0.0,2.0,0.0,1.0,,Hawke's Bay Region,Nil,2-way,Sealed,0.0,0.0,0.0,100.0,0.0,None,0.0,0.0,,30.0,Hastings District,Give way,0.0,0.0,0.0,0.0,0.0,0.0,Open,1.0,0.0,0.0,Light rain
527423,1932356.0,5601398.0,548821.0,0.0,0.0,2.0,Null,2003/2004,MIDDLE ROAD,LUCKNOW ROAD,Non-Injury Crash,No,2004,West,0.0,,Flat,,,,,Bright sun,1507001.0,0.0,0.0,0.0,2.0,0.0,,,Hawke's Bay Region,Nil,2-way,Sealed,0.0,0.0,,50.0,,Null,0.0,0.0,,30.0,Hastings District,Give way,,,,,0.0,0.0,Urban,0.0,,,Fine
725884,1928240.0,5606427.0,548500.0,0.0,0.0,0.0,Null,2007/2008,Z DWAY HB HOSPITAL,CANNING/ORCHARD,Non-Injury Crash,No,2008,East,0.0,,Flat,,,,,Overcast,1478700.0,0.0,0.0,0.0,1.0,0.0,,,Hawke's Bay Region,Nil,Off road,Sealed,0.0,0.0,,50.0,,Null,2.0,0.0,,30.0,Hastings District,Nil,,,,,0.0,0.0,Urban,0.0,,,Fine
8366,1924456.0,5603774.0,545842.0,1.0,0.0,0.0,North,2007/2008,STOCK ROAD,MARAEKAKAHO ROAD,Minor Crash,No,2007,South,0.0,,Flat,,,,,Overcast,1470214.0,1.0,0.0,0.0,2.0,0.0,,,Hawke's Bay Region,Nil,2-way,Sealed,0.0,0.0,,100.0,,Null,0.0,0.0,,30.0,Hastings District,Nil,,,,,0.0,0.0,Open,1.0,,,Heavy rain
351956,1932281.3365,5606183.6059,545721.0,0.0,0.0,1.0,West,2018/2019,002-0661,BENNETT ROAD,Non-Injury Crash,Yes,2019,North,0.0,,Flat,,,,,Bright sun,1471700.0,0.0,0.0,0.0,2.0,1.0,,,Hawke's Bay Region,Nil,2-way,Sealed,0.0,0.0,,70.0,,Off,0.0,0.0,,30.0,Hastings District,Unknown,,,,,0.0,0.0,Urban,1.0,,,Fine
590765,1929851.0,5605275.0,548200.0,0.0,0.0,1.0,Null,2002/2003,AVENUE ROAD WEST,KING ST NORTH,Non-Injury Crash,No,2002,South,0.0,,Flat,,,,,Overcast,1490900.0,0.0,0.0,0.0,2.0,0.0,,,Hawke's Bay Region,Nil,2-way,Sealed,0.0,0.0,,50.0,,Null,0.0,0.0,,30.0,Hastings District,Give way,,,,,0.0,0.0,Urban,1.0,,,Fine
540402,1930822.0,5603681.0,548100.0,0.0,0.0,1.0,North,2014/2015,HERETAUNGA ST EAST,WINDSOR AVENUE,Non-Injury Crash,No,2014,North,0.0,,Flat,,,,,Bright sun,1500300.0,0.0,0.0,0.0,2.0,0.0,,1.0,Hawke's Bay Region,Nil,2-way,Sealed,0.0,0.0,,50.0,,Off,0.0,0.0,,30.0,Hastings District,Nil,,,,,0.0,0.0,Urban,0.0,,,Fine
614432,1930388.8802,5604757.9312,548200.0,0.0,0.0,1.0,North,2020/2021,ST AUBYN STREET EAST,MILLER STREET,Non-Injury Crash,No,2020,South,0.0,0.0,Flat,0.0,,0.0,0.0,Bright sun,1494800.0,0.0,0.0,0.0,2.0,0.0,1.0,,Hawke's Bay Region,Nil,2-way,Sealed,0.0,0.0,0.0,,0.0,Off,0.0,0.0,,30.0,Hastings District,Unknown,0.0,0.0,0.0,0.0,0.0,0.0,Urban,0.0,0.0,0.0,Fine
540132,1929830.0,5604765.0,548200.0,0.0,0.0,2.0,East,2013/2014,KARAMU ROAD SOUTH,EASTBOURNE ST EAST,Non-Injury Crash,No,2013,North,0.0,0.0,Flat,0.0,,0.0,0.0,Overcast,1492000.0,0.0,0.0,0.0,2.0,0.0,0.0,,Hawke's Bay Region,Nil,2-way,Sealed,0.0,0.0,0.0,50.0,0.0,Off,0.0,0.0,,30.0,Hastings District,Nil,0.0,0.0,0.0,0.0,0.0,0.0,Urban,0.0,1.0,0.0,Fine
148731,1927635.0,5607391.0,547800.0,0.0,0.0,2.0,Null,2007/2008,OMAHU ROAD,SH 50A,Non-Injury Crash,No,2008,West,0.0,,Flat,,,,,Dark,1476600.0,0.0,0.0,0.0,2.0,0.0,,,Hawke's Bay Region,Nil,2-way,Sealed,0.0,0.0,,50.0,,On,0.0,0.0,,30.0,Hastings District,Give way,,,,,0.0,0.0,Urban,0.0,,,Fine
476887,1918433.0,5662453.0,545911.0,0.0,0.0,0.0,East,2016/2017,WAITARA ROAD,BROOKS ROAD,Minor Crash,No,2017,West,0.0,,Hill Road,,,,,Bright sun,1415900.0,2.0,0.0,1.0,2.0,0.0,,,Hawke's Bay Region,Nil,2-way,Sealed,0.0,0.0,,100.0,,Null,0.0,0.0,,30.0,Hastings District,Unknown,,,,,0.0,0.0,Open,0.0,,,Fine
561671,1931107.0,5605605.0,548000.0,0.0,0.0,2.0,North,2002/2003,KARAMU ROAD NORTH,FREDERICK ST,Non-Injury Crash,No,2003,South,0.0,,Flat,,,,,Overcast,1497100.0,0.0,0.0,0.0,2.0,0.0,,,Hawke's Bay Region,Nil,2-way,Sealed,0.0,0.0,,50.0,,Null,0.0,0.0,,30.0,Hastings District,Nil,,,,,0.0,0.0,Urban,0.0,,,Fine
402193,1936104.0,5610975.0,545730.0,0.0,0.0,2.0,South,2007/2008,SH 2,TUCKER LANE,Non-Injury Crash,Yes,2007,South,0.0,,Flat,,,,,Overcast,1405401.0,0.0,0.0,0.0,2.0,0.0,,,Hawke's Bay Region,Nil,2-way,Sealed,0.0,0.0,,50.0,,Null,0.0,0.0,,30.0,Hastings District,Nil,,,,,0.0,0.0,Urban,0.0,,,Fine
39844,1929632.0,5604761.0,548200.0,0.0,0.0,2.0,Null,2005/2006,RAILWAY ROAD,LYNDON ROAD WEST,Non-Injury Crash,No,2005,North,0.0,,Flat,,,,,Overcast,1489900.0,0.0,0.0,0.0,2.0,0.0,,,Hawke's Bay Region,Nil,2-way,Sealed,0.0,0.0,,50.0,,Null,0.0,0.0,,30.0,Hastings District,Stop,,,,,0.0,0.0,Urban,0.0,,,Fine
338979,1927200.0,5600468.0,545852.0,0.0,0.0,1.0,Null,2015/2016,TE AUTE ROAD,CRYSTALL ROAD,Non-Injury Crash,No,2015,North,0.0,,Flat,,,,,Dark,1468700.0,0.0,0.0,0.0,,0.0,,,Hawke's Bay Region,Nil,2-way,Sealed,0.0,0.0,,100.0,,None,0.0,0.0,,30.0,Hastings District,Nil,,,,,0.0,0.0,Open,1.0,,,Light rain
551793,1935382.0,5601309.0,548833.0,0.0,0.0,1.0,East,2006/2007,Z DWAY BLACKBARN VINEYARD,TE MATA/FULFORD,Non-Injury Crash,No,2006,West,0.0,0.0,Flat,0.0,Christmas New Year,0.0,0.0,Dark,1466801.0,0.0,0.0,0.0,0.0,0.0,1.0,,Hawke's Bay Region,Nil,Off road,Sealed,0.0,0.0,0.0,50.0,0.0,None,0.0,0.0,,30.0,Hastings District,Nil,0.0,0.0,0.0,0.0,0.0,0.0,Urban,1.0,0.0,0.0,Fine
642692,1927744.0,5605317.0,547900.0,0.0,0.0,1.0,North,2000/2001,BLEDISLOE ST,WALL ROAD,Non-Injury Crash,No,2000,South,0.0,1.0,Flat,0.0,,0.0,0.0,Overcast,1481300.0,0.0,0.0,0.0,2.0,0.0,0.0,,Hawke's Bay Region,Nil,2-way,Sealed,0.0,0.0,0.0,50.0,0.0,Null,0.0,0.0,,30.0,Hastings District,Nil,0.0,0.0,0.0,0.0,0.0,0.0,Urban,0.0,0.0,0.0,Light rain
646546,1930472.0,5607553.0,545721.0,0.0,0.0,1.0,Null,2009/2010,PAKOWHAI ROAD,EVENDEN ROAD,Non-Injury Crash,No,2010,North,0.0,0.0,Flat,0.0,,0.0,0.0,Bright sun,1471401.0,0.0,0.0,0.0,2.0,0.0,0.0,,Hawke's Bay Region,Nil,2-way,Sealed,0.0,0.0,0.0,70.0,0.0,Null,0.0,0.0,,30.0,Hastings District,Give way,0.0,0.0,0.0,1.0,0.0,0.0,Urban,0.0,0.0,0.0,Fine
336609,1930480.0,5604634.0,548200.0,0.0,0.0,2.0,West,2006/2007,ST AUBYN ST EAST,WILLOWPARK ROAD NORTH,Non-Injury Crash,No,2007,East,0.0,,Flat,,,,,Overcast,1494800.0,0.0,0.0,0.0,2.0,0.0,,,Hawke's Bay Region,Nil,2-way,Sealed,0.0,0.0,,50.0,,Null,0.0,0.0,,30.0,Hastings District,Nil,,,,,0.0,0.0,Urban,1.0,,,Fine
100206,1928797.0,5606273.0,547700.0,0.0,0.0,1.0,Null,2000/2001,OMAHU ROAD,PAKOWHAI ROAD,Non-Injury Crash,No,2000,North,0.0,0.0,Flat,0.0,,0.0,0.0,Bright sun,1486000.0,0.0,0.0,0.0,2.0,0.0,0.0,,Hawke's Bay Region,Nil,2-way,Sealed,0.0,0.0,0.0,50.0,0.0,Null,0.0,0.0,,30.0,Hastings District,Give way,1.0,0.0,0.0,0.0,0.0,0.0,Urban,0.0,0.0,0.0,Fine
12291,1930454.0,5605448.0,548200.0,0.0,0.0,1.0,Null,2011/2012,CAROLINE ROAD,ALEXANDRA CRESCENT,Non-Injury Crash,No,2011,South,0.0,,Flat,,,,,Overcast,1494300.0,0.0,0.0,0.0,2.0,0.0,,,Hawke's Bay Region,Nil,2-way,Sealed,0.0,0.0,,50.0,,Null,0.0,0.0,,30.0,Hastings District,Give way,,,,,1.0,0.0,Urban,0.0,,,Light rain
117191,1929896.0,5604813.0,548200.0,0.0,0.0,1.0,Null,2015/2016,HERETAUNGA ST EAST,KARAMU ROAD NORTH,Minor Crash,No,2015,North,0.0,0.0,Flat,0.0,,0.0,0.0,Dark,1492700.0,1.0,0.0,0.0,2.0,0.0,0.0,,Hawke's Bay Region,Nil,2-way,Sealed,0.0,0.0,0.0,50.0,0.0,On,0.0,0.0,,30.0,Hastings District,Traffic Signals,0.0,1.0,0.0,0.0,0.0,0.0,Urban,0.0,0.0,0.0,Fine
316057,1931164.0,5607218.0,545721.0,0.0,0.0,1.0,North,2013/2014,RICHMOND ROAD,TOMOANA ROAD,Non-Injury Crash,No,2013,North,0.0,,Flat,,,,,Overcast,1471500.0,0.0,0.0,0.0,2.0,0.0,,,Hawke's Bay Region,Nil,2-way,Sealed,0.0,0.0,,100.0,,Null,0.0,0.0,,30.0,Hastings District,Nil,,,,,0.0,0.0,Open,0.0,,,Fine
23087,1925574.7723,5599675.9878,545852.0,0.0,0.0,2.0,East,2019/2020,TE AUTE ROAD,RAILWAY ROAD SOUTH,Minor Crash,No,2019,West,0.0,,Flat,,,,,Bright sun,1468700.0,3.0,0.0,0.0,2.0,0.0,,,Hawke's Bay Region,Nil,2-way,Sealed,0.0,0.0,,100.0,,None,0.0,0.0,,30.0,Hastings District,Nil,,,,,0.0,0.0,Open,0.0,,,Fine
211943,1929293.0,5605209.0,548200.0,0.0,0.0,1.0,East,2007/2008,LYNDON ROAD WEST,SOUTHLAND ROAD,Non-Injury Crash,No,2008,East,0.0,0.0,Flat,0.0,,0.0,0.0,Dark,1488700.0,0.0,0.0,0.0,2.0,0.0,1.0,,Hawke's Bay Region,Nil,2-way,Sealed,0.0,0.0,0.0,50.0,0.0,On,1.0,0.0,,30.0,Hastings District,Nil,0.0,0.0,0.0,0.0,0.0,0.0,Urban,0.0,0.0,0.0,Fine
116950,1929518.0,5604712.0,548200.0,0.0,0.0,1.0,North,2015/2016,SOUTHAMPTON ST WEST,RAILWAY ROAD,Non-Injury Crash,No,2016,West,0.0,,Flat,,,,,Overcast,1489802.0,0.0,0.0,0.0,2.0,0.0,,,Hawke's Bay Region,Nil,2-way,Sealed,0.0,0.0,,50.0,,Null,1.0,0.0,,30.0,Hastings District,Nil,,,,,0.0,0.0,Urban,0.0,,,Fine
266471,1921674.7532,5626055.6384,545821.0,0.0,0.0,1.0,South,2018/2019,APLEY ROAD,PUKETITIRI ROAD,Non-Injury Crash,No,2018,South,0.0,,Null,,,,,Overcast,1411200.0,0.0,0.0,0.0,2.0,0.0,,,Hawke's Bay Region,Nil,2-way,Sealed,0.0,0.0,,90.0,,Null,0.0,0.0,,30.0,Hastings District,Unknown,,,,,0.0,1.0,Open,0.0,,,Null
157628,1936026.0,5611528.0,545832.0,0.0,0.0,1.0,South,2009/2010,FARNDON ROAD,SH 2,Non-Injury Crash,No,2009,South,0.0,0.0,Flat,0.0,,0.0,0.0,Twilight,1404300.0,0.0,0.0,0.0,2.0,0.0,0.0,,Hawke's Bay Region,Nil,2-way,Sealed,0.0,0.0,0.0,50.0,0.0,None,0.0,0.0,,30.0,Hastings District,Nil,0.0,0.0,0.0,0.0,0.0,0.0,Urban,0.0,0.0,0.0,Fine
562018,1930473.0,5607553.0,545721.0,0.0,0.0,2.0,Null,2009/2010,PAKOWHAI ROAD,EVENDEN ROAD,Non-Injury Crash,No,2009,South,0.0,,Flat,,,,,Dark,1471401.0,0.0,0.0,0.0,2.0,0.0,,,Hawke's Bay Region,Nil,2-way,Sealed,0.0,0.0,,50.0,,On,0.0,0.0,,30.0,Hastings District,Give way,,,,,0.0,0.0,Urban,0.0,,,Fine
526911,1929535.0,5603759.0,548300.0,0.0,0.0,2.0,East,2007/2008,WILLOW PLACE,WILLOWPARK ROAD SOUTH,Non-Injury Crash,No,2007,East,0.0,,Flat,,,,,Bright sun,1503900.0,0.0,0.0,0.0,2.0,0.0,,,Hawke's Bay Region,Nil,2-way,Sealed,0.0,0.0,,50.0,,Null,0.0,0.0,,30.0,Hastings District,Nil,,,,,0.0,0.0,Urban,0.0,,,Fine
704344,1930935.0,5613540.0,545831.0,0.0,0.0,1.0,Null,2008/2009,SH 50A,SH 50 LINKS ROAD,Fatal Crash,Yes,2009,North,1.0,0.0,Flat,0.0,,0.0,0.0,Bright sun,1404600.0,3.0,0.0,0.0,3.0,0.0,0.0,,Hawke's Bay Region,Nil,2-way,Sealed,0.0,1.0,0.0,100.0,0.0,Null,0.0,0.0,,30.0,Hastings District,Give way,1.0,0.0,0.0,0.0,1.0,0.0,Open,0.0,0.0,0.0,Fine