OBJECTID,X,Y,areaUnitID,bicycle,bus,carStationWagon,crashDirectionDescription,crashFinancialYear,crashLocation1,crashLocation2,crashSeverity,crashSHDescription,crashYear,directionRoleDescription,fatalCount,fence,flatHill,guardRail,holiday,houseOrBuilding,kerb,light,meshblockId,minorInjuryCount,moped,motorcycle,NumberOfLanes,otherVehicleType,parkedVehicle,pedestrian,region,roadCharacter,roadLane,roadSurface,schoolBus,seriousInjuryCount,slipOrFlood,speedLimit,strayAnimal,streetLight,suv,taxi,temporarySpeedLimit,tlaId,tlaName,trafficControl,trafficIsland,trafficSign,train,tree,truck,unknownVehicleType,urban,vanOrUtility,vehicle,waterRiver,weatherA
370218,1927501.0,5603870.0,545761.0,0.0,0.0,1.0,Null,2003/2004,HEATHCOTE ROAD,SOUTHLAND ROAD,Minor Crash,No,2004,South,0.0,0.0,Flat,0.0,,0.0,0.0,Dark,1468801.0,1.0,0.0,0.0,2.0,0.0,0.0,,Hawke's Bay Region,Nil,2-way,Sealed,0.0,0.0,0.0,100.0,0.0,None,0.0,0.0,,30.0,Hastings District,Nil,0.0,0.0,0.0,0.0,0.0,0.0,Open,0.0,0.0,0.0,Light rain
438004,1932682.0,5602065.0,548831.0,0.0,0.0,2.0,Null,2005/2006,KARANEMA DRIVE,MARTIN PLACE,Minor Crash,No,2006,East,0.0,,Flat,,,,,Bright sun,1509100.0,1.0,0.0,0.0,3.0,0.0,,,Hawke's Bay Region,Nil,2-way,Sealed,0.0,0.0,,50.0,,Null,0.0,0.0,,30.0,Hastings District,Give way,,,,,0.0,0.0,Urban,0.0,,,Fine
402831,1926605.0,5613397.0,545822.0,0.0,0.0,1.0,West,2016/2017,SH 50,WHEATLEY ROAD,Non-Injury Crash,Yes,2016,West,0.0,,Flat,,,,,Overcast,1408800.0,0.0,0.0,0.0,2.0,0.0,,,Hawke's Bay Region,Nil,2-way,Sealed,0.0,0.0,,100.0,,Null,0.0,0.0,,30.0,Hastings District,Unknown,,,,,0.0,0.0,Open,0.0,,,Mist or Fog
60963,1908445.0,5600917.0,545841.0,0.0,0.0,0.0,South,2014/2015,WHAKAPIRAU ROAD,SH 50,Serious Crash,No,2015,South,0.0,1.0,Hill Road,0.0,,0.0,0.0,Bright sun,1462700.0,0.0,0.0,1.0,2.0,0.0,0.0,,Hawke's Bay Region,Nil,2-way,Sealed,0.0,1.0,0.0,100.0,0.0,Null,0.0,0.0,,30.0,Hastings District,Nil,0.0,0.0,0.0,0.0,0.0,0.0,Open,0.0,0.0,0.0,Fine
31266,1930027.0,5605407.0,548200.0,0.0,0.0,2.0,North,2010/2011,KING ST NORTH,ST AUBYN ST WEST,Non-Injury Crash,No,2010,North,0.0,,Flat,,,,,Overcast,1491000.0,0.0,0.0,0.0,2.0,0.0,,,Hawke's Bay Region,Nil,2-way,Sealed,0.0,0.0,,50.0,,Null,0.0,0.0,,30.0,Hastings District,Nil,,,,,0.0,0.0,Urban,0.0,,,Fine
650582,1935491.0,5645166.0,545811.0,0.0,0.0,0.0,South,2011/2012,SH 2,TANGOIO SETTLEMENT ROAD,Minor Crash,Yes,2012,North,0.0,0.0,Flat,0.0,,0.0,0.0,Twilight,1415600.0,1.0,0.0,0.0,2.0,0.0,0.0,,Hawke's Bay Region,Nil,2-way,Sealed,0.0,0.0,0.0,100.0,0.0,None,0.0,0.0,,30.0,Hastings District,Nil,0.0,0.0,0.0,0.0,0.0,0.0,Open,1.0,0.0,0.0,Fine
446274,1925147.0,5606977.0,548620.0,0.0,0.0,2.0,Null,2016/2017,HENDERSON ROAD,SWANSEA ROAD,Non-Injury Crash,No,2017,South,0.0,,Flat,,,,,Dark,1476500.0,0.0,0.0,0.0,2.0,0.0,,,Hawke's Bay Region,Nil,2-way,Sealed,0.0,0.0,,50.0,,On,0.0,0.0,,30.0,Hastings District,Give way,,,,,0.0,0.0,Urban,0.0,,,Fine
100873,1924431.0,5597395.0,545851.0,0.0,0.0,2.0,South,2004/2005,SH 2,STOCK ROAD,Minor Crash,Yes,2005,South,0.0,1.0,Flat,0.0,,0.0,0.0,Bright sun,1463900.0,2.0,0.0,0.0,2.0,0.0,0.0,,Hawke's Bay Region,Nil,2-way,Sealed,0.0,0.0,0.0,100.0,0.0,Null,0.0,0.0,,30.0,Hastings District,Nil,0.0,0.0,0.0,0.0,0.0,0.0,Open,0.0,0.0,0.0,Fine
739135,1931148.0,5614108.0,545831.0,0.0,0.0,4.0,North,2012/2013,SH 50,PAKOWHAI ON NBD,Non-Injury Crash,Yes,2012,North,0.0,,Flat,,,,,Overcast,1404600.0,0.0,0.0,0.0,2.0,0.0,,,Hawke's Bay Region,Nil,2-way,Sealed,0.0,0.0,,100.0,,Null,1.0,0.0,,30.0,Hastings District,Nil,,,,,0.0,0.0,Open,0.0,,,Fine
627293,1935277.0,5609334.0,545722.0,0.0,0.0,1.0,South,2008/2009,SH 2,RICHMOND ROAD,Non-Injury Crash,Yes,2009,South,0.0,1.0,Flat,0.0,,0.0,0.0,Dark,1406300.0,0.0,0.0,0.0,2.0,0.0,0.0,,Hawke's Bay Region,Nil,2-way,Sealed,0.0,0.0,0.0,100.0,0.0,On,0.0,0.0,,30.0,Hastings District,Nil,0.0,0.0,0.0,1.0,0.0,0.0,Open,0.0,0.0,0.0,Fine
169346,1928609.0,5618019.0,545821.0,0.0,0.0,0.0,East,2004/2005,PUKETAPU ROAD,SPRINGFIELD ROAD,Non-Injury Crash,No,2005,South,0.0,0.0,Hill Road,0.0,,0.0,0.0,Dark,1410902.0,0.0,0.0,0.0,2.0,0.0,0.0,,Hawke's Bay Region,Nil,2-way,Sealed,0.0,0.0,0.0,100.0,0.0,None,0.0,0.0,,30.0,Hastings District,Nil,0.0,0.0,0.0,0.0,0.0,0.0,Open,1.0,0.0,0.0,Fine
24123,1929560.0,5605258.0,548200.0,0.0,0.0,2.0,Null,2005/2006,HERETAUNGA ST WEST,NELSON ST NORTH,Non-Injury Crash,No,2005,South,0.0,,Flat,,,,,Dark,1490100.0,0.0,0.0,0.0,2.0,0.0,,,Hawke's Bay Region,Nil,2-way,Sealed,0.0,0.0,,50.0,,On,0.0,0.0,,30.0,Hastings District,Traffic Signals,,,,,0.0,0.0,Urban,0.0,,,Fine
168463,1919793.0,5628733.0,545821.0,0.0,0.0,1.0,North,2004/2005,PUKETITIRI ROAD,SOLDIERS SETTLEMENT ROAD,Minor Crash,No,2004,East,0.0,0.0,Hill Road,0.0,Labour Weekend,0.0,0.0,Bright sun,1412200.0,1.0,0.0,0.0,2.0,0.0,0.0,,Hawke's Bay Region,Nil,2-way,Sealed,0.0,0.0,0.0,100.0,0.0,Null,0.0,0.0,,30.0,Hastings District,Nil,0.0,0.0,0.0,1.0,0.0,0.0,Open,0.0,0.0,0.0,Fine
392264,1930504.0,5604602.0,548200.0,0.0,0.0,1.0,West,2005/2006,ST AUBYN ST EAST,WILLOWPARK ROAD NORTH,Non-Injury Crash,No,2006,South,0.0,,Flat,,,,,Dark,1494800.0,0.0,0.0,0.0,2.0,0.0,,,Hawke's Bay Region,Nil,2-way,Sealed,0.0,0.0,,50.0,,On,0.0,0.0,,30.0,Hastings District,Give way,,,,,0.0,0.0,Urban,1.0,,,Fine
103235,1929709.0,5604860.0,548200.0,0.0,0.0,2.0,West,2007/2008,EASTBOURNE ST WEST,RAILWAY ROAD,Non-Injury Crash,No,2008,East,0.0,,Flat,,,,,Bright sun,1490000.0,0.0,0.0,0.0,2.0,0.0,,,Hawke's Bay Region,Nil,2-way,Sealed,0.0,0.0,,50.0,,Null,0.0,0.0,,30.0,Hastings District,Traffic Signals,,,,,0.0,0.0,Urban,1.0,,,Fine
657096,1932274.0,5609028.0,545721.0,0.0,0.0,1.0,Null,2014/2015,PAKOWHAI ROAD,RUAHAPIA ROAD,Serious Crash,No,2015,North,0.0,0.0,Flat,0.0,,0.0,0.0,Bright sun,1471600.0,0.0,0.0,0.0,3.0,0.0,0.0,,Hawke's Bay Region,Nil,2-way,Sealed,0.0,1.0,0.0,80.0,0.0,Null,0.0,0.0,,30.0,Hastings District,Give way,0.0,0.0,0.0,0.0,0.0,0.0,Open,0.0,0.0,0.0,Fine
375904,1928009.0,5605668.0,547900.0,0.0,0.0,2.0,Null,2009/2010,MARAEKAKAHO ROAD,GORDON ROAD,Minor Crash,No,2009,South,0.0,,Flat,,,,,Bright sun,1479900.0,2.0,0.0,0.0,2.0,0.0,,,Hawke's Bay Region,Nil,2-way,Sealed,0.0,0.0,,50.0,,Null,0.0,0.0,,30.0,Hastings District,Give way,,,,,0.0,0.0,Urban,0.0,,,Fine
637782,1932371.0,5602044.0,548831.0,0.0,0.0,1.0,Null,2017/2018,KARANEMA DRIVE,HAVELOCK ROAD,Minor Crash,No,2017,East,0.0,1.0,Flat,0.0,,0.0,0.0,Dark,1509100.0,1.0,0.0,0.0,2.0,0.0,0.0,,Hawke's Bay Region,Nil,2-way,Sealed,0.0,0.0,0.0,50.0,0.0,On,0.0,0.0,,30.0,Hastings District,Give way,0.0,0.0,0.0,0.0,0.0,0.0,Urban,0.0,0.0,0.0,Fine
699632,1932472.0,5601614.0,548810.0,1.0,0.0,1.0,Null,2014/2015,TE AUTE ROAD,PORTER DRIVE,Minor Crash,No,2015,South,0.0,,Flat,,,,,Bright sun,1505700.0,1.0,0.0,0.0,2.0,0.0,,,Hawke's Bay Region,Nil,2-way,Sealed,0.0,0.0,,50.0,,Null,0.0,0.0,,30.0,Hastings District,Give way,,,,,0.0,0.0,Urban,0.0,,,Fine
415057,1932693.0,5608525.0,545722.0,0.0,0.0,1.0,East,2008/2009,WHAKATU ROAD,RUAHAPIA ROAD,Non-Injury Crash,No,2008,West,0.0,,Flat,,,,,Dark,1405700.0,0.0,0.0,0.0,2.0,0.0,,,Hawke's Bay Region,Nil,2-way,Sealed,0.0,0.0,,50.0,,On,1.0,0.0,,30.0,Hastings District,Nil,,,,,0.0,0.0,Urban,0.0,,,Fine
294372,1932606.0,5606198.0,545721.0,1.0,0.0,0.0,Null,2017/2018,SH 2,ST GEORGES ROAD,Minor Crash,Yes,2018,East,0.0,,Flat,,,,,Overcast,1472300.0,1.0,0.0,0.0,3.0,0.0,,,Hawke's Bay Region,Nil,2-way,Sealed,0.0,0.0,,80.0,,Null,1.0,0.0,,30.0,Hastings District,Give way,,,,,0.0,0.0,Open,0.0,,,Fine
37235,1924297.0,5608214.0,548611.0,0.0,0.0,2.0,North,2016/2017,KIRKWOOD ROAD,TARBET ST,Non-Injury Crash,No,2017,North,0.0,0.0,Flat,0.0,,0.0,0.0,Overcast,1469706.0,0.0,0.0,0.0,2.0,0.0,1.0,,Hawke's Bay Region,Nil,2-way,Sealed,0.0,0.0,0.0,50.0,0.0,Null,0.0,0.0,,30.0,Hastings District,Unknown,0.0,0.0,0.0,0.0,0.0,0.0,Urban,0.0,0.0,0.0,Mist or Fog
628670,1930128.0,5606960.0,547600.0,0.0,0.0,1.0,Null,2011/2012,FREDERICK ST,KAURI ST,Non-Injury Crash,No,2011,North,0.0,,Flat,,,,,Dark,1484900.0,0.0,0.0,0.0,2.0,0.0,,,Hawke's Bay Region,Nil,2-way,Sealed,0.0,0.0,,50.0,,On,0.0,0.0,,30.0,Hastings District,Give way,,,,,0.0,0.0,Urban,1.0,,,Light rain
136404,1932388.0,5600456.0,548821.0,1.0,0.0,1.0,West,2015/2016,IONA ROAD,PALMERSTON ROAD,Serious Crash,No,2015,West,0.0,,Flat,,,,,Overcast,1506702.0,0.0,0.0,0.0,2.0,0.0,,,Hawke's Bay Region,Nil,2-way,Sealed,0.0,1.0,,50.0,,Off,0.0,0.0,,30.0,Hastings District,Nil,,,,,0.0,0.0,Urban,0.0,,,Fine
29779,1928503.0,5606043.0,548500.0,0.0,0.0,1.0,Null,2006/2007,MARAEKAKAHO ROAD,MARAEKAKAHO ST,Minor Crash,No,2007,South,0.0,0.0,Flat,0.0,,0.0,1.0,Dark,1479600.0,1.0,0.0,0.0,2.0,0.0,0.0,,Hawke's Bay Region,Nil,2-way,Sealed,0.0,0.0,0.0,50.0,0.0,On,0.0,0.0,,30.0,Hastings District,Give way,0.0,0.0,0.0,1.0,0.0,0.0,Urban,0.0,0.0,0.0,Fine
222515,1929441.0,5608839.0,545710.0,0.0,0.0,1.0,Null,2005/2006,SH 50A,EVENDEN ROAD,Non-Injury Crash,Yes,2006,North,0.0,,Flat,,,,,Bright sun,1471201.0,0.0,0.0,0.0,4.0,0.0,,,Hawke's Bay Region,Nil,2-way,Sealed,0.0,0.0,,100.0,,Null,0.0,0.0,,30.0,Hastings District,Give way,,,,,1.0,0.0,Open,0.0,,,Fine
122304,1930287.0,5606715.0,547600.0,0.0,0.0,2.0,South,2012/2013,FREDERICK ST,KONINI ST,Minor Crash,No,2012,North,0.0,,Flat,,,,,Bright sun,1483200.0,1.0,0.0,0.0,2.0,0.0,,,Hawke's Bay Region,Nil,2-way,Sealed,0.0,0.0,,50.0,,Null,0.0,0.0,,30.0,Hastings District,Nil,,,,,0.0,0.0,Urban,1.0,,,Fine
430809,1924915.0,5601415.0,545851.0,0.0,0.0,1.0,North,2017/2018,SH 50A,TURAMOE ROAD,Non-Injury Crash,Yes,2017,South,0.0,0.0,Flat,0.0,,0.0,0.0,Bright sun,1463500.0,0.0,0.0,0.0,2.0,0.0,0.0,,Hawke's Bay Region,Nil,2-way,Sealed,0.0,0.0,0.0,100.0,0.0,Null,0.0,0.0,,30.0,Hastings District,Unknown,0.0,0.0,0.0,0.0,0.0,0.0,Open,0.0,0.0,0.0,Fine
173845,1918581.0,5652945.0,545912.0,0.0,0.0,1.0,North,2002/2003,SH 5,OLSENS GATE,Minor Crash,Yes,2003,South,0.0,,Hill Road,,,,,Overcast,1414504.0,2.0,0.0,0.0,3.0,0.0,,,Hawke's Bay Region,Nil,2-way,Sealed,0.0,0.0,,100.0,,Null,0.0,0.0,,30.0,Hastings District,Nil,,,,,1.0,0.0,Open,0.0,,,Fine
345668,1923183.1144,5611868.6741,545821.0,0.0,0.0,0.0,West,2019/2020,KOROKIPO ROAD,HAKIWAI ROAD,Non-Injury Crash,Yes,2019,East,0.0,0.0,Flat,0.0,,0.0,0.0,Dark,1408600.0,0.0,0.0,0.0,2.0,0.0,0.0,,Hawke's Bay Region,Nil,2-way,Sealed,0.0,0.0,0.0,50.0,0.0,None,1.0,0.0,,30.0,Hastings District,Unknown,0.0,0.0,0.0,0.0,0.0,0.0,Urban,0.0,0.0,0.0,Heavy rain
741518,1932274.0,5609028.0,545721.0,0.0,0.0,2.0,Null,2012/2013,PAKOWHAI ROAD,RUAHAPIA ROAD,Non-Injury Crash,No,2012,South,0.0,,Flat,,,,,Bright sun,1471600.0,0.0,0.0,0.0,2.0,0.0,,,Hawke's Bay Region,Nil,2-way,Sealed,0.0,0.0,,100.0,,Null,0.0,0.0,,30.0,Hastings District,Give way,,,,,0.0,0.0,Open,0.0,,,Fine
531101,1931143.0,5605627.0,548000.0,0.0,0.0,1.0,South,2008/2009,KARAMU ROAD NORTH,FENWICK ST,Minor Crash,No,2009,South,0.0,,Flat,,,,,Bright sun,1497100.0,1.0,1.0,0.0,2.0,0.0,,,Hawke's Bay Region,Nil,2-way,Sealed,0.0,0.0,,50.0,,Null,0.0,0.0,,30.0,Hastings District,Nil,,,,,0.0,0.0,Urban,0.0,,,Fine
346483,1932439.0,5609173.0,545710.0,0.0,0.0,0.0,North,2018/2019,PAKOWHAI ROAD,RUAHAPIA ROAD,Non-Injury Crash,No,2018,North,0.0,0.0,Flat,1.0,,0.0,0.0,Dark,1471100.0,0.0,0.0,0.0,2.0,0.0,0.0,,Hawke's Bay Region,Nil,2-way,Unsealed,0.0,0.0,0.0,80.0,0.0,None,1.0,0.0,30.0,30.0,Hastings District,Unknown,0.0,1.0,0.0,0.0,0.0,0.0,Open,0.0,0.0,0.0,Fine
205456,1929283.135,5605623.5673,547700.0,0.0,0.0,1.0,South,2019/2020,HERETAUNGA STREET WEST,LOVEDALE ROAD,Non-Injury Crash,No,2019,West,0.0,,Flat,,,,,Bright sun,1487900.0,0.0,0.0,0.0,2.0,0.0,,,Hawke's Bay Region,Nil,2-way,Sealed,0.0,0.0,,50.0,,Off,0.0,0.0,,30.0,Hastings District,Unknown,,,,,1.0,0.0,Urban,0.0,,,Fine
361291,1929896.0,5605013.0,548200.0,0.0,0.0,2.0,North,2000/2001,QUEEN ST EAST,RUSSELL ST NORTH,Non-Injury Crash,No,2001,North,0.0,,Flat,,,,,Bright sun,1492200.0,0.0,0.0,0.0,2.0,0.0,,,Hawke's Bay Region,Rail xing,2-way,Sealed,0.0,0.0,,50.0,,Null,0.0,0.0,,30.0,Hastings District,Traffic Signals,,,,,0.0,0.0,Urban,0.0,,,Fine
7021,1930288.0,5605105.0,548200.0,0.0,0.0,2.0,North,2002/2003,KARAMU ROAD NORTH,ELLISON ROAD,Non-Injury Crash,No,2003,North,0.0,,Flat,,,,,Bright sun,1494100.0,0.0,0.0,0.0,2.0,0.0,,,Hawke's Bay Region,Nil,2-way,Sealed,0.0,0.0,,50.0,,Null,0.0,0.0,,30.0,Hastings District,Nil,,,,,0.0,0.0,Urban,0.0,,,Fine
596690,1929872.0,5604644.0,548200.0,0.0,0.0,1.0,Null,2006/2007,EASTBOURNE ST EAST,EASTBOURNE ST,Non-Injury Crash,No,2006,West,0.0,0.0,Flat,0.0,,0.0,0.0,Bright sun,1493200.0,0.0,0.0,0.0,2.0,0.0,0.0,,Hawke's Bay Region,Nil,2-way,Sealed,0.0,0.0,0.0,50.0,0.0,Null,0.0,0.0,,30.0,Hastings District,Give way,1.0,0.0,0.0,1.0,1.0,0.0,Urban,0.0,0.0,0.0,Fine
585390,1929188.0,5605350.0,547700.0,0.0,0.0,2.0,Null,2007/2008,CHARLES ST,LYNDON ROAD WEST,Minor Crash,No,2007,South,0.0,,Flat,,,,,Overcast,1487700.0,2.0,0.0,0.0,2.0,0.0,,,Hawke's Bay Region,Nil,2-way,Sealed,0.0,0.0,,50.0,,Null,0.0,0.0,,30.0,Hastings District,Give way,,,,,0.0,0.0,Urban,0.0,,,Fine
330124,1928979.0,5606026.0,547700.0,0.0,0.0,2.0,Null,2002/2003,HERETAUNGA ST WEST,ALLERTON ST,Non-Injury Crash,No,2003,East,0.0,,Flat,,,,,Bright sun,1487400.0,0.0,0.0,0.0,2.0,0.0,,,Hawke's Bay Region,Nil,2-way,Sealed,0.0,0.0,,50.0,,Null,0.0,0.0,,30.0,Hastings District,Nil,,,,,0.0,0.0,Urban,0.0,,,Fine
330188,1930473.0,5607553.0,545721.0,0.0,0.0,2.0,Null,2004/2005,PAKOWHAI ROAD,EVENDEN ROAD,Non-Injury Crash,No,2004,West,0.0,,Flat,,,,,Dark,1471401.0,0.0,0.0,0.0,2.0,0.0,,,Hawke's Bay Region,Nil,2-way,Sealed,0.0,0.0,,50.0,,On,0.0,0.0,,30.0,Hastings District,Give way,,,,,0.0,0.0,Urban,0.0,,,Light rain
3219,1934180.0,5607200.0,545722.0,0.0,0.0,1.0,Null,2013/2014,NAPIER ROAD,SH 2,Non-Injury Crash,Yes,2014,South,0.0,1.0,Flat,0.0,Christmas New Year,0.0,0.0,Dark,1406200.0,0.0,0.0,0.0,3.0,0.0,0.0,,Hawke's Bay Region,Nil,2-way,Sealed,0.0,0.0,0.0,80.0,0.0,On,0.0,0.0,,30.0,Hastings District,Give way,0.0,0.0,0.0,0.0,0.0,0.0,Open,0.0,0.0,0.0,Fine
662185,1917742.9921,5653791.066000001,545912.0,0.0,0.0,1.0,West,2018/2019,005-0220,RICHMOND ROAD,Non-Injury Crash,Yes,2019,North,0.0,0.0,Hill Road,0.0,,0.0,0.0,Dark,1414504.0,0.0,0.0,0.0,3.0,0.0,0.0,,Hawke's Bay Region,Nil,2-way,Sealed,0.0,0.0,0.0,100.0,0.0,None,0.0,0.0,,30.0,Hastings District,Unknown,0.0,0.0,0.0,1.0,0.0,0.0,Open,0.0,0.0,0.0,Mist or Fog
478888,1931269.0,5605231.0,548000.0,0.0,0.0,0.0,North,2013/2014,GROVE ROAD,WILLOWPARK ROAD NORTH,Minor Crash,No,2013,North,0.0,,Flat,,,,,Bright sun,1497100.0,1.0,0.0,1.0,2.0,0.0,,1.0,Hawke's Bay Region,Nil,2-way,Sealed,0.0,0.0,,50.0,,Null,0.0,0.0,,30.0,Hastings District,Nil,,,,,0.0,0.0,Urban,0.0,,,Fine
484516,1928842.0,5603900.0,547900.0,0.0,0.0,2.0,Null,2011/2012,MURDOCH ROAD WEST,RAILWAY ROAD SOUTH,Non-Injury Crash,No,2011,North,0.0,,Flat,,,,,Bright sun,1482600.0,0.0,0.0,0.0,2.0,0.0,,,Hawke's Bay Region,Rail xing,2-way,Sealed,0.0,0.0,,50.0,,Null,0.0,0.0,,30.0,Hastings District,Stop,,,,,0.0,0.0,Urban,0.0,,,Fine
567787,1935187.0,5652917.0,545911.0,0.0,0.0,2.0,South,2002/2003,SH 2,WAIKOAU ROAD,Fatal Crash,Yes,2002,South,1.0,,Flat,,,,,Overcast,1415200.0,0.0,0.0,0.0,2.0,0.0,,,Hawke's Bay Region,Nil,2-way,Sealed,0.0,0.0,,100.0,,Null,0.0,0.0,,30.0,Hastings District,Nil,,,,,0.0,0.0,Open,0.0,,,Light rain
618527,1931114.0,5603880.0,548100.0,0.0,0.0,1.0,South,2011/2012,WINDSOR AVENUE,HOWARD ST,Minor Crash,No,2011,South,0.0,,Flat,,,,,Dark,1500400.0,1.0,0.0,0.0,2.0,0.0,,1.0,Hawke's Bay Region,Nil,2-way,Sealed,0.0,0.0,,50.0,,On,0.0,0.0,,30.0,Hastings District,Nil,,,,,0.0,0.0,Urban,0.0,,,Fine
284789,1929671.0,5606949.0,545710.0,0.0,0.0,0.0,South,2008/2009,PAKOWHAI ROAD,DUKE ST,Non-Injury Crash,No,2009,South,0.0,0.0,Flat,0.0,,0.0,0.0,Bright sun,1471300.0,0.0,0.0,0.0,2.0,0.0,0.0,,Hawke's Bay Region,Nil,2-way,Sealed,0.0,0.0,0.0,50.0,0.0,Null,0.0,0.0,,30.0,Hastings District,Nil,0.0,0.0,0.0,0.0,1.0,0.0,Urban,0.0,0.0,0.0,Fine
276769,1931613.0,5608421.0,545710.0,0.0,0.0,1.0,Null,2002/2003,PAKOWHAI ROAD,ELWOOD ROAD,Minor Crash,No,2002,North,0.0,,Flat,,,,,Bright sun,1471100.0,1.0,0.0,0.0,2.0,0.0,,,Hawke's Bay Region,Nil,2-way,Sealed,0.0,0.0,,100.0,,Null,0.0,0.0,,30.0,Hastings District,Give way,,,,,0.0,0.0,Open,1.0,,,Fine
148363,1928306.0,5604917.0,547900.0,0.0,0.0,1.0,South,2001/2002,OLIPHANT ROAD,CAMPBELL ST,Non-Injury Crash,No,2001,North,0.0,0.0,Flat,0.0,,0.0,0.0,Overcast,1480800.0,0.0,0.0,0.0,2.0,0.0,1.0,,Hawke's Bay Region,Nil,2-way,Sealed,0.0,0.0,0.0,50.0,0.0,Null,0.0,0.0,,30.0,Hastings District,Nil,0.0,0.0,0.0,0.0,0.0,0.0,Urban,1.0,0.0,0.0,Fine
110465,1929305.0,5606672.0,547800.0,0.0,0.0,2.0,South,2012/2013,PAKOWHAI ROAD,FITZROY AVENUE,Non-Injury Crash,No,2012,South,0.0,,Flat,,,,,Bright sun,1477600.0,0.0,0.0,0.0,2.0,0.0,,,Hawke's Bay Region,Nil,2-way,Sealed,0.0,0.0,,50.0,,Null,0.0,0.0,,30.0,Hastings District,Give way,,,,,0.0,0.0,Urban,0.0,,,Fine
698653,1932575.0,5608502.0,545721.0,0.0,0.0,2.0,Null,2006/2007,RUAHAPIA ROAD,WHAKATU ROAD,Minor Crash,No,2006,South,0.0,,Flat,,,,,Overcast,1471600.0,5.0,0.0,0.0,3.0,0.0,,,Hawke's Bay Region,Nil,2-way,Sealed,0.0,0.0,,100.0,,Null,0.0,0.0,,30.0,Hastings District,Stop,,,,,0.0,0.0,Open,1.0,,,Fine
428173,1927607.0,5607382.0,548500.0,0.0,0.0,2.0,Null,2000/2001,SH 50A,OMAHU ROAD,Non-Injury Crash,Yes,2001,North,0.0,,Flat,,,,,Overcast,1477900.0,0.0,0.0,0.0,2.0,0.0,,,Hawke's Bay Region,Nil,2-way,Sealed,0.0,0.0,,50.0,,Null,0.0,0.0,,30.0,Hastings District,Give way,,,,,0.0,0.0,Urban,0.0,,,Fine
137806,1928413.0,5606141.0,548500.0,0.0,0.0,0.0,East,2009/2010,ORCHARD ROAD,MCLEOD ST,Non-Injury Crash,No,2009,East,0.0,0.0,Flat,0.0,,0.0,0.0,Bright sun,1479600.0,0.0,0.0,0.0,2.0,0.0,0.0,,Hawke's Bay Region,Nil,2-way,Sealed,0.0,0.0,0.0,50.0,0.0,Null,0.0,0.0,,30.0,Hastings District,Nil,0.0,0.0,0.0,0.0,1.0,0.0,Urban,0.0,0.0,0.0,Fine
620233,1921802.0,5623234.0,545821.0,0.0,0.0,1.0,West,2001/2002,APLEY ROAD,PUKETITIRI ROAD,Minor Crash,No,2002,South,0.0,0.0,Hill Road,0.0,,0.0,0.0,Bright sun,1411100.0,1.0,0.0,0.0,2.0,0.0,0.0,,Hawke's Bay Region,Nil,2-way,Sealed,0.0,0.0,0.0,100.0,0.0,Null,0.0,0.0,,30.0,Hastings District,Nil,0.0,0.0,0.0,0.0,0.0,0.0,Open,0.0,0.0,0.0,Fine
393071,1936231.0,5654005.0,545911.0,0.0,0.0,2.0,South,2001/2002,SH 2,RIDGEMOUNT ROAD,Serious Crash,Yes,2002,North,0.0,,Hill Road,,,,,Bright sun,1415200.0,1.0,0.0,0.0,1.0,0.0,,,Hawke's Bay Region,Nil,2-way,Sealed,0.0,2.0,,100.0,,Null,0.0,0.0,,30.0,Hastings District,Nil,,,,,0.0,0.0,Open,0.0,,,Fine
619611,1907904.0,5605150.0,545841.0,0.0,0.0,1.0,North,2016/2017,SH 50,TAIT ROAD,Non-Injury Crash,Yes,2016,East,0.0,1.0,Flat,0.0,,0.0,0.0,Bright sun,1462700.0,0.0,0.0,0.0,2.0,0.0,0.0,,Hawke's Bay Region,Nil,2-way,Sealed,0.0,0.0,0.0,100.0,0.0,Null,0.0,0.0,,30.0,Hastings District,Unknown,0.0,0.0,0.0,0.0,0.0,0.0,Open,0.0,0.0,0.0,Fine
584694,1931273.0,5604645.0,548100.0,1.0,0.0,0.0,Null,2013/2014,SYLVAN ROAD,JERVOIS ST,Minor Crash,No,2014,South,0.0,,Flat,,,,,Overcast,1499900.0,1.0,0.0,0.0,2.0,0.0,,,Hawke's Bay Region,Nil,2-way,Sealed,0.0,0.0,,50.0,,Off,0.0,0.0,,30.0,Hastings District,Give way,,,,,0.0,0.0,Urban,1.0,,,Fine
505183,1930274.0,5606736.0,547600.0,0.0,0.0,1.0,North,2011/2012,FREDERICK ST,KONINI ST,Serious Crash,No,2012,North,0.0,,Flat,,,,,Bright sun,1483000.0,0.0,0.0,0.0,2.0,0.0,,1.0,Hawke's Bay Region,Nil,2-way,Sealed,0.0,1.0,,50.0,,Null,0.0,0.0,,30.0,Hastings District,Nil,,,,,0.0,0.0,Urban,0.0,,,Fine
550663,1930822.0,5603681.0,548100.0,0.0,0.0,2.0,West,2000/2001,HERETAUNGA ST EAST,WINDSOR AVENUE,Non-Injury Crash,No,2000,West,0.0,,Flat,,,,,Bright sun,1500300.0,0.0,0.0,0.0,2.0,0.0,,,Hawke's Bay Region,Nil,2-way,Sealed,0.0,0.0,,50.0,,Null,0.0,0.0,,30.0,Hastings District,Nil,,,,,0.0,0.0,Urban,0.0,,,Fine