OBJECTID,X,Y,areaUnitID,bicycle,bus,carStationWagon,crashDirectionDescription,crashFinancialYear,crashLocation1,crashLocation2,crashSeverity,crashSHDescription,crashYear,directionRoleDescription,fatalCount,fence,flatHill,guardRail,holiday,houseOrBuilding,kerb,light,meshblockId,minorInjuryCount,moped,motorcycle,NumberOfLanes,otherVehicleType,parkedVehicle,pedestrian,region,roadCharacter,roadLane,roadSurface,schoolBus,seriousInjuryCount,slipOrFlood,speedLimit,strayAnimal,streetLight,suv,taxi,temporarySpeedLimit,tlaId,tlaName,trafficControl,trafficIsland,trafficSign,train,tree,truck,unknownVehicleType,urban,vanOrUtility,vehicle,waterRiver,weatherA
329330,1931248.0,5605266.0,548000.0,0.0,0.0,2.0,North,2005/2006,GROVE ROAD,WILLOWPARK ROAD NORTH,Minor Crash,No,2006,South,0.0,,Flat,,,,,Overcast,1497100.0,1.0,0.0,0.0,2.0,0.0,,,Hawke's Bay Region,Nil,2-way,Sealed,0.0,0.0,,50.0,,Null,0.0,0.0,,30.0,Hastings District,Nil,,,,,0.0,0.0,Urban,1.0,,,Fine
431224,1929081.0,5606504.0,547800.0,0.0,0.0,1.0,Null,2016/2017,ST AUBYN ST WEST,PAKOWHAI ROAD,Non-Injury Crash,No,2017,North,0.0,,Flat,,,,,Bright sun,1477500.0,0.0,0.0,0.0,3.0,0.0,,,Hawke's Bay Region,Nil,2-way,Sealed,0.0,0.0,,50.0,,Null,1.0,0.0,,30.0,Hastings District,Traffic Signals,,,,,0.0,0.0,Urban,0.0,,,Fine
55912,1932853.0,5601352.0,548832.0,0.0,0.0,1.0,East,2017/2018,JOLL ROAD,CHRISTIE CRESCENT,Minor Crash,No,2018,East,0.0,0.0,Flat,0.0,,0.0,1.0,Bright sun,1508900.0,1.0,0.0,0.0,2.0,0.0,0.0,,Hawke's Bay Region,Nil,2-way,Sealed,0.0,0.0,0.0,50.0,0.0,Null,0.0,0.0,,30.0,Hastings District,Unknown,0.0,0.0,0.0,0.0,0.0,0.0,Urban,0.0,0.0,0.0,Fine
264978,1919951.0,5594361.0,545851.0,0.0,0.0,1.0,North,2006/2007,SH 2,HORONUI ROAD,Serious Crash,Yes,2006,North,0.0,1.0,Hill Road,0.0,,0.0,0.0,Dark,1463900.0,1.0,0.0,0.0,2.0,0.0,0.0,,Hawke's Bay Region,Nil,2-way,Sealed,0.0,4.0,0.0,100.0,0.0,None,0.0,0.0,,30.0,Hastings District,Nil,0.0,0.0,0.0,0.0,0.0,0.0,Open,0.0,0.0,0.0,Fine
381366,1932349.3269999998,5601390.2995,548821.0,0.0,0.0,2.0,Null,2018/2019,MIDDLE ROAD,LUKNOW ROAD,Non-Injury Crash,No,2019,North,0.0,0.0,Hill Road,0.0,Queens Birthday,0.0,1.0,Bright sun,1506902.0,0.0,0.0,0.0,2.0,0.0,1.0,,Hawke's Bay Region,Nil,2-way,Sealed,0.0,0.0,0.0,50.0,0.0,None,0.0,0.0,,30.0,Hastings District,Give way,0.0,0.0,0.0,0.0,0.0,0.0,Urban,0.0,0.0,0.0,Fine
660930,1930058.0,5604254.0,548200.0,1.0,0.0,1.0,Null,2013/2014,WILLOWPARK ROAD SOUTH,MADDISON ST,Non-Injury Crash,No,2013,South,0.0,,Flat,,,,,Bright sun,1493700.0,0.0,0.0,0.0,2.0,0.0,,,Hawke's Bay Region,Nil,2-way,Sealed,0.0,0.0,,50.0,,Null,0.0,0.0,,30.0,Hastings District,Give way,,,,,0.0,0.0,Urban,0.0,,,Fine
416129,1919343.3274,5613503.0358,545821.0,0.0,0.0,0.0,West,2018/2019,TAIHAPE ROAD,OHITI ROAD,Fatal Crash,No,2019,North,1.0,0.0,Flat,0.0,,0.0,0.0,Overcast,1408401.0,0.0,0.0,0.0,2.0,0.0,0.0,,Hawke's Bay Region,Nil,2-way,Sealed,0.0,0.0,0.0,100.0,0.0,None,0.0,0.0,,30.0,Hastings District,Unknown,0.0,0.0,0.0,0.0,0.0,0.0,Open,1.0,0.0,0.0,Light rain
462709,1931253.0,5605696.0,548000.0,0.0,0.0,3.0,South,2004/2005,KARAMU ROAD NORTH,MAYFAIR AVENUE,Minor Crash,No,2004,North,0.0,,Flat,,,,,Bright sun,1495600.0,1.0,0.0,0.0,2.0,0.0,,,Hawke's Bay Region,Nil,2-way,Sealed,0.0,0.0,,50.0,,Null,0.0,0.0,,30.0,Hastings District,Nil,,,,,0.0,0.0,Urban,0.0,,,Fine
414828,1935733.5699,5651613.562999999,545911.0,0.0,0.0,0.0,South,2018/2019,002-0608,MAHIARUHE STM BR,Non-Injury Crash,Yes,2019,North,0.0,0.0,Hill Road,0.0,,0.0,0.0,Overcast,1415200.0,0.0,0.0,0.0,2.0,0.0,0.0,,Hawke's Bay Region,Nil,2-way,Sealed,0.0,0.0,0.0,100.0,0.0,None,1.0,0.0,,30.0,Hastings District,Unknown,0.0,0.0,0.0,0.0,0.0,0.0,Open,0.0,0.0,0.0,Light rain
330641,1917837.0,5592638.0,545851.0,0.0,0.0,1.0,South,1999/2000,SH 2,POUKAWA ROAD,Non-Injury Crash,Yes,2000,South,0.0,,Flat,,,,,Overcast,1464200.0,0.0,0.0,0.0,2.0,0.0,,,Hawke's Bay Region,Nil,2-way,Sealed,0.0,0.0,,100.0,,Null,0.0,0.0,,30.0,Hastings District,Nil,,,,,1.0,0.0,Open,0.0,,,Fine
131006,1929137.0,5605815.0,547700.0,0.0,0.0,2.0,Null,2003/2004,HERETAUNGA ST WEST,GRAYS ROAD,Non-Injury Crash,No,2004,East,0.0,,Flat,,,,,Dark,1487300.0,0.0,0.0,0.0,2.0,0.0,,,Hawke's Bay Region,Nil,2-way,Sealed,0.0,0.0,,50.0,,On,0.0,0.0,,30.0,Hastings District,Give way,,,,,0.0,0.0,Urban,0.0,,,Fine
706762,1928098.0,5606487.0,548500.0,0.0,0.0,1.0,South,2006/2007,ORCHARD ROAD,CANNING ROAD,Non-Injury Crash,No,2006,West,0.0,,Flat,,,,,Bright sun,1478700.0,0.0,0.0,0.0,2.0,0.0,,,Hawke's Bay Region,Nil,2-way,Sealed,0.0,0.0,,50.0,,Null,0.0,0.0,,30.0,Hastings District,Nil,,,,,0.0,0.0,Urban,1.0,,,Fine
520362,1936988.0,5613198.0,545832.0,0.0,0.0,0.0,North,2017/2018,SH 2,COLENSO DOMAIN,Non-Injury Crash,Yes,2018,North,0.0,1.0,Flat,0.0,,0.0,0.0,Bright sun,1404000.0,0.0,0.0,0.0,2.0,0.0,0.0,,Hawke's Bay Region,Nil,2-way,Sealed,0.0,0.0,0.0,100.0,0.0,Null,1.0,0.0,,30.0,Hastings District,Unknown,0.0,0.0,0.0,0.0,0.0,0.0,Open,0.0,0.0,0.0,Fine
217483,1931298.0,5606996.0,545721.0,0.0,0.0,1.0,Null,2000/2001,TOMOANA ROAD,RICHMOND ROAD,Minor Crash,No,2001,North,0.0,,Flat,,,,,Overcast,1471500.0,1.0,0.0,0.0,2.0,0.0,,,Hawke's Bay Region,Nil,2-way,Sealed,0.0,0.0,,50.0,,Null,0.0,0.0,,30.0,Hastings District,Nil,,,,,1.0,0.0,Urban,0.0,,,Light rain
569443,1928941.0,5606076.0,547700.0,0.0,0.0,3.0,East,1999/2000,HERETAUNGA ST WEST,STORTFORD ST,Non-Injury Crash,No,2000,West,0.0,,Flat,,,,,Bright sun,1486000.0,0.0,0.0,0.0,2.0,0.0,,,Hawke's Bay Region,Nil,2-way,Sealed,0.0,0.0,,50.0,,Null,0.0,0.0,,30.0,Hastings District,Unknown,,,,,0.0,0.0,Urban,0.0,,,Fine
107940,1929373.0,5605544.0,548200.0,0.0,0.0,0.0,Null,2007/2008,Z CPK DOMINOS,TOMOANA/HERETAUNGA,Non-Injury Crash,No,2007,East,0.0,0.0,Flat,0.0,,0.0,0.0,Overcast,1490100.0,0.0,0.0,0.0,1.0,0.0,1.0,,Hawke's Bay Region,Nil,Off road,Sealed,0.0,0.0,0.0,50.0,0.0,Null,1.0,0.0,,30.0,Hastings District,Nil,0.0,0.0,0.0,0.0,0.0,0.0,Urban,1.0,0.0,0.0,Fine
569256,1929595.0,5603556.0,548300.0,1.0,0.0,1.0,North,2015/2016,COPELAND ROAD,RIVERSLEA ROAD SOUTH,Minor Crash,No,2015,South,0.0,,Flat,,,,,Bright sun,1504000.0,1.0,0.0,0.0,2.0,0.0,,,Hawke's Bay Region,Nil,2-way,Sealed,0.0,0.0,,50.0,,Off,0.0,0.0,,30.0,Hastings District,Nil,,,,,0.0,0.0,Urban,0.0,,,Null
27809,1930454.0,5604077.0,548100.0,0.0,0.0,3.0,North,2016/2017,HERETAUNGA ST EAST,SYLVAN ROAD,Non-Injury Crash,No,2017,South,0.0,,Flat,,,,,Bright sun,1501200.0,0.0,0.0,0.0,2.0,0.0,,,Hawke's Bay Region,Nil,2-way,Sealed,0.0,0.0,,50.0,,Null,0.0,0.0,,30.0,Hastings District,Unknown,,,,,0.0,0.0,Urban,0.0,,,Fine
553997,1930447.0,5605441.0,548200.0,0.0,0.0,1.0,South,2007/2008,CAROLINE ROAD,ALEXANDRA CRESCENT,Non-Injury Crash,No,2007,South,0.0,1.0,Flat,0.0,,0.0,0.0,Dark,1494100.0,0.0,0.0,0.0,2.0,0.0,0.0,,Hawke's Bay Region,Nil,2-way,Sealed,0.0,0.0,0.0,50.0,0.0,On,0.0,0.0,,30.0,Hastings District,Nil,0.0,0.0,0.0,0.0,0.0,0.0,Urban,0.0,0.0,0.0,Fine
673890,1929464.0,5605185.0,548200.0,0.0,0.0,2.0,Null,2010/2011,EASTBOURNE ST WEST,NELSON ST SOUTH,Minor Crash,No,2011,South,0.0,,Flat,,,,,Bright sun,1488900.0,2.0,0.0,0.0,2.0,0.0,,,Hawke's Bay Region,Nil,2-way,Sealed,0.0,0.0,,50.0,,Null,0.0,0.0,,30.0,Hastings District,Stop,,,,,0.0,0.0,Urban,0.0,,,Fine
314335,1926652.0,5604645.0,545761.0,0.0,0.0,3.0,West,2015/2016,MARAEKAKAHO ROAD,HEATHCOTE ROAD,Minor Crash,No,2016,West,0.0,0.0,Flat,0.0,,0.0,0.0,Overcast,1468902.0,1.0,0.0,0.0,2.0,0.0,1.0,,Hawke's Bay Region,Nil,2-way,Sealed,0.0,0.0,0.0,100.0,0.0,Null,0.0,0.0,,30.0,Hastings District,Unknown,0.0,0.0,0.0,0.0,0.0,0.0,Open,0.0,0.0,0.0,Fine
276809,1928509.0,5604648.0,547900.0,0.0,0.0,2.0,Null,2017/2018,SOUTHLAND ROAD,OLIPHANT ROAD,Non-Injury Crash,No,2017,East,0.0,,Flat,,,,,Dark,1482000.0,0.0,0.0,0.0,2.0,0.0,,,Hawke's Bay Region,Nil,2-way,Sealed,0.0,0.0,,50.0,,On,0.0,0.0,,30.0,Hastings District,Give way,,,,,0.0,0.0,Urban,0.0,,,Fine
695025,1933574.0,5609828.0,545832.0,0.0,0.0,0.0,East,2013/2014,FARNDON ROAD,CHESTERHOPE BRIDGE,Non-Injury Crash,No,2014,West,0.0,0.0,Flat,0.0,,0.0,0.0,Dark,1404200.0,0.0,0.0,0.0,2.0,0.0,0.0,,Hawke's Bay Region,Nil,2-way,Sealed,0.0,0.0,0.0,80.0,0.0,None,0.0,0.0,,30.0,Hastings District,Nil,0.0,0.0,0.0,0.0,0.0,0.0,Open,1.0,0.0,1.0,Fine
136395,1929634.0,5605762.0,548200.0,0.0,0.0,2.0,Null,2017/2018,ST AUBYN ST WEST,TOMOANA ROAD,Non-Injury Crash,No,2017,North,0.0,,Flat,,,,,Overcast,1490300.0,0.0,0.0,0.0,3.0,0.0,,,Hawke's Bay Region,Nil,2-way,Sealed,0.0,0.0,,50.0,,Null,0.0,0.0,,30.0,Hastings District,Traffic Signals,,,,,0.0,0.0,Urban,0.0,,,Fine
300786,1932642.0,5609591.0,545832.0,0.0,0.0,1.0,North,2006/2007,CHESTERHOPE BRIDGE,FARNDON ROAD,Non-Injury Crash,No,2006,South,0.0,0.0,Flat,0.0,,0.0,0.0,Dark,1404200.0,0.0,0.0,0.0,2.0,0.0,0.0,,Hawke's Bay Region,Bridge,2-way,Sealed,0.0,0.0,0.0,100.0,0.0,None,0.0,0.0,,30.0,Hastings District,Unknown,0.0,0.0,0.0,0.0,0.0,0.0,Open,0.0,0.0,0.0,Fine
143612,1930757.0,5606610.0,547600.0,0.0,0.0,2.0,Null,1999/2000,TOMOANA ROAD,WILLIAMS ST,Non-Injury Crash,No,2000,East,0.0,,Flat,,,,,Bright sun,1484000.0,0.0,0.0,0.0,2.0,0.0,,,Hawke's Bay Region,Nil,2-way,Sealed,0.0,0.0,,50.0,,Null,0.0,0.0,,30.0,Hastings District,Stop,,,,,0.0,0.0,Urban,0.0,,,Fine
621959,1923079.0,5611805.0,545822.0,0.0,0.0,1.0,Null,2001/2002,SH 50,TAIHAPE ROAD,Non-Injury Crash,Yes,2001,South,0.0,,Flat,,Labour Weekend,,,Dark,1409300.0,0.0,0.0,0.0,2.0,0.0,,,Hawke's Bay Region,Nil,2-way,Sealed,0.0,0.0,,50.0,,On,0.0,0.0,,30.0,Hastings District,Give way,,,,,0.0,0.0,Urban,1.0,,,Fine
551854,1928715.8907,5607372.4598,547800.0,0.0,0.0,1.0,South,2019/2020,NOTTINGLEY ROAD,HART DRIVE,Minor Crash,No,2020,North,0.0,0.0,Flat,1.0,,0.0,0.0,Overcast,1477300.0,1.0,0.0,0.0,2.0,0.0,0.0,,Hawke's Bay Region,Nil,2-way,Sealed,0.0,0.0,0.0,50.0,0.0,Off,0.0,0.0,,30.0,Hastings District,Unknown,1.0,0.0,0.0,0.0,0.0,0.0,Urban,0.0,0.0,0.0,Fine
399327,1924711.9695,5604346.2017,545842.0,0.0,0.0,0.0,South,2017/2018,STOCK ROAD,EQUESTRIAN LANE,Fatal Crash,No,2018,North,1.0,,Flat,,,,,Bright sun,1470214.0,0.0,0.0,1.0,2.0,0.0,,,Hawke's Bay Region,Nil,2-way,Unsealed,0.0,1.0,,100.0,,Null,0.0,0.0,,30.0,Hastings District,Nil,,,,,1.0,0.0,Open,0.0,,,Fine
224303,1924554.0,5609077.0,545710.0,0.0,0.0,2.0,Null,2004/2005,OMAHU ROAD,JAMES ROCHFORT PLACE,Non-Injury Crash,No,2005,West,0.0,,Flat,,,,,Dark,1470600.0,0.0,0.0,0.0,2.0,0.0,,,Hawke's Bay Region,Nil,2-way,Sealed,0.0,0.0,,70.0,,On,0.0,0.0,,30.0,Hastings District,Nil,,,,,0.0,0.0,Urban,0.0,,,Fine
329586,1930445.0,5605078.0,548200.0,0.0,0.0,1.0,Null,2002/2003,WARREN ST NORTH,VICTORIA ST,Non-Injury Crash,No,2003,East,0.0,,Flat,,,,,Overcast,1494500.0,0.0,0.0,0.0,2.0,0.0,,,Hawke's Bay Region,Nil,2-way,Sealed,0.0,0.0,,50.0,,Null,0.0,0.0,,30.0,Hastings District,Give way,,,,,0.0,0.0,Urban,1.0,,,Light rain
707052,1931262.0,5614455.0,545831.0,0.0,0.0,2.0,South,2004/2005,SH 50,MEEANEE OFF NBD,Non-Injury Crash,Yes,2004,North,0.0,,Flat,,,,,Dark,1404600.0,0.0,0.0,0.0,2.0,0.0,,,Hawke's Bay Region,Bridge,2-way,Sealed,0.0,0.0,,100.0,,None,0.0,0.0,,30.0,Hastings District,Nil,,,,,0.0,0.0,Open,0.0,,,Fine
672670,1927583.0,5607886.0,545710.0,0.0,0.0,1.0,East,2017/2018,ORMOND ROAD,OMAHU ROAD,Non-Injury Crash,No,2017,East,0.0,0.0,Flat,0.0,,0.0,0.0,Overcast,1471201.0,0.0,0.0,0.0,2.0,0.0,0.0,,Hawke's Bay Region,Nil,2-way,Sealed,0.0,0.0,0.0,60.0,0.0,Null,0.0,0.0,,30.0,Hastings District,Unknown,0.0,0.0,0.0,1.0,0.0,0.0,Urban,0.0,0.0,0.0,Fine
22457,1932202.0,5603281.0,545721.0,0.0,0.0,2.0,Null,2011/2012,ST GEORGES ROAD,ADA ST,Non-Injury Crash,No,2011,East,0.0,,Flat,,,,,Bright sun,1472801.0,0.0,0.0,0.0,2.0,0.0,,,Hawke's Bay Region,Nil,2-way,Sealed,0.0,0.0,,80.0,,Null,0.0,0.0,,30.0,Hastings District,Stop,,,,,0.0,0.0,Open,0.0,,,Fine
648888,1924994.0,5608068.0,548611.0,0.0,0.0,1.0,East,2007/2008,MARGATE AVENUE,YARMOUTH ROAD,Non-Injury Crash,No,2008,North,0.0,0.0,Flat,0.0,,0.0,1.0,Dark,1473803.0,0.0,0.0,0.0,2.0,0.0,0.0,,Hawke's Bay Region,Nil,2-way,Sealed,0.0,0.0,0.0,50.0,0.0,On,0.0,0.0,,30.0,Hastings District,Nil,0.0,0.0,0.0,1.0,0.0,0.0,Urban,0.0,0.0,0.0,Fine
208900,1930221.0,5604730.0,548200.0,0.0,0.0,1.0,West,2002/2003,HASTINGS ST NORTH,AVENUE ROAD EAST,Non-Injury Crash,No,2003,West,0.0,0.0,Flat,0.0,,0.0,0.0,Overcast,1493400.0,0.0,0.0,0.0,2.0,0.0,1.0,,Hawke's Bay Region,Nil,2-way,Sealed,0.0,0.0,0.0,50.0,0.0,Null,0.0,0.0,,30.0,Hastings District,Nil,0.0,0.0,0.0,0.0,0.0,0.0,Urban,1.0,0.0,0.0,Fine
129203,1925695.0,5637735.0,545811.0,0.0,0.0,1.0,East,2016/2017,SH 5,DILLONS HILL CUL,Non-Injury Crash,Yes,2017,East,0.0,0.0,Hill Road,0.0,,0.0,0.0,Overcast,1414700.0,0.0,0.0,0.0,2.0,0.0,0.0,,Hawke's Bay Region,Nil,2-way,Sealed,0.0,0.0,0.0,100.0,0.0,Null,0.0,0.0,,30.0,Hastings District,Unknown,0.0,0.0,0.0,0.0,0.0,0.0,Open,0.0,0.0,0.0,Light rain
167377,1927354.0,5606459.0,545761.0,0.0,0.0,0.0,North,2014/2015,KAIAPO ROAD,MARAEKAKAHO ROAD,Minor Crash,No,2015,East,0.0,,Flat,,,,,Bright sun,1469801.0,1.0,0.0,0.0,2.0,0.0,,1.0,Hawke's Bay Region,Nil,2-way,Sealed,0.0,0.0,,100.0,,Null,0.0,0.0,,30.0,Hastings District,Unknown,,,,,0.0,0.0,Open,1.0,,,Fine
531493,1928904.0,5606124.0,547700.0,0.0,0.0,0.0,South,2017/2018,HERETAUNGA ST WEST,STORTFORD ST,Non-Injury Crash,No,2017,North,0.0,,Flat,,,,,Overcast,1486700.0,0.0,0.0,0.0,2.0,0.0,,1.0,Hawke's Bay Region,Nil,2-way,Sealed,0.0,0.0,,50.0,,Null,0.0,0.0,,30.0,Hastings District,Unknown,,,,,0.0,0.0,Urban,1.0,,,Light rain
600827,1930530.0,5606965.0,545721.0,0.0,0.0,2.0,West,2001/2002,WILLIAMS ST,KONINI ST,Non-Injury Crash,No,2001,West,0.0,0.0,Flat,0.0,,0.0,0.0,Dark,1471401.0,0.0,0.0,0.0,2.0,0.0,1.0,,Hawke's Bay Region,Nil,2-way,Sealed,0.0,0.0,0.0,50.0,0.0,On,0.0,0.0,,30.0,Hastings District,Nil,0.0,0.0,0.0,0.0,0.0,0.0,Urban,0.0,0.0,0.0,Fine
427665,1929794.0,5605434.0,548200.0,0.0,0.0,2.0,North,2010/2011,NELSON ST NORTH,AVENUE ROAD WEST,Non-Injury Crash,No,2010,North,0.0,,Flat,,,,,Bright sun,1490300.0,0.0,0.0,0.0,2.0,0.0,,,Hawke's Bay Region,Nil,2-way,Sealed,0.0,0.0,,50.0,,Null,0.0,0.0,,30.0,Hastings District,Nil,,,,,0.0,0.0,Urban,0.0,,,Fine
502370,1930835.0,5605863.0,548000.0,0.0,0.0,0.0,Null,2014/2015,FREDERICK ST,CAROLINE ROAD,Non-Injury Crash,No,2015,West,0.0,,Flat,,,,,Bright sun,1495400.0,0.0,0.0,0.0,2.0,0.0,,,Hawke's Bay Region,Nil,2-way,Sealed,0.0,0.0,,50.0,,Null,0.0,0.0,,30.0,Hastings District,Give way,,,,,0.0,0.0,Urban,2.0,,,Fine
372670,1936183.0,5611652.0,545832.0,0.0,0.0,2.0,Null,2001/2002,SH 2,FARNDON ROAD,Non-Injury Crash,Yes,2002,West,0.0,,Flat,,Queens Birthday,,,Dark,1404200.0,0.0,0.0,0.0,3.0,0.0,,,Hawke's Bay Region,Nil,2-way,Sealed,0.0,0.0,,100.0,,On,0.0,0.0,,30.0,Hastings District,Give way,,,,,0.0,0.0,Open,0.0,,,Fine
425075,1934623.0,5602969.0,545750.0,0.0,0.0,2.0,Null,2003/2004,ARATAKI ROAD,BROOKVALE ROAD,Minor Crash,No,2003,East,0.0,,Flat,,,,,Bright sun,1466501.0,1.0,0.0,0.0,2.0,0.0,,,Hawke's Bay Region,Nil,2-way,Sealed,0.0,0.0,,50.0,,Null,0.0,0.0,,30.0,Hastings District,Give way,,,,,0.0,0.0,Urban,0.0,,,Fine
660386,1930935.0,5613540.0,545831.0,0.0,0.0,1.0,Null,2010/2011,SH 50 LINKS ROAD,SH 50A,Non-Injury Crash,Yes,2011,East,0.0,,Flat,,,,,Bright sun,1404600.0,0.0,0.0,0.0,2.0,0.0,,,Hawke's Bay Region,Nil,2-way,Sealed,0.0,0.0,,100.0,,Null,1.0,0.0,,30.0,Hastings District,Give way,,,,,0.0,0.0,Open,0.0,,,Fine
441736,1930473.0,5607553.0,545721.0,0.0,0.0,1.0,Null,2004/2005,PAKOWHAI ROAD,EVENDEN ROAD,Non-Injury Crash,No,2005,North,0.0,,Flat,,,,,Overcast,1471401.0,0.0,0.0,0.0,2.0,0.0,,,Hawke's Bay Region,Nil,2-way,Sealed,0.0,0.0,,50.0,,On,0.0,0.0,,30.0,Hastings District,Give way,,,,,0.0,0.0,Urban,1.0,,,Light rain
671175,1931613.0,5608421.0,545710.0,0.0,0.0,1.0,Null,2017/2018,ELWOOD ROAD,PAKOWHAI ROAD,Minor Crash,No,2017,North,0.0,1.0,Flat,0.0,,0.0,0.0,Dark,1471100.0,1.0,0.0,0.0,2.0,0.0,0.0,,Hawke's Bay Region,Nil,2-way,Sealed,0.0,0.0,0.0,80.0,0.0,On,0.0,0.0,,30.0,Hastings District,Give way,0.0,1.0,0.0,0.0,0.0,0.0,Open,0.0,0.0,0.0,Fine
37386,1924393.0,5607761.0,548612.0,0.0,0.0,1.0,Null,1999/2000,KINGSLEY DRIVE,DIAZ DRIVE,Non-Injury Crash,No,2000,North,0.0,1.0,Flat,0.0,,0.0,0.0,Bright sun,1474109.0,0.0,0.0,0.0,2.0,0.0,0.0,,Hawke's Bay Region,Nil,2-way,Sealed,0.0,0.0,0.0,50.0,0.0,Null,0.0,0.0,,30.0,Hastings District,Nil,0.0,0.0,0.0,0.0,0.0,0.0,Urban,0.0,0.0,0.0,Fine
300788,1931895.0,5602537.0,545721.0,0.0,0.0,1.0,South,2011/2012,HAVELOCK ROAD,ST ANDREWS ROAD,Minor Crash,No,2012,South,0.0,,Flat,,,,,Dark,1473000.0,1.0,0.0,0.0,3.0,0.0,,1.0,Hawke's Bay Region,Nil,2-way,Sealed,0.0,0.0,,70.0,,None,0.0,0.0,,30.0,Hastings District,Nil,,,,,0.0,0.0,Urban,0.0,,,Fine
424491,1934791.0,5641151.0,545811.0,0.0,0.0,0.0,North,2018/2019,SH 2,TE NGARU BR,Serious Crash,Yes,2018,West,0.0,0.0,Hill Road,1.0,,0.0,0.0,Bright sun,1415600.0,0.0,0.0,0.0,2.0,0.0,0.0,,Hawke's Bay Region,Nil,2-way,Sealed,0.0,1.0,0.0,100.0,0.0,Null,0.0,0.0,,30.0,Hastings District,Unknown,0.0,0.0,0.0,1.0,1.0,0.0,Open,0.0,0.0,0.0,Fine
173522,1929367.0,5604909.0,548200.0,0.0,0.0,2.0,Null,2005/2006,SOUTHAMPTON ST WEST,KING ST SOUTH,Non-Injury Crash,No,2005,West,0.0,,Flat,,,,,Bright sun,1489100.0,0.0,0.0,0.0,4.0,0.0,,,Hawke's Bay Region,Nil,2-way,Sealed,0.0,0.0,,50.0,,Null,0.0,0.0,,30.0,Hastings District,Give way,,,,,0.0,0.0,Urban,0.0,,,Fine
364456,1928227.0,5603229.0,545762.0,0.0,0.0,1.0,Null,2003/2004,RAILWAY ROAD SOUTH,FRANCE ROAD,Non-Injury Crash,No,2004,South,0.0,1.0,Flat,0.0,,0.0,0.0,Dark,1468200.0,0.0,0.0,0.0,2.0,0.0,0.0,,Hawke's Bay Region,Nil,2-way,Sealed,0.0,0.0,0.0,100.0,0.0,On,0.0,0.0,,30.0,Hastings District,Nil,0.0,0.0,0.0,0.0,0.0,0.0,Open,0.0,0.0,0.0,Fine
526634,1930977.3963,5613644.4617,545831.0,0.0,0.0,1.0,Null,2019/2020,HAWKES BAY EXPRESSWAY,PAKOWHAI ROAD,Non-Injury Crash,Yes,2019,South,0.0,,Flat,,,,,Dark,1404600.0,0.0,0.0,0.0,2.0,0.0,,,Hawke's Bay Region,Nil,1-way,Sealed,0.0,0.0,,100.0,,On,0.0,0.0,,30.0,Hastings District,Give way,,,,,1.0,0.0,Open,0.0,,,Fine
163236,1934590.0,5608983.0,545722.0,0.0,0.0,1.0,East,2007/2008,BUCKINGHAM ST,RAILWAY ROAD,Non-Injury Crash,No,2007,West,0.0,1.0,Flat,0.0,,1.0,0.0,Dark,1406101.0,0.0,0.0,0.0,2.0,0.0,0.0,,Hawke's Bay Region,Nil,2-way,Sealed,0.0,0.0,0.0,50.0,0.0,On,0.0,0.0,,30.0,Hastings District,Nil,0.0,0.0,0.0,0.0,0.0,0.0,Urban,0.0,0.0,0.0,Fine
445741,1928922.0,5605476.0,547700.0,1.0,0.0,1.0,Null,2007/2008,PEPPER ST,SOUTHAMPTON ST WEST,Non-Injury Crash,No,2008,North,0.0,,Flat,,,,,Bright sun,1487000.0,0.0,0.0,0.0,2.0,0.0,,,Hawke's Bay Region,Nil,2-way,Sealed,0.0,0.0,,50.0,,Null,0.0,0.0,,30.0,Hastings District,Give way,,,,,0.0,0.0,Urban,0.0,,,Fine
7926,1927646.0,5607380.0,547800.0,0.0,0.0,1.0,South,2010/2011,OMAHU ROAD,SH 50A,Non-Injury Crash,No,2010,East,0.0,,Flat,,,,,Bright sun,1476600.0,0.0,0.0,0.0,2.0,0.0,,,Hawke's Bay Region,Nil,2-way,Sealed,0.0,0.0,,50.0,,Null,1.0,0.0,,30.0,Hastings District,Nil,,,,,0.0,0.0,Urban,0.0,,,Fine
32307,1927234.0,5602249.0,545762.0,0.0,0.0,1.0,Null,2006/2007,RAILWAY ROAD SOUTH,LONGLANDS ROAD EAST,Non-Injury Crash,No,2007,North,0.0,0.0,Hill Road,0.0,,0.0,0.0,Dark,1468200.0,0.0,0.0,0.0,2.0,0.0,0.0,,Hawke's Bay Region,Nil,2-way,Sealed,0.0,0.0,0.0,70.0,0.0,On,0.0,0.0,,30.0,Hastings District,Give way,0.0,0.0,0.0,0.0,0.0,0.0,Urban,0.0,0.0,0.0,Mist or Fog
226481,1919575.0,5594082.0,545851.0,0.0,0.0,1.0,North,2017/2018,SH 2,HORONUI ROAD,Non-Injury Crash,Yes,2017,North,0.0,,Flat,,,,,Bright sun,1463900.0,0.0,0.0,0.0,2.0,0.0,,,Hawke's Bay Region,Nil,2-way,Sealed,0.0,0.0,,100.0,,Null,0.0,0.0,,30.0,Hastings District,Nil,,,,,0.0,0.0,Open,1.0,,,Fine