OBJECTID,X,Y,areaUnitID,bicycle,bus,carStationWagon,crashDirectionDescription,crashFinancialYear,crashLocation1,crashLocation2,crashSeverity,crashSHDescription,crashYear,directionRoleDescription,fatalCount,fence,flatHill,guardRail,holiday,houseOrBuilding,kerb,light,meshblockId,minorInjuryCount,moped,motorcycle,NumberOfLanes,otherVehicleType,parkedVehicle,pedestrian,region,roadCharacter,roadLane,roadSurface,schoolBus,seriousInjuryCount,slipOrFlood,speedLimit,strayAnimal,streetLight,suv,taxi,temporarySpeedLimit,tlaId,tlaName,trafficControl,trafficIsland,trafficSign,train,tree,truck,unknownVehicleType,urban,vanOrUtility,vehicle,waterRiver,weatherA
741116,1927673.0,5607263.0,548500.0,0.0,0.0,1.0,Null,2002/2003,Z CPK THE SNACK BAR,OMAHU ROAD,Non-Injury Crash,No,2003,East,0.0,,Flat,,,,,Overcast,1477900.0,0.0,0.0,0.0,0.0,0.0,,,Hawke's Bay Region,Nil,Off road,Sealed,0.0,0.0,,70.0,,Null,0.0,0.0,,30.0,Hastings District,Nil,,,,,1.0,0.0,Urban,0.0,,,Fine
655223,1936942.0,5609095.0,545722.0,0.0,0.0,1.0,Null,1999/2000,MILL ROAD,LAWN ROAD,Non-Injury Crash,No,2000,East,0.0,0.0,Flat,0.0,,0.0,0.0,Dark,1406300.0,0.0,0.0,0.0,2.0,0.0,0.0,,Hawke's Bay Region,Nil,2-way,Unsealed,0.0,0.0,0.0,100.0,0.0,On,0.0,0.0,30.0,30.0,Hastings District,Give way,1.0,0.0,0.0,0.0,0.0,0.0,Open,0.0,0.0,0.0,Light rain
117863,1931254.0,5605158.0,548000.0,0.0,0.0,2.0,West,2015/2016,WILLOWPARK ROAD NORTH,GROVE ROAD,Non-Injury Crash,No,2015,East,0.0,0.0,Flat,0.0,,0.0,0.0,Bright sun,1498001.0,0.0,0.0,0.0,2.0,0.0,1.0,,Hawke's Bay Region,Nil,2-way,Sealed,0.0,0.0,0.0,50.0,0.0,Null,0.0,0.0,,30.0,Hastings District,Unknown,0.0,0.0,0.0,0.0,0.0,0.0,Urban,0.0,0.0,0.0,Fine
364425,1927570.0,5607415.0,548400.0,0.0,0.0,2.0,Null,2006/2007,SH 50A,OMAHU ROAD,Non-Injury Crash,Yes,2006,North,0.0,,Flat,,,,,Dark,1473500.0,0.0,0.0,0.0,4.0,0.0,,,Hawke's Bay Region,Nil,2-way,Sealed,0.0,0.0,,100.0,,On,0.0,0.0,,30.0,Hastings District,Give way,,,,,0.0,0.0,Open,0.0,,,Fine
185220,1924403.0,5612628.0,545822.0,0.0,0.0,1.0,North,2005/2006,SH 50,HAKIWAI ROAD,Non-Injury Crash,Yes,2006,North,0.0,1.0,Flat,0.0,,0.0,0.0,Dark,1408800.0,0.0,0.0,0.0,2.0,0.0,0.0,,Hawke's Bay Region,Nil,2-way,Sealed,0.0,0.0,0.0,100.0,0.0,None,0.0,0.0,,30.0,Hastings District,Nil,0.0,0.0,0.0,0.0,0.0,0.0,Open,0.0,0.0,0.0,Heavy rain
437834,1930625.0,5605037.0,548200.0,0.0,0.0,1.0,Null,2009/2010,ALBERT ST,HASTINGS ST NORTH,Non-Injury Crash,No,2009,North,0.0,1.0,Flat,0.0,,0.0,0.0,Bright sun,1494600.0,0.0,0.0,0.0,2.0,0.0,0.0,,Hawke's Bay Region,Nil,2-way,Sealed,0.0,0.0,0.0,50.0,0.0,Null,0.0,0.0,,30.0,Hastings District,Give way,0.0,0.0,0.0,0.0,0.0,0.0,Urban,1.0,0.0,0.0,Fine
410644,1924435.0,5606994.0,548612.0,0.0,0.0,0.0,Null,2011/2012,WALTON WAY,TENBY TERRACE,Non-Injury Crash,No,2012,South,0.0,0.0,Flat,0.0,,0.0,0.0,Bright sun,1474400.0,0.0,0.0,1.0,2.0,0.0,1.0,,Hawke's Bay Region,Nil,2-way,Sealed,0.0,0.0,0.0,50.0,0.0,Null,0.0,0.0,,30.0,Hastings District,Nil,0.0,0.0,0.0,0.0,0.0,0.0,Urban,1.0,0.0,0.0,Fine
327392,1933574.0,5609828.0,545832.0,0.0,0.0,0.0,East,2012/2013,FARNDON ROAD,CHESTERHOPE BRIDGE,Non-Injury Crash,No,2013,East,0.0,0.0,Flat,0.0,,0.0,0.0,Dark,1404200.0,0.0,0.0,0.0,2.0,0.0,0.0,,Hawke's Bay Region,Nil,2-way,Sealed,0.0,0.0,0.0,100.0,0.0,None,0.0,0.0,,30.0,Hastings District,Nil,0.0,0.0,0.0,0.0,0.0,0.0,Open,1.0,0.0,0.0,Fine
341841,1928508.0,5607214.0,547800.0,1.0,0.0,0.0,Null,2014/2015,NOTTINGLEY ROAD,FRIMLEY ROAD,Non-Injury Crash,No,2014,North,0.0,,Flat,,,,,Overcast,1476900.0,0.0,0.0,0.0,1.0,0.0,,,Hawke's Bay Region,Nil,1-way,Sealed,0.0,0.0,,50.0,,Null,0.0,0.0,,30.0,Hastings District,Give way,,,,,1.0,0.0,Urban,0.0,,,Heavy rain
25928,1922177.0,5595837.0,545851.0,0.0,0.0,2.0,East,2016/2017,SH 2,TE MAHANGA ROAD,Non-Injury Crash,Yes,2017,West,0.0,1.0,Hill Road,0.0,,0.0,0.0,Twilight,1463900.0,0.0,0.0,0.0,3.0,0.0,0.0,,Hawke's Bay Region,Nil,2-way,Sealed,0.0,0.0,0.0,100.0,0.0,None,0.0,0.0,,30.0,Hastings District,Unknown,0.0,0.0,0.0,0.0,0.0,0.0,Open,0.0,0.0,0.0,Fine
742228,1934362.0,5607838.0,545722.0,0.0,0.0,2.0,North,2007/2008,SH 2,PILCHER ROAD,Non-Injury Crash,Yes,2007,North,0.0,,Flat,,,,,Bright sun,1406300.0,0.0,0.0,0.0,2.0,0.0,,,Hawke's Bay Region,Nil,2-way,Sealed,0.0,0.0,,100.0,,Null,0.0,0.0,,30.0,Hastings District,Nil,,,,,0.0,0.0,Open,0.0,,,Fine
632944,1931038.0,5605564.0,548000.0,0.0,0.0,2.0,Null,2015/2016,KARAMU ROAD NORTH,FREDERICK ST,Minor Crash,No,2016,East,0.0,0.0,Flat,0.0,,0.0,0.0,Bright sun,1495700.0,2.0,0.0,0.0,2.0,0.0,0.0,,Hawke's Bay Region,Nil,2-way,Sealed,0.0,0.0,0.0,50.0,0.0,Null,0.0,0.0,30.0,30.0,Hastings District,Give way,1.0,0.0,0.0,0.0,0.0,0.0,Urban,0.0,0.0,0.0,Fine
295067,1913344.0,5587305.0,545851.0,0.0,0.0,0.0,South,2018/2019,SH 2,WAIKAREAO ROAD,Minor Crash,Yes,2018,North,0.0,,Hill Road,,,,,Bright sun,1464600.0,3.0,0.0,0.0,2.0,0.0,,,Hawke's Bay Region,Nil,2-way,Sealed,0.0,0.0,,100.0,,Null,0.0,0.0,30.0,30.0,Hastings District,Unknown,,,,,0.0,0.0,Open,2.0,,,Fine
161058,1930334.0,5607269.0,545721.0,0.0,0.0,1.0,Null,2011/2012,WILLIAMS ST,KAURI ST,Minor Crash,No,2011,North,0.0,1.0,Flat,0.0,,0.0,0.0,Overcast,1471401.0,1.0,0.0,1.0,2.0,0.0,0.0,,Hawke's Bay Region,Nil,2-way,Sealed,0.0,0.0,0.0,50.0,0.0,Null,0.0,0.0,,30.0,Hastings District,Give way,0.0,0.0,0.0,0.0,0.0,0.0,Urban,0.0,0.0,0.0,Fine
660568,1923352.0,5610218.0,545710.0,0.0,0.0,1.0,Null,2015/2016,OMAHU ROAD,SH 50,Non-Injury Crash,No,2016,North,0.0,0.0,Flat,0.0,,0.0,0.0,Bright sun,1470500.0,0.0,0.0,0.0,2.0,0.0,0.0,,Hawke's Bay Region,Nil,2-way,Sealed,0.0,0.0,0.0,100.0,0.0,Null,0.0,0.0,,30.0,Hastings District,Give way,1.0,0.0,0.0,0.0,1.0,0.0,Open,0.0,0.0,0.0,Fine
642281,1938387.0,5608559.0,545740.0,0.0,0.0,1.0,West,2010/2011,HAUMOANA ROAD,HYLA ROAD,Non-Injury Crash,No,2011,West,0.0,1.0,Flat,0.0,,0.0,0.0,Bright sun,1407300.0,0.0,0.0,0.0,2.0,0.0,0.0,,Hawke's Bay Region,Nil,2-way,Sealed,0.0,0.0,0.0,50.0,0.0,Null,0.0,0.0,,30.0,Hastings District,Nil,0.0,1.0,0.0,0.0,0.0,0.0,Urban,0.0,0.0,0.0,Fine
598035,1929732.0,5606137.0,547600.0,0.0,0.0,2.0,South,2011/2012,FITZROY AVENUE,GRAYS ROAD,Non-Injury Crash,No,2011,North,0.0,,Flat,,,,,Bright sun,1485700.0,0.0,0.0,0.0,2.0,0.0,,,Hawke's Bay Region,Nil,2-way,Sealed,0.0,0.0,,50.0,,Null,0.0,0.0,,30.0,Hastings District,Nil,,,,,0.0,0.0,Urban,0.0,,,Fine
406233,1929082.0,5606504.0,547700.0,0.0,0.0,2.0,Null,2006/2007,ST AUBYN ST WEST,PAKOWHAI ROAD,Non-Injury Crash,No,2007,South,0.0,,Flat,,,,,Bright sun,1485900.0,0.0,0.0,0.0,2.0,0.0,,,Hawke's Bay Region,Nil,2-way,Sealed,0.0,0.0,,50.0,,Null,0.0,0.0,,30.0,Hastings District,Traffic Signals,,,,,0.0,0.0,Urban,0.0,,,Fine
119882,1929163.4286,5602196.6423,545762.0,0.0,0.0,1.0,South,2019/2020,NORTON ROAD,TOLLEMACHE ROAD EAST,Non-Injury Crash,No,2020,South,0.0,0.0,Flat,0.0,Queens Birthday,0.0,0.0,Overcast,1468100.0,0.0,0.0,0.0,2.0,0.0,0.0,,Hawke's Bay Region,Nil,2-way,Sealed,0.0,0.0,0.0,50.0,0.0,None,0.0,0.0,,30.0,Hastings District,Unknown,0.0,0.0,0.0,0.0,0.0,0.0,Urban,0.0,0.0,0.0,Light rain
737688,1935379.0,5611018.0,545832.0,0.0,0.0,1.0,South,2012/2013,FARNDON ROAD,WAITAHA PLACE,Non-Injury Crash,No,2012,South,0.0,1.0,Flat,0.0,,0.0,0.0,Dark,1404300.0,0.0,0.0,0.0,2.0,0.0,0.0,,Hawke's Bay Region,Nil,2-way,Sealed,0.0,0.0,0.0,100.0,0.0,None,0.0,0.0,,30.0,Hastings District,Nil,0.0,0.0,0.0,0.0,0.0,0.0,Open,0.0,0.0,0.0,Fine
97821,1936410.0,5608458.0,545722.0,0.0,0.0,2.0,South,2005/2006,LAWN ROAD,MILL ROAD,Serious Crash,No,2005,South,0.0,1.0,Flat,0.0,,0.0,0.0,Bright sun,1406501.0,0.0,0.0,0.0,2.0,0.0,0.0,,Hawke's Bay Region,Nil,2-way,Sealed,0.0,1.0,0.0,100.0,0.0,Null,0.0,0.0,,30.0,Hastings District,Nil,0.0,0.0,0.0,0.0,0.0,0.0,Open,0.0,0.0,0.0,Fine
468477,1927574.0,5607442.0,548400.0,0.0,0.0,1.0,Null,2003/2004,SH 50A,OMAHU ROAD,Minor Crash,No,2003,East,0.0,,Flat,,,,,Bright sun,1473600.0,1.0,0.0,0.0,2.0,0.0,,,Hawke's Bay Region,Nil,2-way,Sealed,0.0,0.0,,50.0,,Null,0.0,0.0,,30.0,Hastings District,Give way,,,,,1.0,0.0,Urban,0.0,,,Fine
403240,1898827.0,5595870.0,545841.0,0.0,0.0,1.0,South,2000/2001,SH 50,MANGA-O-NUKU NO2 BR,Non-Injury Crash,Yes,2001,North,0.0,0.0,Hill Road,0.0,,0.0,0.0,Overcast,1462600.0,0.0,0.0,0.0,2.0,0.0,0.0,,Hawke's Bay Region,Nil,2-way,Sealed,0.0,0.0,0.0,100.0,0.0,Null,0.0,0.0,,30.0,Hastings District,Nil,0.0,0.0,0.0,1.0,0.0,0.0,Open,0.0,0.0,0.0,Light rain
348686,1929858.4719,5604660.0775,548200.0,0.0,0.0,2.0,North,2019/2020,EASTBOURNE STREET EAST,WARREN STREET SOUTH,Non-Injury Crash,No,2019,Null,0.0,,Flat,,,,,Overcast,1492600.0,0.0,0.0,0.0,2.0,0.0,,,Hawke's Bay Region,Nil,2-way,Sealed,0.0,0.0,,50.0,,Off,0.0,0.0,,30.0,Hastings District,Unknown,,,,,0.0,0.0,Urban,0.0,,,Fine
357703,1937718.0,5606974.0,545740.0,0.0,0.0,2.0,North,2015/2016,TUKITUKI ROAD,TENNANT ROAD,Non-Injury Crash,No,2016,North,0.0,,Flat,,,,,Bright sun,1407600.0,0.0,0.0,0.0,2.0,0.0,,,Hawke's Bay Region,Nil,2-way,Sealed,0.0,0.0,,100.0,,Null,0.0,0.0,,30.0,Hastings District,Unknown,,,,,0.0,0.0,Open,0.0,,,Fine
602688,1930215.0,5604991.0,548200.0,0.0,0.0,1.0,South,2017/2018,ST AUBYN ST EAST,KARAMU ROAD NORTH,Minor Crash,No,2018,South,0.0,0.0,Flat,0.0,,1.0,0.0,Overcast,1494400.0,2.0,0.0,0.0,4.0,0.0,0.0,,Hawke's Bay Region,Nil,2-way,Sealed,0.0,0.0,0.0,50.0,0.0,Null,0.0,0.0,,30.0,Hastings District,Unknown,0.0,0.0,0.0,0.0,0.0,0.0,Urban,0.0,0.0,0.0,Fine
301958,1940080.0,5594647.0,545860.0,0.0,0.0,1.0,North,2002/2003,WAIMARAMA ROAD,OCEAN BEACH ROAD,Minor Crash,No,2002,North,0.0,1.0,Hill Road,0.0,,0.0,0.0,Bright sun,1467500.0,1.0,0.0,0.0,2.0,0.0,0.0,,Hawke's Bay Region,Nil,2-way,Sealed,0.0,0.0,0.0,100.0,0.0,Null,0.0,0.0,,30.0,Hastings District,Nil,0.0,0.0,0.0,0.0,0.0,0.0,Open,0.0,0.0,0.0,Fine
649538,1928573.0,5604551.0,547900.0,1.0,0.0,1.0,East,2006/2007,GASCOIGNE ST,MONTGOMERY ST,Non-Injury Crash,No,2006,East,0.0,,Flat,,,,,Overcast,1482000.0,0.0,0.0,0.0,2.0,0.0,,,Hawke's Bay Region,Nil,2-way,Sealed,0.0,0.0,,50.0,,Null,0.0,0.0,,30.0,Hastings District,Nil,,,,,0.0,0.0,Urban,0.0,,,Fine
174984,1933379.6011,5604906.4033,545721.0,0.0,0.0,0.0,Null,2019/2020,ST GEORGES ROAD,HASSALL LANE,Serious Crash,No,2020,North,0.0,,Flat,,,,,Bright sun,1472702.0,0.0,0.0,0.0,2.0,0.0,,,Hawke's Bay Region,Nil,2-way,Sealed,0.0,1.0,,80.0,,None,0.0,0.0,,30.0,Hastings District,Nil,,,,,1.0,0.0,Open,1.0,,,Fine
344348,1930588.0,5611580.0,545832.0,0.0,0.0,0.0,South,2009/2010,SH 50A,LINKS ROAD,Non-Injury Crash,Yes,2009,South,0.0,0.0,Flat,0.0,,0.0,0.0,Bright sun,1404400.0,0.0,0.0,0.0,2.0,0.0,0.0,,Hawke's Bay Region,Nil,2-way,Sealed,0.0,0.0,0.0,100.0,0.0,Null,0.0,0.0,,30.0,Hastings District,Nil,0.0,0.0,0.0,0.0,0.0,0.0,Open,1.0,0.0,0.0,Fine
32609,1930149.0,5604677.0,548200.0,0.0,0.0,2.0,Null,2010/2011,HASTINGS ST NORTH,QUEEN ST EAST,Non-Injury Crash,No,2010,North,0.0,,Flat,,,,,Bright sun,1493400.0,0.0,0.0,0.0,2.0,0.0,,,Hawke's Bay Region,Nil,2-way,Sealed,0.0,0.0,,50.0,,Null,0.0,0.0,,30.0,Hastings District,Give way,,,,,0.0,0.0,Urban,0.0,,,Fine
145371,1927637.0,5607442.0,548400.0,0.0,0.0,2.0,Null,2003/2004,SH 50A,OMAHU ROAD,Non-Injury Crash,Yes,2003,East,0.0,,Flat,,,,,Twilight,1473600.0,0.0,0.0,0.0,2.0,0.0,,,Hawke's Bay Region,Nil,2-way,Sealed,0.0,0.0,,100.0,,Off,0.0,0.0,,30.0,Hastings District,Give way,,,,,0.0,0.0,Open,0.0,,,Fine
367490,1931613.0,5608421.0,545710.0,0.0,0.0,1.0,Null,2006/2007,ELWOOD ROAD,PAKOWHAI ROAD,Non-Injury Crash,No,2006,North,0.0,0.0,Flat,0.0,,0.0,0.0,Overcast,1471100.0,0.0,0.0,0.0,2.0,0.0,0.0,,Hawke's Bay Region,Nil,2-way,Sealed,0.0,0.0,0.0,100.0,0.0,Null,0.0,0.0,,30.0,Hastings District,Give way,1.0,1.0,0.0,0.0,0.0,0.0,Open,0.0,0.0,0.0,Fine
152575,1925063.2604,5607656.0623,548611.0,0.0,0.0,1.0,North,2019/2020,FLAXMERE AVENUE,CHATHAM ROAD,Non-Injury Crash,No,2020,East,0.0,0.0,Flat,0.0,,0.0,0.0,Dark,1473806.0,0.0,0.0,0.0,1.0,0.0,0.0,,Hawke's Bay Region,Nil,2-way,Sealed,0.0,0.0,0.0,50.0,0.0,On,0.0,0.0,,30.0,Hastings District,Give way,1.0,0.0,0.0,0.0,0.0,0.0,Urban,0.0,0.0,0.0,Fine
362674,1930073.0,5605180.0,548200.0,0.0,0.0,1.0,Null,2014/2015,RUSSELL ST NORTH,ST AUBYN ST EAST,Non-Injury Crash,No,2015,East,0.0,,Flat,,,,,Bright sun,1492300.0,0.0,0.0,0.0,2.0,0.0,,,Hawke's Bay Region,Rail xing,2-way,Sealed,0.0,0.0,,50.0,,Null,0.0,0.0,,30.0,Hastings District,Traffic Signals,,,,,0.0,0.0,Urban,1.0,,,Fine
388229,1930935.0,5613540.0,545831.0,0.0,0.0,1.0,Null,2008/2009,SH 50 LINKS ROAD,SH 50A,Non-Injury Crash,Yes,2008,East,0.0,,Flat,,,,,Bright sun,1404600.0,0.0,0.0,0.0,2.0,0.0,,,Hawke's Bay Region,Nil,2-way,Sealed,0.0,0.0,,100.0,,Null,0.0,0.0,,30.0,Hastings District,Give way,,,,,0.0,0.0,Open,1.0,,,Fine
444853,1924247.0,5607713.0,548611.0,0.0,0.0,1.0,South,2010/2011,LANDER PLACE,LANDER ST,Non-Injury Crash,No,2011,East,0.0,0.0,Flat,0.0,,0.0,0.0,Overcast,1473902.0,0.0,0.0,0.0,2.0,0.0,1.0,,Hawke's Bay Region,Nil,2-way,Sealed,0.0,0.0,0.0,50.0,0.0,Null,0.0,0.0,,30.0,Hastings District,Nil,0.0,0.0,0.0,0.0,0.0,0.0,Urban,1.0,0.0,0.0,Fine
112248,1931321.5931,5608198.9918,545721.0,0.0,0.0,2.0,West,2018/2019,PAKOWHAI ROAD,ELWOOD ROAD,Non-Injury Crash,No,2019,West,0.0,,Flat,,,,,Dark,1471500.0,0.0,0.0,0.0,2.0,0.0,,,Hawke's Bay Region,Nil,2-way,Sealed,0.0,0.0,,80.0,,None,0.0,0.0,,30.0,Hastings District,Unknown,,,,,0.0,0.0,Open,0.0,,,Fine
519007,1930128.0,5606960.0,547600.0,0.0,0.0,2.0,Null,2016/2017,FREDERICK ST,KAURI ST,Non-Injury Crash,No,2017,North,0.0,0.0,Flat,0.0,Queens Birthday,0.0,0.0,Dark,1484900.0,0.0,0.0,0.0,2.0,0.0,1.0,,Hawke's Bay Region,Nil,2-way,Sealed,0.0,0.0,0.0,50.0,0.0,On,0.0,0.0,,30.0,Hastings District,Give way,0.0,0.0,0.0,0.0,0.0,0.0,Urban,0.0,0.0,0.0,Fine
32931,1928759.0,5606231.0,547700.0,0.0,0.0,2.0,Null,2008/2009,Z FCT BP STORTFORD,MARAEKAKAHO/HERETAUNGA,Non-Injury Crash,No,2008,East,0.0,,Flat,,,,,Dark,1486600.0,0.0,0.0,0.0,0.0,0.0,,,Hawke's Bay Region,Nil,Off road,Sealed,0.0,0.0,,50.0,,On,0.0,0.0,,30.0,Hastings District,Nil,,,,,0.0,0.0,Urban,0.0,,,Fine
328062,1935473.5391,5649292.085,545911.0,0.0,0.0,0.0,North,2019/2020,SH 2,WAIKOAU BR,Non-Injury Crash,Yes,2020,South,0.0,0.0,Flat,0.0,,0.0,0.0,Overcast,1415200.0,0.0,0.0,0.0,2.0,0.0,0.0,,Hawke's Bay Region,Nil,2-way,Sealed,0.0,0.0,0.0,100.0,0.0,None,2.0,0.0,,30.0,Hastings District,Nil,0.0,0.0,0.0,0.0,0.0,0.0,Open,0.0,0.0,0.0,Light rain
625691,1922391.0,5639610.0,545811.0,0.0,0.0,1.0,North,2002/2003,SH 5,GLENGARRY ROAD,Non-Injury Crash,Yes,2003,South,0.0,1.0,Hill Road,0.0,,0.0,0.0,Dark,1414600.0,0.0,0.0,0.0,3.0,0.0,0.0,,Hawke's Bay Region,Nil,2-way,Sealed,0.0,0.0,0.0,100.0,0.0,None,0.0,0.0,,30.0,Hastings District,Nil,0.0,0.0,0.0,0.0,0.0,0.0,Open,0.0,0.0,0.0,Fine
73854,1930257.0,5604934.0,548200.0,0.0,0.0,2.0,Null,2002/2003,ST AUBYN ST EAST,WARREN ST NORTH,Minor Crash,No,2002,South,0.0,,Flat,,,,,Bright sun,1493501.0,1.0,0.0,0.0,4.0,0.0,,,Hawke's Bay Region,Nil,2-way,Sealed,0.0,0.0,,50.0,,Null,0.0,0.0,,30.0,Hastings District,Give way,,,,,0.0,0.0,Urban,0.0,,,Fine
629908,1925427.0,5607170.0,548620.0,0.0,0.0,2.0,Null,2005/2006,FLAXMERE AVENUE,HENDERSON ROAD,Non-Injury Crash,No,2005,North,0.0,,Flat,,,,,Bright sun,1475900.0,0.0,0.0,0.0,2.0,0.0,,,Hawke's Bay Region,Nil,2-way,Sealed,0.0,0.0,,50.0,,Null,0.0,0.0,,30.0,Hastings District,Give way,,,,,0.0,0.0,Urban,0.0,,,Fine
435676,1929472.0,5608805.0,545710.0,0.0,0.0,1.0,Null,2016/2017,EVENDEN ROAD,SH 50A,Minor Crash,No,2016,North,0.0,0.0,Flat,0.0,,0.0,0.0,Overcast,1471201.0,1.0,0.0,0.0,2.0,0.0,0.0,,Hawke's Bay Region,Nil,2-way,Sealed,0.0,0.0,0.0,80.0,0.0,Null,0.0,0.0,,30.0,Hastings District,Give way,0.0,0.0,0.0,0.0,0.0,0.0,Open,0.0,0.0,0.0,Light rain
409352,1925866.0,5625188.0,545821.0,0.0,0.0,0.0,South,2007/2008,PUKETITIRI ROAD,SEAFIELD ROAD,Non-Injury Crash,No,2007,North,0.0,0.0,Hill Road,0.0,,0.0,0.0,Overcast,1411200.0,0.0,0.0,0.0,2.0,0.0,0.0,,Hawke's Bay Region,Nil,2-way,Sealed,0.0,0.0,0.0,100.0,0.0,Null,1.0,0.0,,30.0,Hastings District,Nil,0.0,0.0,0.0,0.0,0.0,0.0,Open,0.0,0.0,1.0,Light rain
232662,1931080.0,5613919.0,545831.0,0.0,0.0,1.0,North,2005/2006,SH 50,PAKOWHAI ON SBD,Non-Injury Crash,Yes,2006,South,0.0,,Flat,,,,,Bright sun,1404600.0,0.0,0.0,0.0,2.0,0.0,,,Hawke's Bay Region,Nil,2-way,Sealed,0.0,0.0,,100.0,,Null,0.0,0.0,,30.0,Hastings District,Nil,,,,,1.0,0.0,Open,0.0,,,Fine
459986,1942010.5209,5594663.419,545860.0,0.0,0.0,1.0,West,2019/2020,OCEAN BEACH ROAD,HAUPOURI DRIVE,Minor Crash,No,2020,East,0.0,0.0,Flat,0.0,,0.0,0.0,Bright sun,1467200.0,1.0,0.0,0.0,2.0,0.0,0.0,,Hawke's Bay Region,Nil,2-way,Sealed,0.0,0.0,0.0,100.0,0.0,None,0.0,0.0,,30.0,Hastings District,Nil,0.0,0.0,0.0,1.0,0.0,0.0,Open,0.0,0.0,0.0,Fine
165431,1930340.0,5604868.0,548200.0,0.0,0.0,2.0,North,2007/2008,Z CPK MITRE 10 MEGA,ST AUBYN/HASTINGS,Non-Injury Crash,No,2008,East,0.0,,Flat,,,,,Bright sun,1494400.0,0.0,0.0,0.0,0.0,0.0,,,Hawke's Bay Region,Nil,Off road,Sealed,0.0,0.0,,50.0,,Null,0.0,0.0,,30.0,Hastings District,Nil,,,,,0.0,0.0,Urban,0.0,,,Fine
717782,1920915.0,5602999.0,545841.0,0.0,0.0,1.0,South,2014/2015,RAUKAWA ROAD,MARAEKAKAHO ROAD,Non-Injury Crash,No,2015,South,0.0,0.0,Flat,0.0,,0.0,0.0,Bright sun,1463000.0,0.0,0.0,0.0,2.0,0.0,0.0,,Hawke's Bay Region,Nil,2-way,Sealed,0.0,0.0,0.0,100.0,0.0,None,0.0,0.0,,30.0,Hastings District,Nil,0.0,0.0,0.0,0.0,0.0,0.0,Open,1.0,1.0,0.0,Fine
284422,1930299.0,5606328.0,547600.0,1.0,0.0,1.0,West,2000/2001,MAIRANGI ST,TOMOANA ROAD,Serious Crash,No,2000,East,0.0,,Flat,,,,,Bright sun,1484400.0,0.0,0.0,0.0,2.0,0.0,,,Hawke's Bay Region,Nil,2-way,Sealed,0.0,1.0,,50.0,,Null,0.0,0.0,,30.0,Hastings District,Nil,,,,,0.0,0.0,Urban,0.0,,,Fine
667695,1929373.0,5605307.0,548200.0,0.0,0.0,1.0,Null,2017/2018,SOUTHLAND ROAD,EASTBOURNE ST WEST,Non-Injury Crash,No,2018,West,0.0,,Flat,,,,,Bright sun,1488800.0,0.0,0.0,0.0,2.0,0.0,,,Hawke's Bay Region,Nil,2-way,Sealed,0.0,0.0,,50.0,,Null,0.0,0.0,,30.0,Hastings District,Give way,,,,,0.0,0.0,Urban,1.0,,,Fine
541516,1924366.0,5620303.0,545821.0,0.0,0.0,1.0,West,2004/2005,DARTMOOR ROAD,PUKETAPU ROAD,Minor Crash,No,2004,East,0.0,1.0,Flat,0.0,,0.0,0.0,Overcast,1411400.0,2.0,0.0,0.0,2.0,0.0,0.0,,Hawke's Bay Region,Nil,2-way,Sealed,0.0,0.0,0.0,100.0,0.0,Null,0.0,0.0,,30.0,Hastings District,Nil,0.0,0.0,0.0,0.0,0.0,0.0,Open,0.0,0.0,0.0,Heavy rain
233436,1927574.0,5607442.0,548400.0,0.0,0.0,1.0,Null,2009/2010,OMAHU ROAD,SH 50A,Non-Injury Crash,No,2009,East,0.0,,Flat,,,,,Dark,1473600.0,0.0,0.0,0.0,2.0,0.0,,,Hawke's Bay Region,Nil,2-way,Sealed,0.0,0.0,,50.0,,On,1.0,0.0,,30.0,Hastings District,Give way,,,,,0.0,0.0,Urban,0.0,,,Heavy rain
197954,1930100.0,5605661.0,548200.0,0.0,0.0,2.0,Null,2010/2011,NELSON ST NORTH,FITZROY AVENUE,Non-Injury Crash,No,2010,East,0.0,,Flat,,,,,Bright sun,1491100.0,0.0,0.0,0.0,2.0,0.0,,,Hawke's Bay Region,Nil,2-way,Sealed,0.0,0.0,,50.0,,Null,0.0,0.0,,30.0,Hastings District,Give way,,,,,0.0,0.0,Urban,0.0,,,Fine
345984,1925955.0,5608237.0,545710.0,0.0,0.0,1.0,Null,2016/2017,OMAHU ROAD,CHATHAM ROAD,Non-Injury Crash,No,2016,West,0.0,,Flat,,,,,Overcast,1470900.0,0.0,0.0,0.0,2.0,0.0,,,Hawke's Bay Region,Nil,2-way,Sealed,0.0,0.0,,50.0,,Null,0.0,0.0,,30.0,Hastings District,Give way,,,,,0.0,0.0,Urban,1.0,,,Fine
427708,1928077.0,5606961.0,548500.0,0.0,0.0,0.0,North,2011/2012,OMAHU ROAD,NOTTINGLEY ROAD,Non-Injury Crash,No,2012,South,0.0,,Flat,,,,,Overcast,1478500.0,0.0,0.0,0.0,2.0,0.0,,,Hawke's Bay Region,Nil,2-way,Sealed,0.0,0.0,,50.0,,Null,0.0,0.0,,30.0,Hastings District,Nil,,,,,1.0,0.0,Urban,2.0,,,Fine
470947,1902529.0,5620920.0,545821.0,0.0,0.0,0.0,East,2010/2011,TAIHAPE ROAD,KIKOWHERO ROAD,Serious Crash,No,2010,East,0.0,0.0,Flat,0.0,,0.0,0.0,Bright sun,1410100.0,0.0,0.0,0.0,2.0,0.0,0.0,,Hawke's Bay Region,Nil,2-way,Sealed,0.0,1.0,0.0,100.0,0.0,Null,1.0,0.0,,30.0,Hastings District,Nil,0.0,0.0,0.0,0.0,0.0,0.0,Open,0.0,0.0,0.0,Fine