OBJECTID,X,Y,areaUnitID,bicycle,bus,carStationWagon,crashDirectionDescription,crashFinancialYear,crashLocation1,crashLocation2,crashSeverity,crashSHDescription,crashYear,directionRoleDescription,fatalCount,fence,flatHill,guardRail,holiday,houseOrBuilding,kerb,light,meshblockId,minorInjuryCount,moped,motorcycle,NumberOfLanes,otherVehicleType,parkedVehicle,pedestrian,region,roadCharacter,roadLane,roadSurface,schoolBus,seriousInjuryCount,slipOrFlood,speedLimit,strayAnimal,streetLight,suv,taxi,temporarySpeedLimit,tlaId,tlaName,trafficControl,trafficIsland,trafficSign,train,tree,truck,unknownVehicleType,urban,vanOrUtility,vehicle,waterRiver,weatherA
504618,1930128.0,5606960.0,547600.0,0.0,0.0,2.0,Null,2017/2018,FREDERICK ST,KAURI ST,Non-Injury Crash,No,2017,South,0.0,,Flat,,,,,Overcast,1484900.0,0.0,0.0,0.0,2.0,0.0,,,Hawke's Bay Region,Nil,2-way,Sealed,0.0,0.0,,50.0,,Null,0.0,0.0,,30.0,Hastings District,Give way,,,,,0.0,0.0,Urban,0.0,,,Fine
236338,1928412.0,5606637.0,547800.0,0.0,0.0,1.0,North,2014/2015,OMAHU ROAD,HAPUKA ST,Minor Crash,No,2014,South,0.0,,Flat,,,,,Dark,1477400.0,1.0,0.0,0.0,1.0,0.0,,1.0,Hawke's Bay Region,Nil,2-way,Sealed,0.0,0.0,,50.0,,On,0.0,0.0,,30.0,Hastings District,Nil,,,,,0.0,0.0,Urban,0.0,,,Fine
172391,1926436.5395,5608007.6789,545710.0,0.0,0.0,1.0,Null,2018/2019,OMAHU ROAD,HENDERSON ROAD,Non-Injury Crash,No,2019,North,0.0,0.0,Flat,0.0,,0.0,1.0,Overcast,1470900.0,0.0,0.0,0.0,2.0,0.0,0.0,,Hawke's Bay Region,Nil,2-way,Sealed,0.0,0.0,0.0,50.0,0.0,Off,0.0,0.0,,30.0,Hastings District,Give way,1.0,1.0,0.0,0.0,0.0,0.0,Urban,0.0,0.0,0.0,Fine
406813,1909218.0,5664770.0,545911.0,0.0,0.0,2.0,South,2016/2017,SH 5,KOWARO ROADWAY,Minor Crash,Yes,2017,East,0.0,0.0,Hill Road,0.0,,0.0,0.0,Overcast,1414300.0,1.0,0.0,0.0,3.0,0.0,0.0,,Hawke's Bay Region,Nil,2-way,Sealed,0.0,0.0,0.0,100.0,0.0,Null,0.0,0.0,,30.0,Hastings District,Unknown,0.0,0.0,0.0,1.0,0.0,0.0,Open,0.0,0.0,0.0,Light rain
550099,1925147.0,5606977.0,548620.0,0.0,0.0,2.0,Null,2006/2007,SWANSEA ROAD,HENDERSON ROAD,Non-Injury Crash,No,2007,East,0.0,,Flat,,,,,Dark,1476500.0,0.0,0.0,0.0,2.0,0.0,,,Hawke's Bay Region,Nil,2-way,Sealed,0.0,0.0,,50.0,,On,0.0,0.0,,30.0,Hastings District,Give way,,,,,0.0,0.0,Urban,0.0,,,Light rain
214544,1933270.0,5601518.0,548832.0,0.0,0.0,2.0,West,2001/2002,DUART ROAD,GILLEAN ST,Non-Injury Crash,No,2001,East,0.0,,Hill Road,,,,,Dark,1508600.0,0.0,0.0,0.0,2.0,0.0,,,Hawke's Bay Region,Nil,2-way,Sealed,0.0,0.0,,50.0,,On,0.0,0.0,,30.0,Hastings District,Nil,,,,,0.0,0.0,Urban,0.0,,,Fine
90237,1914032.0,5614244.0,545821.0,0.0,0.0,0.0,South,2008/2009,MATAPIRO ROAD,CROWNTHORPE SETTLEMENT RO,Minor Crash,No,2008,South,0.0,0.0,Hill Road,0.0,,0.0,0.0,Bright sun,1408900.0,1.0,0.0,0.0,2.0,0.0,0.0,,Hawke's Bay Region,Nil,2-way,Sealed,0.0,0.0,0.0,100.0,0.0,Null,0.0,0.0,30.0,30.0,Hastings District,Nil,0.0,0.0,0.0,0.0,0.0,0.0,Open,1.0,0.0,0.0,Fine
232795,1918509.2140000002,5648847.6842,545911.0,0.0,0.0,1.0,North,2019/2020,SH 5,OHURAKURA ROAD,Non-Injury Crash,Yes,2019,East,0.0,0.0,Hill Road,0.0,,0.0,0.0,Overcast,1415900.0,0.0,0.0,0.0,3.0,0.0,0.0,,Hawke's Bay Region,Nil,2-way,Sealed,0.0,0.0,0.0,100.0,0.0,None,0.0,0.0,,30.0,Hastings District,Nil,0.0,0.0,0.0,0.0,0.0,0.0,Open,0.0,0.0,0.0,Mist or Fog
209401,1929415.0,5605251.0,548200.0,0.0,0.0,2.0,South,2015/2016,EASTBOURNE ST WEST,SOUTHLAND ROAD,Non-Injury Crash,No,2015,South,0.0,,Flat,,,,,Overcast,1488900.0,0.0,0.0,0.0,2.0,0.0,,,Hawke's Bay Region,Nil,2-way,Sealed,0.0,0.0,,50.0,,Null,0.0,0.0,,30.0,Hastings District,Unknown,,,,,0.0,0.0,Urban,0.0,,,Light rain
548176,1931854.0,5599964.0,548822.0,0.0,0.0,1.0,South,2005/2006,LANE ROAD,IONA ROAD,Non-Injury Crash,No,2005,South,0.0,,Hill Road,,,,,Dark,1465601.0,0.0,0.0,0.0,0.0,0.0,,,Hawke's Bay Region,Nil,Off road,Unsealed,0.0,0.0,,50.0,,None,1.0,0.0,,30.0,Hastings District,Nil,,,,,0.0,0.0,Urban,0.0,,,Fine
534555,1934240.0,5607461.0,545722.0,0.0,0.0,2.0,Null,2006/2007,SH 2,PILCHER ROAD,Minor Crash,Yes,2007,South,0.0,,Flat,,,,,Overcast,1406300.0,2.0,0.0,0.0,2.0,0.0,,,Hawke's Bay Region,Nil,2-way,Sealed,0.0,0.0,,100.0,,Null,0.0,0.0,,30.0,Hastings District,Stop,,,,,0.0,0.0,Open,0.0,,,Fine
32857,1932274.0,5609028.0,545721.0,0.0,0.0,1.0,Null,2007/2008,PAKOWHAI ROAD,RUAHAPIA ROAD,Minor Crash,No,2008,South,0.0,,Flat,,,,,Twilight,1471600.0,2.0,0.0,0.0,2.0,0.0,,,Hawke's Bay Region,Nil,2-way,Sealed,0.0,0.0,,100.0,,Off,0.0,0.0,,30.0,Hastings District,Give way,,,,,0.0,0.0,Open,1.0,,,Fine
520979,1922327.0,5595953.0,545851.0,0.0,1.0,1.0,North,2016/2017,SH 2,TE MAHANGA ROAD,Non-Injury Crash,Yes,2017,South,0.0,,Flat,,,,,Bright sun,1463900.0,0.0,0.0,0.0,2.0,0.0,,,Hawke's Bay Region,Nil,2-way,Sealed,0.0,0.0,,100.0,,Null,0.0,0.0,,30.0,Hastings District,Unknown,,,,,0.0,0.0,Open,0.0,,,Fine
369098,1926704.0,5605933.0,545761.0,0.0,0.0,1.0,South,2004/2005,YORK ROAD,SH 50A,Minor Crash,No,2004,North,0.0,1.0,Flat,0.0,,0.0,0.0,Overcast,1469905.0,2.0,0.0,0.0,2.0,0.0,0.0,,Hawke's Bay Region,Nil,2-way,Sealed,0.0,0.0,0.0,100.0,0.0,Null,0.0,0.0,,30.0,Hastings District,Nil,0.0,0.0,0.0,0.0,0.0,0.0,Open,0.0,0.0,0.0,Light rain
588417,1929273.0,5609087.0,545710.0,0.0,0.0,1.0,South,2017/2018,EVENDEN ROAD,ORMOND ROAD,Non-Injury Crash,No,2018,North,0.0,,Flat,,,,,Overcast,1471201.0,0.0,0.0,0.0,2.0,0.0,,,Hawke's Bay Region,Nil,2-way,Sealed,0.0,0.0,,100.0,,Null,0.0,0.0,,30.0,Hastings District,Unknown,,,,,0.0,0.0,Open,0.0,,,Fine
122194,1933403.101,5600665.2592,548821.0,0.0,0.0,1.0,Null,2018/2019,TAINUI DRIVE,AWARUA CRESCENT,Minor Crash,No,2018,North,0.0,,Flat,,,,,Overcast,1507900.0,1.0,0.0,0.0,2.0,0.0,,1.0,Hawke's Bay Region,Nil,2-way,Sealed,0.0,0.0,,50.0,,Null,0.0,0.0,,30.0,Hastings District,Give way,,,,,0.0,0.0,Urban,0.0,,,Fine
697064,1930075.0,5604620.0,548200.0,0.0,0.0,2.0,North,2004/2005,HASTINGS ST NORTH,HERETAUNGA ST EAST,Non-Injury Crash,No,2005,South,0.0,0.0,Flat,0.0,,0.0,0.0,Bright sun,1493900.0,0.0,0.0,0.0,2.0,0.0,1.0,,Hawke's Bay Region,Nil,2-way,Sealed,0.0,0.0,0.0,50.0,0.0,Null,0.0,0.0,,30.0,Hastings District,Nil,0.0,0.0,0.0,0.0,0.0,0.0,Urban,0.0,0.0,0.0,Fine
91207,1933444.0,5602029.0,548831.0,1.0,0.0,1.0,Null,2006/2007,TE MATA ROAD,ST HILL LANE,Serious Crash,No,2007,East,0.0,,Flat,,,,,Bright sun,1509200.0,0.0,0.0,0.0,2.0,0.0,,,Hawke's Bay Region,Nil,2-way,Sealed,0.0,1.0,,50.0,,Null,0.0,0.0,,30.0,Hastings District,Give way,,,,,0.0,0.0,Urban,0.0,,,Fine
443599,1927488.0,5607116.0,548500.0,0.0,0.0,2.0,West,2008/2009,KOTUKU ST,TAKAPU ROAD,Non-Injury Crash,No,2008,East,0.0,,Flat,,Christmas New Year,,,Bright sun,1478000.0,0.0,0.0,0.0,2.0,0.0,,,Hawke's Bay Region,Nil,2-way,Sealed,0.0,0.0,,50.0,,Null,0.0,0.0,,30.0,Hastings District,Nil,,,,,0.0,0.0,Urban,0.0,,,Fine
521168,1929530.0,5605297.0,548200.0,1.0,0.0,0.0,West,2005/2006,HERETAUNGA ST WEST,NELSON ST NORTH,Minor Crash,No,2005,East,0.0,0.0,Flat,0.0,,0.0,0.0,Bright sun,1488900.0,1.0,0.0,0.0,2.0,0.0,0.0,,Hawke's Bay Region,Nil,2-way,Sealed,0.0,0.0,0.0,50.0,0.0,Null,1.0,0.0,,30.0,Hastings District,Nil,0.0,0.0,0.0,0.0,0.0,0.0,Urban,0.0,1.0,0.0,Fine
416076,1929396.0,5605536.0,548200.0,0.0,0.0,2.0,Null,2009/2010,Z FCT PAK N SAVE,CHARLES ST,Non-Injury Crash,No,2009,East,0.0,,Flat,,,,,Overcast,1490100.0,0.0,0.0,0.0,0.0,0.0,,,Hawke's Bay Region,Nil,Off road,Sealed,0.0,0.0,,50.0,,Null,0.0,0.0,,30.0,Hastings District,Nil,,,,,0.0,0.0,Urban,0.0,,,Fine
213139,1926463.0,5637457.0,545811.0,0.0,0.0,1.0,North,2001/2002,SH 5,BEATTIE ROAD,Non-Injury Crash,Yes,2001,North,0.0,0.0,Flat,0.0,,0.0,0.0,Twilight,1414700.0,0.0,0.0,0.0,2.0,0.0,0.0,,Hawke's Bay Region,Nil,2-way,Sealed,0.0,0.0,0.0,100.0,0.0,None,0.0,0.0,,30.0,Hastings District,Nil,0.0,0.0,0.0,0.0,0.0,0.0,Open,0.0,0.0,0.0,Light rain
246778,1932274.0,5609028.0,545721.0,0.0,0.0,2.0,Null,2002/2003,PAKOWHAI ROAD,RUAHAPIA ROAD,Serious Crash,No,2003,South,0.0,,Flat,,,,,Bright sun,1471600.0,0.0,0.0,0.0,2.0,0.0,,,Hawke's Bay Region,Nil,2-way,Sealed,0.0,3.0,,100.0,,Null,0.0,0.0,,30.0,Hastings District,Give way,,,,,0.0,0.0,Open,0.0,,,Fine
134582,1933298.0,5608501.0,545722.0,0.0,0.0,1.0,Null,2006/2007,ANDERSON ROAD,WHAKATU ROAD,Minor Crash,No,2006,West,0.0,0.0,Flat,0.0,,0.0,0.0,Dark,1405700.0,1.0,0.0,0.0,2.0,0.0,0.0,,Hawke's Bay Region,Nil,2-way,Sealed,0.0,0.0,0.0,100.0,0.0,On,0.0,0.0,,30.0,Hastings District,Nil,0.0,0.0,0.0,0.0,0.0,0.0,Open,0.0,0.0,0.0,Light rain
353091,1929851.3336,5605271.9353,548200.0,0.0,0.0,2.0,East,2018/2019,KING STREET NORTH,AVENUE ROAD WEST,Minor Crash,No,2019,West,0.0,,Flat,,,,,Overcast,1491300.0,1.0,0.0,0.0,2.0,0.0,,,Hawke's Bay Region,Nil,2-way,Sealed,0.0,0.0,,50.0,,Off,0.0,0.0,,30.0,Hastings District,Stop,,,,,0.0,0.0,Urban,0.0,,,Fine
596509,1914690.0,5587620.0,545851.0,0.0,0.0,1.0,North,2012/2013,TE AUTE TRUST ROAD,PUKEKURA SETTLEMENT ROAD,Non-Injury Crash,No,2013,South,0.0,,Flat,,,,,Dark,1464600.0,0.0,0.0,0.0,2.0,0.0,,,Hawke's Bay Region,Nil,2-way,Sealed,0.0,0.0,,100.0,,None,0.0,0.0,,30.0,Hastings District,Nil,,,,,0.0,0.0,Open,0.0,,,Fine
534040,1929442.0,5600317.0,545852.0,0.0,0.0,1.0,Null,2015/2016,MOUNT ERIN ROAD,SCHOOL ROAD,Non-Injury Crash,No,2015,South,0.0,1.0,Flat,0.0,,0.0,0.0,Bright sun,1465700.0,0.0,0.0,0.0,0.0,0.0,0.0,,Hawke's Bay Region,Nil,2-way,Sealed,0.0,0.0,0.0,100.0,0.0,Null,0.0,0.0,,30.0,Hastings District,Stop,0.0,0.0,0.0,0.0,0.0,0.0,Open,0.0,0.0,0.0,Fine
24199,1923937.0,5608075.0,548611.0,0.0,0.0,1.0,Null,2018/2019,FLAXMERE AVENUE,RAMSEY CRESCENT,Non-Injury Crash,No,2018,North,0.0,1.0,Flat,0.0,,0.0,0.0,Overcast,1470309.0,0.0,0.0,0.0,2.0,0.0,0.0,,Hawke's Bay Region,Nil,2-way,Sealed,0.0,0.0,0.0,50.0,0.0,Null,0.0,0.0,,30.0,Hastings District,Give way,0.0,0.0,0.0,0.0,0.0,0.0,Urban,0.0,0.0,0.0,Light rain
36574,1930797.0,5592006.0,545860.0,0.0,1.0,0.0,North,2005/2006,KAHURANAKI ROAD,ROCHFORT ROAD,Serious Crash,No,2006,South,0.0,1.0,Hill Road,0.0,,0.0,0.0,Overcast,1467400.0,0.0,0.0,0.0,2.0,0.0,0.0,,Hawke's Bay Region,Nil,2-way,Sealed,1.0,1.0,0.0,100.0,0.0,Null,1.0,0.0,,30.0,Hastings District,Nil,0.0,0.0,0.0,1.0,0.0,0.0,Open,0.0,0.0,0.0,Fine
607953,1928707.0,5606351.0,548500.0,0.0,0.0,2.0,East,2003/2004,OMAHU ROAD,RENATA ST,Minor Crash,No,2003,North,0.0,,Flat,,,,,Bright sun,1478800.0,1.0,0.0,0.0,3.0,0.0,,,Hawke's Bay Region,Nil,2-way,Sealed,0.0,0.0,,50.0,,Null,0.0,0.0,,30.0,Hastings District,Nil,,,,,0.0,0.0,Urban,0.0,,,Fine
695659,1929670.0,5603649.0,548300.0,0.0,0.0,2.0,West,2008/2009,RIVERSLEA ROAD SOUTH,CHURCHILL ST,Non-Injury Crash,No,2008,West,0.0,0.0,Flat,0.0,,0.0,0.0,Bright sun,1504000.0,0.0,0.0,0.0,2.0,0.0,1.0,,Hawke's Bay Region,Nil,2-way,Sealed,0.0,0.0,0.0,50.0,0.0,Null,0.0,0.0,,30.0,Hastings District,Nil,0.0,0.0,0.0,0.0,0.0,0.0,Urban,0.0,0.0,0.0,Fine
367793,1934072.0,5609776.0,545832.0,0.0,0.0,1.0,East,2005/2006,FARNDON ROAD,CHESTERHOPE BRIDGE,Non-Injury Crash,No,2005,West,0.0,0.0,Flat,0.0,Labour Weekend,0.0,0.0,Dark,1404200.0,0.0,0.0,0.0,2.0,0.0,0.0,,Hawke's Bay Region,Bridge,2-way,Sealed,0.0,0.0,0.0,100.0,0.0,None,0.0,0.0,,30.0,Hastings District,Nil,0.0,0.0,0.0,0.0,0.0,0.0,Open,0.0,0.0,0.0,Heavy rain
441638,1936559.8804,5654294.1669,545911.0,0.0,0.0,2.0,South,2020/2021,SH 2,SANDY CREEK ROAD,Non-Injury Crash,Yes,2020,South,0.0,,Flat,,,,,Overcast,1415200.0,0.0,0.0,0.0,2.0,0.0,,,Hawke's Bay Region,Nil,2-way,Sealed,0.0,0.0,,100.0,,None,0.0,0.0,,30.0,Hastings District,Nil,,,,,0.0,0.0,Open,1.0,,,Light rain
21263,1924528.0,5626896.0,545821.0,0.0,0.0,1.0,North,2008/2009,PUKETITIRI ROAD,SEAFIELD ROAD,Minor Crash,No,2008,South,0.0,,Hill Road,,,,,Overcast,1411100.0,2.0,0.0,0.0,2.0,0.0,,,Hawke's Bay Region,Nil,2-way,Sealed,0.0,0.0,,100.0,,Null,0.0,0.0,,30.0,Hastings District,Nil,,,,,0.0,0.0,Open,0.0,,,Fine
95579,1932198.2432,5630827.4844,545611.0,0.0,0.0,1.0,South,2018/2019,HILL ROAD,ESK VIEW ROAD,Non-Injury Crash,No,2019,South,0.0,0.0,Hill Road,0.0,,0.0,0.0,Bright sun,1413900.0,0.0,0.0,0.0,2.0,0.0,0.0,,Hawke's Bay Region,Nil,2-way,Sealed,0.0,0.0,0.0,100.0,0.0,None,0.0,0.0,,30.0,Hastings District,Unknown,0.0,0.0,0.0,0.0,0.0,0.0,Open,0.0,0.0,0.0,Fine
336734,1926445.0,5608006.0,545710.0,0.0,0.0,2.0,West,2006/2007,OMAHU ROAD,HENDERSON ROAD,Non-Injury Crash,No,2006,North,0.0,,Flat,,,,,Bright sun,1470900.0,0.0,0.0,0.0,2.0,0.0,,,Hawke's Bay Region,Nil,2-way,Sealed,0.0,0.0,,100.0,,Null,0.0,0.0,,30.0,Hastings District,Nil,,,,,0.0,0.0,Open,0.0,,,Fine
486108,1927296.0,5605131.0,545761.0,0.0,0.0,0.0,Null,2017/2018,YORK ROAD,MARAEKAKAHO ROAD,Non-Injury Crash,No,2018,West,0.0,0.0,Flat,0.0,Easter,0.0,0.0,Dark,1469905.0,0.0,0.0,0.0,2.0,0.0,0.0,,Hawke's Bay Region,Nil,2-way,Sealed,0.0,0.0,0.0,70.0,0.0,On,0.0,0.0,,30.0,Hastings District,Give way,1.0,1.0,0.0,0.0,0.0,0.0,Urban,1.0,0.0,0.0,Fine
215360,1933558.0,5600977.0,548832.0,0.0,0.0,2.0,West,2009/2010,DUART ROAD,TAUROA ROAD,Non-Injury Crash,No,2010,South,0.0,,Hill Road,,,,,Dark,1508101.0,0.0,0.0,0.0,2.0,0.0,,,Hawke's Bay Region,Nil,2-way,Sealed,0.0,0.0,,50.0,,On,0.0,0.0,,30.0,Hastings District,Nil,,,,,0.0,0.0,Urban,0.0,,,Fine
403442,1929314.3122,5605184.3776,548200.0,0.0,0.0,0.0,South,2018/2019,LYNDON ROAD WEST,Southland road,Minor Crash,No,2019,West,0.0,,Flat,,,,,Bright sun,1488700.0,1.0,0.0,0.0,2.0,0.0,,1.0,Hawke's Bay Region,Nil,2-way,Sealed,0.0,0.0,,50.0,,Off,0.0,0.0,,30.0,Hastings District,Nil,,,,,0.0,0.0,Urban,1.0,,,Fine
660416,1928904.0,5606124.0,547700.0,0.0,1.0,1.0,East,2009/2010,HERETAUNGA ST WEST,STORTFORD ST,Non-Injury Crash,No,2010,East,0.0,,Flat,,,,,Dark,1486700.0,0.0,0.0,0.0,2.0,0.0,,,Hawke's Bay Region,Nil,2-way,Sealed,0.0,0.0,,50.0,,On,0.0,0.0,,30.0,Hastings District,Nil,,,,,0.0,0.0,Urban,0.0,,,Fine
205775,1932470.0,5601594.0,548810.0,0.0,0.0,2.0,North,2004/2005,Z CPK NEW WORLD,PORTER/MIDDLE,Non-Injury Crash,No,2005,East,0.0,0.0,Flat,0.0,,0.0,0.0,Overcast,1505700.0,0.0,0.0,0.0,0.0,0.0,1.0,,Hawke's Bay Region,Nil,Off road,Sealed,0.0,0.0,0.0,50.0,0.0,Null,0.0,0.0,,30.0,Hastings District,Nil,0.0,0.0,0.0,0.0,0.0,0.0,Urban,0.0,0.0,0.0,Fine
313732,1932601.0,5601674.0,548831.0,0.0,0.0,2.0,North,2007/2008,NAPIER ROAD,HAVELOCK ROAD,Non-Injury Crash,No,2007,North,0.0,0.0,Flat,0.0,,0.0,0.0,Bright sun,1509600.0,0.0,0.0,0.0,2.0,0.0,1.0,,Hawke's Bay Region,Nil,2-way,Sealed,0.0,0.0,0.0,50.0,0.0,Null,0.0,0.0,,30.0,Hastings District,Give way,0.0,0.0,0.0,0.0,0.0,0.0,Urban,0.0,0.0,0.0,Fine
512986,1929634.0,5605762.0,548200.0,0.0,0.0,2.0,Null,2017/2018,TOMOANA ROAD,ST AUBYN ST WEST,Minor Crash,No,2018,West,0.0,,Flat,,,,,Bright sun,1490300.0,1.0,0.0,0.0,3.0,0.0,,,Hawke's Bay Region,Nil,2-way,Sealed,0.0,0.0,,50.0,,Null,0.0,0.0,,30.0,Hastings District,Traffic Signals,,,,,0.0,0.0,Urban,0.0,,,Fine
64759,1923104.0,5604073.0,545842.0,0.0,0.0,0.0,North,2009/2010,MARAEKAKAHO ROAD,MANGAROA ROAD,Non-Injury Crash,No,2010,West,0.0,,Flat,,,,,Overcast,1470211.0,0.0,0.0,0.0,2.0,0.0,,,Hawke's Bay Region,Nil,2-way,Sealed,0.0,0.0,,100.0,,Null,1.0,0.0,,30.0,Hastings District,Nil,,,,,0.0,0.0,Open,1.0,,,Fine
352097,1939601.0,5656376.0,545911.0,0.0,0.0,0.0,South,2016/2017,SH 2,KAHIKA OBR,Serious Crash,Yes,2016,North,0.0,,Flat,,Labour Weekend,,,Overcast,1415200.0,0.0,0.0,0.0,2.0,0.0,,,Hawke's Bay Region,Nil,2-way,Sealed,0.0,2.0,,100.0,,None,0.0,0.0,,30.0,Hastings District,Unknown,,,,,0.0,0.0,Open,2.0,,,Light rain
228582,1924761.5493,5606946.2168,548612.0,0.0,0.0,1.0,North,2018/2019,STONEHAVEN ST,KIRKCALDY CRESCENT,Non-Injury Crash,No,2019,Null,0.0,0.0,Flat,0.0,,0.0,0.0,Twilight,1474500.0,0.0,0.0,0.0,2.0,0.0,1.0,,Hawke's Bay Region,Nil,2-way,Sealed,0.0,0.0,0.0,50.0,0.0,On,0.0,0.0,,30.0,Hastings District,Unknown,0.0,0.0,0.0,0.0,0.0,0.0,Urban,0.0,0.0,0.0,Fine
632642,1929464.0,5605185.0,548200.0,0.0,0.0,2.0,Null,2006/2007,EASTBOURNE ST WEST,NELSON ST SOUTH,Non-Injury Crash,No,2006,North,0.0,,Flat,,,,,Bright sun,1488900.0,0.0,0.0,0.0,2.0,0.0,,,Hawke's Bay Region,Nil,2-way,Sealed,0.0,0.0,,50.0,,Null,0.0,0.0,,30.0,Hastings District,Give way,,,,,0.0,0.0,Urban,0.0,,,Fine
361817,1915500.0,5655263.0,545911.0,0.0,0.0,1.0,South,2008/2009,SH 5,WAITARA ROAD,Serious Crash,Yes,2008,South,0.0,,Flat,,Christmas New Year,,,Bright sun,1415900.0,1.0,0.0,0.0,2.0,0.0,,,Hawke's Bay Region,Nil,2-way,Sealed,0.0,2.0,,100.0,,Null,0.0,0.0,,30.0,Hastings District,Nil,,,,,0.0,0.0,Open,1.0,,,Fine
334182,1933534.0,5606728.0,545721.0,0.0,0.0,1.0,North,2006/2007,SH 2,WATSON ROAD,Non-Injury Crash,Yes,2006,South,0.0,0.0,Flat,0.0,,0.0,0.0,Overcast,1471800.0,0.0,0.0,0.0,2.0,0.0,0.0,,Hawke's Bay Region,Bridge,2-way,Sealed,0.0,0.0,0.0,100.0,0.0,Null,0.0,0.0,,30.0,Hastings District,Nil,0.0,0.0,0.0,0.0,0.0,0.0,Open,1.0,0.0,0.0,Fine
583617,1929694.0,5605682.0,548200.0,0.0,0.0,2.0,East,2004/2005,ST AUBYN ST WEST,TOMOANA ROAD,Non-Injury Crash,No,2004,West,0.0,,Flat,,,,,Bright sun,1490300.0,0.0,0.0,0.0,2.0,0.0,,,Hawke's Bay Region,Nil,2-way,Sealed,0.0,0.0,,50.0,,Null,0.0,0.0,,30.0,Hastings District,Nil,,,,,0.0,0.0,Urban,0.0,,,Fine
251908,1927670.0,5606490.0,548500.0,0.0,0.0,1.0,Null,2016/2017,HUIA ST,HUIA PLACE,Non-Injury Crash,No,2016,South,0.0,1.0,Flat,0.0,,0.0,0.0,Dark,1479200.0,0.0,0.0,0.0,2.0,0.0,0.0,,Hawke's Bay Region,Nil,2-way,Sealed,0.0,0.0,0.0,50.0,0.0,None,0.0,0.0,,30.0,Hastings District,Nil,0.0,0.0,0.0,0.0,0.0,0.0,Urban,0.0,0.0,0.0,Fine
681941,1928829.0146,5606118.0167,547700.0,0.0,1.0,1.0,West,2018/2019,STORTFORD STREET,HERETAUNGA ST WEST,Non-Injury Crash,No,2019,West,0.0,,Flat,,,,,Bright sun,1486700.0,0.0,0.0,0.0,2.0,0.0,,,Hawke's Bay Region,Nil,2-way,Sealed,0.0,0.0,,50.0,,Off,0.0,0.0,,30.0,Hastings District,Nil,,,,,0.0,0.0,Urban,0.0,,,Fine
256948,1936368.0,5637804.0,545811.0,0.0,0.0,0.0,West,2010/2011,PAKURATAHI VALLEY ROAD,SH 2,Minor Crash,No,2011,East,0.0,,Flat,,,,,Overcast,1415600.0,1.0,0.0,0.0,2.0,0.0,,,Hawke's Bay Region,Nil,2-way,Sealed,0.0,0.0,,100.0,,Null,0.0,0.0,,30.0,Hastings District,Nil,,,,,1.0,0.0,Open,0.0,,,Fine
672107,1927605.0,5607453.0,548400.0,0.0,0.0,2.0,Null,2004/2005,OMAHU ROAD,SH 50A,Non-Injury Crash,Yes,2005,South,0.0,,Flat,,,,,Dark,1473600.0,0.0,0.0,0.0,2.0,0.0,,,Hawke's Bay Region,Nil,2-way,Sealed,0.0,0.0,,100.0,,On,0.0,0.0,,30.0,Hastings District,Give way,,,,,0.0,0.0,Open,0.0,,,Fine
476971,1926450.0,5608005.0,545710.0,0.0,0.0,1.0,West,2002/2003,OMAHU ROAD,HENDERSON ROAD,Non-Injury Crash,No,2002,West,0.0,0.0,Flat,0.0,,0.0,0.0,Overcast,1470900.0,0.0,0.0,0.0,2.0,0.0,1.0,,Hawke's Bay Region,Nil,2-way,Sealed,0.0,0.0,0.0,70.0,0.0,Null,0.0,0.0,,30.0,Hastings District,Nil,0.0,0.0,0.0,0.0,0.0,0.0,Urban,1.0,0.0,0.0,Fine
506513,1928576.0,5604547.0,547900.0,0.0,0.0,2.0,East,2006/2007,GASCOIGNE ST,MONTGOMERY ST,Non-Injury Crash,No,2006,West,0.0,0.0,Flat,0.0,,0.0,0.0,Dark,1482000.0,0.0,0.0,0.0,2.0,0.0,1.0,,Hawke's Bay Region,Nil,2-way,Sealed,0.0,0.0,0.0,50.0,0.0,None,0.0,0.0,,30.0,Hastings District,Nil,0.0,0.0,0.0,0.0,0.0,0.0,Urban,0.0,0.0,0.0,Fine
228560,1929018.0,5605974.0,547700.0,0.0,0.0,1.0,North,2009/2010,HERETAUNGA ST WEST,GALLIEN ST,Non-Injury Crash,No,2010,South,0.0,0.0,Flat,0.0,,0.0,0.0,Bright sun,1487400.0,0.0,0.0,0.0,2.0,0.0,1.0,,Hawke's Bay Region,Nil,2-way,Sealed,0.0,0.0,0.0,50.0,0.0,Null,0.0,0.0,,30.0,Hastings District,Nil,0.0,0.0,0.0,0.0,0.0,0.0,Urban,1.0,0.0,0.0,Fine
420160,1930292.0,5605107.0,548200.0,0.0,0.0,2.0,East,2005/2006,KARAMU ROAD NORTH,ELLISON ROAD,Non-Injury Crash,No,2005,West,0.0,,Flat,,,,,Dark,1494100.0,0.0,0.0,0.0,2.0,0.0,,,Hawke's Bay Region,Nil,2-way,Sealed,0.0,0.0,,50.0,,On,0.0,0.0,,30.0,Hastings District,Nil,,,,,0.0,0.0,Urban,0.0,,,Fine