OBJECTID,X,Y,areaUnitID,bicycle,bus,carStationWagon,crashDirectionDescription,crashFinancialYear,crashLocation1,crashLocation2,crashSeverity,crashSHDescription,crashYear,directionRoleDescription,fatalCount,fence,flatHill,guardRail,holiday,houseOrBuilding,kerb,light,meshblockId,minorInjuryCount,moped,motorcycle,NumberOfLanes,otherVehicleType,parkedVehicle,pedestrian,region,roadCharacter,roadLane,roadSurface,schoolBus,seriousInjuryCount,slipOrFlood,speedLimit,strayAnimal,streetLight,suv,taxi,temporarySpeedLimit,tlaId,tlaName,trafficControl,trafficIsland,trafficSign,train,tree,truck,unknownVehicleType,urban,vanOrUtility,vehicle,waterRiver,weatherA
559948,1929727.0,5605224.0,548200.0,0.0,0.0,2.0,North,2004/2005,Z CPK COUNTDOWN,QUEEN ST WEST/KING ST NTH,Non-Injury Crash,No,2004,North,0.0,,Flat,,,,,Bright sun,1490700.0,0.0,0.0,0.0,1.0,0.0,,,Hawke's Bay Region,Nil,Off road,Sealed,0.0,0.0,,50.0,,Null,0.0,0.0,,30.0,Hastings District,Nil,,,,,0.0,0.0,Urban,0.0,,,Fine
192606,1931370.0,5605236.0,548000.0,0.0,0.0,1.0,East,2006/2007,WILLOWPARK ROAD NORTH,GROVE ROAD,Non-Injury Crash,No,2006,South,0.0,1.0,Flat,0.0,,0.0,0.0,Bright sun,1496800.0,0.0,0.0,0.0,2.0,0.0,0.0,,Hawke's Bay Region,Nil,2-way,Sealed,0.0,0.0,0.0,50.0,0.0,Null,0.0,0.0,,30.0,Hastings District,Nil,1.0,0.0,0.0,0.0,0.0,0.0,Urban,0.0,0.0,0.0,Fine
720,1930267.0,5605091.0,548200.0,0.0,0.0,2.0,West,2011/2012,KARAMU ROAD NORTH,ELLISON ROAD,Non-Injury Crash,No,2012,East,0.0,,Flat,,,,,Bright sun,1494100.0,0.0,0.0,0.0,2.0,0.0,,,Hawke's Bay Region,Nil,2-way,Sealed,0.0,0.0,,50.0,,Null,0.0,0.0,,30.0,Hastings District,Nil,,,,,0.0,0.0,Urban,0.0,,,Fine
75961,1923717.0,5607300.0,548611.0,0.0,0.0,1.0,Null,2004/2005,PORTSMOUTH ROAD,DIAZ DRIVE,Non-Injury Crash,No,2004,North,0.0,1.0,Flat,0.0,,0.0,0.0,Bright sun,1473901.0,0.0,0.0,0.0,2.0,0.0,0.0,,Hawke's Bay Region,Nil,2-way,Sealed,0.0,0.0,0.0,50.0,0.0,Null,0.0,0.0,,30.0,Hastings District,Give way,0.0,0.0,0.0,0.0,0.0,0.0,Urban,0.0,0.0,0.0,Fine
694308,1925556.0,5637719.0,545811.0,0.0,0.0,0.0,Null,2002/2003,SH 5,DILLONS HILL CUL,Non-Injury Crash,Yes,2002,South,0.0,0.0,Hill Road,0.0,,0.0,0.0,Overcast,1414800.0,0.0,0.0,0.0,3.0,0.0,0.0,,Hawke's Bay Region,Nil,2-way,Sealed,0.0,0.0,0.0,100.0,0.0,None,0.0,0.0,,30.0,Hastings District,Nil,0.0,0.0,0.0,0.0,0.0,0.0,Open,1.0,0.0,0.0,Light rain
511166,1928842.0,5603900.0,547900.0,0.0,0.0,2.0,Null,2004/2005,RAILWAY ROAD,MURDOCH ROAD WEST,Non-Injury Crash,No,2005,South,0.0,,Flat,,,,,Dark,1482600.0,0.0,0.0,0.0,2.0,0.0,,,Hawke's Bay Region,Nil,2-way,Sealed,0.0,0.0,,70.0,,On,0.0,0.0,,30.0,Hastings District,Stop,,,,,0.0,0.0,Urban,0.0,,,Fine
61295,1936135.0,5602070.0,545750.0,0.0,0.0,0.0,North,2014/2015,TE MATA MANGATERETERE ROA,TE MATA ROAD,Non-Injury Crash,No,2015,South,0.0,0.0,Flat,0.0,,0.0,0.0,Bright sun,1466501.0,0.0,0.0,0.0,2.0,0.0,0.0,,Hawke's Bay Region,Nil,2-way,Sealed,0.0,0.0,0.0,100.0,0.0,Null,0.0,0.0,,30.0,Hastings District,Nil,0.0,0.0,0.0,0.0,1.0,0.0,Open,0.0,0.0,0.0,Fine
141103,1934963.0,5603165.0,545750.0,0.0,0.0,1.0,North,2007/2008,BROOKVALE ROAD,ARATAKI ROAD,Non-Injury Crash,No,2008,South,0.0,1.0,Flat,0.0,,0.0,0.0,Bright sun,1466501.0,0.0,0.0,0.0,2.0,0.0,0.0,,Hawke's Bay Region,Nil,2-way,Sealed,0.0,0.0,0.0,100.0,0.0,Null,0.0,0.0,,30.0,Hastings District,Nil,0.0,0.0,0.0,0.0,0.0,0.0,Open,0.0,0.0,0.0,Fine
22309,1923187.0,5604038.0,545842.0,0.0,0.0,1.0,East,2015/2016,MARAEKAKAHO ROAD,MANGAROA ROAD,Non-Injury Crash,No,2016,West,0.0,,Flat,,,,,Bright sun,1470218.0,0.0,0.0,0.0,2.0,0.0,,,Hawke's Bay Region,Nil,2-way,Sealed,0.0,0.0,,100.0,,Null,0.0,0.0,,30.0,Hastings District,Unknown,,,,,0.0,0.0,Open,1.0,,,Fine
624443,1930281.0,5604902.0,548200.0,0.0,0.0,2.0,South,2008/2009,ST AUBYN ST EAST,WARREN ST NORTH,Non-Injury Crash,No,2009,South,0.0,,Flat,,,,,Twilight,1494400.0,0.0,0.0,0.0,3.0,0.0,,,Hawke's Bay Region,Nil,2-way,Sealed,0.0,0.0,,50.0,,Off,0.0,0.0,,30.0,Hastings District,Nil,,,,,0.0,0.0,Urban,0.0,,,Fine
630853,1929090.0,5605275.0,548200.0,0.0,0.0,2.0,Null,2008/2009,SOUTHAMPTON ST WEST,CHARLES ST,Non-Injury Crash,No,2008,South,0.0,,Flat,,,,,Dark,1488500.0,0.0,0.0,0.0,2.0,0.0,,,Hawke's Bay Region,Nil,2-way,Sealed,0.0,0.0,,50.0,,On,0.0,0.0,,30.0,Hastings District,Give way,,,,,0.0,0.0,Urban,0.0,,,Fine
373950,1929859.342,5604784.9898,548200.0,0.0,0.0,2.0,West,2019/2020,KARAMU ROAD SOUTH,HERETAUNGA STREET EAST,Non-Injury Crash,No,2019,West,0.0,0.0,Flat,0.0,,0.0,0.0,Dark,1492600.0,0.0,0.0,0.0,2.0,0.0,1.0,,Hawke's Bay Region,Nil,2-way,Sealed,0.0,0.0,0.0,50.0,0.0,On,0.0,0.0,,30.0,Hastings District,Nil,0.0,0.0,0.0,0.0,0.0,0.0,Urban,0.0,0.0,0.0,Fine
252619,1936371.0,5599933.0,548833.0,0.0,0.0,1.0,South,2008/2009,WAIMARAMA ROAD,TE MATA ROAD,Minor Crash,No,2008,South,0.0,1.0,Hill Road,0.0,,0.0,0.0,Dark,1466802.0,1.0,0.0,0.0,2.0,0.0,0.0,,Hawke's Bay Region,Nil,2-way,Sealed,0.0,0.0,0.0,100.0,0.0,None,0.0,0.0,,30.0,Hastings District,Nil,0.0,0.0,0.0,0.0,0.0,0.0,Open,0.0,0.0,0.0,Fine
442761,1929851.0,5605275.0,548200.0,0.0,0.0,2.0,Null,2004/2005,KING ST NORTH,AVENUE ROAD WEST,Non-Injury Crash,No,2005,East,0.0,,Flat,,,,,Twilight,1490900.0,0.0,0.0,0.0,2.0,0.0,,,Hawke's Bay Region,Nil,2-way,Sealed,0.0,0.0,,50.0,,Off,0.0,0.0,,30.0,Hastings District,Give way,,,,,0.0,0.0,Urban,0.0,,,Light rain
441469,1930010.0,5605086.0,548200.0,0.0,0.0,2.0,South,2007/2008,Z CPK GODFREYS,RUSSELL/AVENUE,Non-Injury Crash,No,2007,West,0.0,,Flat,,,,,Bright sun,1492300.0,0.0,0.0,0.0,1.0,0.0,,,Hawke's Bay Region,Nil,Off road,Sealed,0.0,0.0,,50.0,,Null,0.0,0.0,,30.0,Hastings District,Nil,,,,,0.0,0.0,Urban,0.0,,,Fine
114734,1909290.0,5674270.0,545911.0,0.0,0.0,1.0,North,2011/2012,SH 5,TARAWERA TAV,Minor Crash,Yes,2011,North,0.0,,Hill Road,,,,,Overcast,1281200.0,4.0,0.0,0.0,2.0,0.0,,,Hawke's Bay Region,Nil,2-way,Sealed,0.0,0.0,,100.0,,Null,1.0,0.0,,30.0,Hastings District,Nil,,,,,0.0,0.0,Open,0.0,,,Fine
123597,1924791.0,5600131.0,545852.0,0.0,0.0,0.0,South,2006/2007,SH 50A,TURAMOE ROAD,Minor Crash,Yes,2006,North,0.0,1.0,Flat,0.0,,0.0,0.0,Overcast,1463700.0,3.0,0.0,0.0,2.0,0.0,0.0,,Hawke's Bay Region,Nil,2-way,Sealed,0.0,0.0,0.0,100.0,0.0,Null,1.0,0.0,,30.0,Hastings District,Nil,0.0,0.0,0.0,0.0,0.0,0.0,Open,0.0,0.0,0.0,Light rain
39277,1932648.0,5601726.0,548831.0,0.0,0.0,1.0,North,2008/2009,NAPIER ROAD,JOLL ROAD,Minor Crash,No,2009,South,0.0,0.0,Flat,0.0,,0.0,0.0,Bright sun,1509700.0,1.0,0.0,0.0,2.0,0.0,1.0,1.0,Hawke's Bay Region,Nil,2-way,Sealed,0.0,0.0,0.0,50.0,0.0,Null,1.0,0.0,,30.0,Hastings District,Nil,0.0,0.0,0.0,0.0,0.0,0.0,Urban,0.0,0.0,0.0,Fine
244068,1934935.0,5647999.0,545911.0,0.0,0.0,0.0,North,2017/2018,SH 2,MCINTYRES ACCESS ROAD,Non-Injury Crash,Yes,2017,East,0.0,0.0,Hill Road,0.0,,0.0,0.0,Twilight,1415200.0,0.0,0.0,0.0,2.0,0.0,0.0,,Hawke's Bay Region,Nil,2-way,Sealed,0.0,0.0,0.0,100.0,0.0,None,0.0,0.0,,30.0,Hastings District,Unknown,0.0,0.0,0.0,0.0,0.0,0.0,Open,1.0,0.0,0.0,Heavy rain
204047,1924399.0,5603646.0,545842.0,0.0,0.0,2.0,Null,2007/2008,MARAEKAKAHO ROAD,STOCK ROAD,Non-Injury Crash,No,2007,West,0.0,,Flat,,,,,Bright sun,1470213.0,0.0,0.0,0.0,2.0,0.0,,,Hawke's Bay Region,Nil,2-way,Sealed,0.0,0.0,,100.0,,Null,0.0,0.0,,30.0,Hastings District,Give way,,,,,0.0,0.0,Open,0.0,,,Fine
324401,1932606.0,5606198.0,545721.0,1.0,0.0,1.0,Null,2004/2005,SH 2,ST GEORGES ROAD,Minor Crash,Yes,2005,South,0.0,,Flat,,,,,Bright sun,1472300.0,1.0,0.0,0.0,2.0,0.0,,,Hawke's Bay Region,Nil,2-way,Sealed,0.0,0.0,,70.0,,Null,0.0,0.0,,30.0,Hastings District,Give way,,,,,0.0,0.0,Urban,0.0,,,Mist or Fog
614385,1933883.0,5609796.0,545832.0,0.0,0.0,1.0,East,2011/2012,FARNDON ROAD,CHESTERHOPE BRIDGE,Non-Injury Crash,No,2012,East,0.0,0.0,Flat,0.0,,0.0,0.0,Bright sun,1404200.0,0.0,0.0,0.0,2.0,0.0,0.0,,Hawke's Bay Region,Nil,2-way,Sealed,0.0,0.0,0.0,100.0,0.0,Null,0.0,0.0,,30.0,Hastings District,Nil,0.0,0.0,0.0,0.0,0.0,0.0,Open,0.0,0.0,0.0,Fine
418621,1925266.0,5606203.0,548620.0,0.0,0.0,2.0,Null,2002/2003,SCARBOROUGH ROAD,LIVERPOOL CRESCENT,Non-Injury Crash,No,2002,North,0.0,,Flat,,,,,Twilight,1474900.0,0.0,0.0,0.0,2.0,0.0,,,Hawke's Bay Region,Nil,2-way,Sealed,0.0,0.0,,50.0,,Off,0.0,0.0,,30.0,Hastings District,Nil,,,,,0.0,0.0,Urban,0.0,,,Fine
91037,1929764.0,5604384.0,548200.0,1.0,0.0,1.0,Null,2018/2019,HASTINGS ST SOUTH,SOUTHAMPTON ST EAST,Minor Crash,No,2018,South,0.0,,Flat,,,,,Overcast,1493000.0,1.0,0.0,0.0,2.0,0.0,,,Hawke's Bay Region,Nil,2-way,Sealed,0.0,0.0,,50.0,,Null,0.0,0.0,,30.0,Hastings District,Give way,,,,,0.0,0.0,Urban,0.0,,,Fine
673730,1925916.7965,5620299.5872,545821.0,0.0,0.0,0.0,North,2019/2020,PUKETAPU ROAD,DARTMOOR ROAD,Non-Injury Crash,No,2019,North,0.0,,Flat,,,,,Bright sun,1411400.0,0.0,0.0,0.0,2.0,0.0,,,Hawke's Bay Region,Nil,2-way,Sealed,0.0,0.0,,100.0,,Off,0.0,0.0,,30.0,Hastings District,Nil,,,,,0.0,0.0,Open,2.0,,,Fine
301418,1928503.0,5606043.0,548500.0,0.0,0.0,1.0,Null,2015/2016,ORCHARD ROAD,MARAEKAKAHO ROAD,Non-Injury Crash,No,2016,South,0.0,,Flat,,,,,Bright sun,1479600.0,0.0,0.0,0.0,2.0,0.0,,,Hawke's Bay Region,Nil,2-way,Sealed,0.0,0.0,,50.0,,Null,0.0,0.0,,30.0,Hastings District,Traffic Signals,,,,,0.0,0.0,Urban,1.0,,,Fine
557224,1930337.0,5632630.0,545811.0,0.0,0.0,1.0,Null,2016/2017,SH 5,YULE ROAD,Non-Injury Crash,Yes,2016,East,0.0,1.0,Flat,0.0,Christmas New Year,0.0,0.0,Bright sun,1414700.0,0.0,0.0,0.0,2.0,0.0,0.0,,Hawke's Bay Region,Nil,2-way,Sealed,0.0,0.0,0.0,100.0,0.0,Null,0.0,0.0,,30.0,Hastings District,Stop,0.0,0.0,0.0,0.0,0.0,0.0,Open,0.0,0.0,0.0,Fine
341158,1929476.0,5608874.0,545710.0,0.0,0.0,2.0,Null,2005/2006,SH 50A,EVENDEN ROAD,Non-Injury Crash,Yes,2005,South,0.0,,Flat,,,,,Dark,1471100.0,0.0,0.0,0.0,2.0,0.0,,,Hawke's Bay Region,Nil,2-way,Sealed,0.0,0.0,,100.0,,On,0.0,0.0,,30.0,Hastings District,Give way,,,,,0.0,0.0,Open,0.0,,,Mist or Fog
100133,1929440.0,5604302.0,548300.0,1.0,0.0,1.0,South,2007/2008,PATTISON ROAD,KARAMU ROAD SOUTH,Minor Crash,No,2008,West,0.0,,Flat,,,,,Bright sun,1503201.0,1.0,0.0,0.0,2.0,0.0,,,Hawke's Bay Region,Nil,2-way,Sealed,0.0,0.0,,50.0,,Null,0.0,0.0,,30.0,Hastings District,Nil,,,,,0.0,0.0,Urban,0.0,,,Fine
325162,1932652.0,5609542.0,545832.0,0.0,0.0,2.0,Null,2002/2003,PAKOWHAI ROAD,FARNDON ROAD,Minor Crash,No,2002,South,0.0,,Flat,,Labour Weekend,,,Dark,1404300.0,2.0,0.0,0.0,2.0,0.0,,,Hawke's Bay Region,Nil,2-way,Sealed,0.0,0.0,,100.0,,On,0.0,0.0,,30.0,Hastings District,Give way,,,,,0.0,0.0,Open,0.0,,,Fine
587126,1928920.0,5604962.0,547900.0,0.0,0.0,2.0,Null,2006/2007,SOUTHLAND ROAD,HENRY ST,Non-Injury Crash,No,2007,South,0.0,,Flat,,,,,Bright sun,1482100.0,0.0,0.0,0.0,2.0,0.0,,,Hawke's Bay Region,Nil,2-way,Sealed,0.0,0.0,,50.0,,Null,0.0,0.0,,30.0,Hastings District,Give way,,,,,0.0,0.0,Urban,0.0,,,Fine
71206,1930979.0,5605643.0,548000.0,0.0,0.0,3.0,South,2016/2017,FREDERICK ST,KARAMU ROAD NORTH,Non-Injury Crash,No,2016,South,0.0,,Flat,,,,,Overcast,1495700.0,0.0,0.0,0.0,2.0,0.0,,,Hawke's Bay Region,Nil,2-way,Sealed,0.0,0.0,,50.0,,Off,0.0,0.0,,30.0,Hastings District,Unknown,,,,,0.0,0.0,Urban,0.0,,,Light rain
51686,1930062.0,5603947.0,548300.0,0.0,0.0,1.0,South,2009/2010,RIVERSLEA ROAD SOUTH,FERGUSON ST,Non-Injury Crash,No,2009,South,0.0,0.0,Flat,0.0,,0.0,0.0,Dark,1502100.0,0.0,0.0,0.0,2.0,0.0,1.0,,Hawke's Bay Region,Nil,2-way,Sealed,0.0,0.0,0.0,50.0,0.0,On,1.0,0.0,,30.0,Hastings District,Nil,0.0,0.0,0.0,0.0,0.0,0.0,Urban,0.0,0.0,0.0,Fine
156434,1930245.0,5604747.0,548200.0,0.0,0.0,1.0,Null,2006/2007,HASTINGS ST NORTH,AVENUE ROAD EAST,Non-Injury Crash,No,2007,West,0.0,,Flat,,,,,Twilight,1493400.0,0.0,0.0,0.0,2.0,0.0,,,Hawke's Bay Region,Nil,2-way,Sealed,0.0,0.0,,50.0,,Off,0.0,0.0,,30.0,Hastings District,Give way,,,,,1.0,0.0,Urban,0.0,,,Fine
76428,1924351.0,5607153.0,548612.0,0.0,0.0,1.0,Null,2016/2017,CHATHAM ROAD,WALTON WAY,Serious Crash,No,2017,West,0.0,,Flat,,,,,Dark,1474003.0,0.0,0.0,0.0,2.0,0.0,,,Hawke's Bay Region,Nil,2-way,Sealed,0.0,1.0,,50.0,,On,0.0,0.0,,30.0,Hastings District,Give way,,,,,0.0,0.0,Urban,1.0,,,Fine
293797,1933251.0,5601941.0,548832.0,1.0,0.0,1.0,Null,2013/2014,TE MATA ROAD,CARL AVENUE,Minor Crash,No,2013,West,0.0,,Flat,,,,,Twilight,1508200.0,1.0,0.0,0.0,2.0,0.0,,,Hawke's Bay Region,Nil,2-way,Sealed,0.0,0.0,,50.0,,None,0.0,0.0,,30.0,Hastings District,Give way,,,,,0.0,0.0,Urban,0.0,,,Fine
558523,1918822.0,5647082.0,545811.0,0.0,0.0,1.0,North,2003/2004,SH 5,RUKUMOANA ROAD,Non-Injury Crash,Yes,2004,North,0.0,0.0,Hill Road,0.0,,0.0,0.0,Overcast,1414600.0,0.0,0.0,0.0,2.0,0.0,0.0,,Hawke's Bay Region,Nil,2-way,Sealed,0.0,0.0,0.0,100.0,0.0,Null,0.0,0.0,,30.0,Hastings District,Nil,0.0,0.0,0.0,1.0,0.0,0.0,Open,0.0,0.0,0.0,Light rain
337894,1930205.0,5603595.0,548300.0,0.0,0.0,2.0,Null,2004/2005,PARK ROAD SOUTH,OUTRAM ROAD,Non-Injury Crash,No,2004,North,0.0,,Flat,,,,,Bright sun,1504300.0,0.0,0.0,0.0,2.0,0.0,,,Hawke's Bay Region,Nil,2-way,Sealed,0.0,0.0,,50.0,,Null,0.0,0.0,,30.0,Hastings District,Give way,,,,,0.0,0.0,Urban,0.0,,,Fine
599720,1921876.0,5595623.0,545851.0,0.0,0.0,2.0,North,2007/2008,SH 2,TE MAHANGA ROAD,Serious Crash,Yes,2008,South,0.0,0.0,Flat,0.0,,0.0,0.0,Bright sun,1463900.0,1.0,0.0,0.0,2.0,0.0,0.0,,Hawke's Bay Region,Nil,2-way,Sealed,0.0,2.0,0.0,100.0,0.0,Null,0.0,0.0,,30.0,Hastings District,Nil,0.0,0.0,0.0,0.0,0.0,0.0,Open,0.0,0.0,0.0,Fine
354693,1934572.0,5641228.0,545811.0,0.0,0.0,2.0,East,2004/2005,SH 2,TE NGARU BR,Non-Injury Crash,Yes,2005,South,0.0,,Flat,,,,,Bright sun,1415600.0,0.0,0.0,0.0,2.0,0.0,,,Hawke's Bay Region,Nil,2-way,Sealed,0.0,0.0,,100.0,,Null,0.0,0.0,,30.0,Hastings District,Nil,,,,,0.0,0.0,Open,0.0,,,Fine
560377,1936200.0,5611605.0,545832.0,0.0,0.0,0.0,South,2011/2012,SH 2,FARNDON ROAD,Non-Injury Crash,Yes,2011,South,0.0,0.0,Flat,0.0,,0.0,0.0,Dark,1404200.0,0.0,0.0,0.0,2.0,0.0,0.0,,Hawke's Bay Region,Nil,2-way,Sealed,0.0,0.0,0.0,100.0,0.0,None,0.0,0.0,,30.0,Hastings District,Nil,0.0,0.0,0.0,0.0,0.0,0.0,Open,1.0,0.0,0.0,Fine
692295,1930912.0,5607891.0,545710.0,0.0,0.0,1.0,Null,2006/2007,PAKOWHAI ROAD,RICHMOND ROAD,Non-Injury Crash,No,2007,West,0.0,,Flat,,,,,Bright sun,1471100.0,0.0,0.0,0.0,2.0,0.0,,,Hawke's Bay Region,Nil,2-way,Sealed,0.0,0.0,,70.0,,Null,0.0,0.0,,30.0,Hastings District,Give way,,,,,0.0,0.0,Urban,1.0,,,Fine
251718,1929792.0,5605053.0,548200.0,1.0,0.0,1.0,South,2013/2014,MARKET ST NORTH,QUEEN ST WEST,Serious Crash,No,2013,South,0.0,,Flat,,,,,Bright sun,1491700.0,0.0,0.0,0.0,2.0,0.0,,,Hawke's Bay Region,Nil,2-way,Sealed,0.0,1.0,,50.0,,Off,0.0,0.0,,30.0,Hastings District,Nil,,,,,0.0,0.0,Urban,0.0,,,Fine
589834,1932274.0,5609028.0,545721.0,0.0,0.0,1.0,Null,2017/2018,PAKOWHAI ROAD,RUAHAPIA ROAD,Non-Injury Crash,No,2018,South,0.0,,Flat,,,,,Overcast,1471600.0,0.0,0.0,0.0,3.0,0.0,,,Hawke's Bay Region,Nil,2-way,Sealed,0.0,0.0,,100.0,,Null,1.0,0.0,,30.0,Hastings District,Give way,,,,,0.0,0.0,Open,0.0,,,Fine
274243,1936366.0,5601391.0,548833.0,0.0,0.0,3.0,Null,2015/2016,WAIMARAMA ROAD,TE MATA ROAD,Minor Crash,No,2016,North,0.0,,Flat,,Easter,,,Bright sun,1466802.0,2.0,0.0,0.0,2.0,0.0,,,Hawke's Bay Region,Nil,2-way,Sealed,0.0,0.0,,80.0,,Null,0.0,0.0,,30.0,Hastings District,Give way,,,,,0.0,0.0,Open,0.0,,,Fine
84495,1930935.0,5613540.0,545831.0,0.0,0.0,2.0,Null,2001/2002,SH 50,SH 50A,Non-Injury Crash,Yes,2002,East,0.0,,Flat,,,,,Bright sun,1404600.0,0.0,0.0,0.0,4.0,0.0,,,Hawke's Bay Region,Nil,2-way,Sealed,0.0,0.0,,50.0,,Null,0.0,0.0,,30.0,Hastings District,Give way,,,,,0.0,0.0,Urban,0.0,,,Fine
246442,1937840.0,5609764.0,545730.0,0.0,0.0,1.0,West,2017/2018,LAWN ROAD,WAIPUREKU ST,Non-Injury Crash,No,2017,East,0.0,0.0,Flat,0.0,,0.0,0.0,Dark,1405300.0,0.0,0.0,0.0,2.0,0.0,0.0,,Hawke's Bay Region,Nil,2-way,Sealed,0.0,0.0,0.0,50.0,0.0,None,0.0,0.0,,30.0,Hastings District,Unknown,0.0,0.0,0.0,0.0,0.0,0.0,Urban,0.0,0.0,0.0,Fine
643966,1929764.0,5604384.0,548200.0,1.0,0.0,1.0,Null,2002/2003,HASTINGS ST SOUTH,SOUTHAMPTON ST EAST,Minor Crash,No,2002,South,0.0,,Flat,,,,,Overcast,1493000.0,1.0,0.0,0.0,1.0,0.0,,,Hawke's Bay Region,Nil,1-way,Sealed,0.0,0.0,,50.0,,Null,0.0,0.0,,30.0,Hastings District,Give way,,,,,0.0,0.0,Urban,0.0,,,Fine
487024,1928232.0,5604436.0,547900.0,0.0,0.0,1.0,South,2008/2009,SOUTHLAND ROAD,MURDOCH ROAD WEST,Minor Crash,No,2008,South,0.0,0.0,Flat,0.0,,0.0,0.0,Dark,1469201.0,1.0,0.0,0.0,2.0,0.0,0.0,,Hawke's Bay Region,Nil,2-way,Sealed,0.0,0.0,0.0,50.0,0.0,On,0.0,0.0,,30.0,Hastings District,Nil,0.0,0.0,0.0,0.0,0.0,0.0,Urban,0.0,0.0,0.0,Fine
673917,1942851.0,5659314.0,545911.0,0.0,0.0,0.0,North,2012/2013,SH 2,MATAHORUA ROAD N,Minor Crash,Yes,2012,North,0.0,0.0,Flat,0.0,,0.0,0.0,Bright sun,1415100.0,1.0,0.0,0.0,2.0,0.0,0.0,,Hawke's Bay Region,Nil,2-way,Sealed,0.0,0.0,0.0,100.0,0.0,Null,0.0,0.0,,30.0,Hastings District,Nil,0.0,0.0,0.0,0.0,0.0,0.0,Open,1.0,0.0,0.0,Fine
732705,1936109.0,5610983.0,545730.0,0.0,0.0,2.0,South,2016/2017,SH 2,TUCKER LANE,Non-Injury Crash,Yes,2016,North,0.0,1.0,Flat,0.0,,0.0,1.0,Dark,1405401.0,0.0,0.0,0.0,2.0,0.0,1.0,,Hawke's Bay Region,Nil,2-way,Sealed,0.0,0.0,0.0,50.0,0.0,On,0.0,0.0,,30.0,Hastings District,Give way,0.0,0.0,0.0,0.0,0.0,0.0,Urban,0.0,0.0,0.0,Fine
674065,1928610.0,5605221.0,547900.0,0.0,0.0,1.0,Null,2006/2007,PEPPER ST,COOK PLACE,Non-Injury Crash,No,2007,North,0.0,1.0,Flat,0.0,,0.0,0.0,Dark,1480400.0,0.0,0.0,0.0,2.0,0.0,0.0,,Hawke's Bay Region,Nil,2-way,Sealed,0.0,0.0,0.0,50.0,0.0,On,0.0,0.0,,30.0,Hastings District,Give way,0.0,0.0,0.0,0.0,0.0,0.0,Urban,0.0,0.0,0.0,Fine
372781,1924024.0,5608225.0,548611.0,0.0,0.0,0.0,East,2012/2013,TARBET ST,BOSTON CRESCENT,Non-Injury Crash,No,2013,West,0.0,,Flat,,,,,Bright sun,1470309.0,0.0,0.0,0.0,2.0,0.0,,,Hawke's Bay Region,Nil,2-way,Unsealed,0.0,0.0,,50.0,,Null,1.0,0.0,,30.0,Hastings District,Nil,,,,,0.0,0.0,Urban,0.0,,,Fine
493601,1925269.0,5607833.0,548611.0,0.0,0.0,2.0,East,2012/2013,YARMOUTH ROAD,MARGATE AVENUE E,Non-Injury Crash,No,2013,South,0.0,0.0,Flat,0.0,,0.0,0.0,Overcast,1473809.0,0.0,0.0,0.0,2.0,0.0,1.0,,Hawke's Bay Region,Nil,2-way,Sealed,0.0,0.0,0.0,50.0,0.0,Null,0.0,0.0,,30.0,Hastings District,Nil,0.0,0.0,0.0,0.0,0.0,0.0,Urban,0.0,0.0,0.0,Fine
410598,1938161.0,5610003.0,545730.0,0.0,0.0,1.0,Null,2008/2009,SCHOOL ROAD,LAWN ROAD,Minor Crash,No,2009,East,0.0,0.0,Flat,0.0,,0.0,0.0,Dark,1405200.0,1.0,0.0,0.0,2.0,0.0,0.0,,Hawke's Bay Region,Nil,2-way,Sealed,0.0,0.0,0.0,100.0,0.0,On,0.0,0.0,,30.0,Hastings District,Give way,0.0,0.0,0.0,0.0,0.0,0.0,Open,0.0,0.0,0.0,Fine
51995,1929584.0,5600691.0,545762.0,0.0,0.0,0.0,Null,2007/2008,TE AUTE ROAD,ST GEORGES ROAD,Non-Injury Crash,No,2008,West,0.0,,Hill Road,,,,,Bright sun,1465300.0,0.0,0.0,0.0,2.0,0.0,,,Hawke's Bay Region,Nil,2-way,Sealed,0.0,0.0,,100.0,,Null,1.0,0.0,,30.0,Hastings District,Give way,,,,,0.0,0.0,Open,1.0,,,Fine
318994,1931438.0,5605808.0,548000.0,0.0,0.0,1.0,Null,2016/2017,KARAMU ROAD NORTH,COLLINGE ROAD,Non-Injury Crash,No,2017,North,0.0,0.0,Flat,0.0,,0.0,0.0,Dark,1496700.0,0.0,0.0,0.0,2.0,0.0,0.0,,Hawke's Bay Region,Nil,2-way,Sealed,0.0,0.0,0.0,50.0,0.0,On,0.0,0.0,,30.0,Hastings District,Give way,0.0,0.0,0.0,0.0,0.0,0.0,Urban,0.0,0.0,0.0,Fine
105572,1934685.0,5654420.0,545911.0,0.0,0.0,0.0,North,2015/2016,MATAHORUA ROAD,TUTIRA STATION ROAD,Non-Injury Crash,No,2016,North,0.0,0.0,Hill Road,0.0,,0.0,0.0,Dark,1416000.0,0.0,0.0,0.0,2.0,0.0,0.0,,Hawke's Bay Region,Nil,2-way,Sealed,0.0,0.0,0.0,100.0,0.0,None,1.0,0.0,,30.0,Hastings District,Unknown,0.0,0.0,0.0,0.0,0.0,0.0,Open,0.0,0.0,0.0,Mist or Fog
307726,1930564.0,5604322.0,548100.0,0.0,0.0,2.0,Null,2004/2005,AVENUE ROAD EAST,RIVERSLEA ROAD NORTH,Non-Injury Crash,No,2004,North,0.0,,Flat,,,,,Overcast,1501000.0,0.0,0.0,0.0,2.0,0.0,,,Hawke's Bay Region,Nil,2-way,Sealed,0.0,0.0,,50.0,,Null,0.0,0.0,,30.0,Hastings District,Give way,,,,,0.0,0.0,Urban,0.0,,,Fine