OBJECTID,X,Y,areaUnitID,bicycle,bus,carStationWagon,crashDirectionDescription,crashFinancialYear,crashLocation1,crashLocation2,crashSeverity,crashSHDescription,crashYear,directionRoleDescription,fatalCount,fence,flatHill,guardRail,holiday,houseOrBuilding,kerb,light,meshblockId,minorInjuryCount,moped,motorcycle,NumberOfLanes,otherVehicleType,parkedVehicle,pedestrian,region,roadCharacter,roadLane,roadSurface,schoolBus,seriousInjuryCount,slipOrFlood,speedLimit,strayAnimal,streetLight,suv,taxi,temporarySpeedLimit,tlaId,tlaName,trafficControl,trafficIsland,trafficSign,train,tree,truck,unknownVehicleType,urban,vanOrUtility,vehicle,waterRiver,weatherA
702638,1917995.376,5653630.3985,545911.0,0.0,0.0,1.0,East,2018/2019,005-0220,TITIOKURA SUMMIT,Minor Crash,Yes,2019,East,0.0,0.0,Hill Road,0.0,,0.0,1.0,Bright sun,1415900.0,1.0,0.0,0.0,3.0,0.0,0.0,,Hawke's Bay Region,Nil,2-way,Sealed,0.0,0.0,0.0,100.0,0.0,Off,0.0,0.0,,30.0,Hastings District,Unknown,0.0,0.0,0.0,0.0,0.0,0.0,Open,0.0,0.0,0.0,Fine
695290,1928812.0,5601907.0,545762.0,0.0,0.0,1.0,Null,2017/2018,ALGERNON ROAD,NORTON ROAD,Non-Injury Crash,No,2018,West,0.0,1.0,Flat,0.0,,0.0,0.0,Dark,1468100.0,0.0,0.0,0.0,2.0,0.0,0.0,,Hawke's Bay Region,Nil,2-way,Sealed,0.0,0.0,0.0,100.0,0.0,None,0.0,0.0,,30.0,Hastings District,Nil,0.0,0.0,0.0,0.0,0.0,0.0,Open,0.0,0.0,0.0,Fine
56868,1937004.0,5637747.0,545811.0,0.0,0.0,1.0,North,2013/2014,SH 2,PAKURATAHI VALLEY ROAD,Non-Injury Crash,Yes,2013,North,0.0,,Hill Road,,,,,Dark,1415800.0,0.0,0.0,0.0,2.0,0.0,,,Hawke's Bay Region,Nil,2-way,Sealed,0.0,0.0,,100.0,,None,0.0,0.0,,30.0,Hastings District,Nil,,,,,1.0,0.0,Open,0.0,,,Fine
80881,1926847.0,5607321.0,545761.0,0.0,0.0,0.0,South,2000/2001,WILSON ROAD,MANCHESTER ST,Fatal Crash,No,2001,South,1.0,,Flat,,,,,Dark,1469905.0,0.0,0.0,0.0,2.0,0.0,,,Hawke's Bay Region,Nil,2-way,Sealed,0.0,1.0,,70.0,,On,0.0,0.0,,30.0,Hastings District,Nil,,,,,0.0,0.0,Urban,2.0,,,Fine
529186,1924428.0,5607387.0,548612.0,0.0,0.0,2.0,Null,2006/2007,SCOTT DRIVE,HUDSON ROAD,Non-Injury Crash,No,2007,South,0.0,,Flat,,,,,Bright sun,1474112.0,0.0,0.0,0.0,2.0,0.0,,,Hawke's Bay Region,Nil,2-way,Sealed,0.0,0.0,,50.0,,Null,0.0,0.0,,30.0,Hastings District,Nil,,,,,0.0,0.0,Urban,0.0,,,Fine
540445,1927607.0,5607382.0,548500.0,0.0,0.0,1.0,Null,2001/2002,SH 50A,OMAHU ROAD,Minor Crash,Yes,2002,West,0.0,,Flat,,,,,Bright sun,1477900.0,2.0,1.0,0.0,4.0,0.0,,,Hawke's Bay Region,Nil,2-way,Sealed,0.0,0.0,,50.0,,Null,0.0,0.0,,30.0,Hastings District,Give way,,,,,0.0,0.0,Urban,0.0,,,Fine
592675,1926561.0,5606088.0,545761.0,0.0,0.0,1.0,North,2016/2017,YORK ROAD,YORK ROAD,Non-Injury Crash,No,2017,North,0.0,,Flat,,,,,Dark,1469905.0,0.0,0.0,0.0,2.0,0.0,,,Hawke's Bay Region,Nil,2-way,Sealed,0.0,0.0,,100.0,,On,0.0,0.0,,30.0,Hastings District,Unknown,,,,,0.0,0.0,Open,0.0,,,Fine
234485,1929177.0,5610097.0,545710.0,0.0,0.0,1.0,Null,2004/2005,NICHOLL ROAD,RAUPARE ROAD,Non-Injury Crash,No,2005,South,0.0,0.0,Flat,0.0,Queens Birthday,0.0,0.0,Dark,1470700.0,0.0,0.0,0.0,2.0,0.0,0.0,,Hawke's Bay Region,Nil,2-way,Sealed,0.0,0.0,0.0,100.0,0.0,None,0.0,0.0,,30.0,Hastings District,Nil,0.0,0.0,0.0,0.0,0.0,0.0,Open,0.0,0.0,0.0,Fine
94583,1929851.0,5605275.0,548200.0,0.0,0.0,1.0,Null,2002/2003,KING ST NORTH,AVENUE ROAD WEST,Minor Crash,No,2003,South,0.0,,Flat,,,,,Dark,1490900.0,2.0,0.0,0.0,2.0,0.0,,,Hawke's Bay Region,Nil,2-way,Sealed,0.0,0.0,,50.0,,On,0.0,0.0,,30.0,Hastings District,Give way,,,,,0.0,0.0,Urban,1.0,,,Heavy rain
261839,1930445.0,5605078.0,548200.0,0.0,0.0,2.0,Null,2003/2004,VICTORIA ST,WARREN ST NORTH,Non-Injury Crash,No,2004,South,0.0,0.0,Flat,0.0,,0.0,0.0,Dark,1494500.0,0.0,0.0,0.0,2.0,0.0,0.0,,Hawke's Bay Region,Nil,2-way,Sealed,0.0,0.0,0.0,50.0,0.0,On,0.0,0.0,,30.0,Hastings District,Give way,0.0,0.0,0.0,0.0,0.0,0.0,Urban,0.0,0.0,0.0,Light rain
20107,1930510.0,5604594.0,548100.0,0.0,0.0,1.0,Null,2012/2013,ST AUBYN ST EAST,WILLOWPARK ROAD NORTH,Minor Crash,No,2013,South,0.0,,Flat,,,,,Bright sun,1500800.0,1.0,0.0,0.0,2.0,0.0,,,Hawke's Bay Region,Nil,2-way,Sealed,0.0,0.0,,50.0,,Null,1.0,0.0,,30.0,Hastings District,Give way,,,,,0.0,0.0,Urban,0.0,,,Fine
591945,1929564.0,5632976.0,545811.0,0.0,0.0,1.0,Null,2009/2010,SH 5,SHAW ROAD,Non-Injury Crash,Yes,2009,East,0.0,1.0,Flat,0.0,Christmas New Year,0.0,0.0,Bright sun,1414700.0,0.0,0.0,0.0,2.0,0.0,0.0,,Hawke's Bay Region,Nil,2-way,Sealed,0.0,0.0,0.0,100.0,0.0,Null,0.0,0.0,,30.0,Hastings District,Nil,0.0,0.0,0.0,0.0,0.0,0.0,Open,0.0,0.0,0.0,Fine
172884,1910993.0,5604753.0,545841.0,0.0,0.0,3.0,Null,2007/2008,SH 50,KERERU ROAD,Non-Injury Crash,Yes,2007,East,0.0,,Flat,,,,,Dark,1462800.0,0.0,0.0,0.0,2.0,0.0,,,Hawke's Bay Region,Nil,2-way,Sealed,0.0,0.0,,100.0,,None,0.0,0.0,,30.0,Hastings District,Give way,,,,,0.0,0.0,Open,0.0,,,Fine
64546,1929163.0,5605488.0,547700.0,0.0,0.0,2.0,South,2008/2009,LASCELLES ST,LOVEDALE ROAD,Non-Injury Crash,No,2008,South,0.0,0.0,Flat,0.0,,0.0,0.0,Overcast,1487700.0,0.0,0.0,0.0,2.0,0.0,1.0,,Hawke's Bay Region,Nil,2-way,Sealed,0.0,0.0,0.0,50.0,0.0,Null,0.0,0.0,,30.0,Hastings District,Nil,0.0,0.0,0.0,0.0,0.0,0.0,Urban,0.0,0.0,0.0,Fine
324855,1918651.0,5648677.0,545811.0,0.0,0.0,1.0,South,2011/2012,SH 5,TE POHUE LOOP ROAD N,Non-Injury Crash,Yes,2012,South,0.0,0.0,Flat,0.0,,0.0,0.0,Bright sun,1414600.0,0.0,0.0,0.0,2.0,0.0,0.0,,Hawke's Bay Region,Nil,2-way,Sealed,0.0,0.0,0.0,100.0,0.0,Null,1.0,0.0,,30.0,Hastings District,Nil,0.0,0.0,0.0,0.0,0.0,0.0,Open,0.0,0.0,0.0,Fine
667504,1929464.0,5605185.0,548200.0,0.0,0.0,2.0,Null,2000/2001,NELSON ST SOUTH,EASTBOURNE ST WEST,Non-Injury Crash,No,2000,North,0.0,,Flat,,,,,Overcast,1488900.0,0.0,0.0,0.0,2.0,0.0,,,Hawke's Bay Region,Nil,2-way,Sealed,0.0,0.0,,50.0,,Null,0.0,0.0,,30.0,Hastings District,Give way,,,,,0.0,0.0,Urban,0.0,,,Fine
498780,1930724.0,5605372.0,548200.0,0.0,0.0,2.0,Null,2006/2007,KARAMU ROAD NORTH,JERVOIS ST,Non-Injury Crash,No,2006,South,0.0,,Flat,,,,,Bright sun,1494300.0,0.0,0.0,0.0,2.0,0.0,,,Hawke's Bay Region,Nil,2-way,Sealed,0.0,0.0,,50.0,,Null,0.0,0.0,,30.0,Hastings District,Give way,,,,,0.0,0.0,Urban,0.0,,,Fine
418215,1931438.0,5605808.0,548000.0,0.0,0.0,1.0,Null,2008/2009,KARAMU ROAD NORTH,COLLINGE ROAD,Non-Injury Crash,No,2008,South,0.0,,Flat,,,,,Bright sun,1496700.0,0.0,0.0,1.0,2.0,0.0,,,Hawke's Bay Region,Nil,2-way,Sealed,0.0,0.0,,50.0,,Null,0.0,0.0,,30.0,Hastings District,Give way,,,,,0.0,0.0,Urban,0.0,,,Fine
13270,1932824.0,5601936.0,548831.0,0.0,0.0,2.0,Null,2015/2016,KARANEMA DRIVE,NAPIER ROAD,Non-Injury Crash,No,2015,East,0.0,,Flat,,,,,Dark,1509600.0,0.0,0.0,0.0,1.0,0.0,,,Hawke's Bay Region,Nil,2-way,Sealed,0.0,0.0,,50.0,,On,0.0,0.0,,30.0,Hastings District,Give way,,,,,0.0,0.0,Urban,0.0,,,Fine
715350,1928523.0,5610869.0,545710.0,0.0,0.0,0.0,North,2006/2007,CARRICK ROAD,NICHOLL ROAD,Non-Injury Crash,No,2007,West,0.0,0.0,Flat,0.0,,0.0,0.0,Bright sun,1470700.0,0.0,0.0,0.0,2.0,0.0,0.0,,Hawke's Bay Region,Nil,2-way,Sealed,0.0,0.0,0.0,100.0,0.0,Null,1.0,0.0,,30.0,Hastings District,Nil,0.0,0.0,0.0,0.0,0.0,0.0,Open,0.0,0.0,0.0,Fine
652937,1929179.0,5605159.0,548200.0,0.0,0.0,2.0,Null,2014/2015,SOUTHAMPTON ST WEST,SOUTHLAND ROAD,Non-Injury Crash,No,2014,South,0.0,,Flat,,,,,Bright sun,1488600.0,0.0,0.0,0.0,2.0,0.0,,,Hawke's Bay Region,Nil,2-way,Sealed,0.0,0.0,,50.0,,Off,0.0,0.0,,30.0,Hastings District,Give way,,,,,0.0,0.0,Urban,0.0,,,Fine
233773,1926976.0,5608422.0,545710.0,0.0,0.0,1.0,North,2006/2007,RAUPARE ROAD,THOMPSON ROAD,Non-Injury Crash,No,2007,North,0.0,1.0,Flat,0.0,,0.0,0.0,Dark,1471000.0,0.0,0.0,0.0,2.0,0.0,0.0,,Hawke's Bay Region,Nil,2-way,Sealed,0.0,0.0,0.0,100.0,0.0,None,0.0,0.0,,30.0,Hastings District,Nil,0.0,0.0,0.0,0.0,0.0,0.0,Open,0.0,0.0,0.0,Fine
362495,1922191.0,5604353.0,545842.0,0.0,0.0,1.0,South,2007/2008,RAUKAWA ROAD,MARAEKAKAHO ROAD,Fatal Crash,No,2007,North,1.0,0.0,Flat,0.0,,0.0,0.0,Dark,1463200.0,0.0,0.0,0.0,2.0,0.0,0.0,,Hawke's Bay Region,Bridge,2-way,Sealed,0.0,1.0,0.0,70.0,0.0,On,0.0,0.0,,30.0,Hastings District,Nil,0.0,0.0,0.0,0.0,0.0,0.0,Urban,0.0,0.0,0.0,Fine
694252,1929650.0,5605369.0,548200.0,0.0,0.0,2.0,Null,2006/2007,Z CPK MAD BUTCHER,QUEEN/NELSON,Non-Injury Crash,No,2007,West,0.0,,Flat,,,,,Bright sun,1490200.0,0.0,0.0,0.0,0.0,0.0,,,Hawke's Bay Region,Nil,Off road,Sealed,0.0,0.0,,50.0,,Null,0.0,0.0,,30.0,Hastings District,Nil,,,,,0.0,0.0,Urban,0.0,,,Fine
395104,1930375.0,5605158.0,548200.0,0.0,0.0,2.0,Null,2018/2019,VICTORIA ST,KARAMU ROAD NORTH,Minor Crash,No,2018,North,0.0,,Flat,,,,,Bright sun,1494100.0,1.0,0.0,0.0,2.0,0.0,,,Hawke's Bay Region,Nil,2-way,Sealed,0.0,0.0,,50.0,,Null,0.0,0.0,,30.0,Hastings District,Give way,,,,,0.0,0.0,Urban,0.0,,,Fine
517202,1929464.0,5605185.0,548200.0,0.0,0.0,1.0,Null,2008/2009,NELSON ST SOUTH,EASTBOURNE ST WEST,Non-Injury Crash,No,2008,South,0.0,,Flat,,,,,Bright sun,1488900.0,0.0,0.0,0.0,2.0,0.0,,,Hawke's Bay Region,Nil,2-way,Sealed,0.0,0.0,,50.0,,Null,1.0,0.0,,30.0,Hastings District,Stop,,,,,0.0,0.0,Urban,0.0,,,Fine
610932,1923665.0,5596698.0,545851.0,0.0,0.0,0.0,North,2014/2015,SH 2,TE MAHANGA ROAD,Serious Crash,Yes,2015,North,0.0,0.0,Flat,0.0,,0.0,0.0,Bright sun,1463900.0,0.0,0.0,1.0,2.0,0.0,0.0,,Hawke's Bay Region,Nil,2-way,Sealed,0.0,1.0,0.0,100.0,0.0,Null,0.0,0.0,,30.0,Hastings District,Nil,0.0,0.0,0.0,0.0,0.0,0.0,Open,0.0,0.0,0.0,Fine
642254,1928818.0,5600976.0,545852.0,0.0,0.0,1.0,Null,2008/2009,TE AUTE ROAD,LONGLANDS ROAD EAST,Minor Crash,No,2009,East,0.0,1.0,Flat,0.0,,0.0,0.0,Overcast,1465700.0,1.0,0.0,0.0,2.0,0.0,0.0,,Hawke's Bay Region,Nil,2-way,Sealed,0.0,0.0,0.0,100.0,0.0,Null,0.0,0.0,,30.0,Hastings District,Give way,0.0,0.0,0.0,0.0,0.0,0.0,Open,0.0,0.0,1.0,Light rain
147193,1927633.0,5607439.0,548400.0,0.0,0.0,2.0,Null,2003/2004,SH 50A,OMAHU ROAD,Serious Crash,Yes,2004,West,0.0,,Flat,,,,,Overcast,1473600.0,1.0,0.0,0.0,2.0,0.0,,,Hawke's Bay Region,Nil,2-way,Sealed,0.0,1.0,,100.0,,Null,0.0,0.0,,30.0,Hastings District,Give way,,,,,0.0,0.0,Open,0.0,,,Fine
736457,1930028.0,5604232.0,548200.0,0.0,0.0,2.0,Null,2009/2010,WILLOWPARK ROAD SOUTH,LYNDON ROAD EAST,Non-Injury Crash,No,2010,West,0.0,,Flat,,,,,Overcast,1493700.0,0.0,0.0,0.0,2.0,0.0,,,Hawke's Bay Region,Nil,2-way,Sealed,0.0,0.0,,50.0,,Null,0.0,0.0,,30.0,Hastings District,Nil,,,,,0.0,0.0,Urban,0.0,,,Fine
179733,1930912.0,5607891.0,545710.0,0.0,0.0,2.0,Null,2001/2002,PAKOWHAI ROAD,RICHMOND ROAD,Non-Injury Crash,No,2001,West,0.0,,Flat,,,,,Bright sun,1471100.0,0.0,0.0,0.0,2.0,0.0,,,Hawke's Bay Region,Nil,2-way,Sealed,0.0,0.0,,100.0,,Null,0.0,0.0,,30.0,Hastings District,Give way,,,,,0.0,0.0,Open,0.0,,,Fine
155773,1916286.0,5591235.0,545851.0,0.0,0.0,1.0,Null,2003/2004,SH 2,TE AUTE COL,Non-Injury Crash,Yes,2003,South,0.0,1.0,Flat,0.0,,0.0,0.0,Dark,1464300.0,0.0,0.0,0.0,2.0,0.0,0.0,,Hawke's Bay Region,Nil,2-way,Sealed,0.0,0.0,0.0,100.0,0.0,None,0.0,0.0,,30.0,Hastings District,Nil,0.0,0.0,0.0,0.0,0.0,0.0,Open,0.0,0.0,0.0,Fine
696398,1929933.0,5603848.0,548300.0,0.0,0.0,1.0,Null,2000/2001,RIVERSLEA ROAD SOUTH,OAK ROAD,Non-Injury Crash,No,2001,South,0.0,,Flat,,,,,Bright sun,1504300.0,0.0,0.0,0.0,2.0,0.0,,,Hawke's Bay Region,Nil,2-way,Sealed,0.0,0.0,,50.0,,Null,0.0,0.0,,30.0,Hastings District,Nil,,,,,0.0,0.0,Urban,1.0,,,Fine
472723,1930761.0,5604258.0,548100.0,0.0,0.0,1.0,Null,2007/2008,SYLVAN ROAD,ST AUBYN ST EAST,Non-Injury Crash,No,2008,North,0.0,0.0,Flat,0.0,,0.0,0.0,Bright sun,1501300.0,0.0,0.0,0.0,2.0,0.0,0.0,,Hawke's Bay Region,Nil,2-way,Sealed,0.0,0.0,0.0,50.0,0.0,Null,0.0,0.0,,30.0,Hastings District,Give way,1.0,0.0,0.0,0.0,0.0,0.0,Urban,0.0,0.0,0.0,Fine
611422,1936859.0,5596166.0,545860.0,0.0,0.0,1.0,Null,2007/2008,WAIMARAMA ROAD,TUKI TUKI ROAD,Non-Injury Crash,No,2007,North,0.0,,Flat,,,,,Bright sun,1467200.0,0.0,0.0,0.0,2.0,0.0,,,Hawke's Bay Region,Nil,2-way,Sealed,0.0,0.0,,100.0,,Null,1.0,0.0,,30.0,Hastings District,Give way,,,,,0.0,0.0,Open,0.0,,,Fine
201105,1928113.0,5606912.0,548500.0,0.0,0.0,1.0,Null,2006/2007,NOTTINGLEY ROAD,OMAHU ROAD,Non-Injury Crash,No,2006,South,0.0,1.0,Flat,0.0,,0.0,0.0,Overcast,1478500.0,0.0,0.0,0.0,2.0,0.0,0.0,,Hawke's Bay Region,Nil,2-way,Sealed,0.0,0.0,0.0,50.0,0.0,Null,0.0,0.0,,30.0,Hastings District,Give way,0.0,0.0,0.0,0.0,0.0,0.0,Urban,0.0,0.0,0.0,Fine
695517,1919661.3247,5612983.7979,545821.0,0.0,0.0,1.0,West,2018/2019,TAIHAPE ROAD,OHITI ROAD,Fatal Crash,No,2019,North,2.0,,Flat,,,,,Dark,1408900.0,0.0,0.0,0.0,2.0,0.0,,,Hawke's Bay Region,Nil,2-way,Sealed,0.0,0.0,,100.0,,None,0.0,0.0,,30.0,Hastings District,Unknown,,,,,0.0,0.0,Open,1.0,,,Fine
246282,1929899.0,5605009.0,548200.0,0.0,0.0,0.0,North,2012/2013,QUEEN ST EAST,RUSSELL ST NORTH,Minor Crash,No,2013,South,0.0,,Flat,,,,,Bright sun,1492200.0,1.0,0.0,0.0,2.0,0.0,,1.0,Hawke's Bay Region,Nil,2-way,Sealed,0.0,0.0,,50.0,,Null,0.0,0.0,,30.0,Hastings District,Nil,,,,,1.0,0.0,Urban,0.0,,,Fine
670817,1931563.0,5602891.0,545721.0,0.0,0.0,2.0,Null,1999/2000,HAVELOCK ROAD,ST GEORGES ROAD,Non-Injury Crash,No,2000,West,0.0,,Flat,,,,,Dark,1472900.0,0.0,0.0,0.0,2.0,0.0,,,Hawke's Bay Region,Nil,2-way,Sealed,0.0,0.0,,70.0,,On,0.0,0.0,,30.0,Hastings District,Stop,,,,,0.0,0.0,Urban,0.0,,,Fine
183501,1935710.0,5653786.0,545911.0,0.0,0.0,0.0,North,2010/2011,SH 2,MATAHORUA ROAD,Non-Injury Crash,Yes,2010,North,0.0,0.0,Flat,0.0,,0.0,0.0,Dark,1415200.0,0.0,0.0,0.0,2.0,0.0,0.0,,Hawke's Bay Region,Nil,2-way,Sealed,0.0,0.0,0.0,100.0,0.0,None,0.0,0.0,,30.0,Hastings District,Nil,0.0,0.0,0.0,0.0,0.0,0.0,Open,1.0,0.0,0.0,Fine
652155,1933094.0,5602230.0,548831.0,0.0,0.0,1.0,South,2002/2003,NAPIER ROAD,GODDARD LANE,Minor Crash,No,2003,North,0.0,0.0,Flat,0.0,,0.0,0.0,Dark,1509100.0,2.0,0.0,0.0,2.0,0.0,0.0,,Hawke's Bay Region,Nil,2-way,Sealed,0.0,0.0,0.0,50.0,0.0,On,0.0,0.0,,30.0,Hastings District,Nil,1.0,0.0,0.0,1.0,0.0,0.0,Urban,0.0,0.0,0.0,Fine
201520,1925574.0,5626455.0,545821.0,0.0,0.0,0.0,East,2008/2009,SEAFIELD ROAD,PUKETITIRI ROAD,Minor Crash,No,2009,North,0.0,,Hill Road,,,,,Bright sun,1411100.0,1.0,0.0,1.0,2.0,0.0,,,Hawke's Bay Region,Nil,2-way,Sealed,0.0,0.0,,100.0,,Null,0.0,0.0,,30.0,Hastings District,Nil,,,,,0.0,0.0,Open,0.0,,,Fine
202819,1929255.0,5609110.0,545710.0,0.0,0.0,1.0,Null,2008/2009,ORMOND ROAD,EVENDEN ROAD,Minor Crash,No,2009,East,0.0,,Flat,,,,,Bright sun,1471000.0,1.0,0.0,0.0,2.0,0.0,,,Hawke's Bay Region,Nil,2-way,Sealed,0.0,0.0,,100.0,,Null,1.0,0.0,,30.0,Hastings District,Stop,,,,,0.0,0.0,Open,0.0,,,Fine
253773,1930855.0,5604730.0,548100.0,0.0,0.0,1.0,East,2006/2007,ALBERT ST,WILLOWPARK ROAD NORTH,Non-Injury Crash,No,2006,North,0.0,,Flat,,,,,Bright sun,1499700.0,0.0,0.0,0.0,2.0,0.0,,,Hawke's Bay Region,Nil,2-way,Sealed,0.0,0.0,,50.0,,Null,1.0,0.0,,30.0,Hastings District,Nil,,,,,0.0,0.0,Urban,0.0,,,Fine
508793,1929841.0,5604934.0,548200.0,0.0,0.0,1.0,North,2016/2017,RUSSELL ST NORTH,HERETAUNGA ST EAST,Non-Injury Crash,No,2016,South,0.0,,Flat,,,,,Bright sun,1492100.0,0.0,0.0,0.0,2.0,0.0,,1.0,Hawke's Bay Region,Nil,2-way,Sealed,0.0,0.0,,50.0,,Null,0.0,0.0,,30.0,Hastings District,Unknown,,,,,0.0,0.0,Urban,0.0,,,Fine
31392,1934240.0,5607461.0,545722.0,0.0,0.0,1.0,Null,2005/2006,SH 2,PILCHER ROAD,Minor Crash,Yes,2006,West,0.0,,Flat,,,,,Bright sun,1406300.0,1.0,0.0,0.0,2.0,0.0,,,Hawke's Bay Region,Nil,2-way,Sealed,0.0,0.0,,100.0,,Null,0.0,0.0,,30.0,Hastings District,Stop,,,,,0.0,0.0,Open,1.0,,,Fine
471357,1911818.0,5662372.0,545911.0,0.0,0.0,0.0,North,2002/2003,SH 5,POPPELLWELLS,Non-Injury Crash,Yes,2003,North,0.0,,Hill Road,,,,,Overcast,1414400.0,0.0,0.0,0.0,2.0,0.0,,,Hawke's Bay Region,Nil,2-way,Sealed,0.0,0.0,,100.0,,Null,0.0,0.0,,30.0,Hastings District,Nil,,,,,0.0,0.0,Open,1.0,,,Heavy rain
232709,1907452.9364,5677152.01,545911.0,0.0,0.0,1.0,North,2018/2019,005-0190,POHOKURA ROAD,Non-Injury Crash,Yes,2019,East,0.0,0.0,Hill Road,0.0,,0.0,0.0,Dark,1281200.0,0.0,0.0,0.0,2.0,0.0,0.0,,Hawke's Bay Region,Nil,2-way,Sealed,0.0,0.0,0.0,100.0,0.0,Off,0.0,0.0,,30.0,Hastings District,Unknown,0.0,0.0,0.0,0.0,0.0,0.0,Open,0.0,0.0,0.0,Mist or Fog
560642,1926218.0,5606304.0,545761.0,0.0,0.0,0.0,Null,2009/2010,YORK ROAD,SH 50A,Non-Injury Crash,Yes,2009,North,0.0,,Flat,,,,,Bright sun,1469905.0,0.0,0.0,0.0,2.0,0.0,,,Hawke's Bay Region,Nil,2-way,Sealed,0.0,0.0,,50.0,,Null,0.0,0.0,,30.0,Hastings District,Give way,,,,,0.0,0.0,Urban,2.0,,,Fine
114622,1934518.0,5609073.0,545722.0,0.0,0.0,0.0,East,2004/2005,RAILWAY ROAD,BUCKINGHAM ST,Minor Crash,No,2005,East,0.0,,Flat,,,,,Bright sun,1405900.0,1.0,0.0,0.0,2.0,0.0,,1.0,Hawke's Bay Region,Nil,2-way,Sealed,0.0,0.0,,50.0,,Null,0.0,0.0,,30.0,Hastings District,Nil,,,,,0.0,0.0,Urban,1.0,,,Fine
187416,1910200.0,5664368.0,545911.0,0.0,0.0,1.0,West,2016/2017,SH 5,TE HAROTO ROAD,Non-Injury Crash,Yes,2017,East,0.0,0.0,Hill Road,1.0,,0.0,0.0,Overcast,1414400.0,0.0,0.0,0.0,3.0,0.0,0.0,,Hawke's Bay Region,Nil,2-way,Sealed,0.0,0.0,0.0,100.0,0.0,None,0.0,0.0,,30.0,Hastings District,Unknown,0.0,0.0,0.0,0.0,0.0,0.0,Open,0.0,0.0,0.0,Light rain
672733,1929474.0,5605371.0,548200.0,0.0,0.0,3.0,South,2015/2016,HERETAUNGA ST WEST,SOUTHLAND ROAD,Non-Injury Crash,No,2015,North,0.0,,Flat,,,,,Bright sun,1490100.0,0.0,0.0,0.0,2.0,0.0,,,Hawke's Bay Region,Nil,2-way,Sealed,0.0,0.0,,50.0,,Null,0.0,0.0,,30.0,Hastings District,Stop,,,,,0.0,0.0,Urban,0.0,,,Fine
724445,1931793.0,5604372.0,548000.0,0.0,0.0,1.0,Null,2015/2016,WINDSOR AVENUE,GROVE ROAD,Non-Injury Crash,No,2015,North,0.0,0.0,Flat,0.0,Christmas New Year,0.0,0.0,Bright sun,1498900.0,0.0,0.0,0.0,2.0,0.0,1.0,,Hawke's Bay Region,Nil,2-way,Sealed,0.0,0.0,0.0,50.0,0.0,Null,1.0,0.0,,30.0,Hastings District,Unknown,0.0,0.0,0.0,0.0,0.0,0.0,Urban,1.0,0.0,0.0,Fine
557577,1930185.0,5605031.0,548200.0,1.0,0.0,0.0,Null,2015/2016,KARAMU ROAD NORTH,ST AUBYN ST EAST,Minor Crash,No,2016,South,0.0,,Flat,,,,,Bright sun,1494100.0,1.0,0.0,0.0,2.0,0.0,,,Hawke's Bay Region,Nil,2-way,Sealed,0.0,0.0,,50.0,,Null,0.0,0.0,,30.0,Hastings District,Traffic Signals,,,,,0.0,0.0,Urban,1.0,,,Fine
304110,1929038.2412,5605945.2332,547700.0,0.0,0.0,1.0,North,2019/2020,HERETAUNGA STREET WEST,GALLIEN STREET,Non-Injury Crash,No,2019,North,0.0,,Flat,,,,,Bright sun,1486800.0,0.0,0.0,0.0,2.0,0.0,,,Hawke's Bay Region,Nil,2-way,Sealed,0.0,0.0,,50.0,,Off,1.0,0.0,,30.0,Hastings District,Unknown,,,,,0.0,0.0,Urban,0.0,,,Fine
316667,1931752.0,5604796.0,548000.0,0.0,0.0,2.0,West,2012/2013,JELLICOE ST,BEATTY ST,Non-Injury Crash,No,2013,West,0.0,,Flat,,,,,Bright sun,1499000.0,0.0,0.0,0.0,2.0,0.0,,,Hawke's Bay Region,Nil,2-way,Sealed,0.0,0.0,,50.0,,Null,0.0,0.0,,30.0,Hastings District,Nil,,,,,0.0,0.0,Urban,0.0,,,Fine
608479,1927469.0,5609008.0,545710.0,0.0,0.0,1.0,South,2005/2006,RAUPARE ROAD,MCNAB ROAD,Minor Crash,No,2006,South,0.0,1.0,Flat,0.0,,0.0,0.0,Dark,1471000.0,1.0,0.0,0.0,2.0,0.0,0.0,,Hawke's Bay Region,Nil,2-way,Sealed,0.0,0.0,0.0,100.0,0.0,None,0.0,0.0,,30.0,Hastings District,Nil,0.0,0.0,0.0,1.0,0.0,0.0,Open,0.0,0.0,0.0,Light rain
162848,1930150.0,5607312.0,545710.0,0.0,0.0,2.0,South,2000/2001,PAKOWHAI ROAD,WILLIAMS ST,Non-Injury Crash,No,2001,North,0.0,,Flat,,,,,Overcast,1471300.0,0.0,0.0,0.0,2.0,0.0,,,Hawke's Bay Region,Nil,2-way,Sealed,0.0,0.0,,50.0,,Null,0.0,0.0,,30.0,Hastings District,Nil,,,,,0.0,0.0,Urban,0.0,,,Fine
523855,1927491.0,5607507.0,548400.0,0.0,0.0,1.0,West,2002/2003,OMAHU ROAD,SH 50A,Minor Crash,No,2002,West,0.0,,Flat,,,,,Bright sun,1473600.0,2.0,0.0,0.0,2.0,0.0,,,Hawke's Bay Region,Nil,2-way,Sealed,0.0,0.0,,50.0,,Null,0.0,0.0,,30.0,Hastings District,Nil,,,,,1.0,0.0,Urban,0.0,,,Fine