OBJECTID,X,Y,areaUnitID,bicycle,bus,carStationWagon,crashDirectionDescription,crashFinancialYear,crashLocation1,crashLocation2,crashSeverity,crashSHDescription,crashYear,directionRoleDescription,fatalCount,fence,flatHill,guardRail,holiday,houseOrBuilding,kerb,light,meshblockId,minorInjuryCount,moped,motorcycle,NumberOfLanes,otherVehicleType,parkedVehicle,pedestrian,region,roadCharacter,roadLane,roadSurface,schoolBus,seriousInjuryCount,slipOrFlood,speedLimit,strayAnimal,streetLight,suv,taxi,temporarySpeedLimit,tlaId,tlaName,trafficControl,trafficIsland,trafficSign,train,tree,truck,unknownVehicleType,urban,vanOrUtility,vehicle,waterRiver,weatherA
590062,1930658.0,5604394.0,548100.0,0.0,0.0,3.0,Null,2004/2005,ST AUBYN ST EAST,RIVERSLEA ROAD NORTH,Minor Crash,No,2005,East,0.0,0.0,Flat,0.0,,1.0,0.0,Bright sun,1500900.0,1.0,0.0,0.0,2.0,0.0,1.0,,Hawke's Bay Region,Nil,2-way,Sealed,0.0,0.0,0.0,50.0,0.0,Null,0.0,0.0,,30.0,Hastings District,Give way,0.0,0.0,0.0,0.0,0.0,0.0,Urban,0.0,0.0,0.0,Fine
208852,1930445.0,5605078.0,548200.0,0.0,0.0,2.0,Null,2000/2001,WARREN ST NORTH,VICTORIA ST,Non-Injury Crash,No,2001,South,0.0,,Flat,,,,,Overcast,1494500.0,0.0,0.0,0.0,2.0,0.0,,,Hawke's Bay Region,Nil,2-way,Sealed,0.0,0.0,,50.0,,Null,0.0,0.0,,30.0,Hastings District,Give way,,,,,0.0,0.0,Urban,0.0,,,Light rain
359601,1930935.0,5613540.0,545831.0,0.0,0.0,1.0,Null,2009/2010,SH 50A,SH 50 LINKS ROAD,Minor Crash,Yes,2010,North,0.0,,Flat,,,,,Bright sun,1404600.0,1.0,0.0,0.0,2.0,0.0,,,Hawke's Bay Region,Nil,2-way,Sealed,0.0,0.0,,100.0,,Null,1.0,0.0,,30.0,Hastings District,Give way,,,,,0.0,0.0,Open,0.0,,,Fine
209868,1930835.0,5605863.0,548000.0,0.0,0.0,2.0,Null,2016/2017,FREDERICK ST,CAROLINE ROAD,Non-Injury Crash,No,2017,South,0.0,,Flat,,,,,Dark,1495400.0,0.0,0.0,0.0,2.0,0.0,,,Hawke's Bay Region,Nil,2-way,Sealed,0.0,0.0,,50.0,,On,0.0,0.0,,30.0,Hastings District,Give way,,,,,0.0,0.0,Urban,0.0,,,Light rain
482085,1931571.0,5604590.0,548100.0,0.0,0.0,2.0,South,2007/2008,Z CPK SPLASH PLANET,GROVE/JELLICOE,Non-Injury Crash,No,2008,East,0.0,0.0,Flat,0.0,,0.0,0.0,Bright sun,1499900.0,0.0,0.0,0.0,0.0,0.0,1.0,,Hawke's Bay Region,Nil,Off road,Sealed,0.0,0.0,0.0,50.0,0.0,Null,0.0,0.0,,30.0,Hastings District,Nil,0.0,0.0,0.0,0.0,0.0,0.0,Urban,0.0,0.0,0.0,Fine
486029,1930935.0,5613540.0,545831.0,0.0,0.0,1.0,Null,2002/2003,SH 50A,SH 50,Non-Injury Crash,Yes,2002,North,0.0,,Flat,,,,,Bright sun,1404600.0,0.0,0.0,0.0,4.0,0.0,,,Hawke's Bay Region,Nil,2-way,Sealed,0.0,0.0,,100.0,,Null,0.0,0.0,,30.0,Hastings District,Give way,,,,,0.0,0.0,Open,1.0,,,Fine
262458,1934160.0,5601605.0,548832.0,0.0,0.0,2.0,South,2008/2009,JAMES COOK ST,TE MATA ROAD,Minor Crash,No,2009,South,0.0,0.0,Flat,0.0,,0.0,0.0,Dark,1510600.0,2.0,0.0,0.0,2.0,0.0,1.0,,Hawke's Bay Region,Nil,2-way,Sealed,0.0,0.0,0.0,50.0,0.0,On,0.0,0.0,,30.0,Hastings District,Nil,0.0,0.0,0.0,0.0,0.0,0.0,Urban,0.0,0.0,0.0,Fine
677471,1926075.4037,5613239.7694,545821.0,0.0,0.0,3.0,East,2020/2021,KOROKIPO ROAD,MILL STM CULV,Minor Crash,Yes,2020,East,0.0,,Flat,,,,,Bright sun,1408600.0,1.0,0.0,0.0,2.0,0.0,,,Hawke's Bay Region,Nil,2-way,Sealed,0.0,0.0,,100.0,,None,0.0,0.0,,30.0,Hastings District,Unknown,,,,,0.0,0.0,Open,0.0,,,Fine
450112,1928739.0,5603995.0,547900.0,0.0,0.0,2.0,West,2008/2009,MURDOCH ROAD WEST,RAILWAY ROAD,Non-Injury Crash,No,2009,East,0.0,,Flat,,,,,Bright sun,1482600.0,0.0,0.0,0.0,2.0,0.0,,,Hawke's Bay Region,Nil,2-way,Sealed,0.0,0.0,,50.0,,Null,0.0,0.0,,30.0,Hastings District,Nil,,,,,0.0,0.0,Urban,0.0,,,Fine
432871,1930282.9208,5604954.2337,548200.0,0.0,0.0,1.0,East,2020/2021,WARREN STREET NORTH,ST AUBYN STREET EAST,Non-Injury Crash,No,2020,East,0.0,0.0,Flat,0.0,,0.0,0.0,Dark,1494400.0,0.0,0.0,0.0,2.0,0.0,1.0,,Hawke's Bay Region,Nil,2-way,Sealed,0.0,0.0,0.0,50.0,0.0,On,1.0,0.0,,30.0,Hastings District,Nil,0.0,0.0,0.0,0.0,0.0,0.0,Urban,0.0,0.0,0.0,Fine
367136,1930454.0,5607577.0,545710.0,0.0,0.0,2.0,West,2005/2006,EVENDEN ROAD,PAKOWHAI ROAD,Serious Crash,No,2006,South,0.0,,Flat,,,,,Dark,1471300.0,1.0,0.0,0.0,2.0,0.0,,,Hawke's Bay Region,Nil,2-way,Sealed,0.0,1.0,,100.0,,On,0.0,0.0,,30.0,Hastings District,Nil,,,,,0.0,0.0,Open,0.0,,,Fine
444692,1931870.0,5607130.0,545721.0,1.0,0.0,1.0,Null,2015/2016,ELWOOD ROAD,OTENE ROAD,Serious Crash,No,2015,South,0.0,,Null,,,,,Twilight,1471700.0,0.0,0.0,0.0,2.0,0.0,,,Hawke's Bay Region,Rail xing,2-way,Sealed,0.0,1.0,,80.0,,Off,0.0,0.0,,30.0,Hastings District,Give way,,,,,0.0,0.0,Open,0.0,,,Fine
229165,1911736.0,5659818.0,545911.0,0.0,0.0,1.0,North,2007/2008,SH 5,MCVICAR ROAD,Non-Injury Crash,Yes,2008,South,0.0,,Hill Road,,,,,Overcast,1414300.0,0.0,0.0,0.0,3.0,0.0,,,Hawke's Bay Region,Nil,2-way,Sealed,0.0,0.0,,100.0,,Null,1.0,0.0,,30.0,Hastings District,Nil,,,,,0.0,0.0,Open,0.0,,,Heavy rain
678149,1930312.0,5607434.0,545710.0,0.0,0.0,1.0,South,2001/2002,PAKOWHAI ROAD,EVENDEN ROAD,Non-Injury Crash,No,2001,East,0.0,,Flat,,,,,Bright sun,1471300.0,0.0,0.0,0.0,2.0,0.0,,,Hawke's Bay Region,Nil,2-way,Sealed,0.0,0.0,,70.0,,Null,0.0,0.0,,30.0,Hastings District,Nil,,,,,0.0,0.0,Urban,1.0,,,Fine
570907,1930074.0,5605180.0,548200.0,0.0,0.0,2.0,Null,2001/2002,ST AUBYN ST EAST,RUSSELL ST NORTH,Non-Injury Crash,No,2001,North,0.0,,Flat,,,,,Bright sun,1494100.0,0.0,0.0,0.0,4.0,0.0,,,Hawke's Bay Region,Nil,2-way,Sealed,0.0,0.0,,50.0,,Null,0.0,0.0,,30.0,Hastings District,Give way,,,,,0.0,0.0,Urban,0.0,,,Fine
123187,1930100.0,5605661.0,548200.0,0.0,0.0,2.0,Null,2009/2010,FITZROY AVENUE,NELSON ST NORTH,Non-Injury Crash,No,2010,North,0.0,,Flat,,,,,Bright sun,1491100.0,0.0,0.0,0.0,2.0,0.0,,,Hawke's Bay Region,Nil,2-way,Sealed,0.0,0.0,,50.0,,Null,0.0,0.0,,30.0,Hastings District,Give way,,,,,0.0,0.0,Urban,0.0,,,Fine
378577,1884147.0,5606751.0,545913.0,0.0,0.0,0.0,West,2015/2016,MANGLETON ROAD,GULL ROAD,Serious Crash,No,2016,North,0.0,,Hill Road,,,,,Bright sun,1462100.0,0.0,0.0,0.0,1.0,0.0,,,Hawke's Bay Region,Nil,2-way,Unsealed,0.0,1.0,,100.0,,Null,0.0,0.0,,30.0,Hastings District,Unknown,,,,,0.0,0.0,Open,1.0,,,Fine
40468,1901050.0,5598585.0,545841.0,0.0,0.0,1.0,North,2001/2002,SH 50,GLENLYON STN ENT,Minor Crash,Yes,2001,South,0.0,0.0,Hill Road,0.0,,0.0,0.0,Overcast,1462600.0,1.0,0.0,0.0,2.0,0.0,0.0,,Hawke's Bay Region,Nil,2-way,Sealed,0.0,0.0,0.0,100.0,0.0,Null,0.0,0.0,,30.0,Hastings District,Nil,0.0,0.0,0.0,0.0,0.0,0.0,Open,0.0,0.0,0.0,Heavy rain
669030,1925538.0,5603203.0,545842.0,0.0,0.0,2.0,Null,2010/2011,MARAEKAKAHO ROAD,SH 50A,Non-Injury Crash,No,2010,North,0.0,,Flat,,,,,Bright sun,1470213.0,0.0,0.0,0.0,2.0,0.0,,,Hawke's Bay Region,Nil,2-way,Sealed,0.0,0.0,,70.0,,Null,0.0,0.0,,30.0,Hastings District,Give way,,,,,0.0,0.0,Urban,0.0,,,Fine
695417,1932890.5439,5608625.4708,545722.0,0.0,0.0,1.0,Null,2019/2020,TE ARA KAHIKATEA,WHAKATU ROAD,Non-Injury Crash,No,2020,South,0.0,0.0,Flat,0.0,,0.0,0.0,Dark,1405700.0,0.0,0.0,0.0,4.0,0.0,0.0,,Hawke's Bay Region,Nil,2-way,Sealed,0.0,0.0,0.0,70.0,0.0,On,0.0,0.0,,30.0,Hastings District,Give way,0.0,0.0,0.0,0.0,0.0,0.0,Urban,0.0,0.0,0.0,Fine
233289,1920889.0,5594813.0,545851.0,0.0,0.0,0.0,West,2016/2017,SH 2,TE MAHANGA ROAD,Non-Injury Crash,Yes,2017,East,0.0,,Flat,,,,,Overcast,1463900.0,0.0,0.0,0.0,2.0,1.0,,,Hawke's Bay Region,Nil,2-way,Sealed,0.0,0.0,,100.0,,None,0.0,0.0,30.0,30.0,Hastings District,Unknown,,,,,0.0,0.0,Open,0.0,,,Light rain
13765,1920341.0,5607797.0,545842.0,0.0,0.0,0.0,Null,2008/2009,SH 50,NGATARAWA ROAD,Non-Injury Crash,Yes,2009,West,0.0,1.0,Flat,0.0,,0.0,0.0,Dark,1470307.0,0.0,0.0,0.0,2.0,0.0,0.0,,Hawke's Bay Region,Nil,2-way,Sealed,0.0,0.0,0.0,100.0,0.0,On,1.0,0.0,,30.0,Hastings District,Give way,0.0,0.0,0.0,0.0,0.0,0.0,Open,0.0,0.0,0.0,Fine
740456,1932371.0,5602044.0,548831.0,0.0,0.0,0.0,Null,2016/2017,HAVELOCK ROAD,KARANEMA DRIVE,Minor Crash,No,2017,South,0.0,0.0,Flat,0.0,,0.0,1.0,Bright sun,1509100.0,1.0,1.0,0.0,1.0,0.0,0.0,,Hawke's Bay Region,Nil,1-way,Sealed,0.0,0.0,0.0,50.0,0.0,Null,0.0,0.0,,30.0,Hastings District,Give way,0.0,0.0,0.0,0.0,0.0,0.0,Urban,0.0,0.0,0.0,Fine
568765,1933326.0,5601976.0,548831.0,0.0,0.0,2.0,West,2011/2012,TE MATA ROAD,DANVERS ST,Non-Injury Crash,No,2012,West,0.0,,Flat,,,,,Bright sun,1509900.0,0.0,0.0,0.0,2.0,0.0,,,Hawke's Bay Region,Nil,2-way,Sealed,0.0,0.0,,50.0,,Null,0.0,0.0,,30.0,Hastings District,Nil,,,,,0.0,0.0,Urban,0.0,,,Fine
586050,1935305.0,5604775.0,545750.0,0.0,0.0,2.0,North,2011/2012,TE MATA MANGATERETERE ROA,THOMPSON ROAD,Non-Injury Crash,No,2011,South,0.0,,Flat,,,,,Bright sun,1406600.0,0.0,0.0,0.0,2.0,0.0,,,Hawke's Bay Region,Nil,2-way,Sealed,0.0,0.0,,100.0,,Null,0.0,0.0,,30.0,Hastings District,Nil,,,,,0.0,0.0,Open,0.0,,,Fine
370838,1931237.0,5606399.0,548000.0,0.0,0.0,1.0,West,2000/2001,HARLECH ST,CAROLINE ROAD,Non-Injury Crash,No,2000,East,0.0,0.0,Flat,0.0,,1.0,0.0,Dark,1496400.0,0.0,0.0,0.0,2.0,0.0,0.0,,Hawke's Bay Region,Nil,2-way,Sealed,0.0,0.0,0.0,50.0,0.0,On,0.0,0.0,,30.0,Hastings District,Nil,0.0,0.0,0.0,0.0,0.0,0.0,Urban,0.0,0.0,0.0,Fine
180196,1929681.0,5604815.0,548200.0,0.0,0.0,2.0,South,2009/2010,RAILWAY ROAD,EASTBOURNE ST WEST,Non-Injury Crash,No,2009,West,0.0,0.0,Flat,0.0,,0.0,0.0,Bright sun,1489900.0,0.0,0.0,0.0,2.0,0.0,1.0,,Hawke's Bay Region,Nil,2-way,Sealed,0.0,0.0,0.0,50.0,0.0,Null,0.0,0.0,,30.0,Hastings District,Nil,0.0,0.0,0.0,0.0,0.0,0.0,Urban,0.0,0.0,0.0,Fine
718513,1927879.0,5601805.0,545852.0,0.0,0.0,1.0,North,2012/2013,LONGLANDS ROAD EAST,RIVERSLEA ROAD SOUTH,Minor Crash,No,2013,North,0.0,0.0,Flat,0.0,,0.0,0.0,Bright sun,1468700.0,1.0,0.0,0.0,2.0,0.0,0.0,,Hawke's Bay Region,Nil,2-way,Sealed,0.0,0.0,0.0,100.0,0.0,Null,0.0,0.0,,30.0,Hastings District,Nil,0.0,0.0,0.0,0.0,0.0,0.0,Open,0.0,0.0,0.0,Fine
503222,1929431.0,5606034.0,547700.0,1.0,0.0,1.0,Null,2007/2008,ST AUBYN ST WEST,GRAYS ROAD,Minor Crash,No,2008,South,0.0,,Flat,,,,,Bright sun,1488100.0,1.0,0.0,0.0,2.0,0.0,,,Hawke's Bay Region,Nil,2-way,Sealed,0.0,0.0,,50.0,,Null,0.0,0.0,,30.0,Hastings District,Give way,,,,,0.0,0.0,Urban,0.0,,,Fine
685637,1927296.0,5605131.0,545761.0,0.0,0.0,1.0,Null,2006/2007,SH 50A,MARAEKAKAHO ROAD,Non-Injury Crash,Yes,2007,North,0.0,,Flat,,,,,Overcast,1469905.0,0.0,0.0,0.0,2.0,1.0,,,Hawke's Bay Region,Nil,2-way,Sealed,0.0,0.0,,70.0,,Null,0.0,0.0,,30.0,Hastings District,Give way,,,,,0.0,0.0,Urban,0.0,,,Light rain
561985,1932575.0,5608502.0,545721.0,0.0,0.0,0.0,Null,2018/2019,RUAHAPIA ROAD,WHAKATU ROAD,Non-Injury Crash,No,2018,South,0.0,,Flat,,,,,Overcast,1471600.0,0.0,0.0,0.0,3.0,0.0,,,Hawke's Bay Region,Nil,2-way,Sealed,0.0,0.0,,80.0,,Null,1.0,0.0,,30.0,Hastings District,Give way,,,,,0.0,0.0,Open,1.0,,,Fine
390345,1929556.0,5600682.0,545762.0,0.0,0.0,1.0,West,2004/2005,TE AUTE ROAD,MOUNT ERIN ROAD,Minor Crash,No,2005,West,0.0,0.0,Flat,0.0,,0.0,0.0,Dark,1465300.0,1.0,0.0,0.0,2.0,0.0,0.0,,Hawke's Bay Region,Nil,2-way,Sealed,0.0,0.0,0.0,100.0,0.0,None,0.0,0.0,,30.0,Hastings District,Nil,0.0,0.0,0.0,1.0,0.0,0.0,Open,0.0,0.0,0.0,Fine
160651,1928503.0,5606043.0,548500.0,0.0,0.0,2.0,Null,2003/2004,MARAEKAKAHO ROAD,ORCHARD ROAD,Minor Crash,No,2003,South,0.0,0.0,Flat,0.0,Christmas New Year,0.0,0.0,Bright sun,1479600.0,1.0,0.0,0.0,2.0,0.0,0.0,,Hawke's Bay Region,Nil,2-way,Sealed,0.0,0.0,0.0,50.0,0.0,Null,0.0,0.0,,30.0,Hastings District,Traffic Signals,0.0,1.0,0.0,0.0,0.0,0.0,Urban,0.0,0.0,0.0,Fine
489020,1929137.0,5605815.0,547700.0,0.0,0.0,1.0,Null,2000/2001,HERETAUNGA ST WEST,GRAYS ROAD,Non-Injury Crash,No,2001,West,0.0,,Flat,,,,,Dark,1487300.0,0.0,1.0,0.0,2.0,0.0,,,Hawke's Bay Region,Nil,2-way,Sealed,0.0,0.0,,50.0,,On,0.0,0.0,,30.0,Hastings District,Give way,,,,,0.0,0.0,Urban,0.0,,,Fine
113529,1929344.0,5605544.0,547700.0,0.0,0.0,1.0,Null,2009/2010,HERETAUNGA ST WEST,TOMOANA ROAD,Non-Injury Crash,No,2010,East,0.0,,Flat,,,,,Overcast,1487900.0,0.0,0.0,0.0,2.0,0.0,,,Hawke's Bay Region,Nil,2-way,Sealed,0.0,0.0,,50.0,,Null,1.0,0.0,,30.0,Hastings District,Give way,,,,,0.0,0.0,Urban,0.0,,,Fine
449972,1933687.0,5600606.0,548821.0,0.0,0.0,1.0,South,2004/2005,TAINUI DRIVE,HIKANUI DRIVE,Non-Injury Crash,No,2005,West,0.0,0.0,Flat,0.0,,0.0,0.0,Dark,1507900.0,0.0,0.0,0.0,2.0,0.0,0.0,,Hawke's Bay Region,Nil,2-way,Sealed,0.0,0.0,0.0,50.0,0.0,On,0.0,0.0,,30.0,Hastings District,Nil,0.0,0.0,0.0,0.0,0.0,0.0,Urban,0.0,0.0,0.0,Fine
139877,1934762.0,5609882.0,545832.0,0.0,0.0,1.0,South,2009/2010,FARNDON ROAD,KOHUPATIKI ROAD S,Non-Injury Crash,No,2009,South,0.0,0.0,Hill Road,0.0,,0.0,0.0,Bright sun,1404300.0,0.0,0.0,0.0,2.0,0.0,0.0,,Hawke's Bay Region,Bridge,2-way,Sealed,0.0,0.0,0.0,100.0,0.0,Null,0.0,0.0,,30.0,Hastings District,Nil,0.0,0.0,0.0,0.0,0.0,0.0,Open,0.0,0.0,0.0,Fine
561484,1930279.0,5605099.0,548200.0,0.0,0.0,1.0,Null,2010/2011,ELLISON ROAD,KARAMU ROAD NORTH,Non-Injury Crash,No,2011,West,0.0,,Flat,,,,,Overcast,1494100.0,0.0,0.0,0.0,2.0,0.0,,,Hawke's Bay Region,Nil,2-way,Sealed,0.0,0.0,,50.0,,Null,1.0,0.0,,30.0,Hastings District,Give way,,,,,0.0,0.0,Urban,0.0,,,Fine
593306,1919264.0,5646822.0,545811.0,0.0,0.0,2.0,South,2001/2002,SH 5,OLD TAUPO COACH ROAD,Non-Injury Crash,Yes,2001,South,0.0,0.0,Hill Road,0.0,,0.0,0.0,Dark,1414600.0,0.0,0.0,0.0,2.0,0.0,0.0,,Hawke's Bay Region,Nil,2-way,Sealed,0.0,0.0,0.0,100.0,0.0,None,0.0,0.0,,30.0,Hastings District,Nil,0.0,0.0,0.0,0.0,0.0,0.0,Open,0.0,0.0,0.0,Fine
223070,1929418.5126,5606545.1435,547600.0,0.0,0.0,2.0,South,2018/2019,FITZROY AVENUE,DENNETT STREET,Non-Injury Crash,No,2018,South,0.0,1.0,Flat,0.0,,0.0,0.0,Dark,1485100.0,0.0,0.0,0.0,2.0,0.0,1.0,,Hawke's Bay Region,Nil,2-way,Sealed,0.0,0.0,0.0,50.0,0.0,On,0.0,0.0,,30.0,Hastings District,Nil,0.0,0.0,0.0,0.0,0.0,0.0,Urban,0.0,0.0,0.0,Fine
609240,1931613.0,5608421.0,545710.0,0.0,0.0,2.0,Null,2009/2010,PAKOWHAI ROAD,ELWOOD ROAD,Non-Injury Crash,No,2009,South,0.0,,Flat,,,,,Bright sun,1471100.0,0.0,0.0,0.0,2.0,0.0,,,Hawke's Bay Region,Nil,2-way,Sealed,0.0,0.0,,100.0,,Null,0.0,0.0,,30.0,Hastings District,Give way,,,,,0.0,0.0,Open,1.0,,,Fine
348617,1927937.0,5601794.0,545762.0,0.0,0.0,1.0,North,2009/2010,RIVERSLEA ROAD SOUTH,LONGLANDS ROAD EAST,Minor Crash,No,2009,South,0.0,0.0,Flat,0.0,,0.0,0.0,Twilight,1468400.0,1.0,0.0,0.0,2.0,0.0,0.0,,Hawke's Bay Region,Nil,2-way,Sealed,0.0,0.0,0.0,50.0,0.0,Off,0.0,0.0,,30.0,Hastings District,Nil,0.0,0.0,0.0,0.0,0.0,0.0,Urban,0.0,0.0,0.0,Fine
700888,1925584.0,5606179.0,548620.0,0.0,0.0,1.0,South,2002/2003,MONTROSE PLACE,MONTROSE ST,Minor Crash,No,2003,North,0.0,1.0,Flat,0.0,,0.0,0.0,Dark,1475600.0,1.0,0.0,0.0,2.0,0.0,0.0,1.0,Hawke's Bay Region,Nil,2-way,Sealed,0.0,0.0,0.0,50.0,0.0,On,0.0,0.0,,30.0,Hastings District,Nil,0.0,0.0,0.0,0.0,0.0,0.0,Urban,0.0,0.0,0.0,Fine
418769,1929851.0,5605477.0,548200.0,0.0,0.0,2.0,Null,2008/2009,NELSON ST NORTH,ST AUBYN ST WEST,Minor Crash,No,2009,South,0.0,,Flat,,,,,Dark,1491000.0,1.0,0.0,0.0,2.0,0.0,,,Hawke's Bay Region,Nil,2-way,Sealed,0.0,0.0,,50.0,,On,0.0,0.0,,30.0,Hastings District,Traffic Signals,,,,,0.0,0.0,Urban,0.0,,,Fine
388538,1931174.0,5600062.0,548822.0,0.0,0.0,1.0,Null,2013/2014,GILPIN ROAD,MIDDLE ROAD,Non-Injury Crash,No,2014,South,0.0,0.0,Hill Road,0.0,,0.0,0.0,Dark,1465601.0,0.0,0.0,0.0,2.0,0.0,0.0,,Hawke's Bay Region,Nil,2-way,Sealed,0.0,0.0,0.0,100.0,0.0,On,0.0,0.0,,30.0,Hastings District,Give way,0.0,0.0,0.0,0.0,0.0,0.0,Open,0.0,0.0,0.0,Fine
264836,1930916.0,5604134.0,548100.0,0.0,0.0,1.0,North,1999/2000,PARK ROAD NORTH,ST AUBYN ST EAST,Non-Injury Crash,No,2000,North,0.0,1.0,Flat,0.0,Easter,0.0,0.0,Overcast,1501300.0,0.0,0.0,0.0,2.0,0.0,0.0,,Hawke's Bay Region,Nil,2-way,Sealed,0.0,0.0,0.0,50.0,0.0,Null,0.0,0.0,,30.0,Hastings District,Unknown,0.0,0.0,0.0,0.0,0.0,0.0,Urban,0.0,0.0,0.0,Light rain
71532,1930724.0,5605372.0,548200.0,0.0,0.0,1.0,Null,2006/2007,KARAMU ROAD NORTH,JERVOIS ST,Minor Crash,No,2007,South,0.0,,Flat,,,,,Bright sun,1494300.0,1.0,0.0,1.0,3.0,0.0,,,Hawke's Bay Region,Nil,2-way,Sealed,0.0,0.0,,50.0,,Null,0.0,0.0,,30.0,Hastings District,Give way,,,,,0.0,0.0,Urban,0.0,,,Fine
712319,1930262.0,5605126.0,548200.0,0.0,0.0,1.0,Null,2003/2004,Z CPK CAT & FIDDLE,SH 2/ELLISON,Non-Injury Crash,No,2004,East,0.0,0.0,Flat,0.0,,0.0,0.0,Dark,1494100.0,0.0,0.0,0.0,0.0,0.0,1.0,,Hawke's Bay Region,Nil,Off road,Sealed,0.0,0.0,0.0,50.0,0.0,On,0.0,0.0,,30.0,Hastings District,Nil,0.0,0.0,0.0,0.0,0.0,0.0,Urban,1.0,0.0,0.0,Fine
340193,1930185.0,5605031.0,548200.0,0.0,0.0,1.0,Null,2007/2008,ST AUBYN ST EAST,ST AUBYN ST,Non-Injury Crash,No,2008,East,0.0,0.0,Flat,0.0,,0.0,0.0,Dark,1494100.0,0.0,0.0,0.0,2.0,0.0,0.0,,Hawke's Bay Region,Nil,2-way,Sealed,0.0,0.0,0.0,50.0,0.0,On,0.0,0.0,,30.0,Hastings District,Traffic Signals,0.0,0.0,0.0,0.0,0.0,0.0,Urban,0.0,0.0,0.0,Light rain
168844,1936456.0,5590196.0,545860.0,0.0,0.0,0.0,South,2010/2011,MARAETOTARA ROAD,WAIMARAMA ROAD,Non-Injury Crash,No,2011,South,0.0,1.0,Hill Road,0.0,,0.0,0.0,Dark,1467500.0,0.0,0.0,0.0,2.0,0.0,0.0,,Hawke's Bay Region,Nil,2-way,Sealed,0.0,0.0,0.0,100.0,0.0,None,0.0,0.0,,30.0,Hastings District,Nil,0.0,0.0,0.0,0.0,0.0,0.0,Open,1.0,0.0,0.0,Fine
427348,1931019.0,5604980.0,548000.0,1.0,0.0,1.0,Null,2017/2018,WILLOWPARK ROAD NORTH,JERVOIS ST,Minor Crash,No,2017,West,0.0,,Flat,,,,,Dark,1497600.0,1.0,0.0,0.0,2.0,0.0,,,Hawke's Bay Region,Nil,2-way,Sealed,0.0,0.0,,50.0,,On,0.0,0.0,,30.0,Hastings District,Give way,,,,,0.0,0.0,Urban,0.0,,,Fine
230683,1925775.0,5606517.0,548620.0,0.0,0.0,1.0,West,2002/2003,WILSON ROAD,FLAXMERE AVENUE,Minor Crash,No,2002,East,0.0,,Flat,,,,,Bright sun,1476500.0,1.0,0.0,0.0,2.0,0.0,,1.0,Hawke's Bay Region,Nil,2-way,Sealed,0.0,0.0,,50.0,,Null,0.0,0.0,,30.0,Hastings District,Nil,,,,,0.0,0.0,Urban,0.0,,,Fine
270398,1932702.0,5611843.0,545832.0,0.0,0.0,1.0,Null,2003/2004,BROOKFIELDS ROAD,GILBERTSON ROAD,Minor Crash,No,2003,South,0.0,0.0,Flat,0.0,,0.0,0.0,Dark,1403900.0,1.0,0.0,0.0,2.0,0.0,0.0,,Hawke's Bay Region,Nil,2-way,Sealed,0.0,0.0,0.0,100.0,0.0,On,0.0,0.0,,30.0,Hastings District,Give way,0.0,0.0,0.0,0.0,1.0,0.0,Open,0.0,0.0,0.0,Fine
583609,1920156.0,5627470.0,545821.0,0.0,0.0,1.0,South,2004/2005,PUKETITIRI ROAD,SOLDIERS SETTLEMENT ROAD,Non-Injury Crash,No,2005,North,0.0,0.0,Hill Road,1.0,,0.0,0.0,Dark,1411100.0,0.0,0.0,0.0,2.0,0.0,0.0,,Hawke's Bay Region,Nil,2-way,Sealed,0.0,0.0,0.0,100.0,0.0,None,0.0,0.0,,30.0,Hastings District,Nil,0.0,0.0,0.0,0.0,0.0,0.0,Open,0.0,0.0,0.0,Mist or Fog
67134,1925870.0,5606578.0,548620.0,0.0,0.0,2.0,Null,2001/2002,FLAXMERE AVENUE,WILSON ROAD,Non-Injury Crash,No,2002,North,0.0,0.0,Flat,0.0,,0.0,0.0,Dark,1475800.0,0.0,0.0,0.0,2.0,0.0,1.0,,Hawke's Bay Region,Nil,2-way,Sealed,0.0,0.0,0.0,50.0,0.0,On,0.0,0.0,,30.0,Hastings District,Give way,0.0,0.0,0.0,0.0,0.0,0.0,Urban,0.0,0.0,0.0,Fine
138544,1930292.0,5606247.0,547600.0,0.0,0.0,2.0,East,2007/2008,CORNWALL ROAD,TOMOANA ROAD,Non-Injury Crash,No,2008,East,0.0,0.0,Flat,0.0,,0.0,0.0,Dark,1483600.0,0.0,0.0,0.0,2.0,0.0,1.0,,Hawke's Bay Region,Nil,2-way,Sealed,0.0,0.0,0.0,50.0,0.0,On,0.0,0.0,,30.0,Hastings District,Give way,0.0,0.0,0.0,0.0,0.0,0.0,Urban,0.0,0.0,0.0,Light rain
637242,1909332.2363,5604760.6349,545841.0,0.0,0.0,1.0,East,2019/2020,SH 50,QUARRY BR,Minor Crash,Yes,2020,East,0.0,1.0,Flat,0.0,,0.0,0.0,Bright sun,1462700.0,1.0,0.0,0.0,2.0,0.0,0.0,,Hawke's Bay Region,Nil,2-way,Sealed,0.0,0.0,0.0,100.0,0.0,None,0.0,0.0,,30.0,Hastings District,Nil,0.0,0.0,0.0,1.0,0.0,0.0,Open,0.0,0.0,0.0,Fine