OBJECTID,X,Y,areaUnitID,bicycle,bus,carStationWagon,crashDirectionDescription,crashFinancialYear,crashLocation1,crashLocation2,crashSeverity,crashSHDescription,crashYear,directionRoleDescription,fatalCount,fence,flatHill,guardRail,holiday,houseOrBuilding,kerb,light,meshblockId,minorInjuryCount,moped,motorcycle,NumberOfLanes,otherVehicleType,parkedVehicle,pedestrian,region,roadCharacter,roadLane,roadSurface,schoolBus,seriousInjuryCount,slipOrFlood,speedLimit,strayAnimal,streetLight,suv,taxi,temporarySpeedLimit,tlaId,tlaName,trafficControl,trafficIsland,trafficSign,train,tree,truck,unknownVehicleType,urban,vanOrUtility,vehicle,waterRiver,weatherA
132595,1922697.0,5596241.0,545851.0,0.0,0.0,1.0,South,2000/2001,SH 2,STOCK ROAD,Non-Injury Crash,Yes,2001,South,0.0,,Flat,,,,,Overcast,1463900.0,0.0,0.0,0.0,2.0,0.0,,,Hawke's Bay Region,Nil,2-way,Sealed,0.0,0.0,,100.0,,Null,0.0,0.0,,30.0,Hastings District,Nil,,,,,0.0,0.0,Open,0.0,,,Fine
576707,1924399.0,5603646.0,545842.0,0.0,0.0,3.0,Null,2017/2018,MARAEKAKAHO ROAD,STOCK ROAD,Non-Injury Crash,No,2018,East,0.0,,Flat,,,,,Overcast,1470213.0,0.0,0.0,0.0,2.0,0.0,,,Hawke's Bay Region,Nil,2-way,Sealed,0.0,0.0,,100.0,,Null,0.0,0.0,,30.0,Hastings District,Stop,,,,,0.0,0.0,Open,0.0,,,Heavy rain
411988,1930100.0,5605661.0,548200.0,0.0,0.0,0.0,Null,2012/2013,NELSON ST NORTH,FITZROY AVENUE,Minor Crash,No,2012,West,0.0,,Flat,,,,,Bright sun,1491100.0,1.0,0.0,0.0,2.0,0.0,,,Hawke's Bay Region,Nil,2-way,Sealed,0.0,0.0,,50.0,,Null,0.0,0.0,,30.0,Hastings District,Give way,,,,,0.0,0.0,Urban,2.0,,,Fine
275285,1930341.0,5604822.0,548200.0,0.0,0.0,3.0,Null,2013/2014,ST AUBYN ST EAST,HASTINGS ST NORTH,Non-Injury Crash,No,2014,South,0.0,,Flat,,,,,Bright sun,1494400.0,0.0,0.0,0.0,2.0,0.0,,,Hawke's Bay Region,Nil,2-way,Sealed,0.0,0.0,,50.0,,Off,0.0,0.0,,30.0,Hastings District,Stop,,,,,0.0,0.0,Urban,0.0,,,Fine
41478,1929657.0,5605330.0,548200.0,0.0,0.0,1.0,Null,2013/2014,NELSON ST NORTH,QUEEN ST WEST,Non-Injury Crash,No,2014,East,0.0,,Flat,,,,,Bright sun,1490800.0,0.0,0.0,0.0,2.0,0.0,,,Hawke's Bay Region,Nil,2-way,Sealed,0.0,0.0,,50.0,,Off,1.0,0.0,,30.0,Hastings District,Give way,,,,,0.0,0.0,Urban,0.0,,,Fine
215727,1920543.5734,5627454.8071,545821.0,0.0,0.0,1.0,South,2019/2020,PUKETITIRI ROAD,SOLDIERS SETTLEMENT ROAD,Non-Injury Crash,No,2019,East,0.0,0.0,Flat,0.0,,0.0,0.0,Overcast,1411100.0,0.0,0.0,0.0,2.0,0.0,0.0,,Hawke's Bay Region,Nil,2-way,Sealed,0.0,0.0,0.0,100.0,0.0,None,0.0,0.0,,30.0,Hastings District,Nil,0.0,0.0,0.0,0.0,0.0,0.0,Open,0.0,0.0,0.0,Heavy rain
172250,1929560.0,5605258.0,548200.0,0.0,0.0,2.0,Null,2010/2011,HERETAUNGA ST WEST,NELSON ST NORTH,Non-Injury Crash,No,2011,South,0.0,,Flat,,,,,Bright sun,1490100.0,0.0,0.0,0.0,4.0,0.0,,,Hawke's Bay Region,Nil,2-way,Sealed,0.0,0.0,,50.0,,Null,0.0,0.0,,30.0,Hastings District,Traffic Signals,,,,,0.0,0.0,Urban,0.0,,,Fine
734296,1923717.0,5607300.0,548611.0,0.0,0.0,1.0,Null,2005/2006,DIAZ DRIVE,PORTSMOUTH ROAD,Non-Injury Crash,No,2005,West,0.0,1.0,Flat,0.0,,0.0,0.0,Dark,1473901.0,0.0,0.0,0.0,2.0,0.0,0.0,,Hawke's Bay Region,Nil,2-way,Sealed,0.0,0.0,0.0,50.0,0.0,On,0.0,0.0,,30.0,Hastings District,Give way,0.0,0.0,0.0,0.0,0.0,0.0,Urban,0.0,0.0,0.0,Fine
4935,1927703.0,5607325.0,547800.0,0.0,0.0,2.0,South,2001/2002,OMAHU ROAD,SH 50A,Non-Injury Crash,No,2002,East,0.0,,Flat,,,,,Bright sun,1476600.0,0.0,0.0,0.0,2.0,0.0,,,Hawke's Bay Region,Nil,2-way,Sealed,0.0,0.0,,50.0,,Null,0.0,0.0,,30.0,Hastings District,Nil,,,,,0.0,0.0,Urban,0.0,,,Fine
61836,1914186.0,5656905.0,545911.0,0.0,0.0,1.0,South,1999/2000,SH 5,MOHAKA BR,Non-Injury Crash,Yes,2000,South,0.0,,Hill Road,,,,,Overcast,1415900.0,0.0,0.0,0.0,2.0,0.0,,,Hawke's Bay Region,Nil,2-way,Sealed,0.0,0.0,,100.0,,Null,0.0,0.0,,30.0,Hastings District,Unknown,,,,,0.0,0.0,Open,1.0,,,Light rain
281743,1908549.0,5665026.0,545911.0,0.0,0.0,1.0,North,2014/2015,SH 5,KOWARO ROADWAY,Non-Injury Crash,Yes,2014,South,0.0,1.0,Hill Road,0.0,,0.0,0.0,Overcast,1414400.0,0.0,0.0,0.0,2.0,0.0,0.0,,Hawke's Bay Region,Nil,2-way,Sealed,0.0,0.0,0.0,100.0,0.0,Null,0.0,0.0,,30.0,Hastings District,Unknown,0.0,1.0,0.0,0.0,0.0,0.0,Open,0.0,0.0,0.0,Light rain
237846,1929560.0,5605258.0,548200.0,0.0,0.0,1.0,Null,2001/2002,HERETAUNGA ST WEST,NELSON ST NORTH,Non-Injury Crash,No,2001,South,0.0,0.0,Flat,0.0,,0.0,0.0,Dark,1490100.0,0.0,0.0,0.0,2.0,0.0,0.0,,Hawke's Bay Region,Nil,2-way,Sealed,0.0,0.0,0.0,50.0,0.0,On,0.0,0.0,,30.0,Hastings District,Traffic Signals,0.0,0.0,0.0,0.0,0.0,0.0,Urban,0.0,0.0,0.0,Fine
529320,1916431.0,5654721.0,545911.0,0.0,0.0,0.0,East,2009/2010,SH 5,WAITARA ROAD,Serious Crash,Yes,2009,South,0.0,0.0,Hill Road,0.0,,0.0,1.0,Overcast,1415900.0,0.0,0.0,0.0,2.0,0.0,0.0,,Hawke's Bay Region,Nil,2-way,Sealed,0.0,1.0,0.0,100.0,0.0,Null,1.0,0.0,,30.0,Hastings District,Nil,0.0,1.0,0.0,0.0,0.0,0.0,Open,0.0,0.0,0.0,Fine
41704,1927447.0,5602430.0,545762.0,0.0,0.0,1.0,North,2003/2004,RAILWAY ROAD SOUTH,LONGLANDS ROAD EAST,Non-Injury Crash,No,2003,North,0.0,1.0,Flat,0.0,,0.0,0.0,Bright sun,1468200.0,0.0,0.0,0.0,2.0,0.0,0.0,,Hawke's Bay Region,Bridge,2-way,Sealed,0.0,0.0,0.0,100.0,0.0,Null,0.0,0.0,,30.0,Hastings District,Nil,0.0,0.0,0.0,0.0,0.0,0.0,Open,0.0,0.0,0.0,Fine
707188,1929464.0,5605185.0,548200.0,0.0,0.0,2.0,Null,2012/2013,NELSON ST SOUTH,EASTBOURNE ST WEST,Non-Injury Crash,No,2013,South,0.0,,Flat,,,,,Bright sun,1488900.0,0.0,0.0,0.0,2.0,0.0,,,Hawke's Bay Region,Nil,2-way,Sealed,0.0,0.0,,50.0,,Null,1.0,0.0,,30.0,Hastings District,Stop,,,,,0.0,0.0,Urban,0.0,,,Fine
108391,1931091.0,5604885.0,548000.0,0.0,0.0,1.0,Null,2000/2001,JERVOIS ST,PRINCES ST,Non-Injury Crash,No,2001,East,0.0,1.0,Flat,0.0,,0.0,0.0,Dark,1497700.0,0.0,0.0,0.0,2.0,0.0,0.0,,Hawke's Bay Region,Nil,2-way,Sealed,0.0,0.0,0.0,50.0,0.0,On,0.0,0.0,,30.0,Hastings District,Give way,0.0,0.0,0.0,0.0,0.0,0.0,Urban,0.0,0.0,0.0,Fine
617421,1931615.5423,5608416.3332,545721.0,0.0,0.0,2.0,Null,2019/2020,ELWOOD ROAD,PAKOWHAI ROAD,Non-Injury Crash,No,2020,North,0.0,,Flat,,,,,Bright sun,1471600.0,0.0,0.0,0.0,2.0,0.0,,,Hawke's Bay Region,Nil,2-way,Sealed,0.0,0.0,,80.0,,Off,0.0,0.0,,30.0,Hastings District,Stop,,,,,0.0,0.0,Open,0.0,,,Fine
565315,1928842.0,5603900.0,547900.0,0.0,0.0,2.0,Null,2006/2007,RAILWAY ROAD,MURDOCH ROAD WEST,Minor Crash,No,2006,West,0.0,,Flat,,,,,Bright sun,1482600.0,1.0,0.0,0.0,2.0,0.0,,,Hawke's Bay Region,Nil,2-way,Sealed,0.0,0.0,,70.0,,Null,0.0,0.0,,30.0,Hastings District,Stop,,,,,0.0,0.0,Urban,0.0,,,Fine
36764,1929048.0,5605934.0,547700.0,0.0,0.0,1.0,Null,2016/2017,HERETAUNGA ST WEST,GALLIEN ST,Non-Injury Crash,No,2016,North,0.0,,Flat,,,,,Bright sun,1487300.0,0.0,0.0,0.0,2.0,0.0,,,Hawke's Bay Region,Nil,2-way,Sealed,0.0,0.0,,50.0,,Null,0.0,0.0,,30.0,Hastings District,Stop,,,,,0.0,0.0,Urban,1.0,,,Fine
603079,1926983.5082,5608433.2172,545710.0,0.0,0.0,1.0,North,2019/2020,RAUPARE ROAD,THOMPSON ROAD,Non-Injury Crash,No,2020,South,0.0,0.0,Flat,0.0,,0.0,0.0,Bright sun,1471000.0,0.0,0.0,0.0,2.0,0.0,0.0,,Hawke's Bay Region,Nil,2-way,Sealed,0.0,0.0,0.0,100.0,0.0,None,0.0,0.0,,30.0,Hastings District,Nil,0.0,0.0,0.0,1.0,0.0,0.0,Open,0.0,0.0,0.0,Fine
155067,1938598.0,5594580.0,545860.0,0.0,0.0,1.0,North,2005/2006,WAIMARAMA ROAD,MARAETOTARA ROAD,Non-Injury Crash,No,2006,North,0.0,0.0,Flat,0.0,,0.0,0.0,Dark,1467200.0,0.0,0.0,0.0,2.0,0.0,0.0,,Hawke's Bay Region,Nil,2-way,Sealed,0.0,0.0,0.0,100.0,0.0,None,0.0,0.0,,30.0,Hastings District,Nil,0.0,0.0,0.0,0.0,0.0,0.0,Open,0.0,0.0,0.0,Heavy rain
449148,1928942.0,5606074.0,547700.0,0.0,0.0,2.0,North,2016/2017,HERETAUNGA ST WEST,DAVIS ST,Non-Injury Crash,No,2016,North,0.0,0.0,Flat,0.0,,0.0,0.0,Overcast,1486000.0,0.0,0.0,0.0,2.0,0.0,1.0,,Hawke's Bay Region,Nil,2-way,Sealed,0.0,0.0,0.0,50.0,0.0,Null,0.0,0.0,,30.0,Hastings District,Unknown,0.0,0.0,0.0,0.0,0.0,0.0,Urban,0.0,0.0,0.0,Fine
692803,1930508.6504,5607578.7766,545721.0,0.0,1.0,1.0,Null,2019/2020,PAKOWHAI ROAD,EVENDEN ROAD,Non-Injury Crash,No,2020,South,0.0,,Flat,,,,,Dark,1471401.0,0.0,0.0,0.0,2.0,0.0,,,Hawke's Bay Region,Nil,2-way,Sealed,0.0,0.0,,50.0,,On,0.0,0.0,,30.0,Hastings District,Give way,,,,,0.0,0.0,Urban,0.0,,,Fine
307897,1937413.0,5606316.0,545740.0,0.0,0.0,1.0,North,2000/2001,TUKITUKI ROAD,TENNANT ROAD,Serious Crash,No,2000,North,0.0,0.0,Flat,0.0,,0.0,0.0,Dark,1407700.0,0.0,0.0,0.0,1.0,0.0,0.0,,Hawke's Bay Region,Nil,2-way,Sealed,0.0,2.0,0.0,100.0,0.0,None,0.0,0.0,,30.0,Hastings District,Nil,0.0,0.0,0.0,0.0,0.0,0.0,Open,0.0,0.0,0.0,Heavy rain
526206,1931022.0,5613782.0,545831.0,0.0,0.0,1.0,Null,2015/2016,PAKOWHAI ON SBD,SH 50,Non-Injury Crash,Yes,2015,West,0.0,,Flat,,,,,Overcast,1404600.0,0.0,0.0,0.0,,0.0,,,Hawke's Bay Region,Nil,2-way,Sealed,0.0,0.0,,80.0,,Null,0.0,0.0,,30.0,Hastings District,Give way,,,,,0.0,0.0,Open,1.0,,,Heavy rain
23517,1931526.8074,5612758.4915,545832.0,0.0,0.0,2.0,South,2018/2019,PAKOWHAI ROAD,ALLEN ROAD,Non-Injury Crash,No,2019,South,0.0,,Flat,,,,,Bright sun,1403900.0,0.0,0.0,0.0,2.0,0.0,,,Hawke's Bay Region,Nil,2-way,Sealed,0.0,0.0,,80.0,,Off,0.0,0.0,,30.0,Hastings District,Unknown,,,,,0.0,0.0,Open,1.0,,,Fine
474383,1931138.0,5614080.0,545831.0,0.0,0.0,2.0,North,2015/2016,SH 50,PAKOWHAI ON NBD,Minor Crash,Yes,2016,North,0.0,,Flat,,,,,Dark,1404600.0,2.0,0.0,0.0,2.0,0.0,,,Hawke's Bay Region,Nil,2-way,Sealed,0.0,0.0,,100.0,,On,0.0,0.0,,30.0,Hastings District,Unknown,,,,,0.0,0.0,Open,0.0,,,Fine
565796,1929101.0,5605862.0,547700.0,0.0,0.0,1.0,Null,2004/2005,HERETAUNGA ST WEST,TOWNSHEND ST,Non-Injury Crash,No,2004,East,0.0,,Flat,,,,,Bright sun,1486800.0,0.0,0.0,0.0,2.0,0.0,,,Hawke's Bay Region,Nil,2-way,Sealed,0.0,0.0,,50.0,,Null,0.0,0.0,,30.0,Hastings District,Give way,,,,,0.0,0.0,Urban,1.0,,,Fine
470469,1936248.0,5611919.0,545832.0,0.0,0.0,1.0,North,2015/2016,SH 2,HELLYERS LANE,Non-Injury Crash,Yes,2015,North,0.0,0.0,Flat,0.0,,0.0,0.0,Overcast,1404200.0,0.0,0.0,0.0,3.0,0.0,0.0,,Hawke's Bay Region,Nil,2-way,Sealed,0.0,0.0,0.0,100.0,0.0,Null,0.0,0.0,,30.0,Hastings District,Unknown,0.0,0.0,0.0,1.0,0.0,0.0,Open,0.0,0.0,0.0,Light rain
697742,1929648.0,5605342.0,548200.0,1.0,0.0,1.0,West,2007/2008,QUEEN ST WEST,NELSON ST NORTH,Minor Crash,No,2007,East,0.0,,Flat,,,,,Overcast,1490200.0,1.0,0.0,0.0,2.0,0.0,,,Hawke's Bay Region,Nil,2-way,Sealed,0.0,0.0,,50.0,,Null,0.0,0.0,,30.0,Hastings District,Nil,,,,,0.0,0.0,Urban,0.0,,,Fine
186958,1929271.0,5605038.0,548200.0,1.0,1.0,0.0,Null,2010/2011,SOUTHAMPTON ST WEST,NELSON ST SOUTH,Minor Crash,No,2010,North,0.0,,Flat,,,,,Bright sun,1489100.0,1.0,0.0,0.0,2.0,0.0,,,Hawke's Bay Region,Nil,2-way,Sealed,0.0,0.0,,50.0,,Null,0.0,0.0,,30.0,Hastings District,Give way,,,,,0.0,0.0,Urban,0.0,,,Fine
541590,1918541.8069999998,5648822.6791,545911.0,0.0,0.0,1.0,North,2018/2019,005-0220,OHURAKURA RD,Minor Crash,Yes,2019,South,0.0,,Hill Road,,,,,Overcast,1415900.0,1.0,0.0,0.0,2.0,0.0,,,Hawke's Bay Region,Nil,2-way,Sealed,0.0,0.0,,100.0,,Off,0.0,0.0,,30.0,Hastings District,Unknown,,,,,0.0,0.0,Open,0.0,,,Light rain
644761,1930961.3588,5605665.6014,548000.0,0.0,0.0,2.0,North,2019/2020,FREDERICK STREET,KARAMU ROAD NORTH,Non-Injury Crash,No,2019,South,0.0,,Flat,,,,,Bright sun,1495900.0,0.0,0.0,0.0,2.0,0.0,,,Hawke's Bay Region,Nil,2-way,Sealed,0.0,0.0,,50.0,,Off,0.0,0.0,,30.0,Hastings District,Nil,,,,,0.0,0.0,Urban,0.0,,,Fine
707980,1930557.0,5606923.0,547600.0,0.0,0.0,1.0,Null,2005/2006,WILLIAMS ST,KONINI ST,Non-Injury Crash,No,2005,East,0.0,1.0,Flat,0.0,,0.0,0.0,Dark,1471402.0,0.0,0.0,0.0,2.0,0.0,0.0,,Hawke's Bay Region,Nil,2-way,Sealed,0.0,0.0,0.0,50.0,0.0,On,0.0,0.0,,30.0,Hastings District,Give way,0.0,0.0,0.0,1.0,0.0,0.0,Urban,0.0,0.0,0.0,Fine
654759,1929461.8797,5604482.1186,548300.0,0.0,0.0,1.0,North,2019/2020,KARAMU ROAD SOUTH,PATTISON ROAD,Non-Injury Crash,No,2020,North,0.0,0.0,Flat,0.0,,0.0,0.0,Bright sun,1503100.0,0.0,0.0,0.0,2.0,0.0,0.0,,Hawke's Bay Region,Nil,2-way,Sealed,0.0,0.0,0.0,50.0,0.0,Off,0.0,0.0,,30.0,Hastings District,Nil,0.0,1.0,0.0,0.0,0.0,0.0,Urban,0.0,0.0,0.0,Fine
359566,1929468.0,5605379.0,548200.0,0.0,0.0,3.0,Null,2007/2008,HERETAUNGA ST WEST,SOUTHLAND ROAD,Non-Injury Crash,No,2007,West,0.0,,Flat,,,,,Overcast,1490100.0,0.0,0.0,0.0,2.0,0.0,,,Hawke's Bay Region,Nil,2-way,Sealed,0.0,0.0,,50.0,,Null,0.0,0.0,,30.0,Hastings District,Stop,,,,,0.0,0.0,Urban,0.0,,,Light rain
75205,1928679.0,5604778.0,547900.0,0.0,0.0,2.0,Null,2017/2018,SOUTHLAND ROAD,GORDON ROAD,Non-Injury Crash,No,2018,West,0.0,,Flat,,,,,Overcast,1482100.0,0.0,0.0,0.0,2.0,0.0,,,Hawke's Bay Region,Nil,2-way,Sealed,0.0,0.0,,50.0,,Null,0.0,0.0,,30.0,Hastings District,Give way,,,,,0.0,0.0,Urban,0.0,,,Fine
14333,1926751.0,5618334.0,545821.0,0.0,0.0,1.0,West,2003/2004,SPRINGFIELD ROAD,PUKETAPU ROAD,Minor Crash,No,2003,East,0.0,0.0,Flat,0.0,,0.0,0.0,Overcast,1411000.0,2.0,0.0,0.0,2.0,0.0,0.0,,Hawke's Bay Region,Nil,2-way,Sealed,0.0,0.0,0.0,100.0,0.0,Null,0.0,0.0,,30.0,Hastings District,Nil,0.0,0.0,0.0,1.0,0.0,0.0,Open,0.0,0.0,0.0,Light rain
111162,1909370.0,5673577.0,545911.0,0.0,0.0,1.0,North,2003/2004,SH 5,TATARAAKINA ROAD,Non-Injury Crash,Yes,2003,North,0.0,0.0,Flat,0.0,,0.0,0.0,Overcast,1281200.0,0.0,0.0,0.0,2.0,0.0,0.0,,Hawke's Bay Region,Nil,2-way,Sealed,0.0,0.0,0.0,100.0,0.0,Null,0.0,0.0,,30.0,Hastings District,Nil,0.0,0.0,0.0,0.0,0.0,0.0,Open,0.0,0.0,0.0,Light rain
560415,1930634.0,5604426.0,548100.0,0.0,0.0,1.0,West,2008/2009,ST AUBYN ST EAST,RIVERSLEA ROAD NORTH,Non-Injury Crash,No,2008,West,0.0,,Flat,,,,,Overcast,1500800.0,0.0,0.0,0.0,2.0,0.0,,,Hawke's Bay Region,Nil,2-way,Sealed,0.0,0.0,,50.0,,Null,0.0,0.0,,30.0,Hastings District,Nil,,,,,0.0,0.0,Urban,1.0,,,Fine
261864,1940392.9752,5586914.9642,545860.0,0.0,0.0,1.0,North,2019/2020,WAIMARAMA ROAD,WAITANGI ROAD,Non-Injury Crash,No,2020,South,0.0,1.0,Hill Road,0.0,,0.0,0.0,Dark,1467500.0,0.0,0.0,0.0,1.0,0.0,0.0,,Hawke's Bay Region,Nil,2-way,Sealed,0.0,0.0,0.0,100.0,0.0,Off,0.0,0.0,,30.0,Hastings District,Nil,0.0,0.0,0.0,1.0,0.0,0.0,Open,0.0,0.0,0.0,Light rain
3023,1923711.7856,5596734.4286,545851.0,0.0,0.0,0.0,East,2019/2020,SH 2,KENNELS CNR,Non-Injury Crash,Yes,2020,South,0.0,0.0,Hill Road,1.0,,0.0,0.0,Bright sun,1463900.0,0.0,0.0,0.0,2.0,0.0,0.0,,Hawke's Bay Region,Nil,2-way,Sealed,0.0,0.0,0.0,100.0,0.0,None,0.0,0.0,,30.0,Hastings District,Nil,0.0,0.0,0.0,0.0,2.0,0.0,Open,0.0,0.0,0.0,Fine
429151,1925182.0,5605123.0,545842.0,0.0,0.0,1.0,South,2004/2005,STOCK ROAD,IRONGATE ROAD,Non-Injury Crash,No,2005,South,0.0,0.0,Flat,0.0,,0.0,0.0,Dark,1470214.0,0.0,0.0,0.0,2.0,0.0,0.0,,Hawke's Bay Region,Nil,2-way,Sealed,0.0,0.0,0.0,100.0,0.0,None,0.0,0.0,,30.0,Hastings District,Nil,0.0,1.0,0.0,0.0,0.0,0.0,Open,0.0,0.0,0.0,Fine
108751,1924290.0680000002,5607476.0626,548612.0,0.0,0.0,1.0,South,2020/2021,SCOTT DRIVE,BAKER STREET,Non-Injury Crash,No,2020,North,0.0,0.0,Flat,0.0,,0.0,0.0,Bright sun,1474112.0,0.0,0.0,0.0,2.0,0.0,1.0,,Hawke's Bay Region,Nil,2-way,Sealed,0.0,0.0,0.0,50.0,0.0,Off,0.0,0.0,,30.0,Hastings District,Unknown,0.0,0.0,0.0,0.0,0.0,0.0,Urban,1.0,0.0,0.0,Fine
129108,1929560.0,5605258.0,548200.0,0.0,0.0,2.0,Null,2001/2002,HERETAUNGA ST WEST,NELSON ST SOUTH,Non-Injury Crash,No,2001,East,0.0,,Flat,,,,,Overcast,1490100.0,0.0,0.0,0.0,2.0,0.0,,,Hawke's Bay Region,Nil,2-way,Sealed,0.0,0.0,,50.0,,Null,0.0,0.0,,30.0,Hastings District,Traffic Signals,,,,,0.0,0.0,Urban,0.0,,,Fine
723529,1929861.0,5605033.0,548200.0,0.0,0.0,2.0,West,2001/2002,Z CPK NATIONAL BANK,QUEEN/RAILWAY,Non-Injury Crash,No,2002,South,0.0,0.0,Flat,0.0,,0.0,0.0,Overcast,1491700.0,0.0,0.0,0.0,0.0,0.0,1.0,,Hawke's Bay Region,Nil,Off road,Sealed,0.0,0.0,0.0,50.0,0.0,Null,0.0,0.0,,30.0,Hastings District,Nil,0.0,0.0,0.0,0.0,0.0,0.0,Urban,0.0,0.0,0.0,Fine
338789,1930434.0,5605426.0,548200.0,0.0,0.0,2.0,South,2004/2005,CAROLINE ROAD,ALEXANDRA CRESCENT,Non-Injury Crash,No,2005,North,0.0,,Flat,,,,,Overcast,1494100.0,0.0,0.0,0.0,2.0,0.0,,,Hawke's Bay Region,Nil,2-way,Sealed,0.0,0.0,,50.0,,Null,0.0,0.0,,30.0,Hastings District,Nil,,,,,0.0,0.0,Urban,0.0,,,Fine
462683,1934761.0,5633243.0,545812.0,0.0,0.0,1.0,North,2009/2010,SH 2,NORTH SHORE ROAD,Minor Crash,Yes,2009,North,0.0,0.0,Flat,0.0,,0.0,0.0,Overcast,1414903.0,2.0,0.0,0.0,2.0,0.0,0.0,,Hawke's Bay Region,Nil,2-way,Sealed,0.0,0.0,0.0,100.0,0.0,Null,0.0,0.0,,30.0,Hastings District,Nil,0.0,0.0,0.0,0.0,0.0,0.0,Open,0.0,0.0,0.0,Fine
86366,1923207.0,5611884.0,545821.0,0.0,0.0,1.0,Null,2015/2016,SH 50,HAKIWAI ROAD,Minor Crash,Yes,2016,East,0.0,0.0,Flat,0.0,,0.0,0.0,Bright sun,1408600.0,1.0,0.0,0.0,2.0,0.0,1.0,,Hawke's Bay Region,Nil,2-way,Sealed,0.0,0.0,0.0,50.0,0.0,Null,0.0,0.0,,30.0,Hastings District,Give way,0.0,0.0,0.0,0.0,1.0,0.0,Urban,0.0,0.0,0.0,Fine
409717,1930690.0,5603822.0,548100.0,1.0,0.0,0.0,North,2012/2013,HERETAUNGA ST EAST,TERRACE ROAD,Minor Crash,No,2013,North,0.0,,Flat,,,,,Overcast,1501400.0,1.0,0.0,0.0,2.0,0.0,,,Hawke's Bay Region,Nil,2-way,Sealed,0.0,0.0,,50.0,,Null,1.0,0.0,,30.0,Hastings District,Nil,,,,,0.0,0.0,Urban,0.0,,,Light rain
338099,1923821.0,5608105.0,548611.0,0.0,0.0,1.0,Null,2013/2014,FLAXMERE AVENUE,BLYTH ST,Non-Injury Crash,No,2013,East,0.0,,Flat,,,,,Overcast,1470314.0,0.0,0.0,0.0,2.0,0.0,,,Hawke's Bay Region,Nil,2-way,Sealed,0.0,0.0,,50.0,,Null,1.0,0.0,,30.0,Hastings District,Give way,,,,,0.0,0.0,Urban,0.0,,,Fine
217361,1937206.0,5608701.0,545730.0,0.0,0.0,1.0,North,2016/2017,MILL ROAD,BLACKS BR,Minor Crash,No,2016,North,0.0,1.0,Hill Road,0.0,,0.0,0.0,Dark,1405300.0,1.0,0.0,0.0,2.0,0.0,0.0,,Hawke's Bay Region,Bridge,2-way,Sealed,0.0,0.0,0.0,100.0,0.0,None,0.0,0.0,,30.0,Hastings District,Unknown,0.0,0.0,0.0,0.0,0.0,0.0,Open,0.0,0.0,0.0,Fine
438791,1928009.0,5605668.0,547900.0,0.0,0.0,1.0,Null,2008/2009,MARAEKAKAHO ROAD,GORDON ROAD,Non-Injury Crash,No,2009,North,0.0,,Flat,,,,,Overcast,1479900.0,0.0,0.0,0.0,2.0,0.0,,,Hawke's Bay Region,Nil,2-way,Sealed,0.0,0.0,,50.0,,Null,1.0,0.0,,30.0,Hastings District,Give way,,,,,0.0,0.0,Urban,0.0,,,Fine
19535,1915000.0,5589003.0,545851.0,0.0,0.0,1.0,North,2000/2001,SH 2,TE AUTE TRUST ROAD,Minor Crash,Yes,2001,North,0.0,0.0,Flat,0.0,,0.0,0.0,Dark,1464500.0,1.0,0.0,0.0,2.0,0.0,0.0,,Hawke's Bay Region,Nil,2-way,Sealed,0.0,0.0,0.0,100.0,0.0,None,0.0,0.0,,30.0,Hastings District,Nil,0.0,1.0,0.0,0.0,0.0,0.0,Open,0.0,0.0,0.0,Fine
257022,1915369.0,5586714.0,545851.0,0.0,0.0,0.0,North,2017/2018,TE AUTE TRUST ROAD,PUKEKURA SETTLEMENT ROAD,Non-Injury Crash,No,2018,North,0.0,0.0,Hill Road,0.0,,0.0,0.0,Bright sun,1466101.0,0.0,0.0,0.0,1.0,0.0,0.0,,Hawke's Bay Region,Nil,2-way,Sealed,0.0,0.0,0.0,100.0,0.0,Null,0.0,0.0,,30.0,Hastings District,Unknown,0.0,0.0,0.0,0.0,1.0,0.0,Open,0.0,0.0,0.0,Fine
362974,1930912.0,5607891.0,545710.0,0.0,0.0,1.0,Null,2006/2007,PAKOWHAI ROAD,RICHMOND ROAD,Minor Crash,No,2006,North,0.0,,Flat,,,,,Overcast,1471100.0,1.0,0.0,0.0,2.0,0.0,,,Hawke's Bay Region,Nil,2-way,Sealed,0.0,0.0,,70.0,,Null,1.0,0.0,,30.0,Hastings District,Give way,,,,,0.0,0.0,Urban,0.0,,,Fine
528724,1929025.0,5606462.0,547800.0,0.0,0.0,0.0,South,2017/2018,PAKOWHAI ROAD,ST AUBYN ST WEST,Non-Injury Crash,No,2018,North,0.0,,Flat,,,,,Dark,1477500.0,0.0,0.0,0.0,2.0,0.0,,,Hawke's Bay Region,Nil,2-way,Sealed,0.0,0.0,,50.0,,On,1.0,0.0,,30.0,Hastings District,Unknown,,,,,0.0,0.0,Urban,1.0,,,Light rain
634453,1932596.0,5609833.0,545832.0,0.0,0.0,0.0,Null,2015/2016,PAKOWHAI ROAD,CHESTERHOPE BR,Non-Injury Crash,No,2015,South,0.0,0.0,Flat,1.0,,0.0,0.0,Dark,1404000.0,0.0,0.0,0.0,2.0,0.0,0.0,,Hawke's Bay Region,Bridge,2-way,Sealed,0.0,0.0,0.0,80.0,0.0,None,1.0,0.0,,30.0,Hastings District,Unknown,0.0,0.0,0.0,0.0,0.0,0.0,Open,0.0,0.0,0.0,Fine