OBJECTID,X,Y,areaUnitID,bicycle,bus,carStationWagon,crashDirectionDescription,crashFinancialYear,crashLocation1,crashLocation2,crashSeverity,crashSHDescription,crashYear,directionRoleDescription,fatalCount,fence,flatHill,guardRail,holiday,houseOrBuilding,kerb,light,meshblockId,minorInjuryCount,moped,motorcycle,NumberOfLanes,otherVehicleType,parkedVehicle,pedestrian,region,roadCharacter,roadLane,roadSurface,schoolBus,seriousInjuryCount,slipOrFlood,speedLimit,strayAnimal,streetLight,suv,taxi,temporarySpeedLimit,tlaId,tlaName,trafficControl,trafficIsland,trafficSign,train,tree,truck,unknownVehicleType,urban,vanOrUtility,vehicle,waterRiver,weatherA
539215,1928892.0,5606140.0,547700.0,0.0,0.0,1.0,East,1999/2000,HERETAUNGA ST WEST,STORTFORD ST,Minor Crash,No,2000,West,0.0,,Flat,,,,,Dark,1486700.0,1.0,0.0,0.0,2.0,0.0,,,Hawke's Bay Region,Nil,2-way,Sealed,0.0,0.0,,50.0,,On,0.0,0.0,,30.0,Hastings District,Stop,,,,,0.0,0.0,Urban,1.0,,,Fine
613034,1929549.0,5604672.0,548200.0,1.0,0.0,1.0,Null,2005/2006,RAILWAY ROAD,SOUTHAMPTON ST WEST,Serious Crash,No,2005,North,0.0,,Flat,,,,,Overcast,1489700.0,0.0,0.0,0.0,2.0,0.0,,,Hawke's Bay Region,Nil,2-way,Sealed,0.0,1.0,,50.0,,Null,0.0,0.0,,30.0,Hastings District,Traffic Signals,,,,,0.0,0.0,Urban,0.0,,,Fine
658588,1930472.0,5607553.0,545721.0,0.0,0.0,1.0,Null,2009/2010,PAKOWHAI ROAD,EVENDEN ROAD,Non-Injury Crash,No,2010,West,0.0,0.0,Flat,0.0,,0.0,0.0,Dark,1471401.0,0.0,0.0,0.0,1.0,0.0,0.0,,Hawke's Bay Region,Nil,2-way,Sealed,0.0,0.0,0.0,70.0,0.0,On,0.0,0.0,,30.0,Hastings District,Give way,0.0,0.0,0.0,0.0,0.0,0.0,Urban,0.0,0.0,0.0,Fine
595196,1909404.0,5667589.0,545911.0,0.0,0.0,1.0,North,2008/2009,SH 5,SUMMIT KIOSK,Non-Injury Crash,Yes,2008,North,0.0,0.0,Hill Road,0.0,Christmas New Year,0.0,0.0,Dark,1281200.0,0.0,0.0,0.0,2.0,0.0,0.0,,Hawke's Bay Region,Nil,2-way,Sealed,0.0,0.0,0.0,100.0,0.0,None,0.0,0.0,,30.0,Hastings District,Nil,0.0,0.0,0.0,0.0,0.0,0.0,Open,0.0,0.0,0.0,Light rain
206530,1928441.2857,5605092.3483,547900.0,0.0,0.0,1.0,Null,2018/2019,PEPPER STREET,GORDON ROAD,Non-Injury Crash,No,2019,East,0.0,,Flat,,,,,Dark,1480600.0,0.0,0.0,0.0,2.0,0.0,,,Hawke's Bay Region,Nil,2-way,Sealed,0.0,0.0,,50.0,,On,1.0,0.0,,30.0,Hastings District,Give way,,,,,0.0,0.0,Urban,0.0,,,Light rain
676662,1932647.0,5601725.0,548831.0,0.0,0.0,2.0,South,2011/2012,NAPIER ROAD,TREACHERS LANE,Non-Injury Crash,No,2011,South,0.0,0.0,Flat,0.0,,0.0,0.0,Dark,1509700.0,0.0,0.0,0.0,2.0,0.0,1.0,,Hawke's Bay Region,Nil,2-way,Sealed,0.0,0.0,0.0,50.0,0.0,On,0.0,1.0,,30.0,Hastings District,Nil,0.0,0.0,0.0,0.0,0.0,0.0,Urban,0.0,0.0,0.0,Fine
477296,1930160.6940000001,5604861.4327,548200.0,0.0,0.0,1.0,Null,2019/2020,WARREN STREET NORTH,AVENUE ROAD EAST,Non-Injury Crash,No,2020,West,0.0,,Flat,,,,,Overcast,1493400.0,0.0,0.0,0.0,2.0,0.0,,,Hawke's Bay Region,Nil,2-way,Sealed,0.0,0.0,,50.0,,Off,1.0,0.0,,30.0,Hastings District,Give way,,,,,0.0,0.0,Urban,0.0,,,Fine
150881,1929956.0,5604530.0,548200.0,0.0,0.0,2.0,Null,2002/2003,EASTBOURNE ST EAST,HASTINGS ST SOUTH,Minor Crash,No,2003,South,0.0,0.0,Flat,0.0,,1.0,0.0,Overcast,1493200.0,1.0,0.0,0.0,2.0,0.0,0.0,,Hawke's Bay Region,Nil,2-way,Sealed,0.0,0.0,0.0,50.0,0.0,Null,0.0,0.0,,30.0,Hastings District,Give way,0.0,0.0,0.0,0.0,0.0,0.0,Urban,0.0,0.0,0.0,Fine
406134,1928009.0,5605667.0,547900.0,0.0,0.0,2.0,Null,2017/2018,GORDON ROAD,MARAEKAKAHO ROAD,Non-Injury Crash,No,2018,North,0.0,,Flat,,,,,Twilight,1479900.0,0.0,0.0,0.0,2.0,0.0,,,Hawke's Bay Region,Nil,2-way,Sealed,0.0,0.0,,50.0,,On,0.0,0.0,,30.0,Hastings District,Give way,,,,,0.0,0.0,Urban,0.0,,,Fine
119221,1932274.0,5609028.0,545721.0,0.0,0.0,2.0,Null,2007/2008,PAKOWHAI ROAD,RUAHAPIA ROAD,Minor Crash,No,2007,South,0.0,1.0,Flat,0.0,,0.0,0.0,Overcast,1471600.0,1.0,0.0,0.0,3.0,0.0,0.0,,Hawke's Bay Region,Nil,2-way,Sealed,0.0,0.0,0.0,100.0,0.0,Null,0.0,0.0,,30.0,Hastings District,Give way,0.0,0.0,0.0,0.0,0.0,0.0,Open,1.0,0.0,0.0,Fine
733061,1922953.0,5621038.0,545821.0,0.0,0.0,1.0,East,2006/2007,DARTMOOR ROAD,APLEY ROAD,Non-Injury Crash,No,2007,North,0.0,1.0,Flat,0.0,,0.0,0.0,Dark,1411400.0,0.0,0.0,0.0,2.0,0.0,0.0,,Hawke's Bay Region,Nil,2-way,Sealed,0.0,0.0,0.0,100.0,0.0,None,0.0,0.0,,30.0,Hastings District,Nil,0.0,0.0,0.0,0.0,0.0,0.0,Open,0.0,0.0,0.0,Heavy rain
548769,1929548.0,5604672.0,548200.0,0.0,0.0,1.0,Null,2005/2006,RAILWAY ROAD,SOUTHAMPTON ST WEST,Serious Crash,No,2005,South,0.0,,Flat,,,,,Overcast,1489700.0,0.0,0.0,0.0,2.0,0.0,,1.0,Hawke's Bay Region,Nil,2-way,Sealed,0.0,1.0,,50.0,,Null,0.0,0.0,,30.0,Hastings District,Traffic Signals,,,,,0.0,0.0,Urban,0.0,,,Fine
578173,1928842.0,5603900.0,547900.0,0.0,0.0,1.0,Null,2014/2015,RAILWAY ROAD SOUTH,MURDOCH ROAD WEST,Non-Injury Crash,No,2014,South,0.0,,Flat,,,,,Bright sun,1482600.0,0.0,0.0,0.0,2.0,0.0,,,Hawke's Bay Region,Nil,2-way,Sealed,0.0,0.0,,50.0,,Null,0.0,0.0,,30.0,Hastings District,Stop,,,,,0.0,0.0,Urban,1.0,,,Fine
720019,1914310.0,5603010.0,545841.0,0.0,0.0,0.0,South,2012/2013,VALLEY ROAD,WENLEY ROAD,Minor Crash,No,2013,North,0.0,,Flat,,,,,Bright sun,1462800.0,1.0,0.0,1.0,2.0,0.0,,,Hawke's Bay Region,Nil,2-way,Sealed,0.0,0.0,,100.0,,Null,0.0,0.0,,30.0,Hastings District,Nil,,,,,0.0,0.0,Open,0.0,,,Fine
146965,1936203.1558,5611052.2197,545730.0,0.0,0.0,3.0,West,2018/2019,002-0661,WILLIAMSON ROAD,Non-Injury Crash,Yes,2019,North,0.0,0.0,Flat,0.0,,0.0,0.0,Overcast,1404700.0,0.0,0.0,0.0,2.0,0.0,1.0,,Hawke's Bay Region,Nil,2-way,Sealed,0.0,0.0,0.0,50.0,0.0,None,0.0,0.0,,30.0,Hastings District,Nil,0.0,0.0,0.0,0.0,0.0,0.0,Urban,0.0,0.0,0.0,Fine
450706,1918926.0,5647718.0,545811.0,0.0,0.0,0.0,South,2006/2007,SH 5,OHURAKURA ROAD,Serious Crash,Yes,2007,South,0.0,,Hill Road,,,,,Bright sun,1414600.0,0.0,0.0,0.0,2.0,0.0,,,Hawke's Bay Region,Nil,2-way,Sealed,0.0,1.0,,100.0,,Null,0.0,0.0,,30.0,Hastings District,Nil,,,,,1.0,0.0,Open,0.0,,,Fine
161759,1931023.0,5605576.0,548000.0,0.0,0.0,3.0,West,2010/2011,FREDERICK ST,KARAMU ROAD NORTH,Non-Injury Crash,No,2010,North,0.0,,Flat,,,,,Overcast,1495700.0,0.0,0.0,0.0,2.0,0.0,,,Hawke's Bay Region,Nil,2-way,Sealed,0.0,0.0,,50.0,,Null,0.0,1.0,,30.0,Hastings District,Nil,,,,,0.0,0.0,Urban,0.0,,,Light rain
473140,1935090.0,5610789.0,545832.0,0.0,0.0,1.0,North,2015/2016,FARNDON ROAD,KOHUPATIKI ROAD,Serious Crash,No,2015,South,0.0,1.0,Flat,0.0,,0.0,0.0,Dark,1404300.0,0.0,0.0,0.0,2.0,0.0,0.0,,Hawke's Bay Region,Nil,2-way,Sealed,0.0,1.0,0.0,100.0,0.0,None,0.0,0.0,,30.0,Hastings District,Nil,0.0,0.0,0.0,0.0,0.0,0.0,Open,0.0,0.0,0.0,Light rain
596381,1929634.0,5605762.0,548200.0,0.0,0.0,2.0,Null,2017/2018,ST AUBYN ST WEST,TOMOANA ROAD,Non-Injury Crash,No,2017,North,0.0,,Flat,,,,,Dark,1490300.0,0.0,0.0,0.0,4.0,0.0,,,Hawke's Bay Region,Nil,2-way,Sealed,0.0,0.0,,50.0,,On,0.0,0.0,,30.0,Hastings District,Traffic Signals,,,,,0.0,0.0,Urban,0.0,,,Fine
202331,1917827.0,5649495.0,545912.0,0.0,0.0,1.0,North,2000/2001,SH 5,OHURAKURA ROAD,Non-Injury Crash,Yes,2000,South,0.0,0.0,Hill Road,0.0,,0.0,0.0,Overcast,1414504.0,0.0,0.0,0.0,2.0,0.0,0.0,,Hawke's Bay Region,Nil,2-way,Sealed,0.0,0.0,0.0,100.0,0.0,Null,0.0,0.0,,30.0,Hastings District,Nil,0.0,0.0,0.0,0.0,0.0,0.0,Open,0.0,0.0,0.0,Light rain
33636,1927886.0,5606778.0,548500.0,0.0,0.0,1.0,North,2015/2016,ORCHARD ROAD,MURRAY PLACE,Non-Injury Crash,No,2015,South,0.0,0.0,Flat,0.0,Christmas New Year,0.0,0.0,Bright sun,1478500.0,0.0,0.0,0.0,2.0,0.0,0.0,,Hawke's Bay Region,Nil,2-way,Sealed,0.0,0.0,0.0,50.0,0.0,Null,0.0,0.0,,30.0,Hastings District,Unknown,0.0,0.0,0.0,0.0,0.0,0.0,Urban,0.0,0.0,0.0,Fine
518205,1930083.0,5604603.0,548200.0,0.0,0.0,2.0,South,2002/2003,Z CPK NEW WORLD,HERETAUNGA/SH 2,Non-Injury Crash,No,2002,West,0.0,0.0,Flat,0.0,,0.0,0.0,Overcast,1493900.0,0.0,0.0,0.0,0.0,0.0,1.0,,Hawke's Bay Region,Nil,Off road,Sealed,0.0,0.0,0.0,50.0,0.0,Null,0.0,0.0,,30.0,Hastings District,Nil,0.0,0.0,0.0,0.0,0.0,0.0,Urban,0.0,0.0,0.0,Fine
39003,1929656.0,5613829.0,545831.0,0.0,0.0,1.0,East,2007/2008,SH 50,WAIOHIKI ROAD,Non-Injury Crash,Yes,2007,West,0.0,,Flat,,,,,Overcast,1404600.0,0.0,0.0,0.0,2.0,0.0,,,Hawke's Bay Region,Nil,2-way,Sealed,0.0,0.0,,100.0,,Null,0.0,0.0,,30.0,Hastings District,Nil,,,,,0.0,0.0,Open,1.0,,,Fine
622513,1929765.0,5604850.0,548200.0,0.0,0.0,2.0,North,2012/2013,RUSSELL ST SOUTH,EASTBOURNE ST EAST,Non-Injury Crash,No,2012,South,0.0,0.0,Flat,0.0,,0.0,0.0,Overcast,1492000.0,0.0,0.0,0.0,2.0,0.0,1.0,,Hawke's Bay Region,Nil,2-way,Sealed,0.0,0.0,0.0,50.0,0.0,Null,0.0,0.0,,30.0,Hastings District,Nil,0.0,0.0,0.0,0.0,0.0,0.0,Urban,0.0,0.0,0.0,Fine
682221,1929655.0,5606937.0,545710.0,0.0,0.0,1.0,South,2009/2010,PAKOWHAI ROAD,DUKE ST,Non-Injury Crash,No,2010,North,0.0,,Flat,,,,,Overcast,1471300.0,0.0,0.0,1.0,2.0,0.0,,,Hawke's Bay Region,Nil,2-way,Sealed,0.0,0.0,,50.0,,Null,0.0,0.0,,30.0,Hastings District,Nil,,,,,0.0,0.0,Urban,0.0,,,Fine
502609,1937008.2884,5613281.3298,545832.0,0.0,0.0,0.0,North,2019/2020,SH 51,COLENSO DOMAIN,Minor Crash,Yes,2020,North,0.0,,Flat,,,,,Overcast,1404000.0,1.0,0.0,1.0,2.0,0.0,,,Hawke's Bay Region,Nil,2-way,Sealed,0.0,0.0,,100.0,,None,0.0,0.0,,30.0,Hastings District,Nil,,,,,0.0,0.0,Open,0.0,,,Light rain
275651,1929768.0,5605863.0,547700.0,0.0,0.0,0.0,Null,2017/2018,WHITEHEAD ROAD,TOMOANA ROAD,Non-Injury Crash,No,2017,North,0.0,,Flat,,,,,Bright sun,1488400.0,0.0,1.0,0.0,2.0,0.0,,,Hawke's Bay Region,Nil,2-way,Sealed,0.0,0.0,,50.0,,Null,0.0,0.0,,30.0,Hastings District,Give way,,,,,0.0,0.0,Urban,1.0,,,Fine
261980,1928447.0,5608528.0,545710.0,0.0,0.0,0.0,West,2014/2015,ORMOND ROAD,EVENDEN ROAD,Minor Crash,No,2015,East,0.0,,Flat,,,,,Bright sun,1471000.0,1.0,1.0,0.0,2.0,0.0,,,Hawke's Bay Region,Nil,2-way,Sealed,0.0,0.0,,60.0,,Null,0.0,0.0,,30.0,Hastings District,Unknown,,,,,1.0,0.0,Urban,0.0,,,Fine
629287,1932575.0,5608502.0,545721.0,0.0,0.0,2.0,Null,2010/2011,WHAKATU ROAD,RUAHAPIA ROAD,Non-Injury Crash,No,2011,West,0.0,,Flat,,,,,Bright sun,1471600.0,0.0,0.0,0.0,2.0,0.0,,,Hawke's Bay Region,Nil,2-way,Sealed,0.0,0.0,,100.0,,Null,0.0,0.0,,30.0,Hastings District,Give way,,,,,0.0,0.0,Open,0.0,,,Fine
115871,1940949.0,5588225.0,545860.0,0.0,0.0,0.0,North,2008/2009,WAIMARAMA ROAD,COOKS ACCESS ROAD,Minor Crash,No,2009,North,0.0,0.0,Hill Road,0.0,,0.0,0.0,Bright sun,1467500.0,1.0,0.0,1.0,2.0,0.0,0.0,,Hawke's Bay Region,Nil,2-way,Sealed,0.0,0.0,0.0,100.0,0.0,Null,1.0,0.0,,30.0,Hastings District,Nil,0.0,0.0,0.0,0.0,0.0,0.0,Open,0.0,0.0,0.0,Fine
309759,1931580.0,5602901.0,545721.0,0.0,0.0,1.0,Null,2004/2005,HAVELOCK ROAD,ST GEORGES ROAD,Serious Crash,No,2005,East,0.0,,Flat,,,,,Bright sun,1472900.0,3.0,0.0,0.0,2.0,0.0,,,Hawke's Bay Region,Nil,2-way,Sealed,0.0,1.0,,70.0,,Null,0.0,0.0,,30.0,Hastings District,Stop,,,,,0.0,0.0,Urban,1.0,,,Fine
516590,1924942.0,5606974.0,548620.0,0.0,0.0,1.0,Null,2008/2009,Z CPK,SWANSEA ROAD,Non-Injury Crash,No,2008,West,0.0,0.0,Flat,1.0,,1.0,0.0,Dark,1473700.0,0.0,0.0,0.0,0.0,0.0,0.0,,Hawke's Bay Region,Nil,Off road,Sealed,0.0,0.0,0.0,50.0,0.0,On,0.0,0.0,,30.0,Hastings District,Nil,0.0,0.0,0.0,1.0,0.0,0.0,Urban,0.0,0.0,0.0,Fine
105422,1929949.0,5605145.0,548200.0,0.0,0.0,2.0,South,2001/2002,Z CPK THE WAREHOUSE,MARKET/AVENUE,Non-Injury Crash,No,2001,East,0.0,0.0,Flat,0.0,,0.0,0.0,Dark,1491400.0,0.0,0.0,0.0,0.0,0.0,1.0,,Hawke's Bay Region,Nil,Off road,Sealed,0.0,0.0,0.0,50.0,0.0,On,0.0,0.0,,30.0,Hastings District,Nil,0.0,0.0,0.0,0.0,0.0,0.0,Urban,0.0,0.0,0.0,Fine
489590,1930445.0,5605078.0,548200.0,0.0,0.0,1.0,Null,2012/2013,VICTORIA ST,WARREN ST NORTH,Non-Injury Crash,No,2012,East,0.0,,Flat,,,,,Bright sun,1494500.0,0.0,0.0,0.0,2.0,0.0,,,Hawke's Bay Region,Nil,2-way,Sealed,0.0,0.0,,50.0,,Null,0.0,0.0,,30.0,Hastings District,Give way,,,,,1.0,0.0,Urban,0.0,,,Fine
368812,1932200.0,5608960.0,545721.0,0.0,0.0,2.0,South,2010/2011,PAKOWHAI ROAD,RUAHAPIA ROAD,Non-Injury Crash,No,2011,South,0.0,,Flat,,,,,Dark,1471600.0,0.0,0.0,0.0,2.0,0.0,,,Hawke's Bay Region,Nil,2-way,Sealed,0.0,0.0,,100.0,,Off,0.0,0.0,,30.0,Hastings District,Nil,,,,,0.0,0.0,Open,0.0,,,Light rain
324441,1929583.0,5604578.0,548300.0,0.0,0.0,2.0,West,2012/2013,KARAMU ROAD SOUTH,SOUTHAMPTON ST EAST,Non-Injury Crash,No,2013,East,0.0,,Flat,,,,,Bright sun,1503100.0,0.0,0.0,0.0,2.0,0.0,,,Hawke's Bay Region,Nil,2-way,Sealed,0.0,0.0,,50.0,,Null,0.0,0.0,,30.0,Hastings District,Nil,,,,,0.0,0.0,Urban,0.0,,,Fine
256998,1930510.0,5604594.0,548100.0,0.0,0.0,1.0,Null,2015/2016,ST AUBYN ST EAST,WILLOWPARK ROAD NORTH,Non-Injury Crash,No,2016,North,0.0,,Flat,,,,,Bright sun,1500800.0,0.0,0.0,1.0,2.0,0.0,,,Hawke's Bay Region,Nil,2-way,Sealed,0.0,0.0,,50.0,,Null,0.0,0.0,,30.0,Hastings District,Give way,,,,,0.0,0.0,Urban,0.0,,,Fine
267221,1929671.0,5606217.0,547600.0,0.0,0.0,1.0,Null,2005/2006,FITZROY AVENUE,GRAYS ROAD,Non-Injury Crash,No,2006,North,0.0,0.0,Flat,0.0,,0.0,0.0,Dark,1485300.0,0.0,0.0,0.0,2.0,0.0,1.0,,Hawke's Bay Region,Nil,2-way,Sealed,0.0,0.0,0.0,50.0,0.0,On,0.0,0.0,,30.0,Hastings District,Give way,0.0,0.0,0.0,0.0,0.0,0.0,Urban,1.0,0.0,0.0,Fine
54444,1926645.0,5618956.0,545821.0,0.0,0.0,1.0,West,2009/2010,PUKETAPU ROAD,SPRINGFIELD ROAD,Serious Crash,No,2010,West,0.0,0.0,Flat,0.0,,0.0,0.0,Dark,1410902.0,0.0,0.0,0.0,2.0,0.0,0.0,,Hawke's Bay Region,Nil,2-way,Sealed,0.0,1.0,0.0,100.0,0.0,None,0.0,0.0,,30.0,Hastings District,Nil,0.0,0.0,0.0,0.0,0.0,0.0,Open,0.0,0.0,0.0,Fine
82555,1911458.0,5663668.0,545911.0,0.0,0.0,0.0,North,2001/2002,SH 5,TE HAROTO PO,Minor Crash,Yes,2001,North,0.0,0.0,Hill Road,1.0,,0.0,1.0,Dark,1414400.0,1.0,0.0,0.0,2.0,0.0,0.0,,Hawke's Bay Region,Nil,2-way,Sealed,0.0,0.0,0.0,100.0,0.0,None,0.0,0.0,,30.0,Hastings District,Nil,0.0,1.0,0.0,0.0,1.0,0.0,Open,0.0,0.0,0.0,Fine
723435,1931186.0,5604135.0,548100.0,0.0,0.0,1.0,Null,2013/2014,HAIG ST,TERRACE END,Minor Crash,No,2013,North,0.0,,Flat,,,,,Bright sun,1500100.0,1.0,1.0,0.0,2.0,0.0,,,Hawke's Bay Region,Nil,2-way,Sealed,0.0,0.0,,50.0,,Null,0.0,0.0,,30.0,Hastings District,Give way,,,,,0.0,0.0,Urban,0.0,,,Fine
4605,1932437.0,5601922.0,548831.0,0.0,0.0,2.0,South,2017/2018,HAVELOCK ROAD,KARANEMA DRIVE,Non-Injury Crash,No,2018,North,0.0,,Flat,,Easter,,,Bright sun,1509600.0,0.0,0.0,0.0,2.0,0.0,,,Hawke's Bay Region,Nil,2-way,Sealed,0.0,0.0,,50.0,,Null,0.0,0.0,,30.0,Hastings District,Nil,,,,,0.0,0.0,Urban,0.0,,,Fine
193550,1932032.0,5606172.0,545721.0,1.0,0.0,1.0,Null,2016/2017,SH 2,ELWOOD ROAD,Minor Crash,Yes,2017,West,0.0,,Flat,,,,,Dark,1471700.0,1.0,0.0,0.0,2.0,0.0,,,Hawke's Bay Region,Nil,2-way,Sealed,0.0,0.0,,70.0,,On,0.0,0.0,,30.0,Hastings District,Give way,,,,,0.0,0.0,Urban,0.0,,,Fine
728178,1925331.715,5599572.0832,545852.0,0.0,0.0,0.0,Null,2018/2019,PAKI PAKI ROAD,TE AUTE ROAD,Minor Crash,Yes,2019,South,0.0,0.0,Flat,0.0,,0.0,1.0,Overcast,1469600.0,2.0,0.0,0.0,1.0,0.0,0.0,,Hawke's Bay Region,Nil,1-way,Sealed,0.0,0.0,0.0,80.0,0.0,Off,0.0,0.0,,30.0,Hastings District,Give way,0.0,0.0,0.0,0.0,0.0,0.0,Open,1.0,0.0,0.0,Heavy rain
607540,1929896.0,5604813.0,548200.0,1.0,0.0,1.0,Null,2011/2012,KARAMU ROAD SOUTH,HERETAUNGA ST EAST,Non-Injury Crash,No,2011,East,0.0,,Flat,,,,,Bright sun,1492700.0,0.0,0.0,0.0,2.0,0.0,,,Hawke's Bay Region,Nil,2-way,Sealed,0.0,0.0,,50.0,,Null,0.0,0.0,,30.0,Hastings District,Traffic Signals,,,,,0.0,0.0,Urban,0.0,,,Fine
702246,1936130.0,5610452.0,545730.0,0.0,0.0,1.0,East,2000/2001,MILL ROAD,SH 2,Minor Crash,No,2000,West,0.0,0.0,Flat,0.0,,0.0,0.0,Overcast,1405402.0,1.0,0.0,0.0,2.0,0.0,0.0,,Hawke's Bay Region,Nil,2-way,Sealed,0.0,0.0,0.0,50.0,0.0,Null,0.0,0.0,,30.0,Hastings District,Nil,0.0,0.0,0.0,0.0,0.0,0.0,Urban,0.0,0.0,0.0,Fine
47190,1916855.0,5598998.0,545851.0,0.0,0.0,0.0,South,2007/2008,RAUKAWA ROAD,GREEN HILL ROAD,Non-Injury Crash,No,2008,North,0.0,,Flat,,,,,Dark,1464101.0,0.0,0.0,0.0,2.0,0.0,,,Hawke's Bay Region,Nil,2-way,Sealed,0.0,0.0,,100.0,,None,1.0,0.0,,30.0,Hastings District,Nil,,,,,0.0,0.0,Open,0.0,,,Fine
622401,1928648.0,5606408.0,547800.0,0.0,0.0,2.0,North,2014/2015,OMAHU ROAD,MCLEOD ST,Minor Crash,No,2014,North,0.0,,Flat,,,,,Bright sun,1477800.0,2.0,0.0,0.0,2.0,0.0,,,Hawke's Bay Region,Nil,2-way,Sealed,0.0,0.0,,50.0,,Null,0.0,0.0,,30.0,Hastings District,Unknown,,,,,0.0,0.0,Urban,0.0,,,Fine
370978,1930257.0,5604934.0,548200.0,0.0,0.0,2.0,Null,2009/2010,ST AUBYN ST EAST,WARREN ST NORTH,Non-Injury Crash,No,2009,West,0.0,,Flat,,,,,Bright sun,1493501.0,0.0,0.0,0.0,2.0,0.0,,,Hawke's Bay Region,Nil,2-way,Sealed,0.0,0.0,,50.0,,Null,0.0,0.0,,30.0,Hastings District,Give way,,,,,0.0,0.0,Urban,0.0,,,Fine
33681,1930245.0,5604951.0,548200.0,0.0,0.0,2.0,North,2005/2006,ST AUBYN ST EAST,WARREN ST NORTH,Non-Injury Crash,No,2005,West,0.0,,Flat,,,,,Bright sun,1494400.0,0.0,0.0,0.0,4.0,0.0,,,Hawke's Bay Region,Nil,2-way,Sealed,0.0,0.0,,50.0,,Null,0.0,0.0,,30.0,Hastings District,Nil,,,,,0.0,0.0,Urban,0.0,,,Fine
176664,1930118.0,5605172.0,548200.0,0.0,0.0,2.0,Null,2007/2008,Z CPK KMART,AVENUE ROAD,Non-Injury Crash,No,2007,North,0.0,,Flat,,,,,Bright sun,1494100.0,0.0,0.0,0.0,0.0,0.0,,,Hawke's Bay Region,Nil,Off road,Sealed,0.0,0.0,,50.0,,Null,0.0,0.0,,30.0,Hastings District,Nil,,,,,0.0,0.0,Urban,0.0,,,Fine
684193,1927296.0,5605131.0,545761.0,0.0,0.0,1.0,Null,2004/2005,SH 50A,MARAEKAKAHO ROAD,Non-Injury Crash,Yes,2005,South,0.0,,Flat,,,,,Overcast,1469905.0,0.0,0.0,0.0,2.0,0.0,,,Hawke's Bay Region,Nil,2-way,Sealed,0.0,0.0,,70.0,,Off,0.0,0.0,,30.0,Hastings District,Give way,,,,,0.0,0.0,Urban,1.0,,,Fine
576267,1934240.0,5607461.0,545722.0,0.0,0.0,0.0,Null,2009/2010,PILCHER ROAD,SH 2,Non-Injury Crash,No,2009,North,0.0,0.0,Flat,0.0,,0.0,0.0,Overcast,1406300.0,0.0,0.0,0.0,2.0,0.0,0.0,,Hawke's Bay Region,Nil,2-way,Sealed,0.0,0.0,0.0,80.0,0.0,Null,0.0,0.0,,30.0,Hastings District,Stop,0.0,0.0,0.0,0.0,0.0,0.0,Open,1.0,0.0,0.0,Light rain
675157,1936440.0,5653952.0,545911.0,0.0,0.0,0.0,East,2008/2009,SH 2,MATAHORUA ROAD,Minor Crash,Yes,2009,East,0.0,,Flat,,,,,Bright sun,1415200.0,1.0,0.0,0.0,2.0,0.0,,,Hawke's Bay Region,Nil,2-way,Sealed,0.0,0.0,,100.0,,Null,0.0,0.0,,30.0,Hastings District,Nil,,,,,1.0,0.0,Open,0.0,,,Fine
665837,1931274.0,5604000.0,548100.0,0.0,0.0,2.0,West,2015/2016,WINDSOR AVENUE,LOUIE ST,Minor Crash,No,2015,North,0.0,,Flat,,,,,Bright sun,1500400.0,1.0,0.0,0.0,2.0,0.0,,,Hawke's Bay Region,Nil,2-way,Sealed,0.0,0.0,,50.0,,Null,0.0,0.0,,30.0,Hastings District,Give way,,,,,0.0,0.0,Urban,0.0,,,Fine
10263,1927202.0,5607729.0,545710.0,0.0,0.0,1.0,West,1999/2000,OMAHU ROAD,WILSON ROAD,Non-Injury Crash,No,2000,West,0.0,,Flat,,,,,Bright sun,1471000.0,0.0,0.0,0.0,2.0,0.0,,,Hawke's Bay Region,Nil,2-way,Sealed,0.0,0.0,,50.0,,Null,0.0,0.0,,30.0,Hastings District,Nil,,,,,0.0,0.0,Urban,1.0,,,Fine
282853,1928278.0,5606677.0,548500.0,0.0,0.0,2.0,Null,2011/2012,CANNING ROAD,HAPIA ST,Minor Crash,No,2012,North,0.0,,Flat,,,,,Bright sun,1478700.0,1.0,0.0,0.0,2.0,0.0,,,Hawke's Bay Region,Nil,2-way,Sealed,0.0,0.0,,50.0,,Null,0.0,0.0,,30.0,Hastings District,Nil,,,,,0.0,0.0,Urban,1.0,,,Fine
15201,1908488.0,5664779.0,545911.0,0.0,0.0,1.0,North,2006/2007,SH 5,KOWARO ROADWAY,Non-Injury Crash,Yes,2007,North,0.0,1.0,Hill Road,0.0,,0.0,0.0,Overcast,1414400.0,0.0,0.0,0.0,3.0,0.0,0.0,,Hawke's Bay Region,Nil,2-way,Sealed,0.0,0.0,0.0,100.0,0.0,Null,0.0,0.0,,30.0,Hastings District,Nil,0.0,0.0,0.0,0.0,0.0,0.0,Open,0.0,0.0,0.0,Fine
322814,1929523.0,5614333.0,545831.0,0.0,0.0,1.0,North,2016/2017,WAIOHIKI ROAD,VICTORIA LANE,Non-Injury Crash,No,2016,North,0.0,1.0,Flat,0.0,,0.0,0.0,Dark,1404600.0,0.0,0.0,0.0,2.0,0.0,0.0,,Hawke's Bay Region,Nil,2-way,Sealed,0.0,0.0,0.0,70.0,0.0,On,0.0,0.0,,30.0,Hastings District,Unknown,0.0,0.0,0.0,0.0,0.0,0.0,Urban,0.0,0.0,0.0,Fine