OBJECTID,X,Y,areaUnitID,bicycle,bus,carStationWagon,crashDirectionDescription,crashFinancialYear,crashLocation1,crashLocation2,crashSeverity,crashSHDescription,crashYear,directionRoleDescription,fatalCount,fence,flatHill,guardRail,holiday,houseOrBuilding,kerb,light,meshblockId,minorInjuryCount,moped,motorcycle,NumberOfLanes,otherVehicleType,parkedVehicle,pedestrian,region,roadCharacter,roadLane,roadSurface,schoolBus,seriousInjuryCount,slipOrFlood,speedLimit,strayAnimal,streetLight,suv,taxi,temporarySpeedLimit,tlaId,tlaName,trafficControl,trafficIsland,trafficSign,train,tree,truck,unknownVehicleType,urban,vanOrUtility,vehicle,waterRiver,weatherA
194375,1928760.0,5605187.0,547700.0,0.0,0.0,2.0,North,2009/2010,LASCELLES ST,HENRY ST,Non-Injury Crash,No,2010,South,0.0,0.0,Flat,0.0,,0.0,0.0,Overcast,1487600.0,0.0,0.0,0.0,2.0,0.0,1.0,,Hawke's Bay Region,Nil,2-way,Sealed,0.0,0.0,0.0,50.0,0.0,Null,0.0,0.0,,30.0,Hastings District,Nil,0.0,0.0,0.0,0.0,0.0,0.0,Urban,0.0,0.0,0.0,Fine
429222,1927501.0,5603870.0,545761.0,0.0,0.0,0.0,Null,2006/2007,HEATHCOTE ROAD,SOUTHLAND ROAD,Non-Injury Crash,No,2006,South,0.0,1.0,Flat,0.0,,0.0,0.0,Dark,1468801.0,0.0,0.0,0.0,2.0,0.0,0.0,,Hawke's Bay Region,Nil,2-way,Sealed,0.0,0.0,0.0,100.0,0.0,None,0.0,0.0,,30.0,Hastings District,Nil,0.0,0.0,0.0,1.0,0.0,0.0,Open,1.0,0.0,0.0,Fine
186946,1934363.0,5600127.0,548833.0,0.0,0.0,1.0,East,2004/2005,TE MATA PEAK ROAD,SIMLA AVENUE,Non-Injury Crash,No,2005,West,0.0,1.0,Hill Road,0.0,,0.0,0.0,Dark,1466710.0,0.0,0.0,0.0,2.0,0.0,0.0,,Hawke's Bay Region,Nil,2-way,Sealed,0.0,0.0,0.0,100.0,0.0,None,0.0,0.0,,30.0,Hastings District,Nil,0.0,0.0,0.0,0.0,0.0,0.0,Open,0.0,0.0,0.0,Fine
198952,1935761.0,5650355.0,545911.0,0.0,0.0,1.0,North,2013/2014,SH 2,TUTIRA RESERVE ROAD N,Minor Crash,Yes,2014,North,0.0,,Flat,,,,,Bright sun,1415400.0,1.0,0.0,0.0,2.0,0.0,,,Hawke's Bay Region,Nil,2-way,Sealed,0.0,0.0,,100.0,,Null,0.0,0.0,,30.0,Hastings District,Nil,,,,,0.0,0.0,Open,0.0,,,Fine
56934,1925321.0,5599568.0,545852.0,0.0,0.0,1.0,Null,2002/2003,SH 2,SH 50A,Serious Crash,Yes,2002,South,0.0,,Flat,,,,,Bright sun,1469600.0,0.0,0.0,0.0,2.0,0.0,,,Hawke's Bay Region,Nil,2-way,Sealed,0.0,1.0,,100.0,,Null,0.0,0.0,,30.0,Hastings District,Give way,,,,,1.0,0.0,Open,0.0,,,Fine
8272,1930472.0,5607553.0,545721.0,0.0,0.0,1.0,Null,2010/2011,PAKOWHAI ROAD,EVENDEN ROAD,Non-Injury Crash,No,2011,North,0.0,1.0,Flat,0.0,,0.0,0.0,Twilight,1471401.0,0.0,0.0,0.0,2.0,0.0,0.0,,Hawke's Bay Region,Nil,2-way,Sealed,0.0,0.0,0.0,50.0,0.0,On,0.0,0.0,,30.0,Hastings District,Give way,0.0,0.0,0.0,0.0,0.0,0.0,Urban,0.0,0.0,0.0,Heavy rain
376602,1930935.0,5613540.0,545831.0,0.0,0.0,1.0,Null,2010/2011,SH 50A,SH 50 LINKS ROAD,Non-Injury Crash,Yes,2010,South,0.0,0.0,Flat,0.0,,0.0,0.0,Dark,1404600.0,0.0,0.0,0.0,2.0,0.0,0.0,,Hawke's Bay Region,Nil,2-way,Sealed,0.0,0.0,0.0,100.0,0.0,On,0.0,0.0,,30.0,Hastings District,Give way,1.0,0.0,0.0,0.0,0.0,0.0,Open,0.0,0.0,0.0,Fine
688441,1927876.0,5607157.0,547800.0,1.0,0.0,1.0,Null,2011/2012,OMAHU ROAD,STONYCROFT ST,Minor Crash,No,2012,South,0.0,0.0,Flat,0.0,,0.0,0.0,Overcast,1476600.0,1.0,0.0,0.0,2.0,0.0,0.0,,Hawke's Bay Region,Nil,2-way,Sealed,0.0,0.0,0.0,80.0,0.0,Null,0.0,0.0,,30.0,Hastings District,Give way,0.0,0.0,0.0,0.0,0.0,0.0,Open,0.0,1.0,0.0,Fine
250478,1932996.0,5601025.0,548821.0,0.0,0.0,2.0,North,2010/2011,JOLL ROAD,LAING COVE,Minor Crash,No,2010,North,0.0,,Flat,,,,,Bright sun,1507400.0,1.0,0.0,0.0,2.0,0.0,,,Hawke's Bay Region,Nil,2-way,Sealed,0.0,0.0,,50.0,,Null,0.0,0.0,,30.0,Hastings District,Nil,,,,,0.0,0.0,Urban,0.0,,,Fine
233640,1934804.0,5609908.0,545832.0,0.0,1.0,1.0,Null,2002/2003,FARNDON ROAD,KOHUPATIKI ROAD S,Minor Crash,No,2003,North,0.0,,Hill Road,,,,,Bright sun,1404300.0,1.0,0.0,0.0,2.0,0.0,,,Hawke's Bay Region,Nil,2-way,Sealed,0.0,0.0,,100.0,,Null,0.0,0.0,,30.0,Hastings District,Nil,,,,,0.0,0.0,Open,0.0,,,Fine
495332,1925687.0,5606368.0,548620.0,0.0,0.0,2.0,North,2017/2018,CRAIL AVENUE,AYR ST,Non-Injury Crash,No,2017,South,0.0,1.0,Flat,0.0,Christmas New Year,0.0,0.0,Overcast,1475701.0,0.0,0.0,0.0,2.0,0.0,1.0,,Hawke's Bay Region,Nil,2-way,Sealed,0.0,0.0,0.0,50.0,0.0,Null,0.0,0.0,,30.0,Hastings District,Nil,0.0,0.0,0.0,0.0,0.0,0.0,Urban,0.0,0.0,0.0,Fine
353593,1925939.7599,5604042.2281,545842.0,0.0,0.0,0.0,South,2019/2020,MARAEKAKAHO ROAD,IRONGATE ROAD EAST,Non-Injury Crash,No,2019,North,0.0,,Flat,,,,,Dark,1470205.0,0.0,0.0,0.0,2.0,0.0,,,Hawke's Bay Region,Nil,2-way,Sealed,0.0,0.0,,100.0,,On,0.0,0.0,,30.0,Hastings District,Nil,,,,,2.0,0.0,Open,0.0,,,Fine
647159,1930497.0,5606414.0,547600.0,0.0,0.0,2.0,East,2013/2014,TOMOANA ROAD,FREDERICK ST,Non-Injury Crash,No,2014,East,0.0,,Flat,,,,,Overcast,1483800.0,0.0,0.0,0.0,2.0,0.0,,,Hawke's Bay Region,Nil,2-way,Sealed,0.0,0.0,,50.0,,Off,0.0,0.0,,30.0,Hastings District,Unknown,,,,,0.0,0.0,Urban,0.0,,,Fine
611641,1929464.0,5605185.0,548200.0,0.0,0.0,2.0,Null,2000/2001,NELSON ST SOUTH,EASTBOURNE ST WEST,Non-Injury Crash,No,2001,West,0.0,,Flat,,,,,Bright sun,1488900.0,0.0,0.0,0.0,2.0,0.0,,,Hawke's Bay Region,Nil,2-way,Sealed,0.0,0.0,,50.0,,Null,0.0,0.0,,30.0,Hastings District,Give way,,,,,0.0,0.0,Urban,0.0,,,Fine
181845,1934151.0,5603395.0,545750.0,0.0,0.0,1.0,North,2005/2006,THOMPSON ROAD,DAVIDSON ROAD,Minor Crash,No,2005,South,0.0,1.0,Flat,0.0,,0.0,0.0,Twilight,1466300.0,1.0,0.0,0.0,2.0,0.0,0.0,,Hawke's Bay Region,Nil,2-way,Sealed,0.0,0.0,0.0,100.0,0.0,None,0.0,0.0,,30.0,Hastings District,Nil,0.0,0.0,0.0,0.0,0.0,0.0,Open,0.0,0.0,0.0,Fine
63609,1930540.0,5610565.0,545832.0,0.0,0.0,1.0,North,2004/2005,SH 50A,NGARURORO BR,Non-Injury Crash,Yes,2005,South,0.0,,Flat,,,,,Bright sun,1404400.0,0.0,0.0,0.0,2.0,0.0,,,Hawke's Bay Region,Nil,2-way,Sealed,0.0,0.0,,100.0,,Null,0.0,0.0,,30.0,Hastings District,Nil,,,,,0.0,0.0,Open,1.0,,,Fine
373527,1935067.0,5653063.0,545911.0,0.0,0.0,1.0,North,2013/2014,SH 2,WAIKOAU ROAD,Minor Crash,Yes,2013,North,0.0,,Flat,,Labour Weekend,,,Twilight,1415200.0,2.0,0.0,0.0,2.0,0.0,,,Hawke's Bay Region,Nil,2-way,Sealed,0.0,0.0,,100.0,,None,0.0,0.0,,30.0,Hastings District,Nil,,,,,0.0,0.0,Open,0.0,,,Fine
278799,1933416.0,5612180.0,545832.0,0.0,0.0,1.0,Null,2007/2008,BROOKFIELDS ROAD,SISSONS ROAD,Fatal Crash,No,2007,East,2.0,1.0,Flat,0.0,,0.0,0.0,Dark,1404000.0,0.0,0.0,0.0,2.0,0.0,0.0,,Hawke's Bay Region,Nil,2-way,Sealed,0.0,2.0,0.0,100.0,0.0,On,0.0,0.0,,30.0,Hastings District,Give way,0.0,0.0,0.0,1.0,0.0,0.0,Open,0.0,0.0,0.0,Fine
22654,1930275.0,5605096.0,548200.0,0.0,0.0,0.0,South,2010/2011,KARAMU ROAD NORTH,ELLISON ROAD,Non-Injury Crash,No,2010,East,0.0,0.0,Flat,0.0,,0.0,0.0,Bright sun,1494100.0,0.0,0.0,0.0,2.0,0.0,0.0,,Hawke's Bay Region,Nil,2-way,Sealed,0.0,0.0,0.0,50.0,0.0,Null,0.0,0.0,,30.0,Hastings District,Nil,0.0,0.0,0.0,0.0,1.0,0.0,Urban,0.0,0.0,0.0,Fine
274940,1934551.0,5641187.0,545811.0,0.0,0.0,2.0,South,2005/2006,SH 2,TE NGARU BR,Non-Injury Crash,Yes,2005,South,0.0,,Hill Road,,,,,Dark,1415600.0,0.0,0.0,0.0,2.0,0.0,,,Hawke's Bay Region,Nil,2-way,Sealed,0.0,0.0,,100.0,,None,0.0,0.0,,30.0,Hastings District,Nil,,,,,0.0,0.0,Open,0.0,,,Light rain
269970,1932715.0,5601757.0,548831.0,0.0,0.0,1.0,South,2010/2011,PORTER DRIVE,NAPIER ROAD,Non-Injury Crash,No,2010,North,0.0,,Flat,,,,,Bright sun,1509700.0,0.0,0.0,0.0,2.0,0.0,,,Hawke's Bay Region,Nil,2-way,Sealed,0.0,0.0,,50.0,,Null,0.0,0.0,,30.0,Hastings District,Nil,,,,,0.0,0.0,Urban,1.0,,,Fine
28282,1930092.9009,5605659.7014,548200.0,0.0,0.0,2.0,Null,2020/2021,NELSON STREET NORTH,FITZROY AVENUE,Serious Crash,No,2020,North,0.0,,Flat,,,,,Overcast,1490500.0,0.0,0.0,0.0,2.0,0.0,,,Hawke's Bay Region,Nil,2-way,Sealed,0.0,1.0,,50.0,,Off,0.0,0.0,,30.0,Hastings District,Give way,,,,,0.0,0.0,Urban,0.0,,,Fine
350557,1909276.0,5664789.0,545911.0,0.0,0.0,2.0,South,2017/2018,SH 5,KOWARO ROADWAY,Minor Crash,Yes,2018,East,0.0,0.0,Hill Road,0.0,Easter,0.0,0.0,Overcast,1414300.0,1.0,0.0,0.0,3.0,0.0,0.0,,Hawke's Bay Region,Nil,2-way,Sealed,0.0,0.0,0.0,100.0,0.0,Null,0.0,0.0,,30.0,Hastings District,Unknown,0.0,0.0,0.0,0.0,0.0,0.0,Open,0.0,0.0,0.0,Heavy rain
660484,1927653.0,5607373.0,548500.0,0.0,0.0,1.0,South,2009/2010,OMAHU ROAD,SH 50A,Non-Injury Crash,No,2010,North,0.0,,Flat,,,,,Bright sun,1477900.0,0.0,0.0,0.0,2.0,0.0,,,Hawke's Bay Region,Nil,2-way,Sealed,0.0,0.0,,50.0,,Null,0.0,0.0,,30.0,Hastings District,Nil,,,,,0.0,0.0,Urban,1.0,,,Fine
488067,1918503.7047,5648851.5165,545911.0,0.0,0.0,1.0,North,2019/2020,SH 5,OHURAKURA ROAD,Serious Crash,Yes,2020,South,0.0,0.0,Hill Road,0.0,,0.0,0.0,Overcast,1415900.0,0.0,0.0,0.0,3.0,0.0,0.0,,Hawke's Bay Region,Nil,2-way,Sealed,0.0,1.0,0.0,100.0,0.0,None,0.0,0.0,,30.0,Hastings District,Unknown,0.0,0.0,0.0,0.0,0.0,0.0,Open,0.0,0.0,0.0,Light rain
333784,1918543.0,5648819.0,545811.0,0.0,0.0,1.0,South,2018/2019,SH 5,TE POHUE HOTEL,Non-Injury Crash,Yes,2018,East,0.0,0.0,Hill Road,0.0,,0.0,0.0,Overcast,1414600.0,0.0,0.0,0.0,3.0,0.0,0.0,,Hawke's Bay Region,Nil,2-way,Sealed,0.0,0.0,0.0,100.0,0.0,Null,0.0,0.0,,30.0,Hastings District,Unknown,0.0,0.0,0.0,0.0,0.0,0.0,Open,0.0,0.0,0.0,Light rain
394450,1917438.0,5606294.0,545841.0,0.0,0.0,0.0,North,2008/2009,SH 50,MARAEKAKAHO ROAD,Non-Injury Crash,Yes,2009,East,0.0,1.0,Flat,0.0,,0.0,0.0,Dark,1462901.0,0.0,0.0,0.0,2.0,0.0,0.0,,Hawke's Bay Region,Nil,2-way,Sealed,0.0,0.0,0.0,100.0,0.0,None,0.0,0.0,,30.0,Hastings District,Nil,0.0,0.0,0.0,0.0,0.0,0.0,Open,1.0,0.0,0.0,Fine
159804,1933537.0,5601000.0,548832.0,0.0,0.0,2.0,Null,2016/2017,DUART ROAD,GREENWOOD ROAD,Minor Crash,No,2016,North,0.0,0.0,Hill Road,0.0,,0.0,0.0,Dark,1508800.0,1.0,0.0,0.0,2.0,0.0,1.0,,Hawke's Bay Region,Nil,2-way,Sealed,0.0,0.0,0.0,50.0,0.0,On,0.0,0.0,,30.0,Hastings District,Stop,0.0,0.0,0.0,0.0,0.0,0.0,Urban,0.0,0.0,0.0,Light rain
292401,1936328.0,5612008.0,545832.0,0.0,0.0,1.0,North,2015/2016,SH 2,HELLYERS LANE,Non-Injury Crash,Yes,2016,North,0.0,0.0,Flat,0.0,,0.0,0.0,Overcast,1404200.0,0.0,0.0,0.0,3.0,0.0,0.0,,Hawke's Bay Region,Nil,2-way,Sealed,0.0,0.0,0.0,100.0,0.0,Null,0.0,0.0,,30.0,Hastings District,Unknown,0.0,0.0,0.0,0.0,0.0,0.0,Open,0.0,0.0,0.0,Light rain
390240,1926919.0,5607919.0,548400.0,0.0,0.0,1.0,East,2003/2004,OMAHU ROAD,RAUPARE ROAD,Non-Injury Crash,No,2003,North,0.0,0.0,Flat,0.0,Christmas New Year,0.0,0.0,Bright sun,1473400.0,0.0,0.0,0.0,2.0,0.0,0.0,,Hawke's Bay Region,Nil,2-way,Sealed,0.0,0.0,0.0,50.0,0.0,Null,0.0,0.0,,30.0,Hastings District,Nil,1.0,1.0,0.0,0.0,0.0,0.0,Urban,0.0,0.0,0.0,Fine
544383,1919206.0,5646897.0,545811.0,0.0,0.0,0.0,Null,2004/2005,SH 5,OLD TAUPO COACH ROAD,Non-Injury Crash,Yes,2005,South,0.0,,Hill Road,,,,,Dark,1414700.0,0.0,0.0,0.0,2.0,0.0,,,Hawke's Bay Region,Nil,2-way,Sealed,0.0,0.0,,100.0,,None,0.0,0.0,,30.0,Hastings District,Nil,,,,,1.0,0.0,Open,0.0,,,Fine
664185,1917410.0265,5606284.1416,545841.0,0.0,0.0,1.0,North,2018/2019,050-0017,Maraekakaho road,Non-Injury Crash,Yes,2018,North,0.0,1.0,Flat,0.0,,0.0,0.0,Overcast,1462901.0,0.0,0.0,0.0,2.0,0.0,0.0,,Hawke's Bay Region,Nil,2-way,Sealed,0.0,0.0,0.0,100.0,0.0,None,0.0,0.0,,30.0,Hastings District,Unknown,0.0,0.0,0.0,0.0,0.0,0.0,Open,0.0,0.0,0.0,Light rain
297982,1931719.0,5601551.0,548810.0,0.0,0.0,2.0,North,2017/2018,LIPSCOMBE CRESCENT,TE AUTE ROAD,Minor Crash,No,2017,North,0.0,0.0,Flat,0.0,,0.0,0.0,Dark,1504800.0,1.0,0.0,0.0,2.0,0.0,1.0,,Hawke's Bay Region,Nil,2-way,Sealed,0.0,0.0,0.0,50.0,0.0,On,0.0,0.0,,30.0,Hastings District,Unknown,0.0,0.0,0.0,0.0,0.0,0.0,Urban,0.0,0.0,0.0,Fine
63539,1931124.0,5605616.0,548000.0,0.0,0.0,1.0,North,2010/2011,KARAMU ROAD NORTH,GROVE ROAD,Non-Injury Crash,No,2011,South,0.0,,Flat,,Easter,,,Dark,1495700.0,0.0,0.0,0.0,2.0,0.0,,,Hawke's Bay Region,Nil,2-way,Sealed,0.0,0.0,,50.0,,On,1.0,0.0,,30.0,Hastings District,Nil,,,,,0.0,0.0,Urban,0.0,,,Fine
663581,1929548.0,5604672.0,548200.0,0.0,0.0,1.0,Null,2002/2003,RAILWAY ROAD,SOUTHAMPTON ST WEST,Non-Injury Crash,No,2003,West,0.0,,Flat,,,,,Bright sun,1489700.0,0.0,0.0,0.0,3.0,0.0,,,Hawke's Bay Region,Nil,2-way,Sealed,0.0,0.0,,50.0,,Null,0.0,0.0,,30.0,Hastings District,Traffic Signals,,,,,1.0,0.0,Urban,0.0,,,Fine
504566,1929152.0238,5617987.5191,545821.0,0.0,0.0,0.0,East,2019/2020,PUKETAPU ROAD,SPRINGFIELD ROAD,Serious Crash,No,2020,West,0.0,,Hill Road,,Easter,,,Bright sun,1411000.0,0.0,0.0,1.0,2.0,0.0,,,Hawke's Bay Region,Nil,2-way,Sealed,0.0,1.0,,100.0,,None,0.0,0.0,,30.0,Hastings District,Nil,,,,,0.0,0.0,Open,0.0,,,Fine
736306,1928532.0,5613718.0,545831.0,0.0,0.0,0.0,West,2016/2017,SH 50,OMARUNUI ROAD,Minor Crash,Yes,2017,East,0.0,0.0,Flat,0.0,,0.0,0.0,Bright sun,1409400.0,1.0,0.0,0.0,1.0,0.0,0.0,,Hawke's Bay Region,Nil,2-way,Sealed,0.0,0.0,0.0,100.0,0.0,Null,0.0,0.0,,30.0,Hastings District,Unknown,0.0,1.0,0.0,0.0,0.0,0.0,Open,1.0,0.0,0.0,Fine
238583,1931733.0,5603236.0,545721.0,0.0,0.0,1.0,North,2018/2019,HOWARD ST,ST GEORGES ROAD,Minor Crash,No,2018,South,0.0,,Flat,,,,,Overcast,1472801.0,1.0,0.0,0.0,2.0,0.0,,,Hawke's Bay Region,Nil,2-way,Sealed,0.0,0.0,,80.0,,Null,0.0,0.0,30.0,30.0,Hastings District,Unknown,,,,,0.0,0.0,Open,0.0,,,Fine
345849,1906113.1639,5629969.9978,545912.0,0.0,0.0,0.0,East,2019/2020,WALDON ROAD,MANGATUTU ROAD,Minor Crash,No,2019,East,0.0,,Hill Road,,Christmas New Year,,,Overcast,1411700.0,10.0,0.0,0.0,2.0,0.0,,,Hawke's Bay Region,Nil,2-way,Unsealed,0.0,0.0,,100.0,,None,0.0,0.0,,30.0,Hastings District,Nil,,,,,0.0,0.0,Open,1.0,,,Fine
408914,1936866.0,5639381.0,545811.0,0.0,0.0,1.0,South,2005/2006,SH 2,TANGOIO SETTLEMENT ROAD S,Non-Injury Crash,Yes,2006,North,0.0,0.0,Flat,0.0,,0.0,0.0,Dark,1415800.0,0.0,0.0,0.0,2.0,0.0,0.0,,Hawke's Bay Region,Nil,2-way,Sealed,0.0,0.0,0.0,100.0,0.0,Off,0.0,0.0,,30.0,Hastings District,Nil,0.0,0.0,0.0,1.0,0.0,0.0,Open,0.0,0.0,0.0,Fine
129870,1927241.0,5607698.0,545710.0,0.0,0.0,2.0,North,2012/2013,OMAHU ROAD,WILSON ROAD,Non-Injury Crash,No,2013,North,0.0,,Flat,,,,,Bright sun,1471000.0,0.0,0.0,0.0,2.0,0.0,,,Hawke's Bay Region,Nil,2-way,Sealed,0.0,0.0,,50.0,,Null,1.0,0.0,,30.0,Hastings District,Nil,,,,,0.0,0.0,Urban,1.0,,,Fine
692019,1930703.3451,5604429.1951,548100.0,0.0,0.0,2.0,East,2018/2019,RIVERSLEA ROAD NORTH,ST AUBYN STREET EAST,Non-Injury Crash,No,2018,West,0.0,0.0,Null,0.0,,0.0,0.0,Unknown,1500900.0,0.0,0.0,0.0,2.0,0.0,1.0,,Hawke's Bay Region,Nil,2-way,Null,0.0,0.0,0.0,50.0,0.0,Null,0.0,0.0,,30.0,Hastings District,Nil,0.0,0.0,0.0,0.0,0.0,0.0,Urban,0.0,0.0,0.0,Null
503261,1934562.0,5609821.0,545832.0,0.0,0.0,0.0,West,2017/2018,FARNDON ROAD,FARNDON OBR,Non-Injury Crash,No,2017,West,0.0,,Flat,,,,,Bright sun,1404300.0,0.0,0.0,0.0,2.0,0.0,,,Hawke's Bay Region,Bridge,2-way,Sealed,0.0,0.0,,100.0,,Null,1.0,0.0,,30.0,Hastings District,Nil,,,,,0.0,0.0,Open,1.0,,,Fine
55316,1925486.0,5607083.0,548620.0,0.0,0.0,1.0,East,2005/2006,FLAXMERE AVENUE,HENDERSON ROAD,Non-Injury Crash,No,2006,North,0.0,0.0,Flat,0.0,,0.0,0.0,Overcast,1475900.0,0.0,0.0,0.0,2.0,0.0,0.0,,Hawke's Bay Region,Nil,2-way,Sealed,0.0,0.0,0.0,50.0,0.0,Null,0.0,0.0,,30.0,Hastings District,Nil,1.0,0.0,0.0,1.0,0.0,0.0,Urban,0.0,0.0,0.0,Fine
426752,1928786.0,5605625.0,547700.0,0.0,0.0,1.0,Null,2009/2010,SOUTHAMPTON ST WEST,TOWNSHEND ST,Non-Injury Crash,No,2009,East,0.0,,Flat,,,,,Bright sun,1486800.0,0.0,0.0,0.0,2.0,0.0,,,Hawke's Bay Region,Nil,2-way,Sealed,0.0,0.0,,50.0,,Null,0.0,0.0,,30.0,Hastings District,Give way,,,,,1.0,0.0,Urban,0.0,,,Fine
487140,1931138.0,5607565.0,545721.0,0.0,0.0,1.0,South,2016/2017,RICHMOND ROAD,PAKOWHAI ROAD,Non-Injury Crash,No,2016,North,0.0,0.0,Flat,0.0,,0.0,0.0,Dark,1471401.0,0.0,0.0,0.0,2.0,0.0,0.0,,Hawke's Bay Region,Nil,2-way,Sealed,0.0,0.0,0.0,100.0,0.0,None,0.0,0.0,,30.0,Hastings District,Unknown,0.0,0.0,0.0,0.0,0.0,0.0,Open,0.0,0.0,0.0,Fine
533902,1928860.0,5582631.0,545860.0,0.0,0.0,0.0,North,2007/2008,KAHURANAKI ROAD,ELSTHORPE ROAD,Non-Injury Crash,No,2007,West,0.0,,Hill Road,,,,,Dark,1467400.0,0.0,0.0,0.0,2.0,0.0,,,Hawke's Bay Region,Nil,2-way,Sealed,0.0,0.0,,100.0,,None,1.0,0.0,,30.0,Hastings District,Nil,,,,,0.0,0.0,Open,0.0,,,Fine
305459,1929901.0,5604136.0,548300.0,0.0,0.0,1.0,Null,2010/2011,BEECH ST,WILLOWPARK ROAD,Non-Injury Crash,No,2011,South,0.0,0.0,Flat,0.0,,0.0,0.0,Bright sun,1503600.0,0.0,0.0,0.0,2.0,0.0,0.0,,Hawke's Bay Region,Nil,2-way,Sealed,0.0,0.0,0.0,50.0,0.0,Null,0.0,0.0,,30.0,Hastings District,Give way,0.0,1.0,0.0,0.0,0.0,0.0,Urban,0.0,0.0,0.0,Light rain
659416,1931876.0,5603082.0,545721.0,0.0,0.0,2.0,Null,2003/2004,ST GEORGES ROAD,HOWARD ST,Non-Injury Crash,No,2004,South,0.0,,Flat,,,,,Bright sun,1472801.0,0.0,0.0,0.0,2.0,0.0,,,Hawke's Bay Region,Nil,2-way,Sealed,0.0,0.0,,50.0,,Null,0.0,0.0,,30.0,Hastings District,Nil,,,,,0.0,0.0,Urban,0.0,,,Fine
236726,1932829.0,5601939.0,548831.0,0.0,0.0,1.0,Null,2017/2018,KARANEMA DRIVE,NAPIER ROAD,Non-Injury Crash,No,2018,West,0.0,0.0,Flat,0.0,,0.0,0.0,Dark,1509100.0,0.0,0.0,0.0,2.0,0.0,0.0,,Hawke's Bay Region,Nil,2-way,Sealed,0.0,0.0,0.0,50.0,0.0,On,0.0,0.0,,30.0,Hastings District,Give way,0.0,1.0,0.0,0.0,0.0,0.0,Urban,0.0,0.0,0.0,Fine
433334,1928929.0,5606092.0,547700.0,0.0,0.0,2.0,South,2016/2017,HERETAUNGA ST WEST,STORTFORD ST,Non-Injury Crash,No,2017,North,0.0,,Flat,,,,,Bright sun,1486000.0,0.0,0.0,0.0,2.0,0.0,,,Hawke's Bay Region,Nil,2-way,Sealed,0.0,0.0,,50.0,,Null,0.0,0.0,,30.0,Hastings District,Unknown,,,,,0.0,0.0,Urban,0.0,,,Fine
608217,1928837.2407,5606214.6134,547700.0,0.0,0.0,1.0,South,2019/2020,HERETAUNGA STREET WEST,PAKOWHAI ROAD,Minor Crash,No,2019,North,0.0,,Flat,,,,,Overcast,1486000.0,1.0,0.0,0.0,2.0,0.0,,,Hawke's Bay Region,Nil,2-way,Sealed,0.0,0.0,,50.0,,None,0.0,0.0,,30.0,Hastings District,Unknown,,,,,1.0,0.0,Urban,0.0,,,Fine
411124,1922141.0,5640032.0,545811.0,0.0,0.0,1.0,North,2001/2002,SH 5,GLENGARRY ROAD,Serious Crash,Yes,2001,South,0.0,0.0,Hill Road,0.0,,0.0,0.0,Dark,1414600.0,0.0,0.0,0.0,2.0,0.0,0.0,,Hawke's Bay Region,Nil,2-way,Sealed,0.0,1.0,0.0,100.0,0.0,None,0.0,0.0,,30.0,Hastings District,Nil,0.0,0.0,0.0,0.0,0.0,0.0,Open,0.0,0.0,0.0,Heavy rain
629880,1928862.0,5606180.0,547700.0,0.0,0.0,1.0,North,2013/2014,HERETAUNGA ST WEST,STORTFORD ST,Non-Injury Crash,No,2013,North,0.0,,Flat,,,,,Overcast,1486600.0,0.0,0.0,0.0,2.0,0.0,,,Hawke's Bay Region,Nil,2-way,Sealed,0.0,0.0,,50.0,,Null,0.0,0.0,,30.0,Hastings District,Nil,,,,,0.0,0.0,Urban,1.0,,,Fine
677526,1926528.716,5607981.8817,548400.0,1.0,0.0,0.0,East,2018/2019,OMAHA ROAD,Henderson Road,Minor Crash,No,2019,West,0.0,,Flat,,,,,Dark,1473400.0,1.0,0.0,0.0,2.0,0.0,,,Hawke's Bay Region,Nil,2-way,Sealed,0.0,0.0,,50.0,,On,0.0,0.0,,30.0,Hastings District,Nil,,,,,0.0,0.0,Urban,1.0,,,Fine
600760,1928133.0,5634838.0,545811.0,0.0,0.0,0.0,South,2015/2016,SH 5,MARSHALLS BR,Serious Crash,Yes,2016,North,0.0,,Hill Road,,,,,Dark,1414800.0,2.0,0.0,0.0,2.0,0.0,,,Hawke's Bay Region,Nil,2-way,Sealed,0.0,1.0,,100.0,,None,1.0,0.0,,30.0,Hastings District,Unknown,,,,,0.0,0.0,Open,1.0,,,Fine
501211,1929972.0,5606573.0,547600.0,0.0,0.0,1.0,East,2008/2009,DUKE ST,TAMATEA ST,Minor Crash,No,2008,East,0.0,1.0,Flat,0.0,,0.0,0.0,Twilight,1485600.0,2.0,0.0,0.0,2.0,0.0,0.0,,Hawke's Bay Region,Nil,2-way,Sealed,0.0,0.0,0.0,50.0,0.0,Off,0.0,0.0,,30.0,Hastings District,Nil,0.0,0.0,0.0,0.0,0.0,0.0,Urban,0.0,0.0,0.0,Fine
269171,1929984.0,5607185.0,545710.0,0.0,0.0,2.0,Null,2016/2017,PAKOWHAI ROAD,FREDERICK ST,Non-Injury Crash,No,2016,North,0.0,,Flat,,,,,Bright sun,1471300.0,0.0,0.0,0.0,2.0,0.0,,,Hawke's Bay Region,Nil,2-way,Sealed,0.0,0.0,,50.0,,Null,0.0,0.0,,30.0,Hastings District,Give way,,,,,0.0,0.0,Urban,0.0,,,Fine