OBJECTID,X,Y,areaUnitID,bicycle,bus,carStationWagon,crashDirectionDescription,crashFinancialYear,crashLocation1,crashLocation2,crashSeverity,crashSHDescription,crashYear,directionRoleDescription,fatalCount,fence,flatHill,guardRail,holiday,houseOrBuilding,kerb,light,meshblockId,minorInjuryCount,moped,motorcycle,NumberOfLanes,otherVehicleType,parkedVehicle,pedestrian,region,roadCharacter,roadLane,roadSurface,schoolBus,seriousInjuryCount,slipOrFlood,speedLimit,strayAnimal,streetLight,suv,taxi,temporarySpeedLimit,tlaId,tlaName,trafficControl,trafficIsland,trafficSign,train,tree,truck,unknownVehicleType,urban,vanOrUtility,vehicle,waterRiver,weatherA
668090,1925321.0,5599568.0,545852.0,0.0,0.0,1.0,Null,2001/2002,SH 50A,TE AUTE ROAD,Non-Injury Crash,Yes,2001,North,0.0,,Flat,,,,,Overcast,1469600.0,0.0,0.0,0.0,2.0,0.0,,,Hawke's Bay Region,Nil,2-way,Sealed,0.0,0.0,,100.0,,Null,0.0,0.0,,30.0,Hastings District,Stop,,,,,0.0,0.0,Open,1.0,,,Fine
216053,1931244.0,5614371.0,545831.0,0.0,0.0,1.0,North,2007/2008,SH 50,PAKOWHAI ON NBD,Non-Injury Crash,Yes,2008,North,0.0,,Flat,,,,,Bright sun,1404600.0,0.0,0.0,0.0,2.0,0.0,,,Hawke's Bay Region,Nil,2-way,Sealed,0.0,0.0,,100.0,,Null,0.0,0.0,,30.0,Hastings District,Nil,,,,,1.0,0.0,Open,0.0,,,Fine
424579,1929416.0,5605849.0,547700.0,0.0,0.0,2.0,Null,2012/2013,AVENUE ROAD WEST,MCLEAN ST,Non-Injury Crash,No,2013,North,0.0,,Flat,,,,,Bright sun,1488000.0,0.0,0.0,0.0,2.0,0.0,,,Hawke's Bay Region,Nil,2-way,Sealed,0.0,0.0,,50.0,,Null,0.0,0.0,,30.0,Hastings District,Give way,,,,,0.0,0.0,Urban,0.0,,,Fine
640420,1928798.0,5606283.0,547700.0,0.0,0.0,2.0,Null,2014/2015,PAKOWHAI ROAD,HERETAUNGA ST WEST,Non-Injury Crash,No,2015,South,0.0,,Flat,,,,,Overcast,1486000.0,0.0,0.0,0.0,2.0,0.0,,,Hawke's Bay Region,Nil,2-way,Sealed,0.0,0.0,,50.0,,Null,0.0,0.0,,30.0,Hastings District,Give way,,,,,0.0,0.0,Urban,0.0,,,Fine
512407,1910148.0,5664381.0,545911.0,0.0,0.0,1.0,North,2005/2006,SH 5,SUMMIT KIOSK,Non-Injury Crash,Yes,2006,North,0.0,0.0,Hill Road,0.0,,0.0,0.0,Overcast,1414400.0,0.0,0.0,0.0,2.0,0.0,0.0,,Hawke's Bay Region,Nil,2-way,Sealed,0.0,0.0,0.0,100.0,0.0,Null,0.0,0.0,,30.0,Hastings District,Nil,0.0,0.0,0.0,0.0,0.0,0.0,Open,0.0,0.0,0.0,Heavy rain
676085,1924927.0,5637537.0,545811.0,0.0,0.0,0.0,South,2005/2006,SH 5,GLENGARRY ROAD,Non-Injury Crash,Yes,2005,North,0.0,0.0,Hill Road,0.0,,0.0,0.0,Bright sun,1414800.0,0.0,0.0,0.0,3.0,0.0,0.0,,Hawke's Bay Region,Nil,2-way,Sealed,0.0,0.0,0.0,100.0,0.0,Null,1.0,0.0,50.0,30.0,Hastings District,Nil,0.0,0.0,0.0,0.0,0.0,0.0,Open,0.0,0.0,0.0,Fine
611940,1924843.0,5600698.0,545851.0,0.0,0.0,1.0,North,2013/2014,SH 50A,TURAMOE ROAD,Minor Crash,Yes,2014,South,0.0,,Flat,,,,,Dark,1463500.0,1.0,0.0,0.0,2.0,0.0,,,Hawke's Bay Region,Nil,2-way,Sealed,0.0,0.0,,100.0,,None,0.0,0.0,,30.0,Hastings District,Nil,,,,,0.0,0.0,Open,0.0,,,Fine
87214,1934240.0,5607461.0,545722.0,0.0,0.0,1.0,Null,2003/2004,SH 2,PILCHER ROAD,Minor Crash,Yes,2004,South,0.0,,Flat,,,,,Overcast,1406300.0,1.0,0.0,0.0,2.0,0.0,,,Hawke's Bay Region,Nil,2-way,Sealed,0.0,0.0,,100.0,,Null,0.0,0.0,,30.0,Hastings District,Stop,,,,,0.0,0.0,Open,1.0,,,Fine
678056,1928885.0,5600958.0,545852.0,0.0,0.0,2.0,East,2017/2018,TE AUTE ROAD,LONGLANDS ROAD EAST,Minor Crash,No,2017,East,0.0,,Flat,,,,,Bright sun,1465700.0,1.0,0.0,0.0,2.0,0.0,,,Hawke's Bay Region,Bridge,2-way,Sealed,0.0,0.0,,100.0,,Null,0.0,0.0,,30.0,Hastings District,Unknown,,,,,0.0,0.0,Open,1.0,,,Fine
372974,1922993.0,5638337.0,545811.0,0.0,0.0,1.0,South,2006/2007,SH 5,GLENGARRY ROAD,Non-Injury Crash,Yes,2006,South,0.0,1.0,Hill Road,0.0,,0.0,0.0,Dark,1414800.0,0.0,0.0,0.0,2.0,0.0,0.0,,Hawke's Bay Region,Nil,2-way,Sealed,0.0,0.0,0.0,100.0,0.0,None,0.0,0.0,,30.0,Hastings District,Unknown,0.0,0.0,0.0,0.0,0.0,0.0,Open,0.0,0.0,0.0,Light rain
15783,1914317.4919999999,5656300.1119,545911.0,0.0,0.0,1.0,West,2019/2020,SH 5,WAITARA ROAD,Minor Crash,Yes,2020,North,0.0,,Hill Road,,,,,Twilight,1415900.0,2.0,0.0,0.0,3.0,0.0,,,Hawke's Bay Region,Nil,2-way,Sealed,0.0,0.0,,100.0,,None,0.0,0.0,,30.0,Hastings District,Nil,,,,,0.0,0.0,Open,1.0,,,Light rain
694891,1901306.0,5598637.0,545841.0,0.0,0.0,0.0,South,2000/2001,SH 50,SALISBURY ROAD,Minor Crash,Yes,2001,North,0.0,0.0,Hill Road,0.0,,0.0,0.0,Bright sun,1462600.0,1.0,0.0,1.0,2.0,0.0,0.0,,Hawke's Bay Region,Nil,2-way,Sealed,0.0,0.0,0.0,100.0,0.0,None,0.0,0.0,,30.0,Hastings District,Nil,0.0,0.0,0.0,0.0,0.0,0.0,Open,0.0,0.0,0.0,Fine
15386,1930920.0,5613492.0,545831.0,0.0,0.0,1.0,North,2016/2017,SH 50A,SH 50,Non-Injury Crash,Yes,2017,South,0.0,,Flat,,,,,Bright sun,1404500.0,0.0,0.0,0.0,4.0,0.0,,,Hawke's Bay Region,Motorway ramp,2-way,Sealed,0.0,0.0,,100.0,,Off,0.0,0.0,,30.0,Hastings District,Unknown,,,,,0.0,0.0,Open,1.0,,,Fine
512157,1932498.0,5610320.0,545832.0,0.0,0.0,1.0,South,2013/2014,PAKOWHAI ROAD,HODGSON ROAD,Minor Crash,No,2013,North,0.0,,Flat,,,,,Overcast,1404100.0,1.0,0.0,0.0,2.0,0.0,,,Hawke's Bay Region,Nil,2-way,Sealed,0.0,0.0,,100.0,,Null,0.0,0.0,,30.0,Hastings District,Nil,,,,,0.0,0.0,Open,1.0,,,Fine
375140,1932825.0,5601926.0,548831.0,1.0,0.0,1.0,Null,2011/2012,KARANEMA DRIVE,NAPIER ROAD,Serious Crash,No,2011,North,0.0,,Hill Road,,,,,Bright sun,1509600.0,0.0,0.0,0.0,2.0,0.0,,,Hawke's Bay Region,Nil,2-way,Sealed,0.0,1.0,,50.0,,Null,0.0,0.0,,30.0,Hastings District,Give way,,,,,0.0,0.0,Urban,0.0,,,Fine
630510,1912157.178,5586608.0666,545851.0,0.0,0.0,1.0,North,2020/2021,SH 2,TE ONEPU ROAD,Non-Injury Crash,Yes,2020,North,0.0,,Hill Road,,,,,Bright sun,1464600.0,0.0,0.0,0.0,2.0,0.0,,,Hawke's Bay Region,Nil,2-way,Sealed,0.0,0.0,,100.0,,None,0.0,0.0,,30.0,Hastings District,Nil,,,,,1.0,0.0,Open,0.0,,,Fine
598030,1926620.0,5602587.0,545852.0,0.0,0.0,0.0,West,2000/2001,LONGLANDS ROAD WEST,SH 2,Non-Injury Crash,No,2001,North,0.0,,Flat,,,,,Dark,1469600.0,0.0,0.0,0.0,2.0,1.0,,,Hawke's Bay Region,Nil,2-way,Sealed,0.0,0.0,,100.0,,None,0.0,0.0,,30.0,Hastings District,Nil,,,,,0.0,0.0,Open,0.0,,,Fine
597642,1927296.0,5605131.0,545761.0,0.0,0.0,2.0,Null,2003/2004,YORK ROAD,MARAEKAKAHO ROAD,Non-Injury Crash,No,2004,South,0.0,,Flat,,,,,Dark,1469905.0,0.0,0.0,0.0,2.0,0.0,,,Hawke's Bay Region,Nil,2-way,Sealed,0.0,0.0,,70.0,,On,0.0,0.0,,30.0,Hastings District,Give way,,,,,0.0,0.0,Urban,0.0,,,Light rain
441336,1936060.0,5610569.0,545730.0,0.0,0.0,2.0,Null,2017/2018,MILL ROAD,READ CRESCENT,Non-Injury Crash,No,2017,South,0.0,,Flat,,,,,Overcast,1405401.0,0.0,0.0,0.0,2.0,0.0,,,Hawke's Bay Region,Nil,2-way,Sealed,0.0,0.0,,50.0,,Null,0.0,0.0,,30.0,Hastings District,Give way,,,,,0.0,0.0,Urban,0.0,,,Fine
129754,1929560.0,5605258.0,548200.0,0.0,0.0,1.0,Null,2008/2009,HERETAUNGA ST WEST,NELSON ST SOUTH,Non-Injury Crash,No,2008,West,0.0,,Flat,,,,,Dark,1490100.0,0.0,0.0,1.0,2.0,0.0,,,Hawke's Bay Region,Nil,2-way,Sealed,0.0,0.0,,50.0,,On,0.0,0.0,,30.0,Hastings District,Traffic Signals,,,,,0.0,0.0,Urban,0.0,,,Fine
421524,1924554.0,5606533.0,545842.0,0.0,0.0,1.0,West,2008/2009,PORTSMOUTH ROAD,CAERNARVON DRIVE,Minor Crash,No,2008,East,0.0,1.0,Flat,0.0,,0.0,0.0,Dark,1470207.0,2.0,0.0,0.0,2.0,0.0,0.0,,Hawke's Bay Region,Nil,2-way,Sealed,0.0,0.0,0.0,50.0,0.0,On,0.0,0.0,,30.0,Hastings District,Nil,0.0,0.0,0.0,0.0,0.0,0.0,Urban,0.0,0.0,0.0,Fine
23697,1929436.7864,5608829.1187,545710.0,0.0,0.0,1.0,Null,2018/2019,50A-0000/04.97-D,EVENDON ROAD,Non-Injury Crash,Yes,2018,North,0.0,,Flat,,,,,Bright sun,1471201.0,0.0,0.0,0.0,2.0,0.0,,,Hawke's Bay Region,Nil,2-way,Sealed,0.0,0.0,,100.0,,Off,1.0,0.0,,30.0,Hastings District,Give way,,,,,0.0,0.0,Open,0.0,,,Fine
727567,1930786.0,5603720.0,548100.0,0.0,0.0,0.0,East,2006/2007,HERETAUNGA ST EAST,LUMSDEN ROAD,Non-Injury Crash,No,2007,West,0.0,,Flat,,,,,Bright sun,1500300.0,0.0,0.0,0.0,2.0,0.0,,1.0,Hawke's Bay Region,Nil,2-way,Sealed,0.0,0.0,,50.0,,Null,0.0,0.0,,30.0,Hastings District,Nil,,,,,0.0,0.0,Urban,1.0,,,Fine
551563,1927127.0,5602158.0,545852.0,0.0,0.0,2.0,South,2004/2005,RAILWAY ROAD SOUTH,LONGLANDS ROAD EAST,Minor Crash,No,2005,South,0.0,,Flat,,,,,Overcast,1468700.0,2.0,0.0,0.0,2.0,0.0,,,Hawke's Bay Region,Nil,2-way,Sealed,0.0,0.0,,100.0,,Null,0.0,0.0,,30.0,Hastings District,Nil,,,,,0.0,0.0,Open,1.0,,,Fine
87610,1930795.0,5604810.0,548100.0,0.0,0.0,2.0,Null,2011/2012,ALBERT ST,WILLOWPARK ROAD NORTH,Minor Crash,No,2012,West,0.0,,Flat,,,,,Overcast,1499700.0,1.0,0.0,0.0,2.0,0.0,,,Hawke's Bay Region,Nil,2-way,Sealed,0.0,0.0,,50.0,,Null,0.0,0.0,,30.0,Hastings District,Give way,,,,,0.0,0.0,Urban,0.0,,,Light rain
425561,1913232.0,5618208.0,545821.0,0.0,0.0,1.0,North,2011/2012,TAIHAPE ROAD,MATAPIRO ROAD,Minor Crash,No,2012,North,0.0,1.0,Hill Road,0.0,,0.0,0.0,Overcast,1410300.0,1.0,0.0,0.0,2.0,0.0,0.0,,Hawke's Bay Region,Nil,2-way,Sealed,0.0,0.0,0.0,100.0,0.0,Null,0.0,0.0,,30.0,Hastings District,Nil,0.0,0.0,0.0,0.0,0.0,0.0,Open,0.0,0.0,0.0,Light rain
533539,1925122.0,5607594.0,548620.0,0.0,0.0,1.0,Null,2002/2003,FLAXMERE AVENUE,CHATHAM ROAD,Non-Injury Crash,No,2003,West,0.0,,Flat,,,,,Bright sun,1474203.0,0.0,0.0,0.0,2.0,0.0,,,Hawke's Bay Region,Nil,2-way,Sealed,0.0,0.0,,50.0,,Null,0.0,0.0,,30.0,Hastings District,Give way,,,,,0.0,0.0,Urban,1.0,,,Fine
77885,1931041.0,5613829.0,545831.0,0.0,0.0,2.0,Null,2013/2014,SH 50,PAKOWHAI ON NBD,Non-Injury Crash,Yes,2013,South,0.0,,Flat,,,,,Overcast,1404600.0,0.0,0.0,0.0,4.0,0.0,,,Hawke's Bay Region,Nil,2-way,Sealed,0.0,0.0,,100.0,,Null,0.0,0.0,,30.0,Hastings District,Traffic Signals,,,,,0.0,0.0,Open,1.0,,,Heavy rain
143274,1930021.0,5605226.0,548200.0,0.0,0.0,2.0,South,2006/2007,MARKET ST NORTH,ST AUBYN ST WEST,Non-Injury Crash,No,2006,South,0.0,0.0,Flat,0.0,,0.0,0.0,Bright sun,1491400.0,0.0,0.0,0.0,2.0,0.0,1.0,,Hawke's Bay Region,Nil,2-way,Sealed,0.0,0.0,0.0,50.0,0.0,Null,0.0,0.0,,30.0,Hastings District,Nil,0.0,0.0,0.0,0.0,0.0,0.0,Urban,1.0,0.0,0.0,Fine
613205,1937466.0,5608602.0,545730.0,0.0,0.0,0.0,Null,2012/2013,MILL ROAD,BLACKS BR,Non-Injury Crash,No,2013,North,0.0,0.0,Flat,0.0,,0.0,0.0,Dark,1405300.0,0.0,0.0,0.0,2.0,0.0,0.0,,Hawke's Bay Region,Bridge,2-way,Sealed,0.0,0.0,0.0,100.0,0.0,None,1.0,0.0,,30.0,Hastings District,Nil,0.0,0.0,0.0,0.0,0.0,0.0,Open,0.0,0.0,0.0,Fine
626270,1928842.0,5603900.0,547900.0,0.0,0.0,2.0,Null,1999/2000,RAILWAY ROAD,MURDOCH ROAD WEST,Non-Injury Crash,No,2000,East,0.0,,Flat,,Easter,,,Twilight,1482600.0,0.0,0.0,0.0,2.0,0.0,,,Hawke's Bay Region,Nil,2-way,Sealed,0.0,0.0,,70.0,,Off,0.0,0.0,,30.0,Hastings District,Stop,,,,,0.0,0.0,Urban,0.0,,,Fine
632067,1927703.0,5607024.0,548500.0,0.0,0.0,0.0,East,2003/2004,STONYCROFT ST,ORCHARD ROAD,Non-Injury Crash,No,2003,North,0.0,0.0,Flat,0.0,,0.0,0.0,Overcast,1477900.0,0.0,0.0,0.0,2.0,0.0,1.0,,Hawke's Bay Region,Nil,2-way,Sealed,0.0,0.0,0.0,50.0,0.0,Null,0.0,0.0,,30.0,Hastings District,Nil,0.0,0.0,0.0,0.0,1.0,0.0,Urban,1.0,0.0,0.0,Fine
28346,1932476.0,5603508.0,545721.0,0.0,0.0,1.0,South,1999/2000,ST GEORGES ROAD,CROSSES ROAD,Non-Injury Crash,No,2000,North,0.0,0.0,Flat,0.0,,0.0,0.0,Dark,1472702.0,0.0,0.0,0.0,2.0,0.0,0.0,,Hawke's Bay Region,Nil,2-way,Sealed,0.0,0.0,0.0,100.0,0.0,Off,0.0,0.0,,30.0,Hastings District,Unknown,0.0,0.0,0.0,0.0,0.0,0.0,Open,0.0,0.0,0.0,Fine
654317,1925667.0,5607268.0,548620.0,0.0,0.0,1.0,Null,2009/2010,DOVER ROAD,FOLKESTONE DRIVE,Minor Crash,No,2010,West,0.0,,Flat,,,,,Bright sun,1476000.0,1.0,0.0,0.0,2.0,0.0,,1.0,Hawke's Bay Region,Nil,2-way,Sealed,0.0,0.0,,50.0,,Null,0.0,0.0,,30.0,Hastings District,Nil,,,,,0.0,0.0,Urban,0.0,,,Fine
436926,1929466.9748,5608871.3581,545710.0,0.0,0.0,2.0,Null,2019/2020,HAWKES BAY EXPRESSWAY,EVENDEN ROAD,Non-Injury Crash,Yes,2020,East,0.0,,Flat,,,,,Bright sun,1471100.0,0.0,0.0,0.0,3.0,0.0,,,Hawke's Bay Region,Nil,2-way,Sealed,0.0,0.0,,100.0,,Off,0.0,0.0,,30.0,Hastings District,Give way,,,,,0.0,0.0,Open,0.0,,,Fine
523939,1930445.0,5605078.0,548200.0,0.0,0.0,1.0,Null,2011/2012,VICTORIA ST,WARREN ST NORTH,Non-Injury Crash,No,2011,North,0.0,,Flat,,,,,Overcast,1494500.0,0.0,0.0,0.0,2.0,0.0,,,Hawke's Bay Region,Nil,2-way,Sealed,0.0,0.0,,50.0,,Null,0.0,0.0,,30.0,Hastings District,Give way,,,,,0.0,0.0,Urban,1.0,,,Light rain
666037,1932575.0,5608502.0,545721.0,0.0,0.0,1.0,Null,2006/2007,WHAKATU ROAD,RUAHAPIA ROAD,Non-Injury Crash,No,2007,South,0.0,,Flat,,,,,Overcast,1471600.0,0.0,0.0,0.0,2.0,0.0,,,Hawke's Bay Region,Nil,2-way,Sealed,0.0,0.0,,100.0,,Null,0.0,0.0,,30.0,Hastings District,Give way,,,,,1.0,0.0,Open,0.0,,,Light rain
624159,1924219.4535,5608435.9057,548611.0,0.0,0.0,0.0,North,2018/2019,KIRKWOOD ROAD,WILKES PLACE,Non-Injury Crash,No,2018,South,0.0,,Flat,,Christmas New Year,,,Bright sun,1469706.0,0.0,0.0,0.0,2.0,0.0,,,Hawke's Bay Region,Nil,2-way,Sealed,0.0,0.0,,50.0,,Off,0.0,0.0,,30.0,Hastings District,Give way,,,,,1.0,0.0,Urban,1.0,,,Fine
590474,1933346.0,5601418.0,548832.0,0.0,0.0,2.0,South,2014/2015,DUART ROAD,GILLEAN ST,Non-Injury Crash,No,2014,North,0.0,,Flat,,,,,Bright sun,1509000.0,0.0,0.0,0.0,2.0,0.0,,,Hawke's Bay Region,Nil,2-way,Sealed,0.0,0.0,,50.0,,Null,0.0,0.0,,30.0,Hastings District,Nil,,,,,0.0,0.0,Urban,0.0,,,Fine
295733,1929468.0,5605379.0,548200.0,0.0,0.0,1.0,Null,2006/2007,SOUTHLAND ROAD,HERETAUNGA ST WEST,Non-Injury Crash,No,2007,North,0.0,,Flat,,,,,Bright sun,1490100.0,0.0,0.0,0.0,2.0,0.0,,,Hawke's Bay Region,Nil,2-way,Sealed,0.0,0.0,,50.0,,Null,0.0,0.0,,30.0,Hastings District,Stop,,,,,1.0,0.0,Urban,0.0,,,Fine
290741,1925395.0,5607421.0,548620.0,0.0,0.0,2.0,North,2004/2005,WHITBY CRESCENT,FLAXMERE AVENUE,Non-Injury Crash,No,2005,North,0.0,0.0,Hill Road,0.0,,0.0,0.0,Bright sun,1474203.0,0.0,0.0,0.0,2.0,0.0,1.0,,Hawke's Bay Region,Nil,2-way,Sealed,0.0,0.0,0.0,50.0,0.0,Null,0.0,0.0,,30.0,Hastings District,Nil,0.0,0.0,0.0,0.0,0.0,0.0,Urban,0.0,0.0,0.0,Fine
714625,1932366.0,5606425.0,545721.0,0.0,0.0,1.0,South,2008/2009,BENNETT ROAD,APATU ROAD,Non-Injury Crash,No,2009,North,0.0,0.0,Flat,0.0,,0.0,0.0,Bright sun,1472000.0,0.0,0.0,0.0,2.0,0.0,0.0,,Hawke's Bay Region,Nil,2-way,Sealed,0.0,0.0,0.0,70.0,0.0,Null,0.0,0.0,,30.0,Hastings District,Nil,0.0,0.0,0.0,0.0,0.0,0.0,Urban,0.0,0.0,0.0,Fine
417052,1932652.0,5609542.0,545832.0,0.0,0.0,2.0,Null,2004/2005,CHESTERHOPE BRIDGE,FARNDON ROAD,Minor Crash,No,2004,South,0.0,,Flat,,,,,Dark,1404300.0,1.0,0.0,0.0,2.0,0.0,,,Hawke's Bay Region,Nil,2-way,Sealed,0.0,0.0,,100.0,,On,0.0,0.0,,30.0,Hastings District,Give way,,,,,0.0,0.0,Open,0.0,,,Fine
511912,1929255.0,5609110.0,545710.0,0.0,0.0,1.0,Null,2017/2018,ORMOND ROAD,EVENDEN ROAD,Serious Crash,No,2017,North,0.0,,Flat,,,,,Bright sun,1471000.0,0.0,0.0,1.0,2.0,0.0,,,Hawke's Bay Region,Nil,2-way,Sealed,0.0,1.0,,100.0,,Null,0.0,0.0,,30.0,Hastings District,Stop,,,,,0.0,0.0,Open,0.0,,,Fine
314856,1936469.0,5610658.0,545730.0,0.0,0.0,0.0,South,2014/2015,TUCKER LANE,VALERIE ST,Non-Injury Crash,No,2014,East,0.0,1.0,Flat,0.0,,0.0,0.0,Dark,1405500.0,0.0,0.0,0.0,2.0,0.0,0.0,,Hawke's Bay Region,Nil,2-way,Sealed,0.0,0.0,0.0,50.0,0.0,On,1.0,0.0,,30.0,Hastings District,Nil,0.0,0.0,0.0,1.0,0.0,0.0,Urban,0.0,0.0,0.0,Fine
353153,1929373.0,5605307.0,548200.0,0.0,0.0,1.0,Null,2005/2006,SOUTHLAND ROAD,EASTBOURNE ST,Non-Injury Crash,No,2005,East,0.0,1.0,Flat,0.0,,1.0,0.0,Overcast,1488800.0,0.0,0.0,0.0,2.0,0.0,0.0,,Hawke's Bay Region,Nil,2-way,Sealed,0.0,0.0,0.0,50.0,0.0,Null,0.0,0.0,,30.0,Hastings District,Give way,0.0,0.0,0.0,0.0,0.0,0.0,Urban,0.0,0.0,0.0,Fine
613371,1929657.0,5605330.0,548200.0,0.0,0.0,1.0,Null,2004/2005,QUEEN ST WEST,NELSON ST NORTH,Non-Injury Crash,No,2004,North,0.0,,Flat,,,,,Overcast,1490800.0,0.0,0.0,0.0,2.0,0.0,,,Hawke's Bay Region,Nil,2-way,Sealed,0.0,0.0,,50.0,,Null,0.0,0.0,,30.0,Hastings District,Give way,,,,,0.0,0.0,Urban,1.0,,,Light rain
418710,1930473.0,5607553.0,545721.0,0.0,0.0,2.0,Null,2000/2001,EVENDEN ROAD,PAKOWHAI ROAD,Non-Injury Crash,No,2001,East,0.0,,Flat,,,,,Bright sun,1471401.0,0.0,0.0,0.0,2.0,0.0,,,Hawke's Bay Region,Nil,2-way,Sealed,0.0,0.0,,70.0,,Null,0.0,0.0,,30.0,Hastings District,Give way,,,,,0.0,0.0,Urban,0.0,,,Fine
5279,1916081.0,5604836.0,545841.0,0.0,0.0,1.0,Null,2009/2010,SH 50,MARAEKAKAHO ROAD,Non-Injury Crash,Yes,2009,South,0.0,,Flat,,,,,Bright sun,1462901.0,0.0,0.0,0.0,2.0,0.0,,,Hawke's Bay Region,Nil,2-way,Sealed,0.0,0.0,,100.0,,Null,0.0,0.0,,30.0,Hastings District,Give way,,,,,0.0,0.0,Open,1.0,,,Fine
383045,1934373.0,5600117.0,548833.0,0.0,0.0,1.0,South,2016/2017,TE MATA PEAK ROAD,GREENWOOD ROAD,Non-Injury Crash,No,2017,North,0.0,1.0,Hill Road,0.0,,0.0,0.0,Dark,1466710.0,0.0,0.0,0.0,2.0,0.0,0.0,,Hawke's Bay Region,Nil,2-way,Sealed,0.0,0.0,0.0,50.0,0.0,None,0.0,0.0,,30.0,Hastings District,Unknown,0.0,0.0,0.0,0.0,0.0,0.0,Urban,0.0,0.0,0.0,Fine
314044,1912618.0679,5611960.6558,545821.0,0.0,0.0,1.0,North,2019/2020,MATAPIRO ROAD,OHITI ROAD,Non-Injury Crash,No,2019,North,0.0,1.0,Flat,0.0,,0.0,0.0,Overcast,1409000.0,0.0,0.0,0.0,1.0,0.0,0.0,,Hawke's Bay Region,Nil,2-way,Sealed,0.0,0.0,0.0,100.0,0.0,None,0.0,0.0,,30.0,Hastings District,Nil,0.0,0.0,0.0,0.0,0.0,0.0,Open,0.0,0.0,0.0,Light rain
548291,1929919.0,5603128.0,548300.0,0.0,0.0,1.0,Null,2004/2005,COPELAND ROAD,LUMSDEN ROAD,Non-Injury Crash,No,2004,East,0.0,0.0,Flat,0.0,,0.0,0.0,Bright sun,1504400.0,0.0,0.0,0.0,2.0,0.0,0.0,,Hawke's Bay Region,Nil,2-way,Sealed,0.0,0.0,0.0,50.0,0.0,Null,0.0,0.0,,30.0,Hastings District,Give way,0.0,0.0,0.0,1.0,0.0,0.0,Urban,0.0,0.0,0.0,Fine
722951,1930677.0,5612575.0,545832.0,0.0,0.0,1.0,South,2013/2014,SH 50A,SH 50,Non-Injury Crash,Yes,2013,South,0.0,,Flat,,,,,Overcast,1404400.0,0.0,0.0,0.0,2.0,0.0,,,Hawke's Bay Region,Nil,2-way,Sealed,0.0,0.0,,100.0,,Null,1.0,0.0,,30.0,Hastings District,Nil,,,,,0.0,0.0,Open,0.0,,,Fine
142884,1934757.0,5608803.0,545722.0,0.0,0.0,1.0,South,2006/2007,SH 2,BUCKINGHAM ST,Non-Injury Crash,Yes,2007,South,0.0,1.0,Flat,0.0,,0.0,0.0,Dark,1406300.0,0.0,0.0,0.0,2.0,0.0,0.0,,Hawke's Bay Region,Nil,2-way,Sealed,0.0,0.0,0.0,100.0,0.0,None,0.0,0.0,,30.0,Hastings District,Nil,0.0,0.0,0.0,0.0,0.0,0.0,Open,0.0,0.0,0.0,Fine
198056,1936328.0,5611121.0,545730.0,1.0,0.0,1.0,North,2008/2009,SH 2,TUCKER LANE,Minor Crash,Yes,2009,South,0.0,0.0,Flat,0.0,,0.0,0.0,Bright sun,1405500.0,1.0,0.0,0.0,2.0,0.0,1.0,,Hawke's Bay Region,Nil,2-way,Sealed,0.0,0.0,0.0,50.0,0.0,Null,0.0,0.0,,30.0,Hastings District,Nil,0.0,0.0,0.0,0.0,0.0,0.0,Urban,0.0,0.0,0.0,Null
436985,1935277.0,5646457.0,545911.0,0.0,0.0,0.0,North,2005/2006,SH 2,AROPAOANUI ROAD,Non-Injury Crash,Yes,2006,East,0.0,,Hill Road,,,,,Bright sun,1415200.0,0.0,0.0,0.0,2.0,0.0,,,Hawke's Bay Region,Nil,2-way,Sealed,0.0,0.0,,100.0,,Null,0.0,0.0,,30.0,Hastings District,Nil,,,,,1.0,0.0,Open,0.0,,,Fine
21337,1928424.4109,5606624.0262,548500.0,0.0,0.0,2.0,South,2018/2019,OMAHU ROAD,KARAITIANA STREET,Minor Crash,No,2019,West,0.0,,Flat,,,,,Bright sun,1478700.0,1.0,0.0,0.0,2.0,0.0,,,Hawke's Bay Region,Nil,2-way,Sealed,0.0,0.0,,50.0,,Off,0.0,0.0,,30.0,Hastings District,Nil,,,,,0.0,0.0,Urban,0.0,,,Fine
153255,1928212.0,5606830.0,548500.0,1.0,0.0,0.0,West,2006/2007,OMAHU ROAD,FRIMLEY AVENUE,Minor Crash,No,2006,East,0.0,,Flat,,,,,Overcast,1478500.0,1.0,0.0,0.0,2.0,0.0,,,Hawke's Bay Region,Nil,2-way,Sealed,0.0,0.0,,50.0,,Null,0.0,0.0,,30.0,Hastings District,Nil,,,,,1.0,0.0,Urban,0.0,,,Fine
360768,1910489.0,5604897.0,545841.0,0.0,0.0,1.0,West,2015/2016,KERERU ROAD,MARAEKAKAHO RIVER ROAD,Non-Injury Crash,No,2015,East,0.0,,Flat,,,,,Bright sun,1462401.0,0.0,0.0,0.0,1.0,0.0,,,Hawke's Bay Region,Nil,2-way,Sealed,0.0,0.0,,100.0,,Null,0.0,0.0,,30.0,Hastings District,Unknown,,,,,0.0,0.0,Open,0.0,,,Fine