OBJECTID,X,Y,areaUnitID,bicycle,bus,carStationWagon,crashDirectionDescription,crashFinancialYear,crashLocation1,crashLocation2,crashSeverity,crashSHDescription,crashYear,directionRoleDescription,fatalCount,fence,flatHill,guardRail,holiday,houseOrBuilding,kerb,light,meshblockId,minorInjuryCount,moped,motorcycle,NumberOfLanes,otherVehicleType,parkedVehicle,pedestrian,region,roadCharacter,roadLane,roadSurface,schoolBus,seriousInjuryCount,slipOrFlood,speedLimit,strayAnimal,streetLight,suv,taxi,temporarySpeedLimit,tlaId,tlaName,trafficControl,trafficIsland,trafficSign,train,tree,truck,unknownVehicleType,urban,vanOrUtility,vehicle,waterRiver,weatherA
709688,1930176.0235,5607331.4133,545710.0,0.0,0.0,1.0,South,2019/2020,PAKOWHAI ROAD,WILLIAMS STREET,Non-Injury Crash,No,2020,North,0.0,,Flat,,,,,Bright sun,1471300.0,0.0,0.0,0.0,1.0,0.0,,,Hawke's Bay Region,Nil,2-way,Sealed,0.0,0.0,,50.0,,Off,0.0,0.0,,30.0,Hastings District,Nil,,,,,0.0,0.0,Urban,1.0,,,Fine
598173,1924914.0,5607532.0,548612.0,0.0,0.0,2.0,West,2001/2002,BAFFIN PLACE,CHATHAM ROAD,Non-Injury Crash,No,2002,North,0.0,0.0,Flat,0.0,,0.0,0.0,Bright sun,1474118.0,0.0,0.0,0.0,1.0,0.0,1.0,,Hawke's Bay Region,Nil,2-way,Sealed,0.0,0.0,0.0,50.0,0.0,Null,0.0,0.0,,30.0,Hastings District,Nil,0.0,0.0,0.0,0.0,0.0,0.0,Urban,0.0,0.0,0.0,Fine
292185,1929956.0,5604530.0,548200.0,0.0,0.0,2.0,Null,2001/2002,EASTBOURNE ST EAST,HASTINGS SOUTH,Non-Injury Crash,No,2001,South,0.0,,Flat,,,,,Twilight,1493200.0,0.0,0.0,0.0,2.0,0.0,,,Hawke's Bay Region,Nil,2-way,Sealed,0.0,0.0,,50.0,,Off,0.0,0.0,,30.0,Hastings District,Give way,,,,,0.0,0.0,Urban,0.0,,,Fine
577287,1932499.0,5601809.0,548831.0,0.0,0.0,2.0,Null,2012/2013,HAVELOCK ROAD,PORTER DRIVE,Non-Injury Crash,No,2012,South,0.0,,Flat,,,,,Overcast,1509600.0,0.0,0.0,0.0,2.0,0.0,,,Hawke's Bay Region,Nil,2-way,Sealed,0.0,0.0,,50.0,,Null,0.0,0.0,,30.0,Hastings District,Give way,,,,,0.0,0.0,Urban,0.0,,,Light rain
669831,1924887.0,5608788.0,545710.0,0.0,0.0,1.0,East,2009/2010,OMAHU ROAD,TWYFORD ROAD,Non-Injury Crash,No,2009,West,0.0,0.0,Flat,0.0,,0.0,0.0,Bright sun,1470900.0,0.0,0.0,0.0,2.0,0.0,0.0,,Hawke's Bay Region,Nil,2-way,Sealed,0.0,0.0,0.0,70.0,0.0,Null,0.0,0.0,,30.0,Hastings District,Nil,0.0,0.0,0.0,0.0,0.0,0.0,Urban,1.0,0.0,0.0,Fine
27030,1932130.1452,5611575.0939,545832.0,0.0,0.0,1.0,Null,2020/2021,PAKOWHAI ROAD,BROOKFIELDS ROAD,Non-Injury Crash,No,2020,North,0.0,0.0,Flat,0.0,,0.0,0.0,Dark,1404400.0,0.0,0.0,0.0,2.0,0.0,0.0,,Hawke's Bay Region,Nil,2-way,Sealed,0.0,0.0,0.0,60.0,0.0,On,0.0,0.0,,30.0,Hastings District,Give way,0.0,0.0,0.0,0.0,0.0,0.0,Urban,0.0,0.0,0.0,Fine
497349,1930009.0,5604747.0,548200.0,0.0,0.0,2.0,North,2006/2007,WARREN ST NORTH,HERETAUNGA ST EAST,Non-Injury Crash,No,2007,West,0.0,,Flat,,,,,Bright sun,1493300.0,0.0,0.0,0.0,2.0,0.0,,,Hawke's Bay Region,Nil,2-way,Sealed,0.0,0.0,,50.0,,Null,0.0,0.0,,30.0,Hastings District,Nil,,,,,0.0,0.0,Urban,0.0,,,Fine
408854,1924975.0,5606665.0,548620.0,0.0,0.0,2.0,West,2009/2010,SWANSEA ROAD,PETERHEAD AVENUE,Non-Injury Crash,No,2009,West,0.0,,Flat,,,,,Bright sun,1473700.0,0.0,0.0,0.0,2.0,0.0,,,Hawke's Bay Region,Nil,2-way,Sealed,0.0,0.0,,50.0,,Null,0.0,0.0,,30.0,Hastings District,Nil,,,,,0.0,0.0,Urban,0.0,,,Fine
104793,1930884.0,5603614.0,548300.0,0.0,0.0,1.0,Null,2012/2013,HERETAUNGA ST EAST,NORTON ROAD,Non-Injury Crash,No,2013,South,0.0,,Flat,,,,,Bright sun,1502700.0,0.0,0.0,0.0,2.0,0.0,,,Hawke's Bay Region,Nil,2-way,Sealed,0.0,0.0,,50.0,,Null,0.0,0.0,,30.0,Hastings District,Nil,,,,,1.0,0.0,Urban,0.0,,,Fine
493623,1932510.0463,5610296.5035,545832.0,0.0,0.0,1.0,South,2018/2019,PAKOWHAI ROAD,HODGSON ROAD,Non-Injury Crash,No,2019,South,0.0,0.0,Flat,0.0,,0.0,0.0,Dark,1404100.0,0.0,0.0,0.0,2.0,0.0,0.0,,Hawke's Bay Region,Nil,2-way,Sealed,0.0,0.0,0.0,80.0,0.0,None,0.0,0.0,,30.0,Hastings District,Unknown,0.0,0.0,0.0,0.0,0.0,0.0,Open,0.0,0.0,0.0,Fine
343718,1929483.0,5606870.0,545710.0,0.0,0.0,1.0,North,2011/2012,LYNDHURST ROAD,PAKOWHAI ROAD,Non-Injury Crash,No,2012,South,0.0,,Flat,,,,,Bright sun,1471300.0,0.0,0.0,0.0,2.0,0.0,,,Hawke's Bay Region,Nil,2-way,Sealed,0.0,0.0,,50.0,,Null,0.0,0.0,,30.0,Hastings District,Nil,,,,,0.0,0.0,Urban,1.0,,,Fine
715485,1930161.0,5604861.0,548200.0,0.0,0.0,2.0,Null,2010/2011,AVENUE ROAD EAST,WARREN ST NORTH,Non-Injury Crash,No,2010,West,0.0,,Flat,,,,,Bright sun,1493400.0,0.0,0.0,0.0,2.0,0.0,,,Hawke's Bay Region,Nil,2-way,Sealed,0.0,0.0,,80.0,,Null,0.0,0.0,,30.0,Hastings District,Give way,,,,,0.0,0.0,Open,0.0,,,Fine
379702,1932448.0,5601623.0,548810.0,0.0,0.0,2.0,Null,2017/2018,TE AUTE ROAD,PORTER DRIVE,Non-Injury Crash,No,2017,East,0.0,,Flat,,,,,Bright sun,1505700.0,0.0,0.0,0.0,2.0,0.0,,,Hawke's Bay Region,Nil,1-way,Sealed,0.0,0.0,,50.0,,Null,0.0,0.0,,30.0,Hastings District,Give way,,,,,0.0,0.0,Urban,0.0,,,Fine
300421,1932126.0,5608893.0,545710.0,0.0,0.0,0.0,South,2015/2016,PAKOWHAI ROAD,RUAHAPIA ROAD,Non-Injury Crash,No,2016,South,0.0,,Flat,,,,,Bright sun,1471100.0,0.0,0.0,0.0,2.0,0.0,,,Hawke's Bay Region,Nil,2-way,Sealed,0.0,0.0,,80.0,,Null,0.0,0.0,30.0,30.0,Hastings District,Unknown,,,,,1.0,0.0,Open,1.0,,,Fine
505881,1928437.0,5614102.0,545831.0,0.0,0.0,1.0,North,2015/2016,OMARUNUI ROAD,SH 50,Non-Injury Crash,No,2015,West,0.0,0.0,Flat,0.0,,0.0,0.0,Dark,1409400.0,0.0,0.0,0.0,2.0,0.0,0.0,,Hawke's Bay Region,Nil,2-way,Sealed,0.0,0.0,0.0,100.0,0.0,None,0.0,0.0,,30.0,Hastings District,Unknown,0.0,0.0,0.0,0.0,0.0,0.0,Open,0.0,0.0,0.0,Fine
698561,1928436.0,5603458.0,545761.0,0.0,0.0,1.0,Null,2000/2001,RAILWAY ROAD SOUTH,TOLLEMACHE ROAD EAST,Non-Injury Crash,No,2001,South,0.0,,Flat,,,,,Bright sun,1469100.0,0.0,0.0,0.0,2.0,0.0,,,Hawke's Bay Region,Nil,2-way,Sealed,0.0,0.0,,100.0,,Null,0.0,0.0,,30.0,Hastings District,Stop,,,,,0.0,0.0,Open,1.0,,,Fine
241509,1929634.0,5605762.0,548200.0,0.0,0.0,2.0,Null,2013/2014,ST AUBYN ST WEST,TOMOANA ROAD,Minor Crash,No,2014,North,0.0,0.0,Flat,0.0,,0.0,1.0,Dark,1490300.0,1.0,0.0,0.0,3.0,0.0,0.0,,Hawke's Bay Region,Nil,2-way,Sealed,0.0,0.0,0.0,50.0,0.0,On,0.0,0.0,,30.0,Hastings District,Traffic Signals,0.0,1.0,0.0,0.0,0.0,0.0,Urban,0.0,0.0,0.0,Fine
693773,1932765.0,5601858.0,548831.0,0.0,0.0,1.0,South,2004/2005,NAPIER ROAD,KARANEMA DRIVE,Serious Crash,No,2005,South,0.0,,Flat,,,,,Twilight,1509700.0,0.0,1.0,0.0,2.0,0.0,,,Hawke's Bay Region,Nil,2-way,Sealed,0.0,1.0,,50.0,,On,0.0,0.0,,30.0,Hastings District,Nil,,,,,0.0,0.0,Urban,0.0,,,Fine
72110,1912370.0,5586759.0,545851.0,0.0,0.0,0.0,North,2011/2012,SH 2,TE ONEPU ROAD,Non-Injury Crash,Yes,2012,North,0.0,0.0,Hill Road,0.0,,0.0,0.0,Overcast,1464600.0,0.0,0.0,0.0,3.0,0.0,0.0,,Hawke's Bay Region,Nil,2-way,Sealed,0.0,0.0,0.0,100.0,0.0,Null,0.0,0.0,,30.0,Hastings District,Nil,0.0,0.0,0.0,0.0,1.0,0.0,Open,0.0,0.0,0.0,Heavy rain
149153,1919453.0,5646092.0,545811.0,0.0,0.0,1.0,South,2004/2005,SH 5,OLD TAUPO COACH ROAD,Non-Injury Crash,Yes,2005,South,0.0,,Hill Road,,,,,Overcast,1414600.0,0.0,0.0,0.0,2.0,0.0,,,Hawke's Bay Region,Nil,2-way,Sealed,0.0,0.0,,100.0,,Null,0.0,0.0,,30.0,Hastings District,Nil,,,,,0.0,0.0,Open,1.0,,,Light rain
270687,1930127.0,5603997.0,548300.0,0.0,0.0,2.0,Null,2004/2005,RIVERSLEA ROAD SOUTH,BULLER ST,Non-Injury Crash,No,2005,South,0.0,,Flat,,,,,Dark,1501600.0,0.0,0.0,0.0,2.0,0.0,,,Hawke's Bay Region,Nil,2-way,Sealed,0.0,0.0,,50.0,,On,0.0,0.0,,30.0,Hastings District,Nil,,,,,0.0,0.0,Urban,0.0,,,Null
272615,1935297.0,5653433.0,545911.0,0.0,0.0,2.0,North,2001/2002,SH 2,WAIKOAU ROAD,Non-Injury Crash,Yes,2002,North,0.0,1.0,Flat,0.0,,0.0,0.0,Bright sun,1415200.0,0.0,0.0,0.0,2.0,0.0,0.0,,Hawke's Bay Region,Nil,2-way,Sealed,0.0,0.0,0.0,100.0,0.0,Null,0.0,0.0,,30.0,Hastings District,Nil,0.0,0.0,0.0,0.0,0.0,0.0,Open,0.0,0.0,0.0,Fine
735186,1910680.0,5669750.0,545911.0,0.0,0.0,2.0,North,2017/2018,SH 5,BAKERS CULV,Non-Injury Crash,Yes,2017,North,0.0,,Flat,,,,,Overcast,1281200.0,0.0,0.0,0.0,2.0,0.0,,,Hawke's Bay Region,Nil,2-way,Sealed,0.0,0.0,,100.0,,Null,0.0,0.0,,30.0,Hastings District,Unknown,,,,,0.0,0.0,Open,0.0,,,Fine
569637,1931688.0,5605956.0,545721.0,0.0,0.0,2.0,Null,2015/2016,SH 2,KENILWORTH ROAD,Non-Injury Crash,Yes,2016,South,0.0,,Flat,,,,,Overcast,1471700.0,0.0,0.0,0.0,2.0,0.0,,,Hawke's Bay Region,Nil,2-way,Sealed,0.0,0.0,,50.0,,Off,0.0,0.0,,30.0,Hastings District,Give way,,,,,0.0,0.0,Urban,1.0,,,Light rain
390384,1929840.0,5605090.0,548200.0,0.0,0.0,1.0,Null,2002/2003,MARKET ST NORTH,QUEEN ST WEST,Minor Crash,No,2002,North,0.0,,Flat,,,,,Bright sun,1491300.0,1.0,0.0,0.0,3.0,0.0,,1.0,Hawke's Bay Region,Nil,2-way,Sealed,0.0,0.0,,50.0,,Null,0.0,0.0,,30.0,Hastings District,Traffic Signals,,,,,0.0,0.0,Urban,0.0,,,Light rain
235125,1934094.0,5594254.0,545860.0,0.0,0.0,1.0,East,2018/2019,KAHURANAKI ROAD,RARATU ROAD,Non-Injury Crash,No,2018,North,0.0,0.0,Hill Road,0.0,,0.0,1.0,Overcast,1467400.0,0.0,0.0,0.0,2.0,0.0,0.0,,Hawke's Bay Region,Nil,2-way,Sealed,0.0,0.0,0.0,100.0,0.0,Null,0.0,0.0,,30.0,Hastings District,Unknown,0.0,0.0,0.0,0.0,0.0,0.0,Open,0.0,0.0,0.0,Fine
112855,1929742.0,5614618.0,545831.0,0.0,0.0,2.0,East,2002/2003,WAIOHIKI ROAD,VICTORIA LANE,Minor Crash,No,2002,South,0.0,,Flat,,,,,Overcast,1404600.0,2.0,0.0,0.0,2.0,0.0,,,Hawke's Bay Region,Nil,2-way,Sealed,0.0,0.0,,70.0,,Null,0.0,0.0,,30.0,Hastings District,Nil,,,,,0.0,0.0,Urban,0.0,,,Fine
581753,1930724.0,5603786.0,548100.0,0.0,0.0,2.0,Null,2012/2013,HERETAUNGA ST EAST,TERRACE ROAD,Non-Injury Crash,No,2013,North,0.0,,Flat,,,,,Dark,1501400.0,0.0,0.0,0.0,2.0,0.0,,,Hawke's Bay Region,Nil,2-way,Sealed,0.0,0.0,,50.0,,On,0.0,0.0,,30.0,Hastings District,Give way,,,,,0.0,0.0,Urban,0.0,,,Fine
87583,1932371.0,5602044.0,548831.0,0.0,0.0,1.0,Null,2003/2004,HAVELOCK ROAD,KARANEMA DRIVE,Non-Injury Crash,No,2003,East,0.0,,Flat,,,,,Overcast,1509100.0,0.0,0.0,0.0,2.0,0.0,,,Hawke's Bay Region,Nil,2-way,Sealed,0.0,0.0,,50.0,,Null,0.0,0.0,,30.0,Hastings District,Give way,,,,,0.0,0.0,Urban,0.0,,,Light rain
7787,1928708.0,5606203.0,548500.0,0.0,0.0,1.0,South,2002/2003,MARAEKAKAHO ROAD,PAKOWHAI ROAD,Non-Injury Crash,No,2003,North,0.0,0.0,Flat,0.0,,0.0,0.0,Overcast,1478800.0,0.0,0.0,1.0,2.0,0.0,0.0,,Hawke's Bay Region,Nil,2-way,Sealed,0.0,0.0,0.0,50.0,0.0,Null,0.0,0.0,,30.0,Hastings District,Nil,0.0,0.0,0.0,0.0,0.0,0.0,Urban,0.0,1.0,0.0,Light rain
343517,1921284.0,5595172.0,545851.0,0.0,0.0,1.0,West,2016/2017,SH 2,TE MAHANGA ROAD,Minor Crash,Yes,2017,North,0.0,1.0,Hill Road,0.0,,0.0,0.0,Bright sun,1463900.0,1.0,0.0,0.0,2.0,0.0,0.0,,Hawke's Bay Region,Nil,2-way,Sealed,0.0,0.0,0.0,100.0,0.0,Null,1.0,0.0,,30.0,Hastings District,Unknown,0.0,0.0,0.0,0.0,0.0,0.0,Open,0.0,0.0,0.0,Fine
289865,1929922.0,5603563.0,548300.0,0.0,0.0,1.0,East,2002/2003,CLIVE ST,RIVERSLEA ROAD SOUTH,Non-Injury Crash,No,2003,East,0.0,0.0,Flat,0.0,,0.0,0.0,Overcast,1504100.0,0.0,0.0,0.0,2.0,0.0,1.0,,Hawke's Bay Region,Nil,2-way,Sealed,0.0,0.0,0.0,50.0,0.0,Null,0.0,0.0,,30.0,Hastings District,Nil,0.0,0.0,0.0,0.0,0.0,0.0,Urban,1.0,0.0,0.0,Fine
612231,1934240.0,5607461.0,545722.0,0.0,0.0,2.0,Null,2017/2018,SH 2,PILCHER ROAD,Minor Crash,Yes,2017,North,0.0,,Flat,,,,,Overcast,1406300.0,1.0,0.0,0.0,2.0,0.0,,,Hawke's Bay Region,Nil,2-way,Sealed,0.0,0.0,,80.0,,Null,0.0,0.0,30.0,30.0,Hastings District,Give way,,,,,0.0,0.0,Open,0.0,,,Fine
227501,1931596.8604,5604691.7203,548100.0,0.0,0.0,0.0,Null,2020/2021,GROVE ROAD,JELLICOE STREET,Non-Injury Crash,No,2020,North,0.0,,Flat,,,,,Bright sun,1499900.0,0.0,0.0,0.0,2.0,0.0,,,Hawke's Bay Region,Nil,2-way,Sealed,0.0,0.0,,50.0,,Off,2.0,0.0,,30.0,Hastings District,Give way,,,,,0.0,0.0,Urban,0.0,,,Fine
118508,1930485.0,5606405.0,547600.0,0.0,0.0,2.0,Null,2002/2003,TOMOANA ROAD,FREDERICK ST,Non-Injury Crash,No,2003,South,0.0,,Flat,,,,,Overcast,1483800.0,0.0,0.0,0.0,2.0,0.0,,,Hawke's Bay Region,Nil,2-way,Sealed,0.0,0.0,,50.0,,Null,0.0,0.0,,30.0,Hastings District,Traffic Signals,,,,,0.0,0.0,Urban,0.0,,,Fine
445308,1932202.0,5603281.0,545721.0,0.0,0.0,0.0,Null,2014/2015,ADA ST,ST GEORGES ROAD,Non-Injury Crash,No,2014,South,0.0,,Flat,,,,,Bright sun,1472801.0,0.0,0.0,1.0,2.0,0.0,,,Hawke's Bay Region,Nil,2-way,Sealed,0.0,0.0,,80.0,,Null,0.0,0.0,,30.0,Hastings District,Stop,,,,,1.0,0.0,Open,0.0,,,Fine
291841,1925276.0,5606831.0,548620.0,0.0,0.0,2.0,South,2006/2007,BRISTOL CRESCENT,SWANSEA ROAD,Non-Injury Crash,No,2006,West,0.0,0.0,Flat,0.0,,0.0,0.0,Dark,1476500.0,0.0,0.0,0.0,2.0,0.0,1.0,,Hawke's Bay Region,Nil,2-way,Sealed,0.0,0.0,0.0,50.0,0.0,On,0.0,0.0,,30.0,Hastings District,Nil,0.0,0.0,0.0,0.0,0.0,0.0,Urban,0.0,0.0,0.0,Light rain
445689,1898329.0,5594788.0,545841.0,0.0,0.0,1.0,North,2010/2011,SH 50,MANGA-O-NUKU NO3 BR,Non-Injury Crash,Yes,2011,South,0.0,1.0,Flat,0.0,,0.0,0.0,Dark,1462600.0,0.0,0.0,0.0,2.0,0.0,0.0,,Hawke's Bay Region,Nil,2-way,Sealed,0.0,0.0,0.0,100.0,0.0,On,0.0,0.0,,30.0,Hastings District,Nil,0.0,0.0,0.0,0.0,0.0,0.0,Open,0.0,0.0,0.0,Light rain
690092,1910514.0,5664311.0,545911.0,0.0,0.0,0.0,North,2014/2015,SH 5,TE HAROTO ROAD,Minor Crash,Yes,2014,South,0.0,0.0,Hill Road,0.0,,0.0,0.0,Overcast,1414400.0,1.0,0.0,0.0,2.0,0.0,0.0,,Hawke's Bay Region,Nil,2-way,Sealed,0.0,0.0,0.0,100.0,0.0,Null,0.0,0.0,,30.0,Hastings District,Unknown,0.0,0.0,0.0,0.0,0.0,0.0,Open,1.0,0.0,0.0,Light rain
659268,1931577.0,5602876.0,545721.0,0.0,0.0,2.0,Null,2005/2006,HAVELOCK ROAD,ST GEORGES ROAD,Minor Crash,No,2005,East,0.0,,Flat,,,,,Bright sun,1473000.0,2.0,0.0,0.0,2.0,0.0,,,Hawke's Bay Region,Nil,2-way,Sealed,0.0,0.0,,70.0,,Null,0.0,0.0,,30.0,Hastings District,Give way,,,,,0.0,0.0,Urban,0.0,,,Fine
415071,1929948.0,5605347.0,548200.0,0.0,0.0,2.0,Null,2009/2010,ST AUBYN ST WEST,KING ST NORTH,Non-Injury Crash,No,2010,South,0.0,,Flat,,,,,Bright sun,1491500.0,0.0,0.0,0.0,2.0,0.0,,,Hawke's Bay Region,Nil,2-way,Sealed,0.0,0.0,,50.0,,Null,0.0,0.0,,30.0,Hastings District,Give way,,,,,0.0,0.0,Urban,0.0,,,Fine
207962,1921747.0,5586614.0,545851.0,0.0,0.0,0.0,South,2000/2001,MIDDLE ROAD,ROWE ROAD,Non-Injury Crash,No,2000,North,0.0,1.0,Hill Road,0.0,,0.0,0.0,Overcast,1466102.0,0.0,0.0,1.0,2.0,0.0,0.0,,Hawke's Bay Region,Nil,2-way,Sealed,0.0,0.0,0.0,100.0,0.0,Null,0.0,0.0,,30.0,Hastings District,Nil,0.0,0.0,0.0,0.0,0.0,0.0,Open,0.0,0.0,0.0,Fine
650891,1929137.0,5605815.0,547700.0,0.0,0.0,2.0,Null,2012/2013,HERETAUNGA ST WEST,GRAYS ROAD,Non-Injury Crash,No,2012,North,0.0,,Flat,,,,,Overcast,1487300.0,0.0,0.0,0.0,2.0,0.0,,,Hawke's Bay Region,Nil,2-way,Sealed,0.0,0.0,,50.0,,Null,0.0,0.0,,30.0,Hastings District,Give way,,,,,0.0,0.0,Urban,0.0,,,Fine
79132,1931631.0,5601486.0,545762.0,0.0,0.0,1.0,West,2003/2004,TE AUTE ROAD,LIPSCOMBE CRESCENT W,Non-Injury Crash,No,2004,East,0.0,0.0,Flat,0.0,,0.0,0.0,Dark,1465200.0,0.0,0.0,0.0,2.0,0.0,0.0,,Hawke's Bay Region,Nil,2-way,Sealed,0.0,0.0,0.0,50.0,0.0,On,0.0,0.0,,30.0,Hastings District,Nil,0.0,0.0,0.0,1.0,0.0,0.0,Urban,0.0,0.0,0.0,Fine
741387,1928880.0,5606156.0,547700.0,0.0,0.0,3.0,Null,2004/2005,HERETAUNGA ST WEST,STORTFORD ST,Non-Injury Crash,No,2004,North,0.0,,Flat,,,,,Bright sun,1486600.0,0.0,0.0,0.0,2.0,0.0,,,Hawke's Bay Region,Nil,2-way,Sealed,0.0,0.0,,50.0,,Null,0.0,0.0,,30.0,Hastings District,Stop,,,,,0.0,0.0,Urban,0.0,,,Fine
556589,1929497.0,5614300.0,545831.0,0.0,0.0,1.0,East,2014/2015,WAIOHIKI ROAD,SH 50,Non-Injury Crash,No,2014,West,0.0,1.0,Flat,0.0,,0.0,0.0,Dark,1409400.0,0.0,0.0,0.0,2.0,0.0,0.0,,Hawke's Bay Region,Nil,2-way,Sealed,0.0,0.0,0.0,70.0,0.0,On,0.0,0.0,,30.0,Hastings District,Unknown,0.0,0.0,0.0,0.0,0.0,0.0,Urban,0.0,0.0,0.0,Light rain
36768,1929577.0,5603580.0,548300.0,0.0,0.0,1.0,Null,2001/2002,RIVERSLEA ROAD SOUTH,COPELAND ROAD,Non-Injury Crash,No,2001,North,0.0,1.0,Flat,0.0,,0.0,0.0,Dark,1503800.0,0.0,0.0,0.0,2.0,0.0,0.0,,Hawke's Bay Region,Nil,2-way,Sealed,0.0,0.0,0.0,50.0,0.0,On,0.0,0.0,,30.0,Hastings District,Give way,0.0,0.0,0.0,0.0,0.0,0.0,Urban,0.0,0.0,0.0,Fine
648411,1936553.0,5654248.0,545911.0,0.0,0.0,0.0,South,2005/2006,SH 2,SANDY CREEK ROAD,Serious Crash,Yes,2006,South,0.0,1.0,Flat,0.0,,0.0,0.0,Overcast,1415200.0,0.0,1.0,0.0,2.0,0.0,0.0,,Hawke's Bay Region,Nil,2-way,Sealed,0.0,1.0,0.0,100.0,0.0,Null,0.0,0.0,,30.0,Hastings District,Nil,0.0,0.0,0.0,0.0,0.0,0.0,Open,0.0,0.0,0.0,Fine
517982,1936923.0,5609072.0,545722.0,0.0,0.0,1.0,West,2016/2017,LAWN ROAD,MILL ROAD,Minor Crash,No,2017,East,0.0,,Flat,,,,,Overcast,1406300.0,2.0,0.0,0.0,2.0,0.0,,,Hawke's Bay Region,Nil,2-way,Sealed,0.0,0.0,,100.0,,Null,1.0,0.0,,30.0,Hastings District,Unknown,,,,,0.0,0.0,Open,0.0,,,Fine
113949,1929163.0,5606287.0,547700.0,0.0,0.0,2.0,South,2008/2009,NIKAU ST,ST AUBYN ST WEST,Non-Injury Crash,No,2009,South,0.0,0.0,Flat,0.0,,0.0,0.0,Overcast,1486100.0,0.0,0.0,0.0,2.0,0.0,1.0,,Hawke's Bay Region,Nil,2-way,Sealed,0.0,0.0,0.0,50.0,0.0,Null,0.0,0.0,,30.0,Hastings District,Nil,0.0,0.0,0.0,0.0,0.0,0.0,Urban,0.0,0.0,0.0,Light rain
545847,1933106.0,5601629.0,548832.0,0.0,0.0,2.0,Null,2005/2006,DUART ROAD,CAMPBELL ST,Non-Injury Crash,No,2005,North,0.0,,Hill Road,,,,,Twilight,1508600.0,0.0,0.0,0.0,2.0,0.0,,,Hawke's Bay Region,Nil,2-way,Sealed,0.0,0.0,,50.0,,Off,0.0,0.0,,30.0,Hastings District,Give way,,,,,0.0,0.0,Urban,0.0,,,Fine
160466,1927501.0,5603870.0,545761.0,0.0,0.0,1.0,Null,2017/2018,HEATHCOTE ROAD,SOUTHLAND ROAD,Non-Injury Crash,No,2018,North,0.0,0.0,Flat,0.0,,0.0,0.0,Dark,1468801.0,0.0,0.0,0.0,2.0,0.0,0.0,,Hawke's Bay Region,Nil,2-way,Sealed,0.0,0.0,0.0,100.0,0.0,None,0.0,0.0,,30.0,Hastings District,Give way,0.0,0.0,0.0,0.0,0.0,0.0,Open,0.0,0.0,0.0,Mist or Fog
33493,1927456.0,5605251.0,545761.0,0.0,0.0,2.0,North,2003/2004,MARAEKAKAHO ROAD,SH 50A,Non-Injury Crash,No,2003,North,0.0,,Flat,,,,,Overcast,1468801.0,0.0,0.0,0.0,2.0,0.0,,,Hawke's Bay Region,Nil,2-way,Sealed,0.0,0.0,,70.0,,Null,0.0,0.0,,30.0,Hastings District,Nil,,,,,0.0,0.0,Urban,0.0,,,Fine
144650,1931730.0,5601503.0,548810.0,0.0,0.0,0.0,Null,2008/2009,TE AUTE ROAD,LIPSCOMBE CRESCENT W,Non-Injury Crash,No,2009,East,0.0,,Flat,,,,,Twilight,1505400.0,0.0,0.0,0.0,2.0,0.0,,,Hawke's Bay Region,Nil,2-way,Sealed,0.0,0.0,,50.0,,Off,2.0,0.0,,30.0,Hastings District,Nil,,,,,0.0,0.0,Urban,0.0,,,Fine
130850,1923817.0,5612266.0,545821.0,0.0,0.0,1.0,East,2016/2017,SH 50,HAKIWAI ROAD,Non-Injury Crash,Yes,2017,West,0.0,,Flat,,Queens Birthday,,,Bright sun,1408600.0,0.0,0.0,0.0,2.0,0.0,,,Hawke's Bay Region,Nil,2-way,Sealed,0.0,0.0,,100.0,,Null,0.0,0.0,,30.0,Hastings District,Nil,,,,,0.0,0.0,Open,1.0,,,Fine
588092,1931543.0,5602894.0,545762.0,0.0,0.0,1.0,Null,2016/2017,ST GEORGES ROAD,HAVELOCK ROAD,Non-Injury Crash,No,2017,West,0.0,1.0,Flat,0.0,,0.0,0.0,Dark,1468500.0,0.0,0.0,0.0,2.0,0.0,0.0,,Hawke's Bay Region,Nil,2-way,Sealed,0.0,0.0,0.0,70.0,0.0,On,0.0,0.0,,30.0,Hastings District,Give way,0.0,0.0,0.0,0.0,0.0,0.0,Urban,0.0,0.0,0.0,Heavy rain
330192,1928453.0,5603438.0,545762.0,0.0,0.0,2.0,Null,2007/2008,TOLLEMACHE ROAD WEST,TOLLEMACHE ROAD,Non-Injury Crash,No,2007,West,0.0,,Flat,,,,,Dark,1468200.0,0.0,0.0,0.0,2.0,0.0,,,Hawke's Bay Region,Nil,2-way,Sealed,0.0,0.0,,100.0,,None,0.0,0.0,,30.0,Hastings District,Stop,,,,,0.0,0.0,Open,0.0,,,Fine
360585,1929764.0,5604384.0,548200.0,1.0,0.0,0.0,Null,2012/2013,SOUTHAMPTON ST EAST,HASTINGS ST SOUTH,Non-Injury Crash,No,2013,North,0.0,,Flat,,,,,Overcast,1493000.0,0.0,0.0,0.0,2.0,0.0,,,Hawke's Bay Region,Nil,2-way,Sealed,0.0,0.0,,50.0,,Null,1.0,0.0,,30.0,Hastings District,Give way,,,,,0.0,0.0,Urban,0.0,,,Fine